,smiles,Standard Value
0,C#CCN(Cc1cc2c(O)nc(C)nc2cc1C)c1ccc(C(=O)NCc2cccc([N+](=O)[O-])c2)c(F)c1,2.0
1,C#CCN(Cc1ccc2nc(C)nc(O)c2c1)c1ccc(C(=O)NCc2cccc(C#N)c2)cc1,2.3010299956639813
2,C#CCN(Cc1ccc2nc(C)nc(O)c2c1)c1ccc(S(=O)(=O)c2ccccc2)cc1,2.0
3,C#CCN(Cc1ccc2nc(CO)nc(O)c2c1)c1ccc(C(=O)NCc2cccc([N+](=O)[O-])c2)cc1,2.6020599913279625
4,C#CCN(Cc1ccc2nc(CSc3nccc(O)n3)nc(O)c2c1)c1ccc(C(=O)NCc2cccc([N+](=O)[O-])c2)cc1,2.3010299956639813
5,C#Cc1cccc(Nc2ncnc3cc(OCCOC)c(OCCOC)cc23)c1,3.6232492903979
6,C=CC(=O)Nc1cc2c(Nc3ccc(F)c(Cl)c3)ncnc2cc1OCCCN1CCOCC1,2.903089986991944
7,C=CC(=O)Nc1ccc2ncnc(Nc3cccc(C)c3)c2c1,4.220108088040055
8,C=CC(=O)Nc1cccc(Oc2nc(Nc3ccc(N4CCN(C)CC4)cc3OC)ncc2Cl)c1,3.0
9,C=CCN(C(=O)NCc1ccc(OC)cc1)C1CCN(CCC(c2ccccc2)c2ccccc2)CC1,4.729974285699556
10,C=CCN(C(=O)NCc1cccc(C)c1)C1CCN(CCC(c2ccccc2)c2ccccc2)CC1,3.959041392321093
11,C=CCN(C(=O)Nc1ccccc1)C1CCN(CCC(c2ccccc2)c2ccccc2)CC1,4.459392487759231
12,C=CCOc1cc(-c2cccc3c(=O)cc(N4CCOCC4)oc23)ccc1NC(=O)CN1CCOCC1,3.6720978579357175
13,C=C[C@H]1CN2CC[C@H]1C[C@H]2[C@H](O)c1ccnc2ccc(OC)cc12,6.159988050381987
14,CC#CC(=O)Nc1ccc2ncnc(Nc3cccc(Br)c3)c2c1,2.903089986991944
15,CC#C[C@]1(O)CC[C@H]2[C@@H]3CCC4=CC(=O)CCC4=C3[C@@H](c3ccc(N(C)C)cc3)C[C@@]21C,3.278753600952829
16,CC#Cc1cncc(-c2cccc([C@@]3(c4cc(C)c(=O)n(CC)c4)N=C(N)c4c(F)cccc43)c2)c1,4.9599948383284165
17,CC(=O)N(C1=C(NCCO)C(=O)c2ccccc2C1=O)c1cccc(Br)c1,4.068185861746161
18,CC(=O)N1CCC(NC(=O)c2ccc(Oc3ccc(C#C[C@]4(O)CN5CCC4CC5)cc3)cc2)CC1,5.810030786405839
19,CC(=O)N1CCC(n2cc(-c3cnc(N)c(-c4nc5ccccc5o4)c3)cn2)CC1,3.230448921378274
20,CC(=O)N1CCN(CC(O)CN2CCN(CCc3c(-c4cc(C)cc(C)c4)[nH]c4sc(C(C)(C)C(=O)N5C6CCC5CC6)cc34)CC2)CC1,5.330007700872759
21,CC(=O)N1CCN(CCOc2cc(OC(C)C)c3c(Nc4c(F)ccc5c4OCO5)ncnc3c2)CC1,4.439332693830263
22,CC(=O)N1CCN(CCOc2ccc(C3(O)CCN(c4ccc5nnc(C(F)(F)F)n5n4)CC3)cc2)CC1,5.229937685907934
23,CC(=O)N1CCN(CCOc2ccc(C3CCN(c4ccc5nnc(C(F)(F)F)n5n4)CC3)cc2)CC1,3.7323937598229686
24,CC(=O)N1CCN(c2ccc(NC(=O)c3nnc(Nc4ccccc4F)o3)cc2)CC1,3.792391689498254
25,CC(=O)N1CCN(c2ccc(Nc3nccc(-c4cnc(C)n4C(C)C)n3)cc2)CC1,5.169968173996892
26,CC(=O)N1CCN(c2ccc(Nc3nccc(-c4cnc5ccccn45)n3)cc2)CC1,3.929418925714293
27,CC(=O)N1CCN(c2ccc(OCC3COC(Cn4ccnc4)(c4ccc(Cl)cc4Cl)O3)cc2)CC1,3.792391689498254
28,CC(=O)NC1CCN(C(=O)CN2CCN(CCc3c(-c4cc(C)cc(C)c4)[nH]c4sc(C(C)(C)C(=O)N5C6CCC5CC6)cc34)CC2)C1,5.030194785356751
29,CC(=O)NC1CN(c2ccc(Nc3ncc(F)c(-c4cnc(C)n4C(C)C)n3)cc2)C1,5.07990446766672
30,CC(=O)N[C@@H]1CCN(c2ccc(Nc3ncc(F)c(-c4cnc(C)n4C(C)C)n3)cc2)C1,3.9395192526186182
31,CC(=O)Nc1cc(CN2C(=O)N(c3ccc(SC(F)(F)F)cc3)C(=O)C2(C)C)ccn1,4.12057393120585
32,CC(=O)Nc1ccc(-c2ccccc2)cc1,4.899820502427096
33,CC(=O)Nc1ccc(Br)cc1,5.920018916028915
34,CC(=O)Nc1ccc(C(=O)Nc2ccccc2N)cc1,5.800029359244134
35,CC(=O)Nc1ccc(CNc2[nH]nc3cccc(Oc4ccc(S(C)(=O)=O)cc4)c23)cc1,3.633468455579586
36,CC(=O)Nc1ccc2nc(-c3cccc(F)c3)cc(O)c2c1,4.389166084364533
37,CC(=O)Nc1nc(-c2ccc(Br)s2)cs1,3.342422680822206
38,CC(=O)Nc1nc(-c2ccccc2)ns1,5.260071387985075
39,CC(=O)Nc1nc(-c2cccs2)cs1,5.0
40,CC(=O)Nc1nc2c(s1)C(=O)NCCC2,6.130011949671904
41,CC(=O)OCCn1c(Sc2nc3cccc(Cl)c3s2)nc2c(N)ncnc21,3.6020599913279625
42,CC(=O)[C@H]1CC[C@H]2[C@@H]3CCC4=CC(=O)CC[C@]4(C)[C@H]3CC[C@]12C,4.570542939881897
43,CC(=O)c1ccc2[nH]c(-c3cccnc3)cc(=O)c2c1,5.100025730107863
44,CC(=O)c1noc(C)c1C(=O)Nc1nccs1,4.670245853074124
45,CC(=O)n1c2ccccc2c2cc(NC(=O)CCc3ccncc3)ccc21,3.322219294733919
46,CC(C(=O)N1CCc2ccccc2C1)N1C(=O)c2ccccc2C1=O,5.109915863023793
47,CC(C)(C(=O)Nc1nnc(C(=O)Nc2ccc(N3CCOCC3)cc2)o1)c1ccc(Cl)cc1,5.299942900022767
48,CC(C)(C)C(O)C(Cc1ccccc1Cl)n1cncn1,5.599992177584098
49,CC(C)(C)CNCCn1c(Sc2nc3cccc(Cl)c3s2)nc2c(N)ncnc21,2.6989700043360187
50,CC(C)(C)Cn1c(CN2C(=O)CC3(CCNCC3)C2=O)cc2cnc(C#N)nc21,5.759969857554308
51,CC(C)(C)Cn1c2ccccc2c2cc(NC(=O)N3CCOCC3)ccc21,2.0
52,CC(C)(C)NC(=O)Nc1ccc(-c2c(N)nc(N)nc2COCc2ccccc2)cc1,5.63002085111341
53,CC(C)(C)NC(=O)[C@@H]1C[C@@H]2CCCC[C@@H]2CN1C[C@@H](O)[C@H](Cc1ccccc1)NC(=O)[C@H](CC(N)=O)NC(=O)c1ccc2ccccc2n1,4.559906625036112
54,CC(C)(C)NC(=O)c1ccc(Oc2cc(F)c(CC(=O)O)cc2Cl)c(NS(=O)(=O)c2ccc(C3CC3)cc2Cl)c1,5.929980590515514
55,CC(C)(C)NS(=O)(=O)c1cncc(-c2ccc3nc(N)nn3c2)c1,4.800029359244134
56,CC(C)(C)NS(=O)(=O)c1cncc(-c2ccc3nc(NC(=O)NCC(=O)N4CCCC4)nn3c2)c1,3.8195439355418688
57,CC(C)(C)NS(=O)(=O)c1cncc(-c2ccc3nc(NC(=O)NCC(=O)N4CCOCC4)nn3c2)c1,4.729974285699556
58,CC(C)(C)OC(=O)N1CCC(OCc2nc(-c3ccncc3)no2)CC1,5.43007505555194
59,CC(C)(C)OC(=O)N1CCC(c2ncc(OCc3ccc(S(C)(=O)=O)cc3)cn2)CC1,4.790285164033242
60,CC(C)(C)OC(=O)N1CCC[C@H]1C(=O)Nc1ccc(Br)cc1,4.369215857410143
61,CC(C)(C)OC(=O)N1CCN(c2ccc(OCc3ccc(S(C)(=O)=O)cc3)cn2)CC1,3.0
62,CC(C)(C)OC(=O)N1CCN(c2cnc(OCc3ccc(S(C)(=O)=O)cc3)cn2)CC1,3.6720978579357175
63,CC(C)(C)OC(=O)N1CCN(c2ncc(OCc3c(F)cncc3F)cn2)CC1,4.060697840353612
64,CC(C)(C)OC(=O)N1CCN(c2ncc(OCc3ccc(S(C)(=O)=O)cc3)cn2)C(C)(C)C1,3.230448921378274
65,CC(C)(C)OC(=O)N1CCN(c2ncc(OCc3ccc(S(C)(=O)=O)cc3)cn2)CC1,3.505149978319906
66,CC(C)(C)OC(=O)N1CCN(c2ncc(OCc3ccncc3)cn2)CC1,4.350248018334163
67,CC(C)(C)OC(=O)N1CCN(c2ncc(OCc3ccncc3C#N)cn2)CC1,4.510545010206612
68,CC(C)(C)OC(=O)N1CCN(c2ncc(OCc3ccncc3F)cn2)CC1,3.707570176097936
69,CC(C)(C)OC(=O)N1CCN(c2ncc(OCc3ccncc3S(C)(=O)=O)cn2)CC1,3.838849090737255
70,CC(C)(C)OC(=O)N1C[C@@H]2CC[C@H]1CN2c1ncc(OCc2ccc(S(C)(=O)=O)cc2)cn1,3.851258348719076
71,CC(C)(C)[C@@H](C#N)NC(=O)[C@@H]1CCCC[C@H]1C(=O)N1CCc2[nH]c3ccc(F)cc3c2C1,4.869818207979328
72,CC(C)(C)c1cc(=O)n(-c2ccccc2)[nH]1,5.84997191232885
73,CC(C)(C)c1cc2nc3c(c(O)n2n1)CN(Cc1ccccc1)C3=O,4.399673721481038
74,CC(C)(C)c1ccc(C(O)CCCN2CCC(C(O)(c3ccccc3)c3ccccc3)CC2)cc1,3.7323937598229686
75,CC(C)(C)c1csc(N2CCN(C(=O)[C@@H]3CCCC[C@H]3C(=O)NC3(C#N)CC3)CC2)n1,5.449940988773338
76,CC(C)(Cc1cccc(CC(=O)NCc2cccc(-c3ccc(O)cc3)c2)c1)NC[C@H](O)c1ccc(O)c(NS(C)(=O)=O)c1,4.759667844689631
77,CC(C)(O)C(=O)Nc1ccc([N+](=O)[O-])c(C(F)(F)F)c1,5.660011221289331
78,CC(C)(O)c1ccccc1CC[C@@H](SCC1(CC(=O)O)CC1)c1cccc(/C=C/c2ccc3ccc(Cl)cc3n2)c1,2.9542425094393248
79,CC(C)/N=c1\cc2n(-c3ccc(Cl)cc3)c3ccccc3nc-2cc1Nc1ccc(Cl)cc1,2.845098040014257
80,CC(C)C(=O)Nc1ccc(-c2sc3c(c2CN(C)Cc2ccccc2)c(=O)c(C(=O)c2ccccc2)cn3Cc2c(F)cccc2F)cc1,3.832508912706236
81,CC(C)C(=O)Nc1ccc([N+](=O)[O-])c(C(F)(F)F)c1,4.949877704036875
82,CC(C)C(NC(=O)c1cnoc1C(C)(C)C)C(=O)c1ccc(C#N)cc1,4.301029995663981
83,CC(C)CC(C(=O)NCC(=O)CNS(=O)(=O)c1ccccn1)c1cccc(-c2ccccc2)c1,3.0791812460476247
84,CC(C)CCn1c(Cn2c(=O)n(C3CC3)c(=O)c3ccccc32)nc2cc(CN)ccc21,4.850033257689769
85,CC(C)CNc1nc(C#N)nc(N2CCOCC2)c1N,4.850033257689769
86,CC(C)COc1cc(-c2cccc3c(=O)cc(N4CCOCC4)oc23)ccc1NC(=O)CN1CCOCC1,3.544068044350276
87,CC(C)COc1cc(OC(C)C)cc(C(=O)Nc2ccc(C(=O)O)cn2)c1,5.279894980011638
88,CC(C)C[C@H](NC(=O)N1CCOCC1)C(=O)N[C@H](/C=C/S(=O)(=O)c1ccccc1)CCc1ccccc1,4.230448921378274
89,CC(C)C[C@H](N[C@@H](c1ccc(-c2ccc(S(C)(=O)=O)cc2)cc1)C(F)(F)F)C(=O)NCC#N,3.6020599913279625
90,CC(C)Cc1nc(-c2ccccc2)c(-c2ccc(CN3CCC(n4c(O)nc5ccccc54)CC3)cc2)nc1O,3.204119982655925
91,CC(C)Cn1c(=O)n(C)c(=O)c2c(-c3ccncc3)n(Cc3cccc4ccccc34)nc21,4.110589710299249
92,CC(C)Cn1c(=O)n(C)c(=O)c2c(C(=O)N(C)C)c(Cc3ccccc3C(F)(F)F)sc21,4.480006942957151
93,CC(C)Cn1c(=O)n(C)c(=O)c2c(C(=O)N3CCC3)c(Cc3ccccc3C(F)(F)F)sc21,4.620136054973758
94,CC(C)Cn1c(=O)n(C)c(=O)c2c(C(=O)N3CC[C@@H](O)C3)c(Cc3ccccc3C(F)(F)F)sc21,5.73996769675951
95,CC(C)Cn1c(=O)n(C)c(=O)c2c(C(=O)N3CC[C@@H](O)C3)c(Cc3ccnc4ccc(F)cc34)sc21,5.940018155007663
96,CC(C)Cn1c(=O)n(C)c(=O)c2c(SCCCO)c(Cc3cccc4ccccc34)sc21,2.3010299956639813
97,CC(C)Cn1c(=O)n(C)c(=O)c2c(SCCCO)n(Cc3cccc4ccccc34)cc21,3.361727836017593
98,CC(C)Cn1c(=O)n(C)c(=O)c2cn(Cc3cccc4ccccc34)cc21,3.0
99,CC(C)Cn1c2ccccc2c2cc(C(=O)O)ccc21,5.340047317661393
100,CC(C)Cn1cnc(-c2ccccc2)c1-c1nc2c(N)ncnc2s1,4.850033257689769
101,CC(C)Cn1cnc2c(N)nc3ccccc3c21,4.800029359244134
102,CC(C)N1C(=O)[C@H](NC(=O)[C@@H](Cc2ccccc2OC(F)(F)F)NC(=O)OC(C)(C)C)CCc2ccccc21,3.6989700043360183
103,CC(C)N1CCN(Cc2cnc(-c3ccc(C(=O)Nc4ccccc4N)cc3)c(C#N)c2)CC1,6.130011949671904
104,CC(C)N1CCO[C@@H](CN2CCN(C(=O)Nc3ccc(Cl)c(Cl)c3)CC2)C1,6.049992856920142
105,CC(C)Nc1nc(C#N)nc(N2CCOCC2)c1N,4.589949601325708
106,CC(C)OC(=O)C(C)(C)Oc1ccc(C(=O)c2ccc(Cl)cc2)cc1,2.9542425094393248
107,CC(C)OC(=O)N1CCC(Oc2ncnc3c2cnn3-c2ccc(S(C)(=O)=O)cc2F)CC1,3.322219294733919
108,CC(C)OC(=O)c1cn(Cc2c(F)cccc2F)c2sc(-c3ccc(NC(=O)C(C)C)cc3)c(CN(C)Cc3ccccc3)c2c1=O,4.57978359661681
109,CC(C)Oc1cc(-c2cccc3c(=O)cc(N4CCOCC4)oc23)ccc1NC(=O)CN1CCOCC1,3.6020599913279625
110,CC(C)Oc1cc(OCC2CCCC2)cc(C(=O)Nc2ccc(C(=O)O)cn2)c1,4.65991620006985
111,CC(C)Oc1cc(OCCC2CCCC2)cc(C(=O)Nc2ccc(C(=O)O)cn2)c1,3.4471580313422194
112,CC(C)Oc1cc(OCCCc2ccccc2)cc(C(=O)Nc2ccc(C(=O)O)cn2)c1,4.260071387985075
113,CC(C)Oc1cc(OCCN2CCOCC2)cc2ncnc(Nc3c(Cl)ccc4c3OCO4)c12,3.643452676486187
114,CC(C)Oc1cc(OCCc2ccccc2)cc(C(=O)Nc2ccc(C(=O)O)cn2)c1,4.459392487759231
115,CC(C)Oc1cc(OCCc2ccncc2)cc(C(=O)Nc2ccc(C(=O)O)cn2)c1,6.029992175377847
116,CC(C)Oc1cc(OCCc2ccsc2)cc(C(=O)Nc2ccc(C(=O)O)cn2)c1,4.5301996982030825
117,CC(C)Oc1cc(OCc2ccccc2)cc(C(=O)Nc2ccc(C(=O)O)cn2)c1,4.0
118,CC(C)Oc1cc(OCc2ccccc2F)cc(C(=O)Nc2ccc(C(=O)O)cn2)c1,4.790285164033242
119,CC(C)Oc1cc(O[C@@H](C)Cc2ccccc2)cc(C(=O)Nc2ccc(C(=O)O)cn2)c1,3.959041392321093
120,CC(C)Oc1cc(O[C@@H](C)c2ccccc2)cc(C(=O)Nc2ccc(C(=O)O)cn2)c1,4.949877704036875
121,CC(C)Oc1cc(O[C@H](C)Cc2ccccc2)cc(C(=O)Nc2ccc(C(=O)O)cn2)c1,3.929418925714293
122,CC(C)Oc1cc(O[C@H](C)c2ccccc2)cc(C(=O)Nc2ccc(C(=O)O)cn2)c1,5.049992856920142
123,CC(C)Oc1cc(Oc2ccc(S(C)(=O)=O)cc2)cc(C(=O)Nc2nccs2)c1,3.716003343634799
124,CC(C)Oc1cc(Oc2ccccc2)cc(C(=O)Nc2ccc(C(=O)O)cn2)c1,5.159867847092567
125,CC(C)Oc1ccc2c(=O)c(-c3ccccc3)coc2c1,3.4471580313422194
126,CC(C)Oc1cccc(NC(=O)c2ccc3cc(C(=N)N)ccc3c2)c1,4.810232517995084
127,CC(C)S(=O)(=O)C1(c2cc(N3CCOCC3)nc(-c3cccc4[nH]ccc34)n2)CC1,3.1760912590556813
128,CC(C)c1c(C(=O)NC2C3CC4CC(C3)CC2C4)cnn1-c1ccc(C(=O)O)cc1,5.35005409357903
129,CC(C)c1cc(C(=O)N2Cc3ccc(CN4CCN(C)CC4)cc3C2)c(O)cc1O,4.9698816437465
130,CC(C)c1cc(C(=O)N[C@@H](Cc2cccc(Cl)c2)C(=O)NCC#N)n(C)n1,4.680335513414564
131,CC(C)c1ccc2[nH]c3c(c2c1)CN(C(=O)[C@@H]1CCCC[C@H]1C(=O)NC1(C#N)CC1)CC3,4.920123326290724
132,CC(C)c1nc(N2CCN(c3ncc(OCc4ccncc4C#N)cn3)[C@H](C)C2)no1,3.7323937598229686
133,CC(C)c1nc2ccc(-c3ccc(F)cc3)cc2c(=O)n1C[C@H]1CCCN(C(C)C)C1,5.729974285699556
134,CC(C)c1nnc2ccc(-c3ocnc3-c3cc(F)ccc3F)cn12,5.269979676645324
135,CC(C)c1noc(N2CCN(c3ncc(OCc4ccncc4C#N)cn3)[C@H](C)C2)n1,4.079181246047625
136,CC(C)n1c(=O)n(C)c(=O)c2cn(Cc3cccc4ccccc34)cc21,4.369215857410143
137,CC(C)n1c2ccc(F)cc2c2cc(NC(=O)N3CCOCC3)ccc21,4.540329474790874
138,CC(C)n1c2ccccc2c2c(F)c(NC(=O)N3CCOCC3)c(F)cc21,3.662757831681574
139,CC(C)n1c2ccccc2c2cc(NC(=O)N3CCOCC3)ccc21,3.57978359661681
140,CC(CCc1cccc(OCc2ccc3ccccc3n2)c1)CC(=O)O,5.3600250891893975
141,CC(NC(=O)C1(N)CCN(c2ncnc3[nH]ccc23)CC1)c1ccc(Cl)cc1,5.260071387985075
142,CC(NC(=O)C1(N)CCN(c2ncnc3[nH]ccc23)CC1)c1ccc(F)cc1,4.980003371583746
143,CC(NC(=O)C1(N)CCN(c2ncnc3[nH]ccc23)CC1)c1ccc(S(C)(=O)=O)cc1,5.3600250891893975
144,CC(NC(=O)C1(N)CCN(c2ncnc3[nH]ccc23)CC1)c1ccccc1,4.9898945637187735
145,CC(Nc1ncnc2ccccc12)c1ccccc1,5.089905111439398
146,CC(O)(C(=O)Nc1ccc2c(c1)-c1ccccc1S2(=O)=O)C(F)(F)F,3.880813592280792
147,CC(O)(C(=O)c1ccccc1)c1ccccc1,5.830010935936118
148,CC(c1cc2ccccc2s1)N(O)C(N)=O,5.639984248041588
149,CC(c1ccccc1)n1cnc2ccccc2c1=O,5.6699673699085045
150,CC/C(=C(/c1ccc(O)cc1)c1ccc(/C=C/C(=O)O)cc1)c1ccccc1,3.0
151,CC/C(=C(\c1ccccc1)c1ccc(/C=C/C(=O)O)cc1)c1ccccc1,3.5185139398778875
152,CC1(C)C(=O)N(c2ccc(SC(F)(F)F)cc2)C(=O)N1Cc1ccnc(N2CCOCC2)c1,3.4771212547196626
153,CC1(C)C(=O)N(c2ccc(SC(F)(F)F)cc2)C(=O)N1Cc1ccncc1,4.640481436970422
154,CC1(C)C=Cc2c(O)nc3ccccc3c2O1,4.829946695941636
155,CC1(C)CNC(=O)c2sc(N3CCOCC3)nc2C1,5.400019635065158
156,CC1(C)CNc2cc(NC(=O)c3cccnc3NCc3ccncc3)ccc21,4.650307523131937
157,CC1(C)N=C(N)N=C(N)N1c1ccc(Oc2ccc(Cl)cc2)c(Cl)c1,5.569958818096594
158,CC1(C)NC(=O)N(c2ccc([N+](=O)[O-])c(C(F)(F)F)c2)C1=O,5.369957607346053
159,CC1(C)Oc2ncnc(N)c2N=C1c1ccc(C23CC4CC(CC(CC(=O)O)(C4)C2)C3)cc1,4.899820502427096
160,CC1(C)Oc2ncnc(N)c2N=C1c1ccc(C23CCC(C(=O)O)(CC2)CC3)cc1,3.505149978319906
161,CC1(C)Oc2ncnc(N)c2N=C1c1ccc([C@H]2CC[C@H](CC(=O)O)CC2)cc1,5.070037866607756
162,CC1(C)SCCN(S(=O)(=O)c2ccc(Oc3ccncc3)cc2)[C@H]1C(=O)NO,4.8401060944567575
163,CC1(COc2cc(-c3cccc4c(=O)cc(N5CCOCC5)oc34)ccc2NC(=O)CN2CCOCC2)COC1,4.559906625036112
164,CC1(COc2ccc3c(c2)ncn3-c2ccc3cccc(N4CCC(N)CC4)c3n2)COC1,3.707570176097936
165,CC1(c2c(C(=O)NC3C4CC5CC(C4)CC3C5)cnn2-c2ccc(C(=O)O)cc2)CC1,5.820004306808318
166,CC1(c2nc(N3CCOCC3)ncc2C(=O)N[C@H]2C3CC4CC2C[C@](O)(C4)C3)CC1,5.610021024664145
167,CC12CCC(=O)C=C1CCC1C2CCC2(C)C(O)CCC12,4.60959440922522
168,CC1C(=O)Nc2ccccc2N1C(=O)c1ccccc1,4.60959440922522
169,CC1CCc2cc(F)cc3c(=O)c(C(=O)O)cn1c23,5.889973638403996
170,CC1CN(C(=O)c2ccccc2)c2ccccc2NC1=O,6.080012847107928
171,CC1Cc2ccccc2N1NC(=O)c1ccc(Cl)c(S(N)(=O)=O)c1,5.1801258751640535
172,CCC(=C(CC)c1ccc(O)cc1)c1ccc(O)cc1,4.399673721481038
173,CCC(=O)N1CCN(C(=O)c2cc(Cc3n[nH]c(=O)c4ccccc34)ccc2F)CC1,5.400019635065158
174,CCC(=O)N[C@H]1CC[C@@H](C(=O)N(C)c2ccc(-c3nc4ccccc4o3)cc2)C1,4.65991620006985
175,CCC(=O)Nc1c(C#N)c2nc3ccccc3nc2n1-c1ccccc1C,4.130333768495007
176,CCC(=O)O[C@H]1CC[C@H]2[C@@H]3CCC4=CC(=O)CC[C@]4(C)[C@H]3CC[C@]12C,3.3010299956639813
177,CCC(C)(C)C(=O)O[C@H]1C[C@@H](C)C=C2C=C[C@H](C)[C@H](CC[C@@H]3C[C@@H](O)CC(=O)O3)[C@H]21,3.397940008672037
178,CCC(C)(C)NC(=O)Cc1ccc(C)cc1,5.380030247967831
179,CCC(CC)CNC(=O)c1ccc2c(c1)c(Cc1ccc(C(=O)NS(=O)(=O)c3ccccc3C)cc1OC)cn2C,4.980003371583746
180,CCC(CC)NC(=O)c1cn(-c2ccccc2)nc1NS(=O)(=O)c1ccc(C)cc1,5.240049772112648
181,CCC(O)CN1C(=O)C(NC(=O)c2cc3cc(Cl)sc3[nH]2)Cc2ccccc21,3.690196080028514
182,CCCCC(CC)CNC(=O)c1ccc2c(c1)c(Cc1ccc(C(=O)NS(=O)(=O)c3ccccc3C)cc1OC)cn2C,3.812913356642856
183,CCCCC1=NC2(CCCC2)C(=O)N1Cc1ccc(-c2ccccc2-c2nnn[nH]2)cc1,5.950023906523327
184,CCCCC1C(=O)N(c2ccccc2)N(c2ccccc2)C1=O,6.090011024007147
185,CCCCCCCCc1ccc(NC(=O)[C@H]2NCC[C@@H]2O)cc1,3.838849090737255
186,CCCCNc1cc(C(=O)O)cc(S(N)(=O)=O)c1Oc1ccccc1,6.159988050381987
187,CCCCNc1nc(N)c2[nH]c(=O)n(Cc3ccc(OCCN(C)C)nc3)c2n1,5.610021024664145
188,CCCCOc1ccc(-c2cc(=O)c3ccccc3[nH]2)cc1,3.204119982655925
189,CCCCOc1nc(N)c2[nH]c(=O)n(Cc3cccc(CC(=O)O)c3)c2n1,6.029992175377847
190,CCCCOc1nc(N)c2[nH]c(=O)n(Cc3cccc(CC(=O)OC)c3)c2n1,3.255272505103306
191,CCCC[C@@H](C=O)NC(=O)[C@H](CC(C)C)NC(=O)[C@H](CC(C)C)NC(C)=O,6.149988456491476
192,CCCCn1c(Cc2cc(OC)c(OC)c(OC)c2)nc2c(N)ncnc21,4.929929560084588
193,CCCN(CCO)CCCOc1cc2ncnc(Nc3cc(CC(=O)Nc4cccc(F)c4F)[nH]n3)c2cc1OC,4.17897694729317
194,CCCN(CCO)CCCOc1ccc2c(Nc3cc(CC(=O)Nc4cccc(F)c4)[nH]n3)ncnc2c1,5.049992856920142
195,CCCN(CCO)CCCOc1ccc2c(Nc3cc(CC(=O)Nc4cccc(F)c4F)[nH]n3)ncnc2c1,3.763427993562937
196,CCCNC(=O)Nc1ccc(Oc2ncnc3cc(OC)c(OC)cc23)cc1Cl,2.3010299956639813
197,CCCNCc1cnc(-c2ccc(C(=O)Nc3ccccc3N)cc2)s1,5.830010935936118
198,CCCNc1nc2ccccc2c(=O)[nH]1,5.729974285699556
199,CCCOc1nc(N2CCC[C@@H](CC(=O)O)C2)ccc1C(=O)NC1CCCCC1,5.73996769675951
200,CCCS(=O)(=O)c1ccc(Nc2nccc(-c3cnc(C)n3C(C)C)n2)cc1,5.139879086401237
201,CCCSc1c(C(=O)NC2CCCCC2)cnn1C,6.090011024007147
202,CCCSc1ccc2[nH]c(NC(=O)OC)nc2c1,3.204119982655925
203,CCCSc1nc(N2CCC(C(=O)O)CC2)ccc1C(=O)NC1CCCCC1,5.489958479424835
204,CCCSc1nc(N2CCC[C@H](CC(=O)O)C2)ccc1C(=O)NC1CCCCC1,5.240049772112648
205,CCCSc1nc(N2CCOCC2)ccc1C(=O)N[C@H]1C2CC3CC1C[C@](O)(C3)C2,5.679972694277419
206,CCCSc1nc(NC)ccc1C(=O)N[C@H]1C2CC3CC1C[C@](O)(C3)C2,4.670245853074124
207,CCCSc1nc(N[C@@H]2C[C@H]2c2ccccc2)c2nnn([C@@H]3C[C@H](CO)[C@@H](O)[C@H]3O)c2n1,3.959041392321093
208,CCCSc1nc(N[C@@H]2C[C@H]2c2ccccc2)c2nnn([C@@H]3C[C@H](O)[C@@H](O)[C@H]3O)c2n1,3.041392685158225
209,CCCSc1nc(N[C@@H]2C[C@H]2c2ccccc2)c2nnn([C@@H]3C[C@H](OCCO)[C@@H](O)[C@H]3O)c2n1,3.0
210,CCCSc1nc(Oc2ccc(CC(=O)O)cc2)ccc1C(=O)NC1CCCCC1,5.73996769675951
211,CCCSc1nc2ccc(NC(=O)CCNC(=O)NCCOc3ccc(CC(C(=O)O)C(=O)O)cc3)cc2s1,6.159988050381987
212,CCCSc1nc2ccc(NC(=O)CCNC(N)=O)cc2s1,4.9698816437465
213,CCCSc1ncccc1C(=O)N(C)C1CCCCC1,5.980003371583746
214,CCCSc1ncccc1C(=O)NC1CCC(F)(F)CC1,4.780317312140151
215,CCCSc1ncccc1C(=O)NC1CCCCC1,4.910090545594068
216,CCC[C@@H]1O[C@@H]2C[C@H]3[C@@H]4CCC5=CC(=O)C=C[C@]5(C)[C@H]4[C@@H](O)C[C@]3(C)[C@]2(C(=O)CO)O1,4.290034611362518
217,CCCc1c(C(=O)Nc2ccc(F)cc2C)cnn1-c1ccccc1,3.4913616938342726
218,CCCc1c(O)c(O)c(C(=O)O)c2cc(Cc3ccccc3)c(C)cc12,5.310055737750892
219,CCCc1cc(Nc2nc(NCc3cc(C)no3)ncc2Br)n[nH]1,3.431363764158988
220,CCCc1nn(C)c2c(=O)[nH]c(-c3cc(S(=O)(=O)N4CCN(C)CC4)ccc3OCC)nc12,4.301029995663981
221,CCN(C(=O)Cc1ccc(S(C)(=O)=O)cc1)C1CCN(CCC(c2ccc(F)cc2)c2ccc(F)cc2)CC1,4.8401060944567575
222,CCN(C(=O)Cc1ccc(S(C)(=O)=O)cc1)C1CCN(CCC(c2ccc(NC(C)=O)cc2)c2cccc(F)c2)CC1,5.9599948383284165
223,CCN(C(=O)Cc1ccc(S(C)(=O)=O)cc1)C1CCN(CCC(c2ccccc2)C2CCN(C(C)=O)CC2)CC1,6.180011119057718
224,CCN(C(=O)Cc1ccc(S(C)(=O)=O)cc1)C1CCN(CCC(c2ccccc2)C2CCN(Cc3ccccc3)CC2)CC1,5.950023906523327
225,CCN(C(=O)Cc1ccc(S(C)(=O)=O)cc1)C1CCN(CCC(c2ccccc2)C2CCN(S(=O)(=O)CC)CC2)CC1,5.660011221289331
226,CCN(C(=O)Cc1ccc(S(C)(=O)=O)cc1)C1CCN(CCC(c2ccccc2)N2CCN(c3cccc(F)c3)CC2)CC1,5.159867847092567
227,CCN(C(=O)Cc1ccc(S(C)(=O)=O)cc1)C1CCN(CCC(c2ccccc2)N2CCN(c3ccccc3)CC2)CC1,5.839980557678342
228,CCN(C(=O)Cc1ccc(S(C)(=O)=O)cc1)C1CCN(CCC(c2ccccc2)c2ccc(C)cc2)CC1,4.88024177589548
229,CCN(C(=O)Cc1ccc(S(C)(=O)=O)cc1)C1CCN(CCC(c2ccccc2)c2ccc(NC(=O)C(C)(C)C)cc2)CC1,5.0
230,CCN(C(=O)Cc1ccc(S(C)(=O)=O)cc1)C1CCN(CCC(c2ccccc2)c2ccc(NC(=O)Cc3ccccc3)cc2)CC1,3.4471580313422194
231,CCN(C(=O)Cc1ccc(S(C)(=O)=O)cc1)C1CCN(CCC(c2ccccc2)c2ccc(NC(C)=O)cc2)CC1,5.839980557678342
232,CCN(C(=O)Cc1ccc(S(C)(=O)=O)cc1)C1CCN(CCC(c2ccccc2)c2ccc(NS(=O)(=O)Cc3ccccc3)cc2)CC1,3.361727836017593
233,CCN(C(=O)Cc1ccc(S(C)(=O)=O)cc1)C1CCN(CCC(c2ccccc2)c2ccc(NS(C)(=O)=O)cc2)CC1,5.240049772112648
234,CCN(C(=O)Cc1ccc(S(C)(=O)=O)cc1)C1CCN(CC[C@@H](c2cc(F)cc(F)c2)N2CCN(S(C)(=O)=O)CC2)CC1,6.099991233544684
235,CCN(C(=O)Cc1ccc(S(C)(=O)=O)cc1)C1CCN(CC[C@@H](c2ccc(F)cc2)c2ccc(S(C)(=O)=O)cc2)CC1,5.449940988773338
236,CCN(C(=O)Cc1ccc(S(C)(=O)=O)cc1)C1CCN(CC[C@@H](c2cccc(F)c2)C2CCN(S(C)(=O)=O)CC2)CC1,6.130011949671904
237,CCN(C(=O)Cc1ccc(S(C)(=O)=O)cc1)C1CCN(CC[C@@H](c2ccccc2)C2CCN(S(=O)(=O)C(F)(F)F)CC2)CC1,4.749736315569061
238,CCN(C(=O)Cc1ccc(S(C)(=O)=O)cc1)C1CCN(CC[C@@H](c2ccccc2)N2CCN(S(=O)(=O)C(F)(F)F)CC2)CC1,5.459995256047391
239,CCN(C(=O)Cc1ccc(S(C)(=O)=O)cc1)C1CCN(CC[C@@H](c2ccccc2)N2CCN(S(=O)(=O)CC(F)(F)F)CC2)CC1,5.690018780788695
240,CCN(C(=O)Cc1ccc(S(C)(=O)=O)cc1)C1CCN(CC[C@@H](c2ccccc2)c2ccc(S(C)(=O)=O)cc2)CC1,5.599992177584098
241,CCN(C(=O)Cc1ccc(S(C)(=O)=O)cc1)C1CCN(CC[C@H](c2ccc(S(C)(=O)=O)cc2)c2cc(F)cc(Cl)c2)CC1,5.43007505555194
242,CCN(C(=O)Cc1ccc(S(C)(=O)=O)cc1)C1CCN(CC[C@H](c2ccc(S(C)(=O)=O)cc2)c2cc(F)cc(F)c2)CC1,5.210050849875137
243,CCN(C(=O)Cc1ccc(S(C)(=O)=O)cc1)C1CCN(CC[C@H](c2ccc(S(C)(=O)=O)cc2)c2cccc(F)c2)CC1,5.369957607346053
244,CCN(C(=O)Cc1ccc(S(C)(=O)=O)cc1)C1CCN(Cc2ccc(C(F)(F)F)cc2)CC1,3.949390006644913
245,CCN(C(=O)Cc1ccc(S(N)(=O)=O)cc1)C1CCN(CCC(c2ccccc2)c2ccccc2)CC1,4.949877704036875
246,CCN(C(=O)NCc1c(F)cccc1F)C1CCN(CCC(c2ccccc2)c2ccccc2)CC1,4.380211241711606
247,CCN(C(=O)NCc1ccc(S(C)(=O)=O)cc1)C1CCN(CCC(c2ccccc2)c2ccccc2)CC1,5.449940988773338
248,CCN(C(=O)NCc1cccc(C)c1)C1CCN(CCC(c2ccccc2)c2ccccc2)CC1,4.850033257689769
249,CCN(C(=O)c1cnn(-c2ccccc2)c1NS(=O)(=O)c1ccc(-c2cnco2)cc1)C1CCCCC1,5.310055737750892
250,CCN(CC)C(=O)C(C)(C)c1ccc2[nH]c(-c3cc(C)cc(C)c3)c(CCNCCCCc3ccncc3)c2c1,5.150142161848558
251,CCN(CC)C(=O)Cc1csc(NS(=O)(=O)c2cccc(Cl)c2C)n1,4.60959440922522
252,CCN(CC)C(=O)c1ccc2[nH]c(-c3cc(C)cc(C)c3)c(CCNCCCCc3ccncc3)c2c1,5.940018155007663
253,CCN(CC)CCNC(=O)c1c(C)[nH]c(/C=C2\C(=O)Nc3ccc(F)cc32)c1C,4.57978359661681
254,CCN(CC)CCn1c2ccccc2c2cnc(N)c(C#N)c21,4.770115294787102
255,CCN(CC)c1ncnc2c1ncn2Cc1c(Cl)cccc1Cl,3.361727836017593
256,CCN(CCN(C)C)S(=O)(=O)c1ccc(-c2cnc(N)c(C(=O)Nc3cccnc3)n2)cc1,5.690018780788695
257,CCN(CCO)CCCOc1cc2ncnc(Nc3cc(CC(=O)Nc4cccc(F)c4F)[nH]n3)c2cc1OC,3.4771212547196626
258,CCN(CCO)CCCOc1cc2ncnc(Nc3ncc(CC(=O)Nc4cccc(F)c4)s3)c2cc1OC,2.7781512503836434
259,CCN(CCO)CCCOc1ccc2c(Nc3cc(CC(=O)Nc4cccc(F)c4F)[nH]n3)ncnc2c1,4.9698816437465
260,CCN(Cc1cc(C(F)(F)F)ccc1-c1cc(CC(=O)O)ccc1OC)C(=O)NCc1ccccc1,6.140004950619449
261,CCN(c1ccnc(Nc2cc(N3CCOCC3)cc(N3CCOCC3)c2)n1)c1cc(CO)ccc1C,4.859738566197147
262,CCN1C(=O)C(C)(C)c2cc3[nH]c4c(c3cc21)CCCc1c(C)n[nH]c1-4,2.845098040014257
263,CCN1C(=O)N(C)c2cnc(Nc3ccc(C(=O)NC4CCN(C)CC4)cc3OC)nc2N1C1CCCC1,5.780029127337339
264,CCN1CCC[C@@H](C(=O)N2CCN(C(=O)Nc3ccc(Cl)c(Cl)c3)CC2)C1,6.019988159591286
265,CCN1CCN(Cc2ccc(-c3cc4c(N[C@H](C)c5ccccc5)ncnc4[nH]3)cc2)CC1,4.770115294787102
266,CCN1CCN(c2ccc(Nc3cc(N(C)C(=O)Nc4c(Cl)c(OC)cc(OC)c4Cl)ncn3)cc2)CC1,2.6989700043360187
267,CCN1N=C(c2ccccc2)Cn2c1nc1ccccc12,3.838849090737255
268,CCNC(=O)c1ccc(CN2CCC(c3ccc(C(=O)Nc4ccccc4N)cc3)CC2)cc1,3.959041392321093
269,CCNC(=O)c1cnc(N2CCN(C3CCN(Cc4ccc(Cl)cc4F)CC3)[C@@H](CC)C2)c(Cl)c1,4.9599948383284165
270,CCO/N=C/c1ccc(OCCC2CCN(c3ccc(C)nn3)CC2)cc1,3.342422680822206
271,CCOC(=O)C1CCN(c2ncnc(Oc3ccc(CCC(C)=O)cc3)c2[N+](=O)[O-])CC1,3.278753600952829
272,CCOC(=O)Cc1csc(NC(=O)Nc2ccc(Cl)cc2)n1,3.4149733479708178
273,CCOC(=O)Cc1csc(NS(=O)(=O)c2ccc(Cl)cc2)n1,5.6200318951262975
274,CCOC(=O)N1CCC(=C2c3ccc(Cl)cc3CCc3cccnc32)CC1,3.544068044350276
275,CCOC(=O)N1CCN(C(=O)[C@H](Cc2cccc(C(=N)N)c2)NS(=O)(=O)c2c(C(C)C)cc(C(C)C)cc2C(C)C)CC1,5.839980557678342
276,CCOC(=O)Nc1ccc2c(c1)N(C(=O)CCN1CCOCC1)c1ccccc1S2,4.920123326290724
277,CCOC(=O)c1cc2ccccc2[nH]1,4.949877704036875
278,CCOC(=O)c1ccc(CCN2CCN(c3ccc(C)nn3)CC2)cc1,5.859978441642021
279,CCOC(=O)c1ccc(COCC2CCN(c3ccc(C)nn3)CC2)cc1,5.6699673699085045
280,CCOC(=O)c1ccc(OCC2CCN(c3ccc(C)nn3)C2)cc1,5.229937685907934
281,CCOC(=O)c1ccc(OCC2CN(c3ccc(C)nn3)C2)cc1,5.150142161848558
282,CCOC(=O)c1ccc(OCCC2(C#N)CCN(c3ccc(C)nn3)CC2)cc1,4.770115294787102
283,CCOC(=O)c1ccc(OCCC2CCN(c3ccc(C)nn3)CC2)cc1,3.146128035678238
284,CCOC(=O)c1ccc(OCCC2CCN(c3ccc(C)nn3)CC2)cn1,4.88024177589548
285,CCOC(=O)c1ccc(OCCC2CCN(c3ccc(C)nn3)CC2)nc1,4.949877704036875
286,CCOC(=O)c1ccc(OCCC2CN(c3ccc(C)nn3)C2)cc1,5.539953841656397
287,CCOC(=O)c1ccc(OCCC2CN(c3ccc(C)nn3)CCO2)cc1,4.198657086954422
288,CCOC(=O)c1ccccc1-c1csc(NS(=O)(=O)c2ccc(Cl)cc2)n1,3.146128035678238
289,CCOC(=O)c1nn(-c2ccccc2)c(=O)c2c(N)scc12,3.792391689498254
290,CCOCc1nc2c(N)nc3ccccc3c2n1CC(C)(C)O,5.6200318951262975
291,CCOc1cc(-c2cccc3c(=O)cc(N4CCOCC4)oc23)ccc1NC(=O)CN1CCOCC1,3.146128035678238
292,CCOc1cc2ncc(C#N)c(Nc3ccc(F)c(Cl)c3)c2cc1NC(=O)/C=C/CN(C)C,3.1760912590556813
293,CCOc1cc2ncc(C#N)c(Nc3ccc(OCc4ccccn4)c(Cl)c3)c2cc1NC(=O)/C=C/CN(C)C,2.4771212547196626
294,CCOc1cc2nccc(Oc3cnc(CC(=O)Nc4n[nH]c(CC)c4C)c(OC)c3)c2cc1OC,3.342422680822206
295,CCOc1ccc(NC(=O)CCc2c(C)nc3nc(C)nn3c2C)cc1,5.279894980011638
296,CCOc1ccc(NC(=O)Nc2ccc3snnc3c2)cc1,3.041392685158225
297,CCOc1ccc(NCC(=O)c2ccc(C)cc2)cc1,3.0791812460476247
298,CCOc1ccc2ccc(=O)oc2c1,6.0
299,CCOc1ccc2nc(N)sc2c1,5.929980590515514
300,CCOc1ccc2oc(C(=O)NC(CCSC)c3nc4cnccc4[nH]3)c(C)c2c1,4.021189299069938
301,CCOc1ccc2oc(C(=O)NC(CCSC)c3nc4ncccc4[nH]3)c(C)c2c1,3.544068044350276
302,CCOc1cccc2c3c([nH]c12)CCN(C(=O)[C@@H]1CCCC[C@H]1C(=O)NC1(C#N)CC1)C3,5.480006942957151
303,CCOc1ccccc1C(=O)N1CCC(C(=O)c2ccc(F)cc2)CC1,3.763427993562937
304,CCOc1noc2cc(OCCC3CCN(c4ccc(C)nn4)CC3)ccc12,3.462397997898956
305,CCS(=O)(=O)c1ccc(Oc2cc3nc(-c4ccccn4)[nH]c3cc2CN2C(=O)CCC2=O)cc1,4.480006942957151
306,CCSc1nc2c(N)ncnc2[nH]1,5.639984248041588
307,CC[C@@H](C)NC(=O)c1ccc(Oc2ccc(C#C[C@]3(O)CN4CCC3CC4)cc2)cc1,5.049992856920142
308,CC[C@@H](Nc1c(Nc2cccc(C(=O)N(C)C)c2O)c(=O)c1=O)c1ccccc1,5.810030786405839
309,CC[C@@H]1C(=O)N(C)c2cnc(Nc3ccc(C(=O)NC4CCN(C)CC4)cc3OC)nc2N1C1CCCC1,4.439332693830263
310,CC[C@@H]1COCCN1c1cc(C2(S(C)(=O)=O)CC2)nc(-c2cccc3[nH]ccc23)n1,4.899820502427096
311,CC[C@H](CO)Nc1nc(NCc2ccccc2)c2ncn(C(C)C)c2n1,4.869818207979328
312,CCc1[nH]nc(NC(=O)Cc2ncc(Oc3ccnc4cc(OC)c(OC)cc34)cc2OC)c1C,4.570542939881897
313,CCc1c[nH]nc1NC(=O)Cc1ccc(Oc2ccnc3cc(OC)ccc23)cc1OC,3.869231719730976
314,CCc1cc(C(=O)N[C@@H](Cc2cccc(Cl)c2)C(=O)NCC#N)n(C)n1,4.559906625036112
315,CCc1cc(NC(=O)Cc2ccc(Oc3ccnc4cc(OC)c(OC)cc34)cc2OC)n[nH]1,4.041392685158225
316,CCc1cc(NC(=O)Cc2ccc(Oc3ccnc4cc(OC)ccc34)cc2OC)n[nH]1,3.929418925714293
317,CCc1cc(NC(=O)Cc2ccc(Oc3ccnc4cc(OC)ccc34)cc2OC)no1,3.6232492903979
318,CCc1cc(NC(=O)Cc2ccc(Oc3ncnc4cc(OC)c(OC)cc34)cc2)n[nH]1,4.161368002234975
319,CCc1cc(Nc2nc(NCc3cc(-c4ccccn4)no3)ncc2Br)n[nH]1,3.57978359661681
320,CCc1cc(OCc2ccc(-c3ccccc3-c3nn[nH]n3)cc2)c2c(n1)CCCC2,4.369215857410143
321,CCc1cc(OCc2ccc(-c3ccccc3-c3nn[nH]n3)cc2)c2ccccc2n1,3.89209460269048
322,CCc1ccc(-c2cc(=O)c3ccccc3[nH]2)cc1,3.6020599913279625
323,CCc1ccc(CCOc2ccc(CC3SC(=O)NC3=O)cc2)nc1,3.3010299956639813
324,CCc1ccc(NC(=O)c2ccc3cc(C(=N)N)ccc3c2)cc1,3.929418925714293
325,CCc1cccc(CC)c1NC(=O)N1Cc2[nH]nc(NC(=O)c3ccc(N4CCN(C)CC4)cc3)c2C1,5.030194785356751
326,CCc1cccc2c(C#N)cn(CC(=O)NCCOC)c12,4.570542939881897
327,CCc1nc2c(N)nc3ccccc3c2n1CCCCNS(C)(=O)=O,5.729974285699556
328,CCc1nn(C2CCCC2)c2c1CCn1c(-c3cccs3)nnc1-2,4.350248018334163
329,CCn1c(-c2ccnc(Nc3ccc(C(=O)NC)cc3)n2)cnc1C,4.550228353055094
330,CCn1c(-c2nonc2N)nc2c(C#CC(C)(C)O)ncc(OCC3CCCNC3)c21,5.130011949671904
331,CCn1c(=O)c2nc(-c3ccccc3)[nH]c2n(CC)c1=O,3.322219294733919
332,CCn1c(=O)ccc2cc(COc3cc(F)cc(C4(OC)CCOCC4)c3)ccc21,3.230448921378274
333,CCn1c(=O)ccc2cnc(Nc3ccc(OC)c(OC)c3)nc21,3.204119982655925
334,CCn1c(SCC(=O)Nc2c(C#N)cnn2-c2ccccc2)nnc1-c1cccs1,4.14921911265538
335,CCn1c2ccccc2c2cc(N(C)C(=O)CCc3ccncc3)ccc21,4.740362689494244
336,CCn1c2ccccc2c2cc(NC(=O)C(C)C)ccc21,3.146128035678238
337,CCn1c2ccccc2c2cc(NC(=O)CCc3ccncc3)ccc21,3.3010299956639813
338,CCn1c2ccccc2c2cc(NC(=O)CN(C)C)ccc21,5.340047317661393
339,CCn1c2ccccc2c2cc(NC(=O)N3CCCCC3)ccc21,2.903089986991944
340,CCn1c2ccccc2c2cc(NC(=O)N3CCOCC3)ccc21,3.462397997898956
341,CCn1c2ccccc2c2cc(NC(=O)c3cc(C)on3)ccc21,3.397940008672037
342,CCn1c2ccccc2c2cc(NC(C)=O)ccc21,3.7481880270062
343,CCn1c2nc(=O)n(C)c(=O)c-2cc2ccccc21,5.510008512940234
344,CCn1cc(NC(=O)Cc2ccc(Oc3ccnc4cc(F)ccc34)cc2OC)cn1,3.3010299956639813
345,CCn1cc(NC(=O)Cc2ccc(Oc3ccnc4cc(OC)c(OC)cc34)cc2)cn1,4.02938377768521
346,CCn1cc(NC(=O)Cc2ccc(Oc3ccnc4cc(OC)c(OC)cc34)cc2OC)cn1,4.359835482339888
347,CCn1cc(NC(=O)Cc2ccc(Oc3ccnc4cc(OC)c(OC)cc34)cn2)cn1,4.198657086954422
348,CCn1cc(NC(=O)Cc2ccc(Oc3ccnc4cc(OC)ccc34)cc2OC)cn1,3.505149978319906
349,CCn1cc(NC(=O)Cc2ccc(Oc3ccnc4ccc(F)cc34)cc2OC)cn1,4.301029995663981
350,CCn1cc(NC(=O)Cc2ccc(Oc3ccnc4ccc(OC)cc34)cc2OC)cn1,3.851258348719076
351,CCn1cc(NC(=O)Cc2ccc(Oc3ncnc4cc(OC)c(OC)cc34)cc2)cn1,4.380211241711606
352,CCn1cc(NC(=O)Cc2ncc(Oc3ccnc4cc(OC)ccc34)cc2OC)cn1,4.2405492482826
353,CCn1ccc(NC(=O)Cc2ccc(Oc3ncnc4cc(OC)c(OC)cc34)cc2)n1,4.510545010206612
354,CCn1cnc(-c2ccccc2)c1-c1nc2c(N)ncnc2s1,5.229937685907934
355,CN(C(=O)C1CCC1)C1CCN(CCC(c2ccccc2)c2ccccc2)CC1,5.449940988773338
356,CN(C(=O)Cc1ccc(-n2cnnn2)cc1)C1CCN(Cc2ccc(C(F)(F)F)cc2)CC1,4.250420002308894
357,CN(C(=O)Cc1ccc(-n2cnnn2)cc1)C1CCN(Cc2ccc(C(F)(F)F)cn2)CC1,5.419955748489758
358,CN(C(=O)Cc1ccc(-n2cnnn2)cc1)C1CCN(Cc2ccc(C(F)(F)F)nc2)CC1,5.260071387985075
359,CN(C(=O)Cc1ccc(-n2cnnn2)cc1)C1CCN(Cc2nc3c(s2)CCCC3)CC1,3.991226075692495
360,CN(C(=O)Cc1ccc(-n2cnnn2)cc1)C1CCN(Cc2nc3cc(F)ccc3s2)CC1,3.1760912590556813
361,CN(C(=O)Cc1ccc(-n2cnnn2)cc1)[C@@H]1CCN(Cc2ccc(C(F)(F)F)cc2)C[C@@H]1F,4.209515014542631
362,CN(C(=O)Cc1ccc(-n2cnnn2)cc1)[C@@H]1CCN(Cc2ccc(C(F)(F)F)cn2)C[C@@H]1F,4.369215857410143
363,CN(C(=O)Cc1ccc(-n2cnnn2)cc1)[C@@H]1CCN(Cc2ccc(C(F)(F)F)nc2)C[C@@H]1F,4.980003371583746
364,CN(C(=O)Cc1ccc(-n2cnnn2)cc1)[C@H]1CCN(Cc2ccc(C(F)(F)F)cc2)C[C@H]1F,3.90848501887865
365,CN(C(=O)Cc1ccc(Br)cc1)C1CCN(CCC(c2ccccc2)c2ccccc2)CC1,4.340444114840119
366,CN(C(=O)Cc1ccc(Cl)c(Cl)c1)C1CCN(CCC(c2ccccc2)c2ccccc2)CC1,3.7481880270062
367,CN(C(=O)Cc1ccc(Cl)cc1)C1CCN(CCC(c2ccccc2)c2ccccc2)CC1,4.630427875025024
368,CN(C(=O)Cc1ccc(F)cc1)C1CCN(CCC(c2ccccc2)c2ccccc2)CC1,5.109915863023793
369,CN(C(=O)Cc1ccc(S(=O)(=O)N(C)C)cc1)C1CCN(CCC(c2ccccc2)c2ccccc2)CC1,5.690018780788695
370,CN(C(=O)Cc1ccc(S(C)(=O)=O)cc1)C1CCN(Cc2ccc(C(F)(F)F)cc2)CC1,5.560026248912893
371,CN(C(=O)Cc1ccc(S(C)(=O)=O)cc1)[C@@H]1CCN(Cc2ccc(C(F)(F)F)cc2)C[C@@H]1F,4.110589710299249
372,CN(C(=O)Cc1ccc(S(C)(=O)=O)cc1)[C@@H]1CCN(Cc2nc3cc(F)ccc3s2)C[C@@H]1F,3.255272505103306
373,CN(C(=O)Cc1ccc(S(C)(=O)=O)cc1)[C@@H]1CCN(Cc2nc3ccccc3s2)C[C@@H]1F,3.959041392321093
374,CN(C(=O)Cc1ccc(S(C)(=O)=O)cc1F)C1CCN(Cc2ccc(C(F)(F)F)cc2)CC1,4.869818207979328
375,CN(C(=O)Cc1ccc(S(N)(=O)=O)cc1)C1CCN(CCC(c2ccccc2)c2ccccc2)CC1,5.810030786405839
376,CN(C(=O)Cc1ccccc1)C1CCN(CCC(c2ccccc2)c2ccccc2)CC1,5.229937685907934
377,CN(C(=O)NCc1ccccc1)C1CCN(CCC(c2ccccc2)c2ccccc2)CC1,4.409933123331294
378,CN(C(=O)c1ccco1)c1nnc(C23CC4CC(CC(C4)C2)C3)s1,3.4771212547196626
379,CN(C(=O)c1ccncc1)C1CCN(CCC(c2ccccc2)c2ccccc2)CC1,5.729974285699556
380,CN(C)C(=N)c1ccc(C(=O)N2CCN(S(=O)(=O)c3ccc4cc(Br)ccc4c3)CC2)cc1,6.120014252078067
381,CN(C)C(=O)C(CCN1CCC(O)(c2ccc(Cl)cc2)CC1)(c1ccccc1)c1ccccc1,3.7481880270062
382,CN(C)C(=O)CC(NC(=O)C1(N)CCN(c2ncnc3[nH]ccc23)CC1)c1ccc(Cl)cc1,5.599992177584098
383,CN(C)C(=O)CN1C(=O)C(NC(=O)c2cc3cc(Cl)sc3[nH]2)Cc2ccccc21,2.845098040014257
384,CN(C)C(=O)COc1cccc2ncnc(Nc3ccc4c(cnn4Cc4ccccn4)c3)c12,4.02938377768521
385,CN(C)C(=O)Nc1ccc(Cl)c(Cl)c1,5.119915410257991
386,CN(C)C(=O)[C@H](Cc1ccccc1)NC(=O)c1cc2cc(Br)ccc2[nH]1,3.0
387,CN(C)C(=O)[C@H](Cc1ccccc1)NC(=O)c1cc2cc(Br)sc2[nH]1,2.9542425094393248
388,CN(C)C(=O)[C@H](Cc1ccccc1)NC(=O)c1cc2cc(Cl)ccc2[nH]1,3.4149733479708178
389,CN(C)C(=O)[C@H](Cc1ccccc1)NC(=O)c1cc2cc(Cl)sc2[nH]1,3.1760912590556813
390,CN(C)C(=O)[C@H](Cc1ccccc1)NC(=O)c1cc2cc(F)ccc2[nH]1,3.5563025007672877
391,CN(C)C(=O)[C@H](Cc1ccccc1)NC(=O)c1cc2ccccc2[nH]1,4.110589710299249
392,CN(C)C(=O)[C@H](Cc1ccccc1)NC(=O)c1cc2ccsc2[nH]1,4.060697840353612
393,CN(C)C(=O)[C@H](Cc1ccccc1)NC(=O)c1cc2sccc2[nH]1,4.230448921378274
394,CN(C)C(=O)[C@H](O)[C@H](Cc1ccccc1)NC(=O)c1cc2cc(Br)ccc2[nH]1,4.4996870826184034
395,CN(C)C(=O)[C@H](O)[C@H](Cc1ccccc1)NC(=O)c1cc2cc(Cl)ccc2[nH]1,4.359835482339888
396,CN(C)C(=O)c1cc(-c2nc(N3CCOCC3)cc(C3(S(C)(=O)=O)CC3)n2)c2cc[nH]c2c1,5.0
397,CN(C)C(=O)c1nnsc1Sc1ccc(Cl)cc1,4.4996870826184034
398,CN(C)C/C=C/C(=O)Nc1cc2c(Nc3ccc(F)c(Cl)c3)ncnc2cc1O[C@H]1CCOC1,4.9698816437465
399,CN(C)CC(O)COc1ccc(Nc2cc(Nc3cc(Cl)ccc3Cl)ncn2)cc1,4.800029359244134
400,CN(C)CC(O)COc1ccc(Nc2ncc(Cl)c(Nc3ccccc3)n2)cc1,4.589949601325708
401,CN(C)CC(O)COc1ccc(Nc2nccc(N(CC#N)c3cc(Cl)ccc3Cl)n2)cc1,5.759969857554308
402,CN(C)CC(O)COc1ccc(Nc2nccc(Nc3ccc(Cl)cc3)n2)cc1,4.800029359244134
403,CN(C)CC(O)COc1ccc(Nc2nccc(Nc3cccc(Cl)c3)n2)cc1,5.07990446766672
404,CN(C)CC(O)COc1ccc(Nc2nccc(Nc3ccccc3C#N)n2)cc1,6.040008636013542
405,CN(C)CCCN(C)S(=O)(=O)c1ccc(Nc2nccc(-c3cnc4ccccn34)n2)cc1,5.489958479424835
406,CN(C)CCCN(C)c1nc2cc(Cl)c(Cl)cc2nc1/C=C/c1ccccc1,3.763427993562937
407,CN(C)CCCN1c2ccccc2Sc2ccc(Cl)cc21,5.610021024664145
408,CN(C)CCCNS(=O)(=O)c1ccc(Nc2nccc(-c3cnc4cccnn34)n2)cc1,5.20002926655377
409,CN(C)CCNS(=O)(=O)c1ccc(Nc2nccc(-c3cnc4ccccn34)n2)cc1,4.489958479424835
410,CN(C)CCNS(=O)(=O)c1ccc(Nc2nccc(-c3cnc4cccnn34)n2)cc1,4.9698816437465
411,CN(C)CCNc1cc(-c2ccccc2)nc2cc(-c3ccc(F)cc3)nn12,3.322219294733919
412,CN(C)CCOc1ccc(-c2cc(C(N)=O)c(NC(N)=O)s2)cc1,5.260071387985075
413,CN(C)CCOc1ccc(-c2oc3ncnc(NC[C@@H]4CCCO4)c3c2-c2ccccc2)cc1,4.8401060944567575
414,CN(C)CCSc1nc2ccc(Br)cc2cc1-c1ccccc1,3.977723605288848
415,CN(C)S(=O)(=O)NC(=O)CCCc1c(-c2ccc(F)cc2)[nH]c2ccc(C#N)cc12,3.681241237375587
416,CN(C)S(=O)(=O)n1c2ccccc2c2cc(NC(=O)CCc3ccncc3)ccc21,3.977723605288848
417,CN(C)c1cccc2c(S(N)(=O)=O)cccc12,4.369215857410143
418,CN(C)c1nc(Cc2ccc(NC(=O)c3ccc(C(F)(F)F)cc3)cc2)nc(N(C)C)c1CC(=O)O,4.459392487759231
419,CN(CCO)Cc1ccc(-c2cc(C(N)=O)c(NC(N)=O)s2)cc1,5.880012838366771
420,CN(CCOc1ccc(CC2SC(=O)NC2=O)cc1)c1ccccn1,4.450249108319361
421,CN(CCOc1ccc(C[C@H](Nc2ccccc2C(=O)c2ccccc2)C(=O)O)cc1)c1ccccn1,5.340047317661393
422,CN(CCOc1ccc(NS(C)(=O)=O)cc1)CCc1ccc(NS(C)(=O)=O)cc1,5.63002085111341
423,CN(CCOc1ccccc1-c1cc(C(N)=O)c(NC(N)=O)s1)Cc1ccccc1,3.1760912590556813
424,CN(c1ccc(Cl)c(CO)c1)c1ccnc(Nc2cc(N3CCOCC3)cc(N3CCOCC3)c2)n1,3.4913616938342726
425,CN(c1cccc(CO)c1)c1ccnc(Nc2cc(N3CCOCC3)cc(N3CCOCC3)c2)n1,5.529943401658669
426,CN(c1ccnc(Nc2cc(N3CCOCC3)cc(N3CCOCC3)c2)n1)c1cccc2[nH]ncc12,3.949390006644913
427,CN(c1ccnc(Nc2cc(N3CCOCC3)nc(N3CCOCC3)c2)n1)c1cccc2[nH]ncc12,2.903089986991944
428,CN(c1ccnc(Nc2cc(N3CCOCC3)nc(N3CCOCC3)n2)n1)c1cccc2[nH]ncc12,4.281033367247727
429,CN(c1ccnc(Nc2cccc(S(C)(=O)=O)c2)n1)c1c(Cl)ccc2c1OCO2,3.544068044350276
430,CN(c1ccnc(Nc2cccc(S(C)(=O)=O)c2)n1)c1cccc2[nH]ncc12,4.130333768495007
431,CN1C(=O)CN=C(c2ccccc2)c2cc(Cl)ccc21,5.139879086401237
432,CN1CC(n2nccc2-c2cc(Cl)ccc2Oc2cc(F)c(S(=O)(=O)Nc3ncns3)cc2F)C1,4.680335513414564
433,CN1CCC(COc2cc(OC3CCOCC3)c3c(Nc4c(Cl)ccc5c4OCO5)ncnc3c2)CC1,6.140004950619449
434,CN1CCC(Oc2cc(OCCF)cc3ncnc(Nc4c(Cl)ccc5c4OCO5)c23)CC1,5.880012838366771
435,CN1CCC(Oc2cccc3ncnc(Nc4ccc(F)c(Cl)c4)c23)CC1,4.260071387985075
436,CN1CCC(Oc2cccc3ncnc(Nc4ccc(OCc5ccccn5)c(Cl)c4)c23)CC1,3.1760912590556813
437,CN1CCC(Oc2cccc3ncnc(Nc4ccc(OCc5ccccn5)cc4)c23)CC1,4.889861721258188
438,CN1CCC(Oc2cccc3ncnc(Nc4ccc(OCc5cnccn5)c(Cl)c4)c23)CC1,4.089905111439398
439,CN1CCC(Oc2cccc3ncnc(Nc4ccc(OCc5cscn5)c(Cl)c4)c23)CC1,3.690196080028514
440,CN1CCC(c2cc(N3CCOCC3)nc(-c3cccc4[nH]ccc34)n2)(S(C)(=O)=O)CC1,4.330413773349191
441,CN1CCC(n2cc(-c3cnc(N)c(-c4nc5ccc(F)cc5o4)c3)cn2)CC1,4.130333768495007
442,CN1CCN(C2=Nc3cc(Cl)ccc3Nc3ccccc32)CC1,5.1801258751640535
443,CN1CCN(CC(=O)Nc2ccc(-c3cccn4c(=O)cc(N5CCOCC5)nc34)c3sc4ccccc4c23)CC1,3.7323937598229686
444,CN1CCN(CCCOc2cc(OC3CCOCC3)c3c(Nc4ccc(F)c(Cl)c4)ncnc3c2)CC1,4.57978359661681
445,CN1CCN(CCOc2n[nH]c3ncnc(Nc4ccc(OCc5ccccn5)c(Cl)c4)c23)CC1,4.419955748489758
446,CN1CCN(S(=O)(=O)c2ccc(-c3cnc(N)c(C(=O)Nc4cccnc4)n3)c(C(F)(F)F)c2)CC1,3.792391689498254
447,CN1CCN(S(=O)(=O)c2ccc(-c3cnc(N)c(C(=O)Nc4cccnc4)n3)cc2F)CC1,3.431363764158988
448,CN1CCN(S(=O)(=O)c2ccc(-c3cnc(N)c(C(=O)Nc4cnccc4CN4CCCC4)n3)cc2)CC1,3.4471580313422194
449,CN1CCN([C@H]2C[C@@H](c3nc(-c4ccc5ccc(-c6ccccc6)nc5c4)c4c(N)nccn43)C2)CC1,5.310055737750892
450,CN1CCN(c2ccc(NC(=O)c3nnc(Nc4ccccc4F)o3)cn2)CC1,4.9599948383284165
451,CN1CCN(c2ccc3nc(-c4c(N)c5c(F)cccc5[nH]c4=O)[nH]c3c2)CC1,3.9190780923760737
452,CN1CCN(c2nc3ccccc3cc2Cn2nc(-c3ccc4nc(N)sc4c3)c3c(N)ncnc32)CC1,5.0
453,CN1c2ccccc2C(c2ccccc2F)=NCC1CNC(=O)c1ccc(Cl)cc1,4.089905111439398
454,CNC(=O)CCN1C(=O)C(NC(=O)c2cc3cc(Cl)sc3[nH]2)Cc2ccccc21,4.209515014542631
455,CNC(=O)CCc1nc(-c2ccc(OC)cc2)no1,5.9599948383284165
456,CNC(=O)CN1C(=O)C(NC(=O)c2cc3cc(Cl)sc3[nH]2)Cc2ccccc21,3.7323937598229686
457,CNC(=O)Cc1ccc2c(=O)cc(-c3cccnc3)[nH]c2c1,5.660011221289331
458,CNC(=O)N1c2ccccc2C=Cc2ccccc21,5.580012112529424
459,CNC(=O)Nc1cc(-c2ccccc2)sc1C(N)=O,3.041392685158225
460,CNC(=O)Nc1nc2ccc(-c3cncc(S(=O)(=O)NC(C)(C)C)c3)cn2n1,4.940018155007663
461,CNC(=O)[C@@H](C)N(C)Cc1cc2c(Nc3cccc(Cl)c3F)ncnc2cc1OC,5.810030786405839
462,CNC(=O)[C@@H](C)Oc1cccc2ncnc(Nc3ccc(OCc4ccccn4)c(Cl)c3)c12,3.204119982655925
463,CNC(=O)[C@@H](C)Oc1cccc2ncnc(Nc3ccc4c(cnn4Cc4cccc(F)c4)c3)c12,2.3010299956639813
464,CNC(=O)[C@@H](C)Oc1cccc2ncnc(Nc3ccc4c(cnn4Cc4ccccn4)c3)c12,3.7781512503836434
465,CNC(=O)[C@@H](C)Oc1cccc2ncnc(Nc3ccc4c(cnn4Cc4nccs4)c3)c12,3.113943352306837
466,CNC(=O)[C@@H](NC(=O)[C@H](CC(C)C)[C@@H](Sc1ccccc1)C(=O)NO)C(C)(C)C,4.920123326290724
467,CNC(=O)[C@@H](NC(=O)[C@H](CC(C)C)[C@H](OCc1cc2c(O)nc(C)nc2cc1Br)C(=O)NO)C(C)(C)C,5.660011221289331
468,CNC(=O)[C@@H](NC(=O)[C@H](CC(C)C)[C@H](OCc1cc2ccccc2n(C)c1=O)C(=O)NO)C(C)(C)C,5.43007505555194
469,CNC(=O)[C@@H](NC(=O)[C@H](CC(C)C)[C@H](OCc1cccc2cccnc12)C(=O)NO)C(C)(C)C,6.0
470,CNC(=O)[C@@H](NC(=O)[C@H](CC(C)C)[C@H](Sc1ccc(OC)c(OC)c1)C(=O)NO)C(C)(C)C,6.109983294819893
471,CNC(=O)[C@@H](NC(=O)[C@H](CC(C)C)[C@H](Sc1ccc2c(c1)CCC(=O)N2C)C(=O)NO)C(C)(C)C,5.599992177584098
472,CNC(=O)[C@H](Cc1ccccc1)NC(=O)[C@H](CC(C)C)[C@H](CSc1ccccc1)C(=O)NO,4.049218022670182
473,CNC(=O)[C@H]1CCCN1Cc1cc2c(Nc3cccc(Cl)c3F)ncnc2cc1OC,5.449940988773338
474,CNC(=O)c1c(-c2ccc(F)cc2)oc2cc(N(CCO)S(C)(=O)=O)c(C3CC3)cc12,4.780317312140151
475,CNC(=O)c1cc(-c2ccc3c(N4CCOC[C@@H]4C)nc(N4CCOC[C@@H]4C)nc3n2)ccc1OC,4.640481436970422
476,CNC(=O)c1cc(-c2ccccc2)sc1NC(N)=O,4.079181246047625
477,CNC(=O)c1cc(-c2nc(N3CCOCC3)cc(C3(S(C)(=O)=O)CC3)n2)c2cc[nH]c2c1,4.670245853074124
478,CNC(=O)c1cc(COc2nnc(Nc3ccc(Cl)cc3)c3ccoc23)ccn1,2.4771212547196626
479,CNC(=O)c1cc(Oc2ccc(NC(=O)Nc3ccc(Cl)c(C(F)(F)F)c3)cc2)ccn1,3.7323937598229686
480,CNC(=O)c1ccc(C)c(-n2c(C)cc(OCc3ccc(F)cc3F)c(Br)c2=O)c1,4.330413773349191
481,CNC(=O)c1ccc(CC(=O)N(C)C2CCN(Cc3ccc(C(F)(F)F)cc3)CC2)cc1,5.030194785356751
482,CNC(=O)c1ccc(CN2CCC(c3ccc(C(=O)Nc4ccccc4N)cc3)CC2)cc1,3.681241237375587
483,CNC(=O)c1ccc(N2C(=S)N(c3ccc(C#N)c(C(F)(F)F)c3)C(=O)C23CCC3)cc1F,3.204119982655925
484,CNC(=O)c1ccc(Nc2ncc(F)c(-c3cnc(C)n3C(C)C)n2)cc1,4.14921911265538
485,CNC(=O)c1ccc(Nc2ncc(F)c(-c3cnc(C)n3C(C)C)n2)cc1F,3.612783856719736
486,CNC(=O)c1ccc(Nc2nccc(-c3cnc(C)n3C(C)C)n2)cc1,5.729974285699556
487,CNC(=O)c1ccc(Nc2nccc(-c3cnc(C)n3C(C)C)n2)cc1F,4.850033257689769
488,CNC(=O)c1ccc(Nc2nccc(-c3cnc(C)n3C3CCCC3)n2)cc1,4.389166084364533
489,CNC(=O)c1ccc(Nc2nccc(-c3cnc(C)n3CC3CC3)n2)cc1,4.419955748489758
490,CNC(=O)c1ccc(Nc2nccc(-c3cnc(C4CC4)n3C(C)C)n2)cc1,3.991226075692495
491,CNC(=O)c1ccc(Nc2nccc(-c3cnc(COC)n3C(C)C)n2)cc1,4.389166084364533
492,CNC(=O)c1ccc(Oc2ccc(C(=O)NCc3ccncc3)cc2)cc1,4.269512944217916
493,CNC(=O)c1ccc(Oc2ccc(C)cc2)cc1,4.0
494,CNC(=O)c1ccc2c(=O)cc(-c3cccnc3)[nH]c2c1,5.489958479424835
495,CNC(=O)c1ccccc1Nc1nc(Nc2ccc(N3CCOCC3)cc2OC)ncc1Cl,2.6020599913279625
496,CNC(=O)c1ccccc1Sc1ccc2c(/C=C/c3ccccn3)n[nH]c2c1,2.6989700043360187
497,CNCCC(Oc1ccc(C(F)(F)F)cc1)c1ccccc1,6.159988050381987
498,CNCc1ccc(-c2[nH]c3cc(F)cc4c3c2CCNC4=O)cc1,5.929980590515514
499,CNS(=O)(=O)c1ccc(Nc2nccc(-c3cnc(C)n3C)n2)cc1,3.431363764158988
500,CNS(=O)(=O)c1ccc(Nc2nccc(-c3cnc4cccnn34)n2)cc1,2.845098040014257
501,CNc1cccc(CCCc2ccc(C[C@H](NC(=O)c3c(Cl)cccc3Cl)C(=O)O)cc2)n1,6.180011119057718
502,CNc1cccc(CCCc2ccc(C[C@H](NC(=O)c3c(Cl)cccc3Cl)C(=O)O)s2)n1,5.5199591807520685
503,CNc1cccc(CCOc2ccc(C[C@H](NC(=O)c3c(C)noc3C)C(=O)O)cc2)n1,6.029992175377847
504,CNc1cccc(CCOc2ccc(C[C@H](NC(=O)c3c(Cl)cccc3Cl)C(=O)O)cc2)n1,6.180011119057718
505,CNc1cccc(CCOc2ccc(C[C@H](NC(=O)c3c(Cl)cncc3Cl)C(=O)O)cc2)n1,6.130011949671904
506,CNc1cccc(CCOc2ccc(C[C@H](NC(=O)c3c(F)cccc3Cl)C(=O)O)cc2)n1,6.090011024007147
507,CNc1cccc(CCOc2ccc(C[C@H](NC(=O)c3ccc(F)cc3Cl)C(=O)O)cc2)n1,5.6699673699085045
508,CNc1cccc(CCOc2ccc(C[C@H](NC(=O)c3ccccc3Cl)C(=O)O)cc2)n1,5.599992177584098
509,CNc1nc2ccc(NC(C)=O)cc2s1,5.539953841656397
510,CNc1ncc(C(=O)c2ccccc2)s1,5.859978441642021
511,CNc1ncnc2c(CNc3cc(NC(=O)c4ccc5c(c4)OCCO5)ccc3C)cccc12,3.9684829485539352
512,COC(=O)C1=C(C#N)NC(C)=C(C(=O)OC(C)C)C1c1cccc([N+](=O)[O-])c1,3.322219294733919
513,COC(=O)C1=C(C)NC(C)=C(C(=O)OC)C1c1ccccc1[N+](=O)[O-],4.320146286111054
514,COC(=O)C1=C(C)NC(C)=C(C(=O)OCC(C)C)C1c1ccccc1[N+](=O)[O-],3.342422680822206
515,COC(=O)C1=C(C)NC(C)=C(C(=O)OCCN(C)Cc2ccccc2)C1c1cccc([N+](=O)[O-])c1,3.869231719730976
516,COC(=O)CN1C(=O)C(NC(=O)c2cc3cc(Cl)sc3[nH]2)Cc2ccccc21,2.6020599913279625
517,COC(=O)COc1ccc(C(=O)Nc2ccc(F)cc2)cn1,4.740362689494244
518,COC(=O)N[C@H](C(=O)N1CCC[C@H]1c1ncc(-c2ccc(-c3ccc(-c4cnc([C@@H]5CCCN5C(=O)[C@@H](NC(=O)OC)C(C)C)[nH]4)cc3)cc2)[nH]1)C(C)C,4.008600171761918
519,COC(=O)Nc1nc2cc(C(=O)c3ccccc3)ccc2[nH]1,3.0
520,COC1(c2cc(F)cc(OCc3ccc4c(ccc(=O)n4C)c3)c2)CCOCC1,3.505149978319906
521,COC1=C(c2ccccc2)C(=O)c2ccccc2C1=O,3.90848501887865
522,COC1CCN(C(=O)C2CCN(CCc3c(-c4cc(C)cc(C)c4)[nH]c4sc(C(C)(C)C(=O)N5C6CCC5CC6)cc34)CC2)C1,4.850033257689769
523,COC1CCN(C(=O)C2CCN(CCc3c(-c4cc(C)cc(C)c4)[nH]c4sc(C(C)(C)C(=O)N5C6CCC5CC6)cc34)CC2)CC1,4.469822015978163
524,COCC(=O)N1CCC(n2cc(-c3cnc(N)c(-c4nc5ccccc5o4)c3)cn2)CC1,3.278753600952829
525,COCC(=O)NC/C=C/c1ccc2ncnc(Nc3ccc(Oc4ccc(C)nc4)c(C)c3)c2c1,3.041392685158225
526,COCC(C)(C)Oc1cc(O[C@@H](C)Cc2ccccc2)cc(C(=O)Nc2ccc(C(=O)O)cn2)c1,5.279894980011638
527,COCC(C)Nc1nc(N2CCOC[C@@H]2C)c2ccc(-c3ccc(OC)c(CO)c3)nc2n1,5.220108088040055
528,COCCC(=O)N(C)c1ccc(Nc2ncc3cc(-c4ccncc4)ccc3n2)cc1,4.320146286111054
529,COCCC(NC(=O)C1(N)CCN(c2ncnc3[nH]ccc23)CC1)c1ccc(Cl)cc1,4.720159303405957
530,COCCC(Oc1ncnc2c1cnn2-c1ccccc1C(F)(F)F)C(=O)Nc1ccc(C)cn1,4.889861721258188
531,COCCCNS(=O)(=O)c1ccc(Nc2nccc(-c3cnc4ccccn34)n2)cc1,3.380211241711606
532,COCCCc1cc(Nc2nc(NCc3cc(C)no3)ncc2Br)n[nH]1,5.07990446766672
533,COCCN(C)C(=O)[C@@H](C)Oc1cccc2ncnc(Nc3ccc(Oc4ccc(C)nc4)c(C)c3)c12,4.049218022670182
534,COCCN(C)S(=O)(=O)c1ccc(Nc2nccc(-c3cnc(C)n3C)n2)cc1,4.749736315569061
535,COCCN(Cc1cc2c(Nc3cccc(Cl)c3F)ncnc2cc1OC)[C@@H](C)C(N)=O,5.220108088040055
536,COCCN(c1ccnc(Nc2cc(N3CCOCC3)cc(N3CCOCC3)c2)n1)c1cc(CO)ccc1C,5.480006942957151
537,COCCN1C(=O)C(NC(=O)c2cc3cc(Cl)sc3[nH]2)Cc2ccccc21,3.278753600952829
538,COCCN1CCC(Oc2cc3c(Nc4cc(Cl)ccc4F)ncnc3cc2OC)CC1,5.319938439980309
539,COCCN1CCC(Oc2cc3c(Nc4cccc(Cl)c4F)ncnc3cc2OC)CC1,3.544068044350276
540,COCCNS(=O)(=O)c1ccc(Nc2ncc(Cl)c(-c3cnc4ccccn34)n2)cc1,2.4771212547196626
541,COCCNS(=O)(=O)c1ccc(Nc2nccc(-c3c(C)nc(C)n3C)n2)cc1,5.340047317661393
542,COCCNS(=O)(=O)c1ccc(Nc2nccc(-c3cnc(C)n3C(C)C)n2)cc1,5.560026248912893
543,COCCNS(=O)(=O)c1ccc(Nc2nccc(-c3cnc(C)n3C3CCCC3)n2)cc1,4.729974285699556
544,COCCNS(=O)(=O)c1ccc(Nc2nccc(-c3cnc(C)n3CC(C)C)n2)cc1,4.2405492482826
545,COCCNS(=O)(=O)c1ccc(Nc2nccc(-c3cnc4ccccn34)n2)cc1,2.845098040014257
546,COCCNS(=O)(=O)c1ccc(Nc2nccc(-c3cnc4cccnn34)n2)cc1,3.857332496431269
547,COCCOC(=O)C1=C(C)NC(C)=C(C(=O)OC(C)C)C1c1cccc([N+](=O)[O-])c1,3.4913616938342726
548,COCCOCCOc1ccc(-c2cc(C(N)=O)c(NC(N)=O)s2)cc1,4.320146286111054
549,COCCOc1cc(Nc2nccc(N(C)c3cc(CO)ccc3C)n2)cc(N2CCOCC2)c1,5.100025730107863
550,COCCOc1cc2c(Oc3cnn(CC(=O)Nc4cccc(OC)c4)c3)ncnc2cc1OC,3.4913616938342726
551,COCCOc1cc2nccc(Nc3ccc(Cl)cc3F)c2cc1OC,4.5301996982030825
552,COCCOc1cc2ncnc(Nc3ncc(CC(=O)Nc4cccc(F)c4)s3)c2cc1OC,2.7781512503836434
553,COCCOc1cc2nncc(Nc3cc(O)c(Cl)cc3F)c2cc1OC,2.0
554,COCCOc1ccc(-c2cc(C(N)=O)c(NC(N)=O)s2)cc1,4.281033367247727
555,COCCOc1nc(N)c2[nH]c(=O)n(Cc3cccc(CC(=O)OC)c3)c2n1,4.340444114840119
556,COCCS(=O)(=O)N1CCN(c2ccc(Nc3nccc(-c4cnc(C)n4C(C)C)n3)cc2)CC1,4.14921911265538
557,COCCS(=O)(=O)c1ccc(Nc2nccc(-c3cnc(C)n3C(C)C)n2)cc1,4.790285164033242
558,COCC[C@H](Oc1ncnc2c1cnn2-c1ccccc1Cl)C(=O)Nc1ccc(C)cn1,5.0
559,COC[C@@H](C(N)=O)N(C)Cc1cc2c(Nc3cccc(Cl)c3F)ncnc2cc1OC,3.57978359661681
560,COC[C@H](C)Oc1cc(O[C@@H](C)Cc2cc(F)cc(F)c2)cc(C(=O)Nc2ccc(C(=O)O)cn2)c1,5.810030786405839
561,COC[C@H](C)Oc1cc(O[C@@H](C)Cc2ccc(F)cc2)cc(C(=O)Nc2ccc(C(=O)O)cn2)c1,6.099991233544684
562,COC[C@H](C)Oc1cc(O[C@@H](C)Cc2ccccc2)cc(C(=O)Nc2ccc(C(=O)O)cn2)c1,6.16999753706657
563,COC[C@H](C)Oc1cc(O[C@@H](C)Cc2ccccc2OC)cc(C(=O)Nc2ccc(C(=O)O)cn2)c1,5.769967801329442
564,COC[C@H](C)Oc1cc(Oc2cc(F)cc(F)c2)cc(C(=O)Nc2ccc(C(=O)O)cn2)c1,5.920018916028915
565,COC[C@H](C)Oc1cc(Oc2ccc(Cl)cc2)cc(C(=O)Nc2ccc(C(=O)O)cn2)c1,5.889973638403996
566,COC[C@H](C)Oc1cc(Oc2ccc(OC)cc2)cc(C(=O)Nc2ccc(C(=O)O)cn2)c1,6.180011119057718
567,COC[C@H](C)Oc1cc(Oc2cccc(Cl)c2)cc(C(=O)Nc2ccc(C(=O)O)cn2)c1,6.070000903802345
568,COC[C@H](C)Oc1cc(Oc2cccc(F)c2)cc(C(=O)Nc2ccc(C(=O)O)cn2)c1,6.140004950619449
569,COC[C@H](C)Oc1cc(Oc2cccc(N(C)C)c2)cc(C(=O)Nc2ccc(C(=O)O)cn2)c1,6.130011949671904
570,COC[C@H](C)Oc1cc(Oc2cccc(OC)c2)cc(C(=O)Nc2ccc(C(=O)O)cn2)c1,6.16999753706657
571,COC[C@H](C)Oc1cc(Oc2ccccc2)cc(C(=O)Nc2ccc(C(=O)O)cn2)c1,5.639984248041588
572,CON(C)C(=O)c1c(Cn2c(C)nc(Cl)c2Cl)sc2c1c(=O)n(C)c(=O)n2CC(C)C,5.710032699065754
573,CO[C@@H](C(=O)N1Cc2[nH]nc(NC(=O)c3ccc(N4CCN(C)CC4)cc3)c2C1)c1ccccc1,5.290034611362518
574,CO[C@@H]1CN(Cc2ccc(C(F)(F)F)cc2)CC[C@@H]1N(C)C(=O)Cc1ccc(-n2cnnn2)cc1,4.88024177589548
575,CO[C@H]1CN(Cc2ccc(C(F)(F)F)cc2)CC[C@H]1N(C)C(=O)Cc1ccc(-n2cnnn2)cc1,5.419955748489758
576,CO[C@]1(c2cc(F)cc(S(=O)(=O)c3ccc(/C(C)=N/O)cc3)c2)CCO[C@@H](C)C1,3.6720978579357175
577,COc1c(C)c2c(c(O)c1C/C=C(\C)CCC(=O)NO)C(=O)OC2,6.0
578,COc1c(C)c2c(c(O)c1C/C=C(\C)CCC(=O)OCCN1CCOCC1)C(=O)OC2,4.940018155007663
579,COc1c(C)cnc(Cn2cnc3c(Cl)nc(N)nc32)c1C,5.00987563371216
580,COc1c(Nc2ccc(S(C)(=O)=O)nc2C)ncnc1OC1CCN(C(=O)OC(C)C)CC1,4.1702617153949575
581,COc1cc(-c2cccc3c(=O)cc(N4CCOCC4)oc23)ccc1NC(=O)CN1CCOCC1,4.12057393120585
582,COc1cc(-c2cnc(N)c(-c3nc4ccccc4[nH]3)c2)cc(OC)c1OC,2.6989700043360187
583,COc1cc(-c2nc(N3CCOCC3)cc(C3(S(C)(=O)=O)CC3)n2)c2cc[nH]c2c1,3.4913616938342726
584,COc1cc(-c2nn[nH]n2)ccc1Cn1ncc2ccc(NC(=O)OC3CCCC3)cc21,4.640481436970422
585,COc1cc(C(=O)N2CCOCC2)ccc1Nc1ncc(Cl)c(-c2cnc3ccccn23)n1,3.204119982655925
586,COc1cc(C(=O)NC2CCN(C)CC2)ccc1Nc1ncc2c(n1)N(C1CCCCC1)CCC(=O)N2C,5.139879086401237
587,COc1cc(C(=O)NS(=O)(=O)c2ccccc2)ccc1Cn1ccc2ccc(NC(=O)OC3CCCC3)cc21,3.707570176097936
588,COc1cc(C(=O)NS(=O)(=O)c2ccccc2)ccc1Cn1ncc2ccc(NC(=O)CC3CCCC3)cc21,5.400019635065158
589,COc1cc(C(=O)NS(=O)(=O)c2ccccc2C)ccc1Cc1c[nH]c2ccc(NC(=O)CC3CCCC3)cc12,3.4471580313422194
590,COc1cc(C(=O)NS(=O)(=O)c2ccccc2C)ccc1Cc1cn(C)c2ccc(C(=O)NCCc3ccccc3)cc12,5.159867847092567
591,COc1cc(C(=O)O)ccc1Cc1cn(C)c2ccc(NC(=O)CC3CCCC3)cc12,5.269979676645324
592,COc1cc(C(=O)O)ccc1Cn1ccc2ccc(NC(=O)OC3CCCC3)cc21,5.269979676645324
593,COc1cc(C(CO)CO)ccc1Nc1ncc(Cl)c(-c2cnc3ccccn23)n1,3.832508912706236
594,COc1cc(C2CCN(C(C)=O)CC2)ccc1Nc1ncc(Cl)c(-c2cnc3ccccn23)n1,3.342422680822206
595,COc1cc(C2CCNCC2)ccc1Nc1ncc(Cl)c(-c2cnc3ccccn23)n1,4.650307523131937
596,COc1cc(CCc2cc(Nc3ccnc(NCc4cc(C)no4)n3)n[nH]2)cc(OC)c1,2.7781512503836434
597,COc1cc(CCc2cc(Nc3ccnc(NCc4cc(C)on4)n3)n[nH]2)cc(OC)c1,3.633468455579586
598,COc1cc(CO)cc(N(C)c2ccnc(Nc3cc(N4CCOCC4)cc(N4CCOCC4)c3)n2)c1,5.290034611362518
599,COc1cc(N2CC3CN(CCO)CC(C2)O3)ccc1Nc1ncc(Cl)c(-c2cnc3ccccn23)n1,3.707570176097936
600,COc1cc(N2CC3CNCC(C2)O3)ccc1Nc1ncc(Cl)c(-c2cnc3ccccn23)n1,4.399673721481038
601,COc1cc(N2CC3COCC(C2)N3)ccc1Nc1ncc(Cl)c(-c2cnc3ccccn23)n1,3.4149733479708178
602,COc1cc(N2CCCN(C(C)=O)CC2)ccc1Nc1ncc(Cl)c(-c2cnc3ccccn23)n1,3.380211241711606
603,COc1cc(N2CCN(C(=O)[C@@H]3CCCC[C@H]3C(=O)NC3(C#N)CC3)[C@H](C)C2)ccc1C1CC1,5.310055737750892
604,COc1cc(N2CCN(C(=O)[C@H](C)O)CC2)ccc1Nc1ncc(Cl)c(-c2cnc3ccccn23)n1,3.1760912590556813
605,COc1cc(N2CCN(C(C)=O)CC2)ccc1Nc1ncc(C#N)c(-c2cnc3ccccn23)n1,2.9542425094393248
606,COc1cc(N2CCN(C(C)=O)CC2)ccc1Nc1ncc(C(F)(F)F)c(-c2cnc3ccccn23)n1,3.949390006644913
607,COc1cc(N2CCN(C(C)=O)CC2)ccc1Nc1ncc(C)c(-c2cnc3ccccn23)n1,3.6989700043360183
608,COc1cc(N2CCN(C(C)=O)CC2)ccc1Nc1ncc(Cl)c(-c2cnc3c(CO)cccn23)n1,2.6989700043360187
609,COc1cc(N2CCN(C(C)=O)CC2)ccc1Nc1ncc(Cl)c(-c2cnc3c(F)cccn23)n1,3.4471580313422194
610,COc1cc(N2CCN(C(C)=O)CC2)ccc1Nc1ncc(Cl)c(-c2cnc3c(N)cccn23)n1,2.9542425094393248
611,COc1cc(N2CCN(C(C)=O)CC2)ccc1Nc1ncc(Cl)c(-c2cnc3cc(CO)ccn23)n1,4.359835482339888
612,COc1cc(N2CCN(C(C)=O)CC2)ccc1Nc1ncc(Cl)c(-c2cnc3cc(N4CCCC4)ccn23)n1,3.146128035678238
613,COc1cc(N2CCN(C(C)=O)CC2)ccc1Nc1ncc(Cl)c(-c2cnc3ccc(F)cn23)n1,3.113943352306837
614,COc1cc(N2CCN(C(C)=O)CC2)ccc1Nc1ncc(Cl)c(-c2cnc3ccccn23)n1,3.278753600952829
615,COc1cc(N2CCN(C(C)=O)CC2)ccc1Nc1ncc(F)c(-c2cnc3ccccn23)n1,4.161368002234975
616,COc1cc(N2CCN(C(C)=O)CC2)ccc1Nc1ncc(OC)c(-c2cnc3ccccn23)n1,3.113943352306837
617,COc1cc(N2CCN(CC(=O)N(C)C)CC2)ccc1Nc1ncc(Cl)c(-c2cnc3ccccn23)n1,3.6989700043360183
618,COc1cc(N2CCN(CCO)CC2)ccc1Nc1ncc(Cl)c(-c2cnc3ccccn23)n1,4.820201459485641
619,COc1cc(N2CCNC(=O)C2)ccc1Nc1ncc(Cl)c(-c2cnc3ccccn23)n1,3.690196080028514
620,COc1cc(N2CCNCC2)ccc1Nc1ncc(Cl)c(-c2cnc3ccccn23)n1,4.1702617153949575
621,COc1cc(N2CCOCC2)ccc1Nc1ncc(Cl)c(-c2cnc3ccccn23)n1,4.209515014542631
622,COc1cc(NC(=O)Nc2cccc(CNC(=O)O[C@H]3CCOC3)c2)ccc1-c1cnco1,3.113943352306837
623,COc1cc(NS(=O)(=O)c2ccc(N)cc2)nc(OC)n1,6.109983294819893
624,COc1cc(Nc2c(C#N)cnc3cc(OCCCN4CCN(C)CC4)c(OC)cc23)c(Cl)cc1Cl,3.690196080028514
625,COc1cc(Nc2cc(Nc3c(Cl)ccc4c3OCO4)ncn2)cc(OC)c1OC,3.397940008672037
626,COc1cc(Nc2cc(Oc3ccc(C)nc3)ccn2)cc(OC)c1OC,4.4996870826184034
627,COc1cc(Nc2cc(Oc3ccc(C)nc3C)ccn2)cc(OC)c1OC,3.832508912706236
628,COc1cc(Nc2cc(Oc3cccnc3)ccn2)cc(OC)c1OC,4.9698816437465
629,COc1cc(Nc2cc(Oc3cccnc3C)ccn2)cc(OC)c1OC,4.780317312140151
630,COc1cc(Nc2nccc(N(C)c3cc(CO)ccc3C)n2)cc(N2CCOCC2)c1,4.749736315569061
631,COc1cc(Nc2nccc(Nc3c(Cl)ccc4c3OCO4)n2)cc(OC)c1OC,3.7323937598229686
632,COc1cc(Nc2ncnc(Nc3c(Cl)ccc4c3OCO4)n2)cc(OC)c1OC,3.792391689498254
633,COc1cc(Nc2ncnc3[nH]nc(OCCN4CCC(O)CC4)c23)ccc1OCc1cccc(F)c1,3.7481880270062
634,COc1cc(Nc2ncnc3cccc(O[C@H](C)C(=O)N4CCOCC4)c23)ccc1Oc1ccc(C)nc1,4.570542939881897
635,COc1cc(OC)cc(-c2cc3cnc(N)nc3nc2N)c1,4.198657086954422
636,COc1cc(OC)cc(-c2cc3cnc(N)nc3nc2NC(=O)NC(C)(C)C)c1,2.6020599913279625
637,COc1cc(OC)nc(-n2ncc(Cl)c(Cl)c2=O)n1,4.850033257689769
638,COc1cc(OC2CCN(C(C)=O)CC2)ccc1Nc1ncc(Cl)c(-c2cnc3ccccn23)n1,3.230448921378274
639,COc1cc(OC2CCN(C)CC2)c2c(Nc3ccc(F)c(Cl)c3)ncnc2c1,3.322219294733919
640,COc1cc(OC2CCN(C)CC2)c2c(Nc3cccc4c3OCO4)ncnc2c1,4.9599948383284165
641,COc1cc(OC2CCNCC2)ccc1Nc1ncc(Cl)c(-c2cnc3ccccn23)n1,4.489958479424835
642,COc1cc(OC2CCOCC2)c2c(Nc3ccc(F)c(Cl)c3)ncnc2c1,2.0
643,COc1cc(OC2CN(C(C)=O)C2)ccc1Nc1ncc(Cl)c(-c2cnc3ccccn23)n1,3.230448921378274
644,COc1cc(OC2CNC2)ccc1Nc1ncc(Cl)c(-c2cnc3ccccn23)n1,4.910090545594068
645,COc1cc(Oc2ccc(C(=O)NCc3ccncc3)cc2)ccc1[N+](=O)[O-],4.330413773349191
646,COc1cc(Oc2ccnc3cc(F)ccc23)ccc1CC(=O)Nc1noc(C)c1C,3.544068044350276
647,COc1cc(Oc2ccnc3cc(OC)c(OC)cc23)ccc1CC(=O)Nc1cn(C)nc1C,3.949390006644913
648,COc1cc(Oc2ccnc3cc(OC)c(OC)cc23)ccc1CC(=O)Nc1noc(C)c1C,4.2405492482826
649,COc1cc(Oc2ncnc3cc(OC)c(OC)cc23)ccc1CC(=O)Nc1cn(C)nc1C,3.255272505103306
650,COc1cc(S(N)(=O)=O)c(OC)cc1N,4.9698816437465
651,COc1cc2c(NC(=O)Nc3c(Cl)cccc3Cl)ncnc2cc1OCC1CCN(C)CC1,4.0
652,COc1cc2c(NC(=O)Nc3ccccc3Cl)ncnc2cc1OCC1CCN(C)CC1,2.4771212547196626
653,COc1cc2c(Nc3c(Cl)ccc4c3OCO4)ncnc2cc1OCCCN1CCOCC1,4.850033257689769
654,COc1cc2c(Nc3c(Cl)ccc4c3OCO4)ncnc2cc1OCc1ccnc(C#N)c1,4.008600171761918
655,COc1cc2c(Nc3cc(CC(=O)Nc4cc(F)cc(F)c4)[nH]n3)ncnc2cc1OCCCN1CCC(CO)CC1,5.330007700872759
656,COc1cc2c(Nc3cc(CC(=O)Nc4cccc(F)c4)[nH]n3)ncnc2cc1OCCCN1CCC(CO)CC1,5.830010935936118
657,COc1cc2c(Nc3cc(CC(=O)Nc4cccc(F)c4)[nH]n3)ncnc2cc1OCCCN1CCC[C@@H]1CO,5.210050849875137
658,COc1cc2c(Nc3cc(CC(=O)Nc4cccc(F)c4)[nH]n3)ncnc2cc1OCCCNCCO,5.340047317661393
659,COc1cc2c(Nc3cc(CC(=O)Nc4cccc(F)c4F)[nH]n3)ncnc2cc1OCCCN(CCO)CC(C)C,5.119915410257991
660,COc1cc2c(Nc3cc(CC(=O)Nc4cccc(F)c4F)[nH]n3)ncnc2cc1OCCCN1CCC(CCO)CC1,6.080012847107928
661,COc1cc2c(Nc3cc(CC(=O)Nc4cccc(F)c4F)[nH]n3)ncnc2cc1OCCCN1CCC[C@@H]1CO,5.909983694939844
662,COc1cc2c(Nc3cc(CC(=O)Nc4cccc(F)c4F)[nH]n3)ncnc2cc1OCCCN1CCC[C@H]1CO,6.0
663,COc1cc2c(Nc3ccc(Br)cc3F)ncnc2cc1OC/C=C/CN1CCCC1,5.380030247967831
664,COc1cc2c(Nc3ccc(Br)cc3F)ncnc2cc1OCCCN1CCN(C)CC1,4.620136054973758
665,COc1cc2c(Nc3ccc(Br)cc3F)ncnc2cc1OC[C@@H]1CCCN(C)C1,5.229937685907934
666,COc1cc2c(Nc3ccc(Cc4ccccc4)cc3)c(C#N)cnc2cc1OCCCN1CCOCC1,2.7781512503836434
667,COc1cc2c(Nc3ccc(Cl)cc3F)ncnc2cc1OC/C=C/CN1CCCC1,5.880012838366771
668,COc1cc2c(Nc3ccc(Cl)cc3F)ncnc2cc1OCCCN1CCOCC1,4.340444114840119
669,COc1cc2c(Nc3ccc(Cl)cc3F)ncnc2cc1OCCn1ccnn1,3.1760912590556813
670,COc1cc2c(Nc3ccc(Cl)cc3F)ncnc2cc1OC[C@@H]1CCCN(C)C1,5.229937685907934
671,COc1cc2c(Nc3ccc(NC(=O)c4ccccc4)cc3)ncnc2cc1OCCCN1CCOCC1,3.397940008672037
672,COc1cc2c(Nc3ccc(Oc4ccccc4)cc3)c(C#N)cnc2cc1OCCCN1CCOCC1,2.9542425094393248
673,COc1cc2c(Nc3cnc(NC(=O)c4ccc(F)c(Cl)c4)nc3)ncnc2cc1OCCCN1CCOCC1,3.146128035678238
674,COc1cc2c(Nc3cnc(NC(=O)c4ccccc4)nc3)ncnc2cc1OCCCN1CCOCC1,3.5563025007672877
675,COc1cc2c(Nc3cnc(NC(=O)c4ccccc4)nc3)ncnc2cc1OC[C@@H](O)CN1CCCCC1,6.180011119057718
676,COc1cc2c(Nc3ncc(CC(=O)Nc4cccc(F)c4)s3)ncnc2cc1OCCCN1CCC(CO)CC1,4.429752280002408
677,COc1cc2c(Nc3ncc(CC(=O)Nc4cccc(F)c4)s3)ncnc2cc1OCCCN1CCN(C)CC1,3.255272505103306
678,COc1cc2c(Nc3ncc(CC(=O)Nc4cccc(F)c4)s3)ncnc2cc1OCCCNCCO,2.6020599913279625
679,COc1cc2c(Nc3ncc(CC(=O)Nc4cccc(F)c4F)s3)ncnc2cc1OCCCN1CCC[C@H]1CO,2.7781512503836434
680,COc1cc2c(Nc3ncc(CC(=O)Nc4ccccc4)s3)ncnc2cc1OCCCN1CCOCC1,2.6020599913279625
681,COc1cc2c(Nc3ncc(CNS(=O)(=O)c4cccc(F)c4)s3)ncnc2cc1OCCCN1CCC(CO)CC1,5.480006942957151
682,COc1cc2c(Oc3ccc(NC(=O)C4(C(=O)Nc5ccc(F)cc5)CC4)cc3F)ccnc2cc1OCCCN1CCOCC1,3.0
683,COc1cc2c(c(OC)c1OC)-c1ccc(O)cc1[C@@H](NC(C)=O)CC2,5.909983694939844
684,COc1cc2cc(-c3ccc(O)cc3O)nc(C)c2cc1OC,3.0791812460476247
685,COc1cc2cc(O)nc(C)c2cc1OC,5.319938439980309
686,COc1cc2nc(N3CCN(C(=O)c4ccco4)CC3)nc(N)c2cc1OC,4.1702617153949575
687,COc1cc2ncc(C#N)c(Nc3ccc(Oc4ccccc4)cc3)c2cc1OC,3.146128035678238
688,COc1cc2ncc(C(N)=O)c(Nc3ccc(C)cc3F)c2cc1OC,3.812913356642856
689,COc1cc2ncc(C(N)=O)c(Nc3cccc(Cl)c3)c2cc1OC,4.0
690,COc1cc2ncc(C(N)=O)c(Nc3ccccc3F)c2cc1OC,4.340444114840119
691,COc1cc2nccc(Nc3ccc(Oc4ccccc4)cc3)c2cc1OC,3.4149733479708178
692,COc1cc2nccc(Oc3ccc(NC(=O)Nc4cc(C)on4)c(Cl)c3)c2cc1OC,3.9684829485539352
693,COc1cc2ncnc(NCc3ccccc3)c2cc1OC,4.589949601325708
694,COc1cc2ncnc(Nc3cc(Cl)ccc3F)c2cc1OC1CCN(CC(N)=O)CC1,3.949390006644913
695,COc1cc2ncnc(Nc3cc(Cl)ccc3F)c2cc1OC1CCN(S(C)(=O)=O)CC1,3.0
696,COc1cc2ncnc(Nc3cc(Cl)ccc3F)c2cc1OCCCN1CCOCC1,5.510008512940234
697,COc1cc2ncnc(Nc3cc(NC(=O)c4cccc(N5CCOCC5)c4)ccc3C)c2cc1OC,4.161368002234975
698,COc1cc2ncnc(Nc3cc(NC(=O)c4ccccc4)c(Cl)cc3F)c2cc1OC,3.278753600952829
699,COc1cc2ncnc(Nc3cc(NC(=O)c4ccccc4)ccc3Cl)c2cc1OC,4.0
700,COc1cc2ncnc(Nc3cc(NC(=O)c4ccnc(N5CCOCC5)c4)ccc3C)c2cc1OCCN(C(C)C)C(C)C,5.380030247967831
701,COc1cc2ncnc(Nc3cc(NC(=O)c4ccnc(N5CCOCC5)c4)ccc3C)c2cc1OCCN1CCCCC1,5.909983694939844
702,COc1cc2ncnc(Nc3cc(NC(=O)c4ccnc(N5CCOCC5)c4)ccc3C)c2cc1OCCN1CCOCC1,4.820201459485641
703,COc1cc2ncnc(Nc3cc(O)c(C)cc3F)c2cc1OC,3.342422680822206
704,COc1cc2ncnc(Nc3cc4ccccc4cn3)c2cc1OC,2.4771212547196626
705,COc1cc2ncnc(Nc3ccc(Br)cc3F)c2cc1OC,3.832508912706236
706,COc1cc2ncnc(Nc3ccc(C)c(O)c3)c2cc1OC,3.643452676486187
707,COc1cc2ncnc(Nc3ccc(Cl)c(O)c3)c2cc1OC,3.146128035678238
708,COc1cc2ncnc(Nc3ccc(F)c(Cl)c3)c2cc1CN(C)[C@H](C)C(N)=O,4.190331698170292
709,COc1cc2ncnc(Nc3ccc(F)c(Cl)c3)c2cc1CN1CCC[C@@H]1C(N)=O,3.707570176097936
710,COc1cc2ncnc(Nc3ccc(F)c(Cl)c3)c2cc1NC(=O)/C=C/CN1CCCCC1,3.832508912706236
711,COc1cc2ncnc(Nc3ccc(F)c(Cl)c3)c2cc1OC,3.857332496431269
712,COc1cc2ncnc(Nc3ccc(F)c(Cl)c3)c2cc1OC1CCN(C)CC1,5.0
713,COc1cc2ncnc(Nc3ccc(F)c(Cl)c3)c2cc1OCC1CCN(C)CC1,5.07990446766672
714,COc1cc2ncnc(Nc3ccc(F)c(Cl)c3)c2cc1OCCCN(C)C,6.109983294819893
715,COc1cc2ncnc(Nc3ccc(F)c(Cl)c3)c2cc1OCCCN1CCCCC1,4.301029995663981
716,COc1cc2ncnc(Nc3ccc(F)c(Cl)c3)c2cc1OCCCn1ccnc1,3.397940008672037
717,COc1cc2ncnc(Nc3ccc(F)c(Cl)c3)c2cc1OCCN1CCN(C)CC1,4.810232517995084
718,COc1cc2ncnc(Nc3ccc(NC(=O)c4ccccc4)cc3)c2cc1OC,4.0
719,COc1cc2ncnc(Nc3ccc(OCc4ccccn4)c(C)c3)c2cc1OC,2.9542425094393248
720,COc1cc2ncnc(Nc3ccc(Oc4ccccc4)cc3)c2cc1OC,2.4771212547196626
721,COc1cc2ncnc(Nc3ccc4c(ccn4Cc4ccccc4)c3)c2cc1OC,2.7781512503836434
722,COc1cc2ncnc(Nc3cccc(Cl)c3F)c2cc1CN(C(C)C)[C@@H](C)C(N)=O,3.0
723,COc1cc2ncnc(Nc3cccc(Cl)c3F)c2cc1CN(C)C1(C(N)=O)CCN(C(C)C)CC1,5.73996769675951
724,COc1cc2ncnc(Nc3cccc(Cl)c3F)c2cc1CN(C)C1(C(N)=O)CCN(C)CC1,5.449940988773338
725,COc1cc2ncnc(Nc3cccc(Cl)c3F)c2cc1CN(C)C1(C(N)=O)CN(C(C)C)C1,4.409933123331294
726,COc1cc2ncnc(Nc3cccc(Cl)c3F)c2cc1CN(C)C1(C(N)=O)CN(C)C1,4.710117365111817
727,COc1cc2ncnc(Nc3cccc(Cl)c3F)c2cc1CN(C)C1CCNC1=O,4.949877704036875
728,COc1cc2ncnc(Nc3cccc(Cl)c3F)c2cc1CN(C)CC(N)=O,4.12057393120585
729,COc1cc2ncnc(Nc3cccc(Cl)c3F)c2cc1CN(C)[C@@H](C)C(N)=O,4.630427875025024
730,COc1cc2ncnc(Nc3cccc(Cl)c3F)c2cc1CN(C)[C@H](C)C(N)=O,4.620136054973758
731,COc1cc2ncnc(Nc3cccc(Cl)c3F)c2cc1CN1CCCC[C@@H]1C(N)=O,4.0
732,COc1cc2ncnc(Nc3cccc(Cl)c3F)c2cc1CN1CCC[C@@H]1C(N)=O,5.290034611362518
733,COc1cc2ncnc(Nc3cccc(Cl)c3F)c2cc1CN1CCC[C@H]1C(N)=O,5.409933123331294
734,COc1cc2ncnc(Nc3cccc(Cl)c3F)c2cc1CN1CCC[C@H]1CC(N)=O,5.369957607346053
735,COc1cc2ncnc(Nc3cccc(Cl)c3F)c2cc1CN1CC[C@H](C(N)=O)C1,4.889861721258188
736,COc1cc2ncnc(Nc3cccc(Cl)c3F)c2cc1CN1C[C@H](OC)C[C@@H]1C(N)=O,5.639984248041588
737,COc1cc2ncnc(Nc3cccc(Cl)c3F)c2cc1OC1CCN(C)CC1,5.089905111439398
738,COc1cc2ncnc(Nc3cccc(Cl)c3F)c2cc1OC1CCN(CC(N)=O)CC1,3.361727836017593
739,COc1cc2ncnc(Nc3cccc(Cl)c3F)c2cc1OC1CCN(S(C)(=O)=O)CC1,3.763427993562937
740,COc1cc2ncnc(Nc3cccc(Cl)c3F)c2cc1OCC1CCN(C)CC1,4.17897694729317
741,COc1cc2ncnc(Nc3cccc(Cl)c3F)c2cc1OCCCN1CCOCC1,4.899820502427096
742,COc1cc2ncnc(Nc3ccccc3)c2cc1OC,5.070037866607756
743,COc1cc2ncnc(Nc3cnn(CC(=O)Nc4ccc(N(C)C)cc4)c3)c2cc1OC,4.929929560084588
744,COc1cc2ncnc(Nc3cnn(CC(=O)Nc4cccc(F)c4)c3)c2cc1OC,3.3010299956639813
745,COc1cc2ncnc(Oc3ccc(CC(=O)Nc4ccc(N(C)C)cn4)cc3)c2cc1OC,3.204119982655925
746,COc1cc2ncnc(Oc3cnn(CC(=O)Nc4ccc(N(C)C)cn4)c3)c2cc1OC,3.8195439355418688
747,COc1ccc(-c2[nH]nc3c2C(=O)c2ccccc2-3)cc1,2.4771212547196626
748,COc1ccc(-c2c(-c3ccc(O)cc3O)n[nH]c2C)cc1,5.319938439980309
749,COc1ccc(-c2cc(N)c(C(N)=O)s2)cc1,4.489958479424835
750,COc1ccc(-c2cc3c(C)nc(N)nc3n([C@H]3CC[C@H](OCCO)CC3)c2=O)cn1,3.9395192526186182
751,COc1ccc(-c2cc3c(N[C@H]4CCCNC4)ncc(C(N)=O)c3s2)cc1,6.019988159591286
752,COc1ccc(-c2ccc3c(N4CCOCC4)nc(N4C[C@@H](C)O[C@@H](C)C4)nc3n2)cc1CO,3.397940008672037
753,COc1ccc(-c2ccc3c(N4CCOC[C@@H]4C)nc(-n4ccnc4)nc3n2)cc1CO,4.419955748489758
754,COc1ccc(-c2ccc3c(N4CCOC[C@@H]4C)nc(N4CCOC[C@@H]4C)nc3n2)cc1C(C)O,5.20002926655377
755,COc1ccc(-c2ccc3c(N4CCOC[C@@H]4C)nc(N4CC[C@@H](O)C4)nc3n2)cc1CO,4.110589710299249
756,COc1ccc(-c2cnn(C3CCS(=O)(=O)C3)c2N)cc1,4.910090545594068
757,COc1ccc(-c2csc(N(CCCN3CCOCC3)C(=O)c3ccco3)n2)cc1,3.041392685158225
758,COc1ccc(-c2csc(NC(=O)c3c(C)noc3C)n2)cc1OC,3.3010299956639813
759,COc1ccc(-c2nc3n(c2Br)CCC3)cc1,4.399673721481038
760,COc1ccc(-c2nnc(-c3ccccc3)o2)cc1,3.612783856719736
761,COc1ccc(/C=C\c2cc(OC)c(OC)c(OC)c2)cc1NC(=O)[C@@H](N)CO,6.180011119057718
762,COc1ccc(/C=C\c2cc(OC)c(OC)c(OC)c2)cc1O,5.159867847092567
763,COc1ccc(Br)c(C=O)c1O,5.6699673699085045
764,COc1ccc(Br)c2c1C(=O)CC2,5.880012838366771
765,COc1ccc(C(=O)C2CCN(C(=O)c3ccc(F)cc3)CC2)cc1,5.310055737750892
766,COc1ccc(C(=O)C2CCN(C(=O)c3ccco3)CC2)cc1,5.580012112529424
767,COc1ccc(C(=O)CS(=O)(=O)c2ccccc2)cc1,4.729974285699556
768,COc1ccc(C(=O)N2CCC(C(=O)c3ccc(F)cc3)CC2)cc1,4.330413773349191
769,COc1ccc(C(=O)Nc2c(Cl)cncc2Cl)c2cccnc12,4.65991620006985
770,COc1ccc(C(=O)Nc2ccc(N3CCCC3)cc2)cc1OC,3.0791812460476247
771,COc1ccc(C(=O)Nc2cccc(NC(=O)c3cccc(N(C)C)c3)c2)cc1OC,3.146128035678238
772,COc1ccc(C(=O)Nc2ccccc2)cc1,4.260071387985075
773,COc1ccc(C(=O)Nc2nccs2)cc1OC,5.119915410257991
774,COc1ccc(C)c(N(C)c2ccnc(Nc3cc(N4CCOCC4)cc(N4CCOCC4)c3)n2)c1,4.060697840353612
775,COc1ccc(CC(=O)N(C)C2CCN(CCC(c3ccccc3)c3ccccc3)CC2)cc1OC,5.510008512940234
776,COc1ccc(CCN2CCC(Nc3nc4ccccc4n3Cc3ccc(F)cc3)CC2)cc1,3.7481880270062
777,COc1ccc(CN2CCc3c([nH]c4ccccc34)C2)cc1OC,4.710117365111817
778,COc1ccc(CNC(=O)c2ccc(Oc3ccc(C#C[C@]4(O)CN5CCC4CC5)cc3)cc2)nc1,5.539953841656397
779,COc1ccc(CNCc2ccc(-c3cc(C(N)=O)c(NC(N)=O)s3)cc2)cc1,4.060697840353612
780,COc1ccc(COc2nc(Br)cnc2NS(=O)(=O)c2ccc(C)cc2)cc1OCCN(C)C,4.889861721258188
781,COc1ccc(Cc2nccc3cc(OC)c(OC)cc23)cc1OC,4.57978359661681
782,COc1ccc(Cc2nnc(N)s2)cc1,5.560026248912893
783,COc1ccc(Cl)c(Nc2ncnc3cc(OCC4CCN(C)CC4)c(OC)cc23)c1,5.510008512940234
784,COc1ccc(Cl)c(Nc2ncnc3cc(OCCCN4CCN(C(C)=O)CC4)cc(OC(C)C)c23)n1,4.699837725867246
785,COc1ccc(Cl)c(Nc2ncnc3cc(OCCCN4CCN(C)CC4)cc(OC(C)C)c23)n1,5.539953841656397
786,COc1ccc(Cl)c(Nc2ncnc3cc(OCCCN4CCOCC4)c(OC)cc23)c1,4.859738566197147
787,COc1ccc(Cl)c(Nc2ncnc3cc(OCCN4CCN(C(C)=O)CC4)cc(OC(C)C)c23)n1,4.630427875025024
788,COc1ccc(Cl)c(Nc2ncnc3cc(OCCN4CCN(C)CC4)cc(OC(C)C)c23)n1,6.0
789,COc1ccc(Cl)c(Nc2ncnc3cc(OCCN4CCOCC4)cc(OC(C)C)c23)n1,4.429752280002408
790,COc1ccc(Cl)cc1C(=O)NCCc1ccc(S(=O)(=O)NC(=O)NC2CCCCC2)cc1,4.021189299069938
791,COc1ccc(Cl)cc1NC(=O)Nc1cnccn1,2.845098040014257
792,COc1ccc(Cl)cc1NC(=O)c1cnccn1,4.079181246047625
793,COc1ccc(Cn2c(CCc3c[nH]c4ccccc34)nnc2[C@@H](Cc2c[nH]c3ccccc23)NC(=O)C(C)(C)N)cc1,5.260071387985075
794,COc1ccc(Cn2c(CCc3c[nH]c4ccccc34)nnc2[C@@H](Cc2c[nH]c3ccccc23)NC(=O)C2CCNCC2)c(OC)c1,5.73996769675951
795,COc1ccc(Cn2cc3c(=O)n(C)c(=O)n(CC(C)C)c3c2)cc1,4.230448921378274
796,COc1ccc(F)c(F)c1C(=O)c1cnc(NC2CCN(S(C)(=O)=O)CC2)nc1N,3.4771212547196626
797,COc1ccc(I)c(Sc2nc3c(N)ncnc3n2CCNCC(C)(C)C)c1,3.6020599913279625
798,COc1ccc(N(C)C(=O)c2ccc3nc(-c4ccccc4)c(-c4ccccc4)nc3c2)cc1,2.845098040014257
799,COc1ccc(N2CCN(C(=O)[C@@H]3CCCC[C@H]3C(=O)NCC#N)CC2)cc1,5.589949601325708
800,COc1ccc(N2CCNCC2)cc1Nc1ncc(Cl)c(-c2cnc3ccccn23)n1,4.8401060944567575
801,COc1ccc(NC(=O)c2cc(C)no2)cc1,5.20002926655377
802,COc1ccc(NC(=O)c2ccccn2)cc1,5.830010935936118
803,COc1ccc(NC(=O)c2cccn(CC=C(C)C)c2=O)cc1,3.857332496431269
804,COc1ccc(NC(=O)c2nnc(Nc3ccccc3F)o2)cn1,3.5185139398778875
805,COc1ccc(NCc2ccc(C(=O)Nc3ccccc3N)cc2)cc1OC,4.759667844689631
806,COc1ccc(Nc2cc(Nc3ccc(OCC(O)CN(C)C)cc3)ncn2)cc1,4.079181246047625
807,COc1ccc(Nc2cc(Oc3cc(C)c(C)nc3-c3ccccn3)ccn2)cc1,3.113943352306837
808,COc1ccc(Nc2nccc(-c3cnc(C)n3C(C)C)n2)cc1,5.319938439980309
809,COc1ccc(Nc2ncnc3cccc(OC4CCN(C)CC4)c23)cc1Cl,4.940018155007663
810,COc1ccc(OC)c(CNc2[nH]nc3cccc(Oc4ccc(S(C)(=O)=O)cc4)c23)c1,3.342422680822206
811,COc1ccc(OC)c(NC(=O)Cc2cccs2)c1,4.869818207979328
812,COc1ccc(S(=O)(=O)Nc2ccc(/C=C/C(=O)Nc3ccccc3N)cc2)cc1OC,3.89209460269048
813,COc1ccc(S(=O)(=O)Nc2ccccn2)cc1,5.5199591807520685
814,COc1ccc([C@H](CC(=O)O)N2CCN(CCCc3ccc4c(n3)NCCC4)C2=O)cn1,3.397940008672037
815,COc1ccc2[nH]c(=O)c3c(c2c1)OC(C)(C)C=C3,4.940018155007663
816,COc1ccc2[nH]c3c(c2c1)CN(C(=O)[C@@H]1CCCC[C@H]1C(=O)NC1(C#N)CC1)CC3,5.909983694939844
817,COc1ccc2c(Oc3ccc(CC(=O)Nc4cc(C)cc(CN(C)C)c4)c(OC)c3)ccnc2c1,3.255272505103306
818,COc1ccc2c(Oc3ccc(CC(=O)Nc4cn(C)nc4C)c(OC)c3)ccnc2c1,4.02938377768521
819,COc1ccc2c(Oc3ccc(CC(=O)Nc4cnn(C)c4)c(OC)c3)ccnc2c1,3.041392685158225
820,COc1ccc2c(Oc3ccc(CC(=O)Nc4cnn(C)c4C)c(OC)c3)ccnc2c1,4.02938377768521
821,COc1ccc2c(Oc3ccc(CC(=O)Nc4n[nH]c(C)c4C)c(OC)c3)ccnc2c1,3.9190780923760737
822,COc1ccc2c(Oc3cnc(CC(=O)Nc4cn(C)nc4C)c(OC)c3)ccnc2c1,4.17897694729317
823,COc1ccc2c(c1)Sc1ccccc1N2,3.380211241711606
824,COc1ccc2c(c1)[nH]c1c(C)nccc12,4.740362689494244
825,COc1ccc2nccc(Oc3ccc(CC(=O)Nc4noc(C)c4C)c(OC)c3)c2c1,3.146128035678238
826,COc1ccc2oc(=O)c(C(C)=O)cc2c1,4.690196080028514
827,COc1cccc(-c2c[nH]c(-c3ccccc3)n2)c1,4.559906625036112
828,COc1cccc(C(=O)N2CCC(C(=O)c3ccc(F)cc3)CC2)c1,4.770115294787102
829,COc1cccc(C(=O)NCCN2CCC(Oc3ccc(Cl)c(Cl)c3)CC2)c1,3.977723605288848
830,COc1cccc(C(=O)Nc2ccc(C)c(-n3cnc4ccc(N5CCN(C)CC5)cc4c3=O)c2)c1,5.340047317661393
831,COc1cccc(CNC(=O)c2ccc(Oc3ccc(C)cc3)cc2)c1,3.6720978579357175
832,COc1cccc(N(C)c2ccnc(Nc3cc(N4CCOCC4)cc(N4CCOCC4)c3)n2)n1,4.190331698170292
833,COc1cccc(NC(=O)Cc2ccc(Oc3ncnc4cc(OC)c(OC)cc34)cc2)c1,3.3010299956639813
834,COc1cccc(NC(=O)Cn2cc(Nc3ncnc4cc(OC)c(OC)cc34)cn2)c1,3.643452676486187
835,COc1cccc(NC(=O)Cn2cc(Oc3ccnc4cc(OC)c(OC)cc34)cn2)c1,4.820201459485641
836,COc1cccc(NC(=O)Cn2cc(Oc3ncnc4cc(OC)c(OC)cc34)cn2)c1,3.462397997898956
837,COc1cccc(NC(=O)Cn2cc(Oc3ncnc4cc(OC)c(OCCN5CCCCC5)cc34)cn2)c1,5.150142161848558
838,COc1cccc(Nc2c(C(N)=O)cnc3c(C)cc(S(=O)(=O)c4cccc(C(=O)N(C)C)c4)cc23)c1,3.041392685158225
839,COc1cccc(Nc2nnc(C(=O)Nc3ccc(N4CCOCC4)nc3)o2)c1,3.662757831681574
840,COc1cccc2c(O)cc(-c3ccccc3)nc12,5.35005409357903
841,COc1cccc2c1c(NS(=O)(=O)c1ccc(Cl)s1)nn2Cc1cccc(CNC(=O)C(C)(C)O)c1,4.910090545594068
842,COc1cccc2c1c(NS(=O)(=O)c1ccc(Cl)s1)nn2Cc1cccc(CNC(=O)[C@@H]2COCCN2)c1,4.439332693830263
843,COc1ccccc1C(=O)Nc1ccc(C)c(-n2cnc3ccc(N4CCN(C)CC4)cc3c2=O)c1,4.88024177589548
844,COc1ccccc1C[C@@H](C(=O)O)N1CCC(CN2CCC(Oc3ccc(Cl)c(Cl)c3)CC2)CC1,5.419955748489758
845,COc1ccccc1NC(=O)c1cc2ccccc2cc1O,2.9542425094393248
846,COc1ccccc1Nc1cc(Oc2cc(C)c(C)nc2-c2ccccn2)ccn1,4.359835482339888
847,COc1ccccc1Oc1c(NS(=O)(=O)/C=C/c2ccccc2)nc(-c2ncccn2)nc1OC,5.950023906523327
848,COc1ccccc1Oc1coc2cc(O)ccc2c1=O,4.110589710299249
849,COc1ccnc(N(C)c2ccnc(Nc3cc(N4CCOCC4)cc(N4CCOCC4)c3)n2)c1,4.710117365111817
850,COc1cnc(-c2cccc(F)c2C(F)(F)CNC(=O)c2ccc(COCC(F)(F)F)nc2)cn1,4.770115294787102
851,COc1cnc(-c2ccccc2C(F)(F)CNC(=O)c2ccc(COCC(F)(F)F)nc2)cn1,4.929929560084588
852,COc1cnc(Cl)c(Nc2ncnc3cc(OCCN4CCN(C(C)=O)CC4)cc(OC(C)C)c23)n1,4.350248018334163
853,COc1cnccc1COc1cnc(N2CCN(C(=O)OC(C)(C)C)CC2)nc1,4.049218022670182
854,COc1nc(Br)cnc1NS(=O)(=O)c1ccc(Cl)s1,5.950023906523327
855,COc1ncc(-c2cccc3c2C[C@H](NC(=O)c2ccc(COCC(F)(F)F)nc2)CO3)cn1,5.20002926655377
856,CS(=O)(=O)C1(c2cc(N3CC4CCC(C3)O4)nc(-c3cccc4[nH]ccc34)n2)CC1,3.690196080028514
857,CS(=O)(=O)C1(c2cc(N3CCOCC3)nc(-c3cccc(N)c3)n2)CC1,4.12057393120585
858,CS(=O)(=O)C1(c2cc(N3CCOCC3)nc(-c3cccc4[nH]ccc34)n2)CC1,3.662757831681574
859,CS(=O)(=O)C1(c2cc(N3CCOCC3)nc(-c3cccc4[nH]ccc34)n2)CCNCC1,5.369957607346053
860,CS(=O)(=O)C1(c2cc(N3CCOCC3)nc(-c3cccc4[nH]ccc34)n2)CCOCC1,3.255272505103306
861,CS(=O)(=O)C1(c2cc(N3CCOCC3)nc(-c3ccccc3)n2)CC1,3.949390006644913
862,CS(=O)(=O)Cc1cc(N2CC3CCC(C2)O3)nc(-c2ccc3[nH]ccc3c2)n1,3.1760912590556813
863,CS(=O)(=O)Cc1cc(N2CCOCC2)nc(-c2ccc(NC(=O)Nc3ccc(F)cc3)cc2)n1,2.903089986991944
864,CS(=O)(=O)Cc1cc(N2CCOCC2)nc(-c2ccc(NS(C)(=O)=O)cc2)n1,4.049218022670182
865,CS(=O)(=O)Cc1cc(N2CCOCC2)nc(-c2ccc3[nH]ccc3c2)n1,3.9684829485539352
866,CS(=O)(=O)Cc1cc(N2CCOCC2)nc(-c2cccc(CO)c2)n1,5.290034611362518
867,CS(=O)(=O)Cc1cc(N2CCOCC2)nc(-c2cccc3[nH]ccc23)n1,4.110589710299249
868,CS(=O)(=O)Cc1cc(N2CCOCC2)nc(-c2cccc3cc[nH]c23)n1,3.041392685158225
869,CS(=O)(=O)Cc1cc(N2CCOCC2)nc(-c2cnc3[nH]ccc3c2)n1,4.680335513414564
870,CS(=O)(=O)N1CC2(CCN(C(=O)Nc3cnc(-c4ccccc4)cn3)CC2)c2ccccc21,2.3010299956639813
871,CS(=O)(=O)N1CCC(NC(=O)c2ccc(Oc3ccc(C#C[C@]4(O)CN5CCC4CC5)cc3)cc2)CC1,4.9599948383284165
872,CS(=O)(=O)N1CCc2c(-c3cnc(N)nc3)nc(N3CCOCC3)nc21,3.230448921378274
873,CS(=O)(=O)NCC(NC(=O)C1(N)CCN(c2ncnc3[nH]ccc23)CC1)c1ccc(Cl)cc1,4.459392487759231
874,CS(=O)(=O)NCCC(NC(=O)C1(N)CCN(c2ncnc3[nH]ccc23)CC1)c1ccc(Cl)cc1,4.929929560084588
875,CS(=O)(=O)Nc1cccc(NC(=O)CN2CCN(C(=O)C[C@H](N)Cc3ccc(F)c(F)c3)[C@H](Cc3ccccc3)C2)c1,5.820004306808318
876,CS(=O)(=O)Nc1cccc(Nc2nccc(Nc3c(Cl)ccc4c3OCO4)n2)c1,3.857332496431269
877,CS(=O)(=O)c1ccc(C(=O)Nc2ccc(F)cc2)c[n+]1[O-],5.340047317661393
878,CS(=O)(=O)c1ccc(N2CCN(C(=O)[C@@H]3CCCC[C@H]3C(=O)NCC#N)CC2)cc1,5.439963935920905
879,CS(=O)(=O)c1ccc(Oc2ccc(C#C[C@]3(O)CN4CCC3CC4)cc2)cc1,5.660011221289331
880,CS(=O)(=O)c1ccc([C@@H](CC2CCCC2)C(=O)Nc2cnc([C@H](O)CO)cn2)cc1Cl,5.6699673699085045
881,CS(=O)(=O)c1ccc([C@@H](CC2CCCC2)C(=O)Nc2nccs2)cc1,3.740362689494244
882,CS(=O)(=O)c1ccc([C@@H](C[C@H]2CCC(=O)C2)C(=O)Nc2cnccn2)cc1Cl,6.0600175425316
883,CS(=O)(=O)c1ccc([C@H](CC2CCCC2)C(=O)Nc2nccs2)cc1,3.763427993562937
884,CS(=O)(=O)c1ccc2[nH]c3c(c2c1)CN(C(=O)[C@@H]1CCCC[C@H]1C(=O)NC1(C#N)CC1)CC3,5.279894980011638
885,CS(=O)(=O)c1ccc2c(c1)cc(C(=O)O)n2Cc1ccc(Cl)c(Cl)c1,6.040008636013542
886,CS(=O)(=O)c1ccc2c3c([nH]c2c1)CCN(C(=O)[C@@H]1CCCC[C@H]1C(=O)NC1(C#N)CC1)C3,5.9599948383284165
887,CS(=O)(=O)c1cccc(CNc2nc(Nc3ccc4c(c3)CCC(=O)N4)ncc2C(F)(F)F)c1,2.6989700043360187
888,CS(=O)(=O)c1cccc(Nc2nccc(N(CC#N)c3c(Cl)ccc4c3OCO4)n2)c1,3.113943352306837
889,CS(=O)(=O)c1cccc(Nc2nccc(Nc3c(Cl)ccc4c3OCO4)n2)c1,4.480006942957151
890,CS(=O)(=O)c1cccc(Nc2nccc(Nc3c(Cl)ccc4ccoc34)n2)c1,4.060697840353612
891,CS(=O)(=O)c1cccc(Nc2nccc(Nc3cccc4[nH]ncc34)n2)c1,3.832508912706236
892,CS(=O)(=O)c1cccc(Nc2nccc(Nc3cccc4c3OCC4)n2)c1,4.650307523131937
893,CS(=O)(=O)c1cccc(Nc2nccc(Nc3cccc4c3OCO4)n2)c1,3.770852011642144
894,CS(=O)(=O)c1cccc(Nc2nccc(Nc3cccc4ccoc34)n2)c1,3.7323937598229686
895,CS(=O)(=O)c1cccc(Nc2nccc(Nc3cccc4ncoc34)n2)c1,3.7481880270062
896,CS(=O)(=O)n1c2ccccc2c2cc(NC(=O)CCc3ccncc3)ccc21,4.359835482339888
897,CS(=O)(=O)n1c2ccccc2c2cc(NC(=O)N3CCOCC3)ccc21,5.400019635065158
898,CSCCC(NC(=O)c1sccc1Cl)c1nc2ccccc2[nH]1,4.409933123331294
899,CSCCN1C(=O)C(NC(=O)c2cc3cc(Cl)sc3[nH]2)Cc2ccccc21,2.4771212547196626
900,CSCc1cc(N2CCOCC2)nc(-c2ccccc2)n1,4.740362689494244
901,CSc1ccc(C(=O)C(C)(C)N2CCOCC2)cc1,4.720159303405957
902,CSc1ccc(OCc2ccccc2)c(C(=O)Nc2ccc(C(=O)O)cn2)c1,5.299942900022767
903,CSc1ccn(Cc2ccc(Cl)cc2)c(=O)n1,4.920123326290724
904,CSc1nc(N)n2nc(-c3ccco3)nc2n1,5.1801258751640535
905,CSc1nc(N)nc(-c2ccccc2)n1,4.380211241711606
906,CSc1nccc(Nc2cc(NC(=O)c3cc(F)cc(N4CCOCC4)c3)ccc2C)n1,2.845098040014257
907,C[C@@H](C(=O)O)c1cccc(C(=O)c2ccccc2)c1,5.489958479424835
908,C[C@@H](CN(C)C(=O)CO)Oc1cccc2ncnc(Nc3ccc(OCc4ccccn4)c(Cl)c3)c12,3.949390006644913
909,C[C@@H](CO)Oc1cc(Oc2ccc(S(C)(=O)=O)cc2)cc(C(=O)Nc2nccs2)c1,3.9684829485539352
910,C[C@@H](C[C@@](C)(CS(=O)(=O)N1CCN(CCc2ccc(Cl)cc2Cl)CC1)N(O)C=O)c1ncc(F)cn1,4.740362689494244
911,C[C@@H](Cc1ccccc1)Oc1cc(OC2CCOCC2)cc(C(=O)Nc2ccc(C(=O)O)cn2)c1,5.019946681678842
912,C[C@@H](NC(=O)C1(N)CCN(c2ncnc3[nH]ccc23)CC1)c1ccc(Cl)cc1,4.889861721258188
913,C[C@@H](Nc1ncnc2[nH]c(-c3ccc(O)cc3)cc12)c1ccccc1,4.459392487759231
914,C[C@@H](O)C(=O)N1CC=C(c2c(F)cc(N3C[C@H](COc4ccon4)OC3=O)cc2F)CC1,4.399673721481038
915,C[C@@H](Oc1cc(-c2cnn(C3CCNCC3)c2)cnc1N)c1c(Cl)ccc(F)c1Cl,5.409933123331294
916,C[C@@H](Oc1cccc2ncnc(Nc3ccc(OCc4ccccn4)c(Cl)c3)c12)C(=O)N(C)C,3.792391689498254
917,C[C@@H](Oc1cccc2ncnc(Nc3ccc(OCc4ccccn4)c(Cl)c3)c12)C(=O)N(C)CCO,3.7481880270062
918,C[C@@H](Oc1cccc2ncnc(Nc3ccc4c(cnn4Cc4cccc(F)c4)c3)c12)C(=O)N(C)C,3.4149733479708178
919,C[C@@H](Oc1cccc2ncnc(Nc3ccc4c(cnn4Cc4cccc(F)c4)c3)c12)C(=O)N1CCOCC1,2.4771212547196626
920,C[C@@H](Oc1cccc2ncnc(Nc3ccc4c(cnn4Cc4ccccn4)c3)c12)C(=O)N(C)C,5.46996920949996
921,C[C@@H](Oc1cccc2ncnc(Nc3ccc4c(cnn4Cc4ccccn4)c3)c12)C(=O)N1CCCC1,5.03981055414835
922,C[C@@H](Oc1cccc2ncnc(Nc3ccc4c(cnn4Cc4ccccn4)c3)c12)C(=O)N1CCOCC1,4.980003371583746
923,C[C@@H](Oc1cccc2ncnc(Nc3ccc4c(cnn4Cc4ccccn4)c3)c12)C(N)=O,3.6020599913279625
924,C[C@@H](Oc1cccc2ncnc(Nc3ccc4c(cnn4Cc4cscn4)c3)c12)C(=O)N(C)C,4.640481436970422
925,C[C@@H](Oc1cccc2ncnc(Nc3ccc4c(cnn4Cc4cscn4)c3)c12)C(=O)N1CCOCC1,5.1801258751640535
926,C[C@@H](Oc1cccc2ncnc(Nc3ccc4c(cnn4Cc4cscn4)c3)c12)C(N)=O,3.9395192526186182
927,C[C@@H](Oc1cccc2ncnc(Nc3ccc4c(cnn4Cc4nccs4)c3)c12)C(=O)N(C)C,4.469822015978163
928,C[C@@H](c1ccc(-c2ccc(F)cc2F)cc1)N1CC[C@@](CCO)(c2ccc(F)cc2)OC1=O,3.716003343634799
929,C[C@@H](c1ccc(-c2ccc(F)cc2F)cc1)N1CC[C@](CCO)(c2ccc(F)cc2)OC1=O,3.397940008672037
930,C[C@@H]1CN(C(=O)OC(C)(C)C#N)CCN1c1ncc(OCc2ccncc2C#N)cn1,3.949390006644913
931,C[C@@H]1CN(C(=O)OC(C)(C)C)CCN1c1ncc(OCC2CCN(S(C)(=O)=O)CC2)cn1,3.6989700043360183
932,C[C@@H]1CN(C(=O)OC(C)(C)C)CCN1c1ncc(OCc2ccc(C#N)cc2)cn1,3.531478917042255
933,C[C@@H]1CN(C(=O)OC(C)(C)C)CCN1c1ncc(OCc2ccc(S(=O)(=O)N(C)C)cc2)cn1,2.6989700043360187
934,C[C@@H]1CN(C(=O)OC(C)(C)C)CCN1c1ncc(OCc2ccc(S(C)(=O)=O)cc2)cn1,3.230448921378274
935,C[C@@H]1CN(C(=O)OC(C)(C)C)CCN1c1ncc(OCc2ccc(S(C)(=O)=O)cc2F)cn1,3.342422680822206
936,C[C@@H]1CN(C(=O)OC(C)(C)C)CCN1c1ncc(OCc2ccncc2C#N)cn1,4.380211241711606
937,C[C@@H]1CN(C(=O)OC(C)(C)C)C[C@H](C)N1c1ncc(OCc2ccc(S(C)(=O)=O)cc2)cn1,3.612783856719736
938,C[C@@H]1CN(C(=O)OCC(F)(F)F)CCN1c1ncc(OCc2ccncc2C#N)cn1,4.359835482339888
939,C[C@@H]1CN(C(=O)OCC(F)F)CCN1c1ncc(OCc2ccncc2C#N)cn1,4.161368002234975
940,C[C@@H]1CN(CC2(C(N)=O)CC2)CCN1S(=O)(=O)c1ccc(C(C)(O)C(F)(F)F)cc1,4.02938377768521
941,C[C@@H]1CN(Cc2ccc(F)cc2)[C@@H](C)CN1C(=O)c1cc2c(C(=O)C(=O)N(C)C)cn(C)c2cc1Cl,4.720159303405957
942,C[C@@H]1CN(c2nc(C(F)(F)F)no2)CCN1c1ncc(OCc2ccncc2C#N)cn1,3.681241237375587
943,C[C@@H]1CN(c2nc(C3CC3)no2)CCN1c1ncc(OCc2ccncc2C#N)cn1,4.161368002234975
944,C[C@@H]1CN(c2nc(N3CCOCC3)c3ccc(-c4ccccc4)nc3n2)C[C@H](C)O1,3.255272505103306
945,C[C@@H]1CN(c2nc(N3CCOCC3)c3ccc(Nc4ccccc4)nc3n2)C[C@H](C)O1,3.146128035678238
946,C[C@@H]1CN(c2nc(N3CCOC[C@@H]3C)c3ccc(-c4ccccc4)nc3n2)C[C@H](C)O1,4.820201459485641
947,C[C@@H]1CN(c2nc(N3CCOC[C@@H]3C)c3ncc(-c4ccccc4)nc3n2)C[C@H](C)O1,4.110589710299249
948,C[C@@H]1CN(c2ncc(F)cn2)CCN1c1ncc(OCc2ccncc2C#N)cn1,2.845098040014257
949,C[C@@H]1CN(c2ncc(OCc3ccc(S(C)(=O)=O)cc3)cn2)CCN1C(=O)OC(C)(C)C,3.5185139398778875
950,C[C@@H]1CN(c2ncc(OCc3ccc(S(C)(=O)=O)cc3)cn2)[C@@H](C)CN1C(=O)OC(C)(C)C,2.9542425094393248
951,C[C@@H]1CN(c2noc(C(F)(F)F)n2)CCN1c1ncc(OCc2ccncc2C#N)cn1,3.4913616938342726
952,C[C@@H]1CN(c2noc(C(F)F)n2)CCN1c1ncc(OCc2ccncc2C#N)cn1,3.4913616938342726
953,C[C@@H]1CN(c2noc(C3CC3)n2)CCN1c1ncc(OCc2ccncc2C#N)cn1,3.681241237375587
954,C[C@@H]1COCCN1c1cc(C2(S(C)(=O)=O)CC2)nc(-c2cccc3[nH]ccc23)n1,4.14921911265538
955,C[C@@H]1C[C@H]2[C@@H]3CCC4=CC(=O)C=C[C@]4(C)[C@@]3(F)[C@@H](O)C[C@]2(C)[C@@]1(O)C(=O)CO,5.150142161848558
956,C[C@H](C#N)NC(=O)[C@@H]1CCCC[C@H]1C(=O)N1CCc2[nH]c3ccc(F)cc3c2C1,5.660011221289331
957,C[C@H](CN(C)C(=O)CO)Oc1cccc2ncnc(Nc3ccc(OCc4ccccn4)c(Cl)c3)c12,4.1003705451175625
958,C[C@H](CN(C)C)Oc1cccc2ncnc(Nc3ccc(OCc4cnccn4)c(Cl)c3)c12,3.653212513775344
959,C[C@H](CO)Nc1nc(SCc2cccc(Cl)c2F)nc2[nH]c(=O)sc12,3.0
960,C[C@H](CO)Nc1nc(SCc2cccc(F)c2F)nc2[nH]c(=O)c(=O)[nH]c12,4.790285164033242
961,C[C@H](CO)Nc1nc(SCc2cccc(F)c2F)nc2[nH]c(=O)cnc12,3.544068044350276
962,C[C@H](CO)Nc1nc(SCc2cccc(F)c2F)nc2nc(N)sc12,3.90848501887865
963,C[C@H](CO)Nc1nc(SCc2cccc(F)c2F)nc2nc(NS(C)(=O)=O)sc12,5.920018916028915
964,C[C@H](CO)Nc1nc(SCc2ccccc2)nc2[nH]c(=O)sc12,4.729974285699556
965,C[C@H](CO)Nc1nc(SCc2ccccc2F)nc2[nH]c(=O)sc12,3.90848501887865
966,C[C@H](COc1cccc2ncnc(Nc3ccc(OCc4ccccn4)c(Cl)c3)c12)N(C)C(=O)CO,4.14921911265538
967,C[C@H](NC(=O)C1(N)CCN(c2ncnc3[nH]ccc23)CC1)c1ccc(Cl)cc1,5.03981055414835
968,C[C@H](NC1=NC(=O)C(C)(C(F)(F)F)S1)c1ccccc1F,5.529943401658669
969,C[C@H](NC1=NC(=O)[C@@](C)(C(F)(F)F)S1)c1ccccc1F,5.340047317661393
970,C[C@H](NC1=NC(=O)[C@](C)(C(F)(F)F)S1)c1ccccc1F,4.940018155007663
971,C[C@H](Oc1cccc2ncnc(Nc3ccc(OCc4ccccn4)c(Cl)c3)c12)C(=O)N(C)C,3.462397997898956
972,C[C@H](Oc1cccc2ncnc(Nc3ccc(OCc4ccccn4)c(Cl)c3)c12)C(=O)N(C)CCO,3.690196080028514
973,C[C@H](Oc1cccc2ncnc(Nc3ccc4c(cnn4Cc4cccc(F)c4)c3)c12)C(=O)N(C)C,3.90848501887865
974,C[C@H](Oc1cccc2ncnc(Nc3ccc4c(cnn4Cc4ccccn4)c3)c12)C(=O)N1CCOCC1,5.220108088040055
975,C[C@H](Oc1cccc2ncnc(Nc3ccc4c(cnn4Cc4cscn4)c3)c12)C(=O)N(C)C,4.630427875025024
976,C[C@H](Oc1cccc2ncnc(Nc3ccc4c(cnn4Cc4nccs4)c3)c12)C(=O)N(C)C,4.4996870826184034
977,C[C@H]1CN(C(=O)OC(C)(C)C)CCN1c1ncc(OCc2ccc(S(C)(=O)=O)cc2)cn1,3.361727836017593
978,C[C@H]1CN(c2ncc(OCc3ccc(S(C)(=O)=O)cc3)cn2)CCN1C(=O)OC(C)(C)C,3.342422680822206
979,C[C@H]1COCCN1c1cc(C2(S(C)(=O)=O)CC2)nc(-c2cccc3[nH]ccc23)n1,4.949877704036875
980,C[C@H]1COCCN1c1cc(CS(C)(=O)=O)nc(-c2ccc3[nH]ccc3c2)n1,5.279894980011638
981,C[C@H]1COCCN1c1nc(N2CCOC[C@@H]2C)c2ccc(-c3ccc4nc[nH]c(=O)c4c3)nc2n1,5.019946681678842
982,C[C@H]1C[C@@H](NS(=O)(=O)c2cc(Br)ccc2Br)CN1C#N,4.4996870826184034
983,C[C@](O)(CS(=O)(=O)c1ccc(F)cc1)C(=O)Nc1ccc(C#N)c(C(F)(F)F)c1,4.008600171761918
984,C[C@]1(O)C[C@@H](c2nc(-c3ccc4ccc(-c5ccccc5)nc4c3)c3c(N)nccn32)C1,3.113943352306837
985,C[C@]12CC[C@@H]3c4ccc(O)cc4CC[C@H]3[C@@H]1CCC2=O,3.544068044350276
986,C[S+]([O-])CCN1C(=O)C(NC(=O)c2cc3cc(Cl)sc3[nH]2)Cc2ccccc21,4.060697840353612
987,Cc1[nH]c(/C=C2\C(=O)Nc3ccc(F)cc32)c(C)c1C(=O)NC[C@H](O)CN1CCOCC1,4.350248018334163
988,Cc1[nH]c2ccccc2c1CC#N,6.01000297412706
989,Cc1[nH]c2ccccc2c1CCNCc1ccc(/C=C/C(=O)NO)cc1,6.130011949671904
990,Cc1c(-c2ccc(O)cc2)n(Cc2ccc(OCCN3CCCCCC3)cc2)c2ccc(O)cc12,3.716003343634799
991,Cc1c(-c2ccc3c(c2)OCO3)c(=O)n(C[C@H](N)c2ccccc2)c(=O)n1Cc1c(F)cccc1F,5.569958818096594
992,Cc1c(-c2ccccc2F)c(=O)n(C[C@H](N)c2ccccc2)c(=O)n1Cc1c(F)cccc1F,5.610021024664145
993,Cc1c(Br)sc2nc(O)c(-c3ccccc3)c(O)c12,3.591064607026499
994,Cc1c(C(=O)NC2C3CC4CC(C3)CC2C4)cnn1-c1ccc(C(=O)O)cc1,6.080012847107928
995,Cc1c(C(=O)Nc2ccccc2)sc2ncnc(O)c12,4.350248018334163
996,Cc1c(CCC(=O)O)c[nH]c1/C=C1\C(=O)Nc2ccccc21,5.319938439980309
997,Cc1c(CN2CCN(C(=O)[C@H](C)O)CC2)sc2c(N3CCOCC3)nc(-c3cnc(N)nc3)nc12,4.599883072073688
998,Cc1c(Cc2ccc3ccccc3n2)c2cc(F)ccc2n1CC(=O)O,5.049992856920142
999,Cc1c(Cl)c(C(F)(F)F)nn1CC(=O)N1CCN(c2ccc(F)cc2)CC1,3.278753600952829
1000,Cc1c(Cl)cccc1S(=O)(=O)Nc1nc(CC(=O)N2CCN(C)CC2)cs1,6.040008636013542
1001,Cc1c(NC(=O)N2CCOCC2)ccc2c1c1ccccc1n2C(C)C,3.9190780923760737
1002,Cc1c(NC(=O)OC[C@@H]2COCCN2)cn2ncnc(Nc3ccc4c(cnn4Cc4cccc(F)c4)c3)c12,3.230448921378274
1003,Cc1c(Oc2ccc(S(C)(=O)=O)cc2F)ncnc1OC1CCN(C(=O)OC(C)C)CC1,3.4771212547196626
1004,Cc1c[nH]c(/C=C2\C(=O)Nc3ccccc32)c1CCC(=O)O,5.650015952471839
1005,Cc1cc(-c2ccc(/C=C3\S/C(=N\c4ccc(Cl)c(C(=O)O)c4)NC3=O)o2)c([N+](=O)[O-])cc1C,5.390051496458987
1006,Cc1cc(=O)oc2cc3c(cc12)CCCN3,4.139879086401237
1007,Cc1cc(C)c(C(=O)N[C@@H](CNC(=O)CO[C@@H]2C[C@@H](CNc3ccccn3)N(C(=O)OCc3ccccc3)C2)C(=O)O)c(C)c1,5.589949601325708
1008,Cc1cc(C)c(N2C(=O)CC(Sc3ccccc3N)C2=O)c(C)c1,3.9684829485539352
1009,Cc1cc(C)cc(-c2[nH]c3ccc(C(C)(C)C(=O)N4C5CCC4CC5)cc3c2CCN(C)CCCCc2ccncc2)c1,2.9542425094393248
1010,Cc1cc(C)cc(-c2[nH]c3ccc(C(C)(C)C(=O)N4C5CCC4CC5)cc3c2CCNCCCCc2ccncc2)c1,4.550228353055094
1011,Cc1cc(C)cc(-c2[nH]c3ccc(C(C)(C)C(=O)N4C5CCC4CC5)cc3c2[C@H](C)CNCCc2ccncc2)c1,5.169968173996892
1012,Cc1cc(C)cc(-c2[nH]c3ccc(C(C)(C)C(=O)N4CC5CCC4CC5)cc3c2[C@H](C)CNCCc2ccc3[nH]nnc3c2)c1,3.380211241711606
1013,Cc1cc(C)cc(-c2[nH]c3ccc(C(C)(C)C(=O)N4CC5CCC4CC5)cc3c2[C@H](C)CNCCc2ccncc2)c1,5.119915410257991
1014,Cc1cc(C)cc(-c2[nH]c3ccccc3c2CCNCCCCc2ccncc2)c1,5.20002926655377
1015,Cc1cc(C)cc(-c2[nH]c3sc(C(C)(C)C(=O)N4C5CCC4CC5)cc3c2C(=O)CN2CCC(C(=O)N3CCOCC3)CC2)c1,4.859738566197147
1016,Cc1cc(C)cc(-c2[nH]c3sc(C(C)(C)C(=O)N4C5CCC4CC5)cc3c2C(=O)CN2CCN(CC(=O)N3CCCC3)CC2)c1,4.850033257689769
1017,Cc1cc(C)cc(-c2[nH]c3sc(C(C)(C)C(=O)N4C5CCC4CC5)cc3c2CCN2CCC(C(=O)N3CCCC(O)C3)CC2)c1,4.940018155007663
1018,Cc1cc(C)cc(-c2[nH]c3sc(C(C)(C)C(=O)N4C5CCC4CC5)cc3c2CCN2CCC(C(=O)N3CCOCC3)C(C)C2)c1,4.519827993775719
1019,Cc1cc(C)cc(-c2[nH]c3sc(C(C)(C)C(=O)N4C5CCC4CC5)cc3c2CCN2CCC(C(=O)N3CCOCC3)CC2)c1,4.9599948383284165
1020,Cc1cc(C)cc(-c2[nH]c3sc(C(C)(C)C(=O)N4C5CCC4CC5)cc3c2CCN2CCC(CC(=O)N3CCOCC3)CC2)c1,3.278753600952829
1021,Cc1cc(C)cc(-c2[nH]c3sc(C(C)(C)C(=O)N4C5CCC4CC5)cc3c2CCN2CCC(CNC(=O)N3CCOCC3)CC2)c1,5.049992856920142
1022,Cc1cc(C)cc(-c2[nH]c3sc(C(C)(C)C(=O)N4C5CCC4CC5)cc3c2CCN2CCC(N3CCOCC3)CC2)c1,3.857332496431269
1023,Cc1cc(C)cc(-c2[nH]c3sc(C(C)(C)C(=O)N4C5CCC4CC5)cc3c2CCN2CCN(CC(=O)N(C)C)CC2)c1,5.0
1024,Cc1cc(C)cc(-c2[nH]c3sc(C(C)(C)C(=O)N4C5CCC4CC5)cc3c2CCN2CCN(CC(=O)N3CCCC3)CC2)c1,4.570542939881897
1025,Cc1cc(C)cc(-c2[nH]c3sc(C(C)(C)C(=O)N4C5CCC4CC5)cc3c2CCN2CCN(CC(=O)N3CCOCC3)CC2)c1,4.940018155007663
1026,Cc1cc(C)cc(-c2[nH]c3sc(C(C)(C)C(=O)N4C5CCC4CC5)cc3c2CCN2CCN(CC(O)CN3CCNCC3)CC2)c1,5.63002085111341
1027,Cc1cc(C)cc(-c2[nH]c3sc(C(C)(C)C(=O)N4C5CCC4CC5)cc3c2CN2CCN(CC(=O)N3CCCC3)CC2)c1,3.230448921378274
1028,Cc1cc(C)cc(-c2[nH]c3sc(C(C)(C)C(=O)N4C5CCC4CC5)cc3c2[C@H](C)CNC(=O)N2CCC(c3ccncc3)CC2)c1,2.7781512503836434
1029,Cc1cc(CCC2CCN(S(=O)(=O)CC3(N(O)C=O)CCOCC3)CC2)c(C)cn1,6.040008636013542
1030,Cc1cc(CN(CC(=O)Nc2ccc(Cl)cc2Cl)C2CCCCC2)ccc1OCC(=O)O,5.909983694939844
1031,Cc1cc(CN2CCc3ccccc3C2C(=O)Nc2ccc(Cl)cc2Cl)ccc1OCC(=O)O,5.220108088040055
1032,Cc1cc(CN2Cc3ccccc3C2C(=O)Nc2ccc(Cl)cc2Cl)ccc1OCC(=O)O,5.679972694277419
1033,Cc1cc(CN2Cc3ccccc3C[C@H]2C(=O)Nc2ccc(Cl)cc2Cl)ccc1OCC(=O)O,5.539953841656397
1034,Cc1cc(CNc2ncc(Br)c(Nc3cc(C)[nH]n3)n2)on1,4.790285164033242
1035,Cc1cc(CNc2ncc(Br)c(Nc3cc(C4CC4)[nH]n3)n2)on1,4.640481436970422
1036,Cc1cc(CNc2ncc(Br)c(Nc3cc(CCc4ccccc4)[nH]n3)n2)on1,3.230448921378274
1037,Cc1cc(CNc2nccc(Nc3cc(C)[nH]n3)n2)on1,5.909983694939844
1038,Cc1cc(CNc2nccc(Nc3cc(CCc4ccccc4)[nH]n3)n2)on1,4.429752280002408
1039,Cc1cc(COc2cnc(N3CCN(C(=O)OC(C)(C)C)CC3)nc2)ccn1,4.820201459485641
1040,Cc1cc(F)ccc1CCC1CCN(S(=O)(=O)CC2(N(O)C=O)CCOCC2)CC1,4.139879086401237
1041,Cc1cc(N)nc(CCNC(=O)c2ccc(C#N)cc2)c1,4.810232517995084
1042,Cc1cc(NC(=O)Nc2cccc(-c3ncn(C)c3-c3cc4c(N)ncnc4s3)c2)on1,3.857332496431269
1043,Cc1cc(NC(=O)c2ccccc2)n[nH]1,5.909983694939844
1044,Cc1cc(Nc2cc(N3CCN(C)CC3)nc(Sc3ccc(NC(=O)C4CC4)cc3)n2)n[nH]1,3.662757831681574
1045,Cc1cc(Nc2ccnc(NCc3cc(C4CC4)no3)n2)n[nH]1,4.800029359244134
1046,Cc1cc(Nc2ncnc3[nH]nc(OCCN4CCC(O)CC4)c23)ccc1OCc1cccc(F)c1,3.832508912706236
1047,Cc1cc(O)nc(SCC(=O)c2ccccc2)n1,5.84997191232885
1048,Cc1cc(OC2CCN(CC3CCN([C@@](C)(Cc4ccc(F)cc4)C(=O)O)CC3)CC2)ccc1Cl,5.310055737750892
1049,Cc1cc(OCCCS(C)(=O)=O)cc(C)c1-c1cccc(COc2ccc3c(c2)OC[C@H]3CC(=O)O)c1,4.710117365111817
1050,Cc1cc(Oc2ccnc(Nc3ccc(S(N)(=O)=O)cc3)c2)c(-c2ccccn2)nc1C,3.397940008672037
1051,Cc1cc(S(=O)(=O)Nc2nc(Nc3ccc(Cl)cc3)n[nH]2)c(S)cc1Cl,4.940018155007663
1052,Cc1cc2c(C)cc(=O)[nH]c2cc1N,4.740362689494244
1053,Cc1cc2c(C)cc(=O)oc2c2c1NCCC2,4.489958479424835
1054,Cc1cc2c(F)c(Oc3ncnn4cc(OC[C@@H](C)O)c(C)c34)ccc2[nH]1,3.113943352306837
1055,Cc1cc2c(F)c(Oc3ncnn4cc(OC[C@@H](C)OC(=O)[C@H](C)N)c(C)c34)ccc2[nH]1,4.570542939881897
1056,Cc1cc2n[nH]c(=O)n2c2cc(-c3ccc([S+](C)[O-])cc3)ccc12,3.278753600952829
1057,Cc1cc2n[nH]c(=O)n2c2ccccc12,4.620136054973758
1058,Cc1cc2oc(=O)cc(Cn3ccnc3)c2cc1C,4.5301996982030825
1059,Cc1ccc(-c2cc(C(F)(F)F)nn2-c2ccc(S(N)(=O)=O)cc2)cc1,3.342422680822206
1060,Cc1ccc(-c2ccc(F)cc2COc2ccc(CCC(=O)O)cc2)cc1,4.0
1061,Cc1ccc(-c2cn3cccnc3n2)cc1,5.400019635065158
1062,Cc1ccc(-c2nn(C(C)(C)C)c3ncnc(N)c23)cc1,3.991226075692495
1063,Cc1ccc(-c2nn(C(C)C)c3ncnc(N)c23)cc1,4.9898945637187735
1064,Cc1ccc(-c2nnc(-c3ccccc3)o2)cc1,3.792391689498254
1065,Cc1ccc(-n2nc(C(C)(C)C)cc2NC(=O)Nc2ccc(OCCN3CCOCC3)c3ccccc23)cc1,2.7781512503836434
1066,Cc1ccc(/C=C2\SC(O)=NC2=O)cc1,4.929929560084588
1067,Cc1ccc(C(=O)C(=O)c2ccc(C)cc2)cc1,3.322219294733919
1068,Cc1ccc(C(=O)C2CCN(C(=O)c3ccc(C)cc3)CC2)cc1,3.6720978579357175
1069,Cc1ccc(C(=O)C2CCN(S(=O)(=O)c3c(C)noc3C)CC2)cc1,3.322219294733919
1070,Cc1ccc(C(=O)N2CCC(C(=O)c3c(C)cc(C)cc3C)CC2)cc1,3.9684829485539352
1071,Cc1ccc(C(=O)N2CCC(C(=O)c3ccc(F)cc3)CC2)cc1,4.309630167425898
1072,Cc1ccc(C(=O)Nc2ccon2)cc1-n1cnc2ccc(N3CCN(C)CC3)cc2c1=O,4.759667844689631
1073,Cc1ccc(C(=O)Nc2nccs2)cc1-n1cnc2ccc(N3CCN(C)CC3)cc2c1=O,4.9599948383284165
1074,Cc1ccc(C(=O)Oc2ccc(C(O)CNC(C)(C)C)cc2OC(=O)c2ccc(C)cc2)cc1,4.910090545594068
1075,Cc1ccc(C)c(N(C)c2ccnc(Nc3cc(N4CCOCC4)cc(N4CCOCC4)c3)n2)c1,3.770852011642144
1076,Cc1ccc(CCCO)c(NCc2ccc3nc(NCCCN4CCOCC4)n(Cc4nc(C)ccc4O)c3c2)c1,3.568201724066995
1077,Cc1ccc(CCNC(=O)c2ccc3sc(CO)nc3c2)cc1,4.209515014542631
1078,Cc1ccc(CCOCCNS(=O)(=O)CCCNCCc2ccc(O)c3nc(O)sc23)cc1,5.569958818096594
1079,Cc1ccc(CNC(=O)C2CCCN2S(=O)(=O)c2ccc(F)cc2)cc1,3.949390006644913
1080,Cc1ccc(CO)cc1N(C)c1ccnc(Nc2cc(CN3CCOCC3)cc(N3CCOCC3)c2)n1,5.569958818096594
1081,Cc1ccc(CO)cc1N(C)c1ccnc(Nc2cc(N3CCCC3)cc(N3CCOCC3)c2)n1,4.060697840353612
1082,Cc1ccc(CO)cc1N(C)c1ccnc(Nc2cc(N3CCCOCC3)cc(N3CCOCC3)c2)n1,4.9599948383284165
1083,Cc1ccc(CO)cc1N(C)c1ccnc(Nc2cc(N3CCOCC3)cc(N3CCN(C)CC3)c2)n1,5.899984562549391
1084,Cc1ccc(CO)cc1N(C)c1ccnc(Nc2cc(N3CCOCC3)cc(N3CCOCC3)c2)n1,5.290034611362518
1085,Cc1ccc(CO)cc1N(C)c1ccnc(Nc2cc(N3CCOCC3)cc(S(C)(=O)=O)c2)n1,4.198657086954422
1086,Cc1ccc(CO)cc1N(C)c1ccnc(Nc2cc(N3CCOCC3)nc(N3CCOCC3)c2)n1,4.599883072073688
1087,Cc1ccc(CO)cc1N(c1ccnc(Nc2cc(N3CCOCC3)cc(N3CCOCC3)c2)n1)C(C)C,4.510545010206612
1088,Cc1ccc(CO)cc1N(c1ccnc(Nc2cc(N3CCOCC3)cc(S(C)(=O)=O)c2)n1)C(C)C,3.113943352306837
1089,Cc1ccc(F)c(NC(=O)Nc2ccc(-c3cccc4[nH]nc(N)c34)cc2)c1,2.7781512503836434
1090,Cc1ccc(F)c(Nc2ccnc(Nc3ccc(S(N)(=O)=O)cc3)n2)c1,3.643452676486187
1091,Cc1ccc(N2CC(COc3ccc(-c4noc(C)n4)cc3)C2)nn1,5.109915863023793
1092,Cc1ccc(NC(=O)C2CC2)cc1-n1cnc2ccc(N3CCN(C)CC3)cc2c1=O,6.180011119057718
1093,Cc1ccc(NC(=O)N2CCN(C[C@@H]3CCCN(C4CC4)C3)CC2)cc1Cl,5.759969857554308
1094,Cc1ccc(NC(=O)c2cc(F)cc(N3CCOCC3)c2)cc1NC(=O)c1ccc(OCc2ccccn2)cc1,2.6020599913279625
1095,Cc1ccc(NC(=O)c2ccc(C#N)cc2)cc1-n1cnc2ccc(N3CCN(C)CC3)cc2c1=O,4.510545010206612
1096,Cc1ccc(NC(=O)c2ccc(CN3CCN(C)CC3)cc2)cc1Nc1nccc(-c2cccnc2)n1,4.359835482339888
1097,Cc1ccc(NC(=O)c2cccc(N(C)S(C)(=O)=O)c2)cc1NC(=O)c1ccc2ncccc2c1,3.8976270912904414
1098,Cc1ccc(NC(=O)c2cccc(N3CCOCC3)c2)cc1-n1cnc2ccc(N3CCN(C)CC3)cc2c1=O,5.63002085111341
1099,Cc1ccc(NC(=O)c2cccc(N3CCOCC3)c2)cc1NC(=O)c1ccc(OCc2ccccn2)cc1,3.146128035678238
1100,Cc1ccc(NC(=O)c2cccc(N3CCOCC3)c2)cc1NC(=O)c1ccc(OCc2ccncc2)cc1,2.6989700043360187
1101,Cc1ccc(NC(=O)c2cccc(N3CCOCC3)c2)cc1NC(=O)c1ccc(OCc2cscn2)cc1,2.6989700043360187
1102,Cc1ccc(NC(=O)c2ccccc2F)cc1-n1cnc2ccc(N3CCN(C)CC3)cc2c1=O,5.970021265828366
1103,Cc1ccc(NC(=O)c2cccnc2)cc1-n1cnc2ccc(N3CCN(C)CC3)cc2c1=O,5.400019635065158
1104,Cc1ccc(NC(=O)c2ccnc(N3CCOCC3)c2)cc1-n1c(C)nc2ccc(N3CCN(C)CC3)cc2c1=O,5.929980590515514
1105,Cc1ccc(NC(=O)c2ccnc(N3CCOCC3)c2)cc1Nc1ccnc(Cl)n1,4.17897694729317
1106,Cc1ccc(NC(=O)c2ccnc(N3CCOCC3)c2)cc1Nc1ccnc(OCC(C)(C)CN(C)C)n1,5.690018780788695
1107,Cc1ccc(NC(=O)c2ccoc2)cc1-n1cnc2ccc(N3CCN(C)CC3)cc2c1=O,6.109983294819893
1108,Cc1ccc(NC(=O)c2cncs2)cc1-n1cnc2ccc(N3CCN(C)CC3)cc2c1=O,5.729974285699556
1109,Cc1ccc(NC(=O)c2cscn2)cc1-n1cnc2ccc(N3CCN(C)CC3)cc2c1=O,5.660011221289331
1110,Cc1ccc(Nc2nc(C)nc3c2oc2ccccc23)cc1,2.6989700043360187
1111,Cc1ccc(Nc2nccc(N(C)c3ccc4c(C)n(C)nc4c3)n2)cc1S(N)(=O)=O,3.740362689494244
1112,Cc1ccc(Oc2ccc(C(=O)N(C)Cc3ccncc3)cc2)cc1,3.278753600952829
1113,Cc1ccc(Oc2ccc(C(=O)NCCO)cc2)cc1,5.409933123331294
1114,Cc1ccc(Oc2ccc(C(=O)NCCc3ccncc3)cc2)cc1,3.544068044350276
1115,Cc1ccc(Oc2ccc(C(=O)NCc3ccccc3)cc2)cc1,4.309630167425898
1116,Cc1ccc(Oc2ccc(C(=O)NCc3ccncc3)cc2)cc1,3.9395192526186182
1117,Cc1ccc(Oc2ccc(Nc3ncnc4[nH]nc(OCCN5CCC(O)CC5)c34)cc2Cl)cn1,4.450249108319361
1118,Cc1ccc(Oc2ccc(Nc3ncnc4cccc(O[C@@H](C)C(=O)N(C)C)c34)cc2C)cn1,4.419955748489758
1119,Cc1ccc(Oc2ccc(Nc3ncnc4cccc(O[C@@H](C)C(=O)N5CCOCC5)c34)cc2C)cn1,4.4996870826184034
1120,Cc1ccc(Oc2ccc(Nc3ncnc4cccc(O[C@H](C)C(=O)N(C)C)c34)cc2C)cn1,4.359835482339888
1121,Cc1ccc(Oc2ccc(Nc3ncnc4cccc(O[C@H](C)C(=O)N(C)CCO)c34)cc2C)cn1,4.800029359244134
1122,Cc1ccc(Oc2ccc(Nc3ncnc4cccc(O[C@H](C)C(=O)N5CCOCC5)c34)cc2C)cn1,3.880813592280792
1123,Cc1ccc(Oc2ccc(Nc3ncnc4cccc(O[C@H](C)C(=O)N5CCOCC5)c34)cc2Cl)cn1,3.361727836017593
1124,Cc1ccc(Oc2ccc(Nc3ncnc4cccc(O[C@H](C)C(=O)NCCO)c34)cc2C)cn1,3.6232492903979
1125,Cc1ccc(Oc2ccnc(Nc3ccc(S(N)(=O)=O)cc3)c2)c(C)n1,3.6232492903979
1126,Cc1ccc(S(=O)(=O)Nc2c(C(=O)N(C)C3CCCCC3)cnn2-c2ccccc2)cc1,5.950023906523327
1127,Cc1ccc(S(=O)(=O)Nc2c(C(=O)NC3CCCCC3)c(C)nn2-c2ccccc2)cc1,6.149988456491476
1128,Cc1ccc(S(=O)(=O)Nc2c(C(=O)NC3CCCCC3)cnn2-c2ccccc2)cc1,5.690018780788695
1129,Cc1ccc(S(=O)(=O)Nc2c(C(=O)N[C@@H](C)C(C)(C)C)c(C)nn2-c2ccccc2)cc1,6.01000297412706
1130,Cc1ccc(S(=O)(=O)Nc2c(C(=O)N[C@@H](C)C(C)(C)C)c(C)nn2C(C)(C)C)cc1,5.710032699065754
1131,Cc1ccc(S(=O)(=O)Nc2c(C(=O)N[C@@H](C)C(C)(C)C)c(C)nn2C2CCCCC2)cc1,5.940018155007663
1132,Cc1ccc(S(=O)(=O)Nc2c(C(=O)N[C@@H](C)C(C)(C)C)c(C)nn2C2CCSCC2)cc1,5.9599948383284165
1133,Cc1ccc(S(=O)(=O)Nc2c(C(=O)N[C@H](C)C(C)(C)C)c(C)nn2-c2ccccc2)cc1,6.0
1134,Cc1ccc(SCc2cc(=O)n(C)[nH]2)cc1,6.180011119057718
1135,Cc1ccc([N+](=O)[O-])cc1S(=O)(=O)n1ccc(-c2c(C)nc3ccc(Br)cn23)n1,2.6020599913279625
1136,Cc1ccc2[nH]ccc2c1-c1nc(N2CCOCC2)cc(C2(S(C)(=O)=O)CC2)n1,4.980003371583746
1137,Cc1ccc2c(N)c(C(N)=O)sc2n1,5.839980557678342
1138,Cc1ccc2c(c1)-c1ccccc1S(=O)(=O)N2,5.800029359244134
1139,Cc1ccc2c(c1)c(-c1ccnc3c(C)cccc13)c(C)n2CC(=O)O,5.279894980011638
1140,Cc1ccc2c(c1)c(-c1ccnc3c(Cl)cccc13)c(C)n2CC(=O)O,6.120014252078067
1141,Cc1ccc2nc(-c3ccccc3)cc(O)c2c1,4.359835482339888
1142,Cc1ccc2nc(C)c(-c3ccnc(N)n3)n2c1,5.660011221289331
1143,Cc1ccc2nc(NCCN)c3ncc(C)n3c2c1,5.390051496458987
1144,Cc1cccc(-c2ccc3c(c2)c(C(=O)C(=O)O)cn3Cc2ccc(C(C)(C)C)cc2)c1,5.560026248912893
1145,Cc1cccc(-c2nn3c(c2-c2ccnc4ccc(C(N)=O)cc24)CCC3)n1,5.260071387985075
1146,Cc1cccc(C)c1NC(=O)N1CCC(C(=O)c2ccc(F)cc2)CC1,4.269512944217916
1147,Cc1cccc(C[C@H](NC(=O)c2cc(C(C)(C)C)nn2C)C(=O)NCC#N)c1,4.800029359244134
1148,Cc1cccc(NS(=O)(=O)c2ccc(-c3ccc(C#N)cc3)cc2)n1,4.2405492482826
1149,Cc1cccc(NS(=O)(=O)c2cccc3nonc23)c1,4.910090545594068
1150,Cc1cccc(Nc2nnc(C(=O)Nc3ccc(N4CCOCC4)nc3)o2)c1,3.681241237375587
1151,Cc1cccc2c3c([nH]c12)CCN(C(=O)[C@@H]1CCCC[C@H]1C(=O)NC1(C#N)CC1)C3,5.710032699065754
1152,Cc1cccc2c3cc(NC(=O)N4CCOCC4)ccc3n(C(C)C)c12,3.707570176097936
1153,Cc1ccccc1-n1c(Cn2nc(-c3ccc(O)c(F)c3)c3c(N)ncnc32)nc2cccc(C)c2c1=O,4.399673721481038
1154,Cc1ccccc1/N=N/c1ccc(NC(=O)c2ccnn2C)c(C)c1,3.505149978319906
1155,Cc1ccccc1C(=O)NC1CCN(Cc2ccccc2)CC1,5.390051496458987
1156,Cc1ccccc1C(=O)Nc1ccccc1,5.269979676645324
1157,Cc1ccccc1C[C@@H](C(=O)O)N1CCC(CN2CCC(Oc3ccc(Cl)c(Cl)c3)CC2)CC1,4.089905111439398
1158,Cc1ccccc1N(C)c1ccnc(Nc2cc(N3CCOCC3)cc(N3CCOCC3)c2)n1,4.489958479424835
1159,Cc1ccccc1NC(=O)Nc1ccncc1,5.859978441642021
1160,Cc1ccccc1Nc1ncnc2ccccc12,5.6200318951262975
1161,Cc1ccccc1Oc1cc(-n2ncc(Cl)c(Cl)c2=O)ncn1,3.0
1162,Cc1ccn2c(NC(=O)c3ccccc3)c(-c3cccs3)nc2c1,3.041392685158225
1163,Cc1ccnc(NC(=O)CSc2ccccn2)c1,5.639984248041588
1164,Cc1ccnc(NC(c2ccccn2)c2c(C)[nH]c3ccccc23)c1,3.146128035678238
1165,Cc1ccnc2nc(C(=O)Nc3nccs3)nn12,5.529943401658669
1166,Cc1cn(-c2cc(NC(=O)c3ccc(C)c(Nc4nccc(-c5cccnc5)n4)c3)cc(C(F)(F)F)c2)cn1,3.041392685158225
1167,Cc1cn(C[C@H]2CN(c3ccc(C4=CCS(=O)(=O)CC4)c(F)c3)C(=O)O2)nn1,5.569958818096594
1168,Cc1cnc(-c2cnc(NCCNc3ccc(C#N)cn3)nc2-c2ccc(Cl)cc2Cl)[nH]1,2.6020599913279625
1169,Cc1cnc(NC(=O)CSc2nnc(C)s2)s1,4.850033257689769
1170,Cc1cnc(NC(=O)Cc2ccccc2)s1,4.230448921378274
1171,Cc1cnc(NC(=O)c2ccccn2)s1,5.299942900022767
1172,Cc1cnc(Nc2ccc(OCC(O)CN(C)C)cc2)nc1Nc1ccccc1,5.859978441642021
1173,Cc1cnccc1COc1cnc(N2CCN(C(=O)OC(C)(C)C)CC2)nc1,3.568201724066995
1174,Cc1csc(NC(=O)c2cc(Sc3nncn3C)ccc2N)n1,3.959041392321093
1175,Cc1csc(NC(=O)c2ccccc2)n1,5.5199591807520685
1176,Cc1nc(-c2c(C)n(Cc3c(F)cccc3F)c(=O)n(C[C@H](N)c3ccccc3)c2=O)cs1,6.180011119057718
1177,Cc1nc(-c2ccc(CN3CCC(N(C)C(=O)Cc4ccc(-n5cnnn5)cc4)CC3)cc2)no1,4.008600171761918
1178,Cc1nc(-c2ccccc2)c(-c2ccc(CN3CCC(n4c(=O)[nH]c5ccccc54)CC3)cc2)[nH]c1=O,4.439332693830263
1179,Cc1nc(C)c(-c2ccc(C34CCC(C(=O)O)(CC3)CC4)cc2)nc1C(N)=O,5.279894980011638
1180,Cc1nc(C)c(-c2ccc(C34CCC(CC(=O)O)(CC3)CC4)cc2)nc1C(N)=O,5.049992856920142
1181,Cc1nc(C)c(-c2ccc([C@H]3CC[C@@H](CC(=O)O)CC3)c(Cl)c2)nc1C(N)=O,5.299942900022767
1182,Cc1nc(C)c(-c2ccc([C@H]3CC[C@@H](CC(=O)O)CC3)c(F)c2)nc1C(N)=O,5.880012838366771
1183,Cc1nc(C)c(-c2ccc([C@H]3CC[C@H](CC(=O)O)CC3)c(Cl)c2)nc1C(N)=O,5.319938439980309
1184,Cc1nc(C)c(-c2ccc([C@H]3CC[C@H](CCC(=O)O)CC3)cc2)nc1C(N)=O,5.299942900022767
1185,Cc1nc(C)c(-c2ccc([C@H]3CC[C@H](Cc4nnn[nH]4)CC3)cc2)nc1C(N)=O,5.43007505555194
1186,Cc1nc(C)c(-c2ccc3c(c2)CC[C@]32CC[C@@H](CC(=O)O)CC2)nc1C(N)=O,5.749968083509403
1187,Cc1nc(C)c(-c2ccc3c(c2)CC[C@]32CC[C@@H](Cc3nnn[nH]3)CC2)nc1C(N)=O,4.889861721258188
1188,Cc1nc(C)c(-c2ccnc(Nc3ccc(N(C)C)c(Cl)c3)n2)s1,3.113943352306837
1189,Cc1nc(C)c(C(=O)N[C@@H](Cc2cccc(Cl)c2)C(=O)NCC#N)s1,4.759667844689631
1190,Cc1nc(COc2ccc(C(=O)Nc3cc(NC(=O)c4cccc(N5CCOCC5)c4)ccc3C)cc2)cs1,3.0
1191,Cc1nc(CS(=O)(=O)c2ccc(Cl)cc2)cc(N2CCOCC2)n1,5.35005409357903
1192,Cc1nc(CSc2ccc(Cl)cc2)cc(N2CCOCC2)n1,5.030194785356751
1193,Cc1nc(N2CCN(c3ncc(OCc4ccncc4C#N)cn3)[C@H](C)C2)no1,4.800029359244134
1194,Cc1nc(Nc2ncc(C(=O)Nc3c(C)cccc3Cl)s2)cc(N2CCN(CCO)CC2)n1.O,4.079181246047625
1195,Cc1nc(O)c2cc(-c3ccccc3)sc2n1,3.255272505103306
1196,Cc1nc(S(C)(=O)=O)ccc1Nc1ncnc(OC2CCN(C(=O)OC(C)C)CC2)c1C,4.089905111439398
1197,Cc1nc2ccc(Cl)cn2c1-c1ccnc(N)n1,5.880012838366771
1198,Cc1nc2ccccn2c1-c1ccnc(N)n1,6.180011119057718
1199,Cc1nc2ccccn2c1-c1ccnc(Nc2cccc(Cl)c2)n1,3.812913356642856
1200,Cc1nc2nc(-c3cccnc3)nn2c(O)c1Cc1ccccc1,4.469822015978163
1201,Cc1ncc(-c2ccc([C@H]3CC[C@H](CC(=O)O)CC3)cc2)nc1C(N)=O,5.569958818096594
1202,Cc1ncc(-c2ccnc(Nc3ccc(C(=O)N(C)C)c(F)c3)n2)n1C(C)C,5.119915410257991
1203,Cc1ncc(-c2ccnc(Nc3ccc(C(=O)N4CCN(C)CC4)cc3)n2)n1C(C)C,5.679972694277419
1204,Cc1ncc(-c2ccnc(Nc3ccc(C(=O)NC4CC4)cc3)n2)n1C(C)C,4.850033257689769
1205,Cc1ncc(-c2ccnc(Nc3ccc(C(=O)NC4CCN(C)CC4)cc3)n2)n1C(C)C,5.940018155007663
1206,Cc1ncc(-c2ccnc(Nc3ccc(C(N)=O)c(F)c3)n2)n1C(C)C,4.519827993775719
1207,Cc1ncc(-c2ccnc(Nc3ccc(C(N)=O)cc3)n2)n1C(C)C,5.130011949671904
1208,Cc1ncc(-c2ccnc(Nc3ccc(Cl)cc3)n2)n1C(C)C,4.02938377768521
1209,Cc1ncc(-c2ccnc(Nc3ccc(F)cc3)n2)n1C(C)C,5.030194785356751
1210,Cc1ncc(-c2ccnc(Nc3ccc(N(C)C)cc3)n2)n1C(C)C,5.0
1211,Cc1ncc(-c2ccnc(Nc3ccc(N4CCN(C(=O)CO)CC4)cc3)n2)n1C(C)C,5.20002926655377
1212,Cc1ncc(-c2ccnc(Nc3ccc(N4CCN(C(=O)[C@H](C)O)CC4)cc3)n2)n1C(C)C,5.560026248912893
1213,Cc1ncc(-c2ccnc(Nc3ccc(N4CCN(S(C)(=O)=O)CC4)cc3)n2)n1C(C)C,3.949390006644913
1214,Cc1ncc(-c2ccnc(Nc3ccc(N4CCOCC4)cc3)n2)n1C(C)C,4.749736315569061
1215,Cc1ncc(-c2ccnc(Nc3ccc(S(=O)(=O)CC4CCCO4)cc3)n2)n1C(C)C,4.8401060944567575
1216,Cc1ncc(-c2ccnc(Nc3ccc(S(=O)(=O)CCCN4CCOCC4)cc3)n2)n1C(C)C,5.929980590515514
1217,Cc1ncc(-c2ccnc(Nc3ccc(S(N)(=O)=O)cc3)n2)n1C,4.559906625036112
1218,Cc1ncc(-c2ccnc(Nc3ccccc3)n2)n1C(C)C,4.550228353055094
1219,Cc1ncc(-c2nc(Nc3ccc(C(=O)N(C)C)c(F)c3)ncc2F)n1C(C)C,4.209515014542631
1220,Cc1ncc(-c2nc(Nc3ccc(C(=O)N(C)C)cc3)ncc2F)n1C(C)C,5.0
1221,Cc1ncc(-c2nc(Nc3ccc(C(=O)N4CCN(C)CC4)cc3)ncc2F)n1C(C)C,4.759667844689631
1222,Cc1ncc(-c2nc(Nc3ccc(C(=O)NC4CCN(C)CC4)c(F)c3)ncc2F)n1C(C)C,5.439963935920905
1223,Cc1ncc(-c2nc(Nc3ccc(C(N)=O)c(F)c3)ncc2F)n1C(C)C,3.7781512503836434
1224,Cc1ncc(-c2nc(Nc3ccc(C(N)=O)cc3)ncc2F)n1C(C)C,4.559906625036112
1225,Cc1ncc(-c2nc(Nc3ccc(N4CCN(C(=O)CO)CC4)cc3)ncc2F)n1C(C)C,5.20002926655377
1226,Cc1ncc(-c2nc(Nc3ccc(N4CCOCC4)cc3)ncc2F)n1C(C)C,5.070037866607756
1227,Cc1ncc(C(N)=O)nc1-c1ccc([C@H]2CC[C@H](C(=O)O)CC2)cc1,6.090011024007147
1228,Cc1ncc2n1-c1ccc(Cl)cc1C(c1ccccc1F)=NC2,4.859738566197147
1229,Cc1nn(-c2ccccc2)c(NS(=O)(=O)C2CCCCC2)c1C(=O)N[C@@H](C)C(C)(C)C,5.599992177584098
1230,Cc1nn(C2CCN(C)CC2)cc1-c1cnc(N)c(-c2nc3ccccc3o2)c1,4.330413773349191
1231,Cc1noc(C)c1CCC1CCN(S(=O)(=O)CC2(N(O)C=O)CCOC(C)(C)C2)CC1,5.929980590515514
1232,Cc1noc2cc(N3CCN(C(=O)[C@@H]4CCCC[C@H]4C(=O)NC4(C#N)CC4)[C@H](C)C3)ccc12,5.780029127337339
1233,Cc1oc(-c2ccccc2)nc1CCOc1ccc(C[C@H](Nc2ccccc2C(=O)c2ccccc2)C(=O)O)cc1,4.550228353055094
1234,Cc1onc(-c2ccccc2)c1C(=O)OCC(=O)c1ccccc1,3.3010299956639813
1235,Cc1onc(C(N)=O)c1C(=O)Nc1nccs1,4.489958479424835
1236,Cc1onc(CO)c1C(=O)Nc1nccs1,5.159867847092567
1237,Cc1oncc1C(=O)Nc1ccc(C(F)(F)F)cc1,4.829946695941636
1238,Cc1sc(N)nc1-c1ccccc1,5.980003371583746
1239,Cc1sc(N2CCN(C(=O)[C@@H]3CCCC[C@H]3C(=O)NC3(C#N)CC3)CC2)nc1C(F)(F)F,6.029992175377847
1240,Cc1sc(N2CCN(C)CC2)nc1CCOc1ccc(C[C@H](Nc2ccccc2C(=O)c2ccccc2)C(=O)O)cc1,4.9898945637187735
1241,Cc1sc2c(c1C)C(c1ccc(Cl)cc1)=N[C@@H](CC(=O)OC(C)(C)C)c1nnc(C)n1-2,4.759667844689631
1242,Cc1sc2ncnc(SCC(=O)N3CCCC3)c2c1C,5.0
1243,Clc1cc(Nc2ncnc3[nH]nc(OCCN4CCCC4)c23)ccc1OCc1ccccn1,4.079181246047625
1244,Clc1cc(Nc2ncnc3[nH]nc(OCCN4CCOCC4)c23)ccc1OCc1ccccn1,3.3010299956639813
1245,Clc1ccc(-c2cn3cccnc3n2)cc1,4.301029995663981
1246,Clc1ccc(-c2nnc(CNC3CC3)o2)cc1,6.090011024007147
1247,Clc1ccc(-c2nnc3cccc(Cl)n23)c(Cl)c1,4.720159303405957
1248,Clc1ccc(CN(Cc2ccc(Cl)cc2)c2nn[nH]n2)cc1,5.070037866607756
1249,Clc1ccc(CN2CCC(Nc3ccc4[nH]ncc4c3)C2)cc1,5.790003520390489
1250,Clc1ccc(COc2ccc(Br)cc2CN2CCOCC2)cc1,3.681241237375587
1251,Clc1ccc(Nc2nnc(Cc3ccncc3)c3ccccc23)cc1,3.146128035678238
1252,Clc1ccc2c(c1)Nc1ccccc1S2,2.845098040014257
1253,Clc1ccc2c(c1Nc1ccnc(Nc3cc(N4CCOCC4)cc(N4CCOCC4)c3)n1)OCO2,4.489958479424835
1254,Clc1cccc(CNc2[nH]nc3cccc(Oc4ccccc4)c23)c1,3.113943352306837
1255,Clc1cccc(Cl)c1-c1nnc2cccc(Cl)n12,5.059941888061955
1256,Clc1n[nH]c2cccc(Nc3ccnc(Nc4cc(N5CCOCC5)cc(N5CCOCC5)c4)n3)c12,3.707570176097936
1257,Cn1[nH]c(CSc2ccc(Cl)cc2)cc1=O,5.6699673699085045
1258,Cn1c(-c2ccccc2C(F)(F)F)nnc1C12CCC(c3noc(-c4ccc(F)cc4)n3)(CC1)CC2,2.9542425094393248
1259,Cn1c(=O)c(Oc2ccc(F)cc2F)cc2cnc(NC3CCOCC3)nc21,4.309630167425898
1260,Cn1c(=O)c2nc(-c3cccnc3)[nH]c2n(C)c1=O,5.340047317661393
1261,Cn1c(=O)n(Cc2ccc(C(=O)O)cc2)c(=O)c2cc(C#CCc3ccccc3)ccc21,3.4771212547196626
1262,Cn1c(C#N)ccc1-c1cc(F)c2c(c1)C(C)(C)C(=O)N2,3.7323937598229686
1263,Cn1c(C#N)ccc1-c1ccc2c(c1)C(C)(C)OC(=O)N2,4.12057393120585
1264,Cn1c(C#N)ccc1-c1ccc2c(c1)C(C)(C)OC(=S)N2,3.5563025007672877
1265,Cn1c2ccccc2c2cc(NC(=O)CCc3ccncc3)ccc21,4.041392685158225
1266,Cn1cc(C(=O)CCCCOc2ccc(C(=O)O)cc2)cc1C=O,6.080012847107928
1267,Cn1cc(C(=O)NC[C@@H](O)CN2CCC(Oc3ccc(Cl)c(Cl)c3)CC2)c(C(F)(F)F)cc1=O,4.910090545594068
1268,Cn1cc(C2=C(c3cccc(NCC(O)CO)c3)C(=O)NC2=O)c2cc(F)ccc21,3.643452676486187
1269,Cn1cc(C2=C(c3cn(C4CCN(Cc5ccccn5)CC4)c4ccccc34)C(=O)NC2=O)c2ccccc21,2.903089986991944
1270,Cn1cnc(-c2cccc(NC(=O)Nc3cc(C(F)(F)F)ccc3F)c2)c1-c1cc2c(N)ncnc2s1,2.6989700043360187
1271,Cn1cnc(-c2ccccc2)c1-c1cc2c(N)ncnc2s1,4.929929560084588
1272,Cn1cnc(-c2ccccc2)c1-c1nc2c(N)ncnc2s1,5.210050849875137
1273,Cn1cnc(-c2ccccc2)c1/C=C/c1ccnc(N)n1,5.449940988773338
1274,Cn1cnc(-c2ccccc2)c1C#Cc1ccnc(N)n1,4.230448921378274
1275,Cn1cnc2c(-c3ccc(C4(N)CCC4)cc3)c(-c3ccccc3)ccc21,5.279894980011638
1276,Cn1cncc1[C@@](N)(c1ccc(Cl)cc1)c1ccc2c(c1)c(-c1cccc(Cl)c1)cc(=O)n2C,3.977723605288848
1277,Cn1nc(C(C)(C)C)cc1C(=O)N[C@@H](Cc1cccc(Cl)c1)C(=O)NCC#N,4.9698816437465
1278,Cn1sc(NCc2ccccc2)nc1=O,6.180011119057718
1279,FC(F)(F)c1nnc2ccc(N3CCCC3)nn12,5.6200318951262975
1280,FC(F)(F)c1nnc2ccc(N3CCCCCC3)nn12,5.119915410257991
1281,FC(F)(F)c1nnc2ccc(NCc3cccnc3)nn12,5.580012112529424
1282,FC(F)(F)c1nnc2ccc(NCn3nnc4ccccc43)nn12,4.260071387985075
1283,FC(F)c1nc2ccccc2n1-c1nc(N2CCOCC2)nc(N2CCOCC2)n1,2.845098040014257
1284,Fc1ccc(CN2CCN(C3=Nn4c(nnc4C(F)(F)F)CC3)CC2)cc1,5.719993826367604
1285,Fc1ccc(CN2CCN(c3ccc4nnc(C(F)(F)F)n4n3)CC2)cc1,4.190331698170292
1286,Fc1ccc(Nc2nccc(Nc3c(Cl)ccc4c3OCO4)n2)cc1,3.792391689498254
1287,Fc1ccc(Nc2ncnc3ccccc23)cc1Cl,3.89209460269048
1288,Fc1cnc(Nc2ccccc2)nc1Nc1ccccc1,3.113943352306837
1289,N#CC1(NC(=O)[C@@H]2CCCC[C@H]2C(=O)N2CCN(c3nc(-c4ccccc4)cs3)CC2)CC1,4.980003371583746
1290,N#CC1(NC(=O)[C@@H]2CCCC[C@H]2C(=O)N2CCc3[nH]c4c(Br)cccc4c3C2)CC1,5.150142161848558
1291,N#CC1(NC(=O)[C@@H]2CCCC[C@H]2C(=O)N2CCc3[nH]c4c(C(F)(F)F)cccc4c3C2)CC1,5.159867847092567
1292,N#CC1(NC(=O)[C@@H]2CCCC[C@H]2C(=O)N2CCc3[nH]c4c(Cl)cccc4c3C2)CC1,5.330007700872759
1293,N#CC1(NC(=O)[C@@H]2CCCC[C@H]2C(=O)N2CCc3[nH]c4c(F)cccc4c3C2)CC1,5.679972694277419
1294,N#CC1(NC(=O)[C@@H]2CCCC[C@H]2C(=O)N2CCc3[nH]c4c(OC(F)(F)F)cccc4c3C2)CC1,5.089905111439398
1295,N#CC1(NC(=O)[C@@H]2CCCC[C@H]2C(=O)N2CCc3[nH]c4cc(F)ccc4c3C2)CC1,5.729974285699556
1296,N#CC1(NC(=O)[C@@H]2CCCC[C@H]2C(=O)N2CCc3[nH]c4ccc(C(F)(F)F)cc4c3C2)CC1,4.869818207979328
1297,N#CC1(NC(=O)[C@@H]2CCCC[C@H]2C(=O)N2CCc3[nH]c4ccc(Cl)cc4c3C2)CC1,5.109915863023793
1298,N#CC1(NC(=O)[C@@H]2CCCC[C@H]2C(=O)N2CCc3[nH]c4ccc(F)cc4c3C2)CC1,5.719993826367604
1299,N#CC1(NC(=O)[C@@H]2CCCC[C@H]2C(=O)N2CCc3[nH]c4ccccc4c3C2)CC1,5.9599948383284165
1300,N#CC1(NC(=O)[C@@H]2CCCC[C@H]2C(=O)N2CCc3[nH]c4ncccc4c3C2)CC1,6.180011119057718
1301,N#CC1(NC(=O)[C@@H]2CCCC[C@H]2C(=O)N2CCc3oc4ccccc4c3C2)CC1,5.759969857554308
1302,N#CCN1C(=O)C(NC(=O)c2cc3cc(Cl)sc3[nH]2)Cc2ccccc21,2.7781512503836434
1303,N#CCNC(=O)[C@@H]1CCCC[C@H]1C(=O)N1CCN(c2ccc(C#N)cc2)CC1,5.139879086401237
1304,N#CCNC(=O)[C@@H]1CCCC[C@H]1C(=O)N1CCN(c2ccccc2)CC1,5.800029359244134
1305,N#CCNC(=O)[C@@H]1CCCC[C@H]1C(=O)N1CCc2[nH]c3ccc(F)cc3c2C1,4.068185861746161
1306,N#CCNC(=O)[C@@H]1CCCC[C@H]1C(=O)N1CCc2ccccc2C1,5.560026248912893
1307,N#Cc1c(-c2ccc(-c3ccccc3OC(F)(F)F)cc2)nc2ccncc2c1O,3.5185139398778875
1308,N#Cc1c(C(=O)O)n(Cc2ccc(Cl)c(Cl)c2)c2ccccc12,6.090011024007147
1309,N#Cc1c(C2CCCNC2)cc(-c2c(O)cccc2OCC2CC2)nc1N,3.90848501887865
1310,N#Cc1ccc(-c2ccc(S(=O)(=O)Nc3cccc(N)n3)cc2)cc1,3.113943352306837
1311,N#Cc1ccc(C(=O)N2CCC(C(=O)c3ccc(F)cc3)CC2)cc1,5.089905111439398
1312,N#Cc1ccc(CN2CCN(c3ccc4nnc(C(F)(F)F)n4n3)CC2)cc1,4.060697840353612
1313,N#Cc1ccc(C[C@@H](C(=O)O)N2CCC(CN3CCC(Oc4ccc(Cl)c(Cl)c4)CC3)CC2)cc1,4.729974285699556
1314,N#Cc1ccc2[nH]c(-c3ccc(F)cc3)c(CCCC(=O)NS(=O)(=O)C(F)(F)F)c2c1,5.489958479424835
1315,N#Cc1ccc2[nH]c(-c3ccc(F)cc3)c(CCCC(=O)NS(N)(=O)=O)c2c1,4.429752280002408
1316,N#Cc1ccccc1C(=O)N1CCC(C(=O)c2ccc(F)cc2)CC1,5.130011949671904
1317,N#Cc1ccccc1COc1cc(OCCCN2CCCC2)ccc1C(=O)Nc1cccc(O)c1,5.560026248912893
1318,N#Cc1ccccc1COc1cc(OCCCN2CCCC2)ccc1C(=O)Nc1ccccc1,4.540329474790874
1319,N#Cc1ccccc1C[C@@H](C(=O)O)N1CCC(CN2CCC(Oc3ccc(Cl)c(Cl)c3)CC2)CC1,5.459995256047391
1320,N#Cc1ccccc1Oc1ccc(C(=O)NCc2ccncc2)cc1,4.889861721258188
1321,N#Cc1cccnc1-c1ccc(C(=O)Nc2ccccc2N)cc1,4.550228353055094
1322,N#Cc1cnn(-c2ccccc2)c1NC(=O)CN1CCN(c2ccccc2)CC1,4.399673721481038
1323,N#Cc1cnn(-c2ccccc2)c1NC(=O)CN1CCOCC1,6.01000297412706
1324,N#Cc1cnn(-c2ccccc2)c1NC(=O)c1ccccc1F,4.680335513414564
1325,N#Cc1nc(N2CCCC2)c(N)c(N2CCOCC2)n1,4.770115294787102
1326,N#Cc1nc(N2CCCCC2)c(N)c(N2CCOCC2)n1,4.350248018334163
1327,N#Cc1nc(N2CCOCC2)nc(N2CCOCC2)n1,4.889861721258188
1328,N#Cc1nc(NC2CCCC2)c(N)c(N2CCOCC2)n1,4.550228353055094
1329,N#Cc1nc(NC2CCCCC2)c(N)c(N2CCOCC2)n1,3.505149978319906
1330,N#Cc1nc(Nc2ccccc2)c(N)c(N2CCOCC2)n1,4.290034611362518
1331,N=C(N)Nc1nc(-c2cccc(O)c2)cs1,4.899820502427096
1332,N=C(N)c1cc2c(/C=C/c3ccc4c(c3)OCO4)cccc2s1,3.5563025007672877
1333,N=C(N)c1ccc(C(=O)N2CCN(S(=O)(=O)c3ccc4cc(Br)ccc4c3)CC2)cc1,4.599883072073688
1334,N=C(N)c1ccc2cc(C(=O)Nc3ccc(CN)cc3)cc(Nc3ncccn3)c2c1,5.1801258751640535
1335,N=C(N)c1ccc2cc(C(=O)Nc3ccc4c(c3)OCO4)ccc2c1,4.650307523131937
1336,N=C(N)c1ccc2cc(C(=O)Nc3ccccc3)cc(Nc3ncccn3)c2c1,4.450249108319361
1337,N=C1S/C(=C/c2ccco2)C(=O)N1c1nccs1,5.260071387985075
1338,NC(=O)C(NC(=O)C1(N)CCN(c2ncnc3[nH]ccc23)CC1)c1ccc(Cl)cc1,5.660011221289331
1339,NC(=O)C(c1ccccc1)(c1ccccc1)[C@@H]1CCN(CCc2ccc3c(c2)CCO3)C1,4.889861721258188
1340,NC(=O)CN1C(=O)C(NC(=O)c2cc3cc(Cl)sc3[nH]2)Cc2ccccc21,3.716003343634799
1341,NC(=O)COc1ccc(OCCNCC(O)COc2ccccc2)cc1,5.820004306808318
1342,NC(=O)N1c2ccccc2C=Cc2ccccc21,5.889973638403996
1343,NC(=O)Nc1cc(-c2ccccc2)sc1C(N)=O,4.230448921378274
1344,NC(=O)Nc1cc(-c2ccsc2)sc1C(N)=O,4.9599948383284165
1345,NC(=O)Nc1sc(-c2ccc(CNC3CCCC3)cc2)cc1C(N)=O,5.679972694277419
1346,NC(=O)Nc1sc(-c2ccc(Cl)c(Cl)c2)cc1C(=O)N[C@H]1CCCNC1,4.820201459485641
1347,NC(=O)Nc1sc(-c2ccc(F)cc2)cc1C(N)=O,4.829946695941636
1348,NC(=O)Nc1sc(-c2ccc(OC(F)(F)F)cc2)cc1C(N)=O,4.041392685158225
1349,NC(=O)Nc1sc(-c2ccc(OCCOCC3CC3)cc2)cc1C(N)=O,3.690196080028514
1350,NC(=O)Nc1sc(-c2ccccc2)cc1C(=O)N1CCOCC1,4.429752280002408
1351,NC(=O)Nc1sc(-c2ccccc2)cc1C(=O)NCc1ccccc1,2.903089986991944
1352,NC(=O)Nc1sc(-c2ccccc2)cc1C(=O)Nc1ccccc1,2.7781512503836434
1353,NC(=O)c1c(OCc2c(F)cc(Br)cc2F)nsc1NC(=O)NCCCCN1CCCC1,4.889861721258188
1354,NC(=O)c1cc(-c2ccccc2)sc1N,4.8401060944567575
1355,NC(=O)c1ccc(I)c([N+](=O)[O-])c1,5.6200318951262975
1356,NC(=O)c1ccccc1NC(=O)Nc1ccc(Cl)c(Cl)c1,3.1760912590556813
1357,NC(=O)c1ccccc1OCc1ccccc1,5.100025730107863
1358,NC(=O)c1ccccc1Oc1ccccc1,5.449940988773338
1359,NC(=O)c1ccn2c(-c3ccccc3)c(-c3ccc(C4(N)CCC4)cc3)nc2c1,5.049992856920142
1360,NC(=O)c1cnc(-c2ccc(C3(N)CCC3)cc2)c(-c2ccccc2)c1,5.419955748489758
1361,NC(=O)c1sc(-c2ccc(Cl)cc2)cc1N,3.740362689494244
1362,NC(=O)c1sc(-c2ccccc2)cc1N,4.589949601325708
1363,NC(=O)c1sc(-c2ccsc2)cc1NS(=O)(=O)c1ccc(C(F)(F)F)cc1,3.681241237375587
1364,NC1(C(=O)NC(CCCN2CCOCC2)c2ccc(Cl)cc2)CCN(c2ncnc3[nH]ccc23)CC1,6.149988456491476
1365,NC1(C(=O)NC(CCO)c2ccc(Cl)cc2)CCN(c2ncnc3[nH]ccc23)CC1,4.309630167425898
1366,NC1(C(=O)NC(CO)c2ccc(Cl)cc2)CCN(c2ncnc3[nH]ccc23)CC1,4.670245853074124
1367,NC1(C(=O)NC(CS(N)(=O)=O)c2ccc(Cl)cc2)CCN(c2ncnc3[nH]ccc23)CC1,3.716003343634799
1368,NC1(C(=O)NC(c2ccc(Cl)cc2)C2CC2)CCN(c2ncnc3[nH]ccc23)CC1,4.489958479424835
1369,NC1(C(=O)NCc2ccc(Cl)cc2)CCN(c2ncnc3[nH]ccc23)CC1,5.1801258751640535
1370,NC1(Cc2ccc(Cl)cc2)CCN(c2ncnc3[nH]ccc23)CC1,5.529943401658669
1371,NC1(c2ccc(-c3c(-c4ccccc4)ccc4ccnn34)cc2)CCC1,5.240049772112648
1372,NC1(c2ccc(-c3c(-c4ccccc4)ccn4ccnc34)cc2)CCC1,5.73996769675951
1373,NC1(c2ccc(-c3nc4ccccc4cc3-c3ccccc3)cc2)CCC1,5.459995256047391
1374,NC1(c2ccc(-c3nc4ccn5c(=O)[nH]nc5c4cc3-c3ccccc3)cc2)CCC1,3.6720978579357175
1375,NC1(c2ccc(-c3nn4cccc4cc3-c3ccccc3)cc2)CCC1,4.419955748489758
1376,NC1(c2ccc(-c3nn4ccccc4c3-c3ccccc3)cc2)CCC1,5.169968173996892
1377,NC1=NN(c2cccc(C(F)(F)F)c2)CC1,6.159988050381987
1378,NCC(O)(c1ccc(Cl)cc1)c1ccc(Cl)cc1,5.880012838366771
1379,NCc1ccc(NC(=O)c2cc(Nc3ncccn3)c3cc(/C(N)=N/O)ccc3c2)cc1,4.450249108319361
1380,NS(=O)(=O)c1cc(C2(O)NC(=O)c3ccccc32)ccc1Cl,5.700011062322113
1381,NS(=O)(=O)c1cc2c(cc1Cl)NC(C(Cl)Cl)NS2(=O)=O,5.839980557678342
1382,NS(=O)(=O)c1cc2c(cc1Cl)NCNS2(=O)=O,5.869994000121742
1383,NS(=O)(=O)c1ccc(Nc2nc(OCC3CCCCC3)c3nc[nH]c3n2)cc1,3.763427993562937
1384,NS(=O)(=O)c1ccc(Nc2nccc(-c3cnc4ccccn34)n2)cc1,3.812913356642856
1385,NS(=O)(=O)c1cccc(Nc2nccc(Nc3cccc4[nH]ncc34)n2)c1,4.710117365111817
1386,Nc1c(C(=O)c2cccc(OC[C@@H](O)CO)c2)cnn1-c1ccc(F)cc1,5.030194785356751
1387,Nc1c(C(=O)c2cccc(OC[C@H](O)CO)c2)cnn1-c1ccc(F)cc1,5.210050849875137
1388,Nc1c2c(O)nc(O)cc2nn1-c1ccccc1,5.2499317566341945
1389,Nc1cc(-c2ccccc2)ncn1,5.569958818096594
1390,Nc1cc(C(F)(F)F)c(-c2cc(N3CCOCC3)nc(N3CCOCC3)n2)cn1,4.899820502427096
1391,Nc1ccc(C(=O)Nc2cccc(-c3nc(N4CCOCC4)c4oc5ncccc5c4n3)c2)cn1,2.6989700043360187
1392,Nc1ccc(OCc2ccccc2)cc1,5.6699673699085045
1393,Nc1ccc2c(c1)cc(C(=O)O)n2Cc1ccc(Cl)c(Cl)c1,5.539953841656397
1394,Nc1ccc2cccc(Nc3ncccn3)c2n1,4.429752280002408
1395,Nc1cccc(NC(=O)c2ccc(CNC(=O)OCc3cccnc3)cc2)c1,4.340444114840119
1396,Nc1cccc(S(=O)(=O)Nc2ccccc2)c1,6.01000297412706
1397,Nc1ccccc1NC(=O)c1ccc(-c2ncc(CN3CCC3)cc2Cl)cc1,6.130011949671904
1398,Nc1ccccc1NC(=O)c1ccc(-c2ncc(CN3CCCCC3)s2)cc1,4.419955748489758
1399,Nc1ccccc1NC(=O)c1ccc(-c2nccs2)cc1,4.5301996982030825
1400,Nc1ccccc1NC(=O)c1ccc(C2CCN(CCC(=O)Nc3ccccc3F)CC2)cc1,5.049992856920142
1401,Nc1ccccc1NC(=O)c1ccc(C2CCN(Cc3ccc(C(=O)NC4CC4)cc3)CC2)cc1,3.8195439355418688
1402,Nc1ccccc1NC(=O)c1ccc(C2CCN(Cc3ccccc3)CC2)cc1,5.089905111439398
1403,Nc1ccccc1NC(=O)c1ccc(CNC(=O)OCc2cccnc2)cc1,5.100025730107863
1404,Nc1ccccc1NC(=O)c1ccc(CNc2nccc(-c3cccnc3)n2)cc1,4.130333768495007
1405,Nc1ccccc1NC(=O)c1ccc(N2CCN(Cc3ccccc3)CC2)cc1,4.450249108319361
1406,Nc1ccccc1NC(=O)c1ccc(N2CCOCC2)cc1,5.260071387985075
1407,Nc1n[nH]c(S(=O)(=O)CCCc2ccccc2)n1,5.759969857554308
1408,Nc1n[nH]c2ncc3c(c12)CCCCCC3,5.00987563371216
1409,Nc1n[nH]c2nnc(-c3ccccc3)c(-c3ccccc3)c12,4.198657086954422
1410,Nc1nc(-c2ccc(Cl)cc2)cs1,4.920123326290724
1411,Nc1nc(-c2ccccc2)cs1,5.920018916028915
1412,Nc1nc(-c2ccccn2)nc(N)c1Cc1ccccc1F,5.229937685907934
1413,Nc1nc(Cl)nc(NCc2ccccc2)n1,4.450249108319361
1414,Nc1nc(N)c(C(=O)Nc2ccccn2)nc1Cl,3.653212513775344
1415,Nc1nc(N)c2nc(-c3ccccc3)c(N)nc2n1,4.9898945637187735
1416,Nc1nc(NCCc2ccc(O)cc2)nc2nc(-c3ccco3)nn12,4.720159303405957
1417,Nc1nc(Nc2ccc(Cl)cc2)cc(-c2ccccc2)n1,3.342422680822206
1418,Nc1nc2cc(Cl)ccc2n1CCCO,6.120014252078067
1419,Nc1ncc(-c2cnn(C3CCN(C(=O)CO)CC3)c2)cc1-c1nc2ccccc2o1,3.3010299956639813
1420,Nc1ncc(-c2cnn(C3CCNCC3)c2)cc1-c1nc2ccccc2o1,3.361727836017593
1421,Nc1ncc(-c2cnn(C3CCOCC3)c2)cc1-c1nc2ccccc2o1,3.57978359661681
1422,Nc1ncc(-c2cnn(CCO)c2)cc1-c1nc2ccccc2o1,3.4913616938342726
1423,Nc1nccc(-c2c[nH]c3ccccc23)n1,5.759969857554308
1424,Nc1nccc(-c2ccccc2)n1,5.759969857554308
1425,Nc1nccc(/C=C/c2c(Cl)nc3sccn23)n1,5.510008512940234
1426,Nc1nccc(/C=C/c2ccc(Cl)cc2)n1,3.9395192526186182
1427,Nc1nccc(/C=C/c2ccccc2)n1,5.279894980011638
1428,Nc1ncnc(Nc2ccccc2)n1,5.390051496458987
1429,Nc1ncnc2c1C(=O)N(c1ccc([C@H]3CC[C@H](CC(=O)O)CC3)cc1)CCO2,5.880012838366771
1430,Nc1ncnc2c1nc(Sc1nc3cccc(Cl)c3s1)n2CCO,3.3010299956639813
1431,Nc1ncnc2c1ncn2Cc1ccccc1,5.390051496458987
1432,Nc1ncnc2sc(-c3c(-c4ccccc4)ncn3CC3CCCCC3)nc12,4.021189299069938
1433,Nc1ncnc2sc(-c3c(-c4ccccc4)ncn3C[C@H]3CCCO3)nc12,5.719993826367604
1434,Nc1ncnc2sc(-c3c(-c4ccccc4)ncn3Cc3ccccc3N3CCOCC3)nc12,3.643452676486187
1435,Nc1nnc(-c2ccccc2F)s1,5.49996186559619
1436,Nc1nnc(CCSCCc2nnc(NC(=O)Cc3ccccc3)s2)s1,3.1760912590556813
1437,Nc1nnc(Cc2ccccc2)s1,6.080012847107928
1438,O=C(/C=C/Sc1nc[nH]n1)c1ccc(Cl)cc1,4.550228353055094
1439,O=C(CC(c1ccccc1)S(=O)(=O)c1ccccc1)c1ccccc1,3.041392685158225
1440,O=C(CCCCCCC(=O)Nc1ccccc1)NO,6.090011024007147
1441,O=C(CCCN1CCC(O)(c2ccc(Cl)cc2)CC1)c1ccc(F)cc1,4.699837725867246
1442,O=C(CCN1CCCCC1)Nc1ccc(-c2cccn3c(=O)cc(N4CCOCC4)nc23)c2sc3ccccc3c12,4.220108088040055
1443,O=C(CCOCCc1ccccc1)NCCNCCc1ccc(O)c2nc(O)sc12,6.180011119057718
1444,O=C(CCc1ccccc1)c1ccccc1,3.991226075692495
1445,O=C(CCc1ccncc1)Nc1ccc(C(=O)c2ccccc2)cc1,3.90848501887865
1446,O=C(CN1C(=O)C(NC(=O)c2cc3cc(Cl)sc3[nH]2)Cc2ccccc21)NC(CO)CO,4.230448921378274
1447,O=C(CN1C(=O)C(NC(=O)c2cc3cc(Cl)sc3[nH]2)Cc2ccccc21)NCCO,4.14921911265538
1448,O=C(CN1C(=O)C(NC(=O)c2cc3cc(Cl)sc3[nH]2)Cc2ccccc21)NO,4.17897694729317
1449,O=C(CN1CCOCC1)Nc1ccc(-c2cccc3c(=O)cc(N4CCOCC4)oc23)cc1-c1ccccc1,3.342422680822206
1450,O=C(CN1CCOCC1)Nc1ccc(-c2cccc3c(=O)cc(N4CCOCC4)oc23)cc1O,3.857332496431269
1451,O=C(CN1CCOCC1)Nc1ccc(-c2cccc3c(=O)cc(N4CCOCC4)oc23)cc1OCC1CC1,3.1760912590556813
1452,O=C(CNC(=O)c1ccc(Cl)cc1)c1ccc(Br)cc1,2.6989700043360187
1453,O=C(CO)N1CCC(c2[nH]nc(-c3ccc(Cl)cc3F)c2-c2ccncn2)CC1,3.89209460269048
1454,O=C(CO)N1CCC(c2n[nH]c(-c3ccc(Cl)cc3)c2-c2ccncn2)CC1,4.780317312140151
1455,O=C(CO)N1CCC[C@@H]1COc1cccc2ncnc(Nc3ccc(OCc4ccccn4)c(Cl)c3)c12,3.342422680822206
1456,O=C(CO)N1CCC[C@H]1COc1cccc2ncnc(Nc3ccc(OCc4ccccn4)c(Cl)c3)c12,3.278753600952829
1457,O=C(COc1ccccc1)c1ccccc1,5.229937685907934
1458,O=C(CS(=O)(=O)c1ccccc1)c1ccccc1,5.369957607346053
1459,O=C(CSc1ccncc1)Nc1ccc(C(=O)c2ccccc2)cc1,4.230448921378274
1460,O=C(Cc1cc(Nc2ncnc3cc(OCCCN4CCC[C@@H]4CO)ccc23)n[nH]1)Nc1cccc(F)c1,5.00987563371216
1461,O=C(Cc1cc(Nc2ncnc3cc(OCCCN4CCC[C@@H]4CO)ccc23)n[nH]1)Nc1cccc(F)c1F,5.150142161848558
1462,O=C(Cc1ccc2ccccc2c1)Nc1cc(-c2ccc(Cl)cc2)n[nH]1,2.6989700043360187
1463,O=C(Cc1ccccc1)Nc1ccc(N2CCCC2)cc1,3.041392685158225
1464,O=C(Cc1ccccc1)Nc1ccccc1O,5.390051496458987
1465,O=C(Cn1cnc2ccccc21)c1ccc(Br)cc1,5.109915863023793
1466,O=C(N1CCC(c2ccncc2)CC1)N1CCN(S(=O)(=O)c2ccc(Cl)cc2)CC1,3.9395192526186182
1467,O=C(N1CCN(c2ccncc2Cl)CC1)N1CCN(S(=O)(=O)c2ccc(C(F)(F)F)cc2)CC1,3.591064607026499
1468,O=C(NC1C2CC3CC(C2)CC1C3)[C@H]1CCCN1Cc1ccc(Cl)cc1,4.330413773349191
1469,O=C(NC1CCCC1)C(c1ccncc1)N(Cc1ccco1)C(=O)c1ccc(-c2ccccc2)[nH]1,3.544068044350276
1470,O=C(NC1CCCC1)C1CCCN(S(=O)(=O)c2cccc3cccnc23)C1,3.9395192526186182
1471,O=C(NC1CCCC1)c1ccc(-c2cc(-c3cc4c([nH]3)CCNC4=O)ccn2)cc1,2.7781512503836434
1472,O=C(NC1CCCCC1)C1CCCN(S(=O)(=O)c2cccs2)C1,3.6232492903979
1473,O=C(NC1CCCCC1)c1cccnc1Sc1ccccc1,4.359835482339888
1474,O=C(NC1CCCS(=O)(=O)C1)c1ccc(Oc2ccc(C#C[C@]3(O)CN4CCC3CC4)cc2)cc1,5.210050849875137
1475,O=C(NC1CCN(C(=O)c2cccs2)CC1)c1ccccc1,5.220108088040055
1476,O=C(NC1CCS(=O)(=O)C1)c1ccc(Oc2ccc(C#C[C@]3(O)CN4CCC3CC4)cc2)cc1,5.190051417759206
1477,O=C(NC1Cc2ccccc2N(CC(=O)N2CCC(O)CC2)C1=O)c1cc2cc(Cl)sc2[nH]1,2.0
1478,O=C(NC1Cc2ccccc2N(CC(CO)CO)C1=O)c1cc2cc(Cl)ccc2[nH]1,3.431363764158988
1479,O=C(NC1Cc2ccccc2N(CC(CO)CO)C1=O)c1cc2cc(Cl)sc2[nH]1,3.505149978319906
1480,O=C(NC1Cc2ccccc2N(CC(CO)CO)C1=O)c1cc2sc(Cl)c(Cl)c2[nH]1,3.0791812460476247
1481,O=C(NC1Cc2ccccc2N(CCCO)C1=O)c1cc2cc(Cl)sc2[nH]1,3.643452676486187
1482,O=C(NC1Cc2ccccc2N(CCO)C1=O)c1cc2cc(Cl)ccc2[nH]1,3.3010299956639813
1483,O=C(NC1Cc2ccccc2N(CCO)C1=O)c1cc2cc(Cl)sc2[nH]1,4.139879086401237
1484,O=C(NC1Cc2ccccc2N(CCO)C1=O)c1cc2sc(Cl)c(Cl)c2[nH]1,3.041392685158225
1485,O=C(NC1Cc2ccccc2N(C[C@@H](O)CO)C1=O)c1cc2cc(Cl)ccc2[nH]1,4.65991620006985
1486,O=C(NC1Cc2ccccc2N(C[C@@H](O)CO)C1=O)c1cc2cc(Cl)sc2[nH]1,5.269979676645324
1487,O=C(NC1Cc2ccccc2N(C[C@@H](O)CO)C1=O)c1cc2sc(Cl)c(Cl)c2[nH]1,3.4771212547196626
1488,O=C(NCC(=O)N(CCO)c1ccccc1)c1cc2cc(Cl)ccc2[nH]1,3.255272505103306
1489,O=C(NCC12CC3CC(CC(C3)C1)C2)c1cc(CN2CCNCC2)ccc1Cl,4.869818207979328
1490,O=C(NCC12CC3CC(CC(C3)C1)C2)c1cc(N2CCNCC2)ccc1Cl,5.35005409357903
1491,O=C(NCCCCc1ccccc1)c1ccccc1,4.720159303405957
1492,O=C(NCCNC(=O)c1cn(-c2ccccc2)nc1C(F)(F)F)c1ccc(Cl)cn1,3.531478917042255
1493,O=C(NCCSCc1c(F)cccc1Cl)Nc1ccccc1,3.707570176097936
1494,O=C(NCCSCc1ccccc1)c1ccccc1,4.859738566197147
1495,O=C(NC[C@@H](O)CN1CCC(Oc2ccc(Cl)c(Cl)c2)CC1)c1cc(=O)[nH]c2ccccc12,4.198657086954422
1496,O=C(NCc1ccc(C(=O)NO)cc1)OCc1cccnc1,6.140004950619449
1497,O=C(NCc1ccc(C(=O)Nc2ccccc2O)cc1)OCc1cccnc1,3.544068044350276
1498,O=C(NCc1ccc(OC(F)(F)F)cc1)C1c2ccccc2C(=O)N1C1CCOCC1,4.920123326290724
1499,O=C(NCc1ccccc1)c1ccc(=O)oc1,5.130011949671904
1500,O=C(NCc1ccccc1)c1cccn(Cc2ccccc2)c1=O,4.419955748489758
1501,O=C(NCc1ccnc2ccccc12)c1ccc(Oc2ccc(C#C[C@]3(O)CN4CCC3CC4)cc2)cc1,3.9190780923760737
1502,O=C(NCc1ccncc1)c1ccc(-c2ccccc2)cc1,4.02938377768521
1503,O=C(NCc1ccncc1)c1ccc(OCCc2ccccc2)cc1,4.550228353055094
1504,O=C(NCc1ccncc1)c1ccc(OCc2ccccc2)cc1,3.949390006644913
1505,O=C(NCc1ccncc1)c1ccc(Oc2ccc(C#CC3(O)CN4CCC3CC4)cc2)cc1,5.43007505555194
1506,O=C(NCc1ccncc1)c1ccc(Oc2ccc(C#C[C@@]3(O)CN4CCC3CC4)cc2)cc1,5.030194785356751
1507,O=C(NCc1ccncc1)c1ccc(Oc2ccc(C#C[C@]3(O)CN4CCC3CC4)cc2)cc1,5.480006942957151
1508,O=C(NCc1ccncc1)c1ccc(Oc2ccc([N+](=O)[O-])cc2)cc1,3.397940008672037
1509,O=C(NCc1ccncc1)c1ccc(Oc2ccccc2)cc1,4.5301996982030825
1510,O=C(NNC(=O)c1ccccc1)c1ccccc1,5.260071387985075
1511,O=C(NNc1nc2ccccc2o1)c1ccccc1,5.109915863023793
1512,O=C(NO)C1(CS(=O)(=O)c2ccc(Oc3ccc(Cl)cc3)cc2)CCOCC1,5.100025730107863
1513,O=C(NO)c1ccc(NS(=O)(=O)c2ccccc2)cc1,5.49996186559619
1514,O=C(N[C@@H](Cc1ccc(C#CCCNc2ccccn2)cc1)C(=O)O)c1c(Cl)cccc1Cl,4.88024177589548
1515,O=C(N[C@@H](Cc1ccc(CCCc2ccc3c(n2)NCCC3)cc1)C(=O)O)c1c(Cl)cccc1Cl,5.569958818096594
1516,O=C(N[C@@H](Cc1ccc(OCCCNc2ccccn2)cc1)C(=O)O)c1c(Cl)cccc1Cl,5.549983611159689
1517,O=C(N[C@@H](Cc1ccc(OCCNc2nc3ccccc3[nH]2)cc1)C(=O)O)c1c(Cl)cccc1Cl,5.510008512940234
1518,O=C(N[C@@H](Cc1ccc(OCCc2ccc3c(n2)NCCC3)cc1)C(=O)O)c1c(Cl)cccc1Cl,5.030194785356751
1519,O=C(N[C@@H](Cc1ccc(OCCc2ccc3c(n2)NCCO3)cc1)C(=O)O)c1c(Cl)cccc1Cl,6.149988456491476
1520,O=C(N[C@@H](Cc1ccc(OCCc2cccc(NC3CCCC3)n2)cc1)C(=O)O)c1c(Cl)cccc1Cl,5.46996920949996
1521,O=C(N[C@@H](Cc1ccccc1)C(=O)N1CCC(O)CC1)c1cc2cc(Cl)ccc2[nH]1,3.707570176097936
1522,O=C(N[C@@H](Cc1ccccc1)[C@@H](O)C(=O)N1C[C@@H](O)[C@@H](O)C1)c1cc2cc(Cl)ccc2[nH]1,5.639984248041588
1523,O=C(N[C@@H]1Cc2ccccc2N(C[C@@H](O)CO)C1=O)c1cc2cc(Cl)sc2[nH]1,4.02938377768521
1524,O=C(N[C@@H]1Cc2ccccc2N(C[C@H](O)CO)C1=O)c1cc2cc(Cl)sc2[nH]1,4.089905111439398
1525,O=C(N[C@H]1Cc2ccccc2N(C[C@@H](O)CO)C1=O)c1cc2cc(Cl)sc2[nH]1,4.550228353055094
1526,O=C(N[C@H]1Cc2ccccc2N(C[C@H](O)CO)C1=O)c1cc2cc(Cl)sc2[nH]1,4.209515014542631
1527,O=C(Nc1c(Cl)cncc1Cl)c1ccc(OC(F)F)c(OCC2CC2)c1,3.041392685158225
1528,O=C(Nc1cc(Cl)cc2c1[nH]c1cnccc12)c1cccnc1,3.591064607026499
1529,O=C(Nc1ccc(Cl)c(COc2cccnc2)c1)c1cc(F)cc(N2CCOCC2)c1,3.342422680822206
1530,O=C(Nc1ccc(Cl)c(Cl)c1)N1CCN(C[C@@H]2CCCN(C3CC3)C2)CC1,5.459995256047391
1531,O=C(Nc1ccc(Cl)c(Cl)c1)N1CCN(C[C@@H]2CCCN(CCCc3ccccc3)C2)CC1,5.159867847092567
1532,O=C(Nc1ccc(Cl)c(Cl)c1)N1CCN(C[C@@H]2CCCN(CCc3ccccc3)C2)CC1,4.780317312140151
1533,O=C(Nc1ccc(Cl)c(Cl)c1)N1CCN(C[C@@H]2CCCN(Cc3ccccc3)C2)CC1,4.630427875025024
1534,O=C(Nc1ccc(Cl)c(S(=O)(=O)N2CCNCC2)c1O)Nc1cccc(F)c1Cl,5.660011221289331
1535,O=C(Nc1ccc(F)cc1)c1ccc(Cl)[n+]([O-])c1,5.549983611159689
1536,O=C(Nc1ccc(N2CCCCC2)cc1)c1nnc(Nc2ccccc2F)o1,2.845098040014257
1537,O=C(Nc1ccc(N2CCOCC2)c(F)c1)c1nnc(Nc2ccccc2F)o1,3.113943352306837
1538,O=C(Nc1ccc(N2CCOCC2)cc1)c1nnc(NC(=O)C2(c3ccc(Cl)cc3)CCC2)o1,4.820201459485641
1539,O=C(Nc1ccc(N2CCOCC2)cc1)c1nnc(NC(=O)C2(c3ccc(Cl)cc3)CCCC2)o1,3.9395192526186182
1540,O=C(Nc1ccc(N2CCOCC2)cc1)c1nnc(Nc2ccccc2)o1,3.230448921378274
1541,O=C(Nc1ccc(N2CCOCC2)cc1)c1nnc(Nc2ccccc2F)o1,3.716003343634799
1542,O=C(Nc1ccc(N2CCOCC2)nc1)c1nnc(Nc2ccc(Cl)cc2)o1,3.0
1543,O=C(Nc1ccc(N2CCOCC2)nc1)c1nnc(Nc2ccc(F)cc2)o1,3.4149733479708178
1544,O=C(Nc1ccc(N2CCOCC2)nc1)c1nnc(Nc2cccc(F)c2)o1,3.278753600952829
1545,O=C(Nc1ccc(N2CCOCC2)nc1)c1nnc(Nc2cccc(OCc3ccccn3)c2)o1,3.7993405494535817
1546,O=C(Nc1ccc(N2CCOCC2)nc1)c1nnc(Nc2cccc(OCc3cccnc3)c2)o1,3.662757831681574
1547,O=C(Nc1ccc(N2CCOCC2)nc1)c1nnc(Nc2cccc(Oc3ccccc3)c2)o1,3.3010299956639813
1548,O=C(Nc1ccc(N2CCOCC2)nc1)c1nnc(Nc2ccccc2)o1,3.278753600952829
1549,O=C(Nc1ccc(N2CC[S+]([O-])CC2)nc1)c1nnc(Nc2ccccc2F)o1,3.397940008672037
1550,O=C(Nc1ccc(Oc2cccnc2)nc1)c1nnc(Nc2ccccc2F)o1,4.889861721258188
1551,O=C(Nc1ccc2c(c1)c1ccccc1n2C1CCOC1)N1CCOCC1,4.281033367247727
1552,O=C(Nc1cccc(C(F)(F)F)c1)c1ccccc1NCc1ccncc1,2.4771212547196626
1553,O=C(Nc1cccc(O)c1)c1ccc(OCCCN2CCCC2)cc1OC1CCCC1,4.770115294787102
1554,O=C(Nc1cccc(O)c1)c1ccc(OCCCN2CCCC2)cc1OCc1ccc(F)cc1,3.6989700043360183
1555,O=C(Nc1cccc(O)c1)c1ccc(OCCCN2CCCC2)cc1OCc1cccc(F)c1,4.1702617153949575
1556,O=C(Nc1cccc(O)c1)c1ccc(OCCCN2CCCC2)cc1OCc1ccccc1,3.8195439355418688
1557,O=C(Nc1cccc(O)c1)c1ccc(OCCCN2CCCC2)cc1OCc1ccccc1F,4.041392685158225
1558,O=C(Nc1cccc(O)c1)c1ccc(OCCCN2CCCC2)cc1OCc1ccccn1,5.710032699065754
1559,O=C(Nc1cccc(O)c1)c1ccc(OCCCN2CCCC2)cc1OCc1cccnc1,5.340047317661393
1560,O=C(Nc1cccc(O)c1)c1ccc(OCCCN2CCCC2)cc1OCc1cscn1,5.340047317661393
1561,O=C(Nc1ccccc1)N1CCN(c2ccccn2)CC1,5.229937685907934
1562,O=C(Nc1ccccc1)Nc1ccncc1,6.130011949671904
1563,O=C(Nc1ccccc1)Nc1cnns1,5.2499317566341945
1564,O=C(Nc1ccccc1)c1cc(-n2cnnc2)ccc1Cl,5.610021024664145
1565,O=C(Nc1ccccc1)c1ccc(OCCCN2CCCC2)cc1OCc1cccc(F)c1,4.650307523131937
1566,O=C(Nc1ccccc1)c1ccc(OCCCN2CCCC2)cc1OCc1ccccc1,4.790285164033242
1567,O=C(Nc1ccccc1)c1ccc(OCCCN2CCCC2)cc1OCc1ccccc1F,5.150142161848558
1568,O=C(Nc1ccccc1)c1ccc(OCCCN2CCCC2)cc1OCc1cccnc1,5.599992177584098
1569,O=C(Nc1ccccc1)c1ccc2cccc(O)c2n1,3.8195439355418688
1570,O=C(Nc1ccccc1)c1ccccc1,4.88024177589548
1571,O=C(Nc1ccccc1-c1ccccc1)OC1CCN(CCCCCCCCCNC[C@H](O)c2ccc(O)c3[nH]c(=O)ccc23)CC1,5.719993826367604
1572,O=C(Nc1ccccc1C(F)(F)F)N1CCN(c2ccccn2)CC1,5.279894980011638
1573,O=C(Nc1ccccc1F)N[C@H]1N=C(c2ccccc2)c2ccccc2NC1=O,3.4149733479708178
1574,O=C(Nc1ccccc1O)c1cc([N+](=O)[O-])ccc1Cl,4.729974285699556
1575,O=C(Nc1cccnc1)c1ccc(OCCCN2CCCC2)cc1OCc1ccccc1,5.319938439980309
1576,O=C(Nc1nc2c(=O)[nH]cnc2s1)c1ccccc1,3.869231719730976
1577,O=C(Nc1nc[nH]n1)c1cccc(F)c1,5.1801258751640535
1578,O=C(Nc1ncc(F)s1)[C@H](CC1CCOCC1)c1ccc(S(=O)(=O)C2CC2)cc1,5.330007700872759
1579,O=C(Nc1nccs1)[C@H](CC1CCOCC1)c1ccc(S(=O)(=O)C2CC2)cc1,5.46996920949996
1580,O=C(Nc1nccs1)c1ccccc1,5.6200318951262975
1581,O=C(Nc1nnc(C(=O)Nc2ccc(N3CCOCC3)cc2)o1)c1ccc(Cl)cc1,4.230448921378274
1582,O=C(Nc1nnc(C(=O)Nc2ccc(N3CCOCC3)cc2)o1)c1ccccc1,5.019946681678842
1583,O=C(O)CC(=O)N[C@@H]1c2ccccc2C[C@H]1NC(=O)c1cc2sc(Cl)c(Cl)c2[nH]1,6.070000903802345
1584,O=C(O)CCCS(=O)(=O)C[C@@H]1c2ccccc2C[C@H]1NC(=O)c1cc2sc(Cl)c(Cl)c2[nH]1,4.17897694729317
1585,O=C(O)CCC[C@@H]1c2ccccc2C[C@H]1NC(=O)c1cc2cc(F)ccc2[nH]1,4.929929560084588
1586,O=C(O)CN1C(=O)C(NC(=O)c2cc3sc(Cl)c(Cl)c3[nH]2)Cc2ccccc21,5.769967801329442
1587,O=C(O)COc1ccc(OCCNC[C@H](O)COc2ccccc2)cc1,6.01000297412706
1588,O=C(O)C[C@@H]1c2ccccc2C[C@H]1NC(=O)c1cc2sc(Cl)c(Cl)c2[nH]1,6.180011119057718
1589,O=C(O)C[C@H]1CC[C@H](c2ccc(-c3ccc(Nc4ccc(C(F)(F)F)nc4)cn3)cc2)CC1,3.041392685158225
1590,O=C(O)C[C@H]1CC[C@H](c2ccc(NC(=O)c3nnc(Nc4ccccc4F)o3)cc2)CC1,5.089905111439398
1591,O=C(O)Cc1cccc(-c2ccc(NC(=O)c3nnc(Nc4ccccc4F)o3)cc2)c1,5.409933123331294
1592,O=C(O)[C@H](Cc1ccc(F)cc1)N1CCC(CN2CCC(Oc3ccc(Cl)c(Cl)c3)CC2)CC1,4.859738566197147
1593,O=C(O)[C@H](Cc1cccc(F)c1)N1CCC(CN2CCC(Oc3ccc(Cl)c(Cl)c3)CC2)CC1,5.6200318951262975
1594,O=C(O)[C@H](Cc1ccccc1)N1CCC(CN2CCC(Oc3ccc(Cl)c(Cl)c3)CC2)CC1,4.130333768495007
1595,O=C(O)c1c(Cl)c2ccccc2n1Cc1ccc(Cl)c(Cl)c1,5.880012838366771
1596,O=C(O)c1c(Sc2ccccc2)c2cc(Cl)ccc2n1Cc1ccc(Cl)cc1,5.119915410257991
1597,O=C(O)c1cc2c(Cl)cccc2n1Cc1ccc(Cl)c(Cl)c1,4.820201459485641
1598,O=C(O)c1cc2c(F)cccc2n1Cc1ccc(Cl)c(Cl)c1,5.719993826367604
1599,O=C(O)c1cc2cc(C(F)(F)F)ccc2n1Cc1ccc(Cl)c(Cl)c1,4.710117365111817
1600,O=C(O)c1cc2cc(Cl)ccc2n1Cc1ccc(Cl)c(Cl)c1,4.910090545594068
1601,O=C(O)c1cc2cc(F)ccc2n1Cc1ccc(Cl)c(Cl)c1,5.319938439980309
1602,O=C(O)c1cc2cc([N+](=O)[O-])ccc2n1Cc1ccc(Cl)c(Cl)c1,5.73996769675951
1603,O=C(O)c1cc2ccc(F)cc2n1Cc1ccc(Cl)c(Cl)c1,5.260071387985075
1604,O=C(O)c1cc2ccccc2n1Cc1cccc(Cl)c1,6.080012847107928
1605,O=C(O)c1ccc(-n2ncc(C(=O)NC3C4CC5CC(C4)CC3C5)c2C(F)(F)F)cc1,6.099991233544684
1606,O=C(O)c1ccc(-n2ncc(C(=O)NC3C4CC5CC(C4)CC3C5)c2C2CCC2)cc1,5.700011062322113
1607,O=C(O)c1ccc(NC(=O)c2cc(OCc3ccccc3)cc(OCc3ccccc3)c2)nc1,3.5563025007672877
1608,O=C(O)c1ccc(Nc2ncc3c(n2)-c2ccc(Cl)cc2C(c2c(F)cccc2F)=NC3)cc1,4.540329474790874
1609,O=C(O)c1cccc(N2CCC(CN3CCC(Oc4ccc(Cl)c(Cl)c4)CC3)CC2)c1,5.150142161848558
1610,O=C(O)c1ccccc1Cn1nnc(-c2cccc(OCc3ccc4ccccc4n3)c2)n1,3.89209460269048
1611,O=C(O)c1csc(NC(=O)C(CC2CCCC2)c2ccc(Cl)c(Cl)c2)n1,4.540329474790874
1612,O=C(O)c1nc2cc(Cl)ccc2[nH]1,4.680335513414564
1613,O=C(O[C@H]1C[N+]2(CCCOc3ccccc3)CCC1CC2)C(O)(c1cccs1)c1cccs1,5.529943401658669
1614,O=C(c1cc(Cc2n[nH]c(=O)c3ccccc23)ccc1F)N1CCN(C(=O)C2CCOC2)CC1,5.580012112529424
1615,O=C(c1ccc(Cl)cc1)C1CCN(C(=O)C2CC2)CC1,5.279894980011638
1616,O=C(c1ccc(Cl)cc1)C1CCN(C(=O)c2ccc(F)cc2)CC1,3.812913356642856
1617,O=C(c1ccc(Cl)cc1)C1CCN(C(=O)c2ccccc2)CC1,4.469822015978163
1618,O=C(c1ccc(F)cc1)C(O)c1ccc(F)cc1,5.970021265828366
1619,O=C(c1ccc(F)cc1)C1CCN(C(=O)N2CCOCC2)CC1,6.0600175425316
1620,O=C(c1ccc(F)cc1)C1CCN(C(=O)NCc2ccccc2)CC1,4.0
1621,O=C(c1ccc(F)cc1)C1CCN(C(=O)Nc2ccc(F)cc2)CC1,3.653212513775344
1622,O=C(c1ccc(F)cc1)C1CCN(C(=O)c2cc(F)cc(F)c2)CC1,3.7781512503836434
1623,O=C(c1ccc(F)cc1)C1CCN(C(=O)c2ccc(Cl)c(C(F)(F)F)c2)CC1,3.041392685158225
1624,O=C(c1ccc(F)cc1)C1CCN(C(=O)c2ccc(Cl)c(Cl)c2)CC1,2.903089986991944
1625,O=C(c1ccc(F)cc1)C1CCN(C(=O)c2ccc(Cl)cc2)CC1,4.1003705451175625
1626,O=C(c1ccc(F)cc1)C1CCN(C(=O)c2ccc(Cl)cc2Cl)CC1,3.89209460269048
1627,O=C(c1ccc(F)cc1)C1CCN(C(=O)c2ccc(F)c(F)c2)CC1,4.359835482339888
1628,O=C(c1ccc(F)cc1)C1CCN(C(=O)c2ccc(F)cc2)CC1,4.489958479424835
1629,O=C(c1ccc(F)cc1)C1CCN(C(=O)c2ccc(F)cc2Cl)CC1,4.161368002234975
1630,O=C(c1ccc(F)cc1)C1CCN(C(=O)c2ccc(OC(F)(F)F)cc2)CC1,4.060697840353612
1631,O=C(c1ccc(F)cc1)C1CCN(C(=O)c2cccc(Cl)c2)CC1,4.459392487759231
1632,O=C(c1ccc(F)cc1)C1CCN(C(=O)c2cccc(OC(F)(F)F)c2)CC1,4.041392685158225
1633,O=C(c1ccc(F)cc1)C1CCN(C(=O)c2ccccc2)CC1,5.299942900022767
1634,O=C(c1ccc(F)cc1)C1CCN(C(=O)c2ccccc2Cl)CC1,4.459392487759231
1635,O=C(c1ccc(F)cc1)C1CCN(C(=O)c2ccccc2F)CC1,4.480006942957151
1636,O=C(c1ccc(F)cc1)C1CCN(C(=O)c2ccccc2OC(F)(F)F)CC1,5.159867847092567
1637,O=C(c1ccc(F)cc1)C1CCN(C(=S)Nc2ccc(F)cc2)CC1,3.397940008672037
1638,O=C(c1ccc(OCCN2CCCCC2)cc1)c1c(-c2ccc(O)cc2)sc2cc(O)ccc12,3.959041392321093
1639,O=C(c1ccccc1)C(O)c1ccccc1,4.810232517995084
1640,O=C(c1ccccc1)C1CCN(C(=O)c2c(F)cccc2F)CC1,4.12057393120585
1641,O=C(c1ccccc1)C1CCN(C(=O)c2ccc(Cl)cc2)CC1,4.459392487759231
1642,O=C(c1ccccc1)C1CCN(C(=O)c2ccco2)CC1,5.63002085111341
1643,O=C(c1ccccc1)C1CCN(C(=O)c2cccs2)CC1,4.899820502427096
1644,O=C(c1ccccc1)N1CCc2ccccc21,4.9599948383284165
1645,O=C(c1cccs1)C(O)c1cccs1,6.029992175377847
1646,O=C(c1nnsc1S(=O)(=O)c1ccc(Cl)cc1)N1CCOCC1,4.230448921378274
1647,O=C(c1nnsc1[S+]([O-])c1ccc(Cl)cc1)N1CCOCC1,5.260071387985075
1648,O=C(c1scc2c1CCCC2)N1CCCCC1,5.940018155007663
1649,O=C1C(=O)N(Cc2ccc(Br)cc2F)c2c(Cl)cccc21,3.041392685158225
1650,O=C1CC2(CCCC2)CC(=O)N1CCCCN1CCN(c2ncccn2)CC1,6.159988050381987
1651,O=C1CCC(=O)N1c1cc(Cc2n[nH]c(=O)c3ccccc23)ccc1F,3.959041392321093
1652,O=C1CCC(N2C(=O)c3ccccc3C2=O)C(=O)N1,5.190051417759206
1653,O=C1CN(C(=O)c2ccco2)c2ccccc2N1,5.43007505555194
1654,O=C1CN2Cc3c(ccc(Cl)c3Cl)N=C2N1,3.7323937598229686
1655,O=C1CN=C(c2ccccc2Cl)c2cc([N+](=O)[O-])ccc2N1,5.380030247967831
1656,O=C1COC2(CCN(S(=O)(=O)c3ccc(-c4ccc5cccnc5c4)cc3)CC2)CN1C1CC1,3.278753600952829
1657,O=C1COC2(CCN(S(=O)(=O)c3ccc(-c4ccc5cnccc5c4)cc3)CC2)CN1C1CC1,3.342422680822206
1658,O=C1CSc2cc(Cl)ccc2N1,4.780317312140151
1659,O=C1CSc2ccccc2N1,5.940018155007663
1660,O=C1NC(=O)/C(=C/c2ccc(Cl)cc2)S1,5.03981055414835
1661,O=C1NC(=O)C(Cc2ccc3ccccc3c2)S1,5.400019635065158
1662,O=C1NC(=O)C(Cc2cccc(Oc3ccccc3)c2)S1,5.529943401658669
1663,O=C1NC(=O)C(c2ccccc2)(c2ccccc2)N1,4.899820502427096
1664,O=C1NC(=O)C(c2cnc3ccccn23)=C1c1cn2c3c(cccc13)CN(C(=O)N1CCOCC1)CC2,2.7781512503836434
1665,O=C1NC(=O)C2(CCc3ccccc3C2)N1,5.35005409357903
1666,O=C1NCCc2c1[nH]c1ccccc21,6.099991233544684
1667,O=C1NCNC1(c1ccccc1)c1ccccc1,5.49996186559619
1668,O=C1Nc2ccc(Cl)cc2C(c2ccccc2Cl)=NC1O,5.2499317566341945
1669,O=CN(O)C1(CS(=O)(=O)N2CCN(c3ccc(F)cc3)CC2)CCC1,5.690018780788695
1670,O=CN(O)C1(CS(=O)(=O)N2CCN(c3ccc(F)cc3)CC2)CCOCC1,6.140004950619449
1671,O=S(=O)(CC(c1ccccc1)N1CCCCC1)c1ccc(Cl)cc1,2.9542425094393248
1672,O=S(=O)(Cc1c(F)cccc1F)N1CCN(c2ncccc2C(F)(F)F)CC1,3.3010299956639813
1673,O=S(=O)(Cc1cc(-c2ccccc2)no1)c1ccccc1,3.8195439355418688
1674,O=S(=O)(Cc1cc(N2CCOCC2)nc(-c2ccccn2)n1)c1ccc(F)cc1,5.439963935920905
1675,O=S(=O)(NCCNC/C=C/c1ccc(Br)cc1)c1cccc2cnccc12,4.790285164033242
1676,O=S(=O)(NCc1cc(-c2ccccc2Cl)no1)c1ccc(Cl)cc1,3.4913616938342726
1677,O=S(=O)(NCc1ccccc1)c1cccc2nonc12,5.150142161848558
1678,O=S(=O)(Nc1ccc(S(=O)(=O)Nc2nccs2)cc1)c1ccc2c(c1)OCCO2,2.845098040014257
1679,O=S(=O)(Nc1ccccn1)c1ccc(C2CCCCC2)cc1,3.4471580313422194
1680,O=S(=O)(Nc1ccncc1)c1ccccc1,5.899984562549391
1681,O=S(=O)(Nc1nc(-c2sccc2Cl)cs1)c1cc(Cl)ccc1Cl,5.1801258751640535
1682,O=S(=O)(Nc1ncns1)c1cc(F)c(Oc2ccc(Cl)cc2-c2ccnn2C2CNC2)cc1F,4.399673721481038
1683,O=S(=O)(c1ccc(F)cc1)N1CCCN(c2nccc(C(F)(F)F)n2)CC1,2.9542425094393248
1684,O=S(=O)(c1ccc(N2CCC(c3ccc(Cl)cc3)=N2)cc1)N(CCO)CCO,3.342422680822206
1685,O=S(=O)(c1cccc(-c2cn3cccnc3n2)c1)N1CCOCC1,4.599883072073688
1686,O=[N+]([O-])c1cc2c(O)c(-c3ccccc3)c(O)nc2cc1Cl,4.469822015978163
1687,O=[N+]([O-])c1ccc(CCl)cc1,5.700011062322113
1688,O=c1[nH][nH]c(=O)c2c1[nH]c1cc(Cl)cc(Cl)c12,4.759667844689631
1689,O=c1[nH]c(-c2ccc([N+](=O)[O-])cc2)nc2ccccc12,3.278753600952829
1690,O=c1[nH]c2c(O)ccc([C@@H](O)CNCCSCCCNCCc3ccccc3)c2s1,6.0600175425316
1691,O=c1[nH]c2c(O)ccc([C@@H](O)CNCCc3cccc(CNCCc4ccccc4Cl)c3)c2s1,5.070037866607756
1692,O=c1[nH]c2cc(Cl)ccc2c(O)c1-c1cccc(Oc2ccccc2)c1,3.397940008672037
1693,O=c1[nH]c2cc(Cl)ccc2o1,6.16999753706657
1694,O=c1[nH]nc(Cc2ccccc2)c2ccccc12,4.389166084364533
1695,O=c1c2ccccc2[nH]n1CCc1ccccc1,5.73996769675951
1696,O=c1c2ccccc2oc2ccccc12,4.301029995663981
1697,O=c1c2sccc2n(CC2COc3ccccc3O2)c(=O)n1O,5.07990446766672
1698,O=c1cc(-c2ccc(O)cc2)[nH]c2ccccc12,3.6720978579357175
1699,O=c1cc(-c2ccc(O)cc2)oc2cc(O)ccc12,3.361727836017593
1700,O=c1cc(-c2ccc3c(c2)OCO3)[nH]c2ccccc12,3.792391689498254
1701,O=c1cc(-c2cccc3c2Sc2ccccc2S3)oc(N2CCOCC2)c1,3.851258348719076
1702,O=c1cc(-c2ccccc2)[nH]c2c(Cl)cccc12,4.489958479424835
1703,O=c1cc(-c2cccnc2)[nH]c2cc(C(O)c3ccccc3)ccc12,5.459995256047391
1704,O=c1cc(-c2cccnc2)[nH]c2cc(Cc3ccccc3)ccc12,3.230448921378274
1705,O=c1cc(-c2cccnc2)[nH]c2ccccc12,6.130011949671904
1706,O=c1cc(-c2ccco2)[nH]c2ccccc12,5.059941888061955
1707,O=c1cc(CN2CCOCC2)occ1OCCCCCSc1ccnc2cc(C(F)(F)F)ccc12,4.889861721258188
1708,O=c1cc(N2CCOCC2)nc2c3ccccc3ccn12,4.650307523131937
1709,O=c1cc(N2CCOCC2)oc2c(-c3ccccc3)cccc12,5.480006942957151
1710,O=c1n(CCCN2CCN(c3cccc(Cl)c3)CC2)nc2ccccn12,5.950023906523327
1711,O=c1ncn2nc(Sc3ccc(F)cc3F)ccc2c1-c1c(Cl)cccc1Cl,4.269512944217916
1712,O=c1oc(-c2ccccc2)cc2ccccc12,4.060697840353612
1713,O=c1oc2ccccc2c(O)c1Cc1c(O)c2ccccc2oc1=O,4.929929560084588
1714,OC1(C#Cc2ccc(-c3ccccc3)cc2)CN2CCC1CC2,4.1702617153949575
1715,OC1(c2ccc(Cl)cc2)CCN(Cc2c[nH]c3ccccc23)CC1,5.749968083509403
1716,OC1(c2ccc(F)cc2)CCN(c2ccc3nnc(C(F)(F)F)n3n2)CC1,3.204119982655925
1717,OC1CCN(CCOc2n[nH]c3ncnc(Nc4ccc(OCc5cccc(F)c5)c(Cl)c4)c23)CC1,3.653212513775344
1718,OC1CCN(CCOc2n[nH]c3ncnc(Nc4ccc(OCc5ccccn5)c(Cl)c4)c23)CC1,4.139879086401237
1719,OCCNCc1cc(Br)ccc1OCc1ccc(Cl)cc1,5.3600250891893975
1720,OCCn1cc(-c2cnc3nnn(Cc4ccc5ncccc5c4)c3n2)cn1,3.949390006644913
1721,OC[C@H]1C[C@@H](n2nnc3c(N[C@@H]4C[C@H]4c4ccc(F)c(F)c4)nc(SCCC(F)(F)F)nc32)[C@H](O)[C@@H]1O,3.857332496431269
1722,OC[C@H]1C[C@@H](n2nnc3c(N[C@@H]4C[C@H]4c4ccccc4)nc(SCCC(F)(F)F)nc32)[C@H](O)[C@@H]1O,2.4771212547196626
1723,Oc1c2ncc3ccccc3c2nn1-c1ccccc1,5.909983694939844
1724,Oc1cc(-c2ccccc2)nc2c(O)cccc12,4.620136054973758
1725,Oc1cc(-c2ccccc2)nc2ccc(Cl)cc12,3.770852011642144
1726,Oc1cc(-c2ccccc2)nc2ccnn12,5.909983694939844
1727,Oc1cc(OCc2ccccc2)ccn1,6.090011024007147
1728,Oc1ccc(-c2ccc(C3(O)CN4CCC3CC4)cc2)cc1,5.639984248041588
1729,Oc1ccc(-c2nc3ccc(O)cc3s2)cc1,4.439332693830263
1730,Oc1ccc(-c2nc3ccccc3s2)cc1,3.8976270912904414
1731,Oc1ccc(-n2ccnc2)cc1,6.099991233544684
1732,Oc1cccc2nc(-c3ccccc3)cc(O)c12,3.6989700043360183
1733,Oc1nc(-c2ccccc2)c(-c2ccccc2)o1,5.030194785356751
1734,Oc1ncnc2c1c(-c1ccccc1)cn2-c1ccc(Br)cc1,3.204119982655925
1735,Oc1ncnc2c1cnn2Cc1ccccc1,5.20002926655377
1736,Oc1ncnc2c1nnn2Cc1ccccc1,5.319938439980309
1737,Oc1ncnc2scc(-c3ccsc3)c12,5.2499317566341945
1738,c1cc(Nc2ccnc(Nc3cc(N4CCOCC4)cc(N4CCOCC4)c3)n2)c2cn[nH]c2c1,3.397940008672037
1739,c1ccc(-c2c[nH]c(-c3ccccc3)n2)cc1,5.1801258751640535
1740,c1ccc(-c2ccc(C(c3ccccc3)n3ccnc3)cc2)cc1,3.041392685158225
1741,c1ccc(-c2cn3cccnc3n2)cc1,5.830010935936118
1742,c1ccc(-c2cnn3cc(-c4ccncc4)cnc23)cc1,2.9542425094393248
1743,c1ccc(-c2n[nH]cc2-c2ccnc3ccccc23)nc1,4.419955748489758
1744,c1ccc(-c2nc(-c3ccccc3)c(-c3ccccc3)o2)cc1,3.278753600952829
1745,c1ccc(-c2nc[nH]c2-c2ccccc2)cc1,4.359835482339888
1746,c1ccc(-c2nnc(-c3ccccc3)o2)cc1,4.198657086954422
1747,c1ccc(CNc2ncnc3ccccc23)cc1,5.0
1748,c1ccc(CSc2ncnc3[nH]cnc23)cc1,4.980003371583746
1749,c1ccc(CSc2nnc(-c3ccco3)c(-c3ccco3)n2)cc1,3.716003343634799
1750,c1ccc(N2CC3COc4ccccc4C3=N2)cc1,2.3010299956639813
1751,c1ccc(NCc2ccc(CNc3ccccn3)cc2)nc1,2.9542425094393248
1752,c1ccc(Nc2cc(Nc3ccccc3)[nH]n2)cc1,4.1003705451175625
1753,c1ccc(Nc2ccccc2)cc1,5.2499317566341945
1754,c1ccc(Nc2ccnc(Nc3ccccc3)n2)cc1,4.17897694729317
1755,c1ccc(Nc2ccnc3ccccc23)cc1,5.510008512940234
1756,c1ccc(Nc2ncnc3ccccc23)cc1,5.119915410257991
1757,c1ccc2c(c1)Cc1ccccc1O2,3.643452676486187
1758,c1ccc2c(c1)Nc1ccccc1S2,3.462397997898956
1759,c1ccc2c(c1)[nH]c1cnccc12,5.529943401658669
1760,c1ccc2oc(-c3cncc(-c4cnn(C5CCNCC5)c4)c3)nc2c1,4.940018155007663
1761,c1csc(-c2n[nH]c3c2Cc2ccccc2-3)c1,2.7781512503836434
1762,c1nc(N2CCCCC2)c2nc[nH]c2n1,5.700011062322113
