,smiles,Standard Value
0,C#CCN(C)[C@H](C)Cc1ccccc1,1.8627870982353445
1,C#CC[C@@H](C(=O)N[C@H](/C=C/C(=O)OCC)C[C@@H]1CCNC1=O)n1cccc(NC(=O)c2cc(C)on2)c1=O,1.707004364186781
2,C#Cc1cccc(Nc2ncnc3cc(OCCOC)c(OCCOC)cc23)c1,1.9814561665221264
3,C/C=C/c1ccc(Oc2nnnn2-c2ccc(C(N)=O)cc2)c(OC)c1,1.9846023951000904
4,C1CCC(C(CC2CCCCN2)C2CCCCC2)CC1,1.9931716050307648
5,C1Cc2[nH]nc(-c3nn[nH]n3)c2C1,1.9067609041537903
6,C=CC(=O)N1CCC[C@@H](n2nc(-c3ccc(Oc4ccccc4)cc3)c3c(N)ncnc32)C1,1.984842231405276
7,C=CC(=O)Nc1cccc(CN2C(=O)N(c3c(Cl)c(OC)cc(OC)c3Cl)Cc3cnc(NCCCCN(CC)CC)nc32)c1,1.9912260756924949
8,C=CC1(C)CC(=O)C2(O)C(C)(O1)C(OC(C)=O)C(O)C1C(C)(C)CCC(O)C12C,1.9242792860618816
9,C=CCN(C)CCCCCCOc1ccc(C(=O)c2ccc(Br)cc2)c(F)c1,1.999739345106568
10,C=C[C@H]1CN2CC[C@H]1C[C@@H]2[C@@H](O)c1ccnc2ccc(OC)cc12,1.895918862739471
11,CC#C[C@]1(O)CC[C@H]2[C@@H]3CCC4=CC(=O)CCC4=C3[C@@H](c3ccc(N(C)C)cc3)C[C@@]21C,1.9993480692067211
12,CC#Cc1ccnc(-c2cc(C3(C4CC4)N=C(C)C(N)=N3)ccc2O)c1,1.9934181010320025
13,CC#Cc1cncc(-c2ccc3c(c2)C2(N=C(C)C(N)=N2)[C@]2(CC[C@H](OC)CC2)C3)c1,1.976501442482568
14,CC#Cc1cncc(-c2cccc(C3(C4CC4)N=C(C)C(N)=N3)c2)c1,1.970769042250545
15,CC#Cc1cncc(-c2cccc(C3(c4cc(C)c(OC)c(C)c4)N=C(C)C(N)=N3)c2)c1,1.998258462842342
16,CC#Cc1cncc(-c2cccc([C@@]3(c4cc(C)c(=O)n(CC)c4)N=C(N)c4c(F)cccc43)c2)c1,1.9955871537596817
17,CC#Cc1cncc(-c2csc([C@]3(C)CC(=O)N(C)C(=N)N3)c2)c1,1.9321562708734228
18,CC(=O)CC(c1ccccc1)c1c(O)c2ccccc2oc1=O,1.9913920552798219
19,CC(=O)N(C)c1ccc(Nc2ncc3cc(-c4ccncc4)ccc3n2)cc1,1.9916247345340052
20,CC(=O)N(C)c1ccc2ccn(-c3cc(NC4CC4)n4ncc(C#N)c4n3)c2c1,1.988960070390338
21,CC(=O)N1CCN(c2ccc(OCC3COC(Cn4ccnc4)(c4ccc(Cl)cc4Cl)O3)cc2)CC1,1.9876662649262744
22,CC(=O)N1CCN(c2nc(NC(C)(C)Cc3ccc(Cl)cc3)c3c(n2)C(=O)N(C(C)C)C3)CC1,1.9844350529522472
23,CC(=O)N1CCN(c2nc(NCC(C)c3ccc(Cl)cc3)c3c(n2)C(=O)N(C(C)C)C3)CC1,1.9333354100776512
24,CC(=O)N1CCN(c2nc(NCc3ccc(OC(F)(F)F)cc3)c3c(n2)C(=O)N(C(C)C)C3)CC1,1.9289076902439528
25,CC(=O)N1CCN(c2nc(N[C@H](C)c3ccc(OC(F)(F)F)cc3)c3c(n2)C(=O)N(C(C)C)C3)CC1,1.952792443044092
26,CC(=O)N1CCN(c2nc(N[C@H](C)c3cnc4ccccc4c3)c3c(n2)C(=O)N(C(C)C)C3)CC1,1.994800899294604
27,CC(=O)N1CCN(c2nc3c(c(N(C)Cc4cc5ccccc5cn4)n2)CN(C(C)C)C3=O)CC1,1.82020145948564
28,CC(=O)NC(C)c1ccc(Nc2ncc3cc(-c4ccncc4)ccc3n2)cc1,1.9943171526696368
29,CC(=O)NC1CC2CCCC(C1)N2C(=O)Nc1ccc(Cl)c(C(F)(F)F)c1,1.9908270505674788
30,CC(=O)NC[C@H]1CN(c2ccc(N3CCOCC3)c(F)c2)C(=O)O1,1.447851711219492
31,CC(=O)NCc1cccc(C(=O)O)c1,1.9192873405043829
32,CC(=O)N[C@@H](C)c1ccc(Nc2ncc3cc(-c4ccncc4)ccc3n2)cc1,1.9934803190699968
33,CC(=O)N[C@@H](CCN)C(=O)N[C@H](C(=O)N[C@@H](CCN)C(=O)N[C@H]1CCNC(=O)[C@H]([C@@H](C)O)NC(=O)[C@H](CCN)NC(=O)[C@H](CCN)NC(=O)[C@H](CC(C)C)NC(=O)[C@@H](Cc2ccccc2)NC(=O)[C@H](CCN)NC1=O)[C@@H](C)O,1.8098289610678864
34,CC(=O)N[C@@H](Cc1ccccc1)C(=O)N[C@H]1CCCNC(=O)[C@H](CCCN=C(N)N)NC(=O)[C@H](Cc2c[nH]c3ccccc23)NC(=O)[C@@H](CC2CCCCC2)NC(=O)[C@@H]2CCCN2C1=O,1.922621671523199
35,CC(=O)N[C@H](C)c1ccc(Nc2ncc3cc(-c4ccncc4)c(C)cc3n2)cc1,1.9916247345340052
36,CC(=O)N[C@H](C)c1ccc(Nc2ncc3cc(-c4ccncc4)ccc3n2)cc1,1.9737564839681643
37,CC(=O)Nc1cc2c(ccn2-c2cc(NC3CC3)n3ncc(C#N)c3n2)cc1C,1.9908270505674788
38,CC(=O)Nc1ccc(-c2ccnc(Nc3ccc(N4CCOCC4)cc3)n2)cc1,1.9696022648485392
39,CC(=O)Nc1ccc(CNc2[nH]nc3ccnc(Oc4ccccc4)c23)cc1,1.953807997665307
40,CC(=O)Nc1ccc(Nc2cc(C)nc3c(-c4ccccc4)cnn23)cc1,1.9981721219394408
41,CC(=O)Nc1ccc(Nc2ncc3cc(-c4ccncc4)ccc3n2)cc1,1.9973863843973132
42,CC(=O)Nc1ccc(O)cc1,1.4255342204982635
43,CC(=O)Nc1ccc2c(c1)N(c1cc(NC3CC3)n3ncc(C#N)c3n1)CC2,1.988960070390338
44,CC(=O)Nc1ccc2c(c1)N(c1cc(NC3CC3)n3ncc(C#N)c3n1)CCC2,1.9884697702098757
45,CC(=O)Nc1ccc2c(c1)N(c1cc(NC3CC3)n3ncc(C#N)c3n1)CCO2,1.9660478210764536
46,CC(=O)Nc1ccc2c(c1)c(-c1cc(NC3CC3)n3ncc(C#N)c3n1)cn2C,1.9940530635876752
47,CC(=O)Nc1ccc2c(c1)c(-c1cc(NC3CC3)n3ncc(C#N)c3n1)cn2CCCO,1.994800899294604
48,CC(=O)Nc1ccc2c(c1)c(-c1cc(NC3CC3)n3ncc(C#N)c3n1)cn2CCO,1.992155711042617
49,CC(=O)Nc1ccc2ccn(-c3cc(NC4CC4)n4ncc(C#N)c4n3)c2c1,1.9939209588012867
50,CC(=O)Nc1ccc2ccn(-c3cc(NC4COC4)n4ncc(C#N)c4n3)c2c1,1.9426032488421563
51,CC(=O)Nc1ccc2ccn(-c3cc(NCCCCO)n4ncc(C#N)c4n3)c2c1,1.9818638909913504
52,CC(=O)Nc1ccc2ccn(-c3cc(NCCCN(C)C)n4ncc(C#N)c4n3)c2c1,1.953807997665307
53,CC(=O)Nc1ccc2ccn(-c3cc(NCCCN4CCCC4)n4ncc(C#N)c4n3)c2c1,1.9696022648485392
54,CC(=O)Nc1ccc2ccn(-c3cc(NCCN4CCCC4)n4ncc(C#N)c4n3)c2c1,1.9751559784066892
55,CC(=O)Nc1ccc2ccn(-c3cc(NCCN4CCOCC4)n4ncc(C#N)c4n3)c2c1,1.948510768837657
56,CC(=O)Nc1ccc2ccn(-c3cc(Nc4ccn(C)n4)n4ncc(C#N)c4n3)c2c1,1.992862671389028
57,CC(=O)Nc1ccc2cnn(-c3cc(NC4CC4)n4ncc(C#N)c4n3)c2c1,1.9916247345340052
58,CC(=O)Nc1cccc(-n2c(=O)n(C3CC3)c(=O)c3c(Nc4ccc(I)cc4F)n(C)c(=O)c(C)c32)c1,1.9958544798745657
59,CC(=O)Nc1cccc(Nc2nc(NC3CC3)n3ncc(C#N)c3n2)c1,1.950705534773861
60,CC(=O)Nc1cccc(Nc2ncnc(N3CCC(OCc4ccc(OC(F)(F)F)cc4)CC3)n2)c1C,1.9953276895845848
61,CC(=O)Nc1cccc(OCc2cnc(Cl)s2)c1,1.9387698227831172
62,CC(=O)Nc1cccc2c1c(Oc1ccc(Cl)cc1)c(C)n2CC(=O)O,1.9426032488421563
63,CC(=O)Nc1cccc2c1c(S(=O)(=O)c1ccc(Cl)cc1)c(C)n2CC(=O)O,1.9810026899414
64,CC(=O)Nc1cnc2ccn(-c3cc(NC4CC4)n4ncc(C#N)c4n3)c2c1,1.988960070390338
65,CC(=O)Nc1nc(CCc2ccc(NC(=N)N)cc2)cs1,1.7279477095447968
66,CC(=O)Nc1nc2c(Oc3cc(-c4ccc(C(F)(F)F)cc4)ncn3)cccc2s1,1.99753899610488
67,CC(=O)S[C@@H]1CC2=CC(=O)CC[C@]2(C)C2CC[C@@]3(C)C(CC[C@@]34CCC(=O)O4)C21,1.880642126404285
68,CC(=O)[C@@]1(O)CC[C@H]2[C@@H]3CCC4=CC(=O)CCC4=C3[C@@H](c3ccc(N(C)C)cc3)C[C@@]21C,1.9978667262391447
69,CC(=O)c1c(C)c2cnc(Nc3ccc(N4CCNCC4)cn3)nc2n(C2CCCC2)c1=O,1.8876735524544477
70,CC(=O)c1cc2ccc(O)cc2oc1=O,1.9934803190699968
71,CC(=O)c1ccc2c(c1)N(CCN1CCC(NCc3ccc4c(n3)NC(=O)CO4)CC1)C(=O)CO2,1.9450252012424627
72,CC(=O)c1cn(Cc2ccccc2)c(=O)n(Cc2ccc(F)cc2)c1=O,1.9892272737305368
73,CC(=O)c1ncccc1NC(=O)[C@H]1CC[C@H](N2C(=O)[C@@H]3[C@@H]4CC[C@@H](C4)[C@@H]3C2=O)CC1,1.9943171526696368
74,CC(C(=O)O)c1ccc2oc(-c3ccc(Cl)cc3)nc2c1,1.9989564404704865
75,CC(C(=O)O)c1cccc(C(=O)c2ccccc2)c1,1.9958303599232705
76,CC(C(=O)O)c1cccc(Oc2ccccc2)c1,1.9936125579388904
77,CC(C(=O)OC1CC[N+](C)(C)CC1)(c1ccccc1)N1CCC(F)(F)CC1,1.575187844927661
78,CC(C(=O)OC1CC[N+](C)(C)CC1)(c1ccccc1)N1CCCCC1,1.3422252293607904
79,CC(C(=O)O[C@@H]1CC[N+](C)(C)C1)(c1ccccc1)C1CCCC1,1.866695785210553
80,CC(C)(C(=O)O)c1ccc(C(O)CCCN2CCC(C(O)(c3ccccc3)c3ccccc3)CC2)cc1,1.87108406464403
81,CC(C)(C(=O)c1cccnc1)c1cccnc1,1.0484418035504044
82,CC(C)(C)C(NC(=O)c1ccccc1)C(=O)c1ccc(Cl)cc1,1.996927137329515
83,CC(C)(C)CCN1CC[C@H](CNC(=O)c2cc(Cl)cc(Cl)c2)[C@H](F)C1,1.9580688151870098
84,CC(C)(C)COc1ccc(-n2cc(C(=O)O)cn2)cc1C#N,1.990161192898479
85,CC(C)(C)CS(=O)(=O)NCCN1CCN(CC(=O)NC23CC4CC(CC(C4)C2)C3)CC1,1.937409444201466
86,CC(C)(C)NC(=O)CN1CCN(CC(=O)NC23CC4CC(CC(C4)C2)C3)CC1,1.8426608737187475
87,CC(C)(C)NC(=O)NCCN1CC(NC(=O)c2cc(Cl)cc(Cl)c2)C1,1.9586845017644252
88,CC(C)(C)NC(=O)NCCN1CCC(CNC(=O)c2cc(Cl)cc(Cl)c2)C1,1.9497154871151234
89,CC(C)(C)NC(=O)NCCN1CCC(CNC(=O)c2cc(Cl)cc(Cl)c2)CC1,1.9395183960343025
90,CC(C)(C)NC(=O)NCCN1CCC(CO)(CNC(=O)c2cc(Cl)cc(Cl)c2)CC1,1.9102708819987164
91,CC(C)(C)NC(=O)NCCN1CCC(O)(CNC(=O)c2cc(Cl)cc(Cl)c2)CC1,1.8590277858058875
92,CC(C)(C)NC(=O)NCCN1CCCC(NC(=O)c2cc(Cl)cc(Cl)c2)C1,1.9806483261799392
93,CC(C)(C)NC(=O)NCCN1CCN(CC(=O)NC23CC4CC(CC(C4)C2)C3)CC1,1.8532831951153197
94,CC(C)(C)NC(=O)NCCN1CCN(CC(=O)Nc2cc(Cl)cc(Cl)c2)CC1,1.9759592508370751
95,CC(C)(C)NC(=O)NCCN1CCOC(CNC(=O)c2cc(Cl)cc(Cl)c2)C1,1.9684633697085905
96,CC(C)(C)NC(=O)[C@@H]1CN(Cc2cccnc2)CCN1C[C@@H](O)C[C@@H](Cc1ccccc1)C(=O)N[C@H]1c2ccccc2C[C@H]1O.O,1.8476989195282392
97,CC(C)(C)NC(=O)[C@@H]1C[C@@H]2CCCC[C@@H]2CN1C[C@@H](O)[C@H](Cc1ccccc1)NC(=O)[C@H](CC(N)=O)NC(=O)c1ccc2ccccc2n1,1.9964654867357507
98,CC(C)(C)NC(=O)c1ccc(Oc2cc(F)c(CC(=O)O)cc2Cl)c(NS(=O)(=O)c2ccc(C3CC3)cc2Cl)c1,1.9988255046526313
99,CC(C)(C)NCC(O)COc1nsnc1N1CCOCC1,1.6057358938767468
100,CC(C)(C)NCC(O)c1ccc(O)c(CO)c1,1.3521739358453306
101,CC(C)(C)NS(=O)(=O)c1cncc(-c2ccc3nc(N)nn3c2)c1,1.7989267385772014
102,CC(C)(C)NS(=O)(=O)c1cncc(-c2ccc3nc(NC(=O)NCC(=O)N4CCCC4)nn3c2)c1,1.85613485646579
103,CC(C)(C)NS(=O)(=O)c1cncc(-c2ccc3nc(NC(=O)NCC(=O)N4CCOCC4)nn3c2)c1,1.7002371325843968
104,CC(C)(C)OC(=O)N1CCC(OCc2nc(-c3ccncc3)no2)CC1,1.9811921695861188
105,CC(C)(C)OC(=O)N1CCN(c2ncc(OCc3ccncc3)cn2)CC1,1.9899669530984814
106,CC(C)(C)OC(=O)NCCCSC[C@H]1O[C@@H](n2cnc3c(N)ncnc32)[C@H](O)[C@@H]1O,1.88303651002768
107,CC(C)(C)OC(=O)NC[C@H]1CC[C@H](CNC(=O)c2cc(-c3ccc(CN)cc3)nc3ccccc23)CC1,1.9939209588012867
108,CC(C)(C)OC(=O)NC[C@H]1CC[C@H](CNC(=O)c2cc(-c3cccc(CN)c3)nc3ccccc23)CC1,1.9932151469345314
109,CC(C)(C)OC(=O)NC[C@H]1CC[C@H](CNC(=O)c2cc(-c3ccccc3)nc3ccccc23)CC1,1.9987377530559023
110,CC(C)(C)OC(=O)NC[C@H]1CC[C@H](CNC(=O)c2cc(-c3ccncc3)nc3ccccc23)CC1,1.9912260756924949
111,CC(C)(C)OC(=O)NC[C@H]1CC[C@H](CNC(=O)c2cc(N3CCC(CCN)CC3)nc3ccccc23)CC1,1.9858304898583925
112,CC(C)(C)OC(=O)NC[C@H]1CC[C@H](CNC(=O)c2cc(N3CCC(CCN4CC(O)C4)CC3)nc3ccccc23)CC1,1.9887363269734157
113,CC(C)(C)OC(=O)NC[C@H]1CC[C@H](CNC(=O)c2cc(N3CCC(CCO)CC3)nc3ccccc23)CC1,1.9963216090342621
114,CC(C)(C)OC(=O)NC[C@H]1CC[C@H](CNC(=O)c2ccnc(-c3ccccc3)c2)CC1,1.9958544798745657
115,CC(C)(C)OC(=O)N[C@H](Cc1ccccc1C(F)(F)F)C(=O)NCc1nc2cccnc2n1Cc1ccccc1,1.9971414590894123
116,CC(C)(C)Oc1ccc(C(=O)Nc2ccc3sc(CO)nc3c2)cc1,1.9772662124272928
117,CC(C)(C)S(=O)(=O)CCCN1CCN(CC(=O)NC23CC4CC(CC(C4)C2)C3)CC1,1.83482729022672
118,CC(C)(C)S(=O)(=O)N[C@H]1CC[C@H](C(=O)Nc2ccc(C(F)(F)F)cn2)CC1,1.9818638909913504
119,CC(C)(C)[C@@H](O)C(=O)N1CCC[C@H]1C(=O)NCc1cc(Cl)ccc1CN,1.6611613429370053
120,CC(C)(C)c1cc(NC(=O)NCc2ccccc2Sc2ccc3nnc(-c4ccccc4SCCO)n3c2)n(-c2ccc(O)c(Cl)c2)n1,1.9994350498763296
121,CC(C)(C)c1ccc(C(O)CCCN2CCC(C(O)(c3ccccc3)c3ccccc3)CC2)cc1,1.996336518095784
122,CC(C)(C)c1ccc2c(c1)CC[C@H]2NC(=O)Nc1cccc2[nH]ncc12,1.999043499603163
123,CC(C)(CCCCCOCCc1ccccc1)NCCc1ccc(O)c2nc(O)sc12,1.989939013284536
124,CC(C)(Cc1cccc(CC(=O)NCc2cccc(-c3ccc(O)cc3)c2)c1)NC[C@H](O)c1ccc(O)c(NS(C)(=O)=O)c1,1.9803147031858641
125,CC(C)(F)C[C@H](N[C@@H](c1ccc(-c2ccc(S(C)(=O)=O)cc2)cc1)C(F)(F)F)C(=O)NC1(C#N)CC1,1.9832174320856624
126,CC(C)(N)C(=O)N[C@H](COCc1ccc(F)cc1F)C(=O)N1CCC2=NN(CC(F)(F)F)C(=O)[C@]2(Cc2ccccn2)C1,1.7664133739331598
127,CC(C)(N)C(=O)N[C@H](COCc1ccccc1)C(=O)N1CCC2(CC1)CN(S(C)(=O)=O)c1ccccc12,1.8850504416763132
128,CC(C)(O)c1ccc(Nc2nc3ccc(C#N)cc3[nH]2)cc1,1.967547976218862
129,CC(C)(O)c1ccccc1CC[C@@H](SCC1(CC(=O)O)CC1)c1cccc(/C=C/c2ccc3ccc(Cl)cc3n2)c1,1.999782798454136
130,CC(C)(Oc1ccc(C(=O)c2ccc(Cl)cc2)cc1)C(=O)O,1.994800899294604
131,CC(C)(Oc1ccc(Cl)cc1)C(=O)N1CCN(c2ccccn2)CC1,1.9963144946346358
132,CC(C)/N=c1\cc2n(-c3ccc(Cl)cc3)c3ccccc3nc-2cc1Nc1ccc(Cl)cc1,1.998390130318048
133,CC(C)=CCC[N+]12CCC(CC1)[C@@H](OC(=O)[C@](C)(c1ccccc1)N1CCCCC1)C2,1.961231197044663
134,CC(C)C(=O)Nc1nc(-c2ccccn2)cc2ccccc12,1.9892272737305368
135,CC(C)C(NC(=O)c1cc(Cl)ccc1C(F)(F)F)C(=O)c1ccc(C#N)cc1,1.984736230075638
136,CC(C)C(NC(=O)c1cc(Cl)ccc1C(F)(F)F)C(=O)c1ccc([N+](=O)[O-])cc1,1.992125358480648
137,CC(C)C(NC(=O)c1ccccc1)C(=O)c1ccc(C#N)cc1,1.950153145195494
138,CC(C)C(NC(=O)c1ccccc1)C(=O)c1ccc(F)cc1,1.9699271993044671
139,CC(C)C(NC(=O)c1ccccc1)C(=O)c1ccc([N+](=O)[O-])cc1,1.9752029237517346
140,CC(C)CCOc1ccc(N)cc1,1.9696022648485392
141,CC(C)COc1ccc(-c2cc(O)nc(N)n2)cc1,1.98344585734134
142,CC(C)COc1ccc(-c2cc(O)nc(N)n2)cc1C#N,1.9818638909913504
143,CC(C)COc1cccc(/C=C2\SC(=O)NC2=O)c1N1CCC[C@@H](N)C1,1.994800899294604
144,CC(C)C[C@H](CN)CC(=O)O,1.6989700043360187
145,CC(C)C[C@H](CO)Nc1nc(SCc2cccc(C#N)c2)nc2nc(N)sc12,1.996248914569132
146,CC(C)C[C@H](CO)Nc1nc(SCc2ccccc2)nc2[nH]c(=O)sc12,1.999130541287371
147,CC(C)C[C@H](CO)Nc1nc(SCc2ccccc2)nc2nc(N)sc12,1.998084887936556
148,CC(C)C[C@H](CO)Nc1nc(S[C@@H](C)c2ccccc2)nc2[nH]c(=O)sc12,1.999449500928628
149,CC(C)C[C@H](CO)Nc1nc(S[C@@H](C)c2ccccc2F)nc2nc(N)sc12,1.9992610319012154
150,CC(C)C[C@H](NC(=O)[C@H](Cc1ccccc1)NC(=O)c1cnccn1)B(O)O,1.9387698227831172
151,CC(C)Cc1c(C(=O)C(N)=O)c2c(OCC(=O)NS(C)(=O)=O)cccc2n1Cc1ccccc1,1.988960070390338
152,CC(C)Cc1c(C(=O)C(N)=O)c2c(OCC(=O)O)cccc2n1Cc1ccccc1,1.987265913519961
153,CC(C)Cc1nn(C)c(=O)c2c(SCCCO)n(Cc3cccc4ccccc34)cc12,1.9991304344583076
154,CC(C)Cn1c(=O)n(C)c(=O)c2c(-c3ccncc3)n(Cc3cccc4ccccc34)nc21,1.9945810812598948
155,CC(C)Cn1c(=O)n(C)c(=O)c2c(C(=O)N3CC(C)(O)C3)c(Cc3ccccc3C(F)(F)F)sc21,1.9441185107428627
156,CC(C)Cn1c(=O)n(C)c(=O)c2c(C(=O)N3CC[C@@H](O)C3)c(Cc3c[nH]c4ccccc34)sc21,1.8536601200504315
157,CC(C)Cn1c(=O)n(C)c(=O)c2c(C(=O)N3CC[C@@H](O)C3)c(Cc3c[nH]c4ncccc34)sc21,1.8365139988906716
158,CC(C)Cn1c(=O)n(C)c(=O)c2c(C(=O)N3CC[C@@H](O)C3)c(Cc3ccnc4ccc(F)cc34)sc21,1.732554579851432
159,CC(C)Cn1c(=O)n(C)c(=O)c2c(C(=O)N3CC[C@@H](O)C3)c(Cc3ccnc4ccccc34)sc21,1.5196274044942908
160,CC(C)Cn1c(=O)n(C)c(=O)c2c(C(=O)N3CC[C@@H](O)C3)c(Oc3cccc4ccccc34)sc21,1.996861768490673
161,CC(C)Cn1c(=O)n(C)c(=O)c2c(C(=O)N3C[C@H](O)CO3)c(Cc3c[nH]c4ncccc34)sc21,1.8385806036261227
162,CC(C)Cn1c(=O)n(C)c(=O)c2c(C(=O)N3C[C@H](O)CO3)c(Cc3ccccc3C(F)(F)F)sc21,1.9767625232674608
163,CC(C)Cn1c(=O)n(C)c(=O)c2c(C(=O)N3C[C@H](O)CO3)c(Cc3ccnc4ccccc34)sc21,1.8678969845326239
164,CC(C)Cn1c(=O)n(C)c(=O)c2c(SCCCO)c(Cc3cccc4ccccc34)sc21,1.9995654882259823
165,CC(C)Cn1c(=O)n(C)c(=O)c2c(SCCCO)n(Cc3cccc4ccccc34)cc21,1.998520882835038
166,CC(C)Cn1cnc2c(N)nc3ccccc3c21,1.9470659063561955
167,CC(C)N(CCC(C(N)=O)(c1ccccc1)c1ccccn1)C(C)C,1.5236164190543708
168,CC(C)N(CCCNC(=O)Nc1ccc(C(C)(C)C)cc1)C[C@H]1O[C@@H](n2ccc3c(N)ncnc32)[C@H](O)[C@@H]1O,1.9026554752179257
169,CC(C)N(CCCNC(=O)Nc1ccc(C(C)(C)C)cc1)C[C@H]1O[C@@H](n2cnc3c(N)ncnc32)[C@H](O)[C@@H]1O,1.8544882250444303
170,CC(C)N(CCCNC(=O)OCc1ccccc1)C[C@H]1O[C@@H](n2cnc3c(N)ncnc32)[C@H](O)[C@@H]1O,1.82020145948564
171,CC(C)N(CCNCCc1ccc(O)c2[nH]c(=O)sc12)C(=O)CCOCCc1ccccc1,1.9768570430013641
172,CC(C)N1C(=O)[C@H](NC(=O)[C@@H](Cc2ccccc2OC(F)(F)F)NC(=O)OC(C)(C)C)CCc2ccccc21,1.998695158311656
173,CC(C)N1CCC(N(C(=O)Cc2ccccc2)c2ccc(Cl)cc2)CC1,1.8515640822634885
174,CC(C)N1CCN(Cc2cnc(-c3cc(-c4cccc5[nH]ccc45)cc4[nH]ncc34)o2)CC1,1.9854694307066167
175,CC(C)NC(=O)c1cc2c(-n3ccc(C(F)(F)F)n3)c(-c3cncc(C(=O)O)c3)cnc2[nH]1,1.8876735524544477
176,CC(C)NC(=O)c1ccc2c(Nc3ccc(Cl)cc3)nc(N3CCOCC3)nc2c1,1.997779430865604
177,CC(C)NC(=O)c1cnc(N2CCC(N3C(=O)OCc4ccccc43)CC2)c(Cl)c1,1.9975611156335884
178,CC(C)NC(=O)c1nn(-c2ccc(Cl)cc2)c(=O)c2c(N)scc12,1.9930311597089276
179,CC(C)NCC(O)COc1ccc(CCOCC2CC2)cc1,1.6058912812683457
180,CC(C)NCC(O)COc1ccc(COCCOC(C)C)cc1,1.3880389910075983
181,CC(C)NCC(O)COc1cccc2[nH]ccc12,1.6175245348862923
182,CC(C)NC[C@@H](O)COc1cccc2ccccc12,1.9146772245453054
183,CC(C)NC[C@H](O)COc1cccc2ccccc12,1.9176955293230897
184,CC(C)Nc1nc(NCc2ccccc2)c2sccc2n1,1.9987387162558177
185,CC(C)Oc1cc(-n2cnc3ccc(N[C@@H](C)c4ccc(F)cn4)nc32)n[nH]1,1.9740047968974144
186,CC(C)Oc1cc(-n2cnc3ccc(N[C@@H](CO)c4ccc(F)cn4)nc32)n[nH]1,1.9053399540351597
187,CC(C)Oc1cc(-n2cnc3cnc(N[C@@H](C)c4ncc(F)cn4)nc32)n[nH]1,1.839603729470837
188,CC(C)Oc1cc(Nc2nc(N[C@@H](C)c3ccc(F)cc3)nc(NC(CO)CO)c2Cl)n[nH]1,1.9825849085441942
189,CC(C)Oc1cc(Nc2nc(N[C@@H](C)c3ccc(F)cn3)nc(OC(CO)CO)c2Cl)n[nH]1,1.9167425143037797
190,CC(C)Oc1cc(Nc2nc(N[C@@H](C)c3ncc(F)cn3)ncc2Cl)n[nH]1,1.938649833067873
191,CC(C)Oc1cc(Nc2nc3c(cc2F)ncn3[C@@H](CO)c2ccc(F)cn2)n[nH]1,1.932682330975937
192,CC(C)Oc1cc2ncc(C(N)=O)c(Nc3ccc(Cl)c(Cl)c3)c2cc1N1CCN(C)CC1,1.995679060511622
193,CC(C)Oc1cc2ncc(C(N)=O)c(Nc3ccc(F)cc3F)c2cc1N1CCN(C)CC1,1.992509335067776
194,CC(C)Oc1cc2ncc(C(N)=O)c(Nc3cccc(Cl)c3Cl)c2cc1N1CCN(C)CC1,1.9939209588012867
195,CC(C)Oc1cc2ncc(C(N)=O)c(Nc3cccc(Cl)c3F)c2cc1N1CCN(C)CC1,1.9782718416106355
196,CC(C)Oc1ccc(-c2nc(-c3cccc4c(CCC(=O)O)c[nH]c34)no2)cc1Cl,1.999782798454136
197,CC(C)Oc1ccc2c(=O)c(-c3ccccc3)coc2c1,1.9976775548136396
198,CC(C)S(=O)(=O)N(C)c1cc(C(=O)N[C@@H](Cc2ccccc2)[C@@H](N)CF)cc(NC[C@H]2C[C@@H]2C)n1,1.9858822561398797
199,CC(C)[C@@H]1CC[C@@H](C)C[C@@H]1P(=O)(c1ccccc1)c1ccccc1,1.9983029400985413
200,CC(C)[C@H](C(=O)Nc1nccs1)c1ccc(Cl)cc1,1.9957661845936403
201,CC(C)[C@H](NC(=O)C[C@H](NC(=O)/C=C/c1ccccc1)c1ccccc1)C(=O)[C@@H]1C(=O)NC(=O)[C@H]1C,1.9929950984313416
202,CC(C)[C@H](O)C(=O)N[C@@H](C)C(=O)N[C@@H]1C(=O)N(C)CCc2ccccc21,1.255526931437158
203,CC(C)[C@H]1C(=O)N[C@H](CO)Cc2ccccc2N1C,1.7989267385772014
204,CC(C)c1ccc(/C=N/NC(=O)c2ccc(O)cc2)cc1,1.9746037920870327
205,CC(C)c1ccc(NC(=O)Cn2cnc3c2c(=O)n(C)c(=O)n3C)cc1,1.9419827922769586
206,CC(C)c1ccc(NC(=O)NCCCSC[C@H]2O[C@@H](n3cnc4c(N)ncnc43)[C@H](O)[C@@H]2O)cc1,1.9645424660791369
207,CC(C)c1nc(CN(C)C(=O)N[C@H](C(=O)N[C@@H](Cc2ccccc2)C[C@H](O)[C@H](Cc2ccccc2)NC(=O)OCc2cncs2)C(C)C)cs1,1.9855162878527155
208,CC(C)c1nc2ccccc2n1-c1nc(N2CCOCC2)c2nc(OC3CN(C4CCS(=O)(=O)CC4)C3)n(C)c2n1,1.892150277901364
209,CC(C)c1nnc2ccc(-c3ocnc3-c3cc(F)ccc3F)cn12,1.910410939914688
210,CC(C)c1noc(C2CCN(c3ncnc(Nc4ccc(S(C)(=O)=O)cc4F)c3[N+](=O)[O-])CC2)n1,1.9943370794714816
211,CC(C)n1c(/C=C/C(O)CC(O)CC(=O)O)c(-c2ccc(F)cc2)c2ccccc21,1.9983463185892396
212,CC(CC(=O)OC(C)(C)C)NC(=O)C1=NOC(C(O)(C(F)(F)F)C(F)(F)F)C1,1.9075715019484698
213,CC(CCc1ccccc1)NCC(O)c1ccc(O)c(C(N)=O)c1,1.795184589682424
214,CC(CN(C)C)CN1c2ccccc2CCc2ccccc21,1.9689496809813425
215,CC(CN1c2ccccc2Sc2ccccc21)N(C)C,1.968249394107917
216,CC(CO)(CO)Nc1nc(SCc2cccc(F)c2F)nc2nc(N)sc12,1.940068013739353
217,CC(Cc1ccccn1)N1C(=O)c2ccccc2C1C(=O)NCc1ccc(OC(F)(F)F)cc1,1.9894795094349345
218,CC(NC(=O)c1cc(O)nc2ccccc12)c1ccccc1,1.8062478271957905
219,CC(NC(=O)c1cc2ccccc2[nH]1)c1ccccc1,1.9870949504423245
220,CC(NC(C)(C)C)C(=O)c1cccc(Cl)c1,1.6625689669332602
221,CC(NCCC(c1ccccc1)c1ccccc1)c1ccccc1,1.9949327367300416
222,CC(O)(C(=O)Nc1ccc(S(=O)(=O)N2CCCC2)cc1)C(F)(F)F,1.9333709225246096
223,CC(O)(C(=O)Nc1ccc(S(=O)(=O)N2CCOCC2)cc1)C(F)(F)F,1.8639172144105771
224,CC(O)(C(=O)Nc1cccc(S(=O)(=O)c2ccccc2)c1)C(F)(F)F,1.9674390025257058
225,CC(O)c1ccc2c(c1)N(CCN1CCC(NCc3ccc4c(n3)NC(=O)CO4)CC1)C(=O)CO2,1.948510768837657
226,CC/C(=C(\c1ccccc1)c1ccc(/C=C/C(=O)O)cc1)c1ccccc1,1.9985644582609416
227,CC1(C)CNC(=O)c2sc(N3CCOCC3)nc2C1,1.579674243571561
228,CC1(C)S[C@@H]2[C@H](NC(=O)C(C(=O)O)c3ccccc3)C(=O)N2[C@H]1C(=O)O,1.6571515019009666
229,CC1(C)[C@@H]2CC[C@@]1(CS(=O)(=O)N1CCN(c3ccc(C(F)(F)F)cn3)CC1)C(=O)C2,1.9938053662239024
230,CC1(C)[C@H](NC(=O)/C(=N\OCc2cc(=O)c(O)cn2O)c2csc(N)n2)C(=O)N1OS(=O)(=O)O,1.8911034891564966
231,CC1(CCCc2cc(=O)oc3[nH]c(=O)[nH]c(=O)c23)CC1,1.9917209127995914
232,CC1=C(/C=C/C(C)=C/C=C/C(C)=C/C(=O)Nc2ccc(O)cc2)C(C)(C)CCC1,1.999174055588485
233,CC1=C(C(=O)OCc2ccccc2)C(c2cccs2)NC(=O)N1,1.989161056530934
234,CC1=C(C)C(=O)C(C(CCCCCC(=O)O)c2ccccc2)=C(C)C1=O,1.9912260756924949
235,CC1=C(CC(=O)NCc2ccc(C(=N)N)cc2)C(=O)N(NS(=O)(=O)c2c(C)cccc2Cl)CC1,1.6625689669332602
236,CC1=C2C[C@H]3[C@@H](CC=C4C[C@@H](O)CC[C@@]43C)[C@@H]2CC[C@]12O[C@@H]1C[C@H](C)CN[C@H]1[C@H]2C,1.9696022648485392
237,CC1=NC(c2ccc(F)cc2)(c2cccc(-c3cccnc3)c2)N=C1N,1.9694165792897775
238,CC1=NC(c2cccc(-c3cncc(Cl)c3)c2)(C2CC2)N=C1N,1.9681479519459188
239,CC1CN(c2cc(=O)[nH]c(NCc3cccc4ccccc34)n2)CCO1,1.9918834851681644
240,CC1CN2c3ccc([N+](=O)[O-])cc3CC3(C(=O)N(C)C(=O)N(C)C3=O)C2C(C)O1,1.910410939914688
241,CC1CNC(Nc2c(Cl)cccc2Cl)=N1,1.5561818466529111
242,CC1Cc2ccccc2N1NC(=O)c1ccc(Cl)c(S(N)(=O)=O)c1,1.9006401839826004
243,CC1N=C(N)N=C(N)N1c1ccc(Cl)cc1,1.4032921451582543
244,CCC#Cc1cncc(-c2ccc3c(c2)C2(N=C(C)C(N)=N2)[C@]2(CC[C@H](OC)CC2)C3)c1,1.9871328458692985
245,CCC(=O)N1CCN(C(=O)c2cc(Cc3n[nH]c(=O)c4ccccc34)ccc2F)CC1,1.7989267385772014
246,CCC(=O)O[C@]1(C(=O)SCF)[C@H](C)C[C@H]2[C@@H]3C[C@H](F)C4=CC(=O)C=C[C@]4(C)[C@@]3(F)[C@@H](O)C[C@@]21C,1.993287136394507
247,CCC(C)(C)C(=O)O[C@H]1C[C@@H](C)C=C2C=C[C@H](C)[C@H](CC[C@@H](O)C[C@@H](O)CC(=O)O)[C@H]21,1.989449817666692
248,CCC(C)(C)C[C@H](c1ccc(C(=O)O)c(Oc2cccc(Cl)c2)c1)N1CCC[C@H](n2cc(C)c(=O)[nH]c2=O)C1,1.992862671389028
249,CCC(C)NC(=O)c1c(C)nn(-c2ccccc2)c1NS(=O)(=O)c1ccc(C)cc1,1.9913159660810218
250,CCC(CC)C[C@H](c1ccc(C(=O)O)c(Oc2cccc(Cl)c2)c1)N1CCC[C@H](n2cc(C)c(=O)[nH]c2=O)C1,1.994800899294604
251,CCC(CC)NC(=O)c1c(C)nn(-c2ccccc2)c1NS(=O)(=O)c1ccc(C)cc1,1.988698209009172
252,CCC(CC)NC(=O)c1c(C)nn(C(C)C)c1NS(=O)(=O)c1ccc(C)cc1,1.9720228451583957
253,CCC(CC)NC(=O)c1cn(-c2ccccc2)nc1NS(=O)(=O)c1ccc(C)cc1,1.9989997540686355
254,CCC(CC)NC(=O)c1cnn(-c2ccccc2)c1NS(=O)(=O)C1CCCC1,1.9943242512114425
255,CCC(CC)NC(=O)c1cnn(-c2ccccc2)c1NS(=O)(=O)c1ccc(C)cc1,1.9918188393746958
256,CCC(CC)NC(=O)c1cnn(-c2ccccn2)c1NS(=O)(=O)c1ccc(C)cc1,1.9777693180915743
257,CCC(CC)NC(=O)c1nnn(-c2ccccc2)c1NS(=O)(=O)c1ccc(C)cc1,1.996861768490673
258,CCC(CC)[C@@H](CO)NS(=O)(=O)c1ccc(Cl)s1,1.9575960158810928
259,CCC(CC)n1nc(C)c(C(=O)N[C@@H](C)C(C)(C)C)c1NS(=O)(=O)c1ccc(C)cc1,1.9770816820612485
260,CCC1(C2=NCCN2)Cc2ccccc2O1,1.3807537708039002
261,CCC1(CCC(C)C)C(=O)NC(=O)NC1=O,1.7836892363473165
262,CCCC(=O)Nc1ccc(Cl)c(-c2nc3ncccc3o2)c1,1.9841671271469885
263,CCCC(=O)Nc1ccc(OCC(O)CNC(C)C)c(C(C)=O)c1,1.3940946182900085
264,CCCC(C)(C)C[C@H](c1ccc(C(=O)O)c(Oc2cccc(Cl)c2)c1)N1CCC[C@H](n2cc(C)c(=O)[nH]c2=O)C1,1.995679060511622
265,CCCCC(=O)N(Cc1ccc(-c2ccccc2-c2nnn[nH]2)cc1)[C@H](C(=O)O)C(C)C,1.9965482815954192
266,CCCCC1=NC2(CCCC2)C(=O)N1Cc1ccc(-c2ccccc2-c2nnn[nH]2)cc1,1.9936125579388904
267,CCCCCCC(=O)CCCCCC/C=C/C[C@@H](O)[C@H](O)[C@@](N)(CO)C(=O)O,1.9799345516526694
268,CCCCCCCC(=O)N[C@@H](C)C(=O)N[C@H](C(=O)N[C@@H](CCN)C(=O)N[C@H]1CCNC(=O)[C@H]([C@@H](C)O)NC(=O)[C@H](CCN)NC(=O)[C@H](CCN)NC(=O)[C@H](CC(C)C)NC(=O)[C@@H](Cc2ccccc2)NC(=O)[C@H](CCN)NC1=O)[C@@H](C)O,1.950705534773861
269,CCCCCCCC(=O)N[C@@H](CCN)C(=O)N[C@@H](C)C(=O)N[C@@H](CCN)C(=O)N[C@H]1CCNC(=O)[C@H]([C@@H](C)O)NC(=O)[C@H](CCN)NC(=O)[C@H](CCN)NC(=O)[C@H](CC(C)C)NC(=O)[C@@H](Cc2ccccc2)NC(=O)[C@H](CCN)NC1=O,1.965295795811656
270,CCCCCCCC(=O)N[C@@H](CCN)C(=O)N[C@H](C(=O)N[C@@H](C)C(=O)N[C@H]1CCNC(=O)[C@H]([C@@H](C)O)NC(=O)[C@H](CCN)NC(=O)[C@H](CCN)NC(=O)[C@H](CC(C)C)NC(=O)[C@@H](Cc2ccccc2)NC(=O)[C@H](CCN)NC1=O)[C@@H](C)O,1.948510768837657
271,CCCCCCCC(=O)N[C@@H](CCN)C(=O)N[C@H](C(=O)N[C@@H](CCN)C(=O)N[C@H]1CCNC(=O)[C@H](C)NC(=O)[C@H](CCN)NC(=O)[C@H](CCN)NC(=O)[C@H](CC(C)C)NC(=O)[C@@H](Cc2ccccc2)NC(=O)[C@H](CCN)NC1=O)[C@@H](C)O,1.9740047968974144
272,CCCCCCCC(=O)N[C@@H](CCN)C(=O)N[C@H](C(=O)N[C@@H](CCN)C(=O)N[C@H]1CCNC(=O)[C@H]([C@@H](C)O)NC(=O)[C@H](C)NC(=O)[C@H](CCN)NC(=O)[C@H](CC(C)C)NC(=O)[C@@H](Cc2ccccc2)NC(=O)[C@H](CCN)NC1=O)[C@@H](C)O,1.9387698227831172
273,CCCCCCc1nc2c(N)nc3ccccc3c2n1Cc1ccccc1,1.998433718864469
274,CCCCCOc1ccc(C(=O)NC(C(=O)O)C(C)C)cc1,1.992509335067776
275,CCCCN(CCNCCc1ccc(O)c2[nH]c(=O)sc12)C(=O)CCOCCc1ccccc1,1.9545983279564485
276,CCCCNC(=O)NS(=O)(=O)c1ccc(C)cc1,1.9907818739092706
277,CCCCNC(=O)c1ccc(Oc2ccc(CC(=O)O)cc2OC)c(NS(=O)(=O)c2ccc(Cl)cc2Cl)c1,1.996937977314544
278,CCCCNc1cc(C(=O)O)cc(S(N)(=O)=O)c1Oc1ccccc1,1.98848912350459
279,CCCCNc1nc(SCCC)nc2c1nnn2[C@@H]1C[C@H](CO)[C@@H](O)[C@H]1O,1.9843397053444236
280,CCCCOc1nc(N)c2[nH]c(=O)n(Cc3cccc(CC(=O)O)c3)c2n1,1.9777693180915743
281,CCCC[C@H](NC(C)=O)C(=O)N[C@H]1CC(=O)NCCCC[C@@H](C(=O)O)NC(=O)[C@H](Cc2c[nH]c3ccccc23)NC(=O)[C@H](CCCNC(=N)N)NC(=O)[C@@H](Cc2ccccc2)NC(=O)[C@H](Cc2c[nH]cn2)NC1=O,1.4328090050331683
282,CCCC[C@H](NC(C)=O)C(=O)N[C@H]1CC(=O)NCCCC[C@@H](C(N)=O)NC(=O)[C@H](Cc2c[nH]c3ccccc23)NC(=O)[C@H](CCCNC(=N)N)NC(=O)[C@@H](Cc2ccccc2)NC(=O)[C@H](Cc2cnc[nH]2)NC1=O,1.7460890430562002
283,CCCC[C@H](NC[C@@H]1Cc2cccc(c2)CCCCc2cc(cc(N(CCC)S(C)(=O)=O)c2)C(=O)N1)C(=O)NCC(C)C,1.9986949398555347
284,CCCCc1nc(Cl)c(C(=O)O)n1Cc1ccc(-c2ccccc2-c2nn[nH]n2)cc1,1.9984551129211539
285,CCCCc1nc2c(N)nc3ccccc3c2n1CC(C)C,1.9793305255581854
286,CCCCc1nc2c(N)nc3ccccc3c2n1Cc1ccccc1,1.992509335067776
287,CCCCc1oc2ccc(NS(C)(=O)=O)cc2c1C(=O)c1ccc(OCCCN(CCCC)CCCC)cc1,1.999608958971417
288,CCCN(CCNCCc1ccc(O)c2[nH]c(=O)sc12)C(=O)CCOCCc1ccccc1,1.961242239823246
289,CCCN(c1cccc(C#N)c1)P(=O)(c1ccccc1)c1ccccc1,1.9827970762952676
290,CCCN(c1cccc(S(C)(=O)=O)c1)P(=O)(c1ccccc1)c1ccccc1,1.9159351706788563
291,CCCN(c1cccnc1)P(=O)(c1ccccc1)c1ccccc1,1.923598722349079
292,CCCN(c1ccon1)P(=O)(c1ccccc1)c1ccccc1,1.9411741929558646
293,CCCN(c1cncnc1)P(=O)(c1ccccc1)c1ccccc1,1.8091152415107539
294,CCCN1CCCC[C@H]1C(=O)Nc1c(C)cccc1C,1.6888645680547918
295,CCCNC(=O)CSc1ccc(S(=O)(=O)N2CCCC2)cn1,1.8133140589458348
296,CCCNC(=O)NS(=O)(=O)c1ccc(Cl)cc1,1.9578033215586097
297,CCCNC(=O)c1cc2c(-n3ccc(C(F)(F)F)n3)c(-c3cncc(C(=O)O)c3)cnc2[nH]1,1.965295795811656
298,CCCNC(c1cccnc1)P(=O)(c1ccccc1)c1ccccc1,1.910270205279117
299,CCCNCC(O)COc1ccccc1C(=O)CCc1ccccc1,1.9750566425496339
300,CCCS(=O)(=O)N1N=Cc2cc(Cl)ccc2B1O,1.9192873405043829
301,CCCSc1ccc2[nH]c(NC(=O)OC)nc2c1,1.97684486036222
302,CCCSc1nc(N)c2ncn([C@@H]3O[C@H](CO)[C@@H](O)[C@H]3O)c2n1,1.662679794481709
303,CCCSc1nc(N[C@@H]2C[C@H]2c2ccccc2)c2nnn([C@@H]3C[C@H](CO)[C@@H](O)[C@H]3O)c2n1,1.9965554408085946
304,CCCSc1nc(N[C@@H]2C[C@H]2c2ccccc2)c2nnn([C@@H]3C[C@H](O)[C@@H](O)[C@H]3O)c2n1,1.9971241556592043
305,CCC[C@@H](CNC(=O)c1nc(Cl)c(N)nc1N)[N+](C)(C)CCCc1ccc(OC)cc1,1.7129888311803765
306,CCC[C@@H](c1ccc(C(=O)O)c(Oc2cccc(Cl)c2)c1)N1CCC[C@H](n2cc(C)c(=O)[nH]c2=O)C1,1.9945524797689989
307,CCC[C@H](CO)Nc1nc(S[C@@H](C)c2cccc(C#N)c2)nc2[nH]c(=O)sc12,1.9996741563884592
308,CCC[C@H](c1ccc(C(=O)O)c(Oc2cccc(Cl)c2)c1)N1CCC[C@H](n2cc(C)c(=O)[nH]c2=O)C1,1.9938979988629728
309,CCCc1cc(=O)[nH]c(=S)[nH]1,1.5934024777409985
310,CCCc1cc(C2=N[C@@H](C(=O)NO)CO2)cc(OC)c1OC,1.9746037920870327
311,CCCc1nc(C(C)(C)O)c(C(=O)O)n1Cc1ccc(-c2ccccc2-c2nnn[nH]2)cc1,1.994800899294604
312,CCCc1nc2c(C)cc(-c3nc4ccccc4n3C)cc2n1Cc1ccc(-c2ccccc2C(=O)O)cc1,1.9957740292664337
313,CCCc1nn(C)c2c(=O)[nH]c(-c3cc(S(=O)(=O)N4CCN(C)CC4)ccc3OCC)nc12,1.9502784878850796
314,CCCn1c(=O)[nH]c(=O)c2nc[nH]c21,1.8356707615490793
315,CCCn1c(=O)[nH]c2nc(-c3ccc(S(=O)(=O)N4CCN(Cc5ccc(Cl)cc5)CC4)cc3)[nH]c2c1=O,1.9997176162587038
316,CCCn1c(=O)c2[nH]c(-c3cnn(Cc4cccc(C(F)(F)F)c4)c3)nc2n(CC)c1=O,1.9995654882259823
317,CCN(C(=O)NCc1ccc(S(C)(=O)=O)cc1)C1CCN(CCC(c2ccccc2)c2ccccc2)CC1,1.826851947820644
318,CCN(C(=O)c1ccc(-c2ccc(Cl)cc2)o1)c1ccc(N2CCNCC2)cc1,1.9817123499490037
319,CCN(C(=O)c1cnn(-c2ccccc2)c1NS(=O)(=O)c1ccc(-c2cnco2)cc1)C1CCCCC1,1.9969158321477156
320,CCN(CC)CC#CCOC(=O)C(O)(c1ccccc1)C1CCCCC1,1.987085029624122
321,CCN(CC)CCCC(C)Nc1c2ccc(Cl)cc2nc2ccc(OC)cc12,1.947384701684741
322,CCN(CC)CCN1C(=O)C(O)(c2ccccc2Cl)c2c1cc(C(N)=O)cc2C(F)(F)F,1.8964711004792771
323,CCN(CC)CCN1C(=O)[C@@](O)(c2ccccc2Cl)c2c1cc(C(N)=O)cc2C(F)(F)F,1.885524604971575
324,CCN(CC)CCNC(=O)c1c(C)[nH]c(/C=C2\C(=O)Nc3ccc(Cl)cc32)c1C,1.951774508081725
325,CCN(CC)CCNC(=O)c1cc(Cl)c(N)cc1OC,1.4756711883244296
326,CCN(CC)CCNC(=O)c1ccc(NS(C)(=O)=O)cc1,1.0622530932556635
327,CCN(CC)CCNc1ncnc2c1sc1nc(N3CCOCC3)c3c(c12)CCCC3,1.9645424660791369
328,CCN(CC)CCOc1ccc2c(c1)C(=O)c1cc(OCCN(CC)CC)ccc1-2,1.683677298818692
329,CCN(CC)CCn1c2ccccc2c2cnc(N)c(C#N)c21,1.953807997665307
330,CCN(CC)S(=O)(=O)c1ccc(-c2cc(C(F)(F)F)ccc2OCC(=O)O)cc1,1.993412366434073
331,CCN(CC)S(=O)(=O)c1ccc(-c2nnc(SCC(=O)N3CCc4ccccc43)o2)cc1,1.9984773030365064
332,CCN(CC)c1ccc2cc(C(C)=O)c(=O)oc2c1,1.967547976218862
333,CCN(CCNCCc1ccc(O)c2[nH]c(=O)sc12)C(=O)CCOCCc1ccccc1,1.964249953290636
334,CCN(CCO)C(=O)c1cc2cccnc2n1-c1cccc(C(F)(F)F)c1,1.916729310403443
335,CCN(CCO)C(=O)c1cc2cccnn2c1-c1cccc(C(F)(F)F)c1,1.970689160675779
336,CCN(CCO)C(=O)c1oc2cccnc2c1-c1cccc(C(F)(F)F)c1,1.9475632530368685
337,CCN(Cc1cc(C(F)(F)F)ccc1-c1cc(CC(=O)O)ccc1OC)C(=O)NCc1ccccc1,1.9927935712472806
338,CCN(Cc1cccc2ccccc12)c1cc(N2CCOCC2)nc(=O)[nH]1,1.9841671271469885
339,CCN1CCC[C@H]1CNC(=O)c1c(O)c(Cl)cc(Cl)c1OC,1.797871722889055
340,CCN1CCC[C@H]1CNC(=O)c1cc(Br)cc(OC)c1OC,1.569120077628845
341,CCN1CCN(C(=O)N[C@@H](C(=O)N[C@@H]2C(=O)N3C(C(=O)O)=C(CSc4nnnn4C)CS[C@H]23)c2ccc(O)cc2)C(=O)C1=O,1.7681892039750675
342,CCNC(=O)C[C@@H]1N=C(c2ccc(Cl)cc2)c2cc(OC)ccc2-n2c(C)nnc21,1.8490985042400998
343,CCNC(=O)C[C@H]1N=C(c2ccc(Cl)cc2)c2cc(OC)ccc2-n2c(C)nnc21,1.9689496809813425
344,CCNC(=O)Nc1nc2cc(-c3cccnc3)cc(-c3ncccc3F)c2[nH]1,1.9879968538511728
345,CCNC(=O)Nc1nc2cc(-c3cccnc3)ccc2[nH]1,1.992155711042617
346,CCNC(=O)Nc1sc2ccccc2c1C(=O)N1CCC(N2CCCC3(CCN(CC)C3=O)C2)CC1,1.9192873405043829
347,CCNC(=O)[C@H]1C[C@@](F)(c2ccc(CN3CCCC3)c(F)c2)C1,1.3222126472676528
348,CCNC(=O)[C@H]1O[C@@H](n2cnc3c(N)nc(NCCc4ccc(CCC(=O)O)cc4)nc32)[C@H](O)[C@@H]1O,1.8411363112031045
349,CCNC(=O)[C@H]1O[C@@H](n2cnc3c(NCC(c4ccccc4)c4ccccc4)nc(C(=O)NCCNC(=O)NC4CCN(c5ccccn5)CC4)nc32)[C@H](O)[C@@H]1O,1.9949312341519905
350,CCNC(=O)c1cc2c(-n3ccc(C(F)(F)F)n3)c(-c3cncc(-c4n[nH]c(=O)o4)c3)cnc2[nH]1,1.98059415577622
351,CCNC(=O)c1cc2c(-n3ccc(C(F)(F)F)n3)c(-c3cncc(C#N)c3)cnc2[nH]1,1.9595183769729985
352,CCNC(=O)c1cc2c(-n3ccc(C(F)(F)F)n3)c(-c3cncc(C(=O)NC)c3)cnc2[nH]1,1.9303886182443215
353,CCNC(=O)c1cc2c(-n3ccc(C(F)(F)F)n3)c(-c3cncc(C(=O)O)c3)cnc2[nH]1,1.9462065538427828
354,CCNC(=O)c1cc2c(-n3ccc(C(F)(F)F)n3)c(-c3cncc(C(N)=O)c3)cnc2[nH]1,1.8062478271957905
355,CCNC(=O)c1cc2c(-n3nc(C(F)(F)F)cc3C)c(-c3cncc(C(=O)O)c3)cnc2[nH]1,1.7371130943059612
356,CCNc1cc(C(=O)N[C@@H](Cc2ccccc2)[C@H](O)CNCc2cccc(C(F)(F)F)c2)c(F)c(N2CCCCS2(=O)=O)c1,1.9938979988629728
357,CCO/N=C/c1ccc(OCCC2CCN(c3ccc(C)nn3)CC2)cc1,1.998651576333387
358,CCOC(=O)/C=C/[C@H](C[C@@H]1CCNC1=O)NC(=O)[C@@H](CC(=O)[C@@H](NC(=O)c1cc(C)on1)C(C)C)Cc1ccc(F)cc1,1.9192873405043829
359,CCOC(=O)C(CCc1ccccc1)NC1CCc2ccccc2N(CC(=O)O)C1=O,1.9818638909913504
360,CCOC(=O)C1=C(C)NC(C)=C(C(=O)OC)C1c1cccc([N+](=O)[O-])c1,1.9960002511766692
361,CCOC(=O)C1=C(C)NC(C)=C(C(=O)OC)[C@@H]1c1cccc(Cl)c1Cl,1.999739345106568
362,CCOC(=O)C1=C(C)NC(C)=C(C(C)=O)[C@H]1c1cccc2c(=O)cc(C)oc12,1.9764485386495831
363,CCOC(=O)C1=C(C)NC2=C(C(=O)CC(C)(C)C2)C1c1ccc(-c2ccccc2)cc1,1.9992610711131005
364,CCOC(=O)C1=C(COCCN)NC(C)=C(C(=O)OC)C1c1ccccc1Cl,1.9916247345340052
365,CCOC(=O)Nc1cc2c(c(N)n1)N=C(c1ccccc1)CCN2,1.97570746353718
366,CCOC(=O)Nc1ccc(NCc2ccc(F)cc2)cc1N,1.9187031749407524
367,CCOC(=O)Nc1ccc(NCc2ccc(F)cc2)nc1N,1.9082147819816226
368,CCOC(=O)[C@H](CCc1ccccc1)N[C@@H](C)C(=O)N1Cc2ccccc2C[C@H]1C(=O)O,1.9814561665221264
369,CCOC(=O)c1cnc2c(N)cccc2c1O,1.9026554752179257
370,CCOC(=O)c1ncn2c1CN(C)C(=O)c1cc(F)ccc1-2,1.7460890430562002
371,CCOCc1nc2c(N)nc3ccccc3c2n1CC(C)(C)O,1.6291036501771363
372,CCOc1cc(CC(=O)N[C@@H](CC(C)C)c2ccccc2N2CCCCC2)ccc1C(=O)O,1.9960736544852755
373,CCOc1cc(CN2CCC(NC(=O)c3cncc(C)c3)CC2)cc(OCC)c1-c1ccc(F)cc1,1.9940673923886292
374,CCOc1cc(CN2CCC(Nc3nc4cc(S(N)(=O)=O)ccc4o3)CC2)cc(OCC)c1N,1.917684994438251
375,CCOc1cc(Nc2nc3c(cc2F)ncn3[C@@H](CO)c2ccc(F)cn2)n[nH]1,1.9128997632305949
376,CCOc1cc2c(c(F)c1OCC)C(=N)N(CC(=O)c1cc(N3CCOCC3)c(OC)c(C(C)(C)C)c1)C2,1.998999963492337
377,CCOc1cc2ncc(C(N)=O)c(Nc3cc(C)ccc3F)c2cc1N1CCN(C)CC1,1.9087081963116825
378,CCOc1cc2ncc(C(N)=O)c(Nc3cc(F)ccc3F)c2cc1N1CCN(C)CC1,1.966798546383361
379,CCOc1cc2ncc(C(N)=O)c(Nc3ccc(C)cc3F)c2cc1N1CCN(C)CC1,1.9385955642765993
380,CCOc1cc2ncc(C(N)=O)c(Nc3ccc(Cl)c(Cl)c3)c2cc1N1CCN(C)CC1,1.9964678902617168
381,CCOc1cc2ncc(C(N)=O)c(Nc3ccc(F)c(Cl)c3)c2cc1N1CCN(C)CC1,1.984842231405276
382,CCOc1cc2ncc(C(N)=O)c(Nc3ccc(F)cc3F)c2cc1N1CCC(O)CC1,1.9595183769729985
383,CCOc1cc2ncc(C(N)=O)c(Nc3ccc(F)cc3F)c2cc1N1CCCN(C)CC1,1.8426716337607885
384,CCOc1cc2ncc(C(N)=O)c(Nc3ccc(F)cc3F)c2cc1N1CCCN(C2CC2)CC1,1.9903832589062336
385,CCOc1cc2ncc(C(N)=O)c(Nc3ccc(F)cc3F)c2cc1N1CCN(C(C)C)CC1,1.9333354100776512
386,CCOc1cc2ncc(C(N)=O)c(Nc3ccc(F)cc3F)c2cc1N1CCN(C2CC2)CC1,1.9939209588012867
387,CCOc1cc2ncc(C(N)=O)c(Nc3ccc(F)cc3F)c2cc1N1CCN(CC)CC1,1.9796849238270255
388,CCOc1cc2ncc(C(N)=O)c(Nc3ccc(F)cc3F)c2cc1N1CCOCC1,1.96208508051736
389,CCOc1cc2ncc(C(N)=O)c(Nc3cccc(Cl)c3Cl)c2cc1N1CCCN(C)CC1,1.992862671389028
390,CCOc1cc2ncc(C(N)=O)c(Nc3cccc(Cl)c3Cl)c2cc1N1CCN(C(=O)CO)CC1,1.922621671523199
391,CCOc1cc2ncc(C(N)=O)c(Nc3cccc(Cl)c3Cl)c2cc1N1CCN(C(C)=O)CC1,1.9557839289169117
392,CCOc1cc2ncc(C(N)=O)c(Nc3cccc(Cl)c3Cl)c2cc1N1CCN(C(C)C)CC1,1.9936125579388904
393,CCOc1cc2ncc(C(N)=O)c(Nc3cccc(Cl)c3Cl)c2cc1N1CCN(CC)CC1,1.991978790994584
394,CCOc1cc2ncc(C(N)=O)c(Nc3cccc(Cl)c3Cl)c2cc1N1CCN(CCO)CC1,1.9787737843301223
395,CCOc1cc2ncc(C(N)=O)c(Nc3cccc(Cl)c3Cl)c2cc1N1CCN(CCOC)CC1,1.992509335067776
396,CCOc1cc2ncc(C(N)=O)c(Nc3cccc(Cl)c3Cl)c2cc1NCCN(C)C,1.9814561665221264
397,CCOc1cc2ncc(C(N)=O)c(Nc3cccc(Cl)c3F)c2cc1N1CCN(C)CC1,1.9354524392446315
398,CCOc1cc2nnc(C(N)=O)c(Nc3cc(C)ccc3F)c2cc1N1CCN(C)CC1,1.950705534773861
399,CCOc1cc2nnc(C(N)=O)c(Nc3ccc(C)cc3F)c2cc1N1CCN(C)CC1,1.9789328190134885
400,CCOc1cc2nnc(C(N)=O)c(Nc3ccc(F)cc3F)c2cc1N1CCN(C)CC1,1.983039616046102
401,CCOc1cc2nnc(C(N)=O)c(Nc3cccc(Cl)c3F)c2cc1N1CCN(C)CC1,1.9916247345340052
402,CCOc1ccc(-c2ccc(Cn3c(CC(C)(C)C(=O)O)c(SC(C)(C)C)c4cc(OCc5ccc(C)cn5)ccc43)cc2)cn1,1.999652425366079
403,CCOc1ccc(-n2c([C@@H](C)N(CC3CCN(C)CC3)C(=O)Cc3ccc(F)c(C(F)(F)F)c3)nc3ncccc3c2=O)cc1,1.940068013739353
404,CCOc1ccc(-n2c([C@@H](C)N(Cc3cccnc3)C(=O)Cc3ccc(C(F)(F)F)cc3)nc3ccccc3c2=O)cc1,1.9957832810041467
405,CCOc1ccc(-n2c([C@@H](C)N(Cc3cccnc3)C(=O)Cc3ccc(OC(F)(F)F)cc3)nc3ncccc3c2=O)cc1,1.9829294069771222
406,CCOc1ccc(NC(=O)CCc2c(C)nc3nc(C)nn3c2C)cc1,1.914078585389112
407,CCOc1ccc(NC(C)=O)cc1,1.543322900646912
408,CCOc1ccc([C@@H](C)Nc2nc(N3CCN(C(C)=O)CC3)nc3c2CN(C(C)C)C3=O)cc1,1.834391990234527
409,CCOc1ccc([C@@H](C)Nc2nc(N3CCN(C(C)=O)CC3)nc3c2CN(C(C)C)C3=O)cc1F,1.8471179458230544
410,CCOc1ccc2oc(C(=O)NC(CCSC)c3nc4ccccc4[nH]3)c(C)c2c1,1.9960736544852755
411,CCOc1cccc(/C=C2\SC(=O)NC2=O)c1N1CCC[C@@H](N)C1,1.9767625232674608
412,CCOc1ccccc1-c1ccc(-c2nc3ccncc3c(O)c2C#N)cc1,1.9996958874108397
413,CCOc1ccccc1C(=O)NCc1ccco1,1.9814561665221264
414,CCOc1nc2ccc(OCCC3CCN(c4ccc(C)nn4)CC3)cc2o1,1.998782269831736
415,CCOc1ncc(C)c2c1[C@H](c1ccc(C#N)cc1OC)C(C(N)=O)=C(C)N2,1.9884798652993776
416,CCOc1noc2cc(OCCC3CCN(c4ccc(C)nn4)CC3)ccc12,1.9991304089747286
417,CCS(=O)(=O)c1ccc(-c2cc(C(F)(F)F)ccc2CCC(=O)O)c(C)c1,1.9887372752888
418,CCS(=O)(=O)c1ccc(-c2cc(C(F)(F)F)ccc2OCC(=O)O)c(C)c1,1.9584575009608212
419,CCS(=O)(=O)c1ccc(-c2cc(C(F)(F)F)ccc2OCC(=O)O)c(Cl)c1,1.9886890708611358
420,CCS(=O)(=O)c1ccc(-c2cc(C(F)(F)F)ccc2O[C@@H](C)C(=O)O)c(C)c1,1.9814561665221264
421,CCS(=O)(=O)c1ccc(-c2cc(Cl)ccc2OCC(=O)O)c(C(F)(F)F)c1,1.9933039379194744
422,CCS(=O)(=O)c1ccc(-c2cc(Cl)ccc2OCC(=O)O)c(C)c1,1.9987387162558177
423,CCS(=O)(=O)c1ccc(-c2cc(Cl)ccc2OCC(=O)O)c(Cl)c1,1.992313102106936
424,CCS(=O)(=O)c1ccc(-c2cc(Cl)ccc2OCC(=O)O)c(F)c1,1.983070717264484
425,CCS(=O)(=O)c1ccc(-c2cc(Cl)ccc2OCC(=O)O)cc1,1.9879342652321583
426,CCS(=O)(=O)c1ccc2[nH]c(-c3cccc(-c4ccccc4)c3)nc2c1,1.999522013128904
427,CCS(=O)(=O)c1ccc2c(c1)N(CCN1CCC(NCc3ccc4c(n3)NC(=O)CO4)CC1)C(=O)CO2,1.8426716337607885
428,CC[C@@H](CO)Nc1nc(SCc2ccccc2)nc2nc(N)sc12,1.985201858364572
429,CC[C@@H](Nc1c(Nc2cccc(C(=O)N(C)C)c2O)c(=O)c1=O)c1ccc(C)o1,1.9823486646812594
430,CC[C@@H](c1ccc(C(=O)O)c(Oc2cccc(Cl)c2)c1)N1CCC[C@H](n2cc(C)c(=O)[nH]c2=O)C1,1.983039616046102
431,CC[C@H](C)C(=O)O[C@H]1C[C@H](O)C=C2C=C[C@H](C)[C@H](CC[C@@H](O)C[C@@H](O)CC(=O)O)[C@H]21,1.7034661835376854
432,CC[C@H](CO)Nc1nc(NCc2ccccc2)c2ncn(C(C)C)c2n1,1.967547976218862
433,CC[C@H](CO)Nc1nc(SCc2cccc(F)c2F)nc2nc(N)sc12,1.9934803190699968
434,CC[C@H](CO)Nc1nc(SCc2cccc(F)c2F)nc2nc(NC(C)C)sc12,1.9982593384236984
435,CC[C@H](CO)Nc1nc(SCc2ccccc2)nc2[nH]c(=O)sc12,1.9984983451400375
436,CC[C@H](CO)Nc1nc(SCc2ccccc2)nc2nc(N)sc12,1.9943171526696368
437,CC[C@H](N)C(=O)N[C@H](C#N)Cc1ccc(-c2ccccc2)cc1,1.96451820733477
438,CC[C@H](NC(=O)c1c(O)c(-c2ccccc2)nc2ccccc12)c1ccccc1,1.999782798454136
439,CC[C@H](Nc1ncnc2[nH]cnc12)c1nc2cccc(F)c2c(=O)n1-c1ccccc1,1.9085386321719595
440,CC[C@H](c1ccc(C(=O)O)c(Oc2cccc(Cl)c2)c1)N1CCC[C@H](n2cc(C)c(=O)[nH]c2=O)C1,1.992155711042617
441,CC[C@H]1CN(Cc2cc(Cl)ccc2OCC(=O)O)CCN1S(=O)(=O)c1ccccc1,1.9969929818907055
442,CCc1[nH]c2nc(Sc3cnc4ccc[n+]([O-])c4c3)nc(N3CC[C@@H](N)C3)c2c1Cl,1.9006401839826004
443,CCc1[nH]c2nc(Sc3cnc4ccc[n+]([O-])c4c3)nc(N3C[C@@H]4[C@@H](N)[C@@H]4C3)c2c1Cl,1.9703003754021775
444,CCc1c(C(=O)C(N)=O)c2c(OCC(=O)O)cccc2n1Cc1ccccc1,1.9350293340736322
445,CCc1c(C(=O)C(N)=O)c2c(OCC(=O)OC)cccc2n1Cc1ccccc1,1.885417765110936
446,CCc1c(C(=O)C(N)=O)c2c(OCC(N)=O)cccc2n1Cc1ccccc1,1.9289076902439528
447,CCc1c2c(nc3ccc(O)cc13)-c1cc3c(c(=O)n1C2)COC(=O)[C@]3(O)CC,1.9610201705471735
448,CCc1c2c(nc3ccc(OC(=O)N4CCC(N5CCCCC5)CC4)cc13)-c1cc3c(c(=O)n1C2)COC(=O)[C@]3(O)CC,1.7633531087482155
449,CCc1cc(C(N)=S)ccn1,1.6625689669332602
450,CCc1cc2c(cc1N1CCC(N3CCOCC3)CC1)C(C)(C)c1[nH]c3cc(C#N)ccc3c1C2=O,1.6989700043360187
451,CCc1ccc(OCC(=O)O)c(-c2ccc(S(C)(=O)=O)cc2)c1,1.9746037920870327
452,CCc1cccc2cc(C(O)CNC(C)(C)C)oc12,1.963740618857884
453,CCc1cnn2c(NCc3ccc[n+]([O-])c3)cc(N3CCCC[C@H]3CCO)nc12,1.9353478429547424
454,CCc1nc(N)nc(N)c1-c1ccc(Cl)cc1,1.9678741136823517
455,CCc1nc2c(N)nc3ccccc3c2n1CC(C)C,1.9462065538427828
456,CCc1nc2c(N)nc3ccccc3c2n1CCCCNS(C)(=O)=O,1.8235394336568589
457,CCc1nc2cc(O)ccc2c(Oc2ccc(/C=C/C(=O)O)cc2)c1-c1ccccc1,1.9975611156335884
458,CCc1nc2ccc(C(=O)NCc3ccc4c(c3)OCO4)cn2c1N(C)Cc1cccs1,1.9984773030365064
459,CCc1nn(C2CCCC2)c2c1CCn1c(-c3cccs3)nnc1-2,1.9811098208357312
460,CCn1cc(C(=O)O)c(=O)c2cc(F)c(N3CCNCC3)nc21,1.5368108659915414
461,CCn1cc(CNC(=O)c2cc(-c3ccc(C)cc3)nc3ccc(Br)cc23)c(C)n1,1.999522013128904
462,CCn1cc([C@]2(c3cccc(NC(=O)c4ccc(Cl)cn4)c3)N=C(N)c3c(F)cccc32)cc(C)c1=O,1.990734702729057
463,CCn1nc(C)c(C(=O)N[C@@H](C)C(C)(C)C)c1NS(=O)(=O)c1ccc(C)cc1,1.9858182278595753
464,CN(C(=O)Cc1ccc(-n2cnnn2)cc1)C1CCN(Cc2ccc(C(F)(F)F)cc2)CC1,1.9666130936286939
465,CN(C(=O)Cc1ccc(S(C)(=O)=O)cc1)C1CCN(Cc2ccc(C(F)(F)F)cc2)CC1,1.9164089591169207
466,CN(C)C(=O)C(CCN1CCC(O)(c2ccc(Cl)cc2)CC1)(c1ccccc1)c1ccccc1,1.9755577123558432
467,CN(C)C(=O)[C@H](O)[C@H](Cc1ccccc1)NC(=O)c1cc2cc(Cl)ccc2[nH]1,1.9892926795825072
468,CN(C)C(C)(C(=O)OC1CC[N+](C)(C)CC1)c1ccccc1,1.7371130943059612
469,CN(C)CC/C=C1\c2ccccc2COc2ccccc21,1.8964711004792771
470,CN(C)CCC1CCN(c2cc(C(=O)NC[C@H]3CC[C@H](CNC(=O)OC(C)(C)C)CC3)c3ccccc3n2)CC1,1.9902881741741776
471,CN(C)CCC1CCN(c2cc(C(=O)NC[C@H]3CC[C@H](CNC(=O)OC4CCOCC4)CC3)c3ccccc3n2)CC1,1.8910968953581644
472,CN(C)CCC1CCN(c2cc(C(=O)NC[C@H]3CC[C@H](CNC(=O)OCC(C)(C)C)CC3)c3ccccc3n2)CC1,1.9954696757007149
473,CN(C)CCC1CCN(c2cc(C(=O)NC[C@H]3CC[C@H](COC(=O)NC(C)(C)C)CC3)c3ccccc3n2)CC1,1.9855162878527155
474,CN(C)CCC=C1c2ccccc2C=Cc2ccccc21,1.9553745099609599
475,CN(C)CCC=C1c2ccccc2COc2ccccc21,1.89183834700514
476,CN(C)CCCC1(c2ccc(F)cc2)OCc2cc(C#N)ccc21,1.711928975188221
477,CN(C)CCCN1c2ccccc2CCc2ccc(Cl)cc21,1.98344585734134
478,CN(C)CCCN1c2ccccc2CCc2ccccc21,1.9473484359757827
479,CN(C)CCCN1c2ccccc2Sc2ccc(Cl)cc21,1.9932811993277255
480,CN(C)CCCN1c2ccccc2Sc2ccccc21,1.953807997665307
481,CN(C)CCN(Cc1cccc2ccccc12)c1cc(N2CCOCC2)nc(=O)[nH]1,1.82020145948564
482,CN(C)CCN1CCN(c2cc(C(=O)NC[C@H]3CC[C@H](CNC(=O)OC(C)(C)C)CC3)c3ccccc3n2)CC1,1.9781797925194615
483,CN(C)CCNC(=O)c1ccc(Nc2ncc3cc(-c4ccncc4)ccc3n2)cc1,1.9951523768914536
484,CN(C)CCNCc1ccc(Nc2ncc3cc(-c4ccncc4)ccc3n2)cc1,1.9777693180915743
485,CN(C)CCNc1cc(-c2ccncc2)nc2ccccc12,1.9333354100776512
486,CN(C)CCOC1CN(c2cc(C(=O)NC[C@H]3CC[C@H](CNC(=O)OC(C)(C)C)CC3)c3ccccc3n2)C1,1.940068013739353
487,CN(C)CCOc1cc(NS(=O)(=O)c2c(Cl)cc(C(F)(F)F)cc2Cl)ccc1Cl,1.998847578363152
488,CN(C)CCn1cc(-c2cc(C(=O)NC[C@H]3CC[C@H](CNC(=O)OC(C)(C)C)CC3)c3ccccc3n2)cn1,1.970950934345424
489,CN(C)N(C)C(=O)[C@@]1(Cc2ccccc2)CCCN(C(=O)[C@@H](Cc2c[nH]c3ccccc23)NC(=O)C(C)(C)N)C1,1.9293433613977682
490,CN(C)S(=O)(=O)NC(=O)CCCc1c(-c2ccc(F)cc2)[nH]c2ccc(C#N)cc12,1.9959303856301467
491,CN(C)S(=O)(=O)c1ccc2c(c1)N(CCN1CCC(NCc3ccc4c(n3)NC(=O)CO4)CC1)C(=O)CO2,1.9577030415488317
492,CN(C)c1cc(NC(=O)Nc2cccc(Cl)c2)c2ccccc2n1,1.999391561719091
493,CN(C)c1ccc(S(=O)(=O)NC(=O)N2CCC(N3CCC(Oc4ccc(Cl)c(Cl)c4)CC3)CC2)cc1,1.9992610711131005
494,CN(C)c1ccccc1S(=O)(=O)NC(=O)N1CCC(N2CCC(Oc3ccc(Cl)c(Cl)c3)CC2)CC1,1.9923325590474643
495,CN(C)c1nc(Cc2ccc(NC(=O)c3ccc(C(F)(F)F)cc3)cc2)nc(N(C)C)c1CC(=O)O,1.9926033334111821
496,CN(C)c1nc(NC[C@H]2CC[C@H](CNS(=O)(=O)c3ccc(Br)cc3OC(F)(F)F)CC2)nc2ccccc12,1.999782798454136
497,CN(CC(=O)NC1CC1)C(=O)c1ccc2c(c1)c1c(n2C)CCC(C2CCOCC2)C1,1.9879497733794746
498,CN(CC(=O)O)NC(=O)C[C@H](N)C[C@@H](O)CN,1.101403350555331
499,CN(CCCOCCOCCc1ccccc1)CCc1ccc(O)c2nc(O)sc12,1.9177316547280387
500,CN(CCNCCc1ccc(O)c2nc(O)sc12)C(=O)CCOCCc1ccccc1,1.9031015231735886
501,CN(CCOc1ccc(CC2SC(=O)NC2=O)cc1)c1ccccn1,1.9988693638823445
502,CN(CCOc1ccc(NS(C)(=O)=O)cc1)CCc1ccc(NS(C)(=O)=O)cc1,1.7905729104315358
503,CN(Cc1ccc(-c2ccccc2S(N)(=O)=O)cc1)C(=O)[C@@H]1CCC[C@H]1C(=O)NCc1ccc(OC(F)(F)F)cc1,1.998695158311656
504,CN(Cc1cccc2ccccc12)c1cc(N2CCOCC2)nc(=O)[nH]1,1.9859076874597688
505,CN(Cc1cnc2nc(N)nc(N)c2n1)c1ccc(C(=O)N[C@@H](CCC(=O)O)C(=O)O)cc1,1.6679196853173617
506,CN(c1cccc(CO)c1)c1ccnc(Nc2cc(N3CCOCC3)cc(N3CCOCC3)c2)n1,1.9557839289169117
507,CN(c1ccccc1)S(=O)(=O)c1ccc(NC(=O)C(C)(O)C(F)(F)F)cc1,1.989694415475614
508,CN1C(=N)N[C@](C)(c2cc(-c3cccc(C#N)c3)cs2)CC1=O,1.9189203298877073
509,CN1C(=O)CN=C(c2ccccc2)c2cc(Cl)ccc21,1.9682621038217216
510,CN1CC(n2nccc2-c2cc(Cl)ccc2Oc2cc(F)c(S(=O)(=O)Nc3ncns3)cc2F)C1,1.9863261927657536
511,CN1CCC(CNc2ccc3ncc(-c4cccc(OC(F)(F)F)c4)n3n2)CC1,1.9826781933834845
512,CN1CCC(N2CCN(C(=O)[C@H](NC(=O)c3ccc4cc[nH]c4c3)c3ccccc3)CC2)CC1,1.6625689669332602
513,CN1CCCC1CCNC(=O)c1ccc(Nc2ncc3cc(-c4ccncc4)ccc3n2)cc1,1.9964678902617168
514,CN1CCCCC1CCN1c2ccccc2Sc2ccc([S+](C)[O-])cc21,1.965295795811656
515,CN1CCCN(C(c2ccccc2)c2ccc(Cl)cc2)CC1,1.97285055584723
516,CN1CCC[C@@H]1Cc1c[nH]c2ccc(Nc3ncccc3[N+](=O)[O-])cc12,1.8618213739010443
517,CN1CCN(C(=O)c2cc(Cc3n[nH]c(=O)c4ccccc34)ccc2F)CC1,1.8515640822634885
518,CN1CCN(C(=O)c2cc3cc(Cl)ccc3[nH]2)CC1,1.8876735524544477
519,CN1CCN(C(=O)c2cccc(Cc3n[nH]c(=O)c4ccccc34)c2)CC1,1.8133140589458348
520,CN1CCN(C2=Nc3cc(Cl)ccc3Nc3ccccc32)CC1,1.968721908851601
521,CN1CCN(C2=Nc3ccccc3Nc3ccc(OS(=O)(=O)C(F)(F)F)cc32)CC1,1.9841671271469885
522,CN1CCN(CC(=O)N2c3ccccc3C(=O)Nc3cccnc32)CC1,1.3807537708039002
523,CN1CCN(CCCN2c3ccccc3Sc3ccc(C(F)(F)F)cc32)CC1,1.9967085693785487
524,CN1CCN(CCOc2n[nH]c3ncnc(Nc4ccc(OCc5ccccn5)c(Cl)c4)c23)CC1,1.9462065538427828
525,CN1CCN(S(=O)(=O)c2ccc(-c3cnc(N)c(C(=O)Nc4cnccc4CN4CCCC4)n3)cc2)CC1,1.9596818245654648
526,CN1CCN(c2cc3c(Nc4ccc(F)cc4F)c(C(N)=O)cnc3cc2F)CC1,1.878234468675044
527,CN1CCN(c2cc3c(Nc4cccc(Cl)c4Cl)c(C(N)=O)cnc3cc2F)CC1,1.98059415577622
528,CN1CCN(c2ccc3ncc(C(N)=O)c(Nc4ccc(Cl)c(Cl)c4)c3c2)CC1,1.9740047968974144
529,CN1CCN(c2ccc3ncc(C(N)=O)c(Nc4ccc(Cl)cc4Cl)c3c2)CC1,1.992155711042617
530,CN1CCN(c2ccc3ncc(C(N)=O)c(Nc4ccc(F)cc4F)c3c2)CC1,1.87069645798925
531,CN1CCN(c2ccc3ncc(C(N)=O)c(Nc4cccc(Cl)c4Cl)c3c2)CC1,1.9796849238270255
532,CN1CCN2c3ccccc3CC3(C(=O)N(C)C(=O)N(C)C3=O)C2C1,1.9845273133437928
533,CN1CC[C@]23c4c5ccc(O)c4O[C@H]2[C@@H](O)C=C[C@H]3[C@H]1C5,1.2781165040453102
534,CN1CCc2cc(Cl)c(O)cc2[C@@H](c2ccccc2)C1,1.9415139796811336
535,CNC(=C[N+](=O)[O-])NCCSCc1ccc(CN(C)C)o1,1.461648568063455
536,CNC(=O)CCCN(C)C(=O)c1ccc2c(c1)c1c(n2C)CC[C@@H](C2CCOCC2)C1,1.9187419014318
537,CNC(=O)Nc1nc2ccc(-c3cncc(S(=O)(=O)NC(C)(C)C)c3)cn2n1,1.8098289610678864
538,CNC(=O)c1[nH]cnc1C(=O)Nc1ccc(Cl)cc1,1.9882021002587809
539,CNC(=O)c1[nH]cnc1C(=O)Nc1ccc(OC)cc1,1.9374677396433773
540,CNC(=O)c1cc(C(=O)c2ccc(Cl)cc2)c(Br)[nH]1,1.9939209588012867
541,CNC(=O)c1cc(Oc2ccc3c(c2)nc(Nc2ccc(C(F)(F)F)cc2)n3C)ccn1,1.9978230807457256
542,CNC(=O)c1ccc(C)c(-n2c(C)cc(OCc3ccc(F)cc3F)c(Br)c2=O)c1,1.981464862670004
543,CNC(=O)c1ccc(Oc2ccc3c(c2)CCN(C2CCC2)CC3)nc1,1.678518379040114
544,CNC(=O)c1snnc1-c1ccccc1,1.640481436970422
545,CNC1(c2ccccc2Cl)CCCCC1=O,1.6375091427304638
546,CNC1=Nc2ccc(Cl)cc2C(c2ccccc2)=[N+]([O-])C1,1.989939013284536
547,CNCCC(Oc1ccc(C(F)(F)F)cc1)c1ccccc1,1.9788826066044303
548,CNCCC(Oc1ccccc1OC)c1ccccc1,1.7137424784090824
549,CNCCC=C1c2ccccc2CCc2ccccc21,1.9387698227831172
550,CNCCCC12CCC(c3ccccc31)c1ccccc12,1.952952400895449
551,CNCCCN1c2ccccc2CCc2ccccc21,1.9393856144794788
552,CNCc1ccc(-c2[nH]c3cc(F)cc4c3c2CCNC4=O)cc1,1.885417765110936
553,CNS(=O)(=O)c1ccc2c(C(=O)NC[C@@H](O)CN3CCC(Oc4ccc(Cl)c(Cl)c4)CC3)c[nH]c(=O)c2c1,1.961231197044663
554,CN[C@@H](C)C(=O)N[C@H](C(=O)N(C)[C@H]1CCCN(CCc2ccccc2)C1)C1CCCCC1,1.865459322661965
555,CN[C@@H](C)C(=O)N[C@H](C(=O)N1CCC[C@H]1C(=O)N[C@@H]1CCCc2ccccc21)C(C)(C)C,1.963740618857884
556,CN[C@@H](C)C(=O)N[C@H](C(=O)N1CCC[C@H]1C(=O)N[C@H](C(=O)OC)C(c1ccccc1)c1ccccc1)C1CCCCC1,1.915874502857692
557,CN[C@@H](C)C(=O)N[C@H](C(=O)N1CC[C@H]2CCN(CCc3ccccc3)C[C@H]21)C1CCCCC1,1.9746037920870327
558,CN[C@@H](C)C(=O)N[C@H](C(=O)N1CC[C@H]2CC[C@H](NC(=O)c3cccc4ccccc34)[C@H]21)C(C)(C)C,1.9929950984313416
559,CN[C@@H](C)C(=O)N[C@H](C(=O)N[C@H]1CCCCN(CCc2ccccc2)C1)C1CCCCC1,1.8681152053272168
560,CN[C@@H](C)C(=O)N[C@H](C(=O)N[C@H]1CCCCN(Cc2ccccc2)C1)C1CCCCC1,1.9046614579155243
561,CN[C@@H](C)C(=O)N[C@H](C(=O)N[C@H]1CCCN(C(=O)Cc2ccccc2)C1)C1CCCCC1,1.795184589682424
562,CN[C@@H](C)C(=O)N[C@H](C(=O)N[C@H]1CCCN(C(=O)c2ccccc2)C1)C1CCCCC1,1.6516656039229356
563,CN[C@@H](C)C(=O)N[C@H](C(=O)N[C@H]1CCCN(CC(c2ccccc2)c2ccccc2)C1)C1CCCCC1,1.9884697702098757
564,CN[C@@H](C)C(=O)N[C@H](C(=O)N[C@H]1CCCN(CCCc2ccccc2)C1)C1CCCCC1,1.8235394336568589
565,CN[C@@H](C)C(=O)N[C@H](C(=O)N[C@H]1CCCN(CCc2ccc(Br)cc2)C1)C(C)(C)C,1.989939013284536
566,CN[C@@H](C)C(=O)N[C@H](C(=O)N[C@H]1CCCN(CCc2ccc(C(F)(F)F)cc2)C1)C(C)(C)C,1.9577030415488317
567,CN[C@@H](C)C(=O)N[C@H](C(=O)N[C@H]1CCCN(CCc2ccc(Cl)cc2)C1)C(C)(C)C,1.987085029624122
568,CN[C@@H](C)C(=O)N[C@H](C(=O)N[C@H]1CCCN(CCc2ccc(F)cc2)C1)C(C)(C)C,1.9645424660791369
569,CN[C@@H](C)C(=O)N[C@H](C(=O)N[C@H]1CCCN(CCc2ccc(F)cc2)C1)C1CCCCC1,1.865459322661965
570,CN[C@@H](C)C(=O)N[C@H](C(=O)N[C@H]1CCCN(CCc2ccc([N+](=O)[O-])cc2)C1)C(C)(C)C,1.8681152053272168
571,CN[C@@H](C)C(=O)N[C@H](C(=O)N[C@H]1CCCN(CCc2cccc(F)c2)C1)C1CCCCC1,1.8572721735640412
572,CN[C@@H](C)C(=O)N[C@H](C(=O)N[C@H]1CCCN(CCc2ccccc2)C1)C(C)(C)C,1.6939027410660603
573,CN[C@@H](C)C(=O)N[C@H](C(=O)N[C@H]1CCCN(CCc2ccccc2)C1)C1CCCCC1,1.826851947820644
574,CN[C@@H](C)C(=O)N[C@H](C(=O)N[C@H]1CCCN(CCc2ccccc2F)C1)C1CCCCC1,1.8681152053272168
575,CN[C@@H](C)C(=O)N[C@H](C(=O)N[C@H]1CCCN(CCc2ccccc2OC)C1)C(C)(C)C,1.87069645798925
576,CN[C@@H](C)C(=O)N[C@H](C(=O)N[C@H]1CCCN(Cc2ccccc2)C1)C1CCCCC1,1.8025684983139565
577,CN[C@@H](C)C(=O)N[C@H](C(=O)N[C@H]1CCCN(S(=O)(=O)Cc2ccccc2)C1)C(C)(C)C,1.6888645680547918
578,CN[C@@H](C)C(=O)N[C@H](C(=O)N[C@H]1CCCN(S(=O)(=O)c2ccccc2)C1)C(C)(C)C,1.7716609593488877
579,CN[C@@H](C)C(=O)N[C@H](C(=O)N[C@H]1CCCN([C@@H]2CCCc3ccccc32)C1)C1CCCCC1,1.9696022648485392
580,CN[C@@H](C)C(=O)N[C@H](C(=O)N[C@H]1CCN(C(=O)Cc2ccccc2)C1)C1CCCCC1,1.5169318088680128
581,CN[C@@H](C)C(=O)N[C@H](C(=O)N[C@H]1CCN(C(=O)c2ccccc2)C1)C1CCCCC1,1.530199698203082
582,CN[C@@H](C)C(=O)N[C@H](C(=O)N[C@H]1CCN(CCCc2ccccc2)C1)C1CCCCC1,1.8062478271957905
583,CN[C@@H](C)C(=O)N[C@H](C(=O)N[C@H]1CCN(CCc2ccccc2)C1)C1CCCCC1,1.7460890430562002
584,CN[C@@H](C)C(=O)N[C@H](C(=O)N[C@H]1CCN(Cc2ccccc2)C1)C1CCCCC1,1.6888645680547918
585,CN[C@@H](C)C(=O)N[C@H]1CN(C(=O)CC(C)C)CC[C@H]2CC[C@@H](C(=O)NC(c3ccccc3)c3ccccc3)N2C1=O,1.8732624594387264
586,CN[C@H]1CC[C@@H](c2ccc(Cl)c(Cl)c2)c2ccccc21,1.9924193168156927
587,CNc1c(Br)cnc2[nH]c(-c3ccc(OCCN4CCCCC4)cc3)nc12,1.948510768837657
588,CNc1c(Br)cnc2[nH]c(-c3ccc(OCCN4CCN(C)CC4)cc3)nc12,1.983039616046102
589,CNc1c(Br)cnc2[nH]c(-c3ccc(OCCN4CCOCC4)cc3)nc12,1.9934803190699968
590,CNc1c(Br)cnc2[nH]c(-c3ccc(S(C)(=O)=O)cc3)nc12,1.9787737843301223
591,CNc1c(Br)cnc2[nH]c(-c3cccc(N)c3)nc12,1.9548211830517928
592,CNc1c(Br)cnc2[nH]c(-c3ccnc(N)c3)nc12,1.9882021002587809
593,CNc1c(Br)cnc2[nH]c(-c3cnn(C4CCN(C)CC4)c3)nc12,1.8876735524544477
594,CNc1c(C(N)=O)cnc2[nH]c(-c3ccc(OCCN4CCOCC4)cc3)nc12,1.8964711004792771
595,CNc1c(Cl)cnc2[nH]c(-c3ccc(OCCN4CCOCC4)cc3)nc12,1.9916247345340052
596,CNc1cc2[nH]c(=O)n(-c3ccc(NC(=O)NS(=O)(=O)c4ccc(Cl)s4)cc3)c(=O)c2cc1F,1.9975825519150732
597,CNc1ccc(-c2nc3ccc(O)cc3s2)cc1,1.9935655839430189
598,CNc1nc(C)c(-c2nc(Nc3cccc(N4CCCCC4)c3)ncc2C#N)s1,1.999174055588485
599,CNc1nc(C)c(-c2nc(Nc3cccc(N4CCCN(C(C)=O)CC4)c3)ncc2C#N)s1,1.992155711042617
600,CNc1nc(C)c(-c2nc(Nc3cccc(N4CCCNCC4)c3)ncc2C#N)s1,1.947384701684741
601,CNc1nc(C)c(-c2nc(Nc3cccc(N4CCNCC4)c3)ncc2C#N)s1,1.934750874663579
602,CNc1nc2ccccc2n1Cc1sc2c(c1C(=O)N1CC[C@@H](O)C1)c(=O)n(C)c(=O)n2CC(C)C,1.8333383889393975
603,CNc1nc2ccccc2n1Cc1sc2c(c1C(=O)N1C[C@H](O)CO1)c(=O)n(C)c(=O)n2CC(C)C,1.678518379040114
604,COC(=O)/C=C/C(=O)O,1.934750874663579
605,COC(=O)C1=C(C)NC(C)=C(C(=O)OC)C1c1ccccc1[N+](=O)[O-],1.9829460448825944
606,COC(=O)C1=C(C)NC(C)=C(C(=O)OCCN(C)Cc2ccccc2)C1c1cccc([N+](=O)[O-])c1,1.99828113926112
607,COC(=O)CCn1cc(-c2cc(NC3CC3)n3ncc(C#N)c3n2)c2cc(NC(C)=O)ccc21,1.9929950984313416
608,COC(=O)N(C)c1c(N)nc(-c2nn(Cc3ccccc3F)c3ncccc23)nc1N,1.961231197044663
609,COC(=O)N[C@@H](C)C#Cc1cnc(Oc2ccc(OC(C)C)cc2)s1,1.9973264580707546
610,COC(=O)[C@H](c1ccccc1Cl)N1CCc2sccc2C1,1.9940530635876752
611,COC(=O)[C@H]1[C@@H](c2ccc(I)cc2)C[C@@H]2CC[C@H]1N2CCCF,1.9026554752179257
612,COCC#Cc1cccc(C2(c3ccc(OC(F)F)cc3)N=C(N)N3CC(F)(F)CN=C32)c1,1.9947347647805453
613,COCC(C)n1nc(C)c(C(=O)N[C@@H](C)C(C)(C)C)c1NS(=O)(=O)c1ccc(C)cc1,1.9484179775904695
614,COCC1=C(C(=O)O)N2C(=O)[C@@H](NC(=O)/C(=N\OC)c3csc(N)n3)[C@H]2SC1,1.7325304019253789
615,COCCC#Cc1cccc(C2(c3ccc(OC(F)F)cc3)N=C(N)N3CC(F)(F)CN=C32)c1,1.9892043917472058
616,COCCC(=O)N(C)c1ccc(Nc2ncc3cc(-c4ccncc4)ccc3n2)cc1,1.9884697702098757
617,COCCC(=O)NC(C)c1ccc(Nc2ncc3cc(-c4ccncc4)ccc3n2)cc1,1.9939209588012867
618,COCCC(=O)N[C@H](C)c1ccc(Nc2ncc3cc(-c4ccncc4)ccc3n2)cc1,1.9834634701169913
619,COCCC(=O)Nc1ccc(Nc2ncc3cc(-c4ccncc4)ccc3n2)cc1,1.992155711042617
620,COCCC(C)n1nc(C)c(C(=O)N[C@@H](C)C(C)(C)C)c1NS(=O)(=O)c1ccc(C)cc1,1.90692319373625
621,COCCC(Oc1ncnc2c1cnn2-c1ccccc1OC)C(=O)Nc1ccc(C)cn1,1.934750874663579
622,COCCCC/C(=N\OCCN)c1ccc(C(F)(F)F)cc1,1.878234468675044
623,COCCCCC(=NOCCN)c1ccc(C(F)(F)F)cc1,1.8777164805329805
624,COCCN(c1cccnc1)P(=O)(c1ccccc1)c1ccccc1,1.7929709675435246
625,COCCNC(=O)c1ccc(Nc2ncc3cc(-c4ccncc4)ccc3n2)cc1,1.992509335067776
626,COCCNC(=O)c1ccc(Nc2ncc3cc(-c4ccncc4)ccc3n2)cc1C,1.9982593384236984
627,COCCNC(=O)c1ccc(Nc2ncc3cc(-c4ccncc4C)ccc3n2)cc1,1.9939209588012867
628,COCCNC(=O)c1ccc(Nc2ncc3cc(-c4ccncc4OC)ccc3n2)cc1,1.999130541287371
629,COCCNC(=O)c1ccc(Nc2ncc3cc(-c4cnccc4C)ccc3n2)cc1,1.9884697702098757
630,COCCNCC(=O)NC12CC3CC(CC(C3)C1)C2,1.7063562413725506
631,COCCNCc1ccc(Nc2ncc3cc(-c4ccncc4)ccc3n2)cc1,1.952792443044092
632,COCCNCc1cccc(CCNC[C@H](O)c2ccc(O)c3[nH]c(=O)sc23)c1,1.9046614579155243
633,COCCNc1nc(N)c2nc(O)n(Cc3ccccc3)c2n1,1.898560644939712
634,COCCNc1nc(NCc2ccccc2F)c2sccc2n1,1.9876662649262744
635,COCCOC(=O)C1=C(C)NC(C)=C(C(=O)OC(C)C)C1c1cccc([N+](=O)[O-])c1,1.993081362257363
636,COCCOc1cc2ncc(C(N)=O)c(Nc3cc(C)ccc3F)c2cc1N1CCN(C)CC1,1.922621671523199
637,COCCOc1cc2ncc(C(N)=O)c(Nc3ccc(C)cc3F)c2cc1N1CCN(C)CC1,1.9289076902439528
638,COCCOc1cc2ncc(C(N)=O)c(Nc3ccc(F)cc3F)c2cc1N1CCN(C)CC1,1.7371130943059612
639,COCCOc1cc2ncc(C(N)=O)c(Nc3cccc(Cl)c3Cl)c2cc1N1CCN(C)CC1,1.952792443044092
640,COCCOc1cc2ncc(C(N)=O)c(Nc3cccc(Cl)c3F)c2cc1N1CCN(C)CC1,1.7836892363473165
641,COCCOc1nc(N)c2[nH]c(=O)n(Cc3ccccc3)c2n1,1.8734795488820746
642,COCC[C@H](Oc1ncnc2c1cnn2-c1ccccc1Cl)C(=O)Nc1ccc(C)cn1,1.9796849238270255
643,COC[C@@H](O)Cn1c(=O)cnn(-c2ccc(Cl)c(C(=O)NCC3(O)CCCCCC3)c2)c1=O,1.6055714215079142
644,COC[C@H](C)Oc1cc(O[C@@H](C)Cc2ccccc2)cc(C(=O)Nc2ccc(C(=O)O)cn2)c1,1.9981721219394408
645,COC[C@H](O)Cn1c(=O)cnn(-c2ccc(Cl)c(C(=O)NCC3(O)CCCCCC3)c2)c1=O,1.712564730732864
646,COCc1c(C(C)C)nc(C(C)C)c(/C=C/[C@@H](O)C[C@@H](O)CC(=O)O)c1-c1ccc(F)cc1,1.9864726364694574
647,CON(C)C(=O)c1c(Cn2c(C)nc(Cl)c2Cl)sc2c1c(=O)n(C)c(=O)n2CC(C)C,1.8165498875082173
648,CO[C@@H]1CN(CCn2c(=O)ccc3ccc(C#N)cc32)CC[C@H]1NCc1ccc2c(n1)NC(=O)CO2,1.8600383898071933
649,CO[C@@]1(NC(=O)CSCC#N)C(=O)N2C(C(=O)O)=C(CSc3nnnn3C)CS[C@@H]21,1.9066043717249803
650,CO[C@H]1CC[C@]2(CC1)Cc1ccc(-c3cc(Cl)cc(C#N)c3)cc1C21N=C(C)C(N)=N1,1.9908270505674788
651,CO[C@H]1CC[C@]2(CC1)Cc1ccc(-c3cncc(Br)c3)cc1C21N=C(C)C(N)=N1,1.9652927668777451
652,CO[C@H]1CC[C@]2(CC1)Cc1ccc(OCC(C)C)cc1C21N=C(C)C(N)=N1,1.8579847670818803
653,CO[C@H]1CN(CCn2c(=O)ccc3ccc(C#N)cc32)CC[C@@H]1NCc1cc2c(cn1)OCCO2,1.9242792860618816
654,CO[C@H]1CN(CCn2c(=O)ccc3ccc(C#N)cc32)CC[C@H]1NCc1cc2c(cn1)OCCO2,1.5889193725336135
655,CO[C@H]1CN(CCn2c(=O)ccc3ccc(C#N)cc32)CC[C@H]1NCc1ccc2c(n1)NC(=O)CO2,1.6679196853173617
656,COc1c(C)c2c(c(O)c1C/C=C(\C)CCC(=O)O)C(=O)OC2,1.9929950984313416
657,COc1c(C)cc(C2(c3cccc(-c4cncnc4)c3)N=C(C)C(N)=N2)cc1C,1.9524367209190507
658,COc1c(C)cc(C2(c3cccc(-c4cncnc4)c3)N=C(N)c3c(F)cccc32)nc1C,1.9703130801610937
659,COc1c(N2C[C@@H]3CCCN[C@@H]3C2)c(F)cc2c(=O)c(C(=O)O)cn(C3CC3)c12,1.4639296354310758
660,COc1c2occc2cc2ccc(=O)oc12,1.965295795811656
661,COc1cc(-c2ccncc2)cc2cnc(Nc3ccc([C@@H](C)NC(C)=O)cc3)nc12,1.984842231405276
662,COc1cc(-n2cnc3cc(-c4ccc(Cl)cc4)sc3c2=O)ccc1OCCN1CCCC1,1.9948000096564544
663,COc1cc(-n2cnc3cc(-c4ccc(Cl)cc4)sc3c2=O)ccc1OC[C@H](O)C1CC1,1.9981242622924218
664,COc1cc(-n2cnc3cc(-c4ccc(Cl)cc4)sc3c2=O)ccc1OC[C@H](OP(=O)(O)O)C1CC1,1.9968396043487031
665,COc1cc(-n2nnc3cc(-c4ccc(Cl)cc4)sc3c2=O)ccc1N1CC[C@@H](O)C1,1.9990870226258883
666,COc1cc(/C=C2\SC(=O)NC2=O)ccc1Oc1ccc(C#N)cc1C(F)(F)F,1.999782798454136
667,COc1cc(C(=O)NC[C@@H](O)CN2CCC(Oc3ccc(Cl)c(Cl)c3)CC2)ccc1N,1.9986080293150943
668,COc1cc(C(=O)OCCCCNC(=N)N)cc(OC)c1O,1.5813806887099868
669,COc1cc(C(C)C)c(Oc2cnc(N)nc2N)cc1I,1.9811346045341287
670,COc1cc(C(C)C)c(Oc2cnc(NC(CO)CO)nc2N)cc1I,1.9808355309118444
671,COc1cc(C)c(S(=O)(=O)N(C)CCOCC(=O)N(C)Cc2ccc(C3=NCCN3)cc2)c(C)c1,1.87069645798925
672,COc1cc(C)c(S(=O)(=O)N(C)CCOCC(=O)N2CCC(C3CCN(C)CC3)CC2)c(C)c1,1.7013035232319371
673,COc1cc(C)c(S(=O)(=O)N(C)CCOCC(=O)N2CCN(C3CCN(C)CC3)CC2)c(C)c1,1.5961290482604353
674,COc1cc(C2(c3cccc(-c4cncnc4)c3)N=C(N)c3c(F)cccc32)ccn1,1.9706573367697577
675,COc1cc(Cc2cnc(N)nc2N)cc(OC)c1OC,1.82020145948564
676,COc1cc(F)c(C(C)C)cc1-c1ccc(C(F)(F)F)cc1CN1C(=O)O[C@H](c2cc(C(F)(F)F)cc(C(F)(F)F)c2)[C@@H]1C,1.9855162878527155
677,COc1cc(N2CCC(N3CCN(C)CC3)CC2)ccc1Nc1ncc(Cl)c(Nc2ccccc2S(=O)(=O)C(C)C)n1,1.9855162878527155
678,COc1cc(NC(=O)Nc2cccc(CNC(=O)O[C@H]3CCOC3)c2)ccc1-c1cnco1,1.9952392230188218
679,COc1cc(NC(=O)c2ccccn2)ccc1Cl,1.9801397777457543
680,COc1cc(NC(C)CCCN)c2ncccc2c1,1.775683249026044
681,COc1cc(Nc2cc(N3CCOCC3)nc(N[C@@H](C)c3ncc(F)cn3)n2)n[nH]1,1.8600383898071933
682,COc1cc(Nc2nc(N[C@@H](C)c3ncc(F)cn3)nc(N3CCOCC3)c2Cl)n[nH]1,1.9645424660791369
683,COc1cc(Nc2nc(N[C@@H](C)c3ncc(F)cn3)nc(N3CCOCC3)c2F)n[nH]1,1.8732624594387264
684,COc1cc(Nc2nc(N[C@@H](C)c3ncc(F)cn3)ncc2Br)n[nH]1,1.9426032488421563
685,COc1cc(Nc2nc(N[C@@H](C)c3ncc(F)cn3)ncc2Cl)n[nH]1,1.943840626401261
686,COc1cc(Nc2nc3c(c(COC4CCCC4)n2)COCC3)ccc1-n1cnc(C)c1,1.9933879399707912
687,COc1cc(Nc2nc3c(c(Cc4ccccc4)n2)CN(CCO)CC3)ccc1-n1cnc(C)c1,1.99142540511325
688,COc1cc(Nc2nc3c(cc2F)ncn3[C@@H](CO)c2ccc(F)cn2)n[nH]1,1.8367513370386763
689,COc1cc(Nc2ncc(C)s2)nc(N[C@@H](C)c2ncc(F)cn2)n1,1.952792443044092
690,COc1cc(O)c(C(CC(=O)N2CC(C)CC(C)C2)c2ccc3c(c2)OCO3)c(OC)c1,1.9989564404704865
691,COc1cc(O)c(S(=O)(=O)N2c3ccccc3CCC2C)cc1NC(=O)CCC(=O)O,1.98059415577622
692,COc1cc(O)c2c(c1)/C=C/C[C@H](O)[C@H](O)C(=O)/C=C\C[C@H](C)OC2=O,1.9939209588012867
693,COc1cc(OC)c(S(=O)(=O)N(C)c2ccccc2)cc1NC(C)=O,1.914078585389112
694,COc1cc(OC)c(S(=O)(=O)N(c2ccc(C)cc2)c2ccc(C)cc2)cc1NC(=O)CCC(=O)O,1.9782718416106355
695,COc1cc(OC)c(S(=O)(=O)N(c2ccccc2)C(C)C)cc1NC(C)=O,1.9978230807457256
696,COc1cc(OC)c(S(=O)(=O)N(c2ccccc2)c2ccccc2)cc1NC(=O)CCC(=O)O,1.9577030415488317
697,COc1cc(OC)c(S(=O)(=O)N2c3ccccc3CC2C)cc1NC(C)=O,1.98059415577622
698,COc1cc(OC)c(S(=O)(=O)N2c3ccccc3CCC2C)cc1NC(=O)CCC(=O)O,1.910410939914688
699,COc1cc(OC)c(S(=O)(=O)N2c3ccccc3CCC2C)cc1NC(=O)CCc1nn[nH]n1,1.970950934345424
700,COc1cc(OC)c(S(=O)(=O)N2c3ccccc3CCC2C)cc1NC(=O)COCC(=O)O,1.865459322661965
701,COc1cc(OC)c(S(=O)(=O)N2c3ccccc3CCC2C)cc1NC(=O)CSCC(=O)O,1.941362335711761
702,COc1cc(OC)c(S(=O)(=O)N2c3ccccc3CCC2C)cc1NC(=O)CSc1ccncc1,1.987085029624122
703,COc1cc(OC)c(S(=O)(=O)N2c3ccccc3CCC2C)cc1NC(=O)Cc1ccnc(F)c1,1.97570746353718
704,COc1cc(OC)c(S(=O)(=O)N2c3ccccc3CCC2C)cc1NC(=O)NCC(=O)O,1.8572721735640412
705,COc1cc(OC)c(S(=O)(=O)N2c3ccccc3CCC2C)cc1NC(=S)NCC(=O)O,1.839603729470837
706,COc1cc(OC)c(S(=O)(=O)N2c3ccccc3CCC2C)cc1NC(C)=O,1.9876662649262744
707,COc1cc(OC)c(S(=O)(=O)N2c3ccccc3Oc3ccccc32)cc1NC(=O)/C=C/C(=O)O,1.989449817666692
708,COc1cc(OC)c(S(=O)(=O)N2c3ccccc3Oc3ccccc32)cc1NC(=O)CCC(=O)O,1.989449817666692
709,COc1cc(OC)c(S(=O)(=O)N2c3ccccc3Oc3ccccc32)cc1NC(=O)Cc1ccnc(F)c1,1.995679060511622
710,COc1cc(OC)c(S(=O)(=O)NCc2ccccc2N2CCC(C(=O)O)CC2)cc1NC(=O)CCC(=O)O,1.9066043717249803
711,COc1cc(OC)c(S(=O)(=O)NCc2ccccc2N2CCC(CC(=O)O)CC2)cc1NC(=O)CCC(=O)O,1.960375631410158
712,COc1cc(OC)c(S(=O)(=O)NCc2ccccc2N2CCC(CO)CC2)cc1NC(=O)CCC(=O)O,1.775683249026044
713,COc1cc(OC)c(S(=O)(=O)NCc2ccccc2N2CCC(CO)CC2)cc1NC(C)=O,1.941362335711761
714,COc1cc(OC)c(S(=O)(=O)NCc2ccccc2N2CCC(COC(=O)CCC(=O)O)CC2)cc1NC(=O)CCC(=O)O,1.9289076902439528
715,COc1cc(OC)c(S(=O)(=O)NCc2ccccc2N2CCCCC2)cc1NC(=O)CCC(=O)O,1.8426716337607885
716,COc1cc(OC)c2nc(C)c3c(c2c1)N(c1ccc(O)cc1)CC3,1.948510768837657
717,COc1cc(OC2CCN(C)CC2)c2c(Nc3cccc4c3OCO4)ncnc2c1,1.9908270505674788
718,COc1cc([C@@H]2c3cc4c(cc3C(O[C@@H]3O[C@@H]5CO[C@@H](C)O[C@H]5[C@H](O)[C@H]3O)C3COC(=O)[C@@H]32)OCO4)cc(OC)c1O,1.8689838601137119
719,COc1cc2c(Nc3ccc(F)c(Cl)c3)c(C(N)=O)cnc2cc1OCCN(C)CCO,1.826851947820644
720,COc1cc2c(Nc3ccc(F)cc3F)c(C(N)=O)cnc2cc1NCCN(C)C,1.7460890430562002
721,COc1cc2c(Nc3cccc(Cl)c3Cl)c(C(N)=O)cnc2cc1NCCN(C)C,1.97570746353718
722,COc1cc2c(Nc3cccc(Cl)c3Cl)c(C(N)=O)cnc2cc1NCCN1CCCCC1,1.9973863843973132
723,COc1cc2c(c(OC)c1OC)-c1ccc(OC)c(=O)cc1C(NC(C)=O)CC2,1.5169318088680128
724,COc1cc2c(cc1-c1c(C)noc1C)ncc1[nH]c(=O)n([C@H](C)c3ccccn3)c12,1.9749790284570565
725,COc1cc2c(cc1OC)C(=O)C(CC1CCN(Cc3ccccc3)CC1)C2,1.786524899096203
726,COc1cc2c(cc1OC)CN(CCc1ccc(NC(=O)c3cccc4c(=O)c5cccc(OC)c5[nH]c34)cc1)CC2,1.992155711042617
727,COc1cc2c(ccc(=O)n2CCN2CCC(NCc3cc4c(cn3)OCCO4)CC2)cn1,1.9210098014970345
728,COc1cc2nc(-c3ccc(N4CCN(C)CC4)cc3)nc(NCCN3CCOCC3)c2cc1OC,1.741624257503812
729,COc1cc2nc(N3CCN(C(=O)C4CCCO4)CC3)nc(N)c2cc1OC,1.9006401839826004
730,COc1cc2nc(N3CCN(C(=O)c4ccco4)CC3)nc(N)c2cc1OC,1.938321343447903
731,COc1cc2nc(Nc3ccc([C@@H](C)NC(C)=O)cc3)ncc2cc1-c1ccncc1,1.9884697702098757
732,COc1cc2ncc(C(N)=O)c(Nc3cc(C)ccc3F)c2cc1OC,1.9841671271469885
733,COc1cc2ncc(C(N)=O)c(Nc3cc(F)ccc3F)c2cc1OC,1.97570746353718
734,COc1cc2ncc(C(N)=O)c(Nc3ccc(C)cc3F)c2cc1OC,1.994800899294604
735,COc1cc2ncc(C(N)=O)c(Nc3ccc(Cl)c(Cl)c3)c2cc1N1CCN(C)CC1,1.9841671271469885
736,COc1cc2ncc(C(N)=O)c(Nc3ccc(Cl)cc3Cl)c2cc1N1CCN(C)CC1,1.9858304898583925
737,COc1cc2ncc(C(N)=O)c(Nc3ccc(F)cc3F)c2cc1N1CCN(C)CC1,1.8732624594387264
738,COc1cc2ncc(C(N)=O)c(Nc3ccc(F)cc3F)c2cc1NCCN(C)C,1.7460890430562002
739,COc1cc2ncc(C(N)=O)c(Nc3ccc(F)cc3F)c2cc1NCCN1CCCCC1,1.9026554752179257
740,COc1cc2ncc(C(N)=O)c(Nc3ccc(F)cc3F)c2cc1NCCN1CCOCC1,1.9645424660791369
741,COc1cc2ncc(C(N)=O)c(Nc3cccc(Cl)c3Cl)c2cc1N1CCN(C)CC1,1.9801397777457543
742,COc1cc2ncc(C(N)=O)c(Nc3cccc(Cl)c3Cl)c2cc1NCCN(C)C,1.952792443044092
743,COc1cc2ncc(C(N)=O)c(Nc3cccc(Cl)c3Cl)c2cc1NCCN1CCCCC1,1.9908270505674788
744,COc1cc2ncc(C(N)=O)c(Nc3ccccc3C)c2cc1OC,1.9964678902617168
745,COc1cc2ncn(-c3cc(OCc4ccccc4S(C)(=O)=O)c(C#N)s3)c2cc1OC,1.9951523768914536
746,COc1cc2ncnc(Nc3ccc(F)c(Cl)c3)c2cc1NC(=O)/C=C/CN1CCCCC1,1.992155711042617
747,COc1cc2nnc(C(N)=O)c(Nc3cc(C)ccc3F)c2cc1N1CCN(C)CC1,1.968249394107917
748,COc1cc2nnc(C(N)=O)c(Nc3cc(C)ccc3F)c2cc1OC,1.986189299736824
749,COc1cc2nnc(C(N)=O)c(Nc3ccc(C)cc3F)c2cc1N1CCN(C)CC1,1.9614636092042208
750,COc1cc2nnc(C(N)=O)c(Nc3ccc(C)cc3F)c2cc1OC,1.9855162878527155
751,COc1cc2nnc(C(N)=O)c(Nc3ccc(F)cc3F)c2cc1N1CCN(C)CC1,1.9412860599537167
752,COc1cc2nnc(C(N)=O)c(Nc3ccc(F)cc3F)c2cc1OC,1.9801397777457543
753,COc1cc2nnc(C(N)=O)c(Nc3cccc(Cl)c3Cl)c2cc1OC,1.994800899294604
754,COc1cc2nnc(C(N)=O)c(Nc3cccc(Cl)c3F)c2cc1N1CCN(C)CC1,1.9645424660791369
755,COc1cc2nnc(C(N)=O)c(Nc3cccc(Cl)c3F)c2cc1OC,1.9903832589062336
756,COc1ccc(-c2c(C(=O)N3CCC[C@H]3CO)cc3cccnn23)cc1,1.9088745645632397
757,COc1ccc(-c2cc(C(F)F)nn2-c2ccc(S(N)(=O)=O)cc2)cc1F,1.9882021002587809
758,COc1ccc(-c2cc(N)n3ncc(C#N)c3n2)cc1,1.9696022648485392
759,COc1ccc(-c2cc(Nc3ccn(C)n3)n3ncc(C#N)c3n2)cc1,1.992155711042617
760,COc1ccc(-c2cc(O)nc(N)n2)cc1C#N,1.941362335711761
761,COc1ccc(-c2cc3c(N[C@H]4CCCNC4)ncc(C(N)=O)c3s2)cc1,1.9703003754021775
762,COc1ccc(-c2ccc3nc(N)sc3c2)cn1,1.983039616046102
763,COc1ccc(-c2nc(-c3ccccn3)no2)cc1,1.9825786406019361
764,COc1ccc(-c2nc(N3CCOCC3)nc(O)c2C#N)cc1,1.970950934345424
765,COc1ccc(-c2nc3c(NCCCN(C)C(=O)C4CCC4)c(Br)cnc3[nH]2)cc1,1.999043499603163
766,COc1ccc(-c2nc3c(NCCCNC(=O)C4(CN)CC4)c(Br)cnc3[nH]2)cc1,1.987085029624122
767,COc1ccc(-c2nc3c(NCCCNC(=O)c4cccnc4)c(Br)cnc3[nH]2)cc1,1.9943171526696368
768,COc1ccc(-c2nc3c(NCCCNC(C)=O)c(Br)cnc3[nH]2)cc1,1.9884697702098757
769,COc1ccc(-c2nc3c(OCC4CCNCC4)c(Br)cnc3[nH]2)cc1,1.9374677396433773
770,COc1ccc(-c2nc3cc(C4=NNC(=O)CC4C)ccc3[nH]2)cc1,1.9496339237992624
771,COc1ccc(C(CN(C)C)C2(O)CCCCC2)cc1,1.2704459080179626
772,COc1ccc(C2(c3ccc(F)c(-c4cccnc4F)c3)N=C(N)N(C)C2=O)cc1C,1.9960734753866693
773,COc1ccc(C2(c3cccc(-c4cncnc4)c3)N=C(C)C(N)=N2)cc1C,1.9174949683072045
774,COc1ccc(C2(c3cccc(-c4cncnc4)c3)N=C(N)c3c(F)cccc32)cc1,1.983715846640468
775,COc1ccc(C2CNC(=O)C2)cc1OC1CCCC1,1.8722312367852556
776,COc1ccc(CC(=O)NCc2ccccc2-c2ccccc2C(=O)NCCc2cccnc2)cc1,1.9614243204398043
777,COc1ccc(CC(=O)Nc2nc3ccccc3[nH]2)cc1,1.98344585734134
778,COc1ccc(CC(C)(C)NC[C@H](O)c2cc(O)cc3c2OCC(=O)N3)cc1,1.758875001202544
779,COc1ccc(CCC[N+](C)(CCCc2ccc(OC)cc2)CCNC(=O)c2nc(Cl)c(N)nc2N)cc1,1.9242246230739708
780,COc1ccc(CCN(C)CCCC(C#N)(c2ccc(OC)c(OC)c2)C(C)C)cc1OC,1.946421469034249
781,COc1ccc(CCN2C(=O)N(NS(C)(=O)=O)C[C@@H]2c2ccc(OC)cc2)cc1,1.9772099053029304
782,COc1ccc(CCN2C(=O)N(NS(C)(=O)=O)C[C@H]2c2ccc(OC)cc2)cc1,1.9685742297633635
783,COc1ccc(CCN2CCC(Nc3nc4ccccc4n3Cc3ccc(F)cc3)CC2)cc1,1.9884697702098757
784,COc1ccc(CCO[C@@H]2CCCC[C@H]2N2CC[C@@H](O)C2)cc1OC,1.5290283879566056
785,COc1ccc(CN2CCc3c([nH]c4ccccc34)C2)cc1OC,1.9814561665221264
786,COc1ccc(CNC(=O)Nc2ncc([N+](=O)[O-])s2)cc1,1.9969460685021772
787,COc1ccc(COc2nc(Br)cnc2NS(=O)(=O)c2ccc(C)cc2)cc1OCCN(C)C,1.9985644582609416
788,COc1ccc(C[C@@H](C)NC[C@H](O)c2ccc(O)c(NC=O)c2)cc1,1.5137119175784626
789,COc1ccc(C[C@H](N)C(=O)N[C@@H](Cc2ccccc2C)C(N)=O)cc1,1.8062478271957905
790,COc1ccc(Cc2c(N)n[nH]c2N)cc1,1.9066043717249803
791,COc1ccc(Cl)cc1C(=O)NCCc1ccc(S(=O)(=O)NC(=O)NC2CCCCC2)cc1,1.999260962132969
792,COc1ccc(Cl)cc1C1(F)C(=O)Nc2cc(C(F)(F)F)ccc21,1.999261065302769
793,COc1ccc(Cl)cc1NC(=O)CCS(=O)(=O)c1ccc(C)cc1,1.9903832589062336
794,COc1ccc(N(C(=O)Oc2c(C)cccc2C)c2ccnc(Nc3ccc(N4CCN(C)CC4)cc3)n2)c(OC)c1,1.9992610711131005
795,COc1ccc(N(C(=O)c2ccccc2)C(C(=O)NC2CCCC2)c2ccccc2F)c(OC)c1,1.9985644582609416
796,COc1ccc(NC(=O)CCc2c(C)nc3nc(C)nn3c2C)cc1,1.915874502857692
797,COc1ccc(NC(=O)c2ccc(C[S+](C)[O-])c3ccccc23)c(C(=O)NCC2CCOCC2)n1,1.9781508096567
798,COc1ccc(NC(=O)c2ccc(Cn3ccnn3)c3ccccc23)c(C(=O)NCC2CCOCC2)n1,1.9876662649262744
799,COc1ccc(NC(=O)c2ccnc(N)n2)cc1,1.8515640822634885
800,COc1ccc(NC(=O)c2ccnc3ccccc23)c(C(=O)NCC2CCC2)n1,1.999608958971417
801,COc1ccc(OC(F)(F)F)cc1CN[C@H]1CCCN[C@H]1c1ccccc1,1.9611227538139842
802,COc1ccc(OC)c(C(O)CN)c1,1.3422252293607904
803,COc1ccc(OC)c(CNC(=O)c2cccnc2Oc2ccccc2)c1,1.999130541287371
804,COc1ccc(OC)c(CNc2n[nH]c3ccnc(Oc4ccccc4)c23)c1,1.9937888138187052
805,COc1ccc(Oc2cccc(CN3CCCC(n4cc(C)c(=O)[nH]c4=O)C3)c2)cc1,1.992155711042617
806,COc1ccc(S(=O)(=O)N2CC(C)N(S(=O)(=O)c3ccc(OC)cc3)CC2C)cc1,1.99485132429347
807,COc1ccc(S(=O)(=O)N2CCC[C@H](n3cc(C)c(=O)[nH]c3=O)C2)cc1Oc1cccc(Cl)c1,1.988960070390338
808,COc1ccc(S(=O)(=O)NC(=O)N2CCC(N3CCC(Oc4ccc(Cl)c(Cl)c4)CC3)CC2)cc1,1.994449137014036
809,COc1ccc([C@@H]2Sc3ccccc3N(CCN(C)C)C(=O)[C@@H]2OC(C)=O)cc1,1.8469780926750599
810,COc1ccc([C@@H]2Sc3ccccc3N(CCN(C)C)C(=O)[C@@H]2OC(C)=O)cc1.Cl,1.549738731264899
811,COc1ccc([C@]2(C#N)CC[C@@H](C(=O)O)CC2)cc1OC1CCCC1,1.9838916462886358
812,COc1ccc([C@]2(O)CC[C@H](N3CC[C@@H](NC(=O)CNC(=O)c4cccc(C(F)(F)F)c4)C3)CC2)cn1,1.8964711004792771
813,COc1ccc2c(C)cc(=O)n(CCN3CCC(NCc4cc5c(cn4)OCCO5)CC3)c2c1,1.947384701684741
814,COc1ccc2c(C)cc(N[C@H]3CC[C@H](NCc4cn(C)c5ccc(C#N)cc45)C3)nc2c1,1.9927868557692185
815,COc1ccc2c(C)cc(N[C@H]3CC[C@H](NCc4cn(C)c5cccnc45)C3)nc2c1,1.973550633866654
816,COc1ccc2c(C)nc(=O)n(CCN3CCC(NCc4cc5c(cn4)OCCO5)CC3)c2c1,1.775683249026044
817,COc1ccc2c(C)nc(NC(=N)N)nc2c1,1.8964711004792771
818,COc1ccc2c(O)cc(=O)n(Cc3ccc(-c4ccccc4-c4nn[nH]n4)cc3)c2c1,1.999522013128904
819,COc1ccc2c(Oc3ccc(CC(=O)Nc4cn(C)nc4C)c(OC)c3)ccnc2c1,1.9951523768914536
820,COc1ccc2c(c1)C(=O)C(=O)N2CC1COc2ccccc2O1,1.997277114728338
821,COc1ccc2c(c1)N(CCN1CCC(NCc3cc4c(cn3)OCCO4)CC1)C(=O)CO2,1.915874502857692
822,COc1ccc2c(c1)N(CCN1CCC(NCc3cc4c(cn3)OCCO4)CC1)C(=O)CS2,1.956744545282691
823,COc1ccc2c(c1)N(CCN1CCC(NCc3ccc4c(n3)NC(=O)CO4)CC1)C(=O)CC2,1.9814561665221264
824,COc1ccc2c(c1)N(CCN1CCC(NCc3ccc4c(n3)NC(=O)CO4)CC1)C(=O)CO2,1.948510768837657
825,COc1ccc2c(c1)N(CCN1CCC(NCc3ccc4c(n3)NC(=O)CO4)CC1)C(=O)OC2,1.87069645798925
826,COc1ccc2c(c1)c(-c1ccnc3cc(Cl)ccc13)c(C)n2CC(=O)O,1.9986515959983733
827,COc1ccc2c(c1)c(CC(=O)O)c(C)n2-c1ccnc2cc(Cl)ccc12,1.993828925753103
828,COc1ccc2c(c1O)-c1cccc3c1[C@@H](C2)N(C)CC3,1.9722028383790644
829,COc1ccc2cc(C(C)C(=O)O)ccc2c1,1.998695158311656
830,COc1ccc2cc(S(=O)(=O)N[C@H](CC(=O)N[C@H](Cc3ccc(CN4[C@H](C)CCC[C@@H]4C)cc3)C(=O)N(C)C(C)C)c3ccc4c(c3)OCO4)ccc2c1,1.9815607479416304
831,COc1ccc2cc([C@H](C)C(=O)O)ccc2c1,1.999130541287371
832,COc1ccc2ccc(=O)n(CCN3CCC(NCc4cc5c(cn4)OCCO5)CC3)c2c1,1.839603729470837
833,COc1ccc2ccc(=O)n(CCN3CCC(NCc4cc5c(cn4)OCCO5)CC3)c2n1,1.8365139988906716
834,COc1ccc2nc(C)cc(N3CC(CNC(=O)C4CC4)OC3=O)c2c1,1.8301393874253429
835,COc1ccc2nc(C)cc(OCC(=O)NCc3ccccc3)c2c1,1.995679060511622
836,COc1ccc2nc(NC(=O)CCc3ccc(OC)c(OC)c3)sc2c1,1.999739345106568
837,COc1ccc2ncc(=O)n(CCN3CCC(NCc4cc5c(cn4)OCCO5)CC3)c2n1,1.7279477095447968
838,COc1ccc2ncc(=O)n(CCN3CC[C@@H](NCc4cc5c(cn4)OCCO5)[C@@H](O)C3)c2c1,1.9333354100776512
839,COc1ccc2ncc(=O)n(CCN3CC[C@@H](NCc4cc5c(cn4)OCCO5)[C@H](O)C3)c2c1,1.914078585389112
840,COc1ccc2ncc(=O)n(CCN3CC[C@@H](NCc4ccc5c(n4)NC(=O)CO5)[C@@H](F)C3)c2c1,1.878234468675044
841,COc1ccc2ncc(=O)n(CCN3CC[C@@H](NCc4ccc5c(n4)NC(=O)CO5)[C@@H](O)C3)c2c1,1.976258249257045
842,COc1ccc2ncc(=O)n(CCN3CC[C@@H](NCc4ccc5c(n4)NC(=O)CO5)[C@@H](OC)C3)c2c1,1.8572721735640412
843,COc1ccc2ncc(=O)n(CCN3CC[C@@H](NCc4ccc5c(n4)NC(=O)CO5)[C@H](OC)C3)c2c1,1.914078585389112
844,COc1ccc2ncc(=O)n(CCN3CC[C@H](NCc4cc5c(cn4)OCCO5)[C@@H](OC)C3)c2c1,1.9210098014970345
845,COc1ccc2ncc(=O)n(CCN3CC[C@H](NCc4cc5c(cn4)OCCO5)[C@H](O)C3)c2c1,1.9066043717249803
846,COc1ccc2ncc(=O)n(CCN3CC[C@H](NCc4ccc5c(n4)NC(=O)CO5)[C@H](O)C3)c2c1,1.9361114316748544
847,COc1ccc2ncc(C#N)c(CCN3CCC(NCc4cc5c(cn4)OCS5)CC3)c2c1,1.9595183769729985
848,COc1ccc2ncc(F)c(CCN3CCC(NCc4cc5c(cn4)OCCO5)CC3)c2n1,1.8932140939541897
849,COc1ccc2nnc(=O)n(CCN3CCC(NCc4ccc5c(n4)NC(=O)CO5)CC3)c2c1,1.7460890430562002
850,COc1cccc(-c2cc3c(N[C@H]4CCCNC4)ncc(C(N)=O)c3s2)c1,1.98059415577622
851,COc1cccc(/C=C2\SC(=O)NC2=O)c1N1CCC[C@@H](N)C1,1.96208508051736
852,COc1cccc(C(=O)N2C(C(=O)O)CSC2c2ccccc2Cl)c1,1.9939209588012867
853,COc1cccc(C(=O)NCCN2CCC(Oc3ccc(Cl)c(Cl)c3)CC2)c1,1.999652425366079
854,COc1cccc(CNCc2cccc(CCNC[C@H](O)c3ccc(O)c4[nH]c(=O)sc34)c2)c1,1.9192844161900384
855,COc1cccc(CNc2nc(NC(C)C)nc3ccsc23)c1OC,1.998825819040286
856,COc1cccc(Nc2c(C(N)=O)cnc3c(C)cc(S(=O)(=O)c4cccc(C(=O)N(C)C)c4)cc23)c1,1.9914650683683444
857,COc1cccc(Nc2nc(NCC3CCCO3)c3ccccc3n2)c1,1.994800899294604
858,COc1cccc(OC)c1OCCNCC1COc2ccccc2O1,1.989449817666692
859,COc1cccc(S(=O)(=O)c2c(C)n(CC(=O)O)c3ccc(C)cc23)c1,1.9972552898201037
860,COc1cccc([C@H](O)C2CCN(CCc3ccc(F)cc3)CC2)c1OC,1.543322900646912
861,COc1cccc2c(-c3c(C)n(CC(=O)O)c4ccc(C)cc34)ccnc12,1.992155711042617
862,COc1cccc2c(O)nc(-c3ccc(C(F)(F)F)cc3)nc12,1.97570746353718
863,COc1cccc2c1CCC21NCc2ccccc21,1.898560644939712
864,COc1cccc2c1c(NS(=O)(=O)c1ccc(Cl)s1)nn2Cc1cccc(CNC(=O)C(C)(C)O)c1,1.9917121818337336
865,COc1cccc2c1c(NS(=O)(=O)c1ccc(Cl)s1)nn2Cc1cccc(CNC(=O)[C@@H]2COCCN2)c1,1.993083351731053
866,COc1cccc2c1c(NS(=O)(=O)c1ccc(Cl)s1)nn2Cc1cccc(CNC(=O)[C@H]2COCCN2)c1,1.9954536908143317
867,COc1cccc2c1c(NS(=O)(=O)c1ccc(Cl)s1)nn2Cc1cccc(CNC(C)=O)c1,1.99795321274547
868,COc1cccc2sc(NC(=O)c3ccccc3)nc12,1.9955913242523533
869,COc1ccccc1-c1csc(-n2ncc(C#N)c2N)n1,1.6424111961666905
870,COc1ccccc1C(=O)/C=C/c1ccccc1C(F)(F)F,1.999608958971417
871,COc1ccccc1C(=O)Nc1ccc(Cc2ccncc2)cc1,1.9989564404704865
872,COc1ccccc1C(C#N)NC(=O)[C@@H]1CCCC[C@H]1C(=O)N1CCN(Cc2ccc(F)cc2)CC1,1.9772662124272928
873,COc1ccccc1CCNCc1ccc(CCNC[C@H](O)c2ccc(O)c3[nH]c(=O)sc23)cc1,1.9777100371129128
874,COc1ccccc1CCNCc1cccc(CCNC[C@H](O)c2ccc(O)c3[nH]c(=O)sc23)c1,1.931842814911538
875,COc1ccccc1CN(C(C)=O)c1cnccc1Oc1ccccc1,1.961378839323325
876,COc1ccccc1CN1C(=O)c2ccccc2C1C(=O)NC1CCC(C)CC1,1.9557839289169117
877,COc1ccccc1N1CCN(CCN(C(=O)C2CCCCC2)c2ccccn2)CC1,1.898560644939712
878,COc1ccccc1OCC(O)CN1CCN(CC(=O)Nc2c(C)cccc2C)CC1,1.7279477095447968
879,COc1ccccc1OCCNCC(O)COc1cccc2[nH]c3ccccc3c12,1.9884697702098757
880,COc1ccccc1O[C@@H](c1ccccc1)[C@@H]1CNCCO1,1.602452239054412
881,COc1ccccc1Oc1c(NS(=O)(=O)c2ccc(C(C)(C)C)cc2)nc(-c2ncccn2)nc1OCCO,1.994493087247583
882,COc1ccccc1S(=O)(=O)NC(=O)N1CCC(N2CCC(Oc3ccc(Cl)c(Cl)c3)CC2)CC1,1.9818638909913504
883,COc1ccnc(CCc2nc3c(C)ccnc3[nH]2)c1,1.9046614579155243
884,COc1ccnc(CCc2nc3cc(Br)cnc3[nH]2)c1,1.9818638909913504
885,COc1ccnc(CCc2nc3cccnc3[nH]2)c1,1.839603729470837
886,COc1ccnc(NC2CCN(C(=O)c3ccc(C#N)cc3)CC2)c1,1.976258249257045
887,COc1cnc(-c2c(C)ccc(F)c2CCNC(=O)c2ccc(COCC(F)(F)F)nc2)cn1,1.968836302702771
888,COc1cnc(-c2cccc(F)c2C(F)(F)CNC(=O)c2ccc(COCC(F)(F)F)nc2)cn1,1.9826006058398704
889,COc1cnc(-c2ccccc2C(F)(F)CNC(=O)c2ccc(COCC(F)(F)F)nc2)cn1,1.9829862315616438
890,COc1cnc(-c2ccccn2)nc1N(C)C,1.922621671523199
891,COc1cnc(-c2ccccn2)nc1N(C)c1ccccc1,1.9822712330395684
892,COc1cnc(-c2ccccn2)nc1N1CCCC1,1.9703003754021775
893,COc1cnc(-c2ccccn2)nc1N1CCCCC1,1.9782718416106355
894,COc1cnc(-c2ccccn2)nc1N1CCOCC1,1.82020145948564
895,COc1cnc(-c2ccccn2)nc1NC(C)C,1.889973638403996
896,COc1cnc(-c2ccccn2)nc1NC1CCCC1,1.97285055584723
897,COc1cncc(NC(=O)c2cc(NC(=O)c3cccc(C(C)(C)C#N)c3)ccc2C)c1,1.988960070390338
898,COc1nc(Br)cnc1NS(=O)(=O)c1ccc(Cl)s1,1.9961928517394
899,COc1nc(C)nc(Cl)c1NC1=NCCN1,1.0572856444182146
900,COc1nc(Cl)c(Cl)nc1NS(=O)(=O)c1ccc(Cl)s1,1.999652425366079
901,COc1ncc(-c2c(C)ccc(F)c2CCNC(=O)c2ccc(OCC(F)(F)F)nc2)cn1,1.9898623485317954
902,COc1ncc(-c2cccc(C#N)c2CCNC(=O)c2ccc(OCCC(F)(F)F)nc2)cn1,1.939888037953021
903,COc1ncc(-c2cccc(C)c2CCNC(=O)c2ccc(OCCC(F)(F)F)nc2)cn1,1.9864895295762075
904,COc1ncc(-c2cccc(F)c2CCNC(=O)c2ccc(OCCC(F)(F)F)nc2)cn1,1.9837126727971324
905,COc1ncc(-c2cccc3c2C[C@H](NC(=O)c2ccc(COCC(F)(F)F)nc2)CO3)cn1,1.9760280180431664
906,COc1ncc(-c2cccc3c2C[C@H](NC(=O)c2ccc(OCCC(F)(F)F)nc2)CO3)cn1,1.994185128202317
907,COc1ncc(-c2ccccc2C(F)(F)CNC(=O)c2ccc(COCC(F)(F)F)nc2)cn1,1.9678735371254874
908,COc1ncc2ccc(=O)n(CCN3CCC(NCc4cc5c(cn4)OCCO5)CC3)c2n1,1.8600383898071933
909,COc1nccnc1NS(=O)(=O)c1ccc(N)cc1,1.885417765110936
910,CS(=O)(=O)CCNCc1ccc(-c2ccc3ncnc(Nc4ccc(OCc5cccc(F)c5)c(Cl)c4)c3c2)o1,1.9988693638823445
911,CS(=O)(=O)Cc1ccc2ccn(-c3cc(NC4CC4)n4ncc(C#N)c4n3)c2c1,1.992155711042617
912,CS(=O)(=O)N1CCC(NC(=O)NC23CC4CC(CC(C4)C2)C3)CC1,1.8796555426983625
913,CS(=O)(=O)NC(=O)CCCc1c(-c2ccc(F)cc2)[nH]c2ccc(C#N)cc12,1.9943171526696368
914,CS(=O)(=O)Nc1ccc2[nH]c(Cc3ccc(Oc4ccccc4)cc3)nc2c1,1.9974591839531828
915,CS(=O)(=O)c1ccc(-c2cc(C(F)(F)F)ccc2OCC(=O)O)c(Cl)c1,1.9796127423068504
916,CS(=O)(=O)c1ccc(-c2cc(C(F)(F)F)ccc2OCC(=O)O)cc1,1.9696022648485392
917,CS(=O)(=O)c1ccc(-c2cc(Cl)ccc2OCC(=O)O)c(Cl)c1,1.9867436918670656
918,CS(=O)(=O)c1ccc(-c2ccc3c(Nc4ccc(F)cc4)c(C(N)=O)cnc3c2)cc1,1.9943171526696368
919,CS(=O)(=O)c1ccc(-c2cnc(N)c(-c3ccc(C(F)(F)F)nc3)c2)cc1,1.9066043717249803
920,CS(=O)(=O)c1ccc(-c2nnc(/C=C/c3nnc(-c4ccc(C#N)cc4)o3)n2-c2ccccc2Cl)nc1,1.971600520230059
921,CS(=O)(=O)c1ccc(C2=C(c3ccccc3)C(=O)OC2)cc1,1.9689496809813425
922,CS(=O)(=O)c1ccc([C@@H](O)[C@@H](CF)NC(=O)C(Cl)Cl)cc1,1.510142699402573
923,CS(=O)(=O)c1ccc2c(C(=O)NC[C@@H](O)CN3CCC(Oc4ccc(C#N)c(Cl)c4)CC3)c[nH]c(=O)c2c1,1.8333383889393975
924,CS(=O)(=O)c1ccc2c(C(=O)NC[C@@H](O)CN3CCC(Oc4ccc(Cl)c(Cl)c4)CC3)c[nH]c(=O)c2c1,1.9557839289169117
925,CS(=O)(=O)c1ccc2c(c1)N(CCN1CCC(NCc3ccc4c(n3)NC(=O)CO4)CC1)C(=O)CO2,1.931864513492032
926,CS(=O)(=O)c1ccccc1C(=O)NC[C@@H](O)CN1CCC(Oc2ccc(Cl)c(Cl)c2)CC1,1.960375631410158
927,CSCCC(NC(=O)c1ccccc1)c1nc2ccccc2n1Cc1ccc(C#N)cc1,1.9892272737305368
928,CSCCC(NC(=O)c1cnccn1)c1nc2ccccc2[nH]1,1.7797407511767405
929,CSc1ccc(N2C(N)=NC(N)=NC2(C)C)cc1,1.5236164190543708
930,CSc1ccc2c(c1)N(CCC1CCCCN1C)c1ccccc1S2,1.9976696894067145
931,C[C@@H](C(=O)NCCN1CCCC1)c1ccc(OS(=O)(=O)C(F)(F)F)cc1,1.8301393874253429
932,C[C@@H](C(N)=O)c1ccc(OS(=O)(=O)C(F)(F)F)cc1,1.9374677396433773
933,C[C@@H](CC(=O)OC(C)(C)C)NC(=O)C1=NOC(C(O)(C(F)(F)F)C(F)(F)F)C1,1.9170713491138962
934,C[C@@H](CC(=O)OC(C)(C)C)NC(=O)C1=NO[C@@H](C(O)(C(F)(F)F)C(F)(F)F)C1,1.9113086087805358
935,C[C@@H](NC(=O)C1CCCCN1C)c1ccc(Nc2ncc3cc(-c4ccncc4)ccc3n2)cc1,1.983039616046102
936,C[C@@H](NC(=O)C1CCNCC1)c1ccc(Nc2ncc3cc(-c4ccncc4)ccc3n2)cc1,1.9787737843301223
937,C[C@@H](NC(=O)Cc1ccc(C2CC2)cc1)c1ccc(OCC(F)(F)F)cn1,1.9986799884713609
938,C[C@@H](NC(=O)[C@H]1CCCCN1)c1ccc(Nc2ncc3cc(-c4ccncc4)ccc3n2)cc1,1.9628282716476884
939,C[C@@H](NC(=O)[C@H]1CCCNC1)c1ccc(Nc2ncc3cc(-c4ccncc4)ccc3n2)cc1,1.97570746353718
940,C[C@@H](NC1=CC(=O)CC1)c1ccc(Nc2ncc3cc(-c4ccncc4)ccc3n2)cc1,1.9912260756924949
941,C[C@@H](NC1=CC(=O)CCC1)c1ccc(Nc2ncc3cc(-c4ccncc4)ccc3n2)cc1,1.9899417767230339
942,C[C@@H](NC1=CC(=O)CNC1)c1ccc(Nc2ncc3cc(-c4ccncc4)ccc3n2)cc1,1.9841671271469885
943,C[C@@H](NC1=CC(=O)NCC1)c1ccc(Nc2ncc3cc(-c4ccncc4)ccc3n2)cc1,1.9873533887357937
944,C[C@@H](O)[C@H](NC(=O)c1ccc(C#Cc2ccc(CN3CCOCC3)cc2)cc1)C(=O)NO,1.977883823688524
945,C[C@@H](O[C@H]1OCCN(Cc2n[nH]c(=O)[nH]2)[C@H]1c1ccc(F)cc1)c1cc(C(F)(F)F)cc(C(F)(F)F)c1,1.9989999722183205
946,C[C@@H](Oc1cc(-c2cnn(C3CCNCC3)c2)cnc1N)c1c(Cl)ccc(F)c1Cl,1.9738149223641173
947,C[C@@H](Oc1ccccc1-c1cccc([N+](=O)[O-])c1)C1=NCCN1,1.775683249026044
948,C[C@@H](c1ncncc1F)[C@](O)(Cn1cncn1)c1ccc(F)cc1F,1.6679196853173617
949,C[C@@H]1CN(C(=O)N[C@H](Cc2ccc(F)cc2)C(=O)N2CCC(C(=O)NC(C)(C)C)(C3CCCCC3)CC2)C[C@H](C)N1,1.9639064160994224
950,C[C@@H]1CN(C(=O)[C@@H]2CN(C(C)(C)C)C[C@H]2c2ccc(F)cc2F)C[C@H](C)[C@@]1(O)c1ccccc1,1.8873572008700374
951,C[C@@H]1CN(Cc2cc(Cl)ccc2OCC(=O)O)CCN1S(=O)(=O)c1ccccc1,1.997779430865604
952,C[C@@H]1CN(Cc2ccc(F)cc2)CCN1C(=O)COc1ccc(Cl)cc1NC(N)=O,1.9910044403307552
953,C[C@@H]1CN(Cc2nnc(-c3cc(-c4cccc5[nH]ccc45)cc4[nH]ncc34)o2)C[C@H](C)O1,1.9889070171354146
954,C[C@@H]1CN(c2ccc3c(n2)NC(=O)CO3)[C@H](c2ccccc2)CO1,1.9646517808894455
955,C[C@@H]1CN[C@@H](C2CC2)C(=O)N(C)[C@H](C)C(=O)N[C@H](Cc2ccc(F)cc2)C(=O)NCCCc2ccccc2O1,1.9303886182443215
956,C[C@@H]1C[C@H]2[C@@H]3CCC4=CC(=O)C=C[C@]4(C)[C@@]3(Cl)[C@@H](O)C[C@]2(C)[C@@]1(OC(=O)c1ccco1)C(=O)CCl,1.999086872918653
957,C[C@@H]1C[C@H]2[C@@H]3CCC4=CC(=O)C=C[C@]4(C)[C@@]3(F)[C@@H](O)C[C@]2(C)[C@@]1(O)C(=O)CO,1.8979252803780957
958,C[C@@H]1c2c([nH]c3ccc(C(F)(F)F)cc23)C[C@@H]2CCN(CCN3CCOCC3)C[C@H]21,1.986189299736824
959,C[C@@](C(=O)OC1CC[N+](C)(C)CC1)(c1ccccc1)C1CCCC1,1.7148342443349953
960,C[C@@](C(=O)O[C@H]1C[N+]2(CC(=O)Nc3cccc(F)c3)CCC1CC2)(c1ccccc1)N1CCCCC1,1.9975168046425014
961,C[C@@](C(=O)O[C@H]1C[N+]2(CC(=O)Nc3ccccc3)CCC1CC2)(c1ccccc1)N1CCCCC1,1.9884930302371888
962,C[C@@](C(=O)O[C@H]1C[N+]2(CC(=O)Nc3ccccn3)CCC1CC2)(c1ccccc1)N1CCCCC1,1.9462065538427828
963,C[C@@](C(=O)O[C@H]1C[N+]2(CC(=O)Nc3ccncn3)CCC1CC2)(c1ccccc1)N1CCCCC1,1.940068013739353
964,C[C@@](C(=O)O[C@H]1C[N+]2(CCCOc3ccc(F)cc3)CCC1CC2)(c1ccccc1)N1CCCCC1,1.986189299736824
965,C[C@@](C(=O)O[C@H]1C[N+]2(CCCc3cc4ccccc4s3)CCC1CC2)(c1ccccc1)N1CCCCC1,1.9986080293150943
966,C[C@@](C(=O)O[C@H]1C[N+]2(CCCc3ccc4ncsc4c3)CCC1CC2)(c1ccccc1)N1CCCCC1,1.929618579308222
967,C[C@@](C(=O)O[C@H]1C[N+]2(CCCc3ccncc3)CCC1CC2)(c1ccccc1)N1CCCCC1,1.7137424784090824
968,C[C@@](C(=O)O[C@H]1C[N+]2(CCCc3cncnc3)CCC1CC2)(c1ccccc1)N1CCCCC1,1.3498600821923312
969,C[C@@](C(=O)O[C@H]1C[N+]2(CCOCCc3ccccc3)CCC1CC2)(c1ccccc1)N1CCCCC1,1.988960070390338
970,C[C@@](C(=O)O[C@H]1C[N+]2(CCOc3ccc(Cl)cc3)CCC1CC2)(c1ccccc1)N1CCCCC1,1.996730515435153
971,C[C@@](C(=O)O[C@H]1C[N+]2(CCc3c[nH]c4ccccc34)CCC1CC2)(c1ccccc1)N1CCCCC1,1.999174055588485
972,C[C@@](C(=O)O[C@H]1C[N+]2(CCc3ccccc3)CCC1CC2)(c1ccccc1)N1CCCCC1,1.9405560364358028
973,C[C@@](C(=O)O[C@H]1C[N+]2(CCc3ccccc3F)CCC1CC2)(c1ccccc1)N1CCCCC1,1.9515361309933486
974,C[C@@](C(=O)O[C@H]1C[N+]2(Cc3cc(-c4ccccc4)on3)CCC1CC2)(c1ccccc1)N1CCCCC1,1.9912260756924949
975,C[C@@](C(=O)O[C@H]1C[N+]2(Cc3nc(-c4ccccc4)no3)CCC1CC2)(c1ccccc1)N1CCCCC1,1.9837430190198395
976,C[C@@](O)(C(=O)Nc1ccc(S(C)(=O)=O)cc1Cl)C(F)(F)F,1.853984261204599
977,C[C@@]1(C(=O)Nc2ccc(F)nc2)CCCN1c1nc(Nc2cc(C3CC3)n[nH]2)c2cccn2n1,1.9908270505674788
978,C[C@@]1(c2cc(-c3cncnc3)c(F)cc2F)CCSC(N)=N1,1.606130601234108
979,C[C@H](CN(C(=O)c1ccc(C#N)cc1)c1ccccn1)N1CCN(c2cccc3c2OCCO3)CC1,1.9449134973003863
980,C[C@H](CO)Nc1nc(SCc2cccc(Cl)c2F)nc2[nH]c(=O)sc12,1.999782798454136
981,C[C@H](CO)Nc1nc(SCc2cccc(F)c2F)nc2[nH]c(=O)c(C#N)cc12,1.992509335067776
982,C[C@H](CO)Nc1nc(SCc2cccc(F)c2F)nc2[nH]c(=O)cnc12,1.9913434355255162
983,C[C@H](CO)Nc1nc(SCc2cccc(F)c2F)nc2[nH]c(N)nc12,1.989939013284536
984,C[C@H](CO)Nc1nc(SCc2cccc(F)c2F)nc2[nH]ncc12,1.9845273133437928
985,C[C@H](CO)Nc1nc(SCc2cccc(F)c2F)nc2nc(N)cnc12,1.9801397777457543
986,C[C@H](CO)Nc1nc(SCc2cccc(F)c2F)nc2nc(N)sc12,1.987604972279228
987,C[C@H](CO)Nc1nc(SCc2cccc(F)c2F)nc2nc(NC3CC3)sc12,1.9946690218255292
988,C[C@H](CO)Nc1nc(SCc2cccc(F)c2F)nc2nc(NS(C)(=O)=O)sc12,1.995020606124758
989,C[C@H](CO)Nc1nc(SCc2ccccc2)nc2[nH]c(=O)sc12,1.9945609875810257
990,C[C@H](CO)Nc1nc(SCc2ccccc2)nc2nc(N)sc12,1.9796849238270255
991,C[C@H](CO)Nc1nc(SCc2ccccc2F)nc2[nH]c(=O)sc12,1.9959504483934336
992,C[C@H](CO)Nc1nc(SCc2ccco2)nc2[nH]c(=O)sc12,1.99046468183175
993,C[C@H](CO)Nc1nc(SCc2ccco2)nc2nc(N)sc12,1.9462065538427828
994,C[C@H](CO)n1ccc2c(NC(=O)Cc3ccc(Cl)c(C(F)(F)F)c3)cccc2c1=O,1.9826781933834845
995,C[C@H](CS)C(=O)N1CCC[C@H]1C(=O)O,1.9548211830517928
996,C[C@H](Cc1cccc(CC(=O)NC23CC4CC(CC(C4)C2)C3)c1)NC[C@H](O)c1ccc(O)c(CO)c1,1.9299454607494655
997,C[C@H](NC(=O)Cc1cc(F)cc(F)c1)C(=O)NC1C(=O)N(C)c2ccccc2-c2ccccc21,1.9940941977896989
998,C[C@H](NC(=O)[C@@H](Cc1c[nH]c2ccccc12)NC(=O)[C@@H](N)Cc1c[nH]cn1)C(=O)N[C@@H](Cc1c[nH]c2ccccc12)C(=O)N[C@H](Cc1ccccc1)C(=O)N[C@@H](CCCCN)C(N)=O,1.8901952079130147
999,C[C@H](NC(=O)c1cccc2c1N(Cc1ccc(Cl)cc1)CC2)c1ccc(C(=O)O)cc1,1.994185128202317
1000,C[C@H](Nc1ccc2ncn(-c3cc(C4CC4)[nH]n3)c2n1)c1ncc(F)cn1,1.8964711004792771
1001,C[C@H](Nc1nc(Nc2cc(C3CC3)[nH]n2)c(F)cc1C#N)c1ccc(F)cc1,1.999130541287371
1002,C[C@H](Nc1nc(Nc2cc(C3CC3)[nH]n2)cnc1C#N)c1ccc(F)cn1,1.97523733999485
1003,C[C@H](Nc1nc(Nc2ncc(C#N)s2)cc(N2CCOCC2)n1)c1ccc(F)cn1,1.9734049744100608
1004,C[C@H](Nc1nc(Nc2ncc(C#N)s2)cc(N2CCOCC2)n1)c1ncc(F)cn1,1.9462065538427828
1005,C[C@H](Nc1ncc(Cl)c(Nc2cc(C3CC3)[nH]n2)n1)c1ccc(F)cn1,1.9785104581446287
1006,C[C@H](Nc1ncc(Cl)c(Nc2cc(C3CC3)[nH]n2)n1)c1ncc(F)cn1,1.9746037920870327
1007,C[C@H](Nc1ncc(Cl)c(Nc2cc(N(C)C)[nH]n2)n1)c1ncc(F)cn1,1.951774508081725
1008,C[C@H](Nc1ncc(F)c(Nc2cc(C3CC3)[nH]n2)n1)c1ccc(F)cn1,1.960499827305654
1009,C[C@H](Nc1ncc(F)c(Nc2cc(C3CC3)[nH]n2)n1)c1ncc(F)cn1,1.889973638403996
1010,C[C@H](Nc1ncc(F)c(Nc2cc(N(C)C)[nH]n2)n1)c1ncc(F)cn1,1.892150277901364
1011,C[C@H](Oc1ccc(Cl)cc1CN1CCN(C(=O)Cc2ccc(Cl)cc2)[C@@H](C)C1)C(=O)O,1.9887372752888
1012,C[C@H]([C@H](O)c1ccc(O)cc1)N1CCC(O)(c2ccccc2)CC1,1.5485001858016343
1013,C[C@H](c1ccc(F)cc1CCCC(=O)O)N(c1cc(F)ccc1F)S(=O)(=O)c1ccc(Cl)cc1,1.998694284485854
1014,C[C@H](c1nc2ncccc2c(=O)n1-c1ccc(Cl)cc1)N(CC1CCS(=O)(=O)CC1)C(=O)Cc1ccc(C(F)(F)F)c(F)c1,1.964480792332968
1015,C[C@H]1CN(Cc2cc(Cl)ccc2OCC(=O)O)CCN1C(=O)Cc1ccc(Cl)cc1,1.9877703950335406
1016,C[C@H]1CN(Cc2cc(Cl)ccc2OCC(=O)O)CCN1C(=O)Cc1ccc(F)cc1,1.9725282151423127
1017,C[C@H]1CN(Cc2cc(Cl)ccc2OCC(=O)O)CCN1C(=O)Cc1ccccc1,1.967548720029425
1018,C[C@H]1CN(Cc2cc(Cl)ccc2OCC(=O)O)CCN1S(=O)(=O)c1ccccc1,1.9879342652321583
1019,C[C@H]1CN(c2cc(N(CCO)Cc3cccc4ccccc34)[nH]c(=O)n2)CCO1,1.9089139497704102
1020,C[C@H]1CN=C(N)c2sccc2O1,1.708845638048179
1021,C[C@H]1C[C@@H]2[C@H]([C@@H](O)C[C@@]3(C)[C@H]2CC[C@]3(O)C(=O)CO)[C@@]2(C)C=CC(=O)C=C12,1.9026554752179257
1022,C[C@H]1O[C@@H](n2cnc3c(N)nc(OC(C4CC4)C(F)(F)F)nc32)[C@H](O)[C@@H]1O,1.8133140589458348
1023,C[C@H]1O[C@@H](n2cnc3c(N)nc(OCC4CC45CC5)nc32)[C@H](O)[C@@H]1O,1.8757555792580545
1024,C[C@H]1O[C@@H](n2cnc3c(N)nc(OCC4CC45CC5)nc32)[C@H](O)[C@H]1Cl,1.9801397777457543
1025,C[C@H]1[C@H](NC(=O)/C(=N\OC(C)(C)C(=O)O)c2csc(N)n2)C(=O)N1S(=O)(=O)O,1.9122752104988123
1026,C[C@](N)(Cc1ccccc1)c1ccccc1,1.914078585389112
1027,C[C@]12CCC(=O)C=C1C=C[C@@H]1[C@@H]2CC[C@@]2(C)[C@H]1CC[C@@]21CCC(=O)O1,1.9782222952280812
1028,C[C@]12CCC(=O)C=C1CC[C@@H]1[C@@H]2C(=O)C[C@@]2(C)[C@H]1CC[C@]2(O)C(=O)CO,1.7836892363473165
1029,C[C@]12Cc3cnn(-c4ccc(F)cc4)c3C=C1CC[C@@]2(O)CCc1ccc(F)cc1C(N)=O,1.9919140631331984
1030,C[C@]12N[C@H](Cc3ccccc31)c1ccccc12,1.6732052817790453
1031,C[N+](C)(Cc1ccc(NC(=O)c2ccc(Cl)c(Cl)c2)cc1)C1CCOCC1,1.8508049507581732
1032,C[N+]1(C)CCC(OC(=O)C(O)(c2ccccc2)C2CCCC2)C1,1.427906633828311
1033,C[N+]1(C)[C@@H]2C[C@@H](OC(=O)C(O)(c3cccs3)c3cccs3)C[C@H]1[C@@H]1O[C@@H]12,1.5578291142891008
1034,C[S+]([O-])Cc1ccc(C(=O)Nc2ccc(OCCOCCO)nc2C(=O)NCC2CCC2)c2ccccc12,1.978872115464755
1035,C[S+]([O-])Cc1ccc(C(=O)Nc2cccnc2C(=O)NCC2CCC2)c2ccccc12,1.9945590259821204
1036,C[S+]([O-])Cc1ccc(C(=O)Nc2cccnc2C(=O)NCC2CCOCC2)c2ccccc12,1.9273703630390235
1037,C[S+]([O-])Cc1ccc(C(=O)Nc2nccnc2C(=O)NCC2CCC2)c2ccccc12,1.9548211830517928
1038,Cc1[nH]c(/C=C2\C(=O)Nc3ccc(F)cc32)c(C)c1C(=O)NCCN(C)C,1.9176105257498672
1039,Cc1[nH]c(C(=O)NC2CCN(c3ncc(C(=O)O)s3)CC2)c(Cl)c1Cl,1.9458732437698232
1040,Cc1[nH]c2ccc(-c3nnc(SCC(=O)N4CCCc5ccccc54)o3)cc2c1C,1.9977357765978985
1041,Cc1c(-c2cc3ccccc3o2)oc(=O)c(C)c1O,1.9988693638823445
1042,Cc1c(C)c2c(c(C)c1O)CCC(C)(COc1ccc(CC3SC(=O)NC3=O)cc1)O2,1.999608958971417
1043,Cc1c(CC(=O)O)c2cc(F)ccc2n1Cc1nc2ccccc2s1,1.992686039162128
1044,Cc1c(CC(=O)O)c2cc(F)ccc2n1S(=O)(=O)c1ccc(S(C)(=O)=O)cc1,1.9710291595395584
1045,Cc1c(CN(C)C(=O)/C=C/c2cnc3c(c2)CCC(=O)N3)oc2ccccc12,1.97570746353718
1046,Cc1c(Cc2ccc3ccccc3n2)c2cc(F)ccc2n1CC(=O)O,1.9963117472704066
1047,Cc1c(Cl)ccc(OC2CCN(C3CCN(C(=O)NS(=O)(=O)c4ccc(N(C)C)cc4)CC3)CC2)c1Cl,1.990161192898479
1048,Cc1c(Cl)ccc(OC2CCN(C3CCN(C(=O)c4cccc(S(C)(=O)=O)c4)CC3)CC2)c1Cl,1.9845273133437928
1049,Cc1c(Cl)ccc(OC2CCN(CC3CCN([C@@H](Cc4ccc(F)cc4)C(=O)O)CC3)CC2)c1Cl,1.934431811226138
1050,Cc1c(Cl)ccc(OC2CCN(C[C@H](O)CNC(=O)c3c[nH]c(=O)c4ccc(S(C)(=O)=O)cc34)CC2)c1Cl,1.965295795811656
1051,Cc1c(Cl)ccc(OC2CCN(C[C@H](O)CNC(=O)c3c[nH]c(=O)cc3C(F)(F)F)CC2)c1Cl,1.985201858364572
1052,Cc1c(F)cc(C(=O)NC2CC2)cc1-c1ccc(C(=O)NCC(C)(C)C)cn1,1.9539812448362324
1053,Cc1c(N)cccc1Cn1ccc(OCCc2cccs2)cc1=O,1.9777693180915743
1054,Cc1c(OC2CCN(CC3CCN([C@@H](Cc4ccc(F)cc4)C(=O)O)CC3)CC2)ccc(C#N)c1Cl,1.8459533316386674
1055,Cc1c(OC2CCN(CC3CCN([C@@](C)(Cc4ccc(F)cc4)C(=O)O)CC3)CC2)ccc(Cl)c1Cl,1.9754940343406264
1056,Cc1c(OCC(F)(F)F)ccnc1C[S+]([O-])c1nc2ccccc2[nH]1,1.9929950984313416
1057,Cc1c(Oc2ccc(Cl)cc2)c2c(NS(C)(=O)=O)cccc2n1CC(=O)O,1.98344585734134
1058,Cc1c(S(=O)(=O)c2ccc(Cl)cc2)c2cc(F)ccc2n1CC(=O)O,1.9981285071282664
1059,Cc1c(Sc2ccc(Cl)cc2)c2c(-c3ccccc3)cccc2n1CC(=O)O,1.9986080293150943
1060,Cc1c(Sc2ccc(Cl)cc2)c2c(-c3cnccn3)cccc2n1CC(=O)O,1.9920154494632933
1061,Cc1c(Sc2ccc(Cl)cc2)c2c(NS(C)(=O)=O)cccc2n1CC(=O)O,1.9970556413097187
1062,Cc1c(Sc2ccc(Cl)cc2)c2c(S(C)(=O)=O)cccc2n1CC(=O)O,1.9866322943162964
1063,Cc1c(Sc2ccc(Cl)cc2)c2cc(S(C)(=O)=O)ccc2n1CC(=O)O,1.994449137014036
1064,Cc1cc(-c2cc(=O)[nH]c(NCc3cccc4ccccc34)n2)ccn1,1.9989129043587857
1065,Cc1cc(-c2ccc(-c3nc4ccncc4c(O)c3C#N)cc2)ccn1,1.9962664425202976
1066,Cc1cc(-c2ccc(Cl)c(C(=O)NCC3(O)CCCCCC3)c2)nn1C[C@H](O)CN,1.8411376816158127
1067,Cc1cc(-n2cnc3ccc(N[C@@H](C)c4ncc(F)cn4)nc32)n[nH]1,1.7506368972681585
1068,Cc1cc(=O)n(-c2ccccc2)n1C,1.308106258014478
1069,Cc1cc(C(=O)Cn2cc(C(F)(F)F)ccc2=O)c(C)n1Cc1ccccc1,1.9929950984313416
1070,Cc1cc(C(C)Nc2ccccc2)c2nc(N3CCOCC3)cc(=O)n2c1,1.9761127993754768
1071,Cc1cc(C)c(C)c(Cn2ccc3c(/C=N/NC(=O)c4ccc(O)c(C#N)c4)cccc32)c1C,1.9904396311773314
1072,Cc1cc(C)c(CNC(=O)c2cc(C3CC3)nc3c2cnn3C(C)C)c(O)n1,1.9845273133437928
1073,Cc1cc(C)c(S(=O)(=O)NCc2ccncc2)c(C)c1,1.9328031465237039
1074,Cc1cc(C)cc(-c2nnc(SCC(=O)N3CCN(C(=O)c4ccco4)CC3)o2)c1,1.9858304898583925
1075,Cc1cc(C)cc(C(=O)Nc2ccc(Cl)c(C(=O)Nc3cncs3)c2)c1,1.9982593384236984
1076,Cc1cc(C)nc(SCC(N)=O)n1,1.326540668516562
1077,Cc1cc(C2(c3cccc(-c4cncnc4)c3)N=C(N)c3c(F)cccc32)cn(C)c1=O,1.7961079654953258
1078,Cc1cc(CCCOc2c(Cl)cc(C3=NCCO3)cc2Cl)on1,1.998520882835038
1079,Cc1cc(CCC[N+]23CCC(CC2)[C@@H](OC(=O)[C@](C)(c2ccccc2)N2CCCCC2)C3)ccn1,1.5192530152085162
1080,Cc1cc(CN2Cc3ccccc3C2C(=O)Nc2ccc(Cl)cc2Cl)ccc1OCC(=O)O,1.9994133057977104
1081,Cc1cc(Cl)ccc1OC1CCN(C[C@H](O)CNC(=O)c2c[nH]c(=O)cc2C(F)(F)F)CC1,1.9374677396433773
1082,Cc1cc(Cl)ccc1OC1CCN(C[C@H](O)CNC(=O)c2c[nH]nc2C(F)(F)F)CC1,1.9841671271469885
1083,Cc1cc(F)ccc1-n1nc(C(F)(F)F)cc1-c1ccc2c(c1)NC(=O)CO2,1.8883269187495881
1084,Cc1cc(F)ccc1OC1CCN(CC2CCN([C@@](C)(Cc3ccc(F)cc3)C(=O)O)CC2)CC1,1.721158236038223
1085,Cc1cc(F)ccc1Oc1cccc2c(=O)cc(N3CCOCC3)[nH]c12,1.984064463235758
1086,Cc1cc(I)cc2c1NC(C(=O)O)C1CC=CC21,1.998039894891376
1087,Cc1cc(N2CCC[C@@H]2C(=O)NCCc2ccc3c(c2)OCO3)nc(-n2ccnc2)n1,1.909353091037449
1088,Cc1cc(Nc2cc(N3CCOCC3)nc(N[C@@H](C)c3ncc(F)cn3)n2)n[nH]1,1.6625689669332602
1089,Cc1cc(Nc2cnc(C#N)c(N[C@@H](C)c3ccc(F)cn3)n2)n[nH]1,1.9189279945121713
1090,Cc1cc(Nc2cnc(C#N)c(N[C@@H](C)c3ncc(F)cn3)n2)n[nH]1,1.8284454269246175
1091,Cc1cc(Nc2cncc(N[C@@H](C)c3ccc(F)cn3)n2)n[nH]1,1.892150277901364
1092,Cc1cc(Nc2cncc(N[C@@H](C)c3ncc(F)cn3)n2)n[nH]1,1.961231197044663
1093,Cc1cc(Nc2nc(N[C@@H](C)c3ccc(F)cc3)ncc2Cl)n[nH]1,1.9960736544852755
1094,Cc1cc(Nc2nc(N[C@@H](C)c3ccc(F)cn3)c(C#N)cc2Cl)n[nH]1,1.9841671271469885
1095,Cc1cc(Nc2nc(N[C@@H](C)c3ccc(F)cn3)c(C#N)cc2F)n[nH]1,1.976258249257045
1096,Cc1cc(Nc2nc(N[C@@H](C)c3ccc(F)cn3)c(C#N)nc2C)n[nH]1,1.8980881210830145
1097,Cc1cc(Nc2nc(N[C@@H](C)c3ccc(F)cn3)cnc2C)n[nH]1,1.9242792860618816
1098,Cc1cc(Nc2nc(N[C@@H](C)c3ncc(F)cn3)c(C#N)nc2C)n[nH]1,1.7976995956708615
1099,Cc1cc(Nc2nc(N[C@@H](C)c3ncc(F)cn3)nc(N3CCOCC3)c2Cl)n[nH]1,1.8876735524544477
1100,Cc1cc(Nc2nc(N[C@@H](C)c3ncc(F)cn3)nc(N3CCOCC3)c2F)n[nH]1,1.96208508051736
1101,Cc1cc(Nc2nc(N[C@@H](C)c3ncc(F)cn3)ncc2Br)n[nH]1,1.961231197044663
1102,Cc1cc(Nc2nc(N[C@@H](C)c3ncc(F)cn3)ncc2C)n[nH]1,1.8572721735640412
1103,Cc1cc(Nc2nc(N[C@@H](C)c3ncc(F)cn3)ncc2F)n[nH]1,1.723291446477584
1104,Cc1cc(Nc2nc(O[C@@H](C)c3ccc(F)cn3)c(C#N)nc2C)n[nH]1,1.9734049744100608
1105,Cc1cc(Nc2nc(O[C@@H](C)c3ncc(F)cn3)ncc2Cl)n[nH]1,1.8016008922639577
1106,Cc1cc(Nc2nc(O[C@H](C)c3ccc(F)cn3)c(C#N)nc2C)n[nH]1,1.9903832589062336
1107,Cc1cc(OC2CCN(CC3CCN([C@@](C)(Cc4ccc(F)cc4)C(=O)O)CC3)CC2)ccc1Cl,1.8721395493952242
1108,Cc1cc(OCCCS(C)(=O)=O)cc(C)c1-c1cccc(COc2ccc3c(c2)OC[C@H]3CC(=O)O)c1,1.998433718864469
1109,Cc1cc(Oc2ncc(C(F)(F)F)cc2Cl)ccc1CC1SC(=O)NC1=O,1.9994131838662281
1110,Cc1cc([C@H](O)[C@](C)(OCc2ccc(-c3ccccc3)cc2)C(=O)NO)no1,1.9855162878527155
1111,Cc1cc2c(s1)Nc1ccccc1N=C2N1CCN(C)CC1,1.9466543918080088
1112,Cc1cc2cc(C)c3nnc(SCC(=O)N4CCN(C(=O)c5ccco5)CC4)n3c2cc1C,1.9908270505674788
1113,Cc1ccc(-c2[nH]cnc2C)cc1NC(=O)c1ccc(OCc2ccccn2)cc1,1.971600520230059
1114,Cc1ccc(-c2c(C)nn(C)c2C)cc1NC(=O)c1ccc(OCc2ccccn2)cc1,1.992155711042617
1115,Cc1ccc(-c2c[nH]cn2)cc1NC(=O)c1ccc(OCc2ccccn2)cc1,1.9772662124272928
1116,Cc1ccc(-c2cc(C(=O)NCc3cn(C)nc3C)c3cc(Br)ccc3n2)cc1,1.9972552898201037
1117,Cc1ccc(-c2cc(C(F)(F)F)nn2-c2ccc(S(N)(=O)=O)cc2)cc1,1.9953719060281625
1118,Cc1ccc(-c2ccc(N)nn2)cc1NC(=O)c1ccc(OCc2ccccn2)cc1,1.9767625232674608
1119,Cc1ccc(-c2ccc3c(ccc4sc5c(c43)NC[C@@H](C)NC5=O)n2)cn1,1.9712891032177489
1120,Cc1ccc(-c2ccccn2)cc1NC(=O)c1ccc(OCc2ccccn2)cc1,1.9951523768914536
1121,Cc1ccc(-c2ccncc2)cc1NC(=O)c1ccc(OCc2ccccn2)cc1,1.992155711042617
1122,Cc1ccc(-c2cn(C)c(C)n2)cc1NC(=O)c1ccc(OCc2ccccn2)cc1,1.9751559784066892
1123,Cc1ccc(-c2cn(C)cn2)cc1NC(=O)c1ccc(OCc2ccccn2)cc1,1.956744545282691
1124,Cc1ccc(-c2csc3ncnc(O)c23)cc1,1.9826781933834845
1125,Cc1ccc(-c2nc3ccccc3[nH]2)cc1NC(=O)c1ccc(OCc2ccccn2)cc1,1.976258249257045
1126,Cc1ccc(-c2ncc(C(F)(F)F)[nH]2)cc1NC(=O)c1ccc(OCc2ccccn2)cc1,1.994800899294604
1127,Cc1ccc(-c2ncc(C)n2C)cc1NC(=O)c1ccc(OCc2ccccn2)cc1,1.9903832589062336
1128,Cc1ccc(-c2ncc(CN3CCOCC3)s2)cc1NC(=O)c1ccc(OCc2ccccn2)cc1,1.9855162878527155
1129,Cc1ccc(-c2ncc[nH]2)cc1NC(=O)c1ccc(OCc2ccccn2)cc1,1.955436357026719
1130,Cc1ccc(-c2nccn2C)cc1NC(=O)c1ccc(OCc2ccccn2)cc1,1.9772662124272928
1131,Cc1ccc(-c2nnc(Nc3ccc(C(=O)N(C)C)cc3)c3ccccc23)cc1S(=O)(=O)N(C)C,1.9908270505674788
1132,Cc1ccc(-c2nnc(SCC(=O)N3CCN(c4ccccc4)CC3)o2)cc1,1.999217565530104
1133,Cc1ccc(-n2c(C)cc(/C=C3\SC(=O)NC3=O)c2C)cc1,1.999304572338349
1134,Cc1ccc(-n2nc(C(C)(C)C)cc2NC(=O)Nc2ccc(OCCN3CCOCC3)c3ccccc23)cc1,1.998520882835038
1135,Cc1ccc(/C(=C\CN2CCCC2)c2ccccn2)cc1,1.549738731264899
1136,Cc1ccc(C(=O)N(CCCN)[C@@H](c2nc3cc(Cl)ccc3c(=O)n2Cc2ccccc2)C(C)C)cc1,1.9973863843973132
1137,Cc1ccc(C(=O)N(CCCN)[C@H](c2nc3cc(Cl)ccc3c(=O)n2Cc2ccccc2)C(C)C)cc1,1.9964678902617168
1138,Cc1ccc(C(=O)N2CC3CNCC(C2)O3)cc1NC(=O)CC12CC3CC(CC(C3)C1)C2,1.8572721735640412
1139,Cc1ccc(C(=O)NC2CC2)cc1-c1ccc(C(=O)NCC2CC2)nc1,1.9595183769729985
1140,Cc1ccc(C(=O)c2ccc(CC(=O)O)n2C)cc1,1.9883031476325506
1141,Cc1ccc(C(NC(=O)c2ccccc2O)C(=O)Nc2c(C)cccc2C)s1,1.9974295112817098
1142,Cc1ccc(C)c(OCCCC(C)(C)C(=O)O)c1,1.9961519550688975
1143,Cc1ccc(CCC[N+]23CCC(CC2)[C@@H](OC(=O)[C@](C)(c2ccccc2)N2CCCCC2)C3)cn1,1.934750874663579
1144,Cc1ccc(CCNC(=O)c2ccc3sc(CO)nc3c2)cc1,1.987085029624122
1145,Cc1ccc(CNC(=O)CCS(=O)(=O)c2ccc(Br)cc2)cc1,1.9943171526696368
1146,Cc1ccc(CO)cc1N(C)c1ccnc(Nc2cc(N3CCCOCC3)cc(N3CCOCC3)c2)n1,1.9751559784066892
1147,Cc1ccc(CO)cc1N(C)c1ccnc(Nc2cc(N3CCOCC3)cc(N3CCOCC3)c2)n1,1.962937288430002
1148,Cc1ccc(CO)cc1N(c1ccnc(Nc2cc(N3CCOCC3)cc(S(C)(=O)=O)c2)n1)C(C)C,1.9818638909913504
1149,Cc1ccc(Cl)cc1NC(=O)CCS(=O)(=O)c1ccc(Br)s1,1.9951523768914536
1150,Cc1ccc(N2CC(COc3ccc(-c4noc(C)n4)cc3)C2)nn1,1.97523733999485
1151,Cc1ccc(NC(=O)Nc2nnc(-c3ccncc3)s2)cc1,1.9972771367170639
1152,Cc1ccc(NC(=O)[C@@H]2CCCN2S(=O)(=O)c2cccc3cccnc23)c(C)c1,1.990161192898479
1153,Cc1ccc(NC(=O)[C@H]2CCCN2S(=O)(=O)c2cccc3cccnc23)c(C)c1,1.9906052114239197
1154,Cc1ccc(NC(=O)c2ccc(C#N)cc2)cc1-n1cnc2ccc(N3CCN(C)CC3)cc2c1=O,1.8333383889393975
1155,Cc1ccc(NC(=O)c2ccc(CN3CCN(C)CC3)cc2)cc1Nc1nccc(-c2cccnc2)n1,1.9796333925781666
1156,Cc1ccc(NC(=O)c2ccc(Cl)c(C(F)(F)F)c2)cc1C(=O)Nc1cccnc1,1.994800899294604
1157,Cc1ccc(NC(=O)c2cccc(C(C)(C)C#N)c2)cc1C(=O)Nc1cnc(N)c(Cl)c1,1.9826781933834845
1158,Cc1ccc(NC(=O)c2cccc(C(C)(C)C#N)c2)cc1Nc1ccc2ncn(C)c(=O)c2c1,1.898510760952753
1159,Cc1ccc(NC(=O)c2cccc(C(F)(F)F)c2)cc1C(=O)Nc1cnc(N)c(Cl)c1,1.9929950984313416
1160,Cc1ccc(NC(=O)c2cccc(N3CCOCC3)c2)cc1-n1cnc2ccc(N3CCN(C)CC3)cc2c1=O,1.952792443044092
1161,Cc1ccc(NC(=O)c2ccnc(N3CCOCC3)c2)cc1NC(=O)c1ccc(OCc2ccccn2)cc1,1.9934803190699968
1162,Cc1ccc(OCC(O)C(C)NC(C)C)c2c1CCC2,1.8943714538562375
1163,Cc1ccc(S(=O)(=O)N(C)C(=O)N2CCC(N3CCC(Oc4ccc(Cl)c(Cl)c4)CC3)CC2)cc1,1.992509335067776
1164,Cc1ccc(S(=O)(=O)N(C)c2ccc3sc(C)nc3c2)cc1,1.9969273531665177
1165,Cc1ccc(S(=O)(=O)N2N=Cc3ccccc3B2O)cc1,1.96208508051736
1166,Cc1ccc(S(=O)(=O)N2N=Cc3oc(C)cc3B2O)cc1,1.9772662124272928
1167,Cc1ccc(S(=O)(=O)NC(=O)N2CCC(N3CCC(Oc4ccc(Cl)c(C)c4Cl)CC3)CC2)cc1,1.914078585389112
1168,Cc1ccc(S(=O)(=O)NCCSc2nnnn2-c2ccc(C(N)=O)cc2)cc1,1.9311733149186332
1169,Cc1ccc(S(=O)(=O)Nc2c(C(=O)N(C)C3CCCCC3)cnn2-c2ccccc2)cc1,1.9921555669562099
1170,Cc1ccc(S(=O)(=O)Nc2c(C(=O)NC(C)C(C)(C)C)c(C)nn2-c2ccccc2)cc1,1.9870670304205307
1171,Cc1ccc(S(=O)(=O)Nc2c(C(=O)NC(C)C)c(C)nn2-c2ccccc2)cc1,1.9772662124272928
1172,Cc1ccc(S(=O)(=O)Nc2c(C(=O)NC3CCCCC3)c(C)nn2-c2ccccc2)cc1,1.9949983865715053
1173,Cc1ccc(S(=O)(=O)Nc2c(C(=O)NC3CCCCC3C)c(C)nn2-c2ccccc2)cc1,1.9936426742788416
1174,Cc1ccc(S(=O)(=O)Nc2c(C(=O)NC3CCOCC3)c(C)nn2-c2ccccc2)cc1,1.9739940735914372
1175,Cc1ccc(S(=O)(=O)Nc2c(C(=O)NCC(C)(C)C)c(C)nn2-c2ccccc2)cc1,1.9908129811598316
1176,Cc1ccc(S(=O)(=O)Nc2c(C(=O)NCc3ccccc3)cnn2-c2ccccc2)cc1,1.9971241556592043
1177,Cc1ccc(S(=O)(=O)Nc2c(C(=O)N[C@@H](C)C(C)(C)C)c(C(F)(F)F)nn2-c2ccccc2)cc1,1.9969476430891202
1178,Cc1ccc(S(=O)(=O)Nc2c(C(=O)N[C@@H](C)C(C)(C)C)c(C)nn2-c2ccccc2)cc1,1.9813440804254936
1179,Cc1ccc(S(=O)(=O)Nc2c(C(=O)N[C@@H](C)C(C)(C)C)c(C)nn2C(C)C)cc1,1.9476816837419644
1180,Cc1ccc(S(=O)(=O)Nc2c(C(=O)N[C@@H](C)C(C)(C)C)c(C)nn2C2CCC2)cc1,1.9914029207810313
1181,Cc1ccc(S(=O)(=O)Nc2c(C(=O)N[C@@H](C)C(C)(C)C)c(C)nn2C2CCCC2)cc1,1.9894036558413504
1182,Cc1ccc(S(=O)(=O)Nc2c(C(=O)N[C@@H](C)C(C)(C)C)c(C)nn2C2CCCCC2)cc1,1.9869839174384474
1183,Cc1ccc(S(=O)(=O)Nc2c(C(=O)N[C@@H](C)C(C)(C)C)c(C)nn2C2CCN(C)CC2)cc1,1.7371130943059612
1184,Cc1ccc(S(=O)(=O)Nc2c(C(=O)N[C@@H](C)C(C)(C)C)c(C)nn2C2CCN(CC(F)(F)F)CC2)cc1,1.9462065538427828
1185,Cc1ccc(S(=O)(=O)Nc2c(C(=O)N[C@@H](C)C(C)(C)C)c(C)nn2C2CCOC2)cc1,1.966798546383361
1186,Cc1ccc(S(=O)(=O)Nc2c(C(=O)N[C@@H](C)C(C)(C)C)c(C)nn2C2CCOCC2)cc1,1.8309252427385971
1187,Cc1ccc(S(=O)(=O)Nc2c(C(=O)N[C@@H](C)C(C)(C)C)c(C)nn2C2CCS(=O)(=O)CC2)cc1,1.884628551464481
1188,Cc1ccc(S(=O)(=O)Nc2c(C(=O)N[C@@H](C)C(C)(C)C)c(C)nn2C2CCSCC2)cc1,1.9732793123296113
1189,Cc1ccc(S(=O)(=O)Nc2c(C(=O)N[C@@H](C)C(C)(C)C)c(C)nn2CC(F)(F)F)cc1,1.9908615395254317
1190,Cc1ccc(S(=O)(=O)Nc2c(C(=O)N[C@H](C)C(C)(C)C)c(C)nn2-c2ccccc2)cc1,1.9899568738015283
1191,Cc1ccc(S(=O)(=O)Nc2ccc3nc(C)oc3c2)cc1,1.9840466314973857
1192,Cc1ccc(S(=O)(=O)Nc2ccc3nc(C)sc3c2)cc1,1.9983895702838073
1193,Cc1ccc(Sc2ccccc2CN(C)C)c(N)c1,1.953668482674047
1194,Cc1ccc2c(OCCN3CCC(Cc4cccc(NS(C)(=O)=O)c4)CC3)cccc2n1,1.9812080464331698
1195,Cc1ccc2c(c1)c(-c1cc(C)nc3ccccc13)c(C)n2CC(=O)O,1.9962222333130077
1196,Cc1ccc2c(c1)c(-c1ccnc3c(C#N)cccc13)c(C)n2CC(=O)O,1.992509335067776
1197,Cc1ccc2c(c1)c(-c1ccnc3c(C(F)(F)F)cccc13)c(C)n2CC(=O)O,1.9983465373963647
1198,Cc1ccc2c(c1)c(-c1ccnc3c(C)cccc13)c(C)n2CC(=O)O,1.9978012514185215
1199,Cc1ccc2c(c1)c(-c1ccnc3c(Cl)cccc13)c(C)n2CC(=O)O,1.9955897131611389
1200,Cc1ccc2c(c1)c(-c1ccnc3c(F)cccc13)c(C)n2CC(=O)O,1.9960736544852755
1201,Cc1ccc2c(c1)c(-c1ccnc3c(S(C)(=O)=O)cccc13)c(C)n2CC(=O)O,1.97285055584723
1202,Cc1ccc2c(c1)c(-c1ccnc3cc(C(F)(F)F)ccc13)c(C)n2CC(=O)O,1.998433718864469
1203,Cc1ccc2c(c1)c(-c1ccnc3cc(Cl)ccc13)c(C)n2CC(=O)O,1.9988474342833054
1204,Cc1ccc2c(c1)c(S(=O)(=O)c1ccc(Cl)cc1)c(C)n2CC(=O)O,1.995210907880013
1205,Cc1ccc2c(c1)c(Sc1ccc(S(C)(=O)=O)cc1)c(C)n2CC(=O)O,1.9964678902617168
1206,Cc1ccc2c(c1)c(Sc1cccc(Cl)c1)c(C)n2CC(=O)O,1.998433718864469
1207,Cc1ccc2cc(C)c3nnc(SCC(=O)N4CCN(C(=O)c5ccco5)CC4)n3c2c1,1.9958544798745657
1208,Cc1ccc2nc(C[N+]34CCC(CC3)[C@@H](OC(=O)[C@](C)(c3ccccc3)N3CCCCC3)C4)oc2c1,1.968249394107917
1209,Cc1cccc(-c2ccc(CNC(=O)CCCc3ccc4cccnc4n3)cc2)c1,1.999043499603163
1210,Cc1cccc(-c2nc3cc(Cl)ccc3[nH]2)n1,1.9951523768914536
1211,Cc1cccc(C(N)=O)c1NC(=O)c1ccccc1,1.741624257503812
1212,Cc1cccc(C)c1OCC(C)N,1.5626496722119168
1213,Cc1cccc(CN2CCC3(CC2)CCN(C(=O)c2ccccc2)CC3)c1,1.732554579851432
1214,Cc1cccc(Cn2ccn3c(=O)cc(N4CCOCC4)nc23)c1,1.9450252012424627
1215,Cc1cccc(Nc2nc(NCc3ccco3)c3ccccc3n2)c1,1.9996958874108397
1216,Cc1cccc(Oc2cc(CN3CCC[C@H](n4cc(C)c(=O)[nH]c4=O)C3)ccc2C(=O)O)c1,1.983039616046102
1217,Cc1cccc(Oc2cc(S(=O)(=O)N3CCC[C@H](n4cc(C)c(=O)[nH]c4=O)C3)ccc2C(=O)O)c1,1.9746037920870327
1218,Cc1cccc([C@H](C)c2c[nH]c(=S)[nH]2)c1C,1.9139129863381712
1219,Cc1cccc2cc(CN(Cc3ccco3)C(=O)Nc3cccc(C#N)c3)c(Cl)nc12,1.999608958971417
1220,Cc1ccccc1-n1c(Cn2cnc3c(N)ncnc32)nc2cccc(C)c2c1=O,1.9461452696166148
1221,Cc1ccccc1-n1c(Cn2nc(-c3ccc(O)c(F)c3)c3c(N)ncnc32)nc2cccc(C)c2c1=O,1.9887076877146594
1222,Cc1ccccc1/N=N/c1ccc(NC(=O)c2ccnn2C)c(C)c1,1.9992610711131005
1223,Cc1ccccc1CN1CCC(N2CCC(n3c(=O)[nH]c4ccccc43)CC2)CC1,1.8277734895172724
1224,Cc1ccccc1C[C@@H](C(=O)O)N1CCC(CN2CCC(Oc3ccc(Cl)c(Cl)c3)CC2)CC1,1.9561824226591018
1225,Cc1ccccc1Nc1nc(N)nc(C)c1Br,1.9660478210764536
1226,Cc1ccccc1S(=O)(=O)NC(=O)N1CCC(N2CCC(Oc3ccc(Cl)c(Cl)c3)CC2)CC1,1.951774508081725
1227,Cc1ccnc2c1NC(=O)c1cccnc1N2C1CC1,1.646109521978848
1228,Cc1ccsc1C(=CCCN1CCC[C@@H](C(=O)O)C1)c1sccc1C,1.9696756464723264
1229,Cc1cn(C2CCCN(Cc3cccc(Oc4ccccc4)c3)C2)c(=O)[nH]c1=O,1.9951523768914536
1230,Cc1cn([C@H]2CCCN(Cc3ccc(C(=O)O)c(Oc4cccc(Br)c4)c3)C2)c(=O)[nH]c1=O,1.9916247345340052
1231,Cc1cn([C@H]2CCCN(Cc3ccc(C(=O)O)c(Oc4cccc(C(F)(F)F)c4)c3)C2)c(=O)[nH]c1=O,1.987085029624122
1232,Cc1cn([C@H]2CCCN(Cc3ccc(C(=O)O)c(Oc4cccc(Cl)c4)c3)C2)c(=O)[nH]c1=O,1.9882021002587809
1233,Cc1cn([C@H]2CCCN(Cc3ccc(C(=O)O)c(Oc4cccc(F)c4)c3)C2)c(=O)[nH]c1=O,1.962937288430002
1234,Cc1cn([C@H]2CCCN(S(=O)(=O)c3ccc(C#N)c(Oc4cccc(Cl)c4)c3)C2)c(=O)[nH]c1=O,1.989939013284536
1235,Cc1cn([C@H]2CCCN(S(=O)(=O)c3ccc(C(=O)O)c(Oc4cccc(Cl)c4)c3)C2)c(=O)[nH]c1=O,1.9822712330395684
1236,Cc1cn([C@H]2CCCN(S(=O)(=O)c3ccc(C(N)=O)c(Oc4cccc(Cl)c4)c3)C2)c(=O)[nH]c1=O,1.9841671271469885
1237,Cc1cn([C@H]2CCCN(S(=O)(=O)c3ccc(CO)c(Oc4cccc(Cl)c4)c3)C2)c(=O)[nH]c1=O,1.966798546383361
1238,Cc1cn([C@H]2CCCN(S(=O)(=O)c3ccc(O)c(Oc4cc(F)cc(Cl)c4)c3)C2)c(=O)[nH]c1=O,1.994800899294604
1239,Cc1cn([C@H]2CCCN(S(=O)(=O)c3ccc(O)c(Oc4ccc(Cl)cc4)c3)C2)c(=O)[nH]c1=O,1.9939209588012867
1240,Cc1cn([C@H]2CCCN(S(=O)(=O)c3ccc(O)c(Oc4cccc(Br)c4)c3)C2)c(=O)[nH]c1=O,1.9939209588012867
1241,Cc1cn([C@H]2CCCN(S(=O)(=O)c3ccc(O)c(Oc4cccc(C(F)(F)F)c4)c3)C2)c(=O)[nH]c1=O,1.9939209588012867
1242,Cc1cn([C@H]2CCCN(S(=O)(=O)c3ccc(O)c(Oc4cccc(F)c4)c3)C2)c(=O)[nH]c1=O,1.9796849238270255
1243,Cc1cn([C@H]2CCCN(S(=O)(=O)c3ccc(O)c(Oc4ccccc4)c3)C2)c(=O)[nH]c1=O,1.9722028383790644
1244,Cc1cn([C@H]2CCCN(S(=O)(=O)c3cccc(Oc4ccccc4)c3)C2)c(=O)[nH]c1=O,1.9884697702098757
1245,Cc1cn([C@H]2CCCN([C@@H](C)c3ccc(C(=O)O)c(Oc4cccc(Cl)c4)c3)C2)c(=O)[nH]c1=O,1.9847997876001207
1246,Cc1cn([C@H]2CCCN([C@@H](CC(C)(C)C)c3ccc(C(=O)O)c(Oc4cccc(Br)c4)c3)C2)c(=O)[nH]c1=O,1.995679060511622
1247,Cc1cn([C@H]2CCCN([C@@H](CC(C)C)c3ccc(C(=O)O)c(Oc4cccc(Cl)c4)c3)C2)c(=O)[nH]c1=O,1.9940737376613975
1248,Cc1cn([C@H]2CCCN([C@H](C)c3ccc(C(=O)O)c(Oc4cccc(Cl)c4)c3)C2)c(=O)[nH]c1=O,1.9780215441067313
1249,Cc1cn([C@H]2CCCN([C@H](CC(C)(C)C)c3ccc(C(=O)O)c(Oc4cccc(Br)c4)c3)C2)c(=O)[nH]c1=O,1.9896786026881905
1250,Cc1cn([C@H]2CCCN([C@H](CC(C)C)c3ccc(C(=O)O)c(Oc4cccc(Cl)c4)c3)C2)c(=O)[nH]c1=O,1.9880244887526795
1251,Cc1cn([C@H]2CCCN([C@H](CC3CCOCC3)c3ccc(C(=O)O)c(Oc4cccc(Cl)c4)c3)C2)c(=O)[nH]c1=O,1.950705534773861
1252,Cc1cnc(-c2c(F)ccc(F)c2CCNC(=O)c2ccc(COCC(F)(F)F)nc2)cn1,1.9105063962109625
1253,Cc1cnc(-c2cc(NC(=O)c3ccc(C(F)(F)F)nc3C)ccc2Cl)[nH]1,1.9826781933834845
1254,Cc1cnc(-c2cnc(NCCNc3ccc(C#N)cn3)nc2-c2ccc(Cl)cc2Cl)[nH]1,1.9859707882951991
1255,Cc1cnc(C(=O)NCCc2ccc(S(=O)(=O)NC(=O)NC3CCCCC3)cc2)cn1,1.993161243133243
1256,Cc1cnc(C(=O)c2ncnc3[nH]ccc23)c(NS(=O)(=O)c2ccc(Cl)c(C(F)(F)F)c2)c1,1.998562987829337
1257,Cc1cnc(NC(=O)C2C(=O)c3ccccc3S(=O)(=O)N2C)s1,1.9981285071282664
1258,Cc1cnc(Nc2cc(N3CCN(C)CC3)nc(N[C@@H](C)c3ccc(F)cn3)n2)s1,1.9792295930221555
1259,Cc1cnc(Nc2cc(N3CCOCC3)nc(N[C@@H](C)c3ccc(F)cn3)n2)s1,1.9884697702098757
1260,Cc1cnc(Nc2cc(N3CCOCC3)nc(N[C@@H](C)c3ncc(F)cn3)n2)s1,1.966798546383361
1261,Cc1cnc(Nc2ccc(N3CCN(C)CC3)cc2)nc1Nc1cccc(S(=O)(=O)NC(C)(C)C)c1,1.9660478210764536
1262,Cc1cnc(Nc2ccc(OCCN3CCCC3)cc2)nc1Nc1cccc(S(=O)(=O)NC(C)(C)C)c1,1.9026508209490625
1263,Cc1cnc(Nc2cncc(N[C@@H](C)c3ncc(F)cn3)n2)s1,1.9176105257498672
1264,Cc1cnc(Nc2nc(N[C@@H](C)c3ncc(F)cn3)nc(N3CCOCC3)c2F)s1,1.9689496809813425
1265,Cc1csc(N)c1C(N)=O,1.8301393874253429
1266,Cc1csc(NC(=O)COc2ncnc3c2cnn3-c2ccccc2Cl)n1,1.9964241039550912
1267,Cc1csc2c(N3CCN(C(=O)c4ccc(C(C)(C)C)cc4)CC3)ncnc12,1.9981285071282664
1268,Cc1n[nH]c(C)c1Cc1sc2c(c1C(=O)N1C[C@H](O)CO1)c(=O)n(C)c(=O)n2CC(C)C,1.6228282520198603
1269,Cc1nc(-c2c(F)cc(Cl)cc2-c2cnc([C@@H](C)NC(=O)[C@@](C)(O)C(F)(F)F)c(F)c2)no1,1.988117757743274
1270,Cc1nc(-c2ccc(C)c(NC(=O)c3ccc(OCc4ccccn4)cc3)c2)c[nH]1,1.9858304898583925
1271,Cc1nc(-c2ccc(OCC(C)C)c(C#N)c2)sc1C(=O)O,1.9977357765978985
1272,Cc1nc(-c2cccc(C(F)(F)F)c2)sc1C(=O)O,1.998695158311656
1273,Cc1nc(C(=O)N2CCOC3(CCN(Cc4ccc(Cl)cc4)CC3)C2)cs1,1.7548068553544234
1274,Cc1nc(C(=O)[C@H](C)Oc2ccc(SCCCCCc3ccccc3)cc2)sc1CCCC(=O)O,1.9969492484953808
1275,Cc1nc(C(C)C)c(-c2ccc([C@H]3CC[C@H](CC(=O)O)CC3)cc2)nc1C(N)=O,1.9925920791004188
1276,Cc1nc(C(C)C)c(C(N)=O)nc1-c1ccc([C@H]2CC[C@H](CC(=O)O)CC2)cc1,1.9916353347522397
1277,Cc1nc(C(F)(F)F)ccc1C(=O)Nc1ccc(Cl)c(-c2ccccn2)c1,1.995679060511622
1278,Cc1nc(C(F)(F)F)ccc1C(=O)Nc1ccc(Cl)c(-c2nc3ccccc3[nH]2)c1,1.956744545282691
1279,Cc1nc(C(F)F)c(C(N)=O)nc1-c1ccc([C@H]2CC[C@H](CC(=O)O)CC2)cc1,1.979373539791641
1280,Cc1nc(C)c(-c2ccc([C@H]3CC[C@H](CC(=O)NC(C)(C)C(=O)O)CC3)cc2)nc1C(N)=O,1.9767512682347375
1281,Cc1nc(C)c(-c2ccc([C@H]3CC[C@H](CC(=O)NS(C)(=O)=O)CC3)cc2)nc1C(N)=O,1.9677322068288274
1282,Cc1nc(C)c(-c2ccc([C@H]3CC[C@H](CC(N)=O)CC3)cc2)nc1C(N)=O,1.957611996073021
1283,Cc1nc(C)c(-c2ccc([C@H]3CC[C@H](CCO)CC3)cc2)nc1C(N)=O,1.9903463465337659
1284,Cc1nc(CSc2nc(N[C@H](C)CO)c3sc(=O)[nH]c3n2)cs1,1.996248914569132
1285,Cc1nc(Cl)c(Cl)n1Cc1sc2c(c1C(=O)N1CC[C@@H](O)C1)c(=O)n(C)c(=O)n2CC(C)C,1.9595183769729985
1286,Cc1nc(N2CCOCC2)c2cc(-c3ccccc3)sc2n1,1.9981721219394408
1287,Cc1nc2ccc(NS(=O)(=O)c3ccc(C)c(C)c3)cc2s1,1.9992609643482344
1288,Cc1nc2ccc(NS(=O)(=O)c3ccc4c(c3)OCCO4)cc2s1,1.9978224468663361
1289,Cc1nc2n(c(=O)c1CCN1CCC(c3noc4cc(F)ccc34)CC1)CCCC2,1.9515389132881018
1290,Cc1ncc(-c2cccc3c2C[C@H](NC(=O)c2ccc(OCC(F)(F)F)nc2)CO3)cn1,1.965295795811656
1291,Cc1ncc(-c2nc(Nc3ccc(C(=O)N4CC[C@H](N(C)C)C4)cc3)ncc2F)n1C(C)C,1.87069645798925
1292,Cc1ncc(C(N)=O)nc1-c1ccc([C@H]2CC[C@H](CC(=O)O)CC2)cc1,1.9797230117461544
1293,Cc1ncc(C(N)=S)nc1-c1ccc([C@H]2CC[C@H](CC(=O)O)CC2)cc1,1.991672662718948
1294,Cc1ncc(NC(=O)c2cc(NC(=O)c3cc(F)cc(C(F)(F)F)c3)ccc2Cl)s1,1.9984773030365064
1295,Cc1ncc(NC(=O)c2cc(NC(=O)c3cc(F)cc(Cl)c3)ccc2Cl)s1,1.9982593384236984
1296,Cc1ncc(NC(=O)c2cc(NC(=O)c3cccc(C(F)(F)F)c3)ccc2C)s1,1.994800899294604
1297,Cc1ncc(NC(=O)c2cc(NC(=O)c3cccc(C(F)(F)F)c3)ccc2Cl)s1,1.9982593384236984
1298,Cc1ncc(NC(=O)c2cc(NC(=O)c3cccc(Cl)c3)ccc2Cl)s1,1.999130541287371
1299,Cc1ncc2n1-c1ccc(Cl)cc1C(c1ccccc1F)=NC2,1.9877478528556616
1300,Cc1nccc(-c2ccc(-c3nc4ccncc4c(O)c3C#N)cc2)c1Cl,1.998314805602063
1301,Cc1ncccc1Oc1ncnc(OC2CCN(C(=O)OC(C)C)CC2)c1C,1.9920750228133954
1302,Cc1nccn1-c1ccc(COc2cc(F)cc(C3(C(N)=O)CCOCC3)c2)cc1,1.953807997665307
1303,Cc1nccn1-c1ccc(Sc2cccc(C3(C(N)=O)CCOCC3)c2)cc1,1.9689496809813425
1304,Cc1nccn1-c1sc(Nc2cnccn2)nc1-c1cccc(C#N)c1,1.982130056639004
1305,Cc1nccn1CC1CCc2c(c3ccccc3n2C)C1=O,1.5626496722119168
1306,Cc1nccnc1-c1ccc(CC(=O)N[C@H](C)c2ccc(OCC(F)(F)F)cn2)cc1,1.9192873405043829
1307,Cc1ncsc1C(=O)N(Cc1cc(=O)[nH]c2c(F)cccc12)c1cccc(Cl)c1,1.9732368924894
1308,Cc1nn(-c2ccc(F)cc2)c(NS(=O)(=O)c2ccc(C#N)cc2)c1C(=O)N[C@@H](C)C(C)(C)C,1.972167387317052
1309,Cc1nn(-c2ccc(F)cc2)c(NS(=O)(=O)c2ccc(C(F)(F)F)cc2)c1C(=O)N[C@@H](C)C(C)(C)C,1.9826455465317194
1310,Cc1nn(-c2ccccc2)c(N)c1-c1ccccc1,1.9864269160215504
1311,Cc1nn(-c2ccccc2)c(NC(=O)NS(=O)(=O)c2ccc(Cl)cc2)c1C#N,1.9923325590474643
1312,Cc1nn(-c2ccccc2)c(NS(=O)(=O)C2CCCCC2)c1C(=O)N[C@@H](C)C(C)(C)C,1.9931714952295123
1313,Cc1nn(-c2ccccc2)c(NS(=O)(=O)c2cccc(CN3CCOCC3)c2)c1C(=O)N[C@@H](C)C(C)(C)C,1.9242792860618816
1314,Cc1nn(-c2ccccc2)nc1C(=O)N[C@@H]1COc2cccc(N3CCN(C)CC3)c2C1,1.9822478912841142
1315,Cc1nn(C)c(C)c1-c1ccc(-c2nc3ccncc3c(O)c2C#N)cc1,1.9916379751348725
1316,Cc1nn(C2CCCCC2)c(N)c1-c1ccccc1,1.9619074278309288
1317,Cc1nn(C2CCOCC2)c(NS(=O)(=O)c2ccc(C3CC3)cc2)c1C(=O)N[C@@H](C)C(C)(C)C,1.9557126683188282
1318,Cc1nnc(-c2ccc(N3CCC(Oc4cc(F)ccc4Cl)CC3)nn2)o1,1.994289907498854
1319,Cc1nnc(NS(=O)(=O)c2ccc(N)cc2)s1,1.970950934345424
1320,Cc1nnc(SCC2=C(C(=O)O)N3C(=O)[C@@H](NC(=O)Cn4cnnn4)[C@H]3SC2)s1,1.697952766052358
1321,Cc1nnc2n1-c1ccc(Cl)cc1C(c1ccccc1)=NC2,1.8515640822634885
1322,Cc1nnc2n1-c1ccc(Cl)cc1C(c1ccccc1Cl)=NC2,1.931864513492032
1323,Cc1noc(C)c1-c1ccc(CNS(=O)(=O)c2c(C)noc2C)cc1,1.9660478210764536
1324,Cc1noc(NS(=O)(=O)c2ccc(N)cc2)c1C,1.9637157696576697
1325,Cc1nocc1C(=O)Nc1ccc(-c2ccccc2OC(F)(F)F)c(N)n1,1.9884008702048785
1326,Cc1oc(-c2ccccc2)cc1C(=O)Nc1cccc(C(=O)O)c1,1.999130541287371
1327,Cc1oc(CN2CCNCC2)cc1C(=O)NCC12CC3CC(CC(C3)C1)C2,1.8404485065478338
1328,Cc1onc(-c2c(Cl)cccc2Cl)c1CC(=O)NCc1ccc(OCC(F)(F)F)nc1,1.9878792891561505
1329,Cc1onc(-c2c(Cl)cccc2Cl)c1NC(=O)OCc1c(F)cccc1Cl,1.9989128497995134
1330,Cc1onc(-c2ccccc2)c1-c1ccc(S(N)(=O)=O)cc1,1.9824673686338583
1331,Cc1onc(-c2ccccc2)c1C(=O)N(C)c1ccc(Cl)cc1,1.97375199379929
1332,Cc1sc2c(c1C)C(c1ccc(Cl)cc1)=N[C@@H](CC(=O)OC(C)(C)C)c1nnc(C)n1-2,1.9947764262443033
1333,Cc1sc2c(c1C)c(=O)n(-c1ccc(F)cc1)c(=O)n2CC(=O)NCc1ccco1,1.9882021002587809
1334,Cc1sc2ncnc(SCC(=O)N3CCN(C(=O)c4ccco4)CC3)c2c1C,1.9897167199481047
1335,Clc1ccc(C(c2ccccc2)N2CCNCC2)cc1,1.9740047968974144
1336,Clc1ccc(OCc2cn3ccccc3n2)c2ncccc12,1.997167816446347
1337,Clc1ccc2c(c1)C(N1CCNCC1)=Nc1ccccc1O2,1.9517209607322847
1338,Clc1ccc2c(c1)CCc1cccnc1C2=C1CCNCC1,1.9220698619954222
1339,Clc1ccc2ncc(-c3cccc(NC4CNC4)n3)n2c1,1.922621671523199
1340,Clc1cccc(-c2cnc3ccc(NC4CCOCC4)nn23)c1,1.9960736544852755
1341,Cn1c(-c2cc(=O)c(O)c[nH]2)nn(S(=O)(=O)NC(=O)N2C[C@H](NC(=O)/C(=N\OC(C)(C)C(=O)O)c3csc(N)n3)C2=O)c1=O,1.9868100484078757
1342,Cn1c(-c2cccc(F)c2)nc2c(N)nc(C#CC3(O)CCCC3)nc21,1.9555365111594583
1343,Cn1c(=O)c(-c2c(Cl)cccc2Cl)cc2cnc(Nc3ccc(F)cc3)nc21,1.9982593384236984
1344,Cn1c(=O)c2[nH]cnc2n(C)c1=O,1.4819722120860523
1345,Cn1c(=O)c2c(ncn2C)n(C)c1=O,1.2287771924026039
1346,Cn1c(C#N)ccc1-c1ccc2c(c1)C(C)(C)OC(=S)N2,1.992155711042617
1347,Cn1c(CNc2ccc(C(=N)N)cc2)nc2cc(C(=O)N(CCC(=O)O)c3ccccn3)ccc21,1.6732052817790453
1348,Cn1cc(-c2ccncc2)c(-c2ccc(OCc3ccc4ccccc4n3)cc2)n1,1.9990141816303175
1349,Cn1cc(C(=O)NC[C@@H](O)CN2CCC(Oc3ccc(Cl)c(Cl)c3)CC2)c(C(F)(F)F)cc1=O,1.9673384063333839
1350,Cn1cc(C2=C(c3cn(C4CCN(Cc5ccccn5)CC4)c4ccccc34)C(=O)NC2=O)c2ccccc21,1.9992610711131005
1351,Cn1ccnc1S,1.27448543637749
1352,Cn1cnc([N+](=O)[O-])c1Sc1ncnc2[nH]cnc12,1.8301393874253429
1353,Cn1ncc2c(=O)[nH]c(-c3ccccc3)nc21,1.9696022648485392
1354,FC(F)(F)Oc1ccc(-c2nnc(CCCCc3ccc4cccnc4n3)o2)cc1Cl,1.9988904662471727
1355,Fc1cc(-c2cccc3ncc(-c4cnn(C5CCNCC5)c4)nc23)cc(F)c1CN1CCOCC1,1.961231197044663
1356,Fc1ccc(-c2c3cccc(C(F)(F)F)c3nn2Cc2ccc(F)cc2Cl)cc1,1.999739345106568
1357,Fc1ccc(-c2cc(C(F)(F)F)nc(-n3cc(Cl)cn3)n2)cc1,1.9979103673467435
1358,Fc1ccc(-c2cc(C3CCN(Cc4ccn(-c5ccc(C(F)(F)F)cc5)c4)CC3)no2)cc1,1.999782798454136
1359,Fc1ccc(-c2cnc(C3CCN(Cc4ccn(-c5ccc(C(F)(F)F)cc5)c4)CC3)[nH]2)cc1,1.9993044655948689
1360,Fc1ccc([C@@H]2CCNC[C@H]2COc2ccc3c(c2)OCO3)cc1,1.965033123461176
1361,N#CC1=C2C(=NC1=O)c1cccc3c(N4CCSCC4)ccc2c13,1.9939209588012867
1362,N#CCNC(=O)c1ccc(-c2ccnc(Nc3ccc(N4CCOCC4)cc3)n2)cc1,1.952792443044092
1363,N#CCOc1ccccc1-c1ccc(-c2nc3ccncc3c(O)c2C#N)cc1,1.9965011660994505
1364,N#CC[C@H](C1CCCC1)n1cc(-c2ncnc3[nH]ccc23)cn1,1.938292858834649
1365,N#CN=C(N)c1sc(Nc2ccccc2)nc1N,1.952792443044092
1366,N#C[C@@]1(NC(=O)[C@@H](N)Cc2cccs2)C[C@@H]1c1ccccc1,1.7746629960923892
1367,N#C[C@]1(NC(=O)[C@@H](N)Cc2cccs2)C[C@H]1c1ccccc1,1.8486816540239503
1368,N#Cc1c(-c2ccc(-c3ccccc3Cl)cc2)nc2ccncc2c1O,1.999347962484621
1369,N#Cc1c(-c2ccc(-c3ccccc3O)cc2)nc2ccncc2c1O,1.9988693638823445
1370,N#Cc1c(-c2ccc(-c3ccccc3OC(F)(F)F)cc2)nc2ccncc2c1O,1.9994350498763296
1371,N#Cc1c(-c2ccc(-c3cccnc3)cc2)nc2ccncc2c1O,1.9969492484953808
1372,N#Cc1c(-c2ccc(-c3ccncc3Cl)cc2)nc2ccncc2c1O,1.9976047874604543
1373,N#Cc1c(N)nc2c(c1N)CC(COc1ccccc1)O2,1.9496339237992624
1374,N#Cc1c(O)c2c(-c3ccc(-c4ccccc4O)cc3)csc2[nH]c1=O,1.9972552898201037
1375,N#Cc1c(O)nc(N)nc1-c1ccccc1,1.9838066419784155
1376,N#Cc1cc(-c2n[nH]c(-c3ccncc3)n2)ccn1,1.9289076902439528
1377,N#Cc1cc(F)c(Cl)cc1O[C@H](CCN)c1ccccc1,1.9283523345852736
1378,N#Cc1cc(S(=O)(=O)Nc2ncc(Cl)s2)ccc1Oc1ccc(Cl)cc1-c1ccnn1C1CNC1,1.995128352040211
1379,N#Cc1cc(S(=O)(=O)Nc2ncns2)ccc1Oc1cc(Cl)c(F)cc1-c1ccnnc1,1.9982157323709584
1380,N#Cc1cc(S(=O)(=O)Nc2ncns2)ccc1Oc1ccc(C(F)(F)F)cc1-c1ccnnc1,1.9941285621824751
1381,N#Cc1ccc(C(=O)N2CCC3(CC2)N=C(N)c2c(F)ccc(F)c2N3)cc1,1.8544882250444303
1382,N#Cc1ccc(C(=O)N2CCC3(CC2)N=C(N)c2c(F)ccc(F)c2N3)cn1,1.9374677396433773
1383,N#Cc1ccc(C(=O)Nc2ccc(-n3ccnc3)nc2)cc1,1.8515640822634885
1384,N#Cc1ccc(C(F)(F)F)nc1O[C@H](CCN)c1ccno1,1.6570146036481048
1385,N#Cc1ccc(C(c2ccc(C#N)cc2)n2cncn2)cc1,1.7137424784090824
1386,N#Cc1ccc(C[C@@H](C(=O)O)N2CCC(CN3CCC(Oc4ccc(Cl)c(Cl)c4)CC3)CC2)cc1,1.9395544278992327
1387,N#Cc1ccc(Cl)cc1S[C@H](CCN)c1ccccc1,1.7794434352990267
1388,N#Cc1ccc(F)c(-c2cc(C(F)(F)F)ccc2OCC(=O)O)c1,1.987085029624122
1389,N#Cc1ccc(NC(=O)Nc2ccccc2Br)c2nn[nH]c12,1.9980194240892928
1390,N#Cc1ccc(OC2CCN(C[C@H](O)CNC(=O)c3c[nH]c(=O)c4ccccc34)CC2)cc1Cl,1.9046614579155243
1391,N#Cc1ccc2[nH]c(-c3ccc(F)cc3)c(CCCC(=O)NS(=O)(=O)C(F)(F)F)c2c1,1.9703003754021775
1392,N#Cc1ccc2[nH]c(-c3ccc(F)cc3)c(CCCC(=O)NS(N)(=O)=O)c2c1,1.9936125579388904
1393,N#Cc1ccc2c(c1)N(CCN1CCC(NCc3ccc4c(n3)NC(=O)CO4)CC1)C(=O)CO2,1.7496453315043918
1394,N#Cc1ccc2c(c1)NC(=O)C2c1ncnc2cc(OCCCN3CCOCC3)ccc12,1.9943171526696368
1395,N#Cc1ccc2ccc(=O)n(CCN3CC[C@@H](NCc4cc5c(cn4)OCCO5)[C@@H](O)C3)c2c1,1.7405056234019043
1396,N#Cc1ccc2ccc(=O)n(CCN3CC[C@@H](NCc4ccc5c(n4)NC(=O)CO5)[C@@H](F)C3)c2c1,1.7098161392546238
1397,N#Cc1ccc2ccc(=O)n(CCN3CC[C@H](NCc4cc5c(cn4)OCCO5)[C@H](O)C3)c2c1,1.5095762643138997
1398,N#Cc1ccc2ccc(=O)n(CCN3CC[C@H](NCc4ccc5c(n4)NC(=O)CO5)[C@H](O)C3)c2c1,1.898560644939712
1399,N#Cc1cccc(-c2cc(C(F)(F)F)ccc2OCC(=O)O)c1,1.9875384664306894
1400,N#Cc1cccc(-c2cc(Cl)ccc2OCC(=O)O)c1,1.9904298222628445
1401,N#Cc1cccc(C(=O)NC[C@@H](O)CN2CCC(Oc3ccc(Cl)c(Cl)c3)CC2)c1,1.970950934345424
1402,N#Cc1ccccc1C[C@@H](C(=O)O)N1CCC(CN2CCC(Oc3ccc(Cl)c(Cl)c3)CC2)CC1,1.9396285571903509
1403,N#Cc1cnn2c(N)cc(-c3ccc(F)cc3)nc12,1.97570746353718
1404,N#Cc1cnn2c(N)cc(-c3ccccc3)nc12,1.9777693180915743
1405,N#Cc1cnn2c(N)cc(-c3cccs3)nc12,1.9782718416106355
1406,N#Cc1cnn2c(NC3CC3)cc(-c3cccs3)nc12,1.9929950984313416
1407,N#Cc1cnn2c(NC3CC3)cc(-n3ccc4ccc(CO)cc43)nc12,1.9916247345340052
1408,N/C(=N\C(=O)c1nc(Cl)c(N)nc1N)NCCCCc1ccc(OCC(O)CO)cc1,1.8526625320384615
1409,N=C(N)NC(=O)c1nc(Cl)c(N)nc1N,1.4646617618654567
1410,N=C(N)c1cc2c(-c3ccccc3)cccc2s1,1.953807997665307
1411,N=C(N)c1ccc(CNC(=O)C2(NC(=O)[C@H](NCC(=O)O)C3CCCCC3)Cc3ccccc3C2)cc1,1.6625689669332602
1412,N=C(N)c1ccc2[nH]c(-c3cccc(-c4ccccc4)c3O)nc2c1,1.9939209588012867
1413,N=C(N)c1ccc2[nH]c(-c3n[nH]c(-c4ccccc4)c3O)nc2c1,1.9450252012424627
1414,N=c1c(S(=O)(=O)c2ccc(Cl)cc2)cc2c(=O)n3ccccc3nc2n1C1CCCC1,1.6989700043360187
1415,NC(=O)C(c1ccccc1)(c1ccccc1)[C@@H]1CCN(CCc2ccc3c(c2)CCO3)C1,1.9655407684516932
1416,NC(=O)N1c2ccccc2C=Cc2ccccc21,1.8643925503313863
1417,NC(=O)NC(=O)C(Nc1ccc2c(c1)CCC2)c1ccccc1,1.9803882655818295
1418,NC(=O)Nc1sc(-c2ccc(CN3CCCCC3)cc2)cc1C(N)=O,1.8235394336568589
1419,NC(=O)[C@@H](CCC(F)(F)F)N(Cc1ccc(-c2ncon2)cc1F)S(=O)(=O)c1ccc(Cl)cc1,1.9943587869471113
1420,NC(=O)[C@H](Cc1ccccc1)NC(=O)OCc1ccccc1,1.9085386321719595
1421,NC(=O)c1c(OC2CCN(C[C@H](O)CNC(=O)c3c[nH]c(=O)c4ccccc34)CC2)ccc(Cl)c1Cl,1.8964711004792771
1422,NC(=O)c1cc(C(N)=O)n(-c2cccc(-c3cc(C(F)(F)F)ccc3C(F)(F)F)c2)n1,1.980060039969874
1423,NC(=O)c1ccc(-c2cc3c(N[C@H]4CCCNC4)ncc(C(N)=O)c3s2)cc1,1.8681152053272168
1424,NC(=O)c1ccc(-n2nnnc2Oc2ccc(Br)cc2)cc1,1.9608034142274104
1425,NC(=O)c1ccc(N(C(N)=O)c2c(F)cccc2F)nc1-c1ccc(F)cc1F,1.7836892363473165
1426,NC(=O)c1ccc(Oc2cccc3cccnc23)c([N+](=O)[O-])c1,1.983039616046102
1427,NC(=O)c1cccc2c3c([nH]c12)CCCC3,1.8572721735640412
1428,NC(=O)c1cnc(N[C@@H]2CCCC[C@@H]2N)nc1Nc1cccc(-n2nccn2)c1,1.9598941915084371
1429,NC(=O)c1cnc(N[C@H]2CCCNC2)c2cc(-c3ccc(Cl)c(F)c3)sc12,1.9953719060281625
1430,NC(=O)c1cnc(N[C@H]2CCCNC2)c2cc(-c3ccc(Cl)cc3)sc12,1.9964678902617168
1431,NC(=O)c1cnc(N[C@H]2CCCNC2)c2cc(-c3ccc(F)c(Cl)c3)sc12,1.9983029400985413
1432,NC(=O)c1cnc(N[C@H]2CCCNC2)c2cc(-c3ccc(F)c(F)c3)sc12,1.9916247345340052
1433,NC(=O)c1cnc(N[C@H]2CCCNC2)c2cc(-c3ccc(F)cc3)sc12,1.9884697702098757
1434,NC(=O)c1cnc(N[C@H]2CCCNC2)c2cc(-c3ccc(F)cc3F)sc12,1.9792295930221555
1435,NC(=O)c1cnc(N[C@H]2CCCNC2)c2cc(-c3ccccc3)sc12,1.9368901401912058
1436,NC(=O)c1cnc(N[C@H]2CCCNC2)c2cc(Br)sc12,1.914078585389112
1437,NC(=O)c1cnc2[nH]c(-c3ccc(OCCN4CCCCC4)cc3)nc2c1NCCCNC(=O)C1CCC1,1.8943714538562375
1438,NC(=O)c1cncc(-c2ccc([C@H]3CC[C@H](CC(=O)O)CC3)cc2)c1,1.9882021002587809
1439,NC(=O)c1cncc(-c2ccc([C@H]3CC[C@H](CC(=O)O)CC3)cc2)n1,1.9908913015819483
1440,NC(=O)c1cncc(-c2ccc([C@H]3CC[C@H](CCO)CC3)cc2)n1,1.9909917087979556
1441,NC1=NC(c2ccc(F)cc2)Cc2ccc(F)cc21,1.826851947820644
1442,NC1=NC(c2ccc(F)cc2)Cc2ccccc21,1.8062478271957905
1443,NC1=NC(c2cccc(-c3cncnc3)c2)(c2ccnc(C(F)(F)F)c2)c2cccc(F)c21,1.980774407409188
1444,NC1=NC(c2cccc(-c3cncnc3)c2)(c2ccnc(C3CC3)c2)c2cccc(F)c21,1.9905732919981356
1445,NC1=NC(c2ccnc(C(F)(F)F)c2)(c2ccc(F)c(-c3cncnc3)c2)c2cccc(F)c21,1.9844744603077362
1446,NC1=Nc2ccccc2Sc2cccc(F)c21,1.9746037920870327
1447,NC1C2CN(c3nc4c(cc3F)c(=O)c(C(=O)O)cn4-c3ccc(F)cc3F)CC12,1.9096786270407007
1448,NCCCCCc1c[nH]c2ccc(F)cc12,1.8062478271957905
1449,NCCCCN(Cc1nc2ccccc2[nH]1)C1CCCc2cccnc21,1.7989267385772014
1450,NCCCCN(Cc1nc2ccccc2[nH]1)[C@H]1CCCc2cccnc21,1.878234468675044
1451,NS(=O)(=O)c1cc(C(=O)O)c(NCc2ccco2)cc1Cl,1.9901084414856964
1452,NS(=O)(=O)c1cc2c(cc1Cl)NCNS2(=O)=O,1.8572721735640412
1453,NS(=O)(=O)c1ccc(CCNc2ccc3nnc(-c4ccccc4)n3n2)cc1,1.9858304898583925
1454,NS(=O)(=O)c1ccc(N2N=C(c3ccc(Br)cc3)CC2c2ccc(F)cc2)cc1,1.951774508081725
1455,N[C@@H](CC(=O)N1CCn2c(nnc2C(F)(F)F)C1)Cc1cc(F)c(F)cc1F,1.389724848687411
1456,N[C@@H]1CCCN(c2c(Cl)cccc2/C=C2\SC(=O)NC2=O)C1,1.990161192898479
1457,N[C@H]1CCN(c2c(Cl)cccc2/C=C2\SC(=O)NC2=O)C1,1.980983703289225
1458,Nc1[nH]ncc1-c1cc(Cl)ccc1Oc1cc(F)c(S(=O)(=O)Nc2cscn2)cc1Cl,1.9981571984258946
1459,Nc1c2c(nc3ccccc13)CCCC2,1.7279477095447968
1460,Nc1cc(-c2cc(C(F)(F)F)ccc2Oc2cc(F)c(S(=O)(=O)Nc3ncns3)cc2Cl)ccn1,1.9984773030365064
1461,Nc1cc(C(=O)Nc2cccc(-c3nnn[nH]3)c2)cc(C(F)(F)F)c1,1.9903832589062336
1462,Nc1ccc(OCCc2ccccc2)cc1,1.984842231405276
1463,Nc1ccc(S(=O)(=O)Nc2ccnn2-c2ccccc2)cc1,1.9974300737974715
1464,Nc1ccc2nc(SCC(=O)NC3CCN(Cc4ccc(Cl)c(Cl)c4)CC3)sc2c1,1.8681152053272168
1465,Nc1n[nH]cc1-c1cc(C(F)(F)F)ccc1Oc1cc(F)c(S(=O)(=O)Nc2cscn2)cc1Cl,1.9976913256628555
1466,Nc1nc(-c2ccc(Cl)c(Cl)c2)c(-c2ccncc2)s1,1.9967742708613043
1467,Nc1nc(-c2ccccn2)nc(N)c1Cc1ccc(Cl)cc1Cl,1.9939209588012867
1468,Nc1nc(-c2nn(Cc3ccccc3F)c3ncccc23)nc(N)c1N1CCOCC1,1.9557511748272194
1469,Nc1nc(NCCc2ccc(O)cc2)nc2nc(-c3ccco3)nn12,1.9085386321719595
1470,Nc1nc(Nc2ccc(S(N)(=O)=O)cc2)nn1C(=O)c1c(F)cccc1F,1.9085386321719595
1471,Nc1nc(Nc2cccc(Br)c2)c2nc[nH]c2n1,1.8098289610678864
1472,Nc1nc(O)c(Cl)c(-c2ccccc2)n1,1.97453707986615
1473,Nc1nc(OCC2CCC2)nc2c1ncn2[C@@H]1O[C@H](CF)[C@@H](O)[C@H]1O,1.8876735524544477
1474,Nc1nc2c(c(N3CC[C@@H](N)C3)n1)CCCc1ccccc1-2,1.7505083948513462
1475,Nc1nc2c(ncn2COCCO)c(=O)[nH]1,1.20733419980706
1476,Nc1nc2ccc(-c3ccncc3)cc2s1,1.9450252012424627
1477,Nc1nc2ccc(C(=O)c3ccccc3)cc2[nH]1,1.966798546383361
1478,Nc1nc2ccc(F)cc2s1,1.900017432659968
1479,Nc1nc2ccc(OC(F)(F)F)cc2s1,1.9873533887357937
1480,Nc1nc2nc(-c3cccs3)cc(C(F)(F)F)n2n1,1.9026554752179257
1481,Nc1ncc2cc(-c3c(Br)cccc3Br)c(N)nc2n1,1.947384701684741
1482,Nc1ncnc2c1c(COc1cccc(Cl)c1)nn2C1CCOCC1,1.9787737843301223
1483,Nc1ncnc2c1ncn2[C@@H]1O[C@H](CSCCCNC(=O)NCc2ccccc2)[C@@H](O)[C@H]1O,1.9273703630390235
1484,Nc1ncnc2c1ncn2[C@@H]1O[C@H](CSCCCNC(=O)Nc2ccc(Cl)cc2)[C@@H](O)[C@H]1O,1.96208508051736
1485,Nc1ncnc2c1ncn2[C@@H]1O[C@H](CSCCCNC(=O)Nc2ccccc2)[C@@H](O)[C@H]1O,1.910410939914688
1486,Nc1ncnc2nc(-c3ccc(N4CCOCC4)nc3)cc(-c3cccc(Br)c3)c12,1.984842231405276
1487,Nc1nnc(-c2cccc(Cl)c2Cl)c(N)n1,1.717476805555496
1488,Nc1scc2c(C(=O)NC3CC3)nn(-c3ccc(Cl)cc3)c(=O)c12,1.9889931004505046
1489,Nc1scc2c(C(=O)NC3CC3)nn(-c3ccc(F)cc3)c(=O)c12,1.9592918023903025
1490,O=C(/C=C/c1ccccc1Cl)Nc1ccc2c(c1)C(=O)NC2=O,1.956744545282691
1491,O=C(C1CCN(c2nnc(-n3cccc3)s2)CC1)N1CCN(Cc2ccc3c(c2)OCO3)CC1,1.9801397777457543
1492,O=C(CC(c1ccccc1)c1ccccc1)N1CCN(C(c2ccccc2)c2ccccc2)CC1,1.8492677462810005
1493,O=C(CC12CC3CC(CC(C3)C1)C2)Nc1cccc2c(=O)n(C(CO)CO)ccc12,1.9462065538427828
1494,O=C(CC12CC3CC(CC(C3)C1)C2)Nc1cccc2c(=O)n(C[C@H]3CCCN3)ccc12,1.9289076902439528
1495,O=C(CC12CC3CC(CC(C3)C1)C2)Nc1cccc2nc(NCCNCCO)ccc12,1.9796849238270255
1496,O=C(CC1CCCCCC1)Nc1cccc2c(=O)n([C@H]3CCNC3)ccc12,1.885417765110936
1497,O=C(CC1CCN(Cc2ccn(-c3ccc(C(F)(F)F)cc3)c2)CC1)NC(c1ccc(F)cc1)c1cccnc1,1.986189299736824
1498,O=C(CC1CCN(Cc2ccn(-c3ccc(C(F)(F)F)cc3)c2)CC1)NC(c1ccncc1)c1ccc(Cl)cc1,1.9960482917676203
1499,O=C(CC1CCN(Cc2ccn(-c3ccc(C(F)(F)F)cn3)c2)CC1)NC(c1ccc(F)cc1)c1ccc(F)cc1,1.9972082668240008
1500,O=C(CCCN1CCC(O)(c2ccc(Cl)cc2)CC1)c1ccc(F)cc1,1.92113772670336
1501,O=C(CCCN1CCC(O)(c2cccc(C(F)(F)F)c2)CC1)c1ccc(F)cc1,1.9574648598054591
1502,O=C(CCCN1CC[Si](O)(c2ccc(Cl)cc2)CC1)c1ccc(F)cc1,1.97570746353718
1503,O=C(CCCN1CC[Si](O)(c2cccc(C(F)(F)F)c2)CC1)c1ccc(F)cc1,1.9810018343685525
1504,O=C(CCCc1ccc2cccnc2n1)NCc1cc(-c2ccc(F)c(C(F)(F)F)c2)no1,1.9972049291330105
1505,O=C(CCS(=O)(=O)c1ccc(Br)cc1)NCCc1ccccc1,1.9822712330395684
1506,O=C(CCS(=O)(=O)c1ccc(Br)cc1)NCc1ccc(F)cc1,1.9810026899414
1507,O=C(CCS(=O)(=O)c1ccc(Br)cc1)NCc1cccs1,1.961231197044663
1508,O=C(CCS(=O)(=O)c1ccc(Br)cc1)Nc1ccc2c(c1)OCO2,1.994800899294604
1509,O=C(CN1C2=NCCN2c2ccccc21)c1ccc(Cl)cc1,1.82020145948564
1510,O=C(CN1CCCC1)N1c2ccccc2Sc2ccc(C(F)(F)F)cc21,1.989939013284536
1511,O=C(CN1CCCCCC1)N1c2ccccc2Sc2ccccc21,1.987085029624122
1512,O=C(CN1CCN(CCC2CCOCC2)CC1)NC12CC3CC(CC(C3)C1)C2,1.7372337911602618
1513,O=C(CN1CCN(Cc2ccn(-c3ccc(C(F)(F)F)cn3)c2)CC1)NC(c1ccc(F)cc1)c1ccc(F)cc1,1.9995219924577232
1514,O=C(CN1CCOCC1)Nc1ccc(-c2cccc3c(=O)cc(N4CCOCC4)oc23)cc1-c1ccccc1,1.971600520230059
1515,O=C(CO)N1CCC(c2[nH]nc(-c3ccc(Cl)cc3F)c2-c2ccncn2)CC1,1.8517009234320345
1516,O=C(CO)NC1CCN(Cc2ccc(Oc3nc4ccccc4s3)cc2)CC1,1.983039616046102
1517,O=C(COc1cccc(Cl)c1)NC1CCN(Cc2ccn(-c3ccc(C(F)(F)F)cc3)c2)CC1,1.996861768490673
1518,O=C(COc1cccc(Cl)c1)NC1CN(Cc2ccn(-c3ccc(C(F)(F)F)cc3)c2)C1,1.9981285071282664
1519,O=C(COc1ccccc1Cl)c1ccc[nH]1,1.9696022648485392
1520,O=C(CSc1ccccc1)N1CCN(C(=O)c2ccco2)CC1,1.865459322661965
1521,O=C(CSc1nc2c(c(=O)n1-c1ccccc1)SCC2)Nc1ccc(-c2ccccc2)cn1,1.9992610711131005
1522,O=C(CSc1nc2c(c(=O)n1-c1ccccc1)SCC2)Nc1ncc(-c2ccccc2)s1,1.9989999722183205
1523,O=C(CSc1nccn(-c2ccc(F)c(F)c2)c1=O)NC1CCCC1,1.8572721735640412
1524,O=C(Cc1ccc(Cl)c(C(F)(F)F)c1)Nc1cccc2c(=O)n(CCO)ccc12,1.981657377634418
1525,O=C(Cc1ccc(F)c(C(F)(F)F)c1)Nc1cccc2c(=O)n([C@@H]3CNC[C@H]3O)ccc12,1.956744545282691
1526,O=C(Cc1ccc(OCc2ccccc2)cc1)NO,1.971600520230059
1527,O=C(Cc1ccc(Oc2ccccc2)cc1)NO,1.9912260756924949
1528,O=C(Cc1ccccc1)Nc1nnc(CCSCCc2nnc(NC(=O)Cc3ccccc3)s2)s1,1.9981721219394408
1529,O=C(Cc1cccs1)Nc1ccon1,1.640481436970422
1530,O=C(Cn1c(Cl)cnc(NCC(F)(F)c2ccccn2)c1=O)NCc1ncccc1F,1.8465073516170232
1531,O=C(NC12CC3CC(CC(C3)C1)C2)OCCNC1CCCCC1,1.9379937412001655
1532,O=C(NC1CC1)c1cc(-c2cccs2)on1,1.965295795811656
1533,O=C(NC1CC1)c1cn(-c2cccc(C#Cc3cccnc3)c2)c2ncccc2c1=O,1.9945550715586096
1534,O=C(NCC1(O)CCCCCC1)c1cc(-c2ccccc2C(=O)O)ccc1Cl,1.959065017368939
1535,O=C(NCC1(O)CCCCCC1)c1cc(-n2ncc(=O)[nH]c2=O)ccc1Cl,1.910355070071819
1536,O=C(NCC12CC3CC(CC(C3)C1)C2)c1cc(-n2ncc(=O)[nH]c2=O)ccc1Cl,1.9921555669562099
1537,O=C(NCC12CC3CC(CC(C3)C1)C2)c1cc(C(=O)N2CC3CNCC(C2)O3)ccc1Cl,1.839603729470837
1538,O=C(NCC12CC3CC(CC(C3)C1)C2)c1cc(CC2CCNCC2)ccc1Cl,1.960375631410158
1539,O=C(NCC12CC3CC(CC(C3)C1)C2)c1cc(CN2CC3CNCC(C2)O3)ccc1Cl,1.9792295930221555
1540,O=C(NCC12CC3CC(CC(C3)C1)C2)c1cc(CN2CCNCC2)ccc1Cl,1.9528020148046548
1541,O=C(NCC12CC3CC(CC(C3)C1)C2)c1cc(CN2C[C@@H]3C[C@H]2CN3)ccc1Cl,1.9515843153008263
1542,O=C(NCC12CC3CC(CC(C3)C1)C2)c1cc(N2CCNCC2)ccc1Cl,1.9882021002587809
1543,O=C(NCC12CC3CC(CC(C3)C1)C2)c1cc(N2CCNCC2)ncc1Cl,1.966798546383361
1544,O=C(NCC12CC3CC(CC(C3)C1)C2)c1cc(OC2CCNCC2)ccc1Cl,1.965295795811656
1545,O=C(NCC12CC3CC(CC(C3)C1)C2)c1cc(OCCNCCCO)ncc1Cl,1.9496339237992624
1546,O=C(NCC12CC3CC(CC(C3)C1)C2)c1cc(O[C@@H]2CCCNC2)ccc1Cl,1.97570746353718
1547,O=C(NCC12CC3CC(CC(C3)C1)C2)c1cc(O[C@H]2CCCNC2)ccc1Cl,1.97570746353718
1548,O=C(NCC1CCC1)c1nc(OCCOCCO)ccc1NC(=O)c1ccnc2ccccc12,1.9867717342662448
1549,O=C(NCC1CCCCN1)c1cc(OCC(F)(F)F)ccc1OCC(F)(F)F,1.6261346747348284
1550,O=C(NCCc1ccc(Cl)cc1)c1cccnc1,1.961231197044663
1551,O=C(NCCc1ccccc1)c1cc(-n2ncc(=O)[nH]c2=O)ccc1Cl,1.9858191318869114
1552,O=C(NCCc1ccccc1Cl)c1cc(-n2ncc(=O)[nH]c2=O)ccc1Cl,1.9889137289123768
1553,O=C(NC[C@@H](O)CN1CCC(Oc2ccc(Cl)c(Cl)c2)CC1)c1c[nH]c(=O)c2cc(F)ccc12,1.99528410768926
1554,O=C(NC[C@@H](O)CN1CCC(Oc2ccc(Cl)c(Cl)c2)CC1)c1c[nH]c(=O)c2cc(S(=O)(=O)N3CCC3)ccc12,1.9777693180915743
1555,O=C(NC[C@@H](O)CN1CCC(Oc2ccc(Cl)c(Cl)c2)CC1)c1c[nH]c(=O)c2cc(S(=O)(=O)NCCO)ccc12,1.9426032488421563
1556,O=C(NC[C@@H](O)CN1CCC(Oc2ccc(Cl)c(Cl)c2)CC1)c1c[nH]c(=O)c2ccc(F)cc12,1.9777693180915743
1557,O=C(NC[C@@H](O)CN1CCC(Oc2ccc(Cl)c(Cl)c2)CC1)c1c[nH]c(=O)c2ccccc12,1.9915934918893827
1558,O=C(NC[C@@H](O)CN1CCC(Oc2ccc(Cl)c(Cl)c2)CC1)c1c[nH]c(=O)cc1C(F)(F)F,1.948510768837657
1559,O=C(NC[C@@H](O)CN1CCC(Oc2ccc(Cl)c(Cl)c2)CC1)c1c[nH]c2ccccc12,1.9916247345340052
1560,O=C(NC[C@@H](O)CN1CCC(Oc2ccc(Cl)c(Cl)c2)CC1)c1c[nH]nc1C(F)(F)F,1.9906052114239197
1561,O=C(NC[C@@H](O)CN1CCC(Oc2ccc(Cl)c(Cl)c2)CC1)c1c[nH]nc1C1CC1,1.986189299736824
1562,O=C(NC[C@@H](O)CN1CCC(Oc2ccc(Cl)c(Cl)c2)CC1)c1cc(=O)[nH]c2ccccc12,1.991978790994584
1563,O=C(NC[C@@H](O)CN1CCC(Oc2ccc(Cl)c(Cl)c2)CC1)c1n[nH]c(=O)c2ccccc12,1.9845273133437928
1564,O=C(NC[C@H]1CN(c2ccc(N3CCOCC3=O)cc2)C(=O)O1)c1ccc(Cl)s1,1.97570746353718
1565,O=C(NCc1ccc(F)c(C(F)(F)F)c1)C1c2ccccc2C(=O)N1CCc1ncc(F)cn1,1.9594208990347375
1566,O=C(NCc1ccc(F)c(OC(F)(F)F)c1)C1c2ccccc2C(=O)N1CCc1ncc(F)cn1,1.9703258364550926
1567,O=C(NCc1ccc(OC(F)(F)F)cc1)C1c2cccc(O)c2C(=O)N1CCc1ncc(F)cn1,1.9868059387823718
1568,O=C(NCc1ccc(OC(F)(F)F)cc1)C1c2ccccc2C(=O)N1C1CCC(F)(F)CC1,1.9880341535488855
1569,O=C(NCc1ccc(OC(F)(F)F)cc1)C1c2ccccc2C(=O)N1C1CCOCC1,1.9477571840329042
1570,O=C(NCc1ccc(OC(F)(F)F)cc1)C1c2ccccc2C(=O)N1CCc1ccccn1,1.9821534524463713
1571,O=C(NCc1ccc(OC(F)(F)F)cc1)C1c2ccccc2C(=O)N1CCc1ncc(F)cn1,1.968238412939477
1572,O=C(NCc1ccc(OC(F)(F)F)cc1)C1c2ccccc2C(=O)N1CCc1ncccn1,1.9515026510846774
1573,O=C(NCc1ccc(OC(F)(F)F)cc1)C1c2ccccc2C(=O)N1C[C@@H]1CCCO1,1.9785088414971093
1574,O=C(NCc1ccc(OCC(F)(F)F)nc1)C1c2ccccc2C(=O)N1CCc1ccccn1,1.8783148900630167
1575,O=C(NCc1cccc(F)c1)NC1CCN(Cc2ccn(-c3ccc(C(F)(F)F)cc3)c2)CC1,1.9858375860376316
1576,O=C(NCc1cccc(OC(F)(F)F)c1)C1c2ccccc2C(=O)N1CCc1ncc(F)cn1,1.9471091815674333
1577,O=C(NCc1ccccc1)c1ccc2cccnc2c1O,1.9864582127373065
1578,O=C(NCc1ccccc1Cl)c1cccnc1Oc1ccccc1,1.9374677396433773
1579,O=C(NCc1ccccn1)c1cc(-c2ccccc2)nc2ccccc12,1.9927716141810659
1580,O=C(NCc1cccnc1OCC(F)(F)F)c1cncc(-c2ccc(Cl)cc2)c1,1.9994350498763296
1581,O=C(NO)C1(CS(=O)(=O)c2ccc(Oc3ccc(Cl)cc3)cc2)CCOCC1,1.9912260756924949
1582,O=C(NO)C1COC(c2ccc(F)c(C(F)(F)F)c2)=N1,1.96208508051736
1583,O=C(NS(=O)(=O)c1ccc(Cl)cc1)N1CCC(N2CCC(Oc3ccc(Cl)c(Cl)c3)CC2)CC1,1.826851947820644
1584,O=C(NS(=O)(=O)c1ccc(F)cc1)N1CCC(N2CCC(Oc3ccc(Cl)c(Cl)c3)CC2)CC1,1.9066043717249803
1585,O=C(NS(=O)(=O)c1ccccc1)N1CCC(N2CCC(Oc3ccc(Cl)c(Cl)c3)CC2)CC1,1.910410939914688
1586,O=C(NS(=O)(=O)c1ccccc1Cl)N1CCC(N2CCC(Oc3ccc(Cl)c(Cl)c3)CC2)CC1,1.9864582127373065
1587,O=C(N[C@@H]1COc2cccc(-c3ccc(CO)nc3)c2C1)c1ccc(OCC(F)(F)F)nc1,1.9694753466367945
1588,O=C(N[C@@H]1COc2cccc(-c3ccc(CO)nc3)c2C1)c1ccc(OCCOCC(F)(F)F)nc1,1.9706911339821744
1589,O=C(N[C@H](CO)[C@H](O)c1ccc([N+](=O)[O-])cc1)C(Cl)Cl,1.7505083948513462
1590,O=C(N[C@H](Cc1ccc(Cl)cc1)C(=O)N1CCC(Cn2cncn2)(C2CCCCC2)CC1)[C@H]1Cc2ccccc2CN1,1.9973425125466395
1591,O=C(Nc1c(Cl)cncc1Cl)c1ccc(OC(F)F)c(OCC2CC2)c1,1.9964218434352419
1592,O=C(Nc1c[nH]nc1-c1nc2ccc(CN3CCOCC3)cc2[nH]1)NC1CC1,1.8235394336568589
1593,O=C(Nc1cc(-c2ccncc2)c[nH]c1=O)[C@H](Cc1ccccc1)NC1(c2ccccn2)CC1,1.9873533887357937
1594,O=C(Nc1ccc(CCO)cc1)c1cc2cc(Cl)ccc2[nH]1,1.9939209588012867
1595,O=C(Nc1ccc(CN2CCNCC2)cc1-c1nc2ccccc2[nH]1)c1cnc2ccccc2n1,1.9873046786967477
1596,O=C(Nc1ccc(Cl)c(C(=O)Nc2cccnc2)c1)c1cccc(C(F)(F)F)c1,1.9967480288031298
1597,O=C(Nc1ccc(Cl)c(C(=O)Nc2cccnc2)c1)c1cccc(Cl)c1,1.992509335067776
1598,O=C(Nc1ccc(Cl)c(C(=O)Nc2cncs2)c1)c1cccc(C(F)(F)F)c1,1.9982593384236984
1599,O=C(Nc1ccc(Cl)c(C(=O)Nc2cncs2)c1)c1cccc(Cl)c1,1.999130541287371
1600,O=C(Nc1ccc(Cl)c(Cl)c1)Nc1ccccc1C(=O)O,1.678518379040114
1601,O=C(Nc1ccc(Cl)c(S(=O)(=O)N2CCNCC2)c1O)Nc1cccc(F)c1Cl,1.996186586432672
1602,O=C(Nc1ccc(Cl)cc1)Nc1nnc(-c2ccncc2)s1,1.9992610711131005
1603,O=C(Nc1ccc(Cl)nc1)c1ccc(F)c(F)c1,1.9513641213956472
1604,O=C(Nc1ccc(F)cc1)c1ccc(Cl)[n+]([O-])c1,1.7279477095447968
1605,O=C(Nc1ccc(N2CCNCC2)cc1)c1ccc(-c2ccc(Cl)cc2)o1,1.9908595406618268
1606,O=C(Nc1ccc([N+](=O)[O-])cc1O)Nc1ccccc1Br,1.998825819040286
1607,O=C(Nc1cccc(CCO)c1)c1cc2cc(Cl)ccc2[nH]1,1.9967742708613043
1608,O=C(Nc1cccc(Cl)c1)Nc1nnc(-c2ccncc2)s1,1.9985640888476877
1609,O=C(Nc1cccc(Cl)c1)c1ccccn1,1.9782718416106355
1610,O=C(Nc1cccc2cccnc12)c1ccc(N2C(=O)[C@@H]3[C@H](C2=O)[C@@H]2C=C[C@H]3C2)cc1,1.9951523768914536
1611,O=C(Nc1ccccc1)Nc1nc(-c2ccccc2)cs1,1.999782798454136
1612,O=C(Nc1ccccc1-c1ccccc1)OC1CCN(CCCCCCCCCNC[C@H](O)c2ccc(O)c3[nH]c(=O)ccc23)CC1,1.9539812448362324
1613,O=C(Nc1ccccc1-c1cn2c(CN3CCNCC3)csc2n1)c1cnc2ccccc2n1,1.995679060511622
1614,O=C(Nc1ccccc1Cl)c1cc[nH]n1,1.9703003754021775
1615,O=C(Nc1ccccc1F)NC1N=C(c2ccccc2)c2ccccc2NC1=O,1.9884697702098757
1616,O=C(Nc1ccccc1F)N[C@H]1N=C(c2ccccc2)c2ccccc2NC1=O,1.9860663733159603
1617,O=C(Nc1ccccn1)c1ccc2[nH]c(-c3ccc(NC(=O)C45CC6CC(CC(C6)C4)C5)cc3)nc2c1,1.998695158311656
1618,O=C(Nc1ccncc1)c1cccc2ccccc12,1.9689496809813425
1619,O=C(Nc1nc2ccccc2[nH]1)c1ccccc1,1.941362335711761
1620,O=C(Nc1nc2ccccc2n1CCCO)c1cccc([N+](=O)[O-])c1,1.963740618857884
1621,O=C(O)/C=C/c1cccc(-c2cnc3[nH]ccc3c2)c1,1.9903832589062336
1622,O=C(O)C(c1ccccc1)N1CCC(CN2CCC(Oc3ccc(Cl)c(Cl)c3)CC2)CC1,1.961231197044663
1623,O=C(O)C(c1ccccc1)N1CCO[C@H](CN2CCC(Oc3ccc(Cl)c(Cl)c3)CC2)C1,1.997211582832505
1624,O=C(O)CCc1ccc(NCc2cccc(Oc3ccccc3)c2)cc1,1.9977357765978985
1625,O=C(O)CCc1ccc(OCc2cc(Cl)ccc2-c2ccccc2)cc1,1.999130541287371
1626,O=C(O)CCc1nc(-c2ccccc2)c(-c2ccccc2)o1,1.9993696194623114
1627,O=C(O)CCn1c2c(c3ccccc31)C[C@H](NS(=O)(=O)c1ccc(F)cc1)CC2,1.9846815696203646
1628,O=C(O)CNC(=O)c1ncccc1O,1.8830299457576105
1629,O=C(O)CNCCNc1ccc(Cl)c(C(=O)NCC23CC4CC(CC(C4)C2)C3)c1,1.967547976218862
1630,O=C(O)COCCN1CCN(C(c2ccccc2)c2ccc(Cl)cc2)CC1,1.8230319030334996
1631,O=C(O)COc1ccc(Cl)cc1CN1CCCN(S(=O)(=O)Cc2ccccc2)CC1,1.9258275746247424
1632,O=C(O)COc1ccc(Cl)cc1CN1CCN(S(=O)(=O)Cc2ccccc2)CC1,1.9764357895205826
1633,O=C(O)COc1ccc(Cl)cc1CN1CCN(S(=O)(=O)c2ccc(F)cc2)CC1,1.973468499012336
1634,O=C(O)COc1ccc(Cl)cc1CN1CCN(S(=O)(=O)c2ccccc2)CC1,1.9680268906229292
1635,O=C(O)COc1ccc([N+](=O)[O-])cc1-c1ccccc1,1.9982157323709584
1636,O=C(O)COc1cccc(C(=O)N2CCC(N3CCC(Oc4ccc(Cl)c(Cl)c4)CC3)CC2)c1,1.9943171526696368
1637,O=C(O)COc1cccc(N2CCC(CN3CCC(Oc4ccc(Cl)c(Cl)c4)CC3)CC2)c1,1.9882021002587809
1638,O=C(O)COc1ccccc1N1CCC(CN2CCC(Oc3ccc(Cl)c(Cl)c3)CC2)CC1,1.995020606124758
1639,O=C(O)COn1c(-c2ccccc2)nc2ccc([N+](=O)[O-])cc21,1.9939209588012867
1640,O=C(O)CSCC(=O)Nc1nc(-c2ccccc2)cs1,1.995766779049974
1641,O=C(O)C[C@H](O)C[C@H](O)/C=C/c1c(C2CC2)nc2ccccc2c1-c1ccc(F)cc1,1.9918408960497072
1642,O=C(O)Cc1ccc(N2CCC(CN3CCC(Oc4ccc(Cl)c(Cl)c4)CC3)CC2)cc1,1.9912260756924949
1643,O=C(O)Cc1cccc(N2CCC(CN3CCC(Oc4ccc(Cl)c(Cl)c4)CC3)CC2)c1,1.9855162878527155
1644,O=C(O)Cc1ccccc1N1CCC(CN2CCC(Oc3ccc(Cl)c(Cl)c3)CC2)CC1,1.9973863843973132
1645,O=C(O)Cc1ccccc1Nc1c(Cl)cccc1Cl,1.9977348989028836
1646,O=C(O)Cc1cn(-c2ccccc2)nc1-c1ccc(Cl)cc1,1.999217565530104
1647,O=C(O)[C@@H](Cc1ccccc1)N1CCC(CN2CCC(Oc3ccc(Cl)c(Cl)c3)CC2)CC1,1.8365139988906716
1648,O=C(O)[C@@H](c1ccc(OCc2ccc3ccccc3n2)cc1)C1CCCC1,1.9993480692067211
1649,O=C(O)[C@@H](c1ccccc1)N1CCC(CN2CCC(Oc3ccc(Cl)c(Cl)c3)CC2)CC1,1.9210098014970345
1650,O=C(O)[C@H](Cc1ccc(F)cc1)N1CCC(CN2CCC(Oc3ccc(Cl)c(Cl)c3)CC2)CC1,1.9098362059967002
1651,O=C(O)[C@H](Cc1ccccc1)N1CCC(CN2CCC(Oc3ccc(Cl)c(Cl)c3)CC2)CC1,1.8531580447187725
1652,O=C(O)[C@H](Cc1ccccc1F)N1CCC(CN2CCC(Oc3ccc(Cl)c(Cl)c3)CC2)CC1,1.947384701684741
1653,O=C(O)c1c(O)c(Cc2ccc(Cl)cc2)nc2c3c(ccc12)CCCC3,1.9995437245649654
1654,O=C(O)c1cc(-c2ccc(F)cc2F)ccc1O,1.9991522940779962
1655,O=C(O)c1cc(/N=N/c2ccc(S(=O)(=O)Nc3ccccn3)cc2)ccc1O,1.9987387162558177
1656,O=C(O)c1cc(O)cc(O)c1,1.2457593559672768
1657,O=C(O)c1ccc(-c2ccc(Cl)c(C(=O)NCC34CC5CC(CC(C5)C3)C4)c2)cc1,1.9967086311083884
1658,O=C(O)c1ccc2[nH]c(C(F)(F)F)nc2c1,1.953807997665307
1659,O=C(O)c1cccc(C(=O)N2CCC(N3CCC(Oc4ccc(Cl)c(Cl)c4)CC3)CC2)c1,1.9777693180915743
1660,O=C(O)c1ccccc1CN1CCC(CN2CCC(Oc3ccc(Cl)c(Cl)c3)CC2)CC1,1.8457180179666584
1661,O=C(O)c1ccccc1N1CCC(CN2CCC(Oc3ccc(Cl)c(Cl)c3)CC2)CC1,1.914078585389112
1662,O=C(O)c1cccnc1,1.654408552911951
1663,O=C(O)c1cn(C2CC2)c2cc(N3CCNCC3)c(F)cc2c1=O,1.5560685084852708
1664,O=C(O)c1cn(Cc2ccccc2)c2cc(N3CCNCC3)c(F)cc2c1=O,1.8457180179666584
1665,O=C(O)c1cn(Cc2ccccc2)c2ccccc12,1.9916247345340052
1666,O=C(O)c1cncc(-c2ccc(Cl)c(C(=O)NCC34CC5CC(CC(C5)C3)C4)c2)c1,1.995679060511622
1667,O=C([C@H]1CCCCN1)N1CCN(c2nc(NCc3ccc(Cl)cc3Cl)c3cccnc3n2)CC1,1.9450252012424627
1668,O=C(c1c2ccccc2cc2ccccc12)N1CCC(N2CCC[C@@H](C(=O)N3CCOCC3)C2)CC1,1.8881957757473988
1669,O=C(c1c[nH]c(=O)c2ccccc12)N1CCC(N2CCC(Oc3ccc(Cl)c(Cl)c3)CC2)CC1,1.9523591863626724
1670,O=C(c1cc(Cc2n[nH]c(=O)c3ccccc23)ccc1F)N1CCCNCC1,1.6057358938767468
1671,O=C(c1ccc(-c2ccc(Cl)cc2)o1)N(Cc1ccccn1)c1ccc(N2CCNCC2)cc1,1.9892926795825072
1672,O=C(c1ccc(F)cc1)C1CCN(CCn2c(=O)[nH]c3ccccc3c2=O)CC1,1.9764977558747083
1673,O=C(c1ccc(OCCN2CCCCC2)cc1)c1c(-c2ccc(O)cc2)sc2cc(O)ccc12,1.9977212003020586
1674,O=C(c1cccc(Cc2n[nH]c(=O)c3ccccc23)c1)N1CCN(c2ncccn2)CC1,1.97570746353718
1675,O=C(c1cccc(Cc2nnc(O)c3ccccc23)c1)N1CCOCC1,1.767526899408382
1676,O=C(c1cccc(N2Cc3cccc(Cl)c3C2=O)c1)N1CCC2(CC1)CCN(c1ccncc1)CC2,1.9861044454460306
1677,O=C(c1ccccc1)N1CCC(c2nc3ccccc3o2)CC1,1.9796849238270255
1678,O=C(c1ccccc1)N1CCC2(CCN(Cc3cccc(Cl)c3)CC2)CC1,1.9210098014970345
1679,O=C(c1csc2c1CCCC2)N1CCCCC1,1.9577030415488317
1680,O=C1C(CC[S+]([O-])c2ccccc2)C(=O)N(c2ccccc2)N1c1ccccc1,1.990198915398686
1681,O=C1CC2(CCCC2)CC(=O)N1CCCCN1CCN(c2ncccn2)CC1,1.8641937218275648
1682,O=C1CCc2cc(-c3cncc4ccccc34)ccc2N1,1.985515242206879
1683,O=C1CCc2ccc(OCCCCN3CCN(c4cccc(Cl)c4Cl)CC3)cc2N1,1.999608958971417
1684,O=C1CN(C(=O)c2ccccc2)C(c2ccccc2)c2cc(Cl)ccc2N1,1.97285055584723
1685,O=C1CN(C(=O)c2ccco2)C(c2ccccc2)c2cc(Cl)ccc2N1,1.953807997665307
1686,O=C1COC2(CCN(S(=O)(=O)c3ccc(-c4ccc5cnccc5c4)cc3)CC2)CN1C1CC1,1.999217565530104
1687,O=C1COc2c(CCNCCN(C(=O)CCNCCc3ccc(Cl)c(Cl)c3)C3CCCCC3)ccc(O)c2N1,1.9558468147815251
1688,O=C1COc2ccc(CNC3CCN(CCN4C(=O)COc5ccc(-c6ccco6)cc54)CC3)nc2N1,1.9973863843973132
1689,O=C1COc2ccc(CNC3CCN(CCN4C(=O)COc5ccc(Br)cc54)CC3)nc2N1,1.9884697702098757
1690,O=C1COc2ccc(CNC3CCN(CCN4C(=O)COc5ccc(Cl)cc54)CC3)nc2N1,1.967547976218862
1691,O=C1COc2ccc(CNC3CCN(CCN4C(=O)COc5ccc(F)cc54)CC3)nc2N1,1.9192873405043829
1692,O=C1COc2ccc(CNC3CCN(CCN4C(=O)COc5ccc(O)cc54)CC3)nc2N1,1.9374677396433773
1693,O=C1COc2ccc(CNC3CCN(CCN4C(=O)COc5ccc(OC(F)(F)F)cc54)CC3)nc2N1,1.9908270505674788
1694,O=C1COc2ccc(CNC3CCN(CCN4C(=O)COc5ccc([N+](=O)[O-])cc54)CC3)nc2N1,1.8757555792580545
1695,O=C1COc2ccccc2N1CCN1CCC(NCc2cc3c(cn2)OCCO3)CC1,1.8732624594387264
1696,O=C1COc2nccc(-c3ccccc3F)c2CN1Cc1cc(C(F)(F)F)cc(C(F)(F)F)c1,1.9965258866521287
1697,O=C1Cc2cc(CCN3CCN(c4nsc5ccccc45)CC3)c(Cl)cc2N1,1.9991303232688191
1698,O=C1N(c2ccccc2)c2ccccc2C1(Cc1ccncc1)Cc1ccncc1,1.9553819738260392
1699,O=C1NC(=O)/C(=C/c2cccc(Cl)c2N2CCNCC2)S1,1.9645424660791369
1700,O=C1NC(=O)C(c2ccccc2)(c2ccccc2)N1,1.9270732995642326
1701,O=C1NC(=O)C(c2cnc3ccccn23)=C1c1cn2c3c(cccc13)CN(C(=O)N1CCOCC1)CC2,1.9403600558811962
1702,O=C1NC(c2ccc(Br)cc2)Nc2ccccc21,1.9772662124272928
1703,O=C1NCCc2[nH]c(-c3ccncc3)cc21,1.6175245348862923
1704,O=C1Nc2cc(C(F)(F)F)ccc2C1(O)c1cc(Cl)ccc1O,1.993005318289228
1705,O=C1Nc2ccc(Cl)cc2C(c2ccccc2)=NC1O,1.983039616046102
1706,O=C1Nc2ccc(Cl)cc2C(c2ccccc2Cl)=NC1O,1.967547976218862
1707,O=C1Nc2ccccc2B(O)N1c1ccccc1,1.914078585389112
1708,O=C1Nc2nc(-c3c(O)cccc3OCC3CC3)cc([C@@H]3CCCNC3)c2CO1,1.9426032488421563
1709,O=C1OC2(c3ccc(O)cc3Oc3cc(O)ccc32)c2ccccc21,1.9085386321719595
1710,O=C1[C@@H]2[C@@H]3CC[C@@H](C3)[C@@H]2C(=O)N1[C@H]1CC[C@H](C(=O)Nc2cccc3cccnc23)CC1,1.9929950984313416
1711,O=CNc1cc([C@@H](O)CNCCc2ccc(NC[C@H](O)c3ccccc3)cc2)ccc1O,1.8805462983847052
1712,O=P(c1ccccc1)(c1ccccc1)N(Cc1ccccn1)Cc1ccccn1,1.862843598640861
1713,O=P(c1ccccc1)(c1ccccc1)N(Cc1ccccn1)c1cccnc1,1.917029447370178
1714,O=P1(N(CCCl)CCCl)NCCCO1,1.227984304278633
1715,O=S(=O)(CCCOCCc1ccccc1)CCNCCc1ccc(O)c2nc(O)sc12,1.964502147383711
1716,O=S(=O)(NC1CCNCC1)c1cc(S(=O)(=O)c2ccccc2)ccc1C(F)(F)F,1.9280107297402247
1717,O=S(=O)(N[C@H](CO)C(C(F)(F)F)C(F)(F)F)c1ccc(Cl)s1,1.9541227907820709
1718,O=S(=O)(Nc1ccc(C(F)(F)F)cc1)c1ccc2sc(CO)nc2c1,1.998825819040286
1719,O=S(=O)(Nc1ccc2sc(CO)nc2c1)c1ccc(Br)cc1,1.9981052737104048
1720,O=S(=O)(Nc1ncns1)c1cc(F)c(Oc2cc(F)c(Cl)cc2-c2cn[nH]c2)cc1F,1.999130541287371
1721,O=S(=O)(Nc1ncns1)c1cc(F)c(Oc2ccc(Cl)cc2-c2ccnn2C2CNC2)cc1F,1.9826928269085868
1722,O=S(=O)(Nc1ncns1)c1cc(F)c(Oc2ccc(Cl)cc2-c2cn[nH]c2)cc1F,1.9995654882259823
1723,O=S(=O)(Nc1nncs1)c1cc(Cl)c(Oc2ccc(C(F)(F)F)cc2-c2ccnnc2)cc1F,1.9912260756924949
1724,O=S(=O)(c1ccccc1)N(CC(F)(F)F)c1ccc(C(O)(C(F)(F)F)C(F)(F)F)cc1,1.9984118020961867
1725,O=S1(=O)CC(O)C(N2CCC(c3ccccc3)CC2)C1,1.6348801407665263
1726,O=[N+]([O-])c1c(Nc2ccc(-n3cncn3)cc2)ncnc1N1CCC(Sc2ccccn2)CC1,1.998999893684459
1727,O=[N+]([O-])c1ccc(-c2nc(-c3ccccc3)c(-c3ccccc3)[nH]2)cc1,1.999739345106568
1728,O=c1[nH]c([C@@H]2CCCN2)nc2c1oc1ccc(Br)cc12,1.9772662124272928
1729,O=c1[nH]c([C@@H]2CCCN2)nc2c1oc1ccc(Cl)cc12,1.967547976218862
1730,O=c1[nH]c2c(O)ccc([C@@H](O)CNCCCOCCNCCc3cccc(Cl)c3)c2s1,1.910410939914688
1731,O=c1[nH]c2c(O)ccc([C@@H](O)CNCCCOCCOCCc3ccccc3)c2s1,1.7279477095447968
1732,O=c1[nH]c2c(O)ccc([C@@H](O)CNCCCSCCOCCc3cccc4ccccc34)c2s1,1.9965552775982764
1733,O=c1[nH]c2c(O)ccc([C@@H](O)CNCCSCCCNCCc3cccc(Cl)c3)c2s1,1.9288460440583872
1734,O=c1[nH]c2c(O)ccc([C@@H](O)CNCCSCCCNCCc3cccc(Cl)c3Cl)c2s1,1.9725870959889964
1735,O=c1[nH]c2c(O)ccc([C@@H](O)CNCCSCCCNCCc3ccccc3)c2s1,1.7308906453371227
1736,O=c1[nH]c2c(O)ccc([C@@H](O)CNCCc3ccc(CNCCc4ccccn4)cc3)c2s1,1.7137424784090824
1737,O=c1[nH]c2c(O)ccc([C@@H](O)CNCCc3cccc(CNCCc4ccccc4F)c3)c2s1,1.9440866372086192
1738,O=c1[nH]c2c(O)ccc([C@@H](O)CNCCc3cccc(CNCCc4ccccn4)c3)c2s1,1.8996463776984132
1739,O=c1[nH]c2c(O)ccc([C@@H](O)CN[C@H]3CCC[C@@H]3OCc3ccccc3)c2s1,1.9415141331852273
1740,O=c1[nH]c2cc(C(F)(F)F)ccc2n1-c1cc(C(F)(F)F)ccc1O,1.9993480285437073
1741,O=c1[nH]c2ccccc2n1C1CCN(CCCC(c2ccc(F)cc2)c2ccc(F)cc2)CC1,1.998695158311656
1742,O=c1[nH]c2ccccc2n1CCCN1CCC(n2c(=O)[nH]c3cc(Cl)ccc32)CC1,1.9715090569186906
1743,O=c1[nH]cnc2scc(-c3cccs3)c12,1.9951523768914536
1744,O=c1c2cc(-c3ccc(Cl)cc3)oc2ccn1-c1ccc2c(cnn2CCN2CCCC2)c1,1.9976263313937355
1745,O=c1cc(-c2ccccc2)ccn1-c1ccc2c(cnn2CCN2CCCC2)c1,1.9192873405043829
1746,O=c1cc(-c2cccnc2)[nH]c2cc(C(O)c3ccccc3)ccc12,1.9882021002587809
1747,O=c1cc(-c2cccnc2)[nH]c2cc(Cc3ccccc3)ccc12,1.997779430865604
1748,O=c1cc(Cn2c(C3CCC3)nc3nccnc32)c2ccc(F)c(F)c2[nH]1,1.9134673806399036
1749,O=c1cc(N2CCOCC2)nc(NCc2c(Cl)cccc2Cl)[nH]1,1.9818636997808474
1750,O=c1cc(N2CCOCC2)nc(NCc2cccc(Cl)c2)[nH]1,1.9735115892190196
1751,O=c1cc(N2CCOCC2)nc(NCc2cccc(Cl)c2Cl)[nH]1,1.9914913808050478
1752,O=c1cc(N2CCOCC2)nc(NCc2cccc3ccccc23)[nH]1,1.9873952801243653
1753,O=c1cc(N2CCOCC2)nc(NCc2ccccc2)[nH]1,1.8869989774169622
1754,O=c1cc(N2CCOCC2)nc2n(Cc3cccc(Cl)c3)ccn12,1.9517209607322847
1755,O=c1cc(N2CCOCC2)nc2n(Cc3cccc(Cl)c3Cl)ccn12,1.9807879800349948
1756,O=c1cc(N2CCOCC2)nc2n(Cc3cccc(F)c3)ccn12,1.892150277901364
1757,O=c1cc(N2CCOCC2)nc2n(Cc3cccc4ccccc34)ccn12,1.9782780873053227
1758,O=c1cc(O)oc2c1c(=O)n(-c1ccccc1)c1ccccc21,1.991978790994584
1759,O=c1cc(OCc2ccccc2)ccn1-c1ccc2c(cnn2CCN2CCCC2)c1,1.9311758148708953
1760,O=c1n(CCCN2CCN(c3cccc(Cl)c3)CC2)nc2ccccn12,1.9646874915542005
1761,O=c1nc(N2CCOCC2)cc(N(CCO)Cc2cccc3ccccc23)[nH]1,1.931829282453766
1762,O=c1nc(NCc2ccccc2)sn1Cc1ccccc1,1.9994785336793104
1763,OC(Cn1cncn1)(Cn1cncn1)c1ccc(F)cc1F,1.1532049000842843
1764,OC(c1ccc(-c2ccc(CN3CCN(Cc4ccncc4)CC3)cc2)c(F)c1)(C(F)(F)F)C(F)(F)F,1.999652425366079
1765,OC1(c2ccc(Cl)cc2)CCN(Cc2c[nH]c3ccccc23)CC1,1.960375631410158
1766,OCC(CO)Nc1nc(SCc2cccc(F)c2F)nc2nc(NC3CC3)sc12,1.9772662124272928
1767,OCCN1CCN(CCCN2c3ccccc3Sc3ccc(C(F)(F)F)cc32)CC1,1.994800899294604
1768,OCCN1CCN(CCCN2c3ccccc3Sc3ccc(Cl)cc32)CC1,1.9935464385044437
1769,OCCNC(=S)NCc1cccc(Cl)c1F,1.9242792860618816
1770,OCCOCCN1CCN(C(c2ccccc2)c2ccc(Cl)cc2)CC1,1.962937288430002
1771,OCCO[C@H]1C[C@@H](n2nnc3c(N[C@@H]4C[C@H]4c4ccc(F)c(F)c4)nc(SCCC(F)(F)F)nc32)[C@H](O)[C@@H]1O,1.9986728528073627
1772,OC[C@H](Nc1ncc(Cl)c(Nc2cc(C3CC3)[nH]n2)n1)c1ccc(F)cc1,1.979181736933897
1773,OC[C@H]1C[C@@H](n2nnc3c(N[C@@H]4C[C@H]4c4ccc(F)c(F)c4)nc(SCCC(F)(F)F)nc32)[C@H](O)[C@@H]1O,1.999239305247046
1774,OCc1cc(C(O)CNCCCCCCOCCCCc2ccccc2)ccc1O,1.9770071042895694
1775,O[C@H](c1cc(C(F)(F)F)nc2c(C(F)(F)F)cccc12)[C@@H]1CCCCN1,1.9906052114239197
1776,Oc1ccc2cc(CNCCc3ccc(Br)cc3)c(-c3ccsc3)nc2c1,1.9989273145913984
1777,Oc1nc(-c2ccc(C(F)(F)F)cc2)nc2c1CSCC2,1.989449817666692
1778,Oc1nc(-c2ccccc2)nc2ccccc12,1.994800899294604
1779,Oc1nc2c(O)ccc(CCNCCCSCCOCCc3cccc4ccccc34)c2s1,1.9946690218255292
1780,Oc1ncc(NCc2ccccc2)c(O)n1,1.5626496722119168
1781,Oc1ncnc2scc(-c3ccccc3)c12,1.9361114316748544
1782,c1cc(-c2ccc3nc(Nc4ccc(OCCN5CCCC5)cc4)ncc3c2)ccn1,1.9876662649262744
1783,c1ccc(-c2[nH]nc3ccccc23)cc1,1.9864582127373065
1784,c1ccc(-c2nnc3ccc(NC4CC4)nn23)cc1,1.9796849238270255
1785,c1ccc([C@@H]([C@H](c2ccccc2)N2CCCC2)N2CCCC2)cc1,1.8187965964647115
1786,c1ccc([C@@H]([C@H](c2ccccc2)N2CCCCC2)N2CCCCC2)cc1,1.8854249257728022
1787,c1ccc([C@H]([C@@H](c2ccccc2)N2CCCC2)N2CCCC2)cc1,1.8277803840683866
1788,c1ccc([C@H]([C@@H](c2ccccc2)N2CCCCC2)N2CCCCC2)cc1,1.8540546378918261
1789,c1ccc2[nH]c(CCCc3nc4ccccc4[nH]3)nc2c1,1.9986515959983733
1790,c1ccc2[nH]c(CCc3nc4ccccc4[nH]3)nc2c1,1.9118244644839224
1791,c1ccc2c(c1)CC(N1CCN(c3cccc4c3OCCO4)CC1)C2,1.979924278517818
1792,c1ccc2c(c1)CCC[C@H]2Nc1nc2ccccc2[nH]1,1.9887717021358005
1793,c1ccc2c(c1)CCN(c1ccncc1)C2,1.7548068553544234
1794,c1ccc2nc(COc3ccc(-c4n[nH]cc4-c4ccncc4)cc3)ccc2c1,1.999228424495294
1795,c1cncc(Nc2ncc(-c3ccncn3)c(-c3ccco3)n2)c1,1.9312603451296801
1796,c1nc(Cc2ccsc2)c[nH]1,1.7989267385772014
