,smiles,Standard Value
0,C#CC[C@@H](C(=O)N[C@H](/C=C/C(=O)OCC)C[C@@H]1CCNC1=O)n1cccc(NC(=O)c2cc(C)on2)c1=O,1.6920139371884717
1,C#Cc1cccc(Nc2ncnc3cc(OCCOC)c(OCCOC)cc23)c1,1.043230816114475
2,C#Cc1cccc(Nc2ncnc3cc4c(cc23)OCCOCCOCCO4)c1,0.9451378353582436
3,C(#Cc1n[nH]c2ccccc12)c1ccccc1,1.5440680443502757
4,C(=C/c1nn[nH]n1)\c1ccccc1,0.4771212547196624
5,C=CC(=O)N1CCC[C@@H](n2nc(-c3ccc(Oc4ccccc4)cc3)c3c(N)ncnc32)C1,2.1760912590556813
6,C=CC(=O)Nc1ccc(C)cc1,1.635012927940211
7,C=CC(=O)Nc1ccc(F)cc1,1.0285666836245433
8,C=CC(=O)Nc1ccc(OC)cc1,1.3301078182350805
9,C=CC(=O)Nc1ccc2ncnc(Nc3cccc(C)c3)c2c1,1.6830713384074438
10,C=CC(=O)Nc1cccc(CN2C(=O)N(c3c(Cl)c(OC)cc(OC)c3Cl)Cc3cnc(NCCCCN(CC)CC)nc32)c1,1.7700051662958804
11,C=CC(=O)Nc1cccc(Oc2nc(Nc3ccc(N4CCN(C)CC4)cc3OC)ncc2Cl)c1,1.209906278162555
12,C=CC(=O)Nc1ccccc1,1.4999834961825347
13,C=CCN(C(=O)Cc1ccc(S(C)(=O)=O)cc1)C1CCN(CCC(c2ccccc2)c2ccccc2)CC1,1.0
14,C=CCOc1cc(-c2cccc3c(=O)cc(N4CCOCC4)oc23)ccc1NC(=O)CN1CCOCC1,1.920018916028915
15,C=CCc1ccccc1OCC(O)CNC(C)C,1.6480033346568361
16,C=C[C@H]1CN2CC[C@H]1C[C@@H]2[C@@H](O)c1ccnc2ccc(OC)cc12,1.3251318028376313
17,CC,2.1760912590556813
18,CC#C[C@@H](CC(=O)O)c1ccc(OCc2cccc(-c3ccc(C(F)(F)F)cc3)c2)cc1,1.190051417759206
19,CC#C[C@]1(O)CC[C@H]2[C@@H]3CCC4=CC(=O)CCC4=C3[C@@H](c3ccc(N(C)C)cc3)C[C@@]21C,1.6638510734211902
20,CC(=O)CC(c1ccccc1)c1c(O)c2ccccc2oc1=O,0.5986402790628096
21,CC(=O)C[C@@H](c1ccccc1)c1c(O)c2ccccc2oc1=O,0.4771212547196624
22,CC(=O)C[C@H](c1ccccc1)c1c(O)c2ccccc2oc1=O,0.5403294747908738
23,CC(=O)N1CCN(CCOc2ccc(C3(O)CCN(c4ccc5nnc(C(F)(F)F)n5n4)CC3)cc2)CC1,1.9500239065233265
24,CC(=O)N1CCN(CCOc2ccc(C3CCN(c4ccc5nnc(C(F)(F)F)n5n4)CC3)cc2)CC1,2.1760912590556813
25,CC(=O)N1N=C(c2ccc(Br)cc2)CC1c1ccc(C)cc1,1.554995187275566
26,CC(=O)NCc1cccc(C(=O)O)c1,1.5899496013257075
27,CC(=O)N[C@@H](CCN)C(=O)N[C@H](C(=O)N[C@@H](CCN)C(=O)N[C@H]1CCNC(=O)[C@H]([C@@H](C)O)NC(=O)[C@H](CCN)NC(=O)[C@H](CCN)NC(=O)[C@H](CC(C)C)NC(=O)[C@@H](Cc2ccccc2)NC(=O)[C@H](CCN)NC1=O)[C@@H](C)O,0.4771212547196624
28,CC(=O)Nc1ccc(CC(=O)N(C)C2CCN(CCC(c3ccccc3)c3ccccc3)CC2)cc1,1.414973347970818
29,CC(=O)Nc1ccc(CNc2[nH]nc3cccc(Oc4ccc(F)cc4)c23)cc1,1.4471580313422192
30,CC(=O)Nc1ccc(CNc2[nH]nc3cccc(Oc4ccc(S(C)(=O)=O)cc4)c23)cc1,1.8750612633917
31,CC(=O)Nc1ccc(CNc2[nH]nc3ccnc(Oc4ccccc4)c23)cc1,1.0791812460476249
32,CC(=O)Nc1ccc(O)cc1,0.7701914564835821
33,CC(=O)Nc1ccc(O)cc1OC[C@@H](O)CN1CCC2(CC1)Cc1cc(Cl)ccc1O2,0.9030899869919436
34,CC(=O)Nc1ccc(O)cc1OC[C@@H](O)CN1CCC2(CC1)Cc1cc(F)ccc1O2,0.4771212547196624
35,CC(=O)Nc1ccc2c(c1)c(-c1cc(NC3CC3)n3ncc(C#N)c3n1)cn2CCCO,1.089905111439398
36,CC(=O)Nc1ccc2c(c1)c(Sc1ccc(Cl)cc1)c(C)n2CC(=O)O,1.5563025007672873
37,CC(=O)Nc1ccc2ccn(-c3cc(NC4COC4)n4ncc(C#N)c4n3)c2c1,1.3400473176613932
38,CC(=O)Nc1ccc2ccn(-c3cc(Nc4ccn(C)n4)n4ncc(C#N)c4n3)c2c1,1.63002085111341
39,CC(=O)Nc1cccc2c1c(S(=O)(=O)c1ccc(Cl)cc1)c(C)n2CC(=O)O,0.4771212547196624
40,CC(=O)Nc1nc(CCc2ccc(NC(=N)N)cc2)cs1,0.8548994675487406
41,CC(=O)[C@@]1(O)CC[C@H]2[C@@H]3CCC4=CC(=O)CCC4=C3[C@@H](c3ccc(N(C)C)cc3)C[C@@]21C,2.1760912590556813
42,CC(=O)c1cc2ccc(O)cc2oc1=O,1.8130161239145095
43,CC(=O)c1ccc(N2CCN(S(=O)(=O)C[C@]34CC[C@H](CC3=O)C4(C)C)CC2)nc1,2.1760912590556813
44,CC(=O)c1cn(Cc2ccccc2)c(=O)n(Cc2ccc(F)cc2)c1=O,1.848025219903875
45,CC(=O)c1ncccc1NC(=O)[C@H]1CC[C@H](N2C(=O)[C@@H]3[C@@H]4CC[C@@H](C4)[C@@H]3C2=O)CC1,1.6980996735478682
46,CC(C(=O)O)c1ccc(-c2ccccc2)c(F)c1,1.3710678622717365
47,CC(C(=O)O)c1ccc(C(=O)c2cccs2)cc1,0.8903786003647868
48,CC(C(=O)O)c1cccc(C(=O)c2ccccc2)c1,1.103547770209609
49,CC(C(=O)O)c1cccc(Oc2ccccc2)c1,1.0098756337121602
50,CC(C(=O)OC1CC[N+](C)(C)CC1)(c1ccccc1)N1CCC(F)(F)CC1,1.5962837266682728
51,CC(C(=O)O[C@@H]1CC[N+](C)(C)C1)(c1ccccc1)C1CCCC1,1.8493981258952155
52,CC(C)(C(=O)O)c1ccc(C(O)CCCN2CCC(C(O)(c3ccccc3)c3ccccc3)CC2)cc1,0.4771212547196624
53,CC(C)(C)NC(=O)NCCN1CC(NC(=O)c2cc(Cl)cc(Cl)c2)C1,0.5198279937757188
54,CC(C)(C)NC(=O)NCCN1CCC(CO)(CNC(=O)c2cc(Cl)cc(Cl)c2)CC1,0.850033257689769
55,CC(C)(C)NC(=O)NCCN1CCN(CC(=O)NC23CC4CC(CC(C4)C2)C3)CC1,1.5299434016586693
56,CC(C)(C)NC(=O)[C@@H]1CN(Cc2cccnc2)CCN1C[C@@H](O)C[C@@H](Cc1ccccc1)C(=O)N[C@H]1c2ccccc2C[C@H]1O.O,1.369924959705858
57,CC(C)(C)NC(=O)[C@@H]1C[C@@H]2CCCC[C@@H]2CN1C[C@@H](O)[C@H](Cc1ccccc1)NC(=O)[C@H](CC(N)=O)NC(=O)c1ccc2ccccc2n1,1.9207052138142189
58,CC(C)(C)NC(=O)c1ccc(Oc2cc(F)c(CC(=O)O)cc2Cl)c(NS(=O)(=O)c2ccc(C3CC3)cc2Cl)c1,0.6778079184956498
59,CC(C)(C)NCC(O)COc1nsnc1N1CCOCC1,1.4180037295627659
60,CC(C)(C)NCC(O)c1ccc(O)c(CO)c1,0.7781512503836436
61,CC(C)(C)NS(=O)(=O)c1cncc(-c2ccc3nc(N)nn3c2)c1,0.8890756251918218
62,CC(C)(C)NS(=O)(=O)c1cncc(-c2ccc3nc(NC(=O)NCC(=O)N4CCCC4)nn3c2)c1,0.6188089241567482
63,CC(C)(C)NS(=O)(=O)c1cncc(-c2ccc3nc(NC(=O)NCC(=O)N4CCOCC4)nn3c2)c1,0.64271323562504
64,CC(C)(C)S(=O)(=O)N[C@H]1CC[C@H](C(=O)Nc2ccc(C(F)(F)F)cn2)CC1,0.7596678446896304
65,CC(C)(C)c1cc(NC(=O)NCc2ccccc2Sc2ccc3nnc(-c4ccccc4SCCO)n3c2)n(-c2ccc(O)c(Cl)c2)n1,1.8086942688165635
66,CC(C)(C)c1ccc(C(O)CCCN2CCC(C(O)(c3ccccc3)c3ccccc3)CC2)cc1,1.8199917894159354
67,CC(C)(C)c1ccc2c(c1)CC[C@H]2NC(=O)Nc1cccc2[nH]ncc12,1.1150895320208078
68,CC(C)(C)c1csc(N2CCN(C(=O)[C@@H]3CCCC[C@H]3C(=O)NC3(C#N)CC3)CC2)n1,2.1760912590556813
69,CC(C)(CCCCCOCCc1ccccc1)NCCc1ccc(O)c2nc(O)sc12,1.8279421836002476
70,CC(C)(CO)Nc1nc(SCc2cccc(F)c2F)nc2nc(N)sc12,1.1303695099552056
71,CC(C)(Cc1cccc(CC(=O)NCc2cccc(-c3ccc(O)cc3)c2)c1)NC[C@H](O)c1ccc(O)c(NS(C)(=O)=O)c1,1.7819184593322723
72,CC(C)(N)C(=O)N[C@H](COCc1ccc(F)cc1F)C(=O)N1CCC2=NN(CC(F)(F)F)C(=O)[C@]2(Cc2ccccn2)C1,1.190051417759206
73,CC(C)(N)C(=O)N[C@H](COCc1ccccc1)C(=O)N1CCC2(CC1)CN(S(C)(=O)=O)c1ccccc12,1.1598678470925667
74,CC(C)(O)c1ccc(Nc2nc3ccc(C#N)cc3[nH]2)cc1,0.5787283840671128
75,CC(C)(O)c1ccccc1CC[C@@H](SCC1(CC(=O)O)CC1)c1cccc(/C=C/c2ccc3ccc(Cl)cc3n2)c1,1.4210778461464963
76,CC(C)=CCC[N+]12CCC(CC1)[C@@H](OC(=O)[C@](C)(c1ccccc1)N1CCCCC1)C2,1.8762547003944214
77,CC(C)C(=O)Nc1nc(-c2ccccn2)cc2ccccc12,1.9049958399908873
78,CC(C)CCOc1ccc(N)cc1,1.9430619790607175
79,CC(C)CNc1nc(N2CCN(CC3CCCOC3)CC2)ncc1C(=O)NCc1ccccc1,1.9650136390535364
80,CC(C)COc1cc(-c2cccc3c(=O)cc(N4CCOCC4)oc23)ccc1NC(=O)CN1CCOCC1,2.1760912590556813
81,CC(C)C[C@H](CO)Nc1nc(SCc2ccccc2)nc2[nH]c(=O)sc12,1.1300119496719043
82,CC(C)C[C@H](CO)Nc1nc(SCc2ccccc2)nc2nc(N)sc12,1.3100557377508917
83,CC(C)C[C@H](CO)Nc1nc(S[C@@H](C)c2ccccc2F)nc2nc(N)sc12,1.4899584794248346
84,CC(C)C[C@H](N)C(=O)NC[C@H](O)C[C@@H](N)CC(=O)NN(C)CC(=O)O,0.4771212547196624
85,CC(C)C[C@H](NC(=O)N1CCOCC1)C(=O)NCC#N,0.4771212547196624
86,CC(C)Cn1c(=O)n(C)c(=O)c2c(C(=O)N3CCCC3)c(Cc3ccccc3C(F)(F)F)sc21,2.1760912590556813
87,CC(C)Cn1c(=O)n(C)c(=O)c2c(C(=O)N3CC[C@@H](O)C3)c(Cc3c[nH]c4ccccc34)sc21,2.0293837776852097
88,CC(C)Cn1c(=O)n(C)c(=O)c2c(C(=O)N3CC[C@@H](O)C3)c(Cc3ccccc3C(F)(F)F)sc21,1.4313637641589874
89,CC(C)Cn1c(=O)n(C)c(=O)c2c(C(=O)N3CC[C@@H](O)C3)c(Cc3ccnc4ccccc34)sc21,1.591064607026499
90,CC(C)Cn1c(=O)n(C)c(=O)c2c(C(=O)N3C[C@H](O)CO3)c(Cc3ccnc4ccccc34)sc21,1.4771212547196624
91,CC(C)Cn1c(=O)n(C)c(=O)c2c(SC(C)C)c(Cc3ccccc3C(F)(F)F)sc21,0.8241258339165489
92,CC(C)Cn1c(=O)n(C)c(=O)c2c(SC3CCCC3)c(Cc3ccccc3C(F)(F)F)sc21,0.8450980400142568
93,CC(C)Cn1c(=O)n(C)c(=O)c2c(SCCCO)c(Cc3cccc4ccccc34)sc21,1.5185139398778875
94,CC(C)Cn1c(=O)n(C)c(=O)c2cn(Cc3cccc4ccccc34)cc21,1.146128035678238
95,CC(C)N(CCCNC(=O)Nc1ccc(C(C)(C)C)cc1)C[C@H]1O[C@@H](n2ccc3c(N)ncnc32)[C@H](O)[C@@H]1O,1.8530173303571753
96,CC(C)N(CCCNC(=O)Nc1ccc(C(C)(C)C)cc1)C[C@H]1O[C@@H](n2cnc3c(N)ncnc32)[C@H](O)[C@@H]1O,1.740033956236041
97,CC(C)N(CCNCCc1ccc(O)c2[nH]c(=O)sc12)C(=O)CCOCCc1ccccc1,1.8868932224905968
98,CC(C)N1CCC(N(C(=O)Cc2ccccc2)c2ccc(Cl)cc2)CC1,1.4499409887733377
99,CC(C)N1CCN(Cc2cnc(-c3cc(-c4cccc5[nH]ccc45)cc4[nH]ncc34)o2)CC1,1.069076913681135
100,CC(C)NC(=O)c1ccc2c(Nc3ccc(Cl)cc3)nc(N3CCOCC3)nc2c1,0.4771212547196624
101,CC(C)NCC(O)COc1ccc(CCOCC2CC2)cc1,0.6778079184956498
102,CC(C)NCC(O)COc1ccc(COCCOC(C)C)cc1,1.4000196350651586
103,CC(C)NCC(O)COc1cccc2[nH]ccc12,1.5281665174755807
104,CC(C)NC[C@@H](C(=O)N1CCN(c2ncnc3c2[C@H](C)C[C@H]3O)CC1)c1ccc(Cl)cc1,0.4771212547196624
105,CC(C)Nc1nc(NCc2ccccc2)c2sccc2n1,2.168039654718834
106,CC(C)OC(=O)C(C)(C)Oc1ccc(C(=O)c2ccc(Cl)cc2)cc1,1.7323937598229686
107,CC(C)Oc1cc(-c2cccc3c(=O)cc(N4CCOCC4)oc23)ccc1NC(=O)CN1CCOCC1,1.9400181550076632
108,CC(C)Oc1cc(-n2cnc3ccc(N[C@@H](C)c4ccc(F)cn4)nc32)n[nH]1,2.1760912590556813
109,CC(C)Oc1ccc2c(=O)c(-c3ccccc3)coc2c1,2.0400086360135417
110,CC(C)S(=O)(=O)c1ccc(-c2cnc(N)c(C(=O)Nc3ccccc3)n2)cc1,1.1599692199901543
111,CC(C)[C@H](C(=O)Nc1nccs1)c1ccc(Cl)cc1,1.0799044676667209
112,CC(C)[C@H]1C(=O)N[C@H](CO)Cc2ccccc2N1C,1.8249732649034107
113,CC(C)c1cc(C(=O)N2Cc3ccc(CN4CCN(C)CC4)cc3C2)c(O)cc1O,1.369957607346053
114,CC(C)c1ccc(NC(=O)Cn2cnc3c2c(=O)n(C)c(=O)n3C)cc1,1.240089738012565
115,CC(C)c1ccc(NC(=O)NCCCSC[C@H]2O[C@@H](n3cnc4c(N)ncnc43)[C@H](O)[C@@H]2O)cc1,2.069999934779113
116,CC(C)c1ccc(Sc2cnc(O)c(C(=O)NCc3ccccc3)c2)cc1,1.833024869240258
117,CC(C)c1ccccc1Cc1cc(C(=O)Nc2ccc(S(=O)(=O)c3ccccc3C(C)(C)C)cc2)c(O)c(O)c1O,0.4771212547196624
118,CC(C)c1nc2ccc(-c3ccc(F)cc3)cc2c(=O)n1C[C@H]1CCCN(C(C)C)C1,1.2899425362618766
119,CC(C)c1nc2ccccc2n1-c1nc(N2CCOCC2)c2nc(OC3CN(C4CCS(=O)(=O)CC4)C3)n(C)c2n1,1.1550278688754458
120,CC(C)c1nnc2ccc(-c3ocnc3-c3cc(F)ccc3F)cn12,0.4771212547196624
121,CC(C)n1c(/C=C/C(O)CC(O)CC(=O)O)c(-c2ccc(F)cc2)c2ccccc21,0.6988831280632251
122,CC(C)n1c(=O)n(C)c(=O)c2c(C(=O)N3CCS(=O)(=O)C3)c(Cc3ccccc3C(F)(F)F)sc21,0.7781512503836436
123,CC(CCc1cccc(OCc2ccc3ccccc3n2)c1)CC(=O)O,1.4051366618122634
124,CC(CO)(CO)Nc1nc(SCc2cccc(F)c2F)nc2nc(N)sc12,0.7685315713908085
125,CC(NC(=O)c1cc(O)nc2ccccc12)c1ccccc1,0.7201593034059569
126,CC(NC(C)(C)C)C(=O)c1cccc(Cl)c1,1.3899401984055586
127,CC(NCC(O)c1ccc([N+](=O)[O-])cc1)C12CC3CC(CC(C3)C1)C2,1.484299839346786
128,CC(c1cc2ccccc2s1)N(O)C(N)=O,0.8898617212581884
129,CC/C(=C(/c1ccc(O)cc1)c1ccc(/C=C/C(=O)O)cc1)c1ccccc1,1.7032972186988407
130,CC/C(=C(\c1ccccc1)c1ccc(/C=C/C(=O)O)cc1)c1ccccc1,1.764977020487019
131,CC1(C)C(=O)Nc2ccccc21,0.4771212547196624
132,CC1(C)CCC(c2ccc(Cl)cc2)=C(CN2CCN(c3ccc(C(=O)NS(=O)(=O)c4ccc(N[C@H](CCN5CCOCC5)CSc5ccccc5)c(S(=O)(=O)C(F)(F)F)c4)cc3)CC2)C1,0.989894563718773
133,CC1(C)S[C@@H]2[C@H](NC(=O)C(C(=O)O)c3ccccc3)C(=O)N2[C@H]1C(=O)O,0.68515289632992
134,CC1(C)S[C@@H]2[C@H](NC(=O)[C@H](N)c3ccc(O)cc3)C(=O)N2[C@H]1C(=O)O,0.4771212547196624
135,CC1(C)[C@@H]2CC[C@@]1(CS(=O)(=O)N1CCN(c3ccc(C#N)cn3)CC1)C(=O)C2,2.0944642418804267
136,CC1(C)[C@@H]2CC[C@@]1(CS(=O)(=O)N1CCN(c3ccc(C(F)(F)F)cn3)CC1)C(=O)C2,1.9283946443766582
137,CC1(C)[C@@H]2CC[C@@]1(CS(=O)(=O)NC1CCN(c3ccc(C(F)(F)F)cn3)CC1)C(=O)C2,1.8750612633917
138,CC1(C)[C@H](C(=O)O)N2C(=O)C[C@H]2S1(=O)=O,0.4771212547196624
139,CC1(C)[C@H](NC(=O)/C(=N\OCc2cc(=O)c(O)cn2O)c2csc(N)n2)C(=O)N1OS(=O)(=O)O,0.8122945484029046
140,CC1(CCCc2cc(=O)oc3[nH]c(=O)[nH]c(=O)c23)CC1,0.8614211201842449
141,CC1(COc2cc(-c3cccc4c(=O)cc(N5CCOCC5)oc34)ccc2NC(=O)CN2CCOCC2)COC1,1.9800033715837464
142,CC1(O)CN(S(=O)(=O)c2ccc3c(C(=O)NC[C@@H](O)CN4CCC(Oc5ccc(Cl)c(Cl)c5)CC4)c[nH]c(=O)c3c2)C1,1.2631624649622166
143,CC1=C(C(=O)O)N2C(=O)[C@@H](NC(=O)[C@H](N)c3ccc(O)cc3)[C@H]2SC1,0.4771212547196624
144,CC1=C(C)C(=O)C(C(CCCCCC(=O)O)c2ccccc2)=C(C)C1=O,1.2032700902169777
145,CC1=C(CC(=O)O)c2cc(F)ccc2/C1=C\c1ccc([S+](C)[O-])cc1,0.4771212547196624
146,CC1CCC(CC(=O)Nc2cccc3ncccc23)CC1,1.57978359661681
147,CC1CCC2C(C)C(=O)OC3OC4(C)CCC1C32OO4,1.260071387985075
148,CC1CN(C(=O)c2cc3ccccc3[nH]2)CCN1,0.9030899869919436
149,CC1CN(S(=O)(=O)c2ccccc2)CCN1Cc1cc(Cl)ccc1OCC(=O)O,0.6611096473669595
150,CC1CNC(Nc2c(Cl)cccc2Cl)=N1,0.4771212547196624
151,CC1Cc2ccccc2N1NC(=O)c1ccc(Cl)c(S(N)(=O)=O)c1,0.9050557451432524
152,CC1N=C(N)N=C(N)N1c1ccc(Cl)cc1,0.49847462424769057
153,CC1Sc2c(C(=O)O)c(=O)c3cc(F)c(N4CCNCC4)cc3n21,0.8085001705604494
154,CCC(=C(c1ccc(O)cc1)c1ccc(OCCN(C)C)cc1)c1ccccc1,1.749968083509403
155,CCC(=O)NC(c1cccs1)c1cc(Cl)c2cccnc2c1O,1.8940634063280406
156,CCC(=O)N[C@H]1CC[C@@H](C(=O)N(C)c2ccc(-c3nc4ccccc4o3)cc2)C1,0.8599895100378937
157,CCC(=O)O[C@]1(C(=O)SCF)[C@H](C)C[C@H]2[C@@H]3C[C@H](F)C4=CC(=O)C=C[C@]4(C)[C@@]3(F)[C@@H](O)C[C@@]21C,2.1030417172167644
158,CCC(C)(C)C(=O)O[C@H]1C[C@@H](C)C=C2C=C[C@H](C)[C@H](CC[C@@H](O)C[C@@H](O)CC(=O)O)[C@H]21,1.454215699483003
159,CCC(C)(C)C[C@H](c1ccc(C(=O)O)c(Oc2cccc(Cl)c2)c1)N1CCC[C@H](n2cc(C)c(=O)[nH]c2=O)C1,2.070000903802345
160,CCC(C)(CC)C[C@H](c1ccc(C(=O)O)c(Oc2cccc(Br)c2)c1)N1CCC[C@H](n2cc(C)c(=O)[nH]c2=O)C1,1.8399805576783428
161,CCC(C)NC(=O)c1c(C)nn(-c2ccccc2)c1NS(=O)(=O)c1ccc(C)cc1,1.216808442074959
162,CCC(CC)C[C@H](c1ccc(C(=O)O)c(Oc2cccc(Cl)c2)c1)N1CCC[C@H](n2cc(C)c(=O)[nH]c2=O)C1,1.5600262489128924
163,CCC(CC)NC(=O)c1c(C)nn(-c2ccccc2)c1NS(=O)(=O)c1ccc(C)cc1,0.9933484024538911
164,CCC(CC)NC(=O)c1c(C)nn(C(C)C)c1NS(=O)(=O)c1ccc(C)cc1,1.3261352607686925
165,CCC(CC)NC(=O)c1cn(-c2ccccc2)nc1NS(=O)(=O)c1ccc(C)cc1,0.8996702747267908
166,CCC(CC)NC(=O)c1cnn(-c2ccccc2)c1NS(=O)(=O)C1CCCC1,0.6002884633774241
167,CCC(CC)NC(=O)c1cnn(-c2ccccc2)c1NS(=O)(=O)c1ccc(-c2cnco2)cc1,1.5736835538968932
168,CCC(CC)NC(=O)c1cnn(-c2ccccc2)c1NS(=O)(=O)c1ccc(C)cc1,1.7084113365673939
169,CCC(CC)NC(=O)c1cnn(-c2ccccc2Cl)c1NS(=O)(=O)c1ccc(C)cc1,1.8027602617187344
170,CCC(CC)NC(=O)c1cnn(-c2ccccn2)c1NS(=O)(=O)c1ccc(C)cc1,0.737472167732694
171,CCC(CC)NC(=O)c1cnn(C)c1NS(=O)(=O)c1ccc(C)cc1,1.272653558232912
172,CCC(CC)NC(=O)c1cnn(Cc2ccccc2)c1NS(=O)(=O)c1ccc(C)cc1,1.4250166288448844
173,CCC(CC)NC(=O)c1nnn(-c2ccccc2)c1NS(=O)(=O)c1ccc(C)cc1,1.6461280356782382
174,CCC(CC)n1nc(C)c(C(=O)N[C@@H](C)C(C)(C)C)c1NS(=O)(=O)c1ccc(C)cc1,1.4047798573176338
175,CCC(CCNC)Oc1cc(Cl)ccc1C#N,0.4771212547196624
176,CCC(NC(=O)Nc1cc(Cl)ccc1Cl)(C(F)(F)F)C(F)(F)F,1.114921648584363
177,CCC1(C2=NCCN2)Cc2ccccc2O1,0.4771212547196624
178,CCC1(CCC(C)C)C(=O)NC(=O)NC1=O,1.070037866607755
179,CCC1=C(C)CN(C(=O)NCCc2ccc(S(=O)(=O)NC(=O)N[C@H]3CC[C@H](C)CC3)cc2)C1=O,1.3654879848908996
180,CCCC(=O)Nc1ccc(Cl)c(-c2nc3ncccc3o2)c1,2.0422881389671654
181,CCCC(=O)Nc1ccc(OCC(O)CNC(C)C)c(C(C)=O)c1,0.6586136745882101
182,CCCC(C)(C)C[C@H](c1ccc(C(=O)O)c(Oc2cccc(Cl)c2)c1)N1CCC[C@H](n2cc(C)c(=O)[nH]c2=O)C1,1.7199938263676038
183,CCCC1CCCCC(N)=N1,0.4771212547196624
184,CCCCC(=O)N(Cc1ccc(-c2ccccc2-c2nnn[nH]2)cc1)[C@H](C(=O)O)C(C)C,0.4771212547196624
185,CCCCC(CC)CNC(=O)c1cc(-n2ncc(=O)[nH]c2=O)ccc1Cl,1.380211241711606
186,CCCCC1=NC2(CCCC2)C(=O)N1Cc1ccc(-c2ccccc2-c2nnn[nH]2)cc1,1.0748677430973668
187,CCCCC1C(=O)N(c2ccccc2)N(c2ccccc2)C1=O,0.9400181550076632
188,CCCCCCCC(=O)N[C@@H](C)C(=O)N[C@H](C(=O)N[C@@H](CCN)C(=O)N[C@H]1CCNC(=O)[C@H]([C@@H](C)O)NC(=O)[C@H](CCN)NC(=O)[C@H](CCN)NC(=O)[C@H](CC(C)C)NC(=O)[C@@H](Cc2ccccc2)NC(=O)[C@H](CCN)NC1=O)[C@@H](C)O,0.4771212547196624
189,CCCCCCCC(=O)N[C@@H](CCN)C(=O)N[C@@H](C)C(=O)N[C@@H](CCN)C(=O)N[C@H]1CCNC(=O)[C@H]([C@@H](C)O)NC(=O)[C@H](CCN)NC(=O)[C@H](CCN)NC(=O)[C@H](CC(C)C)NC(=O)[C@@H](Cc2ccccc2)NC(=O)[C@H](CCN)NC1=O,0.4771212547196624
190,CCCCCCCC(=O)N[C@@H](CCN)C(=O)N[C@H](C(=O)N[C@@H](C)C(=O)N[C@H]1CCNC(=O)[C@H]([C@@H](C)O)NC(=O)[C@H](CCN)NC(=O)[C@H](CCN)NC(=O)[C@H](CC(C)C)NC(=O)[C@@H](Cc2ccccc2)NC(=O)[C@H](CCN)NC1=O)[C@@H](C)O,0.4771212547196624
191,CCCCCCCC(=O)N[C@@H](CCN)C(=O)N[C@H](C(=O)N[C@@H](CCN)C(=O)N[C@H]1CCNC(=O)[C@H](C)NC(=O)[C@H](CCN)NC(=O)[C@H](CCN)NC(=O)[C@H](CC(C)C)NC(=O)[C@@H](Cc2ccccc2)NC(=O)[C@H](CCN)NC1=O)[C@@H](C)O,0.4771212547196624
192,CCCCCCCC(=O)N[C@@H](CCN)C(=O)N[C@H](C(=O)N[C@@H](CCN)C(=O)N[C@H]1CCNC(=O)[C@H]([C@@H](C)O)NC(=O)[C@H](C)NC(=O)[C@H](CCN)NC(=O)[C@H](CC(C)C)NC(=O)[C@@H](Cc2ccccc2)NC(=O)[C@H](CCN)NC1=O)[C@@H](C)O,0.4771212547196624
193,CCCCCCc1nc2c(N)nc3ccccc3c2n1Cc1ccccc1,0.4771212547196624
194,CCCCCOc1ccc(C(=O)NC(C(=O)O)C(C)C)cc1,0.7403626894942439
195,CCCCCSc1nc(O)c2sc(N)nc2n1,1.255272505103306
196,CCCCC[C@H](c1ccc(C(=O)O)c(Oc2cccc(Br)c2)c1)N1CCC[C@H](n2cc(C)c(=O)[nH]c2=O)C1,1.4800069429571503
197,CCCCN(CCNCCc1ccc(O)c2[nH]c(=O)sc12)C(=O)CCOCCc1ccccc1,1.9129817896365389
198,CCCCN(CCNC[C@H](O)c1ccc(O)c2[nH]c(=O)sc12)C(=O)CCOCCc1ccccc1,2.1760912590556813
199,CCCCNC(=O)NS(=O)(=O)c1ccc(C)cc1,0.8067533926579696
200,CCCCNC(=O)c1ccc(Oc2ccc(CC(=O)O)cc2OC)c(NS(=O)(=O)c2ccc(Cl)cc2Cl)c1,0.4771212547196624
201,CCCCNc1cc(C(=O)O)cc(S(N)(=O)=O)c1Oc1ccccc1,1.3810240208549747
202,CCCCNc1nc(SCCC)nc2c1nnn2[C@@H]1C[C@H](CO)[C@@H](O)[C@H]1O,0.7781512503836436
203,CCCCOc1nc(N)c2[nH]c(=O)n(Cc3cccc(CC(=O)O)c3)c2n1,0.4771212547196624
204,CCCCc1nc2c(N)nc3ccccc3c2n1CC(C)(C)O,0.4771212547196624
205,CCCCc1nc2c(N)nc3ccccc3c2n1CC(C)C,0.4771212547196624
206,CCCCc1nc2c(N)nc3ccccc3c2n1Cc1ccccc1,0.7781512503836436
207,CCCCc1oc2ccccc2c1C(=O)c1cc(I)c(OCCN(CC)CC)c(I)c1,1.2363782246586061
208,CCCCn1c(SCC(=O)Nc2cc(C)on2)nnc1-c1ccco1,2.1760912590556813
209,CCCN(CCC)CCc1ccc(O)c(NC(C)=O)c1,1.5563025007672873
210,CCCN(CCNCCc1ccc(O)c2[nH]c(=O)sc12)C(=O)CCOCCc1ccccc1,2.1027375183704455
211,CCCN1CCC(Oc2nccc(Nc3cc(NC(=O)c4cccc(N5CCOCC5)c4)ccc3C)n2)CC1,1.7323937598229686
212,CCCN1CCCC[C@H]1C(=O)Nc1c(C)cccc1C,1.190051417759206
213,CCCNC(=O)CSc1ccc(S(=O)(=O)N2CCCC2)cn1,1.105704893862345
214,CCCNCC(O)COc1ccccc1C(=O)CCc1ccccc1,1.5800121125294244
215,CCCS(=O)(=O)N1N=Cc2cc(Cl)ccc2B1O,0.7335079092192177
216,CCCS(=O)(=O)Nc1ccc(F)c(C(=O)c2c[nH]c3ncc(-c4ccc(Cl)cc4)cc23)c1F,0.8202014594856403
217,CCCSc1c(C(=O)NC2CCCCC2)cnn1-c1cccc(C(=O)O)c1,1.2299376859079338
218,CCCSc1ccc2[nH]c(NC(=O)OC)nc2c1,1.519999495931058
219,CCCSc1nc(N[C@@H]2C[C@H]2c2ccccc2)c2nnn([C@@H]3C[C@H](O)[C@@H](O)[C@H]3O)c2n1,0.4771212547196624
220,CCCSc1nc(N[C@@H]2C[C@H]2c2ccccc2)c2nnn([C@@H]3C[C@H](OCCO)[C@@H](O)[C@H]3O)c2n1,0.4771212547196624
221,CCC[C@@H](CNC(=O)c1nc(Cl)c(N)nc1N)[N+](C)(C)CCCc1ccc(OC)cc1,1.6600242014877469
222,CCC[C@H](CO)Nc1nc(S[C@@H](C)c2cccc(C#N)c2)nc2[nH]c(=O)sc12,1.535023959973317
223,CCC[C@H]1CN(Cc2cc(Cl)ccc2OCC(=O)O)CCN1S(=O)(=O)c1ccccc1,1.0206963425791127
224,CCCc1cc(=O)[nH]c(=S)[nH]1,0.4771212547196624
225,CCCc1cc(OCc2ccccc2)cc(=O)n1Cc1ccc(-c2ccccc2-c2nn[nH]n2)cc1,1.3100557377508917
226,CCCc1nc2c(C)cc(-c3nc4ccccc4n3C)cc2n1Cc1ccc(-c2ccccc2C(=O)O)cc1,0.5385021633966751
227,CCCc1nn(C)c2c(=O)[nH]c(-c3cc(S(=O)(=O)N4CCN(C)CC4)ccc3OCC)nc12,1.838737866391268
228,CCN(C(=O)Cc1ccc(S(C)(=O)=O)cc1)C1CCN(CCC(c2ccc(NC(C)=O)cc2)c2cccc(F)c2)CC1,1.3710678622717365
229,CCN(C(=O)Cc1ccc(S(C)(=O)=O)cc1)C1CCN(CCC(c2ccccc2)C2CCN(Cc3ccccc3)CC2)CC1,2.1760912590556813
230,CCN(C(=O)Cc1ccc(S(C)(=O)=O)cc1)C1CCN(CCC(c2ccccc2)N2CCC(C(C)=O)CC2)CC1,1.3222192947339193
231,CCN(C(=O)Cc1ccc(S(C)(=O)=O)cc1)C1CCN(CCC(c2ccccc2)N2CCN(c3ccccc3)CC2)CC1,1.420450859106068
232,CCN(C(=O)Cc1ccc(S(C)(=O)=O)cc1)C1CCN(CCC(c2ccccc2)c2ccc(C#N)cc2)CC1,0.4771212547196624
233,CCN(C(=O)Cc1ccc(S(C)(=O)=O)cc1)C1CCN(CCC(c2ccccc2)c2ccc(C)cc2)CC1,1.8195439355418688
234,CCN(C(=O)Cc1ccc(S(C)(=O)=O)cc1)C1CCN(CCC(c2ccccc2)c2ccc(NC(=O)C(C)(C)C)cc2)CC1,0.4771212547196624
235,CCN(C(=O)Cc1ccc(S(C)(=O)=O)cc1)C1CCN(CCC(c2ccccc2)c2ccc(NC(C)=O)cc2)CC1,0.4771212547196624
236,CCN(C(=O)Cc1ccc(S(C)(=O)=O)cc1)C1CCN(CCC(c2ccccc2)c2ccc(NS(C)(=O)=O)cc2)CC1,0.4771212547196624
237,CCN(C(=O)Cc1ccc(S(C)(=O)=O)cc1)C1CCN(CCC(c2ccccc2)c2ccc(S(C)(=O)=O)cc2)CC1,1.2671717284030135
238,CCN(C(=O)Cc1ccc(S(C)(=O)=O)cc1)C1CCN(CCC(c2ccccc2)c2ccccc2)CC1,1.2041199826559248
239,CCN(C(=O)Cc1ccc(S(C)(=O)=O)cc1)C1CCN(CC[C@@H](c2cc(C)cc(C)c2)C2CCN(S(C)(=O)=O)CC2)CC1,2.1760912590556813
240,CCN(C(=O)Cc1ccc(S(C)(=O)=O)cc1)C1CCN(CC[C@@H](c2cc(Cl)cc(Cl)c2)C2CCN(S(C)(=O)=O)CC2)CC1,1.2430380486862944
241,CCN(C(=O)Cc1ccc(S(C)(=O)=O)cc1)C1CCN(CC[C@@H](c2cc(F)cc(F)c2)N2CCN(S(C)(=O)=O)CC2)CC1,0.8750612633917001
242,CCN(C(=O)Cc1ccc(S(C)(=O)=O)cc1)C1CCN(CC[C@@H](c2ccc(F)cc2)c2ccc(S(C)(=O)=O)cc2)CC1,0.9294189257142929
243,CCN(C(=O)Cc1ccc(S(C)(=O)=O)cc1)C1CCN(CC[C@@H](c2cccc(C(F)(F)F)c2)C2CCN(S(C)(=O)=O)CC2)CC1,1.2387985627139169
244,CCN(C(=O)Cc1ccc(S(C)(=O)=O)cc1)C1CCN(CC[C@@H](c2ccccc2)C2CCN(S(=O)(=O)C(F)(F)F)CC2)CC1,1.4393326938302626
245,CCN(C(=O)Cc1ccc(S(C)(=O)=O)cc1)C1CCN(CC[C@@H](c2ccccc2)C2CCN(S(C)(=O)=O)CC2)CC1,1.484299839346786
246,CCN(C(=O)Cc1ccc(S(C)(=O)=O)cc1)C1CCN(CC[C@@H](c2ccccc2)N2CCN(S(=O)(=O)C(F)(F)F)CC2)CC1,1.255272505103306
247,CCN(C(=O)Cc1ccc(S(C)(=O)=O)cc1)C1CCN(CC[C@@H](c2ccccc2)c2ccc(S(C)(=O)=O)cc2)CC1,0.6020599913279624
248,CCN(C(=O)Cc1ccc(S(C)(=O)=O)cc1)C1CCN(CC[C@H](c2ccc(S(C)(=O)=O)cc2)c2cc(F)c(F)c(F)c2)CC1,1.255272505103306
249,CCN(C(=O)Cc1ccc(S(C)(=O)=O)cc1)C1CCN(CC[C@H](c2ccc(S(C)(=O)=O)cc2)c2cc(F)cc(Cl)c2)CC1,0.8129133566428556
250,CCN(C(=O)Cc1ccc(S(C)(=O)=O)cc1)C1CCN(CC[C@H](c2ccc(S(C)(=O)=O)cc2)c2cc(F)cc(F)c2)CC1,0.7626785637274363
251,CCN(C(=O)Cc1ccc(S(C)(=O)=O)cc1)C1CCN(CC[C@H](c2ccc(S(C)(=O)=O)cc2)c2cccc(Cl)c2)CC1,1.0791812460476249
252,CCN(C(=O)Cc1ccc(S(C)(=O)=O)cc1)C1CCN(CC[C@H](c2ccc(S(C)(=O)=O)cc2)c2cccc(F)c2)CC1,0.4771212547196624
253,CCN(C(=O)Cc1ccc([N+](=O)[O-])cc1)C1CCN(CCC(c2ccccc2)c2ccccc2)CC1,1.1139433523068367
254,CCN(C(=O)NCc1c(F)cccc1F)C1CCN(CCC(c2ccccc2)c2ccccc2)CC1,0.7781512503836436
255,CCN(C(=O)NCc1ccc(F)cc1)C1CCN(CCC(c2ccccc2)c2ccccc2)CC1,2.0211892990699383
256,CCN(C(=O)NCc1ccc(S(C)(=O)=O)cc1)C1CCN(CCC(c2ccccc2)c2ccccc2)CC1,0.4771212547196624
257,CCN(C(=O)NCc1ccccc1)C1CCN(CCC(c2ccccc2)c2ccccc2)CC1,0.6020599913279624
258,CCN(C(=O)c1ccc(-c2ccc(Cl)cc2)o1)c1ccc(N2CCNCC2)cc1,0.4771212547196624
259,CCN(C(=O)c1cnn(-c2ccccc2)c1NS(=O)(=O)c1ccc(-c2cnco2)cc1)C1CCCCC1,1.55283740559851
260,CCN(C(C)=O)c1cccc2c1c(Sc1ccc(Cl)cc1)c(C)n2CC(=O)O,1.505149978319906
261,CCN(CC)CCN1C(=O)C(O)(c2ccccc2Cl)c2c1cc(C(N)=O)cc2C(F)(F)F,1.180125875164054
262,CCN(CC)CCN1C(=O)[C@@](O)(c2ccccc2Cl)c2c1cc(C(N)=O)cc2C(F)(F)F,1.5933104124665745
263,CCN(CC)CCNc1ncnc2c1sc1nc(N3CCOCC3)c3c(c12)CCCC3,1.199979560036752
264,CCN(CC)CCn1c2ccccc2c2cnc(N)c(C#N)c21,1.8688745369457784
265,CCN(CC)Cc1cc(Nc2ccnc3cc(Cl)ccc23)ccc1O,1.843049885997958
266,CCN(CC)S(=O)(=O)c1ccc(-c2cc(C(F)(F)F)ccc2OCC(=O)O)cc1,0.9542425094393248
267,CCN(CC)S(=O)(=O)c1ccc(-c2nnc(SCC(=O)N3CCc4ccccc43)o2)cc1,2.1760912590556813
268,CCN(CC)c1ccc2cc(C(C)=O)c(=O)oc2c1,2.128052053081805
269,CCN(CCNCCc1ccc(O)c2[nH]c(=O)sc12)C(=O)CCOCCc1ccccc1,2.0220738104393616
270,CCN(Cc1cc(C(F)(F)F)ccc1-c1cc(CC(=O)O)ccc1OC)C(=O)NCc1ccccc1,1.4967006529954503
271,CCN1CCN(C(=O)N[C@@H](C(=O)N[C@@H]2C(=O)N3C(C(=O)O)=C(CSc4nnnn4C)CS[C@H]23)c2ccc(O)cc2)C(=O)C1=O,0.4771212547196624
272,CCN1CCN(c2ccc(Nc3cc(N(C)C(=O)Nc4c(Cl)c(OC)cc(OC)c4Cl)ncn3)cc2)CC1,1.7000067055275272
273,CCNC(=O)C[C@@H]1N=C(c2ccc(Cl)cc2)c2cc(OC)ccc2-n2c(C)nnc21,0.8790463500934603
274,CCNC(=O)C[C@H]1N=C(c2ccc(Cl)cc2)c2cc(OC)ccc2-n2c(C)nnc21,0.9299856236530446
275,CCNC(=O)OC1CCN(c2nncc3cc(OC)c(OC)cc23)CC1,1.6699870940322543
276,CCNC(=O)c1ccc(C)c(-n2cnc3ccc(N4CCN(C)CC4)cc3c2=O)c1,0.4771212547196624
277,CCNC(=O)c1cnc(N2CCN(C3CCN(Cc4ccc(Cl)cc4F)CC3)[C@@H](CC)C2)c(Cl)c1,1.3105881408875175
278,CCO/N=C(\c1ccc(Br)cc1)C1CCN(C2(C)CCN(C(=O)c3c(Cl)cncc3Cl)CC2)CC1,0.6020599913279624
279,CCO/N=C/c1ccc(OCCC2CCN(c3ccc(C)nn3)CC2)cc1,1.2955323035132496
280,CCOC(=O)/C=C/[C@H](C[C@@H]1CCNC1=O)NC(=O)[C@@H](CC(=O)[C@@H](NC(=O)c1cc(C)on1)C(C)C)Cc1ccc(F)cc1,1.935366814437037
281,CCOC(=O)C1=C(C)NC(C)=C(C(=O)OC)C1c1cccc([N+](=O)[O-])c1,1.9022400945529965
282,CCOC(=O)C1=C(C)NC(C)=C(C(C)=O)[C@H]1c1cccc2c(=O)cc(C)oc12,1.9520302133120992
283,CCOC(=O)C1=C(C)NC2=C(C(=O)CC(C)(C)C2)C1c1ccc(-c2ccccc2)cc1,2.1230460814290133
284,CCOC(=O)CN(c1ccccc1C)S(=O)(=O)c1ccc(Cl)cc1,2.07460955632769
285,CCOC(=O)N1CCC(Nc2cc(Cl)ccn2)CC1,1.5314789170422551
286,CCOC(=O)N1CCC(Nc2cc(OC)ccn2)CC1,0.6020599913279624
287,CCOC(=O)Nc1cc2c(c(N)n1)N=C(c1ccccc1)CCN2,1.8200043068083176
288,CCOC(=O)c1c(-c2ccccc2)nc2cc(C)ccn12,2.173044398061126
289,CCOC(=O)c1c(-c2ccccc2)nc2ccc(C)cn12,2.138041246300183
290,CCOC(=O)c1c(C)n(Cc2ccco2)c2ccc(O)cc12,2.1760912590556813
291,CCOC(=O)c1ccc(OCCC2CCN(c3ccc(C)nn3)CC2)cc1,2.1760912590556813
292,CCOC(=O)c1cnc2c(N)cccc2c1O,1.7430734984032865
293,CCOCc1nc2c(N)nc3ccccc3c2n1CC(C)(C)O,0.4771212547196624
294,CCO[C@@H]1OC(=O)C[C@@H]1NC(=O)[C@@H]1CCCN2C(=O)CC[C@H](NC(=O)c3nccc4ccccc34)C(=O)N12,0.4771212547196624
295,CCOc1cc(-c2cccc3c(=O)cc(N4CCOCC4)oc23)ccc1NC(=O)CN1CCOCC1,1.7100326990657535
296,CCOc1cc(CC(=O)N[C@@H](CC(C)C)c2ccccc2N2CCCCC2)ccc1C(=O)O,1.4699692094999597
297,CCOc1cc(Nc2nc3c(cc2F)ncn3[C@@H](CO)c2ccc(F)cn2)n[nH]1,1.4800069429571503
298,CCOc1cc2ncc(C(N)=O)c(Nc3ccc(C)cc3F)c2cc1N1CCN(C)CC1,1.2470772970092214
299,CCOc1ccc(-c2ccc(Cn3c(CC(C)(C)C(=O)O)c(SC(C)(C)C)c4cc(OCc5ccc(C)cn5)ccc43)cc2)cn1,0.9150003290877654
300,CCOc1ccc(-n2c([C@@H](C)N(CC3CCN(C)CC3)C(=O)Cc3ccc(F)c(C(F)(F)F)c3)nc3ncccc3c2=O)cc1,1.3149753004477631
301,CCOc1ccc(-n2c([C@@H](C)N(Cc3cccnc3)C(=O)Cc3ccc(C(F)(F)F)cc3)nc3ccccc3c2=O)cc1,1.434151960746466
302,CCOc1ccc(-n2c([C@@H](C)N(Cc3cccnc3)C(=O)Cc3ccc(OC(F)(F)F)cc3)nc3ncccc3c2=O)cc1,1.3010299956639813
303,CCOc1ccc(CCNCCCSCCNC[C@H](O)c2ccc(O)c3[nH]c(=O)sc23)cc1,1.389075625191822
304,CCOc1ccc(NC(=O)CCc2c(C)nc3nc(C)nn3c2C)cc1,0.5486286548467099
305,CCOc1ccc(NC(C)=O)cc1,1.4100632760054634
306,CCOc1ccc(Oc2ccc(S(=O)(=O)NC(=O)c3cccc(-c4ccc(Cl)c(Cl)c4)c3)cc2)cc1,1.0599418880619549
307,CCOc1ccc2ccc(=O)oc2c1,1.6800071987827643
308,CCOc1ccc2nc(N)sc2c1,1.4166137892704098
309,CCOc1ccc2nc3ccc(=O)cc-3oc2c1,2.1760912590556813
310,CCOc1ccc2oc(C(=O)NC(CCSC)c3nc4ccccc4[nH]3)c(C)c2c1,1.4997827441129912
311,CCOc1ccc2oc(C(=O)NC(CCSC)c3nc4cnccc4[nH]3)c(C)c2c1,1.2763341080560968
312,CCOc1ccc2oc(C(=O)NC(CCSC)c3nc4ncccc4[nH]3)c(C)c2c1,1.9194245453686278
313,CCOc1ccccc1CNCc1cccc(CCNC[C@H](O)c2ccc(O)c3[nH]c(=O)sc23)c1,1.6434526764861874
314,CCOc1nc2ccc(OCCC3CCN(c4ccc(C)nn4)CC3)cc2o1,0.690105620855803
315,CCOc1nc2cccc(C(=O)O)c2n1Cc1ccc(-c2ccccc2-c2nnn[nH]2)cc1,0.4771212547196624
316,CCOc1ncc(C)c2c1[C@H](c1ccc(C#N)cc1OC)C(C(N)=O)=C(C)N2,1.3634347889758207
317,CCOc1noc2cc(OCCC3CCN(c4ccc(C)nn4)CC3)ccc12,1.2866888993503929
318,CCS(=O)(=O)CCCC12CCC(c3nnc(-c4ccccc4C(F)(F)F)n3C)(CC1)CC2,0.4771212547196624
319,CCS(=O)(=O)Nc1cccc2c1c(Oc1ccc(Cl)cc1)c(C)n2CC(=O)O,0.4771212547196624
320,CCS(=O)(=O)c1ccc(-c2cc(C(F)(F)F)ccc2CCC(=O)O)c(C)c1,0.4771212547196624
321,CCS(=O)(=O)c1ccc(-c2cc(C(F)(F)F)ccc2OCC(=O)O)c(C)c1,0.5187675002557625
322,CCS(=O)(=O)c1ccc(-c2cc(C(F)(F)F)ccc2OCC(=O)O)c(Cl)c1,0.4771212547196624
323,CCS(=O)(=O)c1ccc(-c2cc(C(F)(F)F)ccc2OCC(N)=O)c(C)c1,0.4771212547196624
324,CCS(=O)(=O)c1ccc(-c2cc(C(F)(F)F)ccc2O[C@@H](C)C(=O)O)c(C)c1,0.4771212547196624
325,CCS(=O)(=O)c1ccc(-c2cc(Cl)ccc2OCC(=O)O)c(C(F)(F)F)c1,0.6020599913279624
326,CCS(=O)(=O)c1ccc(-c2cc(Cl)ccc2OCC(=O)O)c(C)c1,0.4771212547196624
327,CCS(=O)(=O)c1ccc(-c2cc(Cl)ccc2OCC(=O)O)c(Cl)c1,0.4771212547196624
328,CCS(=O)(=O)c1ccc(-c2cc(Cl)ccc2OCC(=O)O)c(F)c1,0.5272027886773525
329,CCS(=O)(=O)c1ccc(-c2cc(Cl)ccc2OCC(=O)O)cc1,0.4771212547196624
330,CCS(=O)(=O)c1ccc(Oc2c(C)n(CC(=O)O)c3ccc(C(F)(F)F)cc23)cc1,0.4771212547196624
331,CCS(=O)(=O)c1ccc2[nH]c(-c3cccc(-c4ccccc4)c3)nc2c1,1.2749596717757772
332,CCS(=O)(=O)c1cccc(-c2cc(C(F)(F)F)ccc2OCC(=O)O)c1,1.0791812460476249
333,CCSc1ccc(-c2cc(C(F)(F)F)ccc2OCC(=O)O)cc1,2.127104798364808
334,CC[C@@H](Nc1c(Nc2cccc(C(=O)N(C)C)c2O)c(=O)c1=O)c1ccc(C)o1,1.1787673272987895
335,CC[C@@H](Nc1c(Nc2cccc(C(=O)N(C)C)c2O)c(=O)c1=O)c1ccccc1,1.1450173056812591
336,CC[C@@]1(O)C(=O)OCc2c1cc1n(c2=O)Cc2cc3c(CN(C)C)c(O)ccc3nc2-1,0.5105450102066121
337,CC[C@H](C)C(=O)O[C@H]1C[C@H](O)C=C2C=C[C@H](C)[C@H](CC[C@@H](O)C[C@@H](O)CC(=O)O)[C@H]21,0.7950948182584033
338,CC[C@H](CO)Nc1nc(NCc2ccccc2)c2ncn(C(C)C)c2n1,2.060001599692497
339,CC[C@H](CO)Nc1nc(SCc2cccc(F)c2F)nc2nc(N)sc12,1.2525206955627326
340,CC[C@H](CO)Nc1nc(SCc2cccc(F)c2F)nc2nc(NC(C)C)sc12,1.6232492903979006
341,CC[C@H](CO)Nc1nc(SCc2ccccc2)nc2[nH]c(=O)sc12,1.0
342,CC[C@H](CO)Nc1nc(SCc2ccccc2)nc2nc(N)sc12,0.9400181550076632
343,CC[C@H](N)C(=O)N[C@H](C#N)Cc1ccc(-c2ccccc2)cc1,1.708234542633789
344,CC[C@H](Nc1ncnc2[nH]cnc12)c1nc2cccc(F)c2c(=O)n1-c1ccccc1,1.1167470774766228
345,CC[C@H]1CN(Cc2cc(Cl)ccc2OCC(=O)O)CCN1S(=O)(=O)c1ccccc1,0.7781512503836436
346,CCc1[nH]c2nc(Sc3cnc4ccc[n+]([O-])c4c3)nc(N3CC[C@@H](N)C3)c2c1Cl,1.880012777992948
347,CCc1[nH]c2nc(Sc3cnc4ccc[n+]([O-])c4c3)nc(N3C[C@@H]4[C@@H](N)[C@@H]4C3)c2c1Cl,1.6499556014940557
348,CCc1c(C(=O)C(N)=O)c2c(OCC(=O)OC)cccc2n1Cc1ccccc1,1.7000110623221123
349,CCc1c(C)nc(SCC(=O)Nc2nc(-c3ccc(OC)cc3)cs2)nc1O,1.8200043068083176
350,CCc1c2c(nc3ccc(O)cc13)-c1cc3c(c(=O)n1C2)COC(=O)[C@]3(O)CC,1.3900249415164945
351,CCc1c2c(nc3ccc(OC(=O)N4CCC(N5CCCCC5)CC4)cc13)-c1cc3c(c(=O)n1C2)COC(=O)[C@]3(O)CC,0.8035666021957834
352,CCc1cc2c(cc1N1CCC(N3CCOCC3)CC1)C(C)(C)c1[nH]c3cc(C#N)ccc3c1C2=O,0.6998377258672457
353,CCc1ccc(CCNCCCSCCNC[C@H](O)c2ccc(O)c3[nH]c(=O)sc23)cc1,1.8325089127062364
354,CCc1ccc(OCC(=O)O)c(-c2ccc(S(C)(=O)=O)cc2)c1,0.4771212547196624
355,CCc1cccc2c1N(C)Cc1cc3c(cc1-2)OCO3,1.9130536057637597
356,CCc1cccc2c3c([nH]c12)C(CC)(CC(=O)O)OCC3,1.1099158630237933
357,CCc1cccc2cc(C(O)CNC(C)(C)C)oc12,1.5580547070316721
358,CCc1cnn2c(NCc3ccc[n+]([O-])c3)cc(N3CCCC[C@H]3CCO)nc12,2.1760912590556813
359,CCc1nc2c(N)nc3ccccc3c2n1CC(C)(C)O,0.4771212547196624
360,CCc1nc2c(N)nc3ccccc3c2n1CC(C)C,0.4771212547196624
361,CCc1nc2c(N)nc3ccccc3c2n1Cc1ccccc1,0.4771212547196624
362,CCc1nc2cc(O)ccc2c(Oc2ccc(/C=C/C(=O)O)cc2)c1-c1ccccc1,1.54998181079097
363,CCc1nc2ccc(C(=O)NCc3ccc4c(c3)OCO4)cn2c1N(C)Cc1cccs1,2.1760912590556813
364,CCc1nn(C2CCCC2)c2c1CCn1c(-c3cccs3)nnc1-2,1.3279655971087685
365,CCn1c(C)c(C(=O)O)c(-c2cccc(N3CCN(c4ccc(NS(=O)(=O)c5ccc(N[C@H](CCN6CCC(O)CC6)CSc6ccccc6)c(S(=O)(=O)C(F)(F)F)c5)cc4)CC3)c2)c1-c1ccc(Cl)cc1,1.2100878236383508
366,CCn1c(SCC(=O)Nc2cc(C)on2)nnc1-c1ccccc1,1.843049885997958
367,CCn1c(SCC(=O)Nc2cc(C)on2)nnc1-c1cccnc1,1.3849372798124802
368,CCn1c(SCC(=O)Nc2cccc(C)c2)nnc1-c1ccccc1,2.1760912590556813
369,CCn1cc(C(=O)O)c(=O)c2ccc(C)nc21,0.5705680450603695
370,CCn1nc(C(=O)O)c(=O)c2cc3c(cc21)OCO3,0.4771212547196624
371,CCn1nc(C)c(C(=O)N[C@@H](C)C(C)(C)C)c1NS(=O)(=O)c1ccc(C)cc1,0.6818059899460722
372,CN(C(=O)Cc1ccc(F)cc1)C1CCN(CCC(c2ccccc2)c2ccccc2)CC1,0.4771212547196624
373,CN(C(=O)Cc1ccc(S(N)(=O)=O)cc1)C1CCN(CCC(c2ccccc2)c2ccccc2)CC1,1.0791812460476249
374,CN(C)C(=O)C(CCN1CCC(O)(c2ccc(Cl)cc2)CC1)(c1ccccc1)c1ccccc1,1.586628382006328
375,CN(C)C(C)(C(=O)OC1CC[N+](C)(C)CC1)c1ccccc1,0.8406206186877936
376,CN(C)CC(O)COc1ccc(Nc2ncc(Cl)c(Nc3ccccc3)n2)cc1,0.6989700043360189
377,CN(C)CCC(c1ccc(Cl)cc1)c1ccccn1,0.9194245453686276
378,CN(C)CCC=C1c2ccccc2C=Cc2ccccc21,0.60959440922522
379,CN(C)CCCN1c2ccccc2CCc2ccccc21,1.3519465080988822
380,CN(C)CCCN1c2ccccc2Sc2ccc(Cl)cc21,1.6353059747482808
381,CN(C)CCCOc1ccc(-c2cc(C(N)=O)c(NC(N)=O)s2)cc1,0.7781512503836436
382,CN(C)CCCOc1nn(Cc2ccccc2)c2ccccc12,1.4386282456493549
383,CN(C)CCNc1cc(-c2ccc(N3CCN(C)CC3)cc2)nc2ccccc12,0.7592569699389438
384,CN(C)CCNc1cc(-c2ccccc2)nc2cc(-c3ccc(F)cc3)nn12,1.2150115524439866
385,CN(C)CCOc1cc(NS(=O)(=O)c2c(Cl)cc(C(F)(F)F)cc2Cl)ccc1Cl,1.130029012436176
386,CN(C)CCOc1ccc(-c2cc(C(N)=O)c(NC(N)=O)s2)cc1,0.9542425094393248
387,CN(C)CC[C@H](CSc1ccccc1)Nc1ccc(S(=O)(=O)NC(=O)c2ccc(N3CCN(Cc4ccccc4-c4ccc(Cl)cc4)CC3)cc2)cc1[N+](=O)[O-],0.9800033715837464
388,CN(C)C[C@H](O)Cc1ccc(Cl)c(C(=O)NCC23CC4CC(CC(C4)C2)C3)c1,1.0413926851582251
389,CN(C)N(C)C(=O)[C@@]1(Cc2ccccc2)CCCN(C(=O)[C@@H](Cc2c[nH]c3ccccc23)NC(=O)C(C)(C)N)C1,0.9498777040368748
390,CN(C)S(=O)(=O)NC(=O)CCCc1c(-c2ccc(F)cc2)[nH]c2ccc(C#N)cc12,1.0226692176976335
391,CN(C)S(=O)(=O)c1ccc2c(C(=O)NC[C@@H](O)CN3CCC(Oc4ccc(Cl)c(Cl)c4)CC3)c[nH]c(=O)c2c1,1.934498451243568
392,CN(C)c1ccc(S(=O)(=O)NC(=O)N2CCC(N3CCC(Oc4ccc(Cl)c(Cl)c4)CC3)CC2)cc1,1.021189299069938
393,CN(C)c1ccccc1S(=O)(=O)NC(=O)N1CCC(N2CCC(Oc3ccc(Cl)c(Cl)c3)CC2)CC1,1.5185139398778875
394,CN(C)c1ccnc2sc(C(N)=O)c(N)c12,0.4771212547196624
395,CN(C)c1nc(Cc2ccc(NC(=O)c3ccc(C(F)(F)F)cc3)cc2)nc(N(C)C)c1CC(=O)O,0.7991361514989741
396,CN(C)c1nc(NC[C@H]2CC[C@H](CNS(=O)(=O)c3ccc(Br)cc3OC(F)(F)F)CC2)nc2ccccc12,1.8850059830622286
397,CN(CC(=O)N(Cc1ccc(C2CCCCC2)cc1)c1ccc(C(=O)O)c(O)c1)S(=O)(=O)c1c(F)c(F)c(F)c(F)c1F,1.9899886474708168
398,CN(CC(=O)O)NC(=O)C[C@H](N)C[C@@H](O)CN,0.4771212547196624
399,CN(CCCOCCOCCc1ccccc1)CCc1ccc(O)c2nc(O)sc12,1.8600796517029785
400,CN(CCNCCc1ccc(O)c2nc(O)sc12)C(=O)CCOCCc1ccccc1,1.845098040014257
401,CN(CCNC[C@H](O)c1ccc(O)c2[nH]c(=O)sc12)C(=O)CCOCCc1ccccc1,1.588768249964931
402,CN(CCOc1ccc(NS(C)(=O)=O)cc1)CCc1ccc(NS(C)(=O)=O)cc1,0.8950806316660576
403,CN(CCOc1ccccc1-c1cc(C(N)=O)c(NC(N)=O)s1)Cc1ccccc1,2.1760912590556813
404,CN(CCc1ccc(O)c2nc(O)sc12)CCN(C)C(=O)CCOCCc1ccccc1,2.1760912590556813
405,CN(c1ccc(-c2cc(C(F)(F)F)ccc2OCC(=O)O)cc1)S(C)(=O)=O,1.1139433523068367
406,CN(c1ccnc(Nc2cc(N3CCOCC3)cc(N3CCOCC3)c2)n1)c1cccc2[nH]ncc12,1.7100326990657535
407,CN1C(=O)CN=C(c2ccccc2)c2cc(Cl)ccc21,0.7749765043614361
408,CN1C(=O)CN=C(c2ccccc2F)c2cc([N+](=O)[O-])ccc21,0.6998377258672457
409,CN1CCC(Oc2cccc3ncnc(Nc4ccc(OCc5ccccn5)c(Cl)c4)c23)CC1,1.1919076829902155
410,CN1CCC[C@H]1CCN1CCCc2cc(NC(=N)c3cccs3)ccc21,1.2899513342053226
411,CN1CCN(C(=O)c2cc3cc(Br)ccc3[nH]2)CC1,1.3117538610557542
412,CN1CCN(C(=O)c2cc3cc(Cl)ccc3[nH]2)CC1,1.2844307338445196
413,CN1CCN(C2=Nc3cc(Cl)ccc3Nc3ccccc32)CC1,1.3953879433871237
414,CN1CCN(CC(=O)N2c3ccccc3C(=O)Nc3cccnc32)CC1,0.6535339753306492
415,CN1CCN(CCOc2n[nH]c3ncnc(Nc4ccc(OCc5ccccn5)c(Cl)c4)c23)CC1,1.3050094463145272
416,CN1CCN(c2ccc(-c3cnc4cccc(-c5cc(F)c(CN6CCOCC6)c(F)c5)c4n3)cc2)CC1,1.1598678470925667
417,CN1CCN(c2nc3ccccc3cc2Cn2nc(-c3ccc4nc(N)sc4c3)c3c(N)ncnc32)CC1,1.5486864304017995
418,CNC(=C[N+](=O)[O-])NCCSCc1ccc(CN(C)C)o1,0.4771212547196624
419,CNC(=O)Cc1ccc2c(=O)cc(-c3cccnc3)[nH]c2c1,0.4771212547196624
420,CNC(=O)Nc1nc2ccc(-c3cncc(S(=O)(=O)NC(C)(C)C)c3)cn2n1,0.4771212547196624
421,CNC(=O)c1c(F)cccc1Nc1nc(Nc2cc3c(cc2OC)CCN3C(=O)CN(C)C)nc2[nH]ccc12,1.3400473176613932
422,CNC(=O)c1ccc(C)c(-n2c(C)cc(OCc3ccc(F)cc3F)c(Br)c2=O)c1,0.4771212547196624
423,CNC(=O)c1cccc(NC(=O)Nc2cccc(C#N)c2)c1CN1CCC(Cc2ccc(F)cc2)CC1,1.146128035678238
424,CNC(=O)c1cccc2c1c(Sc1ccc(Cl)cc1)c(C)n2CC(=O)O,0.4771212547196624
425,CNC(=O)c1ccccc1Nc1nc(Nc2ccc(N3CCOCC3)cc2OC)ncc1Cl,1.2100508498751372
426,CNC(=O)c1cnn(-c2ccccc2)c1NS(=O)(=O)c1ccc(C)cc1,1.4761540048310624
427,CNC(=O)c1nc(-c2ccc(Cl)c(S(=O)(=O)Nc3cccc(F)c3F)c2)cnc1N,1.5049877995442602
428,CNC1=Nc2ccc(Cl)cc2C(c2ccccc2)=[N+]([O-])C1,0.6748087230076691
429,CNCCC(Oc1ccccc1OC)c1ccccc1,0.4771212547196624
430,CNCCC=C1c2ccccc2CCc2ccccc21,1.317741873407456
431,CNCCCN1c2ccccc2CCc2ccccc21,1.3453813450637604
432,CNCC[C@@H](Oc1cc(C(F)(F)F)ccc1C#N)c1ccccc1,0.4771212547196624
433,CNCC[C@@H](Oc1cc(Cl)ccc1C#N)c1ccccc1,2.1760912590556813
434,CNCC[C@@H](Oc1cc(OC)ccc1C#N)c1ccccc1,1.783630846176937
435,CNCc1ccc(-c2[nH]c3cc(F)cc4c3c2CCNC4=O)cc1,0.9101335785804824
436,CNS(=O)(=O)Cc1ccc2[nH]cc(CCN(C)C)c2c1,0.690105620855803
437,CNS(=O)(=O)c1ccc2c(C(=O)NC[C@@H](O)CN3CCC(Oc4ccc(Cl)c(Cl)c4)CC3)c[nH]c(=O)c2c1,1.146128035678238
438,CN[C@@H](C)C(=O)N[C@H](C(=O)N1CC[C@H]2CCN(CCc3ccccc3)C[C@H]21)C1CCCCC1,1.1749771912758007
439,CN[C@@H](C)C(=O)N[C@H](C(=O)N1CC[C@H]2CC[C@H](NC(=O)c3cccc4ccccc34)[C@H]21)C(C)(C)C,1.5049425290911178
440,CN[C@@H](C)C(=O)N[C@H](C(=O)N[C@H]1C[C@@H]2CC[C@H]1N(CCc1ccccc1)C2)C1CCCCC1,1.299942900022767
441,CN[C@@H](C)C(=O)N[C@H]1CN(C(=O)CC(C)C)CC[C@H]2CC[C@@H](C(=O)NC(c3ccccc3)c3ccccc3)N2C1=O,1.2299376859079338
442,CNc1nc(C)c(-c2nc(Nc3cccc(N4CCCCC4)c3)ncc2C#N)s1,2.078047315319714
443,CNc1nc(C)c(-c2nc(Nc3cccc(N4CCCN(C(C)=O)CC4)c3)ncc2C#N)s1,2.1760912590556813
444,CNc1nc(C)c(-c2nc(Nc3cccc(N4CCCNCC4)c3)ncc2C#N)s1,1.3649992736417116
445,CNc1nc(C)c(-c2nc(Nc3cccc(N4CCNCC4)c3)ncc2C#N)s1,1.1699184340367965
446,CNc1nc2ccccc2n1Cc1sc2c(c1C(=O)N1C[C@H](O)CO1)c(=O)n(C)c(=O)n2CC(C)C,1.3010299956639813
447,CNc1ncnc2c(CNc3cc(NC(=O)c4ccc5c(c4)OCCO5)ccc3C)cccc12,1.6200318951262973
448,COC(=O)C1=C(C)NC(C)=C(C(=O)OC(C)C)[C@@H]1c1cccc2nonc12,2.138041246300183
449,COC(=O)C1=C(C)NC(C)=C(C(=O)OC)C1c1ccccc1[N+](=O)[O-],1.900745537230131
450,COC(=O)C1=C(C)NC(C)=C(C(=O)OCCN(C)Cc2ccccc2)C1c1cccc([N+](=O)[O-])c1,2.1760912590556813
451,COC(=O)C1=C(C)NC2=C(C(=O)CC(C)(C)C2)C1c1ccc(-c2ccc(C(F)(F)F)cc2)cc1,1.024949974883907
452,COC(=O)N1CCN(c2ccnc(-n3ccnc3)n2)C(CC(=O)NCc2ccc3c(c2)OCO3)C1,1.230448921378274
453,COC(=O)[C@H](c1ccccc1Cl)N1CCc2sccc2C1,2.156405913106044
454,COC(=O)c1ccc(C)c(NS(=O)(=O)c2ccc3c(c2)c(=O)sn3C)c1,2.1760912590556813
455,COC1=CC(c2cc3ccccc3[nH]2)=N/C1=C\c1[nH]c(C)cc1C,1.3500540935790302
456,COCC(C)n1nc(C)c(C(=O)N[C@@H](C)C(C)(C)C)c1NS(=O)(=O)c1ccc(C)cc1,0.627636252551653
457,COCC1=C(C(=O)O)N2C(=O)[C@@H](NC(=O)/C(=N\OC)c3csc(N)n3)[C@H]2SC1,0.4771212547196624
458,COCC1=C(C(=O)OC(C)OC(=O)OC(C)C)N2C(=O)[C@@H](NC(=O)/C(=N\OC)c3csc(N)n3)[C@H]2SC1,2.118054400793641
459,COCCC(C)n1nc(C)c(C(=O)N[C@@H](C)C(C)(C)C)c1NS(=O)(=O)c1ccc(C)cc1,0.7933499008120246
460,COCCN(C)c1ccc(Nc2ncc3cc(-c4ccncc4)ccc3n2)cc1,1.7450169315154587
461,COCCNCc1ccc(-c2cc(C(N)=O)c(NC(N)=O)s2)cc1,0.4771212547196624
462,COCCNCc1ccc(Nc2ncc3cc(-c4ccncc4)ccc3n2)cc1,1.63002085111341
463,COCCNc1nc(N)c2nc(O)n(Cc3ccccc3)c2n1,0.7403626894942439
464,COCCNc1nc(NCc2ccccc2F)c2sccc2n1,2.173044398061126
465,COCCOc1cc(-c2cccc3c(=O)cc(N4CCOCC4)oc23)ccc1NC(=O)CN1CCOCC1,1.6399842480415885
466,COCCOc1ccc(-c2cc(C(N)=O)c(NC(N)=O)s2)cc1,1.3010299956639813
467,COCCOc1nc(N)c2[nH]c(=O)n(Cc3cccc(CC(=O)OC)c3)c2n1,2.096910013008056
468,COCCOc1nc(N)c2[nH]c(=O)n(Cc3ccccc3)c2n1,0.4771212547196624
469,COC[C@@H](O)Cn1c(=O)cnn(-c2ccc(Cl)c(C(=O)NCC3(O)CCCCCC3)c2)c1=O,0.751757501701102
470,COC[C@H](O)Cn1c(=O)cnn(-c2ccc(Cl)c(C(=O)NCC3(O)CCCCCC3)c2)c1=O,0.5880456295278407
471,COCc1c(C(C)C)nc(C(C)C)c(/C=C/[C@@H](O)C[C@@H](O)CC(=O)O)c1-c1ccc(F)cc1,1.0150973926783755
472,COCc1ccoc1C(=O)N(c1ccc(OC)cc1OC)C(C(=O)NC[C@@H](C)O)c1ccccc1F,1.709316343677033
473,CON(C)C(=O)c1c(Cn2c(C)nc(Cl)c2Cl)sc2c1c(=O)n(C)c(=O)n2CC(C)C,1.6127838567197357
474,CO[C@H]1/C=C/O[C@@]2(C)Oc3c(C)c(O)c4c(O)c(cc(O)c4c3C2=O)NC(=O)/C(C)=C\C=C\[C@H](C)[C@H](O)[C@@H](C)[C@@H](O)[C@@H](C)[C@H](OC(C)=O)[C@@H]1C,0.4771212547196624
475,CO[C@H]1CC[C@]2(CC1)Cc1ccc(-c3cc(Cl)cc(C#N)c3)cc1C21N=C(C)C(N)=N1,1.1000257301078626
476,CO[C@H]1CC[C@]2(CC1)Cc1ccc(OCC(C)C)cc1C21N=C(C)C(N)=N1,0.859738566197147
477,CO[C@H]1C[C@@H]2CC[C@@H](C)[C@@](O)(O2)C(=O)C(=O)N2CCCC[C@H]2C(=O)O[C@H]([C@H](C)C[C@@H]2CC[C@@H](O)[C@H](OC)C2)CC(=O)[C@H](C)/C=C(\C)[C@@H](O)[C@@H](OC)C(=O)[C@H](C)C[C@H](C)/C=C/C=C/C=C/1C,1.9380511606888968
478,CO[C@H]1C[C@@H]2CC[C@@H](C)[C@@](O)(O2)C(=O)C(=O)N2CCCC[C@H]2C(=O)O[C@H]([C@H](C)C[C@@H]2CC[C@@H](OC(=O)C(C)(CO)CO)[C@H](OC)C2)CC(=O)[C@H](C)/C=C(\C)[C@@H](O)[C@@H](OC)C(=O)[C@H](C)C[C@H](C)/C=C/C=C/C=C/1C,2.1760912590556813
479,COc1c(C)c2c(c(O)c1C/C=C(\C)CCC(=O)O)C(=O)OC2,1.1699681739968923
480,COc1c(Nc2ccc(S(C)(=O)=O)nc2C)ncnc1OC1CCN(C(=O)OC(C)C)CC1,1.0499861296334507
481,COc1c2occc2cc2ccc(=O)oc12,1.2470772970092214
482,COc1cc(-c2ccc(Nc3ccccc3C(=O)O)c(OC)c2)ccc1Nc1ccccc1C(=O)O,1.1600816625409152
483,COc1cc(-c2cccc3c(=O)cc(N4CCOCC4)oc23)ccc1NC(=O)CN1CCOCC1,1.4399639359209049
484,COc1cc(-n2cnc3cc(-c4ccc(Cl)cc4)sc3c2=O)ccc1OC[C@H](O)C1CC1,1.1749598264540855
485,COc1cc(-n2cnc3cc(-c4ccc(Cl)cc4)sc3c2=O)ccc1OC[C@H](OP(=O)(O)O)C1CC1,0.7835131830795302
486,COc1cc(C(=O)OCCCCNC(=N)N)cc(OC)c1O,1.3085631026695559
487,COc1cc(C(CO)CO)ccc1Nc1ncc(Cl)c(-c2cnc3ccccn23)n1,1.299942900022767
488,COc1cc(C2CCN(C(C)=O)CC2)ccc1Nc1ncc(Cl)c(-c2cnc3ccccn23)n1,1.3800302479678306
489,COc1cc(Cc2cnc(N)nc2N)cc(OC)c1OC,0.4771212547196624
490,COc1cc(N2CC3CNCC(C2)O3)ccc1Nc1ncc(Cl)c(-c2cnc3ccccn23)n1,1.1398790864012365
491,COc1cc(N2CCN(C(=O)CO)CC2)ccc1Nc1ncc(Cl)c(-c2cnc3ccccn23)n1,1.089905111439398
492,COc1cc(N2CCN(C(=O)[C@@H](C)O)CC2)ccc1Nc1ncc(Cl)c(-c2cnc3ccccn23)n1,1.1000257301078626
493,COc1cc(NC(=O)Nc2cccc(CNC(=O)O[C@H]3CCOC3)c2)ccc1-c1cnco1,1.5965622991772306
494,COc1cc(NC(=O)c2ccccn2)ccc1Cl,2.1760912590556813
495,COc1cc(NC(C)CCCN)c2ncccc2c1,0.4771212547196624
496,COc1cc(Nc2nc3c(cc2F)ncn3[C@@H](CO)c2ccc(F)cn2)n[nH]1,1.149851251059026
497,COc1cc(O)c(C(CC(=O)N2CC(C)CC(C)C2)c2ccc3c(c2)OCO3)c(OC)c1,2.1760912590556813
498,COc1cc2c(Nc3ccc(F)c(Cl)c3)c(C(N)=O)cnc2cc1OCCN(C)CCO,1.2699948330143838
499,COc1cc2c(cc1-c1c(C)noc1C)ncc1[nH]c(=O)n([C@H](C)c3ccccn3)c12,0.6403288281017249
500,COc1cc2c(ccc(=O)n2CCN2CCC(NCc3cc4c(cn3)OCCO4)CC2)cn1,1.5499836111596887
501,COc1cc2cc(-c3ccc(O)cc3O)nc(C)c2cc1OC,2.1760912590556813
502,COc1cc2nc(N3CCN(C(=O)c4ccco4)CC3)nc(N)c2cc1OC,0.9049393766831382
503,COc1cc2nccc(Oc3ccc(NC(=O)C4(C(=O)Nc5ccc(F)cc5)CC4)cc3)c2cc1OC,0.6648168892800199
504,COc1cc2ncnc(Nc3cc4ccccc4cn3)c2cc1OC,0.9835398670722485
505,COc1cc2ncnc(Nc3ccc(F)c(Cl)c3)c2cc1NC(=O)/C=C/CN1CCCCC1,0.7335079092192177
506,COc1cc2ncnc(Nc3ccc(OCc4ccccn4)c(C)c3)c2cc1OC,1.1760912590556811
507,COc1cc2nnc(C(N)=O)c(Nc3ccc(F)cc3F)c2cc1N1CCN(C)CC1,1.361316961266906
508,COc1ccc(-c2cc(C(F)(F)F)ccc2OCC(=O)O)cc1,1.0791812460476249
509,COc1ccc(-c2cc3c(C)nc(N)nc3n([C@H]3CC[C@H](OCCO)CC3)c2=O)cn1,0.7536580200382068
510,COc1ccc(-c2ccc3c(N4CCOC[C@@H]4C)nc(N4CCOC[C@@H]4C)nc3n2)cc1C(=O)N(C)C,0.6304278750250238
511,COc1ccc(-c2ccc3c(N4CCOC[C@@H]4C)nc(N4CCOC[C@@H]4C)nc3n2)cc1C(C)O,1.5800121125294244
512,COc1ccc(-c2ccc3nc(N)sc3c2)cn1,0.8898617212581884
513,COc1ccc(-c2ccnc(N)n2)cc1,1.6127838567197357
514,COc1ccc(-c2nc(N)s[n+]2-c2ccccc2)cc1,1.2787536009528289
515,COc1ccc(-c2nc(O)c3ccccc3n2)cc1,2.1760912590556813
516,COc1ccc(-c2nc3c(NCCCN(C)C(=O)C4CCC4)c(Br)cnc3[nH]2)cc1,2.1580481048375653
517,COc1ccc(-c2nc3cc(C4=NNC(=O)CC4C)ccc3[nH]2)cc1,1.146128035678238
518,COc1ccc(/C=C2\NC(=O)NC2=O)cc1,1.599992177584098
519,COc1ccc(C#Cc2ccc([C@@H]3[C@H](CO)N4CCCCN(C(=O)Nc5cccc(F)c5)C[C@@H]34)cc2)cc1,1.4800412251535935
520,COc1ccc(C(=O)NCCN2CCN(Cc3ccc(Cl)c(Cl)c3)CC2)cc1Cl,1.7032913781186614
521,COc1ccc(C(=O)NCc2cn(-c3cc(C)nc4ccc(OC)cc34)nn2)cc1,1.4749549364035381
522,COc1ccc(C)c(NC(=O)CC23CC4CC(CC(C4)C2)C3)c1,2.1760912590556813
523,COc1ccc(C)c(Nc2ncc3ccn(-c4ccccn4)c3n2)c1,1.9650109450779873
524,COc1ccc(C2CC(c3ccc(Br)cc3)=NN2C(C)=O)cc1,1.1550065997397265
525,COc1ccc(C=NN=Cc2ccc(OC)c(OC)c2)cc1OC,1.2787536009528289
526,COc1ccc(CC(=O)N(C)C2CCN(CCC(c3ccccc3)c3ccccc3)CC2)cc1OC,2.049218022670181
527,COc1ccc(CC(=O)NC(N/C(=N/C#N)Nc2ccccc2C)C(C)(C)C)cc1OC,1.7955323035132498
528,COc1ccc(CC(=O)Nc2nc3ccccc3[nH]2)cc1,1.079954359971968
529,COc1ccc(CC(C)(C)NC[C@H](O)c2cc(O)cc3c2OCC(=O)N3)cc1,1.146128035678238
530,COc1ccc(CCN(C)CCCC(C#N)(c2ccc(OC)c(OC)c2)C(C)C)cc1OC,1.8487116017814864
531,COc1ccc(CCN2C(=O)N(NS(C)(=O)=O)C[C@@H]2c2ccc(OC)cc2)cc1,1.2798949800116382
532,COc1ccc(CCN2C(=O)N(NS(C)(=O)=O)C[C@H]2c2ccc(OC)cc2)cc1,1.3400473176613932
533,COc1ccc(CCN2CCC(Nc3nc4ccccc4n3Cc3ccc(F)cc3)CC2)cc1,1.8195439355418688
534,COc1ccc(CCO[C@@H]2CCCC[C@H]2N2CC[C@@H](O)C2)cc1OC,0.8102325179950841
535,COc1ccc(CNC(=O)CSc2nc3cccnc3s2)cc1,2.0440705484829
536,COc1ccc(CNC(=O)Nc2ncc([N+](=O)[O-])s2)cc1,1.853614709663647
537,COc1ccc(CNCc2cccc(CCNC[C@H](O)c3ccc(O)c4[nH]c(=O)sc34)c2)cc1,1.4531675209025452
538,COc1ccc(COc2nc(Br)cnc2NS(=O)(=O)c2ccc(C)cc2)cc1OCCN(C)C,1.1682298669242648
539,COc1ccc(C[C@@H](C)NC[C@H](O)c2ccc(O)c(NC=O)c2)cc1,0.7732096334175957
540,COc1ccc(Cc2c(N)n[nH]c2N)cc1,0.6449404553678341
541,COc1ccc(Cl)cc1C(=O)NCCc1ccc(S(=O)(=O)NC(=O)NC2CCCCC2)cc1,1.2511452639573863
542,COc1ccc(N(C(=O)Oc2c(C)cccc2C)c2ccnc(Nc3ccc(N4CCN(C)CC4)cc3)n2)c(OC)c1,1.4949737735402968
543,COc1ccc(N(C(=O)c2ccccc2)C(C(=O)NC2CCCC2)c2ccccc2F)c(OC)c1,2.1760912590556813
544,COc1ccc(N(C(=O)c2ccccc2)C(C(=O)NC[C@@H](C)O)c2ccccc2F)c(OC)c1,2.096562299177231
545,COc1ccc(N(C(=O)c2ccco2)C(C(=O)NC2CCCC2)c2ccccc2F)c(OC)c1,2.1760912590556813
546,COc1ccc(N(C(=O)c2ccoc2Cl)C(C(=O)NC[C@@H](C)O)c2ccccc2F)c(OC)c1,1.5998775886267373
547,COc1ccc(N(C(=O)c2occc2C)C(C(=O)NC[C@@H](C)O)c2ccccc2F)c(OC)c1,2.019944898868091
548,COc1ccc(N(C(=O)c2occc2CO)C(C(=O)NC[C@@H](C)O)c2ccccc2F)c(OC)c1,0.9911356165197842
549,COc1ccc(N(C(=O)c2occc2Cl)C(C(=O)NC[C@@H](C)O)c2ccccc2F)c(OC)c1,1.9661100069385595
550,COc1ccc(N(C(C)=O)C(C(=O)NC2CCCC2)c2ccccc2F)c(OC)c1,2.1760912590556813
551,COc1ccc(N2CCN(C(=O)[C@@H]3CCCC[C@H]3C(=O)NC3(C#N)CC3)[C@H](C)C2)cc1OC,0.4771212547196624
552,COc1ccc(NC(=O)CCc2c(C)nc3nc(C)nn3c2C)cc1,0.5449207757492612
553,COc1ccc(OC)c(C(O)CN)c1,0.4771212547196624
554,COc1ccc(OC)c(C(O)CNC(=O)CN)c1,0.4771212547196624
555,COc1ccc(OC)c(CNC(=O)c2cccnc2Oc2ccccc2)c1,1.6384892569546374
556,COc1ccc(OC)c(CNc2[nH]nc3cccc(Oc4ccc(S(C)(=O)=O)cc4)c23)c1,2.012837224705172
557,COc1ccc(OC)c(CNc2[nH]nc3cccc(Oc4ccccc4)c23)c1,1.0413926851582251
558,COc1ccc(OC)c(CNc2n[nH]c3ccnc(Oc4ccccc4)c23)c1,1.869231719730976
559,COc1ccc(S(=O)(=O)NC(=O)N2CCC(N3CCC(Oc4ccc(Cl)c(Cl)c4)CC3)CC2)cc1,0.4771212547196624
560,COc1ccc(Sc2c(C)n(CC(=O)O)c3ccc(C)cc23)cc1,0.4771212547196624
561,COc1ccc([C@@H]2Sc3ccccc3N(CCN(C)C)C(=O)[C@@H]2OC(C)=O)cc1,1.5953190502812564
562,COc1ccc([C@]2(C#N)CC[C@@H](C(=O)O)CC2)cc1OC1CCCC1,1.280550691824528
563,COc1ccc2c(Oc3ccc(CC(=O)Nc4cn(C)nc4C)c(OC)c3)ccnc2c1,1.3800045519025201
564,COc1ccc2c(c1)c(-c1ccnc3cc(Cl)ccc13)c(C)n2CC(=O)O,0.6020599913279624
565,COc1ccc2c(c1)c(CC(=O)O)c(C)n2-c1ccnc2cc(Cl)ccc12,0.4771212547196624
566,COc1ccc2cc([C@H](C)C(=O)O)ccc2c1,0.4771212547196624
567,COc1ccc2nc(C)cc(-n3cc(CN4CCN(C(C)=O)CC4)nn3)c2c1,0.7101173651118162
568,COc1ccc2nc(C)cc(-n3cc(CNC(C)=O)nn3)c2c1,0.8399899768157024
569,COc1ccc2nc(C)cc(N3CC(CNC(=O)C4CC4)OC3=O)c2c1,1.1199561576996964
570,COc1ccc2nc(C)cc(OCC(=O)NCc3ccccc3)c2c1,2.128052053081805
571,COc1ccc2nc(C)cc(OCC(=O)Nc3ccccc3OC)c2c1,2.1580481048375653
572,COc1ccc2nc(NC(=O)CCc3ccc(OC)c(OC)c3)sc2c1,2.0980397093234835
573,COc1ccc2ncc(=O)n(CCN3CCC(NCc4cc5c(cn4)OCCO5)CC3)c2c1,2.1760912590556813
574,COc1ccc2ncc(C#N)c(CCN3CCC(NCc4cc5c(cn4)OCS5)CC3)c2c1,1.8599784416420209
575,COc1ccc2ncc(F)c(CCN3CCC(NCc4cc5c(cn4)OCCO5)CC3)c2n1,2.140004950619449
576,COc1ccc2ncc(F)c(CCN3CCC(NCc4ccc5c(n4)NC(=O)CO5)CC3)c2n1,1.599992177584098
577,COc1cccc(C(=O)NCCN2CCC(Oc3ccc(Cl)c(Cl)c3)CC2)c1,0.9542425094393248
578,COc1cccc(C(=O)Nc2ccc(C)c(-n3cnc4ccc(N5CCN(C)CC5)cc4c3=O)c2)c1,1.2041199826559248
579,COc1cccc(CNCc2cccc(CCNC[C@H](O)c3ccc(O)c4[nH]c(=O)sc34)c2)c1,1.5440680443502757
580,COc1cccc(CNc2nc(NC(C)C)nc3ccsc23)c1OC,2.113042057987912
581,COc1cccc(NC(=O)CC23CC4CC(CC(C4)C2)C3)c1C,2.1760912590556813
582,COc1cccc(NC(=O)c2cccc(Cc3c(C)nn(CCO)c3-c3ccccc3)c2)c1,2.1702220574200592
583,COc1cccc(Nc2c(C(N)=O)cnc3c(C)cc(S(=O)(=O)c4cccc(C(=O)N(C)C)c4)cc23)c1,1.8640496627729064
584,COc1cccc(Nc2nc(NCC3CCCO3)c3ccccc3n2)c1,2.113042057987912
585,COc1cccc(Oc2cncnc2O)c1,0.4771212547196624
586,COc1cccc(S(=O)(=O)c2c(C)n(CC(=O)O)c3ccc(C)cc23)c1,0.4771212547196624
587,COc1cccc2c(-c3c(C)n(CC(=O)O)c4ccc(C)cc34)ccnc12,0.6989700043360189
588,COc1cccc2c1c(NS(=O)(=O)c1ccc(Cl)s1)nn2Cc1cccc(CNC(=O)C(C)(C)O)c1,1.566323334778673
589,COc1cccc2c1c(NS(=O)(=O)c1ccc(Cl)s1)nn2Cc1cccc(CNC(=O)[C@@H]2COCCN2)c1,1.4411527889498226
590,COc1cccc2c1c(NS(=O)(=O)c1ccc(Cl)s1)nn2Cc1cccc(CNC(=O)[C@H]2COCCN2)c1,1.472811293360108
591,COc1cccc2c1c(NS(=O)(=O)c1ccc(Cl)s1)nn2Cc1cccc(CNC(C)=O)c1,1.644495762616235
592,COc1cccc2sc(NC(=O)c3ccccc3)nc12,1.5366758511934504
593,COc1ccccc1-c1csc(-n2ncc(C#N)c2N)n1,1.7399676967595097
594,COc1ccccc1C(=O)/C=C/c1ccccc1C(F)(F)F,2.1760912590556813
595,COc1ccccc1C(=O)Nc1ccc(C)c(-n2cnc3ccc(N4CCN(C)CC4)cc3c2=O)c1,0.8450980400142568
596,COc1ccccc1C(=O)Nc1ccc(Cc2ccncc2)cc1,1.429388868652725
597,COc1ccccc1C(C#N)NC(=O)[C@@H]1CCCC[C@H]1C(=O)N1CCN(Cc2ccc(F)cc2)CC1,2.103803720955957
598,COc1ccccc1CCNCc1ccc(CCNC[C@H](O)c2ccc(O)c3[nH]c(=O)sc23)cc1,1.4301690032854968
599,COc1ccccc1CCNCc1cccc(CCNC[C@H](O)c2ccc(O)c3[nH]c(=O)sc23)c1,1.3705757994258925
600,COc1ccccc1CN(C)Cc1cccc(CCNC[C@H](O)c2ccc(O)c3[nH]c(=O)sc23)c1,1.5858632268266155
601,COc1ccccc1CN1C(=O)c2ccccc2C1C(=O)NC1CCC(C)CC1,2.1760912590556813
602,COc1ccccc1CNCCc1cccc(CCNC[C@H](O)c2ccc(O)c3[nH]c(=O)sc23)c1,1.7481880270062005
603,COc1ccccc1CNCc1ccc(CCNC[C@H](O)c2ccc(O)c3[nH]c(=O)sc23)cc1,1.3424226808222062
604,COc1ccccc1C[C@@H](C(=O)O)N1CCC(CN2CCC(Oc3ccc(Cl)c(Cl)c3)CC2)CC1,0.9030899869919436
605,COc1ccccc1OCCNCC(O)COc1cccc2[nH]c3ccccc3c12,1.5199938218080276
606,COc1ccccc1Oc1c(NS(=O)(=O)c2ccc(C(C)(C)C)cc2)nc(-c2ncccn2)nc1OCCO,0.9302306942893086
607,COc1ccccc1S(=O)(=O)NC(=O)N1CCC(N2CCC(Oc3ccc(Cl)c(Cl)c3)CC2)CC1,0.4771212547196624
608,COc1ccccc1SC[C@@H](C)CN[C@@H]1COc2ccccc2SC1,1.7100326990657535
609,COc1ccnc(CCc2nc3c(C)ccnc3[nH]2)c1,0.4771212547196624
610,COc1ccnc(CCc2nc3cc(Br)cnc3[nH]2)c1,1.1128719461635328
611,COc1ccnc(CCc2nc3cccnc3[nH]2)c1,0.876676606320748
612,COc1ccnc(CSc2nc3ccccc3[nH]2)c1,2.055294855149625
613,COc1ccnc(NC2CCN(C(=O)c3ccc(C#N)cc3)CC2)c1,0.4771212547196624
614,COc1ccnc(NC2CCN(C(=O)c3ccccc3)CC2)c1,0.4771212547196624
615,COc1ccncc1-c1ccccc1CN(C(=O)c1ccc(-c2ccc(C#N)cc2)o1)c1ccc(N2CCNCC2)cc1,1.5749504100454021
616,COc1cnc(-c2ccccn2)nc1N(C)c1ccccc1,2.096562299177231
617,COc1nc(Br)cnc1NS(=O)(=O)c1ccc(Cl)s1,0.4771212547196624
618,COc1nc(C)nc(Cl)c1NC1=NCCN1,0.4771212547196624
619,COc1nc(Cl)c(Cl)nc1NS(=O)(=O)c1ccc(Cl)s1,1.0
620,COc1nc(N)nc2c1ncn2[C@@H]1O[C@H](CO)[C@@H](O)[C@H]1O,1.3249837663961261
621,COc1nc2ccc(Br)cc2cc1[C@@H](c1ccccc1)[C@@](O)(CCN(C)C)c1cccc2ccccc12,1.2250425309356627
622,COc1ncccc1-c1cccc2c(N)c3c(nc12)CN(C1CCC1)C3=O,0.6884198220027106
623,CS(=O)(=O)C1(c2cc(N3CC4CCC(C3)O4)nc(-c3cccc4[nH]ccc34)n2)CC1,0.9498777040368748
624,CS(=O)(=O)C1(c2cc(N3CCOCC3)nc(-c3cccc4[nH]ccc34)n2)CC1,1.0499928569201429
625,CS(=O)(=O)C1(c2cc(N3CCOCC3)nc(-c3cccc4[nH]ncc34)n2)CC1,0.4771212547196624
626,CS(=O)(=O)CCNCc1ccc(-c2ccc3ncnc(Nc4ccc(OCc5cccc(F)c5)c(Cl)c4)c3c2)o1,1.7600105436206546
627,CS(=O)(=O)N1CCN(Cc2cc3nc(-c4cccc5[nH]ncc45)nc(N4CCOCC4)c3s2)CC1,1.3449636773744804
628,CS(=O)(=O)N1CC[C@H](N(Cc2ccccc2Cl)c2ccc(C#N)c(Cl)c2)C1,1.8599784416420209
629,CS(=O)(=O)N1CCc2c(-c3cnc(N)nc3)nc(N3CCOCC3)nc21,0.603547770209609
630,CS(=O)(=O)NC(=O)CCCc1c(-c2ccc(F)cc2)[nH]c2ccc(C#N)cc12,0.8162286460923622
631,CS(=O)(=O)Nc1ccc(CCOCCCS(=O)(=O)CCNCCc2ccc(O)c3nc(O)sc23)cc1,1.7341736652060789
632,CS(=O)(=O)c1ccc(-c2cc(C(F)(F)F)ccc2OCC(=O)O)c(Cl)c1,0.4771212547196624
633,CS(=O)(=O)c1ccc(-c2cc(C(F)(F)F)ccc2OCC(=O)O)cc1,0.4771212547196624
634,CS(=O)(=O)c1ccc(-c2cc(Cl)ccc2OCC(=O)O)c(Cl)c1,1.0
635,CS(=O)(=O)c1ccc(-c2cnc(N)c(-c3ccc(C(F)(F)F)nc3)c2)cc1,0.7353103387239024
636,CS(=O)(=O)c1ccc(-c2cnc(N)c(C(=O)Nc3ccccc3)n2)cc1,0.9500155174926979
637,CS(=O)(=O)c1ccc(-c2nnc(/C=C/c3nnc(-c4ccc(C#N)cc4)o3)n2-c2ccccc2Cl)nc1,0.4771212547196624
638,CS(=O)(=O)c1ccc([C@@H](CC2CCCC2)C(=O)Nc2nccs2)cc1,1.3949538247401343
639,CS(=O)(=O)c1ccc([C@@H](O)[C@@H](CF)NC(=O)C(Cl)Cl)cc1,1.389999356343003
640,CS(=O)(=O)c1ccc([C@H](CC2CCCC2)C(=O)Nc2nccs2)cc1,1.5949839296006387
641,CS(=O)(=O)c1ccc2c(C(=O)NC[C@@H](O)CN3CCC(Oc4ccc(C#N)c(Cl)c4)CC3)c[nH]c(=O)c2c1,0.4771212547196624
642,CS(=O)(=O)c1ccc2c(C(=O)NC[C@@H](O)CN3CCC(Oc4ccc(Cl)c(Cl)c4)CC3)c[nH]c(=O)c2c1,0.7781512503836436
643,CS(=O)(=O)c1ccc2nc(N3CCN(C(=O)[C@@H]4CCCC[C@H]4C(=O)NC4(C#N)CC4)CC3)sc2c1,0.4771212547196624
644,CSCCC(NC(=O)c1ccccc1)c1nc2ccccc2n1Cc1ccc(C#N)cc1,2.1760912590556813
645,CSCCC(NC(=O)c1cnccn1)c1nc2ccccc2[nH]1,1.6802967067826242
646,CSCCC(NC(=O)c1sccc1Cl)c1nc2ccccc2[nH]1,1.9877159042546315
647,CSc1c(C(=O)NC2C3CC4CC(C3)CC2C4)cnn1-c1ccc(C(=O)O)cc1,1.089905111439398
648,CSc1ccc(N2C(N)=NC(N)=NC2(C)C)cc1,1.4549569001954024
649,CSc1ccc2c(c1)N(CCC1CCCCN1C)c1ccccc1S2,1.8779374278362457
650,CSc1nc(-c2ccccc2)nn1Cc1ccccc1,2.0644579892269186
651,CSc1nccc(Nc2cc(NC(=O)c3cc(F)cc(N4CCOCC4)c3)ccc2C)n1,1.919078092376074
652,C[C@@H](C(=O)NCCN1CCCC1)c1ccc(OS(=O)(=O)C(F)(F)F)cc1,0.627636252551653
653,C[C@@H](C(=O)NS(C)(=O)=O)c1ccc(OS(=O)(=O)C(F)(F)F)cc1,0.4771212547196624
654,C[C@@H](C(=O)O)c1cccc(C(=O)c2ccccc2)c1,0.9027504290792001
655,C[C@@H](C(N)=O)c1ccc(OS(=O)(=O)C(F)(F)F)cc1,0.4771212547196624
656,C[C@@H](NC(=O)C1CCNCC1)c1ccc(Nc2ncc3cc(-c4ccncc4)ccc3n2)cc1,0.5486286548467099
657,C[C@@H](NCc1ccccc1-c1ccc(CCNC[C@H](O)c2ccc(O)c3[nH]c(=O)sc23)cc1)c1ccccc1,2.0262700229670116
658,C[C@@H](O)[C@H](NC(=O)c1ccc(C#Cc2ccc(CN3CCOCC3)cc2)cc1)C(=O)NO,1.3850377382448809
659,C[C@@H](O)[C@H]1C(=O)N2C(C(=O)O)=C(SC3CN(C4=NCCS4)C3)[C@H](C)[C@H]12,1.0251465603803083
660,C[C@@H](O)[C@H]1C(=O)N2C(C(=O)OCOC(=O)C(C)(C)C)=C(SC3CN(C4=NCCS4)C3)[C@H](C)[C@H]12,2.1760912590556813
661,C[C@@H](c1ccc(-c2ccc(F)cc2F)cc1)N1CC[C@@](CCO)(c2ccc(F)cc2)OC1=O,1.143576020562751
662,C[C@@H](c1ccc(-c2ccc(F)cc2F)cc1)N1CC[C@](CCO)(c2ccc(F)cc2)OC1=O,0.7326021188167061
663,C[C@@H]1CN(C(=O)N[C@H](Cc2ccc(F)cc2)C(=O)N2CCC(C(=O)NC(C)(C)C)(C3CCCCC3)CC2)C[C@H](C)N1,1.0301947853567512
664,C[C@@H]1CN(C(=O)[C@@H]2CN(C(C)(C)C)C[C@H]2c2ccc(F)cc2F)C[C@H](C)[C@@]1(O)c1ccccc1,1.4000196350651586
665,C[C@@H]1CN(Cc2cc(Cl)ccc2OCC(=O)O)CCN1S(=O)(=O)c1ccccc1,0.8884957924282025
666,C[C@@H]1CN(Cc2cc(Cl)ccc2OCC(=O)O)C[C@H](C)N1C(=O)Cc1ccccc1,0.8890756251918218
667,C[C@@H]1CN(Cc2ccc(F)cc2)CCN1C(=O)COc1ccc(Cl)cc1NC(N)=O,1.3222192947339193
668,C[C@@H]1CN(Cc2nnc(-c3cc(-c4cccc5[nH]ccc45)cc4[nH]ncc34)o2)C[C@H](C)O1,1.8849799360686788
669,C[C@@H]1CN(c2ccc(F)cc2C(F)(F)F)CCN1S(=O)(=O)c1ccc(C(N)=O)cc1Cl,1.3000293592441343
670,C[C@@H]1CN(c2ccc3c(n2)NC(=O)CO3)[C@H](c2ccccc2)CO1,1.3950158464876794
671,C[C@@H]1CN[C@@H](C2CC2)C(=O)N(C)[C@H](C)C(=O)N[C@H](Cc2ccc(F)cc2)C(=O)NCCCc2ccccc2O1,1.4300750555519393
672,C[C@@H]1COCCN1c1cc(C2(S(C)(=O)=O)CC2)nc(-c2cccc3[nH]ccc23)n1,0.8698182079793282
673,C[C@@H]1C[C@H]2[C@@H]3CCC4=CC(=O)C=C[C@]4(C)[C@@]3(F)[C@@H](O)C[C@]2(C)[C@@]1(O)C(=O)CO,1.4913616938342726
674,C[C@@H]1Cc2c([nH]c3cc(Cl)c(F)cc23)[C@]2(N1)C(=O)Nc1ccc(Cl)cc12,0.859738566197147
675,C[C@@](C(=O)OC1CC[N+](C)(C)CC1)(c1ccccc1)C1CCCC1,1.825639006999072
676,C[C@@](C(=O)O[C@H]1C[N+]2(CC(=O)Nc3cccc(F)c3)CCC1CC2)(c1ccccc1)N1CCCCC1,1.6787768598715407
677,C[C@@](C(=O)O[C@H]1C[N+]2(CC(=O)Nc3ccccc3)CCC1CC2)(c1ccccc1)N1CCCCC1,1.7992858317410705
678,C[C@@](C(=O)O[C@H]1C[N+]2(CC(=O)Nc3ccccn3)CCC1CC2)(c1ccccc1)N1CCCCC1,1.812861954762878
679,C[C@@](C(=O)O[C@H]1C[N+]2(CC(=O)Nc3ccncn3)CCC1CC2)(c1ccccc1)N1CCCCC1,1.579633165546747
680,C[C@@](C(=O)O[C@H]1C[N+]2(CCCOc3ccc(F)cc3)CCC1CC2)(c1ccccc1)N1CCCCC1,1.8195439355418688
681,C[C@@](C(=O)O[C@H]1C[N+]2(CCCc3cc4ccccc4s3)CCC1CC2)(c1ccccc1)N1CCCCC1,1.8351229265370619
682,C[C@@](C(=O)O[C@H]1C[N+]2(CCCc3ccc4ncsc4c3)CCC1CC2)(c1ccccc1)N1CCCCC1,1.6996637660793392
683,C[C@@](C(=O)O[C@H]1C[N+]2(CCCc3ccncc3)CCC1CC2)(c1ccccc1)N1CCCCC1,1.78351318307953
684,C[C@@](C(=O)O[C@H]1C[N+]2(CCCc3cncnc3)CCC1CC2)(c1ccccc1)N1CCCCC1,1.858585513416155
685,C[C@@](C(=O)O[C@H]1C[N+]2(CCOCCc3ccccc3)CCC1CC2)(c1ccccc1)N1CCCCC1,1.9475454484671992
686,C[C@@](C(=O)O[C@H]1C[N+]2(CCOc3ccc(Cl)cc3)CCC1CC2)(c1ccccc1)N1CCCCC1,1.889075625191822
687,C[C@@](C(=O)O[C@H]1C[N+]2(CCc3c[nH]c4ccccc34)CCC1CC2)(c1ccccc1)N1CCCCC1,1.7719099025713287
688,C[C@@](C(=O)O[C@H]1C[N+]2(CCc3ccccc3)CCC1CC2)(c1ccccc1)N1CCCCC1,1.9051162589975421
689,C[C@@](C(=O)O[C@H]1C[N+]2(CCc3ccccc3F)CCC1CC2)(c1ccccc1)N1CCCCC1,2.029213012228503
690,C[C@@](C(=O)O[C@H]1C[N+]2(Cc3cc(-c4ccccc4)on3)CCC1CC2)(c1ccccc1)N1CCCCC1,2.1087419721069534
691,C[C@@](C(=O)O[C@H]1C[N+]2(Cc3nc(-c4ccccc4)no3)CCC1CC2)(c1ccccc1)N1CCCCC1,1.7323192795475166
692,C[C@@](CCc1ccc(-c2ccc(Cl)cc2)cc1)(C(=O)NO)S(C)(=O)=O,0.4771212547196624
693,C[C@@]1(C(=O)Nc2ccc(F)nc2)CCCN1c1nc(Nc2cc(C3CC3)n[nH]2)c2cccn2n1,1.84997191232885
694,C[C@H](C#Cc1ccc(Cc2ccc(F)cc2)s1)N(O)C(N)=O,0.4771212547196624
695,C[C@H](C(=O)O)c1cccc(C(=O)c2ccccc2)c1,0.8996702747267908
696,C[C@H](CO)Nc1nc(SCc2cccc(Cl)c2F)nc2[nH]c(=O)sc12,1.1558464262939647
697,C[C@H](CO)Nc1nc(SCc2cccc(F)c2F)nc2[nH]c(=O)ccc12,0.9542425094393248
698,C[C@H](CO)Nc1nc(SCc2cccc(F)c2F)nc2[nH]c(=O)cnc12,1.2600333269630906
699,C[C@H](CO)Nc1nc(SCc2cccc(F)c2F)nc2[nH]ncc12,1.1980298961562164
700,C[C@H](CO)Nc1nc(SCc2cccc(F)c2F)nc2nc(N)cnc12,1.0791812460476249
701,C[C@H](CO)Nc1nc(SCc2cccc(F)c2F)nc2nc(N)sc12,1.0573795297040836
702,C[C@H](CO)Nc1nc(SCc2cccc(F)c2F)nc2nc(NC3CC3)sc12,1.8195439355418688
703,C[C@H](CO)Nc1nc(SCc2ccccc2)nc2[nH]c(=O)[nH]c12,0.4771212547196624
704,C[C@H](CO)Nc1nc(SCc2ccccc2)nc2[nH]c(=O)sc12,0.7893669505697837
705,C[C@H](CO)Nc1nc(SCc2ccccc2F)nc2[nH]c(=O)sc12,1.1343780845301816
706,C[C@H](CO)Nc1nc(SCc2ccccc2F)nc2nc(N)sc12,0.9828373304121758
707,C[C@H](CO)Nc1nc(SCc2ccco2)nc2[nH]c(=O)sc12,1.3798409396121345
708,C[C@H](CO)Nc1nc(SCc2ccco2)nc2nc(N)sc12,0.6989700043360189
709,C[C@H](CO)n1ccc2c(NC(=O)Cc3ccc(Cl)c(C(F)(F)F)c3)cccc2c1=O,0.9697596263093092
710,C[C@H](CS)C(=O)N1CCC[C@H]1C(=O)O,1.7567121601647715
711,C[C@H](Cc1cccc(CC(=O)NC23CC4CC(CC(C4)C2)C3)c1)NC[C@H](O)c1ccc(O)c(CO)c1,1.6948340935729844
712,C[C@H](NC(=O)[C@@H](Cc1c[nH]c2ccccc12)NC(=O)[C@@H](N)Cc1c[nH]cn1)C(=O)N[C@@H](Cc1c[nH]c2ccccc12)C(=O)N[C@H](Cc1ccccc1)C(=O)N[C@@H](CCCCN)C(N)=O,1.7900035203904894
713,C[C@H](NC(=O)c1cccc2c1N(Cc1ccc(Cl)cc1)CC2)c1ccc(C(=O)O)cc1,1.1599723384058807
714,C[C@H](Nc1nc(Nc2cc(C3CC3)[nH]n2)cnc1C#N)c1ccc(F)cn1,0.8723305097531354
715,C[C@H](Oc1ccc(Cl)cc1CN1CCN(C(=O)Cc2ccc(Cl)cc2)[C@@H](C)C1)C(=O)O,0.5421134557916808
716,C[C@H](c1nc2ncccc2c(=O)n1-c1ccc(Cl)cc1)N(CC1CCS(=O)(=O)CC1)C(=O)Cc1ccc(C(F)(F)F)c(F)c1,0.7601033087358474
717,C[C@H]1CN(Cc2cc(Cl)ccc2CC(=O)O)CCN1C(=O)Cc1ccc(Cl)cc1,0.6948587593114436
718,C[C@H]1CN(Cc2cc(Cl)ccc2CC(=O)O)CCN1S(=O)(=O)Cc1ccccc1,0.7902943389258685
719,C[C@H]1CN(Cc2cc(Cl)ccc2CCC(=O)O)CCN1C(=O)Cc1ccccc1,0.4771212547196624
720,C[C@H]1CN(Cc2cc(Cl)ccc2OC(C)(C)C(=O)O)CCN1S(=O)(=O)c1ccccc1,0.8537850880489682
721,C[C@H]1CN(Cc2cc(Cl)ccc2OCC(=O)O)CCN1C(=O)Cc1ccc(Cl)cc1,0.4771212547196624
722,C[C@H]1CN(Cc2cc(Cl)ccc2OCC(=O)O)CCN1C(=O)Cc1ccc(F)cc1,0.4771212547196624
723,C[C@H]1CN(Cc2cc(Cl)ccc2OCC(=O)O)CCN1C(=O)Cc1cccc(Cl)c1,0.7781512503836436
724,C[C@H]1CN(Cc2cc(Cl)ccc2OCC(=O)O)CCN1C(=O)Cc1ccccc1,0.5187675002557625
725,C[C@H]1CN(Cc2cc(Cl)ccc2OCC(=O)O)CCN1C(=O)Cc1ccccc1Cl,0.9795206961605467
726,C[C@H]1CN(Cc2cc(Cl)ccc2OCC(=O)O)CCN1S(=O)(=O)c1ccccc1,0.5510708379251145
727,C[C@H]1CN=C(N)c2sccc2O1,0.8450980400142568
728,C[C@H]1COCCN1c1nc(N2CCOC[C@@H]2C)c2ccc(-c3ccc4nc[nH]c(=O)c4c3)nc2n1,2.1760912590556813
729,C[C@H]1COCCN1c1nc(N2CCOC[C@@H]2C)c2ccc(-c3cccc(C(=O)NCCO)c3)nc2n1,1.0
730,C[C@H]1COc2c(N3CCN(C)CC3)c(F)cc3c(=O)c(C(=O)O)cn1c23.C[C@H]1COc2c(N3CCN(C)CC3)c(F)cc3c(=O)c(C(=O)O)cn1c23.O,0.4771212547196624
731,C[C@H]1C[C@@H](NS(=O)(=O)c2cc(Br)ccc2Br)CN1C#N,1.3975922948412118
732,C[C@H]1C[C@@H]2[C@H]([C@@H](O)C[C@@]3(C)[C@H]2CC[C@]3(O)C(=O)CO)[C@@]2(C)C=CC(=O)C=C12,1.5680430486920487
733,C[C@H]1Cc2c([nH]c3cc(Cl)c(F)cc23)[C@@]2(N1)C(=O)Nc1ccc(Cl)cc12,0.9400181550076632
734,C[C@]1(O)C[C@@H](c2nc(-c3ccc4ccc(-c5ccccc5)nc4c3)c3c(N)nccn32)C1,1.2349937290102906
735,C[C@]12CCC(=O)C=C1C=C[C@@H]1[C@@H]2CC[C@@]2(C)[C@H]1CC[C@@]21CCC(=O)O1,1.2133601759558459
736,C[C@]12CCC(=O)C=C1CC[C@@H]1[C@@H]2C(=O)C[C@@]2(C)[C@H]1CC[C@]2(O)C(=O)CO,1.2400497721126476
737,C[C@]12CC[C@H](O)CC1=CCC1C2CC[C@]2(C)C(n3cnc4ccccc43)=CCC12,1.5399538416563967
738,C[C@]12CC[C@H](O)CC1=CC[C@@H]1[C@@H]2CC[C@]2(C)C(c3cccnc3)=CC[C@@H]12,1.7399676967595097
739,C[C@]12CC[C@H]3[C@@H](CCC4=CC(=O)CC[C@@]43C)[C@@H]1CC[C@@H]2O,2.1760912590556813
740,C[C@]12Cc3cnn(-c4ccc(F)cc4)c3C=C1CC[C@@]2(O)CCc1ccc(F)cc1C(N)=O,1.8699909929794445
741,C[N+]1(C)CCC(OC(=O)C(O)(c2ccccc2)C2CCCC2)C1,1.218081323520378
742,C[N+]1(C)[C@@H]2C[C@@H](OC(=O)C(O)(c3cccs3)c3cccs3)C[C@H]1[C@@H]1O[C@@H]12,1.028192092644777
743,Cc1[nH]c2ccc(-c3nnc(SCC(=O)N4CCCc5ccccc54)o3)cc2c1C,2.1760912590556813
744,Cc1[nH]c2nc(NCc3cccc(Br)c3)nn2c(=O)c1Cc1ccccc1,0.8266062568876718
745,Cc1c(-c2ccc(O)cc2)n(Cc2ccc(OCCN3CCCCCC3)cc2)c2ccc(O)cc12,1.4599758267744363
746,Cc1c(C(=O)NC2C3CC4CC(C3)CC2C4)cnn1-c1ccc(C(=O)O)cc1,0.4771212547196624
747,Cc1c(C(=O)Nc2ccccc2)sc2ncnc(O)c12,1.43753063169585
748,Cc1c(C)c2c(c(C)c1O)CCC(C)(COc1ccc(CC3SC(=O)NC3=O)cc1)O2,1.772017009539238
749,Cc1c(CC(=O)O)c2cc(F)ccc2n1Cc1nc2ccccc2s1,0.4771212547196624
750,Cc1c(CC(=O)O)c2cc(F)ccc2n1S(=O)(=O)c1ccc(S(C)(=O)=O)cc1,0.6912394501153742
751,Cc1c(CN2CCN(C(=O)[C@H](C)O)CC2)sc2c(N3CCOCC3)nc(-c3cnc(N)nc3)nc12,0.7584659044340064
752,Cc1c(Cc2ccc3ccccc3n2)c2cc(F)ccc2n1CC(=O)O,0.6945008732767558
753,Cc1c(Cl)ccc(OC2CCN(C3CCN(C(=O)NS(=O)(=O)c4ccc(N(C)C)cc4)CC3)CC2)c1Cl,0.9542425094393248
754,Cc1c(Cl)ccc(OC2CCN(C3CCN(C(=O)c4cccc(S(C)(=O)=O)c4)CC3)CC2)c1Cl,1.130333768495006
755,Cc1c(Cl)ccc(OC2CCN(CC3CCN([C@@H](Cc4ccc(F)cc4)C(=O)O)CC3)CC2)c1Cl,0.8081852361456346
756,Cc1c(Cl)ccc(OC2CCN(C[C@H](O)CNC(=O)c3c[nH]c(=O)c4cc(S(C)(=O)=O)ccc34)CC2)c1Cl,1.1139433523068367
757,Cc1c(Cl)ccc(OC2CCN(C[C@H](O)CNC(=O)c3c[nH]c(=O)c4ccc(S(C)(=O)=O)cc34)CC2)c1Cl,0.4771212547196624
758,Cc1c(Cl)ccc(OC2CCN(C[C@H](O)CNC(=O)c3c[nH]c(=O)cc3C(F)(F)F)CC2)c1Cl,0.7781512503836436
759,Cc1c(Cl)ccc(OC2CCN(C[C@H](O)CNC(=O)c3c[nH]nc3C(F)(F)F)CC2)c1Cl,0.4771212547196624
760,Cc1c(Cl)cccc1S(=O)(=O)N1CCC[C@H](C(=O)NC2CCCCC2)C1,1.2699796766453235
761,Cc1c(F)cc(C(=O)NC2CC2)cc1-c1ccc(C(=O)NCC(C)(C)C)cn1,0.7399730167725673
762,Cc1c(F)ccc2c1c(Sc1ccc(Cl)cc1)c(C)n2CC(=O)O,0.4771212547196624
763,Cc1c(N(C)C)c(=O)n(-c2ccccc2)n1C,0.5403294747908738
764,Cc1c(OC2CCN(CC3CCN([C@@H](Cc4ccc(F)cc4)C(=O)O)CC3)CC2)ccc(C#N)c1Cl,0.5648683996445228
765,Cc1c(OC2CCN(CC3CCN([C@@](C)(Cc4ccc(F)cc4)C(=O)O)CC3)CC2)ccc(Cl)c1Cl,0.4771212547196624
766,Cc1c(Oc2ccc(Cl)cc2)c2c(NS(C)(=O)=O)cccc2n1CC(=O)O,0.4771212547196624
767,Cc1c(Oc2ccc(Cl)cc2)c2cc(F)ccc2n1CC(=O)O,0.4771212547196624
768,Cc1c(S(=O)(=O)c2ccc(Cl)cc2)c2c(NS(C)(=O)=O)cccc2n1CC(=O)O,0.4771212547196624
769,Cc1c(S(=O)(=O)c2ccc(Cl)cc2)c2cc(F)ccc2n1CC(=O)O,0.4771212547196624
770,Cc1c(Sc2ccc(Cl)cc2)c2c(-c3ccccc3)cccc2n1CC(=O)O,0.4771212547196624
771,Cc1c(Sc2ccc(Cl)cc2)c2c(-c3cnccn3)cccc2n1CC(=O)O,0.9030899869919436
772,Cc1c(Sc2ccc(Cl)cc2)c2c(C#N)c(Cl)ccc2n1CC(=O)O,0.6020599913279624
773,Cc1c(Sc2ccc(Cl)cc2)c2c(Cl)cccc2n1CC(=O)O,0.4771212547196624
774,Cc1c(Sc2ccc(Cl)cc2)c2c(NS(C)(=O)=O)cccc2n1CC(=O)O,0.6882884785282559
775,Cc1c(Sc2ccc(Cl)cc2)c2c(S(C)(=O)=O)cccc2n1CC(=O)O,0.4771212547196624
776,Cc1c(Sc2ccc(Cl)cc2)c2cc(-c3ccccc3)ccc2n1CC(=O)O,1.2041199826559248
777,Cc1c(Sc2ccc(Cl)cc2)c2cc(Cl)ccc2n1C(C)C(=O)O,0.4771212547196624
778,Cc1c(Sc2ccc(Cl)cc2)c2cc(Cl)ccc2n1CC(=O)O,0.4771212547196624
779,Cc1c(Sc2ccc(Cl)cc2)c2cc(Cl)ccc2n1Cc1nnn[nH]1,1.0413926851582251
780,Cc1c(Sc2ccc(Cl)cc2)c2cc(F)ccc2n1CC(=O)O,1.0043000858809588
781,Cc1c(Sc2ccc(Cl)cc2)c2cc(S(C)(=O)=O)ccc2n1CC(=O)O,0.4771212547196624
782,Cc1c(Sc2ccc(Cl)cc2)c2ccc(Cl)cc2n1CC(=O)O,0.4771212547196624
783,Cc1c(Sc2ccc(Cl)cc2)c2ccc(S(C)(=O)=O)cc2n1CC(=O)O,0.4771212547196624
784,Cc1c(Sc2ccc(Cl)cc2)c2cccc(Cl)c2n1CC(=O)O,0.4771212547196624
785,Cc1c2c(=O)n(-c3ccccc3Cl)[nH]c2cc(=O)n1Cc1ccccn1,0.4771212547196624
786,Cc1cc(-c2ccc(Cl)c(C(=O)NCC3(O)CCCCCC3)c2)n[nH]1,1.4175280508600583
787,Cc1cc(-c2ccc(Cl)c(C(=O)NCC3(O)CCCCCC3)c2)nn1C[C@H](O)CN,0.4771212547196624
788,Cc1cc(=O)n(-c2ccccc2)n1C,0.5637143889257994
789,Cc1cc(C(=O)Cn2cc(C(F)(F)F)ccc2=O)c(C)n1Cc1ccccc1,1.8930561418599132
790,Cc1cc(C)c(CNC(=O)c2cc(C3CC3)nc3c2cnn3C(C)C)c(O)n1,2.049983376560646
791,Cc1cc(C)cc(-c2nnc(SCC(=O)N3CCN(C(=O)c4ccco4)CC3)o2)c1,1.890017421229722
792,Cc1cc(C)nc(Nc2cccc(C(F)(F)F)c2)n1,1.5600262489128924
793,Cc1cc(C)nc(SCC(=O)Nc2cc(C)on2)n1,2.1630398577735788
794,Cc1cc(C)nc(SCC(N)=O)n1,0.4771212547196624
795,Cc1cc(CC(=O)O)n(C)c1C(=O)c1ccc(Cl)cc1,0.4771212547196624
796,Cc1cc(CCCOc2c(C)cc(-c3noc(C(F)(F)F)n3)cc2C)on1,1.1449398983822356
797,Cc1cc(CCCOc2c(Cl)cc(C3=NCCO3)cc2Cl)on1,1.9980477829319994
798,Cc1cc(CCC[N+]23CCC(CC2)[C@@H](OC(=O)[C@](C)(c2ccccc2)N2CCCCC2)C3)ccn1,1.7328757738742766
799,Cc1cc(CN(CC(=O)Nc2ccc(Cl)cc2Cl)C2CCCCC2)ccc1OCC(=O)O,1.8210556015724357
800,Cc1cc(CN2CCc3ccccc3C2C(=O)Nc2ccc(Cl)cc2Cl)ccc1OCC(=O)O,1.2385606273598313
801,Cc1cc(CN2Cc3ccccc3C2C(=O)Nc2ccc(Cl)cc2Cl)ccc1OCC(=O)O,0.9771212547196624
802,Cc1cc(CN2Cc3ccccc3C[C@H]2C(=O)Nc2ccc(Cl)cc2Cl)ccc1OCC(=O)O,1.2663771894962488
803,Cc1cc(Cl)ccc1OC1CCN(CC2CCN([C@@H](Cc3ccc(F)cc3)C(=O)O)CC2)CC1,0.4771212547196624
804,Cc1cc(Cl)ccc1OC1CCN(C[C@H](O)CNC(=O)c2c[nH]c(=O)c3cc(S(C)(=O)=O)ccc23)CC1,1.146128035678238
805,Cc1cc(Cl)ccc1OC1CCN(C[C@H](O)CNC(=O)c2c[nH]c(=O)cc2C(F)(F)F)CC1,0.4771212547196624
806,Cc1cc(Cl)ccc1OC1CCN(C[C@H](O)CNC(=O)c2c[nH]nc2C(F)(F)F)CC1,0.4771212547196624
807,Cc1cc(F)ccc1-n1nc(C(F)(F)F)cc1-c1ccc2c(c1)NC(=O)CO2,1.213334540407552
808,Cc1cc(F)ccc1OC1CCN(CC2CCN([C@@H](Cc3ccc(F)cc3)C(=O)O)CC2)CC1,0.4771212547196624
809,Cc1cc(F)ccc1OC1CCN(CC2CCN([C@@](C)(Cc3ccc(F)cc3)C(=O)O)CC2)CC1,0.6602585913208738
810,Cc1cc(N(C)S(C)(=O)=O)ccc1-c1cc(C(F)(F)F)ccc1OCC(=O)O,0.4771212547196624
811,Cc1cc(N2CCC[C@@H]2C(=O)NCCc2ccc3c(c2)OCO3)nc(-n2ccnc2)n1,2.1760912590556813
812,Cc1cc(NC(=O)Nc2cccc3ccccc23)no1,1.9800033715837464
813,Cc1cc(NS(=O)(=O)c2ccc(Cl)cc2)no1,0.7035254074021251
814,Cc1cc(NS(=O)(=O)c2ccc(N)cc2)no1,0.4771212547196624
815,Cc1cc(Nc2cncc(N[C@@H](C)c3ccc(F)cn3)n2)n[nH]1,1.5399538416563967
816,Cc1cc(Nc2cncc(N[C@@H](C)c3ncc(F)cn3)n2)n[nH]1,1.2000292665537702
817,Cc1cc(Nc2nc(N[C@@H](C)c3ccc(F)cn3)c(C#N)cc2Cl)n[nH]1,0.7902851640332417
818,Cc1cc(OC2CCN(CC3CCN([C@@H](Cc4ccc(F)cc4)C(=O)O)CC3)CC2)ccc1Cl,0.5324161098692869
819,Cc1cc(OC2CCN(CC3CCN([C@@](C)(Cc4ccc(F)cc4)C(=O)O)CC3)CC2)ccc1Cl,0.4771212547196624
820,Cc1cc(OCC(=O)NCc2ccccc2)c2cc(Br)ccc2n1,1.905011966305219
821,Cc1cc(OCC(=O)Nc2ccccc2)c2cc(Br)ccc2n1,2.133051141531414
822,Cc1cc(OCCCS(C)(=O)=O)cc(C)c1-c1cccc(COc2ccc3c(c2)OC[C@H]3CC(=O)O)c1,0.8201739976334003
823,Cc1cc(Oc2cc(S(=O)(=O)N3CCC[C@H](n4cc(C)c(=O)[nH]c4=O)C3)ccc2O)ccc1Cl,1.3100557377508917
824,Cc1cc(Oc2ccc3c(c2)OCO3)nc(Oc2ccc(-n3ccnc3)cc2)n1,0.4771212547196624
825,Cc1cc([C@H](O)[C@](C)(OCc2ccc(-c3ccccc3)cc2)C(=O)NO)no1,1.2000292665537702
826,Cc1cc2c(C(=O)NC[C@H](C)c3ccccc3)c(O)c(O)cc2c(O)c1-c1c(C)cc2c(C(=O)NC[C@H](C)c3ccccc3)c(O)c(O)cc2c1O,1.5399538416563967
827,Cc1cc2cc(C)c3nnc(SCC(=O)N4CCN(C(=O)c5ccco5)CC4)n3c2cc1C,1.9680305583049944
828,Cc1ccc(-c2cc(-c3ccccc3)nn2-c2ccc(S(N)(=O)=O)cc2)cc1,1.1300119496719043
829,Cc1ccc(-c2cc(C(F)(F)F)nn2-c2ccc(C(=O)O)cc2)cc1,1.0301947853567512
830,Cc1ccc(-c2cc(C(F)(F)F)nn2-c2ccc(CC(=O)O)cc2)cc1,0.6803355134145632
831,Cc1ccc(-c2cc(C(F)(F)F)nn2-c2ccc(S(C)(=O)=O)cc2)cc1,1.2400497721126476
832,Cc1ccc(-c2cc(C(F)(F)F)nn2-c2ccc(S(N)(=O)=O)cc2)cc1,1.4099331233312946
833,Cc1ccc(-c2cc(C(F)(F)F)nn2-c2ccc([S+](C)[O-])cc2)cc1,1.1699681739968923
834,Cc1ccc(-c2ccc3c(ccc4sc5c(c43)NC[C@@H](C)NC5=O)n2)cn1,0.8401060944567578
835,Cc1ccc(-c2cccc(-c3nn[nH]n3)c2)cc1,1.7199938263676038
836,Cc1ccc(-c2cccc([S@]3(=O)=NC(=O)[C@H](C)N3)c2)cc1,1.290034611362518
837,Cc1ccc(-c2nc3ccccc3[nH]2)cc1NC(=O)c1ccc(OCc2ccccn2)cc1,1.0098756337121602
838,Cc1ccc(-c2nnc(SCC(=O)N3CCN(c4ccccc4)CC3)o2)cc1,2.1760912590556813
839,Cc1ccc(-n2c(C)cc(/C=C3\SC(=O)NC3=O)c2C)cc1,1.249931756634195
840,Cc1ccc(-n2nc(C(C)(C)C)cc2NC(=O)Nc2ccc(OCCN3CCOCC3)c3ccccc23)cc1,1.8544743646513293
841,Cc1ccc(/C(=C\CN2CCCC2)c2ccccn2)cc1,1.4136846365269127
842,Cc1ccc(C#N)c(S[C@H](CCN)c2ccccc2)n1,0.4771212547196624
843,Cc1ccc(C#N)cc1-c1cc(C(F)(F)F)ccc1OCC(=O)O,0.4771212547196624
844,Cc1ccc(C(=O)N2CC3CNCC(C2)O3)cc1NC(=O)CC12CC3CC(CC(C3)C1)C2,1.5318191169977204
845,Cc1ccc(C(=O)NC(C)C)cc1-n1cnc2ccc(N3CCN(C)CC3)cc2c1=O,0.4771212547196624
846,Cc1ccc(C(=O)NC2CC2)cc1-c1ccc(C(=O)NCC2CC2)nc1,0.8996702747267908
847,Cc1ccc(C(=O)NC2CCC2)cc1-n1cnc2ccc(N3CCN(C)CC3)cc2c1=O,0.6989700043360189
848,Cc1ccc(C(=O)Nc2ccc(CN3CCN(C)CC3)c(C(F)(F)F)c2)cc1C#Cc1cnc2cccnn12,0.5736835538968932
849,Cc1ccc(C(=O)Nc2ccon2)cc1NC(=O)c1cnn(-c2ccccc2F)c1N,0.4771212547196624
850,Cc1ccc(C(=O)Nc2nccs2)cc1-n1cnc2ccc(N3CCN(C)CC3)cc2c1=O,0.8450980400142568
851,Cc1ccc(C(=O)c2ccc(CC(=O)O)n2C)cc1,0.8090529347658354
852,Cc1ccc(C(NC(=O)c2ccccc2O)C(=O)Nc2c(C)cccc2C)s1,1.7392832477969216
853,Cc1ccc(C)c(OCCCC(C)(C)C(=O)O)c1,1.8220215917879863
854,Cc1ccc(CCNC(=O)c2ccc3sc(CO)nc3c2)cc1,1.9030560550845457
855,Cc1ccc(CCOCCNS(=O)(=O)CCCNCCc2ccc(O)c3nc(O)sc23)cc1,2.1760912590556813
856,Cc1ccc(CNC(=O)C2CCCN2S(=O)(=O)c2ccc(F)cc2)cc1,2.1760912590556813
857,Cc1ccc(CO)cc1N(C)c1ccnc(Nc2cc(N3CCOCC3)cc(N3CCOCC3)c2)n1,1.4999618655961902
858,Cc1ccc(CO)cc1N(c1ccnc(Nc2cc(N3CCOCC3)cc(S(C)(=O)=O)c2)n1)C(C)C,1.9530327723776186
859,Cc1ccc(C[C@@H](C(=O)O)N2CCC(CN3CCC(Oc4ccc(Cl)c(Cl)c4)CC3)CC2)cc1,0.8116246451989502
860,Cc1ccc(F)c(Nc2ccnc(Nc3ccc(S(N)(=O)=O)cc3)n2)c1,1.255272505103306
861,Cc1ccc(F)cc1S(=O)(=O)N[C@@H]1CCN(Cc2ccc(-c3ccccc3)cc2)C1,2.168039654718834
862,Cc1ccc(N2CC(COc3ccc(-c4noc(C)n4)cc3)C2)nn1,1.206790170232212
863,Cc1ccc(NC(=O)C2CC2)cc1-n1cnc2ccc(N3CCN(C)CC3)cc2c1=O,0.6020599913279624
864,Cc1ccc(NC(=O)[C@@H]2CCCN2S(=O)(=O)c2cccc3cccnc23)c(C)c1,2.1760912590556813
865,Cc1ccc(NC(=O)[C@H]2CCCN2S(=O)(=O)c2cccc3cccnc23)c(C)c1,2.1760912590556813
866,Cc1ccc(NC(=O)c2ccc(C#N)cc2)cc1-n1cnc2ccc(N3CCN(C)CC3)cc2c1=O,0.8450980400142568
867,Cc1ccc(NC(=O)c2cccc(N(C)S(C)(=O)=O)c2)cc1NC(=O)c1ccc2ncccc2c1,1.1685498481808416
868,Cc1ccc(NC(=O)c2cccc(N3CCOCC3)c2)cc1-n1cnc2ccc(N3CCN(C)CC3)cc2c1=O,0.9621396430309408
869,Cc1ccc(NC(=O)c2cccc(N3CCOCC3)c2)cc1NC(=O)c1ccc(OCc2ccccn2)cc1,1.4818724103106635
870,Cc1ccc(NC(=O)c2cccc(N3CCOCC3)c2)cc1NC(=O)c1ccc(OCc2cscn2)cc1,1.3313789158407872
871,Cc1ccc(NC(=O)c2ccccc2F)cc1-n1cnc2ccc(N3CCN(C)CC3)cc2c1=O,0.4771212547196624
872,Cc1ccc(NC(=O)c2ccnc(N3CCOCC3)c2)cc1NC(=O)c1ccc(OCc2ccccn2)cc1,0.8450980400142568
873,Cc1ccc(NC(=O)c2ccno2)cc1-n1cnc2ccc(N3CCN(C)CC3)cc2c1=O,0.4771212547196624
874,Cc1ccc(NC(=O)c2ccoc2)cc1-n1cnc2ccc(N3CCN(C)CC3)cc2c1=O,0.627636252551653
875,Cc1ccc(NC(=O)c2cncs2)cc1-n1cnc2ccc(N3CCN(C)CC3)cc2c1=O,0.4771212547196624
876,Cc1ccc(NC(=O)c2cscn2)cc1-n1cnc2ccc(N3CCN(C)CC3)cc2c1=O,0.4771212547196624
877,Cc1ccc(S(=O)(=O)N(C)C(=O)N2CCC(N3CCC(Oc4ccc(Cl)c(Cl)c4)CC3)CC2)cc1,1.0
878,Cc1ccc(S(=O)(=O)N2N=Cc3ccccc3B2O)cc1,0.9702136629409002
879,Cc1ccc(S(=O)(=O)NC(=O)N2CCC(N3CCC(Oc4ccc(Cl)c(C)c4Cl)CC3)CC2)cc1,0.4771212547196624
880,Cc1ccc(S(=O)(=O)NC(=O)N2CCC(N3CCC(Oc4ccc(Cl)cc4C)CC3)CC2)cc1,0.7781512503836436
881,Cc1ccc(S(=O)(=O)NC(=O)N2CCC(N3CCC(Oc4ccc(Cl)cc4Cl)CC3)CC2)cc1,0.4771212547196624
882,Cc1ccc(S(=O)(=O)NC(=O)N2CCC(N3CCC(Oc4ccc(F)c(F)c4)CC3)CC2)cc1,0.4771212547196624
883,Cc1ccc(S(=O)(=O)Nc2c(C(=O)N(C)C3CCCCC3)c(C)nn2-c2ccccc2)cc1,1.5232475821673541
884,Cc1ccc(S(=O)(=O)Nc2c(C(=O)N(C)C3CCCCC3)cnn2-c2ccccc2)cc1,1.8291659940353564
885,Cc1ccc(S(=O)(=O)Nc2c(C(=O)NC(C)C(C)(C)C)c(C)nn2-c2ccccc2)cc1,1.1682298669242648
886,Cc1ccc(S(=O)(=O)Nc2c(C(=O)NC(C)C)c(C)nn2-c2ccccc2)cc1,1.3933757110727807
887,Cc1ccc(S(=O)(=O)Nc2c(C(=O)NC3CCCCC3)c(C)nn2-c2ccccc2)cc1,1.3294824213322174
888,Cc1ccc(S(=O)(=O)Nc2c(C(=O)NC3CCCCC3)cnn2-c2ccccc2)cc1,1.6047575072713154
889,Cc1ccc(S(=O)(=O)Nc2c(C(=O)NC3CCCCC3C)c(C)nn2-c2ccccc2)cc1,1.4969384574706055
890,Cc1ccc(S(=O)(=O)Nc2c(C(=O)NC3CCCCC3C)cnn2-c2ccccc2)cc1,1.2349110079890815
891,Cc1ccc(S(=O)(=O)Nc2c(C(=O)NC3CCOCC3)c(C)nn2-c2ccccc2)cc1,0.9621396430309408
892,Cc1ccc(S(=O)(=O)Nc2c(C(=O)NCC(C)(C)C)c(C)nn2-c2ccccc2)cc1,1.3433181346311467
893,Cc1ccc(S(=O)(=O)Nc2c(C(=O)NCc3ccccc3)cnn2-c2ccccc2)cc1,1.889075625191822
894,Cc1ccc(S(=O)(=O)Nc2c(C(=O)N[C@@H](C)C(C)(C)C)c(C(F)(F)F)nn2-c2ccccc2)cc1,1.6771310722522417
895,Cc1ccc(S(=O)(=O)Nc2c(C(=O)N[C@@H](C)C(C)(C)C)c(C)nn2-c2ccccc2)cc1,1.1764212533631135
896,Cc1ccc(S(=O)(=O)Nc2c(C(=O)N[C@@H](C)C(C)(C)C)c(C)nn2C(C)(C)C)cc1,1.646238796833892
897,Cc1ccc(S(=O)(=O)Nc2c(C(=O)N[C@@H](C)C(C)(C)C)c(C)nn2C(C)C)cc1,0.7385606273598312
898,Cc1ccc(S(=O)(=O)Nc2c(C(=O)N[C@@H](C)C(C)(C)C)c(C)nn2C2CCC2)cc1,1.1359208032682497
899,Cc1ccc(S(=O)(=O)Nc2c(C(=O)N[C@@H](C)C(C)(C)C)c(C)nn2C2CCCC2)cc1,1.1126546408629314
900,Cc1ccc(S(=O)(=O)Nc2c(C(=O)N[C@@H](C)C(C)(C)C)c(C)nn2C2CCCCC2)cc1,1.2108019634349156
901,Cc1ccc(S(=O)(=O)Nc2c(C(=O)N[C@@H](C)C(C)(C)C)c(C)nn2C2CCN(C)CC2)cc1,0.5880456295278407
902,Cc1ccc(S(=O)(=O)Nc2c(C(=O)N[C@@H](C)C(C)(C)C)c(C)nn2C2CCN(CC(F)(F)F)CC2)cc1,0.4771212547196624
903,Cc1ccc(S(=O)(=O)Nc2c(C(=O)N[C@@H](C)C(C)(C)C)c(C)nn2C2CCOC2)cc1,0.4771212547196624
904,Cc1ccc(S(=O)(=O)Nc2c(C(=O)N[C@@H](C)C(C)(C)C)c(C)nn2C2CCOCC2)cc1,0.6611096473669595
905,Cc1ccc(S(=O)(=O)Nc2c(C(=O)N[C@@H](C)C(C)(C)C)c(C)nn2C2CCS(=O)(=O)CC2)cc1,0.5395906230238123
906,Cc1ccc(S(=O)(=O)Nc2c(C(=O)N[C@@H](C)C(C)(C)C)c(C)nn2C2CCSCC2)cc1,1.0484550065040281
907,Cc1ccc(S(=O)(=O)Nc2c(C(=O)N[C@@H](C)C(C)(C)C)c(C)nn2CC(F)(F)F)cc1,1.24286071324079
908,Cc1ccc(S(=O)(=O)Nc2c(C(=O)N[C@H](C)C(C)(C)C)c(C)nn2-c2ccccc2)cc1,1.263169638694922
909,Cc1ccc2[nH]c(C(=O)O)nc2c1,0.989894563718773
910,Cc1ccc2[nH]ccc2c1-c1nc(N2CCOCC2)cc(C2(S(C)(=O)=O)CC2)n1,0.7596678446896304
911,Cc1ccc2c(N)c(C(N)=O)sc2n1,1.1139433523068367
912,Cc1ccc2c(NC[C@](O)(CC(C)(C)c3cc(F)cc4c3OCC4)C(F)(F)F)cccc2n1,1.9380511606888968
913,Cc1ccc2c(c1)C1(CCN(CCc3nc(-c4ccccc4)oc3C)CC1)OC(=O)N2,1.899984562549391
914,Cc1ccc2c(c1)c(-c1cc(C)nc3ccccc13)c(C)n2CC(=O)O,0.4771212547196624
915,Cc1ccc2c(c1)c(-c1ccnc3c(C#N)cccc13)c(C)n2CC(=O)O,0.4771212547196624
916,Cc1ccc2c(c1)c(-c1ccnc3c(C(F)(F)F)cccc13)c(C)n2CC(=O)O,0.7481880270062004
917,Cc1ccc2c(c1)c(-c1ccnc3c(C)cccc13)c(C)n2CC(=O)O,0.6989700043360189
918,Cc1ccc2c(c1)c(-c1ccnc3c(Cl)cccc13)c(C)n2CC(=O)O,0.8450980400142568
919,Cc1ccc2c(c1)c(-c1ccnc3c(F)cccc13)c(C)n2CC(=O)O,0.4771212547196624
920,Cc1ccc2c(c1)c(-c1ccnc3c(S(C)(=O)=O)cccc13)c(C)n2CC(=O)O,0.4771212547196624
921,Cc1ccc2c(c1)c(-c1ccnc3cc(C(F)(F)F)ccc13)c(C)n2CC(=O)O,0.4771212547196624
922,Cc1ccc2c(c1)c(-c1ccnc3cc(Cl)ccc13)c(C)n2CC(=O)O,0.6020599913279624
923,Cc1ccc2c(c1)c(-c1ccnc3ccc(C(F)(F)F)cc13)c(C)n2CC(=O)O,1.3617278360175928
924,Cc1ccc2c(c1)c(S(=O)(=O)c1ccc(Cl)cc1)c(C)n2CC(=O)O,0.8450980400142568
925,Cc1ccc2c(c1)c(Sc1ccc(Cl)cc1)c(C)n2CC(=O)O,0.8450980400142568
926,Cc1ccc2c(c1)c(Sc1ccc(S(C)(=O)=O)cc1)c(C)n2CC(=O)O,0.4771212547196624
927,Cc1ccc2c(c1)c(Sc1cccc(Cl)c1)c(C)n2CC(=O)O,1.0791812460476249
928,Cc1ccc2c(c1)c(Sc1ccccc1)c(CC(=O)O)n2C,0.4771212547196624
929,Cc1ccc2c(c1)c(Sc1ccccc1Cl)c(C)n2CC(=O)O,0.4771212547196624
930,Cc1ccc2c(c1)c([S+]([O-])c1ccc(Cl)cc1)c(C)n2CC(=O)O,0.4771212547196624
931,Cc1ccc2c(n1)c(Sc1ccc(Cl)cc1)c(C)n2CC(=O)O,0.6989700043360189
932,Cc1ccc2cc(C)c3nnc(SCC(=O)N4CCN(C(=O)c5ccco5)CC4)n3c2c1,1.920001358778527
933,Cc1ccc2nc(CCNCCCO)ccc2c1NC(=O)CC12CC3CC(CC(C3)C1)C2,1.5185139398778875
934,Cc1ccc2nc(C[N+]34CCC(CC3)[C@@H](OC(=O)[C@](C)(c3ccccc3)N3CCCCC3)C4)oc2c1,2.1760912590556813
935,Cc1cccc(-c2ccc(CNC(=O)CCCc3ccc4cccnc4n3)cc2)c1,1.7800291273373383
936,Cc1cccc(CN2CCC3(CC2)CCN(C(=O)c2ccccc2)CC3)c1,1.0694669701284618
937,Cc1cccc(C[C@@H](C(=O)O)N2CCC(CN3CCC(Oc4ccc(Cl)c(Cl)c4)CC3)CC2)c1,0.4771212547196624
938,Cc1cccc(NC(=O)Nc2cccc3ccccc23)c1,1.9049833753286332
939,Cc1cccc(Nc2ccccc2C(=O)O)c1C,0.9542425094393248
940,Cc1cccc([C@H](C)c2c[nH]c(=S)[nH]2)c1C,1.399992309895141
941,Cc1cccc2c(CCNCc3cccc(CCNC[C@H](O)c4ccc(O)c5[nH]c(=O)sc45)c3)c[nH]c12,1.2921656121837652
942,Cc1cccc2c(O)nc(-c3ccc(C(F)(F)F)cc3)nc12,1.6600112212893308
943,Cc1ccccc1-c1c(C(=O)O)n(CCCOc2cccc3ccccc23)c2ccccc12,2.090011024007147
944,Cc1ccccc1-n1c(Cn2cnc3c(N)ncnc32)nc2cccc(C)c2c1=O,1.2099204010580906
945,Cc1ccccc1-n1c(Cn2nc(-c3ccc(O)c(F)c3)c3c(N)ncnc32)nc2cccc(C)c2c1=O,1.625004065027968
946,Cc1ccccc1/N=N/c1ccc(NC(=O)c2ccnn2C)c(C)c1,1.1548150837129494
947,Cc1ccccc1C(OCCN(C)C)c1ccccc1,2.1760912590556813
948,Cc1ccccc1CCOCCCS(=O)(=O)CCNCCc1ccc(O)c2nc(O)sc12,2.1760912590556813
949,Cc1ccccc1CN1CCC(N2CCC(n3c(=O)[nH]c4ccccc43)CC2)CC1,1.3294824213322174
950,Cc1ccccc1C[C@@H](C(=O)O)N1CCC(CN2CCC(Oc3ccc(Cl)c(Cl)c3)CC2)CC1,0.4771212547196624
951,Cc1ccccc1NC(=O)CCS(=O)(=O)c1ccc(Br)s1,1.923029314482093
952,Cc1ccccc1Nc1nc(N)nc(C)c1Br,2.1760912590556813
953,Cc1ccccc1S(=O)(=O)NC(=O)N1CCC(N2CCC(Oc3ccc(Cl)c(Cl)c3)CC2)CC1,0.4771212547196624
954,Cc1cn(Cc2ccccc2)c(=O)[nH]c1=O,1.3010299956639813
955,Cc1cn([C@H]2CCCN(S(=O)(=O)c3ccc(O)c(Oc4cc(F)cc(Cl)c4)c3)C2)c(=O)[nH]c1=O,1.8699940001217417
956,Cc1cn([C@H]2CCCN(S(=O)(=O)c3ccc(O)c(Oc4ccc(Cl)cc4)c3)C2)c(=O)[nH]c1=O,1.9500239065233265
957,Cc1cn([C@H]2CCCN(S(=O)(=O)c3ccc(O)c(Oc4cccc(Br)c4)c3)C2)c(=O)[nH]c1=O,1.5800121125294244
958,Cc1cn([C@H]2CCCN([C@@H](CC(C)(C)C)c3ccc(C(=O)O)c(Oc4cccc(Br)c4)c3)C2)c(=O)[nH]c1=O,0.4771212547196624
959,Cc1cn([C@H]2CCCN([C@@H](CC(C)C)c3ccc(C(=O)O)c(Oc4cccc(Cl)c4)c3)C2)c(=O)[nH]c1=O,0.9800033715837464
960,Cc1cn([C@H]2CCCN([C@H](C)c3ccc(C(=O)O)c(Oc4cccc(Cl)c4)c3)C2)c(=O)[nH]c1=O,0.5301996982030822
961,Cc1cn([C@H]2CCCN([C@H](CC(C)(C)C)c3ccc(C(=O)O)c(Oc4cccc(Br)c4)c3)C2)c(=O)[nH]c1=O,1.6900187807886953
962,Cc1cn([C@H]2CCCN([C@H](CC(C)C)c3ccc(C(=O)O)c(Oc4cccc(Cl)c4)c3)C2)c(=O)[nH]c1=O,0.959994838328416
963,Cc1cn([C@H]2CCCN([C@H](CC3CCCCC3)c3ccc(C(=O)O)c(Oc4cccc(Cl)c4)c3)C2)c(=O)[nH]c1=O,1.63002085111341
964,Cc1cn([C@H]2CCCN([C@H](CC3CCOCC3)c3ccc(C(=O)O)c(Oc4cccc(Cl)c4)c3)C2)c(=O)[nH]c1=O,1.2798949800116382
965,Cc1cnc(-c2cnc(NCCNc3ccc(C#N)cn3)nc2-c2ccc(Cl)cc2Cl)[nH]1,2.007847494263259
966,Cc1cnc(C(=O)NCCc2ccc(S(=O)(=O)NC(=O)NC3CCCCC3)cc2)cn1,0.6304278750250238
967,Cc1cnc(Nc2ccc(F)cc2Cl)nc1-c1c[nH]c(C(=O)N[C@H](CO)c2cccc(Cl)c2)c1,1.1466216860578466
968,Cc1cnc(Oc2ccc(-n3ccnc3)cc2)nc1Oc1ccc2c(c1)OCO2,0.4771212547196624
969,Cc1n[nH]c(C)c1Cc1sc2c(c1C(=O)N1C[C@H](O)CO1)c(=O)n(C)c(=O)n2CC(C)C,0.6020599913279624
970,Cc1nc(-c2ccc(OCC(C)C)c(C#N)c2)sc1C(=O)O,0.8090158994625248
971,Cc1nc(C(=O)N2CCOC3(CCN(Cc4ccc(Cl)cc4)CC3)C2)cs1,1.3567452715469712
972,Cc1nc(CSc2nc(N[C@H](C)CO)c3sc(=O)[nH]c3n2)cs1,0.4978175972987749
973,Cc1nc(CSc2nc(N[C@H](C)CO)c3sc(N)nc3n2)cs1,0.4771212547196624
974,Cc1nc(Nc2ncc(C(=O)Nc3c(C)cccc3Cl)s2)cc(N2CCN(CCO)CC2)n1.O,1.4499409887733377
975,Cc1nc2ccc(-c3ccc(Cl)cc3)cc2c(=O)n1C[C@H]1CCCN(C(C)C)C1,0.5284524256682362
976,Cc1nc2ccc(Oc3ccc(F)cc3)cc2c(=O)n1C[C@H]1CCCN(C(C)C)C1,0.9448824448290853
977,Cc1nc2ccccn2c1-c1ccnc(N)n1,1.5150093815974357
978,Cc1nc2ncnn2c(O)c1CCOC(=O)c1c(F)cccc1F,1.9922861578108162
979,Cc1nc2ncnn2c(O)c1CCOC(=O)c1ccccc1F,2.143340484677465
980,Cc1ncc([N+](=O)[O-])n1CCO,0.4771212547196624
981,Cc1ncc2n1-c1ccc(Cl)cc1C(c1ccccc1F)=NC2,1.7963969416283425
982,Cc1nccn1CC1CCc2c(c3ccccc3n2C)C1=O,0.6436768863573732
983,Cc1nccn1CCC(C(N)=O)(c1ccccc1)c1ccccc1,1.0699395432006182
984,Cc1nn(-c2ccc(F)cc2)c(NS(=O)(=O)c2ccc(C#N)cc2)c1C(=O)N[C@@H](C)C(C)(C)C,0.6514141698131083
985,Cc1nn(-c2ccc(F)cc2)c(NS(=O)(=O)c2ccc(C(F)(F)F)cc2)c1C(=O)N[C@@H](C)C(C)(C)C,0.7256529935289694
986,Cc1nn(-c2ccc(F)cc2)c(NS(=O)(=O)c2cccnc2)c1C(=O)N[C@@H](C)C(C)(C)C,0.7781512503836436
987,Cc1nn(-c2ccccc2)c(N)c1-c1ccccc1,1.5100085129402347
988,Cc1nn(-c2ccccc2)c(NC(=O)NS(=O)(=O)c2ccc(Cl)cc2)c1C#N,0.7620248512918577
989,Cc1nn(-c2ccccc2)c(NS(=O)(=O)C2CCCCC2)c1C(=O)N[C@@H](C)C(C)(C)C,1.1611096473669595
990,Cc1nn(-c2ccccc2)c(NS(=O)(=O)c2cccc(CN3CCOCC3)c2)c1C(=O)N[C@@H](C)C(C)(C)C,0.9771212547196624
991,Cc1nn(C)c(C)c1-c1cccc2c(CCCOc3cccc4ccccc34)c(C(=O)O)[nH]c12,1.7900035203904894
992,Cc1nn(C)c2cc(N3CCN(C(=O)[C@@H]4CCCC[C@H]4C(=O)NC4(C#N)CC4)[C@H](C)C3)ccc12,0.8899543767866982
993,Cc1nn(C)c2ccc(N3CCN(C(=O)[C@@H]4CCCC[C@H]4C(=O)NC4(C#N)CC4)[C@H](C)C3)cc12,0.4771212547196624
994,Cc1nn(C2CCCCC2)c(N)c1-c1ccccc1,1.1398790864012365
995,Cc1nn(C2CCOCC2)c(NS(=O)(=O)c2ccc(C3CC3)cc2)c1C(=O)N[C@@H](C)C(C)(C)C,0.4771212547196624
996,Cc1nnc(C)c2cc(N3CCN(C(=O)[C@@H]4CCCC[C@H]4C(=O)NC4(C#N)CC4)[C@H](C)C3)ccc12,0.7685315713908086
997,Cc1nnc2n1-c1ccc(Cl)cc1C(c1ccccc1)=NC2,1.1149519615935488
998,Cc1nnc2n1-c1ccc(Cl)cc1C(c1ccccc1Cl)=NC2,2.1760912590556813
999,Cc1noc(C)c1-c1ccc(CNS(=O)(=O)c2c(C)noc2C)cc1,1.5299620536744882
1000,Cc1noc(NS(=O)(=O)c2ccc(N)cc2)c1C,0.4771212547196624
1001,Cc1noc2cc(N3CCN(C(=O)[C@@H]4CCCC[C@H]4C(=O)NC4(C#N)CC4)[C@H](C)C3)ccc12,1.224944293351825
1002,Cc1nocc1C(=O)Nc1ccc(-c2ccccc2OC(F)(F)F)c(N)n1,1.173557627420702
1003,Cc1oc(-c2ccccc2)cc1C(=O)Nc1cccc(C(=O)O)c1,1.2200701808910375
1004,Cc1oc(=O)oc1CN1CCN(c2cc3c(cc2F)c(=O)c(C(=O)O)c2n3C(C)S2)CC1,1.5150159877187743
1005,Cc1oncc1C(=O)Nc1ccc(C(F)(F)F)cc1,0.9285757513437465
1006,Cc1sc2c(c1C)C(c1ccc(Cl)cc1)=N[C@@H](CC(=O)OC(C)(C)C)c1nnc(C)n1-2,1.2201080880400552
1007,Cc1sc2ncnc(SCC(=O)N3CCN(C(=O)c4ccco4)CC3)c2c1C,1.9499883062655279
1008,Clc1ccc(COc2ccc(Br)cc2CN2CCOCC2)cc1,1.7399676967595097
1009,Clc1ccc(Cn2c(-c3nn[nH]n3)cc3ccccc32)cc1Cl,1.1099158630237933
1010,Clc1ccc2c(c1)CCc1cccnc1C2=C1CCNCC1,1.4300750555519393
1011,Clc1ccc2ncc(-c3cccc(NC4CNC4)n3)n2c1,0.8785081173656503
1012,Clc1cccc(-c2cnc3ccc(NC4CCOCC4)nn23)c1,1.0649815061626542
1013,Clc1cccc(-n2nnnc2NCc2ccccc2Oc2ccccn2)c1Cl,2.1760912590556813
1014,Clc1ccccc1CN1CCc2sccc2C1,1.8233757956384533
1015,Cn1c(-c2ccccc2C(F)(F)F)nnc1C12CCC(c3noc(-c4ccc(F)cc4)n3)(CC1)CC2,0.6884708785733793
1016,Cn1c(=N)n(CC(=O)c2ccc(Cl)cc2)c2ccccc21,0.4771212547196624
1017,Cn1c(=O)c(-c2c(Cl)cccc2Cl)cc2cnc(Nc3ccc(F)cc3)nc21,1.4551497080556544
1018,Cn1c(=O)c(Oc2ccc(F)cc2F)cc2cnc(NC(CCO)CCO)nc21,0.5685187273947563
1019,Cn1c(=O)c2[nH]cnc2n(C)c1=O,0.639041537607952
1020,Cn1c(=O)c2c(ncn2C)n(C)c1=O,0.4771212547196624
1021,Cn1cc(C(=O)NC[C@@H](O)CN2CCC(Oc3ccc(Cl)c(Cl)c3)CC2)c(C(F)(F)F)cc1=O,0.6020599913279624
1022,Cn1cc(C2=C(c3cccc(NCC(O)CO)c3)C(=O)NC2=O)c2cc(F)ccc21,1.537590927309346
1023,Cn1cc(C2=C(c3cn(C4CCN(Cc5ccccn5)CC4)c4ccccc34)C(=O)NC2=O)c2ccccc21,0.7781512503836436
1024,Cn1cnc2c(-c3ccc(C4(N)CCC4)cc3)c(-c3ccccc3)ccc21,0.5198279937757188
1025,Cn1ncc(Cl)c1-c1cc(C(=O)N[C@H](CN)Cc2cccc(F)c2)sc1Cl,0.850033257689769
1026,Cn1sc(=O)c2cc(S(=O)(=O)NC3CC3)ccc21,2.1760912590556813
1027,Cn1sc(=O)c2cc(S(N)(=O)=O)ccc21,1.3400068540167762
1028,FC(F)(F)Oc1ccc(-c2nnc(CCCCc3ccc4cccnc4n3)o2)cc1Cl,1.3900514964589874
1029,Fc1cc(-c2cccc3ncc(-c4cnn(C5CCNCC5)c4)nc23)cc(F)c1CN1CCOCC1,0.4771212547196624
1030,Fc1cccc(COc2ccc(Nc3ncnc4ccc(-c5cccc(N6CCOCC6)c5)cc34)cc2Cl)c1,1.7250226558579862
1031,Fc1cnc(Nc2ccccc2)nc1Nc1ccccc1,0.8450980400142568
1032,N#CC1(NC(=O)[C@@H]2CCCC[C@H]2C(=O)N2CCN(c3nc4c(s3)COCC4)CC2)CC1,0.4771212547196624
1033,N#CC1(NC(=O)[C@@H]2CCCC[C@H]2C(=O)N2CCN(c3nc4ccncc4s3)CC2)CC1,0.920109765382783
1034,N#CC1(NC(=O)[C@@H]2CCCC[C@H]2C(=O)N2CCN(c3nc4cnccc4s3)CC2)CC1,0.4771212547196624
1035,N#CC1(NC(=O)[C@@H]2CCCC[C@H]2C(=O)N2CCN(c3nccs3)CC2)CC1,1.200066171684825
1036,N#CC1(NC(=O)[C@@H]2CCCC[C@H]2C(=O)N2CCc3[nH]c4ccc(F)cc4c3C2)CC1,1.3570076217552174
1037,N#CC1(NC(=O)[C@@H]2CCCC[C@H]2C(=O)N2CCc3[nH]c4ncccc4c3C2)CC1,0.6611096473669595
1038,N#CC1=C2C(=NC1=O)c1cccc3c(N4CCSCC4)ccc2c13,2.0600175425316003
1039,N#CCC(CNc1ncc(C(F)(F)F)cc1Cl)OC(=O)c1c(F)cccc1F,2.1760912590556813
1040,N#CCNC(=O)c1ccc(-c2ccnc(Nc3ccc(N4CCOCC4)cc3)n2)cc1,0.7101173651118162
1041,N#CN=C(N)c1sc(Nc2ccccc2)nc1N,0.4771212547196624
1042,N#C[C@]1(NC(=O)[C@@H](N)Cc2cccs2)C[C@H]1c1ccccc1,1.8731613825449762
1043,N#Cc1c(-c2ccccc2)nc(SCCc2ccccc2)[nH]c1=O,1.6901960800285136
1044,N#Cc1c(-c2ccccc2)nc(SCc2ccccc2)[nH]c1=O,0.7781512503836436
1045,N#Cc1c(O)c2c(-c3ccc(-c4ccccc4O)cc3)csc2[nH]c1=O,1.098557540543633
1046,N#Cc1cc(-c2n[nH]c(-c3ccncc3)n2)ccn1,0.5880456295278407
1047,N#Cc1cc(Cl)ccc1O[C@H](CCN)c1ccccc1,0.4771212547196624
1048,N#Cc1cc(F)c(Cl)cc1O[C@H](CCN)c1ccccc1,0.4771212547196624
1049,N#Cc1ccc(-c2ccc(NC(=O)Nc3ccc(-c4ccnc5[nH]cnc45)cc3)cc2)cc1,1.8300109359361176
1050,N#Cc1ccc(C(=O)Nc2ccc(-n3ccnc3)nc2)cc1,1.055042548497513
1051,N#Cc1ccc(C(F)(F)F)nc1O[C@H](CCN)c1ccno1,0.4771212547196624
1052,N#Cc1ccc(C(c2ccc(C#N)cc2)n2cncn2)cc1,0.4771212547196624
1053,N#Cc1ccc(C[C@@H](C(=O)O)N2CCC(CN3CCC(Oc4ccc(Cl)c(Cl)c4)CC3)CC2)cc1,0.4771212547196624
1054,N#Cc1ccc(Cl)cc1O[C@H](CCN)c1ccccc1,0.6020599913279624
1055,N#Cc1ccc(Cl)cc1S[C@H](CCN)c1ccccc1,2.1760912590556813
1056,N#Cc1ccc(F)c(-c2cc(C(F)(F)F)ccc2OCC(=O)O)c1,0.4771212547196624
1057,N#Cc1ccc(NC(=O)Nc2ccccc2Br)c2nn[nH]c12,1.600288463377424
1058,N#Cc1ccc(Nc2nccc(NC3CC3)n2)cc1,1.6532125137753435
1059,N#Cc1ccc(OC2CCN(C[C@H](O)CNC(=O)c3c[nH]c(=O)c4ccccc34)CC2)cc1Cl,0.9952169912303163
1060,N#Cc1ccc(OCC(=O)O)c(-c2ccccc2)c1,0.7781512503836436
1061,N#Cc1ccc2[nH]c(-c3ccc(F)cc3)c(CCCC(=O)NS(=O)(=O)C(F)(F)F)c2c1,1.29880372040155
1062,N#Cc1ccc2[nH]c(-c3ccc(F)cc3)c(CCCC(=O)NS(N)(=O)=O)c2c1,0.8846886630380691
1063,N#Cc1ccc2c(c1)N(CCN1CCC(NCc3ccc4c(n3)NC(=O)CO4)CC1)C(=O)CO2,0.9299295600845878
1064,N#Cc1ccc2ccc(=O)n(CCN3CC[C@@H](NCc4ccc5c(n4)NC(=O)CO5)[C@@H](F)C3)c2c1,1.2201080880400552
1065,N#Cc1cccc(-c2cc(C(F)(F)F)ccc2OCC(=O)O)c1,0.4771212547196624
1066,N#Cc1cccc(-c2cc(Cl)ccc2OCC(=O)O)c1,0.5880456295278407
1067,N#Cc1cccc(-c2cccc(C(=O)O)c2)c1,0.9100905455940682
1068,N#Cc1cccc(C(=O)NC[C@@H](O)CN2CCC(Oc3ccc(Cl)c(Cl)c3)CC2)c1,0.6020599913279624
1069,N#Cc1cccc(C[C@@H](C(=O)O)N2CCC(CN3CCC(Oc4ccc(Cl)c(Cl)c4)CC3)CC2)c1,0.4771212547196624
1070,N#Cc1cccc(NCC(=O)Nc2c(Cl)ccc3nc(N4CC[C@@H](O)C4)ccc23)c1,1.190105620855803
1071,N#Cc1cccc(S(=O)(=O)NC(=O)N2CCC(N3CCC(Oc4ccc(Cl)c(Cl)c4)CC3)CC2)c1,0.4771212547196624
1072,N#Cc1cccc(S(=O)(=O)NC[C@@H](O)CN2CCC(Oc3ccc(Cl)c(Cl)c3)CC2)c1,0.8450980400142568
1073,N#Cc1ccccc1CSc1nc(O)cc(O)n1,0.4771212547196624
1074,N#Cc1ccccc1C[C@@H](C(=O)O)N1CCC(CN2CCC(Oc3ccc(Cl)c(Cl)c3)CC2)CC1,0.7781512503836436
1075,N#Cc1cn(Cc2ccco2)c(=O)[nH]c1=O,0.4771212547196624
1076,N#Cc1cnc(N2CCN(C(=O)[C@@H]3CCCC[C@H]3C(=O)NC3(C#N)CC3)CC2)s1,0.7750529996737965
1077,N=C(N)N1CCc2ccccc2C1,0.5998830720736879
1078,N=C(N)NC(=O)c1nc(Cl)c(N)nc1N,0.4771212547196624
1079,N=C(N)c1cc2c(-c3ccccc3)cccc2s1,0.6989700043360189
1080,N=C(N)c1cc2c(/C=C/c3ccc4c(c3)OCO4)cccc2s1,0.8450980400142568
1081,N=C(N)c1cc2c(I)cccc2s1,0.6020599913279624
1082,N=C(N)c1cc2c(OCc3ccccc3)cccc2s1,1.0413926851582251
1083,N=c1c(S(=O)(=O)c2ccc(Cl)cc2)cc2c(=O)n3ccccc3nc2n1C1CCCC1,1.5499836111596887
1084,NC(=O)C(c1ccccc1)(c1ccccc1)[C@@H]1CCN(CCc2ccc3c(c2)CCO3)C1,1.129414800911601
1085,NC(=O)COc1cc(-c2cccc3c(=O)cc(N4CCOCC4)oc23)ccc1NC(=O)CN1CCOCC1,0.4771212547196624
1086,NC(=O)N1c2ccccc2C=Cc2ccccc21,0.9550667478143269
1087,NC(=O)NC(=O)C(Nc1ccc2c(c1)CCC2)c1ccccc1,1.4399369063605505
1088,NC(=O)Nc1cc(-c2ccccc2)sc1C(N)=O,1.4313637641589874
1089,NC(=O)Nc1cc(-c2ccsc2)sc1C(N)=O,1.6532125137753435
1090,NC(=O)Nc1sc(-c2ccc(F)cc2)cc1C(N)=O,0.4771212547196624
1091,NC(=O)Nc1sc(-c2ccccc2)cc1C(N)=O,1.3222192947339193
1092,NC(=O)c1c(OC2CCN(C[C@H](O)CNC(=O)c3c[nH]c(=O)c4ccccc34)CC2)ccc(Cl)c1Cl,1.0
1093,NC(=O)c1ccc(N(C(N)=O)c2c(F)cccc2F)nc1-c1ccc(F)cc1F,0.5936193099157393
1094,NC(=O)c1ccn2c(-c3ccccc3)c(-c3ccc(C4(N)CCC4)cc3)nc2c1,0.5705429398818975
1095,NC(=O)c1cnc(-c2ccc(C3(N)CCC3)cc2)c(-c2ccccc2)c1,0.5936193099157393
1096,NC(=O)c1sc(-c2ccc(Cl)cc2)cc1N,1.4913616938342726
1097,NC1(c2ccc(-c3c(-c4ccccc4)ccc4ccnn34)cc2)CCC1,1.0098756337121602
1098,NC1(c2ccc(-c3c(-c4ccccc4)ccn4ccnc34)cc2)CCC1,1.5680430486920487
1099,NC1(c2ccc(-c3c(-c4ccccc4)ccn4ncnc34)cc2)CCC1,0.4771212547196624
1100,NC1(c2ccc(-c3nc4ccccc4cc3-c3ccccc3)cc2)CCC1,1.6500047433692373
1101,NC1(c2ccc(-c3nc4ccccn4c3-c3ccccc3)cc2)CCC1,1.7180813235203782
1102,NC1(c2ccc(-c3ncc4cccn4c3-c3ccccc3)cc2)CCC1,0.4771212547196624
1103,NC1(c2ccc(-c3ncc4cccnc4c3-c3ccccc3)cc2)CCC1,1.290034611362518
1104,NC1(c2ccc(-c3ncc4cnccc4c3-c3ccccc3)cc2)CCC1,2.1760912590556813
1105,NC1(c2ccc(-c3ncc4nccn4c3-c3ccccc3)cc2)CCC1,0.8435860522973998
1106,NC1(c2ccc(-c3nn4ccnc4cc3-c3ccccc3)cc2)CCC1,1.532976490156935
1107,NC1=Nc2ccccc2Sc2cccc(F)c21,1.1199154102579911
1108,NC1=Nc2ccccc2Sc2ccccc21,0.8998205024270963
1109,NC1CCN(c2nccc(C(=O)NCC34CC5CC(CC(C5)C3)C4)c2Cl)CC1,1.6127838567197357
1110,NCCCCCc1c[nH]c2ccc(F)cc12,1.8699940001217417
1111,NCCCCN(Cc1nc2ccccc2[nH]1)C1CCCc2cccnc21,1.5406304362203729
1112,NCCCCN(Cc1nc2ccccc2[nH]1)[C@H]1CCCc2cccnc21,1.5736000196619906
1113,NCCc1ccc(O)c2nc(O)sc12,2.1760912590556813
1114,NS(=O)(=O)c1cc(C(=O)O)c(NCc2ccco2)cc1Cl,0.6385753069818983
1115,NS(=O)(=O)c1ccc(-n2nc(C(F)(F)F)cc2-c2ccc(C(F)(F)F)cc2)cc1,1.260071387985075
1116,NS(=O)(=O)c1ccc(Nc2nccc(-c3ccccc3)n2)cc1,0.4771212547196624
1117,NS(=O)(=O)c1ccc2c(C(=O)NC[C@@H](O)CN3CCC(Oc4ccc(Cl)c(Cl)c4)CC3)c[nH]c(=O)c2c1,0.4771212547196624
1118,N[C@@H](C(=O)N[C@@H]1C(=O)N2C(C(=O)O)=C(Cl)CC[C@H]12)c1ccccc1,0.4771212547196624
1119,N[C@@H]1CCCN(c2c(/C=C3\SC(=O)NC3=O)cccc2-c2ccncc2)C1,0.9399036320607312
1120,N[C@@H]1CCCN(c2ccccc2/C=C2\SC(=O)NC2=O)C1,0.7101173651118162
1121,Nc1[nH]ncc1-c1cc(Cl)ccc1Oc1cc(F)c(S(=O)(=O)Nc2cscn2)cc1Cl,0.7497363155690611
1122,Nc1c(-c2ccccc2)nc(Cl)nc1-c1ccccc1,1.6699673699085045
1123,Nc1c(C(=O)c2cccc(OC[C@@H](O)CO)c2)cnn1-c1ccc(F)cc1,0.4771212547196624
1124,Nc1c(C(=O)c2cccc(OC[C@H](O)CO)c2)cnn1-c1ccc(F)cc1,0.4771212547196624
1125,Nc1c2c(nc3ccccc13)CCCC2,1.3120894628740114
1126,Nc1cc(C(=O)Nc2cccc(-c3nnn[nH]3)c2)cc(C(F)(F)F)c1,1.369957607346053
1127,Nc1cc(C(F)(F)F)c(-c2cc(N3CCOCC3)nc(N3CCOCC3)n2)cn1,0.8385752606367163
1128,Nc1ccc(-c2ccccc2Cl)cc1,1.8450016007956225
1129,Nc1ccc(Cl)c(C(=O)NCC23CC4CC(CC(C4)C2)C3)c1,1.2787536009528289
1130,Nc1ccc(OCC(=O)O)c(-c2ccccc2)c1,0.4771212547196624
1131,Nc1ccc(OCCc2ccccc2)cc1,1.9680305583049944
1132,Nc1ccc(S(=O)(=O)Nc2ccccn2)cc1,0.4771212547196624
1133,Nc1ccc(S(=O)(=O)c2ccc(N)cc2)cc1,0.4771212547196624
1134,Nc1ccc2c(-c3ccncc3)c(-c3ccc(F)cc3)[nH]c2n1,2.070000903802345
1135,Nc1ccc2c(c1)Cc1cc(N)ccc1-2,1.7900035203904894
1136,Nc1ccc2nc(SCC(=O)NC3CCN(Cc4ccc(Cl)c(Cl)c4)CC3)sc2c1,1.7708520116421442
1137,Nc1nc(-c2ccc(Cl)c(Cl)c2)c(-c2ccncc2)s1,1.2798949800116382
1138,Nc1nc(-c2ccccc2)nn1Cc1ccccc1,0.9542425094393248
1139,Nc1nc(-c2ccccn2)nc(N)c1Cc1ccc(Cl)cc1Cl,1.569958818096594
1140,Nc1nc(N)c2cc(NCc3ccc(Cl)c(Cl)c3)ccc2n1,1.5440680443502757
1141,Nc1nc(NCc2ccccc2)nc2c1nc(O)n2Cc1ccccc1,1.0413926851582251
1142,Nc1nc(Nc2ccc(F)c(Cl)c2)c2nc[nH]c2n1,1.1760912590556811
1143,Nc1nc(Nc2cccc(Br)c2)c2nc[nH]c2n1,1.2041199826559248
1144,Nc1nc2ccc(-c3ccncc3)cc2s1,1.3900124736254256
1145,Nc1nc2ccc(C(=O)c3ccccc3)cc2[nH]1,0.4771212547196624
1146,Nc1nc2ccc(F)cc2s1,0.7596678446896304
1147,Nc1nc2ccccc2[nH]1,0.4771212547196624
1148,Nc1nc2ccccc2s1,1.249931756634195
1149,Nc1nc2nc(SCc3cccc(F)c3F)nc(O)c2s1,0.4771212547196624
1150,Nc1nc2nc(SCc3ccccc3)nc(O)c2s1,0.4771212547196624
1151,Nc1ncc(-c2ccc(S(=O)(=O)N3CCCC3)cc2)nc1C(=O)Nc1cccnc1,0.4771212547196624
1152,Nc1ncc2cc(-c3c(Br)cccc3Br)c(N)nc2n1,1.7100300823846606
1153,Nc1nccc(-n2ccc3ccccc32)n1,2.049218022670181
1154,Nc1ncnc2c1c(COc1cccc(Cl)c1)nn2C1CCOCC1,1.923029314482093
1155,Nc1ncnc2c1ncn2[C@@H]1O[C@H](CO)[C@@H](O)[C@H]1O,0.4771212547196624
1156,Nc1ncnc2c1ncn2[C@@H]1O[C@H](CSCCCNC(=O)NCc2ccccc2)[C@@H](O)[C@H]1O,1.244937773982663
1157,Nc1ncnc2c1ncn2[C@@H]1O[C@H](CSCCCNC(=O)Nc2ccc(Cl)cc2)[C@@H](O)[C@H]1O,1.6500144833505623
1158,Nc1ncnc2c1ncn2[C@@H]1O[C@H](CSCCCNC(=O)Nc2ccccc2)[C@@H](O)[C@H]1O,1.2199177762460554
1159,Nc1ncnc2nc(-c3ccc(N4CCOCC4)nc3)cc(-c3cccc(Br)c3)c12,0.8802417758954804
1160,Nc1nnc(-c2ccccc2)s1,0.4771212547196624
1161,Nc1nnc(CCSCCc2nnc(NC(=O)Cc3ccccc3)s2)s1,1.7999730692007652
1162,O=C(/C=C/c1c(C(=O)O)[nH]c2cc(Cl)cc(Cl)c12)Nc1ccccc1,0.4771212547196624
1163,O=C(C1CCCCC1)N1CC(=O)N2CCc3ccccc3C2C1,1.2400497721126476
1164,O=C(C1CCN(c2nnc(-n3cccc3)s2)CC1)N1CCN(Cc2ccc3c(c2)OCO3)CC1,1.9380511606888968
1165,O=C(C1CCN(c2nnc(-n3cccc3)s2)CC1)N1CCc2ccccc2C1,1.7949931429687096
1166,O=C(CC12CC3CC(CC(C3)C1)C2)Nc1c(Cl)ccc2nc(CN3CCN(CCO)CC3)ccc12,1.9003671286564705
1167,O=C(CC12CC3CC(CC(C3)C1)C2)Nc1ccc2[nH]ncc2c1,1.3222192947339193
1168,O=C(CC12CC3CC(CC(C3)C1)C2)Nc1cccc2c(=O)n(C(CO)CO)ccc12,1.4510014456753648
1169,O=C(CC12CC3CC(CC(C3)C1)C2)Nc1cccc2c(=O)n(C[C@H]3CCCN3)ccc12,1.4047798573176338
1170,O=C(CC1CCCCC1)Nc1c(Cl)ccc2nc(NCCCO)ccc12,1.3979400086720375
1171,O=C(CC1CCCCCC1)Nc1cccc2c(=O)n([C@H]3CCNC3)ccc12,0.49524047549385997
1172,O=C(CCCN1CCC(O)(c2ccc(Cl)cc2)CC1)c1ccc(F)cc1,1.0282999881463906
1173,O=C(CCCc1ccc2cccnc2n1)NCc1cc(-c2ccc(F)c(C(F)(F)F)c2)no1,1.299942900022767
1174,O=C(CCOCCc1ccccc1)NCCNCCc1ccc(O)c2nc(O)sc12,1.6276060911180394
1175,O=C(CCc1ccccc1O)Nc1ccccc1,1.4771212547196624
1176,O=C(CN1C2=NCCN2c2ccccc21)c1ccc(Cl)cc1,0.6020599913279624
1177,O=C(CN1CCOCC1)Nc1ccc(-c2cccc3c(=O)cc(N4CCOCC4)oc23)cc1-c1ccccc1,2.090011024007147
1178,O=C(CN1CCOCC1)Nc1ccc(-c2cccc3c(=O)cc(N4CCOCC4)oc23)cc1O,1.2699796766453235
1179,O=C(CN1CCOCC1)Nc1ccc(-c2cccc3c(=O)cc(N4CCOCC4)oc23)cc1OCC1CC1,1.9800033715837464
1180,O=C(CN1CCOCC1)Nc1ccc(-c2cccc3c(=O)cc(N4CCOCC4)oc23)cc1OCCN1CCCC1,0.7403626894942439
1181,O=C(CO)N1CCC(c2[nH]nc(-c3ccc(Cl)cc3F)c2-c2ccncn2)CC1,0.4771212547196624
1182,O=C(CSc1ccccc1)N1CCN(C(=O)c2ccco2)CC1,1.4499679489226187
1183,O=C(CSc1nc2c(c(=O)n1-c1ccccc1)SCC2)Nc1ccc(-c2ccccc2)cn1,2.1760912590556813
1184,O=C(CSc1nc2c(c(=O)n1-c1ccccc1)SCC2)Nc1ncc(-c2ccccc2)s1,2.143037276937787
1185,O=C(Cc1ccc(Cl)c(C(F)(F)F)c1)Nc1cccc2c(=O)n(CCO)ccc12,1.0078879727325978
1186,O=C(Cc1ccc(F)c(C(F)(F)F)c1)Nc1cccc2c(=O)n([C@@H]3CNC[C@H]3O)ccc12,0.690105620855803
1187,O=C(Cc1ccccc1)Nc1nnc(CCSCCc2nnc(NC(=O)Cc3ccccc3)s2)s1,1.3100557377508917
1188,O=C(NC1CC1)c1cc(-c2cccs2)on1,1.5899496013257075
1189,O=C(NC1CC1)c1cn(-c2cccc(C#Cc3cccnc3)c2)c2ncccc2c1=O,1.1537480189566065
1190,O=C(NCC1(O)CCCCCC1)c1cc(-c2ccccc2C(=O)O)ccc1Cl,0.7870156338638594
1191,O=C(NCC1(O)CCCCCC1)c1cc(-n2ncc(=O)[nH]c2=O)ccc1Cl,0.4771212547196624
1192,O=C(NCC12CC3CC(CC(C3)C1)C2)c1c(Cl)ccc2nc(N3CCC[C@H](NCCc4nnn[nH]4)C3)ccc12,1.145017305681259
1193,O=C(NCC12CC3CC(CC(C3)C1)C2)c1cc(-n2ncc(=O)[nH]c2=O)ccc1Cl,1.5587642070144367
1194,O=C(NCC12CC3CC(CC(C3)C1)C2)c1cc(CN2CC3CNCC(C2)O3)ccc1Cl,1.0651668842475028
1195,O=C(NCC12CC3CC(CC(C3)C1)C2)c1cc(CN2CCNCC2)ccc1Cl,0.8355557850478035
1196,O=C(NCC12CC3CC(CC(C3)C1)C2)c1cc(CN2C[C@@H]3C[C@H]2CN3)ccc1Cl,1.1139433523068367
1197,O=C(NCC12CC3CC(CC(C3)C1)C2)c1cc(N2CCNCC2)ccc1Cl,1.0413926851582251
1198,O=C(NCC12CC3CC(CC(C3)C1)C2)c1cc(N2CCNCC2)ncc1Cl,1.0
1199,O=C(NCC12CC3CC(CC(C3)C1)C2)c1cc(OC2CCNCC2)ccc1Cl,1.4471580313422192
1200,O=C(NCC12CC3CC(CC(C3)C1)C2)c1cc(OCCCNCCCO)ccc1Cl,1.4313637641589874
1201,O=C(NCC12CC3CC(CC(C3)C1)C2)c1ccccc1Cl,1.8388490907372552
1202,O=C(NCC12CC3CC(CC(C3)C1)C2)c1ccnc(N2CCNCC2)c1Cl,1.3603276782758622
1203,O=C(NCC12CC3CC(CC(C3)C1)C2)c1ccnc(NCC2CCNCC2)c1Cl,1.2172844520170993
1204,O=C(NCC1CCCCC1)c1c(Cl)ccc2ncccc12,2.1760912590556813
1205,O=C(NCC1CCCCC1)c1cc(-n2ncc(=O)[nH]c2=O)ccc1Cl,0.9294189257142929
1206,O=C(NCC1CCCCCC1)c1cc(-c2cccnc2N2CCC(C(=O)O)CC2)ccc1Cl,1.2781512503836434
1207,O=C(NCC1CCCCN1)c1cc(OCC(F)(F)F)ccc1OCC(F)(F)F,0.4771212547196624
1208,O=C(NCCCCCCNCCc1ccc(O)c2nc(O)sc12)Nc1ccccc1,1.51630938042536
1209,O=C(NCCc1ccccc1)c1cc(-n2ncc(=O)[nH]c2=O)ccc1Cl,0.4771212547196624
1210,O=C(NCCc1ccccc1Cl)c1cc(-n2ncc(=O)[nH]c2=O)ccc1Cl,0.9030899869919436
1211,O=C(NC[C@@H](O)CN1CCC(Oc2ccc(Cl)c(Cl)c2)CC1)c1c[nH]c(=O)c2c(F)cccc12,0.7781512503836436
1212,O=C(NC[C@@H](O)CN1CCC(Oc2ccc(Cl)c(Cl)c2)CC1)c1c[nH]c(=O)c2cc(F)ccc12,0.9542425094393248
1213,O=C(NC[C@@H](O)CN1CCC(Oc2ccc(Cl)c(Cl)c2)CC1)c1c[nH]c(=O)c2cc(S(=O)(=O)N3CCC3)ccc12,1.0791812460476247
1214,O=C(NC[C@@H](O)CN1CCC(Oc2ccc(Cl)c(Cl)c2)CC1)c1c[nH]c(=O)c2cc(S(=O)(=O)NC3CC3)ccc12,1.3222192947339193
1215,O=C(NC[C@@H](O)CN1CCC(Oc2ccc(Cl)c(Cl)c2)CC1)c1c[nH]c(=O)c2cc(S(=O)(=O)NCCO)ccc12,0.7781512503836436
1216,O=C(NC[C@@H](O)CN1CCC(Oc2ccc(Cl)c(Cl)c2)CC1)c1c[nH]c(=O)c2ccc(F)cc12,0.9030899869919436
1217,O=C(NC[C@@H](O)CN1CCC(Oc2ccc(Cl)c(Cl)c2)CC1)c1c[nH]c(=O)c2ccccc12,1.236789099409293
1218,O=C(NC[C@@H](O)CN1CCC(Oc2ccc(Cl)c(Cl)c2)CC1)c1c[nH]c(=O)cc1C(F)(F)F,0.7781512503836436
1219,O=C(NC[C@@H](O)CN1CCC(Oc2ccc(Cl)c(Cl)c2)CC1)c1c[nH]c2ccccc12,0.4771212547196624
1220,O=C(NC[C@@H](O)CN1CCC(Oc2ccc(Cl)c(Cl)c2)CC1)c1c[nH]nc1C(F)(F)F,0.4771212547196624
1221,O=C(NC[C@@H](O)CN1CCC(Oc2ccc(Cl)c(Cl)c2)CC1)c1c[nH]nc1C1CC1,0.9542425094393248
1222,O=C(NC[C@@H](O)CN1CCC(Oc2ccc(Cl)c(Cl)c2)CC1)c1cc(=O)[nH]c2ccccc12,0.4771212547196624
1223,O=C(NC[C@@H](O)CN1CCC(Oc2ccc(Cl)c(Cl)c2)CC1)c1cnnc2ccccc12,0.9030899869919436
1224,O=C(NC[C@@H](O)CN1CCC(Oc2ccc(Cl)c(Cl)c2)CC1)c1n[nH]c(=O)c2ccccc12,0.4771212547196624
1225,O=C(NC[C@@H](O)CN1CCC(Oc2ccc(Cl)c(Cl)c2)CC1)c1n[nH]c2ccccc12,0.4771212547196624
1226,O=C(NC[C@@H](O)CN1CCC(Oc2ccc(Cl)c(Cl)c2)CC1)n1c(=O)[nH]c2ccccc21,0.4771212547196624
1227,O=C(NCc1ccc(OC(F)(F)F)cc1)C1c2ccccc2C(=O)N1CC1CC(F)(F)C1,1.0
1228,O=C(NCc1ccccc1)c1cc(-c2ccco2)on1,1.9949884314741495
1229,O=C(NCc1ccccc1)c1ccc2cccnc2c1O,1.5237795553218283
1230,O=C(NCc1ccccc1Cl)c1cccnc1Oc1ccccc1,1.5563025007672873
1231,O=C(NCc1cccnc1)c1cc(-c2ccco2)on1,1.657985172728459
1232,O=C(NO)c1ccc(NS(=O)(=O)c2ccccc2)cc1,1.0791812460476249
1233,O=C(NO)c1ccccc1O,0.4771212547196624
1234,O=C(NS(=O)(=O)Cc1ccccc1)N1CCC(N2CCC(Oc3ccc(Cl)c(Cl)c3)CC2)CC1,0.4771212547196624
1235,O=C(NS(=O)(=O)N1CCC(N2CCC(Oc3ccc(Cl)c(Cl)c3)CC2)CC1)c1ccccc1,1.0791812460476249
1236,O=C(NS(=O)(=O)c1ccc(Cl)cc1)N1CCC(N2CCC(Oc3ccc(Cl)c(Cl)c3)CC2)CC1,0.6989700043360189
1237,O=C(NS(=O)(=O)c1ccc(F)cc1)N1CCC(N2CCC(Oc3ccc(Cl)c(Cl)c3)CC2)CC1,1.0413926851582251
1238,O=C(NS(=O)(=O)c1cccc(Cl)c1)N1CCC(N2CCC(Oc3ccc(Cl)c(Cl)c3)CC2)CC1,0.7781512503836436
1239,O=C(NS(=O)(=O)c1ccccc1)N1CCC(N2CCC(Oc3ccc(Cl)c(Cl)c3)CC2)CC1,0.4771212547196624
1240,O=C(NS(=O)(=O)c1ccccc1Cl)N1CCC(N2CCC(Oc3ccc(Cl)c(Cl)c3)CC2)CC1,0.4771212547196624
1241,O=C(NS(=O)(=O)c1ccccc1Cl)c1ccc[nH]1,0.49847462424769057
1242,O=C(N[C@H](CO)[C@H](O)c1ccc([N+](=O)[O-])cc1)C(Cl)Cl,1.8399805576783428
1243,O=C(N[C@H](Cc1ccc(Cl)cc1)C(=O)N1CCC(Cn2cncn2)(C2CCCCC2)CC1)[C@H]1Cc2ccccc2CN1,1.524992480292525
1244,O=C(Nc1c(Cl)cncc1Cl)c1ccc(OC(F)F)c(OCC2CC2)c1,1.43753063169585
1245,O=C(Nc1c[nH]nc1-c1nc2ccc(CN3CCOCC3)cc2[nH]1)NC1CC1,0.6986222905051932
1246,O=C(Nc1cc(-c2ccnc(Nc3ccc(F)cc3)c2)ccn1)C1CCOCC1,1.3754589150642416
1247,O=C(Nc1cc(-c2ccnc(Nc3ccccc3)c2)ccn1)C1CCOCC1,1.4953892796795605
1248,O=C(Nc1cc(-c2ccncc2)c[nH]c1=O)[C@H](Cc1ccccc1)NC1(c2ccccn2)CC1,1.7279931195336597
1249,O=C(Nc1ccc(CCO)cc1)c1cc2cc(Cl)ccc2[nH]1,1.4151120723004427
1250,O=C(Nc1ccc(Cl)c(S(=O)(=O)N2CCNCC2)c1O)Nc1cccc(F)c1Cl,1.046798384304114
1251,O=C(Nc1ccc(F)cc1)c1ccc(Cl)[n+]([O-])c1,1.3251537615659683
1252,O=C(Nc1ccc(N2CCNCC2)cc1)c1ccc(-c2ccc(Cl)cc2)o1,0.4771212547196624
1253,O=C(Nc1ccc(S(=O)(=O)N2CCOCC2)cc1)c1cc(Cl)ccc1NS(=O)(=O)c1ccc(Cl)s1,0.4771212547196624
1254,O=C(Nc1ccc([N+](=O)[O-])cc1O)Nc1ccccc1Br,0.4771212547196624
1255,O=C(Nc1cccc(-c2nnn[nH]2)c1)c1cc(C(F)(F)F)cc2[nH]cnc12,0.945178647622292
1256,O=C(Nc1cccc(-c2nnn[nH]2)c1)c1cc(F)cc2[nH]cnc12,1.8300109359361176
1257,O=C(Nc1cccc(-c2nnn[nH]2)c1)c1cc(O)cc(C(F)(F)F)c1,1.4699692094999597
1258,O=C(Nc1cccc(-c2nnn[nH]2)c1)c1cccc2[nH]cnc12,1.6500159524718383
1259,O=C(Nc1cccc(CCO)c1)c1cc2cc(Cl)ccc2[nH]1,1.5880456295278407
1260,O=C(Nc1cccc(Cl)c1)c1ccccn1,2.1760912590556813
1261,O=C(Nc1ccccc1)c1ccc2cccc(O)c2n1,2.159553029654888
1262,O=C(Nc1ccccc1-c1ccccc1)OC1CCN(CCCCCCCCCNC[C@H](O)c2ccc(O)c3[nH]c(=O)ccc23)CC1,1.346834900576533
1263,O=C(Nc1ccccc1Cl)c1cc[nH]n1,2.1580481048375653
1264,O=C(Nc1ccccc1F)NC1N=C(c2ccccc2)c2ccccc2NC1=O,1.2100508498751372
1265,O=C(Nc1ccccc1F)N[C@H]1N=C(c2ccccc2)c2ccccc2NC1=O,1.0049938476242795
1266,O=C(Nc1ccccn1)c1ccc2[nH]c(-c3ccc(NC(=O)C45CC6CC(CC(C6)C4)C5)cc3)nc2c1,2.164352855784437
1267,O=C(Nc1ccncc1)c1cccc2ccccc12,1.5900243812012484
1268,O=C(Nc1nc2c(=O)[nH]cnc2s1)c1ccccc1,1.326606256887672
1269,O=C(Nc1nc2ccccc2[nH]1)c1ccccc1,1.9911356165197842
1270,O=C(Nc1nc2ccccc2n1CCCO)c1cccc([N+](=O)[O-])c1,1.9899867237178286
1271,O=C(Nc1nc2ccccc2n1CCN1CCOCC1)c1cccc([N+](=O)[O-])c1,1.9630296712825421
1272,O=C(Nc1nc2ccccc2s1)c1ccccc1,1.9586985612885055
1273,O=C(Nc1ncc(F)s1)C(CC1CCOCC1)c1ccc(S(=O)(=O)C2CC2)cc1,1.1301609351231563
1274,O=C(O)C(c1ccccc1)N1CCC(CN2CCC(Oc3ccc(Cl)c(Cl)c3)CC2)CC1,0.4771212547196624
1275,O=C(O)C(c1ccccc1)N1CCC(N2CCC(Oc3ccc(Cl)c(Cl)c3)CC2)CC1,0.7781512503836436
1276,O=C(O)C(c1ccccc1)N1CCCC(CN2CCC(Oc3ccc(Cl)c(Cl)c3)CC2)C1,0.4771212547196624
1277,O=C(O)C(c1ccccc1)N1CCO[C@@H](CN2CCC(Oc3ccc(Cl)c(Cl)c3)CC2)C1,0.4771212547196624
1278,O=C(O)C1(c2ccc(-c3ccc(Cl)c(Cl)c3)c(F)c2)CC1,1.5899496013257075
1279,O=C(O)C1CSC(c2ccccc2Cl)N1C(=O)c1ccc(Cl)cc1,1.190051417759206
1280,O=C(O)CCCCCCc1ccc(Cc2ccc3ccccc3n2)cc1,1.4530327723776184
1281,O=C(O)CC[C@@H](Cc1ccc(OCc2ccccc2)cc1)NC(=O)CCCCCCc1ccccc1,1.2400497721126476
1282,O=C(O)CCc1ccc(OCc2cc(Cl)ccc2-c2ccccc2)cc1,0.982336013997886
1283,O=C(O)CCc1ccc(OCc2cccc(Br)c2)cc1,1.587731936198412
1284,O=C(O)CCc1ccc(OCc2cccc(Oc3ccccc3)c2)cc1,1.6187569324618647
1285,O=C(O)CCc1nc(-c2ccccc2)c(-c2ccccc2)o1,0.6436768863573732
1286,O=C(O)CCn1c2c(c3ccccc31)C[C@H](NS(=O)(=O)c1ccc(F)cc1)CC2,0.6120658269263085
1287,O=C(O)CN1C(=O)C(=O)c2ccccc21,1.4300750555519393
1288,O=C(O)COCCN1CCN(C(c2ccccc2)c2ccc(Cl)cc2)CC1,0.4771212547196624
1289,O=C(O)COc1ccc(-c2nccs2)cc1-c1ccccc1,0.9542425094393248
1290,O=C(O)COc1ccc(Br)cc1-c1ccccc1,0.4771212547196624
1291,O=C(O)COc1ccc(C(=O)c2cccs2)c(Cl)c1Cl,1.849571843697242
1292,O=C(O)COc1ccc(C(F)(F)F)cc1-c1ccc(Cl)cc1,1.0413926851582251
1293,O=C(O)COc1ccc(C(F)(F)F)cc1-c1ccccc1-c1ccccc1,0.4771212547196624
1294,O=C(O)COc1ccc(C(F)(F)F)cc1CN1CCN(C(=O)c2ccccc2)CC1,0.57460955632769
1295,O=C(O)COc1ccc(C(F)(F)F)cc1CN1CCN(S(=O)(=O)c2ccccc2)CC1,0.58521540648556
1296,O=C(O)COc1ccc(Cl)cc1CN1CCC(S(=O)(=O)c2ccccc2)CC1,0.4771212547196624
1297,O=C(O)COc1ccc(Cl)cc1CN1CCCN(S(=O)(=O)Cc2ccccc2)CC1,0.9771212547196624
1298,O=C(O)COc1ccc(Cl)cc1CN1CCCN(S(=O)(=O)c2ccccc2)CC1,0.5880456295278407
1299,O=C(O)COc1ccc(Cl)cc1CN1CCN(S(=O)(=O)Cc2ccccc2)CC1,0.710111256165002
1300,O=C(O)COc1ccc(Cl)cc1CN1CCN(S(=O)(=O)c2ccc(F)cc2)CC1,0.6652117315325167
1301,O=C(O)COc1ccc(Cl)cc1CN1CCN(S(=O)(=O)c2ccccc2)CC1,0.503515003402204
1302,O=C(O)COc1ccc([N+](=O)[O-])cc1-c1ccccc1,0.4771212547196624
1303,O=C(O)COc1cccc(C(=O)N2CCC(N3CCC(Oc4ccc(Cl)c(Cl)c4)CC3)CC2)c1,0.4771212547196624
1304,O=C(O)COc1cccc(N2CCC(CN3CCC(Oc4ccc(Cl)c(Cl)c4)CC3)CC2)c1,0.7781512503836436
1305,O=C(O)COc1ccccc1N1CCC(CN2CCC(Oc3ccc(Cl)c(Cl)c3)CC2)CC1,0.7032700902169776
1306,O=C(O)CSCC(=O)Nc1nc(-c2ccc(F)cc2)cs1,0.4771212547196624
1307,O=C(O)CSCC(=O)Nc1nc(-c2ccccc2)cs1,1.249931756634195
1308,O=C(O)C[C@H](O)C[C@H](O)/C=C/c1c(C2CC2)nc2ccccc2c1-c1ccc(F)cc1,0.8301196192281345
1309,O=C(O)C[C@H]1CC[C@H](c2ccc(-c3ccc(Nc4ccc(C(F)(F)F)nc4)cn3)cc2)CC1,0.6713947991670932
1310,O=C(O)Cc1ccc(N2CCC(CN3CCC(Oc4ccc(Cl)c(Cl)c4)CC3)CC2)cc1,0.7156818820794936
1311,O=C(O)Cc1cccc(N2CCC(CN3CCC(Oc4ccc(Cl)c(Cl)c4)CC3)CC2)c1,0.4771212547196624
1312,O=C(O)Cc1ccccc1N1CCC(CN2CCC(Oc3ccc(Cl)c(Cl)c3)CC2)CC1,0.4771212547196624
1313,O=C(O)Cc1ccccc1Nc1c(Cl)cccc1Cl,1.888643262434237
1314,O=C(O)[C@@H](Cc1ccccc1)N1CCC(CN2CCC(Oc3ccc(Cl)c(Cl)c3)CC2)CC1,0.4771212547196624
1315,O=C(O)[C@@H](c1ccccc1)N1CCC(CN2CCC(Oc3ccc(Cl)c(Cl)c3)CC2)CC1,0.4771212547196624
1316,O=C(O)[C@H](Cc1ccc(Cl)cc1)N1CCC(CN2CCC(Oc3ccc(Cl)c(Cl)c3)CC2)CC1,0.4771212547196624
1317,O=C(O)[C@H](Cc1ccc(F)cc1)N1CCC(CN2CCC(Oc3ccc(Cl)cc3)CC2)CC1,0.4771212547196624
1318,O=C(O)[C@H](Cc1ccc(F)cc1)N1CCC(CN2CCC(Oc3ccc(Cl)cc3Cl)CC2)CC1,0.4771212547196624
1319,O=C(O)[C@H](Cc1cccc(F)c1)N1CCC(CN2CCC(Oc3ccc(Cl)c(Cl)c3)CC2)CC1,0.9030899869919436
1320,O=C(O)[C@H](Cc1ccccc1)N1CCC(CN2CCC(Oc3ccc(CO)c(Cl)c3)CC2)CC1,0.9621396430309408
1321,O=C(O)[C@H](Cc1ccccc1)N1CCC(CN2CCC(Oc3ccc(Cl)c(Cl)c3)CC2)CC1,0.4771212547196624
1322,O=C(O)[C@H](Cc1ccccc1F)N1CCC(CN2CCC(Oc3ccc(Cl)c(Cl)c3)CC2)CC1,0.5395906230238123
1323,O=C(O)c1cc(-c2ccc(F)cc2F)ccc1O,0.9049524964781472
1324,O=C(O)c1cc2cc(OCc3ccccc3)ccc2[nH]1,1.4099331233312946
1325,O=C(O)c1cc2ccccc2[nH]1,1.0398105541483504
1326,O=C(O)c1ccc(-c2ccc(Cl)c(C(=O)NCC34CC5CC(CC(C5)C3)C4)c2)cc1,1.0395906230238126
1327,O=C(O)c1ccc(-n2nc(C(F)(F)F)cc2-c2ccc(C(F)(F)F)cc2)cc1,0.9698816437465
1328,O=C(O)c1ccc(CN2CCC(CN3CCC(Oc4ccc(Cl)c(Cl)c4)CC3)CC2)cc1,0.4771212547196624
1329,O=C(O)c1ccc(N2CCC(CN3CCC(Oc4ccc(Cl)c(Cl)c4)CC3)CC2)cc1,0.4771212547196624
1330,O=C(O)c1cccc(-c2ccc3c(C(=O)NCC45CC6CC(CC(C6)C4)C5)c(Cl)ccc3n2)c1,1.5185139398778875
1331,O=C(O)c1cccc(C(=O)N2CCC(N3CCC(Oc4ccc(Cl)c(Cl)c4)CC3)CC2)c1,0.4771212547196624
1332,O=C(O)c1cccc(CN2CCC(CN3CCC(Oc4ccc(Cl)c(Cl)c4)CC3)CC2)c1,0.4771212547196624
1333,O=C(O)c1cccc(N2CCC(CN3CCC(Oc4ccc(Cl)c(Cl)c4)CC3)CC2)c1,0.7781512503836436
1334,O=C(O)c1ccccc1C(=O)N1CCC(N2CCC(Oc3ccc(Cl)c(Cl)c3)CC2)CC1,0.4771212547196624
1335,O=C(O)c1ccccc1CN1CCC(CN2CCC(Oc3ccc(Cl)c(Cl)c3)CC2)CC1,0.4771212547196624
1336,O=C(O)c1ccccc1N1CCC(CN2CCC(Oc3ccc(Cl)c(Cl)c3)CC2)CC1,0.9030899869919436
1337,O=C(O)c1cccnc1N1CCC(CN2CCC(Oc3ccc(Cl)c(Cl)c3)CC2)CC1,0.6020599913279624
1338,O=C(O)c1cn(C2CC2)c2cc(N3CCNCC3)c(F)cc2c1=O,0.6201360549737575
1339,O=C(O)c1cncc(-c2ccc(Cl)c(C(=O)NCC34CC5CC(CC(C5)C3)C4)c2)c1,1.3323209877780628
1340,O=C(O[C@H]1C[N+]2(CCCOc3ccccc3)CCC1CC2)C(O)(c1cccs1)c1cccs1,1.9517812354835407
1341,O=C([C@@H]1CCCN1)N1CCN(c2nc(NCc3ccc(Cl)cc3Cl)c3cccnc3n2)CC1,0.7781512503836436
1342,O=C([C@H]1CCCCN1)N1CCN(c2nc(NCc3ccc(Cl)cc3Cl)c3cccnc3n2)CC1,1.1874840931496171
1343,O=C(c1cc2ccccc2[nH]1)N1CCNCC1,1.02816441942447
1344,O=C(c1ccc(-c2nn[nH]n2)cc1)N1CCC(N2CCC(Oc3ccc(Cl)c(Cl)c3)CC2)CC1,1.4471580313422192
1345,O=C(c1ccc(-c2noc(=O)[nH]2)cc1)N1CCC(N2CCC(Oc3ccc(Cl)c(Cl)c3)CC2)CC1,0.4771212547196624
1346,O=C(c1ccc(F)cc1)C1CCN(CCn2c(=O)[nH]c3ccccc3c2=O)CC1,1.4350292197080687
1347,O=C(c1ccc(O)cc1O)N1CCCC1,2.1760912590556813
1348,O=C(c1ccc(OCCN2CCCCC2)cc1)c1c(-c2ccc(O)cc2)sc2cc(O)ccc12,1.3996702747267908
1349,O=C(c1cccc(Cc2n[nH]c(=O)c3ccccc23)c1)N1CCN(c2ncccn2)CC1,2.0880456295278407
1350,O=C(c1cccc(Cl)c1Cl)N1CCN(c2ccccn2)CC1,2.1760912590556813
1351,O=C(c1ccccc1)N1CCC2(CCN(Cc3cccc(Cl)c3)CC2)CC1,0.5880456295278407
1352,O=C(c1ccccc1)N1CCN(Cc2ccccc2)CC1,1.7385606273598313
1353,O=C(c1csc2c1CCCC2)N1CCCCC1,2.1230460814290133
1354,O=C1CC2(CCCC2)CC(=O)N1CCCCN1CCN(c2ncccn2)CC1,1.8272037952763132
1355,O=C1CN(/N=C/c2ccc([N+](=O)[O-])o2)C(=O)N1,0.4771212547196624
1356,O=C1CN=C(c2ccccc2Cl)c2cc([N+](=O)[O-])ccc2N1,0.5705429398818975
1357,O=C1COC2(CCN(S(=O)(=O)c3ccc(-c4ccc5cccnc5c4)cc3)CC2)CN1C1CC1,1.5533289427870483
1358,O=C1COC2(CCN(S(=O)(=O)c3ccc(-c4ccc5cnccc5c4)cc3)CC2)CN1C1CC1,2.137400020214321
1359,O=C1COc2c(CCNCCN(C(=O)CCNCCc3ccc(Cl)c(Cl)c3)C3CCCCC3)ccc(O)c2N1,1.461103138719508
1360,O=C1NC(=O)/C(=C/c2ccc3c(c2)OC(F)(F)O3)S1,0.9550853331681377
1361,O=C1NC(=O)C(=CC=Cc2ccccc2)S1,1.0199466816788425
1362,O=C1NC(=O)C(c2cnc3ccccn23)=C1c1cn2c3c(cccc13)CN(C(=O)N1CCOCC1)CC2,1.6015164435073552
1363,O=C1Nc2ccc(Cl)cc2C(c2ccccc2)=NC1O,0.9299295600845878
1364,O=C1Nc2ccc(Cl)cc2C(c2ccccc2Cl)=NC1O,0.9332621582031981
1365,O=C1Nc2ccc(Cl)cc2[C@@](C#CC2CC2)(C(F)(F)F)O1,0.9299295600845878
1366,O=C1Nc2ccccc2B(O)N1c1ccccc1,0.8049689337694563
1367,O=C1[C@@H]2[C@@H]3CC[C@@H](C3)[C@@H]2C(=O)N1[C@H]1CC[C@H](C(=O)Nc2cccc3cccnc23)CC1,1.7830713777573344
1368,O=CN(O)CCCP(=O)(O)O,0.47856409883840645
1369,O=CNc1cc([C@@H](O)CNCCc2ccc(NC[C@H](O)c3ccccc3)cc2)ccc1O,0.4771212547196624
1370,O=S(=O)(CCCOCCc1ccccc1)CCNCCc1ccc(O)c2nc(O)sc12,1.8775844337193544
1371,O=S(=O)(Nc1ccc(C(F)(F)F)cc1)c1ccc2sc(CO)nc2c1,1.190051417759206
1372,O=S(=O)(Nc1ccc2sc(CO)nc2c1)c1ccc(Br)cc1,1.3900514964589874
1373,O=S(=O)(Nc1nc(-c2ccccc2)nn1Cc1ccccc1)c1ccccc1,0.6989700043360189
1374,O=S(=O)(Nc1nnc(-c2ccccc2)s1)c1ccc(Cl)cc1,1.2041199826559248
1375,O=S(=O)(c1cccc2cnccc12)N1CCCNCC1,1.5880456295278407
1376,O=S(=O)(c1ccccc1)N(CC(F)(F)F)c1ccc(C(O)(C(F)(F)F)C(F)(F)F)cc1,0.7857459007559254
1377,O=S(=O)(c1ccccc1)N1CCN(Cc2ccccc2)CC1,1.9911356165197842
1378,O=S1(=O)CC(O)C(N2CCC(c3ccccc3)CC2)C1,1.3000860708863644
1379,O=c1[nH]c(-c2ccc([N+](=O)[O-])cc2)nc2ccccc12,1.7299742856995557
1380,O=c1[nH]c2c(O)ccc([C@@H](O)CNCCCOCCNCCc3cccc(Cl)c3)c2s1,0.4771212547196624
1381,O=c1[nH]c2c(O)ccc([C@@H](O)CNCCCOCCOCCc3cccc4ccccc34)c2s1,1.8079750258282004
1382,O=c1[nH]c2c(O)ccc([C@@H](O)CNCCCOCCOCCc3ccccc3)c2s1,1.0649305859073082
1383,O=c1[nH]c2c(O)ccc([C@@H](O)CNCCCSCCNCCc3cccc(Cl)c3)c2s1,1.3010299956639813
1384,O=c1[nH]c2c(O)ccc([C@@H](O)CNCCCSCCNCCc3cccc(Cl)c3Cl)c2s1,1.5440680443502757
1385,O=c1[nH]c2c(O)ccc([C@@H](O)CNCCCSCCNCCc3ccccc3Cl)c2s1,1.060286965602925
1386,O=c1[nH]c2c(O)ccc([C@@H](O)CNCCCSCCOCCc3cccc4ccccc34)c2s1,1.648063799929119
1387,O=c1[nH]c2c(O)ccc([C@@H](O)CNCCCSCCOCCc3ccccc3)c2s1,1.7857961916806535
1388,O=c1[nH]c2c(O)ccc([C@@H](O)CNCCOc3cccc(CNCCc4ccccc4F)c3)c2s1,1.2539279358479154
1389,O=c1[nH]c2c(O)ccc([C@@H](O)CNCCSCCCNCCc3cccc(C(F)(F)F)c3)c2s1,0.9460473013452402
1390,O=c1[nH]c2c(O)ccc([C@@H](O)CNCCSCCCNCCc3cccc(Cl)c3)c2s1,0.7417697605752877
1391,O=c1[nH]c2c(O)ccc([C@@H](O)CNCCSCCCNCCc3cccc(Cl)c3Cl)c2s1,0.9290022714599523
1392,O=c1[nH]c2c(O)ccc([C@@H](O)CNCCSCCCNCCc3ccccc3)c2s1,0.710111256165002
1393,O=c1[nH]c2c(O)ccc([C@@H](O)CNCCSCCCOCCc3ccccc3)c2s1,2.0255762612236907
1394,O=c1[nH]c2c(O)ccc([C@@H](O)CNCCc3ccc(CNCCc4ccccc4F)cc3)c2s1,1.244275358250222
1395,O=c1[nH]c2c(O)ccc([C@@H](O)CNCCc3ccc(CNCCc4ccccn4)cc3)c2s1,0.4771212547196624
1396,O=c1[nH]c2c(O)ccc([C@@H](O)CNCCc3cccc(CN4CCC(c5ccccc5)CC4)c3)c2s1,1.4468808810289717
1397,O=c1[nH]c2c(O)ccc([C@@H](O)CNCCc3cccc(CNCCCc4ccccc4)c3)c2s1,1.1164980551960768
1398,O=c1[nH]c2c(O)ccc([C@@H](O)CNCCc3cccc(CNCCc4c(Cl)cccc4Cl)c3)c2s1,1.4683085650793348
1399,O=c1[nH]c2c(O)ccc([C@@H](O)CNCCc3cccc(CNCCc4ccccc4Cl)c3)c2s1,1.4510014456753648
1400,O=c1[nH]c2c(O)ccc([C@@H](O)CNCCc3cccc(CNCCc4ccccc4F)c3)c2s1,1.0166642856400474
1401,O=c1[nH]c2c(O)ccc([C@@H](O)CNCCc3cccc(CNCCc4ccccn4)c3)c2s1,0.9583537544639
1402,O=c1[nH]c2c(O)ccc([C@@H](O)CNCCc3cccc(CNCc4ccccc4Cl)c3)c2s1,1.7251245541596805
1403,O=c1[nH]c2c(O)ccc([C@@H](O)CNCCc3ccccc3CNCCc3ccccc3F)c2s1,1.7343582357577363
1404,O=c1[nH]c2c(O)ccc([C@@H](O)CN[C@H]3CCC[C@@H]3OCc3ccccc3)c2s1,1.7241985517288838
1405,O=c1[nH]c2cc(Cl)ccc2o1,1.2594048429108538
1406,O=c1c2c3n(c(=O)cc2[nH]n1-c1ccccc1Cl)CCCN(Cc1ccccc1)C3,0.9935648838299486
1407,O=c1c2ccccc2[nH]n1Cc1c[nH]c2ccccc12,0.6404814369704218
1408,O=c1c2sccc2n(CC2COc3ccccc3O2)c(=O)n1O,1.259033792796153
1409,O=c1cc(-c2ccc(Br)cc2)oc2ccccc12,0.4771212547196624
1410,O=c1cc(-c2cccnc2)[nH]c2cc(C(O)c3ccccc3)ccc12,1.662757831681574
1411,O=c1cc(-c2cccnc2)[nH]c2cc(Cc3ccccc3)ccc12,1.6989700043360187
1412,O=c1cc(N2CCOCC2)nc2n(Cc3cccc(Cl)c3Cl)ccn12,1.3900514964589874
1413,O=c1ccc2ccc(O)cc2o1,2.090011024007147
1414,O=c1nc(NCc2ccccc2)sn1Cc1ccccc1,1.7380170795392242
1415,O=c1ncn2nc(Sc3ccc(F)cc3F)ccc2c1-c1c(Cl)cccc1Cl,0.4771212547196624
1416,OB1c2ccccc2N=C(S)N1c1cccnc1,0.8235447143582774
1417,OC(c1ccc(-c2ccc(CN3CCN(Cc4ccncc4)CC3)cc2)c(F)c1)(C(F)(F)F)C(F)(F)F,1.2399806824119188
1418,OCC(CO)Nc1nc(SCc2cccc(F)c2F)nc2nc(NC3CC3)sc12,1.662757831681574
1419,OC[C@H]1C[C@@H](n2nnc3c(N[C@@H]4C[C@H]4c4ccccc4)nc(SCCC(F)(F)F)nc32)[C@H](O)[C@@H]1O,0.4771212547196624
1420,OCc1cc(C(O)CNCCCCCCOCCCCc2ccccc2)ccc1O,1.8464234596386149
1421,Oc1nc(-c2ccccc2)nc2ccccc12,2.1760912590556813
1422,Oc1nc2c(O)ccc(CCNCCCCCCOCCc3ccccc3)c2s1,1.7034403350245624
1423,Oc1nc2c(O)ccc(CCNCCCOCCOCCc3ccccc3)c2s1,1.7402908934145844
1424,Oc1nc2c(O)ccc(CCNCCCSCCOCCc3cccc4ccccc34)c2s1,1.5563025007672873
1425,Oc1nc2c(O)ccc(CCNCCOCCCOCCc3ccccc3)c2s1,1.962139643030941
1426,Oc1nc2ccccc2n1C1CCN(Cc2ccc(-c3nc4ccccc4cc3-c3ccccc3)cc2)CC1,1.0135524329396755
1427,Oc1ncnc2c1c(-c1ccccc1)cn2-c1ccc(Br)cc1,1.750011476852471
1428,[O-][S+](c1ccccc1)c1ccc2nnnn2n1,2.1760912590556813
1429,c1ccc(-c2[nH]nc3ccccc23)cc1,0.4771212547196624
1430,c1ccc(CSc2nc3cccnc3[nH]2)cc1,1.7030997118316564
1431,c1ccc(Nc2[nH]nnc2-c2ccccc2)cc1,2.0604349700895943
1432,c1ccc(Nc2nc3c(s2)CCCc2n[nH]cc2-3)nc1,1.5600262489128924
1433,c1ccc(Oc2nccc3ccccc23)cc1,2.1760912590556813
1434,c1ccc(Sc2ccc3ccccc3n2)cc1,1.7853298350107671
1435,c1ccc([C@H]([C@@H](c2ccccc2)N2CCCCC2)N2CCCCC2)cc1,1.1098917770339787
1436,c1ccc2c(c1)[nH]c1cnccc12,1.9493900066449128
1437,c1cn(-c2ccc(Oc3cc(Oc4ccc5c(c4)OCO5)ncn3)cc2)cn1,1.1139433523068367
1438,c1cn(-c2ccc(Oc3nccc(Oc4ccc5c(c4)OCO5)n3)cc2)cn1,1.1139433523068367
1439,c1csc(Cn2nnnc2CN2CCN(c3nc4ccccc4s3)CC2)c1,2.0858632268266155
