,smiles,Standard Value
0,Brc1cc(Br)cc(COC[C@H](c2ccccc2)N2CCNCC2)c1,2.8
1,Brc1cnc(NCc2ccccc2)nc1Nc1cc(C2CC2)[nH]n1,4.11
2,C#CC(C)(C)NC(=O)c1sccc1Oc1ccc(F)cc1[N+](=O)[O-],3.0
3,C#CC(C)n1c(=O)c2c(-c3cncn3C)n(Cc3ccnc4ccc(Cl)cc34)nc2n(CC2CC2)c1=O,3.59
4,C#CCN(C)C(C)Cc1ccccc1,2.16
5,C#CCN(c1cc(Nc2ccc(OCC(O)CN(C)C)cc2)ncn1)c1cc(Cl)ccc1Cl,2.8
6,C#CCN(c1ccnc(Nc2ccc(OCC(O)CN(C)C)cc2)n1)c1cc(Cl)ccc1Cl,3.2
7,C#CC[C@@H](C(=O)N[C@H](/C=C/C(=O)OCC)C[C@@H]1CCNC1=O)n1cccc(NC(=O)c2cc(C)on2)c1=O,1.75
8,C#CCn1c(=O)c2c(-c3cc(C#N)cn3C)n(Cc3ccnc4ccc(Cl)cc34)nc2n(CC2CC2)c1=O,3.96
9,C#CCn1c(=O)c2c(-c3cncn3C)n(Cc3ccnc4ccc(Cl)cc34)nc2n(CC2CC2)c1=O,3.16
10,C#CCn1c(=O)c2c(-c3nc(C#N)cn3C)n(Cc3ccnc4ccc(Cl)cc34)nc2n(CC2CC2)c1=O,3.4
11,C#Cc1cccc(Nc2nc3cc(C(=O)O)ccc3c3cncnc23)c1,0.92
12,C#Cc1cccc(Nc2ncnc3cc(OCCOC)c(OCCOC)cc23)c1,3.35
13,C(#Cc1n[nH]c2ccccc12)c1ccccc1,4.31
14,C(=C/c1c(-c2ccccc2)nc2sccn12)\c1ccncn1,3.4
15,C(=C/c1nn[nH]n1)\c1ccccc1,-0.4
16,C/N=C(\S)n1nc(-c2ccc(Cl)cc2)nc1N,4.12
17,C1=C(c2cc3ccccc3o2)C2CCN1CC2,2.59
18,C1=CCC(c2cc3ccccc3o2)CNC1,1.94
19,C1=CCC(c2ccc3ccccc3c2)CNC1,1.64
20,C1CCC(C(CC2CCCCN2)C2CCCCC2)CC1,3.02
21,C1CCC(NC2CCCCC2)CC1,-0.38
22,C1CCc2c(c3c(N4CCCC4)nc(N4CCCC4)nc3n2CCN2CCOCC2)C1,3.6
23,C=C(C)[C@H]1Cc2c(ccc3c2O[C@@H]2COc4cc(OC)c(OC)cc4[C@@H]2C3=O)O1,3.57
24,C=C(CC)C(=O)c1ccc(OCC(=O)O)c(Cl)c1Cl,0.02
25,C=C1C[C@@H]2[C@H](CC[C@]3(C)C(=O)CC[C@@H]23)[C@@]2(C)C=CC(=O)C=C12,2.98
26,C=CC(=O)Nc1ccc(C)cc1,2.25
27,C=CC(=O)Nc1ccc(OC)cc1,1.68
28,C=CC(=O)Nc1ccc2ncnc(Nc3cccc(C)c3)c2c1,3.7
29,C=CC(=O)Nc1cccc(CN2C(=O)N(c3c(Cl)c(OC)cc(OC)c3Cl)Cc3cnc(NCCCCN(CC)CC)nc32)c1,2.04
30,C=CC(=O)Nc1cccc(Oc2nc(Nc3ccc(N4CCN(C)CC4)cc3OC)ncc2Cl)c1,3.9
31,C=CC12CCN(CC1)C(C(O)c1ccnc3ccc(OC)cc13)C2,2.08
32,C=CCC1(CC(C)C)C(=O)NC(=O)NC1=O,1.48
33,C=CCCCCCCCCC(=O)N[C@H]1CCC(=O)NC1=O,2.64
34,C=CCN(C(=O)Cc1ccc(S(C)(=O)=O)cc1)C1CCN(CCC(c2ccccc2)c2ccccc2)CC1,3.1
35,C=CCN(C(=O)NCc1ccc(OC)cc1)C1CCN(CCC(c2ccccc2)c2ccccc2)CC1,3.6
36,C=CCN(C(=O)Nc1ccccc1)C1CCN(CCC(c2ccccc2)c2ccccc2)CC1,3.6
37,C=CCNC(=O)c1cc([N+](=O)[O-])cc2c(=O)[nH]c(Nc3ccc(Cl)c(Cl)c3)nc12,2.7
38,C=CCNS(=O)(=O)c1ccc(NC(=O)[C@@](C)(O)C(F)(F)F)c(Cl)c1,3.07
39,C=CCOc1cc(-c2cccc3c(=O)cc(N4CCOCC4)oc23)ccc1NC(=O)CN1CCOCC1,3.0
40,C=CCOc1ccccc1OCC(O)CNC(C)C,0.2
41,C=CCc1cc(NC(C)=O)ccc1OCCCNC(C)C,-0.01
42,C=CCc1ccccc1OCC(O)CNC(C)C,0.99
43,C=CCn1c(=O)c2c(-c3cc(C#N)cn3C)n(Cc3ccnc4ccc(Cl)cc34)nc2n(CC2CC2)c1=O,4.27
44,C=CCn1c(=O)c2c(-c3cncn3C)n(Cc3ccnc4ccc(Cl)cc34)nc2n(CC2CC2)c1=O,3.62
45,C=CCn1c(=O)c2c(-c3nc(C#N)cn3C)n(Cc3ccnc4ccc(Cl)cc34)nc2n(CC2CC2)c1=O,3.92
46,C=C[C@H]1CN2CC[C@H]1C[C@@H]2[C@@H](O)c1ccnc2ccc(OC)cc12,2.21
47,C=C[C@H]1CN2CC[C@H]1C[C@H]2[C@H](O)c1ccnc2ccc(OC)cc12,2.21
48,CC#CCn1c(=O)c2c(-c3cncn3C)n(Cc3ccnc4ccc(Cl)cc34)nc2n(CC2CC2)c1=O,3.61
49,CC#Cc1ccnc(-c2cc(C3(C4CC4)N=C(C)C(N)=N3)ccc2O)c1,3.6
50,CC#Cc1ccnc(-c2cccc([C@@]3(c4cc(C)c(=O)n(CC)c4)N=C(N)c4c(F)cccc43)c2)c1,4.4
51,CC#Cc1cncc(-c2cccc(C3(C4CC4)N=C(C)C(N)=N3)c2)c1,3.3
52,CC(=N)NCc1ccccc1,-0.28
53,CC(=O)CC(c1ccccc1)c1c(O)c2ccccc2oc1=O,0.86
54,CC(=O)CCCCn1c(=O)c2c(ncn2C)n(C)c1=O,0.22
55,CC(=O)N(C)c1ccc(Nc2ncc3cc(-c4ccncc4)ccc3n2)cc1,2.88
56,CC(=O)N(C)c1ccc2ccn(-c3cc(NC4CC4)n4ncc(C#N)c4n3)c2c1,2.9
57,CC(=O)N(C)c1ccccc1,1.1
58,CC(=O)N(c1ccccc1)C1CC(C)N(S(=O)(=O)c2ccccc2)c2ccccc21,3.68
59,CC(=O)N1CCN(CC(O)COc2ccc(Br)cc2)CC1,1.6
60,CC(=O)N1CCN(CCOc2cc(OC(C)C)c3c(Nc4c(F)ccc5c4OCO5)ncnc3c2)CC1,3.06
61,CC(=O)N1CCN(CCOc2ccc(C3(O)CCN(c4ccc5nnc(C(F)(F)F)n5n4)CC3)cc2)CC1,2.2
62,CC(=O)N1CCN(CCOc2ccc(C3CCN(c4ccc5nnc(C(F)(F)F)n5n4)CC3)cc2)CC1,3.2
63,CC(=O)N1CCN(c2ccc(NC(=O)c3nnc(Nc4ccccc4F)o3)cc2)CC1,2.51
64,CC(=O)N1CCN(c2ccc(Nc3nccc(-c4cnc(C)n4C(C)C)n3)cc2)CC1,2.39
65,CC(=O)N1CCN(c2ccc(Nc3nccc(-c4cnc5ccccn45)n3)cc2)CC1,2.82
66,CC(=O)N1CCN(c2ccc(OCC3COC(Cn4ccnc4)(c4ccc(Cl)cc4Cl)O3)cc2)CC1,3.7
67,CC(=O)N1CCN(c2nc(C#N)nc(NCC(C)C)c2N)CC1,2.4
68,CC(=O)N1CCOc2cc(COc3ccccc3)cnc21,2.8
69,CC(=O)N1CCOc2nc(OCc3ccccc3)ccc21,2.4
70,CC(=O)NC(C)c1ccc(Nc2ncc3cc(-c4ccncc4)ccc3n2)cc1,3.1
71,CC(=O)NC1CC(C)N(C(=O)c2ccccc2)c2ccccc21,2.0
72,CC(=O)NC1CC2CCCC(C1)N2C(=O)Nc1ccc(Cl)c(C(F)(F)F)c1,2.79
73,CC(=O)NC1CN(c2ccc(Nc3ncc(F)c(-c4cnc(C)n4C(C)C)n3)cc2)C1,2.76
74,CC(=O)NCC(NC(=O)C1(N)CCN(c2ncnc3[nH]ccc23)CC1)c1ccc(Cl)cc1,2.4
75,CC(=O)NC[C@H]1CN(c2ccc(-n3cc(C#N)nn3)c(F)c2)C(=O)O1,0.8
76,CC(=O)NC[C@H]1CN(c2ccc(-n3ccc(C#N)c3)c(F)c2)C(=O)O1,1.6
77,CC(=O)NC[C@H]1CN(c2ccc(-n3ccnc3)c(F)c2)C(=O)O1,0.7
78,CC(=O)NC[C@H]1CN(c2ccc(-n3cnc(C#N)c3)c(F)c2)C(=O)O1,1.51
79,CC(=O)NC[C@H]1CN(c2ccc(N3CCN(c4ccc(C#N)cn4)CC3)c(F)c2)C(=O)O1,1.98
80,CC(=O)NC[C@H]1CN(c2ccc(N3CCN(c4cnccn4)CC3)c(F)c2)C(=O)O1,1.49
81,CC(=O)NC[C@H]1CN(c2ccc(N3CCOCC3)c(F)c2)C(=O)O1,0.67
82,CC(=O)NC[C@H]1CN(c2ccc(N3Cc4cccnc4C3)c(F)c2)C(=O)O1,2.88
83,CC(=O)NC[C@H]1CN(c2ccc(N3Cc4ccncc4C3)c(F)c2)C(=O)O1,3.02
84,CC(=O)NCc1ccc(CN2CCN(c3ccc(F)cc3F)CC2)cc1,2.5
85,CC(=O)NCc1ccc(CN2CCN(c3ccccc3)CC2)cc1,1.78
86,CC(=O)N[C@@H](C)c1ccc(Nc2ncc3cc(-c4ccncc4)ccc3n2)cc1,3.17
87,CC(=O)N[C@@H]1CC2(CCN(Cc3ccc4[nH]c5ccccc5c4c3)CC2)c2ccccc21,2.96
88,CC(=O)N[C@@H]1CCN(c2ccc(Nc3ncc(F)c(-c4cnc(C)n4C(C)C)n3)cc2)C1,3.3
89,CC(=O)N[C@H](C)c1ccc(Nc2ncc3cc(-c4ccncc4)c(C)cc3n2)cc1,3.45
90,CC(=O)N[C@H](C)c1ccc(Nc2ncc3cc(-c4ccncc4)cc(C)c3n2)cc1,3.46
91,CC(=O)N[C@H](C)c1ccc(Nc2ncc3cc(-c4ccncc4)ccc3n2)cc1,3.18
92,CC(=O)Nc1cc(CN2C(=O)N(c3ccc(SC(F)(F)F)cc3)C(=O)C2(C)C)ccn1,2.93
93,CC(=O)Nc1cc2c(ccn2-c2cc(NC3CC3)n3ncc(C#N)c3n2)cc1C,2.66
94,CC(=O)Nc1ccc(-c2ccccc2)n(CC(=O)NC(C(=O)C(F)(F)F)C(C)C)c1=O,1.78
95,CC(=O)Nc1ccc(-c2ccnc(Nc3ccc(N4CCOCC4)cc3)n2)cc1,2.91
96,CC(=O)Nc1ccc(C(=O)Nc2ccccc2N)cc1,0.82
97,CC(=O)Nc1ccc(CC(=O)N(C)C2CCN(CCC(c3ccccc3)c3ccccc3)CC2)cc1,2.9
98,CC(=O)Nc1ccc(CC(=O)N(C)C2CCN(Cc3ccc(C(F)(F)F)cc3)CC2)cc1,2.9
99,CC(=O)Nc1ccc(CNc2[nH]nc3cccc(Oc4ccc(F)cc4)c23)cc1,4.28
100,CC(=O)Nc1ccc(CNc2[nH]nc3cccc(Oc4ccc(S(C)(=O)=O)cc4)c23)cc1,2.63
101,CC(=O)Nc1ccc(CNc2[nH]nc3ccnc(Oc4ccccc4)c23)cc1,3.03
102,CC(=O)Nc1ccc(Nc2ncc3cc(-c4ccncc4)ccc3n2)cc1,3.04
103,CC(=O)Nc1ccc(O)cc1,0.25
104,CC(=O)Nc1ccc(O)cc1OC[C@@H](O)CN1CCC2(CC1)Cc1cc(Cl)ccc1O2,2.76
105,CC(=O)Nc1ccc(O)cc1OC[C@@H](O)CN1CCC2(CC1)Cc1cc(F)ccc1O2,2.1
106,CC(=O)Nc1ccc(S(=O)(=O)Nc2ccc(Cc3ccncc3)cc2)cc1,2.8
107,CC(=O)Nc1ccc(S(=O)(=O)Nc2ccccn2)cc1,0.24
108,CC(=O)Nc1ccc2[nH]cc(-c3cc(NC4CC4)n4ncc(C#N)c4n3)c2c1,2.65
109,CC(=O)Nc1ccc2c(c1)N(c1cc(NC3CC3)n3ncc(C#N)c3n1)CC2,3.3
110,CC(=O)Nc1ccc2c(c1)c(-c1cc(NC3CC3)n3ncc(C#N)c3n1)cn2C,2.94
111,CC(=O)Nc1ccc2c(c1)c(-c1cc(NC3CC3)n3ncc(C#N)c3n1)cn2CCC(=O)O,-0.87
112,CC(=O)Nc1ccc2c(c1)c(-c1cc(NC3CC3)n3ncc(C#N)c3n1)cn2CCCO,2.48
113,CC(=O)Nc1ccc2c(c1)c(-c1cc(NC3CC3)n3ncc(C#N)c3n1)cn2CCO,2.71
114,CC(=O)Nc1ccc2c(c1)c(Sc1ccc(Cl)cc1)c(C)n2CC(=O)O,0.2
115,CC(=O)Nc1ccc2ccn(-c3cc(NC4CC4)n4ncc(C#N)c4n3)c2c1,3.29
116,CC(=O)Nc1ccc2ccn(-c3cc(NC4COC4)n4ncc(C#N)c4n3)c2c1,2.24
117,CC(=O)Nc1ccc2ccn(-c3cc(NCCCCO)n4ncc(C#N)c4n3)c2c1,2.58
118,CC(=O)Nc1ccc2ccn(-c3cc(NCCCN(C)C)n4ncc(C#N)c4n3)c2c1,1.62
119,CC(=O)Nc1ccc2ccn(-c3cc(NCCCN4CCCC4)n4ncc(C#N)c4n3)c2c1,1.87
120,CC(=O)Nc1ccc2ccn(-c3cc(NCCN4CCCC4)n4ncc(C#N)c4n3)c2c1,2.24
121,CC(=O)Nc1ccc2ccn(-c3cc(Nc4ccn(C)n4)n4ncc(C#N)c4n3)c2c1,3.57
122,CC(=O)Nc1ccc2cnn(-c3cc(NC4CC4)n4ncc(C#N)c4n3)c2c1,3.44
123,CC(=O)Nc1ccc2nc(-c3cccc(F)c3)cc(O)c2c1,2.41
124,CC(=O)Nc1cccc(Nc2nc(NC3CC3)n3ncc(C#N)c3n2)c1,2.1
125,CC(=O)Nc1cccc(Nc2ncnc(N3CCC(OCc4ccc(OC(F)(F)F)cc4)CC3)n2)c1C,4.4
126,CC(=O)Nc1cccc(OCc2cnc(Cl)s2)c1,2.38
127,CC(=O)Nc1cccc(S(=O)(=O)Nc2ccc(-c3ccccc3)n(CC(=O)NC(C(=O)C(F)(F)F)C(C)C)c2=O)c1,2.43
128,CC(=O)Nc1cccc2c1c(Oc1ccc(Cl)cc1)c(C)n2CC(=O)O,-1.41
129,CC(=O)Nc1cccc2c1c(S(=O)(=O)c1ccc(Cl)cc1)c(C)n2CC(=O)O,0.4
130,CC(=O)Nc1ccccc1C,1.0
131,CC(=O)Nc1ccccn1,0.5
132,CC(=O)Nc1cnc2ccn(-c3cc(NC4CC4)n4ncc(C#N)c4n3)c2c1,2.69
133,CC(=O)Nc1nc(-c2ccccc2)ns1,2.8
134,CC(=O)Nc1nc(-c2cccs2)cs1,2.77
135,CC(=O)Nc1nc(C)c(-c2cnc(F)c(NS(=O)(=O)c3sc(C)nc3C)c2)s1,0.55
136,CC(=O)Nc1nc(CCc2ccc(NC(=N)N)cc2)cs1,-0.82
137,CC(=O)Nc1nc(N)n(-c2ccccc2)n1,-0.2
138,CC(=O)Nc1nnc(S(N)(=O)=O)s1,-0.78
139,CC(=O)OCCn1c(Sc2nc3cccc(Cl)c3s2)nc2c(N)ncnc21,3.16
140,CC(=O)O[C@@]12CO[C@@H]1C[C@H](O)[C@@]1(C)C(=O)[C@H](O)C3=C(C)[C@@H](OC(=O)[C@H](O)[C@@H](NC(=O)OC(C)(C)C)c4ccccc4)C[C@@](O)([C@@H](OC(=O)c4ccccc4)[C@H]21)C3(C)C.O.O.O,3.4
141,CC(=O)O[C@H]1CC[C@]2(C=O)[C@H]3CC[C@]4(C)[C@@H](C5=CC(=O)OC5)CC[C@]4(O)[C@@H]3CC[C@]2(O)C1,0.64
142,CC(=O)[C@@]1(O)CC[C@H]2[C@@H]3C[C@H](C)C4=CC(=O)C=C[C@]4(C)[C@@]3(F)[C@@H](O)C[C@@]21C,2.65
143,CC(=O)[C@H]1CC[C@H]2[C@@H]3CCC4=CC(=O)CC[C@]4(C)[C@H]3CC[C@]12C,3.94
144,CC(=O)[C@H]1CC[C@H]2[C@@H]3C[C@H](C)C4=CC(=O)CC[C@]4(C)[C@H]3[C@@H](O)C[C@]12C,3.25
145,CC(=O)c1c(C)c2cnc(Nc3ccc(N4CCNCC4)cn3)nc2n(C2CCCC2)c1=O,0.8
146,CC(=O)c1cc2ccc(O)cc2oc1=O,0.87
147,CC(=O)c1ccc(N2CCN(S(=O)(=O)C[C@]34CC[C@H](CC3=O)C4(C)C)CC2)nc1,2.21
148,CC(=O)c1ccc(S(=O)(=O)NC(=O)NC2CCCCC2)cc1,-0.49
149,CC(=O)c1ccc2[nH]c(-c3cccnc3)cc(=O)c2c1,1.41
150,CC(=O)c1ccc2c(c1)N(CCN1CCC(NCc3ccc4c(n3)NC(=O)CO4)CC1)C(=O)CO2,0.37
151,CC(=O)c1cn(Cc2ccccc2)c(=O)n(Cc2ccc(F)cc2)c1=O,3.2
152,CC(=O)c1ncccc1NC(=O)[C@H]1CC[C@H](N2C(=O)[C@@H]3[C@@H]4CC[C@@H](C4)[C@@H]3C2=O)CC1,3.01
153,CC(=O)c1noc(C)c1C(=O)Nc1nccs1,1.94
154,CC(C#Cc1ccccc1)n1[nH]c(=O)c2[nH]c3cc(Cl)ccc3c(=O)c2c1=O,1.4
155,CC(C(=O)N1CCc2ccccc2C1)N1C(=O)c2ccccc2C1=O,2.47
156,CC(C(=O)Nc1ccc(Cl)cc1)c1ncc(C(F)(F)F)cc1Cl,4.19
157,CC(C(=O)O)c1ccc(-c2ccccc2)c(F)c1,0.85
158,CC(C(=O)O)c1ccc2oc(-c3ccc(Cl)cc3)nc2c1,1.3
159,CC(C(=O)O)c1cccc(C(=O)c2ccccc2)c1,-0.12
160,CC(C(=O)O)c1cccc(Oc2ccccc2)c1,0.71
161,CC(C)(C#N)c1cnc(N2CCN(C(=O)[C@@H]3CCCC[C@H]3C(=O)NC3(C#N)CC3)CC2)s1,1.9
162,CC(C)(C(=O)Nc1nnc(C(=O)Nc2ccc(N3CCOCC3)cc2)o1)c1ccc(Cl)cc1,2.96
163,CC(C)(C(=O)O)c1ccc(C(O)CCCN2CCC(C(O)(c3ccccc3)c3ccccc3)CC2)cc1,0.42
164,CC(C)(C(=O)c1cccnc1)c1cccnc1,1.45
165,CC(C)(C(N)=O)C(=O)NCCCNc1nc(Nc2cccc(NC(=O)N3CCCC3)c2)ncc1Br,2.32
166,CC(C)(C)C(=O)NCc1ccc(NC(=O)N2CCCC(O)(c3ccc(Cl)c(Cl)c3)C2)cc1,3.93
167,CC(C)(C)C(=O)N[C@H]1CCCCNC1=O,0.58
168,CC(C)(C)C(=O)Nc1ccc2c(c1)C(=O)C(=O)c1ccccc1-2,2.83
169,CC(C)(C)C(O)/C(=C\c1ccc(Cl)cc1Cl)n1cncn1,3.8
170,CC(C)(C)CNc1nc(C#N)nc(N2CCOCC2)c1N,3.08
171,CC(C)(C)Cn1c(CN2C(=O)CC3(CCNCC3)C2=O)cc2cnc(C#N)nc21,0.75
172,CC(C)(C)NC(=O)C(c1ccncc1)N(Cc1ccco1)C(=O)c1ccc(-c2ccccc2)[nH]1,4.13
173,CC(C)(C)NC(=O)Nc1ccc(-c2c(N)nc(N)nc2COCc2ccccc2)cc1,3.09
174,CC(C)(C)NC(=O)Nc1cccc(Cn2[nH]c(=O)c3[nH]c4cc(Cl)ccc4c(=O)c3c2=O)c1,1.77
175,CC(C)(C)NC(=O)[C@@H]1CN(Cc2cccnc2)CCN1C[C@@H](O)C[C@@H](Cc1ccccc1)C(=O)N[C@H]1c2ccccc2C[C@H]1O.O,2.9
176,CC(C)(C)NCC(O)COc1nsnc1N1CCOCC1,-0.35
177,CC(C)(C)NC[C@H](O)COc1nsnc1N1CCOCC1,-0.22
178,CC(C)(C)NS(=O)(=O)c1cncc(-c2ccc3nc(N)nn3c2)c1,1.41
179,CC(C)(C)NS(=O)(=O)c1cncc(-c2ccc3nc(NC(=O)NCC(=O)N4CCCC4)nn3c2)c1,1.37
180,CC(C)(C)NS(=O)(=O)c1cncc(-c2ccc3nc(NC(=O)NCC(=O)N4CCOCC4)nn3c2)c1,0.96
181,CC(C)(C)OC(=O)N1CCC(OCc2nc(-c3ccncc3)no2)CC1,3.0
182,CC(C)(C)OC(=O)N1CCC(c2ncc(OCc3ccc(S(C)(=O)=O)cc3)cn2)CC1,2.8
183,CC(C)(C)OC(=O)N1CCN(c2ccc(OCc3ccc(S(C)(=O)=O)cc3)cc2)CC1,3.9
184,CC(C)(C)OC(=O)N1CCN(c2ccc(OCc3ccc(S(C)(=O)=O)cc3)cn2)CC1,3.2
185,CC(C)(C)OC(=O)N1CCN(c2ccc(OCc3ccc(S(C)(=O)=O)cc3)nc2)CC1,3.1
186,CC(C)(C)OC(=O)N1CCN(c2ccc(OCc3ccc(S(C)(=O)=O)cc3)nn2)CC1,2.8
187,CC(C)(C)OC(=O)N1CCN(c2cnc(OCc3ccc(S(C)(=O)=O)cc3)cn2)CC1,3.4
188,CC(C)(C)OC(=O)N1CCN(c2ncc(OCc3c(F)cncc3F)cn2)CC1,3.7
189,CC(C)(C)OC(=O)N1CCN(c2ncc(OCc3ccc(S(C)(=O)=O)cc3)cn2)CC1,3.27
190,CC(C)(C)OC(=O)N1CCN(c2ncc(OCc3ccc(S(C)(=O)=O)cc3)nn2)CC1,2.93
191,CC(C)(C)OC(=O)N1CCN(c2ncc(OCc3ccncc3)cn2)CC1,3.4
192,CC(C)(C)OC(=O)N1CCN(c2ncc(OCc3ccncc3C#N)cn2)CC1,2.81
193,CC(C)(C)OC(=O)N1CCN(c2ncc(OCc3ccncc3F)cn2)CC1,3.6
194,CC(C)(C)OC(=O)N1CCN(c2ncc(OCc3ccncc3S(C)(=O)=O)cn2)CC1,2.4
195,CC(C)(C)OC(=O)N1C[C@@H]2CC[C@H]1CN2c1ncc(OCc2ccc(S(C)(=O)=O)cc2)cn1,3.4
196,CC(C)(C)OC(=O)NCCCSC[C@H]1O[C@@H](n2cnc3c(N)ncnc32)[C@H](O)[C@@H]1O,1.2
197,CC(C)(C)OC(=O)N[C@@H](Cc1ccccc1)C(=O)O,-1.1
198,CC(C)(C)OC(=O)c1ncn2c1[C@@H]1CCCN1C(=O)c1c(Br)cccc1-2,2.48
199,CC(C)(C)c1cc(O)n2nc(N)nc2n1,-0.2
200,CC(C)(C)c1cc2nc3c(c(O)n2n1)CN(Cc1ccccc1)C3=O,1.9
201,CC(C)(C)c1ccc(-c2n[nH]c(NC(=O)c3ccccc3Cl)c2Br)cc1,4.3
202,CC(C)(C)c1ccc(C(O)CCCN2CCC(C(O)(c3ccccc3)c3ccccc3)CC2)cc1,3.99
203,CC(C)(C)c1ccc(C2=NC(=O)C(CC(=O)O)S2)cc1,-0.1
204,CC(C)(CCCCCOCCc1ccccc1)NCCc1ccc(O)c2nc(O)sc12,2.92
205,CC(C)(CO)Nc1nc(SCc2cccc(F)c2F)nc2nc(N)sc12,3.37
206,CC(C)(CS(=O)(=O)N1CCN(c2ccc(F)cc2)CC1)N(O)C=O,1.07
207,CC(C)(Cc1cccc(CC(=O)NCc2cccc(-c3ccc(O)cc3)c2)c1)NC[C@H](O)c1ccc(O)c(NS(C)(=O)=O)c1,1.91
208,CC(C)(F)C[C@H](N[C@@H](c1ccc(-c2ccc(S(C)(=O)=O)cc2)cc1)C(F)(F)F)C(=O)NC1(C#N)CC1,2.9
209,CC(C)(N)C(=O)N[C@H](COCc1ccccc1)C(=O)N1CCC2(CC1)CN(S(C)(=O)=O)c1ccccc12,1.4
210,CC(C)(N)C(=O)N[C@H](Cc1c[nH]c2ccccc12)C(=O)N[C@H](Cc1c[nH]c2ccccc12)NC=O,1.0
211,CC(C)(O)c1ccc(Nc2nc3ccc(C#N)cc3[nH]2)cc1,2.73
212,CC(C)(O)c1ccccc1CC[C@@H](SCC1(CC(=O)O)CC1)c1cccc(/C=C/c2ccc3ccc(Cl)cc3n2)c1,3.45
213,CC(C)(c1cc(N2CCOCC2)nc(-c2cccc3[nH]ccc23)n1)S(C)(=O)=O,2.65
214,CC(C)/N=c1\cc2n(-c3ccc(Cl)cc3)c3ccccc3nc-2cc1Nc1ccc(Cl)cc1,3.17
215,CC(C)C(=O)NCCNCC(O)COc1ccc(O)cc1,-0.15
216,CC(C)C(=O)Nc1ccc([N+](=O)[O-])c(C(F)(F)F)c1,3.46
217,CC(C)C(=O)Nc1ccc2c(c1)C(=O)NC2=O,1.55
218,CC(C)C(=O)Nc1nc(-c2ccccn2)cc2ccccc12,2.7
219,CC(C)C(C#N)(CCCN(C)CCc1ccccc1)c1ccccc1,3.6
220,CC(C)C(NC(=O)Cn1c(-c2cc(F)cc(F)c2)ncc(N)c1=O)C(=O)C(F)(F)F,1.38
221,CC(C)C(NC(=O)Cn1c(-c2ccc(F)cc2)ncc(N)c1=O)C(=O)C(F)(F)F,1.05
222,CC(C)C(NC(=O)Cn1c(-c2ccc(F)cc2)ncc(NC(=O)OCc2ccccc2)c1=O)C(=O)C(F)(F)F,2.47
223,CC(C)C(NC(=O)Cn1c(-c2ccc(F)cc2)ncc(NC(=O)OCc2ccncc2)c1=O)C(=O)C(F)(F)F,2.22
224,CC(C)C(NC(=O)Cn1c(-c2cccc(C(=O)O)c2)ccc(NC(=O)OCc2ccccc2)c1=O)C(=O)C(F)(F)F,1.2
225,CC(C)C(NC(=O)Cn1c(-c2ccccc2)cc2c(=O)n(CCN3CCOCC3)c(=O)[nH]c2c1=O)C(=O)C(F)(F)F,1.91
226,CC(C)C(NC(=O)Cn1c(-c2ccccc2)cc2c(O)nc(O)nc2c1=O)C(=O)C(F)(F)F,1.88
227,CC(C)C(NC(=O)Cn1c(-c2ccccc2)ccc(N)c1=O)C(=O)C(F)(F)F,1.74
228,CC(C)C(NC(=O)Cn1c(-c2ccccc2)ccc(NC(=O)CN2C(=O)CCC2=O)c1=O)C(=O)C(F)(F)F,0.96
229,CC(C)C(NC(=O)Cn1c(-c2ccccc2)ccc(NC(=O)CN2CCOCC2)c1=O)C(=O)C(F)(F)F,2.0
230,CC(C)C(NC(=O)Cn1c(-c2ccccc2)ccc(NC(=O)Cc2ccc(C(=O)O)cc2)c1=O)C(=O)C(F)(F)F,0.35
231,CC(C)C(NC(=O)Cn1c(-c2ccccc2)ccc(NC(=O)Cc2cccc(C(=O)O)c2)c1=O)C(=O)C(F)(F)F,0.68
232,CC(C)C(NC(=O)Cn1c(-c2ccccc2)ccc(NC(=O)Cc2ccccc2C(=O)O)c1=O)C(=O)C(F)(F)F,1.14
233,CC(C)C(NC(=O)Cn1c(-c2ccccc2)ccc(NC(=O)NCc2cc[n+]([O-])cc2)c1=O)C(=O)C(F)(F)F,1.13
234,CC(C)C(NC(=O)Cn1c(-c2ccccc2)ccc(NC(=O)NCc2ccc[n+]([O-])c2)c1=O)C(=O)C(F)(F)F,1.48
235,CC(C)C(NC(=O)Cn1c(-c2ccccc2)ccc(NC(=O)NCc2ccccn2)c1=O)C(=O)C(F)(F)F,2.15
236,CC(C)C(NC(=O)Cn1c(-c2ccccc2)ccc(NC(=O)NCc2cccnc2)c1=O)C(=O)C(F)(F)F,2.84
237,CC(C)C(NC(=O)Cn1c(-c2ccccc2)ccc(NC(=O)NCc2ccncc2)c1=O)C(=O)C(F)(F)F,2.16
238,CC(C)C(NC(=O)Cn1c(-c2ccccc2)ccc(NC(=O)OCc2ccc(C(=O)O)cc2)c1=O)C(=O)C(F)(F)F,0.84
239,CC(C)C(NC(=O)Cn1c(-c2ccccc2)ccc(NC(=O)OCc2ccccn2)c1=O)C(=O)C(F)(F)F,1.91
240,CC(C)C(NC(=O)Cn1c(-c2ccccc2)ccc(NC(=O)OCc2ccncc2)c1=O)C(=O)C(F)(F)F,2.41
241,CC(C)C(NC(=O)Cn1c(-c2ccccc2)ccc(NC=O)c1=O)C(=O)C(F)(F)F,1.84
242,CC(C)C(NC(=O)Cn1c(-c2ccccc2)ccc(NS(=O)(=O)C(F)(F)F)c1=O)C(=O)C(F)(F)F,1.01
243,CC(C)C(NC(=O)Cn1c(-c2ccccc2)ccc(NS(=O)(=O)NCc2ccccc2)c1=O)C(=O)C(F)(F)F,2.57
244,CC(C)C(NC(=O)Cn1c(-c2ccccc2)ccc(NS(=O)(=O)c2ccccc2)c1=O)C(=O)C(F)(F)F,2.26
245,CC(C)C(NC(=O)Cn1c(-c2ccccc2)ccc(NS(C)(=O)=O)c1=O)C(=O)C(F)(F)F,1.77
246,CC(C)C(NC(=O)Cn1c(-c2ccccc2)ccc(NS(N)(=O)=O)c1=O)C(=O)C(F)(F)F,1.17
247,CC(C)C(NC(=O)Cn1c(-c2ccccc2)ncc(NC(=O)OCC(F)(F)F)c1=O)C(=O)C(F)(F)F,2.37
248,CC(C)C(NC(=O)Cn1c(-c2ccccc2)ncc(NC(=O)OCc2ccccc2)c1=O)C(=O)C(F)(F)F,2.12
249,CC(C)C(NC(=O)Cn1c(-c2cccnc2)ccc(NC(=O)OCc2ccccc2)c1=O)C(=O)C(F)(F)F,3.05
250,CC(C)C(NC(=O)Cn1c(-c2cccnc2)ncc(NC(=O)OCc2ccccc2)c1=O)C(=O)C(F)(F)F,2.15
251,CC(C)C(NC(=O)Cn1c(-c2cccs2)ncc(N)c1=O)C(=O)C(F)(F)F,0.68
252,CC(C)C(NC(=O)Cn1c(-c2cccs2)ncc(NC(=O)OCC(F)(F)F)c1=O)C(=O)C(F)(F)F,2.32
253,CC(C)C(NC(=O)Cn1c(-c2cccs2)ncc(NC(=O)OCc2ccccc2)c1=O)C(=O)C(F)(F)F,2.02
254,CC(C)C(NC(=O)Cn1c(C2CCCCC2)ncc(NC(=O)OCc2ccccc2)c1=O)C(=O)C(F)(F)F,2.87
255,CC(C)C1NCCc2c1sc1ccccc21,2.8
256,CC(C)CC(N(C)C)C1(c2ccc(Cl)cc2)CCC1,3.6
257,CC(C)CC(c1ccccn1)n1[nH]c(=O)c2nc3cc(Cl)ccc3c(O)c2c1=O,1.83
258,CC(C)CC(c1ccncc1)n1[nH]c(=O)c2nc3cc(Cl)ccc3c(O)c2c1=O,1.64
259,CC(C)CCCC(C)/N=c1\ccn(Cc2ccccc2)c2cc(Cl)ccc12,1.58
260,CC(C)CCOc1ccc(N)cc1,2.67
261,CC(C)CNCc1ccc(-c2ccccc2S(=O)(=O)N2CCCC2)cc1,1.9
262,CC(C)CNc1nc(C#N)nc(N2CC(O)C2)c1N,2.0
263,CC(C)CNc1nc(C#N)nc(N2CCNCC2)c1N,0.7
264,CC(C)CNc1nc(C#N)nc(N2CCOCC2)c1N,2.79
265,CC(C)CNc1nc(C#N)nc(NC2CCS(=O)(=O)C2)c1N,2.3
266,CC(C)COCC(CN(Cc1ccccc1)c1ccccc1)N1CCCC1,3.66
267,CC(C)COc1cc(-c2cccc3c(=O)cc(N4CCOCC4)oc23)ccc1NC(=O)CN1CCOCC1,3.8
268,CC(C)COc1cc(OC(C)C)cc(C(=O)Nc2ccc(C(=O)O)cn2)c1,1.6
269,CC(C)C[C@@H](CO)NS(=O)(=O)c1ccc(Cl)s1,2.8
270,CC(C)C[C@H](CO)Nc1nc(SCc2cccc(C#N)c2)nc2nc(N)sc12,3.9
271,CC(C)C[C@H](CO)Nc1nc(SCc2ccccc2)nc2[nH]c(=O)sc12,4.2
272,CC(C)C[C@H](CO)Nc1nc(SCc2ccccc2)nc2nc(N)sc12,4.2
273,CC(C)C[C@H](CO)Nc1nc(SCc2ccccc2F)nc2nc(N)sc12,4.5
274,CC(C)C[C@H](CO)Nc1nc(SCc2ccncc2)nc2nc(N)sc12,2.9
275,CC(C)C[C@H](CO)Nc1nc(S[C@@H](C)c2ccccc2)nc2[nH]c(=O)sc12,4.3
276,CC(C)C[C@H](N)c1nnc(S(=O)(=O)Cc2ccc(F)cc2)o1,1.11
277,CC(C)C[C@H](NC(=O)N1CCOCC1)C(=O)NCC#N,0.08
278,CC(C)C[C@H](NC(=O)N1CCOCC1)C(=O)N[C@H](/C=C/S(=O)(=O)c1ccccc1)CCc1ccccc1,3.4
279,CC(C)C[C@H](N[C@@H](c1ccc(-c2ccc(S(C)(=O)=O)cc2)cc1)C(F)(F)F)C(=O)NCC#N,3.24
280,CC(C)Cc1ccc(C(C)C(=O)NS(C)(=O)=O)cc1,0.78
281,CC(C)Cc1ccc([C@@H](C)C(=O)NS(C)(=O)=O)cc1,0.51
282,CC(C)Cc1ccc([C@H](C)C(=O)NS(C)(=O)=O)cc1,0.56
283,CC(C)Cn1c(=O)[nH]c(=O)c2c(C(=O)N3CCC3)c(Cc3ccccc3C(F)(F)F)sc21,3.0
284,CC(C)Cn1c(=O)n(C)c(=O)c2c(-c3ccncc3)n(Cc3cccc4ccccc34)nc21,4.3
285,CC(C)Cn1c(=O)n(C)c(=O)c2c(-c3cncn3C)n(Cc3cccc4ccccc34)nc21,4.1
286,CC(C)Cn1c(=O)n(C)c(=O)c2c(C(=O)N(C)C)c(Cc3ccccc3C(F)(F)F)sc21,2.9
287,CC(C)Cn1c(=O)n(C)c(=O)c2c(C(=O)N3CC(C)(O)C3)c(Cc3ccccc3C(F)(F)F)sc21,3.18
288,CC(C)Cn1c(=O)n(C)c(=O)c2c(C(=O)N3CC=CC3)c(Cc3ccccc3C(F)(F)F)sc21,3.53
289,CC(C)Cn1c(=O)n(C)c(=O)c2c(C(=O)N3CCC3)c(Cc3ccccc3C(F)(F)F)sc21,3.46
290,CC(C)Cn1c(=O)n(C)c(=O)c2c(C(=O)N3CCCC3)c(Cc3ccccc3C(F)(F)F)sc21,3.8
291,CC(C)Cn1c(=O)n(C)c(=O)c2c(C(=O)N3CCCCC3)c(Cc3ccccc3C(F)(F)F)sc21,4.07
292,CC(C)Cn1c(=O)n(C)c(=O)c2c(C(=O)N3CC[C@@H](O)C3)c(Cc3c[nH]c4ccccc34)sc21,2.35
293,CC(C)Cn1c(=O)n(C)c(=O)c2c(C(=O)N3CC[C@@H](O)C3)c(Cc3c[nH]c4ncccc34)sc21,1.71
294,CC(C)Cn1c(=O)n(C)c(=O)c2c(C(=O)N3CC[C@@H](O)C3)c(Cc3cccc4ncccc34)sc21,1.98
295,CC(C)Cn1c(=O)n(C)c(=O)c2c(C(=O)N3CC[C@@H](O)C3)c(Cc3ccccc3C(F)(F)F)sc21,2.74
296,CC(C)Cn1c(=O)n(C)c(=O)c2c(C(=O)N3CC[C@@H](O)C3)c(Cc3ccnc4ccc(F)cc34)sc21,1.95
297,CC(C)Cn1c(=O)n(C)c(=O)c2c(C(=O)N3CC[C@@H](O)C3)c(Cc3ccnc4ccccc34)sc21,1.65
298,CC(C)Cn1c(=O)n(C)c(=O)c2c(C(=O)N3CC[C@@H](O)C3)c(Cc3cncc4ccccc34)sc21,1.74
299,CC(C)Cn1c(=O)n(C)c(=O)c2c(C(=O)N3CC[C@@H](O)C3)c(Oc3cccc4ccccc34)sc21,2.87
300,CC(C)Cn1c(=O)n(C)c(=O)c2c(C(=O)N3C[C@@H](O)[C@@H](O)C3)c(Cc3ccnc4ccccc34)sc21,1.18
301,CC(C)Cn1c(=O)n(C)c(=O)c2c(C(=O)N3C[C@H](O)CO3)c(Cc3c[nH]c4ncccc34)sc21,2.04
302,CC(C)Cn1c(=O)n(C)c(=O)c2c(C(=O)N3C[C@H](O)CO3)c(Cc3ccccc3C(F)(F)F)sc21,3.15
303,CC(C)Cn1c(=O)n(C)c(=O)c2c(C(=O)N3C[C@H](O)CO3)c(Cc3ccnc4ccccc34)sc21,2.14
304,CC(C)Cn1c(=O)n(C)c(=O)c2c(S(=O)(=O)N3CC[C@@H](O)C3)c(Cc3ccccc3C(F)(F)F)sc21,3.32
305,CC(C)Cn1c(=O)n(C)c(=O)c2c(SC(C)C)c(Cc3ccccc3C(F)(F)F)sc21,4.42
306,CC(C)Cn1c(=O)n(C)c(=O)c2c(SC3CCCC3)c(Cc3ccccc3C(F)(F)F)sc21,4.21
307,CC(C)Cn1c(=O)n(C)c(=O)c2c(SC3CCCCC3)c(Cc3ccccc3C(F)(F)F)sc21,4.14
308,CC(C)Cn1c(=O)n(C)c(=O)c2c(SCCCO)c(Cc3ccccc3C(F)(F)F)sc21,4.05
309,CC(C)Cn1c(=O)n(C)c(=O)c2c(SCCCO)n(Cc3cccc4ccccc34)cc21,4.36
310,CC(C)Cn1c(=O)n(C)c(=O)c2cn(Cc3cccc4ccccc34)cc21,4.41
311,CC(C)Cn1cnc(-c2ccccc2)c1-c1nc2c(N)ncnc2s1,3.72
312,CC(C)Cn1cnc2c(N)nc3ccccc3c21,2.52
313,CC(C)N(C(=O)C(c1cccnc1)C(CNC(=O)NCc1ccccc1F)c1ccccc1)C(C)C,4.2
314,CC(C)N(CCC(C(N)=O)(c1ccccc1)c1ccccn1)C(C)C,-0.54
315,CC(C)N(CCCNC(=O)Nc1ccc(C(C)(C)C)cc1)C[C@H]1O[C@@H](n2ccc3c(N)ncnc32)[C@H](O)[C@@H]1O,2.4
316,CC(C)N(CCCNC(=O)Nc1ccc(C(C)(C)C)cc1)C[C@H]1O[C@@H](n2cnc3c(N)ncnc32)[C@H](O)[C@@H]1O,2.2
317,CC(C)N(CCNCCc1ccc(O)c2[nH]c(=O)sc12)C(=O)CCOCCc1ccccc1,2.33
318,CC(C)N(c1nnc(N)s1)C(C)C,1.49
319,CC(C)N1CCC(N(C(=O)Cc2ccccc2)c2ccc(Cl)cc2)CC1,2.3
320,CC(C)N1CCC[C@@H](CN2CCN(C(=O)Nc3ccc(Cl)c(Cl)c3)CC2)C1,1.62
321,CC(C)N1CCN(C(=O)NCc2ccc(Cl)c(Cl)c2)CC1,2.75
322,CC(C)N1CCN(Cc2cnc(-c3cc(-c4cccc5[nH]ccc45)cc4[nH]ncc34)o2)CC1,3.49
323,CC(C)N1CCN(Cc2cnc(-c3ccc(C(=O)Nc4ccccc4N)cc3)c(C#N)c2)CC1,1.28
324,CC(C)N1CCN(Cc2cnc(-c3ccc(C(=O)Nc4ccccc4N)cc3)c(Cl)c2)CC1,1.68
325,CC(C)N1CCN(Cc2cnc(-c3ccc(C(=O)Nc4ccccc4N)cc3)c(F)c2)CC1,1.6
326,CC(C)N1CCN[C@@H](C(=O)N2CCN(C(=O)Nc3ccc(Cl)c(Cl)c3)CC2)C1,2.21
327,CC(C)N1CCN[C@@H](CN2CCN(C(=O)Nc3ccc(Cl)c(Cl)c3)CC2)C1,1.92
328,CC(C)N1CCO[C@@H](CN2CCN(C(=O)Nc3ccc(Cl)c(Cl)c3)CC2)C1,2.77
329,CC(C)NC(=O)c1cc2c(-n3ccc(C(F)(F)F)n3)c(-c3cncc(C(=O)O)c3)cnc2[nH]1,-0.62
330,CC(C)NC(=O)c1ccc2c(Nc3ccc(Cl)cc3)nc(N3CCOCC3)nc2c1,2.78
331,CC(C)NC(=O)c1cnc(N2CCC(N3C(=O)OCc4ccccc43)CC2)c(Cl)c1,3.57
332,CC(C)NCC(O)COc1ccc(CCOCC2CC2)cc1,0.63
333,CC(C)NCC(O)COc1ccc(COCCOC(C)C)cc1,0.1
334,CC(C)NCC(O)COc1cccc2[nH]ccc12,-0.12
335,CC(C)NCC(O)COc1nccs1,-0.97
336,CC(C)NC[C@@H](C(=O)N1CCN(c2ncnc3c2[C@H](C)C[C@H]3O)CC1)c1ccc(Cl)cc1,1.3
337,CC(C)NC[C@@H](O)COc1cccc2ccccc12,1.13
338,CC(C)NC[C@H](O)COc1cccc2ccccc12,0.99
339,CC(C)NNC(=O)c1ccncc1,0.33
340,CC(C)Nc1ccc2cnn(-c3cncc(-n4ccc(CC(=O)O)c4)n3)c2c1,1.24
341,CC(C)Nc1nc(C#N)nc(N2CCOCC2)c1N,2.04
342,CC(C)Nc1nc(NCc2ccccc2)c2sccc2n1,3.9
343,CC(C)OC(=O)N1CCC(Oc2ncnc3c2CCN3c2ccc(S(C)(=O)=O)cc2F)CC1,3.4
344,CC(C)OC(=O)N1CCC(Oc2ncnc3c2cnn3-c2ccc(S(C)(=O)=O)cc2F)CC1,3.0
345,CC(C)OC(=O)c1cn(Cc2c(F)cccc2F)c2sc(-c3ccc(NC(=O)C(C)C)cc3)c(CN(C)Cc3ccccc3)c2c1=O,3.5
346,CC(C)Oc1cc(-c2cccc3c(=O)cc(N4CCOCC4)oc23)ccc1NC(=O)CN1CCOCC1,3.0
347,CC(C)Oc1cc(-n2cnc3ccc(N[C@@H](CO)c4ccc(F)cn4)nc32)n[nH]1,2.79
348,CC(C)Oc1cc(-n2cnc3cnc(N[C@@H](C)c4ncc(F)cn4)nc32)n[nH]1,2.41
349,CC(C)Oc1cc(Nc2nc(N[C@@H](C)c3ccc(F)cn3)nc(OC(CO)CO)c2Cl)n[nH]1,2.77
350,CC(C)Oc1cc(Nc2nc3c(cc2F)ncn3[C@@H](CO)c2ccc(F)cn2)n[nH]1,2.97
351,CC(C)Oc1cc(OCCCN2CCCC2)cc2ncnc(Nc3c(Cl)ccc4c3OCO4)c12,3.1
352,CC(C)Oc1cc(OCCN2CCOCC2)cc2ncnc(Nc3c(Cl)ccc4c3OCO4)c12,3.68
353,CC(C)Oc1cc(OCCc2cccnc2)cc(C(=O)Nc2ccc(C(=O)O)cn2)c1,0.81
354,CC(C)Oc1cc(OCCc2ccsc2)cc(C(=O)Nc2ccc(C(=O)O)cn2)c1,1.74
355,CC(C)Oc1cc(Oc2ccc(S(C)(=O)=O)cc2)cc(C(=O)Nc2nccs2)c1,3.61
356,CC(C)Oc1ccc(S(C)(=O)=O)cc1C(=O)N1CCN(c2ccc(C(F)(F)F)cc2)CC1,3.33
357,CC(C)Oc1ccc2c(=O)c(-c3ccccc3)coc2c1,4.07
358,CC(C)Oc1cccc(CC(=O)N2CCC[C@](CC[N+]34CCC(c5ccccc5)(CC3)CC4)(c3ccc(Cl)c(Cl)c3)C2)c1,1.23
359,CC(C)[C@@H](CN1CCCCC1)N(C)C(=O)Cc1ccc(Cl)c(Cl)c1,2.87
360,CC(C)[C@@H](CN1CC[C@@](C)(c2cccc(O)c2)[C@@H](C)C1)NC(=O)[C@H]1Cc2ccc(O)cc2CN1,2.39
361,CC(C)[C@@H](CO)NS(=O)(=O)c1ccc(Cl)s1,2.3
362,CC(C)[C@@H]1N=C(c2ccccc2)c2ccccc2NC1=O,3.05
363,CC(C)[C@H](N)C(=O)OCCOCn1cnc2c(=O)nc(N)[nH]c21,-1.3
364,CC(C)[C@H](NC(=O)CCc1ccccc1)C(=O)N1CCCC1,2.49
365,CC(C)[C@H](NC(=O)C[C@H](NC(=O)/C=C/c1ccccc1)c1ccccc1)C(=O)[C@@H]1C(=O)NC(=O)[C@H]1C,1.91
366,CC(C)[C@H]1C(=O)N[C@H](CO)Cc2ccccc2N1C,2.03
367,CC(C)[N+](C)(CCOC(=O)C1c2ccccc2Oc2ccccc21)C(C)C,0.2
368,CC(C)c1c(C(=O)NC2C3CC4CC(C3)CC2C4)cnn1-c1ccc(C(=O)O)cc1,1.15
369,CC(C)c1cc(C(=O)N2Cc3ccc(CN4CCN(C)CC4)cc3C2)c(O)cc1O,2.5
370,CC(C)c1ccc(NC(=O)NCCCSC[C@H]2O[C@@H](n3cnc4c(N)ncnc43)[C@H](O)[C@@H]2O)cc1,2.5
371,CC(C)c1ccc(Sc2cnc(O)c(C(=O)NCc3ccccc3)c2)cc1,3.7
372,CC(C)c1ccc2[nH]c3c(c2c1)CN(C(=O)[C@@H]1CCCC[C@H]1C(=O)NC1(C#N)CC1)CC3,4.1
373,CC(C)c1ccc2oc3nc(N)c(C(=O)O)cc3c(=O)c2c1,1.1
374,CC(C)c1ccccc1Cc1cc(C(=O)Nc2ccc(S(=O)(=O)c3ccccc3C(C)(C)C)cc2)c(O)c(O)c1O,3.44
375,CC(C)c1ccccc1Nc1nc(SCc2cccs2)n[nH]1,4.21
376,CC(C)c1nc(CN(C)C(=O)N[C@H](C(=O)N[C@@H](Cc2ccccc2)C[C@H](O)[C@H](Cc2ccccc2)NC(=O)OCc2cncs2)C(C)C)cs1,4.3
377,CC(C)c1nc(N2CCN(c3ncc(OCc4ccncc4C#N)cn3)[C@H](C)C2)no1,3.3
378,CC(C)c1nc2ccc(-c3ccc(F)cc3)cc2c(=O)n1C[C@H]1CCCN(C(C)C)C1,3.6
379,CC(C)c1nc2ccccc2n1-c1nc(N2CCOCC2)c2nc(OC3CN(C4CCS(=O)(=O)CC4)C3)n(C)c2n1,2.9
380,CC(C)c1ncc(NC(=O)OCc2ccccc2)c(=O)n1CC(=O)NC(C(=O)C(F)(F)F)C(C)C,2.63
381,CC(C)c1nnc2ccc(-c3ocnc3-c3cc(F)ccc3F)cn12,2.44
382,CC(C)c1noc(N2CCN(c3ncc(OCc4ccncc4C#N)cn3)[C@H](C)C2)n1,3.1
383,CC(C)n1c(=O)c2c(-c3cncn3C)n(Cc3ccnc4ccc(Cl)cc34)nc2n(CC2CC2)c1=O,4.02
384,CC(C)n1c(=O)n(C)c(=O)c2c(C(=O)N3CCS(=O)(=O)C3)c(Cc3ccccc3C(F)(F)F)sc21,2.55
385,CC(C)n1c(=O)n(C)c(=O)c2cn(Cc3cccc4ccccc34)cc21,3.97
386,CC(C)n1c2ccccc2c2cc(NC(=O)N3CCOCC3)ccc21,3.55
387,CC(CC(=O)NCc1ccccc1)C1CCCO1,2.1
388,CC(CCc1cccc(OCc2ccc3ccccc3n2)c1)CC(=O)O,2.4
389,CC(CCc1ccccc1)NCC(O)c1ccc(O)c(C(N)=O)c1,1.06
390,CC(CN(C)C)CN1c2ccccc2CCc2ccccc21,2.95
391,CC(CN1c2ccccc2Sc2ccccc21)N(C)C,2.67
392,CC(CNS(=O)(=O)C(C)C)c1ccc(-c2ccc(C#N)cc2)cc1,3.5
393,CC(CO)(CO)Nc1nc(SCc2cccc(F)c2F)nc2nc(N)sc12,2.87
394,CC(COc1ccccc1)NC(C)C(O)c1ccc(O)cc1,0.56
395,CC(Cc1ccc(O)cc1)NCC(O)c1cc(O)cc(O)c1,-0.06
396,CC(Cc1cccc(CNCCc2c(Cl)cccc2Cl)c1)NC[C@H](O)c1ccc(O)c2[nH]c(=O)sc12,2.41
397,CC(N)(COP(=O)(O)O)C(=O)O,2.5
398,CC(N)Cc1c[nH]c2ccc(OCc3cccs3)cc12,0.48
399,CC(NC(=O)C1(N)CCN(c2ncnc3[nH]ccc23)CC1)c1ccc(Cl)cc1,2.7
400,CC(NC(=O)C1(N)CCN(c2ncnc3[nH]ccc23)CC1)c1ccc(F)cc1,2.4
401,CC(NC(=O)C1(N)CCN(c2ncnc3[nH]ccc23)CC1)c1ccc(S(C)(=O)=O)cc1,1.0
402,CC(NC(=O)C1(N)CCN(c2ncnc3[nH]ccc23)CC1)c1ccccc1,2.17
403,CC(NC(=O)C1(N)CCN(c2ncnc3[nH]ccc23)CC1)c1ccccn1,1.3
404,CC(NC(=O)C1(N)CCN(c2ncnc3[nH]ccc23)CC1)c1cccnc1,1.2
405,CC(NC(=O)c1cc(O)nc2ccccc12)c1ccccc1,2.2
406,CC(NC(C)(C)C)C(=O)c1cccc(Cl)c1,2.12
407,CC(NCC(O)c1ccc([N+](=O)[O-])cc1)C12CC3CC(CC(C3)C1)C2,3.53
408,CC(Nc1ncnc2ccccc12)c1ccccc1,3.4
409,CC(O)(C(=O)Nc1ccc(S(=O)(=O)Nc2ccccc2)cc1)C(F)(F)F,3.07
410,CC(O)(C(=O)Nc1ccc(S(=O)(=O)c2ccc(F)cc2)cc1)C(F)(F)F,3.12
411,CC(O)(C(=O)Nc1ccc(S(=O)(=O)c2ccc(O)cc2)cc1)C(F)(F)F,2.78
412,CC(O)(C(=O)Nc1ccc(S(=O)(=O)c2ccccc2)cc1)C(F)(F)F,2.98
413,CC(O)(C(=O)Nc1ccc(S(=O)(=O)c2cccnc2)cc1)C(F)(F)F,2.08
414,CC(O)(C(=O)Nc1ccc(S(=O)(=O)c2ccncc2)cc1)C(F)(F)F,2.15
415,CC(O)(C(=O)Nc1ccc2c(c1)-c1ccccc1S2(=O)=O)C(F)(F)F,3.0
416,CC(O)(C(=O)c1ccccc1)c1ccccc1,2.92
417,CC(O)C(C)OC(=O)[C@@H]1CC2c3cccc4c3c(cn4C(C)C)CC2N(C)C1,2.8
418,CC(O)c1ccc2c(c1)N(CCN1CCC(NCc3ccc4c(n3)NC(=O)CO4)CC1)C(=O)CO2,0.25
419,CC(Oc1c(Cl)cccc1Cl)C1=NCCN1,0.48
420,CC(c1cc2ccccc2o1)n1[nH]c(=O)c2[nH]c3cc(Cl)ccc3c(=O)c2c1=O,2.1
421,CC(c1cc2ccccc2s1)N(O)C(N)=O,2.05
422,CC(c1ccccc1)C(Cc1nc2ccccc2[nH]1)c1nc2ccccc2[nH]1,4.48
423,CC(c1ccccc1)N1Cc2ccccc2C1=O,3.0
424,CC(c1ccccn1)n1[nH]c(=O)c2nc3cc(Cl)ccc3c(O)c2c1=O,0.51
425,CC(c1ccsc1)n1[nH]c(=O)c2[nH]c3cc(Cl)ccc3c(=O)c2c1=O,0.9
426,CC/C(=C(\c1ccccc1)c1ccc(/C=C/C(=O)O)cc1)c1ccccc1,3.89
427,CC1(C(=O)NC2CCCCC2)CCC(=O)N1Cc1cccs1,2.15
428,CC1(C)C(=O)N(c2ccc(SC(F)(F)F)cc2)C(=O)N1Cc1ccnc(N2CCOCC2)c1,3.73
429,CC1(C)C(=O)Nc2ccccc21,2.3
430,CC1(C)CC(=O)c2c(nc3ccccc3c2N)C1,3.0
431,CC1(C)CCC(NC(=O)[C@@H](N)CCC(=O)O)CC1,-0.27
432,CC1(C)CCC(c2ccc(Cl)cc2)=C(CN2CCN(c3ccc(C(=O)NS(=O)(=O)c4ccc(N[C@H](CCN5CCOCC5)CSc5ccccc5)c(S(=O)(=O)C(F)(F)F)c4)cc3)CC2)C1,0.64
433,CC1(C)CNC(=O)c2sc(N3CCOCC3)nc2C1,1.29
434,CC1(C)COCc2sc(N3CCN(C(=O)[C@@H]4CCCC[C@H]4C(=O)NC4(C#N)CC4)CC3)nc21,2.4
435,CC1(C)Cc2c(-c3ccccc3)c(-c3ccc(Cl)cc3)c(CC(=O)O)n2C1,3.07
436,CC1(C)N=C(N)N=C(N)N1c1ccc(Oc2ccc(Cl)cc2)c(Cl)c1,0.79
437,CC1(C)NC(=O)N(c2ccc([N+](=O)[O-])c(C(F)(F)F)c2)C1=O,1.74
438,CC1(C)Oc2ncnc(N)c2N=C1c1ccc([C@H]2CC[C@H](CC(=O)O)CC2)cc1,1.32
439,CC1(C)[C@@H]2CC[C@@]1(CS(=O)(=O)N1CCN(c3ccc(C#N)cn3)CC1)C(=O)C2,2.46
440,CC1(C)[C@@H]2CC[C@@]1(CS(=O)(=O)N1CCN(c3ccc(C(F)(F)F)cn3)CC1)C(=O)C2,3.8
441,CC1(C)[C@@H]2CC[C@@]1(CS(=O)(=O)NC1CCN(c3ccc(C(F)(F)F)cn3)CC1)C(=O)C2,3.84
442,CC1(COc2cc(-c3cccc4c(=O)cc(N5CCOCC5)oc34)ccc2NC(=O)CN2CCOCC2)COC1,2.2
443,CC1(COc2ccc3c(c2)ncn3-c2ccc3cccc(N4CCC(N)CC4)c3n2)COC1,1.99
444,CC1(O)CN(S(=O)(=O)c2ccc3c(C(=O)NC[C@@H](O)CN4CCC(Oc5ccc(Cl)c(Cl)c5)CC4)c[nH]c(=O)c3c2)C1,2.54
445,CC1(c2c(C(=O)NC3C4CC5CC(C4)CC3C5)cnn2-c2ccc(C(=O)O)cc2)CC1,1.11
446,CC1(c2ccc(Cl)c(Cl)c2)CC(=O)NC(N)=N1,1.59
447,CC1(c2ccc(Cl)cc2)CCN(C(=O)COCc2ccncc2)CC1,2.79
448,CC1(c2ccccc2)CC(=O)NC(N)=N1,0.62
449,CC1(c2nc(N3CCOCC3)ncc2C(=O)N[C@H]2C3CC4CC2C[C@](O)(C4)C3)CC1,2.0
450,CC12CC3CC(C)(C1)CC(N)(C3)C2,0.06
451,CC12CCC(=O)C=C1CCC1C2CCC2(C)C(O)CCC12,3.3
452,CC12NC(Cc3ccccc31)c1ccccc12,1.7
453,CC1=C(C(=O)O)N2C(=O)[C@@H](NC(=O)[C@H](N)c3ccc(O)cc3)[C@H]2SC1,-0.86
454,CC1=C(C)C(=O)C(C(CCCCCC(=O)O)c2ccccc2)=C(C)C1=O,2.48
455,CC1=C(C2=C(C)C(=O)c3c(cc(O)c(O)c3CCc3ccc(C)cc3)C2=O)C(=O)c2cc(O)c(O)c(CCc3ccc(C)cc3)c2C1=O,3.36
456,CC1=C(C2=C(C)C(=O)c3c(cc(O)c(O)c3Cc3ccccc3)C2=O)C(=O)c2cc(O)c(O)c(Cc3ccccc3)c2C1=O,2.73
457,CC1=C(CC(=O)O)c2cc(F)ccc2/C1=C\c1ccc([S+](C)[O-])cc1,-0.01
458,CC1=C2C[C@H]3[C@@H](CC=C4C[C@@H](O)CC[C@@]43C)[C@@H]2CC[C@]12O[C@@H]1C[C@H](C)CN[C@H]1[C@H]2C,2.63
459,CC1=NC(C)(c2cccc(-c3cccnc3)c2)N=C1N,1.7
460,CC1=Nc2ccc(Cl)cc2S(=O)(=O)N1,1.05
461,CC1C(=O)Nc2ccccc2N1C(=O)c1ccccc1,2.11
462,CC1CC(=O)Nc2ccccc2N1,0.56
463,CC1CC(CN)CC(CO)C1,-1.4
464,CC1CC(OC(=O)C(O)c2ccccc2)CC(C)(C)C1,2.31
465,CC1CCC(CC(=O)Nc2cccc3ncccc23)CC1,3.56
466,CC1CCN(C(=O)c2scc3c2OCCO3)CC1,2.26
467,CC1CCc2cc(F)cc3c(=O)c(C(=O)O)cn1c23,0.74
468,CC1CN(C(=O)c2cc3ccccc3[nH]2)CCN1,0.94
469,CC1CN(C(=O)c2ccccc2)c2ccccc2NC1=O,1.73
470,CC1CN(C(=O)c2nnc3c(-c4ncccn4)cccc3c2N)C1,1.21
471,CC1CN(Cc2cc(Cl)ccc2OCC(=O)O)CCN1S(=O)(=O)c1ccccc1,0.31
472,CC1CN(S(=O)(=O)c2ccccc2)CCN1Cc1cc(Cl)ccc1OCC(=O)O,0.69
473,CC1COc2c(N3CCN(C)CC3)c(F)cc3c(=O)c(C(=O)O)cn1c23,-0.45
474,CC1Cc2ccccc2N1NC(=O)c1ccc(Cl)c(S(N)(=O)=O)c1,1.83
475,CC1N=C(N)N=C(N)N1c1ccc(Cl)cc1,-0.8
476,CC1Sc2c(C(=O)O)c(=O)c3cc(F)c(N4CCNCC4)cc3n21,-1.1
477,CCC(=O)N1CCN(C(=O)c2cc(Cc3n[nH]c(=O)c4ccccc34)ccc2F)CC1,1.22
478,CCC(=O)NCC[C@@H]1CCc2ccc3c(c21)CCO3,2.57
479,CCC(=O)N[C@H]1CC[C@@H](C(=O)N(C)c2ccc(-c3nc4ccccc4o3)cc2)C1,3.4
480,CCC(=O)O[C@H]1CC[C@H]2[C@@H]3CCC4=CC(=O)CC[C@]4(C)[C@H]3CC[C@]12C,3.3
481,CCC(C)(C)C(=O)O[C@H]1C[C@@H](C)C=C2C=C[C@H](C)[C@H](CC[C@@H](O)C[C@@H](O)CC(=O)O)[C@H]21,1.55
482,CCC(C)(C)C(=O)O[C@H]1C[C@@H](C)C=C2C=C[C@H](C)[C@H](CC[C@@H]3C[C@@H](O)CC(=O)O3)[C@H]21,3.7
483,CCC(C)(C)C[C@H](c1ccc(C(=O)O)c(Oc2cccc(Cl)c2)c1)N1CCC[C@H](n2cc(C)c(=O)[nH]c2=O)C1,1.37
484,CCC(C)(CC)C[C@H](c1ccc(C(=O)O)c(Oc2cccc(Br)c2)c1)N1CCC[C@H](n2cc(C)c(=O)[nH]c2=O)C1,1.97
485,CCC(C)NC(=O)c1c(C)nn(-c2ccccc2)c1NS(=O)(=O)c1ccc(C)cc1,0.66
486,CCC(C)Nc1nc(C#N)nc(N2CCOCC2)c1N,2.8
487,CCC(CC)CNC(=O)c1ccc2c(c1)c(Cc1ccc(C(=O)NS(=O)(=O)c3ccccc3C)cc1OC)cn2C,2.7
488,CCC(CC)C[C@H](c1ccc(C(=O)O)c(Oc2cccc(Cl)c2)c1)N1CCC[C@H](n2cc(C)c(=O)[nH]c2=O)C1,1.68
489,CCC(CC)NC(=O)c1c(C)nn(-c2ccccc2)c1NS(=O)(=O)c1ccc(C)cc1,1.35
490,CCC(CC)NC(=O)c1c(C)nn(C(C)C)c1NS(=O)(=O)c1ccc(C)cc1,0.92
491,CCC(CC)NC(=O)c1cn(-c2ccccc2)nc1NS(=O)(=O)c1ccc(C)cc1,2.51
492,CCC(CC)NC(=O)c1cnn(-c2ccccc2)c1NS(=O)(=O)C1CCCC1,0.69
493,CCC(CC)NC(=O)c1cnn(-c2ccccc2)c1NS(=O)(=O)c1ccc(-c2cnco2)cc1,0.8
494,CCC(CC)NC(=O)c1cnn(-c2ccccc2)c1NS(=O)(=O)c1ccc(C)cc1,0.79
495,CCC(CC)NC(=O)c1cnn(-c2ccccc2Cl)c1NS(=O)(=O)c1ccc(C)cc1,0.65
496,CCC(CC)NC(=O)c1cnn(-c2ccccn2)c1NS(=O)(=O)c1ccc(C)cc1,0.27
497,CCC(CC)NC(=O)c1cnn(C)c1NS(=O)(=O)c1ccc(C)cc1,0.36
498,CCC(CC)NC(=O)c1cnn(Cc2ccccc2)c1NS(=O)(=O)c1ccc(C)cc1,1.52
499,CCC(CC)NC(=O)c1nnn(-c2ccccc2)c1NS(=O)(=O)c1ccc(C)cc1,0.46
500,CCC(CC)n1nc(C)c(C(=O)N[C@@H](C)C(C)(C)C)c1NS(=O)(=O)c1ccc(C)cc1,1.88
501,CCC(CCNC)Oc1cc(Cl)ccc1C#N,0.38
502,CCC(CO)NCCNC(CC)CO,-1.42
503,CCC(COC(=O)c1cc(OC)c(OC)c(OC)c1)(c1ccccc1)N(C)C,3.77
504,CCC(NC(=O)c1ccc(C)cc1)c1nc2ccsc2c(=O)n1Cc1ccccc1,4.14
505,CCC(Oc1ccc(C(F)(F)F)cc1-c1ccc(S(=O)(=O)CC)cc1C)C(=O)O,0.31
506,CCC(c1ccccn1)n1[nH]c(=O)c2nc3cc(Cl)ccc3c(O)c2c1=O,0.8
507,CCC(c1cccnc1)n1[nH]c(=O)c2nc3cc(Cl)ccc3c(O)c2c1=O,0.7
508,CCC(c1ccncc1)n1[nH]c(=O)c2[nH]c3cc(Cl)ccc3c(=O)c2c1=O,0.6
509,CCC(c1nc2ccn(C)c2c(=O)n1Cc1ccccc1)N(CCCN)C(=O)c1ccc(C)cc1,1.8
510,CCC(c1nc2ccoc2c(=O)n1Cc1ccccc1)N(CCCN)C(=O)c1ccc(C)cc1,1.37
511,CCC(c1nc2ccsc2c(=O)n1Cc1ccc(C)cc1)N(CCCN)C(=O)c1ccc(C)cc1,1.69
512,CCC(c1nc2ccsc2c(=O)n1Cc1ccc(Cl)cc1)N(CCCN)C(=O)c1ccc(C)cc1,2.32
513,CCC(c1nc2ccsc2c(=O)n1Cc1ccc(OC)cc1)N(CCCN)C(=O)c1ccc(C)cc1,2.15
514,CCC(c1nc2ccsc2c(=O)n1Cc1ccccc1)N(CC1CCNCC1)C(=O)c1ccc(C)cc1,1.33
515,CCC(c1nc2ccsc2c(=O)n1Cc1ccccc1)N(CCCN)C(=O)c1ccc(C(C)C)cc1,2.72
516,CCC(c1nc2ccsc2c(=O)n1Cc1ccccc1)N(CCCN)C(=O)c1ccc(C)cc1,1.81
517,CCC(c1nc2ccsc2c(=O)n1Cc1ccccc1)N(CCCN)C(=O)c1ccc(C)nc1,2.56
518,CCC(c1nc2ccsc2c(=O)n1Cc1ccccc1)N(CCCN)C(=O)c1ccc(OC)cc1,1.39
519,CCC(c1nc2ccsc2c(=O)n1Cc1ccccc1)N(CCCN)C(=O)c1ccccc1,1.38
520,CCC(c1nc2ccsc2c(=O)n1Cc1cccnc1)N(CCCN)C(=O)c1ccc(C)cc1,0.01
521,CCC(c1nc2ccsc2c(=O)n1Cc1cscn1)N(CCCN)C(=O)c1ccc(C)cc1,0.02
522,CCC(c1nc2ncccc2c(=O)n1Cc1ccccc1)N(CCCN)C(=O)c1ccc(C)cc1,-0.04
523,CCC(c1nc2nccnc2c(=O)n1Cc1ccccc1)N(CCCN)C(=O)c1ccc(C)cc1,-0.14
524,CCC(c1nc2sccc2c(=O)n1Cc1ccccc1)N(CCCN)C(=O)c1ccc(C)cc1,2.06
525,CCC(c1nc2snc(C)c2c(=O)n1Cc1ccccc1)N(CCCN)C(=O)c1ccc(C)cc1,1.61
526,CCC1(C)CC(=O)NC1=O,0.23
527,CCC1(c2ccc(N)cc2)CCC(=O)NC1=O,0.6
528,CCC1(c2cccc(O)c2)CCCCN(C)C1,0.8
529,CCC1(c2ccccc2)C(=O)NC(=O)NC1=O,0.05
530,CCC1(c2ccccc2)NC(=O)N(C)C1=O,1.59
531,CCC1=C(C)CN(C(=O)NCCc2ccc(S(=O)(=O)NC(=O)N[C@H]3CC[C@H](C)CC3)cc2)C1=O,1.73
532,CCCC(=O)C1(c2ccccc2)CCN(C(=O)[C@@H](Cc2ccc(OC)cc2)NC(=O)[C@@H](N)Cc2cncn2C)CC1,2.51
533,CCCC(=O)N1CCN(c2nnc(-c3ccccc3)c3ccccc23)CC1,3.2
534,CCCC(=O)NCc1cncc(-c2ccc(F)cc2OC)c1,2.9
535,CCCC(=O)Nc1ccc(Cl)c(-c2nc3ncccc3o2)c1,3.37
536,CCCC(=O)Nc1ccc(OCC(O)CNC(C)C)c(C(C)=O)c1,-0.27
537,CCCC(=O)Nc1ccc2c(c1)C(=O)C(=O)c1ccccc1-2,2.81
538,CCCC(C)(C)C[C@H](c1ccc(C(=O)O)c(Oc2cccc(Cl)c2)c1)N1CCC[C@H](n2cc(C)c(=O)[nH]c2=O)C1,1.99
539,CCCC(C)(COC(N)=O)COC(=O)NC(C)C,2.01
540,CCCC1CCCCC(N)=N1,1.1
541,CCCCC(CC)CNC(=O)c1cc(-n2ncc(=O)[nH]c2=O)ccc1Cl,2.41
542,CCCCC(CC)CNC(=O)c1ccc2c(c1)c(Cc1ccc(C(=O)NS(=O)(=O)c3ccccc3C)cc1OC)cn2C,3.66
543,CCCCC(CC)COC(=O)CC(C(=O)OCC(CC)CCCC)S(=O)(=O)O,2.93
544,CCCCC(NC(=O)CC1CCN(Cc2ccn(-c3ccc(C(F)(F)F)cc3)c2)CC1)c1ccc(=O)[nH]c1,2.89
545,CCCCC(O)c1[nH]c2cc(C)c(C(=O)O)cc2c1CCc1ccccc1,2.59
546,CCCCC(c1ccncc1)n1[nH]c(=O)c2nc3cc(Cl)ccc3c(O)c2c1=O,1.4
547,CCCCC1(CC)C(=O)NC(=O)NC1=O,1.5
548,CCCCC1=NC2(CCCC2)C(=O)N1Cc1ccc(-c2ccccc2-c2nnn[nH]2)cc1,1.29
549,CCCCC1C(=O)N(c2ccccc2)N(c2ccccc2)C1=O,0.45
550,CCCCCC/N=c1\ccn(Cc2ccccc2)c2cc(Cl)ccc12,0.98
551,CCCCCCCCCC(=O)N[C@@H](Cc1c[nH]c2ccccc12)C(=O)N[C@@H](CC(N)=O)C(=O)N[C@@H](CC(=O)O)C(=O)N[C@@H]1C(=O)NCC(=O)N[C@@H](CCCN)C(=O)N[C@@H](CC(=O)O)C(=O)N[C@H](C)C(=O)N[C@@H](CC(=O)O)C(=O)NCC(=O)N[C@H](CO)C(=O)N[C@@H]([C@H](C)CC(=O)O)C(=O)N[C@@H](CC(=O)c2ccccc2N)C(=O)O[C@@H]1C,-0.94
552,CCCCCCCN(CC)CCCC(O)c1ccc(NS(C)(=O)=O)cc1,1.2
553,CCCCCCCN(CCc1ccc(OC(C)(C)C(=O)O)cc1)C(=O)Nc1ccc(F)cc1F,1.93
554,CCCCCCN1CC[C@]2(C)c3cc(O)ccc3CC1[C@@H]2C,2.5
555,CCCCCC[C@H]1OC(=O)CNC(=O)[C@@H]([C@H](C)O)NC(=O)[C@H](CO)NC(=O)[C@H]([C@H](C)CC)NC(=O)[C@H](CC(C)C)N(C)C(=O)[C@@H]1C,3.2
556,CCCCCOC(=O)Nc1nc(=O)n([C@@H]2O[C@H](C)[C@@H](O)[C@H]2O)cc1F,0.67
557,CCCCCSc1nc(O)c2sc(N)nc2n1,2.86
558,CCCCC[C@H](c1ccc(C(=O)O)c(Oc2cccc(Br)c2)c1)N1CCC[C@H](n2cc(C)c(=O)[nH]c2=O)C1,1.69
559,CCCCCc1cc(=O)[nH]c(N)n1,1.62
560,CCCCCc1ccc(-c2nnc(N)s2)cc1,4.13
561,CCCCN(CCCC)CCCOC(=O)c1ccc(N)cc1,1.93
562,CCCCN(CCNCCc1ccc(O)c2[nH]c(=O)sc12)C(=O)CCOCCc1ccccc1,3.0
563,CCCCN(CCNC[C@H](O)c1ccc(O)c2[nH]c(=O)sc12)C(=O)CCOCCc1ccccc1,2.51
564,CCCCN1Cc2c(nc3cc(-c4ccco4)nn3c2O)C1=O,0.8
565,CCCCNC(=O)NS(=O)(=O)c1ccc(C)cc1,0.44
566,CCCCNc1cc(C(=O)O)cc(S(N)(=O)=O)c1Oc1ccccc1,-0.3
567,CCCCNc1ccc(C(=O)OCCN(C)C)cc1,2.11
568,CCCCNc1nc(N)c2[nH]c(=O)n(Cc3ccc(OCCN(C)C)nc3)c2n1,1.9
569,CCCCNc1nc(SCCC)nc2c1nnn2[C@@H]1C[C@H](CO)[C@@H](O)[C@H]1O,3.07
570,CCCCOc1nc(N)c2[nH]c(=O)n(Cc3cccc(CC(=O)O)c3)c2n1,0.14
571,CCCCOc1nc(N)c2[nH]c(=O)n(Cc3cccc(CC(=O)OC)c3)c2n1,3.76
572,CCCCSc1nc(N)c2ncn(Cc3c(F)ccc(C)c3F)c2n1,3.0
573,CCCCSc1nc(N)c2ncn([C@@H]3O[C@H](CO)[C@@H](O)[C@H]3O)c2n1,1.51
574,CCCC[C@@H](C=O)NC(=O)[C@H](CC(C)C)NC(=O)[C@H](CC(C)C)NC(C)=O,2.6
575,CCCCc1nc2c(N)nc3ccccc3c2n1CC(C)(C)O,2.37
576,CCCCc1nc2c(N)nc3ccccc3c2n1CC(C)C,3.82
577,CCCCc1nc2c(N)nc3ccccc3c2n1Cc1ccccc1,4.17
578,CCCCc1ncc(/C=C(\Cc2cccs2)C(=O)O)n1Cc1ccc(C(=O)O)cc1,-0.9
579,CCCCn1c(Cc2cc(OC)c(OC)c(OC)c2)nc2c(N)ncnc21,2.39
580,CCCN(C)c1nc(N2CCC[C@@H](CC(=O)O)C2)ccc1C(=O)NC1CCCCC1,2.28
581,CCCN(CCC)C(=O)c1cccc(C(=O)N[C@@H](Cc2ccccc2)[C@H](O)CNC2Cc3ccccc3C2)c1,3.3
582,CCCN(CCC)C(=O)c1cccc(C(=O)N[C@@H](Cc2ccccc2)[C@H](O)CNCc2cccc(OC)c2)c1,2.7
583,CCCN(CCC)CCc1cccc2c1CC(=O)N2,0.76
584,CCCN(CCC)S(=O)(=O)c1ccc(C(=O)O)cc1,0.03
585,CCCN(CCCOCCOCCc1ccccc1)CCc1ccc(O)c2nc(O)sc12,2.74
586,CCCN(CCNCCc1ccc(O)c2[nH]c(=O)sc12)C(=O)CCOCCc1ccccc1,2.23
587,CCCN(CCO)CCCOc1cc2ncnc(Nc3cc(CC(=O)Nc4cccc(F)c4F)[nH]n3)c2cc1OC,1.28
588,CCCN(CCO)CCCOc1ccc2c(Nc3cc(CC(=O)Nc4cccc(F)c4F)[nH]n3)ncnc2c1,2.19
589,CCCN(c1cccnc1)P(=O)(c1ccccc1)c1ccccc1,2.6
590,CCCN1CCC(Oc2nccc(Nc3cc(NC(=O)c4cccc(N5CCOCC5)c4)ccc3C)n2)CC1,2.6
591,CCCN1CCN(c2ccc(C(=O)NC3(C(=O)NCC#N)CCCCC3)cc2)CC1,1.33
592,CCCNC(=O)CSc1ccc(S(=O)(=O)N2CCCC2)cn1,1.55
593,CCCNC(=O)NS(=O)(=O)c1ccc(Cl)cc1,-0.33
594,CCCNC(=O)c1cc2c(-n3ccc(C(F)(F)F)n3)c(-c3cncc(C(=O)O)c3)cnc2[nH]1,-0.79
595,CCCNC(=O)c1nnc2c(-c3cc(C)ccc3OC)cccc2c1N,3.99
596,CCCNC(=O)c1nnc2c(-c3ccc(OC)cc3OC)c(F)ccc2c1N,3.52
597,CCCNC(=O)c1nnc2c(-c3ccccc3)cccc2c1N,3.8
598,CCCNC(=O)c1nnc2c(-c3cnc(OC)nc3OC)cccc2c1N,3.26
599,CCCNC(=O)c1nnc2c(-c3cncc(C(=O)N4CCC4)c3)cccc2c1N,2.79
600,CCCNC(=O)c1nnc2c(-c3cnccc3OC)cccc2c1N,2.83
601,CCCNC(=O)c1nnc2c(-c3ncccn3)c(F)ccc2c1N,2.07
602,CCCNC(=O)c1nnc2c(-c3ncccn3)cccc2c1N,1.86
603,CCCNCC(O)COc1ccccc1C(=O)CCc1ccccc1,1.72
604,CCCNC[C@@H](O)COc1ccccc1C(=O)CCc1ccccc1,1.56
605,CCCNC[C@H](O)COc1ccccc1C(=O)CCc1ccccc1,1.69
606,CCCNCc1cnc(-c2ccc(C(=O)Nc3ccccc3N)cc2)s1,1.75
607,CCCN[C@H]1CCc2nc(N)sc2C1,3.15
608,CCCNc1nc(N2CCC[C@@H](CC(=O)O)C2)ccc1C(=O)NC1CCCCC1,2.33
609,CCCOc1cc(OCCCN2CCCC2)ccc1C(=O)Nc1cccc(O)c1,2.46
610,CCCOc1nc(N2CCC[C@@H](CC(=O)O)C2)ccc1C(=O)NC1CCCCC1,2.81
611,CCCS(=O)(=O)N1CCCC(C(=O)N2CCC(Cc3ccccc3)CC2)C1,3.44
612,CCCS(=O)(=O)N1N=Cc2cc(Cl)ccc2B1O,-0.4
613,CCCS(=O)(=O)c1ccc(C(CNS(=O)(=O)c2ccc(C(F)(F)F)cc2)N2CCCCCC2)cc1,3.32
614,CCCS(=O)(=O)c1ccc(Nc2nccc(-c3cnc(C)n3C(C)C)n2)cc1,3.37
615,CCCSc1c(C(=O)N(C)C2CCCCC2)cnn1-c1ccc(C(=O)O)cc1,0.59
616,CCCSc1c(C(=O)NC2CCCCC2)cnn1-c1ccc(C(=O)O)cc1,0.64
617,CCCSc1c(C(=O)NC2CCCCC2)cnn1-c1cccc(C(=O)O)c1,0.7
618,CCCSc1c(C(=O)NC2CCCCC2)cnn1C,2.99
619,CCCSc1c(C(=O)NC2CCCCC2)cnn1[C@H]1CC[C@@H](C(=O)O)CC1,1.39
620,CCCSc1c(C(=O)NC2CCCCC2)cnn1[C@H]1CC[C@H](C(=O)O)CC1,1.03
621,CCCSc1ccc2[nH]c(NC(=O)OC)nc2c1,3.24
622,CCCSc1nc(N2CCC(C(=O)O)CC2)ccc1C(=O)NC1CCCCC1,1.6
623,CCCSc1nc(N2CCCC(C(=O)O)C2)ccc1C(=O)NC1CCCCC1,1.72
624,CCCSc1nc(N2CCCCC2C(=O)O)ccc1C(=O)NC1CCCCC1,1.36
625,CCCSc1nc(N2CCC[C@H](CC(=O)O)C2)ccc1C(=O)NC1CCCCC1,2.18
626,CCCSc1nc(N2CCOCC2)ccc1C(=O)N[C@H]1C2CC3CC1C[C@](O)(C3)C2,3.2
627,CCCSc1nc(NC)ccc1C(=O)N[C@H]1C2CC3CC1C[C@](O)(C3)C2,3.27
628,CCCSc1nc(NC[C@H]2CC[C@H](C(=O)O)CC2)ccc1C(=O)NC1CCCCC1,2.61
629,CCCSc1nc(N[C@@H]2C[C@H]2c2ccccc2)c2nnn([C@@H]3C[C@H](C(N)=O)[C@@H](O)[C@H]3O)c2n1,2.05
630,CCCSc1nc(N[C@@H]2C[C@H]2c2ccccc2)c2nnn([C@@H]3C[C@H](CO)[C@@H](O)[C@H]3O)c2n1,3.99
631,CCCSc1nc(N[C@@H]2C[C@H]2c2ccccc2)c2nnn([C@@H]3C[C@H](O)[C@@H](O)[C@H]3O)c2n1,3.97
632,CCCSc1nc(N[C@@H]2C[C@H]2c2ccccc2)c2nnn([C@@H]3C[C@H](OCCO)[C@@H](O)[C@H]3O)c2n1,3.87
633,CCCSc1nc(N[C@H]2CC[C@H](C(=O)O)CC2)ccc1C(=O)NC1CCCCC1,2.02
634,CCCSc1nc(Oc2ccc(CC(=O)O)cc2)ccc1C(=O)NC1CCCCC1,1.79
635,CCCSc1nc2ccc(NC(=O)CCC(=O)O)cc2s1,0.5
636,CCCSc1nc2ccc(NC(=O)CCNC(N)=O)cc2s1,2.9
637,CCCSc1ncccc1C(=O)N(C)C1CCCCC1,3.36
638,CCCSc1ncccc1C(=O)N(C)C1CCOCC1,1.63
639,CCCSc1ncccc1C(=O)N(C)[C@@H]1[C@@H]2CC3C[C@H]1C[C@@](O)(C3)C2,2.49
640,CCCSc1ncccc1C(=O)N(C)[C@H]1[C@@H]2CC3C[C@H]1C[C@@](O)(C3)C2,2.48
641,CCCSc1ncccc1C(=O)N1CCCC1c1ccncc1,1.95
642,CCCSc1ncccc1C(=O)NC1CCC(F)(F)CC1,2.85
643,CCCSc1ncccc1C(=O)NC1CCCCC1,3.24
644,CCCSc1ncccc1C(=O)N[C@@H]1[C@@H]2CC3C[C@H]1C[C@@](O)(C3)C2,2.27
645,CCC[C@@H](CN1CCCC1)N(C)C(=O)Cc1ccc(Cl)c(Cl)c1,2.27
646,CCC[C@@H](CNC(=O)c1nc(Cl)c(N)nc1N)[N+](C)(C)CCCc1ccc(OC)cc1,0.4
647,CCC[C@@H](c1ccc(C(=O)O)c(Oc2cccc(Cl)c2)c1)N1CCC[C@H](n2cc(C)c(=O)[nH]c2=O)C1,0.5
648,CCC[C@H](CO)Nc1nc(SCc2ccccc2)nc2nc(N)sc12,3.8
649,CCC[C@H](CO)Nc1nc(S[C@@H](C)c2cccc(C#N)c2)nc2[nH]c(=O)sc12,3.7
650,CCC[C@H](c1ccc(C(=O)O)c(Oc2cccc(Cl)c2)c1)N1CCC[C@H](n2cc(C)c(=O)[nH]c2=O)C1,0.6
651,CCC[C@H]1CN(Cc2cc(Cl)ccc2OCC(=O)O)CCN1S(=O)(=O)c1ccccc1,1.02
652,CCCc1c(C(=O)Nc2cc(C)on2)cnn1-c1ccccc1,3.7
653,CCCc1c(C(=O)Nc2ccc(F)cc2C)cnn1-c1ccccc1,3.89
654,CCCc1c(O)c(O)c(C(=O)O)c2cc(Cc3ccccc3)c(C)cc12,2.6
655,CCCc1c(OCCCCSCC(=O)O)ccc(C(C)=O)c1O,1.3
656,CCCc1c(OCCCOc2ccc3c(=O)cc(C(=O)O)oc3c2CCC)ccc(C(C)=O)c1O,3.0
657,CCCc1c(OCCCSc2ccc(CC(=O)O)cc2Cl)ccc(C(=O)CC)c1O,3.57
658,CCCc1c(OCCCSc2ccc(CC(=O)O)cc2Cl)ccc2c(CC)noc12,3.92
659,CCCc1c(OCc2ccc(-c3nn[nH]n3)cc2)ccc(C(C)=O)c1O,3.1
660,CCCc1c(OCc2ccc(-c3nn[nH]n3)cc2OC)ccc(C(C)=O)c1O,2.8
661,CCCc1c(OCc2ccc(/C=C/c3nn[nH]n3)cc2)ccc(C(C)=O)c1O,3.3
662,CCCc1c(OCc2ccc(C(=O)O)c(Br)c2)ccc(C(C)=O)c1O,2.3
663,CCCc1c(OCc2ccc(C(=O)O)cc2)ccc(C(C)=O)c1O,2.1
664,CCCc1c(OCc2cccc(NC(=O)Cc3ccccc3C(=O)O)c2)ccc(C(C)=O)c1O,2.95
665,CCCc1c(OCc2cccc(NC(=O)c3ccccc3C(=O)O)c2)ccc(C(C)=O)c1O,1.9
666,CCCc1cc(=O)[nH]c(=S)[nH]1,0.7
667,CCCc1cc(C2=N[C@@H](C(=O)NO)CO2)cc(OC)c1OC,1.69
668,CCCc1cc(Nc2nc(NCc3cc(C)no3)ncc2Br)n[nH]1,3.63
669,CCCc1cc(OCc2ccccc2)cc(=O)n1Cc1ccc(-c2ccccc2-c2nn[nH]n2)cc1,2.4
670,CCCc1nc2c(C)cc(-c3nc4ccccc4n3C)cc2n1Cc1ccc(-c2ccccc2C(=O)O)cc1,2.21
671,CCCc1nc2c(N)nc3ccccc3c2s1,4.09
672,CCCc1nn(C)c2c(=O)[nH]c(-c3cc(S(=O)(=O)N4CCN(C)CC4)ccc3OCC)nc12,2.8
673,CCN(C(=O)Cc1ccc(C#N)cc1)C1CCN(CCC(c2ccccc2)c2ccccc2)CC1,3.9
674,CCN(C(=O)Cc1ccc(S(=O)(=O)N(C)C)cc1)C1CCN(CCC(c2ccccc2)c2ccccc2)CC1,3.7
675,CCN(C(=O)Cc1ccc(S(C)(=O)=O)cc1)C1CCN(CCC(c2ccc(F)cc2)c2ccc(F)cc2)CC1,3.21
676,CCN(C(=O)Cc1ccc(S(C)(=O)=O)cc1)C1CCN(CCC(c2ccc(NC(C)=O)cc2)c2cccc(F)c2)CC1,2.41
677,CCN(C(=O)Cc1ccc(S(C)(=O)=O)cc1)C1CCN(CCC(c2ccccc2)C2CCN(Cc3ccccc3)CC2)CC1,2.41
678,CCN(C(=O)Cc1ccc(S(C)(=O)=O)cc1)C1CCN(CCC(c2ccccc2)C2CCN(S(=O)(=O)CC)CC2)CC1,1.63
679,CCN(C(=O)Cc1ccc(S(C)(=O)=O)cc1)C1CCN(CCC(c2ccccc2)N2CCC(C(C)=O)CC2)CC1,0.9
680,CCN(C(=O)Cc1ccc(S(C)(=O)=O)cc1)C1CCN(CCC(c2ccccc2)N2CCN(c3cccc(F)c3)CC2)CC1,3.21
681,CCN(C(=O)Cc1ccc(S(C)(=O)=O)cc1)C1CCN(CCC(c2ccccc2)N2CCN(c3ccccc3)CC2)CC1,2.67
682,CCN(C(=O)Cc1ccc(S(C)(=O)=O)cc1)C1CCN(CCC(c2ccccc2)c2ccc(C#N)cc2)CC1,2.76
683,CCN(C(=O)Cc1ccc(S(C)(=O)=O)cc1)C1CCN(CCC(c2ccccc2)c2ccc(NC(=O)C(C)(C)C)cc2)CC1,2.98
684,CCN(C(=O)Cc1ccc(S(C)(=O)=O)cc1)C1CCN(CCC(c2ccccc2)c2ccc(NC(=O)Cc3ccccc3)cc2)CC1,3.61
685,CCN(C(=O)Cc1ccc(S(C)(=O)=O)cc1)C1CCN(CCC(c2ccccc2)c2ccc(NC(C)=O)cc2)CC1,2.09
686,CCN(C(=O)Cc1ccc(S(C)(=O)=O)cc1)C1CCN(CCC(c2ccccc2)c2ccc(NS(C)(=O)=O)cc2)CC1,1.84
687,CCN(C(=O)Cc1ccc(S(C)(=O)=O)cc1)C1CCN(CCC(c2ccccc2)c2ccc(S(C)(=O)=O)cc2)CC1,1.73
688,CCN(C(=O)Cc1ccc(S(C)(=O)=O)cc1)C1CCN(CCC(c2ccccc2)c2ccccc2)CC1,3.0
689,CCN(C(=O)Cc1ccc(S(C)(=O)=O)cc1)C1CCN(CC[C@@H](c2cc(C)cc(C)c2)C2CCN(S(C)(=O)=O)CC2)CC1,1.93
690,CCN(C(=O)Cc1ccc(S(C)(=O)=O)cc1)C1CCN(CC[C@@H](c2cc(Cl)cc(Cl)c2)C2CCN(S(C)(=O)=O)CC2)CC1,2.6
691,CCN(C(=O)Cc1ccc(S(C)(=O)=O)cc1)C1CCN(CC[C@@H](c2cc(F)cc(F)c2)N2CCN(S(C)(=O)=O)CC2)CC1,1.25
692,CCN(C(=O)Cc1ccc(S(C)(=O)=O)cc1)C1CCN(CC[C@@H](c2ccc(F)cc2)c2ccc(S(C)(=O)=O)cc2)CC1,1.88
693,CCN(C(=O)Cc1ccc(S(C)(=O)=O)cc1)C1CCN(CC[C@@H](c2cccc(C(F)(F)F)c2)C2CCN(S(C)(=O)=O)CC2)CC1,1.9
694,CCN(C(=O)Cc1ccc(S(C)(=O)=O)cc1)C1CCN(CC[C@@H](c2cccc(F)c2)C2CCN(S(C)(=O)=O)CC2)CC1,1.44
695,CCN(C(=O)Cc1ccc(S(C)(=O)=O)cc1)C1CCN(CC[C@@H](c2ccccc2)C2CCN(S(=O)(=O)C(F)(F)F)CC2)CC1,3.39
696,CCN(C(=O)Cc1ccc(S(C)(=O)=O)cc1)C1CCN(CC[C@@H](c2ccccc2)C2CCN(S(C)(=O)=O)CC2)CC1,1.05
697,CCN(C(=O)Cc1ccc(S(C)(=O)=O)cc1)C1CCN(CC[C@@H](c2ccccc2)N2CCN(S(=O)(=O)C(F)(F)F)CC2)CC1,2.86
698,CCN(C(=O)Cc1ccc(S(C)(=O)=O)cc1)C1CCN(CC[C@@H](c2ccccc2)N2CCN(S(=O)(=O)CC(F)(F)F)CC2)CC1,1.8
699,CCN(C(=O)Cc1ccc(S(C)(=O)=O)cc1)C1CCN(CC[C@@H](c2ccccc2)c2ccc(S(C)(=O)=O)cc2)CC1,1.38
700,CCN(C(=O)Cc1ccc(S(C)(=O)=O)cc1)C1CCN(CC[C@H](c2ccc(S(C)(=O)=O)cc2)c2cc(F)c(F)c(F)c2)CC1,2.55
701,CCN(C(=O)Cc1ccc(S(C)(=O)=O)cc1)C1CCN(CC[C@H](c2ccc(S(C)(=O)=O)cc2)c2cc(F)cc(Cl)c2)CC1,2.71
702,CCN(C(=O)Cc1ccc(S(C)(=O)=O)cc1)C1CCN(CC[C@H](c2ccc(S(C)(=O)=O)cc2)c2cc(F)cc(F)c2)CC1,2.2
703,CCN(C(=O)Cc1ccc(S(C)(=O)=O)cc1)C1CCN(CC[C@H](c2ccc(S(C)(=O)=O)cc2)c2cccc(Cl)c2)CC1,2.37
704,CCN(C(=O)Cc1ccc(S(C)(=O)=O)cc1)C1CCN(CC[C@H](c2ccc(S(C)(=O)=O)cc2)c2cccc(F)c2)CC1,2.9
705,CCN(C(=O)Cc1ccc(S(C)(=O)=O)cc1)C1CCN(Cc2ccc(C(F)(F)F)cc2)CC1,2.9
706,CCN(C(=O)Cc1ccc(S(N)(=O)=O)cc1)C1CCN(CCC(c2ccccc2)c2ccccc2)CC1,2.4
707,CCN(C(=O)Cc1ccc([N+](=O)[O-])cc1)C1CCN(CCC(c2ccccc2)c2ccccc2)CC1,4.1
708,CCN(C(=O)NCc1c(F)cccc1F)C1CCN(CCC(c2ccccc2)c2ccccc2)CC1,4.3
709,CCN(C(=O)NCc1ccc(F)cc1)C1CCN(CCC(c2ccccc2)c2ccccc2)CC1,3.9
710,CCN(C(=O)NCc1ccc(S(C)(=O)=O)cc1)C1CCN(CCC(c2ccccc2)c2ccccc2)CC1,2.86
711,CCN(C(=O)NCc1ccccc1)C1CCN(CCC(c2ccccc2)c2ccccc2)CC1,4.0
712,CCN(C(=O)Nc1ccccc1)c1ccccc1,3.1
713,CCN(C(=O)c1ccc(-c2ccc(Cl)cc2)o1)c1ccc(N2CCNCC2)cc1,3.3
714,CCN(C(=O)c1cnn(-c2ccccc2)c1NS(=O)(=O)c1ccc(-c2cnco2)cc1)C1CCCCC1,1.46
715,CCN(C(C)=O)c1cccc2c1c(Sc1ccc(Cl)cc1)c(C)n2CC(=O)O,1.61
716,CCN(C)C(=O)c1ccc(C(=C2CCN(Cc3ccc(F)cc3)CC2)c2ccccc2NC(C)=O)cc1,2.79
717,CCN(C)C(=O)c1ccc(C(=C2CCN(Cc3cscn3)CC2)c2cccc3cccnc23)cc1,2.65
718,CCN(C)C(=O)c1ccc([C@H](c2cccc(NC(=O)C3CCC3)c2)N2CCN(Cc3cccnc3)CC2)cc1,3.27
719,CCN(CC)C(=O)Cc1csc(NS(=O)(=O)c2cccc(Cl)c2C)n1,1.67
720,CCN(CC)C(=O)N[C@H]1C[C@@H]2c3cccc4[nH]cc(c34)C[C@H]2N(C)C1,2.73
721,CCN(CC)C(=O)c1ccc(C(=C2CCN(Cc3ccc(F)cc3)CC2)c2ccc(NC(=O)OC)cc2)cc1,4.01
722,CCN(CC)C(=O)c1ccc(C(=C2CCN(Cc3ccc(F)cc3)CC2)c2cccc3cccnc23)cc1,3.86
723,CCN(CC)C(=O)c1ccc(C(=C2CCN(Cc3ccc(F)cc3)CC2)c2ccccn2)cc1,3.28
724,CCN(CC)C(=O)c1ccc(C(=C2CCN(Cc3ccc(F)cc3)CC2)c2cccnc2)cc1,3.65
725,CCN(CC)C(=O)c1ccc(C(=C2CCNCC2)c2ccc(Cl)c(Cl)c2)cc1,2.4
726,CCN(CC)C(=O)c1ccc(C(=C2CCNCC2)c2cccc(C(F)(F)F)c2)cc1,1.9
727,CCN(CC)C(=O)c1ccc(C(=C2CCNCC2)c2ccccc2)cc1,1.2
728,CCN(CC)C(=O)c1ccc(C(=C2CCNCC2)c2ccccc2OC)cc1,1.0
729,CCN(CC)C(=O)c1ccc(C(c2cccc3cccnc23)N2CCNCC2)cc1,0.7
730,CCN(CC)C(=O)c1ccc(C2=CC3(CCNCC3)Oc3cccc(O)c32)cc1,0.54
731,CCN(CC)C(=O)c1ccc(C2=CC3(CCNCC3)Oc3ccccc32)c(O)c1,0.77
732,CCN(CC)C(=O)c1ccc([C@H](c2cccc(NC(=O)C3CC3)c2)N2CCN(CCOC)CC2)cc1,2.35
733,CCN(CC)C(=O)c1ccc([C@H](c2cccc(NC(=O)C3CC3)c2)N2CCN(Cc3ccc(F)cc3)CC2)cc1,3.99
734,CCN(CC)C(=O)c1ccc2[nH]c(-c3cc(C)cc(C)c3)c(CCNCCCCc3ccncc3)c2c1,3.3
735,CCN(CC)C(C)C(=O)c1ccccc1,1.18
736,CCN(CC)CC#CCOC(=O)C(O)(c1ccccc1)C1CCCCC1,3.65
737,CCN(CC)CC(=O)Nc1c(C#N)cnn1-c1ccccc1,0.4
738,CCN(CC)CCCC(C)Nc1c2ccc(Cl)cc2nc2ccc(OC)cc12,2.17
739,CCN(CC)CCCNCc1cc(Cl)c2cccnc2c1O,0.72
740,CCN(CC)CCN1C(=O)CN=C(c2ccccc2F)c2cc(Cl)ccc21,2.38
741,CCN(CC)CCN1C(=O)[C@@](O)(c2ccccc2Cl)c2c1cc(C(N)=O)cc2C(F)(F)F,2.4
742,CCN(CC)CCNC(=O)c1c(C)[nH]c(/C=C2\C(=O)Nc3ccc(Cl)cc32)c1C,2.75
743,CCN(CC)CCNC(=O)c1c(C)[nH]c(/C=C2\C(=O)Nc3ccc(F)cc32)c1C,2.26
744,CCN(CC)CCNC(=O)c1cc(Br)c(N)cc1OC,0.54
745,CCN(CC)CCNC(=O)c1cc(Cl)c(N)cc1OC,0.34
746,CCN(CC)CCNC(=O)c1cc(S(C)(=O)=O)ccc1OC,-0.9
747,CCN(CC)CCNC(=O)c1ccc(N)cc1,-0.92
748,CCN(CC)CCNc1ncnc2c1sc1nc(N3CCOCC3)c3c(c12)CCCC3,3.3
749,CCN(CC)CCOC(=O)C1(C2CCCCC2)CCCCC1,3.72
750,CCN(CC)CCOC(=O)C1(c2ccccc2)CCCC1,2.3
751,CCN(CC)CCOC(=O)c1ccc(N)cc1,0.0
752,CCN(CC)CCOCCOC(=O)C1(c2ccccc2)CCCC1,1.33
753,CCN(CC)CCOc1ccc(/C(=C(/Cl)c2ccccc2)c2ccccc2)cc1,4.09
754,CCN(CC)CCOc1ccc(C(O)(Cc2ccc(Cl)cc2)c2ccc(C)cc2)cc1,3.98
755,CCN(CC)CCOc1ccc(N(C)C(=O)c2ccc(-c3ccc(C(F)(F)F)cc3)cc2)cc1OC,3.13
756,CCN(CC)CCn1c2ccccc2c2cnc(N)c(C#N)c21,2.7
757,CCN(CC)Cc1cc(Nc2ccnc3cc(Cl)ccc23)ccc1O,2.9
758,CCN(CC)S(=O)(=O)c1ccc(-c2cc(C(F)(F)F)ccc2OCC(=O)O)cc1,0.67
759,CCN(CC)S(=O)(=O)c1ccc(-c2nnc(SCC(=O)N3CCc4ccccc43)o2)cc1,3.9
760,CCN(CC)S(=O)(=O)c1ccc(NC(=O)C(C)(O)C(F)(F)F)cc1,2.63
761,CCN(CC)S(=O)(=O)c1ccc(NC(=O)[C@@](C)(O)C(F)(F)F)c(Cl)c1,3.66
762,CCN(CC)c1ccc(-c2nn3c(-c4[nH]nc5c4CCC5)nnc3s2)cc1,3.37
763,CCN(CC)c1ccc2cc(C(=O)O)c(=O)oc2c1,-0.2
764,CCN(CC)c1ccc2cc(C(C)=O)c(=O)oc2c1,2.0
765,CCN(CC)c1ncnc2c1ncn2Cc1c(Cl)cccc1Cl,1.25
766,CCN(CCCOCCOCCc1ccccc1)CCc1ccc(O)c2nc(O)sc12,2.45
767,CCN(CCN(C)C)S(=O)(=O)c1ccc(-c2cnc(N)c(C(=O)Nc3cccnc3)n2)cc1,2.0
768,CCN(CCNCCc1ccc(O)c2[nH]c(=O)sc12)C(=O)CCOCCc1ccccc1,1.92
769,CCN(CCO)CCCC(C)Nc1ccnc2cc(Cl)ccc12,0.77
770,CCN(CCO)CCCOc1cc2ncnc(Nc3cc(CC(=O)Nc4cccc(F)c4)[nH]n3)c2cc1OC,2.12
771,CCN(CCO)CCCOc1cc2ncnc(Nc3cc(CC(=O)Nc4cccc(F)c4F)[nH]n3)c2cc1OC,1.94
772,CCN(c1ccccc1)c1cc(NC)[n+](C)c(C)n1,-0.91
773,CCN(c1ccnc(Nc2cc(N3CCOCC3)cc(N3CCOCC3)c2)n1)c1cc(CO)ccc1C,3.8
774,CCN1C(=O)N(C)c2cnc(Nc3ccc(C(=O)NC4CCN(C)CC4)cc3OC)nc2N1C1CCCC1,2.75
775,CCN1C(=O)NC(c2ccccc2)C1=O,1.0
776,CCN1CCCC1CNC(=O)c1cc(S(N)(=O)=O)ccc1OC,-1.2
777,CCN1CCC[C@@H](C(=O)N2CCN(C(=O)Nc3ccc(Cl)c(Cl)c3)CC2)C1,1.6
778,CCN1CCC[C@@H](CN2CCN(C(=O)Nc3ccc(Cl)c(Cl)c3)CC2)C1,1.94
779,CCN1CCC[C@H](CN2CCN(C(=O)Nc3ccc(Cl)c(Cl)c3)CC2)C1,1.86
780,CCN1CCC[C@H]1CNC(=O)c1c(O)c(Cl)cc(Cl)c1OC,1.09
781,CCN1CCC[C@H]1CNC(=O)c1c(OC)ccc(Br)c1OC,0.05
782,CCN1CCC[C@H]1CNC(=O)c1cc(Br)cc(OC)c1OC,1.2
783,CCN1CCC[C@H]1CNC(=O)c1cc(S(N)(=O)=O)ccc1OC,-0.84
784,CCN1CCN(C(=O)c2cc3cc(Cl)ccc3[nH]2)CC1,3.14
785,CCN1CCN(C(=O)c2cc3cc(F)ccc3[nH]2)CC1,2.28
786,CCN1CCN(C(=O)c2cc3ccccc3[nH]2)CC1,1.95
787,CCN1CCN(CC(=O)Nc2ccc(-c3cccc4c(=O)cc(N5CCOCC5)[nH]c34)c3sc4ccccc4c23)CC1,2.6
788,CCN1CCN(CC(=O)Nc2ccc(-c3cccc4c(=O)cc(N5CCOCC5)oc34)c3sc4ccccc4c23)CC1,3.05
789,CCN1CCN(Cc2ccc(-c3cc4c(N[C@H](C)c5ccccc5)ncnc4[nH]3)cc2)CC1,3.97
790,CCN1CCN(Cc2cnc(-c3ccc(C(=O)Nc4ccccc4N)cc3)c(C#N)c2)CC1,1.14
791,CCN1CCN(Cc2cnc(-c3ccc(C(=O)Nc4ccccc4N)cc3)c(C)c2)CC1,1.2
792,CCN1CCN(Cc2cnc(-c3ccc(C(=O)Nc4ccccc4N)cc3)c(Cl)c2)CC1,1.81
793,CCN1CCN(c2ccc(Nc3cc(N(C)C(=O)Nc4c(Cl)c(OC)cc(OC)c4Cl)ncn3)cc2)CC1,3.7
794,CCN1CCOC(C(=O)N2CCN(C(=O)Nc3ccc(Cl)c(Cl)c3)CC2)C1,2.1
795,CCN1CCO[C@@H](CN2CCN(C(=O)Nc3ccc(Cl)c(Cl)c3)CC2)C1,2.68
796,CCN1CCOc2cc(COc3ccccc3)cnc21,3.7
797,CCNC(=O)C[C@@H]1N=C(c2ccc(Cl)cc2)c2cc(OC)ccc2-n2c(C)nnc21,2.46
798,CCNC(=O)C[C@H]1N=C(c2ccc(Cl)cc2)c2cc(OC)ccc2-n2c(C)nnc21,2.42
799,CCNC(=O)Nc1nc2cc(-c3cccnc3)ccc2[nH]1,2.34
800,CCNC(=O)OC[C@@H](C)N(c1cc(Cl)ccc1CO)S(=O)(=O)c1ccc(Cl)cc1,3.4
801,CCNC(=O)c1cc2c(-n3ccc(C(F)(F)F)n3)c(-c3cc(-c4n[nH]c(=O)o4)cnc3OC)cnc2[nH]1,2.91
802,CCNC(=O)c1cc2c(-n3ccc(C(F)(F)F)n3)c(-c3cnc(OC)c(-c4n[nH]c(=O)o4)c3)cnc2[nH]1,2.32
803,CCNC(=O)c1cc2c(-n3ccc(C(F)(F)F)n3)c(-c3cncc(-c4n[nH]c(=O)o4)c3)cnc2[nH]1,1.65
804,CCNC(=O)c1cc2c(-n3ccc(C(F)(F)F)n3)c(-c3cncc(C#N)c3)cnc2[nH]1,2.62
805,CCNC(=O)c1cc2c(-n3ccc(C(F)(F)F)n3)c(-c3cncc(C(=O)NC)c3)cnc2[nH]1,2.21
806,CCNC(=O)c1cc2c(-n3ccc(C(F)(F)F)n3)c(-c3cncc(C(=O)O)c3)cnc2[nH]1,-0.99
807,CCNC(=O)c1cc2c(-n3ccc(C(F)(F)F)n3)c(-c3cncc(C(N)=O)c3)cnc2[nH]1,1.81
808,CCNC(=O)c1cc2c(-n3nc(C(F)(F)F)cc3C)c(-c3cncc(C(=O)O)c3)cnc2[nH]1,-0.88
809,CCNC(=O)c1ccc(C)c(-n2cnc3ccc(N4CCN(C)CC4)cc3c2=O)c1,1.47
810,CCNC(=O)c1ccc(CN2CCC(c3ccc(C(=O)Nc4ccccc4N)cc3)CC2)cc1,2.24
811,CCNC1=Nc2ccccc2C(c2ccccc2)=NC1c1cccs1,3.98
812,CCNCc1cnc(-c2ccc(C(=O)Nc3ccccc3N)cc2)s1,0.95
813,CCNCc1cncc(-c2ccc(F)cc2OC)n1,1.18
814,CCN[C@H]1C[C@H](C)S(=O)(=O)c2sc(S(N)(=O)=O)cc21,0.27
815,CCNc1ccc(-c2ccccc2)n(CC(=O)NC(C(=O)C(F)(F)F)C(C)C)c1=O,2.37
816,CCNc1nc(C#N)nc(Nc2ccccc2)n1,3.11
817,CCNc1nc(N)c(C(=O)c2ccc(Cl)s2)s1,3.63
818,CCO/N=C(\c1ccc(Br)cc1)C1CCN(C2(C)CCN(C(=O)c3c(C)cc[n+]([O-])c3C)CC2)CC1,2.14
819,CCO/N=C(\c1ccc(Br)cc1)C1CCN(C2(C)CCN(C(=O)c3c(Cl)cncc3Cl)CC2)CC1,4.0
820,CCOC(=O)/C=C/[C@H](C[C@@H]1CCNC1=O)NC(=O)[C@@H](CC(=O)[C@@H](NC(=O)c1cc(C)on1)C(C)C)Cc1ccc(F)cc1,2.8
821,CCOC(=O)C(CCc1ccccc1)NC1CCc2ccccc2N(CC(=O)O)C1=O,-0.2
822,CCOC(=O)C1(c2cccc(O)c2)CCCN(CC2CC2)C1,1.89
823,CCOC(=O)C1(c2ccccc2)CCN(C)CC1,1.4
824,CCOC(=O)C1=C(C)NC(C)=C(C(C)=O)[C@H]1c1cccc2c(=O)cc(C)oc12,2.63
825,CCOC(=O)CN(c1ccccc1C)S(=O)(=O)c1ccc(Cl)cc1,4.03
826,CCOC(=O)Cc1csc(NS(=O)(=O)c2ccc(Cl)cc2)n1,1.32
827,CCOC(=O)N1CCN(C(=O)[C@H](Cc2cccc(C(=N)N)c2)NS(=O)(=O)c2c(C(C)C)cc(C(C)C)cc2C(C)C)CC1,1.67
828,CCOC(=O)Nc1ccc(NCc2ccc(F)cc2)nc1N,2.22
829,CCOC(=O)Nc1ccc2c(c1)N(C(=O)CCN1CCOCC1)c1ccccc1S2,3.1
830,CCOC(=O)Nc1cccc([C@@H](c2ccc(C(=O)N(C)CC)cc2)N2CCN(Cc3c[nH]c(C)n3)CC2)c1,2.11
831,CCOC(=O)Nc1cccc([C@@H](c2ccc(C(=O)N(C)CC)cc2)N2CCN(Cc3nc[nH]c3C)CC2)c1,2.32
832,CCOC(=O)Nc1cccc([C@@H](c2ccc(C(=O)N3CCC3)cc2)N2CCN(Cc3cccnc3)CC2)c1,3.02
833,CCOC(=O)[C@H](CCc1ccccc1)N[C@@H](C)C(=O)N1[C@H](C(=O)O)C[C@@H]2CCC[C@@H]21,-0.41
834,CCOC(=O)[C@H](Cc1ccc(O)cc1)NC(=O)c1cccc2ccccc12,3.12
835,CCOC(=O)[C@H](Cc1ccc([N+](=O)[O-])cc1)NC(=O)c1ccccc1,2.79
836,CCOC(=O)c1c(-c2ccccc2)nc2cc(C)ccn12,3.8
837,CCOC(=O)c1c(C)n(Cc2ccco2)c2ccc(O)cc12,3.5
838,CCOC(=O)c1cc(O)c(-c2ccccc2)nn1,0.69
839,CCOC(=O)c1cc2ccc(O)cc2oc1=O,1.2
840,CCOC(=O)c1ccc(CCN2CCN(c3ccc(C)nn3)CC2)cc1,2.58
841,CCOC(=O)c1ccc(COC2CN(c3ccc(C)nn3)C2)cc1,2.5
842,CCOC(=O)c1ccc(COCC2CCN(c3ccc(C)nn3)CC2)cc1,2.68
843,CCOC(=O)c1ccc(N)cc1,1.83
844,CCOC(=O)c1ccc(OC(=O)CCCCCNC(=N)N)cc1,2.41
845,CCOC(=O)c1ccc(OCC2CCN(c3ccc(C)nn3)C2)cc1,3.44
846,CCOC(=O)c1ccc(OCC2CN(c3ccc(C)nn3)C2)cc1,3.1
847,CCOC(=O)c1ccc(OCCC2(C#N)CCN(c3ccc(C)nn3)CC2)cc1,3.54
848,CCOC(=O)c1ccc(OCCC2CCN(c3ccc(C)nn3)CC2)cc1,4.42
849,CCOC(=O)c1ccc(OCCC2CCN(c3ccc(C)nn3)CC2)cn1,2.63
850,CCOC(=O)c1ccc(OCCC2CCN(c3ccc(C)nn3)CC2)nc1,3.76
851,CCOC(=O)c1ccc(OCCC2CN(c3ccc(C)nn3)C2)cc1,3.22
852,CCOC(=O)c1ccc(OCCC2CN(c3ccc(C)nn3)CCO2)cc1,2.7
853,CCOC(=O)c1ccccc1-c1csc(NS(=O)(=O)c2ccc(Cl)cc2)n1,2.43
854,CCOC(=O)c1cnc2c(N)cccc2c1O,0.9
855,CCOC(=O)c1coc2ccccc2c1=O,1.81
856,CCOC(=O)c1ncn2c1CN(C)C(=O)c1cc(F)ccc1-2,1.1
857,CCOCc1nc2c(N)nc3ccccc3c2n1CC(C)(C)O,1.69
858,CCO[C@@H]1OC(=O)C[C@@H]1NC(=O)[C@@H]1CCCN2C(=O)CC[C@H](NC(=O)c3nccc4ccccc34)C(=O)N12,1.16
859,CCOc1cc(-c2cccc3c(=O)cc(N4CCOCC4)oc23)ccc1NC(=O)CN1CCOCC1,2.8
860,CCOc1cc(CC(=O)N[C@@H](CC(C)C)c2ccccc2N2CCCCC2)ccc1C(=O)O,2.31
861,CCOc1cc(Nc2nc3c(cc2F)ncn3[C@@H](CO)c2ccc(F)cn2)n[nH]1,2.55
862,CCOc1cc2ncc(C(N)=O)c(Nc3ccc(F)cc3F)c2cc1N1CCC(O)CC1,2.74
863,CCOc1cc2nccc(Oc3cnc(CC(=O)Nc4n[nH]c(CC)c4C)c(OC)c3)c2cc1OC,3.29
864,CCOc1cc2nnc(C(N)=O)c(Nc3cc(C)ccc3F)c2cc1N1CCN(C)CC1,3.02
865,CCOc1cc2nnc(C(N)=O)c(Nc3ccc(F)cc3F)c2cc1N1CCN(C)CC1,2.63
866,CCOc1cc2nnc(C(N)=O)c(Nc3cccc(Cl)c3F)c2cc1N1CCN(C)CC1,1.99
867,CCOc1ccc(-c2cnc3n2CCC3)cc1,2.65
868,CCOc1ccc(-c2cnc3n2CCCCC3)cc1,3.01
869,CCOc1ccc(-n2c(CC)nc3ccccc3c2=O)cc1,3.27
870,CCOc1ccc(-n2c([C@@H](C)N(CC3CCN(C)CC3)C(=O)Cc3ccc(F)c(C(F)(F)F)c3)nc3ncccc3c2=O)cc1,1.4
871,CCOc1ccc(-n2c([C@@H](C)N(Cc3cccnc3)C(=O)Cc3ccc(C(F)(F)F)cc3)nc3ccccc3c2=O)cc1,4.25
872,CCOc1ccc(-n2c([C@@H](C)N(Cc3cccnc3)C(=O)Cc3ccc(OC(F)(F)F)cc3)nc3ncccc3c2=O)cc1,3.7
873,CCOc1ccc(CCNCCCSCCNC[C@H](O)c2ccc(O)c3[nH]c(=O)sc23)cc1,0.41
874,CCOc1ccc(NC(=O)CCc2c(C)nc3nc(C)nn3c2C)cc1,2.1
875,CCOc1ccc(NC(C)=O)cc1,1.5
876,CCOc1ccc(Oc2ccc(S(=O)(=O)NC(=O)c3cccc(-c4ccc(Cl)c(Cl)c4)c3)cc2)cc1,2.94
877,CCOc1ccc2ccc(=O)oc2c1,2.2
878,CCOc1ccc2nc(N)sc2c1,2.4
879,CCOc1ccc2nc(NC(=O)CC)sc2c1,3.4
880,CCOc1ccc2oc(C(=O)NC(CCSC)c3nc4cnccc4[nH]3)c(C)c2c1,4.31
881,CCOc1ccc2oc(C(=O)NC(CCSC)c3nc4ncccc4[nH]3)c(C)c2c1,4.23
882,CCOc1cccc(/C=C2\SC(=O)NC2=O)c1N1CCC[C@@H](N)C1,1.86
883,CCOc1cccc(Nc2nnc(C(=O)Nc3ccc(N4CCOCC4)nc3)o2)c1,3.6
884,CCOc1cccc2c3c([nH]c12)CCN(C(=O)[C@@H]1CCCC[C@H]1C(=O)NC1(C#N)CC1)C3,3.1
885,CCOc1ccccc1-c1ccc(-c2nc3ccc(F)cc3c(C(=O)NCCOCCN)c2C)cc1,2.46
886,CCOc1ccccc1-c1ccc(-c2nc3ccc(F)cc3c(C(=O)O)c2C)cc1,1.18
887,CCOc1ccccc1-c1ccc(-c2nc3ccc(F)cc3c(N[C@H](C)C(=O)O)c2C#N)cc1,2.5
888,CCOc1ccccc1-c1ccc(-c2nc3ccncc3c(O)c2C#N)cc1,3.0
889,CCOc1ccccc1-c1ccc2c(c1)C(=O)C(=O)c1ccccc1-2,2.67
890,CCOc1ccccc1CNCc1cccc(CCNC[C@H](O)c2ccc(O)c3[nH]c(=O)sc23)c1,1.13
891,CCOc1ccccc1N1CCN(Cc2c[nH]nc2-c2ccc(F)cc2)CC1,3.38
892,CCOc1nc2cccc(C(=O)O)c2n1Cc1ccc(-c2ccccc2-c2nnn[nH]2)cc1,0.3
893,CCOc1ncc(C)c2c1[C@H](c1ccc(C#N)cc1OC)C(C(N)=O)=C(C)N2,2.51
894,CCOc1noc2cc(OCCC3CCN(c4ccc(C)nn4)CC3)ccc12,4.23
895,CCS(=O)(=O)Nc1cccc2c1c(Oc1ccc(Cl)cc1)c(C)n2CC(=O)O,-0.29
896,CCS(=O)(=O)c1ccc(-c2cc(C(F)(F)F)ccc2CCC(=O)O)c(C)c1,0.76
897,CCS(=O)(=O)c1ccc(-c2cc(C(F)(F)F)ccc2OCC(=O)O)c(C)c1,-0.45
898,CCS(=O)(=O)c1ccc(-c2cc(C(F)(F)F)ccc2OCC(N)=O)c(C)c1,2.77
899,CCS(=O)(=O)c1ccc(-c2cc(C(F)(F)F)ccc2O[C@H](C)C(=O)O)c(C)c1,-0.4
900,CCS(=O)(=O)c1ccc(-c2cc(Cl)ccc2OCC(=O)O)c(C(F)(F)F)c1,0.62
901,CCS(=O)(=O)c1ccc(-c2cc(Cl)ccc2OCC(=O)O)c(C)c1,-0.65
902,CCS(=O)(=O)c1ccc(-c2cc(Cl)ccc2OCC(=O)O)c(Cl)c1,-0.43
903,CCS(=O)(=O)c1ccc(-c2cc(Cl)ccc2OCC(=O)O)c(F)c1,-0.92
904,CCS(=O)(=O)c1ccc(-c2cc(Cl)ccc2OCC(=O)O)cc1,-0.78
905,CCS(=O)(=O)c1ccc(Oc2c(C)n(CC(=O)O)c3ccc(C(F)(F)F)cc23)cc1,0.29
906,CCS(=O)(=O)c1ccc(Oc2cc3nc(-c4ccccn4)[nH]c3cc2CN2C(=O)CCC2=O)cc1,2.0
907,CCS(=O)(=O)c1ccc2c(c1)N(CCN1CCC(NCc3ccc4c(n3)NC(=O)CO4)CC1)C(=O)CO2,-0.11
908,CCS(=O)(=O)c1cccc(-c2cc(C(F)(F)F)ccc2OCC(=O)O)c1,-0.66
909,CCSc1c(Cc2ccccc2C(F)(F)F)sc2c1c(=O)n(C)c(=O)n2CC(C)C,4.49
910,CCSc1ccc(-c2cc(C(F)(F)F)ccc2OCC(=O)O)cc1,1.54
911,CC[C@@H](CO)Nc1nc(SCc2ccccc2)nc2nc(N)sc12,2.99
912,CC[C@@H](Nc1c(Nc2cccc(C(=O)N(C)C)c2O)c(=O)c1=O)c1ccc(C)o1,2.32
913,CC[C@@H](Nc1c(Nc2cccc(C(=O)N(C)C)c2O)c(=O)c1=O)c1ccccc1,2.14
914,CC[C@@H](c1ccc(C(=O)O)c(Oc2cccc(Cl)c2)c1)N1CCC[C@H](n2cc(C)c(=O)[nH]c2=O)C1,0.22
915,CC[C@@H]1C(=O)N(C)c2cnc(Nc3ccc(C(=O)NC4CCN(C)CC4)cc3OC)nc2N1C1CCCC1,3.14
916,CC[C@@H]1C(=O)OC[C@@H]1Cc1cncn1C,-0.37
917,CC[C@@H]1COCCN1c1cc(C2(S(C)(=O)=O)CC2)nc(-c2cccc3[nH]ccc23)n1,3.0
918,CC[C@@]1(O)C(=O)OCc2c1cc1n(c2=O)Cc2cc3c(CN(C)C)c(O)ccc3nc2-1,0.31
919,CC[C@H](C)C(=O)O[C@H]1C[C@@H](C)C=C2C=C[C@H](C)[C@H](CC[C@@H](O)C[C@@H](O)CC(=O)O)[C@H]21,1.07
920,CC[C@H](C)C(=O)O[C@H]1C[C@H](O)C=C2C=C[C@H](C)[C@H](CC[C@@H](O)C[C@@H](O)CC(=O)O)[C@H]21,-0.76
921,CC[C@H](C)[C@@H](CO)NS(=O)(=O)c1ccc(Cl)s1,2.7
922,CC[C@H](C)[C@H](N)C1=N[C@H](C(=O)N[C@@H](CC(C)C)C(=O)N[C@H](CCC(=O)O)C(=O)N[C@H](C(=O)N[C@H]2CCCCNC(=O)[C@H](CC(N)=O)NC(=O)[C@@H](CC(=O)O)NC(=O)[C@H](Cc3cnc[nH]3)NC(=O)[C@@H](Cc3ccccc3)NC(=O)[C@H]([C@@H](C)CC)NC(=O)[C@@H](CCCN)NC2=O)[C@@H](C)CC)CS1,-0.46
923,CC[C@H](CO)Nc1nc(NCc2ccccc2)c2ncn(C(C)C)c2n1,3.63
924,CC[C@H](CO)Nc1nc(SCc2ccccc2)nc2[nH]c(=O)sc12,3.22
925,CC[C@H](CO)Nc1nc(SCc2ccccc2)nc2nc(N)sc12,3.27
926,CC[C@H](N)C(=O)N[C@H](C#N)Cc1ccc(-c2ccccc2)cc1,2.6
927,CC[C@H](NC(=O)c1c(CC[S+](C)[O-])c(-c2ccccc2)nc2ccccc12)c1ccccc1,3.15
928,CC[C@H](NC(=O)c1c(CN(C)C)c(-c2ccccc2)nc2ccccc12)c1ccccc1,4.18
929,CC[C@H](NC(=O)c1c(CS(C)(=O)=O)c(-c2ccccc2)nc2ccccc12)c1ccccc1,3.25
930,CC[C@H](NC(=O)c1c(N)c(-c2cccc(F)c2)nc2ccccc12)c1ccccc1,4.05
931,CC[C@H](NC(=O)c1c(N)c(-c2ccccc2)nc2ccccc12)c1ccccc1,3.89
932,CC[C@H](NC(=O)c1c(O)c(-c2ccccc2)nc2ccccc12)c1ccccc1,3.91
933,CC[C@H](NC(=O)c1c(S(C)(=O)=O)c(-c2ccccc2)nc2ccccc12)c1ccccc1,3.17
934,CC[C@H](NC(=O)c1c([S+](C)[O-])c(-c2ccc(F)cc2)nc2ccccc12)c1ccccc1,3.72
935,CC[C@H](NC(=O)c1c([S+](C)[O-])c(-c2cccc(F)c2)nc2ccccc12)c1ccccc1,3.14
936,CC[C@H](NC(=O)c1c([S+](C)[O-])c(-c2ccccc2)nc2c(F)cccc12)c1ccccc1,2.84
937,CC[C@H](NC(=O)c1c([S+](C)[O-])c(-c2ccccc2)nc2cc(Br)ccc12)c1ccccc1,3.18
938,CC[C@H](NC(=O)c1c([S+](C)[O-])c(-c2ccccc2)nc2cc(CN(C)C)ccc12)c1ccccc1,2.75
939,CC[C@H](NC(=O)c1c([S+](C)[O-])c(-c2ccccc2)nc2cc(Cl)ccc12)c1ccccc1,3.07
940,CC[C@H](NC(=O)c1c([S+](C)[O-])c(-c2ccccc2)nc2cc(F)ccc12)c1ccccc1,3.62
941,CC[C@H](NC(=O)c1c([S+](C)[O-])c(-c2ccccc2)nc2ccccc12)c1ccccc1,3.17
942,CC[C@H](NC(=O)c1c([S+](C)[O-])c(-c2ccccc2)nc2ccccc12)c1cccnc1,2.2
943,CC[C@H](NC(=O)c1c([S+](C)[O-])c(-c2cccs2)nc2ccccc12)c1ccccc1,3.56
944,CC[C@H](NC(=O)c1c([S+](C)[O-])c(-c2ccsc2)nc2ccccc12)c1ccccc1,2.66
945,CC[C@H](NC(=O)c1c([S+]([O-])C(C)C)c(-c2ccccc2)nc2ccccc12)c1ccccc1,3.81
946,CC[C@H](NC(=O)c1c([S+]([O-])CC)c(-c2ccccc2)nc2ccccc12)c1ccccc1,3.45
947,CC[C@H](Nc1ncnc2[nH]cnc12)c1nc2cccc(F)c2c(=O)n1-c1ccccc1,2.72
948,CC[C@H](c1ccc(C(=O)O)c(Oc2cccc(Cl)c2)c1)N1CCC[C@H](n2cc(C)c(=O)[nH]c2=O)C1,0.22
949,CC[C@H]1CN(Cc2cc(Cl)ccc2OCC(=O)O)CCN1S(=O)(=O)c1ccccc1,0.44
950,CC[C@H]1OC(=O)[C@H](C)[C@@H](O[C@H]2C[C@@](C)(OC)[C@@H](O)[C@H](C)O2)[C@H](C)[C@@H](O[C@@H]2O[C@H](C)C[C@H](N(C)C)[C@H]2O)[C@](C)(O)C[C@@H](C)/C(=N\OCOCCOC)[C@H](C)[C@@H](O)[C@]1(C)O,1.8
951,CC[S+]([O-])c1ncccc1C1(O)CCN(CC23CC(c4ccccc42)c2ccccc23)CC1,2.0
952,CCc1[nH]c2nc(Sc3cnc4ccc[n+]([O-])c4c3)nc(N3CC[C@@H](N)C3)c2c1Cl,2.0
953,CCc1[nH]c2nc(Sc3cnc4ccc[n+]([O-])c4c3)nc(N3C[C@@H]4[C@@H](N)[C@@H]4C3)c2c1Cl,2.3
954,CCc1[nH]nc(NC(=O)Cc2ncc(Oc3ccnc4cc(OC)c(OC)cc34)cc2OC)c1C,2.79
955,CCc1c(C(=O)C(N)=O)c2c(OCC(N)=O)cccc2n1Cc1ccccc1,2.1
956,CCc1c(C(=O)NC2C3CC4CC(C3)CC2C4)cnn1-c1ccc(C(=O)O)cc1,0.9
957,CCc1c(C)[nH]c2c1C(=O)C(CN1CCOCC1)CC2,1.54
958,CCc1c(C)nc(SCC(=O)Nc2nc(-c3ccc(OC)cc3)cs2)nc1O,3.78
959,CCc1c(C)nc2sc(C(N)=O)c(N)c2c1C,2.62
960,CCc1c2c(nc3ccc(O)cc13)-c1cc3c(c(=O)n1C2)COC(=O)[C@]3(O)CC,1.6
961,CCc1cc(C(=O)N[C@@H](Cc2cccc(Cl)c2)C(=O)NCC#N)n(C)n1,2.6
962,CCc1cc(C(N)=S)ccn1,1.52
963,CCc1cc(O)c(Oc2ccc(C(N)=O)cc2F)cc1F,2.87
964,CCc1cc(OCc2ccc(-c3ccccc3-c3nn[nH]n3)cc2)c2c(n1)CCCC2,1.7
965,CCc1cc2c(s1)-n1c(C)nnc1CN=C2c1ccccc1Cl,2.52
966,CCc1ccc(CCNCCCSCCNC[C@H](O)c2ccc(O)c3[nH]c(=O)sc23)cc1,0.86
967,CCc1ccc(CCOc2ccc(CC3SC(=O)NC3=O)cc2)nc1,2.8
968,CCc1ccc(NC(=O)c2ccc3cc(C(=N)N)ccc3c2)cc1,1.1
969,CCc1cccc(CC)c1NC(=O)N1Cc2[nH]nc(NC(=O)c3ccc(N4CCN(C)CC4)cc3)c2C1,3.31
970,CCc1cccc(N(C)C(=N)Nc2cccc3ccccc23)c1,1.57
971,CCc1cccc2c(C#N)cn(CC(=O)NCCOC)c12,1.95
972,CCc1cccc2c3c([nH]c12)C(CC)(CC(=O)O)OCC3,0.49
973,CCc1ccccc1-c1ccc(-c2nc3ccncc3c(O)c2C#N)cc1,3.5
974,CCc1csc(N2CCN(C(=O)[C@@H]3CCCC[C@H]3C(=O)NC3(C#N)CC3)CC2)n1,2.1
975,CCc1nc(N)nc(N)c1-c1ccc(Cl)cc1,2.31
976,CCc1nc2c(N)nc3ccccc3c2n1CC(C)(C)O,1.38
977,CCc1nc2c(N)nc3ccccc3c2n1CC(C)C,2.55
978,CCc1nc2c(N)nc3ccccc3c2n1CCCCNS(C)(=O)=O,1.24
979,CCc1nc2c(N)nc3ccccc3c2n1Cc1ccccc1,3.29
980,CCc1nc2cc(O)ccc2c(Oc2ccc(/C=C/C(=O)O)cc2)c1-c1ccccc1,3.0
981,CCc1nc2ccc(C(=O)NCc3ccc4c(c3)OCO4)cn2c1N(C)Cc1cccs1,4.1
982,CCc1nn(C2CCCC2)c2c1CCn1c(-c3cccs3)nnc1-2,3.6
983,CCn1c(-c2ccnc(Nc3ccc(C(=O)NC)cc3)n2)cnc1C,2.53
984,CCn1c(-c2ccnc(Nc3ccc(S(=O)(=O)NCCOC)cc3)n2)cnc1C,2.44
985,CCn1c(-c2nonc2N)nc2c(C#CC(C)(C)O)ncc(OCC3CCCNC3)c21,0.6
986,CCn1c(=O)c2c(-c3cc(C#N)cn3C)n(Cc3ccnc4ccc(Cl)cc34)nc2n(CC2CC2)c1=O,4.13
987,CCn1c(=O)c2c(-c3cncn3C)n(Cc3ccnc4ccc(Cl)cc34)nc2n(CC2CC2)c1=O,2.87
988,CCn1c(=O)c2c(=O)cc(O)oc2c2ccccc21,1.13
989,CCn1c(=O)c2nc(-c3ccccc3)[nH]c2n(CC)c1=O,3.3
990,CCn1c(=O)ccc2cc(COc3cc(F)cc(C4(OC)CCOCC4)c3)ccc21,3.89
991,CCn1c(=O)ccc2cnc(Nc3ccc(OC)c(OC)c3)nc21,2.7
992,CCn1c(C)c(C(=O)O)c(-c2cccc(N3CCN(c4ccc(NS(=O)(=O)c5ccc(N[C@H](CCN6CCC(O)CC6)CSc6ccccc6)c(S(=O)(=O)C(F)(F)F)c5)cc4)CC3)c2)c1-c1ccc(Cl)cc1,4.2
993,CCn1c(SCC(=O)Nc2c(C#N)cnn2-c2ccccc2)nnc1-c1cccs1,2.1
994,CCn1c2ccccc2c2cc(NC(=O)C(C)C)ccc21,4.2
995,CCn1c2ccccc2c2cc(NC(=O)CCc3ccncc3)ccc21,3.75
996,CCn1c2ccccc2c2cc(NC(=O)CN(C)C)ccc21,3.2
997,CCn1c2ccccc2c2cc(NC(=O)N3CCOCC3)ccc21,3.2
998,CCn1c2ccccc2c2cc(NC(C)=O)ccc21,3.5
999,CCn1c2nc(=O)n(C)c(=O)c-2cc2ccccc21,1.1
1000,CCn1cc(C(=O)O)c(=O)c2cc(F)c(N3CCNC(C)C3)c(F)c21,-1.1
1001,CCn1cc(C(=O)O)c(=O)c2cc(F)c(N3CCNCC3)cc21,-0.87
1002,CCn1cc(C(=O)O)c(=O)c2cc(F)c(N3CCNCC3)nc21,-0.83
1003,CCn1cc(C(=O)O)c(=O)c2ccc(C)nc21,-0.1
1004,CCn1cc(NC(=O)Cc2ccc(Oc3ccnc4cc(F)ccc34)cc2OC)cn1,3.93
1005,CCn1cc(NC(=O)Cc2ccc(Oc3ccnc4cc(OC)c(OC)cc34)cc2OC)cn1,3.42
1006,CCn1cc(NC(=O)Cc2ccc(Oc3ccnc4ccc(F)cc34)cc2OC)cn1,3.88
1007,CCn1cnc(-c2ccccc2)c1-c1nc2c(N)ncnc2s1,2.97
1008,CCn1cnc2cnc(-c3ccc(C4(N)CCC4)cc3)c(-c3ccccc3)c21,2.0
1009,CCn1nc(C)c(C(=O)N[C@@H](C)C(C)(C)C)c1NS(=O)(=O)c1ccc(C)cc1,0.95
1010,CN(C(=O)C1CCC1)C1CCN(CCC(c2ccccc2)c2ccccc2)CC1,3.2
1011,CN(C(=O)Cc1ccc(-n2cnnn2)cc1)C1CCN(Cc2ccc(C(F)(F)F)cc2)CC1,3.0
1012,CN(C(=O)Cc1ccc(-n2cnnn2)cc1)C1CCN(Cc2ccc(C(F)(F)F)cn2)CC1,1.9
1013,CN(C(=O)Cc1ccc(-n2cnnn2)cc1)C1CCN(Cc2ccc(C(F)(F)F)nc2)CC1,1.8
1014,CN(C(=O)Cc1ccc(-n2cnnn2)cc1)C1CCN(Cc2nc3c(s2)CCCC3)CC1,2.5
1015,CN(C(=O)Cc1ccc(-n2cnnn2)cc1)C1CCN(Cc2nc3cc(F)ccc3s2)CC1,2.85
1016,CN(C(=O)Cc1ccc(-n2cnnn2)cc1)[C@@H]1CCN(Cc2ccc(C(F)(F)F)cc2)C[C@@H]1F,3.3
1017,CN(C(=O)Cc1ccc(-n2cnnn2)cc1)[C@@H]1CCN(Cc2ccc(C(F)(F)F)cn2)C[C@@H]1F,2.1
1018,CN(C(=O)Cc1ccc(-n2cnnn2)cc1)[C@@H]1CCN(Cc2ccc(C(F)(F)F)nc2)C[C@@H]1F,1.8
1019,CN(C(=O)Cc1ccc(-n2cnnn2)cc1)[C@H]1CCN(Cc2ccc(C(F)(F)F)cc2)C[C@H]1F,3.3
1020,CN(C(=O)Cc1ccc(C#N)cc1)C1CCN(CCC(c2ccccc2)c2ccccc2)CC1,3.7
1021,CN(C(=O)Cc1ccc(Cl)c(Cl)c1)C(CN1CCCC1)c1ccccc1,3.38
1022,CN(C(=O)Cc1ccc(Cl)c(Cl)c1)[C@H](CN1CCCC1)c1ccccc1,3.42
1023,CN(C(=O)Cc1ccc(Cl)cc1)C1CCN(CCC(c2ccccc2)c2ccccc2)CC1,3.5
1024,CN(C(=O)Cc1ccc(O)cc1)C1CCN(CCC(c2ccccc2)c2ccccc2)CC1,3.3
1025,CN(C(=O)Cc1ccc(S(=O)(=O)N(C)C)cc1)C1CCN(CCC(c2ccccc2)c2ccccc2)CC1,3.5
1026,CN(C(=O)Cc1ccc(S(C)(=O)=O)c(F)c1)C1CCN(Cc2ccc(C(F)(F)F)cc2)CC1,3.0
1027,CN(C(=O)Cc1ccc(S(C)(=O)=O)cc1)C1CCN(Cc2ccc(C(F)(F)F)cc2)CC1,2.5
1028,CN(C(=O)Cc1ccc(S(C)(=O)=O)cc1)[C@@H]1CCN(Cc2ccc(C(F)(F)F)cc2)C[C@@H]1F,2.7
1029,CN(C(=O)Cc1ccc(S(C)(=O)=O)cc1)[C@@H]1CCN(Cc2nc3cc(F)ccc3s2)C[C@@H]1F,2.2
1030,CN(C(=O)Cc1ccc(S(C)(=O)=O)cc1)[C@@H]1CCN(Cc2nc3ccccc3s2)C[C@@H]1F,2.1
1031,CN(C(=O)Cc1ccc(S(C)(=O)=O)cc1F)C1CCN(Cc2ccc(C(F)(F)F)cc2)CC1,2.7
1032,CN(C(=O)Cc1ccc(S(N)(=O)=O)cc1)C1CCN(CCC(c2ccccc2)c2ccccc2)CC1,2.3
1033,CN(C(=O)Cc1ccccc1)[C@H]1CC[C@@]2(CCCO2)C[C@@H]1N1CCCC1,0.99
1034,CN(C(=O)NCc1ccccc1)C1CCN(CCC(c2ccccc2)c2ccccc2)CC1,3.4
1035,CN(C(=O)c1ccncc1)C1CCN(CCC(c2ccccc2)c2ccccc2)CC1,2.8
1036,CN(C)C(=O)C(CCN1CCC(O)(c2ccc(Cl)cc2)CC1)(c1ccccc1)c1ccccc1,3.47
1037,CN(C)C(=O)C1(N2CCCCC2=O)CCN(CC[C@H](CN(C)C(=O)c2cc(C#N)cc3ccccc23)c2ccc(Cl)c(Cl)c2)CC1,2.52
1038,CN(C)C(=O)CC(NC(=O)C1(N)CCN(c2ncnc3[nH]ccc23)CC1)c1ccc(Cl)cc1,2.4
1039,CN(C)C(=O)CN1C(=O)C(NC(=O)c2cc3cc(Cl)sc3[nH]2)Cc2ccccc21,3.07
1040,CN(C)C(=O)N1CCC(C(=O)NCc2cccs2)CC1,1.1
1041,CN(C)C(=O)N[C@H]1CC[C@@H](CCN2[C@@H]3CC[C@H]2C[C@@H](Oc2cccc(C(N)=O)c2)C3)CC1,0.22
1042,CN(C)C(=O)N[C@H]1CC[C@H](CCN2CCN(c3ccc(Cl)c(Cl)c3)CC2)CC1,3.15
1043,CN(C)C(=O)N[C@H]1CC[C@H](CCN2CCN(c3ccc(Cl)cc3)CC2)CC1,2.81
1044,CN(C)C(=O)N[C@H]1CC[C@H](CCN2CCN(c3cccc(Cl)c3Cl)CC2)CC1,3.6
1045,CN(C)C(=O)N[C@H]1CC[C@H](CCN2[C@@H]3CC[C@H]2C[C@@H](Oc2cccc(C(N)=O)c2)C3)CC1,0.12
1046,CN(C)C(=O)N[C@H]1CC[C@H](CN2[C@@H]3CC[C@H]2C[C@@H](Oc2cccc(C(N)=O)c2)C3)CC1,-0.07
1047,CN(C)C(=O)Nc1ccc(Cn2[nH]c(=O)c3[nH]c4cc(Cl)ccc4c(=O)c3c2=O)cc1,1.1
1048,CN(C)C(=O)[C@H](Cc1ccccc1)NC(=O)c1cc2cc(F)ccc2[nH]1,3.5
1049,CN(C)C(=O)[C@H](Cc1ccccc1)NC(=O)c1cc2ccccc2[nH]1,3.4
1050,CN(C)C(=O)[C@H](Cc1ccccc1)NC(=O)c1cc2ccsc2[nH]1,3.1
1051,CN(C)C(=O)[C@H](Cc1ccccc1)NC(=O)c1cc2sccc2[nH]1,3.1
1052,CN(C)C(=O)[C@H](O)[C@H](Cc1ccccc1)NC(=O)c1cc2cc(Cl)ccc2[nH]1,3.6
1053,CN(C)C(=O)c1ccc(C(=C2CCN(Cc3cscn3)CC2)c2cccc3cccnc23)cc1,2.3
1054,CN(C)C(=O)c1ccc(CN2CCC(c3ccc(C(=O)Nc4ccccc4N)cc3)CC2)cc1,1.53
1055,CN(C)C(=O)c1ccc(CN2CCc3cc4nc(N)sc4cc3CC2)cc1,1.72
1056,CN(C)C/C=C/C(=O)Nc1cc2c(Nc3ccc(F)c(Cl)c3)ncnc2cc1O[C@H]1CCOC1,3.7
1057,CN(C)CC(O)COc1ccc(Nc2cc(N(CC#N)c3cc(Cl)ccc3Cl)ncn2)cc1,2.1
1058,CN(C)CC(O)COc1ccc(Nc2cc(N(CCC#N)c3cc(Cl)ccc3Cl)ncn2)cc1,2.1
1059,CN(C)CC(O)COc1ccc(Nc2cc(Nc3cc(Cl)ccc3Cl)ncn2)cc1,2.6
1060,CN(C)CC(O)COc1ccc(Nc2cc(Nc3ccc(F)cc3F)ncn2)cc1,1.48
1061,CN(C)CC(O)COc1ccc(Nc2ncc(Cl)c(Nc3ccccc3)n2)cc1,2.25
1062,CN(C)CC(O)COc1ccc(Nc2nccc(N(CC#N)c3cc(Cl)ccc3Cl)n2)cc1,2.4
1063,CN(C)CC(O)COc1ccc(Nc2nccc(Nc3cc(Cl)ccc3Cl)n2)cc1,2.9
1064,CN(C)CC(O)COc1ccc(Nc2nccc(Nc3ccc(Cl)cc3)n2)cc1,2.6
1065,CN(C)CC(O)COc1ccc(Nc2nccc(Nc3cccc(Cl)c3)n2)cc1,2.5
1066,CN(C)CC(O)COc1ccc(Nc2nccc(Nc3ccccc3)n2)cc1,1.58
1067,CN(C)CC(O)COc1ccc(Nc2nccc(Nc3ccccc3C#N)n2)cc1,1.2
1068,CN(C)CC/C=C1\c2ccccc2Sc2ccc(Cl)cc21,3.42
1069,CN(C)CC1CCn2c(c(C3=C(c4cn(C)c5ccccc45)C(=O)NC3=O)c3ccccc32)C1,2.88
1070,CN(C)CCC=C1c2ccccc2C=Cc2ccccc21,2.83
1071,CN(C)CCC=C1c2ccccc2COc2ccccc21,2.15
1072,CN(C)CCCC(NC(=O)C1(N)CCN(c2ncnc3[nH]ccc23)CC1)c1ccc(Cl)cc1,1.4
1073,CN(C)CCCC1(c2ccc(F)cc2)OCc2cc(C#N)ccc21,1.56
1074,CN(C)CCCN(C)S(=O)(=O)c1ccc(Nc2nccc(-c3cnc4ccccn34)n2)cc1,2.16
1075,CN(C)CCCN1c2ccccc2CCc2ccc(Cl)cc21,3.36
1076,CN(C)CCCN1c2ccccc2CCc2ccccc21,2.49
1077,CN(C)CCCN1c2ccccc2Sc2ccc(C(F)(F)F)cc21,3.59
1078,CN(C)CCCN1c2ccccc2Sc2ccc(Cl)cc21,3.37
1079,CN(C)CCCN1c2ccccc2Sc2ccccc21,2.56
1080,CN(C)CCCNC(=O)c1nc(Cl)c(N)nc1N,-1.0
1081,CN(C)CCCNS(=O)(=O)c1ccc(Nc2nccc(-c3cnc4ccccn34)n2)cc1,1.9
1082,CN(C)CCCNS(=O)(=O)c1ccc(Nc2nccc(-c3cnc4cccnn34)n2)cc1,1.4
1083,CN(C)CCCOc1ccc(-c2cc(C(N)=O)c(NC(N)=O)s2)cc1,0.64
1084,CN(C)CCCOc1nn(Cc2ccccc2)c2ccccc12,2.4
1085,CN(C)CCC[C@@]1(c2ccc(F)cc2)OCc2cc(C#N)ccc21,1.48
1086,CN(C)CCCn1c2c(c3ccccc31)CCCCCC2,2.96
1087,CN(C)CCN(Cc1ccccc1)c1ccccn1,1.28
1088,CN(C)CCNC(=O)c1ccc(Nc2ncc3cc(-c4ccncc4)ccc3n2)cc1,2.29
1089,CN(C)CCNCc1ccc(Nc2ncc3cc(-c4ccncc4)ccc3n2)cc1,1.4
1090,CN(C)CCNS(=O)(=O)c1ccc(Nc2nccc(-c3cnc4ccccn34)n2)cc1,2.7
1091,CN(C)CCNc1cc(-c2ccccc2)nc2cc(-c3ccc(F)cc3)nn12,4.5
1092,CN(C)CCOC(C)(c1ccccc1)c1ccccn1,-0.2
1093,CN(C)CCOc1cc(NS(=O)(=O)c2c(Cl)cc(C(F)(F)F)cc2Cl)ccc1Cl,2.99
1094,CN(C)CCOc1ccc(-c2cc(C(N)=O)c(NC(N)=O)s2)cc1,1.16
1095,CN(C)CCOc1ccc(-c2oc3ncnc(NC[C@@H]4CCCO4)c3c2-c2ccccc2)cc1,3.6
1096,CN(C)CCOc1ccccc1Cc1ccccc1,2.53
1097,CN(C)C[C@H](O)Cc1ccc(Cl)c(C(=O)NCC23CC4CC(CC(C4)C2)C3)c1,2.19
1098,CN(C)N(C)C(=O)[C@@]1(Cc2ccccc2)CCCN(C(=O)[C@@H](Cc2c[nH]c3ccccc23)NC(=O)C(C)(C)N)C1,2.1
1099,CN(C)S(=O)(=O)c1ccc2c(C(=O)NC[C@@H](O)CN3CCC(Oc4ccc(Cl)c(Cl)c4)CC3)c[nH]c(=O)c2c1,3.13
1100,CN(C)S(=O)(=O)c1ccc2c(c1)N(CCN1CCC(NCc3ccc4c(n3)NC(=O)CO4)CC1)C(=O)CO2,0.15
1101,CN(C)c1ccc(S(=O)(=O)NC(=O)N2CCC(N3CCC(Oc4ccc(Cl)c(Cl)c4)CC3)CC2)cc1,1.7
1102,CN(C)c1ccc2nc3ccc(=[N+](C)C)cc-3sc2c1,-0.88
1103,CN(C)c1cccc2c(S(=O)(=O)N(C)CC(=O)O)cccc12,-1.45
1104,CN(C)c1cccc2c(S(=O)(=O)Nc3cnccn3)cccc12,0.9
1105,CN(C)c1cccc2c(S(N)(=O)=O)cccc12,1.95
1106,CN(C)c1ccccc1S(=O)(=O)NC(=O)N1CCC(N2CCC(Oc3ccc(Cl)c(Cl)c3)CC2)CC1,1.74
1107,CN(C)c1ccnc2sc(C(=O)NCc3ccccc3)c(N)c12,3.62
1108,CN(C)c1ccnc2sc(C(N)=O)c(N)c12,1.7
1109,CN(C)c1ccnc2sc3c(=O)n(-c4ccccc4)cnc3c12,2.34
1110,CN(C)c1nc(Cc2ccc(NC(=O)c3ccc(C(F)(F)F)cc3)cc2)nc(N(C)C)c1CC(=O)O,1.46
1111,CN(C)c1nc(N(C)C)nc(N(C)C)n1,2.44
1112,CN(C)c1nc(N[C@H]2CC[C@@H](NC(=O)c3ccc(F)c(F)c3)CC2)nc2ccccc12,3.13
1113,CN(C)c1ncnc2nc[nH]c12,0.95
1114,CN(C/C=C/C#CC(C)(C)C)Cc1cccc2ccccc12,2.83
1115,CN(CCCOCCOCCc1ccccc1)CCc1ccc(O)c2nc(O)sc12,2.44
1116,CN(CCCc1ccccc1)S(=O)(=O)c1cc(C(=O)N2CCc3ccc(S(=O)(=O)NCCc4ccccc4)cc3C2)c(O)c(O)c1O,0.75
1117,CN(CCNC[C@H](O)c1ccc(O)c2[nH]c(=O)sc12)C(=O)CCOCCc1ccccc1,1.21
1118,CN(CCO)C(=O)c1ccc([C@H](c2cccc(NC(=O)C3CC3)c2)N2CCN(Cc3ccc(F)cc3)CC2)cc1,3.38
1119,CN(CCO)Cc1ccc(-c2cc(C(N)=O)c(NC(N)=O)s2)cc1,0.97
1120,CN(CCOc1ccc(CC2SC(=O)NC2=O)cc1)c1ccccn1,2.5
1121,CN(CCOc1ccc(C[C@H](Nc2ccccc2C(=O)c2ccccc2)C(=O)O)cc1)c1ccccn1,2.15
1122,CN(CCOc1ccc(C[C@H](Nc2ccccc2C(=O)c2ccccc2)C(=O)O)cc1)c1nc2ccccc2o1,2.47
1123,CN(CCOc1ccc(NS(C)(=O)=O)cc1)CCc1ccc(NS(C)(=O)=O)cc1,0.6
1124,CN(CCOc1ccccc1-c1cc(C(N)=O)c(NC(N)=O)s1)Cc1ccccc1,3.46
1125,CN(CC[C@@H](Oc1ccc(-c2ccccc2)cc1)c1ccc(F)cc1)CC(=O)O,2.86
1126,CN(CCc1ccc(O)c2nc(O)sc12)CCN(C)C(=O)CCOCCc1ccccc1,2.59
1127,CN(Cc1ccc(Cl)cc1)C(=O)C1(N)CCN(c2ncnc3[nH]ccc23)CC1,2.8
1128,CN(c1ccc(-c2cc(C(F)(F)F)ccc2OCC(=O)O)cc1)S(C)(=O)=O,-0.81
1129,CN(c1ccc(-c2cc(F)ccc2OCC(=O)O)c(Cl)c1)S(C)(=O)=O,-1.17
1130,CN(c1cccc(CO)c1)c1ccnc(Nc2cc(N3CCOCC3)cc(N3CCOCC3)c2)n1,2.6
1131,CN(c1ccccc1)c1ccnc(Nc2cc(N3CCOCC3)cc(N3CCOCC3)c2)n1,3.47
1132,CN(c1ccnc(Nc2cc(N3CCOCC3)cc(N3CCOCC3)c2)n1)c1cccc2[nH]ncc12,3.23
1133,CN(c1ccnc(Nc2cccc(S(C)(=O)=O)c2)n1)c1cccc2[nH]ncc12,3.21
1134,CN(c1ncccc1CNc1nc(Nc2ccc3c(c2)CC(=O)N3)ncc1C(F)(F)F)S(C)(=O)=O,2.63
1135,CN1C(=O)CC(C)(CCc2cccc(-c3ccccc3)c2)N=C1N,2.03
1136,CN1C(=O)CC(c2ccccc2)C1=O,0.68
1137,CN1C(=O)CN=C(c2ccccc2)c2cc(Cl)ccc21,2.69
1138,CN1C(=O)CN=C(c2ccccc2F)c2cc([N+](=O)[O-])ccc21,2.1
1139,CN1C(=O)NC(=O)C(C)(C2=CCCCC2)C1=O,1.5
1140,CN1C2CC(OC(=O)C(CO)c3ccccc3)CC1C1OC12,0.17
1141,CN1CC(=O)N2[C@H](c3ccc4c(c3)OCO4)c3[nH]c4ccccc4c3C[C@@H]2C1=O,2.6
1142,CN1CC(n2nccc2-c2cc(Cl)ccc2Oc2cc(F)c(S(=O)(=O)Nc3ncns3)cc2F)C1,1.0
1143,CN1CC=C(c2cccc(O)c2)CC1,0.53
1144,CN1CC=CCC(c2cc3ccccc3o2)C1,2.47
1145,CN1CC=CCC(c2ccc(Cl)c(Cl)c2)C1,3.32
1146,CN1CCC(=C2c3ccccc3C=Cc3ccccc32)CC1,3.06
1147,CN1CCC(C#N)(c2cccc3ccccc23)CC1,2.73
1148,CN1CCC(COc2cc(OC3CCOCC3)c3c(Nc4c(Cl)ccc5c4OCO5)ncnc3c2)CC1,2.59
1149,CN1CCC(NC(=O)c2ccc(Oc3ccc(C#C[C@]4(O)CN5CCC4CC5)cc3)cc2)CC1,1.0
1150,CN1CCC(Oc2cccc3ncnc(Nc4ccc(OCc5cnccn5)c(Cl)c4)c23)CC1,3.21
1151,CN1CCC(c2cc(N3CCOCC3)nc(-c3cccc4[nH]ccc34)n2)(S(C)(=O)=O)CC1,1.9
1152,CN1CCC(n2cc(-c3cnc(N)c(-c4nc5ccc(F)cc5o4)c3)cn2)CC1,3.35
1153,CN1CCCC(CN2CCN(C(=O)Nc3ccc(Cl)c(Cl)c3)CC2)C1,1.98
1154,CN1CCCC(n2nc(Cc3ccc(Cl)cc3)c3ccccc3c2=O)CC1,2.46
1155,CN1CCCC1CCNC(=O)c1ccc(Nc2ncc3cc(-c4ccncc4)ccc3n2)cc1,2.01
1156,CN1CCCCC1CCN1c2ccccc2Sc2ccc([S+](C)[O-])cc21,1.6
1157,CN1CCCN(C(c2ccccc2)c2ccc(Cl)cc2)CC1,2.36
1158,CN1CCC[C@@H]1CCO[C@](C)(c1ccccc1)c1ccc(Cl)cc1,3.26
1159,CN1CCC[C@H]1CCN1CCCc2cc(NC(=N)c3cccs3)ccc21,0.37
1160,CN1CCC[C@H]1c1ccccn1,0.44
1161,CN1CCC[C@H]1c1cccnc1,0.5
1162,CN1CCN(C(=O)OC2c3nccnc3C(=O)N2c2ccc(Cl)cn2)CC1,1.1
1163,CN1CCN(C(=O)[C@@H]2CCCC[C@H]2C(=O)NCC#N)CC1,-0.1
1164,CN1CCN(C(=O)c2cc(-c3ccccc3)sc2NC(N)=O)CC1,2.17
1165,CN1CCN(C(=O)c2cc(Cc3n[nH]c(=O)c4ccccc34)ccc2F)CC1,1.03
1166,CN1CCN(C(=O)c2cc3cc(Br)ccc3[nH]2)CC1,2.79
1167,CN1CCN(C(=O)c2cc3cc(Cl)ccc3[nH]2)CC1,2.4
1168,CN1CCN(C(=O)c2cc3cc(F)ccc3[nH]2)CC1,1.97
1169,CN1CCN(C(=O)c2cc3ccccc3[nH]2)CC1,1.7
1170,CN1CCN(C(=O)c2cc3ccccc3n2C)CC1,1.71
1171,CN1CCN(C(=O)c2ccc(C(=C3CCN(Cc4cscn4)CC3)c3cccc4cccnc34)cc2)CC1,1.98
1172,CN1CCN(C(=O)c2cccc(Cc3n[nH]c(=O)c4ccccc34)c2)CC1,0.92
1173,CN1CCN(C2=Nc3cc(Cl)ccc3Nc3ccccc32)CC1,3.08
1174,CN1CCN(C2=Nc3ccccc3Oc3ccc(Cl)cc32)CC1,3.24
1175,CN1CCN(CC(=O)N2c3ccccc3C(=O)Nc3cccnc32)CC1,-0.49
1176,CN1CCN(CC(=O)Nc2c(C#N)cnn2-c2ccccc2)CC1,0.0
1177,CN1CCN(CC(=O)Nc2ccc(-c3cccn4c(=O)cc(N5CCOCC5)nc34)c3sc4ccccc4c23)CC1,2.6
1178,CN1CCN(CC/C=C2/c3ccccc3Sc3ccc(S(=O)(=O)N(C)C)cc32)CC1,3.16
1179,CN1CCN(CCCN2c3ccccc3Sc3ccc(C(F)(F)F)cc32)CC1,4.31
1180,CN1CCN(CCCN2c3ccccc3Sc3ccc(Cl)cc32)CC1,3.92
1181,CN1CCN(CCCOc2ccc(-c3cc(-c4ccc(F)cc4)no3)cc2)CC1,3.81
1182,CN1CCN(CCOc2n[nH]c3ncnc(Nc4ccc(OCc5ccccn5)c(Cl)c4)c23)CC1,2.45
1183,CN1CCN(S(=O)(=O)c2ccc(-c3cnc(N)c(C(=O)Nc4cccnc4)n3)c(C(F)(F)F)c2)CC1,3.25
1184,CN1CCN(S(=O)(=O)c2ccc(-c3cnc(N)c(C(=O)Nc4cccnc4)n3)cc2F)CC1,2.66
1185,CN1CCN(S(=O)(=O)c2ccc(-c3cnc(N)c(C(=O)Nc4cnccc4CN4CCCC4)n3)cc2)CC1,3.28
1186,CN1CCN([C@H]2C[C@@H](c3nc(-c4ccc5ccc(-c6ccccc6)nc5c4)c4c(N)nccn43)C2)CC1,3.2
1187,CN1CCN(c2cc(F)cc3c(=O)cc(C(=O)Nc4ccc(N5CCOCC5)cc4)[nH]c23)CC1,2.7
1188,CN1CCN(c2cc3c(Nc4ccc(F)cc4F)c(C(N)=O)cnc3cc2F)CC1,2.63
1189,CN1CCN(c2ccc(NC(=O)c3nnc(Nc4ccccc4F)o3)cn2)CC1,2.36
1190,CN1CCN(c2ccc(Nc3ccnc4ccccc34)cc2)CC1,1.3
1191,CN1CCN(c2ccc3nc(-c4c(N)c5c(F)cccc5[nH]c4=O)[nH]c3c2)CC1,3.45
1192,CN1CCN(c2ccc3ncc(C(N)=O)c(Nc4ccc(Cl)cc4Cl)c3c2)CC1,3.23
1193,CN1CCN(c2ccc3ncc(C(N)=O)c(Nc4ccc(F)cc4F)c3c2)CC1,2.3
1194,CN1CCN(c2nc(NCCNc3ccc([N+](=O)[O-])cc3)c3ccccc3n2)CC1,2.91
1195,CN1CCN(c2nc3ccccc3cc2Cn2nc(-c3ccc4nc(N)sc4c3)c3c(N)ncnc32)CC1,3.09
1196,CN1CCN2c3ncccc3Cc3ccccc3C2C1,2.82
1197,CN1CCNc2nc(CCOc3ccc(C[C@H](NC(=O)c4c(Cl)cccc4Cl)C(=O)O)cc3)ccc21,0.07
1198,CN1CCOc2cc(COC3CCCCC3)cnc21,3.1
1199,CN1CCOc2cc(COc3ccccc3)cnc21,3.3
1200,CN1CCOc2cc(OC(=O)c3ccccc3)cnc21,3.3
1201,CN1CCOc2nc(C#Cc3ccccc3)ccc21,3.8
1202,CN1CCc2c1nc1ccccc1c2NC(=O)Cc1ccccc1,2.8
1203,CN1CCc2cc(Cl)c(O)cc2[C@@H](c2ccccc2)C1,2.5
1204,CN1Cc2c(N)cccc2C(c2ccccc2)C1,2.0949999999999998
1205,CN1Cc2c(N)cccc2[C@@H](c2ccccc2)C1,2.11
1206,CN1Cc2ccccc2C(c2ccc(Cl)cc2)C1,3.64
1207,CN1[C@@H]2CC[C@H]1C[C@@H](OC(=O)C(CO)c1ccccc1)C2,-0.375
1208,CN1[C@@H]2CC[C@H]1C[C@@H](OC(=O)C(O)c1ccccc1)C2,-1.29
1209,CN1[C@@H]2CC[C@H]1C[C@@H](OC(c1ccccc1)c1ccccc1)C2,1.49
1210,CN1c2ccccc2C(NCCCCCCC(=O)O)c2ccc(Cl)cc2S1(=O)=O,1.33
1211,CNC(=C[N+](=O)[O-])NCCSCc1ccc(CN(C)C)o1,-0.95
1212,CNC(=O)C1(N2CCCCC2=O)CCN(CC[C@H](CN(C)C(=O)c2c(OC)c(C#N)cc3ccccc23)c2ccc(Cl)c(Cl)c2)CC1,2.78
1213,CNC(=O)C1(N2CCCCC2=O)CCN(CC[C@H](CN(C)C(=O)c2cc(C#N)cc3ccccc23)c2ccc(Cl)c(Cl)c2)CC1,2.5
1214,CNC(=O)C1(N2CCCNC2=O)CCN(CC[C@H](CN(C)C(=O)c2c(OC)c(C#N)cc3ccccc23)c2ccc(Cl)c(Cl)c2)CC1,2.2
1215,CNC(=O)C[C@H](Nc1ncc(Cl)c(Nc2cc(C3CC3)[nH]n2)n1)c1ccc(F)cc1,2.23
1216,CNC(=O)Nc1cc(-c2ccccc2)sc1C(N)=O,2.71
1217,CNC(=O)Nc1nc2ccc(-c3cncc(S(=O)(=O)NC(C)(C)C)c3)cn2n1,1.58
1218,CNC(=O)OC[C@@H](C)N(c1cc(Cl)ccc1CO)S(=O)(=O)c1ccc(Cl)cc1,3.0
1219,CNC(=O)[C@H]1CCCN1Cc1cc2c(Nc3cccc(Cl)c3F)ncnc2cc1OC,3.65
1220,CNC(=O)c1[nH]cnc1C(=O)Nc1ccc(OC)cc1,2.2
1221,CNC(=O)c1c(F)cccc1Nc1nc(Nc2cc3c(cc2OC)CCN3C(=O)CN(C)C)nc2[nH]ccc12,2.61
1222,CNC(=O)c1cc(-c2ccccc2)sc1NC(N)=O,3.19
1223,CNC(=O)c1cc(-c2nc(N3CCOCC3)cc(C3(S(C)(=O)=O)CC3)n2)c2cc[nH]c2c1,1.7
1224,CNC(=O)c1cc(C(=O)c2ccc(Cl)cc2)c(Br)[nH]1,3.1
1225,CNC(=O)c1ccc(-c2cc(C(=O)N[C@H]3CCCNC3)c(NC(N)=O)s2)cc1,0.7
1226,CNC(=O)c1ccc(C)c(-n2c(C)cc(OCc3ccc(F)cc3F)c(Br)c2=O)c1,2.8
1227,CNC(=O)c1ccc(CC(=O)N(C)C2CCN(Cc3ccc(C(F)(F)F)cc3)CC2)cc1,2.8
1228,CNC(=O)c1ccc(CCC(COc2ccc(-c3cccc([N+](=O)[O-])c3)cc2)N2C(=O)CSC2=O)cc1,3.5
1229,CNC(=O)c1ccc(CN2CCC(c3ccc(C(=O)Nc4ccccc4N)cc3)CC2)cc1,1.99
1230,CNC(=O)c1ccc(N2C(=S)N(c3ccc(C#N)c(C(F)(F)F)c3)C(=O)C23CCC3)cc1F,3.3
1231,CNC(=O)c1ccc(Nc2ncc(F)c(-c3cnc(C)n3C(C)C)n2)cc1,3.0
1232,CNC(=O)c1ccc(Nc2ncc(F)c(-c3cnc(C)n3C(C)C)n2)cc1F,3.31
1233,CNC(=O)c1ccc(Nc2nccc(-c3cnc(C)n3C(C)C)n2)cc1,2.69
1234,CNC(=O)c1ccc(Nc2nccc(-c3cnc(C)n3C(C)C)n2)cc1F,2.95
1235,CNC(=O)c1ccc(Nc2nccc(-c3cnc(C4CC4)n3C(C)C)n2)cc1,2.77
1236,CNC(=O)c1ccc(Oc2ccc(C#C[C@]3(O)CN4CCC3CC4)cc2)cc1,1.99
1237,CNC(=O)c1ccc(Oc2ccc3c(c2)CCN(C2CCC2)CC3)nc1,1.45
1238,CNC(=O)c1ccc2c(=O)cc(-c3cccnc3)[nH]c2c1,1.01
1239,CNC(=O)c1cccc(NC(=O)Nc2cccc(C#N)c2)c1CN1CCC(Cc2ccc(F)cc2)CC1,3.97
1240,CNC(=O)c1cccc(O[C@H]2C[C@H]3CC[C@@H](C2)N3Cc2ccccc2)c1,1.93
1241,CNC(=O)c1cccc(S(=O)(=O)Nc2ncc(C)nc2OC)c1-c1ccc(CC(C)C)cc1,1.68
1242,CNC(=O)c1cccc2c1c(Sc1ccc(Cl)cc1)c(C)n2CC(=O)O,-0.89
1243,CNC(=O)c1ccccc1Sc1ccc2c(/C=C/c3ccccn3)n[nH]c2c1,3.8
1244,CNC(=O)c1cnn(-c2ccccc2)c1NS(=O)(=O)c1ccc(C)cc1,-0.54
1245,CNC(=O)c1nc(-c2ccc(Cl)c(S(=O)(=O)Nc3cccc(F)c3F)c2)cnc1N,2.8
1246,CNC(=O)c1snnc1-c1ccccc1,1.23
1247,CNC1(C)C2CCC(C2)C1(C)C,-0.84
1248,CNC1=Nc2ccc(Cl)cc2C(c2ccccc2)=[N+]([O-])C1,2.41
1249,CNC1=Nc2ncccc2C(c2cc[nH]c2)=NC1c1cccs1,1.73
1250,CNC1=Nc2ncccc2C(c2ccccc2)=NC1c1cccs1,2.68
1251,CNC1=Nc2ncccc2C(c2ccco2)=NC1c1cccs1,1.85
1252,CNC1=Nc2ncccc2C(c2ccco2)=NC1c1ccns1,1.44
1253,CNC1=Nc2ncccc2C(c2cccs2)=NC1c1cccs1,2.63
1254,CNC1=Nc2ncccc2C(c2ccns2)=NC1c1cccs1,2.15
1255,CNC1=Nc2ncccc2C(c2ncco2)=NC1c1cccs1,1.14
1256,CNC1CCN(c2ccc(NC(=O)c3ccc(-c4ccccc4)cc3)cn2)C1,2.35
1257,CNCCC(Oc1ccc(C(F)(F)F)cc1)c1ccccc1,1.92
1258,CNCCC(Oc1ccccc1OC)c1ccccc1,0.22
1259,CNCCC=C1c2ccccc2CCc2ccccc21,1.58
1260,CNCCCC12CCC(c3ccccc31)c1ccccc12,0.89
1261,CNCCCN1c2ccccc2CCc2ccccc21,1.24
1262,CNCC[C@@H](Oc1cc(C(F)(F)F)ccc1C#N)c1ccccc1,1.3
1263,CNCC[C@@H](Oc1cc(OC)ccc1C#N)c1ccccc1,0.87
1264,CNCC[C@@H](Oc1ccc(C(F)(F)F)cc1)c1ccccc1,1.96
1265,CNCC[C@@H](Oc1ccccc1C)c1ccccc1,1.2
1266,CNCC[C@H](Oc1ccc(C(F)(F)F)cc1)c1ccccc1,1.89
1267,CNCC[C@H](Oc1cccc2ccccc12)c1cccs1,2.09
1268,CNC[C@H](O)c1ccc(Cl)c(C(=O)NCC23CC4CC(CC(C4)C2)C3)c1,1.41
1269,CNCc1ccc(-c2[nH]c3cc(F)cc4c3c2CCNC4=O)cc1,1.17
1270,CNCc1cccc(-c2ccc3c(N4CCOCC4)nc(N4C[C@@H](C)O[C@@H](C)C4)nc3n2)c1,1.26
1271,CNS(=O)(=O)CCc1ccc2[nH]cc(C3CCN(C)CC3)c2c1,0.48
1272,CNS(=O)(=O)Cc1ccc2[nH]cc(CCN(C)C)c2c1,-0.96
1273,CNS(=O)(=O)Nc1ccc(-c2ccccc2)n(CC(=O)NC(C(=O)C(F)(F)F)C(C)C)c1=O,1.79
1274,CNS(=O)(=O)c1ccc(Nc2nccc(-c3cnc4cccnn34)n2)cc1,2.8
1275,CNS(=O)(=O)c1ccc(Oc2ccc(C#C[C@]3(O)CN4CCC3CC4)cc2)cc1,2.03
1276,CNS(=O)(=O)c1ccc2c(C(=O)NC[C@@H](O)CN3CCC(Oc4ccc(Cl)c(Cl)c4)CC3)c[nH]c(=O)c2c1,2.77
1277,CN[C@@H](C)C(=O)N[C@H](C(=O)N(C)[C@H]1CCCN(CCc2ccccc2)C1)C1CCCCC1,2.34
1278,CN[C@@H](C)C(=O)N[C@H](C(=O)N1CCC[C@H]1C(=O)N[C@H](C(=O)OC)C(c1ccccc1)c1ccccc1)C1CCCCC1,2.42
1279,CN[C@@H](C)C(=O)N[C@H](C(=O)N1CC[C@H]2CCN(CCc3ccccc3)C[C@H]21)C1CCCCC1,2.47
1280,CN[C@@H](C)C(=O)N[C@H](C(=O)N1CC[C@H]2CC[C@H](NC(=O)c3cccc4ccccc34)[C@H]21)C(C)(C)C,1.94
1281,CN[C@@H](C)C(=O)N[C@H](C(=O)N[C@H]1CCCCN(Cc2ccccc2)C1)C1CCCCC1,2.12
1282,CN[C@@H](C)C(=O)N[C@H](C(=O)N[C@H]1CCCN(C(=O)Cc2ccccc2)C1)C1CCCCC1,1.32
1283,CN[C@@H](C)C(=O)N[C@H](C(=O)N[C@H]1CCCN(C(=O)c2ccccc2)C1)C1CCCCC1,0.87
1284,CN[C@@H](C)C(=O)N[C@H](C(=O)N[C@H]1CCCN(CCCc2ccccc2)C1)C1CCCCC1,2.6
1285,CN[C@@H](C)C(=O)N[C@H](C(=O)N[C@H]1CCCN(CCc2ccc(Br)cc2)C1)C(C)(C)C,2.92
1286,CN[C@@H](C)C(=O)N[C@H](C(=O)N[C@H]1CCCN(CCc2ccc(C(F)(F)F)cc2)C1)C(C)(C)C,2.85
1287,CN[C@@H](C)C(=O)N[C@H](C(=O)N[C@H]1CCCN(CCc2ccc(C)cc2)C1)C(C)(C)C,2.05
1288,CN[C@@H](C)C(=O)N[C@H](C(=O)N[C@H]1CCCN(CCc2ccc(F)cc2)C1)C(C)(C)C,3.12
1289,CN[C@@H](C)C(=O)N[C@H](C(=O)N[C@H]1CCCN(CCc2ccc(F)cc2)C1)C1CCCCC1,2.39
1290,CN[C@@H](C)C(=O)N[C@H](C(=O)N[C@H]1CCCN(CCc2ccc(O)cc2)C1)C(C)(C)C,0.77
1291,CN[C@@H](C)C(=O)N[C@H](C(=O)N[C@H]1CCCN(CCc2ccc(OC)cc2)C1)C(C)(C)C,1.45
1292,CN[C@@H](C)C(=O)N[C@H](C(=O)N[C@H]1CCCN(CCc2ccc([N+](=O)[O-])cc2)C1)C(C)(C)C,1.54
1293,CN[C@@H](C)C(=O)N[C@H](C(=O)N[C@H]1CCCN(CCc2cccc(F)c2)C1)C1CCCCC1,2.64
1294,CN[C@@H](C)C(=O)N[C@H](C(=O)N[C@H]1CCCN(CCc2cccc(OC)c2)C1)C(C)(C)C,1.47
1295,CN[C@@H](C)C(=O)N[C@H](C(=O)N[C@H]1CCCN(CCc2ccccc2)C1)C(C)(C)C,1.46
1296,CN[C@@H](C)C(=O)N[C@H](C(=O)N[C@H]1CCCN(CCc2ccccc2)C1)C1CCCCC1,1.65
1297,CN[C@@H](C)C(=O)N[C@H](C(=O)N[C@H]1CCCN(CCc2ccccc2F)C1)C1CCCCC1,2.51
1298,CN[C@@H](C)C(=O)N[C@H](C(=O)N[C@H]1CCCN(CCc2ccccc2OC)C1)C(C)(C)C,1.61
1299,CN[C@@H](C)C(=O)N[C@H](C(=O)N[C@H]1CCCN(CCc2ccccn2)C1)C(C)(C)C,-0.55
1300,CN[C@@H](C)C(=O)N[C@H](C(=O)N[C@H]1CCCN(Cc2ccccc2)C1)C1CCCCC1,2.01
1301,CN[C@@H](C)C(=O)N[C@H](C(=O)N[C@H]1CCCN(S(=O)(=O)Cc2ccccc2)C1)C(C)(C)C,0.78
1302,CN[C@@H](C)C(=O)N[C@H](C(=O)N[C@H]1CCCN(S(=O)(=O)c2ccccc2)C1)C(C)(C)C,0.9
1303,CN[C@@H](C)C(=O)N[C@H](C(=O)N[C@H]1CCN(C(=O)Cc2ccccc2)C1)C1CCCCC1,0.81
1304,CN[C@@H](C)C(=O)N[C@H](C(=O)N[C@H]1CCN(C(=O)c2ccccc2)C1)C1CCCCC1,0.82
1305,CN[C@@H](C)C(=O)N[C@H](C(=O)N[C@H]1CCN(CCCc2ccccc2)C1)C1CCCCC1,1.9
1306,CN[C@@H](C)C(=O)N[C@H](C(=O)N[C@H]1CCN(CCc2ccccc2)C1)C1CCCCC1,1.65
1307,CN[C@@H](C)C(=O)N[C@H](C(=O)N[C@H]1CCN(Cc2ccccc2)C1)C1CCCCC1,1.49
1308,CN[C@@H](C)C(=O)N[C@H](C(=O)N[C@H]1C[C@@H]2CC[C@H]1N(CCc1ccccc1)C2)C1CCCCC1,1.64
1309,CN[C@@H](C)C(=O)N[C@H]1CN(C(=O)CC(C)C)CC[C@H]2CC[C@@H](C(=O)NC(c3ccccc3)c3ccccc3)N2C1=O,1.82
1310,CN[C@@H](C)[C@H](O)c1ccccc1,-1.15
1311,CN[C@H]1CCN(C(=O)c2ccc(Nc3nccc(-c4cnc(C)n4C(C)C)n3)cc2)C1,1.22
1312,CN[C@H]1CC[C@@H](c2ccc(Cl)c(Cl)c2)c2ccccc21,3.15
1313,CNc1c(Br)cnc2[nH]c(-c3ccc(O)cc3)nc12,2.47
1314,CNc1c(Br)cnc2[nH]c(-c3ccc(OCCCN4CCOCC4)cc3)nc12,2.96
1315,CNc1c(Br)cnc2[nH]c(-c3ccc(OCCN4CCCCC4)cc3)nc12,2.56
1316,CNc1c(Br)cnc2[nH]c(-c3ccc(OCCN4CCN(C)CC4)cc3)nc12,2.91
1317,CNc1c(Br)cnc2[nH]c(-c3ccc(S(C)(=O)=O)cc3)nc12,2.88
1318,CNc1c(Br)cnc2[nH]c(-c3cccc(N)c3)nc12,2.96
1319,CNc1c(Br)cnc2[nH]c(-c3ccnc(N)c3)nc12,2.83
1320,CNc1c(Br)cnc2[nH]c(-c3cnn(C4CCN(C)CC4)c3)nc12,2.5
1321,CNc1c(C(N)=O)cnc2[nH]c(-c3ccc(OCCN4CCOCC4)cc3)nc12,2.14
1322,CNc1c(Cl)cnc2[nH]c(-c3ccc(OCCN4CCOCC4)cc3)nc12,2.63
1323,CNc1cc(C(=O)Nc2ccc(N3CCOCC3)cc2)nc2c(N3CCN(C)CC3)cc(OC)cc12,2.93
1324,CNc1ccc(-c2nc3ccc(O)cc3s2)cc1,3.5
1325,CNc1ccc2ncc(-c3cccc(O)c3)n2n1,2.99
1326,CNc1cccc(CCCc2ccc(C[C@H](NC(=O)c3c(Cl)cccc3Cl)C(=O)O)cc2)n1,0.57
1327,CNc1cccc(CCCc2ccc(C[C@H](NC(=O)c3c(Cl)cccc3Cl)C(=O)O)s2)n1,0.78
1328,CNc1cccc(CCOc2ccc(C[C@H](NC(=O)c3c(C)cc(C)cc3C)C(=O)O)cc2)n1,0.52
1329,CNc1cccc(CCOc2ccc(C[C@H](NC(=O)c3c(Cl)cccc3Cl)C(=O)O)cc2)n1,-0.15
1330,CNc1cccc(CCOc2ccc(C[C@H](NC(=O)c3c(Cl)cccc3Cl)C(=O)O)cc2C)n1,0.34
1331,CNc1cccc(CCOc2ccc(C[C@H](NC(=O)c3c(Cl)cccc3Cl)C(=O)O)cc2F)n1,-0.05
1332,CNc1cccc(CCOc2ccc(C[C@H](NC(=O)c3c(F)cccc3Cl)C(=O)O)cc2)n1,-0.42
1333,CNc1cccc(CCOc2ccc(C[C@H](NC(=O)c3ccc(F)cc3Cl)C(=O)O)cc2)n1,-0.04
1334,CNc1cccc(CCOc2ccc(C[C@H](NC(=O)c3ccccc3Cl)C(=O)O)cc2)n1,-0.31
1335,CNc1cnc(-c2ccc(F)cc2)n(CC(=O)NC(C(=O)C(F)(F)F)C(C)C)c1=O,1.86
1336,CNc1nc(C)c(-c2nc(Nc3cccc(N4CCCN(C(C)=O)CC4)c3)ncc2C#N)s1,3.2
1337,CNc1nc(C)c(-c2nc(Nc3cccc(N4CCCNCC4)c3)ncc2C#N)s1,1.64
1338,CNc1nc(C)c(-c2nc(Nc3cccc(N4CCNCC4)c3)ncc2C#N)s1,1.9
1339,CNc1nc2ccccc2n1Cc1sc2c(c1C(=O)N1CC[C@@H](O)C1)c(=O)n(C)c(=O)n2CC(C)C,1.61
1340,CNc1nc2ccccc2n1Cc1sc2c(c1C(=O)N1C[C@H](O)CO1)c(=O)n(C)c(=O)n2CC(C)C,1.77
1341,CNc1nc2nc(SCc3cccc(F)c3F)nc(N[C@H](C)CO)c2s1,3.7
1342,CNc1ncc(C(=O)c2ccccc2)s1,2.36
1343,CNc1ncnc2c(CNc3cc(NC(=O)c4ccc5c(c4)OCCO5)ccc3C)cccc12,4.0
1344,COC(=O)C1=C(C)NC(C)=C(C(=O)OC(C)C)[C@@H]1c1cccc2nonc12,3.77
1345,COC(=O)C1=C(C)NC(C)=C(C(=O)OC)C1c1ccccc1[N+](=O)[O-],3.29
1346,COC(=O)C1=C(C)NC(C)=C(C(=O)OCC(C)C)C1c1ccccc1[N+](=O)[O-],3.59
1347,COC(=O)C1C(OC(=O)c2ccccc2)CC2CCC1N2C,1.06
1348,COC(=O)CCC(=O)Nc1ccc2c(c1)-c1ccccc1C(=O)C2=O,2.72
1349,COC(=O)CCC(=O)Nc1ccc2c(c1)C(=O)C(=O)c1cc(NC(=O)CCC(=O)OC)ccc1-2,2.67
1350,COC(=O)CCCC(=O)Nc1ccc2c(c1)-c1ccccc1C(=O)C2=O,2.96
1351,COC(=O)CCCCCCC(=O)Nc1ccc2c(c1)-c1ccccc1C(=O)C2=O,2.6
1352,COC(=O)CCCCCCC(=O)Nc1ccc2c(c1)C(=O)C(=O)c1ccccc1-2,2.9
1353,COC(=O)CCn1cc(-c2cc(NC3CC3)n3ncc(C#N)c3n2)c2cc(NC(C)=O)ccc21,2.72
1354,COC(=O)COc1ccc(C(=O)Nc2ccc(F)cc2)cn1,2.43
1355,COC(=O)COc1ccc(O)cc1,0.92
1356,COC(=O)COc1ccc(OCCNCC(O)COc2ccccc2)cc1,1.54
1357,COC(=O)N1CCN(C(=O)Cc2ccc(Cl)c(Cl)c2)[C@@H](CN2CCCC2)C1,1.97
1358,COC(=O)N1CCN(C(=O)Cc2ccc(Cl)c(Cl)c2)[C@H](CN2CCCC2)C1,2.05
1359,COC(=O)N1CCN(c2ccnc(-n3ccnc3)n2)C(CC(=O)NCc2ccc3c(c2)OCO3)C1,1.88
1360,COC(=O)N1CCOc2cc(COc3ccccc3)cnc21,2.5
1361,COC(=O)Nc1cnc(-c2ccc(F)cc2)n(CC(=O)NC(C(=O)C(F)(F)F)C(C)C)c1=O,1.82
1362,COC(=O)Nc1nc2cc(C(=O)c3ccccc3)ccc2[nH]1,2.9
1363,COC(=O)[C@@H]1[C@H]2C[C@H]3c4[nH]c5ccccc5c4CCN3C[C@@H]2CC[C@@H]1O,1.65
1364,COC(=O)[C@H](Cc1ccc([N+](=O)[O-])cc1)NC(=O)c1cccc2ccccc12,3.58
1365,COC(=O)[C@H](c1ccccc1Cl)N1CCc2sccc2C1,3.69
1366,COC(=O)[C@H]1[C@@H](c2ccc(I)cc2)C[C@@H]2CC[C@H]1N2CCCF,2.3
1367,COC(=O)c1c(C)[nH]c(C)c1C(=O)c1ccccc1Cl,2.7
1368,COC(=O)c1c(O)cccc1OC/C=C/c1ccc(F)c(-c2cc(C(=O)O)no2)c1,0.66
1369,COC(=O)c1ccc(C(C)n2[nH]c(=O)c3[nH]c4cc(Cl)ccc4c(=O)c3c2=O)cc1,1.3
1370,COC(=O)c1ccc(C)c(NS(=O)(=O)c2ccc3c(c2)c(=O)sn3C)c1,2.6
1371,COC(=O)c1ccc(CC(=O)N(C)C2CCN(CCC(c3ccccc3)c3ccccc3)CC2)cc1,4.0
1372,COC(=O)c1ccc(Cn2[nH]c(=O)c3[nH]c4cc(Cl)ccc4c(=O)c3c2=O)cc1,1.17
1373,COC(=O)c1ccc(NC(=O)c2cc(OC)c(OC)c(OC)c2)cc1,3.2
1374,COC(=O)c1ccc2c(c1)N(CCN1CCC(NCc3ccc4c(n3)NC(=O)CO4)CC1)C(=O)CO2,0.83
1375,COC(=O)c1cccc(Cn2[nH]c(=O)c3[nH]c4cc(Cl)ccc4c(=O)c3c2=O)c1,1.1
1376,COC(=O)c1nc2c(N[C@H](C)CO)nc(SCc3cccc(F)c3F)nc2[nH]c1=O,2.49
1377,COC(Cn1c(=O)[nH]c2c(=O)n(CC(=O)NC(C(=O)C(F)(F)F)C(C)C)c(-c3ccccc3)cc2c1=O)OC,1.56
1378,COC1(c2cc(F)cc(OCc3ccc4c(ccc(=O)n4C)c3)c2)CCOCC1,3.52
1379,COC1(c2ccc(NC(=O)c3cc(=O)c4cc(F)cc(-c5c(C)nn(C)c5C)c4o3)cn2)CCOCC1,2.98
1380,COC1/C=C/OC2(C)Oc3c(C)c(O)c4c(c3C2=O)C(=O)C=C(NC(=O)/C(C)=C\C=C\C(C)C(O)C(C)C(O)C(C)C(OC(C)=O)C1C)C4=O,0.7
1381,COC1=CC(c2cc3ccccc3[nH]2)=N/C1=C\c1[nH]c(C)cc1C,2.55
1382,COC1CCN(C(=O)C2CCN(CCc3c(-c4cc(C)cc(C)c4)[nH]c4sc(C(C)(C)C(=O)N5C6CCC5CC6)cc34)CC2)CC1,4.09
1383,COCC(=O)N1CCC(n2cc(-c3cnc(N)c(-c4nc5ccccc5o4)c3)cn2)CC1,3.4
1384,COCC(C)n1nc(C)c(C(=O)N[C@@H](C)C(C)(C)C)c1NS(=O)(=O)c1ccc(C)cc1,0.61
1385,COCC1=C(C(=O)OC(C)OC(=O)OC(C)C)N2C(=O)[C@@H](NC(=O)/C(=N\OC)c3csc(N)n3)[C@H]2SC1,1.7
1386,COCCC(=O)N(C)c1ccc(Nc2ncc3cc(-c4ccncc4)ccc3n2)cc1,3.23
1387,COCCC(=O)NC(C)c1ccc(Nc2ncc3cc(-c4ccncc4)ccc3n2)cc1,2.98
1388,COCCC(=O)N[C@@H](C)c1ccc(Nc2ncc3cc(-c4ccncc4)ccc3n2)cc1,3.05
1389,COCCC(=O)N[C@H](C)c1ccc(Nc2ncc3cc(-c4ccncc4)ccc3n2)cc1,3.08
1390,COCCC(=O)Nc1ccc(Nc2ncc3cc(-c4ccncc4)ccc3n2)cc1,2.78
1391,COCCC(C)n1nc(C)c(C(=O)N[C@@H](C)C(C)(C)C)c1NS(=O)(=O)c1ccc(C)cc1,0.78
1392,COCCC(NC(=O)C1(N)CCN(c2ncnc3[nH]ccc23)CC1)c1ccc(Cl)cc1,2.95
1393,COCCC(Oc1ncnc2c1cnn2-c1ccccc1C(F)(F)F)C(=O)Nc1ccc(C)cn1,3.5
1394,COCCCCC(=NOCCN)c1ccc(C(F)(F)F)cc1,1.55
1395,COCCCNS(=O)(=O)c1ccc(Nc2nccc(-c3cnc4ccccn34)n2)cc1,3.41
1396,COCCCOc1ccnc(C[S+]([O-])c2nc3ccccc3[nH]2)c1C,-0.69
1397,COCCCc1cc(Nc2ccnc(NCc3cc(C)no3)n2)n[nH]1,2.04
1398,COCCCc1cc(Nc2nc(NCc3cc(C)no3)ncc2Br)n[nH]1,3.07
1399,COCCN(C)Cc1ccc(Nc2ncc3cc(-c4ccncc4)ccc3n2)cc1,2.65
1400,COCCN(c1ccnc(Nc2cc(N3CCOCC3)cc(N3CCOCC3)c2)n1)c1cc(CO)ccc1C,2.8
1401,COCCN1CCC(Cc2ccc(C(=O)NCc3cnc(C#N)nc3NCC(C)(C)C)cc2)CC1,3.5
1402,COCCN1CCN(CC(=O)Nc2ccc(-c3cccn4c(=O)cc(N5CCOCC5)nc34)c3sc4ccccc4c23)CC1,3.2
1403,COCCNC(=O)c1ccc(Nc2ncc3cc(-c4cccnc4)ccc3n2)cc1,3.11
1404,COCCNC(=O)c1ccc(Nc2ncc3cc(-c4ccnc(C)c4)ccc3n2)cc1,3.56
1405,COCCNC(=O)c1ccc(Nc2ncc3cc(-c4ccncc4)ccc3n2)cc1C,2.78
1406,COCCNC(=O)c1ccc(Nc2ncc3cc(-c4ccncc4OC)ccc3n2)cc1,3.14
1407,COCCNC(=O)c1cccc(Cn2[nH]c(=O)c3[nH]c4cc(Cl)ccc4c(=O)c3c2=O)c1,1.2
1408,COCCNC(=O)c1cccc(Nc2ncc3cc(-c4ccncc4)ccc3n2)c1,3.21
1409,COCCNCc1ccc(-c2cc(C(N)=O)c(NC(N)=O)s2)cc1,0.87
1410,COCCNCc1ccc(CCNC[C@H](O)c2ccc(O)c3[nH]c(=O)sc23)cc1,-0.54
1411,COCCNCc1ccc(Nc2ncc3cc(-c4ccncc4)ccc3n2)cc1,1.86
1412,COCCNCc1cccc(CCNC[C@H](O)c2ccc(O)c3[nH]c(=O)sc23)c1,0.01
1413,COCCNCc1cncc(-c2ccc(F)cc2OC)n1,1.61
1414,COCCNS(=O)(=O)c1ccc(-c2cnc(N)c(C(=O)Nc3cccnc3)n2)cc1,2.26
1415,COCCNS(=O)(=O)c1ccc(Nc2nccc(-c3cnc4cccnn34)n2)cc1,2.8
1416,COCCNc1nc(C#N)nc(NCC(C)C)c1N,2.8
1417,COCCNc1nc(N)c2nc(O)n(Cc3ccccc3)c2n1,2.18
1418,COCCNc1nc(NCc2ccccc2F)c2sccc2n1,3.4
1419,COCCOC(=O)C1=C(C)NC(C)=C(C(=O)OC(C)C)C1c1cccc([N+](=O)[O-])c1,3.8
1420,COCCOCCOc1ccc(-c2cc(C(N)=O)c(NC(N)=O)s2)cc1,2.21
1421,COCCOc1cc(Nc2nccc(N(C)c3cc(CO)ccc3C)n2)cc(N2CCOCC2)c1,3.3
1422,COCCOc1cc2ncc(C(N)=O)c(Nc3ccc(C)cc3F)c2cc1N1CCN(C)CC1,2.24
1423,COCCOc1cc2nccc(Nc3cc(O)c(Cl)cc3F)c2cc1OC,2.64
1424,COCCOc1ccc(-c2cc(C(N)=O)c(NC(N)=O)s2)cc1,2.34
1425,COCCOc1ccc(C(=O)Nc2cc(NC(=O)c3cccc(N(C)C)c3)ccc2C)cc1,2.74
1426,COCCOc1ccc(Nc2ncc3cc(-c4ccncc4)ccc3n2)cc1,3.1
1427,COCCOc1nc(N)c2[nH]c(=O)n(Cc3cccc(CC(=O)OC)c3)c2n1,1.86
1428,COCCOc1nc(N)c2[nH]c(=O)n(Cc3ccccc3)c2n1,2.26
1429,COCCS(=O)(=O)N1CCN(c2ccc(Nc3nccc(-c4cnc(C)n4C(C)C)n3)cc2)CC1,2.75
1430,COCCS(=O)(=O)c1ccc(Nc2nccc(-c3cnc(C)n3C(C)C)n2)cc1,2.56
1431,COCC[C@H](Oc1ncnc2c1cnn2-c1ccccc1Cl)C(=O)Nc1ccc(C)cn1,3.6
1432,COC[C@@H](O)Cn1c(=O)cnn(-c2ccc(Cl)c(C(=O)NCC3(O)CCCCCC3)c2)c1=O,1.44
1433,COC[C@@H](c1ccc(C(F)(F)F)cc1)N1CCN(C2(C)CCN(C(=O)c3c(C)ncnc3C)CC2)C[C@@H]1C,2.7
1434,COC[C@H](C)Oc1cc(O[C@@H](C)Cc2ccccc2)cc(C(=O)Nc2ccc(C(=O)O)cn2)c1,1.5
1435,COC[C@H](C)Oc1cc(Oc2cc(F)cc(F)c2)cc(C(=O)Nc2ccc(C(=O)O)cn2)c1,1.36
1436,COC[C@H](C)Oc1cc(Oc2ccc(Cl)cc2)cc(C(=O)Nc2ccc(C(=O)O)cn2)c1,1.69
1437,COC[C@H](C)Oc1cc(Oc2ccc(S(C)(=O)=O)cc2)cc(C(=O)Nc2ccc(C(=O)O)cn2)c1,-0.41
1438,COC[C@H](C)Oc1cc(Oc2ccccc2)cc(C(=O)Nc2ccc(C(=O)O)cn2)c1,0.95
1439,COC[C@H](O)Cn1c(=O)cnn(-c2ccc(Cl)c(C(=O)NCC3(O)CCCCCC3)c2)c1=O,1.46
1440,COCc1c(C(C)C)nc(C(C)C)c(/C=C/[C@@H](O)C[C@@H](O)CC(=O)O)c1-c1ccc(F)cc1,1.72
1441,COCc1ccoc1C(=O)N(c1ccc(OC)cc1OC)C(C(=O)NC[C@@H](C)O)c1ccccc1F,1.98
1442,CON(C)C(=O)c1c(Cn2c(C)nc(Cl)c2Cl)sc2c1c(=O)n(C)c(=O)n2CC(C)C,2.23
1443,CONC(=O)c1cnc(N2CCC(NC(=O)c3[nH]c(C)c(Cl)c3Cl)CC2)s1,3.1
1444,CO[C@@H](C(=O)N1Cc2[nH]nc(NC(=O)c3ccc(N4CCN(C)CC4)cc3)c2C1)c1ccccc1,2.0
1445,CO[C@@H]1CN(CCn2c(=O)ccc3ccc(C#N)cc32)CC[C@H]1NCc1ccc2c(n1)NC(=O)CO2,0.81
1446,CO[C@@H]1CN(Cc2ccc(C(F)(F)F)cc2)CC[C@@H]1N(C)C(=O)Cc1ccc(-n2cnnn2)cc1,3.1
1447,CO[C@H]1/C=C/O[C@@]2(C)Oc3c(C)c(O)c4c(O)c(cc(O)c4c3C2=O)NC(=O)/C(C)=C\C=C\[C@H](C)[C@H](O)[C@@H](C)[C@@H](O)[C@@H](C)[C@H](OC(C)=O)[C@@H]1C,1.19
1448,CO[C@H]1CC[C@]2(CC1)Cc1ccc(-c3cc(Cl)cc(C#N)c3)cc1C21N=C(C)C(N)=N1,3.8
1449,CO[C@H]1CC[C@]2(CC1)Cc1ccc(-c3cncc(Br)c3)cc1C21N=C(C)C(N)=N1,3.4
1450,CO[C@H]1CC[C@]2(CC1)Cc1ccc(OCC(C)C)cc1C21N=C(C)C(N)=N1,3.4
1451,CO[C@H]1CN(CCn2c(=O)ccc3ccc(C#N)cc32)CC[C@@H]1NCc1cc2c(cn1)OCCO2,1.05
1452,CO[C@H]1CN(CCn2c(=O)ccc3ccc(C#N)cc32)CC[C@H]1NCc1cc2c(cn1)OCCO2,0.63
1453,CO[C@H]1CN(CCn2c(=O)ccc3ccc(C#N)cc32)CC[C@H]1NCc1ccc2c(n1)NC(=O)CO2,0.32
1454,CO[C@H]1CN(Cc2ccc(C(F)(F)F)cc2)CC[C@H]1N(C)C(=O)Cc1ccc(-n2cnnn2)cc1,3.0
1455,COc1c(C#N)cc2ccccc2c1C(=O)N(C)C[C@@H](CCN1CCC(N2CCCNC2=O)CC1)c1ccc(Cl)c(Cl)c1,3.0
1456,COc1c(C#N)cc2ccccc2c1C(=O)N(C)C[C@@H](CCN1CCC(c2ccc(O)cc2[S+](C)[O-])CC1)c1ccc(Cl)c(Cl)c1,3.5
1457,COc1c(C)c2c(c(O)c1C/C=C(\C)CCC(=O)OCCN1CCOCC1)C(=O)OC2,2.26
1458,COc1c(C)cnc(Cn2cnc3c(Cl)nc(N)nc32)c1C,1.67
1459,COc1c(N2CCNC(C)C2)c(F)cc2c(=O)c(C(=O)O)cn(C3CC3)c12,-0.82
1460,COc1c(N2CCO[C@@H](CN(C)C)C2)c(F)cc2c(=O)c(C(=O)O)cn(C3CC3)c12,-0.62
1461,COc1c(N2C[C@@H]3CCCN[C@@H]3C2)c(F)cc2c(=O)c(C(=O)O)cn(C3CC3)c12,-0.18
1462,COc1c(Nc2ccc(S(C)(=O)=O)nc2C)ncnc1OC1CCN(C(=O)OC(C)C)CC1,2.4
1463,COc1c2occc2cc2ccc(=O)oc12,1.97
1464,COc1cc(-c2c(F)ccc3c(N)c(C(=O)NC4CC4)nnc23)c(OC)nn1,2.75
1465,COc1cc(-c2ccc(Nc3ccccc3C(=O)O)c(OC)c2)ccc1Nc1ccccc1C(=O)O,1.8
1466,COc1cc(-c2cccc3c(=O)cc(N4CCOCC4)oc23)ccc1NC(=O)CN1CCOCC1,2.3
1467,COc1cc(-c2ccncc2)cc2cnc(Nc3ccc([C@@H](C)NC(C)=O)cc3)nc12,2.73
1468,COc1cc(-c2nc(N3CCOCC3)cc(C3(S(C)(=O)=O)CC3)n2)c2cc[nH]c2c1,2.4
1469,COc1cc(-c2nn[nH]n2)ccc1Cn1ccc2ccc(NC(=O)OC3CCCC3)cc21,2.7
1470,COc1cc(-c2nnc(S)n2-c2cccc(C(F)(F)F)c2)cc(OC)c1OC,2.27
1471,COc1cc(-n2cnc3cc(-c4ccc(Cl)cc4)sc3c2=O)ccc1OCCN1CCCC1,2.74
1472,COc1cc(-n2cnc3cc(-c4ccc(Cl)cc4)sc3c2=O)ccc1OC[C@H](OP(=O)(O)O)C1CC1,-0.04
1473,COc1cc(-n2nnc3cc(-c4ccc(Cl)cc4)sc3c2=O)ccc1N1CC[C@@H](O)C1,3.15
1474,COc1cc(/C=C2/SC(=O)NC2=O)cc(OC)c1O,0.74
1475,COc1cc(C(=O)N2CCOCC2)ccc1Nc1ncc(Cl)c(-c2cnc3ccccn23)n1,3.4
1476,COc1cc(C(=O)N2CC[C@](CCN3CCC(C(N)=O)(c4ccccc4)CC3)(c3ccc(Cl)c(Cl)c3)C2)cc(OC)c1OC,3.23
1477,COc1cc(C(=O)NC2CCN(C)CC2)ccc1Nc1ncc2c(n1)N(C1CCCCC1)CCC(=O)N2C,2.87
1478,COc1cc(C(=O)NC[C@@H](O)CN2CCC(Oc3ccc(Cl)c(Cl)c3)CC2)ccc1N,3.12
1479,COc1cc(C(=O)NCc2ccc(OCCN(C)C)cc2)cc(OC)c1OC,0.74
1480,COc1cc(C(=O)NS(=O)(=O)c2ccccc2)ccc1Cn1ccc2ccc(C(=O)NCC3CCCC3)cc21,1.93
1481,COc1cc(C(=O)NS(=O)(=O)c2ccccc2)ccc1Cn1ccc2ccc(NC(=O)OC3CCCC3)cc21,2.2
1482,COc1cc(C(=O)NS(=O)(=O)c2ccccc2)ccc1Cn1cnc2ccc(NC(=O)CC3CCCC3)cc21,0.9
1483,COc1cc(C(=O)NS(=O)(=O)c2ccccc2)ccc1Cn1ncc2ccc(NC(=O)CC3CCCC3)cc21,1.6
1484,COc1cc(C(=O)NS(=O)(=O)c2ccccc2)ccc1Cn1ncc2ccc(NC(=O)OC3CCCC3)cc21,1.8
1485,COc1cc(C(=O)NS(=O)(=O)c2ccccc2C)ccc1Cc1c[nH]c2ccc(NC(=O)CC3CCCC3)cc12,2.0
1486,COc1cc(C(=O)NS(=O)(=O)c2ccccc2C)ccc1Cc1cn(C)c2ccc(C(=O)NCCc3ccccc3)cc12,2.51
1487,COc1cc(C(=O)Nc2cc(NC(=O)c3cccc(N(C)C)c3)ccc2C)cc(OC)c1OC,2.54
1488,COc1cc(C(=O)Nc2ccc(Cl)c(-c3nc4ccccc4[nH]3)c2)cc(OC)c1OC,3.83
1489,COc1cc(C(=O)Nc2ccc(N3CCOCC3)cc2)nc2c(N3CCN(C)CC3)cc(F)cc12,3.85
1490,COc1cc(C(=O)O)ccc1Cc1cn(C)c2ccc(NC(=O)CC3CCCC3)cc12,2.0
1491,COc1cc(C(=O)O)ccc1Cn1ccc2ccc(NC(=O)OC3CCCC3)cc21,2.1
1492,COc1cc(C(=O)c2cc(Cl)ccc2N)cc(OC)c1OC,3.38
1493,COc1cc(C(CO)CO)ccc1Nc1ncc(Cl)c(-c2cnc3ccccn23)n1,3.1
1494,COc1cc(C)c(S(=O)(=O)N(C)CCOCC(=O)N2CCC(C3CCN(C)CC3)CC2)c(C)c1,0.3
1495,COc1cc(C)c(S(=O)(=O)N(C)CCOCC(=O)N2CCN(C3CCN(C)CC3)CC2)c(C)c1,-0.4
1496,COc1cc(CCc2cc(Nc3ccnc(NCc4cc(C)no4)n3)n[nH]2)cc(OC)c1,3.1
1497,COc1cc(CCc2cc(Nc3ccnc(NCc4ccccn4)n3)n[nH]2)cc(OC)c1,3.5
1498,COc1cc(CNc2nc3ccccc3[nH]2)cc(OC)c1OC,2.36
1499,COc1cc(CO)cc(N(C)c2ccnc(Nc3cc(N4CCOCC4)cc(N4CCOCC4)c3)n2)c1,3.0
1500,COc1cc(Cc2cnc(N)nc2N)cc(OC)c1OC,0.63
1501,COc1cc(F)ccc1-c1cc(CNC2CCCC2)ccn1,1.71
1502,COc1cc(F)ccc1-c1cccc(CNC2CCCC2)c1,2.29
1503,COc1cc(F)ccc1-c1cccc(CNC2CCCC2)n1,2.06
1504,COc1cc(F)ccc1-c1cncc(C2CCCN2)c1,1.1
1505,COc1cc(F)ccc1-c1cncc(CNC(=O)C2CC2)c1,2.9
1506,COc1cc(F)ccc1-c1cncc(CNC(=O)C2CCC2)c1,3.2
1507,COc1cc(F)ccc1-c1cncc(CNC(=O)c2ccccc2)c1,3.76
1508,COc1cc(F)ccc1-c1cncc(CNC(=O)c2ccccn2)c1,3.2
1509,COc1cc(F)ccc1-c1cncc(CNC(=O)c2cnccn2)c1,2.5
1510,COc1cc(F)ccc1-c1cncc(CNC(C)C)c1,1.5
1511,COc1cc(F)ccc1-c1cncc(CNC2CCC2)n1,2.23
1512,COc1cc(F)ccc1-c1cncc(CNC2CCCC2)c1,2.29
1513,COc1cc(F)ccc1-c1cncc(CNC2CCCCC2)c1,2.6
1514,COc1cc(F)ccc1-c1cncc(CNCC2CC2)n1,1.8
1515,COc1cc(F)ccc1-c1cncc(CNC[C@@H]2CCCO2)n1,2.0
1516,COc1cc(N)c(Cl)cc1C(=O)NC1CCN(CCCOc2ccc(F)cc2)CC1OC,3.56
1517,COc1cc(N2CC3CN(CCO)CC(C2)O3)ccc1Nc1ncc(Cl)c(-c2cnc3ccccn23)n1,2.5
1518,COc1cc(N2CC3CNCC(C2)O3)ccc1Nc1ncc(Cl)c(-c2cnc3ccccn23)n1,2.3
1519,COc1cc(N2CC3COCC(C2)N3)ccc1Nc1ncc(Cl)c(-c2cnc3ccccn23)n1,3.0
1520,COc1cc(N2CCCN(C)CC2)c2[nH]c(C(=O)Nc3ccc(N4CCOCC4)cc3)cc(=O)c2c1,2.1
1521,COc1cc(N2CCN(C(=O)[C@@H]3CCCC[C@H]3C(=O)NC3(C#N)CC3)[C@H](C)C2)ccc1C1CC1,3.49
1522,COc1cc(N2CCN(C(C)=O)CC2)ccc1Nc1ncc(Br)c(-c2cnc3ccccn23)n1,3.7
1523,COc1cc(N2CCN(C(C)=O)CC2)ccc1Nc1ncc(C#N)c(-c2cnc3ccccn23)n1,2.8
1524,COc1cc(N2CCN(C(C)=O)CC2)ccc1Nc1ncc(C(F)(F)F)c(-c2cnc3ccccn23)n1,3.7
1525,COc1cc(N2CCN(C(C)=O)CC2)ccc1Nc1ncc(C)c(-c2cnc3ccccn23)n1,2.9
1526,COc1cc(N2CCN(C(C)=O)CC2)ccc1Nc1ncc(Cl)c(-c2cnc3c(C)cccn23)n1,3.2
1527,COc1cc(N2CCN(C(C)=O)CC2)ccc1Nc1ncc(Cl)c(-c2cnc3c(CO)cccn23)n1,3.1
1528,COc1cc(N2CCN(C(C)=O)CC2)ccc1Nc1ncc(Cl)c(-c2cnc3c(F)cc(F)cn23)n1,3.2
1529,COc1cc(N2CCN(C(C)=O)CC2)ccc1Nc1ncc(Cl)c(-c2cnc3c(F)cccn23)n1,3.5
1530,COc1cc(N2CCN(C(C)=O)CC2)ccc1Nc1ncc(Cl)c(-c2cnc3c(N)cccn23)n1,3.4
1531,COc1cc(N2CCN(C(C)=O)CC2)ccc1Nc1ncc(Cl)c(-c2cnc3c(OC)cccn23)n1,3.5
1532,COc1cc(N2CCN(C(C)=O)CC2)ccc1Nc1ncc(Cl)c(-c2cnc3cc(C#N)ccn23)n1,2.3
1533,COc1cc(N2CCN(C(C)=O)CC2)ccc1Nc1ncc(Cl)c(-c2cnc3cc(C)ccn23)n1,3.3
1534,COc1cc(N2CCN(C(C)=O)CC2)ccc1Nc1ncc(Cl)c(-c2cnc3cc(CO)ccn23)n1,3.1
1535,COc1cc(N2CCN(C(C)=O)CC2)ccc1Nc1ncc(Cl)c(-c2cnc3cc(Cl)ccn23)n1,4.2
1536,COc1cc(N2CCN(C(C)=O)CC2)ccc1Nc1ncc(Cl)c(-c2cnc3cc(F)ccn23)n1,3.7
1537,COc1cc(N2CCN(C(C)=O)CC2)ccc1Nc1ncc(Cl)c(-c2cnc3cc(N4CCCC4)ccn23)n1,3.5
1538,COc1cc(N2CCN(C(C)=O)CC2)ccc1Nc1ncc(Cl)c(-c2cnc3ccc(N(C)C)cn23)n1,4.1
1539,COc1cc(N2CCN(C(C)=O)CC2)ccc1Nc1ncc(Cl)c(-c2cnc3ccccn23)n1,3.65
1540,COc1cc(N2CCN(C(C)=O)CC2)ccc1Nc1ncc(OC)c(-c2cnc3ccccn23)n1,3.2
1541,COc1cc(N2CCN(C(C)=O)CC2)ccc1Nc1nccc(-c2cnc3ccccn23)n1,3.0
1542,COc1cc(N2CCN(C(N)=O)CC2)ccc1Nc1ncc(Cl)c(-c2cnc3ccccn23)n1,3.3
1543,COc1cc(N2CCN(C)CC2)c2[nH]c(C(=O)Nc3ccc(N4CCOCC4)cc3)cc(=O)c2c1,2.7
1544,COc1cc(N2CCN(C)CC2)c2nc(C(=O)Nc3ccc(N4CCOCC4)cc3)cc(N(C)C)c2c1,3.3
1545,COc1cc(N2CCN(CCO)CC2)ccc1Nc1ncc(Cl)c(-c2cnc3ccccn23)n1,3.2
1546,COc1cc(N2CCN(CCS(C)(=O)=O)CC2)ccc1Nc1ncc(Cl)c(-c2cnc3ccccn23)n1,3.1
1547,COc1cc(N2CCNCC2)ccc1Nc1ncc(Cl)c(-c2cnc3ccccn23)n1,2.4
1548,COc1cc(N2CC[C@@H](N(C)C)C2)c2[nH]c(C(=O)Nc3ccc(N4CCOCC4)cc3)cc(=O)c2c1,2.7
1549,COc1cc(NC(=O)Nc2cccc(CNC(=O)O[C@H]3CCOC3)c2)ccc1-c1cnco1,3.6
1550,COc1cc(NS(=O)(=O)c2ccc(N)cc2)nc(OC)n1,0.2
1551,COc1cc(Nc2c(C#N)cnc3cc(OC)c(OC)cc23)cc(OC)c1,3.5
1552,COc1cc(Nc2c(C#N)cnc3cc(OCCCN4CCN(C)CC4)c(OC)cc23)c(Cl)cc1Cl,3.5
1553,COc1cc(Nc2cc(N3CCOCC3)nc(N[C@@H](C)c3ncc(F)cn3)n2)n[nH]1,2.18
1554,COc1cc(Nc2cc(Nc3c(Cl)ccc4c3OCO4)ncn2)cc(OC)c1OC,3.07
1555,COc1cc(Nc2cc(Oc3cc(C)c(C)nc3-c3ccccn3)ccn2)cc(OC)c1OC,3.22
1556,COc1cc(Nc2cc(Oc3ccc(C)nc3)ccn2)cc(OC)c1OC,3.21
1557,COc1cc(Nc2cc(Oc3cccnc3)ccn2)cc(OC)c1OC,2.66
1558,COc1cc(Nc2cc(Oc3cccnc3C)ccn2)cc(OC)c1OC,3.19
1559,COc1cc(Nc2nc(N[C@@H](C)c3ncc(F)cn3)nc(N3CCOCC3)c2Cl)n[nH]1,2.85
1560,COc1cc(Nc2nc(N[C@@H](C)c3ncc(F)cn3)nc(N3CCOCC3)c2F)n[nH]1,2.64
1561,COc1cc(Nc2nc(N[C@@H](C)c3ncc(F)cn3)ncc2Br)n[nH]1,2.6
1562,COc1cc(Nc2nc(N[C@@H](C)c3ncc(F)cn3)ncc2Cl)n[nH]1,2.53
1563,COc1cc(Nc2nc3c(cc2F)ncn3[C@@H](CO)c2ccc(F)cn2)n[nH]1,2.18
1564,COc1cc(Nc2ncc(C)s2)nc(N[C@@H](C)c2ncc(F)cn2)n1,2.99
1565,COc1cc(Nc2nccc(N(C)c3cc(CO)ccc3C)n2)cc(N2CCOCC2)c1,3.9
1566,COc1cc(Nc2nccc(Oc3cnc4ccccc4c3)n2)cc(OC)c1OC,3.41
1567,COc1cc(Nc2ncnc(Nc3c(Cl)ccc4c3OCO4)n2)cc(OC)c1OC,3.01
1568,COc1cc(Nc2ncnc3cccc(O[C@H](C)C(=O)N4CCOCC4)c23)ccc1Oc1ccc(C)nc1,3.6
1569,COc1cc(O)c(C(CC(=O)N2CC(C)CC(C)C2)c2ccc3c(c2)OCO3)c(OC)c1,4.3
1570,COc1cc(O)c(S(=O)(=O)N2c3ccccc3CCC2C)cc1NC(=O)CCC(=O)O,-0.27
1571,COc1cc(O)c2c(c1)/C=C/C[C@H](O)[C@H](O)C(=O)/C=C\C[C@H](C)OC2=O,1.64
1572,COc1cc(O)cc2occ(-c3ccc(O)cc3)c(=O)c12,2.0
1573,COc1cc(O)ccc1/C=C1\CCCN=C1c1cccnc1,2.2
1574,COc1cc(OC)c(S(=O)(=O)N(C)c2ccccc2)cc1NC(C)=O,1.1
1575,COc1cc(OC)c(S(=O)(=O)N(c2ccc(C)cc2)c2ccc(C)cc2)cc1NC(=O)CCC(=O)O,0.06
1576,COc1cc(OC)c(S(=O)(=O)N(c2ccccc2)C(C)C)cc1NC(C)=O,1.6
1577,COc1cc(OC)c(S(=O)(=O)N(c2ccccc2)c2ccccc2)cc1NC(=O)CCC(=O)O,-0.8
1578,COc1cc(OC)c(S(=O)(=O)N2c3ccccc3CC2C)cc1NC(C)=O,1.95
1579,COc1cc(OC)c(S(=O)(=O)N2c3ccccc3CCC2C)cc1NC(=O)CCC(=O)O,-0.87
1580,COc1cc(OC)c(S(=O)(=O)N2c3ccccc3CCC2C)cc1NC(=O)CCc1nn[nH]n1,-0.34
1581,COc1cc(OC)c(S(=O)(=O)N2c3ccccc3CCC2C)cc1NC(=O)COC(C)=O,2.07
1582,COc1cc(OC)c(S(=O)(=O)N2c3ccccc3CCC2C)cc1NC(=O)CSCC(=O)O,-1.18
1583,COc1cc(OC)c(S(=O)(=O)N2c3ccccc3CCC2C)cc1NC(=O)CSc1ccncc1,2.82
1584,COc1cc(OC)c(S(=O)(=O)N2c3ccccc3CCC2C)cc1NC(=O)Cc1ccnc(F)c1,2.49
1585,COc1cc(OC)c(S(=O)(=O)N2c3ccccc3CCC2C)cc1NC(=O)NCC(=O)O,-1.02
1586,COc1cc(OC)c(S(=O)(=O)N2c3ccccc3CCC2C)cc1NC(=S)NCC(=O)O,-1.04
1587,COc1cc(OC)c(S(=O)(=O)N2c3ccccc3CCC2C)cc1NC(C)=O,1.97
1588,COc1cc(OC)c(S(=O)(=O)N2c3ccccc3Oc3ccccc32)cc1NC(=O)/C=C/C(=O)O,-0.71
1589,COc1cc(OC)c(S(=O)(=O)N2c3ccccc3Oc3ccccc32)cc1NC(=O)CCC(=O)O,-0.53
1590,COc1cc(OC)c(S(=O)(=O)N2c3ccccc3Oc3ccccc32)cc1NC(=O)Cc1ccnc(F)c1,3.37
1591,COc1cc(OC)c(S(=O)(=O)NCc2ccccc2N2CCC(CO)CC2)cc1NC(C)=O,1.03
1592,COc1cc(OC)c(S(=O)(=O)NCc2ccccc2N2CCCCC2)cc1NC(=O)CCC(=O)O,-0.72
1593,COc1cc(OC)c2nc(C)c3c(c2c1)N(c1ccc(O)cc1)CC3,1.5
1594,COc1cc(OC)cc(-c2cc3cnc(N)nc3nc2N)c1,2.14
1595,COc1cc(OC)cc(-c2ccc(NC(=O)OCc3ccccc3)c(=O)n2CC(=O)NC(C(=O)C(F)(F)F)C(C)C)c1,2.26
1596,COc1cc(OC)nc(-n2ncc(Cl)c(Cl)c2=O)n1,1.4
1597,COc1cc(OC2CCN(C(C)=O)CC2)ccc1Nc1ncc(Cl)c(-c2cnc3ccccn23)n1,4.0
1598,COc1cc(OC2CCN(C)CC2)c2c(Nc3c(Cl)ccc4c3OCO4)ncnc2c1,2.98
1599,COc1cc(OC2CCN(C)CC2)c2c(Nc3cccc4c3OCCO4)ncnc2c1,2.26
1600,COc1cc(OC2CCN(C)CC2)c2c(Nc3cccc4c3OCO4)ncnc2c1,3.02
1601,COc1cc(OC2CCNCC2)ccc1Nc1ncc(Cl)c(-c2cnc3ccccn23)n1,1.8
1602,COc1cc(Oc2ccnc3ccc(F)cc23)ccc1CC(=O)Nc1noc(C)c1C,4.06
1603,COc1cc([C@@H]2c3cc4c(cc3C(O[C@@H]3O[C@@H]5CO[C@@H](C)O[C@H]5[C@H](O)[C@H]3O)C3COC(=O)[C@@H]32)OCO4)cc(OC)c1O,0.91
1604,COc1cc2c(N3CCN(C(=O)Nc4ccc(OC(C)C)cc4)CC3)ncnc2cc1OCCCN1CCCCC1,2.6
1605,COc1cc2c(NC(=O)Nc3c(Cl)cccc3Cl)ncnc2cc1OCC1CCN(C)CC1,2.7
1606,COc1cc2c(Nc3c(Cl)ccc4c3OCO4)ncnc2cc1OCC1CCN(C)CC1,1.83
1607,COc1cc2c(Nc3c(Cl)ccc4c3OCO4)ncnc2cc1OCCCN1CCCC1,1.62
1608,COc1cc2c(Nc3c(Cl)ccc4c3OCO4)ncnc2cc1OCCCN1CCCCC1,2.05
1609,COc1cc2c(Nc3cc(CC(=O)Nc4cccc(F)c4)[nH]n3)ncnc2cc1OCCCN1CCC(CO)CC1,2.11
1610,COc1cc2c(Nc3cc(CC(=O)Nc4cccc(F)c4F)[nH]n3)ncnc2cc1OCCCN(CCO)CC(C)C,3.61
1611,COc1cc2c(Nc3cc(CC(=O)Nc4cccc(F)c4F)[nH]n3)ncnc2cc1OCCCN1CCC[C@@H]1CO,1.96
1612,COc1cc2c(Nc3ccc(Br)cc3F)ncnc2cc1OC[C@@H]1CCCN(C)C1,3.05
1613,COc1cc2c(Nc3ccc(Cl)cc3F)ncnc2cc1OCC1CCNCC1,1.1
1614,COc1cc2c(Nc3ccc(Cl)cc3F)ncnc2cc1OCCCN1CCOCC1,3.4
1615,COc1cc2c(Nc3ccc(Cl)cc3F)ncnc2cc1OCCn1cncn1,3.2
1616,COc1cc2c(Nc3ccc(Cl)cc3F)ncnc2cc1OC[C@@H]1CCCN(C)C1,2.9
1617,COc1cc2c(Nc3ccc(F)c(Cl)c3)c(C(N)=O)cnc2cc1OCCCN1CCN(C)CC1,1.2
1618,COc1cc2c(Nc3ccc(F)c(Cl)c3)c(C(N)=O)cnc2cc1OCCN(C)CCO,3.2
1619,COc1cc2c(Nc3ccc(F)cc3F)c(C(N)=O)cnc2cc1N1CCN(C)CC1,1.75
1620,COc1cc2c(Nc3ccc(F)cc3F)c(C(N)=O)cnc2cc1NCCN(C)C,1.71
1621,COc1cc2c(Nc3ccc(NC(=O)c4ccccc4)cc3)ncnc2cc1OCCCN1CCOCC1,3.5
1622,COc1cc2c(Nc3cccc(Cl)c3Cl)c(C(N)=O)cnc2cc1NCCN(C)C,3.41
1623,COc1cc2c(Nc3cnc(NC(=O)c4ccccc4)nc3)ncnc2cc1OCCCN1CCOCC1,2.7
1624,COc1cc2c(Nc3ncc(CC(=O)Nc4cccc(F)c4)s3)ncnc2cc1OCCCN1CCC(CO)CC1,2.89
1625,COc1cc2c(Nc3ncc(NC(=O)c4ccccc4)cn3)ncnc2cc1OCCCN1CCOCC1,2.32
1626,COc1cc2c(c(OC)c1OC)-c1ccc(O)cc1[C@@H](NC(C)=O)CC2,1.81
1627,COc1cc2c(c(OC)c1OC)-c1ccc(OC)c(=O)cc1C(NC(C)=O)CC2,1.12
1628,COc1cc2c(c(OC)c1OC)-c1ccc(OC)c(=O)cc1[C@@H](NC(C)=O)CC2,0.82
1629,COc1cc2c(cc1-c1c(C)noc1C)ncc1[nH]c(=O)n([C@H](C)c3ccccn3)c12,3.15
1630,COc1cc2c(cc1OC)C(=O)C(CC1CCN(Cc3ccccc3)CC1)C2,2.41
1631,COc1cc2c(ccc(=O)n2CCN2CCC(NCc3cc4c(cn3)OCCO4)CC2)cn1,0.68
1632,COc1cc2cc(-c3ccc(O)cc3O)nc(C)c2cc1OC,3.9
1633,COc1cc2nc(N3CCN(C(=O)C4CCCO4)CC3)nc(N)c2cc1OC,0.9
1634,COc1cc2nc(N3CCN(C(=O)c4ccco4)CC3)nc(N)c2cc1OC,1.9
1635,COc1cc2nc(Nc3ccc([C@@H](C)NC(C)=O)cc3)ncc2cc1-c1ccncc1,3.11
1636,COc1cc2ncc(C(N)=O)c(Nc3cc(C)ccc3F)c2cc1OC,3.16
1637,COc1cc2ncc(C(N)=O)c(Nc3cc(F)ccc3F)c2cc1OC,2.9
1638,COc1cc2ncc(C(N)=O)c(Nc3ccc(C)cc3F)c2cc1OC,3.34
1639,COc1cc2ncc(C(N)=O)c(Nc3ccc(F)c(Cl)c3)c2cc1OC,3.22
1640,COc1cc2ncc(C(N)=O)c(Nc3ccc(F)cc3)c2cc1OC,2.82
1641,COc1cc2ncc(C(N)=O)c(Nc3ccc(F)cc3F)c2cc1N1CCN(C)CC1,2.18
1642,COc1cc2ncc(C(N)=O)c(Nc3ccc(F)cc3F)c2cc1NCCN(C)C,1.91
1643,COc1cc2ncc(C(N)=O)c(Nc3ccc(F)cc3F)c2cc1NCCN1CCCCC1,2.52
1644,COc1cc2ncc(C(N)=O)c(Nc3ccc(F)cc3F)c2cc1NCCN1CCOCC1,2.68
1645,COc1cc2ncc(C(N)=O)c(Nc3ccc(F)cc3F)c2cc1OC,2.95
1646,COc1cc2ncc(C(N)=O)c(Nc3cccc(Cl)c3)c2cc1OC,3.5
1647,COc1cc2ncc(C(N)=O)c(Nc3cccc(Cl)c3Cl)c2cc1OC,3.4
1648,COc1cc2ncc(C(N)=O)c(Nc3cccc(Cl)c3F)c2cc1OC,3.6
1649,COc1cc2ncc(C(N)=O)c(Nc3cccc(F)c3F)c2cc1OC,2.82
1650,COc1cc2ncc(C(N)=O)c(Nc3ccccc3C)c2cc1OC,3.4
1651,COc1cc2ncc(C(N)=O)c(Nc3ccccc3Cl)c2cc1OC,2.89
1652,COc1cc2ncc(C(N)=O)c(Nc3ccccc3F)c2cc1OC,2.81
1653,COc1cc2ncn(-c3cc(OCc4ccccc4C(F)(F)F)c(C(=O)O)s3)c2cc1OC,0.84
1654,COc1cc2ncnc(N3CC[C@@H](Oc4cnc5ccccc5n4)C3)c2cc1OC,4.04
1655,COc1cc2ncnc(NCc3cccc(C)c3)c2cc1OC,3.5
1656,COc1cc2ncnc(NCc3ccccc3)c2cc1OC,3.29
1657,COc1cc2ncnc(Nc3cc(Cl)ccc3F)c2cc1OCCCN1CCOCC1,3.4
1658,COc1cc2ncnc(Nc3cc(NC(=O)c4cccc(N(C)C)c4)ccc3Cl)c2cc1OC,4.26
1659,COc1cc2ncnc(Nc3cc(NC(=O)c4cccc(N5CCOCC5)c4)ccc3C)c2cc1OC,3.6
1660,COc1cc2ncnc(Nc3cc(NC(=O)c4ccnc(N5CCOCC5)c4)ccc3C)c2cc1OCCN(C(C)C)C(C)C,3.5
1661,COc1cc2ncnc(Nc3cc(NC(=O)c4ccnc(N5CCOCC5)c4)ccc3C)c2cc1OCCN1CCCC1,2.7
1662,COc1cc2ncnc(Nc3cc(NC(=O)c4ccnc(N5CCOCC5)c4)ccc3C)c2cc1OCCN1CCCCC1,3.35
1663,COc1cc2ncnc(Nc3cc(NC(=O)c4ccnc(N5CCOCC5)c4)ccc3C)c2cc1OCCN1CCOCC1,3.19
1664,COc1cc2ncnc(Nc3cc4ccccc4cn3)c2cc1OC,3.9
1665,COc1cc2ncnc(Nc3ccc(Cl)c(O)c3)c2cc1OC,3.3
1666,COc1cc2ncnc(Nc3ccc(F)c(Cl)c3)c2cc1NC(=O)/C=C/CN1CCCCC1,4.1
1667,COc1cc2ncnc(Nc3ccc(F)c(Cl)c3)c2cc1OC,3.67
1668,COc1cc2ncnc(Nc3ccc(F)c(Cl)c3)c2cc1OCCCN(C)C,2.9
1669,COc1cc2ncnc(Nc3ccc(F)c(Cl)c3)c2cc1OCCCN1CCCC1,3.13
1670,COc1cc2ncnc(Nc3ccc(F)c(Cl)c3)c2cc1OCCCN1CCCCC1,3.3
1671,COc1cc2ncnc(Nc3ccc(F)c(Cl)c3)c2cc1OCCN(C)C,3.26
1672,COc1cc2ncnc(Nc3ccc(F)c(Cl)c3)c2cc1OCCN1CCCC1,3.28
1673,COc1cc2ncnc(Nc3ccc(F)c(Cl)c3)c2cc1OCCN1CCN(C)CC1,3.3
1674,COc1cc2ncnc(Nc3ccc(F)cc3)c2cc1OC,3.1
1675,COc1cc2ncnc(Nc3ccc(OCc4ccccn4)c(C)c3)c2cc1OC,3.6
1676,COc1cc2ncnc(Nc3cccc(C)c3)c2cc1OC,3.5
1677,COc1cc2ncnc(Nc3cccc(Cl)c3F)c2cc1CN(C)C1(C(N)=O)CCN(C)CC1,2.16
1678,COc1cc2ncnc(Nc3cccc(Cl)c3F)c2cc1CN(C)[C@@H](C)C(N)=O,3.42
1679,COc1cc2ncnc(Nc3cccc(Cl)c3F)c2cc1CN(C)[C@H](C)C(N)=O,3.44
1680,COc1cc2ncnc(Nc3cccc(Cl)c3F)c2cc1CN1CCC[C@@H]1C(N)=O,3.58
1681,COc1cc2ncnc(Nc3cccc(Cl)c3F)c2cc1CN1CCC[C@H]1C(N)=O,3.58
1682,COc1cc2ncnc(Nc3cccc(Cl)c3F)c2cc1CN1CCC[C@H]1CC(N)=O,2.64
1683,COc1cc2ncnc(Nc3cccc(Cl)c3F)c2cc1CN1C[C@H](OC)C[C@@H]1C(N)=O,3.09
1684,COc1cc2ncnc(Nc3cccc(Cl)c3F)c2cc1OC1CCN(C)CC1,2.72
1685,COc1cc2ncnc(Nc3cccc(Cl)c3F)c2cc1OC1CCN(CC(N)=O)CC1,3.1
1686,COc1cc2ncnc(Nc3cccc(Cl)c3F)c2cc1OC1CCN(S(C)(=O)=O)CC1,2.82
1687,COc1cc2ncnc(Nc3cccc(O)c3)c2cc1OC,2.6
1688,COc1cc2ncnc(Nc3ccccc3)c2cc1OC,3.04
1689,COc1cc2ncnc(Nc3ccncc3)c2cc1OC,2.22
1690,COc1cc2ncnc(Oc3cnn(CC(=O)Nc4ccc(N(C)C)cn4)c3)c2cc1OC,2.36
1691,COc1cc2nnc(C(N)=O)c(Nc3cc(C)ccc3F)c2cc1N1CCN(C)CC1,2.57
1692,COc1cc2nnc(C(N)=O)c(Nc3ccc(C)cc3F)c2cc1N1CCN(C)CC1,2.36
1693,COc1cc2nnc(C(N)=O)c(Nc3ccc(F)cc3F)c2cc1N1CCN(C)CC1,2.36
1694,COc1cc2nnc(C(N)=O)c(Nc3cccc(Cl)c3F)c2cc1N1CCN(C)CC1,2.35
1695,COc1ccc(-c2c(-c3ccc(O)cc3O)n[nH]c2C)cc1,3.37
1696,COc1ccc(-c2c(C)c3ccc(OC)cc3oc2=O)cc1,3.31
1697,COc1ccc(-c2c(F)ccc3c(N)c(C(=O)NC4CC4)nnc23)c(OC)n1,3.37
1698,COc1ccc(-c2cc(=O)c3ccccc3[nH]2)cc1,2.71
1699,COc1ccc(-c2cc(C(F)(F)F)ccc2OCC(=O)O)cc1,0.29
1700,COc1ccc(-c2cc(C(F)F)nn2-c2ccc(S(N)(=O)=O)cc2)cc1F,2.8
1701,COc1ccc(-c2cc(N)n3ncc(C#N)c3n2)cc1,2.42
1702,COc1ccc(-c2cc(NC(=O)Cc3ccc4ccccc4c3)[nH]n2)cc1OC,3.1
1703,COc1ccc(-c2cc(Nc3ccn(C)n3)n3ncc(C#N)c3n2)cc1,2.97
1704,COc1ccc(-c2cc(O)c3cc(Cl)ccc3n2)cc1,2.7
1705,COc1ccc(-c2cc(O)nc(N)n2)cc1,1.52
1706,COc1ccc(-c2cc3c(C)nc(N)nc3n([C@H]3CC[C@H](OCCO)CC3)c2=O)cn1,2.2
1707,COc1ccc(-c2cc3c(N[C@H]4CCCNC4)ncc(C(N)=O)c3s2)cc1,1.82
1708,COc1ccc(-c2ccc3c(N4CCOCC4)nc(N4C[C@@H](C)O[C@@H](C)C4)nc3n2)cc1CNCCO,1.31
1709,COc1ccc(-c2ccc3c(N4CCOCC4)nc(N4C[C@@H](C)O[C@@H](C)C4)nc3n2)cc1CO,3.25
1710,COc1ccc(-c2ccc3c(N4CCOC[C@@H]4C)nc(-n4ccnc4)nc3n2)cc1CO,2.6
1711,COc1ccc(-c2ccc3c(N4CCOC[C@@H]4C)nc(N4CCOC[C@@H]4C)nc3n2)cc1C(N)=O,2.82
1712,COc1ccc(-c2ccc3nc(N)sc3c2)cn1,3.2
1713,COc1ccc(-c2cccc3c(N)c4c(nc23)CN(C2CCC2)C4=O)c(C)n1,3.92
1714,COc1ccc(-c2ccccc2)cc1N1CC(=O)NS1(=O)=O,-1.01
1715,COc1ccc(-c2ccnc(N)n2)cc1,2.08
1716,COc1ccc(-c2cncc(CNC3CCCC3)n2)c(OC)c1,2.14
1717,COc1ccc(-c2coc3cc(O)cc(O)c3c2=O)cc1,3.5
1718,COc1ccc(-c2coc3cc(O)cc(O)c3c2=O)cc1OC,2.8
1719,COc1ccc(-c2coc3cc(O)ccc3c2=O)cc1,3.05
1720,COc1ccc(-c2coc3cc(OC)cc(OC)c3c2=O)cc1,3.05
1721,COc1ccc(-c2csc(N(CCCN3CCOCC3)C(=O)c3ccco3)n2)cc1,3.34
1722,COc1ccc(-c2csc(NC(=O)c3c(C)noc3C)n2)cc1OC,3.16
1723,COc1ccc(-c2nc(N)s[n+]2-c2ccccc2)cc1,2.19
1724,COc1ccc(-c2nc(N3CCOCC3)nc(O)c2C#N)cc1,0.2
1725,COc1ccc(-c2nc3c(NCC4CCNCC4)c(Br)cnc3[nH]2)cc1,1.36
1726,COc1ccc(-c2nc3c(NCCCNC(=O)C4(CN)CC4)c(Br)cnc3[nH]2)cc1,1.9
1727,COc1ccc(-c2nc3c(NCCCNC(=O)C4CC4)c(Br)cnc3[nH]2)cc1,1.71
1728,COc1ccc(-c2nc3c(NCCCNC(=O)C4CCCC4)c(C(N)=O)cnc3[nH]2)cc1,3.13
1729,COc1ccc(-c2nc3c(NCCCNC(=O)c4ccccc4)c(Br)cnc3[nH]2)cc1,0.25
1730,COc1ccc(-c2nc3c(NCCCNC(C)=O)c(Br)cnc3[nH]2)cc1,3.28
1731,COc1ccc(-c2nc3c(OCC4CCNCC4)c(Br)cnc3[nH]2)cc1,1.55
1732,COc1ccc(-c2nc3n(c2Br)CCC3)cc1,3.3
1733,COc1ccc(-n2cnc3cc(NS(=O)(=O)c4ccccc4)ccc32)cc1,3.7
1734,COc1ccc(-n2sc3ccccc3c2=O)cc1,3.02
1735,COc1ccc(/C=C2/CCc3ccccc3C2=O)cc1CN1CCOCC1,3.8
1736,COc1ccc(/C=C2\SC(=S)NC2=O)cc1OC,1.42
1737,COc1ccc(C(=O)C2CCN(C(=O)c3ccc(F)cc3)CC2)cc1,2.92
1738,COc1ccc(C(=O)C2CCN(C(=O)c3ccco3)CC2)cc1,2.42
1739,COc1ccc(C(=O)CS(=O)(=O)c2ccccc2)cc1,1.96
1740,COc1ccc(C(=O)N2CCC(C(=O)c3ccc(F)cc3)CC2)cc1,2.92
1741,COc1ccc(C(=O)N2CCCC2=O)cc1,0.93
1742,COc1ccc(C(=O)NCCN2CCN(Cc3ccc(Cl)c(Cl)c3)CC2)cc1Cl,3.74
1743,COc1ccc(C(=O)NCc2cccnc2)cc1C(=O)NCc1cccnc1,1.23
1744,COc1ccc(C(=O)NCc2cn(-c3cc(C)nc4ccc(OC)cc34)nn2)cc1,3.5
1745,COc1ccc(C(=O)Nc2c(Cl)cncc2Cl)c2cccnc12,2.09
1746,COc1ccc(C(=O)Nc2cc(NC(=O)c3cccc(N(C)C)c3)ccc2Br)cc1OC,3.49
1747,COc1ccc(C(=O)Nc2cc(NC(=O)c3cccc(N(C)C)c3)ccc2C)cc1,3.17
1748,COc1ccc(C(=O)Nc2cc(NC(=O)c3cccc(N(C)C)c3)ccc2C)cc1OC,3.12
1749,COc1ccc(C(=O)Nc2cccc(NC(=O)c3ccc(OC)c(OC)c3)n2)cc1OC,3.5
1750,COc1ccc(C(=O)Nc2cccc(NC(=O)c3cccc(N(C)C)c3)c2)cc1OC,3.67
1751,COc1ccc(C(C)NC(=O)C2(N)CCN(c3ncnc4[nH]ccc34)CC2)cc1OC,1.8
1752,COc1ccc(C(CN(C)C)C2(O)CCCCC2)cc1,0.99
1753,COc1ccc(C(CN2CCCC2)N(C)C(=O)Cc2ccc(Cl)c(Cl)c2)c(OC)c1,3.07
1754,COc1ccc(C(CNC(=O)Nc2ccccc2)N2CCN(C)CC2)cc1,1.5
1755,COc1ccc(C)c(N(C)c2ccnc(Nc3cc(N4CCOCC4)cc(N4CCOCC4)c3)n2)c1,3.18
1756,COc1ccc(C)c(NC(=O)CC23CC4CC(CC(C4)C2)C3)c1,3.96
1757,COc1ccc(C=C2SC(=O)NC2=O)cc1OC,1.17
1758,COc1ccc(C=NN=Cc2ccc(OC)c(OC)c2)cc1OC,3.38
1759,COc1ccc(CC(=O)N(C)C2CCN(CCC(c3ccccc3)c3ccccc3)CC2)cc1OC,3.4
1760,COc1ccc(CC(=O)NC(N/C(=N/C#N)Nc2ccccc2C)C(C)(C)C)cc1OC,2.48
1761,COc1ccc(CC(=O)Nc2nc3ccccc3[nH]2)cc1,2.9
1762,COc1ccc(CC(C)(C)NC[C@H](O)c2cc(O)cc3c2OCC(=O)N3)cc1,0.79
1763,COc1ccc(CCN(C)CCCC(C#N)(c2ccc(OC)c(OC)c2)C(C)C)cc1OC,2.61
1764,COc1ccc(CCN2CN=C(SCc3ccc(Cl)cc3)NC2)cc1OC,2.41
1765,COc1ccc(CN(CCN(C)C)c2ccccn2)cc1,1.39
1766,COc1ccc(CN2C(=O)CCC2(C)C(=O)NC2CCCCC2)c(OC)c1,2.38
1767,COc1ccc(CN2CCc3c([nH]c4ccccc34)C2)cc1OC,3.1
1768,COc1ccc(CNC(=O)CSc2nc3cccnc3s2)cc1,2.5
1769,COc1ccc(CNC(=O)Nc2ncc([N+](=O)[O-])s2)cc1,2.9
1770,COc1ccc(CNC(=O)c2ccc(Oc3ccc(C#C[C@]4(O)CN5CCC4CC5)cc3)cc2)nc1,3.1
1771,COc1ccc(CNC(=O)c2sc3nc(C)cc(C)c3c2N)cc1,3.85
1772,COc1ccc(CNCc2ccc(-c3cc(C(N)=O)c(NC(N)=O)s3)cc2)cc1,2.55
1773,COc1ccc(CNCc2cccc(CCNC[C@H](O)c3ccc(O)c4[nH]c(=O)sc34)c2)cc1,0.86
1774,COc1ccc(COC(=O)N2CCC(CNc3ncccn3)CC2)cc1,3.14
1775,COc1ccc(COc2ccc(Cc3cnc(N)nc3N)cc2OC)cc1,2.27
1776,COc1ccc(COc2nc(Br)cnc2NS(=O)(=O)c2ccc(C)cc2)cc1OCCN(C)C,1.68
1777,COc1ccc(C[C@@H](C)NC[C@H](O)c2ccc(O)c(NC=O)c2)cc1,0.42
1778,COc1ccc(Cc2c(N)n[nH]c2N)cc1,0.2
1779,COc1ccc(Cc2nccc3cc(OC)c(OC)cc23)cc1OC,2.81
1780,COc1ccc(Cl)c(C(=O)NCC23CC4CC(CC(C4)C2)C3)c1,4.39
1781,COc1ccc(Cl)c(Nc2ncnc3cc(OC)cc(OC4CCN(C)CC4)c23)c1,3.6
1782,COc1ccc(Cl)c(Nc2ncnc3cc(OCC4CCN(C)CC4)c(OC)cc23)c1,2.0
1783,COc1ccc(Cl)cc1C(=O)NCCc1ccc(S(=O)(=O)NC(=O)NC2CCCCC2)cc1,2.23
1784,COc1ccc(Cl)cc1C(=O)Nc1nc2ccccc2[nH]1,4.05
1785,COc1ccc(Cl)cc1NC(=O)CCS(=O)(=O)c1ccc(Br)cc1,3.4
1786,COc1ccc(Cl)cc1NC(=O)Nc1cnccn1,3.63
1787,COc1ccc(Cn2c(=O)[nH]c3c(=O)n(CC(=O)NC(C(=O)C(F)(F)F)C(C)C)c(-c4ccccc4)cc3c2=O)cc1,2.93
1788,COc1ccc(Cn2cc3c(=O)n(C)c(=O)n(CC(C)C)c3c2)cc1,3.52
1789,COc1ccc(F)c(F)c1C(=O)c1cnc(NC2CCN(S(C)(=O)=O)CC2)nc1N,2.08
1790,COc1ccc(N(C(=O)c2ccccc2)C(C(=O)NC2CCCC2)c2ccccc2F)c(OC)c1,3.86
1791,COc1ccc(N(C(=O)c2ccccc2)C(C(=O)NC[C@@H](C)O)c2ccccc2F)c(OC)c1,2.55
1792,COc1ccc(N(C(=O)c2ccccc2)C(C)C(=O)NC2CCCC2)c(OC)c1,3.02
1793,COc1ccc(N(C(=O)c2ccco2)C(C(=O)NC2CCCC2)c2ccccc2F)c(OC)c1,3.09
1794,COc1ccc(N(C(=O)c2ccoc2Cl)C(C(=O)NC[C@@H](C)O)c2ccccc2F)c(OC)c1,2.36
1795,COc1ccc(N(C(=O)c2occc2C)C(C(=O)NC[C@@H](C)O)c2ccccc2F)c(OC)c1,2.04
1796,COc1ccc(N(C(=O)c2occc2CO)C(C(=O)NC[C@@H](C)O)c2ccccc2F)c(OC)c1,1.37
1797,COc1ccc(N(C(=O)c2occc2Cl)C(C(=O)NC[C@@H](C)O)c2ccccc2F)c(OC)c1,2.18
1798,COc1ccc(N(C(C)=O)C(C(=O)NC2CCCC2)c2ccccc2F)c(OC)c1,2.81
1799,COc1ccc(N2CCN(C(=O)[C@@H]3CCCC[C@H]3C(=O)NC3(C#N)CC3)CC2)cc1,1.74
1800,COc1ccc(N2CCN(C(=O)[C@@H]3CCCC[C@H]3C(=O)NC3(C#N)CC3)CC2)cc1OC,1.4
1801,COc1ccc(N2CCN(C(=O)[C@@H]3CCCC[C@H]3C(=O)NC3(C#N)CC3)[C@H](C)C2)cc1OC,1.85
1802,COc1ccc(N2CCN(C(=O)[C@@H]3CCCC[C@H]3C(=O)NC3(C#N)CC3)[C@H](C)C2)nc1OC,2.3
1803,COc1ccc(N2CCN(C(=O)[C@@H]3CCCC[C@H]3C(=O)NCC#N)CC2)cc1,1.6
1804,COc1ccc(NC(=O)CCc2c(C)nc3nc(C)nn3c2C)cc1,1.4
1805,COc1ccc(NC(=O)CSc2nnc(C)n2-c2ccc(C)cc2)cc1,2.94
1806,COc1ccc(NC(=O)c2ccc(-c3ccncc3)c(C)c2)cc1N1CCN(C)CC1,2.56
1807,COc1ccc(NC(=O)c2ccnc(N)n2)cc1,1.72
1808,COc1ccc(NC(=O)c2nnc(Nc3ccccc3F)o2)cn1,3.2
1809,COc1ccc(Nc2cc(Nc3ccc(OCC(O)CN(C)C)cc3)ncn2)cc1,1.5
1810,COc1ccc(Nc2cc(Oc3cc(C)c(C)nc3-c3ccccn3)ccn2)cc1,3.51
1811,COc1ccc(Nc2ccccc2C(=O)O)cc1,1.2
1812,COc1ccc(Nc2nccc(-c3cnc(C)n3C(C)C)n2)cc1,3.43
1813,COc1ccc(OC(F)(F)F)cc1CN[C@H]1CCCN[C@H]1c1ccccc1,2.9
1814,COc1ccc(OC)c(-c2c(F)ccc3c(N)c(C(=O)NC(C)C)nnc23)c1,3.77
1815,COc1ccc(OC)c(-c2c(F)ccc3c(N)c(C(=O)NC4CC4)nnc23)c1,3.47
1816,COc1ccc(OC)c(-c2cccc3c(N)c(C(=O)NC(C)C)nnc23)c1,3.65
1817,COc1ccc(OC)c(-c2cccc3c(N)c(C(=O)NC4(C)CCC4)nnc23)c1,4.48
1818,COc1ccc(OC)c(C(O)CNC(=O)CN)c1,-0.71
1819,COc1ccc(OC)c(CNC(=O)c2cccnc2Oc2ccccc2)c1,3.52
1820,COc1ccc(OC)c(CNc2[nH]nc3cccc(Oc4ccc(S(C)(=O)=O)cc4)c23)c1,3.71
1821,COc1ccc(OC)c(CNc2n[nH]c3ccnc(Oc4ccccc4)c23)c1,4.25
1822,COc1ccc(Oc2cccc(CN3CCCC(n4cc(C)c(=O)[nH]c4=O)C3)c2)cc1,3.17
1823,COc1ccc(Oc2ncccc2C(=O)NCc2ccccc2Cl)cc1,3.59
1824,COc1ccc(S(=O)(=O)N2CCC[C@H](n3cc(C)c(=O)[nH]c3=O)C2)cc1Oc1cccc(Cl)c1,2.73
1825,COc1ccc(S(=O)(=O)NC(=O)N2CCC(N3CCC(Oc4ccc(Cl)c(Cl)c4)CC3)CC2)cc1,1.39
1826,COc1ccc(S(=O)(=O)NCC(c2ccccc2)N2CCCCCC2)cc1,3.13
1827,COc1ccc(S(=O)(=O)Nc2ccc(-c3ccccc3)n(CC(=O)NC(C(=O)C(F)(F)F)C(C)C)c2=O)cc1,2.5
1828,COc1ccc(S(=O)(=O)Nc2ccc(/C=C/C(=O)Nc3ccccc3N)cc2)cc1OC,2.56
1829,COc1ccc(S(=O)(=O)Nc2ccccn2)cc1,0.87
1830,COc1ccc(Sc2c(C)n(CC(=O)O)c3ccc(C)cc23)cc1,1.01
1831,COc1ccc([C@@H]2Sc3ccccc3N(CCN(C)C)C(=O)[C@@H]2OC(C)=O)cc1,1.99
1832,COc1ccc([C@]2(C#N)CC[C@@H](C(=O)O)CC2)cc1OC1CCCC1,0.76
1833,COc1ccc([C@]2(O)CC[C@H](N3CC[C@@H](NC(=O)CNC(=O)c4cccc(C(F)(F)F)c4)C3)CC2)cn1,1.72
1834,COc1ccc2[nH]c(C(=O)N3CCN(C)CC3)cc2c1,1.62
1835,COc1ccc2[nH]c3c(c2c1)CN(C(=O)[C@@H]1CCCC[C@H]1C(=O)NC1(C#N)CC1)CC3,2.4
1836,COc1ccc2c(C)cc(=O)n(CCN3CCC(NCc4cc5c(cn4)OCCO5)CC3)c2c1,1.72
1837,COc1ccc2c(C)cc(N[C@H]3CCC[C@H](NCc4cccc(OC(F)(F)F)c4)C3)nc2c1,3.61
1838,COc1ccc2c(C)cc(N[C@H]3CCC[C@H](NCc4ccsc4)C3)nc2c1,2.46
1839,COc1ccc2c(C)cc(N[C@H]3CC[C@H](NCc4cn(C)c5ccccc45)C3)nc2c1,2.53
1840,COc1ccc2c(C)nc(=O)n(CCN3CCC(NCc4cc5c(cn4)OCCO5)CC3)c2c1,0.29
1841,COc1ccc2c(C)nc(NC(=N)N)nc2c1,-0.51
1842,COc1ccc2c(Oc3ccc(CC(=O)Nc4cn(C)nc4C)c(OC)c3)ccnc2c1,3.5
1843,COc1ccc2c(Oc3ccc(CC(=O)Nc4n[nH]c(C)c4C)c(OC)c3)ccnc2c1,3.78
1844,COc1ccc2c(c1)C(c1ccccc1)=NC(NC(=O)c1ccccc1OC)C(=O)N2,3.8
1845,COc1ccc2c(c1)N(CCN1CCC(NCc3cc4c(cn3)OCCO4)CC1)C(=O)CO2,1.24
1846,COc1ccc2c(c1)N(CCN1CCC(NCc3cc4c(cn3)OCCO4)CC1)C(=O)CS2,1.78
1847,COc1ccc2c(c1)N(CCN1CCC(NCc3ccc4c(n3)NC(=O)CO4)CC1)C(=O)CC2,0.66
1848,COc1ccc2c(c1)N(CCN1CCC(NCc3ccc4c(n3)NC(=O)CO4)CC1)C(=O)CO2,0.87
1849,COc1ccc2c(c1)N(CCN1CCC(NCc3ccc4c(n3)NC(=O)CO4)CC1)C(=O)OC2,0.5
1850,COc1ccc2c(c1)N(C[C@H](C)CN(C)C)c1ccccc1S2,2.99
1851,COc1ccc2c(c1)[nH]c1c(C)nccc12,2.9
1852,COc1ccc2c(c1)c(-c1ccnc3cc(Cl)ccc13)c(C)n2CC(=O)O,1.16
1853,COc1ccc2c(c1)c(CC(=O)O)c(C)n2-c1ccnc2cc(Cl)ccc12,1.68
1854,COc1ccc2c(c1)cc(C(=O)O)n2Cc1ccc(Cl)c(Cl)c1,1.66
1855,COc1ccc2c3c1OC1C(O)C=CC4C(C2)N(C)CCC341,0.8
1856,COc1ccc2cc(C(C)C(=O)O)ccc2c1,0.23
1857,COc1ccc2cc(CCC(C)=O)ccc2c1,3.06
1858,COc1ccc2cc([C@H](C)C(=O)O)ccc2c1,0.13
1859,COc1ccc2ccc(=O)n(CCN3CCC(NCc4cc5c(cn4)OCCO5)CC3)c2c1,1.31
1860,COc1ccc2ccc(=O)n(CCN3CCC(NCc4cc5c(cn4)OCCO5)CC3)c2n1,1.16
1861,COc1ccc2nc(C)cc(-n3cc(CN4CCN(C(C)=O)CC4)nn3)c2c1,1.3
1862,COc1ccc2nc(C)cc(-n3cc(CNC(C)=O)nn3)c2c1,1.6
1863,COc1ccc2nc(C)cc(N3CC(CNC(=O)C4CC4)OC3=O)c2c1,1.55
1864,COc1ccc2nc(C)cc(OCC(=O)NCc3ccccc3)c2c1,3.2
1865,COc1ccc2nc(C)cc(OCC(=O)Nc3ccccc3OC)c2c1,3.9
1866,COc1ccc2nc(NC(=O)CCc3ccc(OC)c(OC)c3)sc2c1,3.57
1867,COc1ccc2nc(N[C@H]3CCC[C@H](NCc4ccsc4)C3)cc(C)c2c1,2.41
1868,COc1ccc2nc(N[C@H]3CCC[C@H](NCc4ccsc4)C3)ccc2c1,2.43
1869,COc1ccc2nc3ccccc3c(N)c2c1,1.0
1870,COc1ccc2ncc(=O)n(CCN3CCC(NCc4cc5c(cn4)OCCO5)CC3)c2c1,0.93
1871,COc1ccc2ncc(=O)n(CCN3CCC(NCc4cc5c(cn4)OCCO5)CC3)c2n1,0.83
1872,COc1ccc2ncc(=O)n(CCN3CC[C@@H](NCc4cc5c(cn4)OCCO5)[C@@H](O)C3)c2c1,0.78
1873,COc1ccc2ncc(=O)n(CCN3CC[C@@H](NCc4cc5c(cn4)OCCO5)[C@H](O)C3)c2c1,0.9
1874,COc1ccc2ncc(=O)n(CCN3CC[C@@H](NCc4ccc5c(n4)NC(=O)CO5)[C@@H](F)C3)c2c1,0.83
1875,COc1ccc2ncc(=O)n(CCN3CC[C@@H](NCc4ccc5c(n4)NC(=O)CO5)[C@@H](O)C3)c2c1,0.37
1876,COc1ccc2ncc(=O)n(CCN3CC[C@@H](NCc4ccc5c(n4)NC(=O)CO5)[C@@H](OC)C3)c2c1,0.51
1877,COc1ccc2ncc(=O)n(CCN3CC[C@@H](NCc4ccc5c(n4)NC(=O)CO5)[C@H](OC)C3)c2c1,0.97
1878,COc1ccc2ncc(=O)n(CCN3CC[C@H](NCc4cc5c(cn4)OCCO5)[C@@H](OC)C3)c2c1,1.25
1879,COc1ccc2ncc(=O)n(CCN3CC[C@H](NCc4cc5c(cn4)OCCO5)[C@H](O)C3)c2c1,0.77
1880,COc1ccc2ncc(=O)n(CCN3CC[C@H](NCc4ccc5c(n4)NC(=O)CO5)[C@H](O)C3)c2c1,0.39
1881,COc1ccc2ncc(C#N)c(CCN3CCC(NCc4cc5c(cn4)OCS5)CC3)c2c1,2.55
1882,COc1ccc2ncc(F)c(CCN3CCC(NCc4cc5c(cn4)OCCO5)CC3)c2n1,1.46
1883,COc1ccc2ncc(F)c(CCN3CCC(NCc4ccc5c(n4)NC(=O)CO5)CC3)c2n1,1.78
1884,COc1ccc2nnc(=O)n(CCN3CCC(NCc4ccc5c(n4)NC(=O)CO5)CC3)c2c1,-0.65
1885,COc1cccc(-c2c[nH]c(-c3ccccc3)n2)c1,3.8
1886,COc1cccc(-c2cc(O)c3cc(NC(C)=O)ccc3n2)c1,2.41
1887,COc1cccc(-c2cc3c(N[C@H]4CCCNC4)ncc(C(N)=O)c3s2)c1,1.82
1888,COc1cccc(-c2ccc(/C=C3\SC(=S)N([C@@H](Cc4ccccc4)C(=O)O)C3=O)cn2)c1OC,1.5
1889,COc1cccc(/C=C2\SC(=O)NC2=O)c1N1CCC[C@@H](N)C1,1.27
1890,COc1cccc(C(=O)N2CCC(n3c(=O)[nH]c4ccccc43)CC2)c1,2.65
1891,COc1cccc(C(=O)NCCCOc2cccc3ccc(N)nc23)c1,2.46
1892,COc1cccc(C(=O)Nc2ccc(C)c(-n3cnc4ccc(N5CCN(C)CC5)cc4c3=O)c2)c1,3.08
1893,COc1cccc(C(COCc2cc(C(F)(F)F)cc(C(F)(F)F)c2)N2CCNCC2)c1,3.1
1894,COc1cccc(CNCc2cccc(CCNC[C@H](O)c3ccc(O)c4[nH]c(=O)sc34)c2)c1,0.91
1895,COc1cccc(CNc2nc(NC(C)C)nc3ccsc23)c1OC,3.7
1896,COc1cccc(COCC(O)CN2CCC(C(N)=O)CC2)c1,-0.5
1897,COc1cccc(N(C)c2ccnc(Nc3cc(N4CCOCC4)cc(N4CCOCC4)c3)n2)n1,3.37
1898,COc1cccc(NC(=O)CC23CC4CC(CC(C4)C2)C3)c1C,4.21
1899,COc1cccc(NC(=O)Cn2cc(Oc3ncnc4cc(OC)c(OC)cc34)cn2)c1,3.11
1900,COc1cccc(NC(=O)c2cccc(Cc3c(C)nn(CCO)c3-c3ccccc3)c2)c1,4.29
1901,COc1cccc(Nc2c(C(N)=O)cnc3c(C)cc(S(=O)(=O)c4cccc(C(=O)N(C)C)c4)cc23)c1,2.69
1902,COc1cccc(Nc2nc(NCC3CCCO3)c3ccccc3n2)c1,3.9
1903,COc1cccc(Nc2ncnc3cc(OC)c(OC)cc23)c1,3.1
1904,COc1cccc(Nc2nnc(C(=O)Nc3ccc(N4CCOCC4)nc3)o2)c1,2.8
1905,COc1cccc(OC)c1-c1ccc(C[C@H](NC(=O)c2c(Cl)cccc2Cl)C(=O)O)cc1,-0.27
1906,COc1cccc(Oc2cncnc2O)c1,0.59
1907,COc1cccc(S(=O)(=O)c2c(C)n(CC(=O)O)c3ccc(C)cc23)c1,-0.42
1908,COc1cccc([C@@H](C)NCCCc2ccccc2Cl)c1,3.0
1909,COc1cccc([C@H](O)C2CCN(CCc3ccc(F)cc3)CC2)c1OC,1.7
1910,COc1cccc2[nH]ncc12,2.1
1911,COc1cccc2c(-c3c(C)n(CC(=O)O)c4ccc(C)cc34)ccnc12,0.49
1912,COc1cccc2c(O)cc(-c3ccccc3)nc12,2.3
1913,COc1cccc2c1c(NS(=O)(=O)c1ccc(Cl)s1)nn2Cc1cccc(CNC(=O)C(C)(C)O)c1,2.09
1914,COc1cccc2c1c(NS(=O)(=O)c1ccc(Cl)s1)nn2Cc1cccc(CNC(=O)[C@@H]2COCCN2)c1,1.61
1915,COc1cccc2sc(NC(=O)c3ccccc3)nc12,3.96
1916,COc1ccccc1-c1coc2cc(O)ccc2c1=O,2.55
1917,COc1ccccc1-c1nnc(N)[nH]1,0.91
1918,COc1ccccc1C(=O)NCC12CC3CC(CC(C3)C1)C2,4.43
1919,COc1ccccc1C(=O)Nc1ccc(C)c(-n2cnc3ccc(N4CCN(C)CC4)cc3c2=O)c1,2.93
1920,COc1ccccc1C(=O)Nc1nc2ccccc2[nH]1,2.9
1921,COc1ccccc1C(=O)Nc1nc2ccccc2s1,3.61
1922,COc1ccccc1C(C#N)NC(=O)[C@@H]1CCCC[C@H]1C(=O)N1CCN(Cc2ccc(F)cc2)CC1,3.57
1923,COc1ccccc1CCNCc1ccc(CCNC[C@H](O)c2ccc(O)c3[nH]c(=O)sc23)cc1,0.8
1924,COc1ccccc1CCNCc1cccc(CCNC[C@H](O)c2ccc(O)c3[nH]c(=O)sc23)c1,0.82
1925,COc1ccccc1CN(C(C)=O)c1cnccc1Oc1ccccc1,3.0
1926,COc1ccccc1CN(C)Cc1cccc(CCNC[C@H](O)c2ccc(O)c3[nH]c(=O)sc23)c1,1.52
1927,COc1ccccc1CN1C(=O)c2ccccc2C1C(=O)NC1CCC(C)CC1,3.74
1928,COc1ccccc1CNC(=O)NS(=O)(=O)c1ccc(Cl)cc1,0.87
1929,COc1ccccc1CNC(=O)c1ccc2cnccc2n1,1.8
1930,COc1ccccc1CNCCc1cccc(CCNC[C@H](O)c2ccc(O)c3[nH]c(=O)sc23)c1,0.91
1931,COc1ccccc1CNCc1ccc(CCNC[C@H](O)c2ccc(O)c3[nH]c(=O)sc23)cc1,0.15
1932,COc1ccccc1CN[C@H]1CCCN[C@H]1c1ccccc1,1.5
1933,COc1ccccc1CNc1cc(C)ccn1,3.28
1934,COc1ccccc1C[C@@H](C(=O)O)N1CCC(CN2CCC(Oc3ccc(Cl)c(Cl)c3)CC2)CC1,2.77
1935,COc1ccccc1Cn1c(C)nc2ccccc21,3.47
1936,COc1ccccc1N1CCN(CCCCNC(=O)c2ccc3ccccc3c2)CC1,3.53
1937,COc1ccccc1N1CCN(CCN(C(=O)C2CCCCC2)c2ccccn2)CC1,3.0
1938,COc1ccccc1N1CCN(Cc2c(Br)c(=O)n(-c3ccccc3)n2C)CC1,2.5
1939,COc1ccccc1Nc1cc(Oc2cc(C)c(C)nc2-c2ccccn2)ccn1,3.37
1940,COc1ccccc1OCC(O)CO,0.24
1941,COc1ccccc1OCC(O)COC(N)=O,0.36
1942,COc1ccccc1OCCNCC(O)COc1cccc2[nH]c3ccccc3c12,3.27
1943,COc1ccccc1O[C@@H](c1ccccc1)[C@@H]1CNCCO1,0.9
1944,COc1ccccc1Oc1c(NS(=O)(=O)c2ccc(C(C)(C)C)cc2)nc(-c2ncccn2)nc1OCCO,1.03
1945,COc1ccccc1Oc1ccc(N(Cc2cccnc2)S(=O)(=O)CC(F)(F)F)cc1,1.5
1946,COc1ccccc1S(=O)(=O)NC(=O)N1CCC(N2CCC(Oc3ccc(Cl)c(Cl)c3)CC2)CC1,0.89
1947,COc1ccnc(CCc2nc3c(C)ccnc3[nH]2)c1,2.1
1948,COc1ccnc(CCc2nc3cc(Br)cnc3[nH]2)c1,2.92
1949,COc1ccnc(CCc2nc3cccnc3[nH]2)c1,1.69
1950,COc1ccnc(CSc2nc3ccccc3[nH]2)c1,2.89
1951,COc1ccnc(C[S+]([O-])c2nc3cc(OC(F)F)ccc3[nH]2)c1OC,2.0
1952,COc1ccnc(N(C)c2ccnc(Nc3cc(N4CCOCC4)cc(N4CCOCC4)c3)n2)c1,2.23
1953,COc1ccnc(NC2CCN(C(=O)c3ccc(C#N)cc3)CC2)c1,1.73
1954,COc1ccnc(NC2CCN(C(=O)c3ccc(Cl)cc3)CC2)c1,2.82
1955,COc1ccnc(NC2CCN(C(=O)c3ccccc3)CC2)c1,2.06
1956,COc1cnc(-c2ccccn2)nc1N(C)C,1.9
1957,COc1cnc(-c2ccccn2)nc1N(C)c1ccccc1,2.79
1958,COc1cnc(-c2ccccn2)nc1N1CCOCC1,1.52
1959,COc1cnc(-c2ccccn2)nc1NC(C)C,2.01
1960,COc1cnc(-c2ccccn2)nc1Oc1ccc(F)cc1F,3.1
1961,COc1cncc(NC(=O)c2cc(NC(=O)c3cccc(C(C)(C)C#N)c3)ccc2C)c1,3.04
1962,COc1cnccc1COc1cnc(N2CCN(C(=O)OC(C)(C)C)CC2)nc1,3.8
1963,COc1nc(Br)cnc1NS(=O)(=O)c1ccc(Cl)s1,0.99
1964,COc1nc(Br)cnc1NS(=O)(=O)c1cccc2c(N(C)C)cccc12,1.9
1965,COc1nc(Cl)cnc1NS(=O)(=O)c1cccc2c(N(C)C)cccc12,1.74
1966,COc1nc(N)nc2c1ncn2[C@@H]1O[C@H](CO)[C@@H](O)[C@H]1O,-0.58
1967,COc1ncc(-c2ccc3nccc(-c4ccnnc4)c3c2)cc1NS(=O)(=O)c1ccc(F)cc1F,2.5
1968,COc1ncc(-c2cccc3c2C[C@H](NC(=O)c2ccc(OCC(F)(F)F)nc2)CO3)cn1,4.3
1969,COc1ncc(C)cc1-c1cccc2c(N)c(C(=O)NC3CC3)nnc12,3.4
1970,COc1ncc2ccc(=O)n(CCN3CCC(NCc4cc5c(cn4)OCCO5)CC3)c2n1,0.2
1971,COc1ncc2ncc(=O)n(CCN3CCC(NCc4cc5c(cn4)OCCO5)CC3)c2n1,-0.14
1972,COc1ncccc1-c1cccc2c(N)c3c(nc12)CN(C1CCC1)C3=O,3.26
1973,COc1nccnc1NS(=O)(=O)c1ccc(N)cc1,-0.65
1974,COc1ncnc(NS(=O)(=O)c2ccc(N)cc2)c1OC,-0.73
1975,CS(=O)(=O)C1(c2cc(N3CC4CCC(C3)O4)nc(-c3cccc4[nH]ccc34)n2)CC1,2.6
1976,CS(=O)(=O)C1(c2cc(N3CCOCC3)nc(-c3cccc(N)c3)n2)CC1,1.35
1977,CS(=O)(=O)C1(c2cc(N3CCOCC3)nc(-c3cccc4[nH]ccc34)n2)CC1,2.2
1978,CS(=O)(=O)C1(c2cc(N3CCOCC3)nc(-c3cccc4[nH]ccc34)n2)CCNCC1,0.7
1979,CS(=O)(=O)C1(c2cc(N3CCOCC3)nc(-c3cccc4[nH]ccc34)n2)CCOCC1,2.4
1980,CS(=O)(=O)C1(c2cc(N3CCOCC3)nc(-c3ccccc3)n2)CC1,2.6
1981,CS(=O)(=O)Cc1cc(N2CCOCC2)nc(-c2ccc(NS(C)(=O)=O)cc2)n1,0.85
1982,CS(=O)(=O)Cc1cc(N2CCOCC2)nc(-c2ccc3[nH]ccc3c2)n1,2.06
1983,CS(=O)(=O)Cc1cc(N2CCOCC2)nc(-c2cccc(CO)c2)n1,1.0
1984,CS(=O)(=O)Cc1cc(N2CCOCC2)nc(-c2cccc3[nH]ccc23)n1,1.7
1985,CS(=O)(=O)Cc1cc(N2CCOCC2)nc(-c2cccc3cc[nH]c23)n1,2.8
1986,CS(=O)(=O)Cc1cc(N2CCOCC2)nc(-c2ccccc2)n1,1.94
1987,CS(=O)(=O)Cc1cc(N2CCOCC2)nc(-c2cnc3[nH]ccc3c2)n1,1.92
1988,CS(=O)(=O)Cc1ccc2ccn(-c3cc(NC4CC4)n4ncc(C#N)c4n3)c2c1,2.49
1989,CS(=O)(=O)N1CCC(NC(=O)NC23CC4CC(CC(C4)C2)C3)CC1,2.7
1990,CS(=O)(=O)N1CCN(Cc2cc3nc(-c4cccc5[nH]ncc45)nc(N4CCOCC4)c3s2)CC1,3.3
1991,CS(=O)(=O)N1CCOc2cc(COc3ccccc3)cnc21,2.4
1992,CS(=O)(=O)N1CC[C@H](N(Cc2ccccc2Cl)c2ccc(C#N)c(Cl)c2)C1,4.0
1993,CS(=O)(=O)N1CCc2c(-c3cnc(N)nc3)nc(N3CCOCC3)nc21,1.2
1994,CS(=O)(=O)NC(=O)CCCc1c(-c2ccc(F)cc2)[nH]c2ccc(C#N)cc12,1.5
1995,CS(=O)(=O)NCC(NC(=O)C1(N)CCN(c2ncnc3[nH]ccc23)CC1)c1ccc(Cl)cc1,2.1
1996,CS(=O)(=O)NCCC(NC(=O)C1(N)CCN(c2ncnc3[nH]ccc23)CC1)c1ccc(Cl)cc1,2.2
1997,CS(=O)(=O)Nc1cc(Nc2nccc(Nc3c(Cl)ccc4c3OCO4)n2)cc(C(N)=O)c1,2.28
1998,CS(=O)(=O)Nc1ccc(CCOCCCS(=O)(=O)CCNCCc2ccc(O)c3nc(O)sc23)cc1,1.34
1999,CS(=O)(=O)Nc1cccc(NC(=O)CN2CCN(C(=O)C[C@H](N)Cc3ccc(F)c(F)c3)[C@H](Cc3ccccc3)C2)c1,2.06
2000,CS(=O)(=O)c1ccc(-c2cc(C(=O)N[C@H]3CCCNC3)c(NC(N)=O)s2)cc1,0.68
2001,CS(=O)(=O)c1ccc(-c2cc(C(F)(F)F)ccc2OCC(=O)O)c(Cl)c1,-0.52
2002,CS(=O)(=O)c1ccc(-c2cc(C(F)(F)F)ccc2OCC(=O)O)cc1,-0.87
2003,CS(=O)(=O)c1ccc(-c2cc(Cl)ccc2OCC(=O)O)c(Cl)c1,-0.75
2004,CS(=O)(=O)c1ccc(-c2cnc(N)c(-c3ccc(C(F)(F)F)nc3)c2)cc1,2.4
2005,CS(=O)(=O)c1ccc(-c2nnc(/C=C/c3nnc(-c4ccc(C#N)cc4)o3)n2-c2ccccc2Cl)nc1,2.66
2006,CS(=O)(=O)c1ccc(C(=O)NC[C@@H](O)CN2CCC(Oc3ccc(Cl)c(Cl)c3)CC2)s1,2.86
2007,CS(=O)(=O)c1ccc(C(=O)Nc2ccc(Cl)c(-c3ccccn3)c2)c(Cl)c1,2.84
2008,CS(=O)(=O)c1ccc(C(=O)Nc2ccc(F)cc2)c[n+]1[O-],0.84
2009,CS(=O)(=O)c1ccc(C(CCNC(=O)c2ccc(C#N)cc2)c2ccc(F)cc2)cc1,2.9
2010,CS(=O)(=O)c1ccc(CC(=O)N(C2CC2)C2CCN(CCC(c3ccccc3)c3ccccc3)CC2)cc1,2.89
2011,CS(=O)(=O)c1ccc(N2CCN(C(=O)[C@@H]3CCCC[C@H]3C(=O)NCC#N)CC2)cc1,0.67
2012,CS(=O)(=O)c1ccc(Oc2ccc(C#C[C@]3(O)CN4CCC3CC4)cc2)cc1,1.51
2013,CS(=O)(=O)c1ccc([C@@H](CC2CCCC2)C(=O)Nc2cnc([C@H](O)CO)cn2)cc1Cl,2.58
2014,CS(=O)(=O)c1ccc([C@@H](CC2CCCC2)C(=O)Nc2nccs2)cc1,3.86
2015,CS(=O)(=O)c1ccc([C@@H](C[C@H]2CCC(=O)C2)C(=O)Nc2cnccn2)cc1Cl,1.39
2016,CS(=O)(=O)c1ccc([C@@H](O)[C@@H](CF)NC(=O)C(Cl)Cl)cc1,0.44
2017,CS(=O)(=O)c1ccc([C@H](CC2CCCC2)C(=O)Nc2nccs2)cc1,3.88
2018,CS(=O)(=O)c1ccc2[nH]c3c(c2c1)CN(C(=O)[C@@H]1CCCC[C@H]1C(=O)NC1(C#N)CC1)CC3,1.5
2019,CS(=O)(=O)c1ccc2c(C(=O)NC[C@@H](O)CN3CCC(Oc4ccc(C#N)c(Cl)c4)CC3)c[nH]c(=O)c2c1,1.41
2020,CS(=O)(=O)c1ccc2c(C(=O)NC[C@@H](O)CN3CCC(Oc4ccc(Cl)c(Cl)c4)CC3)c[nH]c(=O)c2c1,2.63
2021,CS(=O)(=O)c1ccc2c(c1)N(CCN1CCC(NCc3ccc4c(n3)NC(=O)CO4)CC1)C(=O)CO2,-0.51
2022,CS(=O)(=O)c1ccc2c3c([nH]c2c1)CCN(C(=O)[C@@H]1CCCC[C@H]1C(=O)NC1(C#N)CC1)C3,1.5
2023,CS(=O)(=O)c1ccc2nc(N3CCN(C(=O)[C@@H]4CCCC[C@H]4C(=O)NC4(C#N)CC4)CC3)sc2c1,1.49
2024,CS(=O)(=O)c1cccc(Nc2nccc(N(CC#N)c3c(Cl)ccc4c3OCO4)n2)c1,3.16
2025,CS(=O)(=O)c1cccc(Nc2nccc(Nc3c(Cl)ccc4c3OCO4)n2)c1,3.13
2026,CS(=O)(=O)c1cccc(Nc2nccc(Nc3c(Cl)ccc4ccoc34)n2)c1,3.7
2027,CS(=O)(=O)c1cccc(Nc2nccc(Nc3cccc4[nH]ncc34)n2)c1,2.91
2028,CS(=O)(=O)c1cccc(Nc2nccc(Nc3cccc4c3OCC4)n2)c1,3.0
2029,CS(=O)(=O)c1cccc(Nc2nccc(Nc3cccc4c3OCO4)n2)c1,2.83
2030,CS(=O)(=O)c1cccc(Nc2nccc(Nc3cccc4ccoc34)n2)c1,3.52
2031,CS(=O)(=O)c1cccc(Nc2nccc(Nc3cccc4ncoc34)n2)c1,2.5
2032,CS(=O)(=O)c1cccc(Nc2nccc(Nc3cccc4ocnc34)n2)c1,2.9
2033,CS(=O)(=O)c1cccc2c3c([nH]c12)CCN(C(=O)[C@@H]1CCCC[C@H]1C(=O)NC1(C#N)CC1)C3,1.7
2034,CS(=O)(=O)c1ccccc1C(=O)NCC(O)CNC1CCN(Cc2ccc(Cl)c(Cl)c2)CC1,1.21
2035,CS(=O)(=O)c1ccccc1C(=O)NC[C@@H](O)CN1CCC(Oc2ccc(Cl)c(Cl)c2)CC1,2.34
2036,CS(=O)(=O)n1c2ccccc2c2cc(NC(=O)CCc3ccncc3)ccc21,3.4
2037,CS(=O)(=O)n1c2ccccc2c2cc(NC(=O)N3CCOCC3)ccc21,2.7
2038,CSCCC(NC(=O)c1ccccc1)c1nc2ccccc2n1Cc1ccc(C#N)cc1,4.24
2039,CSCCC(NC(=O)c1sccc1Cl)c1nc2ccccc2[nH]1,3.69
2040,CSCc1cc(N2CCOCC2)nc(-c2ccccc2)n1,3.26
2041,CSc1c(C(=O)NC2C3CC4CC(C3)CC2C4)cnn1-c1ccc(C(=O)O)cc1,1.2
2042,CSc1ccc(-c2nc(-c3ccc(F)cc3)c(-c3ccncc3)[nH]2)cc1,2.97
2043,CSc1ccc(C(=O)C(C)(C)N2CCOCC2)cc1,3.49
2044,CSc1ccc(N2C(N)=NC(N)=NC2(C)C)cc1,-0.84
2045,CSc1ccc(OCc2ccccc2)c(/C=C/c2ccc(C(=O)O)cn2)c1,2.45
2046,CSc1ccc(OCc2ccccc2)c(C(=O)Nc2ccc(C(=O)O)cn2)c1,1.6
2047,CSc1ccc2c(c1)N(CCC1CCCCN1C)c1ccccc1S2,3.76
2048,CSc1nc(-c2ccccc2)nn1Cc1ccccc1,3.83
2049,CSc1nc(C(N)=O)c(N)s1,1.21
2050,CSc1nc(N)nc(-c2ccccc2)n1,2.98
2051,CSc1nc2cc(Cl)ccc2[nH]1,3.22
2052,CSc1ncccc1C(=O)NCC1CCCCC1,2.93
2053,CSc1ncccc1C(=O)NCCc1ccc(Cl)cc1,3.31
2054,CSc1ncccc1C(=O)NCc1ccc(C)cc1,2.71
2055,CSc1ncccc1C(=O)Nc1nccs1,1.43
2056,C[C@@H](C#N)NC(=O)[C@@H]1CCCC[C@H]1C(=O)N1CCc2[nH]c3ccc(F)cc3c2C1,3.5
2057,C[C@@H](C(=O)NCCN1CCCC1)c1ccc(OS(=O)(=O)C(F)(F)F)cc1,1.64
2058,C[C@@H](CO)Oc1cc(Oc2ccc(S(C)(=O)=O)cc2)cc(C(=O)Nc2nccs2)c1,2.63
2059,C[C@@H](COCCCS(=O)(=O)CCNCCc1ccc(O)c2nc(O)sc12)c1ccccc1,2.32
2060,C[C@@H](C[C@@](C)(CS(=O)(=O)N1CCN(CCc2ccc(Cl)cc2Cl)CC1)N(O)C=O)c1ncc(F)cn1,3.27
2061,C[C@@H](NC(=O)C1(N)CCN(c2ncnc3[nH]ccc23)CC1)c1ccc(Cl)cc1,3.3
2062,C[C@@H](NC(=O)C1CCCCN1C)c1ccc(Nc2ncc3cc(-c4ccncc4)ccc3n2)cc1,3.34
2063,C[C@@H](NC(=O)C1CCNCC1)c1ccc(Nc2ncc3cc(-c4ccncc4)ccc3n2)cc1,0.4
2064,C[C@@H](NC(=O)[C@H]1CCCCN1)c1ccc(Nc2ncc3cc(-c4ccncc4)ccc3n2)cc1,2.15
2065,C[C@@H](NC(=O)[C@H]1CCCNC1)c1ccc(Nc2ncc3cc(-c4ccncc4)ccc3n2)cc1,1.69
2066,C[C@@H](NC(=O)c1cccnc1Oc1ccccc1)c1ccccc1,3.14
2067,C[C@@H](NC1=CC(=O)CC1)c1ccc(Nc2ncc3cc(-c4ccncc4)ccc3n2)cc1,3.2
2068,C[C@@H](NC1=CC(=O)CCC1)c1ccc(Nc2ncc3cc(-c4ccncc4)ccc3n2)cc1,3.17
2069,C[C@@H](NC1=CC(=O)CNC1)c1ccc(Nc2ncc3cc(-c4ccncc4)ccc3n2)cc1,2.49
2070,C[C@@H](NC1=CC(=O)NCC1)c1ccc(Nc2ncc3cc(-c4ccncc4)ccc3n2)cc1,3.02
2071,C[C@@H](NCc1ccccc1-c1ccc(CCNC[C@H](O)c2ccc(O)c3[nH]c(=O)sc23)cc1)c1ccccc1,2.28
2072,C[C@@H](O)[C@@H](CO)Nc1nc(SCc2cccc(F)c2F)nc2nc(N)sc12,2.83
2073,C[C@@H](O)[C@H](NC(=O)c1ccc(C#Cc2ccc(CN3CCOCC3)cc2)cc1)C(=O)NO,2.03
2074,C[C@@H](O)[C@H]1C(=O)N2C(C(=O)OCOC(=O)C(C)(C)C)=C(SC3CN(C4=NCCS4)C3)[C@H](C)[C@H]12,2.1
2075,C[C@@H](Oc1cc(-c2cnn(C3CCNCC3)c2)cnc1N)c1c(Cl)ccc(F)c1Cl,2.33
2076,C[C@@H](Oc1cccc2ncnc(Nc3ccc(OCc4ccccn4)c(Cl)c3)c12)C(=O)N(C)C,3.67
2077,C[C@@H](Oc1cccc2ncnc(Nc3ccc(OCc4ccccn4)c(Cl)c3)c12)C(=O)N(C)CCO,3.56
2078,C[C@@H](Oc1cccc2ncnc(Nc3ccc4c(cnn4Cc4ccccn4)c3)c12)C(=O)N(C)C,2.89
2079,C[C@@H](Oc1cccc2ncnc(Nc3ccc4c(cnn4Cc4ccccn4)c3)c12)C(=O)N1CCOCC1,2.82
2080,C[C@@H](Oc1cccc2ncnc(Nc3ccc4c(cnn4Cc4cscn4)c3)c12)C(=O)N1CCOCC1,2.81
2081,C[C@@H](c1ncncc1F)[C@](O)(Cn1cncn1)c1ccc(F)cc1F,1.7
2082,C[C@@H]1C2CCCC1(c1cccc(O)c1)CCN2C,0.52
2083,C[C@@H]1CCCN1CCc1cc2cc(-c3ccc(C#N)cc3)ccc2o1,3.51
2084,C[C@@H]1CN(C(=O)OC(C)(C)C#N)CCN1c1ncc(OCc2ccncc2C#N)cn1,2.3
2085,C[C@@H]1CN(C(=O)OC(C)(C)C)CCN1c1ncc(OCC2CCN(S(C)(=O)=O)CC2)cn1,3.5
2086,C[C@@H]1CN(C(=O)OC(C)(C)C)CCN1c1ncc(OCc2ccc(C#N)cc2)cn1,2.89
2087,C[C@@H]1CN(C(=O)OC(C)(C)C)CCN1c1ncc(OCc2ccc(S(C)(=O)=O)cc2)cn1,3.6
2088,C[C@@H]1CN(C(=O)OC(C)(C)C)CCN1c1ncc(OCc2ccc(S(C)(=O)=O)cc2C#N)cn1,3.3
2089,C[C@@H]1CN(C(=O)OC(C)(C)C)CCN1c1ncc(OCc2ccc(S(C)(=O)=O)cc2F)cn1,3.7
2090,C[C@@H]1CN(C(=O)OC(C)(C)C)CCN1c1ncc(OCc2ccc(S(C)(=O)=O)cn2)cn1,3.0
2091,C[C@@H]1CN(C(=O)OC(C)(C)C)CCN1c1ncc(OCc2ccncc2C#N)cn1,3.33
2092,C[C@@H]1CN(C(=O)OCC(F)(F)F)CCN1c1ncc(OCc2ccncc2C#N)cn1,3.0
2093,C[C@@H]1CN(C(=O)OCC(F)F)CCN1c1ncc(OCc2ccncc2C#N)cn1,2.3
2094,C[C@@H]1CN(C(=O)[C@@](C)(O)C(F)(F)F)[C@@H](C)CN1C(=O)c1ccc(C#N)cc1,1.5
2095,C[C@@H]1CN(CC2(C(N)=O)CC2)CCN1S(=O)(=O)c1ccc(C(C)(O)C(F)(F)F)cc1,1.03
2096,C[C@@H]1CN(Cc2cc(Cl)ccc2OCC(=O)O)C[C@H](C)N1C(=O)Cc1ccccc1,0.7
2097,C[C@@H]1CN(Cc2ccc(F)cc2)CCN1C(=O)COc1ccc(Cl)cc1NC(N)=O,1.91
2098,C[C@@H]1CN(Cc2ccc(F)cc2)[C@@H](C)CN1C(=O)c1cc2c(C(=O)C(=O)N(C)C)cn(C)c2cc1Cl,3.6
2099,C[C@@H]1CN(Cc2nnc(-c3cc(-c4cccc5[nH]ccc45)cc4[nH]ncc34)o2)C[C@H](C)O1,4.01
2100,C[C@@H]1CN(c2c(F)c(N)c3c(=O)c(C(=O)O)cn(C4CC4)c3c2F)C[C@H](C)N1,-0.15
2101,C[C@@H]1CN(c2ccc3c(n2)NC(=O)CO3)[C@H](c2ccccc2)CO1,2.75
2102,C[C@@H]1CN(c2ccccc2)CCN1C(=O)[C@@H]1CCCC[C@H]1C(=O)NC1(C#N)CC1,2.35
2103,C[C@@H]1CN(c2nc(C(F)(F)F)no2)CCN1c1ncc(OCc2ccncc2C#N)cn1,3.1
2104,C[C@@H]1CN(c2nc(N3CCOCC3)c3ccc(Nc4ccccc4)nc3n2)C[C@H](C)O1,4.12
2105,C[C@@H]1CN(c2nc(N3CCOC[C@@H]3C)c3ccc(-c4ccccc4)nc3n2)C[C@H](C)O1,3.75
2106,C[C@@H]1CN(c2ncc(F)cn2)CCN1c1ncc(OCc2ccncc2C#N)cn1,3.4
2107,C[C@@H]1CN(c2noc(C(F)(F)F)n2)CCN1c1ncc(OCc2ccncc2C#N)cn1,3.95
2108,C[C@@H]1CN(c2noc(C(F)F)n2)CCN1c1ncc(OCc2ccncc2C#N)cn1,2.85
2109,C[C@@H]1CN(c2noc(C3CC3)n2)CCN1c1ncc(OCc2ccncc2C#N)cn1,3.1
2110,C[C@@H]1CN[C@@H](C2CC2)C(=O)N(C)[C@H](C)C(=O)N[C@H](Cc2ccc(F)cc2)C(=O)NCCCc2ccccc2O1,3.3
2111,C[C@@H]1COCCN1c1cc(C2(S(C)(=O)=O)CC2)nc(-c2cccc3[nH]ccc23)n1,2.7
2112,C[C@@H]1C[C@H]2[C@@H]3CCC4=CC(=O)C=C[C@]4(C)[C@@]3(F)[C@@H](O)C[C@]2(C)[C@@]1(O)C(=O)CO,1.87
2113,C[C@@H]1NC(C)(C)CO[C@@]1(O)c1cccc(Cl)c1,1.69
2114,C[C@@H]1N[S@](=O)(c2cccc(-c3cccc(C#N)c3)c2)=NC1=O,0.4
2115,C[C@@H]1c2c([nH]c3ccc(C(F)(F)F)cc23)C[C@@H]2CCN(CCN3CCOCC3)C[C@H]21,2.87
2116,C[C@@](CCc1ccc(-c2ccc(Cl)cc2)cc1)(C(=O)NO)S(C)(=O)=O,2.4
2117,C[C@@](Cc1ccc(O)c(O)c1)(NN)C(=O)O,-0.7
2118,C[C@@](N)(Cc1ccccc1)c1ccccc1,1.7
2119,C[C@@](O)(C(=O)Nc1ccc(C(=O)N2CCCCC2)cc1Cl)C(F)(F)F,2.62
2120,C[C@@](O)(C(=O)Nc1ccc(S(=O)(=O)NCCCO)cc1Cl)C(F)(F)F,2.1
2121,C[C@@](O)(C(=O)Nc1ccc(S(=O)(=O)NCCN2CCOCC2)cc1Cl)C(F)(F)F,2.14
2122,C[C@@](O)(C(=O)Nc1ccc(S(C)(=O)=O)cc1Cl)C(F)(F)F,2.08
2123,C[C@@]1(C(=O)Nc2ccc(F)nc2)CCCN1c1nc(Nc2cc(C3CC3)n[nH]2)c2cccn2n1,3.16
2124,C[C@@]1(c2cc(-c3cncnc3)c(F)cc2F)CCSC(N)=N1,0.8
2125,C[C@H](C#N)NC(=O)[C@@H]1CCCC[C@H]1C(=O)N1CCc2[nH]c3ccc(F)cc3c2C1,3.1
2126,C[C@H](C(=O)O)c1cccc(C(=O)c2ccccc2)c1,-0.06
2127,C[C@H](CN(C)C(=O)CO)Oc1cccc2ncnc(Nc3ccc(OCc4ccccn4)c(Cl)c3)c12,3.22
2128,C[C@H](CO)Nc1nc(SCc2cccc(Cl)c2)nc2nc(N)sc12,3.31
2129,C[C@H](CO)Nc1nc(SCc2cccc(Cl)c2F)nc2[nH]c(=O)sc12,3.53
2130,C[C@H](CO)Nc1nc(SCc2cccc(F)c2F)nc2[nH]c(=O)c(=O)[nH]c12,2.48
2131,C[C@H](CO)Nc1nc(SCc2cccc(F)c2F)nc2[nH]c(=O)c(C#N)cc12,3.32
2132,C[C@H](CO)Nc1nc(SCc2cccc(F)c2F)nc2[nH]c(=O)ccc12,3.36
2133,C[C@H](CO)Nc1nc(SCc2cccc(F)c2F)nc2[nH]c(=O)cnc12,3.1
2134,C[C@H](CO)Nc1nc(SCc2cccc(F)c2F)nc2[nH]c(N)nc12,3.22
2135,C[C@H](CO)Nc1nc(SCc2cccc(F)c2F)nc2nc(N)cnc12,2.89
2136,C[C@H](CO)Nc1nc(SCc2cccc(F)c2F)nc2nc(N)sc12,3.29
2137,C[C@H](CO)Nc1nc(SCc2cccc(F)c2F)nc2nc(NC3CC3)sc12,4.37
2138,C[C@H](CO)Nc1nc(SCc2cccc(F)c2F)nc2nc(NS(C)(=O)=O)sc12,0.92
2139,C[C@H](CO)Nc1nc(SCc2cccc(F)c2F)nc2nccnc12,3.15
2140,C[C@H](CO)Nc1nc(SCc2ccccc2)nc2[nH]c(=O)[nH]c12,2.75
2141,C[C@H](CO)Nc1nc(SCc2ccccc2)nc2[nH]c(=O)sc12,2.86
2142,C[C@H](CO)Nc1nc(SCc2ccccc2)nc2nc(N)sc12,3.12
2143,C[C@H](CO)Nc1nc(SCc2ccccc2F)nc2[nH]c(=O)sc12,3.0
2144,C[C@H](CO)Nc1nc(SCc2ccccc2F)nc2nc(N)sc12,3.12
2145,C[C@H](CO)Nc1nc(SCc2ccco2)nc2[nH]c(=O)sc12,2.21
2146,C[C@H](CO)n1ccc2c(NC(=O)Cc3ccc(Cl)c(C(F)(F)F)c3)cccc2c1=O,3.49
2147,C[C@H](Cc1cccc(CC(=O)NC23CC4CC(CC(C4)C2)C3)c1)NC[C@H](O)c1ccc(O)c(CO)c1,2.4
2148,C[C@H](N)C(=O)N[C@H](/C=C/S(=O)(=O)c1ccccc1)CCc1ccccc1,1.66
2149,C[C@H](NC(=O)/C=C/c1ccccc1)c1cccc(N2CCOCC2)c1,3.24
2150,C[C@H](NC(=O)C1(N)CCN(c2ncnc3[nH]ccc23)CC1)c1ccc(Cl)cc1,2.67
2151,C[C@H](NC(=O)Cc1cc(F)cc(F)c1)C(=O)NC1C(=O)N(C)c2ccccc2-c2ccccc21,3.6
2152,C[C@H](NC(=O)c1cccc2c1N(Cc1ccc(Cl)cc1)CC2)c1ccc(C(=O)O)cc1,1.47
2153,C[C@H](NC(=O)c1cccnc1Oc1ccccc1)c1ccccc1,2.91
2154,C[C@H](NC1=NC(=O)C(C)(C(F)(F)F)S1)c1ccccc1F,3.1
2155,C[C@H](NC1=NC(=O)[C@@](C)(C(F)(F)F)S1)c1ccccc1F,3.1
2156,C[C@H](NC1=NC(=O)[C@](C)(C(F)(F)F)S1)c1ccccc1F,3.1
2157,C[C@H](Nc1ccc2ncn(-c3cc(C4CC4)[nH]n3)c2n1)c1ncc(F)cn1,2.74
2158,C[C@H](Nc1nc(NC[C@@H](O)CO)c(Cl)c(Nc2cc(C3CC3)[nH]n2)n1)c1ccc(F)cc1,3.39
2159,C[C@H](Nc1nc(Nc2cc(C3CC3)[nH]n2)cnc1C#N)c1ccc(F)cn1,3.18
2160,C[C@H](Nc1nc(Nc2ncc(C#N)s2)cc(N2CCOCC2)n1)c1ccc(F)cn1,3.45
2161,C[C@H](Nc1nc(Nc2ncc(C#N)s2)cc(N2CCOCC2)n1)c1ncc(F)cn1,2.26
2162,C[C@H](Nc1ncc(Cl)c(Nc2cc(N(C)C)[nH]n2)n1)c1ncc(F)cn1,2.33
2163,C[C@H](Nc1ncc(F)c(Nc2cc(C3CC3)[nH]n2)n1)c1ccc(F)cn1,3.14
2164,C[C@H](Nc1ncc(F)c(Nc2cc(C3CC3)[nH]n2)n1)c1ncc(F)cn1,2.47
2165,C[C@H](Nc1ncc(F)c(Nc2cc(N(C)C)[nH]n2)n1)c1ncc(F)cn1,1.98
2166,C[C@H](Oc1ccc(Cl)cc1CN1CCN(C(=O)Cc2ccc(Cl)cc2)[C@@H](C)C1)C(=O)O,1.66
2167,C[C@H](Oc1ccc(S(C)(=O)=O)cc1C(=O)N1CCN(c2ncc(C(F)(F)F)cc2F)CC1)C(F)(F)F,3.49
2168,C[C@H]([C@H](O)c1ccc(O)cc1)N1CCC(O)(c2ccccc2)CC1,0.91
2169,C[C@H](c1ccc(F)cc1CCCC(=O)O)N(c1cc(F)ccc1F)S(=O)(=O)c1ccc(Cl)cc1,3.1
2170,C[C@H](c1nc2ncccc2c(=O)n1-c1ccc(Cl)cc1)N(CC1CCS(=O)(=O)CC1)C(=O)Cc1ccc(C(F)(F)F)c(F)c1,2.9
2171,C[C@H]1CCCN1CCc1cc2cc(-c3ccc(C#N)cc3)ccc2o1,3.25
2172,C[C@H]1CN(C(=O)OC(C)(C)C)CCN1c1ncc(OCc2ccc(S(C)(=O)=O)cc2)cn1,3.5
2173,C[C@H]1CN(Cc2cc(Cl)ccc2CC(=O)O)CCN1C(=O)Cc1ccc(Cl)cc1,1.66
2174,C[C@H]1CN(Cc2cc(Cl)ccc2CC(=O)O)CCN1S(=O)(=O)Cc1ccccc1,1.12
2175,C[C@H]1CN(Cc2cc(Cl)ccc2CCC(=O)O)CCN1C(=O)Cc1ccccc1,1.52
2176,C[C@H]1CN(Cc2cc(Cl)ccc2OC(C)(C)C(=O)O)CCN1S(=O)(=O)c1ccccc1,0.54
2177,C[C@H]1CN(Cc2cc(Cl)ccc2OCC(=O)O)CCN1C(=O)Cc1ccc(Cl)cc1,1.21
2178,C[C@H]1CN(Cc2cc(Cl)ccc2OCC(=O)O)CCN1C(=O)Cc1cccc(Cl)c1,0.78
2179,C[C@H]1CN(Cc2cc(Cl)ccc2OCC(=O)O)CCN1C(=O)Cc1ccccc1,0.18
2180,C[C@H]1CN(Cc2cc(Cl)ccc2OCC(=O)O)CCN1C(=O)Cc1ccccc1Cl,1.1
2181,C[C@H]1COCCN1c1cc(C2(S(C)(=O)=O)CC2)nc(-c2cccc3[nH]ccc23)n1,2.8
2182,C[C@H]1COCCN1c1cc(CS(C)(=O)=O)nc(-c2ccc3[nH]ccc3c2)n1,2.38
2183,C[C@H]1COCCN1c1nc(N2CCOC[C@@H]2C)c2ccc(-c3cccc(C(=O)NCCO)c3)nc2n1,2.49
2184,C[C@H]1COc2c(N3CCN(C)CC3)c(F)cc3c(=O)c(C(=O)O)cn1c23.C[C@H]1COc2c(N3CCN(C)CC3)c(F)cc3c(=O)c(C(=O)O)cn1c23.O,-0.35
2185,C[C@H]1C[C@@H](NS(=O)(=O)c2cc(Br)ccc2Br)CN1C#N,2.13
2186,C[C@H]1C[C@@H]2[C@H]([C@@H](O)C[C@@]3(C)[C@H]2CC[C@]3(O)C(=O)CO)[C@@]2(C)C=CC(=O)C=C12,2.12
2187,C[C@H]1NC(C)(C)CO[C@]1(O)c1cccc(Cl)c1,1.69
2188,C[C@H]1O[C@@H](n2cnc3c(N)nc(OC(C4CC4)C(F)(F)F)nc32)[C@H](O)[C@@H]1O,1.83
2189,C[C@H]1O[C@@H](n2cnc3c(N)nc(OC4CC5CC5C4)nc32)[C@H](O)[C@@H]1O,1.66
2190,C[C@H]1O[C@@H](n2cnc3c(N)nc(OC4CCC(F)(F)CC4)nc32)[C@H](O)[C@@H]1O,1.42
2191,C[C@H]1O[C@@H](n2cnc3c(N)nc(OC4CCCC4)nc32)[C@H](O)[C@H]1Cl,3.18
2192,C[C@H]1O[C@@H](n2cnc3c(N)nc(OC4CCOC4)nc32)[C@H](O)[C@@H]1O,-0.06
2193,C[C@H]1O[C@@H](n2cnc3c(N)nc(OCC45CC6CC(CC(C6)C4)C5)nc32)[C@H](O)[C@@H]1O,3.58
2194,C[C@H]1O[C@@H](n2cnc3c(N)nc(OCC4CC(F)(F)C4(F)F)nc32)[C@H](O)[C@@H]1O,1.42
2195,C[C@H]1O[C@@H](n2cnc3c(N)nc(OCC4CC45CC5)nc32)[C@H](O)[C@@H]1O,1.78
2196,C[C@H]1O[C@@H](n2cnc3c(N)nc(OCC4CC45CC5)nc32)[C@H](O)[C@H]1Cl,3.68
2197,C[C@H]1O[C@@H](n2cnc3c(N)nc(OCC4CCC(F)(F)CC4)nc32)[C@H](O)[C@@H]1O,1.72
2198,C[C@H]1O[C@@H](n2cnc3c(N)nc(O[C@H]4CC[C@H](C)CC4)nc32)[C@H](O)[C@@H]1O,2.35
2199,C[C@H]1O[C@@H](n2cnc3c(N)nc(Oc4ccccc4)nc32)[C@H](O)[C@@H]1O,1.05
2200,C[C@](N)(Cc1ccccc1)c1ccccc1,1.7
2201,C[C@](O)(CS(=O)(=O)c1ccc(F)cc1)C(=O)Nc1ccc(C#N)c(C(F)(F)F)c1,2.87
2202,C[C@]12CCC(=O)C=C1C=C[C@@H]1[C@@H]2CC[C@@]2(C)[C@H]1CC[C@@]21CCC(=O)O1,3.2
2203,C[C@]12CCC(=O)C=C1CC[C@@H]1[C@@H]2C(=O)C[C@@]2(C)[C@H]1CC[C@]2(O)C(=O)CO,1.4
2204,C[C@]12CC[C@@H]3c4ccc(O)cc4CC[C@H]3[C@@H]1CCC2=O,3.4
2205,C[C@]12CC[C@@H]3c4ccc(O)cc4CC[C@H]3[C@@H]1CC[C@@H]2O,3.72
2206,C[C@]12Cc3cnn(-c4ccc(F)cc4)c3C=C1CC[C@@]2(O)CCc1ccc(F)cc1C(N)=O,3.8
2207,C[C@]12N[C@H](Cc3ccccc31)c1ccccc12,1.6
2208,C[N+]1(C)[C@@H]2C[C@@H](OC(=O)C(O)(c3cccs3)c3cccs3)C[C@H]1[C@@H]1O[C@@H]12,-0.25
2209,C[S+]([O-])CCN1C(=O)C(NC(=O)c2cc3cc(Cl)sc3[nH]2)Cc2ccccc21,3.17
2210,C[S+]([O-])c1ccc(-c2nc(-c3ccc(F)cc3)c(-c3ccncc3)[nH]2)cc1,3.34
2211,C[Si](C)(C)C#Cc1cn(C[C@H]2CN(c3ccc(C4=CCS(=O)(=O)CC4)c(F)c3)C(=O)O2)nn1,1.26
2212,Cc1[nH]c(/C=C2\C(=O)Nc3ccc(F)cc32)c(C)c1C(=O)NCCN(C)C,1.75
2213,Cc1[nH]c(/C=C2\C(=O)Nc3ccc(F)cc32)c(C)c1C(=O)NC[C@H](O)CN1CCOCC1,2.22
2214,Cc1[nH]c(C(=O)NC2CCN(c3cc(C(=O)O)cc(Cl)n3)CC2)c(Cl)c1Cl,1.74
2215,Cc1[nH]c(C(=O)NC2CCN(c3nc(C(=O)O)cs3)CC2)c(Cl)c1Cl,0.14
2216,Cc1[nH]c(C(=O)NC2CCN(c3ncc(C(=O)O)s3)CC2)c(Cl)c1Cl,0.02
2217,Cc1[nH]c2ccccc2c1CCNCc1ccc(/C=C/C(=O)NO)cc1,1.1
2218,Cc1[nH]c2nc(NCc3ccc(Cl)cc3)nn2c(=O)c1Cc1ccccc1,3.7
2219,Cc1[nH]c2nc(NCc3cccc(Br)c3)nn2c(=O)c1Cc1ccccc1,3.68
2220,Cc1[nH]c2nc(NCc3cccc(Cl)c3)nn2c(=O)c1Cc1ccccc1,3.6
2221,Cc1c(-c2ccc(O)cc2)c(=O)oc2cc(O)ccc12,2.8
2222,Cc1c(-c2ccc(O)cc2)n(C)c2ccc(O)cc12,3.8
2223,Cc1c(-c2ccc3c(c2)OCO3)c(=O)n(C[C@H](N)c2ccccc2)c(=O)n1Cc1c(F)cccc1F,2.67
2224,Cc1c(-c2ccccc2)oc2c(C(=O)OCCN3CCCCC3)cccc2c1=O,3.42
2225,Cc1c(-c2ccccc2F)c(=O)n(C[C@H](N)c2ccccc2)c(=O)n1Cc1c(F)cccc1F,2.76
2226,Cc1c(C(=O)NC2C3CC4CC(C3)CC2C4)cnn1-c1ccc(C(=O)O)cc1,0.8
2227,Cc1c(C(=O)Nc2ccccc2)sc2ncnc(O)c12,2.13
2228,Cc1c(CC(=O)O)c2cc(F)ccc2n1S(=O)(=O)c1ccc(S(C)(=O)=O)cc1,-0.44
2229,Cc1c(CCC(=O)O)c(=O)oc2c(C)c(O)ccc12,-0.3
2230,Cc1c(CCC(=O)O)c(=O)oc2cc(O)ccc12,-0.7
2231,Cc1c(CCC(=O)O)c[nH]c1/C=C1\C(=O)Nc2ccccc21,1.05
2232,Cc1c(CN(C)C(=O)/C=C/c2cnc3c(c2)CCC(=O)N3)oc2ccccc12,2.36
2233,Cc1c(CN2CCN(C(=O)[C@H](C)O)CC2)sc2c(N3CCOCC3)nc(-c3cnc(N)nc3)nc12,1.9
2234,Cc1c(Cl)ccc(OC2CCN(C3CCN(C(=O)NS(=O)(=O)c4ccc(N(C)C)cc4)CC3)CC2)c1Cl,2.0
2235,Cc1c(Cl)ccc(OC2CCN(C3CCN(C(=O)c4cccc(S(C)(=O)=O)c4)CC3)CC2)c1Cl,3.33
2236,Cc1c(Cl)ccc(OC2CCN(CC3CCN([C@@H](Cc4ccc(F)cc4)C(=O)O)CC3)CC2)c1Cl,3.15
2237,Cc1c(Cl)ccc(OC2CCN(C[C@H](O)CNC(=O)c3c[nH]c(=O)c4cc(S(C)(=O)=O)ccc34)CC2)c1Cl,2.83
2238,Cc1c(Cl)ccc(OC2CCN(C[C@H](O)CNC(=O)c3c[nH]c(=O)cc3C(F)(F)F)CC2)c1Cl,3.14
2239,Cc1c(Cl)ccc(OC2CCN(C[C@H](O)CNC(=O)c3c[nH]nc3C(F)(F)F)CC2)c1Cl,3.66
2240,Cc1c(Cl)cccc1S(=O)(=O)Nc1nc(CC(=O)N2CCN(C)CC2)cs1,0.57
2241,Cc1c(F)cc(C(=O)NC2CC2)cc1-c1ccc(C(=O)NCC(C)(C)C)cn1,3.5
2242,Cc1c(F)ccc2c1c(Sc1ccc(Cl)cc1)c(C)n2CC(=O)O,2.23
2243,Cc1c(N(C)C)c(=O)n(-c2ccccc2)n1C,0.78
2244,Cc1c(N)cccc1Cn1ccc(OCCc2cccs2)cc1=O,2.78
2245,Cc1c(NC(=O)N2CCOCC2)ccc2c1c1ccccc1n2C(C)C,3.5
2246,Cc1c(OC2CCN(CC3CCN([C@@H](Cc4ccc(F)cc4)C(=O)O)CC3)CC2)ccc(C#N)c1Cl,2.19
2247,Cc1c(OC2CCN(CC3CCN([C@@](C)(Cc4ccc(F)cc4)C(=O)O)CC3)CC2)ccc(Cl)c1Cl,2.98
2248,Cc1c(OCC(F)(F)F)ccnc1C[S+]([O-])c1nc2ccccc2[nH]1,2.7
2249,Cc1c(O[C@H]2C[C@H]3CC[C@@H](C2)N3Cc2ccccc2)cccc1C(N)=O,1.6
2250,Cc1c(Oc2ccc(Cl)cc2)c2c(NS(C)(=O)=O)cccc2n1CC(=O)O,-0.98
2251,Cc1c(Oc2ccc(Cl)cc2)c2cc(C(F)(F)F)ccc2n1CC(=O)O,2.28
2252,Cc1c(Oc2ccc(Cl)cc2)c2cc(F)ccc2n1CC(=O)O,1.26
2253,Cc1c(Oc2ccc(S(C)(=O)=O)cc2F)ncnc1OC1CCN(C(=O)OC(C)C)CC1,3.7
2254,Cc1c(S(=O)(=O)c2ccc(Cl)cc2)c2c(NS(C)(=O)=O)cccc2n1CC(=O)O,-0.83
2255,Cc1c(S(=O)(=O)c2ccc(Cl)cc2)c2cc(F)ccc2n1CC(=O)O,-0.16
2256,Cc1c(Sc2ccc(Cl)cc2)c2c(-c3ccccc3)cccc2n1CC(=O)O,2.61
2257,Cc1c(Sc2ccc(Cl)cc2)c2c(-c3cnccn3)cccc2n1CC(=O)O,0.03
2258,Cc1c(Sc2ccc(Cl)cc2)c2c(C#N)c(Cl)ccc2n1CC(=O)O,1.6
2259,Cc1c(Sc2ccc(Cl)cc2)c2c(Cl)cccc2n1CC(=O)O,2.15
2260,Cc1c(Sc2ccc(Cl)cc2)c2c(Cl)nccc2n1CC(=O)O,0.92
2261,Cc1c(Sc2ccc(Cl)cc2)c2c(NS(C)(=O)=O)cccc2n1CC(=O)O,0.21
2262,Cc1c(Sc2ccc(Cl)cc2)c2c(S(C)(=O)=O)cccc2n1CC(=O)O,0.58
2263,Cc1c(Sc2ccc(Cl)cc2)c2cc(-c3ccccc3)ccc2n1CC(=O)O,3.7
2264,Cc1c(Sc2ccc(Cl)cc2)c2cc(Cl)ccc2n1C(C)C(=O)O,3.56
2265,Cc1c(Sc2ccc(Cl)cc2)c2cc(Cl)ccc2n1CC(=O)O,2.87
2266,Cc1c(Sc2ccc(Cl)cc2)c2cc(Cl)ccc2n1Cc1nnn[nH]1,3.25
2267,Cc1c(Sc2ccc(Cl)cc2)c2cc(F)ccc2n1CC(=O)O,1.84
2268,Cc1c(Sc2ccc(Cl)cc2)c2cc(S(C)(=O)=O)ccc2n1CC(=O)O,0.54
2269,Cc1c(Sc2ccc(Cl)cc2)c2ccc(Cl)cc2n1CC(=O)O,2.51
2270,Cc1c(Sc2ccc(Cl)cc2)c2ccc(S(C)(=O)=O)cc2n1CC(=O)O,0.79
2271,Cc1c(Sc2ccc(Cl)cc2)c2cccc(Cl)c2n1CC(=O)O,2.0
2272,Cc1c2c(=O)n(-c3ccccc3Cl)[nH]c2cc(=O)n1Cc1ccccn1,0.2
2273,Cc1c[nH]c(/C=C2\C(=O)Nc3ccccc32)c1CCC(=O)O,1.2
2274,Cc1cc(-c2ccc(-c3nc4ccncc4c(O)c3C#N)cc2)ccn1,1.6
2275,Cc1cc(-c2ccc(Cl)c(C(=O)NCC3(O)CCCCCC3)c2)n[nH]1,3.41
2276,Cc1cc(-c2ccc(Cl)c(C(=O)NCC3(O)CCCCCC3)c2)nn1C[C@H](O)CN,0.57
2277,Cc1cc(-c2ccc(N3C[C@H](Cn4ccnn4)OC3=O)cc2F)on1,1.99
2278,Cc1cc(=O)[nH]c2ccccc12,1.9
2279,Cc1cc(=O)[nH]c2sc(C(=O)c3ccc(Br)cc3)c(N)c12,2.57
2280,Cc1cc(=O)n(-c2ccccc2)n1C,0.11
2281,Cc1cc(=O)oc2cc3c(cc12)CCCN3,2.7
2282,Cc1cc(C#N)oc1-c1c2c(=O)n(C)c(=O)n(CC3CC3)c2nn1Cc1ccnc2ccc(Cl)cc12,4.34
2283,Cc1cc(C(=O)Cn2cc(C(F)(F)F)ccc2=O)c(C)n1Cc1ccccc1,3.46
2284,Cc1cc(C(C)Nc2ccccc2)c2nc(N3CCOCC3)cc(=O)n2c1,3.6
2285,Cc1cc(C(N)=O)ccc1O[C@H]1C[C@H]2CC[C@@H](C1)N2Cc1ccccc1,2.23
2286,Cc1cc(C)c(C(=O)N[C@@H](Cc2ccc(OCCCNc3ccccn3)cc2)C(=O)O)c(C)c1,0.49
2287,Cc1cc(C)c(CNC(=O)c2cc(C3CC3)nc3c2cnn3C(C)C)c(O)n1,3.8
2288,Cc1cc(C)c2c(N)c(C(=O)NC3CC3)sc2n1,2.53
2289,Cc1cc(C)c2c(N)c(C(=O)NCc3ccccc3)sc2n1,3.41
2290,Cc1cc(C)c2c(n1)sc1c(N3CCN(C)CC3)ncnc12,3.2
2291,Cc1cc(C)cc(-c2[nH]c3ccc(C(C)(C)C(=O)N4C5CCC4CC5)cc3c2CCNCCCCc2ccncc2)c1,4.3
2292,Cc1cc(C)cc(-c2[nH]c3ccc(C(C)(C)C(=O)N4C5CCC4CC5)cc3c2[C@H](C)CNCCc2ccncc2)c1,4.35
2293,Cc1cc(C)cc(-c2[nH]c3ccccc3c2CCNCCCCc2ccncc2)c1,3.3
2294,Cc1cc(C)cc(-c2[nH]c3sc(C(C)(C)C(=O)N4C5CCC4CC5)cc3c2CCN2CCN(CC(=O)N(C)C)CC2)c1,4.13
2295,Cc1cc(C)cc(-c2c(O)nc3cc(Cl)c(C(=O)Nc4ccncn4)cc3c2OCCC2CCCCN2)c1,1.7
2296,Cc1cc(C)cc(-c2nnc(SCC(=O)N3CCN(C(=O)c4ccco4)CC3)o2)c1,3.0
2297,Cc1cc(C)cc(CCOCCS(=O)(=O)NCCNCCc2ccc(O)c3nc(O)sc23)c1,2.45
2298,Cc1cc(C)n(-c2cccc(Cl)c2C#N)n1,3.0
2299,Cc1cc(C)nc(N)c1,0.85
2300,Cc1cc(C)nc(SCC(=O)Nc2cc(C)on2)n1,1.52
2301,Cc1cc(C)nc(SCC(N)=O)n1,0.23
2302,Cc1cc(CCC2CCN(S(=O)(=O)CC3(N(O)C=O)CCOCC3)CC2)c(C)cn1,1.43
2303,Cc1cc(CCCOc2c(C)cc(-c3noc(C(F)(F)F)n3)cc2C)on1,3.63
2304,Cc1cc(CCCOc2c(Cl)cc(C3=NCCO3)cc2Cl)on1,3.72
2305,Cc1cc(CN2CCC2)cnc1-c1ccc(C(=O)Nc2ccccc2N)cc1,1.18
2306,Cc1cc(CN2CCN(C(C)C)CC2)cnc1-c1ccc(C(=O)Nc2ccccc2N)cc1,1.44
2307,Cc1cc(CN2CCc3ccccc3C2C(=O)Nc2ccc(Cl)cc2Cl)ccc1OCC(=O)O,2.63
2308,Cc1cc(CN2Cc3ccccc3C2C(=O)Nc2cc(Cl)ccc2Cl)ccc1OCC(=O)O,2.19
2309,Cc1cc(CN2Cc3ccccc3C2C(=O)Nc2ccc(Cl)cc2)ccc1OCC(=O)O,1.38
2310,Cc1cc(CN2Cc3ccccc3C2C(=O)Nc2ccc(Cl)cc2Cl)ccc1OCC(=O)O,2.62
2311,Cc1cc(CN2Cc3ccccc3C[C@H]2C(=O)Nc2ccc(Cl)cc2Cl)ccc1OCC(=O)O,2.41
2312,Cc1cc(CN2Cc3cccnc3CC2C(=O)Nc2ccc(Cl)cc2Cl)ccc1OCC(=O)O,1.15
2313,Cc1cc(CNc2ncc(Br)c(Nc3cc(C)[nH]n3)n2)on1,2.92
2314,Cc1cc(CNc2ncc(Br)c(Nc3cc(C4CC4)[nH]n3)n2)on1,3.43
2315,Cc1cc(CNc2ncc(Cl)c(Nc3cc(C)[nH]n3)n2)on1,2.68
2316,Cc1cc(CNc2nccc(Nc3cc(C)[nH]n3)n2)on1,1.86
2317,Cc1cc(CNc2nccc(Nc3cc(CCc4ccccc4)[nH]n3)n2)on1,3.56
2318,Cc1cc(COC(=O)Nc2ccc(-c3ccccc3)n(CC(=O)NC(C(=O)C(F)(F)F)C(C)C)c2=O)cc(C)n1,2.38
2319,Cc1cc(COc2ccc(NC(=O)[C@@H]3[C@@H](C(=O)NO)CCCN3C)cc2)c2ccccc2n1,2.41
2320,Cc1cc(COc2cnc(N3CCN(C(=O)OC(C)(C)C)CC3)nc2)ccn1,3.7
2321,Cc1cc(Cl)ccc1N1CCN(C(=O)COCc2ccncc2)CC1,3.22
2322,Cc1cc(Cl)ccc1OC1CCN(CC2CCN([C@@H](Cc3ccc(F)cc3)C(=O)O)CC2)CC1,2.53
2323,Cc1cc(Cl)ccc1OC1CCN(C[C@H](O)CNC(=O)c2c[nH]c(=O)c3c(F)cccc23)CC1,3.0
2324,Cc1cc(Cl)ccc1OC1CCN(C[C@H](O)CNC(=O)c2c[nH]c(=O)c3cc(S(C)(=O)=O)ccc23)CC1,2.42
2325,Cc1cc(Cl)ccc1OC1CCN(C[C@H](O)CNC(=O)c2c[nH]c(=O)cc2C(F)(F)F)CC1,2.37
2326,Cc1cc(Cl)ccc1OC1CCN(C[C@H](O)CNC(=O)c2c[nH]nc2C(F)(F)F)CC1,3.02
2327,Cc1cc(Cn2[nH]c(=O)c3[nH]c4cc(Cl)ccc4c(=O)c3c2=O)oc1C,1.0
2328,Cc1cc(F)ccc1OC1CCN(CC2CCN([C@@H](Cc3ccc(F)cc3)C(=O)O)CC2)CC1,1.81
2329,Cc1cc(F)ccc1OC1CCN(CC2CCN([C@@](C)(Cc3ccc(F)cc3)C(=O)O)CC2)CC1,2.0
2330,Cc1cc(N(C)S(C)(=O)=O)ccc1-c1cc(C(F)(F)F)ccc1OCC(=O)O,-0.59
2331,Cc1cc(N)c2cc(NC(=O)CC(=O)Nc3ccc4nc(C)cc(N)c4c3)ccc2n1,1.35
2332,Cc1cc(N)c2cc(NC(=O)CCC(=O)Nc3ccc4nc(C)cc(N)c4c3)ccc2n1,1.39
2333,Cc1cc(N)c2cc(NC(=O)CCCCC(=O)Nc3ccc4nc(C)cc(N)c4c3)ccc2n1,0.53
2334,Cc1cc(N)n(-c2ccccc2)n1,1.25
2335,Cc1cc(N)nc(CCNC(=O)c2ccc(C#N)cc2)c1,1.62
2336,Cc1cc(N2CCC[C@@H]2C(=O)NCCc2ccc3c(c2)OCO3)nc(-n2ccnc2)n1,2.5
2337,Cc1cc(NC(=O)Nc2ccc(Cl)cc2)n(-c2ccccc2)n1,4.15
2338,Cc1cc(NC(=O)Nc2ccc(Cl)cc2)n(C)n1,2.96
2339,Cc1cc(NC(=O)c2ccc(Cl)cc2)n(-c2ccccc2)n1,3.25
2340,Cc1cc(NC(=O)c2ccccc2)n[nH]1,1.75
2341,Cc1cc(NC(=O)c2nnc(Nc3ccccc3F)o2)ccc1N1CCOCC1,4.0
2342,Cc1cc(NCc2ccccc2)nc2ccccc12,3.69
2343,Cc1cc(NS(=O)(=O)c2ccc(N)cc2)no1,-0.56
2344,Cc1cc(Nc2cc(N3CCN(C)CC3)nc(Sc3ccc(NC(=O)C4CC4)cc3)n2)n[nH]1,3.47
2345,Cc1cc(Nc2cc(N3CCOCC3)nc(N[C@@H](C)c3ncc(F)cn3)n2)n[nH]1,1.91
2346,Cc1cc(Nc2ccc(F)cc2)nc(N)n1,2.08
2347,Cc1cc(Nc2ccccc2)n(CCC#N)n1,2.3
2348,Cc1cc(Nc2ccnc(NCc3cc(C4CC4)no3)n2)n[nH]1,2.5
2349,Cc1cc(Nc2cnc(C#N)c(N[C@@H](C)c3ccc(F)cn3)n2)n[nH]1,2.51
2350,Cc1cc(Nc2cnc(C#N)c(N[C@@H](C)c3ncc(F)cn3)n2)n[nH]1,1.96
2351,Cc1cc(Nc2nc(NCc3ccccn3)ncc2Br)n[nH]1,2.8
2352,Cc1cc(Nc2nc(N[C@@H](C)c3ccc(F)cn3)c(C#N)cc2F)n[nH]1,3.11
2353,Cc1cc(Nc2nc(N[C@@H](C)c3ccc(F)cn3)c(C#N)nc2C)n[nH]1,2.61
2354,Cc1cc(Nc2nc(N[C@@H](C)c3ccc(F)cn3)cnc2C)n[nH]1,1.73
2355,Cc1cc(Nc2nc(N[C@@H](C)c3ncc(F)cn3)c(C#N)nc2C)n[nH]1,1.92
2356,Cc1cc(Nc2nc(N[C@@H](C)c3ncc(F)cn3)nc(N3CCOCC3)c2Cl)n[nH]1,2.61
2357,Cc1cc(Nc2nc(N[C@@H](C)c3ncc(F)cn3)ncc2Br)n[nH]1,2.39
2358,Cc1cc(Nc2nc(N[C@@H](C)c3ncc(F)cn3)ncc2C)n[nH]1,1.75
2359,Cc1cc(Nc2nc(N[C@@H](C)c3ncc(F)cn3)ncc2F)n[nH]1,1.79
2360,Cc1cc(Nc2nc(O[C@@H](C)c3ccc(F)cn3)c(C#N)nc2C)n[nH]1,2.86
2361,Cc1cc(Nc2nc(O[C@@H](C)c3ncc(F)cn3)ncc2Cl)n[nH]1,1.82
2362,Cc1cc(Nc2nc(O[C@H](C)c3ccc(F)cn3)c(C#N)nc2C)n[nH]1,2.72
2363,Cc1cc(Nc2ncc(F)c(-c3cnc(C)n3C(C)C)n2)ccc1C(=O)N(C)C,2.86
2364,Cc1cc(Nc2ncc(F)c(N[C@H]3[C@@H](C(N)=O)[C@@H]4C=C[C@H]3C4)n2)ccc1N1CCN(C)CC1,2.9
2365,Cc1cc(O)ccc1N1C(=O)c2ccc(O)cc2C1=O,2.0
2366,Cc1cc(O)nc(-n2nc(C)c(Oc3ccccc3O)c2C)n1,1.4
2367,Cc1cc(OC2CCN(CC3CCN([C@@H](Cc4ccc(F)cc4)C(=O)O)CC3)CC2)ccc1Cl,2.54
2368,Cc1cc(OC2CCN(CC3CCN([C@@](C)(Cc4ccc(F)cc4)C(=O)O)CC3)CC2)ccc1Cl,2.08
2369,Cc1cc(OCCCS(C)(=O)=O)cc(C)c1-c1cccc(COc2ccc3c(c2)OC[C@H]3CC(=O)O)c1,2.3
2370,Cc1cc(O[C@H]2C[C@H]3CC[C@@H](C2)N3Cc2ccccc2)cc(C(N)=O)c1,2.08
2371,Cc1cc(Oc2cc(S(=O)(=O)N3CCC[C@H](n4cc(C)c(=O)[nH]c4=O)C3)ccc2O)ccc1Cl,2.4
2372,Cc1cc(Oc2ccc3c(c2)OCO3)nc(Oc2ccc(-n3ccnc3)cc2)n1,3.47
2373,Cc1cc(Oc2ccnc(Nc3ccc(N4CCOCC4)cc3)c2)c(-c2ccccn2)nc1C,2.59
2374,Cc1cc(Oc2ccnc(Nc3ccc(S(N)(=O)=O)cc3)c2)c(-c2ccccn2)nc1C,2.34
2375,Cc1cc(Oc2ccnc(Nc3cccc(N4CCOCC4)c3)c2)c(-c2ccccn2)nc1C,3.27
2376,Cc1cc(S(=O)(=O)N2CCN(C)CC2)ccc1-c1cnc(N)c(C(=O)Nc2cccnc2)n1,2.6
2377,Cc1cc(S(=O)(=O)Nc2nc(Nc3ccc(Cl)cc3)n[nH]2)c(S)cc1Cl,2.09
2378,Cc1cc([C@H](O)[C@](C)(OCc2ccc(-c3ccccc3)cc2)C(=O)NO)no1,2.88
2379,Cc1cc2[nH]c(=O)c(O)cc(=O)c2cc1C,1.99
2380,Cc1cc2c(C(=O)NC[C@H](C)c3ccccc3)c(O)c(O)cc2c(O)c1-c1c(C)cc2c(C(=O)NC[C@H](C)c3ccccc3)c(O)c(O)cc2c1O,3.48
2381,Cc1cc2c(C(C)C)c(O)c(O)c(C=O)c2c(O)c1-c1c(C)cc2c(C(C)C)c(O)c(O)c(C=O)c2c1O,2.75
2382,Cc1cc2c(C)cc(=O)oc2c2c1NCCC2,2.9
2383,Cc1cc2c(F)c(Oc3ncnn4cc(OC[C@@H](C)OC(=O)[C@H](C)N)c(C)c34)ccc2[nH]1,3.19
2384,Cc1cc2c(s1)Nc1ccccc1N=C2N1CCN(C)CC1,2.19
2385,Cc1cc2cc(C)c3nnc(SCC(=O)N4CCN(C(=O)c5ccco5)CC4)n3c2cc1C,2.8
2386,Cc1cc2cc3c(C)cc(=O)oc3c(C)c2o1,3.47
2387,Cc1cc2n[nH]c(=O)n2c2cc(-c3ccc(C(=O)N4CCOCC4)cc3)ccc12,2.77
2388,Cc1cc2n[nH]c(=O)n2c2cc(-c3ccc(CO)cc3)ccc12,2.86
2389,Cc1cc2n[nH]c(=O)n2c2cc(-c3ccc[nH]3)ccc12,3.29
2390,Cc1cc2n[nH]c(=O)n2c2cc(-c3cccc(CO)c3)ccc12,3.36
2391,Cc1cc2n[nH]c(=O)n2c2cc(-c3ccccc3CO)ccc12,3.18
2392,Cc1cc2n[nH]c(=O)n2c2cc(-c3cccnc3)ccc12,2.72
2393,Cc1cc2n[nH]c(=O)n2c2cc(-c3ccco3)ccc12,2.07
2394,Cc1cc2n[nH]c(=O)n2c2cc(-c3ccncc3)ccc12,2.29
2395,Cc1cc2n[nH]c(=O)n2c2cc(-c3cn[nH]c3)ccc12,2.13
2396,Cc1cc2n[nH]c(=O)n2c2ccccc12,2.35
2397,Cc1cc2nc(NC(=N)N)nc(C)c2cc1C,0.7
2398,Cc1ccc(-c2[nH]cnc2C)cc1NC(=O)c1ccc(OCc2ccccn2)cc1,2.87
2399,Cc1ccc(-c2c[nH]cn2)cc1NC(=O)c1ccc(OCc2ccccn2)cc1,2.81
2400,Cc1ccc(-c2c[nH]nn2)cc1,2.58
2401,Cc1ccc(-c2cc(C(=O)N3CCOCC3)c3cc(C)ccc3n2)cc1,3.6
2402,Cc1ccc(-c2cc(C(F)(F)F)n[nH]2)cc1NC(=O)c1ccc(OCc2ccccn2)cc1,2.44
2403,Cc1ccc(-c2cc(C(F)(F)F)nn2-c2ccc(S(N)(=O)=O)cc2)cc1,3.42
2404,Cc1ccc(-c2ccc(F)cc2COc2ccc(CCC(=O)O)cc2)cc1,3.24
2405,Cc1ccc(-c2ccc(N)nn2)cc1NC(=O)c1ccc(OCc2ccccn2)cc1,2.47
2406,Cc1ccc(-c2ccc(S(=O)(=O)N3CCC[C@H]3C(=O)N3CC[C@@H](N)C3)cc2F)o1,1.2
2407,Cc1ccc(-c2ccc3c(ccc4sc5c(c43)NC[C@@H](C)NC5=O)n2)cn1,3.6
2408,Cc1ccc(-c2cccc(-c3nn[nH]n3)c2)cc1,1.3
2409,Cc1ccc(-c2cccc([S@]3(=O)=NC(=O)[C@H](C)N3)c2)cc1,1.6
2410,Cc1ccc(-c2cn(C)c(C)n2)cc1NC(=O)c1ccc(OCc2ccccn2)cc1,2.71
2411,Cc1ccc(-c2cn(C)cn2)cc1NC(=O)c1ccc(OCc2ccccn2)cc1,2.54
2412,Cc1ccc(-c2csc3ncnc(O)c23)cc1,2.59
2413,Cc1ccc(-c2nc3ccccc3[nH]2)cc1NC(=O)c1ccc(OCc2ccccn2)cc1,3.24
2414,Cc1ccc(-c2ncc(C)n2C)cc1NC(=O)c1ccc(OCc2ccccn2)cc1,2.67
2415,Cc1ccc(-c2ncc(CN3CCOCC3)s2)cc1NC(=O)c1ccc(OCc2ccccn2)cc1,3.1
2416,Cc1ccc(-c2ncc[nH]2)cc1NC(=O)c1ccc(OCc2ccccn2)cc1,3.01
2417,Cc1ccc(-c2nccn2C)cc1NC(=O)c1ccc(OCc2ccccn2)cc1,2.83
2418,Cc1ccc(-c2nn(C(C)(C)C)c3ncnc(N)c23)cc1,4.1
2419,Cc1ccc(-c2nn(C(C)C)c3ncnc(N)c23)cc1,3.2
2420,Cc1ccc(-c2nnc(N3CCN(C(=O)c4ccco4)CC3)c3ccccc23)cc1,3.78
2421,Cc1ccc(-c2nnc(O)c3ccccc23)c(C)c1,3.41
2422,Cc1ccc(-n2[nH]c(=O)c3cccnc32)cc1,2.1
2423,Cc1ccc(-n2c(C)cc(C(=O)NS(=O)(=O)c3ccc(C)cc3)c2C)cc1,2.5
2424,Cc1ccc(-n2nc(C(C)(C)C)cc2NC(=O)Nc2ccc(OCCN3CCOCC3)c3ccccc23)cc1,4.49
2425,Cc1ccc(/C(=C\CN2CCCC2)c2ccccn2)cc1,1.88
2426,Cc1ccc(/C=C(\C#N)C(N)=O)cc1,2.09
2427,Cc1ccc(C#N)cc1-c1cc(C(F)(F)F)ccc1OCC(=O)O,0.15
2428,Cc1ccc(C(=O)C(C)CN2CCCCC2)cc1,1.65
2429,Cc1ccc(C(=O)C2CCN(C(=O)c3ccc(C)cc3)CC2)cc1,3.43
2430,Cc1ccc(C(=O)N(CCCN)Cc2nc3cc(Cl)ccc3c(=O)n2Cc2ccccc2)cc1,1.47
2431,Cc1ccc(C(=O)N(CCCN)[C@H](c2nc3cc(Cl)ccc3c(=O)n2Cc2ccccc2)C(C)C)cc1,2.88
2432,Cc1ccc(C(=O)N2CC3CNCC(C2)O3)cc1NC(=O)CC12CC3CC(CC(C3)C1)C2,2.12
2433,Cc1ccc(C(=O)N2CCC(C(=O)c3ccc(Cl)cc3)CC2)cc1,3.79
2434,Cc1ccc(C(=O)NC(C)C)cc1-n1cnc2ccc(N3CCN(C)CC3)cc2c1=O,1.56
2435,Cc1ccc(C(=O)NC2CC2)cc1-c1ccc(C(=O)NCC2CC2)nc1,3.36
2436,Cc1ccc(C(=O)NC2CCC2)cc1-n1cnc2ccc(N3CCN(C)CC3)cc2c1=O,2.25
2437,Cc1ccc(C(=O)NC2CCN(c3cc(C(N)=O)cc(Cl)n3)CC2)[nH]1,2.64
2438,Cc1ccc(C(=O)Nc2ccon2)cc1-n1cnc2ccc(N3CCN(C)CC3)cc2c1=O,1.87
2439,Cc1ccc(C(=O)Nc2ccon2)cc1NC(=O)c1cnn(-c2ccccc2F)c1N,2.6
2440,Cc1ccc(C(=O)Nc2nccs2)cc1-n1cnc2ccc(N3CCN(C)CC3)cc2c1=O,2.56
2441,Cc1ccc(C(=O)Oc2ccc(C(O)CNC(C)(C)C)cc2OC(=O)c2ccc(C)cc2)cc1,3.57
2442,Cc1ccc(C(=O)c2cc(O)c(O)c([N+](=O)[O-])c2)cc1,0.74
2443,Cc1ccc(C(=O)c2ccc(CC(=O)O)n2C)cc1,-1.02
2444,Cc1ccc(C(NC(=O)c2ccccc2O)C(=O)Nc2c(C)cccc2C)s1,4.05
2445,Cc1ccc(C)c(OCCCC(C)(C)C(=O)O)c1,0.72
2446,Cc1ccc(CCCOCCS(=O)(=O)CCCNCCc2ccc(O)c3nc(O)sc23)s1,2.41
2447,Cc1ccc(CCOCCNS(=O)(=O)CCCNCCc2ccc(O)c3nc(O)sc23)cc1,2.07
2448,Cc1ccc(CN2C(=O)CCSc3ccc(Cl)cc32)cc1,3.7
2449,Cc1ccc(CN2[C@@H]3CC[C@H]2C[C@@H](Oc2cccc(C(N)=O)c2)C3)s1,2.39
2450,Cc1ccc(CN2[C@@H]3CC[C@H]2C[C@H](Oc2cccc(C(N)=O)c2)C3)s1,2.44
2451,Cc1ccc(CNC(=O)C2CCCN2S(=O)(=O)c2ccc(F)cc2)cc1,2.9
2452,Cc1ccc(CO)cc1N(C)c1ccnc(Nc2cc(C(=O)N3CCOCC3)cc(N3CCOCC3)c2)n1,2.2
2453,Cc1ccc(CO)cc1N(C)c1ccnc(Nc2cc(CN3CCOCC3)cc(N3CCOCC3)c2)n1,3.0
2454,Cc1ccc(CO)cc1N(C)c1ccnc(Nc2cc(N3CCCC3)cc(N3CCOCC3)c2)n1,3.8
2455,Cc1ccc(CO)cc1N(C)c1ccnc(Nc2cc(N3CCCCC3)cc(N3CCOCC3)c2)n1,4.2
2456,Cc1ccc(CO)cc1N(C)c1ccnc(Nc2cc(N3CCCOCC3)cc(N3CCOCC3)c2)n1,3.3
2457,Cc1ccc(CO)cc1N(C)c1ccnc(Nc2cc(N3CCOCC3)cc(N3CCN(C)CC3)c2)n1,2.61
2458,Cc1ccc(CO)cc1N(C)c1ccnc(Nc2cc(N3CCOCC3)cc(N3CCOCC3)c2)n1,2.94
2459,Cc1ccc(CO)cc1N(C)c1ccnc(Nc2cc(N3CCOCC3)cc(S(C)(=O)=O)c2)n1,2.9
2460,Cc1ccc(CO)cc1N(C)c1ccnc(Nc2cc(N3CCOCC3)nc(N3CCOCC3)c2)n1,3.44
2461,Cc1ccc(CO)cc1N(C)c1ccnc(Nc2cc(N3CCOCC3)nc(N3CCOCC3)n2)n1,3.9
2462,Cc1ccc(CO)cc1N(C)c1ccnc(Nc2cc(OC3CCOCC3)cc(N3CCOCC3)c2)n1,3.7
2463,Cc1ccc(CO)cc1N(c1ccnc(Nc2cc(N3CCOCC3)cc(N3CCOCC3)c2)n1)C(C)C,3.9
2464,Cc1ccc(COC(=O)N2CCC(CNc3ncccn3)CC2)cc1,3.6
2465,Cc1ccc(COC(=O)N2CC[C@H](CNc3ncccn3)[C@H](F)C2)cc1,3.21
2466,Cc1ccc(C[C@@H](C(=O)O)N2CCC(CN3CCC(Oc4ccc(Cl)c(Cl)c4)CC3)CC2)cc1,3.01
2467,Cc1ccc(Cl)c(Nc2cc(Nc3ccc(OCC(O)CN(C)C)cc3)ncn2)c1,2.16
2468,Cc1ccc(Cl)c(Nc2ccccc2C(=O)O)c1Cl,2.33
2469,Cc1ccc(Cl)c(Nc2ccnc(Nc3ccc(OCC(O)CN(C)C)cc3)n2)c1,2.6
2470,Cc1ccc(F)c(Nc2ccnc(Nc3ccc(OCC(O)CN(C)C)cc3)n2)c1,2.1
2471,Cc1ccc(F)c(Nc2ccnc(Nc3ccc(S(N)(=O)=O)cc3)n2)c1,3.1
2472,Cc1ccc(F)cc1S(=O)(=O)N[C@@H]1CCN(Cc2ccc(-c3ccccc3)cc2)C1,4.0
2473,Cc1ccc(N(CC#N)c2cc(Nc3ccc(OCC(O)CN(C)C)cc3)ncn2)c(Br)c1,2.24
2474,Cc1ccc(N2CC(COc3ccc(-c4noc(C)n4)cc3)C2)nn1,2.62
2475,Cc1ccc(NC(=N)N)cc1C,-1.34
2476,Cc1ccc(NC(=O)C2CC2)cc1-n1cnc2ccc(N3CCN(C)CC3)cc2c1=O,2.17
2477,Cc1ccc(NC(=O)CCC2CCCCC2)cc1NC(=O)c1ccc(O)cc1,4.13
2478,Cc1ccc(NC(=O)N2CCN(C[C@@H]3CCCN(C4CC4)C3)CC2)cc1Cl,3.37
2479,Cc1ccc(NC(=O)[C@@H]2CCCN2S(=O)(=O)c2cccc3cccnc23)c(C)c1,3.8
2480,Cc1ccc(NC(=O)[C@H]2CCCN2S(=O)(=O)c2cccc3cccnc23)c(C)c1,3.9
2481,Cc1ccc(NC(=O)c2ccc(C#N)cc2)cc1-n1cnc2ccc(N3CCN(C)CC3)cc2c1=O,2.73
2482,Cc1ccc(NC(=O)c2ccc(CN3CCN(C)CC3)cc2)cc1Nc1nccc(-c2cccnc2)n1,2.5
2483,Cc1ccc(NC(=O)c2ccc(Cl)c(C(F)(F)F)c2)cc1C(=O)Nc1cccnc1,2.83
2484,Cc1ccc(NC(=O)c2cccc(C(F)(F)F)c2)cc1NC(=O)c1ccc2ncccc2c1,3.87
2485,Cc1ccc(NC(=O)c2cccc(C(F)(F)F)c2)cc1NC(=O)c1cccnc1,3.11
2486,Cc1ccc(NC(=O)c2cccc(N(C)C)c2)cc1C(=O)Nc1cccnc1,3.01
2487,Cc1ccc(NC(=O)c2cccc(N(C)C)c2)cc1NC(=O)c1ccc(O)cc1,2.65
2488,Cc1ccc(NC(=O)c2cccc(N(C)C)c2)cc1NC(=O)c1ccc(OC(C)C)cc1,3.1
2489,Cc1ccc(NC(=O)c2cccc(N(C)C)c2)cc1NC(=O)c1ccc(OCc2ccccn2)cc1,2.83
2490,Cc1ccc(NC(=O)c2cccc(N(C)S(C)(=O)=O)c2)cc1NC(=O)c1ccc2ncccc2c1,2.8
2491,Cc1ccc(NC(=O)c2cccc(N3CCOCC3)c2)cc1-n1cnc2ccc(N3CCN(C)CC3)cc2c1=O,2.69
2492,Cc1ccc(NC(=O)c2cccc(N3CCOCC3)c2)cc1NC(=O)c1ccc(OCc2ccccn2)cc1,3.2
2493,Cc1ccc(NC(=O)c2cccc(N3CCOCC3)c2)cc1NC(=O)c1ccc(OCc2ccncc2)cc1,3.2
2494,Cc1ccc(NC(=O)c2cccc(OCC(C)C)c2)cc1C(=O)Nc1cccnc1,2.81
2495,Cc1ccc(NC(=O)c2ccccc2F)cc1-n1cnc2ccc(N3CCN(C)CC3)cc2c1=O,2.75
2496,Cc1ccc(NC(=O)c2cccnc2)cc1-n1cnc2ccc(N3CCN(C)CC3)cc2c1=O,1.5
2497,Cc1ccc(NC(=O)c2ccnc(N3CCOCC3)c2)cc1NC(=O)c1ccc(OCc2ccccn2)cc1,3.47
2498,Cc1ccc(NC(=O)c2ccnc(N3CCOCC3)c2)cc1Nc1ccnc(Cl)n1,3.1
2499,Cc1ccc(NC(=O)c2ccnc(N3CCOCC3)c2)cc1Nc1ccnc(N(C)C2CCN(C)CC2)n1,1.8
2500,Cc1ccc(NC(=O)c2ccnc(N3CCOCC3)c2)cc1Nc1ccnc(OC2CCN(C)CC2)n1,1.8
2501,Cc1ccc(NC(=O)c2ccnc(N3CCOCC3)c2)cc1Nc1ccnc(OCC(C)(C)CN(C)C)n1,2.2
2502,Cc1ccc(NC(=O)c2ccnc(N3CCOCC3)c2)cc1Nc1ccnc(OCC2CCCN(C)C2)n1,1.9
2503,Cc1ccc(NC(=O)c2ccnc(N3CCOCC3)c2)cc1Nc1ccnc(OCCCN(C)C)n1,1.3
2504,Cc1ccc(NC(=O)c2ccno2)cc1-n1cnc2ccc(N3CCN(C)CC3)cc2c1=O,1.75
2505,Cc1ccc(NC(=O)c2ccoc2)cc1-n1cnc2ccc(N3CCN(C)CC3)cc2c1=O,2.43
2506,Cc1ccc(NC(=O)c2cncs2)cc1-n1cnc2ccc(N3CCN(C)CC3)cc2c1=O,2.11
2507,Cc1ccc(NC(=O)c2cscn2)cc1-n1cnc2ccc(N3CCN(C)CC3)cc2c1=O,2.06
2508,Cc1ccc(Nc2c(F)cccc2Cl)c(CC(=O)O)c1,1.02
2509,Cc1ccc(Nc2nccc(N(C)c3ccc4c(C)n(C)nc4c3)n2)cc1S(N)(=O)=O,3.3
2510,Cc1ccc(O)c(O)c1,1.37
2511,Cc1ccc(OC(=O)N2CCN3CCC2CC3)cc1,1.02
2512,Cc1ccc(OCC(=O)O)c(-n2nc3ccccc3n2)c1,-0.84
2513,Cc1ccc(Oc2ccc(C(=O)NCc3ccncc3)cc2)cc1,3.65
2514,Cc1ccc(Oc2ccc(Nc3ncnc4[nH]nc(OCCN5CCC(O)CC5)c34)cc2Cl)cn1,3.4
2515,Cc1ccc(Oc2ccc(Nc3ncnc4cccc(O[C@H](C)C(=O)N(C)CCO)c34)cc2C)cn1,3.85
2516,Cc1ccc(Oc2ccc(Nc3ncnc4cccc(O[C@H](C)C(=O)N5CCOCC5)c34)cc2C)cn1,4.14
2517,Cc1ccc(Oc2ccc(OCC(=O)Nc3ccncc3)cc2)cc1,4.3
2518,Cc1ccc(Oc2cccc(CN3CCCC(n4cc(C)c(=O)[nH]c4=O)C3)c2)cc1,3.38
2519,Cc1ccc(Oc2ccnc(Nc3ccc(S(N)(=O)=O)cc3)c2)c(C)n1,2.47
2520,Cc1ccc(S(=O)(=O)N(C)C(=O)N2CCC(N3CCC(Oc4ccc(Cl)c(Cl)c4)CC3)CC2)cc1,4.49
2521,Cc1ccc(S(=O)(=O)N2CCN(C(=O)c3ccco3)CC2)cc1,2.17
2522,Cc1ccc(S(=O)(=O)N2N=Cc3ccccc3B2O)cc1,0.05
2523,Cc1ccc(S(=O)(=O)N2N=Cc3oc(C)cc3B2O)cc1,-0.28
2524,Cc1ccc(S(=O)(=O)NC(=O)N2CCC(N3CCC(Oc4ccc(Cl)c(C)c4Cl)CC3)CC2)cc1,2.2
2525,Cc1ccc(S(=O)(=O)NC(=O)N2CCC(N3CCC(Oc4ccc(Cl)cc4)CC3)CC2)cc1,1.6
2526,Cc1ccc(S(=O)(=O)NC(=O)N2CCC(N3CCC(Oc4ccc(Cl)cc4C)CC3)CC2)cc1,1.79
2527,Cc1ccc(S(=O)(=O)NC(=O)N2CCC(N3CCC(Oc4ccc(Cl)cc4Cl)CC3)CC2)cc1,1.52
2528,Cc1ccc(S(=O)(=O)NC(=O)N2CCC(N3CCC(Oc4ccc(F)c(F)c4)CC3)CC2)cc1,0.75
2529,Cc1ccc(S(=O)(=O)NC(=O)NN2CCCCCC2)cc1,0.01
2530,Cc1ccc(S(=O)(=O)Nc2c(C(=O)N(C)C3CCCCC3)c(C)nn2-c2ccccc2)cc1,1.69
2531,Cc1ccc(S(=O)(=O)Nc2c(C(=O)N(C)C3CCCCC3)cnn2-c2ccccc2)cc1,2.01
2532,Cc1ccc(S(=O)(=O)Nc2c(C(=O)NC(C)C(C)(C)C)c(C)nn2-c2ccccc2)cc1,1.21
2533,Cc1ccc(S(=O)(=O)Nc2c(C(=O)NC(C)C)c(C)nn2-c2ccccc2)cc1,0.46
2534,Cc1ccc(S(=O)(=O)Nc2c(C(=O)NC3CCCCC3)c(C)nn2-c2ccccc2)cc1,1.68
2535,Cc1ccc(S(=O)(=O)Nc2c(C(=O)NC3CCCCC3)cnn2-c2ccccc2)cc1,0.8
2536,Cc1ccc(S(=O)(=O)Nc2c(C(=O)NC3CCCCC3C)c(C)nn2-c2ccccc2)cc1,1.94
2537,Cc1ccc(S(=O)(=O)Nc2c(C(=O)NC3CCCCC3C)cnn2-c2ccccc2)cc1,1.34
2538,Cc1ccc(S(=O)(=O)Nc2c(C(=O)NC3CCOCC3)c(C)nn2-c2ccccc2)cc1,0.16
2539,Cc1ccc(S(=O)(=O)Nc2c(C(=O)NCC(C)(C)C)c(C)nn2-c2ccccc2)cc1,1.46
2540,Cc1ccc(S(=O)(=O)Nc2c(C(=O)NCc3ccccc3)cnn2-c2ccccc2)cc1,1.9
2541,Cc1ccc(S(=O)(=O)Nc2c(C(=O)N[C@@H](C)C(C)(C)C)c(C(F)(F)F)nn2-c2ccccc2)cc1,2.35
2542,Cc1ccc(S(=O)(=O)Nc2c(C(=O)N[C@@H](C)C(C)(C)C)c(C)nn2-c2ccccc2)cc1,1.44
2543,Cc1ccc(S(=O)(=O)Nc2c(C(=O)N[C@@H](C)C(C)(C)C)c(C)nn2C(C)(C)C)cc1,1.84
2544,Cc1ccc(S(=O)(=O)Nc2c(C(=O)N[C@@H](C)C(C)(C)C)c(C)nn2C(C)C)cc1,0.97
2545,Cc1ccc(S(=O)(=O)Nc2c(C(=O)N[C@@H](C)C(C)(C)C)c(C)nn2C2CCC2)cc1,1.57
2546,Cc1ccc(S(=O)(=O)Nc2c(C(=O)N[C@@H](C)C(C)(C)C)c(C)nn2C2CCCC2)cc1,2.0
2547,Cc1ccc(S(=O)(=O)Nc2c(C(=O)N[C@@H](C)C(C)(C)C)c(C)nn2C2CCCCC2)cc1,1.97
2548,Cc1ccc(S(=O)(=O)Nc2c(C(=O)N[C@@H](C)C(C)(C)C)c(C)nn2C2CCN(C)CC2)cc1,0.8
2549,Cc1ccc(S(=O)(=O)Nc2c(C(=O)N[C@@H](C)C(C)(C)C)c(C)nn2C2CCN(CC(F)(F)F)CC2)cc1,1.08
2550,Cc1ccc(S(=O)(=O)Nc2c(C(=O)N[C@@H](C)C(C)(C)C)c(C)nn2C2CCOC2)cc1,0.78
2551,Cc1ccc(S(=O)(=O)Nc2c(C(=O)N[C@@H](C)C(C)(C)C)c(C)nn2C2CCOCC2)cc1,0.5
2552,Cc1ccc(S(=O)(=O)Nc2c(C(=O)N[C@@H](C)C(C)(C)C)c(C)nn2C2CCS(=O)(=O)CC2)cc1,0.25
2553,Cc1ccc(S(=O)(=O)Nc2c(C(=O)N[C@@H](C)C(C)(C)C)c(C)nn2C2CCSCC2)cc1,1.29
2554,Cc1ccc(S(=O)(=O)Nc2c(C(=O)N[C@@H](C)C(C)(C)C)c(C)nn2CC(F)(F)F)cc1,0.93
2555,Cc1ccc(S(=O)(=O)Nc2c(C(=O)N[C@H](C)C(C)(C)C)c(C)nn2-c2ccccc2)cc1,1.2
2556,Cc1ccc(S(=O)(=O)Nc2ccc(/C=C/C(=O)Nc3ccccc3N)cc2)cc1,2.82
2557,Cc1ccc(S(=O)(=O)c2ccccc2)cc1,2.74
2558,Cc1ccc(Sc2ccccc2CN(C)C)c(N)c1,2.6
2559,Cc1ccc([N+](=O)[O-])cc1S(=O)(=O)n1ccc(-c2c(C)nc3ccc(Br)cn23)n1,3.52
2560,Cc1ccc2[nH]c(C(=O)N3CCN(C)CC3)cc2c1,2.22
2561,Cc1ccc2[nH]ccc2c1-c1nc(N2CCOCC2)cc(C2(S(C)(=O)=O)CC2)n1,1.7
2562,Cc1ccc2c(-c3ccnc4cc(Cl)ccc34)c(C)n(CC(=O)O)c2c1,2.41
2563,Cc1ccc2c(N)c(C#N)sc2n1,2.23
2564,Cc1ccc2c(c1)C1(CCN(CCc3nc(-c4ccccc4)oc3C)CC1)OC(=O)N2,4.2
2565,Cc1ccc2c(c1)c(-c1cc(C)nc3ccccc13)c(C)n2CC(=O)O,2.88
2566,Cc1ccc2c(c1)c(-c1ccnc3c(C#N)cccc13)c(C)n2CC(=O)O,0.52
2567,Cc1ccc2c(c1)c(-c1ccnc3c(C(F)(F)F)cccc13)c(C)n2CC(=O)O,1.27
2568,Cc1ccc2c(c1)c(-c1ccnc3c(C)cccc13)c(C)n2CC(=O)O,1.29
2569,Cc1ccc2c(c1)c(-c1ccnc3c(Cl)cccc13)c(C)n2CC(=O)O,1.27
2570,Cc1ccc2c(c1)c(-c1ccnc3c(F)cccc13)c(C)n2CC(=O)O,0.53
2571,Cc1ccc2c(c1)c(-c1ccnc3c(S(C)(=O)=O)cccc13)c(C)n2CC(=O)O,-0.34
2572,Cc1ccc2c(c1)c(-c1ccnc3cc(C(F)(F)F)ccc13)c(C)n2CC(=O)O,1.78
2573,Cc1ccc2c(c1)c(-c1ccnc3cc(Cl)ccc13)c(C)n2CC(=O)O,1.59
2574,Cc1ccc2c(c1)c(-c1ccnc3ccc(C(F)(F)F)cc13)c(C)n2CC(=O)O,1.78
2575,Cc1ccc2c(c1)c(S(=O)(=O)c1ccc(Cl)cc1)c(C)n2CC(=O)O,0.06
2576,Cc1ccc2c(c1)c(Sc1ccc(Cl)cc1)c(C)n2CC(=O)O,2.18
2577,Cc1ccc2c(c1)c(Sc1ccc(S(C)(=O)=O)cc1)c(C)n2CC(=O)O,-0.08
2578,Cc1ccc2c(c1)c(Sc1cccc(Cl)c1)c(C)n2CC(=O)O,1.85
2579,Cc1ccc2c(c1)c(Sc1ccccc1)c(CC(=O)O)n2C,1.74
2580,Cc1ccc2c(c1)c(Sc1ccccc1Cl)c(C)n2CC(=O)O,1.71
2581,Cc1ccc2c(c1)c([S+]([O-])c1ccc(Cl)cc1)c(C)n2CC(=O)O,0.05
2582,Cc1ccc2c(n1)c(Sc1ccc(Cl)cc1)c(C)n2CC(=O)O,0.35
2583,Cc1ccc2cc(C)c3nnc(SCC(=O)N4CCN(C(=O)c5ccco5)CC4)n3c2c1,2.3
2584,Cc1ccc2nc(CCNCCCO)ccc2c1NC(=O)CC12CC3CC(CC(C3)C1)C2,1.18
2585,Cc1ccc2nc(NCCN)c3ncc(C)n3c2c1,0.88
2586,Cc1cccc(-c2nc3cc(Cl)ccc3[nH]2)n1,4.1
2587,Cc1cccc(-c2nn3c(c2-c2ccnc4ccc(C(N)=O)cc24)CCC3)n1,1.71
2588,Cc1cccc(Br)c1C(=O)N[C@@H](Cc1ccc(NC(=O)c2c(Cl)cccc2Cl)cc1)C(=O)O,-0.13
2589,Cc1cccc(C#Cc2ccccc2)n1,3.6
2590,Cc1cccc(C(=O)N2CCC(C(=O)c3ccc(F)cc3)CC2)c1,3.4
2591,Cc1cccc(C(N)=O)c1NC(=O)c1ccccc1,1.09
2592,Cc1cccc(C)c1NC(=O)C(C)N,-0.15
2593,Cc1cccc(C)c1OCC(C)N,0.62
2594,Cc1cccc(C)c1OC[C@@H](C)N,0.6
2595,Cc1cccc(C)c1OC[C@H](C)N,0.6
2596,Cc1cccc(CN2CCN(C(c3ccccc3)c3ccc(Cl)cc3)CC2)c1,3.39
2597,Cc1cccc(C[C@@H](C(=O)O)N2CCC(CN3CCC(Oc4ccc(Cl)c(Cl)c4)CC3)CC2)c1,2.84
2598,Cc1cccc(C[C@H](NC(=O)c2cc(C(C)(C)C)nn2C)C(=O)NCC#N)c1,3.1
2599,Cc1cccc(Cn2ccn3c(=O)cc(N4CCOCC4)nc23)c1,2.8
2600,Cc1cccc(N(Cc2cc(F)c(F)cc2F)C(=O)O[C@H]2CN3CCC2CC3)c1,2.24
2601,Cc1cccc(NC(=O)NCC(c2cccnc2)N2CCOCC2)c1,2.0
2602,Cc1cccc(NC(=O)c2ccc(-c3ccccc3)c(C#N)c2)n1,3.71
2603,Cc1cccc(NS(=O)(=O)c2ccc(-c3ccc(C#N)cc3)cc2)n1,2.42
2604,Cc1cccc(NS(=O)(=O)c2cccc3nonc23)c1,3.0
2605,Cc1cccc(Nc2ccccc2C(=O)O)c1C,1.89
2606,Cc1cccc(Nc2ccncc2S(=O)(=O)NC(=O)NC(C)C)c1,0.3
2607,Cc1cccc(Nc2ncnc3ccccc23)c1,3.21
2608,Cc1cccc(Nc2nnc(C(=O)Nc3ccc(N4CCOCC4)nc3)o2)c1,3.42
2609,Cc1cccc(Oc2cc(CN3CCC[C@H](n4cc(C)c(=O)[nH]c4=O)C3)ccc2C(=O)O)c1,-0.82
2610,Cc1cccc(S(=O)(=O)NC(=O)N2CCC(N3CCC(Oc4ccc(Cl)c(Cl)c4)CC3)CC2)c1,1.84
2611,Cc1cccc([C@H](C)c2c[nH]c(=S)[nH]2)c1C,2.9
2612,Cc1cccc([C@H](C)c2c[nH]cn2)c1C,2.79
2613,Cc1cccc2c(CCNCc3cccc(CCNC[C@H](O)c4ccc(O)c5[nH]c(=O)sc45)c3)c[nH]c12,1.13
2614,Cc1cccc2c3c([nH]c12)CCN(C(=O)[C@@H]1CCCC[C@H]1C(=O)NC1(C#N)CC1)C3,2.99
2615,Cc1ccccc1-c1c(C(=O)O)n(CCCOc2cccc3ccccc23)c2ccccc12,3.89
2616,Cc1ccccc1-n1c(Cn2cnc3c(N)ncnc32)nc2cccc(C)c2c1=O,2.6
2617,Cc1ccccc1-n1c(Cn2nc(-c3ccc(O)c(F)c3)c3c(N)ncnc32)nc2cccc(C)c2c1=O,3.55
2618,Cc1ccccc1C(=O)N1CCN(c2ccccn2)CC1,2.18
2619,Cc1ccccc1C(=O)NCC12CC3CC(CC(C3)C1)C2,4.28
2620,Cc1ccccc1C(OCCN(C)C)c1ccccc1,1.47
2621,Cc1ccccc1CCOCCCS(=O)(=O)CCNCCc1ccc(O)c2nc(O)sc12,2.84
2622,Cc1ccccc1CN1CCC(N2CCC(n3c(=O)[nH]c4ccccc43)CC2)CC1,2.68
2623,Cc1ccccc1C[C@@H](C(=O)O)N1CCC(CN2CCC(Oc3ccc(Cl)c(Cl)c3)CC2)CC1,2.54
2624,Cc1ccccc1Cn1ccn2c(=O)cc(N3CCOCC3)nc12,2.3
2625,Cc1ccccc1N1C(=O)c2cc(S(N)(=O)=O)c(Cl)cc2NC1C,1.64
2626,Cc1ccccc1NC(=O)CCS(=O)(=O)c1ccc(Br)s1,2.7
2627,Cc1ccccc1Nc1ncnc2ccccc12,2.85
2628,Cc1ccccc1S(=O)(=O)NC(=O)N1CCC(N2CCC(Oc3ccc(Cl)c(Cl)c3)CC2)CC1,1.71
2629,Cc1ccn2c(-c3ccnc(N)n3)c(C)nc2c1,2.39
2630,Cc1ccn2c(NC(=O)c3ccccc3)c(-c3cccs3)nc2c1,2.87
2631,Cc1ccnc(NCc2c(O)ccc3ccccc23)c1,4.24
2632,Cc1ccnc(NCc2ccc(Cl)cc2)c1,3.6
2633,Cc1ccnc(NCc2ccccc2)c1,3.08
2634,Cc1ccnc(NCc2ccccc2O)c1,3.35
2635,Cc1ccnc(NS(=O)(=O)c2ccc(N)cc2)n1,-0.51
2636,Cc1ccnc2nc(C(=O)Nc3nccs3)nn12,0.31
2637,Cc1ccsc1C(=CCCN1CCC[C@@H](C(=O)O)C1)c1sccc1C,1.49
2638,Cc1ccsc1Cn1[nH]c(=O)c2[nH]c3cc(Cl)ccc3c(=O)c2c1=O,1.15
2639,Cc1cn(C2CCCN(Cc3cccc(Oc4ccc(Cl)cc4)c3)C2)c(=O)[nH]c1=O,3.38
2640,Cc1cn(C2CCCN(Cc3cccc(Oc4ccccc4)c3)C2)c(=O)[nH]c1=O,3.04
2641,Cc1cn(C[C@H]2CN(c3ccc(C4=CCS(=O)(=O)CC4)c(F)c3)C(=O)O2)nn1,1.25
2642,Cc1cn(Cc2ccccc2)c(=O)[nH]c1=O,1.19
2643,Cc1cn([C@H]2CCCN(Cc3ccc(C(=O)O)c(Oc4cccc(Br)c4)c3)C2)c(=O)[nH]c1=O,-0.51
2644,Cc1cn([C@H]2CCCN(Cc3ccc(C(=O)O)c(Oc4cccc(C(F)(F)F)c4)c3)C2)c(=O)[nH]c1=O,-0.38
2645,Cc1cn([C@H]2CCCN(Cc3ccc(C(=O)O)c(Oc4cccc(Cl)c4)c3)C2)c(=O)[nH]c1=O,-0.55
2646,Cc1cn([C@H]2CCCN(Cc3ccc(C(=O)O)c(Oc4cccc(F)c4)c3)C2)c(=O)[nH]c1=O,-1.03
2647,Cc1cn([C@H]2CCCN(Cc3cccc(Oc4cccc(Br)c4)c3)C2)c(=O)[nH]c1=O,3.68
2648,Cc1cn([C@H]2CCCN(S(=O)(=O)c3ccc(C(=O)O)c(Oc4ccc(Cl)c(Cl)c4)c3)C2)c(=O)[nH]c1=O,-0.87
2649,Cc1cn([C@H]2CCCN(S(=O)(=O)c3ccc(C(=O)O)c(Oc4cccc(Cl)c4)c3)C2)c(=O)[nH]c1=O,-1.28
2650,Cc1cn([C@H]2CCCN(S(=O)(=O)c3ccc(C(N)=O)c(Oc4cccc(Cl)c4)c3)C2)c(=O)[nH]c1=O,1.96
2651,Cc1cn([C@H]2CCCN(S(=O)(=O)c3ccc(CO)c(Oc4cccc(Cl)c4)c3)C2)c(=O)[nH]c1=O,2.69
2652,Cc1cn([C@H]2CCCN(S(=O)(=O)c3ccc(O)c(Oc4cc(F)cc(Cl)c4)c3)C2)c(=O)[nH]c1=O,2.35
2653,Cc1cn([C@H]2CCCN(S(=O)(=O)c3ccc(O)c(Oc4ccc(Cl)cc4)c3)C2)c(=O)[nH]c1=O,2.12
2654,Cc1cn([C@H]2CCCN(S(=O)(=O)c3ccc(O)c(Oc4cccc(Br)c4)c3)C2)c(=O)[nH]c1=O,2.3
2655,Cc1cn([C@H]2CCCN(S(=O)(=O)c3ccc(O)c(Oc4cccc(C(F)(F)F)c4)c3)C2)c(=O)[nH]c1=O,2.27
2656,Cc1cn([C@H]2CCCN(S(=O)(=O)c3ccc(O)c(Oc4cccc(F)c4)c3)C2)c(=O)[nH]c1=O,1.6
2657,Cc1cn([C@H]2CCCN(S(=O)(=O)c3ccc(O)c(Oc4ccccc4)c3)C2)c(=O)[nH]c1=O,1.49
2658,Cc1cn([C@H]2CCCN(S(=O)(=O)c3cccc(Oc4ccccc4)c3)C2)c(=O)[nH]c1=O,2.32
2659,Cc1cn([C@H]2CCCN([C@@H](C)c3ccc(C(=O)O)c(Oc4cccc(Cl)c4)c3)C2)c(=O)[nH]c1=O,-0.26
2660,Cc1cn([C@H]2CCCN([C@@H](CC(C)(C)C)c3ccc(C(=O)O)c(Oc4cccc(Br)c4)c3)C2)c(=O)[nH]c1=O,1.12
2661,Cc1cn([C@H]2CCCN([C@@H](CC(C)C)c3ccc(C(=O)O)c(Oc4cccc(Cl)c4)c3)C2)c(=O)[nH]c1=O,0.93
2662,Cc1cn([C@H]2CCCN([C@H](C)c3ccc(C(=O)O)c(Oc4cccc(Cl)c4)c3)C2)c(=O)[nH]c1=O,-0.3
2663,Cc1cn([C@H]2CCCN([C@H](CC(C)(C)C)c3ccc(C(=O)O)c(Oc4cccc(Br)c4)c3)C2)c(=O)[nH]c1=O,1.09
2664,Cc1cn([C@H]2CCCN([C@H](CC(C)C)c3ccc(C(=O)O)c(Oc4cccc(Cl)c4)c3)C2)c(=O)[nH]c1=O,0.91
2665,Cc1cn([C@H]2CCCN([C@H](CC3CCCCC3)c3ccc(C(=O)O)c(Oc4cccc(Cl)c4)c3)C2)c(=O)[nH]c1=O,1.83
2666,Cc1cn([C@H]2CCCN([C@H](CC3CCOCC3)c3ccc(C(=O)O)c(Oc4cccc(Cl)c4)c3)C2)c(=O)[nH]c1=O,-0.25
2667,Cc1cnc(-c2cc(NC(=O)c3ccc(C(F)(F)F)nc3C)ccc2Cl)[nH]1,3.3
2668,Cc1cnc(-c2ccc(C)c(NC(=O)c3ccc(OCc4ccccn4)cc3)c2)[nH]1,3.19
2669,Cc1cnc(-c2cnc(NCCNc3ccc(C#N)cn3)nc2-c2ccc(Cl)cc2Cl)[nH]1,3.86
2670,Cc1cnc(C(=O)NCCc2ccc(S(=O)(=O)NC(=O)NC3CCCCC3)cc2)cn1,0.31
2671,Cc1cnc(NC(=O)C2C(=O)c3ccccc3S(=O)(=O)N2C)s1,0.3
2672,Cc1cnc(NC(=O)Cc2ccccc2)s1,2.9
2673,Cc1cnc(NC(=O)c2cc(Oc3cnc(C(=O)N(C)C)nc3)c3cc(C)oc3c2)cn1,2.1
2674,Cc1cnc(NS(=O)(=O)c2ccccc2)c(C)n1,-0.03
2675,Cc1cnc(Nc2cc(N3CCN(C)CC3)nc(N[C@@H](C)c3ccc(F)cn3)n2)s1,2.9
2676,Cc1cnc(Nc2cc(N3CCOCC3)nc(N[C@@H](C)c3ncc(F)cn3)n2)s1,2.68
2677,Cc1cnc(Nc2ccc(N3CCN(C)CC3)cc2)nc1Nc1cccc(S(=O)(=O)NC(C)(C)C)c1,2.84
2678,Cc1cnc(Nc2ccc(OCC(O)CN(C)C)cc2)nc1Nc1ccccc1,2.0
2679,Cc1cnc(Nc2ccc(OCCN3CCCC3)cc2)nc1Nc1cccc(S(=O)(=O)NC(C)(C)C)c1,2.11
2680,Cc1cnc(Nc2cncc(N[C@@H](C)c3ncc(F)cn3)n2)s1,1.91
2681,Cc1cnc(Nc2nc(N[C@@H](C)c3ncc(F)cn3)nc(N3CCOCC3)c2F)s1,3.27
2682,Cc1cnc(Oc2ccc(-n3ccnc3)cc2)nc1Oc1ccc2c(c1)OCO2,3.56
2683,Cc1cnc2c(N[C@H](C)CO)nc(SCc3cccc(F)c3F)nc2n1,3.55
2684,Cc1cnc2nc(SCc3cccc(F)c3F)nc(N[C@H](C)CO)c2n1,3.5
2685,Cc1cnccc1COc1cnc(N2CCN(C(=O)OC(C)(C)C)CC2)nc1,3.8
2686,Cc1csc(NC(=O)c2cc(Sc3nncn3C)ccc2N)n1,2.3
2687,Cc1n[nH]c(C)c1Cc1sc2c(c1C(=O)N1C[C@H](O)CO1)c(=O)n(C)c(=O)n2CC(C)C,1.07
2688,Cc1nc(-c2ccc(C)c(NC(=O)c3ccc(OCc4ccccn4)cc3)c2)c[nH]1,2.97
2689,Cc1nc(-c2ccc(CN3CCC(N(C)C(=O)Cc4ccc(-n5cnnn5)cc4)CC3)cc2)no1,2.1
2690,Cc1nc(-c2ccc(CN3CCC(n4c(=O)[nH]c5ccccc54)CC3)cc2)c(-c2ccccc2)[nH]c1=O,3.8
2691,Cc1nc(-c2ccc(OCC(C)C)c(C#N)c2)sc1C(=O)O,0.94
2692,Cc1nc(-c2ccccc2)c(-c2ccc(CN3CCC(n4c(=O)[nH]c5ccccc54)CC3)cc2)[nH]c1=O,3.9
2693,Cc1nc(-c2ccccn2)nc(N2CCCC2)c1Cl,3.2
2694,Cc1nc(C(=O)N2CCCC3(CCN(Cc4ccc(Cl)cc4)CC3)C2)cs1,0.64
2695,Cc1nc(C(=O)N2CCCC3(CCN(Cc4ccccc4)CC3)C2)cs1,0.24
2696,Cc1nc(C(=O)N2CCOC3(CCN(Cc4ccc(Cl)cc4)CC3)C2)cs1,2.17
2697,Cc1nc(C(=O)[C@@H](C)Oc2ccc(SCCCCCc3ccccc3)cc2)sc1CCCC(=O)O,3.58
2698,Cc1nc(C(=O)[C@H](C)Oc2ccc(SCCCCCc3ccccc3)cc2)sc1CCCC(=O)O,2.03
2699,Cc1nc(C)c(-c2ccc(C34CCC(C(=O)O)(CC3)CC4)cc2)nc1C(N)=O,1.3
2700,Cc1nc(C)c(-c2ccc(C34CCC(CC(=O)O)(CC3)CC4)cc2)nc1C(N)=O,1.6
2701,Cc1nc(C)c(-c2ccc([C@H]3CC[C@@H](CC(=O)O)CC3)c(Cl)c2)nc1C(N)=O,1.7
2702,Cc1nc(C)c(-c2ccc([C@H]3CC[C@@H](CC(=O)O)CC3)c(F)c2)nc1C(N)=O,1.2
2703,Cc1nc(C)c(-c2ccc([C@H]3CC[C@H](CC(=O)O)CC3)c(Cl)c2)nc1C(N)=O,1.8
2704,Cc1nc(C)c(-c2ccc([C@H]3CC[C@H](CC(=O)O)CC3)c(F)c2)nc1C(N)=O,1.3
2705,Cc1nc(C)c(-c2ccc([C@H]3CC[C@H](CC(N)=O)CC3)cc2)nc1C(N)=O,2.7
2706,Cc1nc(C)c(-c2ccc([C@H]3CC[C@H](CCC(=O)O)CC3)cc2)nc1C(N)=O,1.6
2707,Cc1nc(C)c(-c2ccc([C@H]3CC[C@H](Cc4nnn[nH]4)CC3)cc2)nc1C(N)=O,1.4
2708,Cc1nc(C)c(-c2ccc3c(c2)CC[C@]32CC[C@@H](C(=O)O)CC2)nc1C(N)=O,1.2
2709,Cc1nc(C)c(-c2ccc3c(c2)CC[C@]32CC[C@@H](CC(=O)O)CC2)nc1C(N)=O,1.5
2710,Cc1nc(C)c(-c2ccc3c(c2)CC[C@]32CC[C@@H](Cc3nnn[nH]3)CC2)nc1C(N)=O,2.0
2711,Cc1nc(C)c(-c2ccc3c(c2)CC[C@]32CC[C@@H](c3nnn[nH]3)CC2)nc1C(N)=O,1.4
2712,Cc1nc(C)c(-c2ccc3c(c2)CC[C@]32CC[C@H](C(=O)O)CC2)nc1C(N)=O,1.3
2713,Cc1nc(C)c(C(=O)N[C@@H](Cc2cccc(Cl)c2)C(=O)NCC#N)s1,2.0
2714,Cc1nc(CS(=O)(=O)c2ccc(Cl)cc2)cc(N2CCOCC2)n1,1.8
2715,Cc1nc(CS(=O)(=O)c2ccccc2)cc(N2CCOCC2)n1,1.07
2716,Cc1nc(CSc2ccc(Cl)cc2)cc(N2CCOCC2)n1,3.38
2717,Cc1nc(CSc2nc(N[C@H](C)CO)c3sc(=O)[nH]c3n2)cs1,1.73
2718,Cc1nc(CSc2nc(N[C@H](C)CO)c3sc(N)nc3n2)cs1,1.73
2719,Cc1nc(Cl)c(Cl)n1Cc1sc2c(c1C(=O)N1CC[C@@H](O)C1)c(=O)n(C)c(=O)n2CC(C)C,1.61
2720,Cc1nc(N)c2nc(O)n(Cc3ccccc3)c2n1,2.04
2721,Cc1nc(N2CCN(c3ncc(OCc4ccncc4C#N)cn3)[C@H](C)C2)no1,2.6
2722,Cc1nc(NC(=N)N)nc2ccccc12,-0.49
2723,Cc1nc(Nc2ncc(C(=O)Nc3c(C)cccc3Cl)s2)cc(N2CCN(CCO)CC2)n1.O,3.41
2724,Cc1nc(S(C)(=O)=O)ccc1Nc1ncnc(OC2CCN(C(=O)OC(C)C)CC2)c1C,2.8
2725,Cc1nc2c(C#N)cnn2c(O)c1Cc1ccccc1,0.68
2726,Cc1nc2ccc(-c3ccc(Cl)cc3)cc2c(=O)n1C[C@H]1CCCN(C(C)C)C1,3.3
2727,Cc1nc2ccc(Cl)cn2c1-c1ccnc(N)n1,2.49
2728,Cc1nc2ccc(NC(=O)CCNC(N)=O)cc2s1,0.9
2729,Cc1nc2ccc(Oc3ccc(F)cc3)cc2c(=O)n1C[C@H]1CCCN(C(C)C)C1,2.4
2730,Cc1nc2ccccc2n1Cc1sc2c(c1C(=O)N1CC[C@@H](O)C1)c(=O)n(C)c(=O)n2CC(C)C,1.34
2731,Cc1nc2ccccn2c1-c1ccnc(Nc2cccc(Cl)c2)n1,2.7
2732,Cc1nc2n(c(=O)c1CCN1CCC(c3noc4cc(F)ccc34)CC1)CCCC2,2.05
2733,Cc1nc2nc(-c3cccnc3)nn2c(O)c1Cc1ccccc1,1.52
2734,Cc1nc2nc(NC(=O)c3ccc(F)cc3)nn2c(O)c1Cc1ccccc1,2.2
2735,Cc1nc2ncnn2c(O)c1CCOC(=O)c1c(F)cccc1F,0.16
2736,Cc1nc2ncnn2c(O)c1CCOC(=O)c1ccccc1F,0.99
2737,Cc1ncc(-c2ccc([C@H]3CC[C@H](CC(=O)O)CC3)cc2)nc1C(N)=O,1.0
2738,Cc1ncc(-c2ccnc(Nc3ccc(C#N)cc3)n2)n1C(C)C,3.62
2739,Cc1ncc(-c2ccnc(Nc3ccc(C(=O)N(C)C)c(F)c3)n2)n1C(C)C,2.74
2740,Cc1ncc(-c2ccnc(Nc3ccc(C(=O)N(C)C)cc3)n2)n1C(C)C,2.45
2741,Cc1ncc(-c2ccnc(Nc3ccc(C(=O)N4CCN(C)CC4)cc3)n2)n1C(C)C,2.1
2742,Cc1ncc(-c2ccnc(Nc3ccc(C(=O)NC4CC4)cc3)n2)n1C(C)C,3.06
2743,Cc1ncc(-c2ccnc(Nc3ccc(C(=O)NC4CCN(C)CC4)cc3)n2)n1C(C)C,1.87
2744,Cc1ncc(-c2ccnc(Nc3ccc(C(=O)NCCN(C)C)c(F)c3)n2)n1C(C)C,1.96
2745,Cc1ncc(-c2ccnc(Nc3ccc(C(=O)NCCO)cc3)n2)n1C(C)C,2.09
2746,Cc1ncc(-c2ccnc(Nc3ccc(C(N)=O)c(F)c3)n2)n1C(C)C,2.8
2747,Cc1ncc(-c2ccnc(Nc3ccc(C(N)=O)cc3)n2)n1C(C)C,2.39
2748,Cc1ncc(-c2ccnc(Nc3ccc(F)cc3)n2)n1C(C)C,3.62
2749,Cc1ncc(-c2ccnc(Nc3ccc(N(C)C)cc3)n2)n1C(C)C,3.51
2750,Cc1ncc(-c2ccnc(Nc3ccc(N4CCN(C(=O)CN(C)C)CC4)cc3)n2)n1C(C)C,3.31
2751,Cc1ncc(-c2ccnc(Nc3ccc(N4CCN(C(=O)CO)CC4)cc3)n2)n1C(C)C,1.69
2752,Cc1ncc(-c2ccnc(Nc3ccc(N4CCN(C(=O)[C@H](C)O)CC4)cc3)n2)n1C(C)C,2.15
2753,Cc1ncc(-c2ccnc(Nc3ccc(N4CCN(S(=O)(=O)CCN(C)C)CC4)cc3)n2)n1C(C)C,2.52
2754,Cc1ncc(-c2ccnc(Nc3ccc(N4CCN(S(C)(=O)=O)CC4)cc3)n2)n1C(C)C,2.57
2755,Cc1ncc(-c2ccnc(Nc3ccc(N4CCOCC4)cc3)n2)n1C(C)C,2.88
2756,Cc1ncc(-c2ccnc(Nc3ccc(S(=O)(=O)CC4CCCO4)cc3)n2)n1C(C)C,2.82
2757,Cc1ncc(-c2ccnc(Nc3ccc(S(=O)(=O)CCCN(C)C)cc3)n2)n1C(C)C,1.32
2758,Cc1ncc(-c2ccnc(Nc3ccc(S(=O)(=O)CCCN4CCOCC4)cc3)n2)n1C(C)C,2.43
2759,Cc1ncc(-c2ccnc(Nc3ccc(S(N)(=O)=O)cc3)n2)n1C,1.6
2760,Cc1ncc(-c2ccnc(Nc3ccccc3)n2)n1C(C)C,3.58
2761,Cc1ncc(-c2nc(Nc3ccc(C(=O)N(C)C)c(F)c3)ncc2F)n1C(C)C,3.14
2762,Cc1ncc(-c2nc(Nc3ccc(C(=O)N(C)C)cc3)ncc2F)n1C(C)C,2.77
2763,Cc1ncc(-c2nc(Nc3ccc(C(=O)N4CCCN(C)CC4)cc3)ncc2F)n1C(C)C,2.02
2764,Cc1ncc(-c2nc(Nc3ccc(C(=O)N4CCN(C)CC4)cc3)ncc2F)n1C(C)C,2.49
2765,Cc1ncc(-c2nc(Nc3ccc(C(=O)N4CC[C@@H](N(C)C)C4)cc3)ncc2F)n1C(C)C,2.36
2766,Cc1ncc(-c2nc(Nc3ccc(C(=O)N4CC[C@H](N(C)C)C4)cc3)ncc2F)n1C(C)C,2.16
2767,Cc1ncc(-c2nc(Nc3ccc(C(=O)NC4CCN(C)CC4)c(F)c3)ncc2F)n1C(C)C,2.41
2768,Cc1ncc(-c2nc(Nc3ccc(C(=O)NC4CCN(C)CC4)cc3)ncc2F)n1C(C)C,2.13
2769,Cc1ncc(-c2nc(Nc3ccc(C(=O)NCCN(C)C)c(F)c3)ncc2F)n1C(C)C,2.26
2770,Cc1ncc(-c2nc(Nc3ccc(C(N)=O)c(F)c3)ncc2F)n1C(C)C,3.14
2771,Cc1ncc(-c2nc(Nc3ccc(C(N)=O)cc3)ncc2F)n1C(C)C,2.7
2772,Cc1ncc(-c2nc(Nc3ccc(N4CCN(C(=O)CO)CC4)cc3)ncc2F)n1C(C)C,2.19
2773,Cc1ncc(-c2nc(Nc3ccc(N4CCOCC4)cc3)ncc2F)n1C(C)C,3.01
2774,Cc1ncc(C(N)=O)nc1-c1ccc([C@H]2CC[C@H](C(=O)O)CC2)cc1,0.22
2775,Cc1ncc(CO)c(CO)c1O,-0.58
2776,Cc1ncc([N+](=O)[O-])n1CCO,-0.11
2777,Cc1ncc2n1-c1ccc(Cl)cc1C(c1ccccc1F)=NC2,3.4
2778,Cc1nccc(-c2ccc(-c3nc4ccncc4c(O)c3C#N)cc2)c1Cl,2.0
2779,Cc1ncccc1Oc1ncnc(OC2C3COCC2CN(C(=O)OC(C)C)C3)c1C,3.1
2780,Cc1ncccc1Oc1ncnc(OC2CCN(C(=O)OC(C)C)CC2)c1C,3.8
2781,Cc1nccn1CC1CCc2c(c3ccccc3n2C)C1=O,1.67
2782,Cc1nccn1CCC(C(N)=O)(c1ccccc1)c1ccccc1,1.79
2783,Cc1ncsc1CCOCCCS(=O)(=O)CCNCCc1ccc(O)c2nc(O)sc12,1.44
2784,Cc1nn(-c2ccc(F)cc2)c(NS(=O)(=O)c2ccc(C#N)cc2)c1C(=O)N[C@@H](C)C(C)(C)C,0.45
2785,Cc1nn(-c2ccc(F)cc2)c(NS(=O)(=O)c2ccc(C(F)(F)F)cc2)c1C(=O)N[C@@H](C)C(C)(C)C,2.35
2786,Cc1nn(-c2ccc(F)cc2)c(NS(=O)(=O)c2cccnc2)c1C(=O)N[C@@H](C)C(C)(C)C,0.4
2787,Cc1nn(-c2ccccc2)c(NS(=O)(=O)C2CCCCC2)c1C(=O)N[C@@H](C)C(C)(C)C,1.75
2788,Cc1nn(-c2ccccc2)c(NS(=O)(=O)c2cccc(CN3CCOCC3)c2)c1C(=O)N[C@@H](C)C(C)(C)C,0.29
2789,Cc1nn(C)c2cc(N3CCN(C(=O)[C@@H]4CCCC[C@H]4C(=O)NC4(C#N)CC4)[C@H](C)C3)ccc12,2.7
2790,Cc1nn(C)c2ccc(N3CCN(C(=O)[C@@H]4CCCC[C@H]4C(=O)NC4(C#N)CC4)[C@H](C)C3)cc12,2.8
2791,Cc1nn(C2CCN(C)CC2)cc1-c1cnc(N)c(-c2nc3ccccc3o2)c1,3.4
2792,Cc1nn(C2CCOCC2)c(NS(=O)(=O)c2ccc(C3CC3)cc2)c1C(=O)N[C@@H](C)C(C)(C)C,1.23
2793,Cc1nnc(C)c2cc(N3CCN(C(=O)[C@@H]4CCCC[C@H]4C(=O)NC4(C#N)CC4)[C@H](C)C3)ccc12,1.93
2794,Cc1nnc(N)s1,-0.4
2795,Cc1nnc(NS(=O)(=O)c2ccc(N)cc2)s1,-1.33
2796,Cc1nnc2n1-c1ccc(Cl)cc1C(c1ccccc1)=NC2,1.98
2797,Cc1nnc2n1-c1ccc(Cl)cc1C(c1ccccc1Cl)=NC2,2.34
2798,Cc1nnsc1C(=O)Nc1ccccc1,0.97
2799,Cc1noc(C)c1CCC1CCN(S(=O)(=O)CC2(N(O)C=O)CCC(F)(F)CC2)CC1,2.1
2800,Cc1noc(C)c1CCC1CCN(S(=O)(=O)CC2(N(O)C=O)CCOCC2)CC1,0.9
2801,Cc1noc2cc(N3CCN(C(=O)[C@@H]4CCCC[C@H]4C(=O)NC4(C#N)CC4)[C@H](C)C3)ccc12,2.67
2802,Cc1nocc1C(=O)Nc1ccc(-c2ccccc2OC(F)(F)F)c(N)n1,3.7
2803,Cc1nsc(C)c1CCC1CCN(S(=O)(=O)CC2(N(O)C=O)CCOCC2)CC1,1.5
2804,Cc1oc(-c2ccc(Cl)cc2)cc1C(=O)O,1.67
2805,Cc1oc(-c2ccccc2)cc1C(=O)Nc1cccc(C(=O)O)c1,1.63
2806,Cc1oc(-c2ccccc2)nc1CCOc1ccc(C[C@H](Nc2ccccc2C(=O)c2ccccc2)C(=O)O)cc1,3.5
2807,Cc1oc(=O)oc1CN1CCN(c2cc3c(cc2F)c(=O)c(C(=O)O)c2n3C(C)S2)CC1,0.47
2808,Cc1oc(C#N)cc1-c1c2c(=O)n(C)c(=O)n(CC3CC3)c2nn1Cc1ccnc2ccc(Cl)cc12,4.26
2809,Cc1oc(CN2CCNCC2)cc1C(=O)NCC12CC3CC(CC(C3)C1)C2,1.03
2810,Cc1oc(S(C)(=O)=O)cc1-c1c2c(=O)n(C)c(=O)n(CC3CC3)c2nn1Cc1ccnc2ccc(Cl)cc12,3.2
2811,Cc1oc(S(C)(=O)=O)cc1-c1c2c(=O)n(C)c(=O)n(CC3CC3)c2nn1Cc1cn(C)c2ccc(Cl)cc12,4.48
2812,Cc1oc2cc(O)ccc2c(=O)c1-c1ccccc1,2.95
2813,Cc1occc(=O)c1OCc1ccc(F)cc1,1.91
2814,Cc1occc(=O)c1OCc1ccccc1,1.87
2815,Cc1onc(-c2ccccc2)c1-c1ccc(S(N)(=O)=O)cc1,2.37
2816,Cc1onc(C(N)=O)c1C(=O)Nc1nccs1,1.63
2817,Cc1onc(CO)c1C(=O)Nc1nccs1,1.53
2818,Cc1oncc1C(=O)Nc1ccc(C(F)(F)F)cc1,3.9
2819,Cc1sc(CN2CCNCC2)cc1C(=O)NCC12CC3CC(CC(C3)C1)C2,2.55
2820,Cc1sc(N)nc1-c1ccccc1,2.75
2821,Cc1sc(N2CCN(C(=O)[C@@H]3CCCC[C@H]3C(=O)NC3(C#N)CC3)CC2)nc1C(F)(F)F,2.87
2822,Cc1sc(N2CCN(C)CC2)nc1CCOc1ccc(C[C@H](Nc2ccccc2C(=O)c2ccccc2)C(=O)O)cc1,2.58
2823,Cc1sc2c(c1C)C(c1ccc(Cl)cc1)=N[C@@H](CC(=O)OC(C)(C)C)c1nnc(C)n1-2,3.82
2824,Cc1sc2ncnc(N3CCN(c4ncccn4)CC3)c2c1C,3.66
2825,Cc1sc2ncnc(SCC(=O)N3CCCC3)c2c1C,2.89
2826,Cc1sc2ncnc(SCC(=O)N3CCN(C(=O)c4ccco4)CC3)c2c1C,2.7
2827,Clc1cc(Nc2ncnc3[nH]nc(OCCN4CCCC4)c23)ccc1OCc1ccccn1,2.87
2828,Clc1ccc(-c2c[nH]nn2)cc1,2.97
2829,Clc1ccc(-c2cn3ccccc3n2)cc1,4.0
2830,Clc1ccc(-c2nnc3cccc(Cl)n23)c(Cl)c1,2.88
2831,Clc1ccc(C(c2ccccc2)N2CCNCC2)cc1,1.94
2832,Clc1ccc(C2(c3ccc(-c4cn[nH]c4)cc3)CCNCC2)cc1,1.51
2833,Clc1ccc(C2=CSC3=NCCN23)cc1Cl,1.54
2834,Clc1ccc(C2CC=CCNC2)cc1Cl,1.86
2835,Clc1ccc(CN(Cc2ccc(Cl)cc2)c2nn[nH]n2)cc1,2.74
2836,Clc1ccc(COC(Cn2ccnc2)c2ccc(Cl)cc2Cl)cc1,2.54
2837,Clc1ccc(Nc2nnc(Cc3ccncc3)c3ccccc23)cc1,3.7
2838,Clc1ccc([C@H]2CC=CCNC2)cc1Cl,1.95
2839,Clc1ccc([C@]23CNC[C@H]2C3)cc1Cl,1.96
2840,Clc1ccc2[nH]ccc2c1,3.28
2841,Clc1ccc2[nH]ncc2c1,2.44
2842,Clc1ccc2c(c1)C(N1CCNCC1)=Nc1ccccc1O2,2.28
2843,Clc1ccc2c(c1)CCc1cccnc1C2=C1CCNCC1,1.48
2844,Clc1ccc2c(c1Nc1ccnc(Nc3cc(N4CCOCC4)cc(N4CCOCC4)c3)n1)OCO2,3.25
2845,Clc1ccc2c(c1Nc1ccnc(Nc3ccccc3)n1)OCO2,3.9
2846,Clc1ccc2c(c1Nc1ncnc3cc(OCCCN4CCCC4)cc(OC4CCOCC4)c13)OCO2,2.3
2847,Clc1ccc2c(c1Nc1ncnc3cc(OCCN4CCCC4)cc(OC4CCOCC4)c13)OCO2,2.6
2848,Clc1ccc2ncc(-c3cccc(NC4CNC4)n3)n2c1,1.19
2849,Clc1ccc2nsnc2c1NC1=NCCN1,0.71
2850,Clc1cccc(-c2cnc3ccc(NC4CCOCC4)nn23)c1,4.3
2851,Clc1cccc(-n2nnnc2NCc2ccccc2Oc2ccccn2)c1Cl,3.62
2852,Clc1cccc(Cl)c1-c1nnc2cccc(Cl)n12,2.66
2853,Clc1cccc(Cl)c1/C(=C/n1cncn1)OC1CCCCCC1,4.1
2854,Clc1cccc(Nc2ncnc3ccccc23)c1,3.9
2855,Clc1cccc2[nH]ncc12,2.5
2856,Clc1cccc2cn[nH]c12,2.33
2857,Clc1ccccc1-c1cnn[nH]1,2.68
2858,Clc1ccccc1CN1CCc2sccc2C1,3.46
2859,Clc1ccccc1CNC[C@H]1CC[C@H](CNCc2ccccc2Cl)CC1,2.74
2860,Clc1n[nH]c2cccc(Nc3ccnc(Nc4cc(N5CCOCC5)cc(N5CCOCC5)c4)n3)c12,2.78
2861,Cn1c(-c2ccc(O)nc2)nc2ccccc21,1.2
2862,Cn1c(-c2ccccc2)cc2onc(-c3ccncc3)c2c1=O,3.17
2863,Cn1c(-c2ccncc2)cc2onc(-c3ccccc3)c2c1=O,2.61
2864,Cn1c(=N)n(CC(=O)c2ccc(Cl)cc2)c2ccccc21,1.63
2865,Cn1c(=O)c(Oc2ccc(F)cc2F)cc2cnc(NC(CCO)CCO)nc21,1.5
2866,Cn1c(=O)c(Oc2ccc(F)cc2F)cc2cnc(NC3CCOCC3)nc21,2.76
2867,Cn1c(=O)c2[nH]cnc2n(C)c1=O,-0.09
2868,Cn1c(=O)c2c(-c3ccc(S(C)(=O)=O)o3)n(Cc3ccnc4ccc(Cl)cc34)nc2n(CC2CC2)c1=O,2.71
2869,Cn1c(=O)c2c(-c3oc(S(C)(=O)=O)cc3Cl)n(Cc3ccnc4ccc(Cl)cc34)nc2n(CC2CC2)c1=O,3.97
2870,Cn1c(=O)c2c(ncn2C)n(C)c1=O,-0.03
2871,Cn1c(=O)c2c(ncn2CC(O)CO)n(C)c1=O,-1.25
2872,Cn1c(=O)c2nc(-c3cccnc3)[nH]c2n(C)c1=O,0.7
2873,Cn1c(=O)n(Cc2ccc(Br)cc2)c2ccccc21,2.81
2874,Cn1c(=O)n(Cc2ccc(C(=O)O)cc2)c(=O)c2cc(C#CCc3ccccc3)ccc21,2.5
2875,Cn1c(C#N)ccc1-c1cc(F)c2c(c1)C(C)(C)C(=O)N2,3.21
2876,Cn1c(C#N)ccc1-c1ccc2c(c1)C(C)(C)OC(=O)N2,2.85
2877,Cn1c(C#N)ccc1-c1ccc2c(c1)C(C)(C)OC(=S)N2,3.4
2878,Cn1c(C(=O)O)c(CCCOc2cccc3ccccc23)c2ccccc21,2.99
2879,Cn1c(CN2CCC(c3ccccc3)CC2)nc2ccccc21,3.6
2880,Cn1c(CN2CCN(c3ccc(Cl)cc3)CC2)nc2ccccc21,3.54
2881,Cn1c(CN2CCN(c3cccc(Cl)c3)CC2)nc2ccccc21,3.75
2882,Cn1c(CN2CCN(c3ccccc3)CC2)nc2ccccc21,3.11
2883,Cn1c(N)nc(CCc2ccc3cc[nH]c3c2)cc1=O,2.1
2884,Cn1c(N)nc(CCc2ccc3ccccc3c2)cc1=O,2.7
2885,Cn1c(N)nc(CCc2cccc(-c3ccccc3)c2)cc1=O,3.8
2886,Cn1c(N)nc(CCc2cccc(-c3cccnc3)c2)cc1=O,2.5
2887,Cn1c(N)nc(CCc2ccccc2)cc1=O,2.0
2888,Cn1c(Nc2ccc(C(F)(F)F)cc2)nc2cc(Oc3ccnc(-c4ncc(C(F)(F)F)[nH]4)c3)ccc21,3.45
2889,Cn1c(SCc2c(Cl)cccc2Cl)nnc1-c1ccc2nonc2c1,3.35
2890,Cn1c2ccccc2c2cc(NC(=O)CCc3ccncc3)ccc21,3.8
2891,Cn1cc(-c2ccc(O)cc2)c(=O)c2c(O)cc(O)cc21,2.2
2892,Cn1cc(-c2cccc(C[C@H](NC(=O)c3cc(C(C)(C)C)nn3C)C(=O)NCC#N)c2)cn1,2.6
2893,Cn1cc(C#N)cc1-c1c2c(=O)n(C)c(=O)n(CC3CC3)c2nn1Cc1ccnc2ccc(Cl)cc12,3.67
2894,Cn1cc(C#N)cc1-c1c2c(=O)n(CC#CCn3cncn3)c(=O)n(CC3CC3)c2nn1Cc1ccnc2ccc(Cl)cc12,3.43
2895,Cn1cc(C#N)cc1-c1c2c(=O)n(CC#N)c(=O)n(CC3CC3)c2nn1Cc1ccnc2ccc(Cl)cc12,3.33
2896,Cn1cc(C#N)cc1-c1c2c(=O)n(CCO)c(=O)n(CC3CC3)c2nn1Cc1ccnc2ccc(Cl)cc12,3.0
2897,Cn1cc(C(=O)CCCCOc2ccc(C(=O)O)cc2)cc1C=O,0.14
2898,Cn1cc(C(=O)NC[C@@H](O)CN2CCC(Oc3ccc(Cl)c(Cl)c3)CC2)c(C(F)(F)F)cc1=O,2.76
2899,Cn1cc(CN2CCc3cc4nc(N)sc4cc3CC2)cn1,1.06
2900,Cn1cc(S(C)(=O)=O)cc1-c1c2c(=O)n(C)c(=O)n(CC3CC3)c2nn1Cc1ccnc2ccc(Cl)cc12,3.18
2901,Cn1cc(S(C)(=O)=O)nc1-c1c2c(=O)n(C)c(=O)n(CC3CC3)c2nn1Cc1ccnc2ccc(Cl)cc12,2.64
2902,Cn1ccc2c(-c3nc(CS(C)(=O)=O)cc(N4CCOCC4)n3)cccc21,2.0
2903,Cn1ccnc1S,-0.42
2904,Cn1cnc(-c2ccccc2)c1-c1cc2c(N)ncnc2s1,2.94
2905,Cn1cnc(-c2ccccc2)c1-c1nc2c(N)ncnc2s1,2.69
2906,Cn1cnc(-c2ccccc2)c1/C=C/c1ccnc(N)n1,2.61
2907,Cn1cnc(-c2ccccc2)c1C#Cc1ccnc(N)n1,2.94
2908,Cn1cnc([N+](=O)[O-])c1Sc1ncnc2[nH]cnc12,0.19
2909,Cn1cnc2c(-c3ccc(C4(N)CCC4)cc3)c(-c3ccccc3)ccc21,2.5
2910,Cn1cnc2cc(C#Cc3ccccc3)cnc21,3.5
2911,Cn1cnc2cc(OC(=O)c3ccccc3)cnc21,2.4
2912,Cn1cncc1-c1c2c(=O)n(C)c(=O)n(CC3CC3)c2nn1Cc1ccnc2ccc(Cl)cc12,2.69
2913,Cn1cncc1-c1c2c(=O)n(C3CC3)c(=O)n(CC3CC3)c2nn1Cc1ccnc2ccc(Cl)cc12,3.53
2914,Cn1cncc1-c1c2c(=O)n(CC#CCO)c(=O)n(CC3CC3)c2nn1Cc1ccnc2ccc(Cl)cc12,2.55
2915,Cn1cncc1-c1c2c(=O)n(CC3CC3)c(=O)n(CC3CC3)c2nn1Cc1ccnc2ccc(Cl)cc12,4.33
2916,Cn1nc(C(C)(C)C)cc1NC(=O)Nc1ccc(Cl)cc1,3.97
2917,Cn1ncc(Cl)c1-c1cc(C(=O)N[C@H](CN)Cc2cccc(F)c2)sc1Cl,2.99
2918,Cn1ncc2c(=O)[nH]c(-c3ccccc3)nc21,1.61
2919,Cn1ncnc1-c1c2c(=O)n(C)c(=O)n(CC3CC3)c2nn1Cc1ccnc2ccc(Cl)cc12,3.8
2920,Cn1ncnc1COc1nn2c(-c3cc(F)ccc3F)nnc2cc1C(C)(C)C,2.4
2921,Cn1nnc(-c2ccc(-c3ccc(N4C[C@H](COc5ccon5)OC4=O)cc3F)cn2)n1,1.24
2922,Cn1nnc2c(C(N)=O)ncn2c1=O,-1.08
2923,Cn1sc(=O)c2cc(S(=O)(=O)NC3CC3)ccc21,1.3
2924,Cn1sc(=O)c2cc(S(N)(=O)=O)ccc21,0.3
2925,Cn1sc(NC(=O)c2cccc(Cl)c2)nc1=O,0.87
2926,Cn1sc(NC(=O)c2ccccc2)nc1=O,1.13
2927,Cn1sc(NCc2ccccc2)nc1=O,1.2
2928,FC(F)(F)c1cc(COCC(c2cccc(Cl)c2)N2CCNCC2)cc(C(F)(F)F)c1,4.2
2929,FC(F)(F)c1cc(COCC(c2ccccc2)N2CCNCC2)cc(C(F)(F)F)c1,2.9
2930,FC(F)(F)c1cc(CO[C@H]2CCCN[C@H]2c2ccccc2)cc(C(F)(F)F)c1,3.6
2931,FC(F)(F)c1nnc2ccc(-n3ccnc3)nn12,0.91
2932,FC(F)(F)c1nnc2ccc(N3CCCC3)nn12,2.41
2933,FC(F)(F)c1nnc2ccc(N3CCCCC3)nn12,3.0
2934,FC(F)(F)c1nnc2ccc(N3CCCCCC3)nn12,3.29
2935,FC(F)(F)c1nnc2ccc(NCc3cccnc3)nn12,2.06
2936,FC(F)(F)c1nnc2ccc(NCn3nnc4ccccc43)nn12,2.34
2937,FC(F)c1nc2ccccc2[nH]1,2.02
2938,FC(F)c1nc2ccccc2n1-c1nc(N2CCOCC2)nc(N2CCOCC2)n1,3.04
2939,Fc1cc(-c2cccc3ncc(-c4cnn(C5CCNCC5)c4)nc23)cc(F)c1CN1CCOCC1,1.86
2940,Fc1cc(F)cc(-c2cc(N(CCCN3CCCCCC3)Cc3ccc4c(c3)OCO4)on2)c1,3.84
2941,Fc1cc2[nH]cnc2cc1Cl,2.35
2942,Fc1ccc(-c2cn3ccccc3n2)cc1,3.1
2943,Fc1ccc(-c2ncn(C3CCNCC3)c2-c2ccncc2)cc1,0.3
2944,Fc1ccc(-n2cc(C3CCNCC3)c3cc(Cl)ccc32)cc1,2.4
2945,Fc1ccc(C(COCc2cc(C(F)(F)F)cc(C(F)(F)F)c2)N2CCNCC2)cc1,3.0
2946,Fc1ccc(C2CC=CCNC2)cc1Cl,1.33
2947,Fc1ccc(C2CCN(C(=S)COCc3ccncc3)CC2)c(Cl)c1,4.23
2948,Fc1ccc(CN2CCN(C3=Nn4c(nnc4C(F)(F)F)CC3)CC2)cc1,2.8
2949,Fc1ccc(CN2CCN(c3ccc4nnc(C(F)(F)F)n4n3)CC2)cc1,3.46
2950,Fc1ccc(CNc2ncc(Br)c(Nc3cc(C4CC4)[nH]n3)n2)cc1,4.28
2951,Fc1ccc([C@@H]2CCNC[C@H]2COc2ccc3c(c2)OCO3)cc1,1.78
2952,Fc1ccc2cn[nH]c2c1,2.3
2953,Fc1cccc(-c2cncc(CNCC3CC3)n2)c1F,1.82
2954,Fc1cccc(C(COCc2cc(C(F)(F)F)cc(C(F)(F)F)c2)N2CCNCC2)c1,3.2
2955,Fc1cccc(CN2CCN(c3ccc4nnc(C(F)(F)F)n4n3)CC2)c1F,3.6
2956,Fc1cccc(COc2ccc(Nc3ncnc4ccc(-c5cccc(N6CCOCC6)c5)cc34)cc2Cl)c1,3.2
2957,Fc1ncccc1OC[C@@H]1CCN1,-1.2
2958,N#C/C(=C(/N)Sc1ccc(N)cc1)c1ccccc1C(F)(F)F,3.3
2959,N#C/C(=C(\N)Sc1ccc(N)cc1)c1ccccc1C(F)(F)F,3.4
2960,N#CC1(NC(=O)[C@@H]2CCCC[C@H]2C(=O)N2CCN(c3ccc(F)cc3)CC2)CC1,2.12
2961,N#CC1(NC(=O)[C@@H]2CCCC[C@H]2C(=O)N2CCN(c3ccccc3)CC2)CC1,1.99
2962,N#CC1(NC(=O)[C@@H]2CCCC[C@H]2C(=O)N2CCN(c3nc(-c4ccccc4)cs3)CC2)CC1,3.5
2963,N#CC1(NC(=O)[C@@H]2CCCC[C@H]2C(=O)N2CCN(c3nc(C(F)(F)F)cs3)CC2)CC1,2.4
2964,N#CC1(NC(=O)[C@@H]2CCCC[C@H]2C(=O)N2CCN(c3nc4c(s3)COCC4)CC2)CC1,1.42
2965,N#CC1(NC(=O)[C@@H]2CCCC[C@H]2C(=O)N2CCN(c3nc4ccncc4s3)CC2)CC1,1.6
2966,N#CC1(NC(=O)[C@@H]2CCCC[C@H]2C(=O)N2CCN(c3nc4cnccc4s3)CC2)CC1,1.66
2967,N#CC1(NC(=O)[C@@H]2CCCC[C@H]2C(=O)N2CCN(c3nc4ncccc4s3)CC2)CC1,1.4
2968,N#CC1(NC(=O)[C@@H]2CCCC[C@H]2C(=O)N2CCN(c3nccs3)CC2)CC1,1.3
2969,N#CC1(NC(=O)[C@@H]2CCCC[C@H]2C(=O)N2CCc3[nH]c4c(Br)cccc4c3C2)CC1,3.12
2970,N#CC1(NC(=O)[C@@H]2CCCC[C@H]2C(=O)N2CCc3[nH]c4c(C(F)(F)F)cccc4c3C2)CC1,3.75
2971,N#CC1(NC(=O)[C@@H]2CCCC[C@H]2C(=O)N2CCc3[nH]c4c(Cl)cccc4c3C2)CC1,3.59
2972,N#CC1(NC(=O)[C@@H]2CCCC[C@H]2C(=O)N2CCc3[nH]c4c(F)cccc4c3C2)CC1,3.03
2973,N#CC1(NC(=O)[C@@H]2CCCC[C@H]2C(=O)N2CCc3[nH]c4c(OC(F)(F)F)cccc4c3C2)CC1,4.01
2974,N#CC1(NC(=O)[C@@H]2CCCC[C@H]2C(=O)N2CCc3[nH]c4cc(F)ccc4c3C2)CC1,2.99
2975,N#CC1(NC(=O)[C@@H]2CCCC[C@H]2C(=O)N2CCc3[nH]c4ccc(C(F)(F)F)cc4c3C2)CC1,4.2
2976,N#CC1(NC(=O)[C@@H]2CCCC[C@H]2C(=O)N2CCc3[nH]c4ccc(Cl)cc4c3C2)CC1,3.65
2977,N#CC1(NC(=O)[C@@H]2CCCC[C@H]2C(=O)N2CCc3[nH]c4ccc(F)cc4c3C2)CC1,3.0
2978,N#CC1(NC(=O)[C@@H]2CCCC[C@H]2C(=O)N2CCc3[nH]c4cccc(F)c4c3C2)CC1,3.2
2979,N#CC1(NC(=O)[C@@H]2CCCC[C@H]2C(=O)N2CCc3[nH]c4ccccc4c3C2)CC1,2.66
2980,N#CC1(NC(=O)[C@@H]2CCCC[C@H]2C(=O)N2CCc3[nH]c4ncccc4c3C2)CC1,2.13
2981,N#CC1(NC(=O)[C@@H]2CCCC[C@H]2C(=O)N2CCc3oc4ccccc4c3C2)CC1,3.01
2982,N#CC1=C2C(=NC1=O)c1cccc3c(N4CCSCC4)ccc2c13,3.22
2983,N#CCNC(=O)[C@@H]1CCCC[C@H]1C(=O)N1CC=CCC1,0.9
2984,N#CCNC(=O)[C@@H]1CCCC[C@H]1C(=O)N1CCCCC1,0.9
2985,N#CCNC(=O)[C@@H]1CCCC[C@H]1C(=O)N1CCN(c2ccc(C#N)cc2)CC1,1.79
2986,N#CCNC(=O)[C@@H]1CCCC[C@H]1C(=O)N1CCN(c2ccc(F)cc2)CC1,1.92
2987,N#CCNC(=O)[C@@H]1CCCC[C@H]1C(=O)N1CCN(c2ccccc2)CC1,1.75
2988,N#CCNC(=O)[C@@H]1CCCC[C@H]1C(=O)N1CCc2[nH]c3ccc(F)cc3c2C1,2.77
2989,N#CCNC(=O)[C@@H]1CCCC[C@H]1C(=O)N1CCc2ccccc2C1,1.91
2990,N#CCNC(=O)c1ccc(-c2ccnc(Nc3ccc(N4CCOCC4)cc3)n2)cc1,2.37
2991,N#CC[C@H](C1CCCC1)n1cc(-c2ncnc3[nH]ccc23)cn1,2.55
2992,N#CCc1c[nH]c2ccc(OCc3ccccc3)cc12,3.71
2993,N#CN=C(N)c1sc(Nc2ccccc2)nc1N,2.91
2994,N#C[C@@H]1CCCN1C(=O)CNC12CC3CC(CC(O)(C3)C1)C2,-0.48
2995,N#C[C@@H]1CCCN1C(=O)CNCCNc1ccc(Cl)cn1,0.99
2996,N#C[C@@]1(NC(=O)[C@@H](N)Cc2cccs2)C[C@@H]1c1ccccc1,1.3
2997,N#C[C@]1(NC(=O)[C@@H](N)Cc2cccs2)C[C@H]1c1ccccc1,1.5
2998,N#Cc1c(-c2ccc(-c3ccccc3C(F)(F)F)cc2)nc2ccncc2c1O,3.3
2999,N#Cc1c(-c2ccc(-c3ccccc3CN3CCOCC3)cc2)nc2ccncc2c1O,2.0
3000,N#Cc1c(-c2ccc(-c3ccccc3OC(F)(F)F)cc2)nc2ccncc2c1O,3.45
3001,N#Cc1c(-c2ccccc2)nc(SCCc2ccccc2)[nH]c1=O,1.71
3002,N#Cc1c(-c2ccccc2)nc(SCc2ccccc2)[nH]c1=O,1.56
3003,N#Cc1c(C(=O)O)n(Cc2ccc(Cl)c(Cl)c2)c2ccccc12,1.26
3004,N#Cc1c(N)nc2c(c1N)CC(COc1ccccc1)O2,2.08
3005,N#Cc1cc(CN2CCC2)cnc1-c1ccc(C(=O)Nc2ccccc2N)cc1,1.22
3006,N#Cc1cc(Cl)ccc1O[C@H](CCN)c1ccccc1,0.91
3007,N#Cc1cc(F)c(Cl)cc1O[C@H](CCN)c1ccccc1,0.77
3008,N#Cc1cc(O)cc2nc(-c3ccc(O)cc3)oc12,3.6
3009,N#Cc1cc(S(=O)(=O)NCC(c2ccccc2)N2CCCCCC2)ccc1F,2.71
3010,N#Cc1ccc(-c2cc(NC(N)=O)c(C(=O)N[C@H]3CCCNC3)s2)cc1,0.61
3011,N#Cc1ccc(-c2ccc(S(=O)(=O)Nc3cccc(N)n3)cc2)cc1,2.2
3012,N#Cc1ccc(-c2csc(Nc3ccc(O)cc3)n2)cc1,4.1
3013,N#Cc1ccc(C(=O)N2CCC3(CC2)N=C(N)c2c(F)ccc(F)c2N3)cc1,0.86
3014,N#Cc1ccc(C(=O)N2CCC3(CC2)N=C(N)c2c(F)ccc(F)c2N3)cn1,0.79
3015,N#Cc1ccc(C(=O)N2CCC3(CC2)N=C(N)c2c(F)cccc2N3)cc1,0.66
3016,N#Cc1ccc(C(=O)Nc2ccc(-n3ccnc3)nc2)cc1,2.2
3017,N#Cc1ccc(C(F)(F)F)nc1O[C@H](CCN)c1ccno1,-0.49
3018,N#Cc1ccc(C(c2ccc(C#N)cc2)n2cncn2)cc1,1.7
3019,N#Cc1ccc(CN2CCN(c3ccc4nnc(C(F)(F)F)n4n3)CC2)cc1,2.9
3020,N#Cc1ccc(C[C@@H](C(=O)O)N2CCC(CN3CCC(Oc4ccc(Cl)c(Cl)c4)CC3)CC2)cc1,2.17
3021,N#Cc1ccc(Cl)cc1O[C@H](CCN)c1ccccc1,0.76
3022,N#Cc1ccc(Cl)cc1S[C@H](CCN)c1ccccc1,1.26
3023,N#Cc1ccc(F)c(-c2cc(C(F)(F)F)ccc2OCC(=O)O)c1,-0.16
3024,N#Cc1ccc(NC(=O)Nc2ccccc2Br)c2nn[nH]c12,1.64
3025,N#Cc1ccc(Nc2nccc(NC3CC3)n2)cc1,3.01
3026,N#Cc1ccc(OC2CCN(C[C@H](O)CNC(=O)c3c[nH]c(=O)c4ccccc34)CC2)cc1Cl,2.56
3027,N#Cc1ccc(OCC(=O)O)c(-c2ccccc2)c1,-1.08
3028,N#Cc1ccc(S(=O)(=O)NCC(c2ccccc2)N2CCCCCC2)cc1,2.86
3029,N#Cc1ccc2[nH]c(-c3ccc(F)cc3)c(CCCC(=O)NS(N)(=O)=O)c2c1,1.95
3030,N#Cc1ccc2c(c1)N(CCN1CCC(NCc3ccc4c(n3)NC(=O)CO4)CC1)C(=O)CO2,0.23
3031,N#Cc1ccc2c(c1)NC(=O)C2c1ncnc2cc(OCCCN3CCOCC3)ccc12,2.99
3032,N#Cc1ccc2ccc(=O)n(CCN3CC[C@@H](NCc4cc5c(cn4)OCCO5)[C@@H](O)C3)c2c1,0.45
3033,N#Cc1ccc2ccc(=O)n(CCN3CC[C@@H](NCc4ccc5c(n4)NC(=O)CO5)[C@@H](F)C3)c2c1,0.66
3034,N#Cc1ccc2ccc(=O)n(CCN3CC[C@H](NCc4cc5c(cn4)OCCO5)[C@H](O)C3)c2c1,0.46
3035,N#Cc1ccc2ccc(=O)n(CCN3CC[C@H](NCc4ccc5c(n4)NC(=O)CO5)[C@H](O)C3)c2c1,0.11
3036,N#Cc1ccc2cccc(O)c2n1,1.81
3037,N#Cc1cccc(-c2cc(C(F)(F)F)ccc2OCC(=O)O)c1,0.05
3038,N#Cc1cccc(-c2cc(Cl)ccc2OCC(=O)O)c1,-0.25
3039,N#Cc1cccc(-c2ccc(C3(CNC(=O)Nc4cc(Cl)cc(Cl)c4)CCN(CC4CC4)CC3)cc2)c1,3.37
3040,N#Cc1cccc(-c2cccc(-c3nn[nH]n3)c2)c1,0.7
3041,N#Cc1cccc(-c2cccc(C(=O)O)c2)c1,0.3
3042,N#Cc1cccc(-c2nc(-c3ccccn3)no2)c1,2.2
3043,N#Cc1cccc(C(=O)NC[C@@H](O)CN2CCC(Oc3ccc(Cl)c(Cl)c3)CC2)c1,3.48
3044,N#Cc1cccc(C(=O)Nc2cc(-c3ccccc3)nn2-c2ccccc2)c1,3.82
3045,N#Cc1cccc(COc2cc(OCCCN3CCCC3)ccc2C(=O)Nc2cccc(O)c2)c1,2.41
3046,N#Cc1cccc(COc2ccc3c(c2)OCCC3=O)c1,2.8
3047,N#Cc1cccc(C[C@@H](C(=O)O)N2CCC(CN3CCC(Oc4ccc(Cl)c(Cl)c4)CC3)CC2)c1,2.26
3048,N#Cc1cccc(NCC(=O)Nc2c(Cl)ccc3nc(N4CC[C@@H](O)C4)ccc23)c1,2.39
3049,N#Cc1cccc(OC[C@@H](O)CNC2CCN(Cc3ccc(Cl)c(Cl)c3)CC2)c1,3.09
3050,N#Cc1cccc(S(=O)(=O)NC(=O)N2CCC(N3CCC(Oc4ccc(Cl)c(Cl)c4)CC3)CC2)c1,1.81
3051,N#Cc1cccc(S(=O)(=O)NC[C@@H](O)CN2CCC(Oc3ccc(Cl)c(Cl)c3)CC2)c1,3.42
3052,N#Cc1ccccc1COc1cc(OCCCN2CCCC2)ccc1C(=O)Nc1cccc(O)c1,2.34
3053,N#Cc1ccccc1COc1cc(OCCCN2CCCC2)ccc1C(=O)Nc1ccccc1,2.66
3054,N#Cc1ccccc1C[C@@H](C(=O)O)N1CCC(CN2CCC(Oc3ccc(Cl)c(Cl)c3)CC2)CC1,2.12
3055,N#Cc1ccccc1Oc1ccc(C(=O)NCc2ccncc2)cc1,2.57
3056,N#Cc1cccnc1-c1ccc(C(=O)Nc2ccccc2N)cc1,1.58
3057,N#Cc1cnc(N2CCN(C(=O)[C@@H]3CCCC[C@H]3C(=O)NC3(C#N)CC3)CC2)s1,1.2
3058,N#Cc1cnn(-c2ccccc2)c1NC(=O)CN1CCN(c2ccccc2)CC1,2.3
3059,N#Cc1cnn(-c2ccccc2)c1NC(=O)CN1CCOCC1,0.5
3060,N#Cc1cnn(-c2ccccc2)c1NC(=O)c1ccccc1F,1.7
3061,N#Cc1cnn2c(N)cc(-c3ccc(F)cc3)nc12,2.23
3062,N#Cc1cnn2c(N)cc(-c3ccccc3)nc12,2.48
3063,N#Cc1cnn2c(N)cc(-c3cccs3)nc12,2.3
3064,N#Cc1cnn2c(NC3CC3)cc(-c3cccs3)nc12,2.88
3065,N#Cc1cnn2c(NC3CC3)cc(-n3ccc4ccc(CO)cc43)nc12,3.09
3066,N#Cc1nc(N2CCCC2)c(N)c(N2CCOCC2)n1,2.25
3067,N#Cc1nc(N2CCCCC2)c(N)c(N2CCOCC2)n1,2.71
3068,N#Cc1nc(N2CCOCC2)nc(N2CCOCC2)n1,1.51
3069,N#Cc1nc(NC2CC3CCC2C3)c(N)c(N2CCOCC2)n1,3.53
3070,N#Cc1nc(NC2CCCC2)c(N)c(N2CCOCC2)n1,2.59
3071,N#Cc1nc(NC2CCCCC2)c(N)c(N2CCOCC2)n1,2.81
3072,N#Cc1nc(NC2CCOC2)c(N)c(N2CCOCC2)n1,1.6
3073,N#Cc1nc(Nc2ccccc2)c(N)c(N2CCOCC2)n1,2.72
3074,N=C(N)N1CCc2ccccc2C1,-1.01
3075,N=C(N)NC(=O)c1nc(Cl)c(NCc2ccccn2)nc1N,-0.56
3076,N=C(N)NC(=O)c1nc(Cl)c(NCc2ccncc2)nc1N,-0.51
3077,N=C(N)NCCC[C@H](NC(=O)COCC(c1ccccc1)c1ccccc1)C(=O)O,0.18
3078,N=C(N)Nc1cc(Cl)nc(-c2ccccc2)n1,2.16
3079,N=C(N)Nc1ccc(C(=O)Oc2ccc(Cl)cc2)cc1,0.7
3080,N=C(N)Nc1ccc(C(=O)Oc2ccc([N+](=O)[O-])cc2)cc1,0.5
3081,N=C(N)Nc1ccc(C(=O)Oc2ccccc2)cc1,-0.21
3082,N=C(N)Nc1ccc(Cl)c(Cl)c1,-0.31
3083,N=C(N)Nc1nc2ccccc2o1,1.91
3084,N=C(N)SCc1ccc(Cl)c(Cl)c1,1.28
3085,N=C(N)c1cc2c(-c3ccccc3)cccc2s1,1.27
3086,N=C(N)c1cc2c(/C=C/c3ccc4c(c3)OCO4)cccc2s1,2.2
3087,N=C(N)c1cc2c(I)cccc2s1,0.74
3088,N=C(N)c1cc2c(OCc3ccccc3)cccc2s1,1.16
3089,N=C(N)c1ccc(C(=O)N2CCN(S(=O)(=O)c3ccc4cc(Br)ccc4c3)CC2)cc1,0.36
3090,N=C(NCc1ccc(Cl)cc1)SCCCc1c[nH]cn1,1.13
3091,NC(=O)C(NC(=O)C1(N)CCN(c2ncnc3[nH]ccc23)CC1)c1ccc(Cl)cc1,2.2
3092,NC(=O)C(c1ccccc1)(c1ccccc1)[C@@H]1CCN(CCc2ccc3c(c2)CCO3)C1,2.79
3093,NC(=O)C1CCCCC1,0.9
3094,NC(=O)C1CCN(CC(=O)Nc2ccc3c(c2)OCO3)CC1,0.4
3095,NC(=O)CN1C(=O)C(NC(=O)c2cc3cc(Cl)sc3[nH]2)Cc2ccccc21,3.22
3096,NC(=O)COc1ccc(OCCNCC(O)COc2ccccc2)cc1,0.63
3097,NC(=O)C[S+]([O-])C(c1ccccc1)c1ccccc1,1.12
3098,NC(=O)Cc1ccccc1,0.3
3099,NC(=O)Cc1nc(-c2ccccc2)cs1,1.3
3100,NC(=O)N1c2ccccc2C=Cc2ccccc21,1.65
3101,NC(=O)N1c2ccccc2CC(=O)c2ccccc21,1.28
3102,NC(=O)N1c2ccccc2C[C@H](O)c2ccccc21,0.79
3103,NC(=O)NC(=O)C(Nc1ccc2c(c1)CCC2)c1ccccc1,3.3
3104,NC(=O)Nc1cc(-c2cccc(F)c2F)sc1C(=O)N[C@H]1CCCNC1,1.32
3105,NC(=O)Nc1cc(-c2cccc(O)c2)sc1C(N)=O,2.21
3106,NC(=O)Nc1cc(-c2ccccc2)sc1C(=O)N[C@H]1CCCNC1,1.04
3107,NC(=O)Nc1cc(-c2ccccc2)sc1C(N)=O,2.43
3108,NC(=O)Nc1cc(-c2ccsc2)sc1C(N)=O,2.3
3109,NC(=O)Nc1sc(-c2cc(F)cc(F)c2)cc1C(=O)N[C@H]1CCCNC1,2.18
3110,NC(=O)Nc1sc(-c2ccc(CN3CCCCC3)cc2)cc1C(N)=O,1.75
3111,NC(=O)Nc1sc(-c2ccc(CNC3CCCC3)cc2)cc1C(N)=O,1.22
3112,NC(=O)Nc1sc(-c2ccc(F)cc2)cc1C(=O)N[C@H]1CCCNC1,1.76
3113,NC(=O)Nc1sc(-c2ccc(OCCN3CCCCC3)cc2)cc1C(N)=O,1.2
3114,NC(=O)Nc1sc(-c2ccccc2)cc1C(=O)N1CCOCC1,2.24
3115,NC(=O)Nc1sc(-c2ccccc2)cc1C(=O)N[C@H]1CCCNC1,1.27
3116,NC(=O)Nc1sc(-c2ccccc2)cc1C(N)=O,2.42
3117,NC(=O)Nc1sc(-c2ccsc2)cc1C(=O)N[C@H]1CCCNC1,1.06
3118,NC(=O)c1c(N)sc2c1CCCC2,1.84
3119,NC(=O)c1c(OCc2c(F)cc(Br)cc2F)nsc1NC(=O)NCCCCN1CCCC1,2.5
3120,NC(=O)c1cc(-c2ccccc2)sc1N,2.7
3121,NC(=O)c1cc(C(N)=O)n(-c2cccc(-c3cc(C(F)(F)F)ccc3C(F)(F)F)c2)n1,3.4
3122,NC(=O)c1cc(F)cc(O[C@H]2C[C@H]3CC[C@@H](C2)N3Cc2ccccc2)c1,2.14
3123,NC(=O)c1cc(O)cc2nc(-c3ccc(O)cc3)oc12,2.3
3124,NC(=O)c1cc([N+](=O)[O-])cc([N+](=O)[O-])c1,0.81
3125,NC(=O)c1cc2ccccc2nc1N,1.07
3126,NC(=O)c1ccc(-c2cc3c(N[C@H]4CCCNC4)ncc(C(N)=O)c3s2)cc1,0.28
3127,NC(=O)c1ccc(=O)n(Cc2ccc(Cl)cc2Cl)c1,2.36
3128,NC(=O)c1ccc(=O)n(Cc2ccc(F)c(F)c2)c1,1.37
3129,NC(=O)c1ccc(Br)cc1,1.75
3130,NC(=O)c1ccc(N(C(N)=O)c2c(F)cccc2F)nc1-c1ccc(F)cc1F,1.6
3131,NC(=O)c1ccc(O[C@H]2C[C@H]3CC[C@@H](C2)N3Cc2ccccc2)c(F)c1,2.1
3132,NC(=O)c1ccc(O[C@H]2C[C@H]3CC[C@@H](C2)N3Cc2ccccc2)cn1,1.51
3133,NC(=O)c1ccc(O[C@H]2C[C@H]3CC[C@@H](C2)N3Cc2ccccc2)nc1,1.25
3134,NC(=O)c1ccc(Oc2cccc3cccnc23)c([N+](=O)[O-])c1,1.7
3135,NC(=O)c1cccc(C[C@@H]2C[C@H]3CC[C@@H](C2)N3Cc2ccccc2)c1,1.11
3136,NC(=O)c1cccc(C[C@H]2C[C@H]3CC[C@@H](C2)N3Cc2ccccc2)c1,1.19
3137,NC(=O)c1cccc(N[C@H]2C[C@H]3CC[C@@H](C2)N3Cc2ccccc2)c1,1.01
3138,NC(=O)c1cccc(OC2CCN(CC3CC3)CC2)c1,0.49
3139,NC(=O)c1cccc(OC2CCN(Cc3ccccc3)CC2)c1,1.92
3140,NC(=O)c1cccc(O[C@@H]2C[C@H]3CC[C@@H](C2)N3CC2CC2)c1,0.07
3141,NC(=O)c1cccc(O[C@@H]2C[C@H]3CC[C@@H](C2)N3CCc2ccccc2)c1,2.0
3142,NC(=O)c1cccc(O[C@@H]2C[C@H]3CC[C@@H](C2)N3Cc2ccccc2)c1,1.76
3143,NC(=O)c1cccc(O[C@H]2C[C@H]3CC[C@@H](C2)N3CC2CCCCC2)c1,1.55
3144,NC(=O)c1cccc(O[C@H]2C[C@H]3CC[C@@H](C2)N3Cc2ccccc2)c1,1.61
3145,NC(=O)c1cccc(O[C@H]2C[C@H]3CC[C@@H](C2)N3Cc2ccccc2)n1,1.71
3146,NC(=O)c1cccc(S[C@H]2C[C@H]3CC[C@@H](C2)N3Cc2ccccc2)c1,2.22
3147,NC(=O)c1cccc([S+]([O-])[C@H]2C[C@H]3CC[C@@H](C2)N3Cc2ccccc2)c1,1.1
3148,NC(=O)c1ccccc1O,1.09
3149,NC(=O)c1ccccc1OCc1ccccc1,2.5
3150,NC(=O)c1cccnc1Oc1ccccc1,1.13
3151,NC(=O)c1ccn2c(-c3ccccc3)c(-c3ccc(C4(N)CCC4)cc3)nc2c1,2.0
3152,NC(=O)c1cn([C@@H]2O[C@H](CO)[C@@H](O)[C@H]2O)c2ncnc(N)c12,-0.87
3153,NC(=O)c1cnc(-c2ccc(C3(N)CCC3)cc2)c(-c2ccccc2)c1,1.3
3154,NC(=O)c1cnc(N[C@H]2CCCNC2)c2cc(-c3ccc(Cl)c(F)c3)sc12,2.76
3155,NC(=O)c1cnc(N[C@H]2CCCNC2)c2cc(-c3ccc(Cl)cc3)sc12,2.78
3156,NC(=O)c1cnc(N[C@H]2CCCNC2)c2cc(-c3ccc(F)c(Cl)c3)sc12,2.94
3157,NC(=O)c1cnc(N[C@H]2CCCNC2)c2cc(-c3ccc(F)c(F)c3)sc12,2.17
3158,NC(=O)c1cnc(N[C@H]2CCCNC2)c2cc(-c3ccc(F)cc3)sc12,2.01
3159,NC(=O)c1cnc(N[C@H]2CCCNC2)c2cc(-c3ccc(F)cc3F)sc12,1.97
3160,NC(=O)c1cnc(N[C@H]2CCCNC2)c2cc(-c3ccncc3)sc12,0.77
3161,NC(=O)c1cnc(N[C@H]2CCCNC2)c2cc(Br)sc12,1.08
3162,NC(=O)c1cnc2[nH]c(-c3ccc(OCCN4CCCCC4)cc3)nc2c1NCCCNC(=O)C1CCC1,2.48
3163,NC(=O)c1cncc(-c2ccc([C@H]3CC[C@H](CC(=O)O)CC3)cc2)c1,0.22
3164,NC(=O)c1cncc(O[C@H]2C[C@H]3CC[C@@H](C2)N3Cc2ccccc2)n1,1.1
3165,NC(=O)c1nnn(-c2ccccc2)c1N,0.74
3166,NC(=O)c1sc(-c2ccc(Cl)cc2)cc1N,3.3
3167,NC(=O)c1sc(-c2ccccc2)cc1N,2.33
3168,NC(=O)c1sc(-c2ccsc2)cc1N,2.23
3169,NC(=O)c1sc(-c2ccsc2)cc1NS(=O)(=O)c1ccc(C(F)(F)F)cc1,2.39
3170,NC(=O)c1sc2nccc(Nc3ccccc3)c2c1N,2.91
3171,NC(Cc1c[nH]c2ccccc12)C(=O)O,-1.17
3172,NC(Cc1cc(I)c(Oc2ccc(O)c(I)c2)c(I)c1)C(=O)O,0.97
3173,NC(Cc1ccc(N(CCCl)CCCl)cc1)C(=O)O,0.39
3174,NC(Cc1ccccc1)c1ccccc1,1.32
3175,NC(N)=Nc1nc(CSCC/C(N)=N/S(N)(=O)=O)cs1,-0.6
3176,NC1(C(=O)NC(CCCN2CCCC2)c2ccc(Cl)cc2)CCN(c2ncnc3[nH]ccc23)CC1,1.3
3177,NC1(C(=O)NC(CCCN2CCOCC2)c2ccc(Cl)cc2)CCN(c2ncnc3[nH]ccc23)CC1,2.7
3178,NC1(C(=O)NC(CCO)c2ccc(Cl)cc2)CCN(c2ncnc3[nH]ccc23)CC1,2.5
3179,NC1(C(=O)NC(CO)c2ccc(Cl)cc2)CCN(c2ncnc3[nH]ccc23)CC1,2.4
3180,NC1(C(=O)NC(CS(N)(=O)=O)c2ccc(Cl)cc2)CCN(c2ncnc3[nH]ccc23)CC1,2.2
3181,NC1(C(=O)NC(Cc2ccccc2)c2ccc(Cl)cc2)CCN(c2ncnc3[nH]ccc23)CC1,4.1
3182,NC1(C(=O)NC(c2ccc(Cl)cc2)C2CC2)CCN(c2ncnc3[nH]ccc23)CC1,3.4
3183,NC1(C(=O)NC(c2ccccc2)c2ccc(Cl)cc2)CCN(c2ncnc3[nH]ccc23)CC1,4.1
3184,NC1(C(=O)NCc2ccc(Cl)cc2)CCN(c2ncnc3[nH]ccc23)CC1,2.88
3185,NC1(C(=O)N[C@@H](CCN2CCCCC2)c2ccc(Cl)cc2)CCN(c2ncnc3[nH]ccc23)CC1,2.4
3186,NC1(Cc2ccc(Cl)cc2)CCN(c2ncnc3[nH]ccc23)CC1,2.72
3187,NC1(c2ccc(-c3c(-c4ccccc4)ccc4ccnn34)cc2)CCC1,2.9
3188,NC1(c2ccc(-c3c(-c4ccccc4)ccn4ccnc34)cc2)CCC1,2.0
3189,NC1(c2ccc(-c3c(-c4ccccc4)ccn4ncnc34)cc2)CCC1,1.7
3190,NC1(c2ccc(-c3c(-c4ccccc4)ncc4nccn34)cc2)CCC1,1.7
3191,NC1(c2ccc(-c3nc4ccccc4c(=O)n3-c3ccccc3)cc2)CCC1,1.5
3192,NC1(c2ccc(-c3nc4ccccc4cc3-c3ccccc3)cc2)CCC1,3.6
3193,NC1(c2ccc(-c3nc4ccccn4c3-c3ccccc3)cc2)CCC1,2.8
3194,NC1(c2ccc(-c3nc4ccn5c(=O)[nH]nc5c4cc3-c3ccccc3)cc2)CCC1,2.5
3195,NC1(c2ccc(-c3ncc4ccccc4c3-c3ccccc3)cc2)CCC1,3.6
3196,NC1(c2ccc(-c3ncc4cccn4c3-c3ccccc3)cc2)CCC1,2.5
3197,NC1(c2ccc(-c3ncc4cccnc4c3-c3ccccc3)cc2)CCC1,1.7
3198,NC1(c2ccc(-c3ncc4ccncc4c3-c3ccccc3)cc2)CCC1,2.2
3199,NC1(c2ccc(-c3ncc4cnccc4c3-c3ccccc3)cc2)CCC1,2.2
3200,NC1(c2ccc(-c3ncc4ncccc4c3-c3ccccc3)cc2)CCC1,2.0
3201,NC1(c2ccc(-c3ncc4nccn4c3-c3ccccc3)cc2)CCC1,1.3
3202,NC1(c2ccc(-c3nn4ccc(=O)nc4cc3-c3ccccc3)cc2)CCC1,0.2
3203,NC1(c2ccc(-c3nn4cccc4cc3-c3ccccc3)cc2)CCC1,3.3
3204,NC1(c2ccc(-c3nn4ccccc4c3-c3ccccc3)cc2)CCC1,3.2
3205,NC1(c2ccc(-n3c(-c4ccccc4)nc4ccccc4c3=O)cc2)CCC1,1.6
3206,NC12CC3CC(CC(C3)C1)C2,-0.98
3207,NC12CCC(c3ccccc3)(CC1)CC2,0.29
3208,NC1=NC(c2ccc(Cl)c(Cl)c2)CC(=O)N1,1.46
3209,NC1=NC(c2cccc(-c3cncnc3)c2)(c2ccnc(C(F)(F)F)c2)c2cccc(F)c21,3.4
3210,NC1=NC(c2ccco2)Nc2c(F)ccc(F)c21,1.2
3211,NC1=NC(c2cccs2)Nc2cccc(F)c21,0.91
3212,NC1=NN(c2cccc(C(F)(F)F)c2)CC1,2.55
3213,NC1C2CN(c3nc4c(cc3F)c(=O)c(C(=O)O)cn4-c3ccc(F)cc3F)CC12,0.3
3214,NC1CCN(c2nccc(C(=O)NCC34CC5CC(CC(C5)C3)C4)c2Cl)CC1,1.19
3215,NC1CCc2cc(OC(=O)c3ccccc3)c(OC(=O)c3ccccc3)cc2C1,2.6
3216,NCC(O)(c1ccc(Cl)cc1)c1ccc(Cl)cc1,2.69
3217,NCC(O)(c1ccccc1)c1ccccc1,0.9
3218,NCCCC(=O)OCCN1CCN(CCCN2c3ccccc3Sc3ccc(Cl)cc32)CC1,1.5
3219,NCCCCCc1c[nH]c2ccc(F)cc12,0.6
3220,NCCCCN(Cc1nc2ccccc2[nH]1)C1CCCc2cccnc21,0.83
3221,NCCc1ccc(O)c2nc(O)sc12,0.33
3222,NCc1ccc(NC(=O)c2cc(Nc3ncccn3)c3cc(/C(N)=N/O)ccc3c2)cc1,-0.85
3223,NCc1nc2ccccc2[nH]1,0.4
3224,NNC(=O)c1ccncc1,-0.57
3225,NNCCc1ccccc1,-0.01
3226,NNc1nc2ccccc2[nH]c1=O,0.44
3227,NS(=O)(=O)Cc1noc2ccccc12,0.55
3228,NS(=O)(=O)c1cc(C(=O)O)c(NCc2ccco2)cc1Cl,-0.9
3229,NS(=O)(=O)c1cc(C(=O)O)cc(N2CCCC2)c1Oc1ccccc1,-0.94
3230,NS(=O)(=O)c1cc(C2(O)NC(=O)c3ccccc32)ccc1Cl,0.97
3231,NS(=O)(=O)c1cc(Cl)c(Cl)c(S(N)(=O)=O)c1,0.92
3232,NS(=O)(=O)c1cc2c(cc1C(F)(F)F)NC(Cc1ccccc1)NS2(=O)=O,1.78
3233,NS(=O)(=O)c1cc2c(cc1Cl)NC(C(Cl)Cl)NS2(=O)=O,0.37
3234,NS(=O)(=O)c1cc2c(cc1Cl)NC(C1CC3C=CC1C3)NS2(=O)=O,2.12
3235,NS(=O)(=O)c1cc2c(cc1Cl)NCNS2(=O)=O,-0.09
3236,NS(=O)(=O)c1ccc(CCNc2ccc3nnc(-c4ccccc4)n3n2)cc1,2.19
3237,NS(=O)(=O)c1ccc(NCc2ccccc2)cc1,1.7
3238,NS(=O)(=O)c1ccc(Nc2nccc(-c3ccccc3)n2)cc1,2.86
3239,NS(=O)(=O)c1ccc(Nc2nccc(-c3cnc4ccccn34)n2)cc1,2.7
3240,NS(=O)(=O)c1ccc(Nc2nccc(Nc3c(Cl)ccc4c3OCO4)n2)cc1,2.7
3241,NS(=O)(=O)c1ccc2c(C(=O)NC[C@@H](O)CN3CCC(Oc4ccc(Cl)c(Cl)c4)CC3)c[nH]c(=O)c2c1,2.17
3242,NS(=O)(=O)c1ccc2c(c1)C1C=CCC1C(c1cccc3ccccc13)N2,1.9
3243,NS(=O)(=O)c1cccc(Nc2nccc(Nc3c(Cl)ccc4c3OCO4)n2)c1,2.97
3244,NS(=O)(=O)c1cccc(Nc2nccc(Nc3cccc4[nH]ncc34)n2)c1,2.6
3245,NS(=O)(=O)c1cccc2c1c([N+](=O)[O-])cc1nc(O)c(O)nc12,0.36
3246,NS(=O)(=O)c1nc2ccccc2s1,1.35
3247,N[C@@H](CC(=O)N1CCn2c(nnc2C(F)(F)F)C1)Cc1cc(F)c(F)cc1F,0.31
3248,N[C@@H](Cc1c[nH]c2ccccc12)C(=O)O,-1.08
3249,N[C@@H](Cc1ccc(F)cc1)C(=O)O,-1.06
3250,N[C@@H]1CCCN(c2c(/C=C3\SC(=O)NC3=O)cccc2-c2ccncc2)C1,1.56
3251,N[C@@H]1CCCN(c2c(Cl)cccc2/C=C2\SC(=O)NC2=O)C1,1.97
3252,N[C@H](CNC(=O)c1cc2c(-c3ccccc3Cc3ccccc3)cccc2[nH]1)C(=O)O,3.25
3253,N[C@H](Cc1c[nH]c2ccccc12)C(=O)O,-0.92
3254,N[C@H]1CCN(c2c(Cl)cccc2/C=C2\SC(=O)NC2=O)C1,1.89
3255,Nc1[nH]nc2cccc(Cl)c12,1.92
3256,Nc1[nH]nc2ccccc12,1.0
3257,Nc1[nH]ncc1-c1cc(Cl)ccc1Oc1cc(F)c(S(=O)(=O)Nc2cscn2)cc1Cl,2.3
3258,Nc1[nH]ncc1S(=O)(=O)c1ccccc1,1.1
3259,Nc1c(-c2ccccc2)c(CN2CCOCC2)nn1-c1ccc(F)cc1,2.33
3260,Nc1c(C(=O)NC2CC2)nnc2c(-c3ncccn3)c(F)ccc12,1.59
3261,Nc1c(C(=O)NC2CC2)nnc2c(-c3ncccn3)cccc12,1.5
3262,Nc1c(C(=O)c2cccc(OC[C@@H](O)CO)c2)cnn1-c1ccc(F)cc1,1.91
3263,Nc1c(C(=O)c2cccc(OC[C@H](O)CO)c2)cnn1-c1ccc(F)cc1,1.94
3264,Nc1c2c(nc3c(-c4ncccn4)cccc13)CN(C1CCC1)C2=O,1.85
3265,Nc1c2c(nc3ccc(Br)cc13)N(c1ccccc1)CC2,3.12
3266,Nc1c2c(nc3ccccc13)CCCC2,0.38
3267,Nc1cc(-c2ccccc2)nc2ccccc12,2.2
3268,Nc1cc(-c2ccccc2)ncn1,1.91
3269,Nc1cc(C(=O)Nc2cccc(-c3nnn[nH]3)c2)cc(C(F)(F)F)c1,0.2
3270,Nc1cc(C(F)(F)F)c(-c2cc(N3CCOCC3)nc(N3CCOCC3)n2)cn1,2.7
3271,Nc1cc(N2CCCCC2)nc(N)[n+]1[O-],0.77
3272,Nc1cc2n[nH]c(=O)n2c2cc(-c3ccc[nH]3)ccc12,2.3
3273,Nc1cc2n[nH]c(=O)n2c2cc(-c3ccco3)ccc12,2.48
3274,Nc1cc2n[nH]c(=O)n2c2cc(-c3cccs3)ccc12,3.26
3275,Nc1cc2n[nH]c(=O)n2c2cc(-c3ccsc3)ccc12,3.18
3276,Nc1ccc(-c2nc3ccc(O)cc3s2)cc1,3.2
3277,Nc1ccc(C(=O)Nc2cccc(-c3nc(N4CCOCC4)c4oc5ncccc5c4n3)c2)cn1,3.44
3278,Nc1ccc(C2(c3ccc(N)cc3)CCCCC2)cc1,3.2
3279,Nc1ccc(Cl)c(-c2nc3ncccc3o2)c1,1.97
3280,Nc1ccc(Cl)c(C(=O)NCC23CC4CC(CC(C4)C2)C3)c1,3.45
3281,Nc1ccc(N=Nc2ccccc2)c(N)n1,3.22
3282,Nc1ccc(OCCc2ccccc2)cc1,2.71
3283,Nc1ccc(OCc2ccccc2)cc1,2.2
3284,Nc1ccc(S(=O)(=O)N2CCCC2)cc1,0.98
3285,Nc1ccc(S(=O)(=O)Nc2ccccn2)cc1,-0.01
3286,Nc1ccc(S(=O)(=O)Nc2nccs2)cc1,-0.37
3287,Nc1ccc(S(=O)(=O)c2ccc(N)cc2)cc1,0.88
3288,Nc1ccc2[nH]c(Cc3ccc(Oc4ccccc4)cc3)nc2c1,3.8
3289,Nc1ccc2c(c1)-c1ccccc1C(=O)C2=O,2.39
3290,Nc1ccc2c(c1)C(=O)C(=O)c1cc(N)ccc1-2,1.72
3291,Nc1ccc2c(c1)C(=O)C(=O)c1ccccc1-2,2.23
3292,Nc1ccc2c(c1)C(=O)c1ccccc1-2,2.9
3293,Nc1ccc2cccc(Nc3ncccn3)c2n1,2.7
3294,Nc1ccc2ccccc2n1,1.7
3295,Nc1ccc2cn[nH]c2c1,0.52
3296,Nc1ccc2nc(-c3ccc(O)cc3)sc2c1,3.1
3297,Nc1ccc2ncccc2c1,1.33
3298,Nc1ccc2ncnc(Nc3ccc(F)c(Cl)c3)c2c1,2.64
3299,Nc1cccc(C(=O)NCC23CC4CC(CC(C4)C2)C3)c1Cl,3.29
3300,Nc1cccc(CCc2ccc3cc[nH]c3c2)n1,2.8
3301,Nc1cccc(NC(=O)c2ccc(CNC(=O)OCc3cccnc3)cc2)c1,1.6
3302,Nc1cccc2c1-c1ccccc1C(=O)C2=O,2.31
3303,Nc1cccc2c1C(=O)C(=O)c1ccccc1-2,2.95
3304,Nc1cccc2c1C(=O)N(Cc1cccc(Cl)c1)C2=O,3.18
3305,Nc1ccccc1NC(=O)c1ccc(-c2ncc(CN3CCC3)cc2F)cc1,1.69
3306,Nc1ccccc1NC(=O)c1ccc(-c2ncc(CN3CCCCC3)s2)cc1,2.82
3307,Nc1ccccc1NC(=O)c1ccc(-c2nccs2)cc1,2.3
3308,Nc1ccccc1NC(=O)c1ccc(C2CCN(CCC(=O)Nc3ccccc3F)CC2)cc1,2.76
3309,Nc1ccccc1NC(=O)c1ccc(C2CCN(Cc3ccc(C(=O)NC4CC4)cc3)CC2)cc1,2.31
3310,Nc1ccccc1NC(=O)c1ccc(C2CCN(Cc3ccccc3)CC2)cc1,2.51
3311,Nc1ccccc1NC(=O)c1ccc(CNC(=O)OCc2cccnc2)cc1,1.26
3312,Nc1ccccc1NC(=O)c1ccc(CNc2nccc(-c3cccnc3)n2)cc1,2.28
3313,Nc1ccccc1NC(=O)c1ccc(N2CCOCC2)cc1,1.2
3314,Nc1ccccc1NC(=O)c1ccccn1,1.0
3315,Nc1ccccc1[N+](=O)[O-],-0.96
3316,Nc1ccn([C@@H]2O[C@H](CO)[C@@H](O)C2(F)F)c(=O)n1,-1.5
3317,Nc1ccnc(-c2cccnc2)n1,0.44
3318,Nc1n[nH]c(N)c1Cc1ccc2c(c1)OCO2,0.47
3319,Nc1n[nH]c(Nc2ccccc2)n1,1.06
3320,Nc1n[nH]c2c(Cl)cccc12,1.7
3321,Nc1n[nH]c2ncc3c(c12)CCCCCC3,2.54
3322,Nc1n[nH]c2nnc(-c3ccccc3)c(-c3ccccc3)c12,2.6
3323,Nc1n[nH]cc1-c1cc(C(F)(F)F)ccc1Oc1cc(F)c(S(=O)(=O)Nc2cscn2)cc1Cl,2.65
3324,Nc1nc(-c2ccc(Cl)cc2)cs1,3.31
3325,Nc1nc(-c2ccccc2)cs1,2.43
3326,Nc1nc(-c2ccccc2)nc2c1nc(O)n2Cc1ccccc1,4.16
3327,Nc1nc(-c2ccccc2)nn1Cc1ccccc1,1.91
3328,Nc1nc(-c2ccccc2)ns1,2.2
3329,Nc1nc(-c2ccccn2)nc(N)c1Cc1ccccc1F,2.12
3330,Nc1nc(CCc2cccc(Br)c2)cc(=O)[nH]1,2.52
3331,Nc1nc(CCc2ccccc2)cc(=O)[nH]1,1.4
3332,Nc1nc(Cl)nc(NCc2ccccc2)n1,2.26
3333,Nc1nc(N)c(-c2ccc(NC(=O)C3CC3)cc2)c(COCc2ccccc2)n1,2.46
3334,Nc1nc(N)c(C(=O)Nc2ccccn2)nc1Cl,2.67
3335,Nc1nc(N)c2cc(Br)ccc2n1,1.78
3336,Nc1nc(N)c2cc(NCc3ccc(Cl)c(Cl)c3)ccc2n1,2.22
3337,Nc1nc(N)c2nc(-c3ccccc3)c(N)nc2n1,1.16
3338,Nc1nc(N)c2nc(CO)cnc2n1,-0.45
3339,Nc1nc(N)nc(-c2ccc(Cl)cc2)n1,2.12
3340,Nc1nc(N)nc(-c2cccc(C(F)(F)F)c2)n1,2.4
3341,Nc1nc(NCc2ccccc2)nc2c1nc(O)n2Cc1ccccc1,3.69
3342,Nc1nc(Nc2ccc(F)c(Cl)c2)c2nc[nH]c2n1,2.75
3343,Nc1nc(Nc2ccc(S(N)(=O)=O)cc2)nn1C(=O)c1c(F)cccc1F,1.87
3344,Nc1nc(Nc2ccc3nc(-c4ccc(F)cc4)cc(N)c3c2)cc(-c2ccc(C(F)(F)F)cc2)n1,1.54
3345,Nc1nc(Nc2ccc3nc(-c4ccc(F)cc4)cc(N)c3c2)cc(-c2cccc(Cl)c2)n1,2.5
3346,Nc1nc(Nc2cccc(Br)c2)c2nc[nH]c2n1,3.04
3347,Nc1nc(O)cc(-c2ccc(O)cc2)n1,1.05
3348,Nc1nc(OC2CCCC2)nc2c1ncn2[C@@H]1O[C@H](CF)[C@@H](O)[C@H]1O,1.5
3349,Nc1nc(OC2CCCC2)nc2c1ncn2[C@@H]1O[C@H](CO)[C@@H](O)[C@H]1O,0.79
3350,Nc1nc(OC2CCCC2)nc2c1ncn2[C@@H]1O[C@H](CO)[C@H](Cl)[C@H]1O,2.16
3351,Nc1nc(OCc2nccs2)nc2c1ncn2[C@@H]1O[C@H](CF)[C@@H](O)[C@H]1O,0.47
3352,Nc1nc(SCc2ccccc2)nc2c1ncn2[C@@H]1O[C@H](CO)[C@@H](O)[C@H]1O,1.24
3353,Nc1nc2c(ncn2COCCO)c(=O)[nH]1,-1.42
3354,Nc1nc2cc3c(cc2s1)CCN(Cc1cccc(F)c1)CC3,3.3
3355,Nc1nc2cc3c(cc2s1)CCN(Cc1ccccc1)CC3,2.66
3356,Nc1nc2cc3c(cc2s1)CCN(Cc1cnc[nH]1)CC3,-0.12
3357,Nc1nc2ccc(-c3cccc(O)c3)cc2s1,3.1
3358,Nc1nc2ccc(C(=O)c3ccccc3)cc2[nH]1,2.29
3359,Nc1nc2ccc(Cl)cc2c2nc(-c3ccco3)nn12,3.98
3360,Nc1nc2ccc(F)cc2s1,2.2
3361,Nc1nc2ccc(OC(F)(F)F)cc2s1,3.34
3362,Nc1nc2ccccc2n1C(=O)c1ccccc1,1.56
3363,Nc1nc2ccccc2s1,2.0
3364,Nc1nc2nc(-c3cccs3)cc(C(F)(F)F)n2n1,2.01
3365,Nc1nc2nc(SCc3cccc(F)c3F)nc(O)c2s1,2.5
3366,Nc1nc2nc(SCc3ccccc3)nc(N)c2s1,3.1
3367,Nc1ncc(-c2ccc(F)cc2)[nH]1,1.39
3368,Nc1ncc(-c2ccc(S(=O)(=O)N3CCOCC3)cc2)nc1C(=O)Nc1cccnc1,2.83
3369,Nc1ncc(-c2cnn(C3CCN(C(=O)CO)CC3)c2)cc1-c1nc2ccccc2o1,3.2
3370,Nc1ncc(-c2cnn(C3CCNCC3)c2)cc1-c1nc2ccccc2o1,1.85
3371,Nc1ncc(-c2cnn(C3CCOCC3)c2)cc1-c1nc2ccccc2o1,4.0
3372,Nc1ncc(NC(=O)c2cc(NC(=O)c3cccc(C(F)(F)F)c3)ccc2Cl)cc1Cl,3.26
3373,Nc1ncc2cc(-c3c(Br)cccc3Br)c(N)nc2n1,2.06
3374,Nc1nccc(-c2c[nH]c3ccccc23)n1,1.68
3375,Nc1nccc(-c2cc3c([nH]2)[C@@H](CCF)CNC3=O)n1,0.51
3376,Nc1nccc(-c2cc3c([nH]2)[C@H](CCF)CNC3=O)n1,0.51
3377,Nc1nccc(-c2ccccc2)n1,2.0
3378,Nc1nccc(-c2cccs2)n1,1.75
3379,Nc1nccc(-n2ccc3ccccc32)n1,2.71
3380,Nc1nccc(/C=C/c2ccc(Cl)cc2)n1,3.5
3381,Nc1nccc2ccccc12,1.5
3382,Nc1ncccc1NCc1cccc(-c2cccnc2)c1,3.0
3383,Nc1ncnc(Nc2ccccc2)n1,1.4
3384,Nc1ncnc2[nH]ccc12,1.78
3385,Nc1ncnc2c1C(=O)N(c1ccc([C@H]3CC[C@H](CC(=O)O)CC3)cc1)CCO2,-0.5
3386,Nc1ncnc2c1c(COc1cccc(Cl)c1)nn2C1CCOCC1,3.17
3387,Nc1ncnc2c1nc(Sc1nc3cccc(Cl)c3s1)n2CCO,2.37
3388,Nc1ncnc2c1ncn2Cc1ccccc1,1.53
3389,Nc1ncnc2c1ncn2[C@@H]1O[C@H](CSCCCNC(=O)NCc2ccccc2)[C@@H](O)[C@H]1O,0.9
3390,Nc1ncnc2c1ncn2[C@@H]1O[C@H](CSCCCNC(=O)Nc2ccc(Cl)cc2)[C@@H](O)[C@H]1O,2.5
3391,Nc1ncnc2c1ncn2[C@@H]1O[C@H](CSCCCNC(=O)Nc2ccccc2)[C@@H](O)[C@H]1O,1.9
3392,Nc1ncnc2ccccc12,1.26
3393,Nc1ncnc2nc(-c3ccc(N4CCOCC4)nc3)cc(-c3cccc(Br)c3)c12,3.2
3394,Nc1ncnc2oc(-c3ccoc3)c(-c3ccco3)c12,3.1
3395,Nc1ncnc2sc(-c3c(-c4ccccc4)ncn3C[C@H]3CCCO3)nc12,2.65
3396,Nc1ncnc2sc(-c3c(-c4ccccc4)ncn3Cc3ccccc3N3CCOCC3)nc12,3.58
3397,Nc1ncnc2sccc12,1.19
3398,Nc1nnc(-c2cccc(Cl)c2Cl)c(N)n1,1.38
3399,Nc1nnc(-c2ccccc2)s1,1.8
3400,Nc1nnc(CCSCCc2nnc(N)s2)s1,-0.1
3401,Nc1nnc(CCSCCc2nnc(NC(=O)Cc3ccccc3)s2)s1,2.0
3402,Nc1nnc(Cc2ccc(Cl)cc2)s1,2.34
3403,Nc1nonc1/C(=N/O)Nc1ccc(F)c(Cl)c1,2.7
3404,Nc1sc2c(c1C(=O)NCc1ccccc1)CCCC2,3.52
3405,Nc1scc2c(C(=O)NC3CC3)nn(-c3ccc(F)cc3)c(=O)c12,2.8
3406,O=C(/C=C/Sc1nc[nH]n1)c1ccc(Cl)cc1,3.1
3407,O=C(/C=C/c1c(C(=O)O)[nH]c2cc(Cl)cc(Cl)c12)Nc1ccccc1,1.52
3408,O=C(C(=O)c1cc(Br)ccc1O)c1cc(Br)ccc1O,3.85
3409,O=C(C1CCCCC1)N1CC(=O)N2CCc3ccccc3C2C1,2.43
3410,O=C(C1CCN(c2nnc(-n3cccc3)s2)CC1)N1CCN(Cc2ccc3c(c2)OCO3)CC1,2.5
3411,O=C(C1CCN(c2nnc(-n3cccc3)s2)CC1)N1CCc2ccccc2C1,3.7
3412,O=C(CC12CC3CC(CC(C3)C1)C2)Nc1c(Cl)ccc2nc(CN3CCN(CCO)CC3)ccc12,2.93
3413,O=C(CC12CC3CC(CC(C3)C1)C2)Nc1ccc2[nH]ncc2c1,4.03
3414,O=C(CC12CC3CC(CC(C3)C1)C2)Nc1cccc2c(=O)n(C(CO)CO)ccc12,2.62
3415,O=C(CC12CC3CC(CC(C3)C1)C2)Nc1cccc2nc(NCCNCCO)ccc12,1.79
3416,O=C(CC12CC3CC(CC(C3)C1)C2)Nc1cccc2ncccc12,3.83
3417,O=C(CC1CCCCC1)Nc1c(Cl)ccc2nc(NCCCO)ccc12,3.29
3418,O=C(CC1CCCCCC1)Nc1cccc2c(=O)n([C@H]3CCNC3)ccc12,1.15
3419,O=C(CC1CCN(Cc2ccn(-c3ccc(C(F)(F)F)cc3)c2)CC1)N(CCCO)Cc1ccc(F)cc1,3.04
3420,O=C(CC1CCN(Cc2ccn(-c3ccc(C(F)(F)F)cc3)c2)CC1)NC(c1ccc(F)cc1)c1c[nH]c(=O)c(Cl)c1,3.12
3421,O=C(CC1CCN(Cc2ccn(-c3ccc(C(F)(F)F)cc3)c2)CC1)NC(c1ccc(F)cc1)c1ccc(=O)[nH]c1,3.04
3422,O=C(CCCN1CCC(O)(c2ccc(Cl)cc2)CC1)c1ccc(F)cc1,2.67
3423,O=C(CCCc1ccncc1)N1CCN(c2ccc(Cl)cc2Cl)CC1,3.93
3424,O=C(CCN1CCCCC1)Nc1ccc(-c2cccn3c(=O)cc(N4CCOCC4)nc23)c2sc3ccccc3c12,2.9
3425,O=C(CCS(=O)(=O)c1ccc(Br)cc1)NCc1ccc(F)cc1,3.1
3426,O=C(CCc1ccccc1)c1ccccc1,3.77
3427,O=C(CCc1ccccc1O)Nc1ccccc1,2.71
3428,O=C(CCc1ccncc1)Nc1ccc(C(=O)c2ccccc2)cc1,3.4
3429,O=C(CN1C(=O)C(NC(=O)c2cc3cc(Cl)sc3[nH]2)Cc2ccccc21)NC(CO)CO,2.61
3430,O=C(CN1C(=O)C(NC(=O)c2cc3cc(Cl)sc3[nH]2)Cc2ccccc21)NCCO,3.05
3431,O=C(CN1C(=O)C(NC(=O)c2cc3cc(Cl)sc3[nH]2)Cc2ccccc21)NO,2.4
3432,O=C(CN1C2=NCCN2c2ccccc21)c1ccc(Cl)cc1,2.62
3433,O=C(CN1CCOCC1)Nc1ccc(-c2cccc3c(=O)cc(N4CCOCC4)oc23)cc1-c1ccccc1,3.4
3434,O=C(CN1CCOCC1)Nc1ccc(-c2cccc3c(=O)cc(N4CCOCC4)oc23)cc1O,2.4
3435,O=C(CN1CCOCC1)Nc1ccc(-c2cccc3c(=O)cc(N4CCOCC4)oc23)cc1OCC1CC1,3.3
3436,O=C(CO)N1CCC(c2[nH]nc(-c3ccc(Cl)cc3F)c2-c2ccncn2)CC1,1.79
3437,O=C(CO)N1CCC(c2n[nH]c(-c3ccc(Cl)cc3)c2-c2ccncn2)CC1,1.85
3438,O=C(CO)N1CCC[C@@H]1COc1cccc2ncnc(Nc3ccc(OCc4ccccn4)c(Cl)c3)c12,3.71
3439,O=C(CO)N1CCC[C@H]1COc1cccc2ncnc(Nc3ccc(OCc4ccccn4)c(Cl)c3)c12,3.62
3440,O=C(COCc1ccccc1)Nc1ccc2c(c1)C(=O)C(=O)c1ccccc1-2,3.21
3441,O=C(COCc1ccccn1)N1CCN(c2ccc(Cl)cc2Cl)CC1,3.47
3442,O=C(COCc1ccncc1)N1CCC(F)(c2ccc(Cl)cc2)CC1,3.03
3443,O=C(COCc1ccncc1)N1CCC(c2ccc(Cl)cc2)CC1,2.74
3444,O=C(COCc1ccncc1)N1CCC(c2ccc(Cl)cc2Cl)CC1,2.63
3445,O=C(COCc1ccncc1)N1CCC(c2ccc(F)cc2Cl)CC1,2.7
3446,O=C(COCc1ccncc1)N1CCN(c2ccc(Cl)cc2Cl)CC1,3.38
3447,O=C(COCc1ccncc1)N1CCN(c2ccc(Cl)cc2F)CC1,2.55
3448,O=C(COCc1ccncc1)N1CCN(c2ccc(F)cc2Cl)CC1,2.63
3449,O=C(COCc1cscn1)N1CCN(c2ccc(Cl)cc2Cl)CC1,3.07
3450,O=C(COc1ccc(OCCNCC(O)COc2ccccc2)cc1)NCCO,0.42
3451,O=C(COc1ccc(SCCCCCc2ccccc2)cc1)COc1ccc(C(=O)O)cc1,3.63
3452,O=C(COc1ccccc1)N1CCOCC1,0.75
3453,O=C(COc1ccccc1)c1ccccc1,2.87
3454,O=C(COc1ccccc1O)NC1CCCC1,2.31
3455,O=C(CS(=O)(=O)c1ccccc1)c1ccccc1,1.86
3456,O=C(CSc1ccccc1)N1CCN(C(=O)c2ccco2)CC1,1.6
3457,O=C(CSc1ccccc1)N1CCN(c2ccccc2)CC1,3.2
3458,O=C(CSc1ccncc1)Nc1ccc(C(=O)c2ccccc2)cc1,3.6
3459,O=C(CSc1nc2c(c(=O)n1-c1ccccc1)SCC2)Nc1ncc(-c2ccccc2)s1,3.95
3460,O=C(CSc1nccn(-c2ccc(F)c(F)c2)c1=O)NC1CCCC1,2.0
3461,O=C(Cc1c(C(=O)O)[nH]c2ccccc12)Nc1cccc(C(F)(F)F)c1,1.33
3462,O=C(Cc1cc(Nc2ncnc3cc(OCCCN4CCC[C@@H]4CO)ccc23)n[nH]1)Nc1cccc(F)c1F,2.06
3463,O=C(Cc1ccc(Cl)c(C(F)(F)F)c1)Nc1cccc2c(=O)n(CCO)ccc12,3.36
3464,O=C(Cc1ccc(F)c(C(F)(F)F)c1)Nc1cccc2c(=O)n([C@@H]3CNC[C@H]3O)ccc12,1.33
3465,O=C(Cc1ccc(O)cc1)c1ccc(O)cc1O,2.54
3466,O=C(Cc1ccc(OCc2ccccc2)cc1)NO,1.92
3467,O=C(Cc1ccc(Oc2ccccc2)cc1)NO,2.03
3468,O=C(Cc1ccc2c(n1)NCCC2)Nc1ccc(C[C@H](NC(=O)c2c(Cl)cccc2Cl)C(=O)O)cc1,-0.63
3469,O=C(Cc1cccc2ccccc12)Nc1ccccc1,3.9
3470,O=C(Cc1ccccc1)Nc1nccs1,2.5
3471,O=C(Cc1ccccc1)c1ccc(O)cc1O,3.09
3472,O=C(Cc1ccccn1)c1ccc(Cl)cc1,2.96
3473,O=C(Cn1cnc2ccccc21)c1ccc(Br)cc1,3.22
3474,O=C(N1CCN(c2ccncc2Cl)CC1)N1CCN(S(=O)(=O)c2ccc(C(F)(F)F)cc2)CC1,3.54
3475,O=C(NC1CC1)c1cc(-c2cccs2)on1,2.54
3476,O=C(NC1CCCC1)C(c1ccncc1)N(Cc1ccco1)C(=O)c1ccc(-c2ccccc2)[nH]1,4.36
3477,O=C(NC1CCCCC1)C1CCCN(S(=O)(=O)c2cccs2)C1,2.93
3478,O=C(NC1CCCCC1)N1CCN(c2ccccc2Cl)CC1,3.78
3479,O=C(NC1CCCCC1)c1cccnc1Sc1ccccc1,3.01
3480,O=C(NC1CCCS(=O)(=O)C1)c1ccc(Oc2ccc(C#C[C@]3(O)CN4CCC3CC4)cc2)cc1,1.4
3481,O=C(NC1CCS(=O)(=O)C1)c1ccc(Oc2ccc(C#C[C@]3(O)CN4CCC3CC4)cc2)cc1,1.64
3482,O=C(NC1Cc2ccccc2N(CC(=O)N2CCC(O)CC2)C1=O)c1cc2cc(Cl)sc2[nH]1,2.86
3483,O=C(NC1Cc2ccccc2N(CC(CO)CO)C1=O)c1cc2cc(Cl)ccc2[nH]1,3.64
3484,O=C(NC1Cc2ccccc2N(CC(CO)CO)C1=O)c1cc2cc(Cl)sc2[nH]1,3.56
3485,O=C(NC1Cc2ccccc2N(CCCO)C1=O)c1cc2cc(Cl)sc2[nH]1,3.49
3486,O=C(NC1Cc2ccccc2N(CCO)C1=O)c1cc2cc(Cl)sc2[nH]1,3.05
3487,O=C(NC1Cc2ccccc2N(C[C@@H](O)CO)C1=O)c1cc2cc(Cl)ccc2[nH]1,3.4
3488,O=C(NC1Cc2ccccc2N(C[C@@H](O)CO)C1=O)c1cc2cc(Cl)sc2[nH]1,3.37
3489,O=C(NCC(=O)N(CCO)c1ccccc1)c1cc2cc(Cl)ccc2[nH]1,3.37
3490,O=C(NCC1(O)CCCCCC1)c1cc(-c2ccccc2C(=O)O)ccc1Cl,-0.34
3491,O=C(NCC1(O)CCCCCC1)c1cc(-n2ncc(=O)[nH]c2=O)ccc1Cl,0.26
3492,O=C(NCC12CC3CC(CC(C3)C1)C2)c1c(Cl)ccc2nc(N3CCC[C@H](NCCc4nnn[nH]4)C3)ccc12,3.08
3493,O=C(NCC12CC3CC(CC(C3)C1)C2)c1cc(-n2ncc(=O)[nH]c2=O)ccc1Cl,2.1
3494,O=C(NCC12CC3CC(CC(C3)C1)C2)c1cc(C2CCNCC2)ccc1Cl,1.58
3495,O=C(NCC12CC3CC(CC(C3)C1)C2)c1cc(CC2CCNCC2)ccc1Cl,1.49
3496,O=C(NCC12CC3CC(CC(C3)C1)C2)c1cc(CN2CC3CNCC(C2)O3)ccc1Cl,1.55
3497,O=C(NCC12CC3CC(CC(C3)C1)C2)c1cc(CN2CCNCC2)ccc1Cl,1.84
3498,O=C(NCC12CC3CC(CC(C3)C1)C2)c1cc(CN2C[C@@H]3C[C@H]2CN3)ccc1Cl,1.45
3499,O=C(NCC12CC3CC(CC(C3)C1)C2)c1cc(N2CCNCC2)ccc1Cl,1.77
3500,O=C(NCC12CC3CC(CC(C3)C1)C2)c1cc(N2CCNCC2)ncc1Cl,2.09
3501,O=C(NCC12CC3CC(CC(C3)C1)C2)c1cc(OC2CCNCC2)ccc1Cl,1.83
3502,O=C(NCC12CC3CC(CC(C3)C1)C2)c1cc(OC2CCNCC2)ncc1Cl,1.56
3503,O=C(NCC12CC3CC(CC(C3)C1)C2)c1cc(OCCCNCCCO)ccc1Cl,1.41
3504,O=C(NCC12CC3CC(CC(C3)C1)C2)c1cc(O[C@H]2CCCNC2)ccc1Cl,2.18
3505,O=C(NCC12CC3CC(CC(C3)C1)C2)c1cccc(Cl)c1Cl,4.37
3506,O=C(NCC12CC3CC(CC(C3)C1)C2)c1ccccc1,4.21
3507,O=C(NCC12CC3CC(CC(C3)C1)C2)c1ccccc1Br,4.15
3508,O=C(NCC12CC3CC(CC(C3)C1)C2)c1ccccc1Cl,4.05
3509,O=C(NCC12CC3CC(CC(C3)C1)C2)c1ccnc(N2CCNCC2)c1Cl,1.77
3510,O=C(NCC12CC3CC(CC(C3)C1)C2)c1ccnc(NCC2CCNCC2)c1Cl,0.6
3511,O=C(NCC1CCCCC1)c1c(Cl)ccc2ncccc12,2.65
3512,O=C(NCC1CCCCC1)c1cc(-n2ncc(=O)[nH]c2=O)ccc1Cl,1.26
3513,O=C(NCC1CCCCCC1)c1cc(-c2cccnc2N2CCC(C(=O)O)CC2)ccc1Cl,2.53
3514,O=C(NCC1CCCCN1)c1cc(OCC(F)(F)F)ccc1OCC(F)(F)F,1.13
3515,O=C(NCC1CCOCC1)c1nc(OS(=O)(=O)CCC(F)(F)F)ccc1NC(=O)c1ccc(Cn2ccnn2)c2ccccc12,4.2
3516,O=C(NCC1CCOCC1)c1ncccc1NC(=O)c1cccc2ccccc12,4.4
3517,O=C(NCCCCCCNCCc1ccc(O)c2nc(O)sc12)Nc1ccccc1,1.26
3518,O=C(NCCCCc1ccccc1)c1ccccc1,3.8
3519,O=C(NCCCN1CCCCC1)C(c1ccccc1)c1ccccc1,1.33
3520,O=C(NCCCNc1nc(Nc2cccc(NC(=O)N3CCCC3)c2)ncc1Br)c1cccs1,4.13
3521,O=C(NCCN1CCCC1)c1ccc(Nc2ncc3cc(-c4ccncc4)ccc3n2)cc1,2.39
3522,O=C(NCCNC(=O)c1cn(-c2ccccc2)nc1C(F)(F)F)c1ccc(Cl)cn1,3.8
3523,O=C(NCCSCc1ccccc1)c1ccccc1,3.3
3524,O=C(NCCc1ccccc1)c1cc(-n2ncc(=O)[nH]c2=O)ccc1Cl,0.74
3525,O=C(NCCc1ccccc1Cl)c1cc(-n2ncc(=O)[nH]c2=O)ccc1Cl,1.29
3526,O=C(NC[C@@H](O)CN1CCC(Oc2ccc(Cl)c(Cl)c2)CC1)c1c[nH]c(=O)c2c(F)cccc12,3.15
3527,O=C(NC[C@@H](O)CN1CCC(Oc2ccc(Cl)c(Cl)c2)CC1)c1c[nH]c(=O)c2cc(S(=O)(=O)N3CCC3)ccc12,3.02
3528,O=C(NC[C@@H](O)CN1CCC(Oc2ccc(Cl)c(Cl)c2)CC1)c1c[nH]c(=O)c2cc(S(=O)(=O)NC3CC3)ccc12,3.67
3529,O=C(NC[C@@H](O)CN1CCC(Oc2ccc(Cl)c(Cl)c2)CC1)c1c[nH]c(=O)c2cc(S(=O)(=O)NCCO)ccc12,2.06
3530,O=C(NC[C@@H](O)CN1CCC(Oc2ccc(Cl)c(Cl)c2)CC1)c1c[nH]c(=O)c2ccc(F)cc12,3.93
3531,O=C(NC[C@@H](O)CN1CCC(Oc2ccc(Cl)c(Cl)c2)CC1)c1c[nH]c(=O)c2ccccc12,3.42
3532,O=C(NC[C@@H](O)CN1CCC(Oc2ccc(Cl)c(Cl)c2)CC1)c1c[nH]c(=O)cc1C(F)(F)F,2.71
3533,O=C(NC[C@@H](O)CN1CCC(Oc2ccc(Cl)c(Cl)c2)CC1)c1c[nH]c2ccccc12,3.91
3534,O=C(NC[C@@H](O)CN1CCC(Oc2ccc(Cl)c(Cl)c2)CC1)c1c[nH]nc1C(F)(F)F,3.34
3535,O=C(NC[C@@H](O)CN1CCC(Oc2ccc(Cl)c(Cl)c2)CC1)c1c[nH]nc1C1CC1,3.15
3536,O=C(NC[C@@H](O)CN1CCC(Oc2ccc(Cl)c(Cl)c2)CC1)c1cc(=O)[nH]c2ccccc12,3.48
3537,O=C(NC[C@@H](O)CN1CCC(Oc2ccc(Cl)c(Cl)c2)CC1)c1cn2cc(F)ccc2n1,3.33
3538,O=C(NC[C@@H](O)CN1CCC(Oc2ccc(Cl)c(Cl)c2)CC1)c1cnnc2ccccc12,3.28
3539,O=C(NC[C@@H](O)CN1CCC(Oc2ccc(Cl)c(Cl)c2)CC1)c1n[nH]c(=O)c2ccccc12,3.69
3540,O=C(NC[C@@H](O)CN1CCC(Oc2ccc(Cl)c(Cl)c2)CC1)c1n[nH]c2ccccc12,2.95
3541,O=C(NC[C@@H](O)CN1CCC(Oc2ccc(Cl)c(Cl)c2)CC1)n1c(=O)[nH]c2ccccc21,4.46
3542,O=C(NCc1ccc(OC(F)(F)F)cc1)C1c2ccccc2C(=O)N1CC1CC(F)(F)C1,3.9
3543,O=C(NCc1ccccc1)c1cccnc1Oc1ccccc1,3.0
3544,O=C(NCc1ccccc1Cl)c1ccccc1Oc1ccccc1,3.58
3545,O=C(NCc1ccccc1Cl)c1cccnc1Oc1ccccc1,3.68
3546,O=C(NCc1ccccn1)c1ccc(Oc2ccccc2)cc1,2.7
3547,O=C(NCc1ccco1)c1ccc2[nH]c(COc3ccc(C45CC6CC(CC(C6)C4)C5)cc3)nc2c1,4.0
3548,O=C(NCc1ccnc2ccccc12)c1ccc(Oc2ccc(C#C[C@]3(O)CN4CCC3CC4)cc2)cc1,3.88
3549,O=C(NCc1ccncc1)c1ccc(Oc2ccc(C#CC3(O)CN4CCC3CC4)cc2)cc1,2.48
3550,O=C(NCc1ccncc1)c1ccc(Oc2ccc(C#C[C@@]3(O)CN4CCC3CC4)cc2)cc1,2.31
3551,O=C(NCc1ccncc1)c1ccc(Oc2ccc(C#C[C@]3(O)CN4CCC3CC4)cc2)cc1,2.42
3552,O=C(NCc1ccncc1)c1ccc(Oc2ccccc2)cc1,3.26
3553,O=C(NCc1ccncn1)c1ccc(Oc2ccc(C#C[C@@]3(O)CN4CCC3CC4)cc2)cc1,1.77
3554,O=C(NCc1ccncn1)c1ccc(Oc2ccc(C#C[C@]3(O)CN4CCC3CC4)cc2)cc1,1.78
3555,O=C(NCc1ccncn1)c1ccc(Oc2ccc(CCC3(O)CN4CCC3CC4)cc2)cc1,0.76
3556,O=C(NNc1cccc(Cl)c1)c1cccnc1Cl,1.87
3557,O=C(NO)C1COC(c2ccc(F)c(C(F)(F)F)c2)=N1,1.53
3558,O=C(NO)[C@@H](Cc1ccc2ccccc2c1)NS(=O)(=O)c1ccc2ccccc2c1,3.23
3559,O=C(NO)c1ccc(NS(=O)(=O)c2ccccc2)cc1,0.75
3560,O=C(NS(=O)(=O)Cc1ccccc1)N1CCC(N2CCC(Oc3ccc(Cl)c(Cl)c3)CC2)CC1,2.13
3561,O=C(NS(=O)(=O)N1CCC(N2CCC(Oc3ccc(Cl)c(Cl)c3)CC2)CC1)c1ccccc1,2.14
3562,O=C(NS(=O)(=O)c1ccc(Cl)cc1)N1CCC(N2CCC(Oc3ccc(Cl)c(Cl)c3)CC2)CC1,2.59
3563,O=C(NS(=O)(=O)c1ccc(F)cc1)N1CCC(N2CCC(Oc3ccc(Cl)c(Cl)c3)CC2)CC1,1.79
3564,O=C(NS(=O)(=O)c1ccc(NCCSc2ccccc2)c([N+](=O)[O-])c1)c1ccc(N2CCNCC2)cc1,-0.04
3565,O=C(NS(=O)(=O)c1cccc(C(F)(F)F)c1)N1CCC(N2CCC(Oc3ccc(Cl)c(Cl)c3)CC2)CC1,2.94
3566,O=C(NS(=O)(=O)c1cccc(Cl)c1)N1CCC(N2CCC(Oc3ccc(Cl)c(Cl)c3)CC2)CC1,2.62
3567,O=C(NS(=O)(=O)c1ccccc1)N1CCC(N2CCC(Oc3ccc(Cl)c(Cl)c3)CC2)CC1,1.5
3568,O=C(NS(=O)(=O)c1ccccc1Cl)N1CCC(N2CCC(Oc3ccc(Cl)c(Cl)c3)CC2)CC1,1.93
3569,O=C(N[C@@H](Cc1ccc(C#CCCNc2ccccn2)cc1)C(=O)O)c1c(Cl)cccc1Cl,0.27
3570,O=C(N[C@@H](Cc1ccc(CCCCNc2ccccn2)cc1)C(=O)O)c1c(Cl)cccc1Cl,0.51
3571,O=C(N[C@@H](Cc1ccc(N2CCN(c3ccccc3)CC2)cc1)C(=O)O)c1c(Cl)cccc1Cl,0.08
3572,O=C(N[C@@H](Cc1ccc(OCCCNc2ccccn2)cc1)C(=O)O)c1c(Cl)cccc1Cl,-0.22
3573,O=C(N[C@@H](Cc1ccc(OCCNc2ccccn2)cc1)C(=O)O)c1c(Cl)cccc1Cl,-0.48
3574,O=C(N[C@@H](Cc1ccc(OCCNc2nc3ccccc3[nH]2)cc1)C(=O)O)c1c(Cl)cccc1Cl,0.6
3575,O=C(N[C@@H](Cc1ccc(OCCc2ccc3c(n2)NCCC3)cc1)C(=O)O)c1c(Cl)cccc1Cl,0.33
3576,O=C(N[C@@H](Cc1ccc(OCCc2ccc3c(n2)NCCO3)cc1)C(=O)O)c1c(Cl)cccc1Cl,-0.18
3577,O=C(N[C@@H](Cc1cccc(OCCCNc2ccccn2)c1)C(=O)O)c1c(Cl)cccc1Cl,0.16
3578,O=C(N[C@@H](Cc1ccccc1)C(=O)N1CCC(O)CC1)c1cc2cc(Cl)ccc2[nH]1,3.6
3579,O=C(N[C@@H](Cc1ccccc1)[C@@H](O)C(=O)N1C[C@@H](O)[C@@H](O)C1)c1cc2cc(Cl)ccc2[nH]1,2.8
3580,O=C(N[C@@H](c1ccccc1)[C@@H]1CCCCN1)c1cccc(C(F)(F)F)c1Cl,2.61
3581,O=C(N[C@@H]1CN2CCC1CC2)c1ccc(-c2ccccc2)s1,1.77
3582,O=C(N[C@@H]1Cc2ccccc2N(C[C@@H](O)CO)C1=O)c1cc2cc(Cl)sc2[nH]1,3.27
3583,O=C(N[C@H](CO)[C@H](O)c1ccc([N+](=O)[O-])cc1)C(Cl)Cl,1.15
3584,O=C(N[C@H]1CN2CCC1CC2)c1ccc(-c2ccccc2)s1,1.9
3585,O=C(N[C@H]1CN2CCC1CC2)c1ccc(-c2ccccn2)s1,0.7
3586,O=C(N[C@H]1CN2CCC1CC2)c1ccc(Cl)cc1,0.6
3587,O=C(N[C@H]1Cc2ccccc2N(C[C@@H](O)CO)C1=O)c1cc2cc(Cl)sc2[nH]1,3.3
3588,O=C(N[C@H]1Cc2ccccc2N(C[C@H](O)CO)C1=O)c1cc2cc(Cl)sc2[nH]1,3.27
3589,O=C(Nc1c(Cl)cncc1Cl)c1ccc(OC(F)F)c(OCC2CC2)c1,3.95
3590,O=C(Nc1c[nH]nc1-c1nc2ccc(CN3CCOCC3)cc2[nH]1)NC1CC1,2.3
3591,O=C(Nc1cc(-c2ccnc(Nc3ccccc3)c2)ccn1)C1CCOCC1,3.7
3592,O=C(Nc1cc(-c2ccncc2)c[nH]c1=O)[C@H](Cc1ccccc1)NC1(c2ccccn2)CC1,3.44
3593,O=C(Nc1cc(C(F)(F)F)cc(C(F)(F)F)c1)c1cnc(Cl)nc1C(F)(F)F,1.8
3594,O=C(Nc1ccc(C(F)(F)F)c(Cl)c1)N1CCN(C[C@@H]2CCCN(C3CC3)C2)CC1,4.06
3595,O=C(Nc1ccc(CCO)cc1)c1cc2cc(Cl)ccc2[nH]1,3.85
3596,O=C(Nc1ccc(Cl)c(Cl)c1)N1CCN(C[C@@H]2CCCN(C3CC3)C2)CC1,3.57
3597,O=C(Nc1ccc(Cl)c(Cl)c1)N1CCN(C[C@@H]2CCCN(CC3CC3)C2)CC1,2.54
3598,O=C(Nc1ccc(Cl)c(Cl)c1)N1CCN(C[C@@H]2CCCN(Cc3ccccc3)C2)CC1,4.26
3599,O=C(Nc1ccc(Cl)c(Cl)c1)N1CCN(C[C@H]2CN(C3CC3)CCO2)CC1,3.32
3600,O=C(Nc1ccc(Cl)c(S(=O)(=O)N2CCNCC2)c1O)Nc1cccc(F)c1Cl,2.6
3601,O=C(Nc1ccc(Cl)nc1)c1ccc(F)c(Cl)c1,3.64
3602,O=C(Nc1ccc(Cl)nc1)c1ccc(F)c(F)c1,3.31
3603,O=C(Nc1ccc(F)cc1)c1ccc(Cl)[n+]([O-])c1,1.38
3604,O=C(Nc1ccc(F)cc1)c1cccnc1Oc1ccccc1,3.19
3605,O=C(Nc1ccc(F)cc1F)c1cc(Cl)ccc1O,3.6
3606,O=C(Nc1ccc(N2CCNCC2)cc1)c1ccc(-c2ccc(Cl)cc2)o1,2.4
3607,O=C(Nc1ccc(N2CCOCC2)c(F)c1)c1nnc(Nc2ccccc2F)o1,3.6
3608,O=C(Nc1ccc(N2CCOCC2)cc1)c1nnc(NC(=O)C2(c3ccc(Cl)cc3)CCC2)o1,3.2
3609,O=C(Nc1ccc(N2CCOCC2)cc1)c1nnc(NC(=O)C2(c3ccc(Cl)cc3)CCCC2)o1,3.72
3610,O=C(Nc1ccc(N2CCOCC2)cc1)c1nnc(Nc2ccccc2)o1,3.15
3611,O=C(Nc1ccc(N2CCOCC2)cc1)c1nnc(Nc2ccccc2F)o1,3.05
3612,O=C(Nc1ccc(N2CCOCC2)cn1)c1nnc(Nc2ccccc2F)o1,2.4
3613,O=C(Nc1ccc(N2CCOCC2)nc1)c1nnc(Nc2ccc(F)c(F)c2)o1,2.9
3614,O=C(Nc1ccc(N2CCOCC2)nc1)c1nnc(Nc2ccc(F)cc2)o1,3.0
3615,O=C(Nc1ccc(N2CCOCC2)nc1)c1nnc(Nc2cccc(F)c2)o1,3.2
3616,O=C(Nc1ccc(N2CCOCC2)nc1)c1nnc(Nc2cccc(OCc3ccccn3)c2)o1,3.1
3617,O=C(Nc1ccc(N2CCOCC2)nc1)c1nnc(Nc2cccc(OCc3cccnc3)c2)o1,3.3
3618,O=C(Nc1ccc(N2CCOCC2)nc1)c1nnc(Nc2ccccc2)o1,2.9
3619,O=C(Nc1ccc(Nc2ccc(NC(=O)c3ccccc3)c3c2C(=O)c2ccccc2C3=O)c2c1C(=O)c1ccccc1C2=O)c1ccccc1,2.63
3620,O=C(Nc1ccc(O)cc1)c1ccc(O)cc1,1.5
3621,O=C(Nc1ccc(Oc2cccnc2)nc1)c1nnc(Nc2ccccc2F)o1,3.1
3622,O=C(Nc1ccc(S(=O)(=O)N2CCOCC2)cc1)c1cc(Cl)ccc1NS(=O)(=O)c1ccc(Cl)s1,3.02
3623,O=C(Nc1ccc([N+](=O)[O-])cc1O)Nc1ccccc1Br,3.9
3624,O=C(Nc1cccc(-c2nnn[nH]2)c1)c1cc(C(F)(F)F)cc2[nH]cnc12,1.1
3625,O=C(Nc1cccc(-c2nnn[nH]2)c1)c1cc(F)cc2[nH]cnc12,0.29
3626,O=C(Nc1cccc(-c2nnn[nH]2)c1)c1cc(O)cc(C(F)(F)F)c1,0.8
3627,O=C(Nc1cccc(-c2nnn[nH]2)c1)c1cccc2[nH]cnc12,-0.05
3628,O=C(Nc1cccc(CCO)c1)c1cc2cc(Cl)ccc2[nH]1,3.83
3629,O=C(Nc1cccc(Cl)c1)N1CCN(C[C@@H]2CCCN(C3CC3)C2)CC1,2.74
3630,O=C(Nc1cccc(Cl)c1)c1ccccn1,3.4
3631,O=C(Nc1cccc(NC(=O)c2ccccc2)n1)c1ccccc1,4.02
3632,O=C(Nc1cccc(O)c1)c1ccc(OCCCN2CCCC2)cc1OCc1ccc(F)cc1,3.2
3633,O=C(Nc1cccc(O)c1)c1ccc(OCCCN2CCCC2)cc1OCc1cccc(F)c1,3.15
3634,O=C(Nc1cccc(O)c1)c1ccc(OCCCN2CCCC2)cc1OCc1ccccc1,3.07
3635,O=C(Nc1cccc(O)c1)c1ccc(OCCCN2CCCC2)cc1OCc1ccccn1,1.78
3636,O=C(Nc1cccc(O)c1)c1ccc(OCCCN2CCCC2)cc1OCc1cccnc1,1.59
3637,O=C(Nc1cccc(O)c1)c1ccc(OCCCN2CCCC2)cc1OCc1cscn1,1.56
3638,O=C(Nc1cccc([C@@H](c2ccc(C(=O)N3CCC3)cc2)N2CCN(Cc3ccc(F)cc3)CC2)c1)C1CC1,3.58
3639,O=C(Nc1cccc2cccnc12)c1ccc(N2C(=O)[C@@H]3[C@H](C2=O)[C@@H]2C=C[C@H]3C2)cc1,3.28
3640,O=C(Nc1ccccc1)N1CCOCC1,1.0
3641,O=C(Nc1ccccc1)Nc1ccccc1C(=O)O,-0.12
3642,O=C(Nc1ccccc1)c1cc(Cl)ccc1O,2.9
3643,O=C(Nc1ccccc1)c1cc2ccccc2o1,3.44
3644,O=C(Nc1ccccc1)c1ccc(OCCCN2CCCC2)cc1OCc1cccc(F)c1,3.67
3645,O=C(Nc1ccccc1)c1ccc(OCCCN2CCCC2)cc1OCc1ccccc1F,3.85
3646,O=C(Nc1ccccc1)c1ccccc1,2.8
3647,O=C(Nc1ccccc1-c1ccccc1)OC1CCN(CCCCCCCCCNC[C@H](O)c2ccc(O)c3[nH]c(=O)ccc23)CC1,2.16
3648,O=C(Nc1ccccc1Cl)c1cc[nH]n1,2.58
3649,O=C(Nc1ccccc1F)NC1N=C(c2ccccc2)c2ccccc2NC1=O,3.8
3650,O=C(Nc1ccccc1F)N[C@H]1N=C(c2ccccc2)c2ccccc2NC1=O,4.0
3651,O=C(Nc1ccccc1O)c1cc([N+](=O)[O-])ccc1Cl,2.49
3652,O=C(Nc1ccccn1)c1ccc2[nH]c(-c3ccc(NC(=O)C45CC6CC(CC(C6)C4)C5)cc3)nc2c1,4.24
3653,O=C(Nc1ccccn1)c1ccccc1,2.2
3654,O=C(Nc1ccncc1)c1cccc2ccccc12,3.1
3655,O=C(Nc1nc(-c2ccccc2)cs1)c1cccnc1,3.62
3656,O=C(Nc1nc2c(=O)[nH]cnc2s1)c1ccccc1,1.94
3657,O=C(Nc1nc2ccccc2n1CCCO)c1cccc([N+](=O)[O-])c1,3.0
3658,O=C(Nc1nc2ccccc2n1CCN1CCOCC1)c1cccc([N+](=O)[O-])c1,3.3
3659,O=C(Nc1ncc(F)s1)C(CC1CCOCC1)c1ccc(S(=O)(=O)C2CC2)cc1,3.3
3660,O=C(Nc1ncc(F)s1)[C@H](CC1CCOCC1)c1ccc(S(=O)(=O)C2CC2)cc1,3.19
3661,O=C(Nc1nccs1)[C@H](CC1CCOCC1)c1ccc(S(=O)(=O)C2CC2)cc1,2.55
3662,O=C(Nc1nccs1)c1ccccc1,2.43
3663,O=C(Nc1nccs1)c1cccnc1,2.25
3664,O=C(Nc1nnc(C(=O)Nc2ccc(N3CCOCC3)cc2)o1)c1ccc(Cl)cc1,1.92
3665,O=C(Nc1nnc(C(=O)Nc2ccc(N3CCOCC3)cc2)o1)c1ccccc1,1.02
3666,O=C(Nc1nnn[nH]1)c1cc(Oc2ccccc2)c2ccccn2c1=O,0.67
3667,O=C(O)/C=C/c1cccc(-c2cnc3[nH]ccc3c2)c1,0.58
3668,O=C(O)C(c1ccccc1)N1CCC(CN2CCC(Oc3ccc(Cl)c(Cl)c3)CC2)CC1,2.17
3669,O=C(O)C(c1ccccc1)N1CCC(N2CCC(Oc3ccc(Cl)c(Cl)c3)CC2)CC1,2.23
3670,O=C(O)C(c1ccccc1)N1CCCC(CN2CCC(Oc3ccc(Cl)c(Cl)c3)CC2)C1,2.6
3671,O=C(O)C(c1ccccc1)N1CCO[C@@H](CN2CCC(Oc3ccc(Cl)c(Cl)c3)CC2)C1,1.71
3672,O=C(O)C1Cc2c([nH]c3ccccc23)C(c2ccccc2)N1,0.78
3673,O=C(O)CC(=O)N[C@@H]1c2ccccc2C[C@H]1NC(=O)c1cc2sc(Cl)c(Cl)c2[nH]1,1.18
3674,O=C(O)CCC(=O)N1CCC(c2nc(-c3cccs3)no2)CC1,-1.27
3675,O=C(O)CCC(=O)c1ccc(-c2ccccc2)cc1,0.58
3676,O=C(O)CCCCn1nnc(-c2ccc(C(=O)N3CCC(N4CCC(Oc5ccc(Cl)c(Cl)c5)CC4)CC3)cc2)n1,1.6
3677,O=C(O)CCCS(=O)(=O)c1cccc(C(=O)N2CCC(N3CCC(Oc4ccc(Cl)c(Cl)c4)CC3)CC2)c1,0.66
3678,O=C(O)CCC[C@@H]1c2ccccc2C[C@H]1NC(=O)c1cc2cc(F)ccc2[nH]1,1.95
3679,O=C(O)CCCc1ccc(N(CCCl)CCCl)cc1,1.47
3680,O=C(O)CC[C@@H]1c2ccccc2C[C@H]1NC(=O)c1cc2sc(Cl)c(Cl)c2[nH]1,2.84
3681,O=C(O)CCc1ccc(NCc2cccc(Oc3ccccc3)c2)cc1,2.1
3682,O=C(O)CCc1ccc(OCc2cc(Cl)ccc2-c2ccccc2)cc1,3.22
3683,O=C(O)CCc1ccc(OCc2cccc(Br)c2)cc1,1.67
3684,O=C(O)CCc1ccc(OCc2cccc(Oc3ccccc3)c2)cc1,2.47
3685,O=C(O)CCc1nc(-c2ccccc2)c(-c2ccccc2)o1,1.2
3686,O=C(O)CCn1c2ccccc2c2ccccc21,0.6
3687,O=C(O)CN1C(=O)C(NC(=O)c2cc3sc(Cl)c(Cl)c3[nH]2)Cc2ccccc21,0.67
3688,O=C(O)CNCCNc1ccc(Cl)c(C(=O)NCC23CC4CC(CC(C4)C2)C3)c1,1.94
3689,O=C(O)COCCN1CCN(C(c2ccccc2)c2ccc(Cl)cc2)CC1,1.27
3690,O=C(O)CO[C@@H]1c2ccccc2C[C@H]1NC(=O)c1cc2sc(Cl)c(Cl)c2[nH]1,1.38
3691,O=C(O)COc1ccc(-c2nccs2)cc1-c1ccccc1,-0.16
3692,O=C(O)COc1ccc(Br)cc1-c1ccccc1,0.15
3693,O=C(O)COc1ccc(C(=O)c2cccs2)c(Cl)c1Cl,-0.84
3694,O=C(O)COc1ccc(C(F)(F)F)cc1-c1ccc(Cl)cc1,0.9
3695,O=C(O)COc1ccc(C(F)(F)F)cc1-c1ccccc1-c1ccccc1,1.38
3696,O=C(O)COc1ccc(C(F)(F)F)cc1CN1CCN(S(=O)(=O)c2ccccc2)CC1,0.4
3697,O=C(O)COc1ccc(Cl)cc1C1CCCCC1,0.93
3698,O=C(O)COc1ccc(Cl)cc1CN1CCC(S(=O)(=O)c2ccccc2)CC1,0.48
3699,O=C(O)COc1ccc(Cl)cc1CN1CCCN(S(=O)(=O)Cc2ccccc2)CC1,1.01
3700,O=C(O)COc1ccc(Cl)cc1CN1CCCN(S(=O)(=O)c2ccccc2)CC1,1.01
3701,O=C(O)COc1ccc(Cl)cc1CN1CCN(S(=O)(=O)Cc2ccccc2)CC1,0.33
3702,O=C(O)COc1ccc(Cl)cc1CN1CCN(S(=O)(=O)c2ccc(F)cc2)CC1,0.99
3703,O=C(O)COc1ccc(Cl)cc1CN1CCN(S(=O)(=O)c2ccccc2)CC1,0.49
3704,O=C(O)COc1ccc([N+](=O)[O-])cc1-c1ccccc1,-0.69
3705,O=C(O)COc1cccc(C(=O)N2CCC(N3CCC(Oc4ccc(Cl)c(Cl)c4)CC3)CC2)c1,1.09
3706,O=C(O)COc1cccc(N2CCC(CN3CCC(Oc4ccc(Cl)c(Cl)c4)CC3)CC2)c1,1.99
3707,O=C(O)COc1ccccc1N1CCC(CN2CCC(Oc3ccc(Cl)c(Cl)c3)CC2)CC1,2.0
3708,O=C(O)CSCC(=O)Nc1nc(-c2ccc(F)cc2)cs1,-0.2
3709,O=C(O)CSc1c[nH]c2ccccc12,-1.31
3710,O=C(O)C[C@@H]1c2ccccc2C[C@H]1NC(=O)c1cc2cc(Cl)ccc2[nH]1,1.79
3711,O=C(O)C[C@@H]1c2ccccc2C[C@H]1NC(=O)c1cc2cc(F)ccc2[nH]1,1.26
3712,O=C(O)C[C@@H]1c2ccccc2C[C@H]1NC(=O)c1cc2sc(Cl)c(Cl)c2[nH]1,2.53
3713,O=C(O)C[C@H](O)C[C@H](O)/C=C/c1c(C2CC2)nc2ccccc2c1-c1ccc(F)cc1,0.91
3714,O=C(O)C[C@H]1CC[C@H](c2ccc(-c3ccc(Nc4ccc(C(F)(F)F)nc4)cn3)cc2)CC1,3.8
3715,O=C(O)C[C@H]1CC[C@H](c2ccc(NC(=O)c3nnc(Nc4ccccc4F)o3)cc2)CC1,2.48
3716,O=C(O)Cc1ccc(-c2ccc(NC(=O)c3nnc(Nc4ccccc4F)o3)cc2)cc1,1.5
3717,O=C(O)Cc1ccc(N2CCC(CN3CCC(Oc4ccc(Cl)c(Cl)c4)CC3)CC2)cc1,1.83
3718,O=C(O)Cc1cccc(N2CCC(CN3CCC(Oc4ccc(Cl)c(Cl)c4)CC3)CC2)c1,1.58
3719,O=C(O)Cc1ccccc1Nc1c(Cl)cccc1Cl,1.08
3720,O=C(O)Cc1csc(-c2ccc(Cl)cc2)n1,-0.22
3721,O=C(O)[C@@H](Cc1ccccc1)N1CCC(CN2CCC(Oc3ccc(Cl)c(Cl)c3)CC2)CC1,2.5
3722,O=C(O)[C@@H](c1ccccc1)N1CCC(CN2CCC(Oc3ccc(Cl)c(Cl)c3)CC2)CC1,2.14
3723,O=C(O)[C@H](Cc1ccc(Cl)cc1)N1CCC(CN2CCC(Oc3ccc(Cl)c(Cl)c3)CC2)CC1,2.86
3724,O=C(O)[C@H](Cc1ccc(F)cc1)N1CCC(CN2CCC(Oc3ccc(Cl)c(Cl)c3)CC2)CC1,2.98
3725,O=C(O)[C@H](Cc1ccc(F)cc1)N1CCC(CN2CCC(Oc3ccc(Cl)cc3)CC2)CC1,1.9
3726,O=C(O)[C@H](Cc1ccc(F)cc1)N1CCC(CN2CCC(Oc3ccc(Cl)cc3Cl)CC2)CC1,2.6
3727,O=C(O)[C@H](Cc1cccc(F)c1)N1CCC(CN2CCC(Oc3ccc(Cl)c(Cl)c3)CC2)CC1,2.68
3728,O=C(O)[C@H](Cc1ccccc1)N1CCC(CN2CCC(Oc3ccc(CO)c(Cl)c3)CC2)CC1,0.8
3729,O=C(O)[C@H](Cc1ccccc1)N1CCC(CN2CCC(Oc3ccc(Cl)c(Cl)c3)CC2)CC1,2.5
3730,O=C(O)[C@H](Cc1ccccc1F)N1CCC(CN2CCC(Oc3ccc(Cl)c(Cl)c3)CC2)CC1,2.58
3731,O=C(O)c1[nH]c2cc(Cl)cc(Cl)c2c1/C=C1\CCN(c2ccccc2)C1=O,1.85
3732,O=C(O)c1[nH]c2ccccc2c1CCCOc1cccc2ccccc12,2.75
3733,O=C(O)c1c(Sc2ccccc2)c2cc(Cl)ccc2n1Cc1ccc(Cl)cc1,2.96
3734,O=C(O)c1cc(-c2ccc(F)cc2F)ccc1O,0.59
3735,O=C(O)c1cc(-c2ccccc2)nc2ccccc12,-0.7
3736,O=C(O)c1cc(-c2ccncc2)nc2ccc(F)cc12,-0.8
3737,O=C(O)c1cc(/N=N/c2ccc(S(=O)(=O)Nc3ccccn3)cc2)ccc1O,-0.58
3738,O=C(O)c1cc2cc(C(F)(F)F)ccc2n1Cc1ccc(Cl)c(Cl)c1,3.07
3739,O=C(O)c1cc2cc(OCc3ccccc3)ccc2[nH]1,0.4
3740,O=C(O)c1cc2cc([N+](=O)[O-])ccc2n1Cc1ccc(Cl)c(Cl)c1,1.79
3741,O=C(O)c1cc2ccccc2n1Cc1ccccc1,0.78
3742,O=C(O)c1ccc(-c2ccc(Cl)c(C(=O)NCC34CC5CC(CC(C5)C3)C4)c2)cc1,2.48
3743,O=C(O)c1ccc(-c2nnn(Cc3ccccc3F)n2)cc1,0.3
3744,O=C(O)c1ccc(-n2ncc(C(=O)NC3C4CC5CC(C4)CC3C5)c2C(F)(F)F)cc1,1.5
3745,O=C(O)c1ccc(-n2ncc(C(=O)NC3C4CC5CC(C4)CC3C5)c2C2CCC2)cc1,1.33
3746,O=C(O)c1ccc(-n2ncc(C(=O)NC3C4CC5CC(C4)CC3C5)c2C2CCCC2)cc1,1.72
3747,O=C(O)c1ccc(CN2CCC(CN3CCC(Oc4ccc(Cl)c(Cl)c4)CC3)CC2)cc1,1.1
3748,O=C(O)c1ccc(N2CCC(CN3CCC(Oc4ccc(Cl)c(Cl)c4)CC3)CC2)cc1,2.31
3749,O=C(O)c1ccc(NC(=O)c2cc(OCc3ccccc3)cc(OCc3ccccc3)c2)nc1,2.7
3750,O=C(O)c1ccc(NC(=O)c2cc(OCc3ccccc3F)cc(OCc3ccccc3F)c2)nc1,3.0
3751,O=C(O)c1ccc(Nc2ncc(Br)c(Nc3ccccc3)n2)cc1,1.65
3752,O=C(O)c1ccc(Nc2ncc3c(n2)-c2ccc(Cl)cc2C(c2c(F)cccc2F)=NC3)cc1,2.58
3753,O=C(O)c1ccc2[nH]c(C(F)(F)F)nc2c1,-1.08
3754,O=C(O)c1ccc2c(c1)nc(Nc1cccc(Cl)c1)c1ccncc12,1.29
3755,O=C(O)c1ccc2cccc(O)c2n1,3.3
3756,O=C(O)c1cccc(-c2ccc3c(C(=O)NCC45CC6CC(CC(C6)C4)C5)c(Cl)ccc3n2)c1,2.84
3757,O=C(O)c1cccc(C(=O)N2CCC(N3CCC(Oc4ccc(Cl)c(Cl)c4)CC3)CC2)c1,1.23
3758,O=C(O)c1cccc(CN2CCC(CN3CCC(Oc4ccc(Cl)c(Cl)c4)CC3)CC2)c1,1.26
3759,O=C(O)c1cccc(N2CCC(CN3CCC(Oc4ccc(Cl)c(Cl)c4)CC3)CC2)c1,2.17
3760,O=C(O)c1ccccc1C(=O)N1CCC(N2CCC(Oc3ccc(Cl)c(Cl)c3)CC2)CC1,1.73
3761,O=C(O)c1ccccc1CN1CCC(CN2CCC(Oc3ccc(Cl)c(Cl)c3)CC2)CC1,2.48
3762,O=C(O)c1ccccc1Cn1nnc(-c2cccc(OCc3ccc4ccccc4n3)c2)n1,2.1
3763,O=C(O)c1ccccc1N1CCC(CN2CCC(Oc3ccc(Cl)c(Cl)c3)CC2)CC1,2.83
3764,O=C(O)c1ccccc1Nc1cccc(C(F)(F)F)c1,2.01
3765,O=C(O)c1ccccc1O,-1.36
3766,O=C(O)c1cccnc1N1CCC(CN2CCC(Oc3ccc(Cl)c(Cl)c3)CC2)CC1,1.71
3767,O=C(O)c1cccnc1Nc1cccc(C(F)(F)F)c1,1.0
3768,O=C(O)c1cn(C2CC2)c2cc(N3CCN(C(=O)CC[N+](=O)[O-])CC3)c(F)cc2c1=O,0.22
3769,O=C(O)c1cn(C2CC2)c2cc(N3CCNCC3)c(F)cc2c1=O,-0.96
3770,O=C(O)c1cn(Cc2ccccc2)c2ccccc12,1.19
3771,O=C(O)c1cncc(-c2ccc(Cl)c(C(=O)NCC34CC5CC(CC(C5)C3)C4)c2)c1,0.85
3772,O=C(O)c1cncc(-c2cnc3[nH]c(C(=O)NC4CC4)cc3c2-n2ccc(C(F)(F)F)n2)c1,-0.98
3773,O=C(OC1CN2CCC1CC2)C(O)(c1ccccc1)c1ccccc1,1.19
3774,O=C(OCC(O)CO)c1ccccc1Nc1ccnc2cc(Cl)ccc12,3.5
3775,O=C(OCCN1CCCCC1)c1c[nH]c2ccccc12,2.0
3776,O=C(Oc1ccc(Br)cc1)N1CCN2CCC1CC2,1.58
3777,O=C(Oc1ccc2c(c1)OCCC2=O)c1ccccc1,3.6
3778,O=C(Oc1ccccc1)N1CCOCC1,1.3
3779,O=C(Oc1ccccc1O)c1cccc2ccccc12,4.4
3780,O=C([C@@H](O)CO)N1CC=C(c2ccc(N3C[C@H](COc4ccon4)OC3=O)cc2F)CC1,1.09
3781,O=C([C@@H]1CCCN1)N1CCN(c2nc(NCc3ccc(Cl)cc3Cl)c3cccnc3n2)CC1,2.41
3782,O=C([C@H]1CCCCN1)N1CCN(c2nc(NCc3ccc(Cl)cc3Cl)c3cccnc3n2)CC1,2.27
3783,O=C(c1c[nH]c(=O)c2ccccc12)N1CCC(N2CCC(Oc3ccc(Cl)c(Cl)c3)CC2)CC1,3.51
3784,O=C(c1cc(Cc2n[nH]c(=O)c3ccccc23)ccc1F)N1CCCNCC1,0.1
3785,O=C(c1cc(Cc2n[nH]c(=O)c3ccccc23)ccc1F)N1CCN(C(=O)C2CCCO2)CC1,0.9
3786,O=C(c1cc(Cc2n[nH]c(=O)c3ccccc23)ccc1F)N1CCN(C(=O)C2CCOC2)CC1,0.8
3787,O=C(c1cc(Cc2n[nH]c(=O)c3ccccc23)ccc1F)N1CCN(c2ccccn2)CC1,2.55
3788,O=C(c1cc2cc(Cl)ccc2[nH]1)N1CCNCC1,1.65
3789,O=C(c1cc2ccccc2[nH]1)N1CCNCC1,0.6
3790,O=C(c1ccc(-c2ccc(Cl)cc2)o1)N(Cc1ccccn1)c1ccc(N2CCNCC2)cc1,3.0
3791,O=C(c1ccc(-c2nn[nH]n2)cc1)N1CCC(N2CCC(Oc3ccc(Cl)c(Cl)c3)CC2)CC1,1.53
3792,O=C(c1ccc(-c2noc(=O)[nH]2)cc1)N1CCC(N2CCC(Oc3ccc(Cl)c(Cl)c3)CC2)CC1,2.24
3793,O=C(c1ccc(C(=C2CCN(Cc3cscn3)CC2)c2cccc3cccnc23)cc1)N1CCC(O)CC1,1.89
3794,O=C(c1ccc(C(=C2CCN(Cc3cscn3)CC2)c2cccc3cccnc23)cc1)N1CCC1,2.52
3795,O=C(c1ccc(C(=C2CCN(Cc3cscn3)CC2)c2cccc3cccnc23)cc1)N1CCCC1,2.75
3796,O=C(c1ccc(C(=C2CCN(Cc3cscn3)CC2)c2cccc3cccnc23)cc1)N1CCOCC1,2.12
3797,O=C(c1ccc(CCC(COc2ccc(-c3cccc([N+](=O)[O-])c3)cc2)N2C(=O)CCCC2=O)cc1)N1CCCC1,2.31
3798,O=C(c1ccc(Cl)cc1)C1CCN(C(=O)C2CC2)CC1,2.72
3799,O=C(c1ccc(Cl)cc1)C1CCN(C(=O)c2ccc(F)cc2)CC1,3.49
3800,O=C(c1ccc(F)cc1)C(O)c1ccc(F)cc1,2.49
3801,O=C(c1ccc(F)cc1)C1CCN(C(=O)N2CCOCC2)CC1,1.61
3802,O=C(c1ccc(F)cc1)C1CCN(C(=O)NCc2ccccc2)CC1,3.15
3803,O=C(c1ccc(F)cc1)C1CCN(C(=O)c2ccc(F)cc2)CC1,2.9
3804,O=C(c1ccc(F)cc1)C1CCN(C(=S)Nc2ccc(F)cc2)CC1,3.4
3805,O=C(c1ccc(F)cc1)C1CCN(CCn2c(=O)[nH]c3ccccc3c2=O)CC1,2.9
3806,O=C(c1ccc(F)cc1)N1CCC[C@H](c2nc(-c3ccc(F)cc3)no2)C1,3.73
3807,O=C(c1ccc(OCCCc2c[nH]cn2)cc1)C1CC1,2.68
3808,O=C(c1ccc(OCCN2CCCCC2)cc1)c1c(-c2ccc(O)cc2)sc2cc(O)ccc12,4.13
3809,O=C(c1cccc(Cc2n[nH]c(=O)c3ccccc23)c1)N1CCN(c2ccccn2)CC1,2.36
3810,O=C(c1cccc(Cc2n[nH]c(=O)c3ccccc23)c1)N1CCN(c2ncccn2)CC1,2.13
3811,O=C(c1cccc(Cc2nnc(O)c3ccccc23)c1)N1CCOCC1,1.0
3812,O=C(c1cccc(Cl)c1Cl)N1CCN(c2ccccn2)CC1,2.98
3813,O=C(c1ccccc1)C(O)(CN1CCCCC1)c1ccccc1,3.41
3814,O=C(c1ccccc1)C(O)c1ccccc1,2.13
3815,O=C(c1ccccc1)c1ccc2n1CCC2C(=O)O,-0.93
3816,O=C(c1csc2c1CCCC2)N1CCCCC1,3.2
3817,O=C(c1scc2c1CCCC2)N1CCCCC1,3.16
3818,O=C1/C(=N\O)c2ccccc2N1Cc1ccccc1[N+](=O)[O-],2.07
3819,O=C1C(=O)N(Cc2ccc(Cl)cc2)c2ccccc21,3.1
3820,O=C1C(=O)c2cc(-c3ccccc3F)ccc2-c2ccccc21,2.92
3821,O=C1C(=O)c2cc(-c3ccsc3)ccc2-c2ccccc21,3.1
3822,O=C1C(=O)c2cc([N+](=O)[O-])ccc2-c2ccccc21,2.42
3823,O=C1C(=O)c2ccc([N+](=O)[O-])cc2-c2ccccc21,2.56
3824,O=C1C(=O)c2cccc([N+](=O)[O-])c2-c2ccccc21,2.6
3825,O=C1C(=O)c2ccccc2-c2ccccc21,2.6
3826,O=C1C(=O)c2cccnc2-c2ccccc21,1.88
3827,O=C1C(CC[S+]([O-])c2ccccc2)C(=O)N(c2ccccc2)N1c1ccccc1,-0.51
3828,O=C1C2=Nc3ccccc3CN2c2ccccc21,2.71
3829,O=C1C2CCC(N2)C(=O)N1Cc1ccccc1,2.21
3830,O=C1C=CC(=O)c2c(O)ccc(O)c21,1.91
3831,O=C1CC(c2ccc(O)cc2)Oc2cc(O)cc(O)c21,2.6
3832,O=C1CC(c2ccc(O)cc2)Oc2cc(O)ccc21,2.4
3833,O=C1CC2(CCCC2)CC(=O)N1CCCCN1CCN(c2ncccn2)CC1,2.19
3834,O=C1CCC(=O)N1C(CCc1ccncc1)COc1ccc(-c2cccc([N+](=O)[O-])c2)cc1,3.88
3835,O=C1CCC(=O)N1c1cc(Cc2n[nH]c(=O)c3ccccc23)ccc1F,1.0
3836,O=C1CCCCCN1,-0.08
3837,O=C1CCCc2nc(C#Cc3ccccc3)ccc21,3.53
3838,O=C1CCOc2cc(COc3ccccc3)ccc21,3.0
3839,O=C1CCOc2cc(OCc3cccc(F)c3)ccc21,3.4
3840,O=C1CCOc2nc(/C=C/c3ccccc3)ccc21,3.2
3841,O=C1CCOc2nc(C#CC3CCCC3)ccc21,3.0
3842,O=C1CCOc2nc(C#CC3CCCCC3)ccc21,3.3
3843,O=C1CCOc2nc(CCc3ccccc3)ccc21,2.5
3844,O=C1CCOc2nc(COc3ccccc3)ccc21,2.3
3845,O=C1CCOc2nc(OCc3ccccc3)ccc21,3.1
3846,O=C1CN(C(=O)c2ccccc2)C(c2ccccc2)c2cc(Cl)ccc2N1,3.31
3847,O=C1CN(C(=O)c2ccco2)C(c2ccccc2)c2cc(Cl)ccc2N1,3.0
3848,O=C1CN(C(=O)c2ccco2)c2ccccc2N1,1.21
3849,O=C1CN(N=Cc2ccc(-c3ccc([N+](=O)[O-])cc3)o2)C(O)=N1,1.35
3850,O=C1CN2Cc3c(ccc(Cl)c3Cl)N=C2N1,1.86
3851,O=C1CN=C(c2ccccc2Cl)c2cc([N+](=O)[O-])ccc2N1,3.72
3852,O=C1COC2(CCN(S(=O)(=O)c3ccc(-c4ccc5cccnc5c4)cc3)CC2)CN1C1CC1,3.24
3853,O=C1COC2(CCN(S(=O)(=O)c3ccc(-c4ccc5cnccc5c4)cc3)CC2)CN1C1CC1,3.32
3854,O=C1COc2c(CCNCCN(C(=O)CCNCCc3ccc(Cl)c(Cl)c3)C3CCCCC3)ccc(O)c2N1,2.23
3855,O=C1COc2ccc(CNC3CCN(CCN4C(=O)COc5ccc(-c6ccco6)cc54)CC3)nc2N1,2.19
3856,O=C1COc2ccc(CNC3CCN(CCN4C(=O)COc5ccc(Br)cc54)CC3)nc2N1,1.42
3857,O=C1COc2ccc(CNC3CCN(CCN4C(=O)COc5ccc(Cl)cc54)CC3)nc2N1,1.33
3858,O=C1COc2ccc(CNC3CCN(CCN4C(=O)COc5ccc(F)cc54)CC3)nc2N1,0.9
3859,O=C1COc2ccc(CNC3CCN(CCN4C(=O)COc5ccc(O)cc54)CC3)nc2N1,0.52
3860,O=C1COc2ccc(CNC3CCN(CCN4C(=O)COc5ccc(OC(F)(F)F)cc54)CC3)nc2N1,1.82
3861,O=C1COc2ccccc2N1CCN1CCC(NCc2cc3c(cn2)OCCO3)CC1,1.04
3862,O=C1NC(=O)/C(=C/c2ccc3c(c2)OC(F)(F)O3)S1,2.8
3863,O=C1NC(=O)/C(=C/c2cccc(Cl)c2N2CCNCC2)S1,0.68
3864,O=C1NC(=O)C(Cc2ccc3ccccc3c2)S1,2.41
3865,O=C1NC(=O)C(Cc2cccc(Oc3ccccc3)c2)S1,2.84
3866,O=C1NC(=O)C(c2ccccc2)(c2ccccc2)N1,2.41
3867,O=C1NC(=O)C(c2cnc3ccccn23)=C1c1cn2c3c(cccc13)CN(C(=O)N1CCOCC1)CC2,1.79
3868,O=C1NC(=O)c2cc(OCc3ccccc3)ccc21,3.1
3869,O=C1NC(c2ccc(Br)cc2)Nc2ccccc21,2.68
3870,O=C1NCCc2[nH]c(-c3ccncc3)cc21,1.49
3871,O=C1Nc2ccc(Cl)cc2C(c2ccccc2Cl)=NC1O,2.38
3872,O=C1Nc2ccc(S(=O)(=O)N3CCC[C@H]3CNc3ccccc3)cc2C1=O,2.4
3873,O=C1Nc2ccc(S(=O)(=O)N3CCC[C@H]3COc3ccccc3)cc2C1=O,2.7
3874,O=C1Nc2ccccc2B(O)N1c1ccccc1,1.4
3875,O=C1Nc2ccccc2C1(O)c1ccccc1,1.71
3876,O=C1OC2(c3ccc(O)cc3Oc3cc(O)ccc32)c2ccccc21,0.0
3877,O=C1OCCN1N=Cc1ccc([N+](=O)[O-])o1,-0.12
3878,O=C1O[C@@H](COc2ccon2)CN1c1ccc(C2=CCOCC2)c(F)c1,2.61
3879,O=C1O[C@@H](Cn2nncc2F)CN1c1ccc(C2=CCS(=O)(=O)CC2)c(F)c1,3.54
3880,O=C1O[C@]2(CN3CCC2CC3)CN1c1ccc(Br)s1,2.0
3881,O=C1O[C@]2(CN3CCC2CC3)CN1c1cccs1,0.9
3882,O=C1[C@@H]2[C@@H]3CC[C@@H](C3)[C@@H]2C(=O)N1[C@H]1CC[C@H](C(=O)Nc2cccc3cccnc23)CC1,3.94
3883,O=C1c2ccc(O)cc2C(=O)N1c1ccc(O)cc1,1.8
3884,O=C1c2ccc(O)cc2C(=O)N1c1ccc(O)cc1F,2.1
3885,O=C1c2ccc(O)cc2C(=O)N1c1cccc(O)c1,2.0
3886,O=C1c2ccc(O)cc2C(=O)N1c1ccccc1,2.3
3887,O=C1c2ccccc2C(=O)N1c1ccc(O)cc1,2.0
3888,O=C1c2ccccc2CN1C1CCN(CCC(c2ccccc2)c2ccccc2)CC1,4.1
3889,O=CN(O)C1(CS(=O)(=O)N2CCN(c3ccc(F)cc3)CC2)CCC1,1.34
3890,O=CN(O)C1(CS(=O)(=O)N2CCN(c3ccc(F)cc3)CC2)CCOCC1,0.85
3891,O=CN1CC=C(c2c(F)cc(N3C[C@H](COc4ccon4)OC3=O)cc2F)CC1,2.01
3892,O=CNc1cc([C@@H](O)CNCCc2ccc(NC[C@H](O)c3ccccc3)cc2)ccc1O,0.02
3893,O=Cc1ccccc1B(O)O,0.83
3894,O=S(=O)(C1CCNCC1)C1(c2cc(N3CCOCC3)nc(-c3cccc4[nH]ccc34)n2)CC1,1.1
3895,O=S(=O)(CCCNCCc1ccc(O)c2nc(O)sc12)NCCOCCSc1ccccc1,1.84
3896,O=S(=O)(CCCNCCc1ccc(O)c2nc(O)sc12)NCCOCCc1ccc(F)cc1,1.57
3897,O=S(=O)(CCCNCCc1ccc(O)c2nc(O)sc12)NCCOCCc1cccc(C(F)(F)F)c1,2.62
3898,O=S(=O)(CCCNCCc1ccc(O)c2nc(O)sc12)NCCOCCc1cccc(Cl)c1,1.92
3899,O=S(=O)(CCCNCCc1ccc(O)c2nc(O)sc12)NCCSCCc1ccccc1,1.77
3900,O=S(=O)(CCCOCCNc1ccccc1)CCNCCc1ccc(O)c2nc(O)sc12,1.98
3901,O=S(=O)(CCCOCCSc1ccccc1)CCNCCc1ccc(O)c2nc(O)sc12,2.68
3902,O=S(=O)(CCCOCCc1cc2ccccc2o1)CCNCCc1ccc(O)c2nc(O)sc12,2.86
3903,O=S(=O)(CCCOCCc1ccccc1)CCNCCc1ccc(O)c2nc(O)sc12,2.61
3904,O=S(=O)(CCCOCCc1nccc2ccccc12)CCNCCc1ccc(O)c2nc(O)sc12,2.35
3905,O=S(=O)(CCOCCCc1ccccc1)NCCNCCc1ccc(O)c2nc(O)sc12,2.22
3906,O=S(=O)(CCOCc1cccc2ccccc12)NCCCNCCc1ccc(O)c2nc(O)sc12,1.69
3907,O=S(=O)(Cc1c(F)cccc1F)N1CCN(c2ncccc2C(F)(F)F)CC1,3.9
3908,O=S(=O)(Cc1cc(Cl)cc(Cl)c1)NCC(c1ccccc1)N1CCCCCC1,3.23
3909,O=S(=O)(Cc1cc(N2CCOCC2)nc(-c2ccccn2)n1)c1ccc(F)cc1,1.59
3910,O=S(=O)(Cc1cc(N2CCOCC2)nc(-c2ccccn2)n1)c1ccccc1,1.34
3911,O=S(=O)(Cc1ccccc1)NCC(c1ccccc1)N1CCCCCC1,2.83
3912,O=S(=O)(NCC(c1ccccc1)N1CCCCCC1)c1cc(Cl)cc(Cl)c1,3.36
3913,O=S(=O)(NCC(c1ccccc1)N1CCCCCC1)c1ccc(Br)cc1,3.21
3914,O=S(=O)(NCC(c1ccccc1)N1CCCCCC1)c1ccc(Br)s1,3.52
3915,O=S(=O)(NCC(c1ccccc1)N1CCCCCC1)c1ccc(C(F)(F)F)cc1,4.29
3916,O=S(=O)(NCC(c1ccccc1)N1CCCCCC1)c1ccc(F)c(Cl)c1,3.98
3917,O=S(=O)(NCC(c1ccccc1)N1CCCCCC1)c1ccc(F)c(F)c1,2.84
3918,O=S(=O)(NCC(c1ccccc1)N1CCCCCC1)c1cccc(C(F)(F)F)c1,3.12
3919,O=S(=O)(NCC(c1ccccc1)N1CCCCCC1)c1cccc(Cl)c1,3.39
3920,O=S(=O)(NCC(c1ccccc1)N1CCCCCC1)c1ccccc1OC(F)(F)F,4.09
3921,O=S(=O)(NCC(c1ccccc1)N1CCCCCC1)c1cccnc1,2.1
3922,O=S(=O)(NCCNc1ncccn1)c1cccc2cnccc12,0.61
3923,O=S(=O)(Nc1cc(F)ccc1F)c1ccc(Cl)cc1,2.9
3924,O=S(=O)(Nc1ccc(S(=O)(=O)Nc2nccs2)cc1)c1ccc2c(c1)OCCO2,1.97
3925,O=S(=O)(Nc1ccc2[nH]c(-c3ccc(Br)o3)nc2c1)c1ccccc1,4.38
3926,O=S(=O)(Nc1cccc2[nH]ncc12)c1cccs1,1.7
3927,O=S(=O)(Nc1ccccc1-c1ccccc1)c1ccccc1,3.96
3928,O=S(=O)(Nc1cccnc1)c1ccc2c(c1)OCCO2,1.34
3929,O=S(=O)(Nc1cccnc1)c1ccccc1,0.84
3930,O=S(=O)(Nc1cccnc1)c1cccs1,0.54
3931,O=S(=O)(Nc1nc(-c2ccccc2)nn1Cc1ccccc1)c1ccccc1,1.25
3932,O=S(=O)(Nc1nc(-c2sccc2Cl)cs1)c1cc(Cl)ccc1Cl,2.11
3933,O=S(=O)(Nc1ncc(Cl)s1)c1cc(F)c(Oc2ccc(F)cc2-c2cn[nH]c2)cc1F,2.7
3934,O=S(=O)(Nc1nccs1)c1cc(Cl)ccc1Cl,1.14
3935,O=S(=O)(Nc1nccs1)c1ccc(O)cc1,0.36
3936,O=S(=O)(Nc1ncns1)c1cc(F)c(Oc2ccc(Cl)cc2-c2ccnn2C2CNC2)cc1F,1.0
3937,O=S(=O)(Nc1nnc(-c2ccccc2)s1)c1ccc(Cl)cc1,1.14
3938,O=S(=O)(Nc1nncs1)c1cc(Cl)c(Oc2ccc(C(F)(F)F)cc2-c2ccnnc2)cc1F,1.15
3939,O=S(=O)(c1cccc(-c2cn3cccnc3n2)c1)N1CCOCC1,1.3
3940,O=S(=O)(c1ccccc1)C1(c2cc(N3CCOCC3)nc(-c3cccc4[nH]ccc34)n2)CC1,3.4
3941,O=S(=O)(c1ccccc1)N(CC(F)(F)F)c1ccc(C(O)(C(F)(F)F)C(F)(F)F)cc1,4.5
3942,O=S(=O)(c1ccccc1-c1ccc(CNC2CCOCC2)cc1)N1CCCC1,1.4
3943,O=S1(=O)CC(O)C(N2CCC(c3ccccc3)CC2)C1,1.4
3944,O=S1NC(Cc2ccc3ccccc3c2)=NO1,1.85
3945,O=[N+]([O-])c1ccc(C=NO)o1,1.31
3946,O=[N+]([O-])c1ccc(O)cc1,1.5
3947,O=[N+]([O-])c1ccc2[nH]c(-c3ccccn3)nc2c1,2.8
3948,O=[N+]([O-])c1ccc2[nH]ncc2c1,2.2
3949,O=[N+]([O-])c1ccc2c(c1)N(c1cccc[n+]1[O-])CC(C(F)F)(C(F)F)O2,3.2
3950,O=[N+]([O-])c1ccc2c(c1)nc1n2CCCCC1,2.58
3951,O=[N+]([O-])c1cccc2ccc(C(Cl)(Cl)Cl)nc12,3.7
3952,O=c1[nH][nH]c(=O)c2c(O)c3c(Cl)cc(Cl)cc3nc12,0.89
3953,O=c1[nH][nH]c(=O)c2c1[nH]c1cc(Cl)cc(Cl)c12,1.02
3954,O=c1[nH]c(-c2ccc([N+](=O)[O-])cc2)nc2ccccc12,2.5
3955,O=c1[nH]c(-c2ccccc2)nc2cc(Cl)ccc12,3.31
3956,O=c1[nH]c(S)nc2[nH]cnc12,-1.48
3957,O=c1[nH]c([C@@H]2CCCN2)nc2c1oc1ccc(Br)cc12,2.19
3958,O=c1[nH]c([C@@H]2CCCN2)nc2c1oc1ccc(Cl)cc12,2.01
3959,O=c1[nH]c2c(O)ccc([C@@H](O)CNCCCOCCNCCc3cccc(Cl)c3)c2s1,-0.03
3960,O=c1[nH]c2c(O)ccc([C@@H](O)CNCCCOCCOCCc3cccc4ccccc34)c2s1,2.28
3961,O=c1[nH]c2c(O)ccc([C@@H](O)CNCCCOCCOCCc3ccccc3)c2s1,1.09
3962,O=c1[nH]c2c(O)ccc([C@@H](O)CNCCCSCCNCCc3cccc(Cl)c3)c2s1,1.06
3963,O=c1[nH]c2c(O)ccc([C@@H](O)CNCCCSCCNCCc3cccc(Cl)c3Cl)c2s1,1.74
3964,O=c1[nH]c2c(O)ccc([C@@H](O)CNCCCSCCNCCc3ccccc3Cl)c2s1,0.99
3965,O=c1[nH]c2c(O)ccc([C@@H](O)CNCCCSCCOCCc3cccc4ccccc34)c2s1,3.12
3966,O=c1[nH]c2c(O)ccc([C@@H](O)CNCCCSCCOCCc3ccccc3)c2s1,2.3
3967,O=c1[nH]c2c(O)ccc([C@@H](O)CNCCOCCCNCCc3cccc(Cl)c3)c2s1,0.83
3968,O=c1[nH]c2c(O)ccc([C@@H](O)CNCCOc3cccc(CNCCc4ccccc4F)c3)c2s1,1.86
3969,O=c1[nH]c2c(O)ccc([C@@H](O)CNCCSCCCNCCc3cccc(C(F)(F)F)c3)c2s1,1.21
3970,O=c1[nH]c2c(O)ccc([C@@H](O)CNCCSCCCNCCc3cccc(Cl)c3)c2s1,0.98
3971,O=c1[nH]c2c(O)ccc([C@@H](O)CNCCSCCCNCCc3cccc(Cl)c3Cl)c2s1,2.2
3972,O=c1[nH]c2c(O)ccc([C@@H](O)CNCCSCCCNCCc3ccccc3)c2s1,0.12
3973,O=c1[nH]c2c(O)ccc([C@@H](O)CNCCSCCCOCCc3ccccc3)c2s1,2.54
3974,O=c1[nH]c2c(O)ccc([C@@H](O)CNCCc3ccc(CNCCc4c(Cl)cccc4Cl)cc3)c2s1,2.3
3975,O=c1[nH]c2c(O)ccc([C@@H](O)CNCCc3ccc(CNCCc4ccccc4)cc3)c2s1,1.11
3976,O=c1[nH]c2c(O)ccc([C@@H](O)CNCCc3ccc(CNCCc4ccccc4F)cc3)c2s1,1.3
3977,O=c1[nH]c2c(O)ccc([C@@H](O)CNCCc3ccc(CNCCc4ccccn4)cc3)c2s1,-0.25
3978,O=c1[nH]c2c(O)ccc([C@@H](O)CNCCc3cccc(-c4cccc(CNCc5ccccc5)c4)c3)c2s1,2.32
3979,O=c1[nH]c2c(O)ccc([C@@H](O)CNCCc3cccc(CN4CCC(c5ccccc5)CC4)c3)c2s1,1.99
3980,O=c1[nH]c2c(O)ccc([C@@H](O)CNCCc3cccc(CN4CCCC4)c3)c2s1,-0.28
3981,O=c1[nH]c2c(O)ccc([C@@H](O)CNCCc3cccc(CNCCCc4ccccc4)c3)c2s1,1.11
3982,O=c1[nH]c2c(O)ccc([C@@H](O)CNCCc3cccc(CNCCc4c(Cl)cccc4Cl)c3)c2s1,3.15
3983,O=c1[nH]c2c(O)ccc([C@@H](O)CNCCc3cccc(CNCCc4ccccc4Cl)c3)c2s1,1.63
3984,O=c1[nH]c2c(O)ccc([C@@H](O)CNCCc3cccc(CNCCc4ccccc4F)c3)c2s1,1.06
3985,O=c1[nH]c2c(O)ccc([C@@H](O)CNCCc3cccc(CNCCc4ccccn4)c3)c2s1,-0.07
3986,O=c1[nH]c2c(O)ccc([C@@H](O)CNCCc3cccc(CNCc4ccccc4Cl)c3)c2s1,1.85
3987,O=c1[nH]c2c(O)ccc([C@@H](O)CNCCc3cccc(CNCc4ccccc4F)c3)c2s1,0.69
3988,O=c1[nH]c2c(O)ccc([C@@H](O)CNCCc3ccccc3CNCCc3ccccc3F)c2s1,1.58
3989,O=c1[nH]c2cc(Cl)c(Cl)c([N+](=O)[O-])c2[nH]c1=O,0.21
3990,O=c1[nH]c2cc(Cl)ccc2c(O)c1-c1cccc(Oc2ccccc2)c1,2.96
3991,O=c1[nH]c2cc(Cl)ccc2o1,2.16
3992,O=c1[nH]c2ccccc2n1CCCN1CCC(n2c(=O)[nH]c3cc(Cl)ccc32)CC1,3.45
3993,O=c1[nH]ccc2nc(-c3ccc(CN4CCC(c5n[nH]c(-c6ccccn6)n5)CC4)cc3)c(-c3ccccc3)cc12,3.9
3994,O=c1[nH]cnc2cc(F)c(F)cc12,1.5
3995,O=c1[nH]cnc2scc(-c3cccs3)c12,2.18
3996,O=c1[nH]n(C(c2ccccc2)c2ccncc2)c(=O)c2c(O)c3ccc(Cl)cc3nc12,1.1
3997,O=c1[nH]n(C(c2ccccn2)C2CC2)c(=O)c2c(O)c3ccc(Cl)cc3nc12,1.0
3998,O=c1[nH]n(C(c2ccccn2)C2CCCC2)c(=O)c2c(O)c3ccc(Cl)cc3nc12,1.9
3999,O=c1[nH]n(C(c2ccncc2)C2CC2)c(=O)c2c(O)c3ccc(Cl)cc3nc12,0.7
4000,O=c1[nH]n(CC#Cc2ccccc2)c(=O)c2c(=O)c3ccc(Cl)cc3[nH]c12,1.78
4001,O=c1[nH]n(Cc2cc3ccccc3s2)c(=O)c2c(=O)c3ccc(Cl)cc3[nH]c12,2.0
4002,O=c1[nH]n(Cc2ccccn2)c(=O)c2c(=O)c3ccc(Cl)cc3[nH]c12,1.1
4003,O=c1[nH]n(Cc2cccs2)c(=O)c2c(=O)c3ccc(Cl)cc3[nH]c12,1.52
4004,O=c1[nH]n(Cc2ccncc2)c(=O)c2c(=O)c3ccc(Cl)cc3[nH]c12,-0.16
4005,O=c1[nH]n(Cc2ccoc2)c(=O)c2c(=O)c3ccc(Cl)cc3[nH]c12,0.6
4006,O=c1[nH]n(Cc2ccsc2)c(=O)c2c(=O)c3ccc(Cl)cc3[nH]c12,1.11
4007,O=c1[nH]nc(Cc2ccccc2)c2ccccc12,2.8
4008,O=c1[nH]nc2cc(CO)c3ccc(-c4ccc[nH]4)cc3n12,2.19
4009,O=c1c(-c2ccc(F)cc2)coc2cc(O)cc(O)c12,3.6
4010,O=c1c(-c2ccc(O)c(O)c2)coc2cc(O)cc(O)c12,2.45
4011,O=c1c(-c2ccc(O)c(O)c2)coc2cc(O)ccc12,1.88
4012,O=c1c(-c2ccc(O)cc2)coc2cc(O)cc(O)c12,3.06
4013,O=c1c(-c2ccc(O)cc2)coc2cc(O)ccc12,2.46
4014,O=c1c(-c2ccc([N+](=O)[O-])cc2)coc2cc(O)cc(O)c12,3.24
4015,O=c1c(-c2ccc3c(c2)OCO3)coc2cc(O)cc(O)c12,3.5
4016,O=c1c(O)cccc2cc(O)c(O)c(O)c12,2.03
4017,O=c1c2ccc(O)cc2ncn1-c1ccc(O)cc1,1.6
4018,O=c1c2ccccc2[se]n1-c1ccccc1,3.31
4019,O=c1c2ccccc2nc2ccccn12,2.1
4020,O=c1c2ccccc2nc2n1CCO2,0.6
4021,O=c1c2ccccc2nc2n1CCS2(=O)=O,0.8
4022,O=c1c2ccccc2oc2cc(O)cc(O)c12,3.39
4023,O=c1c2ccccc2oc2cccc(O)c12,3.8
4024,O=c1c2cnn(-c3ccccc3)c2nc(-c2ccco2)n1-c1ccccc1,3.29
4025,O=c1c2sccc2n(CC2COc3ccccc3O2)c(=O)n1O,1.44
4026,O=c1cc(-c2ccc(O)cc2)[nH]c2ccccc12,2.34
4027,O=c1cc(-c2ccc(O)cc2)oc2cc(O)ccc12,3.2
4028,O=c1cc(-c2ccc(O)cc2)oc2ccc(O)cc12,3.3
4029,O=c1cc(-c2ccccc2)ccn1-c1ccc2c(cnn2CCN2CCCC2)c1,1.6
4030,O=c1cc(-c2ccccc2)oc2cc(O)cc(O)c12,3.83
4031,O=c1cc(-c2ccccc2)oc2ccc(O)cc12,3.6
4032,O=c1cc(-c2cccnc2)[nH]c2cc(C(O)c3ccccc3)ccc12,2.27
4033,O=c1cc(-c2cccnc2)[nH]c2cc(Cc3ccccc3)ccc12,3.46
4034,O=c1cc(-c2ccco2)[nH]c2ccccc12,2.21
4035,O=c1cc(N2CCOCC2)nc2c3ccccc3ccn12,2.78
4036,O=c1cc(N2CCOCC2)nc2ccccn12,1.0
4037,O=c1cc(N2CCOCC2)nc2n(Cc3cccc(Cl)c3Cl)ccn12,3.3
4038,O=c1cc(N2CCOCC2)nc2n(Cc3cccc4ccccc34)ccn12,3.3
4039,O=c1cc(N2CCOCC2)oc2c(-c3cccc(-c4ccsc4)c3)cccc12,4.2
4040,O=c1cc(N2CCOCC2)oc2c(-c3cccc4c5c(sc34)CCCC5)cccc12,4.1
4041,O=c1cc(N2CCOCC2)oc2c(-c3ccccc3)cccc12,2.9
4042,O=c1cc(N2CCOCC2)oc2cc(O)ccc12,1.0
4043,O=c1cc(O)oc2c1c(=O)n(-c1ccccc1)c1ccccc21,0.96
4044,O=c1cc(O)oc2c1c(=O)n(Cc1ccccc1)c1ccccc21,1.97
4045,O=c1cc(OCc2ccccc2)ccn1-c1ccc2c(cnn2CCN2CCCC2)c1,2.0
4046,O=c1ccc(=O)c2ccccc2[nH]1,1.02
4047,O=c1ccc2ccccc2[nH]1,1.32
4048,O=c1ccnc2cc(C#Cc3ccccc3)ccn12,2.9
4049,O=c1ccnc2ccccn12,0.2
4050,O=c1ccoc2cc(OCc3ccccc3)ccc12,3.33
4051,O=c1ccoc2ccccc12,1.4
4052,O=c1n(CCCN2CCN(c3cccc(Cl)c3)CC2)nc2ccccn12,2.67
4053,O=c1nc(NCc2ccccc2)sn1Cc1ccccc1,3.01
4054,O=c1ncn2nc(Sc3ccc(F)cc3F)ccc2c1-c1c(Cl)cccc1Cl,2.74
4055,O=c1oc(-c2ccccc2)cc2ccccc12,3.84
4056,O=c1oc2c(O)cccc2cc1-c1ccc(O)cc1,2.8
4057,O=c1oc2cc(O)ccc2cc1-c1ccc(O)cc1,2.9
4058,O=c1oc2ccc(O)cc2cc1-c1ccc(O)cc1,2.9
4059,O=c1oc2ccc(O)cc2cc1-c1ccccc1,3.12
4060,O=c1oc2ccccc2c(O)c1Cc1c(O)c2ccccc2oc1=O,1.22
4061,O=c1oc2ccccc2cc1-c1ccc(O)cc1,3.0
4062,O=c1oc2ccccc2cc1-c1ccccc1,3.22
4063,OB1c2ccccc2N=C(S)N1c1cccnc1,-0.62
4064,OC(CCN1CCCC1)(c1ccccc1)C1CCCCC1,1.78
4065,OC(CCN1CCCCC1)(c1ccccc1)C1CC2C=CC1C2,2.49
4066,OC(CCN1CCCCC1)(c1ccccc1)C1CCCCC1,2.68
4067,OC(CN1CCOCC1)c1ccccc1,1.0
4068,OC(Cn1cncn1)(Cn1cncn1)c1ccc(F)cc1F,0.48
4069,OC(c1ccccc1)c1cccnc1,1.72
4070,OC1(C#Cc2ccc(-c3ccccc3)cc2)CN2CCC1CC2,3.14
4071,OC1(c2ccc(-c3ccccc3)cc2)CN2CCC1CC2,1.5
4072,OC1(c2ccc(Cl)cc2)CCN(Cc2c[nH]c3ccccc23)CC1,2.25
4073,OC1(c2ccc(F)cc2)CCN(c2ccc3nnc(C(F)(F)F)n3n2)CC1,3.5
4074,OC1(c2ccccc2)CNCCc2ccccc21,1.38
4075,OCC(CO)Nc1nc(SCc2cccc(F)c2F)nc2nc(NC3CC3)sc12,3.11
4076,OCC(O)CN1CCN(c2ccccc2)CC1,0.4
4077,OCCN(CCO)c1nc(N2CCCCC2)c2nc(N(CCO)CCO)nc(N3CCCCC3)c2n1,3.97
4078,OCCN1CC=CC[C@H](c2ccc(Cl)c(Cl)c2)C1,2.37
4079,OCCN1CCN(CCCN2c3ccccc3Sc3ccc(C(F)(F)F)cc32)CC1,3.8
4080,OCCN1CCN(CCCN2c3ccccc3Sc3ccc(Cl)cc32)CC1,3.6
4081,OCCNCc1cc(Br)ccc1OCc1ccc(Cl)cc1,2.98
4082,OCCOCCN1CCN(C(c2ccccc2)c2ccc(Cl)cc2)CC1,3.08
4083,OCCO[C@H]1C[C@@H](n2nnc3c(N[C@@H]4C[C@H]4c4ccc(F)c(F)c4)nc(SCCC(F)(F)F)nc32)[C@H](O)[C@@H]1O,4.17
4084,OCC[C@@]1(c2cc3ccccc3o2)CCCNC1,0.06
4085,OCC[C@@]1(c2ccc(Cl)c(Cl)c2)CCCNC1,0.62
4086,OCC[C@]1(c2cc3ccccc3o2)CCCNC1,0.12
4087,OCC[C@]1(c2ccc(Cl)c(Cl)c2)CCCNC1,0.61
4088,OCCn1cc(-c2cnc3nnn(Cc4ccc5ncccc5c4)c3n2)cn1,1.7
4089,OC[C@H](Nc1ncc(Cl)c(Nc2cc(C3CC3)[nH]n2)n1)c1ccc(F)cc1,3.75
4090,OC[C@H]1C[C@@H](n2nnc3c(N[C@@H]4C[C@H]4c4ccc(F)c(F)c4)nc(SCCC(F)(F)F)nc32)[C@H](O)[C@@H]1O,3.99
4091,OC[C@H]1C[C@@H](n2nnc3c(N[C@@H]4C[C@H]4c4ccccc4)nc(SCCC(F)(F)F)nc32)[C@H](O)[C@@H]1O,4.06
4092,Oc1c(I)cc(I)c2cccnc12,2.19
4093,Oc1c2ncc3ccccc3c2nn1-c1ccc(Cl)cc1,1.52
4094,Oc1c2ncc3ccccc3c2nn1-c1ccccc1,0.8
4095,Oc1cc(-c2ccccc2)nc2ccccc12,2.54
4096,Oc1cc(-c2ccccc2)nc2ccnn12,1.3
4097,Oc1cc(-c2ccccc2)nc2ncnn12,-0.21
4098,Oc1cc(Cl)cc(Cl)c1,3.58
4099,Oc1cc(O)cc(/C=C/c2ccc(O)c(O)c2)c1,2.11
4100,Oc1cc(OCc2ccccc2)ccn1,1.69
4101,Oc1ccc(-c2ccc(C3(O)CN4CCC3CC4)cc2)cc1,0.95
4102,Oc1ccc(-c2ccc3cc(O)ccc3c2)cc1,4.0
4103,Oc1ccc(-c2ccc3cc(O)ccc3n2)cc1,3.1
4104,Oc1ccc(-c2cnc3ccccc3n2)cc1,3.3
4105,Oc1ccc(-c2csc(-c3ccc(O)cc3)n2)cc1,3.7
4106,Oc1ccc(-c2nc3cc(O)ccc3o2)cc1,3.4
4107,Oc1ccc(-c2nc3ccc(O)cc3o2)cc1,3.3
4108,Oc1ccc(-c2nc3ccc(O)cc3s2)cc1,3.65
4109,Oc1ccc(-c2nc3ccccc3nc2-c2ccc(O)cc2)cc1,2.7
4110,Oc1ccc(-c2nc3ccccc3s2)cc1,4.1
4111,Oc1ccc(Br)c2ccccc12,4.3
4112,Oc1ccc(C(c2ccc(O)cc2)C(Cl)(Cl)Cl)cc1,3.86
4113,Oc1ccc(C2=Cc3ccc(O)cc3OC2)cc1,3.8
4114,Oc1ccc(C2CNCCc3c2cc(O)c(O)c3Cl)cc1,0.87
4115,Oc1ccc(CCc2ccc(O)cc2)cc1,3.3
4116,Oc1ccc2[nH]c(CN3CCC(Cc4ccc(F)cc4)CC3)nc2c1,3.8
4117,Oc1ccc2c3c1O[C@H]1c4[nH]c5c(c4C[C@@]4(O)[C@@H](C2)N(CC2CC2)CC[C@]314)C[C@@]1(O)[C@H]2Cc3ccc(O)c4c3[C@@]1(CCN2CC1CC1)[C@H]5O4,1.41
4118,Oc1ccc2c3c1O[C@H]1c4[nH]c5ccccc5c4C[C@@]4(O)[C@@H](C2)N(CC2CC2)CC[C@]314,2.7
4119,Oc1ccc2nc(-c3ccccc3)sc2c1,3.99
4120,Oc1cccc(-c2nc3ccc(O)cc3s2)c1,3.7
4121,Oc1cccc(O[C@H]2C[C@H]3CC[C@@H](C2)N3Cc2ccccc2)c1,2.3
4122,Oc1cccc2ccccc12,2.5
4123,Oc1cccc2nc(-c3ccccc3)cc(O)c12,3.37
4124,Oc1ccnc2ccccc12,0.8
4125,Oc1nc(-c2ccc(C(F)(F)F)cc2)nc2c1CSCC2,3.07
4126,Oc1nc(-c2ccccc2)c(-c2ccccc2)o1,3.42
4127,Oc1nc(-c2ccccc2)nc2ccccc12,2.46
4128,Oc1nc2c(O)ccc(CCNCCCCCCOCCc3ccccc3)c2s1,2.21
4129,Oc1nc2cc(Cl)cc(Cl)c2c(O)c1-c1ccccc1,1.6
4130,Oc1nc2ccccc2c(O)c1-c1ccccc1,0.73
4131,Oc1nc2ccccc2nc1NCc1ccccc1,3.3
4132,Oc1ncc(NCc2ccccc2)c(O)n1,0.82
4133,Oc1ncnc2[nH]ncc12,-0.42
4134,Oc1ncnc2onc(-c3ccc(F)cc3)c12,1.97
4135,Oc1ncnc2scc(-c3ccccc3)c12,2.07
4136,Oc1ncnc2scc(-c3ccsc3)c12,2.25
4137,S=C(NC1CCCCC1)N1CCC(c2cnc[nH]2)CC1,2.3
4138,[O-][S+](c1ccccc1)c1ccc2nnnn2n1,0.79
4139,[O-]c1c2c(nn1-c1ccc(Cl)cc1)c1ccccc1c[n+]2Cc1ccccc1,4.5
4140,c1cc(-c2ccc3nc(Nc4ccc(OCCN5CCCC5)cc4)ncc3c2)ccn1,2.66
4141,c1cc(Nc2ccnc(Nc3cc(N4CCOCC4)cc(N4CCOCC4)c3)n2)c2cn[nH]c2c1,3.05
4142,c1cc2c(cc1-c1cnc3n1CCC3)OCCO2,2.33
4143,c1ccc(-c2[nH]nc3ccccc23)cc1,3.79
4144,c1ccc(-c2c[nH]c(-c3ccccc3)n2)cc1,3.8
4145,c1ccc(-c2cc(NCCCCCCCCNc3cc(-c4ccccc4)nc4ccccc34)c3ccccc3n2)cc1,2.27
4146,c1ccc(-c2cc(NCCCCNc3cc(-c4ccccc4)nc4ccccc34)c3ccccc3n2)cc1,3.65
4147,c1ccc(-c2ccc(C3CN4CCC3CC4)cc2)cc1,1.76
4148,c1ccc(-c2ccc(COc3ccc4c(c3)CCC(CCN3CCCCC3)C4)cc2)cc1,3.3
4149,c1ccc(-c2ccc3ccccc3n2)cc1,4.0
4150,c1ccc(-c2cn3ccccc3n2)cc1,2.9
4151,c1ccc(-c2n[nH]c(-c3ccncc3)n2)nc1,1.48
4152,c1ccc(-c2n[nH]cc2-c2ccnc3ccccc23)nc1,2.57
4153,c1ccc(-c2nc3ccccc3[nH]2)nc1,2.5
4154,c1ccc(-c2nnc(-c3ccccc3)s2)cc1,4.2
4155,c1ccc(-c2nnc3ccc(NC4CC4)nn23)cc1,3.15
4156,c1ccc(C2CCNCC2)cc1,0.54
4157,c1ccc(C2Cc3ccccc3CN2)cc1,1.9
4158,c1ccc(C2OC3(CCNCC3)c3ccccc32)cc1,0.75
4159,c1ccc(CC2NCCc3ccccc32)cc1,1.89
4160,c1ccc(CCNCc2ccccc2)cc1,1.65
4161,c1ccc(CN(Cc2ccccc2)c2nn[nH]n2)cc1,1.37
4162,c1ccc(CNCCNCc2ccccc2)cc1,0.73
4163,c1ccc(CNc2nc3ccccc3[nH]2)cc1,2.76
4164,c1ccc(CNc2ncnc3ccccc23)cc1,3.21
4165,c1ccc(CSc2nc3cccnc3[nH]2)cc1,3.22
4166,c1ccc(N2CC3COc4ccccc4C3=N2)cc1,4.28
4167,c1ccc(Nc2[nH]nnc2-c2ccccc2)cc1,3.37
4168,c1ccc(Nc2cc(Nc3ccccc3)[nH]n2)cc1,3.8
4169,c1ccc(Nc2ccccc2)cc1,3.2
4170,c1ccc(Nc2ccnc(Nc3ccccc3)n2)cc1,4.06
4171,c1ccc(Nc2ccnc3ccccc23)cc1,2.78
4172,c1ccc(Nc2ncnc3ccccc23)cc1,2.94
4173,c1ccc(OCC2CNCCO2)cc1,0.2
4174,c1ccc(Sc2ccc3ccccc3n2)cc1,3.92
4175,c1ccc([C@H]2CN3CCSC3=N2)cc1,0.81
4176,c1ccc2[nH]c(-c3cscn3)nc2c1,2.35
4177,c1ccc2[nH]c(CCCc3nc4ccccc4[nH]3)nc2c1,3.5
4178,c1ccc2[nH]c(CCc3nc4ccccc4[nH]3)nc2c1,3.3
4179,c1ccc2[nH]ncc2c1,1.9
4180,c1ccc2c(OCC3=NCCN3)cccc2c1,0.68
4181,c1ccc2c(c1)CCN(c1ccncc1)C2,1.4
4182,c1ccc2c(c1)nnn2-c1ccncc1,1.69
4183,c1ccc2ccccc2c1,3.29
4184,c1ccc2cnccc2c1,1.6
4185,c1ccc2nc(C3=NCCN3)ccc2c1,0.6
4186,c1ccc2ncccc2c1,2.09
4187,c1ccc2ncncc2c1,1.0
4188,c1ccc2sc(C3CCCNC3)nc2c1,1.0
4189,c1cn(-c2ccc(Oc3cc(Oc4ccc5c(c4)OCO5)ncn3)cc2)cn1,3.17
4190,c1cn(-c2ccc(Oc3nccc(Oc4ccc5c(c4)OCO5)n3)cc2)cn1,3.27
4191,c1cnc2cccnc2c1,0.89
4192,c1cncc(-c2ccc(-c3nnc(C4CN5CCC4CC5)o3)o2)c1,1.2
4193,c1cncc(Nc2ncnc3ccccc23)c1,1.57
4194,c1csc(Cn2nnnc2CN2CCN(c3nc4ccccc4s3)CC2)c1,3.65
4195,c1nc(N2CCCCC2)c2nc[nH]c2n1,1.84
