,smiles,microsom_stab_h
4,CC(C)(O)CCn1cc2cc(NC(=O)c3cccc(C(F)(F)F)n3)c(C(C)(C)O)cc2n1,0.996380313
5,CC#CC(=O)N[C@H]1CCCN(c2c(F)cc(C(N)=O)c3[nH]c(C)c(C)c23)C1,1.397348966
6,CC(C)NCC(O)COc1cccc2ccccc12,1.327231598
7,COc1ccc(Cl)cc1C(=O)NCCc1ccc(S(=O)(=O)NC(=O)NC2CCCCC2)cc1,1.458063445
8,C=CC(=O)N1CCC[C@@H](n2nc(-c3ccc(Oc4ccccc4)cc3)c3c(N)ncnc32)C1,2.7565
9,CC(C)NC(=O)COc1cccc(-c2nc(Nc3ccc4[nH]ncc4c3)c3ccccc3n2)c1,1.630824356
11,COc1ccc(S(=O)(=O)N2CCC(N3CCC(C)CC3)CC2)cc1,1.198299609
12,CCn1c(-c2nonc2N)nc2cnc(Oc3cccc(NC(=O)c4ccc(OCCN5CCOCC5)cc4)c3)cc21,2.004110625
13,CC1(C)CC[C@]2(NC(=O)C(C)(F)F)CC[C@]3(C)[C@H](C(=O)C=C4[C@@]3(C)CC[C@H]3C(C)(C)C(=O)C(C#N)=C[C@]43C)[C@@H]2C1,1.884823674
14,Cc1c[nH]c2nccc(Oc3c(F)cc(Nc4cc(Cl)nc(N)n4)cc3F)c12,1.155882358
15,COc1cc2c(cc1OC)CC(=O)N(CCCN(C)C[C@H]1Cc3cc(OC)c(OC)cc31)CC2,1.564145072
16,N#Cc1ccc2[nH]c(O)c(-c3ccc(CN4CCOCC4)cn3)c2c1,1.048286393
17,CCCc1cc(N2CCc3c(nc(C4CC4)n3C)C2)n2ncnc2n1,0.983626287
18,Fc1ccc(-c2ccc3c(c2)[nH]c2ccncc23)cn1,1.226135722
19,Nc1c(F)ccc2cnc(-n3ccc4ccncc43)cc12,2.56594576
21,Cn1cc(Nc2nccc(N3CC4CCC(C3)N4C(=O)[C@@H]3CC3(F)F)n2)cn1,0.860996437
23,C=CC(=O)N1CCC(CNc2ncnc(N)c2-c2ccc(Oc3ccccc3)cc2)CC1,2.282135893
24,Nc1n[nH]cc1-c1cc(Cl)ccc1Oc1cc(F)c(S(=O)(=O)Nc2cscn2)cc1Cl,1.066176786
25,Cc1c(-c2c(F)cc(C(N)=O)c3[nH]c4c(c23)CC[C@H](C(C)(C)O)C4)cccc1-n1c(=O)c2cccc(F)c2n(C)c1=O,1.05709529
29,CC(C)(C)c1ccc(-c2nc3n(c(=O)c2C#N)CCS3)cc1,0.932980822
30,C=CC(=O)Nc1cccc(Oc2nc(Nc3ccc(N4CCN(C)CC4)cc3)nc3ccsc23)c1,0.990827051
31,CC#CC(=O)N1CC[C@@H](n2c(=O)n(-c3ccc(Oc4ccccc4)cc3)c3c(N)ncnc32)C1,1.329092647
32,C=CC(=O)N1CCC([C@@H]2CCNc3c(C(N)=O)c(-c4ccc(Oc5ccccc5)cc4)nn32)CC1,1.761739954
33,C=CC(=O)N1CCC[C@H](n2c(=O)n(-c3ccc(Oc4ccccc4)cc3)c3c(N)ncnc32)C1,2.219660482
34,CC(C)(C=C(C#N)C(=O)N1CCC[C@@H](n2nc(-c3ccc(Oc4ccccc4)cc3F)c3c(N)ncnc32)C1)N1CCN(C2COC2)CC1,2.728516916
35,CC#CC(=O)N1CC[C@@H](n2cc(-c3ccc(Oc4c(F)cccc4F)cc3)c3c(N)n[nH]c(=O)c32)C1,1.620136055
36,C=CC(=O)Nc1cccc(Oc2nc(Nc3ccc(N4CCN(C)CC4)c(F)c3)nc3[nH]ccc23)c1,1.427680816
38,COc1ccccc1-c1cc(NC(=O)c2cccc(N3CCNC3=O)c2)[nH]n1,0.876967967
39,Nc1ncc(-c2cccc(C(F)(F)F)c2)c(C2CCCCN2C(=O)c2ccccc2)n1,2.57963614
40,O=C(Nc1cccc(-c2nncn2C2CC2)c1)c1cc(-n2cnc(C3CC3)c2)ccn1,0.909876818
41,Fc1ccccc1-c1c[nH]nc1C1CCCN1Cc1ccc2ncccc2c1,2.601584178
42,Cc1nccc(-c2cn(Cc3ccccc3)c3cnccc23)n1,1.710749017
44,Cc1c(Cl)ccc2cc3n(c12)[C@@H](C)CNC3=O,1.034949147
45,Nc1ncnc2c1c(-c1ccc(Oc3ccccc3)cc1)nn2[C@@H]1CCCNC1,1.543708051
46,Cc1nnc(CN(C)CC(C)Oc2ccc(Cl)c(Cl)c2)n1C,2.121697694
47,COc1nn(C)cc1C(=O)Nc1cccc(-c2cnc3n2CCC3)c1,1.021644036
49,Cc1ncc(CN2CC[C@@H](Nc3cncc(Cl)n3)[C@@H](C)C2)s1,1.878648159
50,Cc1ccc(C(=O)N2CCC(Cc3ccccc3-c3ccccc3)(C(=O)N(C)C)CC2)s1,2.885344821
51,CCc1nc2c(C)cc(N3CCN(CC(=O)N4CC(O)C4)CC3)cn2c1N(C)c1nc(-c2ccc(F)cc2)c(C#N)s1,2.032792967
53,CN(C)C(=O)C1(Cc2ccccc2-c2ccccc2)CCN(C(=O)C2CCCO2)CC1,2.596224212
54,CC(=O)Nc1ccc(C(=O)N2CCCCC2c2nc(N)ncc2-c2ccc(Cl)cc2)cc1,1.609647759
55,CC(=O)Nc1ccc(C(=O)N2CCCCC2c2nc(N)ncc2-c2cccc(Cl)c2)cc1,1.727004157
58,Cc1cc(F)ccc1C1C(=O)NCCN1C(=O)c1ccc2nccn2c1,0.777789187
60,C[C@H]1CN(C(=O)CC(c2ccccc2)c2ccccc2)C[C@@H](C)O1,1.561387637
61,CN1[C@H]2CC[C@@H]1C[C@@H](OC(c1ccccc1)c1ccccc1)C2,0.993700695
62,CC(C)(C)C(=O)N1CCC(Cc2ccc(-c3cccs3)cc2)(C(=O)N2CCCC2)CC1,2.347780667
63,OC[C@H](Nc1cncc(-c2ccc3[nH]ncc3n2)c1)c1ccccc1,0.991226076
64,Cc1ncsc1C(=O)N1CCCCC1c1nc(N(C)C)ncc1-c1cccc(Cl)c1,2.372418541
66,CC(=O)N1CCN(c2nc(C(F)(F)F)nc3sc(C)c(C)c23)CC1,1.633670406
67,COc1ccccc1C(=O)Nc1ccc2cc[nH]c2c1,1.928436822
68,c1ccc(Oc2cccc(CN(CCN3CCOCC3)Cc3cccnc3)c2)cc1,3.096213889
69,COc1ccc([C@H]2CN(C(C)=O)[C@@H]3CCCN(Cc4cccc(F)c4)[C@H]23)cc1,2.24496946
71,OCC1CCCCN1Cc1ccc(-c2ccccc2)cc1,1.314330783
73,CC1(C)CC(Oc2ccc(-c3ccc(-c4cn[nH]c4)cc3O)nn2)CC(C)(C)N1,1.281601444
75,Cc1ncsc1C(=O)N1CCCCC1c1nc(N)ncc1-c1cccc(C(F)(F)F)c1,2.572128951
76,O=C(Nc1ccc2ccccc2n1)c1ccc(N2CCOC2=O)cc1,0.713490543
77,O=C(CCNC(=O)c1ccc(OC(F)(F)F)cc1)N[C@@H]1CCCc2ccccc21,2.186163547
78,O=S(=O)(c1cccc2cnccc12)N1CCCNCC1,1.074597045
79,C=CC(=O)Nc1cccc(Oc2nc(Nc3ccc(N4CCN(C)CC4)cc3)nc3ccoc23)c1,1.209407768
80,CCN1CCN(S(=O)(=O)Cc2ccc(Cl)c(Cl)c2)CC1,1.917836225
82,CCn1c(CO)nn(-c2cc(O[C@@H](C)C(F)(F)F)c(C(=O)Nc3c(F)cccc3Cl)cc2F)c1=O,0.857242009
83,CCN(C/C=C\c1ccc(C2CCCCC2)c(Cl)c1)C1CCCCC1,1.676446677
84,NCCN1CCN(C/C=C/C(=O)N2CCC[C@@H](n3nc(-c4ccc(Oc5ccccc5)cc4)c4c(N)ncnc43)C2)CC1,0.957559402
85,Cn1c(C2CC2)nc2c1CCN(c1ncnc3ccsc13)C2,1.503858749
86,CC/C(=C(\c1ccccc1)c1ccc(OCCN(C)C)cc1)c1ccccc1,1.177074546
87,COc1nn(C)cc1C(=O)Nc1cccc2cnccc12,1.998886781
88,CNC(=O)C1(Cc2ccc(-c3ccncc3)cc2)CCN(Cc2cccc(F)c2)C1,2.398082434
89,Cc1ncc(CN2CCC(Nc3ccc4nnnn4n3)C(C)C2)s1,1.208387604
90,Cc1nc(Nc2nccs2)cc(C2CN(c3ncccn3)C2)n1,1.481858091
91,COc1ccc(Nc2c(C#N)cnc3cc(OC)c(OC)cc23)cc1Cl,1.724816353
93,Cc1noc(C(C)C)c1C(=O)N1CC(C)OC(c2ccccc2)C1,1.852187112
94,CN(Cc1ccccc1)C1(C(=O)N2CCNC(=O)CC2)Cc2ccccc2C1,2.052682402
95,Cc1c(F)cccc1NC(=O)CN1[C@H]2CCCC(=O)N[C@@]2(C)C[C@H]1Cc1ccccc1,2.426639741
96,CCC1=C(C)CN(C(=O)NCCc2ccc(S(=O)(=O)NC(=O)N[C@H]3CC[C@H](C)CC3)cc2)C1=O,1.28427278
98,Cc1ccc(NC(=O)CN2[C@H]3CCCC(=O)N[C@@]3(C)C[C@H]2Cc2ccccc2)cc1F,2.698323293
99,CN(C)C(=O)C1(Cc2ccccc2-c2cccc(F)c2)CCN(C(=O)C2CC=CCC2)CC1,2.998834093
100,COCC(=O)N1CCC(Cc2ccccc2-c2cccc(F)c2)(C(=O)NC(C)C)CC1,2.172170757
101,COc1ccc(CNC(=O)c2sc3nc(C)cc(C)c3c2N)cc1,1.644123341
102,C#C[C@@](C)(CC)NC(=O)c1cc(F)cnc1NC1CC(F)(F)C1,1.842771446
105,CNC(=O)C1(Cc2ccc(-c3cccnc3)cc2)CCN(Cc2ccc(F)cc2)C1,2.35761091
106,CNC(=O)C1(Cc2ccc(-c3cccnc3)cc2)CCN(Cc2cccc(F)c2)C1,2.447729993
108,O=C1CCCC[C@@H]2[C@H](C[C@@H](Cc3ccccc3F)N2C(=O)c2cccc3ncccc23)N1,1.804466564
109,CCOc1cc(CC(=O)N[C@@H](CC(C)C)c2ccccc2N2CCCCC2)ccc1C(=O)O,1.581926914
110,CC(O)(C#Cc1ccc2c(c1)N(c1nc(N)ncc1Cl)CC2)c1nccs1,1.860308054
111,COCCc1noc(CN2CC(c3ccccc3)(c3ccccc3)CCC2=O)n1,2.325244658
112,Cc1[nH]nc2c1C1(CCCCC1)CC(=O)N2,0.926496789
113,Cc1oc2ccccc2c1CNc1nnc(-c2ccncc2)o1,1.523538372
114,O=C(Nc1cccc2ncccc12)[C@H]1CCCN(S(=O)(=O)c2ccccc2)C1,1.578982843
115,C[C@@H]1Cc2ccccc2N1C(=O)Cn1nc(-c2cccc3ncccc23)oc1=O,1.867909218
116,Nc1ncnc2c1c(-c1cnc3[nH]ccc3c1)nn2C1CCCC1,2.005819468
117,O=C(Nc1cnccc1-c1ccc(Cl)cc1)c1ccnc(NC(=O)C2CC2)c1,1.47950333
119,CC1CN(C(=O)c2cccnc2N2CCOCC2)CC(c2ccccc2)O1,1.554695053
121,Cc1cc(Nc2cnccn2)cc(C2CCCN(CC(=O)N3CCCC3)C2)n1,0.734719842
122,Cc1cccnc1Nc1cccc(C2CCCN(CC(=O)Nc3nccs3)C2)n1,1.953648568
123,CN(C)C(=O)C1(Cc2ccccc2-c2ccccc2)CCN(C(=O)c2cnn(C)c2)CC1,2.666523596
124,CC1(C)CC(=O)C2=C(C1)NC(=O)CC2c1ccc(Br)cc1,1.775384687
125,CN1CCN(S(=O)(=O)c2ccc(-c3cnc(N)c(C(=O)Nc4cccnc4)n3)cc2)CC1,2.095078646
126,CNC(=O)C1(Cc2ccc(-c3cccnc3)cc2)CCN(Cc2ccccc2Cl)C1,2.649622021
129,O=C(CN1CCCC(c2cccc(Cc3cccc(F)c3)n2)C1)N1CCCC1,1.881806762
130,COc1cc2ncnc(Nc3cccc(O)c3)c2cc1OC,1.342679234
131,Cc1cc(C)c2c(N)c(C(=O)NCc3ccc(Cl)cc3)sc2n1,2.209624915
133,COc1nc2sc(C(=O)NC3CC3)c(N)c2c(C)c1Cl,0.989894564
135,Cc1cc(N2CCCC2)nc(C2CCCN(C)C2)n1,0.964165311
136,O=C1NCCSc2c1sc1ccc(O)cc21,1.688642252
137,CCn1cc(C(=O)O)c(=O)c2c(N)c(F)c(NC3CCCCC3)cc21,0.940516485
138,CC1CCN([C@H](c2ccc(F)cc2)c2ccc([C@@H](C)C(=O)O)cc2-c2ccc(C(F)(F)F)cc2)CC1,0.894224095
140,CC(=O)NCC(=O)N1[C@H]2CC[C@@H]1c1cc(Nc3ncc(C(F)(F)F)c(NC4CCC4)n3)ccc12,1.317394675
141,O=C1CCC(=O)N1Cc1nc(C23CC4CC(CC(C4)C2)C3)cs1,2.019872011
142,O=C(Nc1nc2c(s1)COc1ccccc1-2)c1cnc(Cl)c(Cl)c1,1.528543921
143,COc1ccccc1Oc1c(NS(=O)(=O)c2ccc(C(C)(C)C)cc2)nc(-c2ncccn2)nc1OCCO,1.202869588
144,CCCNS(=O)(=O)Nc1ncnc(OCCOc2ncc(Br)cn2)c1-c1ccc(Br)cc1,2.003348497
145,CC(C)(C)c1ccc(C(=O)Nc2cn3cc(-n4ccnc4)ccc3n2)cc1,1.781252594
147,COc1cc(Nc2cc(-c3cccc(C#N)c3)ccn2)ccc1N1CCN(C)CC1,0.76930346
149,CCS(=O)(=O)N1CCN(c2ccc(Nc3ncc(C(N)=O)c(NC4CC4)n3)cc2)CC1,0.988068203
151,CC[C@H]1[C@@H](COc2nccc3cc(C(N)=O)c(OC)cc23)NC(=O)[C@H]1F,1.543596268
153,Cc1cc(F)c(C(=O)Nc2cccc(-c3nncn3C(C)C)n2)cc1-n1cnc(C2CC2)c1,1.113241232
155,C[C@H]1CN(C2COC2)CCN1c1ccc(Nc2cc(-c3ccnc(N4CCn5c(cc6c5CC(C)(C)C6)C4=O)c3CO)cn(C)c2=O)nc1,1.169292275
156,Nc1ncc(-c2cc(C3C4CN(C5COC5)CC43)n(CC3CC3)n2)cc1C(F)(F)F,1.11320777
157,NS(=O)(=O)C#Cc1ccccc1,1.023705043
158,C=CC(=O)Nc1cccc(Nc2nc(Nc3ccc(OCCOC)cc3)ncc2F)c1,1.506071875
159,C=CC(=O)Nc1cccc(Nc2nc(Nc3ccc(Oc4ccnc(C(=O)NC)c4)cc3)ncc2F)c1,1.822599543
160,C=CC(=O)N(C)CCOc1c(N)ncnc1-c1cc(F)cc(NC(=O)c2ccc(C3CC3)cc2F)c1C,1.89741814
161,CC#CC(=O)N1CCC[C@@H]1c1nc(-c2ccc(C(=O)Nc3ccccn3)cc2)c2c(N)nccn12,1.868620931
163,CC(=O)NCCNc1cc(Cl)nn2c(-c3cccc(S(=O)(=O)N(C)C)c3)c(C)nc12,2.357256208
164,Cc1c[nH]c(=O)n1-c1ccc(C(=O)Nc2ccc3ccccc3n2)cc1,0.948364056
165,CNC(=O)c1cccc(NC(=O)N2CCC(Oc3ccccc3Cl)CC2)c1,0.819280647
166,COc1ccc(OCC(=O)Nc2cccc(Cl)c2N2CCN(C(C)=O)CC2)cc1,2.257044666
167,c1ccc(-c2ccc(CN3CCCCCCC3)cc2)cc1,1.596179092
168,CC(=O)N1CCN(c2c(Cl)cccc2NC(=O)COc2ccccc2Cl)CC1,2.633232054
169,CCC(=O)N1CCN(c2ccc(Cl)cc2NC(=O)COc2ccccc2)CC1,1.946432613
170,Cc1ccc(Oc2ccc(Cl)cc2NC(=O)CN(C)CC(=O)N(C)C)cc1,3.021840253
171,O=C(c1sc(N2CCOCC2)nc1-c1ccccc1)N1CCCCC1,1.653357254
172,Cc1ccccc1-c1nc(Cn2ccnc2C(C)C)c(C)o1,2.490768687
173,CCc1nc2cc(-c3c(OC)cccc3OC)ccc2o1,1.695253962
174,O=C(C1CCC(O)CC1)N1CCCN(c2ccc(F)cc2)CC1,1.076312688
176,Cc1nnc(NCCc2ccc3c(c2)OCO3)c(C#N)c1C,1.7170544
177,Cc1nc(N2CCn3ccnc3C2)c2cnn(C)c2n1,1.021023822
179,Cc1occc1C(=O)NCC(=O)Nc1nc2cc(Cl)ccc2n1C,0.977449227
181,c1ccc(-c2noc(NC3CC3)n2)cc1,1.920138986
183,CCN(CC)Cc1ccc2cc(COC(=O)Nc3ccc(C(=O)NO)cc3)ccc2c1,0.900913068
184,O=C(NCC1(c2ccc(F)cc2)CCOCC1)c1ccccn1,1.064719984
186,O=C(CSc1nccn1C1CC1)Nc1c(Cl)cc(Cl)cc1C(=O)O,1.618654639
189,Cc1cc(-c2cnn(CCNC(=O)c3sc(C)nc3C)c2C2CC2)on1,1.376923524
190,O=C(CSc1nc2nc(O)cc(O)c2s1)c1ccc(-c2ccccc2)cc1,2.14248958
192,CN(C)c1ccc2c(c1)OCCN2C(=O)NCc1cccnc1,1.372838388
194,CCCOc1ccccc1C(=O)N1CC(Oc2cccc(OC)c2)C1,1.967707064
195,O=C(c1ccc(-n2cccn2)nc1)N1CCN(c2ccccc2O)CC1,0.764026608
196,COc1ccc(CCNCc2ccc(-c3ccccc3)o2)cc1OC,1.805113286
197,CSCC(=O)N1CCN(C(=O)CSC)C2(CCCCC2)C1,1.762205758
199,COc1cccc(OCCCn2cncc2-c2cc3c(cc2C)n(C)c(=O)n3C)c1,1.584059705
201,COC(=O)c1c(C)[nH]c(C(=O)N(C)Cc2ccc(OC)c(F)c2)c1C,1.740560051
202,Cc1cc(OCC(=O)N(C)C2CCCCCCC2)no1,1.752923841
203,CC(C)CNc1nnc(SCc2ccncc2)s1,1.490239485
204,COc1c(C)cccc1CN1CCC(O)(c2ccc(F)cc2)CC1,1.444481995
206,Cc1cc(C)nc(Nc2ccc(C3CCCN(CC(=O)N4CCCC4)C3)nc2)n1,0.918082785
208,O=C1Nc2ccccc2O[C@H]2C[C@@H]1N(CC1CC1)C2,1.160948481
209,CCN(C/C=C/c1ccc(F)cc1)Cc1nc(COC)no1,1.413500935
211,O=C(NC[C@@H]1CCN(c2ccccc2)C1)N1CCc2ccccc2C1,2.229848158
213,CCN1CCC(N(C)c2ncnc3c2cnn3C)CC1,2.181949292
215,Cc1cc2nc(CCC(=O)N3CCC(c4ccc(C(=O)N(C)C)c(N)n4)CC3)[nH]c2cc1C,2.02843704
218,COc1ccc(C)cc1NC(=O)CN1CCc2ccccc2C1,2.280145681
220,c1ccc(-c2n[nH]c(C3CCN(c4ccccn4)CC3)n2)cc1,1.197638876
221,COc1ccc(-n2cc3c(c2-c2ccccc2Br)c(=O)n(C)c(=O)n3C)cc1,1.574575243
223,COc1ccc(CN2CCC(c3nc(C(C)C)no3)CC2)c(F)c1,1.544489726
224,Cc1nnc(NCC(=O)N2CCc3sccc3C2)c(C#N)c1C,1.237367773
226,O[C@@H]1C[C@@H](c2nc(-c3ccccc3)no2)N(Cc2ccccc2)C1,1.733935179
227,CCCn1cc(C(=O)N2CCC(c3n[nH]cc3C(=O)N(C)Cc3ccccc3)CC2)cn1,2.109848421
228,c1ccc(CO[C@@H]2CCC[C@H]2n2cc(-c3nccs3)nn2)cc1,1.800923182
229,Cc1cc(C(=O)N(C)Cc2ccc(Br)cc2)no1,1.967599452
231,Cc1ncsc1CN1CCCN(c2nc3ccccc3[nH]2)CC1,1.562506984
234,CNC(=O)c1ccc(N2CCCC2)nc1,1.650200637
238,NS(=O)(=O)OC[C@@H]1C[C@@H](n2ccc3c(N[C@H]4CCc5ccccc54)ncnc32)C[C@@H]1O,1.612222088
240,Cc1cc(OCc2ncc(C(C)(C)C)o2)nn1C,1.444638031
241,Clc1cccc(CNc2nc(C3CC3)no2)c1,1.342442421
242,Cc1ccc(-c2nc(NCc3ccco3)ncc2-c2cc(C)no2)cn1,1.942241269
243,O=C(c1ccccc1F)N1CCC[C@@H]1Cn1nnn(-c2cccs2)c1=O,1.795344637
244,COc1nc(C)nc(N(C)Cc2nccs2)c1C,2.116677465
246,CN(Cc1cccc(C#N)c1)Cc1ccccc1C#N,2.451204429
247,CN1CCN(Cc2noc(Cc3ccccc3)n2)c2ccccc21,2.53226377
248,COc1ccc(C2(NCc3ccc(N4CCCC4=O)cc3)CC2)cc1,1.125708926
249,O=C(c1cccnc1)N1CCCC(c2cccc(-c3cccc(Cl)c3)n2)C1,2.5987369
250,CNC(=O)c1ccc(N(C)C2CCC2)nn1,1.394504213
251,CC#CCNc1ccc(-n2cnnn2)c(C)c1,1.323417121
252,Nc1nc2ccccc2nc1N1CCCC1,2.36483043
254,Cc1cc(N2CCCCC2)nc(CNC(=O)c2ccccc2Cl)n1,1.751756258
255,COc1ccccc1C(=O)NCc1nc(C)cc(N2CCCCC2)n1,1.983662364
256,CCc1nnc(NC(=O)Cc2cccc(F)c2)s1,0.870462432
257,O=C(CN1CCCN(c2ccc(C(F)(F)F)cn2)CC1)Nc1ccccc1F,2.171023996
258,Cc1cccc(NC(=O)CN2CCCN(c3ccc(C(F)(F)F)cn3)CC2)c1,2.177262274
259,O=C(CN1CCCN(c2nccs2)CC1)Nc1cccc(Cl)c1,2.645352502
260,COc1ccccc1NC(=O)CN1CCCN(c2nc(C)cs2)CC1,2.554656304
261,CC(C)(C)c1cc(NC(=O)c2cccc3cn[nH]c23)[nH]n1,0.993259831
262,Cc1ccccc1OCCCNc1cc(Cn2c(C)nc3ccccc32)nc(N)n1,2.855807378
263,COc1ccc(-c2cccc(C3CCCN(CC(=O)Nc4ccccn4)C3)n2)cc1,2.118449915
265,Cc1noc(C)c1C(=O)N1CCCN(c2ccc(F)cc2)CC1,2.045596772
266,COCC1CCN(c2noc(-c3cccs3)n2)CC1,1.597552591
267,NC(=O)COc1ccccc1-c1ccccc1,1.412611726
268,Cc1nc(C)c(C)c(NCc2cc(-c3ccc(F)cc3)no2)n1,1.306875174
271,Cn1cc(-c2ccc(-c3cncc(Cl)c3N3CCC4(CCNC4=O)CC3)cc2)cn1,1.817796667
273,Clc1ccc2c(Oc3cccnc3)ncnc2c1,1.222404291
274,CC(C)(C)c1csc(NC(=O)C2CC2)n1,1.306167592
275,Cc1ccc(C(=O)Nc2ncccc2C)s1,0.827563111
277,COc1ccc(Cc2cccc(C3CCN(C(=O)C4CCCC4)CC3)n2)cc1,2.056054478
278,O=C([C@H]1CCCN(Cc2ccc(Cl)cc2)C1)N1CCc2ccccc2C1,2.399486814
280,O=C(CCCc1nnc(-c2ccccc2)o1)Nc1cccc2ccccc12,1.854919088
281,CN(CC(=O)NC1(C#N)CCCCC1)c1cccc(C#N)c1,1.933284772
282,Cc1nc(C2(NCc3cccc(C#N)c3)CCCC2)no1,1.122445256
283,CN(CCC1CCCCC1)C(=O)c1ccon1,1.606424362
284,CN(C)Cc1cccc(N/C(=C2\C(=O)Nc3cc(C(=O)N(C)C)ccc32)c2ccccc2)c1,1.881681314
285,CC(C)c1cnn2c(NCc3ccccc3)cc(NCCCCCCN)nc12,0.89014146
286,COc1cc(C(C)C)c2c(c1)S(=O)(=O)N(COc1cc(=O)n3cccc(OCCN4CCCCC4)c3n1)C2=O,2.208962412
288,Cc1cc(C)cc(Oc2cc(C#N)ccn2)c1,1.681340752
291,N#Cc1ccc(-c2csc(CCN3CCCC3=O)n2)cc1,0.764176132
292,N#Cc1cccc(CN2CCC=C(CNC(=O)c3cccs3)C2)c1,1.753621355
295,Cc1ccc(Cn2nccc2NC(=O)c2ccncc2)o1,0.876160085
298,Cc1ccc(NC(=O)CN2CCCN(c3ccc(C(F)(F)F)cn3)CC2)c(F)c1,2.148473087
299,CN(C)[C@@H]1CN(C(=O)CCn2cnc3ccccc32)C[C@H]1O,0.739493231
301,CNC(=O)Cc1csc(-c2ccc(C)cc2)n1,2.033568496
302,COc1ccccc1CNC(=O)C(C)N1CCCN(c2ccccc2C#N)CC1,3.339893263
303,CON(C)C(=O)c1cc2ccc(C(C)(C)C)cc2[nH]1,1.739983503
304,CCN(CC)Cc1cccc(/C=C/c2nc3ccc(F)cc3c(=O)n2-c2ccccc2Cl)n1,1.84105899
305,N#CCCN(c1ncnc2sccc12)C1CC1,1.042339205
307,O=c1n(CCc2ccncc2)nnn1-c1ccccc1,0.763802224
308,CCCCOc1ccc(C(=O)NCc2cc(C)on2)cc1,1.071550639
310,COc1ccc(Cc2ncnn2-c2ccc3c(c2)OCO3)c(OC)c1,2.118307723
312,Nc1cncc(-c2ccc(CN3CCCCC3)cc2)c1,1.609423646
313,O=C(CN1CCCC(c2ccc3cn[nH]c3n2)C1)N1CCCC1,0.960280464
316,CC(C)c1nccn1-c1cccc([C@@H]2CCCN2C(=O)CCc2ccccc2)n1,2.746029814
317,CCn1nc(C2CCCC2)nc1-c1ccncc1,1.39054654
318,O=C([C@H]1CCCN(Cc2ccc(F)cc2)C1)N1CCc2ccccc2C1,2.526548619
319,CC1(C)Cc2cc(NC(=O)c3cnn4cccnc34)c(N3CCN(CC(F)F)CC3)nc2O1,1.268718346
321,COc1ccc(-n2c(Cn3cnc(C#N)n3)nc3ccccc32)cc1,0.698535493
324,CCn1cc(C2CCN(Cc3ccc(C#N)cc3)CC2)cn1,1.087000121
326,CCc1cc2c(N(C)CCO)ncnc2s1,1.866860112
327,c1cnc(N2CCC(Cc3ccncc3)CC2)nc1,1.039255444
329,CCNC(=O)c1cc(C2CC2)nc2c1c(C)nn2-c1ccccn1,1.412443747
331,Cc1ccc(CNC/C=C/c2ccccc2)cn1,1.454646716
332,CC(C)(C)n1ncc(OCc2ccc(OCCOCCO)nc2)c(Cl)c1=O,0.913336926
333,CC(=O)Nc1ccc(Oc2ncnc3scc(-c4ccccc4)c23)cc1,1.590563209
337,O=C(c1ccc2[nH]ccc2c1)N1CCCC(c2cccc(-c3ccc(F)cc3)n2)C1,1.861886721
338,CCCCC1=NC2(CCCC2)C(=O)N1Cc1ccc(-c2ccccc2-c2nn[nH]n2)cc1,1.028327198
339,Cc1cc(Nc2ccc3c(c2)oc(=O)n3C)nc(C2CC2)n1,1.37821615
340,O=C(Cc1c(F)cccc1Cl)Nc1cccc2cnccc12,1.796761608
341,CCc1ccc(NC(=O)C2CCN(c3ccc4nncn4n3)CC2)cc1,0.686546899
342,CN(C)CCOc1ccc(-c2nc(-c3ccncc3)c(-c3ccc4c(c3)CC/C4=N\O)[nH]2)cc1,1.105237601
343,O=C(NCc1ccc(-n2cncn2)nc1)c1csc2c1CCCC2,1.344411925
344,Cc1sc2ncnc(OCC(=O)NC3CCCCC3)c2c1C,1.541304603
345,Cc1nc(C(C)C)sc1C(=O)Nc1nc(C(C)(C)C)cs1,1.444481995
346,CCOC(=O)c1c(C)[nH]c(CN(Cc2ccccc2)C(=O)c2ccccc2Cl)c1C,2.492268562
348,Cc1ccc2nc(-c3ccc(N(C)C)cc3)[nH]c2c1,2.079575551
349,Cc1nc(CC2CCN(S(=O)(=O)c3cn(C)cn3)CC2)cc(NC2CCCC2)n1,0.998172122
350,CCC(CC)NC(=O)c1ccc2ncsc2c1,0.863501301
354,COc1ccc(N2N=C(C)/C(=C(\C)Nc3ccc(S(N)(=O)=O)cc3)C2=O)cc1,0.950316164
355,c1ccc(OCc2cc(CC3(NCc4cnc5ccccc5c4)COC3)no2)cc1,2.184671561
356,Cc1nn(C)cc1CNc1nc(-c2cnccn2)nc2sc3c(c12)CCCC3,2.436401205
357,CCOc1ccc(-c2csc(N)n2)cc1,2.008761938
358,CN(C)c1cccc(C(=O)N2CCCC(c3cccc(-c4cccs4)n3)C2)c1,2.6977575
359,CNc1ncc(-c2nc(C3(c4ccccc4)CC3)nn2C(C)(C)C)cn1,1.788642017
360,N#Cc1ccc(OCCn2cccn2)cc1,0.840858554
361,OC[C@@H](c1ccccc1)n1cc(CCc2ccccc2)nn1,1.392028293
363,Cc1nccc(-c2cccc(-n3ccnc3C(C)C)c2)n1,1.549260818
364,CN(Cc1cnn(C)c1)c1ncnc2c1oc1ccccc12,1.294840836
365,Cc1cccc(NC(=O)c2cccnc2N2CCCCC2)n1,2.077709392
366,Clc1snnc1CN1CCCN(c2nc3ccccc3[nH]2)CC1,2.021615112
368,CC(C)c1nc2c(n1C)CCN(c1ncnc3ccsc13)C2,1.337279516
369,Cc1ccnc(NC(=O)CN(C)C(=O)c2ccc(Cl)cc2)c1,1.217194318
370,c1ccc(-n2cc(CNc3ncccn3)cn2)cc1,1.48814161
371,Cc1cc(C)c(C#N)c(N2CCN(CC(=O)Nc3ccccc3Cl)CC2)n1,2.096037073
374,COCCc1nc(-c2cnc(C3CC3)nc2)n(Cc2ccc(F)cc2)n1,0.906011625
377,COc1ccc(Br)c(-c2nnc(N)o2)c1,1.215426048
378,CCCn1ccnc1CNc1nc2c(s1)c(C)nn2C,0.829239428
379,Cc1nn(C)c2nc(N3CCN(C)C[C@@H]3c3ccccc3)sc12,1.266419866
381,Cc1nc2ccccn2c1CC(=O)NCCCSc1ccccc1,1.891241881
382,COc1ccccc1CNC(=O)c1cnc(C2CCN(C(=O)C(C)(C)C)CC2)nc1C,2.339254623
383,CCOC(=O)N1CCC(Nc2nc3ccccc3s2)CC1,0.914660431
384,CCOc1ccc(-c2ccccc2NC(=O)COC)cc1,2.59989944
385,Cc1ccc(-n2nc(C(=O)N3CC(O)C3)c3c2CCCC3)cc1,1.726824975
386,CNC(=O)c1cnc(/C=C/c2csc(-c3cccs3)n2)s1,1.535926741
387,Cc1ccc(-c2nc(C(=O)N3CCc4ccccc4C3)cs2)o1,2.271330371
389,CC(=O)NC1CCN(Cc2cccc(-c3cccnc3)c2)CC1,0.781180721
391,Cn1c(-c2ccccc2)cnc1NCc1ccccc1,2.704214884
393,COc1ccc2c(c1)C=C(CN1CCC(c3cc(-c4ccc(N)nc4)cc(C)n3)CC1)CO2,1.637939802
395,CSCCc1nc(-c2cc(C)nc3cc(F)ccc23)n(CCO)n1,1.229015943
396,CCOc1ncccc1-c1cc(Cl)ccc1O,1.77755006
397,Cc1nc(NC(c2nccn2C)C2CC2)c2sccc2n1,1.64086885
399,CCCn1ncc2ccc(C3CCCN(CC(=O)N4CCCC4)C3)nc21,1.44120795
400,CC1CCC(NC(=O)c2oc3ccccc3c2CS(C)=O)CC1,1.181729285
401,CCN(c1cc(-c2ccc(CN3CCOCC3)cc2)cc(C(=O)NCc2c(C)cc(C)nc2O)c1C)C1CCOCC1,2.116381905
403,CN(Cc1n[nH]c2c1CCCC2)c1nccnc1C#N,1.597409949
404,COc1ccc2c(c1)CN(C(=O)c1cc(C3CC3)[nH]n1)CC2,1.800201391
405,COc1ccc(C(=O)c2ccccc2)c(Oc2nc3c(c(=O)n(C)c(=O)n3C)n2C)c1,1.333265861
406,COc1ccc(OC)c(-c2cc(C(=O)N3CCCN(C(C)=O)CC3)no2)c1,1.109004508
407,Cc1cc(C)cc(C(=O)Nc2nn(C(C)(C)C)cc2C#N)c1,1.049992857
410,Cc1ccc(Cn2nc(C(=O)N[C@@H]3C(C)(C)[C@@H]4CC[C@@]3(C)C4)cc2-c2ccc(Cl)c(C)c2)cc1,2.256580655
411,Cc1cccc(-c2ncc(CNCc3ccccc3-n3cccn3)cn2)c1,2.481132922
412,COc1cccc(OC)c1-c1cc(C(=O)N[C@@H](CC(C)C)C(=O)O)nn1-c1ccnc2cc(Cl)ccc12,0.97735773
413,Clc1ccc(-c2ccc(CNCC3CCCO3)o2)c(Cl)c1,1.743149009
414,O=C(c1cccc(Cl)c1)N1CCN(C(=O)c2ccc3ccccc3c2O)CC1,1.459377408
416,NC(=O)C1(Cc2ccc(-c3cccnc3)cc2)CCN(Cc2cccc(Cl)c2)CC1,2.261786087
417,CN(CC(=O)Nc1cccc(F)c1)C(=O)c1cccc(C#N)c1,1.422031431
418,CC(=O)N1CCC(Nc2ncnc3cc(-c4ccc(Br)cc4)sc23)CC1,0.806654724
420,COC(=O)CC1=NN(c2ccc(OC)cc2)C(=O)/C1=C(/C)NCc1ccc(OC)cc1,2.43432774
421,Cc1ccc2nc(C)c(C(=O)N3CCC(C(=O)Nc4ccncc4)CC3)cc2c1,1.324817275
424,CCc1ccccc1NC(=O)Cn1nc(C)cc1C,1.401934464
426,CC(C)n1cc(-c2ccc3c(c2)N(C)CC3)c2c(NS(=O)(=O)c3ccn(C)n3)ccnc21,1.84221595
427,O=C(Cc1cccc2ccccc12)NCc1nnc2n1-c1ccccc1CC2,2.378554146
430,CNC(=O)c1ccc(CN(C)c2c(F)cc(C#N)cc2F)cc1,1.058995094
431,CC(C(=O)Nc1ccccc1)N1CCCN(c2nccs2)CC1,2.662653022
432,O=C1CCCN1c1ccc(CN2CCC(c3noc4cc(F)ccc34)CC2)cc1,1.426136989
435,CCc1noc(C2CCC(NCC3CCC(F)(F)CC3)CC2)n1,1.735774498
436,COC(=O)N1CCCN(C(=O)c2ccc(-c3ccccc3Cl)o2)CC1,2.241150355
438,COc1ccc(F)c(CN2CCC(Cc3noc(C)n3)CC2)c1,1.304576689
439,Cc1ccc(C)c(-n2c(S)nnc2-c2ccc(O)cc2)c1,0.740204736
440,CCN1CCC(Nc2ncnc3c2cnn3C)CC1,1.802363174
441,CN(CC1CCCC1)C(=O)Nc1ccccc1N1CCOC1=O,1.652110905
443,O=C(NCCc1ccc2c(c1)OCCO2)c1ccc2ccccc2n1,2.090864442
444,CC(C)(C)c1csc(CCNC(=O)N2CCSCC2)n1,2.105251234
445,CS(=O)(=O)CCNc1ccc2ccc(F)cc2n1,1.193068916
446,COc1cccc(NC(=O)CNc2cccc(-c3ccnc(C)n3)c2)c1,1.786687551
447,O=S(=O)(Nc1cccc(-c2nc3ccccc3[nH]2)c1)c1ccc(Cl)cc1,1.300117018
448,Cn1ncc2cc(-c3ccnc4[nH]ccc34)ccc21,2.068119042
449,COc1cc(CNc2nnn[nH]2)cc(Br)c1OCc1ccc(Cl)cc1,1.020858282
452,O=C(CCc1nnc(-c2ccsc2)o1)N1CCCc2cc(F)c(F)cc21,2.032457583
453,Cn1ccnc1CCNC(=O)c1cccc2cccnc12,1.058843415
455,Cc1nn(C)c(C)c1CCC(=O)N1CCCc2ncccc21,1.902481549
456,Nc1nc2ccccc2n1CCCc1ccccc1,1.12577395
457,Cc1ccc2c(CC(=O)NCc3cccs3)coc2c1,2.086156875
458,CC(=O)NC1(C(=O)N2CCCN(C3CC3)CC2)CCC(C)CC1,1.442181775
459,O=C(c1cccc(CNc2ccc3nccnc3n2)c1)N1CCCCC1,1.14213908
460,CC(C)CN(c1ncnc2c1cnn2C)C1CC1,1.703334375
461,O=C(CCc1ccccc1)N1CCC(c2cccc(Cc3ccc(F)cc3)n2)CC1,3.000683042
462,Cc1ccc(-c2ccc(-c3nccn3CCCn3cnnc3)o2)cc1,1.196037941
463,CCc1cc(NCc2cccc(OCCOC)c2)ncn1,0.967641564
465,Cn1c(=O)n(Cc2cccc(OC(F)F)c2)c2cnccc21,1.017033339
467,CCOC(=O)CNC(=O)c1ccc(O)cc1O,1.535686454
468,N#CC1(C(=O)N2CCN(Cc3ccccn3)CC2)CCCCC1,1.030680664
469,N#Cc1cccnc1NCCc1cn2c(n1)CCCC2,1.059714846
472,Cc1sc2nc(CN3CCC(C)CC3)nc(N3CCN(c4cnccn4)CC3)c2c1C,2.357942466
474,Cc1ccncc1-c1ccc(-c2ccn[nH]2)cc1,1.02201574
478,Cc1nn(C)c2ncc(C(=O)Nc3ccc4c(c3)CCO4)cc12,0.909502541
481,CCOCC(=O)NCc1cc(C2CC2)n(C2CCCC2)n1,1.340741475
483,CN(C)C1(CNC(=O)N2CCCC(C)(C)CC2)CCOCC1,0.92556991
484,CCc1noc(CN2CCCN(C(C)=O)c3ccccc32)n1,1.707289071
488,Cc1ncc2c(n1)CN(CCCc1nc3ccccc3o1)CC2,1.926902963
489,COc1cc(Br)c(Nc2nc(-c3c(C)nc4ncccn34)cs2)c(Br)c1,1.880035738
490,Cc1ccnc(-n2nccc2NC(=O)N2CCCN(C)CC2)c1,1.121494186
491,O=C1Oc2nc3cc4c(cc3cc2CN1CCN1CCOCC1)OCO4,0.71432976
492,Cc1nc2ccc(NC(=O)c3sc(-c4ccccn4)nc3C)cc2s1,1.009025742
496,CC(C)c1nc(O)c2nnn(C[C@@H]3CCCN(Cc4cccs4)C3)c2n1,1.506505032
497,O=C(/C=C/c1ccc(Cl)cc1)N1CCC2(CC1)CN(Cc1ccc(Cl)c(Cl)c1)C(=O)O2,1.358296608
498,Cc1cc(N)n(-c2ncnc3sc(C)c(-c4ccc(Cl)cc4)c23)n1,1.974212235
499,CC(C)C[C@@H](C(N)=O)n1ccnc1-c1cccc2ccccc12,2.517362192
501,CCc1ccc2nc(C)cc(C(=O)N3CC(c4cccnc4)C3)c2c1,2.156424963
504,CCn1nc(Cc2ccc(OC)cc2)nc1Cc1sc(C)nc1C,1.330170175
506,O=C(Cn1nc2n(c1=O)-c1ccccc1C1=NCCN12)N1CCCc2ccccc21,2.408785883
507,Cc1ccccc1OCCn1c(N)nc2ccccc21,1.280305143
509,Clc1cccc(-c2nnc(Cn3cnc4ccccc43)o2)c1,0.859198362
511,CCCN(C(=O)c1c(CC)noc1C)C1Cc2ccccc2C1,2.259849412
512,O=C(c1ccccc1)N1CCN(C(=O)c2ccc(-c3ccccc3Cl)o2)CC1,2.09871985
513,O=C(NCCN1C(=O)CSC1=O)c1cc(Cl)c2c(c1)OCO2,1.114210528
514,CCc1ccc(-c2nccn2Cc2c(C)nn(CC)c2C)o1,2.391108084
515,COc1ccc(Nc2ncnc3sccc23)c(OC)c1,1.951084836
516,Cc1cccc(C(=O)NCC#Cc2ccccc2)n1,1.582381577
517,CN(CCc1ccccn1)c1cnc2ccccc2n1,1.936086275
518,Cc1ccc(Cn2nc(C)c(C(N)=O)c2Cl)cc1,0.860397905
519,O=c1cc(CN2CCCCc3ccccc32)[nH]c2ccnn12,1.534609852
520,O=C1CN(C(=O)c2cccc(Oc3cccc(C(F)(F)F)c3)c2)CCN1,0.720407401
521,O=C(Nc1ccn(Cc2ccc(O)cc2C(F)(F)F)n1)c1c(F)cccc1F,1.222690465
522,CC(C)CC(=O)N1CCC(Cc2cccc(-c3cncnc3)c2)(C(=O)NC(C)C)CC1,2.299814443
523,Fc1ccc2[nH]c(CO[C@H]3CN(Cc4ccccc4)C[C@H]3F)nc2c1,1.94888222
524,Cc1ccc(CN2CC[C@H](c3nnc(-c4ccccc4F)o3)C2)o1,1.442401369
525,O=C(CSC1CCCC1)N1CCC(Cn2cccn2)CC1,1.872517549
526,CN(C)C(=O)c1sc2nc(C3(C)CCN(c4ncccn4)CC3)ccc2c1N,1.505651841
527,CSc1ccc(NC(=O)Cn2nc(C3CC3)ccc2=O)cc1,2.243856233
529,Cc1nc2cc(NC(=O)CCc3c(C)nc4c(c(C)nn4C)c3C)ccc2o1,1.383833312
530,O=C(NCCc1ccc2c(c1)OCO2)N1CCc2sccc2C1,2.214290034
531,COc1ccc(C(=O)C2CCN(CC(=O)N(Cc3nc4c(c(=O)[nH]3)COCC4)CC3CC3)CC2)cc1,1.035509785
532,N#Cc1cc(-c2n[nH]c(-c3ccncc3)n2)ccn1,0.948706309
533,Cc1ccc(C(=O)Nc2ccccc2-c2ccccc2)o1,2.410677714
534,CN(CCN1CCOC1=O)C(=O)c1cc2cc(Br)ccc2o1,1.121494186
535,CC1(C)OCCn2c1nc1c(N3CCOCC3)nc(-c3cnc(N)nc3)nc12,0.788168371
537,CCSCc1nc(N)c2ccccc2n1,1.481471294
538,CNC(=O)c1sc2ncccc2c1[C@H]1CC[C@H](CNC(=O)COc2ccccc2)CC1,2.011138895
539,O=C(C1CCC1)N1CCC(c2ncc(-c3ccc(F)c(F)c3)[nH]2)CC1,1.635182049
542,CSc1cccc(-c2ccccc2-c2nnc(C)o2)c1,2.161347036
543,O=C(c1cc(-c2cccc(Cl)c2)on1)N1CCC(n2cccc2)CC1,1.188759793
545,Cc1ccc2c(C(=O)N(C)C)cc(-c3cnc(C(C)C)nc3)nc2c1C,1.222742476
546,COc1ccc2nc(CN3CCC(O)(c4ccc(C)cc4)CC3)ccc2c1,1.648516134
547,Fc1ccccc1CN1CCN(c2ncccn2)CC1,1.927878283
549,O=C(c1noc2c1CCCC2)N1CCN(c2ncccn2)CC1,1.013805927
550,CN(Cc1ccc2c(c1)OCO2)Cc1ccccc1C#N,1.943261973
552,CC1(C)CN(CC(=O)NCC#N)c2cccc(Cl)c21,1.327174959
555,Cc1csc(N(C(=O)c2cc3c(C)nn(C)c3s2)C2CC2)n1,2.081761239
556,CC(=O)Nc1cccc(OC(=O)N2CCOCC2)c1,0.877428941
557,Cc1cccnc1CNc1ccc(C#N)cc1F,1.517354274
558,CC(C)n1nccc1-c1ncccc1COc1cccc(O)c1C=O,2.17668439
560,O=C(Nc1ccc(F)cc1F)N1CCn2c1nc1ccccc12,1.894703653
564,COCc1ccccc1CNc1ccc2cc(C#N)ccc2n1,1.867820908
565,Cc1csc(CN(C)c2ccnc(N(C)C)n2)n1,1.073058161
566,Cn1cc(C#N)cc1-c1nc(C2CC2)nn1CCc1ccccc1,2.263813537
569,CCc1ccccc1NC(=O)CCn1ccnc1-c1ccc2c(c1)OCO2,2.100329182
571,CCn1ccc2cc(C(=O)N3CCN(c4ccc(C)cc4)C(=O)C3)ccc21,1.079904468
572,Cn1cc(-c2nnc(NCc3ccc4ccccc4c3)o2)cn1,0.853637382
574,CCc1c(N)cnn1-c1ccccc1C,0.909235003
575,Cn1ccc(C(=O)N2CCCC(c3cccc(-c4cccc(Cl)c4)n3)C2)n1,1.799071617
576,CCN(CC)S(=O)(=O)c1ccc2c(c1)CCN2CC(=O)NCc1ccccc1F,2.527626035
578,O=C(Cc1csc(-c2ccccn2)n1)NC1CCCCCC1,1.939499285
579,CN1C(=O)N(CC(=O)Nc2ccccc2-c2ccccc2)C(=O)C1(C)C,1.330088946
580,Cc1nc(Cl)cc(Nc2ccc3c(c2)N(C)C(=O)CO3)n1,1.538598866
582,CCOC(=O)C1(Cc2cc(-c3ccc(F)cc3)no2)CCN(Cc2ccccc2O)CC1,2.190611798
583,COc1cc(CN2CCC(c3ccnc(C)n3)CC2)ccc1F,1.050689028
584,Oc1ccc(CN2CCN(c3cccc(Cl)c3)CC2)cc1,1.526093625
587,Cc1ccc(NC(=O)c2cccc(N(C)C)c2)cc1NC(=O)c1ccc(O)cc1,1.657199319
589,COc1ccc2c(c1)C=C(CN1CCC(c3cc(-c4cncnc4)cc(C)n3)CC1)CO2,1.69720318
590,Cc1cc(N2CCN(C(=O)OC(C)(C)C)[C@H](C)C2)ncn1,0.975891136
591,O=C(C(c1ccccc1)c1ccccc1)N1CCOCC(Cc2ccc3cnccc3c2)C1,2.60607381
594,Cc1cc(NC(=O)c2cccs2)no1,1.597804842
595,Cc1csc(N(C(=O)c2ccc(-n3cncn3)c(F)c2)C2CC2)n1,1.217483944
597,CCc1ccccc1NC(=O)c1cc(C)nc2onc(C)c12,1.71393553
598,Cc1cc(C(=O)N(C)Cc2ccsc2)no1,1.042575512
602,COc1ncnc2c1CN(Cc1c[nH]nc1-c1ccc(F)cc1)CC2,1.849271962
604,CN1CCC(n2ncc3[nH]c(-c4ccc5ccccc5c4)nc32)CC1,1.36890023
605,O=C(Cc1ccc2c(c1)CCC2)Nc1nc2ccccc2o1,2.052963129
606,Cc1cc(C(=O)Nc2c(C)nn(C(C)C)c2C)c2ccc(F)cc2n1,0.831357785
607,COCc1cc(-c2nc(CCc3ccccc3)n[nH]2)ccc1OC,1.847788519
609,COc1ccccc1CNc1n[nH]c2nc([C@H]3CCCN(CC(=O)N4CCCC4)C3)ccc12,1.360233561
610,Cc1ccc2nc3c(c(C(=O)NCc4cnn(C)c4)c2c1)CCCC3,1.567155811
611,Clc1cc2ncc(-n3ccnc3)nc2cc1Cl,1.226032503
612,CN(Cc1ccncc1)Cc1cc2ccccc2nc1O,1.187577119
615,CN(CC(N)=O)Cc1cc2c(cc1Br)OCO2,1.016991578
616,CC(C)c1nc2c(n1C)CCN(C(=O)c1cccc(C(F)(F)F)c1F)C2,1.51506541
619,N#Cc1ccc(N2CCc3c(ncn3C3CC3)C2)nc1,1.126358727
620,O=S(=O)(Cc1csc(C2CCCC2)n1)C1CCCC1,1.967187475
625,CC1CCN(C(=O)c2n[nH]c3ccccc23)CC1,1.329682569
626,CN(Cc1cccnc1)Cc1ccc(C#N)o1,0.990116766
628,Cc1ccc(CCNC(=O)N2CC(C)(C)OC(C)(C)C2)cn1,0.818357878
629,CS(=O)(=O)N(CC(=O)Nc1ccccc1C(=O)NCc1ccco1)c1ccc(F)cc1,2.118535869
630,Cc1ccc(F)cc1CNc1cc(C(=O)N(C)C)ccn1,1.046104787
631,COCCc1nc(CCCn2cccn2)n(C2Cc3ccccc3C2)n1,1.399483352
632,Cn1nc(-c2cn(Cc3ccc(CO)cc3)nn2)c2c(Cl)cccc21,1.001171015
634,CSCC[C@@H](CO)n1ccnc1-c1oc2ccccc2c1C,2.22299984
635,Cc1nn(-c2ccccn2)c2nc(C3CC3)cc(C(=O)O)c12,0.689220037
637,OCc1ccc(Cn2cc(-c3cc(F)ccc3-n3cccn3)nn2)cc1,1.19044376
640,O=C(Nc1ccc2c(c1)OCCCO2)c1cnn(Cc2ccccc2)c1,0.781611782
642,COc1ccc(Nc2nc(N)nc(CN3CCN(Cc4ccccc4)CC3)n2)cc1,1.398183146
645,Cc1ccc(CNC(=O)CN2CCC(n3nnc4cc(C)ccc43)CC2)cc1,2.189582946
646,COC(=O)N1CCCN(C(=O)C(=O)Nc2cccc(C(C)C)c2)CC1,1.82087111
648,CCN1CCC(Nc2nc(C)cc(C)c2C#N)CC1,0.827821428
649,CS(=O)(=O)CCNC(=O)N1CC2(CCCC2)c2ccccc21,0.984302232
650,O=C(COCC1CC1)N1CCCc2ncccc21,1.139060079
652,O=C(NCCNC(=O)c1cc(-c2ccccc2)nc2ccccc12)c1ccco1,1.767608484
653,O=C(NC1CCCC1)C(=O)c1ccc2c(c1)CCC2,2.212131649
655,COCc1ccccc1CNc1ccc2nnc(-c3ccccc3)n2n1,2.006217803
656,CN1C(=O)N(CC(=O)NCc2ccc(Cl)cc2)C(=O)C12CCCCC2,2.900687678
657,Cc1ccccc1OC1CCN(C(=O)Nc2ccc3c(c2)ncn3C)CC1,1.058350092
658,CC(C)c1nnc(CN2CCN(c3ccccc3Cl)CC2)o1,1.958988892
659,O=C(Nc1ccc(S(=O)(=O)Nc2ccnn2-c2ccccc2)cc1)c1ccco1,0.908699432
661,COc1ccc(-c2nnc3ccc(C(F)(F)F)cn23)cc1OC(C)C,1.494766629
662,COCC(=O)Nc1nc(C)c(C)s1,1.277288245
663,Cc1ccc(NC(=O)Cc2c[nH]c3ccccc23)cc1,1.706248252
665,Cc1nc(NCc2ccc(F)c(Cl)c2)n(C)n1,0.890253305
670,CCn1cc(CN2CCC(c3nc(N(C)C)ncc3-c3ccc(OC)cc3)CC2)c(C)n1,2.197947343
671,Cc1ccc(C)c(C(=O)Nc2cnc3c(c2)c(C)nn3C)c1,0.814380794
673,O=C(c1ccc(Cn2nnc(-c3cccc(F)c3)n2)cc1)N1CCCC1,1.084039781
674,Cc1ccc2nc(C)c(C(=O)NOCc3ccccc3)cc2c1,1.284453294
675,Cc1ccc(C(=O)C(=O)NC2CCCC2)cc1,2.016958166
676,O=C(CN1CCCC(c2cccc(-c3cccc(Cl)c3)n2)C1)N1CCCC1,1.711284074
677,COc1cccc(CNc2ncc(-c3ccccc3)n2C)c1,2.972102356
678,O=C(CN1CCCC(c2cncc(-c3cccc(Cl)c3)n2)C1)N1CCCC1,1.937327282
679,Cc1nc2ccccc2c(N)c1C(=O)/C=C/c1ccccc1,1.69904817
680,O=C(NC[C@H]1COCc2nc3ccccc3n21)c1ccncc1,1.275495631
681,CCc1ccccc1-c1cn(CCc2cnccn2)nn1,1.393329472
683,CN1CCN(CCOc2ccccc2N)CC1,0.904499155
686,Cc1ccc(C(=O)C(=O)Nc2c(C)nn(C)c2C)cc1,1.300073495
687,CCCn1ncnc1-c1ccccc1SC,1.916432891
688,O=C(CCc1cccs1)Nc1ccc(N2CCOCC2)cn1,1.335197045
690,CC(C)C(=O)Nc1ccc2cnn(C(C)C)c2c1,1.145910834
691,O=C(c1ccccc1-n1cccn1)N1CCN(Cc2cccnc2)CC1,1.748141493
694,Cc1c(-c2ccc(O)cc2)n(Cc2ccc(OCCN3CCCCCC3)cc2)c2ccc(O)cc12,1.694429691
695,c1ccc2c(c1)CN(c1cnc3ccccc3n1)CCN2,1.972836686
696,N#Cc1cccnc1NCCc1ccc(F)cc1,2.251881455
697,N#CCCCN1CCC(c2c[nH]c3ccccc23)CC1,1.376668186
701,Cc1nc2cc(NC(=O)Cc3c(C)nc4ccccc4c3C)ccc2o1,0.932270776
702,C[C@@H](c1ccc2ccc(O[C@H]3CC[C@@H](C(F)(F)F)CC3)c(C(F)(F)F)c2c1)N1C2CCC1CC(C(=O)O)C2,0.879841056
704,Cn1c(CNC(=O)Cc2cccc3ccccc23)nc2ccccc21,2.272319764
705,CS(=O)(=O)CCc1nc(C2(c3ccccc3)CC2)nn1-c1ccccc1,0.7513561
706,Cc1nc2ncccn2c1C(=O)N(CC#Cc1ccccc1)C1CCCC1,1.804405246
707,CC(C)c1noc2nc(C3CC3)cc(C(=O)N3CCN(C)C(=O)C3)c12,0.888235673
708,O=c1[nH]c2ccccc2n1C1CCN(Cc2nnsc2Cl)CC1,1.841709768
709,COc1ccc2nc(C)nc(N3CC(O)(c4ccc(F)cc4)C3)c2c1,1.429832996
710,Fc1ccc(F)c(CN2CCN(Cc3ccc4c(c3)OCO4)CC2)c1,2.020460728
711,c1cc(CN2CCC(c3ccn[nH]3)CC2)ccn1,0.771587481
712,Cc1[nH]c2ccc(Cl)cc2c1CC(=O)N1CCC(Cc2ncncc2C(N)=O)CC1,2.552589136
713,O=C(NCCN1CCC(c2ccccc2)CC1)c1ccc2ncsc2c1,1.182072104
714,c1ccc(-c2noc(NCC3CCC3)n2)cc1,2.075900822
715,c1ccc(-c2n[nH]c(C3CCN(c4cnc5ccccc5n4)CC3)n2)cc1,1.02796086
716,CO[C@H]1CC[C@H](C(=O)NC[C@H]2CC[C@H](c3nnc(-c4nccc5ccccc45)o3)CC2)CC1,2.011430872
717,COc1cccc(OCCCn2cncc2-c2cc3c(cc2OC)OCCCO3)c1,1.22172713
718,COc1ccc(-c2nc(CC(N)=O)sc2C)cc1.Cl,2.220395778
719,O=C1NCCCCC1NC(=O)N1CCc2sccc2C1,0.685204134
722,Cc1nccn1-c1ccc(F)cc1CNC(=O)C(C)C,0.92319219
724,COc1ccc(CNCc2cccc3ccccc23)cc1,2.286790932
725,O=C(NCc1ccccc1)c1ccc(NS(=O)(=O)c2ccc(C3CCCCC3)cc2)cc1,1.908683355
726,Cc1noc(NCc2cccc(-c3cccnc3)c2)n1,1.311690301
729,O=C(CCNc1ncccn1)N1CCc2ccccc2C1,1.394083776
732,Cc1noc([C@@H]2C[C@H](NC(=O)c3ccc(F)cc3)CN2C)n1,0.837714668
733,Cc1ccc(F)cc1NC(=O)c1cnc2onc(C(C)C)c2c1,1.467474911
735,Cc1ccsc1CN(C)C(=O)[C@@H]1CCCN1C(=O)NC(C)C,1.114644339
736,CC(C)NC(=O)c1cc(-c2ccccc2)n(-c2ccccn2)n1,0.909181476
738,Cc1cc(C)c2c(N(C)CCC(C)C)ncnc2n1,1.154180432
739,CN(CC(=O)NC1CC1)C(=O)C1C2CC3CC(C2)CC1C3,1.336679827
741,CN1CCCN(c2nc(C(F)(F)F)nc3cc4c(cc23)OCO4)CC1,1.347661709
742,CCn1nccc1CNc1nnc(-c2ccc(OC)cc2)o1,0.821120324
743,Fc1cncc(-c2cnc(NCc3ccc(Cl)c(F)c3)nc2)c1,1.174350597
744,O=C1CCC(=O)N1CCN1CCCCc2ccccc21,2.08705699
745,O=C1CC2(CCN(C(=O)NCc3ccccc3)CC2)Oc2ccccc21,1.336619813
746,O=C(NC1CCCC1)N1CCN(c2nccn3nc4c(c23)CCCC4)CC1,2.072062313
747,O=C(Cc1ccccc1F)N1CCN(c2nccn3nc4c(c23)CCCC4)CC1,2.121999497
748,CO[C@@H](C(=O)Nc1cc2c(C)cc(=O)oc2cc1C)c1ccccc1,1.10761693
749,CCC(=O)NCc1cc(C2CC2)n(C2CCCC2)n1,1.002856926
750,O=C(Nc1nccs1)c1c2c(nc3ccccc13)CCC2,1.119816546
751,CC(C)(C)c1ccc(C2=NC3(CCNCC3)NC2=O)cc1,0.814247596
752,O=C(CSc1ncn[nH]1)N(C1CCCCC1)C1CCCCC1,2.077872774
753,O=C(CCCc1cc(Cl)sc1Cl)N1CCC(O)CC1,1.718983049
754,Cc1cc(C)n(-c2ccc(CNC(=O)C3CCC3)cn2)n1,0.987934265
755,CN1CCC(NS(=O)(=O)C2CN(C(=O)c3cccc(Cl)c3)C2)CC1,0.69399061
756,O=C(NCc1ccc2c(c1)OCCO2)c1sccc1C1CC1,2.167981563
758,O=S(=O)(N1CCOCC1)N1CCN(Cc2ccccc2F)CC1,1.322880573
761,CC(=O)N1CCN(CCNC(=O)N2CCc3sccc3C2)CC1,1.005952287
762,CC(C)NC(=O)N1CC[C@H](NC2=Nc3cc(F)ccc3N(CC(F)F)c3ccc(Cl)cc32)C1,2.255940322
763,Cc1ccccc1CC(=O)N1CCN(C(=O)c2ccccc2)CC1,0.786751422
764,O=C(Nc1ccccc1-n1ccnc1)c1cccs1,1.042457375
765,Cc1nc2c(c(N(C)Cc3ccccc3)n1)CCN(Cc1ccccc1)C2,2.817525045
766,CSc1ccc(-c2ccc3n(c2=O)C[C@@H]2CNC[C@H]3C2)cc1,0.699490845
770,CCc1ncc2c(n1)CN(c1ccnc(-c3ccccc3)n1)CC2,1.557338745
771,CON(C)C(=O)c1cccc2c(C)c(C)[nH]c12,2.051449671
772,CC(C)c1nnc(-c2ccc(-c3ccccc3)nc2)n1-c1cccc2nonc12,0.917610526
773,O=C(C1CC1)N1CC[C@@H](Cc2n[nH]c(=O)n2-c2ccc(-c3ccc4occc4c3)cc2)C1,1.309417226
774,N#Cc1ccccc1-c1ccc(-c2nccn2-c2cccnc2)o1,1.943993816
775,Cc1cc(CNc2ncc(C(F)(F)F)cc2Cl)no1,1.810326627
776,COCCNC(=O)CN1CCN(c2nccn2-c2cccc(Cl)c2)CC1,0.702344358
778,CCCn1ncc2[nH]c(-c3cc(Cn4cncn4)c(C)cc3C)nc21,1.713624927
779,CCc1nnsc1C(=O)Nc1cccc(-c2nnc3n2CCCCC3)c1,1.174699288
780,OC1CCN(c2ncc(-c3cnccn3)c(-c3cccs3)n2)CC1,0.845903839
783,CCC1(CC)NC(=O)N(CC(=O)N2CCOCC3(CCCC3)C2)C1=O,1.486246237
785,Cc1oc(C)c(C(=O)Nc2ccn(C)n2)c1C,1.877521077
786,CN(C)c1ccc(Cn2c(=O)[nH]c3ccccc3c2=O)cn1,0.960470778
787,Cc1nc(C)c2c(C)c(C(=O)N(C)Cc3ccc(C)o3)sc2n1,1.556037017
791,CC(C)(O)C(=O)N1CCC(c2ccc3c(NCc4ccccc4F)n[nH]c3n2)CC1,0.921842481
792,CCCc1cc(N2CCc3c(nc(C(C)C)n3C)C2)n2ncnc2n1,1.155244917
793,CN(Cc1c(F)cccc1Cl)C(=O)c1ccc(-n2ccnc2)nc1,1.419294722
794,Cc1sc(NC(=O)CN2CCOC(C3CCCO3)C2)c(C)c1C,1.10561236
795,Cn1ccnc1CNc1cc(Br)ccc1-n1cccn1,1.49931585
796,O[C@@H]1CO[C@H]2C[C@@H]1Nc1c(-c3ccccc3)cccc12,1.176987875
797,O=C(NCCNc1ncccc1C(F)(F)F)c1cnc2ccccn2c1=O,1.444372736
800,Cc1ccc(NC(=O)OC(C)(C)C)c2c1N(C(=O)[C@H]1CCCO1)CCC2,1.526093625
802,Cc1nc([C@H]2CC[C@H](CNC(=O)CN3CCC(c4ccccc4)CC3)CC2)ccc1C(N)=O,1.57209289
803,O=C(NC1(c2ccccc2)CCC1)c1cc(C2CC2)on1,0.911743378
804,CN(Cc1nnc(C2CC2)n1C)C(=O)C1C2CC3CC(C2)CC1C3,1.679164333
805,CN(Cc1nc(N)c2ccccc2n1)Cc1ccc(F)cc1F,1.732417887
806,CCCCCNC(=N)N/N=C/c1c[nH]c2ccc(OC)cc12,1.013300787
807,COc1ccc(CCn2c(C3CC3)n[nH]c2=O)cc1,0.745387121
808,Cn1c(=O)n(C)c2cc(CN3CCC(c4ccc(Cc5ccccc5F)cn4)CC3)ccc21,1.928616017
813,Cc1cccc(NC(=O)c2cccc3ncccc23)c1,1.345863629
814,CCN(Cc1ccncc1)[C@@H]1CN(C(=O)c2ccccc2)C[C@H]1O,1.654744316
816,COCCS(=O)(=O)N1CCC2(Cc3ccccc3C2)C1,1.282576801
817,Cc1cnn(Cc2nnc(-c3ccccc3)s2)c1,1.643383579
818,Cc1cc(N(C)Cc2ccc(N)nc2)nc(-c2ccncc2)n1,1.645746395
819,O=C(NCC1CCC1)c1ccc(-n2ccnc2)nn1,0.920384242
820,CC1(c2nnc(-c3cc(-c4ccccc4)n[nH]3)o2)CCOCC1,1.129883155
821,COc1ccc2nc(C)c(C(=O)Nc3ccccc3N3CCCC3)cc2c1,2.258905342
822,Cc1nnsc1CN(C)c1ccc2cc[nH]c2n1,1.594094078
825,COc1ccc(NC(=O)c2snnc2C)c(OC)c1,1.534495703
826,Cc1ccc(F)c(N(C#N)Cc2nccn2C(F)F)c1,1.299005816
827,CC(=O)N1CCCN(C(=O)Nc2ccc(N(C)C3CCCCC3)c(F)c2)CC1,2.01371757
828,O=S(=O)(c1cn[nH]c1)N1CCCC(c2cccc(-c3cccc(Cl)c3)n2)C1,1.721192109
829,CN(C)c1ncn(-c2cccc(N)c2)n1,1.185797047
830,Cc1ccc(-n2nc(C(C)(C)C)cc2NC(=O)Nc2ccc(OCCN3CCOCC3)c3ccccc23)cc1,2.572145236
831,c1ccc(-c2cc3c(N4CCC(c5ncc[nH]5)CC4)ncnc3s2)cc1,2.067625
832,C=CCNC(=O)C1(Cc2ccc(-c3ccccc3)cc2)CCN(C(=O)c2cccnc2)CC1,1.884631128
833,Cc1ccc(-c2nc(CN3CCOCC3)n(Cc3ccc(F)cc3)n2)o1,1.992496079
836,Cc1cccc(NC(=O)c2ccc3ccccc3c2)n1,1.962748053
837,c1ccc(-c2c(-c3ccc(OCCN4CCCC4)cc3)[nH]c3ncnc(NCC4SCCS4)c23)cc1,1.904109382
838,O=C(Nc1cccc(-c2cnco2)c1)C1(c2cccc(F)c2)CCOCC1,1.818252294
840,Cn1cc(CCNC(=O)N2CCc3sccc3C2)cn1,1.177334456
841,Cc1cc(CCCC(=O)NC[C@H]2CC[C@H](c3ccc(C(N)=O)c(C)n3)CC2)ccc1F,2.329509744
842,COC1CCN(C(=O)Nc2cc(C(F)(F)F)cc(C(F)(F)F)c2)CC1,1.777847138
844,CC(C)(C)Sc1c(CC(C)(C)C(=O)O)n(Cc2ccc(Cl)cc2)c2ccc(OCc3ccc4ccccc4n3)cc12,1.458411201
845,Cc1ccc2c(CC(=O)N(C)Cc3nnc4n3CCC4)coc2c1C,1.562138157
846,CC(C)(C)c1nnnn1CC(=O)NC12CC3CC(CC(C3)C1)C2,1.75869242
848,COc1cccc(CC(=O)Nc2ccc3nc(C)sc3c2)c1,1.52748812
849,Cc1cc(C)c(CC(=O)N2CC(CO)C2)c(C)c1,0.698448538
850,CC(C)C[C@@H](CO)n1cc(-c2ccccc2Cn2cccn2)nn1,2.003417445
852,CC(C)c1nc2c(n1C)CCN(c1ncnc3ccccc13)C2,1.54333533
855,Cc1cc(C(=O)NCCc2ccccn2)c(C)s1,1.799850374
857,Cn1c(-c2ccc(F)cc2)cnc1NC(=O)CCC(=O)N1CC(=O)Nc2ccccc21,1.606972206
861,NC(=O)c1ccccc1NC(=O)CN1CCCC(c2nc3ccccc3o2)C1,2.098650647
862,COc1cc2c(cc1OC)CN(C(=O)C1CCCN(S(=O)(=O)c3ccc(F)cc3)C1)CC2,2.174803841
863,O=C(c1cccc2ccccc12)N1CCCC(C(=O)N2CCc3ccccc3C2)C1,2.842470693
864,CCCS(=O)(=O)N1CCCC(C(=O)N2CCc3ccccc3C2)C1,1.792433716
865,O=C(CN1CCCC(c2nc3ccccc3o2)C1)Nc1ccc(OC(F)(F)F)cc1,2.126232092
866,CC(C(=O)Nc1ccc(C(N)=O)cc1)N1CCCC(c2nc3ccccc3o2)C1,2.262629043
867,Cc1ccc(NC(=O)CN2CCCC(c3nc4ccccc4o3)C2)cc1C,2.334206374
869,CN(C(=O)C1CCN(c2ncccn2)CC1)C1CCCCCCC1,2.715346394
870,CCS(=O)(=O)N1CCC(C(=O)N(C)C2CCCCCCC2)CC1,2.1225599
871,O=C(CCCc1cc(Cl)sc1Cl)N1CC[C@H](O)C1,1.268648165
873,Cc1cc(Nc2ccc(F)cn2)cc(C2CCN(C(=O)COc3ccccc3F)C2)n1,2.059949454
874,COCCOCc1ccc(-c2cc3onc(-c4ccccc4)c3c(=O)n2C)cc1,1.137512353
875,Cc1cc(C(=O)N2CCOC(C)(C)C2)cc(C)c1OCc1cccnc1,2.430729553
876,COc1cccc(NC(=O)[C@H]2CCCN(S(=O)(=O)c3ccc(C)cc3)C2)c1,1.580411726
878,COc1ccc(CNC(=O)CCCOc2ccc(C(C)=O)cc2)cc1,1.537214439
879,CCc1ccc(-c2nccn2CC(=O)Nc2ccc(C)cc2F)nc1,1.513270884
880,Cc1cc(NC(=O)C2CCN(c3ccncc3Cl)CC2)no1,1.104657791
881,Fc1cccc(CN2CCN(c3ncccn3)CC2)c1,2.045369927
884,Cc1nc(-c2cc(C)on2)n(CCc2ccccc2)n1,1.964127577
885,CCCNC(=O)c1ccnc(N(C)C)c1,1.590942096
887,CCc1cc2c(cc1N1CCC(N3CCOCC3)CC1)C(C)(C)c1[nH]c3cc(C#N)ccc3c1C2=O,1.553276046
888,CCN(C(=O)c1cc(NC(C)=O)ccc1F)C1CCCC1,1.799271608
889,Cc1ccccc1C(=O)Nc1nc(C)c(C)s1,1.954449956
891,COc1ccccc1C(=O)Nc1cccc(C#N)c1,1.93200167
896,COc1cc(/C=C2\CCCN([C@@H](C)c3ccc(F)cc3)C2=O)ccc1-n1cnc(C)c1,1.646945139
898,CN(Cc1cnn(C)c1)C(=O)c1ccccc1-c1ccccc1C#N,1.806383502
899,O=C(CN1CCc2ccccc21)N1CCC(c2nc3ccccc3[nH]2)CC1,2.049624983
900,O=c1[nH]c2ccccc2n1C1CCN(CCc2ccccn2)CC1,1.093771782
901,CC1Cc2ccccc2N1C(=O)CN1CCC(n2c(=O)[nH]c3ccccc32)CC1,1.787757932
902,Cc1ccc(NC(=O)C(C)(C)c2ccccc2)nc1,1.225438517
904,COCCNc1cc(NC(=O)N2CCCc3cc(CN4CCN(C)CC4=O)c(C=O)nc32)ncc1C#N,1.158935142
906,O=C(Nc1ccccc1-n1ccnc1)c1ccc(F)cc1,1.008216802
908,CC(C(=O)N1CCc2sccc2C1)N1CCCN(c2ccccc2C#N)CC1,3.328241341
912,CN1CCN(c2ncncc2-c2nc(-c3ccccc3)no2)CC1,1.449324093
914,COc1ccc(C)cc1-c1cccnc1O,0.729893404
915,N#Cc1cccc(-c2ccc3[nH]ccc3c2)n1,2.475201781
917,O=C(O)c1nc(-c2ccccc2)oc1-c1ccccc1,0.844725628
918,O=C(c1cccs1)N1C[C@@H]2CCCN(C(=O)c3cccs3)[C@@H]2C1,0.762002969
919,COc1ccc(C)cc1-n1ccc(C(=O)NC(C)C)n1,1.796192597
920,CC(C)c1csc(NC(=O)C2CCN(c3ncccn3)CC2)n1,1.649490631
924,COc1ccc(CNc2ncc(-c3ccc4c(c3)OCO4)n2C)c(OC)c1,2.304921162
926,CN(C)C(=O)c1ccc(NC(=O)c2cccc(F)c2)cc1,0.99895644
927,Cc1cccc(NC(=O)CN(C)c2ncccc2F)n1,1.208414481
929,C[n+]1cc2c3c(ccc2c2ccc4cc5c(cc4c21)OCO5)OCO3,0.915452602
930,Cc1ccc(C)c(S(=O)(=O)N2CCCN(CCn3cccn3)CC2)c1,2.316988798
931,CCOCC(=O)N1CCC2(CCc3ccccc3O2)CC1,1.011908613
932,CCNC(=O)N1CCC2(CCc3ccccc3O2)CC1,0.794069584
933,CCOc1ccc(Nc2nc(-c3c(C)nc4ccccn34)cs2)cc1,2.202093076
934,CCc1ccc(S(=O)(=O)NCc2ccnc(N3CCCC3)n2)cc1,2.49343156
935,Cc1noc(C2CCN(C(=O)C3(c4cccc(F)c4)CCC3)CC2)n1,1.733165153
936,Fc1ccc(NCc2cccc(OCCN3CCOCC3)c2)nc1,1.008344629
937,Cc1ccccc1-n1nc(C(C)(C)C)cc1N,0.816042341
938,COc1cccc(CN2CCC(Cc3ccc(-c4cccnc4)cc3)(C(N)=O)CC2)c1,2.034692614
940,c1nc(NC2CCN(C3CC3)CC2)c2sccc2n1,1.24089854
941,Cc1cnn(CC2CC2)c1NC(=O)/C=C/c1ccccc1,1.140570889
945,Cc1ccc(C)c2c(O)cc(CN3CC(c4ccccn4)C3)nc12,1.562447517
946,COCc1nc(-c2cc(F)ccc2F)c(C)s1,2.124037727
947,Cn1ncc2c(Oc3cccc(C(C)(C)C)c3)ncnc21,1.564121376
948,COc1ccc(-c2noc([C@@H]3CCCN3Cc3cccnc3)n2)cn1,1.991155165
949,N#Cc1ccccc1Cn1nnc(-c2ccccc2)n1,1.028286509
951,N#CCCN(C(=O)c1sccc1C#N)C12CC3CC(CC(C3)C1)C2,2.505268036
952,CN(Cc1ccccn1)c1nc2ccccc2o1,1.176236
953,O=C(NCC#CCN1CCc2ccccc2C1)NCc1ccc(F)cc1,1.901223946
955,COc1ccc(CNc2c(-c3ccc(OC)c(OC)c3)nc3cnccn23)cc1,2.829621496
956,Cc1cc(C)nc(NC(=O)N(C)C2CCC2)c1,1.966592226
957,CCCCN(C)C(=O)Nc1cc(C)ccn1,1.615918504
960,CC1(C)Cc2cc(CN3CCC4(CC3)NC(=O)N(Cc3ccccc3)C4=O)ccc2O1,1.746712023
961,Cc1oc(C)c(C(=O)N(C)Cc2ccccc2N2CCOCC2)c1C,2.961988865
962,c1ccc(CCc2n[nH]c(-c3cccc4cnccc34)n2)cc1,2.027598287
963,COc1cc2cc(N)c(C3CCN(C(=O)C(C)(C)C)CC3)nc2cc1OC,0.847696021
965,Cc1cccc(C(=O)N(C)CCc2cnccn2)c1,1.112873002
966,O=C(C1CCCN(Cc2cc3c(cc2O)OCO3)C1)N1CCOCC1,0.732071941
967,O=C(NCc1ncc(-c2ccccc2)o1)C1CCCCC1,1.621747346
968,CC1CCN(CC(=O)Nc2nc(-c3c[nH]c4ccccc34)cs2)CC1,1.578146195
971,CCOC(=O)N1CCN(C(=O)Nc2cccc3c2CCCC3)CC1,1.575753445
972,Cc1cccc2sc(NC(=O)C(C)(C)C)nc12,1.562590225
973,Cc1cccc(NC(=O)c2ccccc2-c2ccccc2)n1,1.807203431
974,Cc1nc(N2CCc3c(ncn3C)C2)c2c(C)c(C)sc2n1,1.974221452
975,Cc1sc(-c2ccccn2)nc1-c1ccc(NC(=O)C(C)C)cc1,1.188168859
977,COc1cc(F)c(NCC(=O)Nc2ccc(C)cc2)cc1OC,1.50134687
978,CC(=O)N1CCC(C(=O)Nc2nccs2)(c2ccccc2)CC1,0.758230408
979,O=C(NC[C@H]1CCN(c2ccccc2)C1)N1CCc2sccc2C1,2.354724853
980,O=C(NCC1=CCCN(Cc2cc(F)ccc2Cl)C1)c1ccco1,2.300049556
983,CC(C)(O)CNc1ncc(-c2ccnc(Nc3ccnc(Cl)c3)n2)c(CC2CC2)n1,1.372948806
985,O=C(CCc1cc2ccccc2o1)N1CCN(c2cnccn2)CC1,1.842453215
986,COc1cccc(N(C)CCC(=O)N2CCC(c3ccc(-c4ccc(N)nc4)cn3)CC2)c1,2.914450527
987,CC1(C)COCCN1Cc1cnn(-c2ccccc2)n1,1.028652574
989,CCn1cc(NC(=O)c2ccccc2C)cn1,0.856184927
990,CC(C)[C@H](Nc1ncc(Cl)cn1)C(=O)N1CCCC1,1.18619325
991,Cc1sc2nc(CN3CCOCC3)nc(N3CCN(c4ccncc4)CC3)c2c1C,1.26218996
992,COc1ccccc1-c1nn(-c2ccccc2)cc1CO,1.624261464
993,CCc1nc(CN2C(=O)COc3ccc(F)cc32)cs1,1.813694384
994,CCCCn1nc(-c2ccc(C)o2)nc1CNC,1.156185573
995,CC(=O)NCCCOc1ccc(CN2C[C@H](O)[C@@H](Oc3cccc(C)c3)C2)cc1,1.083395108
996,NCc1cccnc1OCc1ccccc1,1.068185862
999,O=C(CN1CCOC(c2ccc(F)cc2)C1)Nc1ccccc1OC(F)F,1.971210885
1000,COc1ccc(NC(=O)C(C)N2CCCN(c3ccc(C(F)(F)F)cn3)CC2)cc1,2.59262526
1003,CN1C(=O)COc2ccc(NC(=O)CCN3C(=O)COc4ccc(Cl)cc43)cc21,2.191260934
1005,CCOC(=O)Cc1c(C)[nH]c2c(-c3ccccc3)cnn2c1=O,0.7930916
1006,Cc1c(CN2CCC(Nc3ncnc4sc(CC(F)(F)F)cc34)CC2)ccc2c1cc(C#N)n2Cc1cn[nH]c1,2.13205146
1009,COc1ccc(-c2csc3ncnc(Oc4ccc(C)nc4)c23)cc1,1.895030067
1011,N[C@H](Cc1c[nH]c2ccccc12)C(=O)N/N=C/c1ccc2nccnc2c1,1.235275877
1013,CC(C)(C)c1ccc(=O)n(CC2CN(CC3(O)CCCC3)C2)n1,0.801472314
1015,Cc1nnc(NCc2cccnc2)c2ccccc12,0.717171027
1016,Cc1c(C)n(Cc2ccccc2)c2ncnc(N)c12,1.203875623
1017,CCCCc1c(C)[nH]c2nc(N(Cc3cccs3)C(C)=O)nn2c1=O,1.137733795
1018,O=c1c2c(nc3ccccn13)CCN(S(=O)(=O)C1CCCCC1)C2,1.299136694
1020,CC(C)c1nc(O)c2nnn(C[C@@H]3CCCN(C(=O)C(C)(C)C)C3)c2n1,1.467874372
1022,CNC(=O)c1cccc(Cn2nnc(-c3ccccc3Cl)n2)c1,1.216482597
1023,CN(C(=O)c1cncc(F)c1)c1cccc2ncccc12,1.346450778
1024,Cc1ccc(NS(C)(=O)=O)c(C(=O)N(C)c2ccc3ccccc3c2)c1,1.092720645
1025,COc1ccc(-c2cn3c4ccccc4nc3n2CCO)cc1,1.625168348
1026,Cc1ccc(C(=O)NCCc2csc(C)n2)cn1,0.871864702
1027,O=C(NCCc1ccccc1)c1cnccn1,1.129174103
1028,CN(C)C(=O)OCCN1CCC(c2c[nH]c3ncccc23)CC1,1.471511737
1030,Cc1nc(CC2CCN(S(=O)(=O)c3c(C)noc3C)CC2)cc(NC2CCCC2)n1,2.395766581
1031,N#Cc1cccc(-c2ccc(=O)n3c2[C@@H]2C[C@@H](CN(Cc4cccs4)C2)C3)c1,2.598019689
1032,CN(Cc1ccccc1N1CCCC1)C(=O)c1cccc(Cn2ccnc2)c1,2.593406811
1033,Cc1cnc(NCc2ccccc2-n2ccnc2)nc1N(C)C,1.527977713
1034,COc1ccc2ccccc2c1CNC(=O)c1cnc(C2CC2)nc1,1.52748812
1035,CSc1ccc(-c2ccc3n(c2=O)C[C@H]2C[C@@H]3CN(C(=O)c3ccncc3)C2)cc1,1.732482218
1036,COc1ccc(-c2ccc(CN(CCN3CCOCC3)Cc3cccnc3)cc2)cc1,2.649960532
1037,COc1ccc(C2(NCc3cccc4ncccc34)CC2)cc1,2.416617211
1040,CSCc1csc(NC(C)=O)n1,1.283210741
1041,CN(C)c1cc(CNc2ccc(C#N)cn2)ccn1,1.018034403
1042,CC(C)(C)n1ncc(C(=O)N2CCCn3ncnc32)c1C(F)(F)F,1.445012288
1044,CCc1nnc(Oc2cccnc2)c(C#N)c1CC,0.693902741
1045,O=C(CSc1nnc(-c2cccs2)[nH]1)N1CCCCCC1,1.595231596
1046,Cc1nc(N(C)C)nc(C)c1NC(=O)C1CCCCC1,0.796088429
1047,COc1ccccc1-c1nnc([C@H]2CCN(Cc3ccccc3C)C2)o1,2.19966469
1048,Cc1ccc2oc([C@H]3CCN(Cc4cccs4)C3)nc2c1,2.102371953
1050,O=C(Nc1ccc(N2CCOCC2)nc1)N1CCc2sccc2C1,0.942603249
1051,Cc1cn(CCN2CCN(c3ccccc3-c3cc(C#N)cc(C(=O)NCCCN4CCCC4)c3)CC2)c2ccccc12,2.079322369
1052,CCN1CCN(Cc2ccc(Nc3ncc(F)c(-c4cc(F)c5nc(C)n(C(C)C)c5c4)n3)nc2)CC1.CS(=O)(=O)O,2.111810079
1053,CC(C)(C)C[C@@H]1COCc2nc(OCc3ccccn3)cc(=O)n21,0.849726444
1055,COc1ccc(F)cc1CN1CCC(n2c(=O)[nH]c3ccccc32)CC1,2.044112311
1056,O=c1[nH]c2ccccc2n1C1CCN(CCOc2ccccc2)CC1,1.471144965
1060,CC(C)(C)NC(=O)Cn1nc(C(c2ccccc2)c2ccccc2)oc1=O,1.350616237
1061,Cc1ccccc1CSc1ccc(-c2ccccn2)nn1,1.980603238
1062,CC(C)c1noc(CN2CCC(n3c(=O)[nH]c4ccccc43)CC2)n1,0.928703027
1063,O=C(c1ccccc1)N1CCN2C(=O)N(Cc3ccccc3)C(=O)[C@H]2C1,0.830716949
1067,O=C1CC[C@H](O)[C@@H](c2cccc(Cl)c2)N1Cc1ccccc1,1.038620162
1069,CC(C)(CO)NCCCCn1c2ccccc2c2ccccc21,1.734055373
1070,Cn1c(=O)n(C2CCCC2)c(=O)c2c(F)cccc21,1.366665721
1071,Cc1noc2ncc(C(=O)Nc3nc(C4CC4)cs3)cc12,1.953648568
1072,Cc1noc(C)c1CS(=O)(=O)Cc1cccc2c1OCCO2,1.600243016
1074,CN1CCc2nc(NC(=O)c3cncn3-c3ccccc3)sc2C1,0.707995746
1075,Cc1ccc2cccc(OCC(=O)N(C)c3ccccc3)c2n1,2.099366372
1076,C=CCn1cnc2c(Cl)cc(-c3ccc(C(=O)NC4CC4)o3)cc21,1.439837761
1077,CCN1C(=O)CC[C@H](C(=O)N2CCc3cc(F)cc(C)c3C2)[C@H]1c1ccncc1,2.266933388
1078,FC(F)(F)COc1ccc(CN2CCc3c(cnn3-c3ccccc3)C2)nn1,1.354953146
1080,CC(=O)N(c1ccc(C)cc1)c1nc(Cn2ccnc2)cs1,1.504362105
1081,Cc1cc2c(C(N)=O)cccc2n1-c1nc2c(c(NCc3ccccc3)n1)COCC2,1.176236
1082,Fc1ccccc1CNc1nc(-c2ccccc2)no1,1.389236984
1083,CC(=O)NC1(C(=O)N2CCCN(c3cccnn3)CC2)CCCCC1,0.888123307
1086,N#Cc1ccccc1N1CCC(N)CC1,1.345099146
1088,Fc1cccc(Cl)c1CNCCc1c[nH]c2ccccc12,2.474006353
1089,CN(C)S(=O)(=O)Nc1ccc(-n2ncc3ccccc32)cc1,1.332761536
1091,CC(=O)N1CCc2ccc(N(C(=O)/C=C/c3cccc(C#N)c3)C3CCN(CCC4CCCC4)CC3)cc21,2.273635458
1093,CC(C)c1noc(-c2ccc(N(C)Cc3cccnc3)nc2)n1,1.65891722
1094,COc1ccc(-c2nc(CN3CCC[C@H](O)C3)no2)cc1,1.060055365
1095,CCc1nc(NC(=O)c2ccccc2F)sc1C,1.414455226
1096,Cc1ccc(NC(=O)CN2CCCN(c3ccc(C(F)(F)F)cn3)CC2)cc1,2.100608308
1097,O=C(CN1CCCN(c2ccc(C(F)(F)F)cn2)CC1)Nc1cccc(F)c1,2.080370307
1099,CN1CC(=O)N(CCCC(=O)Nc2cccc(C#Cc3cccs3)c2)C1=O,1.29444418
1100,O=C(CCc1ccco1)Nc1ccccc1OC(F)F,2.063836054
1101,Cn1cc(C(=O)NCCc2c[nH]c3ccccc23)c(-c2cccnc2)n1,1.558300478
1103,CCCN1CCCN(c2ncccc2C#N)CC1,1.468893548
1104,CSCc1c(C(=O)NC(C)C)oc2ccccc12,1.930103039
1105,Fc1ccc(F)c2c(NCc3ccc(N4CCOCC4)nc3)ccnc12,1.608472546
1106,CCOc1ccccc1CNCCc1c[nH]c2ccccc12,2.104196802
1107,COc1cc(CNCCN2CCOCC2)cc(Cl)c1OCc1ccccc1,1.666059108
1108,COc1ccncc1NCc1ccc2c(c1)OCCO2,1.251492215
1109,O=c1c2cccn2c2ccccc2n1CCCN1CCC(c2ccc(Cl)cc2)CC1,2.262477194
1110,Cn1cc(CCNC(=O)N2CCCc3c(F)cccc32)cn1,1.400555257
1111,Cc1ccc(-n2ccnc2-c2ccoc2)c2cccnc12,1.741009701
1112,O=C(c1cnc(-c2ccccc2)s1)N1CCOC2(CCCC2)C1,1.330494942
1113,Clc1ccccc1CNCc1ccc2c(c1)OCCO2,2.680778648
1114,Cc1cccc(-c2nc(CN(Cc3cnn(C)c3)C(C)C)c(C)o2)c1,1.796865615
1115,O=C(Cc1ccc2ccccc2c1)NCCc1nc2ccccc2[nH]1,2.265991663
1116,COc1ccc(NC(=O)CN2CCC(c3cc(-c4cnc(N)nc4)cc(C)n3)CC2)cc1,1.196120893
1118,c1ccc(-c2nsc(N3CCCN(c4nccs4)CC3)n2)cc1,2.160546559
1119,Cc1nc(N)c2c(C(F)(F)F)cc(C3CCN(C(=O)Cc4ccc(F)cc4)CC3)nc2n1,1.701930465
1123,O=C(CCc1ccc2c(c1)OCO2)Nc1cccc2cnccc12,1.621996303
1124,O[C@@H]1CO[C@H]2C[C@@H]1Nc1c(Cc3ccccc3)cccc12,1.524746532
1125,Cc1cc(C)c(S(=O)(=O)Nc2ccc(N(C)C)cc2)c(C)c1-n1cnnn1,2.07120796
1127,COc1ccc(CCC(=O)N2CCN(C(=O)c3cc4n(n3)CCCC4)CC2)cc1,1.211093831
1128,Cc1ccc(-n2c(S)nnc2-c2ccc(O)cc2)c(C)c1,1.006380459
1129,Cc1nccn1-c1cncc(N2CCN(CC3CCCC3)C(=O)C2)n1,1.293428854
1130,N#Cc1c(O)nc2scc(-c3ccc(-c4ccccc4O)cc3)c2c1O,1.047508506
1132,CN(CC(=O)NC1(C#N)CCCC1)c1ccccc1,1.307196421
1134,Cc1ccc(C)c(S(=O)(=O)N2CCCN(C3CCC3)CC2)c1,2.329505677
1135,COc1c(N)ncnc1N1CCCC(C)(C)CC1,1.5704145
1136,COc1ccc(-c2nnc(-c3ccccc3)o2)cc1OC,1.693946678
1140,Cc1csc(N2CCN(Cc3ccc(OCC(F)(F)F)nc3)CC2)n1,1.356121506
1141,CNc1nc(-c2cc(OC)cc(OC)c2)ncc1F,1.568975721
1144,CCCn1c(=O)n(Cc2ccc(C#N)cc2F)c2ccccc21,1.730903345
1145,OCCCCCn1cc(-c2ccccc2-c2ccco2)nn1,1.531504463
1146,Cc1ccc(C2=NC3(CCN(Cc4ccc(F)cc4)CC3)NC2=O)cc1,1.048208667
1149,COc1ccc(CN(C)C(=O)Nc2ccccc2)cc1F,1.261048643
1151,CC(C)c1ccc(-c2cc3c(=O)n(CCC(=O)NCCN(C)C)ccn3n2)cc1,2.259189974
1152,CCOC(=O)Nc1ccc2c(c1)N(C(=O)CN(CC)CC)c1ccccc1CC2,1.652604075
1154,Cc1nccc(-c2cccc(NCc3cc(C)on3)c2)n1,1.775428392
1155,O=C(CN1CCCN(c2ccc(C(F)(F)F)cn2)CC1)Nc1ccccc1Cl,2.360464659
1156,Cc1ccc(C)c(NC(=O)CN2CCCN(c3ccc(C(F)(F)F)cn3)CC2)c1,2.650083031
1157,C/C=C/CC(=O)N1CCC(c2cc(Cc3ccccc3)n[nH]2)CC1,1.715736003
1158,O=C(NC1=NS(=O)(=O)c2ccccc21)c1cc(-c2ccc(F)cc2)no1,1.955577119
1160,CCc1nnc2n1CCN(C(=O)c1ccccc1Oc1cccnc1)C2,0.684037037
1162,CN1CCc2ncnc(N3CCCN(c4nccs4)CC3)c2C1,1.367765791
1163,Cc1cc(N(C)C)nc(N(C)Cc2csc(C)n2)n1,1.486047734
1164,Cc1cccc(N2CCN(C(=O)c3cncnc3C(C)C)CC2)c1,2.159064637
1166,Cc1cnn(C2CN(CC3(O)CCCCC3)C2)c1,1.738312727
1168,CN(Cc1cscn1)c1nc2c(cc1C#N)CCC2,1.977385181
1170,Cc1cc(CNc2cc(C(=O)N(C)C)ccn2)sc1Br,1.559308011
1171,CCC(Nc1cnn(C)c1)c1ccc2c(c1)OCCO2,1.058577849
1172,CC(C)c1cccc(CN2C(=O)N(C)C3(CCCCC3)C2=O)n1,2.917223415
1174,Brc1cc2c(cc1Cn1cncn1)OCCCO2,0.886265059
1176,O=C(c1ccccn1)N1CCCC(c2cccc(-c3cccc(Cl)c3)n2)C1,2.213581502
1177,CN1CCN(c2ccc(NC(=O)c3ccc(S(=O)(=O)N4CCCc5ccccc54)cc3)cc2)CC1,2.720869311
1179,COc1ccccc1CC(=O)Nc1ncc(C)s1,1.247997802
1180,CCCN(CC)c1ccc(C(=O)N2CCCN(C(C)=O)CC2)cc1,1.40940895
1181,Cc1c(Cl)cccc1NC(=O)C(C)N1CCCN(c2nccs2)CC1,2.967351376
1182,Cc1nc(N2CCOc3ccccc3C2)c2cnn(C)c2n1,1.797038905
1183,COCC(=O)Nc1cccc(-n2cccc2)c1,2.312775898
1184,CO[C@H]1CC[C@@H](C(=O)c2ccc3nc4c(cc3c2)CCCO4)CC1,1.468332558
1185,Cc1cnc(-c2nc(NCc3ccccn3)ncc2-c2onc(C)c2C)cn1,2.066225262
1186,CC(/C=C/C(=O)NO)=C\[C@@H](C)C(=O)c1ccc(N(C)C)cc1,1.36660971
1188,Cc1ccc(C)c(OCCN(C)C(=O)c2ccc3c(c2)nnn3C)c1,1.774458569
1190,COc1ccc(N2CCCN(CC3CCN(C(=O)C4CC4)CC3)CC2)cc1,0.701654317
1191,CCc1nc2ccccc2n1CC(=O)Nc1ncc(C)s1,0.931152639
1192,O=C(CSC1CCCC1)NCCn1nc2c(cc1=O)CCCC2,1.851105401
1193,O=c1ccc(-c2ccc(F)cc2)nn1Cc1ccncc1,0.888684847
1194,COc1ccc(-c2noc([C@@H]3CCCN3Cc3ccccc3)n2)cn1,1.952298315
1195,Cc1cc(C)c2c(c1)CCCN2C(=O)c1ccc(-c2nnc(C)o2)cc1,2.174365132
1196,CCC(=O)N(C)c1ccccc1C(=O)O,1.37386787
1199,COC(=O)c1ccc(NC(=O)N(C)Cc2ccccc2CN2CCCC2)cc1,1.25947442
1200,Cc1ccccc1N(CC(=O)N(C)C)S(C)(=O)=O,0.802910489
1202,COc1cc2ncnc(Nc3ccc(F)c(Cl)c3)c2cc1OCCCN1CCOCC1,1.83466862
1203,COc1ccc(C(=O)Nc2ccc3oc(C)nc3c2)c(OC)c1,1.403926565
1205,Fc1cccc(OC2CCN(Cc3nc4ccccc4[nH]3)CC2)c1,1.970039879
1206,O=C1NCC2(C/C=C/CCOc3ccccc31)CCN(C(=O)c1ccc3[nH]nnc3c1)CC2,1.6318596
1207,Cc1ccc(CN(C)c2ncnc3c2cnn3C)o1,1.283052343
1211,C=CCN(Cc1cccnc1)c1nc(C)nc2sccc12,2.273702525
1214,COc1cccc(CN2CCN(C(=O)Cc3ccc(C)cc3)[C@@H](C)C2)c1,2.361973237
1216,O=c1ncn2nc(Sc3ccc(F)cc3F)ccc2c1-c1c(Cl)cccc1Cl,1.164293359
1217,Cc1ccc(CN(C)C(=O)c2cn(Cc3ccccc3F)nn2)cc1,1.811313546
1218,Cc1nnc(NC(=O)c2ccccc2-c2ccc(C(F)(F)F)cc2)s1,1.081671287
1219,N#CCCN(C(=O)c1cccs1)C12CC3CC(CC(C3)C1)C2,2.417627779
1221,Cc1cccc(Oc2ncccc2N)c1C,1.066586796
1222,CC(C)c1cnc(COc2ccc(Br)nc2)o1,1.863370451
1223,CCN1CCC(n2cc(CNc3cc(Cl)c4ncc(C#N)c(Nc5ccc(F)c(Cl)c5)c4c3)nn2)CC1,2.15518416
1226,Cn1c(=O)c2c(nc3n2CCN3Cc2c(F)cccc2Cl)n(C)c1=O,1.074926097
1227,C#CCNC(=O)Cc1coc2cc(OC)ccc12,1.188647296
1228,COc1ccc(CN2CCc3nc(-c4cccnc4)nc(O)c3C2)c(C)c1C,1.283007076
1229,CN(C)c1nc(N)nc(Sc2ccccc2)n1,2.03213908
1230,Cc1c(C(=O)N2CCC(C(=O)Nc3ccc4c(c3)OCO4)CC2)oc2c(F)cccc12,1.765415205
1232,CCc1cc(CN(C)c2nccc(-c3ccc(C)nc3C)n2)on1,1.951230632
1235,CN(C)c1cnn(CCC(C#N)(c2ccccc2)c2ccccc2)c(=O)c1,2.092874971
1236,Nc1nc(-c2ccccc2)nc2nc(C3CCCN(CC(=O)N4CCCC4)C3)ccc12,0.764250875
1239,O=C(NCCc1ccc2c(c1)OCO2)Nc1ccncc1,0.920175522
1240,COc1ccc(CNC(=O)c2cc(-c3cncc(C)c3)ncc2-c2nccs2)nc1OC,1.247703282
1242,COc1cccc(CN2Cc3ccccc3OC3(CCOCC3)C2)c1,2.123371366
1245,CN(C)CCN(Cc1ccccc1)Cc1ccccc1O,2.518487618
1247,CN(CCOCCOc1ccccc1-c1ccccc1)Cc1ccccc1.O=C(O)C(=O)O,2.334294883
1249,C=C(C)COc1cccc(C(=O)NCc2nncn2C2CCCCC2)c1,2.199618068
1250,Cc1cnc(Cl)nc1-c1ccc(N(Cc2ccc(CNC(=O)C(F)F)cc2)C(=O)c2ccc(O)cc2O)cc1,1.616454508
1252,Cc1cc(=O)n(C)c2cc(N3C(=O)CC[C@H](NS(=O)(=O)CC(C)C)[C@H]3c3ccc(Cl)cc3)ccc12,2.567713162
1253,CC(=O)Nc1cccc(CN2CCCN(C(C)=O)c3ccccc32)c1,2.143629875
1254,Cc1ccccc1C(=O)N1CCC[C@@H]1Cn1nnn(-c2cccs2)c1=O,2.058228573
1256,Cc1cccnc1NC(=O)Cc1coc2c(C)c(C)ccc12,2.09405865
1257,Cn1cc(CN2CCN(c3ccccc3O)CC2)c(-c2ccncc2)n1,1.436623741
1258,Cc1cccc(C)c1OCC(=O)N(C)C1(C#N)CCC1,1.122576275
1261,CN1CCC(OC(=O)Nc2ccc(Cl)c(Cl)c2)CC1,0.932930143
1262,CCc1nc(C)c(Cn2ccnc2-c2cnc(N3CCCC3)nc2)s1,1.504076488
1263,COc1ccc(-c2nc3cc(C)ccc3cc2CN(C)Cc2nccn2C)cc1,2.470672106
1264,Cc1ccc2c(c1)cc(CNCCc1ccccc1)c1nnnn12,2.619907912
1265,O=C(CCn1cncn1)N(CC#Cc1ccccc1)C1CCCC1,2.419345987
1266,C[C@@H](/C=C\C(F)(F)F)Oc1cc(-c2cc(-c3cc(CN(C)C)cs3)cnc2N)ccc1C(N)=O,1.311160273
1267,CC(=O)Nc1ccnn1C1CCN(Cc2ccccc2C#Cc2ccccc2)CC1,1.916343387
1268,Cc1nnc(-c2ccccc2-c2ccc(O)cc2)s1,1.165184952
1270,CCCNC(=O)c1c(C)nn(-c2ccccc2)c1C,1.115876664
1271,CN1CCN(C(=O)c2cc(Br)cnc2Cl)c2cnccc21,0.958611658
1272,Cc1nc(COc2ccc(F)cc2)sc1C(=O)N1CCC(C)CC1,1.955408712
1274,O=C(NCCN1CCC(O)(c2cccc(F)c2)CC1)c1cccc(F)c1,0.95927995
1275,COC(=O)c1cc(F)c(C)c(NC(=O)CCCc2ccccn2)c1,2.900555555
1276,COc1ccc(C)cc1-n1ccc(C(=O)Nc2c3c(nn2C)CCC3)n1,1.667069858
1278,NC(=O)c1cnc(NC2CC2)nc1CCNC(=O)C1(c2cccc(F)c2)CCOCC1,1.575834185
1279,CC(=O)N1CCN(c2c(Cl)cccc2NC(=O)COc2ccc(C(C)C)cc2)CC1,2.128396037
1280,O[C@@H]1C[C@@H](c2nc(-c3cccnc3)no2)N(CCCc2ccccc2)C1,2.031913164
1281,Cn1nc(C2CC2)c2[nH]c(-c3cccc(CN4CCOCC4)c3)nc21,1.273834318
1282,COC(=O)[C@@H]1Cc2ncn(Cc3ccccc3)c2CN1C(C)=O,0.796851749
1283,Fc1cccc(CCNCc2cc(-c3ccccc3)cn3nnnc23)c1,2.27956657
1284,COc1ccc(OC)c(S(=O)(=O)Nc2cccc(CCc3ccccn3)c2)c1,2.765215401
1285,O=C(O)c1cccc(N2CCC(Oc3ccc(Cl)cc3)CC2)n1,0.688686724
1286,c1ccc(C(c2ccccc2)c2noc(Cn3cnc(C4CC4)n3)n2)cc1,1.579360525
1290,CN1CCc2nc(NC(=O)c3ccc(Cl)s3)sc2C1,1.301160264
1292,Cc1cccc(N(C)C(=O)COC2CCCC2)n1,1.651054993
1293,Cc1cc(C(=O)Nc2cccc(-c3cnco3)c2)c2c(C)nn(C)c2n1,1.46265251
1294,CCN(CC)CCCNc1ncc(-c2cc(C)no2)c(-c2ccco2)n1,0.710202015
1296,OCCn1cc(-c2ccc3c(c2)CC/C3=N\O)c(-c2ccncc2)n1,0.964118143
1297,Fc1ccc(CNc2nnc(-c3ccc4c(c3)OCO4)o2)cc1,1.978769224
1298,Cc1oc(C)c(C(=O)NCC#Cc2ccccc2)c1C,2.028611915
1299,CNC(=O)c1sc2ncccc2c1[C@H]1CC[C@H](CNC(=O)CCc2ccccc2)CC1,2.313316625
1300,Cc1cc(NCc2ccnc(N3CCCC3)c2)c2ccccc2n1,1.375864714
1301,Cc1ccc(C)c(OCC(=O)N2CCC(C(=O)Nc3ccccc3)CC2)c1,2.48007884
1302,Cc1nccc(-c2cccc(NCC(=O)N3CCCCCCC3)c2)n1,2.479295959
1303,Cc1ccc(-c2cnc(N)cn2)c2cccnc12,1.36398783
1304,COc1ccc(CNC(=O)c2nnn(-c3ccc(OC)cc3)c2N)cc1,0.874249823
1305,O=C(NC1CCCCC1)C1CCN(c2ccncc2Cl)CC1,1.34964657
1306,c1ccc(C2(c3ccccc3)CCCN(Cc3nnc(C4CC4)o3)C2)cc1,2.390396318
1307,Cc1nn(C)c2ncnc(N(C)Cc3cccc(Cl)c3)c12,1.451939869
1308,CN(C)C1CN(c2nc(-c3cnccn3)nc3sc4c(c23)CCCC4)C1,1.966118257
1309,CC(C)c1nc(CCn2ccnc2-c2ccoc2)cs1,2.368508161
1310,Cc1cc2occ(CC(=O)NC3CCN(C)CC3)c2cc1C(C)C,1.141857223
1312,Nc1ccccc1OCCn1ccnc1,0.849235091
1313,CCCCCCNc1ncnc2[nH]ccc12,1.850480817
1314,Cc1cc2cc(C(=O)N(Cc3ccc4c(c3)OCO4)C3CC3)ccc2o1,2.104353935
1315,CCOc1ccccc1C(=O)N1CCC(c2nc(-c3ccc(OC)cc3)c(C(N)=O)[nH]2)CC1,2.017467417
1318,COc1cccc(-n2nc(C(=O)O)cc2-c2ccc(C3CCCCC3)c(Cl)c2)c1,0.891035415
1321,CCc1noc(-c2ccc(CCN)cc2)n1,2.595662633
1324,Cc1cc(C)n(-c2cccc(NC(=O)c3ccc(F)c(F)c3)c2)n1,1.4954472
1327,Cc1nc2cc(-c3nccn3C)nn2c(NCc2cccnc2)c1C,1.167524092
1329,CCOc1ccc(C(=O)Nc2cc(C(=O)OC)ccc2N2CCN(C(C)=O)CC2)cc1,1.337559088
1331,COc1cccc(-c2ccc(C(=O)N(C)Cc3c(C)nn(C(C)C)c3C)o2)c1,2.421791423
1332,Cc1cc(N(C)C)nc(-n2ccnc2)n1,1.599162287
1334,COc1cc2c(cc1NC(C)=O)oc1ccccc12,2.067691896
1336,Cc1noc(C(C)C)c1C(=O)Nc1ccccn1,1.453914321
1340,Cc1cc(N(C)C)nc(-n2cnc(C#N)n2)n1,1.526261718
1341,N#CC1(CN2CCc3cc(-c4ccccc4)oc3C2)CC1,1.861456745
1342,CCOC(=S)SCC(=O)Nc1nc(-c2ccc(C3CCCCC3)cc2)cs1,2.426057211
1343,Nc1nc(N)c2c(Cl)c(Br)ccc2n1,0.866582677
1344,c1ccc(Cc2n[nH]c(CSc3ccccc3)n2)cc1,1.950433012
1345,Cc1cc(-c2ccc(N)nc2)cc(C2CCN(C(=O)CCCc3ccc(F)c(C)c3)CC2)n1,2.983717827
1346,Cc1ccc(-c2ccc(=O)n(Cc3ccncc3)n2)cc1,1.620500418
1348,CCOC(=O)c1cc2ccccc2n1CC(=O)c1ccc(F)cc1,2.878301145
1350,CC(C)c1ccc2c(c1)[C@H](NC(=O)Cn1ccnn1)CCC2,1.94849121
1351,Cc1ccccc1COC1CN(C(=O)Cn2c(=O)[nH]c3ccccc32)C1,1.183298321
1352,COc1cc(CNc2nc3ccccc3nc2C)ccn1,1.041984501
1353,CCN1CCc2nc(NC(=O)Cc3ccc(Cl)cc3)sc2C1,1.064570292
1355,Cn1ccnc1CN(C(=O)c1[nH]c2ccccc2c1Cl)C1CC1,1.956437379
1356,Clc1ccc(Cc2nc(-c3cccnc3)no2)cc1,1.429461577
1358,O=C1CCCc2c1[nH]c1cc(-n3ccnc3-c3ccncc3)ccc21,1.426576319
1359,O=C(NCCc1csc(N2CCCC2)n1)N1CCSCC1,1.792013268
1360,Cc1ccccc1-n1cc[nH]c(=O)c1=O,0.706973676
1361,CCN(CC)C(=O)N1CCCN(C(=O)N(CC)CC)CC1,1.835956773
1362,c1ccc(-n2ncc3c(-n4ccnc4)ncnc32)cc1,1.204092838
1363,CCOC(=O)c1ccc(NC(=O)Cn2cnc3ccccc32)cc1,0.847202364
1364,COC(=O)c1c(C)[nH]c(C(=O)OCC(=O)N(C)Cc2cccs2)c1C,1.733526273
1365,CC(=O)N1CCC(CCNc2ccc3ccc(F)cc3n2)CC1,1.332458659
1366,O=C(CSC1CCCC1)N1CCC(n2ccnn2)CC1,1.121231455
1368,CC(C)(C)C(=O)N1CCC(CN2C(=O)C(=O)N(C3CCCC3)C2=O)CC1,1.345059906
1369,CC(=O)N1CCCN(Cc2c(C)nn(C)c2Cl)CC1,1.063971007
1371,COc1ccc2nc(C)nc(N3CC(CO)C3)c2c1,0.720985744
1373,O=C(CCc1ccc2c(c1)OCO2)Nc1nc2c(s1)CCC2,1.988487609
1375,CCCC(=O)Nc1ccc(C)c2ncccc12,0.941262909
1376,CC(C)Cn1c(=O)[nH]c(=O)c2c1nc1n2CCCCC1,0.856003454
1380,O=C(CCn1nnc2ccccc2c1=O)Nc1ccncc1,0.965342836
1383,Clc1ccc(Cc2nc(-c3ccccc3)n[nH]2)cn1,1.611500263
1384,CCCn1ncc2[nH]c(C3CCCCC3)nc21,1.2999429
1385,Cc1ccc(-c2noc(CCC(=O)N3CCCC3(C)C)n2)cc1F,2.357904369
1386,CCC(=O)N1CCCc2cc(C(O)CN3CCN(c4ccc(OC)cc4)CC3)ccc21,2.223900713
1387,O=C(Nc1nc2ccccc2[nH]1)C1CCCCC1,1.190135521
1389,O=C(Cc1ccc2c(c1)OCCO2)NC1CCCCCC1,2.288186604
1391,CC(C(O)c1ccc(O)cc1)N1CCC(Cc2ccccc2)CC1,2.174678956
1393,Cc1nccc(-c2cccc(NCC(=O)N(C)c3ccccc3)c2)n1,1.341474094
1394,Cc1cc(C)n2ncc(C(=O)NC3CCCCC3)c2n1,1.746634199
1396,Cn1c(CNC(=O)Cc2ccccc2)nc2ccccc21,0.877486528
1398,CC(=O)N1CCC(Cn2ccnc2-c2cc3ccccc3s2)CC1,1.66738757
1399,Cc1nc(CN2C[C@@H](c3ccc4c(c3)OCO4)[C@@H]3[C@H]2C2CCN3CC2)co1,1.985201858
1400,CC(C)c1cc(N2CCc3[nH]nc(C4CC4)c3C2)n2nccc2n1,1.847270275
1401,Fc1ccccc1-c1noc(-c2ccc(NCCc3cnccn3)nc2)n1,1.007064656
1402,COc1ccccc1OC1CCN(Cc2ccccc2C#N)CC1,2.341915049
1405,COc1cc2c(cc1OC)CN(C(=O)C1CCCN(S(=O)(=O)c3cccs3)C1)CC2,1.834516073
1407,COc1cc2c(cc1OC)CN(C(=O)C1CCCN(C(=O)OC(C)(C)C)C1)CC2,2.024419985
1408,Cn1ncc2c1CCc1sc(NC(=O)c3cccnc3)nc1-2,1.221153322
1409,COc1ccc2nc(NCc3cnn(C)c3)ccc2c1,1.454600977
1410,O=C(c1cccc(N2CCNC2=O)c1)N1CCc2ccccc2C1,1.108192805
1411,Cc1nnc(N2CCCSCC2)c(C#N)c1C,1.553118092
1412,CN(C)CCN(Cc1ccccc1)C(=O)CCC(=O)Nc1ncc(-c2ccccc2)n1C,1.964019075
1413,CC1(C)CN(C(=O)C2(C(=O)N3CC(C)(C)C3(C)C)CCC2)C1(C)C,2.48279929
1414,Cc1cccc(O[C@H]2CN(Cc3ccc(OCCCO)cc3)C[C@@H]2O)c1,1.851252232
1415,c1csc(-c2csc3nc(CN4CCOCC4)nc(N4CCc5[nH]ncc5C4)c23)c1,2.747507358
1417,Cc1nn(C)c(C)c1CCC(=O)N1CCN(C)Cc2ccccc21,1.870626263
1418,O=C(Nc1nc(-c2ccccn2)cs1)c1ccc(F)cc1Cl,1.915083102
1419,Cc1n[nH]c(-c2c(C)c3cc(F)ccc3n2C)n1,1.945350394
1420,CCN1CCc2ncnc(N(C)Cc3ccc4c(c3)OCCO4)c2C1,2.057434063
1421,Cc1nc(NCC(C)(C)c2ccccc2)n(C)n1,1.030721129
1423,CNC(=O)c1ccccc1Nc1nc(Nc2ccc(N3CCOCC3)cc2OC)ncc1Cl,1.173696047
1424,COc1ccc(C(=O)N2CCCC2)cc1NC(C)C,0.893428842
1425,O=C(OCc1cc(Cl)ccn1)c1ccc2[nH]c(C(F)F)nc2c1,2.711798796
1426,Cc1nc(-c2cnn(C)c2-c2ccc(C(F)(F)F)cn2)c2c(N3CCC3)ncnn12,1.735023717
1428,CN(C)c1cccc(Cn2ccnc2-c2ccc(O)cc2)c1,1.890180609
1429,CC(C)(C)OC(=O)NCc1ccc(C(=N)NC(=O)OCc2ccccc2)cc1,1.9259718
1430,N#Cc1cccc(CN2CCOC[C@H](Oc3ccccc3)C2)c1,2.10850752
1432,Cc1csc(NC(=O)c2ccc(-c3ccncc3)cc2)n1,1.552510041
1433,CCN(C(=O)N1CCC(CC(=O)N2CCN(C)CC2)CC1)C(C)C,1.377615831
1436,Cc1ccc2[nH]c(C3CCN(C)CC3)nc2c1,1.945872163
1437,CN1CC[C@@H](c2c(O)cc(O)c3c(=O)cc(-c4ccccc4Cl)oc23)[C@@H]1CO,1.430671559
1438,O=c1[nH]c2ccccc2n1C1CCN(Cc2nc(-c3ccsc3)no2)CC1,1.212400703
1439,CC(c1nnc(-c2cccs2)o1)N1CCC(n2c(=O)[nH]c3ccccc32)CC1,1.257318513
1440,O=C(CN1CCC(n2c(=O)[nH]c3ccccc32)CC1)N1CCc2ccccc21,1.018034403
1442,N#Cc1ccccc1OCc1csc(-c2ncccn2)n1,1.493234921
1444,COc1cccc(CN(C)c2ncnc3c2CN(C)CC3)c1,1.269419538
1446,Cc1ccc(-c2nnc([C@H]3CCN(Cc4cc5ccccc5o4)C3)o2)cc1,1.692406235
1447,CC(C)CN1CC[C@H](c2nc3ccc(C#N)cc3[nH]2)C1,0.825361196
1449,N#Cc1ccc2nc([C@H]3CCN(C4CCC4)C3)[nH]c2c1,0.860697274
1450,O=C(O)c1cnc(/C=C/c2csc(-c3ccsc3)n2)s1,0.895864351
1451,FC(F)(F)c1nccc(NCCSc2nc3ccccc3o2)n1,2.408097439
1453,Cc1nc(NC2(c3cccc(Cl)c3)CC2)c2c(C)noc2n1,0.964306782
1454,CCc1oc2c(-n3cnnc3)cccc2c1C,2.046417117
1455,CCOC(=O)c1cccnc1-c1ccc2[nH]ccc2c1,1.936523795
1457,Cc1cc(C)nc(NCc2cnc(C)c(C)c2)n1,1.09805504
1458,CCCCC1=NC2(CCCC2)C(=O)N1Cc1ccc(-c2ccccc2-c2nnn[nH]2)cc1,0.962132469
1459,Cc1nn(Cc2csc(-c3cccs3)n2)c(N)c1C#N,1.28316549
1460,COc1ccc2cc(-c3[nH]c(-c4ccc(S(C)=O)cc4)nc3-c3ccncc3)ccc2c1,0.695569227
1461,CN(Cc1ccccc1Br)C(=O)Nc1ccc(C(=O)N2CCCC2)cc1,1.165184952
1462,COc1cccc(-c2cccc(N)n2)c1F,1.924899264
1464,Cc1cc(Nc2ccccn2)cc(C2CCCN(CC(=O)Nc3ncc(C)s3)C2)n1,1.775464809
1465,O=C(CCc1ccc(Cl)cc1)N1CCCC(c2n[nH]cc2-c2cccc(F)c2)C1,2.968260608
1466,CCOc1cccc(CNCCc2c[nH]c3ccccc23)c1,1.95800453
1467,CCN(C(=O)N1CCC(OC2CCOCC2)CC1)C(C)C,1.334534169
1469,C(=C/c1ccccc1)\CNCc1ccc2c(c1)OCO2,1.590016582
1472,O=C(COc1ncnc2ccccc12)NC12CC3CC(CC(C3)C1)C2,1.794104471
1473,O=C(NCc1cccnc1)c1sccc1-c1ccccc1,1.655032731
1475,COc1ccc(-c2ccc(CN(CCN(C)C)Cc3ccncc3)cc2)cc1,1.50370899
1477,O=C(NC1CCCCCC1)c1ccc(-c2cnco2)cc1,1.173739714
1478,Cc1cnc(CNCc2cccc3c2OCO3)s1,1.518105775
1479,CNC(=O)Cc1nc(-c2cncc(C)c2)cs1,0.767601068
1480,Cn1ncc2c(Oc3cccc(Oc4ccccn4)c3)ncnc21,1.005952287
1481,CC(=O)Nc1nc(-c2c(C)cc(C)cc2C)cs1,1.396948687
1484,Cc1csc(Nc2ccc(C#N)cc2)n1,2.303548104
1486,Cc1c(-c2ccccc2)oc2c(C(=O)NCCCN3CCCCC3)cccc2c1=O,1.122936373
1488,O=C(Cc1cccs1)NCc1ccccc1F,1.319647288
1490,c1ccc(CCn2cnc3c2CCN(c2ncccn2)C3)cc1,2.314783332
1491,Cc1cccc(NCC2CCN(C(=O)c3ccccc3)CC2)n1,1.120178938
1492,O=C(NCCCNC(=O)c1cc2ccccc2[nH]1)c1ccc2c(c1)OCCO2,1.284543523
1494,O=C(NC1CC1)c1cccc2cccnc12,0.718335579
1495,COCCc1nc(-c2ccccc2-c2ccccc2)n(CCO)n1,1.388633969
1496,C1CCC(OCc2noc(C3CC3)n2)CC1,1.532053339
1497,Cc1noc(C)c1CC(=O)N1CCc2[nH]c3ccc(Br)cc3c2C1,2.220850463
1498,CCOC(=O)Nc1cc(-c2ccc(C)c(NS(C)(=O)=O)c2)nn2c(C)nnc12,0.845903839
1501,Cc1cccc(OC2CN(C(=O)Cn3c(C)nn(-c4ccccc4)c3=O)C2)c1,1.13001195
1502,CN(C)c1ccc(-c2ccc(COCc3cccs3)cc2)nn1,1.883553558
1503,O=C(c1ccc2oc(CCCc3ccccc3)nc2c1)N1CCC(Oc2cccnc2)CC1,2.831694486
1504,O=C(NC1CCCCCC1)c1ccc(CSc2nc3ccccc3[nH]2)cc1,2.20751319
1505,CCc1nc(C(N)=O)c(Nc2ccc(N3CCC(N4CCN(C)CC4)CC3)c(OC)c2)nc1NC1CCOCC1,1.176178109
1506,Cc1cc(C(=O)NC2CCN(C(=O)c3cc(C)sc3C)CC2)no1,0.990027899
1508,CN(Cc1cccc(C#N)c1)c1cnc2ccccc2n1,1.876950671
1510,COc1cncc(-c2ccnc3[nH]ccc23)c1,1.826541257
1512,Cc1nc(C)c(CNc2cnn(-c3ccccc3)c2)s1,1.152013
1513,Cc1cccc(NC2CCN(Cc3ccncc3)CC2)n1,1.269676358
1515,CN(C)c1nc(CN2CCOCC2)nc2scc(-c3cccs3)c12,2.216862327
1516,CN(C[C@@H]1COCCO1)S(=O)(=O)Nc1ccc2ccc3ncc(-c4cnn(C)c4)cc3c(=O)c2c1,1.646717325
1517,O=C(Nc1cccnc1)c1ccccc1Cc1ccccc1,1.53058386
1519,CC(C)c1cc(CN(C)Cc2c[nH]nc2-c2ccc(F)cc2)no1,2.512513633
1520,Cc1ccc(OCc2noc(-c3ccsc3)n2)cn1,1.748823493
1521,c1cnc(N2CC(c3nc4ccccc4[nH]3)C2)nc1,1.00548081
1522,Cc1cc(C)cc(C(=O)Nc2c(C#N)cnn2C)c1,1.435939875
1523,CN(C)CCNc1c2c(c(C#N)c3nc4ccccc4n13)CCCC2,1.380102655
1524,Cc1ccc2c(c1)C(=O)CC1(CCN(C(=O)c3ccc4nc(C)cc(O)c4c3)CC1)O2,1.264274615
1525,COc1ccccc1-c1ccc(CC2(C(=O)NC3CC3)CCOCC2)cc1,1.910592392
1527,O=C1c2cccc3cccc(c23)C(=O)N1CCN1CCOCC1,1.081563321
1528,O=C(NC1CCCC1)c1cc(C2CC2)nc2ccccc12,1.791360769
1529,Cn1cc(CCNc2cncc(Br)c2)cn1,1.079868335
1530,N#Cc1cccc(-c2ccc(=O)n3c2[C@@H]2C[C@@H](CN(Cc4ccc(F)cc4)C2)C3)c1,2.338143609
1532,Cc1noc(-c2ccc(NC(=O)Cc3ccccc3)cc2)n1,0.893095666
1533,Cc1ccc(C2(O)CCN(Cc3cn(C)c4ccc(F)cc34)CC2)cc1,1.814560548
1534,Cc1nnnn1CCN(C)c1ccccc1,0.944482672
1536,Cc1nn(C)c(C)c1NC(=O)CN1CCC2(CCCCC2)CC1,1.091948191
1538,O=C(NCc1nnc2n1-c1ccccc1CC2)c1ccc2ccccc2c1,1.456487497
1539,Cc1cc(C)n(-c2ccc(CNC(=O)c3ccc4c(c3)CCO4)cn2)n1,1.056981037
1540,O=C(NCCc1ccc2c(c1)OCO2)C1CCCC1,1.440121603
1541,O=C(CN1CCCN(c2ccc(C(F)(F)F)cn2)CC1)Nc1ccccc1,2.047734236
1542,O=C(/C=C\n1cnc(-c2cc(C(F)(F)F)cc(C(F)(F)F)c2)n1)NNc1cnccn1,0.678154038
1543,CCn1ncc(-c2cc(C(F)F)nc(NCCCOC)n2)c1C,1.639685661
1544,Cc1cc(C)c(NC(=O)c2cc(Cl)ccc2F)c(C)n1,0.913548958
1545,CCc1nnc(NC(=O)c2ccc3cc(OC)ccc3n2)s1,1.554864538
1547,CCc1nnc(Nc2cccc(C3CCCN(CC(=O)N4CCCC4)C3)n2)s1,1.687493289
1548,Cc1cc(C)n(-c2cc(Nc3ccccc3C)ncn2)n1,1.775828814
1552,COc1ccc(CC(=O)N2CCc3[nH]c4ccc(Cl)cc4c3C2)cc1OC,2.077560479
1553,Cc1cc(C)nc(-n2nc(C)c(CC(=O)NC3CCCCCC3)c2C)n1,1.64229631
1554,CS(=O)(=O)c1ccc(-c2cnc(NCc3ccco3)n3cnnc23)cc1,1.195124423
1555,Cc1ncc(C(=O)Nc2ncnc3oc(C)c(C)c23)s1,1.420137355
1556,Cc1ccc2c(c1)c(Cn1ccnc1-c1cccc(C)n1)nn2C,2.085358376
1557,Cc1noc(C2CCN(CCc3ccccc3)CC2)n1,1.255730685
1558,O=C(Nc1ccc2sccc2c1)N1CCCN(C(=O)Oc2ccccc2)CC1,1.893900404
1559,COc1cc(N2CCN(C)CC2)ccc1Nc1ncc2c(n1)N(C)c1ccccc1C(=O)N2,1.151001908
1561,NC(=O)c1ccc(Oc2ccc(C(=O)N3CCCCCC3)cc2)cc1,1.05514889
1562,O=C(CCCOc1ccccc1)N1CCCC1,1.018284308
1563,CN1C(=O)[C@H](Cc2ccccc2)N[C@@H]1C(C)(C)C,1.731274412
1564,Cc1cc2ccccc2n1CC(=O)N1CCc2ccc(O)cc2C1,1.403566603
1565,O=C(Nc1ccc2c3c(cccc13)CC2)c1ccnc(-n2cncn2)c1,2.092134408
1566,Cc1ccc(-c2nc(CC(=O)NCCC(C)C)cs2)cc1,2.666785588
1567,O=C(Nc1ccc(F)cc1)c1cc(C2CC2)nn1-c1ccccc1,1.315823458
1568,CC(C)(C)NC(=O)c1cnc(-c2ccc(Cl)s2)s1,1.619166403
1569,CCC(C)(C)NC(=O)C1(Cc2ccc(-c3cc(F)ccc3OC)cc2)CCOCC1,2.845170003
1571,CC(=O)c1c(C)c2cnc(Nc3ccc(N4CCNCC4)cn3)nc2n(C2CCCC2)c1=O,1.10561236
1572,Cc1cc(C(=O)Nc2ccc(C)c(C)c2)n(-c2ccccc2)n1,1.986883651
1576,COc1cc(NC(=O)c2ccc(F)cc2C)ncn1,0.92251786
1577,Cc1cc(C)c(-n2cccn2)c(-c2cn(C[C@@H]3CCCO3)nn2)c1,1.832221417
1581,COCC1(c2nc(-c3ccncc3)nn2Cc2cccc(Cl)c2)CC1,2.532381056
1582,Cc1ccsc1C(=O)NCc1ccc2c(c1)OCCCO2,1.724922732
1583,CCNc1ccnc(N(C)Cc2nc3ccccc3n2C)n1,1.469100046
1585,C#CCNC(=O)c1ccc2c(c1)OCO2,1.145755624
1586,CC(C)(C)c1nccc(NCc2ccncc2)n1,1.148787684
1587,CCC(=O)NCCNC(=O)c1cc(-c2ccccc2)nc2ccccc12,1.122903649
1588,CN(C)C(=O)COC(=O)Cc1ccc(OC(=O)c2ccc(NC(=N)N)cc2)cc1,2.008306285
1589,Cc1c(C(=O)NCc2cnc(N(C)C)n2C)sc2ccccc12,1.25224605
1592,CC(C)(C)NC(=O)NCCn1nc2c(cc1=O)CCCC2,1.084540532
1593,COc1cc2nc(/C=C/c3cocn3)sc2cc1OC,1.056447458
1595,Cc1nc(CN(C)C(=O)C2c3ccccc3-c3ccccc32)no1,1.176264942
1596,O=C(Nc1nccs1)C1CCN(C(=O)CN2CCc3ccccc32)CC1,1.52170021
1597,O=C1Nc2ccccc2O[C@H]2C[C@@H]1N(Cc1cccnc1)C2,1.105135338
1598,CC1(c2nnc(-c3ccc4c(c3)OCCO4)o2)CCOCC1,1.125416198
1599,CCN(CC#N)C(=O)c1nn(-c2ccc(F)cc2)c2c1CCCC2,1.700894004
1600,O=C(c1ccccc1-c1ncc(-c2ccccc2F)o1)N1CCC1,1.545059585
1601,Cc1cccc(OCCCNc2cc(Cn3c(C)nc4ccccc43)nc(N)n2)c1,2.728081755
1602,CN(C)c1ccc(C(=O)N2CCN3C(=O)N(Cc4ccccc4)C(=O)[C@H]3C2)cc1,1.477237051
1603,Cc1cc(C(=O)NCC2CC2)n2nccc2n1,1.409611931
1605,O=C(NCc1ccc(F)cc1)C1(Cc2ccc(-c3cccnc3)cc2)CCOCC1,2.892379028
1608,O=C(CSc1ccc(F)cc1)N1CCCC1,0.970579306
1611,COc1ccc(/C=C/C(=O)c2c(C)nc3ccccc3c2N)cc1,2.258919698
1612,CCn1ncc(CN2CCC(c3nc(N(C)C)ncc3-c3ccc(OC)cc3)CC2)c1C,2.356002898
1614,Cc1cnc(-n2cnnc2)c(-c2cccc(Cl)c2Cl)c1,0.838786145
1615,Cc1cccc(-n2c(S)nnc2CNc2ccc(F)cc2)c1,1.235149536
1616,COc1ccc(-c2cccc(C3CCCN(C(=O)C4CCCC4)C3)n2)cc1,2.243283666
1617,c1cc2c(N3CCNCC3)nc(-c3ccnc(NC4CCCCC4)c3)cc2cn1,1.837158981
1619,CSc1ccc(CN(CCO)C(=O)CCc2cccc(F)c2)cc1,2.17858274
1621,COc1ccc(CN2CCC(n3c(=O)[nH]c4ccccc43)CC2)cc1F,1.224351745
1623,COc1cc(C=C2C(=O)NN(c3ccccc3)C2=O)ccc1OCC(N)=O,2.197440459
1624,Clc1ccc(COc2cccc(N3CCNCC3)c2)cc1,0.71858472
1625,CCOc1ccc(Nc2ncccc2C#N)cc1,1.99830294
1626,CCc1nc2ccc(C(=O)NCc3ccccc3)cc2nc1CC,2.005386453
1627,Cc1cccc2cc(C(=O)NCCSc3nccn3C)n(C)c12,2.255783707
1629,O=C(O)c1cc2cc(O)c(O)cc2c(C(=O)c2ccc(O)c(O)c2)n1,1.550680762
1631,Cn1cc(-c2nc(C(=O)Nc3ccc4c(c3)OCCCO4)cs2)cn1,0.951386095
1633,C=CCN(C)CCCCCCOc1ccc(C(=O)c2ccc(Br)cc2)c(F)c1,1.4925369
1634,Clc1ccc2[nH]c(COc3ccccc3)nc2c1,1.444934344
1635,COc1cc(-c2ccc(C)s2)cc2c1OCCN(c1noc(C)n1)C2,1.759176625
1637,CN1C(=O)CCc2cc(NC(=O)C(C)(C)c3ccccc3F)ccc21,1.466897264
1638,Cc1csc(CCNc2ncccc2C#N)n1,1.863310961
1639,c1cnc(NCCc2cccc3cccnc23)nc1,2.021338175
1640,Nc1ccc(Cl)c(NC2=NN(c3c(Cl)cc(Cl)cc3Cl)C(=O)C2)c1,1.966113561
1642,C[C@@H](Oc1cc(-c2cnn(C3CCNCC3)c2)cnc1N)c1c(Cl)ccc(F)c1Cl,1.364794807
1643,N#Cc1cccc(CN2CCN(CCO)CC2)c1,0.798097932
1644,O=C(NCCCn1ccnc1)N1CC2(CCCC2)c2ccccc21,1.838042695
1645,CC(C)CCN1CCn2c1nc1c2c(=O)n(C)c(=O)n1C,1.420764137
1646,Cc1nn(-c2ccc(F)cc2)c2ncc(C(=O)Nc3nc(C4CC4)cs3)cc12,0.754424789
1647,N#CCN1CCCN(Cc2ccc(C#N)cc2)CC1,1.81624793
1648,Cc1cc(C(=O)Nc2ncccc2C)c2ccccc2n1,1.137164145
1649,COc1ccc(CCn2c(C)c3c(=O)n(-c4nc5ccccc5s4)[nH]c3cc2=O)cc1,1.730354228
1650,O=c1[nH]c2ccccc2n1C1CCN(CCc2ccncc2)CC1,1.482401889
1653,CN1CCC[C@@H]1CCO[C@](C)(c1ccccc1)c1ccc(Cl)cc1,1.395134107
1654,COc1ccc(/C=C/C(=O)c2c(C)nc3ccccc3c2N)c(OC)c1,1.637629802
1655,Cc1ccc(C(=O)Nc2ccccc2C#N)cc1,1.945399644
1656,CCCCN(C)C(=O)c1cn(-c2ccc(C)c(C)c2)nn1,2.102776615
1657,Cc1cccc(NC(=O)c2noc3c2CCCC3)n1,2.293786696
1658,CN(C)c1cccc(C2CCN(c3ncccn3)CC2)n1,1.975017998
1659,O=C(Nc1ccccc1-c1cn2c(CN3CCNCC3)csc2n1)c1cnc2ccccc2n1,0.979548375
1661,Cc1cccc(OCC(=O)Nc2ccn(C)n2)c1,1.3238294
1662,CNCCN1CCC(OCc2ccccc2)CC1,1.667537002
1663,c1ccc2[nH]c(SCc3cn4ccccc4n3)nc2c1,1.935713784
1664,CNc1nc(C2CCNCC2)nc2c1CN(C)CC2,0.978134847
1665,Cc1ccc(NC(=O)[C@H]2COc3ccccc3O2)nc1,2.272252482
1666,COc1cc(CCNC(=O)c2nc3cccc(C)n3c2F)cc(OC)c1,1.911674192
1667,Cc1cc(C(=O)NC2CCN(c3ncnc4sc(C)c(C)c34)CC2)on1,1.636888907
1668,Cc1ccc(CN(C)Cc2c(C)noc2C)o1,1.441396603
1669,CC(=O)N1CCc2cc(Nc3nccc(C(F)(F)F)n3)ccc21,2.115007739
1670,CCc1csc(NC(=O)c2ccc3c(c2)nc(C)n3C)n1,1.530212509
1671,CC(C)c1noc(CN(C)C2CCCC2)n1,1.201397124
1673,CCCN1CCCN(C(=O)c2nc3ccccc3[nH]2)CC1,1.283640389
1674,CC1(COc2ccc3c(c2)ncn3-c2ccc3cccc(N4CCC(N)CC4)c3n2)COC1,1.75665132
1676,C=CCn1cc(CNCc2csc3ccc(Cl)cc23)c(C)n1,2.540827314
1677,C=C(C)COc1ccc(C(=O)NCCc2cn3ccccc3n2)cc1,2.062852629
1680,CCOc1cccc(C(=O)Nc2ccc3c(c2)CCC(=O)N3C)c1,1.087035665
1681,COCCN(Cc1cccs1)Cc1cccc(C)c1O,2.093306091
1682,COc1cc2c(cc1OC)CN(CN1C(=O)c3cccc4cccc1c34)CC2,2.118400319
1683,CCNC(=O)c1ccnc(-c2ccc(F)c(C)c2)c1,2.088564854
1686,Cc1ccc(CNC(=O)CN2CCC(n3nnc4cc(C(F)(F)F)ccc43)CC2)cc1,1.616559529
1689,Oc1cccc(CN2CCN(c3ncc(Br)cn3)CC2)c1,1.467193589
1692,CN(Cc1c(F)cccc1Cl)C(=O)C1(C#N)CCCC1,2.045835222
1693,COc1ccc(C2(NCc3cnn(-c4ccccc4)c3)CCCC2)cc1,1.910981724
1696,CCc1cc2c(Nc3cnn(CC)c3)ncnc2s1,1.609871757
1698,O=c1[nH]c2ccccc2n1C1CCN(S(=O)(=O)Cc2ccccc2)CC1,1.899962691
1701,O=c1[nH]c2ccccc2n1C1CCN(c2ncnc3sccc23)CC1,1.543943942
1702,O=C(CSCCCn1c(=O)[nH]c2ccccc21)N1CCCCC1,1.834535144
1706,Cn1cc(NC(=O)c2csc(Cc3ccccc3)n2)cn1,1.375590463
1707,CCn1c(COC(=O)c2ccc(C)s2)nc2cc(S(=O)(=O)N3CCCCC3)ccc21,2.547455942
1713,CS(=O)(=O)c1cccc(CNc2nc(Nc3ccc4c(c3)CCC(=O)N4)ncc2C(F)(F)F)c1,1.152746864
1714,Cc1csc(NC(=O)c2cccc(C)c2C)n1,2.238856198
1715,CONC(=O)c1ccccc1Nc1cc(Nc2cc(C)nn2C(C)C)ncc1Cl,1.820700513
1716,c1ccc(Cc2cccc3cc4c(nc23)OCCNC4)cc1,1.389041983
1717,Oc1ccccc1NCc1ccccn1,1.396757118
1719,CCCc1cc(-c2nn3c(C4CCCC4)nnc3s2)n(C)n1,1.997189728
1723,O=C(c1cccs1)N1CCCC(C(=O)N2Cc3ccccc3C(c3ccccc3)C2)C1,2.884894442
1724,Cc1ccsc1-c1nc(CN(C)CCc2cn[nH]c2)c(C)o1,2.26828538
1725,Cc1nc(C#N)c(C#N)n1Cc1csc(-c2cccs2)n1,1.94826622
1726,O=C1CSc2ccc(C(=O)Nc3cc(C4CC4)n[nH]3)cc2N1,0.915241497
1727,CNc1nc(N2CCCCC2)nc(N2CCCCC2)n1,1.738312727
1728,CC(Oc1ccc(Cl)cc1)C(=O)N1CCC(n2c(=O)[nH]c3ccccc32)CC1,1.558852512
1730,CCC(CC)NC(=O)c1ccc(C#N)c(C)n1,0.790144365
1732,CCN1CCN(c2ccc(NC(=O)c3ncoc3-c3ccc4ccccc4c3)cc2)CC1,1.281056105
1733,CCc1cnc(CCNc2cncc(Cl)n2)s1,2.263505879
1734,Cc1cccc(OCCn2c(N)nc3ccccc32)c1,0.693287157
1735,O=C(COc1ccc2ccc(=O)oc2c1)Nc1cccc(COCc2ccco2)c1,1.889144768
1736,C[C@@H](CN1CCC(n2c(=O)[nH]c3cc(Cl)ccc32)CC1)NC(=O)c1ccc2ccccc2c1,2.018920918
1737,O=C(Nc1ccccc1)Nc1ccccc1,1.204391332
1739,C[C@@H](CN1CCC2(CC1)C(=O)NCN2c1cccc(F)c1)NC(=O)c1ccc(Br)cc1,1.948222186
1740,Cn1ccc(NC(=O)c2cc(-c3ccncc3)nc3ccccc23)n1,1.330271691
1741,O=C(COc1ccc2oc3c(c2c1)CCCC3)N1CCOCC1,1.490969251
1742,c1ccc(-c2ccc(Cn3ccnc3-c3cc4n(n3)CCCNC4)cc2)cc1,1.167848799
1743,CNc1cc(C)nc(-c2ccnc3c2ccn3C)n1,1.932843975
1744,CS(=O)(=O)N1CCC(Nc2ccc3ccc(F)cc3n2)CC1,0.771146349
1745,O=C(Nc1cccc2cnccc12)c1cccc(F)c1,1.543235884
1746,NCc1ccc(Oc2ccccc2)nc1,1.315697514
1747,O=C(c1ccc(F)cc1)N1Cc2nc[nH]c2C[C@H]1c1nc(-c2ccc(Cl)cc2)no1,1.328032845
1749,Nc1cnn(CC(=O)Nc2ccc(F)cc2)c1,1.206960729
1750,CN(c1ncccc1CNc1nc(Nc2ccc3c(c2)CC(=O)N3)ncc1C(F)(F)F)S(C)(=O)=O,1.507410559
1751,Cc1noc(C2CCN(CC(N)=O)CC2)n1,0.999478534
1752,CN(NC(=O)c1ccn(-c2ccccc2)n1)c1ccccc1,1.915637234
1756,O=C(C1CC1c1ccc(F)cc1)N1CCC(n2c(=O)[nH]c3ccccc32)CC1,1.168114287
1757,O=C(C1CC1c1ccccc1F)N1CCC(n2c(=O)[nH]c3ccccc32)CC1,1.673767142
1758,Cc1cccc(COc2cccc(/C=C3\C(=O)NN(c4ccccc4)C3=O)c2)c1,1.821827836
1759,Cc1ccn(-c2ccc3[nH]c4c(c3c2)CCCC4=O)n1,2.136095621
1760,COc1cc(CN(C)C(=O)Nc2cccc(C)c2C)ccc1O,1.188984699
1761,CSCC(=O)N1CCc2[nH]nc(-c3cccc(F)c3)c2C1,1.755813898
1762,O=C(C1CCCN(S(=O)(=O)c2ccccc2)C1)N1CCc2ccccc2C1,2.380354173
1763,CCC(=O)N1CCCC(C(=O)N2CCc3c(Cl)cc(Cl)cc3C2C)C1,2.618841659
1764,O=C(C1CC1)N1CCCC(C(=O)N2CCc3ccccc3C2Cc2ccccc2)C1,2.808403425
1765,O=C(C1CCCN(c2cnccn2)C1)N1CCc2ccccc2C1,2.43650295
1766,O=C(C1CCCN(C(=O)N2CCCC2)C1)N1CCc2ccccc2C1,1.940097926
1767,O=C(C1CCCN(c2ccc(Cl)nn2)C1)N1CCc2ccccc2C1,2.096193705
1768,O=C(C1CCCN(c2ccccn2)C1)N1CCc2ccccc2C1,2.236272674
1769,CC(=O)N1CCCC(C(=O)N2CCc3c(cccc3C(C)C)C2)C1,1.662918302
1770,CSc1ccccc1NC(=O)CN1CCCC(c2nc3ccccc3o2)C1,3.047450887
1771,CCONC(=O)c1cnn(-c2cccc(Cl)c2)c1,1.542613828
1772,Cc1ccc(NC(=O)c2cccc3cccnc23)cc1,2.313700639
1773,Cc1cnn(Cc2cc(F)ccc2F)c1N,0.825815445
1774,CCOc1cc(CNc2ccc(N3CCOCC3)c(C(=O)O)c2)cc(Cl)c1OC,1.32407658
1777,Cc1nnc(NC(=O)c2nn(-c3ccc(F)cc3)c3c2CCCC3)s1,1.623693698
1778,CC(C)c1ccc(NC(=O)c2ccc3nccnc3c2)cc1,1.464638559
1779,CC(C)CCNC(=O)c1ccc2ccccc2n1,2.226452968
1780,Cc1ccc(-c2nc(-c3ccncc3)n[nH]2)cc1,1.43025248
1781,Nc1nccc2ccc(-c3cccc(F)c3)cc12,2.31936635
1782,Cc1ccc2oc([C@H]3CCN(Cc4ccc(C#N)cc4)C3)nc2c1,1.617535012
1783,COc1ccc(-c2ccc(CNc3ccc(CN4CCC(C)CC4)cc3)cc2)cc1,2.092731169
1784,c1ccc(-n2cnc3cc(NCc4ccccn4)ccc32)cc1,1.355029856
1785,Cc1ccc(NC(=O)c2cc(F)cc(F)c2)nc1,2.440759571
1786,CCONC(=O)Cc1coc2c(C)c(C)ccc12,1.952898946
1790,Fc1cccc(N[C@H]2CCCN[C@H]2Cc2ccccc2)c1,1.785557602
1791,CCOc1cc2c(cc1CCC(=O)N1CCC(Cc3ncncc3C(N)=O)CC1)CCC2,2.751297584
1792,CC(=O)n1c(/C=C2/N=C(c3ccc(F)cc3)OC2=O)cc2ccccc21,2.035437744
1794,Cc1ccc(OCC(=O)Nc2ccncc2)c(C)c1,1.720200663
1795,Fc1ccc(-c2nnc(CN3CCC(c4c[nH]c5ccccc45)CC3)o2)cc1,1.467045452
1798,Cc1ccc(-c2nnc(SCCn3cccn3)[nH]2)cc1,1.986337222
1799,Cc1cccnc1NC(=O)c1csc(-c2ccccc2)n1,1.731991449
1800,CC(c1ccccc1)N1CC(C(=O)N2CCC(n3c(=O)[nH]c4ccccc43)CC2)CC1=O,1.506816098
1801,CNC(=O)c1ccc(Nc2ncc(C(F)(F)F)c(NCc3nccnc3N(C)S(C)(=O)=O)n2)cc1,1.448226941
1802,O=C(Nc1ccccn1)c1cccc2ccccc12,2.118876211
1803,O=C(CN1CCSC1=O)N1CCN(Cc2sc3ccccc3c2Cl)CC1,1.861659842
1806,O=C(Nc1cccc(Cl)c1F)c1cccc(N2CCCC2=O)c1,1.918292513
1807,Cc1ccc2cc(C(=O)N(C)CCC#N)[nH]c2c1,1.790981448
1808,CCN(C(=O)CO)[C@H]1CN(/C(=N\C#N)Nc2cccc(OC(F)F)c2)N=C1c1ccc(Cl)c(Cl)c1,1.652874598
1809,CCCc1nnc2sc(-c3cc(C(C)C)nn3C)nn12,1.49497508
1810,Oc1ccc(-c2noc(-c3cccnc3)n2)cc1,1.399206301
1814,COc1ncc(-c2cccc(N(C)C)c2)c(OC)n1,2.284667557
1815,O=C1C(N2CCC(n3c(=O)[nH]c4ccccc43)CC2)CCN1c1ccccc1,0.686993566
1816,O=C(NCCc1cccc2cccnc12)C1CCCCC1,2.199173535
1817,CCN(Cc1nc2cc(Cl)ccc2c(=O)[nH]1)C(=O)COc1ccccc1Cc1ccccc1,2.352111095
1820,O=C(CCN1CCN(C(=O)OCc2cc(Cl)cc(Cl)c2)CC1)c1ccc2[nH]c(=O)oc2c1,2.168724295
1821,CN(Cc1ccc(-c2ccc(Br)cc2)o1)C(=O)c1cnn(C)c1,1.02094106
1823,CCCCCCCC/C(=C\CCCCCCCC(=O)O)[N+](=O)[O-],1.631960961
1824,COCCOc1ccc2c(c1)ncn2-c1ccc2cccc(N3CCC(N)CC3)c2n1,1.16790781
1825,COc1ncccc1NC(=O)c1cccc(C)n1,2.175897231
1827,N#Cc1cccc(CN2CCOC[C@H](O)C2)c1,0.897791982
1829,O=c1[nH]c2ccccc2n1C1CCN(Cc2nnc(-c3cc4c(s3)CCCC4)o2)CC1,1.714237525
1830,COc1ccccc1C(=O)Nc1cccc(-c2ccnc(C)n2)c1,1.780252487
1831,Cc1nc2ccc(C(=O)NCCCc3ccc(F)cc3)cc2[nH]1,0.903632516
1833,c1nc(Nc2ccc3c(c2)OCCCO3)c2sccc2n1,1.964066253
1834,CC(C)c1ccc(NC(=O)Cn2cnc3c2c(=O)n(C)c(=O)n3C)cc1,1.206556044
1836,COCc1ccc(-c2nc3c([nH]2)c(C)nn3C2CCCCC2)o1,1.714111719
1837,N#Cc1cccnc1Nc1cnn(Cc2ccccc2)c1,1.388225573
1840,Cc1cccnc1NC(=O)CCc1ccc(F)cc1,0.837651558
1841,COC(=O)[C@]12CCC(C)(C)CC1C1C(=O)C=C3[C@@](C)(CC[C@H]4C(C)(C)C(=O)C(C#N)=C[C@]34C)[C@]1(C)CC2,1.970769805
1842,CC(=O)NC1(c2ccc(F)cc2)CCN(Cc2ccc(OC3CCCC3)cc2)CC1,1.394609259
1845,O=C(Nc1cc(Cl)ccc1Cl)c1cccc(N2CCCC2=O)c1,2.194103441
1846,Cn1ccc2c(NC(=O)N3CCCN(C(=O)Oc4ccccc4)CC3)cccc21,1.620677284
1847,Cc1cccc(NC(=O)CN2C(=O)N(C)C3(CCCCC3)C2=O)c1C,2.704014027
1848,O=C1NCN(c2ccccc2)C12CCN(CCCOc1ccc(F)cc1)CC2,1.871082326
1849,COc1ccc(CN(C)c2ncncc2Br)cc1O,1.413718765
1851,COc1ccc2c(c1)CN(c1nc(C)cc(C)n1)CC2,2.110606543
1852,Cc1ccc(F)cc1C(=O)N1CCc2c(nc(-c3ccccn3)nc2N(C)C)C1,0.94156112
1855,CC(C)c1nc(S(=O)(=O)N2CC3(CC3)c3ccccc32)c[nH]1,2.897040673
1856,NC(=O)COc1ccccc1C(=O)Nc1cccc(-c2ccc3ccccc3c2)n1,1.738439646
1859,O=C1CC(N2CCCN(c3ccc(C(F)(F)F)cn3)CC2)C(=O)N1c1ccccc1,2.431194839
1861,Brc1nnc(N2CCC(OC3CCCC3)CC2)s1,1.888409783
1864,[2H]c1nc(C)nc([2H])c1-c1cc(NC[C@@H](C)c2cccc3c(C(=O)NC)ccnc23)ncn1,0.733357788
1865,CC(=O)Nc1ccccc1CN1CCC(c2nnc3ccccn23)CC1,1.000390689
1866,O=C(Nc1ccc2[nH]ncc2c1)[C@H]1CCCNC1,1.162026432
1868,CCCn1ncc(CN2CCC(c3cc4cccnc4[nH]3)CC2)c1C,1.621280168
1869,O=c1cc2c(n[nH]1)-c1cnc(N3CCCC3)nc1CC2,0.823669813
1872,CN(C)CCSc1nnnn1-c1ccc(Br)cc1,1.456214155
1873,Cc1ccc(Nc2ccnc(Nc3ccc(C)cc3)n2)cc1,1.930658726
1875,CN(CCCC1CCCC1)Cc1cc(=O)[nH]c(=O)[nH]1,0.878808932
1876,C[C@H](Cc1cc2c(c(C(N)=O)c1)N(CCCO)CC2)NCCOc1ccccc1OCC(F)(F)F,1.770623763
1877,CC(C)N(C(=O)Cn1cccc2cc(C(F)F)nc1-2)C(C)C,2.45448356
1878,Cc1noc2ncnc(N3CCCN(C(=O)C4CC4)CC3)c12,0.808210973
1879,CCn1ncc(CN(C)C(=O)c2ccc(-c3nc(C)cc(C)n3)cc2)c1C,1.285804764
1880,O=c1c2cccc(C(F)(F)F)c2ncn1C1CCCC1,2.059067122
1882,COc1ncnc(C)c1-c1cccc(OC(C)C)c1,1.802889978
1883,Fc1cccc(N2CCCC2)c1CN1CCN(Cc2ccon2)CC1,1.782164352
1887,CCn1c(CN2CCCCCC2)nc2ccccc2c1=O,1.409696478
1890,Cc1ccc2occ(CN3C[C@H]4CCCN4C[C@H]3C)c(=O)c2c1,1.379686152
1891,COCC1(CNS(=O)(=O)c2ccccc2)CCC1,1.486472985
1894,O=c1c2cnccc2ncn1Cc1ccc2c(c1)CCCO2,1.661651806
1896,Cc1cccc([C@H]2CN(C(=O)C3CCCC3)[C@@H]3CCN(CC4CC4)C[C@H]23)c1,2.743977516
1897,COc1ccc(Cl)cc1NC(=O)CN1CCCN(c2ccc(C(F)(F)F)cn2)CC1,2.656293734
1899,Cc1cc(Nc2ccc(F)cn2)cc(C2CCN(C(=O)CCc3cccc(Cl)c3)C2)n1,2.749824402
1900,Cc1ccc(NC(=O)CN(C)C2CCCCC2)cc1S(=O)(=O)N(C)C,2.635314822
1903,Cc1ncc(-c2ccccn2)c(CCNC(=O)C2CCCC2)n1,0.864392405
1904,O=C(Nc1ccc2c(c1)N(CC(F)F)C(=O)CS2)C1CC=CC1,1.721060047
1905,Cc1nccc(NC(=O)c2ccc(Cl)nc2Cl)n1,0.71941416
1906,O=c1c2ccccc2nnn1CCOc1ccc(F)cc1,1.416840137
1907,COc1cc(OC)cc(N(CCNC(C)C)c2ccc3ncc(-c4cnn(C)c4)nc3c2)c1,1.245438634
1908,CC(C)[C@H]1C(=O)N[C@H](CO)Cc2cc(NC(=O)/C=C/C=C/c3ccc(C(F)(F)F)cc3)ccc2N1C,2.696159732
1911,c1nn(C2CCOCC2)cc1Nc1ncc2nnn(-c3ccc4cn[nH]c4c3)c2n1,1.985754205
1912,C1CN(c2nc3c(c(N4CCSCC4)n2)SCC3)CCS1,2.099414736
1913,Cc1cc(C)n2nc(C)c(C(=O)NCC3CC3)c2n1,1.669707291
1914,CCN(CC)C(=O)CSCc1cncc(F)c1,1.493959675
1915,Cc1ccc(S(=O)(=O)N2CCC(c3nnc(-c4cccnc4)o3)C2)cc1,1.619958968
1917,O=C(c1cc(-c2ccc(F)cc2)on1)N1CC[C@H](O)[C@@H](Oc2ccccc2F)CC1,1.685392372
1918,CC(C)c1nsc(N2CCC(Nc3cccnc3)CC2)n1,1.419377405
1920,Cc1cc(C(F)(F)F)nc(CCNC(=O)N(C)Cc2c(C)noc2C)n1,2.235629434
1921,CC1(C)[C@H]2C[C@H]3Oc4c(ccc(O)c4C(=O)NCCNc4ccccn4)[C@H](O)[C@@]3(O)[C@@H]1C2,2.507289031
1922,CC(=O)Nc1ccc(CNCCOc2ccc(F)cc2F)cc1,1.097500252
1925,COCCCNc1ncc(-c2cc(C)no2)c(C(C)C)n1,1.523226042
1926,Nc1ccnc2ccc(Oc3ccccc3)cc12,1.129722109
1928,COc1ccc(-c2cc(C(C)(C)C)nc(-c3ncccn3)n2)cc1,1.334534169
1932,CN(C)CCOc1cc(-c2cn[nH]c2)ccc1NC(=O)C1COc2ccccc2O1,1.298743943
1933,CCc1cc(CNC(=O)Nc2ccc(N3CCSCC3)cc2)on1,1.554755591
1935,C/C(=C/COc1c2occc2cc2ccc(=O)oc12)CO,1.261286665
1938,CN(C)c1nccc(N2CCN(CCCCCF)CC2)n1,1.510477984
1940,Cc1nnc2ncc(-c3cccc4ccnn34)cn12,0.969741977
1941,O=C(CC/C=C/c1ccccc1)Nc1ccccc1N1CCOC1=O,1.51263104
1944,CC(=O)N1CCN([C@H]2CCN(C(=O)c3cc4cc(Cl)ccc4o3)CC[C@@H]2O)CC1,0.905148002
1945,c1nc(N2CCC3(CCCCC3)C2)c2cn[nH]c2n1,0.920801382
1946,CC(C)(C)CCCNC(=O)N1CCN(Cc2ccon2)CC1,1.233046902
1947,COc1ccc(-c2nn(C)c3ccccc23)c(OC)c1OC,1.97966672
1948,COCC1(CNC(=O)c2cc(Cl)cnc2O)CCC1,1.212453961
1949,COc1ccc(COc2ccc(Cc3cnc(N)nc3N)cc2OC)cc1,1.124764984
1950,CCSCCC(=O)NCCn1nc(C)c(CC)c1C,2.164974107
1951,Cc1cccc(NCCc2cc(F)cc3c2OCOC3)n1,2.598512557
1952,COCC1(CNS(=O)(=O)c2ccc3[nH]cnc3c2)CCC1,1.21031852
1953,Clc1ccc(CSc2nc(-c3ccccc3)c[nH]2)cn1,2.360279033
1954,CCc1ccccc1S(=O)(=O)NCCc1cn[nH]c1,1.541891125
1955,Fc1ccc(CN2CCCN(c3ccc4nnnn4n3)CC2)cc1,1.504457269
1956,CC(C)c1nnc(CN(C(C)C)C2CCOCC2)o1,0.829175074
1957,CNc1ncc(CN(C)CCN2CCCCC2)cn1,0.823343791
1958,C#CCOc1ccc(OC)cc1C(N)=O,1.139942023
1959,Cc1cc(C)nc(N2Cc3ccccc3C2=N)n1,1.391552567
1961,CCOc1cc(N(C)CC2CCN(C)CC2)ncn1,1.303044784
1963,Cc1ccnc(N2CCC(OCC3CCCC3)CC2)n1,2.033697114
1964,Fc1cc(Br)ccc1CNCc1ccccn1,1.423032772
1965,CN(CCSc1ccc2nnnn2n1)Cc1ccccc1,1.810575247
1967,Cc1ncsc1CNc1nnc(-c2ccncc2)o1,0.949438801
1968,c1ccc(-c2nc(CSc3ccc(-n4cccn4)nn3)cs2)cc1,1.875755579
1971,Cc1nccc(NC(=O)c2ccncc2Cl)c1Cl,1.327318058
1972,COC(=O)c1cccc2c1CCCN2C(=O)c1ccc(F)cc1F,3.060029646
1975,Cc1cc(Nc2ccc(F)cn2)cc(C2CCN(C(=O)COc3ccccc3)C2)n1,2.02619812
1976,CC(C)CCCNC(=O)c1[nH]ncc1Br,1.217957462
1977,COc1cccc(C)c1C(=O)N[C@H](CO)CCSC,1.512324113
1981,Cc1nn(C)c(C)c1-c1cc(C(C)(C)C)nc(N(C)C)n1,1.712683367
1982,C[C@@H](NC(=O)N1CCC2(CCOCC2)CC1)c1ccc(F)cc1,0.79190108
1984,CCc1c(C(=O)N2CC[C@@](O)(CC(C)C)[C@@H](Oc3ccc(F)cc3)C2)[nH]c2ccc(C)cc12,2.014948742
1985,COc1cccc(Cn2cnc3c(c2=O)COCC3)c1Cl,0.756940236
1986,CN(Cc1cnc2ccccc2n1)S(=O)(=O)N1CCCC1,1.124112792
1987,CC(C)N(CCCNC(=O)Nc1ccc(C(C)(C)C)cc1)C[C@@H]1O[C@@H](n2ccc3c(N)ncnc32)[C@H](O)[C@H]1O,2.272465891
1989,Cc1cc(C(=O)N(C)CCCC2CCCC2)cc(C)n1,1.8057998
1990,CC(=O)N1CCC2(C=Cc3cc(C)c(C)cc3O2)CC1,1.092194121
1991,Cc1ccc(=O)n(CCOc2cc(F)cc(Br)c2)n1,2.146531122
1993,Cn1nc(CNC(=O)C2CCC2)c2ccccc21,1.097847077
1994,COc1nc2c(cc1CNC(=O)N1CCC[C@@H]1CO)C(=O)N(C1CCCC1)C2,0.931762888
1999,NC(=O)CN1CCC(COc2ccccc2C(F)(F)F)CC1,1.110252917
2000,Nc1nnc(SCCSC2CCCCC2)n1C1CC1,1.685410295
2001,Cc1cccnc1CN1CCC(O)(c2ccccc2)CC1,0.692670699
2003,O=C(Nc1ccccn1)c1ccc2c(c1)C(=O)N(C1CCCCC1)C2=O,1.070222633
2006,CC(=O)NC[C@H]1C[C@]2(C)[C@@H](CCCC[C@]2(C)O)N1CC1(O)CCOCC1,0.953276337
2008,Cc1c(CN2CCC(Nc3ncnc4sc(CC(F)(F)F)cc34)CC2)ccc2[nH]c(C#N)cc12,2.044755286
2010,Cc1ccnc(-n2nccc2NC(=O)NC2(C)CCC2)c1,1.862137345
2011,CCOC(=O)c1cccnc1SCc1cccnc1,2.46652954
2013,O=c1c2oc3ccccc3c2ncn1Cc1ccc(Cl)cc1,2.011049993
2014,Cc1cc(NC(=O)[C@H](C)N(C)C)c2ccccc2n1,0.983536082
2015,CC(=O)N1c2ccc(S(=O)(=O)Nc3cccc(-c4cnco4)c3)cc2CC1C,1.830165073
2016,Cc1cc(Nc2nnc(C)s2)cc(C2CN(C(=O)c3c(C(C)C)noc3C)CCO2)n1,1.352876834
2017,COc1ccc2nc(C)nc(NCc3ncc(C)o3)c2c1,1.371751107
2021,CC(C)n1cnnc1-c1cccc(N2Cc3ccc(Br)cc3C2=O)n1,0.778946728
2022,CC(C)OCCS(=O)(=O)N1CCc2ccccc2CC1,2.126686508
2023,COC(=O)CCCNC(=O)CN1CCC(C(=O)c2ccc(C)cc2C)CC1,2.809258634
2024,COc1cc(Br)c2c(=O)[nH]c(C)nc2c1,1.142702246
2025,CSc1nnc(CCCNc2cc(C)ccn2)n1C1CCCC1,2.141380783
2028,Cc1ncsc1-c1cncc(CC2CCCN(C)C2)n1,1.504946355
2029,CC(=O)NCCCC(=O)Nc1ccc(Oc2ccccc2Cl)cc1,0.982904118
2030,COC(C)(C)C(=O)Nc1ccnc(C(C)(C)C)n1,1.036229544
2031,CCCN(CCC1=CCCCC1)C(=O)c1cc(C(F)F)n[nH]1,1.819023787
2032,COc1cccc(C(=O)Nc2nccs2)c1,2.03616961
2033,CCC(CC)N1CC[C@H](O)[C@@](O)(COc2cc(C)ccc2Cl)C1,2.569262688
2034,CSc1ccc(C)c(C(=O)NCCN2CCC(C)CC2)c1,1.597168449
2035,Cc1cnn(CCNC(=O)C2(Cn3cccn3)CC2)c1,1.008046306
2036,C[C@@H]1CN(Cc2ccccc2)C[C@H]1c1nc2c(cnn2C2CCOCC2)c(=O)[nH]1,1.559798935
2038,CNCc1cc(N(C)C)nc(C2CCCN2C(=O)c2ccccc2-c2ccccc2)n1,1.488790358
2039,CCn1nccc1-c1cc(C)nc(N2CCCC2)n1,2.059608852
2040,c1ccc(NCc2ccc3c(c2)OCCCO3)nc1,1.823089323
2041,CCCN(CCc1cccs1)[C@H]1CCc2c(O)cccc2C1,1.991761966
2042,c1ccc(N2CCOCC2)c(CNc2cc(N3CCCC3)ncn2)c1,2.278454063
2044,CC1=CCN(C(=O)c2cc(C)nc3cc(C)cc(C)c23)CC1,1.990023455
2045,Cc1nc2n(c1CN1CCN(c3ncccn3)CC1)CCCC2,1.463370327
2047,CCC[C@@H]1C[C@@H](C(=O)N[C@H]([C@@H](C)O)[C@H]2O[C@H](SC)[C@H](O)[C@@H](O)[C@@H]2O)N(C)C1,1.123721006
2049,CCCNC(=O)C1(NCc2csnn2)CCCCC1,0.870228279
2050,O=c1c2ccncc2ncn1[C@H]1CCN(Cc2ccccc2)C1,1.353800865
2055,CCCn1cc(NC(=O)Nc2ccc(N3CCSCC3)cc2)cn1,1.647431874
2056,CO[C@H]1/C=C\C=C(/C)C(=O)NC2=CC(=O)C(NCCN(C)C)=C(C[C@@H](C)C[C@@H](OC)[C@@H](O)[C@@H](C)/C=C(\C)[C@H]1OC(N)=O)C2=O,1.32255006
2060,O=C(Cn1cc(NCc2cccc(Cl)c2)cn1)N1CCOCC1,0.770999205
2062,CCc1nc(N2CC(CO)C2)c2ccsc2n1,1.030963842
2063,CCc1c(C(=O)NCCc2ccc(N3CCCCC3)cc2)[nH]c2ccc(Cl)cc12,1.607186857
2064,CC1(C)CC(=O)c2c(C(F)(F)F)nn(-c3ccc(C(N)=O)c(N[C@H]4CC[C@@H](O)CC4)c3)c2C1,1.678964281
2065,O=C(c1cn(Cc2cncn2Cc2ccc(Br)cc2)cc1-c1cccc2ccccc12)N1CCOCC1,2.17634597
2066,Clc1ccc2c(NCCN3CCOCC3)ncnc2c1,1.066661302
2070,CC(=O)N1CCN([C@H]2CCN(C(=O)c3cc4cc(C)ccc4o3)CC[C@@H]2O)CC1,0.861952375
2072,COc1cc2nn(CCC(C)(C)O)cc2cc1NC(=O)c1ccn(C(F)F)n1,1.271562825
2073,CC(C)(O)CCn1cc2cc(NC(=O)c3cccc(C(F)F)n3)c(OCC3COC3)cc2n1,0.892094603
2075,CNC(=O)c1ccc(N2CCCc3cc(OC)ccc3C2)nn1,1.073168262
2076,C[C@H](c1nc(=O)c2cnn(C3CCOCC3)c2[nH]1)N1CC(Oc2ccccc2)C1,1.438194141
2079,O=C(CCCC(=O)N1CCN(c2nsc3ccccc23)CC1)Nc1nccs1,1.867673685
2080,O=C1CCC(=O)N1CCSc1ncc(-c2ccc(F)cc2)[nH]1,1.551815822
2081,Cc1c(C(=O)Nc2ccc(N3C[C@@H](C)O[C@H](C)C3)nc2)cccc1-c1ccc(OC(F)(F)F)cc1,1.380428335
2082,COc1ccc(CC2CN3CCN(C(=O)OCc4ccccc4)CC3CO2)cc1,1.521504202
2083,Cc1ncc(-c2ccc(C)c(S(=O)(=O)NCc3cnn(C)c3C)c2)o1,2.247226718
2084,Cc1noc(C)c1-c1cc(-c2ccccc2Cl)nc(C2CC2)n1,1.338536173
2086,CCCc1ccc(-c2cccc(C(=O)N3CCN(CC(N)=O)CC3)c2)cc1,1.09961159
2090,CN1CCC(Cc2cccc(-c3nccs3)n2)C1,1.633205779
2091,COCCCNc1nnc(-c2ccncc2)s1,1.123165371
2092,O=c1cc2c(n[nH]1)-c1cnc(N3CCCCC3)nc1CC2,0.68690427
2093,CC(C)N(C)S(=O)(=O)N1CCC(CNC(=O)CCCn2cccn2)CC1,1.212400703
2094,Oc1ccc2nc(/C=C/c3csnn3)ccc2c1Cl,1.997316472
2095,CC1=C(C(=O)Nc2cc3cn[nH]c3cc2F)C(c2ccc(C(F)(F)F)cc2)CC(=O)N1,1.707493529
2096,CC(C)Cc1nn(C)c(=O)c2c(SCCCO)n(Cc3cccc4ccccc34)cc12,2.436576064
2097,Cc1cc(N2CCOCC2)ccc1Nc1nc(NC2CCCCC2)c2nc[nH]c2n1,1.301767669
2099,CC1CCC(O)(CSc2nncn2C(C)C)CC1,0.807196661
2100,C[C@]1(O)CN(C(=O)Cn2cnc3ccccc32)CC[C@@H]1Oc1ccccc1,0.74390155
2102,COc1ccccc1/C=C/CN1C[C@H]2CCCN2C[C@@H]1C,1.226161523
2103,CSC1(CNC(=O)N2CCC=C(c3ccccc3)C2)CCOCC1,2.077575009
2105,CN(CCc1ccncc1)c1ncccc1C#N,1.646403726
2106,CCCc1noc(CN2CCN(c3ccccc3OC)CC2)n1,1.432151214
2107,CCOCCNC(=O)c1cccc(-c2cc(F)ccc2OC)c1,2.115364175
2108,CCN(Cc1cnn(C(C)C)c1)C(=O)NCCC(C)(C)OC,0.751587005
2109,Cc1oc2ncnc(NCc3cc(F)cc4c3OCOC4)c2c1C,2.1041353
2110,CN(Cc1cnc2ccccc2n1)S(=O)(=O)N1CCCCCC1,2.361629637
2111,CCc1c(C)nn(CCNC(=O)CCc2cnccn2)c1C,1.80988279
2112,CCC(=O)Nc1cccc(Oc2nc(Nc3ccc(N4CCN(C)CC4)cc3OC)ncc2Cl)c1,1.201287854
2113,CC1=C(Br)CN(CCc2nc3ccccc3c(=O)[nH]2)CC1,2.123841845
2114,CN1CCCn2c1cc(OCc1cc(F)c(Oc3ccc(C(F)(F)F)nc3)c(F)c1)nc2=O,1.291146762
2115,Cc1cc(C(=O)N2CCC(C(=O)c3ccnn3C)CC2)sc1C,1.564677898
2116,CCCOc1ccn2c(C(C)=O)cc(-c3ccccc3S(C)(=O)=O)c2c1,1.749094446
2117,CCN(CCOC)C(=O)Nc1ccc2occc(=O)c2c1,0.992420956
2118,COc1ccc(N)c(OCc2ccccc2)c1,2.01301428
2119,COc1ccc2nc3c(cc2c1)CNCCO3,1.256765838
2121,C#Cc1cccc(N(CCC(=O)NC(N)=O)Cc2cccs2)c1,1.710633471
2122,CCCNC(=O)CSc1nc2cc(C)ccc2[nH]1,2.027512692
2125,CC(=O)N(C)[C@H]1CC2(CCN(C(=O)COc3cc(C)c(Cl)c(C)c3)CC2)OC[C@]1(C)O,1.892484179
2127,CCCc1nn(CCCN2CCCCC2)c(=O)o1,1.133858125
2129,Cc1noc(C)c1CS(=O)(=O)C1CCCc2ccccc21,2.282839546
2130,Cc1nnc2ccc(NCCOC3CCCCCC3)nn12,1.698213674
2132,C[C@H]1CN2C[C@H](O)C[C@@H]2CN1Cc1cccc2ccccc12,1.38309693
2134,Cc1nnc2ccc(N3CCC4(CCCCC4)C3)nn12,1.521151165
2135,COC(=O)N[C@H](C)CNc1nccc(-c2cn(C(C)C)nc2-c2cc(Cl)cc(NS(C)(=O)=O)c2F)n1,1.168644777
2138,CSc1ccc(C(=O)Nc2cccc(C(=O)NCC(C)C)c2)cc1,2.0743629
2139,COc1cc([C@@H]2c3cc4c(cc3[C@H](O)[C@H]3COC(=O)[C@@H]23)OCO4)cc(OC)c1OC,1.64823312
2141,Cc1ccc(C(=O)NCCc2ccc(F)cc2)o1,1.342343711
2142,CCCc1ccc(C(=O)CSc2nncs2)cc1,2.441157629
2144,Cc1ncc(C)n2nc([C@@H]3C[C@H]3c3nc4c5cccnc5ccn4c3C)nc12,1.207149453
2145,O=C(c1cccc(Nc2ncccn2)c1)N1CCOCC(Cc2cccc3ccncc23)C1,2.448098501
2146,Cc1cccc(NC(=O)N2CCC(N3CC=CC3)CC2)c1Cl,0.959613711
2147,CC(C)(C(=O)c1ccccc1)/[N+]([O-])=C/c1ccc(F)cc1,0.882809041
2148,COCC1(C(=O)N(C)Cc2ccc3ccccc3n2)CCC1,1.777738475
2149,O=C(CC1c2ccccc2CCc2ccccc21)NCCN1CCOCC1,2.117606004
2150,COc1ccccc1-n1cc(CNC(=O)N(C)Cc2c(C)nn(C)c2C)cn1,1.878084984
2151,Cc1cc(C(=O)N(C)C2CCSCC2)c(=O)n(C)c1C,1.46386314
2155,CCCS(=O)(=O)NC1CCN(Cc2ccc(C)c(OC)c2)CC1,1.216746334
2158,CCc1cc(N2CCOCC2)nc(C2CCN(C(=O)C3CC3)CC2)n1,1.064532861
2159,CC(C)Nc1ccc(-c2cc3c(cc2CO)OCCO3)cn1,1.136815658
2164,Cc1ccc(C)c2nc3c(cc12)CNCCO3,1.374730021
2165,CN(CCSc1ccc2nnc(C(F)F)n2n1)Cc1ccccc1,2.39006211
2166,CCOC(=O)c1ccc(N2CCSCC2)nc1,2.613674835
2167,N#Cc1ccccc1NC(=O)CCc1ccccc1,1.203141719
2168,COc1cccc(Nc2c(C(N)=O)cnc3c(C)cc(S(=O)(=O)c4cccc(C(=O)N(C)C)c4)cc23)c1,2.515428729
2169,CN1CCc2ccc(C(=O)NCCC(=O)Nc3cccnc3)cc21,0.791409916
2170,CCCc1cc(C(=O)Nc2ccc(-c3nnc(C)[nH]3)cc2)no1,2.117234827
2171,CC(C)N1CCN(CCCSc2ccccn2)CC1,2.10818942
2173,Cc1cc(C)c(NC(=O)CN(C)c2ccc(C#N)nc2)c(C)c1,1.158573556
2174,Cc1nc(-c2ccccc2)nc(O)c1C,1.286209386
2175,O=C(CSCCc1ccccn1)Nc1ccccc1,1.624292412
2176,O=C(NCC1CCC2(CC1)OCCO2)c1[nH]nc2c1CCCC2,0.837651558
2177,C[C@]12C[C@H](O)[C@H]3[C@@H](CCC4=CC(=O)C=C[C@@]43C)[C@@H]1CC[C@]2(O)C(=O)CO,1.404337585
2178,COc1cc(OC)cc(C(=O)NCc2noc(-c3ccccc3)n2)c1,1.543074235
2179,CC(C)N(C)S(=O)(=O)NCCCc1nc2cc(Cl)ccc2[nH]1,2.12602745
2180,CN(Cc1ccc(OC(F)(F)F)cc1)Cc1cn(C)nn1,1.177276711
2182,COc1ccc(CC(=O)Nc2ccc(F)nc2)cc1,1.217720768
2183,CC(=O)NC1CCC(NCCSc2ccc(C)cc2)CC1,1.808946556
2184,CCOc1cc(N2CCOC3(CCCC3)C2)ncn1,1.572999317
2185,CN(CCn1cnc(C#N)c1C#N)c1ccccc1,1.719588141
2186,O=C(c1ccccc1N1CCOCC1)N(Cc1ccccn1)C1CCCCC1,2.995822033
2187,COc1cccc(Cc2cnc(N)s2)c1,1.250639534
2190,CC(=O)Nc1ccccc1OCCOc1ccc(Cl)cc1,1.981184137
2192,Fc1c(CN2CCC(c3nnc4ccccn34)CC2)cccc1OC1CC1,1.176756667
2193,CC1CCN(C(=O)CCn2ccc3ccncc32)CC1,2.074893203
2194,Cc1cc(NC(=O)CN(C)CCOc2ccccc2)on1,2.220748592
2195,Cc1nc(NCCN2C(=O)CCC2=O)c2c(C)csc2n1,0.907411361
2197,O=C(Nc1ccccc1)Nc1ccc(-c2ccc(C(=O)[C@H]3CCC[C@@H]3C(=O)O)cc2)cc1,1.0548045
2200,COCCN(C)C(=O)c1ccc(-c2cccc(-c3noc(C)n3)c2)cc1,1.057399817
2201,Cc1[nH]nc(CCC(=O)NCCCOC2CCCCC2)c1C,1.80260271
2202,COc1cccc(CC(=O)N2CCOC(c3cc(Nc4nnc(C)s4)cc(C)n3)C2)c1,1.83653931
2203,Cc1cc(Nc2ccc(F)cn2)cc(C2CCN(C(=O)CCn3ncc4ccccc43)C2)n1,2.538235566
2206,CNCc1cc(N(C)C)nc(C2CCCN2C(=O)c2oc3ccc(Cl)cc3c2C)n1,1.650773629
2207,CNCc1cc(N(C)C)nc(C2CCCN2C(=O)C2CN(Cc3ccc(Cl)cc3)C2)n1,0.937517892
2208,CNCc1cc(NC)nc(C2CCCN2C(=O)C(C)(C)c2ccc(C)cc2)n1,1.208548842
2209,Cc1cc(OCCCS(C)(=O)=O)cc(C)c1-c1cccc(COc2ccc3c(c2)OC[C@@H]3CC(=O)O)c1,0.753812784
2210,Cc1cc(Cl)n(-c2ccc(C#N)cc2)n1,2.020547724
2212,Fc1cc(-c2ccncc2)ccc1CNc1ncccn1,1.386659455
2213,Cc1ccc(-n2cc(C)cn2)c(NC(=O)CN(C)C)c1,2.08089333
2214,c1ccc(OCCN2CCN(c3ncccn3)CC2)cc1,2.101265785
2216,CC(=O)N[C@H]1CC2(CCN(C(=O)COc3cc(C)c(Cl)c(C)c3)CC2)OC[C@]1(C)O,1.387425423
2217,O=C(/C=C\n1cnc(-c2cc(C(F)(F)F)cc(C(F)(F)F)c2)n1)NNc1ccccn1,1.14245204
2219,CCNc1ccnc(-c2cccc(C(=O)NCCCc3cnn(C)c3)c2)n1,1.416474079
2220,CC(=O)c1ccc2c(c1)CCN(CCC1OCCO1)CC2,0.919025765
2221,COC1(c2nc(Cc3ccccc3)no2)CCN(Cc2cnc(C)o2)CC1,1.256332818
2225,O=C(Nc1nccs1)[C@@H]1C[C@@H]2CCCC[C@@H]2N1C(=O)c1ccccc1,1.564879018
2226,O=C(c1ccc(O)cc1)N1CCN(c2ncnc3c2CCC3)CC1,1.082928915
2227,Cc1cccc(C)c1OCC(=O)N(C)[C@@H]1CCC[C@@H](O)[C@@H]1O,0.986278956
2228,COc1cc2cc3c(nc2cc1OC)OCCN(C1CCCCC1)C3,1.520588327
2230,Cc1nn(C)c(C)c1-c1cc(C(C)(C)C)nc(N2CCN(C)CC2)n1,1.244103863
2231,Cc1nc(Cc2ccccc2)sc1C(=O)Nc1cccc(-c2ccn[nH]2)c1,1.482273157
2232,COCCOc1cnc2ccn([C@H](C)c3nnc4c(F)cc(-c5cnn(C)c5)cn34)c(=O)c2c1,0.787956123
2233,CNc1ncnc2c1ncn2[C@H]1CC[C@H](NC(=O)CCCNC(=O)OC(C)(C)C)[C@H](O)[C@H]1O,0.705692697
2234,Cc1nn(C(C)C)c(C)c1S(=O)(=O)NCC1CCN(C(=O)C2CC2)CC1,1.964160594
2235,O=S(=O)(c1cccnc1)N1CCC2(Cc3ccccc3C2)C1,1.960090068
2236,CN(C)c1ccc2c(c1)Sc1cc(N(C)C)ccc1N2,1.503041253
2237,CN1CCN(S(=O)(=O)c2ccc(C(F)(F)F)nc2)C(C)(C)C1,1.625353614
2238,COc1ccccc1/C=C/CN1CCCC2(C1)OCCO2,1.248708736
2239,c1cc(CNc2ncc(-c3cnccn3)c(C3CC3)n2)ccn1,1.397870516
2240,CC(C)N(C[C@@H]1O[C@@H](n2cnc3c(N)ncnc32)[C@H](O)[C@H]1O)[C@H]1C[C@@H](CCc2nc3cc(C(C)(C)C)ccc3[nH]2)C1,2.163113648
2242,O=C(CNc1cc(N2CCCC2=O)ccc1F)N1CCCCCC1,1.376704672
2243,Cc1cnccc1-c1cnc(N(C)C)nc1-c1ccco1,2.145867381
2244,Cn1cnc2ncn(Cc3nc(CCc4ccc(Cl)cc4)no3)c(=O)c21,1.254403046
2247,Cc1cnc(NCC2(CO)CCCC2)nc1N(C)C,1.472258992
2248,c1cnc(NCc2cccc(-c3cccnc3)c2)nc1,1.292056605
2250,Cn1cc(CN2CCCC(c3ccnc(Nc4cnccn4)c3)C2)cn1,0.888516461
2251,COCc1ccc(SCC(=O)NC2CCCC2)cc1,1.521974472
2252,Cc1ccc2nc(CN(C)Cc3cccc(Cl)c3Cl)cc(=O)n2c1,2.801293236
2254,CCc1c(O)cc(O)c(C(=O)c2ccc(OCCN3CCOCC3)c(OC)c2)c1CC(=O)N(CCOC)CCOC,1.449447542
2255,OC1CCN(c2nccc(-c3cccs3)n2)CC1,1.720969231
2256,Cc1c[nH]c(C(=O)NCC2(N3CCCCC3)CCCC2)n1,0.882011962
2259,CCc1cc(-c2ccc(OC)c3nc(C)ccc23)nc(N2CCOCC2)n1,0.804684515
2261,Cc1ccc(OCN2CCCCC2=O)nc1,0.721398376
2262,CC1CCC(N(Cc2nnc(C3CCC3)o2)C2CCC(O)CC2)CC1,2.362331652
2263,CCN1CCCN(C(=O)Nc2ccc(COC3CCCC3)cc2)CC1,0.800854492
2265,Cc1cccc(OC[C@@]2(O)CN(C[C@]3(O)CC[C@@H](C(C)(C)C)CC3)CC[C@@H]2O)c1,2.369189873
2268,Cc1n[nH]c(C)c1CCCN(C)c1cncc(C(=O)N(C)C)n1,1.941302683
2269,Cc1cnc(N2CCSCC2)nc1N1CCSCC1,2.285411019
2270,Cc1ncccc1CNc1ccc(CC#N)cc1,1.259522207
2273,CC(=O)c1cc(Br)cc(F)c1OCc1ccccn1,1.81973472
2275,CC(COc1ccccc1Cc1ccccc1)N1CCCCC1,1.095901279
2278,Cc1nn(CCNS(=O)(=O)N2CCCCC2)c(C)c1C,2.210973615
2279,CN1CCN(S(=O)(=O)Cc2ccc(Cl)c(Cl)c2)CC1,1.530250939
2280,Cc1ncn(Cc2noc(-c3ccccc3O)n2)c1C,1.299093072
2281,c1cncc(-c2nnc3n2[C@H]2CN(Cc4cccs4)C[C@H]2CC3)c1,0.858236335
2282,O=C(c1ccc(Cl)cc1)N1CCC[C@@H](C(=O)N2CCc3ccccc3C2)C1,2.555778619
2283,COc1cc(CN2CCC(C(=O)N3CCOCC3)CC2)ccc1C,0.97386645
2284,COc1ccc(NC(C)=O)cc1NC(=O)CN(Cc1ccccc1)C(C)C,3.128647043
2285,C[C@]12CCC3=C4CCC(=O)C=C4CC[C@H]3[C@@H]1CC[C@@]2(O)CC#N,1.321432717
2286,CCC(=O)NCC[C@@H]1CCc2ccc3c(c21)CCO3,1.422130026
2287,COc1cccc(O[C@H]2CCN(C(=O)c3cc(-c4ccc(F)cc4)on3)CC[C@@H]2O)c1,1.821592127
2289,Cc1csc(Cc2nc(-c3ccc(O)cc3)no2)n1,1.179637952
2290,COc1ccc(C)cc1S(=O)(=O)NCCC(=O)Nc1ccccc1C,1.96363202
2291,CN(C)c1cncc(-c2ccc(C(=O)NC(C)(C)C)cc2)n1,1.272213037
2293,CCOc1ccc2[nH]c(C(=O)N3CC[C@@](O)(CC(C)C)[C@@H](Oc4ccc(F)cc4)C3)c(C)c2c1,2.036780553
2294,O=C(Nc1cn(CCOCC(F)(F)F)nc1-c1ccccn1)c1coc(-c2cn[nH]c2)n1,1.713767664
2296,C=CCn1c(=O)c2cnc(Nc3ccc(N4CCN(C)CC4)cc3)nc2n1-c1cccc(C(C)(C)O)n1,1.515038878
2297,Cc1cn2cc(C(=O)N(C)CCO)cc(N[C@@H]3CCOc4cccc(C)c43)c2n1,1.92224264
2300,COCC(=O)Nc1ccc(C)c(NC(=O)[C@H](OC)c2ccccc2)c1,1.930623061
2302,COCC1(CNC(=O)c2ccc(-n3cccn3)cc2)CCC1,1.260357642
2305,OCCOc1ccccc1OCc1ncc(Cl)cc1Cl,1.686126613
2306,Cn1c(=O)c(C(=O)CSc2nc3ccccc3n2C)c(N)n(Cc2ccccc2)c1=O,2.92364496
2307,CCC(=O)Nc1ccc(F)c(NC(=O)N2CC=C(C)CC2)c1,0.963929422
2308,O=C(c1n[nH]c2c1COCC2)N1CCC2(C=Cc3ccccc32)CC1,0.685831275
2309,Cc1cc(C#N)cc(N2CCc3c(ncn3CCc3ccccc3)C2)n1,2.988805463
2310,CCCC(=O)Nc1ccc(C(=O)N(C)C)cc1,1.346313847
2312,CCCc1cc(CNC(=O)N2C[C@@H]3C[C@H](C2)Cn2c3cccc2=O)on1,1.219663101
2314,CCc1c2c(nc3ccc(O)cc13)-c1cc3c(c(=O)n1C2)COC(=O)[C@]3(O)CC,1.26131046
2316,CC[C@@H]1C(=O)N(C)c2cnc(-n3ccnc3-c3ccc(F)cc3)nc2N1c1ccn(C)n1,1.640898636
2317,CCCn1cc(CN2CCC(c3nc(N(C)C)no3)CC2)cn1,1.321494867
2318,O=C(Nc1nnc(SCc2ccc(F)cc2)s1)C1CCC1,1.71590311
2319,COCCNc1c(C)c(C)nc2cc(-c3nccn3C)nn12,1.323685147
2320,N#Cc1ccnc(Nc2ccc(F)cc2)c1,2.214263518
2322,O=c1c2sccc2nc2n1CCN(Cc1ccc(F)cc1F)CC2,1.762903529
2324,CN1CCC(N(Cc2cccnc2)C(=O)NCCCc2ccccc2)CC1,0.797890483
2325,Cc1nn(CCNS(=O)(=O)N2CCOCC2)c(C)c1C,0.818555779
2326,Cc1nc2cc(=O)[nH]n2c(C)c1CC(=O)OC1CCCCC1,1.021520064
2327,CCc1c2c(nc3ccc(OC(=O)N4CCC(N5CCCCC5)CC4)cc13)-c1cc3c(c(=O)n1C2)COC(=O)[C@]3(O)CC,1.10503305
2328,CC(C)(C)C(=O)N1CCC(CN(CC(N)=O)C2CCCC2)CC1,1.47444938
2330,Cc1ccc(F)cc1S(=O)(=O)Nc1ccc(C(=O)N2CCCC2)cc1,2.10504328
2331,O=C(c1ccc(NS(=O)(=O)c2cccc3cnccc23)cc1)N1CCCC1,1.427112676
2332,CS(=O)(=O)NCCN1CCc2c(Cl)cc(Cl)cc2C1,1.155062619
2333,O=C1c2ccccc2C(=O)N1CCNc1ccc(F)cc1,1.942677591
2335,O=C1CCCN1CCCc1nc(Cc2c(Cl)cccc2Cl)n[nH]1,1.663738607
2338,CCc1nnc(N2CC(N(C)C)C2)c(C#N)c1CC,0.961468555
2339,CCc1nnc(Nc2cc(C)nc(C3CN(C(=O)C(C)C)CCO3)c2)s1,1.137607271
2340,O=C(Nc1ccncc1)[C@H]1CCCN(S(=O)(=O)c2ccc(Cl)cc2)C1,1.346685415
2344,Cc1csc2nc3n(c(=O)c12)CCNCC3,0.893539844
2345,Cc1cc(Nc2nc(N[C@@H](C)c3ncc(F)cn3)ncc2Cl)n[nH]1,0.927934682
2346,COCC(=O)Nc1ccc(NC(=O)Cc2ccc(C(F)(F)F)cc2)cc1,1.515582451
2347,Cc1ccc(O)c(CN2CCC(c3nc4ccccc4o3)CC2)n1,1.346704962
2350,Cc1cccc(-c2cccc(C(=O)NCCC3(O)CCCC3)c2)n1,1.334915948
2351,Cc1ccc(S(=O)(=O)N2CCOc3ccncc32)cc1,2.02750454
2352,COc1ccc(-c2nc(NC(C)C)ncc2-c2ncc[nH]2)cc1,1.427518566
2353,N#Cc1cc(CN2CCC(Nc3ncnc4sc(Cl)cc34)CC2)ccc1F,2.089389301
2357,CCCc1cc(C)nc(O)c1CNC(=O)c1cc(-c2ccc(N3CCN(C(C)C)CC3)nc2)cc2c1cnn2C(C)C,2.08089333
2358,CCOc1ccnc(NCCCc2nc3cc(F)ccc3[nH]2)n1,2.374271643
2360,CCc1cc(-c2ccc(OC)c3ncccc23)nc(N2CCOCC2)n1,1.455864635
2361,C[C@H]1CC[C@H](n2c3cnccc3c3cnc(Nc4ccc5c(n4)CCN(C(=O)CO)C5)nc32)CC1,2.123531517
2365,Cc1cc(C)cc(OCCN(C)C(=O)NCCS(=O)(=O)N(C)C)c1,1.572464987
2366,CC(C)CN(Cc1cnn(C)c1)C(=O)c1cccc(-c2cnccn2)c1,2.651701439
2367,O=c1c2c(C(F)(F)F)cccc2ncn1CCc1ncc[nH]1,1.02881517
2368,CCCCN1CCN(C(=O)c2cccc(-c3ccc(CO)cc3)c2)CC1,1.425469006
2369,O=C(Nc1cnc2ccccc2n1)c1ccncc1,0.82445127
2374,Cc1n[nH]c2c1[C@H](c1ccccc1)C1=C(CC(C)(C)CC1=O)N2,1.970035226
2376,O=C(Nc1cncc2ccccc12)c1ncccn1,1.575441879
2377,Cn1nc(-c2cc(F)cc(F)c2)cc1N,1.641493941
2380,CS(=O)(=O)NC[C@H]1CC[C@H](Nc2nc3c(s2)CCSc2ccccc2-3)CC1,1.332155571
2383,CN(C)CC(C)(C)CNc1cn[nH]c(=O)c1Br,0.931254406
2385,COCCN1CCOc2nc3c(C)cccc3cc2C1,1.168556407
2387,O=C(Cn1nc(Cc2ccccc2)c2ccccc2c1=O)NCc1ncc[nH]1,1.706700717
2389,O=C(Cn1nc(Cc2ccccc2)c2ccccc2c1=O)NCCc1c[nH]cn1,1.562946788
2391,CCc1ccc(CC)c(C(=O)CSc2nncs2)c1,2.341284128
2393,CCNc1nc(-c2cccnc2)nc(C)c1C,1.69634765
2394,C#CCNC(=O)Cc1coc(-c2ccccc2)n1,1.430268606
2396,N#Cc1ccc(C(=O)N2CCCO2)nc1,1.575291786
2397,CN(C)C1(CNC(=O)Cn2ccc(=O)cc2)CCCCC1,0.723947976
2398,O=C(OCC1CCSCC1)c1cccc(-n2cccn2)n1,2.831560733
2399,CCOc1cc(CN2CCc3c(N)nc(N4CCCC4)nc3C2)ccc1OC,1.424669336
2400,O=C(Nc1ccc(N2CCCC2)cn1)c1ccc(-c2cnco2)cc1,1.434185534
2401,CC(=O)N(C)[C@@H]1CO[C@@H]2CCN(C[C@]3(O)CC[C@@H](C(C)(C)C)CC3)C[C@@H]2C[C@@]1(C)O,1.813207241
2402,COCCc1nsc(Oc2ccc(C)cc2Br)n1,2.170475875
2403,CCc1c(-c2ccccc2)[n+]([O-])c2c([n+]1[O-])CCCCC2,0.951677437
2404,Cn1cc(NC(=O)c2cnn3cccnc23)c(C2CCCCC2)n1,1.575845718
2405,Cn1c(SCOCc2ccccc2)nnc1C1CC1,1.433625845
2406,COc1cc(-c2ccc(Cn3nc(C)cc3C)cn2)cc(OC)c1OC,1.664068178
2407,Cc1cc(N2CCN(CC3CCN(C(=O)CC(C)C)CC3)CC2)n[nH]1,0.865932668
2409,C=CCNc1ncc(-c2cnccn2)c(C2CC2)n1,1.113575717
2413,Cc1cc(C(F)(F)F)nc(CCNC(=O)N(C)Cc2ccncc2C)n1,2.296162609
2415,COc1ccc2cc(C(=O)NCc3nnc4n3CCCCC4)ccc2c1,1.140696553
2416,Cc1cccc(NC(=O)CSc2nncs2)c1,1.354223723
2418,COC1(c2nc(Cc3ccccc3)no2)CCN(Cc2ncccc2Cl)CC1,2.088671093
2421,Cc1cc(C(=O)N(C)CC2CCN(CCO)CC2)cc(C)n1,0.898999271
2423,CCn1nc(CNC(=O)c2nc(C)c[nH]2)c2ccccc21,1.049334336
2425,CCOc1ccc(CNC(=O)Cn2ccc3cc(S(=O)(=O)N4CCCC4)ccc32)cc1,2.626439946
2427,COCCN(C)c1ccc(CN2CCOC3(CCCC3)C2)cn1,1.585031864
2429,Cc1c(C(=O)Nc2ccc(CO)cc2)nnn1Cc1ccc(Cl)c(Cl)c1,0.709524356
2430,O=C(C1CC1)N1CCC(CNS(=O)(=O)N2CCCCCC2)CC1,1.60686484
2431,CN(Cc1ccc(CO)cc1)Cc1cc(F)c(F)c(F)c1,1.732361589
2432,CN(C)c1cncc(-c2ccc(S(=O)(=O)N(C)C)cc2)n1,1.907368359
2433,COc1ccc(=O)n(Cc2noc3c2CCCC3)n1,1.055836851
2434,CCc1cc(=O)[nH]c(SCCCCC2CCOCC2)n1,1.533606848
2436,Cc1nsc(Nc2ccccc2)c1C#N,2.477524961
2438,Cc1ccccc1CCNC(=O)N(Cc1cccnc1)C1CCN(C)CC1,1.309012349
2439,CCc1nnc(Sc2nc3cc(C)nn3c3ccccc23)[nH]1,1.136530324
2440,COCC(=O)Nc1ccc(NC(=O)Cc2cc(C)ccc2C)cc1,1.563836919
2441,CC(C)N(C(=O)Cn1cccc2cc(-c3ccco3)nc1-2)C(C)C,2.57133026
2442,Cc1cccc(NC(=O)CN(C)Cc2nc3ccccc3c(=O)[nH]2)c1C,1.732305283
2443,Cc1ccc(=O)n(CCOc2ccc(Cl)c(F)c2)n1,1.852620263
2444,Cc1nc(C)c(C(=O)Nc2cccc(-c3ccn[nH]3)c2)s1,1.139060079
2446,c1ccc(-c2ncc(CNc3ncccn3)s2)nc1,1.607111741
2448,NC(=O)c1csc(CN2CCc3cc(F)ccc3C2)c1,0.737272177
2449,COC(=O)C1=NOC2(CCN(CCCCCF)CC2)C1,2.299204298
2450,CCCc1cc(CNS(=O)(=O)c2cc(-c3cnc(C)o3)ccc2C)on1,2.593232885
2452,CC(C)Oc1ccc(CCNC(=O)N2CCC[C@H]2C(=O)N2CCCCC2)cc1,1.293958886
2454,CCc1nnc(N2CCCO2)c(C#N)c1CC,1.220787776
2455,c1cc(Nc2cc(C3CC3)[nH]n2)nc(Nc2ccc3nc[nH]c3c2)n1,1.178026788
2456,O=C1NC2(CCCCC2)C(=O)N1Cc1csc(-c2ccccc2)n1,1.375407533
2457,Cc1ccc(OC[C@@H](O)[C@H](C)NC(C)C)c2c1CCC2,2.092731169
2458,Cc1ccc(CCC(=O)Nc2nccc3sccc23)o1,1.821080984
2459,Cc1cc(Nc2ncccn2)cc(C2CCCN(CC(=O)Nc3ccc(F)cc3)C2)n1,1.808879124
2460,N#CC1(C(=O)NCC2(C3CC3)CC2)CCCCC1,1.27567983
2461,O=C(CSc1ccc2c(c1)OCCO2)NC1CCCC1,1.923197374
2462,Cc1cc2nc(CCC(=O)N3CCc4n[nH]cc4C3)[nH]c2cc1C,1.240923479
2463,COc1cccc(C)c1C(=O)N(C)CCCn1cccn1,1.579577829
2465,COc1cccc(O[C@H]2CCN(C(=O)c3cc(-c4ccc(C)cc4)on3)CC[C@@H]2O)c1,1.915204543
2466,CC(C)c1cc(C(C)C)c(CC(=O)NS(=O)(=O)Oc2c(C(C)C)cccc2C(C)C)c(C(C)C)c1,1.66225716
2467,CC(C)Oc1cccc(C(C)NC(=O)c2ccnc(-n3cncn3)c2)c1,1.850155922
2468,N#Cc1cc(Oc2ccc3c(c2)CCC3)ncn1,1.824197451
2469,O=C(Nc1cncc(Cl)c1Cl)c1cccc(-n2cccn2)n1,1.995424577
2470,CC1CCC(O)(CSc2nnnn2C2CC2)CC1,1.105476121
2471,CCOCC(=O)Nc1cccc(CN2CCCC2)c1,1.177478783
2472,CC(C)(C)c1cnc(CN2CCC(=O)Nc3cc(F)ccc32)o1,1.994031049
2473,Cc1ccc2c(c1)cc(C(=O)N1CCOC(C(=O)N3CCc4ccccc4C3)C1)n2C,2.291806033
2474,Cc1cc(C)cc(OCCN(C)C(=O)NCCN2CCCCC2=O)c1,2.175874058
2475,CN1CCC(=C2c3ccccc3CCc3sccc32)CC1,1.179810223
2477,COc1cccc(CN(C)c2cc(N3CCCC3)ncn2)n1,2.106068448
2478,CCN(CC)C(=O)c1ccc(C2=CC3(CCNCC3)Oc3cccc(O)c32)cc1,0.954290762
2480,CN(C)C(=O)c1cncc(N(C)CCN(C)C2CCCC2)n1,0.813180533
2481,CCc1ccc(CNc2nncs2)o1,0.890309217
2484,CCc1[nH]nc(NC2CCC(C(=O)OC)CC2)c1C,2.718688487
2485,CN(C)CC(=O)N1CCC(c2ccc(NC(=O)c3nc(C#N)c[nH]3)c(C3=CCCCC3)c2)CC1,1.094051656
2487,NC(=O)CCCSc1nc(N)nc(-c2c(Cl)cc3c4c(cccc24)COC3)n1,1.615466064
2489,Cn1ccc(CSc2n[nH]c(-c3cc(F)cc(F)c3)n2)n1,1.111464152
2490,COc1ccccc1-c1cc(C(C)(C)C)nc(-c2ncccn2)n1,1.355853636
2491,COc1ccc(OCc2n[nH]c(-c3n[nH]c4c3CCC4)n2)cc1,1.706350738
2492,CC(C)N(CCCNC(=O)Nc1ccc(C(C)(C)C)cc1)C[C@@H]1O[C@@H](n2cc(Br)c3c(N)ncnc32)[C@H](O)[C@H]1O,2.548436101
2493,OC1(Cc2nc(-c3ccsc3)no2)CCCCC1,1.312008008
2494,N#Cc1ccc2nc(NCCn3ccnc3)ccc2c1,0.803457116
2495,CN(Cc1cccc(Cl)c1Cl)Cc1cc(=O)n(C)c(=O)n1C,2.280539674
2496,Cc1cc(Nc2ccc(F)cn2)cc(C2CCN(C(=O)Cn3nc(C)ccc3=O)C2)n1,1.295215124
2497,Cc1ccc(C(=O)C2CCN(CC(=O)NC(=O)Nc3ccccc3)CC2)c(C)c1,1.808447305
2498,CN1CCNc2nc3ccccc3nc21,1.869255194
2500,C[C@]1(O)CN(C(=O)Cn2cnc3ccccc3c2=O)CC[C@@H]1Oc1ccccc1,0.853576544
2501,CCN(C)S(=O)(=O)N(C)Cc1cnc2ccccc2c1,1.179925032
2502,N#Cc1ccc2ncnc(N[C@H]3CC[C@H](N4CCOCC4)CC3)c2c1,0.983851719
2503,c1ccc(Nc2nc(N3CCOCC3)nc(N3CCOCC3)n2)cc1,1.358011032
2504,CO[C@@H]1CC[C@@H](N(C)C(=O)COc2c(C)cccc2C)[C@H]1O,1.083395108
2505,CN(CC1CCC1)C(=O)C1CCN(c2ccc3nncn3n2)CC1,0.887561041
2506,Cc1ccc(C#N)c(NCc2ccccc2-n2ccnc2)n1,1.659688064
2508,Cc1cc(C(=O)NCC2CCN(c3ccc4ccccc4n3)CC2)cnc1C,1.764213506
2509,CC(C)Cc1ccccc1CNCc1ccc2[nH]cnc2c1,1.746400644
2512,OCc1nnc(SCCSC2CCCCC2)n1C1CC1,1.461843544
2513,CC(C)CCNC(=O)CSc1nc2ccccc2[nH]1,2.056447458
2514,O=C(CSc1ccccn1)N1CCSc2ccccc21,2.629072023
2515,COc1ccccc1C(=O)CSc1nncn1C1CC1,1.390846827
2516,OCCC1(CNc2ncc(Br)cn2)CC1,0.936815231
2517,CC(C)Cc1cc(CN2CCN(S(=O)(=O)N3CCOCC3)CC2)n[nH]1,1.331690426
2518,CSc1cnc(N2CCCN(c3ncc(SC)cn3)CC2)nc1,2.118813449
2520,CN(C(=O)CSC(C)(C)C)c1ccccc1C#N,1.674833595
2521,CC(C)Oc1ccc(C2(C(=O)NC3CCS(=O)(=O)CC3)CCCC2)cc1,1.195650622
2522,C[C@@H]1CC(=O)Nc2cccc(-c3ccc4c(c3)c(-c3cnn(C)c3)nn4C)c2N1,0.946157395
2523,COc1ccc(CN[C@@H]2CCC[C@H]2Cc2cc(C)no2)cc1OC,1.567191108
2525,Cn1ccnc1-c1noc(NCc2ccccc2)n1,0.702775078
2528,CC(C)c1noc(CNC(=O)N2C[C@@H]3C[C@H](C2)Cn2c3cccc2=O)n1,0.866346423
2529,N#CCN1CCC(CNC(=O)c2c(F)ccc(F)c2F)CC1,0.682415862
2530,NS(=O)(=O)N1CCN(Cc2c(F)cccc2N2CCCC2)CC1,1.383582005
2531,CN(CCOc1ccccc1)CC(=O)NCCc1ccccc1,2.426867334
2532,CSc1nccc(N2Cc3cnn(Cc4ccc(F)cc4)c3C2)n1,2.149625496
2533,COCc1ccccc1COC(=O)c1ccc(C)nc1,2.647509132
2534,Cc1ccnc(N2CC(O)(c3ccc(F)cc3)C2)c1C#N,1.995959697
2535,CCOC(=O)c1ccc(-n2cc(Cc3cnc(OCC)nc3)c(=O)nc2SCc2ccc(F)cc2)cc1,1.963367491
2536,CC(C)(C)OC(=O)NCCCC(=O)N[C@H]1C[C@@H](n2cnc3c(NCc4ccccc4)ncnc32)[C@@H](O)[C@H]1O,2.042843173
2539,COc1nccnc1N1CCC(C(=O)Nc2cccc(F)c2)CC1,2.259651208
2541,CC(C)NC(=O)C1(Cc2ccccc2-c2ccncc2)CCOCC1,2.429718375
2543,CN(C)C1(CNC(=O)N2CCC=C(c3ccccc3)C2)CCOCC1,1.542177858
2544,CCOC1CCN(c2ccnc(C(=O)NCc3ccccc3)c2)CC1,1.261405627
2545,CCCNC(=O)C1(NCc2cncnc2)CCCCC1,1.635182049
2546,COc1ccc(-c2ccc(Cn3nc(C)cc3C)cn2)cc1,1.374455052
2547,Fc1ccc(CCNc2ncnc3ncccc23)cc1,1.124634624
2548,CN(CC(=O)Nc1cccc(S(=O)(=O)N2CCCC2)c1)C1CCCCC1,2.778966957
2549,CCCCOc1nc(N)c2c(n1)N(Cc1cccc(CN3CCCC3)c1)CC(=O)N2,2.053527879
2553,Cc1ccc(Cl)c(OC[C@@]2(O)CN(C3CCCC3)CC[C@@H]2O)c1,2.511300347
2554,CN(Cc1nc2c(s1)CCCC2)c1cnccn1,2.118420158
2555,Cc1cc(CN2CC(O)(CC#N)C2)ccc1F,1.1766121
2557,COc1cccc(C(=O)NCC(=O)Nc2cccc3c2CCCC3)c1,1.762566038
2558,Clc1cccc(Cl)c1Cc1n[nH]c(CCCn2cccn2)n1,1.999748036
2559,CN1C(=O)[C@@H]2CN(CC3=CC[C@H]4C[C@@H]3C4(C)C)C[C@@H]2C1=O,2.31529425
2561,C=CC[C@]1(O)CC[C@H]2[C@@H]3CCC4=CC(=O)CCC4=C3C=C[C@@]21C,1.764728927
2563,Cc1cc(CN2CCC(N(C)c3ncc(Cl)cn3)CC2)on1,1.205312653
2564,Cc1nc(-c2ccccc2)c(C(=O)Nc2ccc(Cl)c(Cl)c2)s1,1.950506026
2565,Cc1[nH]nc(CCC(=O)NCCCOC2CCCC2)c1C,1.526804344
2567,Cc1ccccc1C(=O)N1CCC(O)(Cn2ccnc2C)CC1,0.692053365
2568,CC1(C)[C@H]2C[C@H]3Oc4c(ccc(O)c4C(=O)NCCNS(C)(=O)=O)[C@H](O)[C@@]3(O)[C@@H]1C2,1.466823151
2569,CCN1CCN(S(=O)(=O)c2c[nH]c(C(C)C)n2)c2ccccc21,2.412445427
2570,CN1CCC[C@H]1C(=O)N[C@@H](CO)Cc1ccccc1,0.854973674
2575,O=C(CSCCc1ccncc1)Nc1ccccc1,1.291768324
2576,C[C@H]1NC(=O)N(CCc2nc(C(F)(F)F)cs2)C1=O,0.765519543
2577,O=C(Cc1cn2ccccc2n1)N1CCC(n2c(=O)[nH]c3ccccc32)CC1,1.529468854
2579,OC1(c2cccnc2F)CCN(Cc2ccc(-c3ccc(F)cc3)o2)CC1,1.275334393
2580,CCN(CC(N)=O)CC(=O)N1c2ccccc2CCc2ccccc21,1.611925012
2582,Cc1cc(N(CCO)CCCO)ncc1Br,1.094296397
2583,Cc1ccc(-c2cnn3c(O)cc(Cn4cccn4)nc23)cc1,1.262759495
2585,O=C1CN(C(=O)c2ccc(Cl)cn2)CCN1CCc1ccccc1,0.860517677
2586,Cc1ccc(F)c(-c2noc(N)c2C)c1,1.292743271
2587,Cc1c[nH]c(CNCc2ccccc2CC(C)C)n1,1.552022986
2590,CNc1ccc(/C=C/c2ccc(OCCOCCOCCF)nc2)cc1,2.402383484
2592,Cc1ccc2[nH]c(CNC(=O)c3ncoc3C)nc2c1C,1.132803818
2593,COc1ccc(Cl)cc1-c1cccc(C(=O)NCCN2CCCC2=O)c1,2.024777015
2594,COc1ccc(C(=O)c2ccc(C)cc2)c(OC)c1,2.007939713
2595,COc1ccc(C(=O)c2ccc(Cl)cc2)c(OC)c1,1.941317597
2596,Cc1cccc(N2CCN(CCCCNC(=O)c3c(F)cccc3F)CC2)c1,1.882638362
2597,Cn1nc(N)c2ccc(Br)cc21,1.380826057
2598,COC(=O)C1=NOC2(CCN(CCC(C)(C)C)CC2)C1,2.159209144
2599,COc1cc(CN2CCCNCC2)cc2c1OCO2,0.713742478
2601,Cc1cc(F)ccc1-c1nc(CCn2c(C)nc3ccccc32)no1,2.600096893
2602,Cc1ccc2oc(C(=O)N3CC[C@H](O)[C@@H](N4CCOCC4)CC3)cc2c1,1.221231613
2603,c1cnc(NCc2cnc3ccsc3c2)nc1,1.096249383
2605,CCOc1ccc(CN[C@@H]2CCC[C@H]2Cc2cc(C)no2)cc1OC,1.789623012
2608,CC1(CNC(=O)N2CCN(Cc3ccon3)CC2)CCCC1,0.870462432
2609,CCCS(=O)(=O)c1nc(NC2CC2)cc(-c2ccc3c(ccn3C3CC(C)(C)NC(C)(C)C3)c2)n1,1.708803183
2611,CN(C)S(=O)(=O)CCCN1CCc2ccccc2CC1,1.20054956
2612,COc1cc2c(cc1OC)[C@@H]1Cc3ccc(OC)c(OC)c3CN1CC2,0.762078087
2613,CN(C)c1ccnc2sc3c(=O)n(N4CCCCCC4)cnc3c12,0.933942603
2614,CNCc1cc(N(C)C)nc(C2CCCN2C(=O)CCc2c[nH]c3ccccc23)n1,1.704502273
2615,CCn1c(C(=O)N(C2CC2)C2CC2)cc2c3c(ncn3C)c(Nc3cc(C)n(C)n3)nc21,1.05219358
2616,Cc1nc(-c2ccc(S(=O)(=O)N(C)C)cc2)cc(C(C)C)n1,1.539176502
2620,CCOc1cccc(-c2cccc(N)n2)c1,2.374878432
2624,Cc1cc(C)c2[nH]c(C(=O)N3CC[C@@](O)(CC(C)C)[C@@H](Oc4ccc(F)cc4)C3)c(C)c2c1,2.144642693
2626,Cc1cccc(N(C)Cc2cnc(N(C)C)nc2)n1,1.761431648
2627,CCc1sc(N)nc1-c1ccc(OC)cc1,2.266417514
2628,O=c1c2sccc2nc2n1CCN(Cc1cc(F)ccc1F)CC2,2.081203239
2629,COc1ccc(OC)c(S(=O)(=O)NCCC(=O)Nc2ccccc2C)c1,1.711630102
2632,COCCc1noc(CN(C)C(=O)c2ccc3c(c2)CCC3)n1,1.018742096
2633,OCCN1CCN(c2ccnc3ccc(Br)cc23)CC1,1.098297536
2635,O=c1c(CO)cc2cc3c(cc2n1Cc1ccccn1)CCC3,1.100611753
2637,N[C@@H]1CCCN(c2c(/C=C3\SC(=O)NC3=O)cccc2-c2ccccc2)C1,0.954628378
2638,CNc1nc(Nc2cnn([C@H]3CCN(C4COC4)C[C@@H]3F)c2Cl)ncc1C(F)(F)F,1.02596091
2641,CNc1nc(C)nc(N[C@H]2CCC[C@@H](C(=O)NCc3ccc(C#N)cc3C(F)(F)F)C2)n1,1.265030198
2642,O=C([C@@H]1CCCN1C(=O)NC(c1ccccc1)c1ccccc1)N1CCCCC1,2.311514403
2643,O=c1c2oc3ccccc3c2ncn1Cc1ccc(F)c(F)c1,1.909775261
2644,COc1cccc(Cc2nc3sc4c(c3c(=O)[nH]2)CCSC4)c1,2.05330514
2645,COc1cc2c(cc1OC)[C@@H]1CC(=O)[C@@H](CC(C)C)CN1CC2,1.761950379
2647,CC(C)c1ccc(CN2CCN(C(=O)C3CCN(C(=O)C4CC4)CC3)CC2)cc1,1.505909329
2648,c1ccc2nc(NCCn3ccnc3)cnc2c1,0.941809473
2651,C#Cc1cccc(N(CC(=O)NC(N)=O)Cc2cccs2)c1,1.585990584
2652,Cn1cnnc1-c1cccc(NS(=O)(=O)c2cc3c(cc2Cl)OCCO3)c1,1.203576775
2653,Cc1cc(Nc2nnc(C)s2)cc(C2CN(C(=O)Cc3csc(C)n3)CCO2)n1,1.270795253
2654,CC(=O)N[C@H]1CCN(C(=O)N[C@H](C)C(c2ccccc2)c2ccccc2)C1,1.803341015
2655,CC(C)CCN1CCC(CNC(=O)C2CC=CC2)CC1,1.098158983
2656,Cc1cccc(NC(=O)CN(C)Cc2nc3ccc(Cl)cc3c(=O)[nH]2)c1C,2.006448927
2657,Cc1cccc2cc(C(=O)NCCCn3nnc4ccccc43)n(C)c12,2.512300084
2660,Cn1cnnc1-c1cccc(NS(=O)(=O)c2ccc3c(c2)OCCCO3)c1,1.752632239
2661,O=c1c2cccnc2ncn1Cc1ccc2c(c1)CCCC2,1.411888952
2664,Cc1cncc(CN2CCC(=C3c4ccc(Cl)cc4CCc4cccnc43)CC2)c1,2.708153952
2666,Cc1nccc(N(C)Cc2nc(-c3cccnc3)no2)n1,0.935255282
2667,COc1cc(C#N)ccc1Cn1ccnc1C(C)C,1.237945677
2668,CC(C)CCN1CCc2nc3cc(C4CC4)nn3c(O)c2C1,0.882068944
2669,Cc1c(C(=O)Nc2ccc(N3CCC(N4CCOCC4)CC3)c(C#N)c2)cnn1-c1ccc(Cl)cc1,1.906663602
2670,CCCc1nnc(N2CCC3(CCCC3)C2)s1,1.938094228
2671,COC(=O)c1cccc2c1CCCN2C(=O)c1ccccc1,2.892047273
2672,N#Cc1ccc(CNc2cnc3ccccc3c2)o1,2.270690479
2673,c1ccn2cc(CSc3ccc(-n4cccn4)nn3)nc2c1,1.269723036
2674,COc1cc(CCNC2CCC3(CC2)OCCO3)ccc1F,1.782716219
2675,COc1ccc(OCc2n[nH]c(-c3ncoc3C(C)C)n2)cc1,1.25022477
2676,Cc1ccc(Cl)c(OC[C@@]2(O)CN(C3CCC3)CC[C@@H]2O)c1,2.219133758
2679,O=c1c2ccccc2nc2n1CCN(Cc1ccc(F)cc1)CC2,1.56944414
2680,O=S(=O)(NCc1n[nH]c2c1CCCCC2)c1ccc(OC(F)F)cc1,2.557246066
2681,CN1CCN(c2oc(-c3cccc4ccccc34)nc2C#N)CC1,1.974396541
2683,COc1ccc(CN2CC(c3ccncc3)C2)cc1Cn1cccn1,1.034989216
2684,CC(C)C[C@H](CO)Nc1nc(S[C@@H](C)c2ccccc2)nc2nc(N)sc12,1.604539237
2685,Cc1ccccc1CS(=O)(=O)c1ncc(Cl)c(C(=O)Nc2sc3c(c2C#N)CCCC3)n1,2.754670155
2686,COc1ccc(CNC(=O)CCSc2nc3c(=O)n(C)c(=O)n(C)c3n2C)cc1,1.71613664
2687,CC(C)COc1ccc(C(C)(C)NCc2nnc(C3CCC3)o2)cc1,2.102111124
2688,c1csc(Cc2nc(-c3cnccn3)no2)c1,1.031812271
2689,CCCN(C(=O)c1ccc(COC)o1)c1nc2c(s1)CCc1c-2cnn1C,1.878663952
2690,COCC(=O)N(CC1CCCO1)c1nc2c(s1)CCc1c-2cnn1C,0.799340549
2692,O=C(Nc1ncccc1OC(F)F)C1CCCCC1,1.789355046
2694,Cc1cc(N2CCC(C(=O)NC3CCCCC3)CC2)nc(-c2ccncc2)n1,1.826204424
2695,COc1ccnc(N2CCCN(Cc3ccccc3C)CC2)n1,2.878485603
2696,COc1ccc(OC)c(C(=O)/C=C/c2ccccc2)c1,2.212595064
2697,CN1C(=O)N[C@H](Cc2c[nH]c3c(Cl)cccc23)C1=O,0.933639113
2698,CC1(C)CC(=O)c2c(C(F)(F)F)nn(-c3ccc(C(N)=O)c(N[C@H]4CC[C@H](OC(=O)CN)CC4)c3)c2C1,2.309964529
2700,O=S(=O)(c1ccccc1)N(CC(F)(F)F)c1ccc(C(O)(C(F)(F)F)C(F)(F)F)cc1,0.881384657
2702,COc1cc2nc(-c3ccc(N4CCN(C)CC4)cc3)nc(NCCN3CCOCC3)c2cc1OC,0.939443869
2703,N#Cc1nc(-c2ccccc2)oc1NCc1ccccc1,2.293431064
2704,Cc1ccc(C)c(OCCC(=O)N2CCC(n3c(=O)[nH]c4ccccc43)CC2)c1,2.623930185
2705,O=C(Nc1ccc(C(F)(F)F)cc1)c1ccccn1,1.503136707
2707,Cc1ccc(S(=O)(=O)Nc2ccc3c(c2)CCCN3C(=O)c2cccs2)cc1C,2.56071162
2708,Cc1cnccc1NC(=O)COc1ccccc1C#N,1.088100635
2709,CCOC(=O)N1CCc2cc(NC(=O)c3oc(C)cc3C)ccc21,1.060017543
2710,Nc1ccc2c(c1)ncn2-c1ccccc1,0.880356199
2711,Cc1cc2c(s1)c1cnn(Cc3ccccc3F)c(=O)c1n2C,2.512695067
2712,Cn1c(=O)oc2cc(NC(C3CC3)C3CC3)ccc21,1.134049543
2713,O=C(c1nccc2ccccc12)N1CCC(COc2ccccn2)CC1,1.624776971
2714,CO[C@H]1[C@H](C2(C)O[C@@H]2CC=C(C)C)[C@]2(CC[C@H]1OC(=O)/C=C/c1ccc(OCCN(C)C)cc1)CO2,2.321213048
2716,CCCc1cnc(C)nc1N(C)CCC(C)(C)O,0.910571048
2717,CN(Cc1nc2ccccc2n1C)c1ccnc(-c2ccccc2)n1,2.021040373
2718,Cc1nccc(-c2cccc(NCC(=O)NCc3ccccc3)c2)n1,1.79805645
2719,CCOc1ccc2c(c1)cc(CN1CCSCC1)c1nn(C)c(=O)n12,1.944832928
2720,O=C(c1ccc(NS(=O)(=O)c2cccc3cccnc23)cc1)N1CCN(CC2CC2)CC1,1.880424839
2721,Nc1ncccc1OCc1cccc(Cl)c1,2.196236999
2722,Cc1ccn(CCC(=O)N2CCc3nc4sccc4c(=O)n3CC2)n1,1.230244499
2723,N#CCc1ccc(OCc2ccncc2)cc1,1.726572367
2724,CN1C(=O)c2ccc(C(=O)N3CCN(C4CCCCC4)CC3)cc2C1=O,1.266607954
2725,COc1cc(Nc2c(C#N)cnc3cc(OC)c(OC)cc23)c(Cl)cc1Cl,2.207243784
2727,Cc1cc(C(F)(F)F)nc(N(C)Cc2c(C)noc2C)n1,1.9625398
2728,Cc1ccc(S(=O)(=O)Nc2ccccc2-c2nc3ccccc3[nH]2)cc1,2.087260827
2729,COc1cc(C)nc(N2CCN(c3ccc4ccccc4n3)CC2)n1,1.558612583
2730,Cc1cccc(C)c1OCC(=O)N(C)[C@@H]1CC[C@@H](N2CCOCC2)[C@@H]1O,0.808346036
2731,O=C(Nc1cccc2ncccc12)[C@H]1CCCN(S(=O)(=O)c2ccc(F)cc2)C1,1.547109837
2733,Cn1ccc(C(=O)NCCc2cc3nc(-c4ccncc4)ccn3n2)n1,0.945763923
2734,Cc1ccnc(NC(=O)c2ccnc(C)n2)c1,2.136247975
2737,O=C1OCCN1CCN1CCC(c2cc3ccccc3[nH]2)CC1,1.045635871
2738,Cn1nccc1C(=O)NCCc1cc2nc(-c3cccs3)ccn2n1,1.829522473
2739,COc1cc(-c2cn(C3CCc4c(F)cccc4N(CC(F)(F)F)C3=O)nn2)ccc1-n1cnc(C)c1,1.417069656
2740,Brc1cnc(N2CCCN(c3ccccc3)CC2)nc1,2.081606511
2741,O=[N+]([O-])c1ccc(S(=O)(=O)Nc2cccc(-c3nc4ccccc4s3)c2)cc1,2.426972962
2742,C[C@@H](Cn1nc2c(cc1=O)CCCCC2)NC(=O)CCc1ccccc1,2.345463913
2744,Cc1ccc(C)c(NC(=O)c2cccc(-c3ncon3)c2)c1,1.619886029
2746,Cc1cnc(-c2nc(NCc3cccnc3)ncc2-c2cc(C)no2)cn1,1.232335277
2747,Cc1noc(CCNc2cccc(F)c2C#N)n1,1.6098291
2749,O=C(NCC1(Sc2ccccc2)CC1)c1ccc(=O)[nH]n1,0.896415976
2750,O=c1n(Cc2ccncc2)nc2n1-c1cc(Cl)ccc1C1=NCCN12,1.300704153
2751,CC(=O)Nc1sc2c(c1-c1nc3ccccc3s1)CCN(C(C)C)C2,1.542161534
2752,CC(C)C[C@H](C(=O)N[C@H](C(=O)OC1CCCC1)c1ccccc1)[C@@H](O)C(=O)NO,1.742921423
2753,CCN(C(=O)c1cccc(-n2cccn2)c1)c1ccc(C#N)c(Cl)c1,1.897385138
2758,CCc1nc2ccccc2n1CC(=O)Nc1cnc2ccccc2c1,1.328909405
2759,Cc1c(C(=O)NCC2CCSCC2)nnn1-c1cccc2cnccc12,2.246993158
2761,CN(Cc1cnccn1)Cc1nc(N)c2ccccc2n1,1.1766121
2762,Cc1nc(C)n(-c2ccccc2NC(=O)c2cc(C#N)cn2C)n1,1.063145637
2764,Cc1ccc(CNc2cncc(-n3nc(C)cc3C)n2)cn1,1.370142847
2766,COc1cc(-c2cnc(NC3CC3)nc2-c2cccs2)nc(OC)n1,1.539740839
2767,COCc1ncc(CN2CCC(Oc3ccccc3C)CC2)cn1,1.362821635
2769,N#Cc1cc(F)ccc1Cn1ccnc1-c1ccccn1,1.312706146
2771,Cc1nc(C)c(C(=O)Nc2ccc3ncccc3c2)o1,1.125871467
2773,CN(c1ccccc1N)S(C)(=O)=O,1.008088936
2775,O=C(Nc1cc[nH]n1)c1ccc2c(c1)[nH]c(=O)n2C1CCCC1,1.257414559
2779,CNC(=O)[C@H]1O[C@@H](n2cnc3c(NCc4cccc(I)c4)ncnc32)[C@H](O)[C@@H]1O,2.289894278
2780,Cc1cc(SCc2ccc(Cl)nc2)nc2ccccc12,2.515025612
2782,CC(=O)N1CCc2c(sc(NC(=O)C(C)C)c2-c2nc3ccccc3s2)C1,1.3962339
2783,Cc1cc(C)nc(SCC(=O)N2c3ccccc3C(C)(c3ccccc3)CC2(C)C)n1,3.372714293
2785,O=c1[nH]c2ccccc2n1C1CCN(Cc2coc(-c3cccs3)n2)CC1,1.468243915
2787,O=C(CCc1cnn(-c2ccccc2)c1)N1CCC(n2c(=O)[nH]c3ccccc32)CC1,2.753451295
2788,N#Cc1cc(N2CC(CO)C2)nc2ccc(Cl)cc12,1.838364173
2789,CN(C)c1ccnc(C(=O)Nc2ccnn2-c2ccc(C#N)cc2)c1,1.876240941
2790,Cc1nc(-c2cccc(C(N)=O)c2)sc1-c1ccc(F)cc1,1.257846502
2792,Cc1nc(C2CCN(c3ccc(F)cc3C#N)CC2)no1,0.98583049
2793,CC(C)(C)c1cc(NS(=O)(=O)c2c(Cl)cccc2Cl)cc(C(C)(C)C)c1,1.952101391
2794,CC(C)(C)c1cc(NS(=O)(=O)c2cccc(F)c2)cc(C(C)(C)C)c1,1.000859761
2795,Cc1nc(C2CCN(Cc3ccc(C(F)(F)F)cc3)CC2)n[nH]1,0.778006461
2796,Cc1noc(Cc2ccc(C)c(O)c2)n1,1.0309234
2798,O=C(Nc1ccc(C2CCCCC2)cc1)c1ccc(S(=O)(=O)NCc2cccnc2)cc1,2.288037986
2799,O=C(COC(=O)c1cc(O)nc2ccccc12)c1ccc(Oc2c(Cl)cccc2[N+](=O)[O-])cc1,2.993983883
2800,COc1ccc(Cl)cc1N(CC(=O)Nc1ccccc1C(=O)NCc1ccccc1)S(C)(=O)=O,2.773559017
2801,O=S(=O)(NCCC(c1ccccc1)c1ccccc1)c1ccc(Cl)cc1,2.597598687
2803,CN(C)c1ncc(CN2CCC(Cc3ccc(F)cc3)CC2)s1,1.634698895
2805,Cc1sc2ncn(Cc3c(F)cccc3Cl)c(=O)c2c1C,1.902948818
2806,COCC(=O)NC1(C#Cc2ccc(NC(=O)C3CC3)nc2)CCCCC1,1.223158342
2807,O=C(COc1cccc(-n2cncn2)c1)N1CCc2ccccc21,1.577376892
2808,Cc1nc(Cn2nnnc2C(C)(C)C)nc2ccccc12,0.870345371
2810,NCc1ccc(-n2cnc3ccccc32)cc1Cl,1.11330815
2811,Oc1cncc(/C=C/c2nc(-c3ccncc3)no2)c1,1.502481745
2812,N#Cc1c(Cl)nc(N)n1-c1ccccc1,1.069853021
2813,CC(C)c1cc(C(=O)Nc2ncccc2Cl)no1,1.94610823
2814,Cc1noc(CC2CCN(Cc3cccnc3)CC2)n1,0.754883228
2815,CC(C)[C@H](O)C(=O)N[C@@H](C)C(=O)N[C@@H]1C(=O)N(C)CCc2ccccc21,0.80140371
2816,NC(CO)(CO)CCc1ccc(Sc2cccc(OCc3ccccc3)c2)cc1Cl,0.80140371
2817,COc1ccc(F)cc1-c1ccc(-c2nnco2)cc1,1.377470174
2818,Cc1cc(C)nc(SCC(=O)N2c3ccccc3C(C)(c3ccc(Cl)cc3)CC2(C)C)n1,3.015502667
2819,COc1ccc(Cc2noc(-c3cccc4c3OCC(=O)N4)n2)cc1,1.269746373
2820,O=C(Nc1c(F)cccc1Oc1ccccc1)c1cnccn1,1.539402325
2821,O=C(Nc1nnc[nH]1)c1ccc(C2SCCCS2)cc1,0.91481898
2822,O=C(Nc1ccccc1)c1scnc1-c1ccccc1,2.040103683
2823,CCC(=O)Nc1sc2c(c1C#N)CCC2,2.19269566
2828,Cn1c(=O)n(-c2ccc(C(C)(C)C#N)cc2)c2c3cc(-c4cnc5ccccc5c4)ccc3ncc21,1.827771877
2829,N#Cc1ccc(-c2cccc(CN)c2)s1,2.550984956
2831,Cc1ncsc1-c1nc(CNc2cc(F)cc(F)c2)no1,1.817671121
2832,C=CCNC1=C2C[C@@H](C)C[C@@H](OC)[C@@H](O)[C@@H](C)/C=C(\C)[C@@H](OC(N)=O)[C@@H](OC)/C=C\C=C(/C)C(=O)NC(=CC1=O)C2=O,2.688916129
2833,CN1CCN(C(=O)c2ccc3cc(CCNc4ncnc5ccc(C#N)cc45)ccc3c2)CC1,1.912965621
2834,Cc1cc(C)n(C(=O)CCCC(=O)n2nc(C)cc2C)n1,2.784436121
2836,Cc1ccc(S(=O)(=O)Nc2ccc3c(c2)c2c(n3S(=O)(=O)c3ccc(C)cc3)CCC2)cc1,2.362198803
2837,Nc1ccc(Nc2ncc3cnn(C4CCCCCC4)c3n2)cn1,1.914642427
2838,CN(C)c1ccnc(NCc2ccc(F)cc2)n1,1.73254654
2839,N#CC1(NC(=O)Cc2cc3c(ccc4ccccc43)o2)CCOCC1,1.94107891
2840,COc1ccccc1C(=O)/C=C/c1ccccc1C(F)(F)F,2.507164767
2842,Cc1ccc(-c2ccc(F)cc2COc2ccc(CCC(=O)O)cc2)cc1,1.445993182
2843,C[C@H](Cn1nc2c(cc1=O)CCCCC2)NC(=O)Cc1cccs1,2.185986704
2844,O=c1[nH]c(=O)n([C@H]2C[C@H](O)[C@@H](CO)O2)cc1C(F)(F)F,1.621819973
2845,O=C(NCc1cccc(O)c1)Nc1nc(-c2ccncc2)cs1,1.989605531
2846,c1cnc(NCc2cccc3cnccc23)nc1,1.782028069
2847,CCCCCCCCc1ccc(CCC(N)(CO)CO)cc1,0.880813592
2848,Cc1cccc(NC(=O)C(=O)c2c(C)nn(C)c2C)n1,1.286748297
2850,COc1c(C)cnc(Cn2cnc3c(Cl)nc(N)nc32)c1C,0.927195258
2852,c1cnc2c(Oc3ncnc4sccc34)cccc2c1,1.646266456
2854,Cc1cc(NC(=O)c2ccc(NC3CC3)nc2)[nH]n1,0.807467376
2856,Cc1cc(N(C)CC(C)(C)O)ncc1Br,1.556953454
2858,Cc1cc(CSCc2c(C)noc2C)no1,2.113147531
2860,Cc1ccc(CCNc2nc(C)cc(C)n2)cn1,1.103974669
2861,CCNC(=O)c1noc(-c2cc(C(C)C)c(O)cc2O)c1-c1ccc(CN2CCOCC2)cc1,1.588831726
2863,CCOc1ccc(Oc2ccc(OCc3cc(F)ccc3F)cc2)c(N)c1,0.943791199
2864,NCCCc1nc(-c2ccncc2)cs1,1.466763852
2865,CCN(Cc1cccs1)C(=O)CN1CCC(n2c(=O)[nH]c3ccccc32)CC1,2.17829189
2866,O=c1[nH]c2ccccc2n1C1CCN(Cc2csc(COc3ccc(F)cc3)n2)CC1,2.320241862
2867,Cc1ccc(OCCCC(=O)N2CCC(n3c(=O)[nH]c4ccccc43)CC2)cc1,2.088741906
2868,O=c1[nH]c2ccccc2n1C1CCN(Cc2nc(Cc3ccccc3)no2)CC1,1.843151769
2869,O=C(Cc1csc(-c2ccc(F)cc2)n1)N1CCC(n2c(=O)[nH]c3ccccc32)CC1,2.539561584
2870,Cc1cc(OCC(=O)N2CCC(n3c(=O)[nH]c4ccccc43)CC2)ccc1Cl,2.63502307
2871,O=C(CCc1ccc(-c2ccccc2)o1)N1CCC(n2c(=O)[nH]c3ccccc32)CC1,2.405773101
2872,Cc1nc(CCNc2cnccc2C#N)cs1,1.745191942
2874,O=C(NCc1cccc2c1OCCCO2)c1cscn1,0.884625463
2875,Nc1c(-c2ccc(F)cc2)ncn1Cc1ccccc1,1.163936209
2876,Cn1ncc2c(NOCc3ccccc3)ncnc21,1.181872159
2877,Cc1cc(C)nc(NS(=O)(=O)c2ccc(NC(=O)/C=C/c3ccc([N+](=O)[O-])s3)cc2)n1,1.146159056
2878,N#Cc1cnc2ccccc2c1OCCO,1.017826038
2879,CCN(CC)C(=O)Oc1cccc2cccnc12,1.313403163
2880,CS(=O)(=O)N1CCN(Cc2cc3nc(-c4cccc5[nH]ncc45)nc(N4CCOCC4)c3s2)CC1,1.1700566
2881,NC1(c2ccc(-c3nc4ccn5c(=O)[nH]nc5c4cc3-c3ccccc3)cc2)CCC1,1.167919843
2883,CC(C)c1noc(-c2ccc(N)cc2)n1,1.673030128
2884,O=S(=O)(Nc1ccc(C(O)(C(F)(F)F)C(F)(F)F)cc1)c1ccccc1,0.881384657
2885,Cc1ccc2[nH]c(CNC(=O)c3cc(C(F)F)nn3C)nc2c1C,1.299834041
2886,Oc1c(C(c2ccc(F)cc2)N2CCCCC2)ccc2cccnc12,1.545255324
2887,CCCCN(CC)c1nc(C)nc2c1c(C)c(C)n2-c1c(C)cc(C)cc1C,2.296645449
2890,O=[N+]([O-])c1ccc(S(=O)(=O)Nc2cccc(-c3nc4ccccc4[nH]3)c2)cc1,1.32516661
2891,CC(C)(C)c1csc(Cn2ccnc2-c2ccccn2)n1,2.084754963
2892,Cc1cccnc1CNC(=O)c1ccc(Cl)s1,1.597881585
2895,CCc1noc(-c2ccc(C)c(N)c2)n1,2.319774171
2896,Cc1ccc(S(=O)(=O)N2CCCc3ccc(NS(=O)(=O)c4ccc(F)cc4C)cc32)cc1,2.269490384
2897,Cc1ccc(S(=O)(=O)N2CCCc3ccc(NS(=O)(=O)c4cc(F)ccc4F)cc32)cc1,2.387151611
2898,CC1(C)[C@H]2C[C@H]3Oc4c(ccc(O)c4C(=O)NCCc4ccccn4)[C@H](O)[C@@]3(O)[C@@H]1C2,2.744454933
2899,Clc1cnc(NCC2(c3ccncc3)CC2)nc1,1.415357362
2900,CCOc1ccc(CC(=O)N2CCC3(CC2)Nc2cc(C)ccc2-n2cccc23)cc1OCC,2.270932586
2901,COCc1ncc(CN2CCC(Oc3cccc(C)c3)CC2)cn1,1.006893708
2902,COCC(C)(C)CNC(=O)C1(Cn2cccn2)CC1,1.112403893
2903,CC(=O)c1ccc(-c2ccc(-c3nn[nH]n3)cc2)cc1,1.045127307
2904,Cc1ccn(-c2ccc(NCC3CC3)nn2)n1,1.043244354
2905,O=C(Cn1ncc2ccccc21)Nc1ccc2c(c1)CCO2,1.136815658
2906,CC(C)(CNc1cnn(CCO)c1)c1ccccc1,0.92417587
2908,CC(C)(C)c1cc(C(=O)CSc2nncn2-c2ccccc2)cc(C(C)(C)C)c1O,1.200689847
2910,Fc1cc(CCNc2ncnc3sccc23)c2c(c1)COCO2,2.339252634
2911,c1ccc(-c2nccc(NCc3nnc4n3CCCCC4)n2)cc1,1.896845758
2912,COc1ccc(Nc2nc(Cl)cc(Cl)n2)cc1,2.275092424
2917,Cn1nccc1C(=O)C1CCN(C(=O)c2cccs2)CC1,1.087994255
2919,CCOC(=O)c1c(C)n(C)c2ccc(O)cc12,1.488353265
2920,CCOc1ccc2nc3c(cc2c1)CN(CCOC)C(=O)O3,1.080626487
2921,Cc1nc(-c2ccccc2)c(C(=O)Nc2cc(Cl)cc(Cl)c2)s1,1.409730293
2922,Clc1cnc(Oc2ccc3cn[nH]c3c2)nc1,1.111564935
2923,COc1ccccc1N1CCN(CCNC(=O)c2ccc(F)cc2)CC1,1.341988169
2924,COc1ccccc1-n1ncc2c(=O)[nH]c(SC(C)c3ccccc3)nc21,2.350095969
2925,Cc1cc(CN(C)C(=O)C(=O)Nc2ccc(F)c(C)c2)no1,1.137923512
2926,Nc1nc2ccccc2n1C1CCCC1,1.569362203
2928,O=C(NO)c1cnc(NC2(c3cccc(F)c3)CCCCC2)nc1,1.15703345
2929,Cc1ccc(F)cc1NCc1csc(-c2cnn(C)c2)n1,1.604334073
2931,Cc1nonc1C(=O)Nc1cccnc1N(C)C,1.220918364
2932,O=C(N[C@@H](COc1ccc2[nH]c(=O)[nH]c2c1)c1ccccc1)c1cccn(Cc2ccc(F)c(F)c2)c1=O,1.725970509
2933,CCOc1cc(-c2nnc(NC(=O)c3cccc(C(F)(F)F)c3)o2)cc(OCC)c1OCC,0.881384657
2934,CC(=O)NC[C@H]1C[C@]2(C)[C@@H](CCCC[C@]2(C)O)N1CC1(O)CCCCCC1,1.709074824
2937,Cc1ccccc1-c1cc(N)n(Cc2ccccc2)n1,1.52167408
2939,COCCCNc1ncc(-c2ccsc2)c(-c2nc(C)c(C)s2)n1,1.373573981
2940,CCCCNc1nc2c(cc1C#N)CCC2,2.354563633
2941,CN(C/C=C/C(=O)N1CCC[C@@H](n2nc(-c3ccc(Oc4ccccc4)cc3)c3c(N)ncnc32)C1)CCCCNC(=O)CCCC(=O)NCCCOCCOCCOCCCNC(=O)CCCC[C@@H]1SC[C@@H]2NC(=O)N[C@H]12,2.104937561
2942,O=C(Nc1cccc2ncccc12)[C@H]1CCCN(S(=O)(=O)c2cccs2)C1,1.553749564
2943,COc1ccc(S(=O)(=O)N2CCC[C@H](C(=O)Nc3cccc4ncccc34)C2)cc1,1.353570042
2944,CCC(C)(C)c1ccc(Oc2ccc(NC3=NN(c4ccccc4)C(=O)C3)cc2)cc1,0.881384657
2945,CS(=O)(=O)N1CCN(Cc2cc3c(cc2O)OCO3)CC1,1.456684804
2946,CCCn1ncc(CN2CCC(c3ncc[nH]3)CC2)c1C,0.865222456
2947,CC(C)Cc1ccc(-c2nc(-c3ccc(CN4CC(C(=O)O)C4)cc3)no2)cc1,0.880813592
2948,Cc1nccc(-c2cccc(NCC(=O)Nc3ccc(F)cc3)c2)n1,1.59216565
2949,CN(C)C(=O)CCNc1ccnc2ccc(Cl)cc12,0.816638945
2950,CCN1C(=O)C(C)(C)COc2cc(NS(=O)(=O)c3cc(C)c(C)cc3OC)ccc21,2.648072874
2951,CCN1CCc2c(sc(NC(=O)CS(=O)(=O)c3ccccc3)c2-c2nc3ccccc3s2)C1,1.854977534
2952,COc1cc(CN[C@@H]2CCC[C@H]2Cc2cc(C)no2)ccc1OC(C)C,1.825101412
2955,CC(=O)Nc1ccc(C(=O)Nc2cc(-c3cccs3)ccc2N)cc1,0.978819387
2956,CCc1cc2c(OCC(=O)N3CCCC3)ncnc2s1,1.411383978
2957,Cc1cc(NC(=O)c2cc(F)cc(F)c2)sn1,2.114844413
2958,Nc1ccccc1-c1nc(C2CC2)no1,2.507337646
2960,CC(C)c1nccn1Cc1nc(-c2cccs2)no1,1.132163596
2961,CC(=O)NCCOc1ccc2ccccc2n1,1.109274738
2962,Nc1nn(C(=O)Cc2ccc(F)cc2)c2cccc(F)c12,1.222091886
2964,Cc1cnc(Nc2ccc(OCCN3CCCC3)cc2)nc1Nc1cccc(S(=O)(=O)NC(C)(C)C)c1,1.532397627
2965,CC(=O)N(CC(N)=O)c1ccc(C)cc1,0.702516697
2968,Nc1ccccc1-c1nc(C2CCCCCC2)no1,1.678336247
2971,CSC1(CNc2cncc(Cl)n2)CCOCC1,1.006893708
2972,O=C(NCCN1CCc2ccccc2C1=O)c1ccncc1,1.13232374
2973,O=C(N[C@H](CO)CC1CCCCC1)c1cccc(-c2cnccn2)c1,2.296781425
2974,CC(=O)N1CCCN(Cc2ccc(C(=O)N3CCCC3)cc2)c2ccccc21,2.35636436
2975,Nc1nc(N2CCN(CC3CCCC3)C(=O)C2)cc(-n2cccn2)n1,1.673665876
2977,CN(c1nc2ccccc2o1)C1CCN(C2CCOCC2)CC1,2.641865592
2979,Cc1cc(C)c(S(=O)(=O)Nc2ccccc2)c(C)c1,2.136016249
2980,Cc1cccc(C)c1NCc1noc(C2CC2)n1,2.308321055
2981,CN1CCN(c2ccc3nc(-c4cc(C(C)(C)C)c(OCCCC(=O)NCCCN=[N+]=[N-])c(C(C)(C)C)c4)[nH]c3c2)CC1,2.248341157
2982,Cc1cc(CSCc2ccc(C#N)cc2)no1,1.88295691
2983,CCN1CCC(Oc2ncnc3c2c(C)c(C)n3C2CCCCC2)CC1,1.500785173
2984,COc1ccc2c(c1)CCCN(C(=O)NCCc1ccccn1)C2,2.241608732
2985,CN1C(=O)c2ccc(C(=O)N(CC3CCCCC3)C3CC3)cc2C1=O,2.089809768
2987,COc1c(C)cnc(Cn2cc(C#CCC(C)(C)O)c3c(Cl)nc(N)nc32)c1C,1.7648722
2988,CN1CCC(CNc2ccc3ncc(-c4cccc(OC(F)(F)F)c4)n3n2)CC1,1.958442761
2990,O=C(NCCN1CCC(n2c(=O)[nH]c3cc(Cl)ccc32)CC1)c1ccc(F)cc1,1.784759895
2993,Cc1cc(-n2nc(C)cc2N)nc(C)n1,1.770380657
2994,Cc1cc(-c2cccc3ccnn23)nc(N2CCCC2)n1,2.087430008
2995,COc1ncccc1CNc1c(C#N)cnc2c(C)cc(F)cc12,2.192057039
2999,Cc1ccnc2[nH]c(CSCc3ccccc3)nc12,1.926254961
3001,CC(C)(C)OC(=O)N1CCCN1C(=O)c1cc2cc(Cl)ccc2[nH]1,1.673849977
3002,CCCS(=O)(=O)Nc1ccc(F)c(C(=O)c2c[nH]c3ncc(Cl)cc23)c1F,0.881384657
3003,COc1ccc2c(c1)C(=O)N(c1ccc(C)cc1)C(=O)C2,1.47424541
3005,Cc1cc(CO)nc(N2CCCCC2)n1,1.426625106
3007,O=c1[nH]c2ccccc2n1C1CCN(Cc2nc(-c3cccs3)no2)CC1,1.056828653
3008,O=C(COCc1nc2ccccc2s1)N1CCC(n2c(=O)[nH]c3ccccc32)CC1,1.8360328
3009,O=C(CCn1ccc2ccccc21)N1CCC(n2c(=O)[nH]c3ccccc32)CC1,2.429332313
3011,COc1cc(Nc2ncc(F)c(Nc3ccc4c(n3)NC(=O)C(C)(C)O4)n2)cc(OC)c1OC,2.122406886
3012,CC#C[C@@H](CC(=O)O)c1ccc(OCc2cccc(-c3ccc(C(F)(F)F)cc3)c2)cc1,0.869173027
3015,Cc1c(C(=O)NCCc2cc3nc(-c4ccco4)ccn3n2)cnn1C,1.46169357
3016,CN(C)Cc1ccnc(NC(=O)c2ccsc2)c1,0.82445127
3017,N#Cc1nc(-c2ccccc2)oc1NCc1ccc2c(c1)OCO2,2.318165633
3018,Clc1ccc(CSc2nc(-c3ccccc3)cs2)cn1,2.344101337
3020,CN1N=C(SCc2ccc(Cl)cc2Cl)Sc2c1cnn(C)c2=O,2.13664448
3022,Fc1cc(-c2noc(C3CCN(C4CC4)CC3)n2)cc(F)c1F,1.87478902
3023,Fc1cccc2c1CN(Cc1c[nH]nc1-c1cccnc1)CC2,1.968226032
3027,Cc1ccc(C#N)c(NC(=O)CCc2ccccc2)n1,1.046690221
3028,O=C(NCCc1ccc(F)cc1)n1ccnc1,1.598757687
3029,Cc1noc(C)c1COc1ccc2ncccc2c1,1.938479696
3031,N#Cc1cccc(NCc2ccc(-c3cccnc3)o2)c1,1.961340398
3033,Cc1ccc(-c2cnc3ccccc3n2)cc1N,2.408026158
3035,Cc1cccc2cnc(C3CCN(C(=O)CCc4ccno4)CC3)cc12,1.494224187
3037,CN(C)c1ccnc(NC(=O)c2cnsn2)c1,2.211774429
3038,Oc1cc(F)ccc1-c1nc(-c2ccncc2)no1,1.632771005
3039,Nc1c(C(=O)NCC2CCCO2)sc(=S)n1-c1ccc(Cl)cc1,1.548143692
3040,Cn1c2cc(S(C)=O)sc2c2cnn(Cc3cccc(N)c3)c(=O)c21,0.691788524
3041,O=C(C1CCCCC1)N1CCC[C@H]1Cn1nnc(-c2cccs2)n1,2.11231001
3043,COc1ccc2c(c1)CC[C@@H]1[C@@H]2CC[C@]2(C)[C@@H](NCCCCCCN3C(=O)C=CC3=O)CC[C@@H]12,0.784331948
3044,CC(C)(C)c1cc(C(=O)CSc2nnnn2-c2ccccc2)cc(C(C)(C)C)c1O,1.41703964
3046,O=C(CNC(=O)c1ccccc1Cl)Nc1cccc2c1CCCC2,1.778230864
3047,c1ccc(C2(CNc3nc4ccccc4o3)CCOCC2)cc1,2.111622036
3048,Cc1cccc(NC(=O)c2cncn2-c2ccccc2)n1,1.654898161
3050,CCCc1nc2nc(C)c(NS(=O)(=O)c3ccc(C4CCCCC4)cc3)c(O)n2n1,2.227421323
3051,O=C(NC1CCNCC1)c1ccc2[nH]ncc2c1,1.41385276
3052,Cc1cccc(/C=N/Nc2cc(N3CCOCC3)nc(OCCc3ccccn3)n2)c1,2.115533963
3053,O=C(NC1CCNCC1)c1ccc2cn[nH]c2c1,1.206637011
3055,O=C(Nc1cccc2c(=O)cc(-c3nnn[nH]3)oc12)c1ccc(OCCCCc2ccccc2)cc1,1.323478988
3058,Cc1cn2nc(-c3cc(=O)n4cc(N5CCNC6(CC6)C5)ccc4n3)cc(C)c2n1,1.243236538
3059,Cc1ccc(OCC2(O)CCN(CC3(O)CCN(c4ccccc4C)CC3)CC2)cc1,2.602153355
3064,Cc1nnc(-c2ccc(N3CCC(Oc4ccccc4C(F)(F)F)CC3)nn2)s1,1.158814647
3065,O=C(NCCc1ccccc1)c1ccc(NC(=O)N2CCCCc3ccccc32)cc1,2.408387533
3066,CC(C)(C)c1ccc(C(O)CN2CCC(O)(c3ccc4c(c3)OCO4)CC2)cc1,1.661291977
3067,NC[C@H]1CC[C@@H](C(=O)Nc2ccc3[nH]ncc3c2)O1,1.247555947
3070,NC1CCCC(C(=O)Nc2ccc3[nH]ncc3c2)C1,1.104862518
3071,NC1CC(NC(=O)c2ccc(-c3cn[nH]c3)cn2)C12CCC2,0.929827481
3076,CNc1nc(C)cc(C(=O)Nc2ccc3[nH]ncc3c2)n1,1.328705712
3077,O=C(Nc1ccc(CN2CCCCC2)cc1)c1ccnc2[nH]cnc12,0.888010912
3082,c1sc(NCC2CCCO2)nc1C12CC3CC(CC(C3)C1)C2,1.65965003
3084,NC(=O)c1noc([C@@H](CCCC2CCCCC2)CC(=O)NO)n1,0.863798539
3085,CCCCCCCCc1ccc(CC[C@](N)(CO)COP(=O)(O)O)cc1,0.881384657
3086,Cc1cccc(/C=N/Nc2cc(N3CCOCC3)n3nc(-c4ccncc4)cc3n2)c1,1.507059385
