SMILES,ppb_r,dset,group,fold,fingerprint,molbert,molformer,physchem
CNc1cc(Nc2cccn(-c3ccccn3)c2=O)nn2c(C(=O)N[C@@H]3C[C@@H]3F)cnc12,0.51851394,train,random,0,,,,
CCOc1cc2nn(CCC(C)(C)O)cc2cc1NC(=O)c1cccc(C(F)F)n1,0.268343914,train,random,0,,,,
CN(c1ncc(F)cn1)[C@H]1CCCNC1,2.0,train,random,0,,,,
CC(C)(O)CCn1cc2cc(NC(=O)c3cccc(C(F)(F)F)n3)c(C(C)(C)O)cc2n1,1.092264361,train,random,0,,,,
CC#CC(=O)N[C@H]1CCCN(c2c(F)cc(C(N)=O)c3[nH]c(C)c(C)c23)C1,-0.639532816,train,random,0,,,,
CC(C)NCC(O)COc1cccc2ccccc12,1.347759218,train,random,0,,,,
COc1ccc(Cl)cc1C(=O)NCCc1ccc(S(=O)(=O)NC(=O)NC2CCCCC2)cc1,-0.943095149,train,random,0,,,,
C=CC(=O)N1CCC[C@@H](n2nc(-c3ccc(Oc4ccccc4)cc3)c3c(N)ncnc32)C1,-0.35853,train,random,0,,,,
CC(C)NC(=O)COc1cccc(-c2nc(Nc3ccc4[nH]ncc4c3)c3ccccc3n2)c1,-0.504455662,train,random,0,,,,
CCS(=O)(=O)N1CC(CC#N)(n2cc(-c3ncnc4[nH]ccc34)cn2)C1,2.0,train,random,0,,,,
COc1ccc(S(=O)(=O)N2CCC(N3CCC(C)CC3)CC2)cc1,1.626076768,train,random,0,,,,
Cc1c[nH]c2nccc(Oc3c(F)cc(Nc4cc(Cl)nc(N)n4)cc3F)c12,-0.68613278,train,random,0,,,,
N#Cc1ccc2[nH]c(O)c(-c3ccc(CN4CCOCC4)cn3)c2c1,1.072507236,train,random,0,,,,
CCCc1cc(N2CCc3c(nc(C4CC4)n3C)C2)n2ncnc2n1,1.388207807,train,random,0,,,,
Fc1ccc(-c2ccc3c(c2)[nH]c2ccncc23)cn1,0.640978057,train,random,0,,,,
Nc1c(F)ccc2cnc(-n3ccc4ccncc43)cc12,0.631443769,train,random,0,,,,
Cn1cc(Nc2nccc(N3CC4CCC(C3)N4C(=O)[C@@H]3CC3(F)F)n2)cn1,1.786412441,train,random,0,,,,
C=CC(=O)N1CCC(CNc2ncnc(N)c2-c2ccc(Oc3ccccc3)cc2)CC1,0.901294817,train,random,0,,,,
Nc1n[nH]cc1-c1cc(Cl)ccc1Oc1cc(F)c(S(=O)(=O)Nc2cscn2)cc1Cl,-0.08249449,train,random,0,,,,
O=C(Nc1cccnc1)c1ccnc(NC(=O)C2CC2)c1,1.615287063,train,random,0,,,,
O=C(c1ccc(Oc2ccccc2)cc1Cl)c1c[nH]c2ncnc(N[C@@H]3CC[C@@H](CO)OC3)c12,-0.295849483,train,random,0,,,,
N#CC[C@H](C1CCCC1)n1cc(-c2ncnc3[nH]ccc23)cn1,1.244598701,train,random,0,,,,
CC(C)(C)c1ccc(-c2nc3n(c(=O)c2C#N)CCS3)cc1,0.455758203,train,random,0,,,,
C=CC(=O)Nc1cccc(Oc2nc(Nc3ccc(N4CCN(C)CC4)cc3)nc3ccsc23)c1,-0.308918508,train,random,0,,,,
CC#CC(=O)N1CC[C@@H](n2c(=O)n(-c3ccc(Oc4ccccc4)cc3)c3c(N)ncnc32)C1,0.669595781,train,random,0,,,,
C=CC(=O)N1CCC([C@@H]2CCNc3c(C(N)=O)c(-c4ccc(Oc5ccccc5)cc4)nn32)CC1,0.231979027,train,random,0,,,,
C=CC(=O)N1CCC[C@H](n2c(=O)n(-c3ccc(Oc4ccccc4)cc3)c3c(N)ncnc32)C1,0.276231958,train,random,0,,,,
CC#CC(=O)N1CC[C@@H](n2cc(-c3ccc(Oc4c(F)cccc4F)cc3)c3c(N)n[nH]c(=O)c32)C1,-0.029188389,train,random,0,,,,
C=CC(=O)Nc1cccc(Oc2nc(Nc3ccc(N4CCN(C)CC4)c(F)c3)nc3[nH]ccc23)c1,-0.139063379,train,random,0,,,,
C[C@@H]1c2nnn(-c3ncc(F)cn3)c2CCN1C(=O)c1cccc(C(F)(F)F)c1Cl,1.240049772,train,random,0,,,,
COc1ccccc1-c1cc(NC(=O)c2cccc(N3CCNC3=O)c2)[nH]n1,-0.742321425,train,random,0,,,,
Nc1ncc(-c2cccc(C(F)(F)F)c2)c(C2CCCCN2C(=O)c2ccccc2)n1,0.137354111,train,random,0,,,,
O=C(Nc1cccc(-c2nncn2C2CC2)c1)c1cc(-n2cnc(C3CC3)c2)ccn1,0.611935625,train,random,0,,,,
Fc1ccccc1-c1c[nH]nc1C1CCCN1Cc1ccc2ncccc2c1,0.460897843,train,random,0,,,,
Cc1nccc(-c2cn(Cc3ccccc3)c3cnccc23)n1,1.207445854,train,random,0,,,,
CCc1nc(C)cn2nc(-c3cc(=O)n4cc(C5CCN(C)CC5)cc(C)c4n3)cc12,0.593618308,train,random,0,,,,
Cc1c(Cl)ccc2cc3n(c12)[C@@H](C)CNC3=O,0.696793085,train,random,0,,,,
Nc1ncnc2c1c(-c1ccc(Oc3ccccc3)cc1)nn2[C@@H]1CCCNC1,0.846275242,train,random,0,,,,
COc1nn(C)cc1C(=O)Nc1cccc(-c2cnc3n2CCC3)c1,0.685562611,train,random,0,,,,
COc1cc(F)ccc1-c1ncnc(Nc2cccc(C[S@@](C)(=N)=O)c2)n1,1.574609941,train,random,0,,,,
Cc1ncc(CN2CC[C@@H](Nc3cncc(Cl)n3)[C@@H](C)C2)s1,1.264227348,train,random,0,,,,
Cc1ccc(C(=O)N2CCC(Cc3ccccc3-c3ccccc3)(C(=O)N(C)C)CC2)s1,-0.590066877,train,random,0,,,,
CCc1nc2c(C)cc(N3CCN(CC(=O)N4CC(O)C4)CC3)cn2c1N(C)c1nc(-c2ccc(F)cc2)c(C#N)s1,-0.434152181,train,random,0,,,,
C[C@@H]1CCN(C(=O)CC#N)C[C@@H]1N(C)c1ncnc2[nH]ccc12,1.747124255,train,random,0,,,,
CN(C)C(=O)C1(Cc2ccccc2-c2ccccc2)CCN(C(=O)C2CCCO2)CC1,1.265713811,train,random,0,,,,
CC(=O)Nc1ccc(C(=O)N2CCCCC2c2nc(N)ncc2-c2ccc(Cl)cc2)cc1,0.549861188,train,random,0,,,,
CC(=O)Nc1ccc(C(=O)N2CCCCC2c2nc(N)ncc2-c2cccc(Cl)c2)cc1,0.584331224,train,random,0,,,,
O=C1CN(c2ccc(Nc3nccc(C(F)(F)F)n3)cn2)CCN1,1.433497815,train,random,0,,,,
O=C1NCCN(C(=O)c2ccc3nccn3c2)C1c1ccccc1C(F)(F)F,1.801527189,train,random,0,,,,
Cc1cc(F)ccc1C1C(=O)NCCN1C(=O)c1ccc2nccn2c1,1.950724994,train,random,0,,,,
O=C1NCCN(C(=O)c2ccncc2)C1c1ccccc1Cl,1.868168158,train,random,0,,,,
C[C@H]1CN(C(=O)CC(c2ccccc2)c2ccccc2)C[C@@H](C)O1,0.718335579,train,random,0,,,,
CN1[C@H]2CC[C@@H]1C[C@@H](OC(c1ccccc1)c1ccccc1)C2,1.180842415,train,random,0,,,,
CC(C)(C)C(=O)N1CCC(Cc2ccc(-c3cccs3)cc2)(C(=O)N2CCCC2)CC1,0.008174184,train,random,0,,,,
Cc1ncsc1C(=O)N1CCCCC1c1nc(N(C)C)ncc1-c1cccc(Cl)c1,0.021602716,train,random,0,,,,
OCC1CCCCN1Cc1ccc(Cl)c(Cl)c1,1.484982782,train,random,0,,,,
CC(=O)N1CCN(c2nc(C(F)(F)F)nc3sc(C)c(C)c23)CC1,0.624282096,train,random,0,,,,
COc1ccccc1C(=O)Nc1ccc2cc[nH]c2c1,0.571825249,train,random,0,,,,
c1ccc(Oc2cccc(CN(CCN3CCOCC3)Cc3cccnc3)c2)cc1,0.142389466,train,random,0,,,,
COc1ccc([C@H]2CN(C(C)=O)[C@@H]3CCCN(Cc4cccc(F)c4)[C@H]23)cc1,0.594060901,train,random,0,,,,
Cc1c(C(=O)NCCCN(C)C)sc2ncnc(Nc3ccc(F)cc3OC(C)C)c12,0.966376423,train,random,0,,,,
OCC1CCCCN1Cc1ccc(-c2ccccc2)cc1,1.394924244,train,random,0,,,,
CC1(C)CC(Oc2ccc(-c3ccc(-c4cn[nH]c4)cc3O)nn2)CC(C)(C)N1,1.241969612,train,random,0,,,,
O=C(Nc1ccc2ccccc2n1)c1ccc(N2CCOC2=O)cc1,0.069298012,train,random,0,,,,
O=C(CCNC(=O)c1ccc(OC(F)(F)F)cc1)N[C@@H]1CCCc2ccccc21,0.630427875,train,random,0,,,,
O=S(=O)(c1cccc2cnccc12)N1CCCNCC1,1.844321821,train,random,0,,,,
C=CC(=O)Nc1cccc(Oc2nc(Nc3ccc(N4CCN(C)CC4)cc3)nc3ccoc23)c1,-0.208309351,train,random,0,,,,
CCN1CCN(S(=O)(=O)Cc2ccc(Cl)c(Cl)c2)CC1,1.071845201,train,random,0,,,,
CCN(C/C=C\c1ccc(C2CCCCC2)c(Cl)c1)C1CCCCC1,-0.266802735,train,random,0,,,,
NCCN1CCN(C/C=C/C(=O)N2CCC[C@@H](n3nc(-c4ccc(Oc5ccccc5)cc4)c4c(N)ncnc43)C2)CC1,0.686814955,train,random,0,,,,
Cn1c(C2CC2)nc2c1CCN(c1ncnc3ccsc13)C2,1.192985379,train,random,0,,,,
COc1nn(C)cc1C(=O)Nc1cccc2cnccc12,1.58945809,train,random,0,,,,
CNC(=O)C1(Cc2ccc(-c3ccncc3)cc2)CCN(Cc2cccc(F)c2)C1,0.715167358,train,random,0,,,,
Cc1ncc(CN2CCC(Nc3ccc4nnnn4n3)C(C)C2)s1,1.579154557,train,random,0,,,,
COc1ccc(Nc2c(C#N)cnc3cc(OC)c(OC)cc23)cc1Cl,0.115943177,train,random,0,,,,
COc1ccc(CCCN2CCN(c3cnn(C)c3)C(=O)C2)cc1F,1.308414999,train,random,0,,,,
CN(Cc1ccccc1)C1(C(=O)N2CCNC(=O)CC2)Cc2ccccc2C1,0.912806393,train,random,0,,,,
Cc1c(F)cccc1NC(=O)CN1[C@H]2CCCC(=O)N[C@@]2(C)C[C@H]1Cc1ccccc1,0.925312092,train,random,0,,,,
COCC(=O)N1CCC(Cc2ccccc2-c2cccc(F)c2)(C(=O)NC(C)C)CC1,1.076967952,train,random,0,,,,
COc1ccc(CNC(=O)c2sc3nc(C)cc(C)c3c2N)cc1,-0.18243463,train,random,0,,,,
C#C[C@@](C)(CC)NC(=O)c1cc(F)cnc1NC1CC(F)(F)C1,0.850278553,train,random,0,,,,
Cc1cnc(C(=O)NCCc2ccc(S(=O)(=O)NC(=O)NC3CCCCC3)cc2)cn1,-0.204119983,train,random,0,,,,
CNC(=O)C1(Cc2ccc(-c3cccnc3)cc2)CCN(Cc2ccc(F)cc2)C1,0.918868743,train,random,0,,,,
CC(=O)Nc1ncc(CN2CCCC[C@@H]2C)s1,1.923109252,train,random,0,,,,
O=C1CCCC[C@@H]2[C@H](C[C@@H](Cc3ccccc3F)N2C(=O)c2cccc3ncccc23)N1,1.348966512,train,random,0,,,,
CCOc1cc(CC(=O)N[C@@H](CC(C)C)c2ccccc2N2CCCCC2)ccc1C(=O)O,-0.063486258,train,random,0,,,,
CC(O)(C#Cc1ccc2c(c1)N(c1nc(N)ncc1Cl)CC2)c1nccs1,0.275311355,train,random,0,,,,
COCCc1noc(CN2CC(c3ccccc3)(c3ccccc3)CCC2=O)n1,1.25166255,train,random,0,,,,
Cc1[nH]nc2c1C1(CCCCC1)CC(=O)N2,1.284633733,train,random,0,,,,
Cc1oc2ccccc2c1CNc1nnc(-c2ccncc2)o1,-0.172630727,train,random,0,,,,
O=C(Nc1cccc2ncccc12)[C@H]1CCCN(S(=O)(=O)c2ccccc2)C1,1.091666958,train,random,0,,,,
C[C@@H]1Cc2ccccc2N1C(=O)Cn1nc(-c2cccc3ncccc23)oc1=O,0.360404055,train,random,0,,,,
Nc1ncnc2c1c(-c1cnc3[nH]ccc3c1)nn2C1CCCC1,0.780605306,train,random,0,,,,
O=C(Nc1cnccc1-c1ccc(Cl)cc1)c1ccnc(NC(=O)C2CC2)c1,0.847634344,train,random,0,,,,
CN1C(N)=N[C@](C)(c2cc(NC(=O)c3ccc(F)cn3)ccc2F)CS1(=O)=O,1.491417728,train,random,0,,,,
CC1CN(C(=O)c2cccnc2N2CCOCC2)CC(c2ccccc2)O1,1.555686814,train,random,0,,,,
CCCCNC(=O)NS(=O)(=O)c1ccc(C)cc1,0.440121603,train,random,0,,,,
Cc1cccnc1Nc1cccc(C2CCCN(CC(=O)Nc3nccs3)C2)n1,0.637289548,train,random,0,,,,
CN(C)C(=O)C1(Cc2ccccc2-c2ccccc2)CCN(C(=O)c2cnn(C)c2)CC1,1.146840934,train,random,0,,,,
CC1(C)CC(=O)C2=C(C1)NC(=O)CC2c1ccc(Br)cc1,0.944630702,train,random,0,,,,
CN1CCN(S(=O)(=O)c2ccc(-c3cnc(N)c(C(=O)Nc4cccnc4)n3)cc2)CC1,0.915558115,train,random,0,,,,
CNC(=O)C1(Cc2ccc(-c3cccnc3)cc2)CCN(Cc2ccccc2Cl)C1,0.273695588,train,random,0,,,,
Cc1cc(N2CCCC2c2cc(CCC(=O)O)cc(C)n2)ncn1,2.0,train,random,0,,,,
CCCNC(=O)NS(=O)(=O)c1ccc(Cl)cc1,0.628286731,train,random,0,,,,
COc1cc2ncnc(Nc3cccc(O)c3)c2cc1OC,0.650307523,train,random,0,,,,
Cc1cc(C)c2c(N)c(C(=O)NCc3ccc(Cl)cc3)sc2n1,-0.185752404,train,random,0,,,,
COCCNC(=O)c1ccnc(C2CCNCC2)c1,2.0,train,random,0,,,,
COc1nc2sc(C(=O)NC3CC3)c(N)c2c(C)c1Cl,0.452093249,train,random,0,,,,
Cc1cc(N2CCCC2)nc(C2CCCN(C)C2)n1,1.861522463,train,random,0,,,,
O=C1NCCSc2c1sc1ccc(O)cc21,1.164679941,train,random,0,,,,
CCn1cc(C(=O)O)c(=O)c2c(N)c(F)c(NC3CCCCC3)cc21,0.426673888,train,random,0,,,,
COc1cc2nc(N3CCN(C(=O)c4ccco4)CC3)nc(N)c2cc1OC,1.371880249,train,random,0,,,,
CC(CCc1ccccc1)NCC(O)c1ccc(O)c(C(N)=O)c1,1.65850745,train,random,0,,,,
CC1(C)Cc2cc(NC(=O)c3cnn4cccnc34)c(OCC3CC3)nc2O1,0.38219721,train,random,0,,,,
N#Cc1cc(F)c(NS(=O)(=O)c2c[nH]c3cc(Cl)ccc23)cc1F,-0.251811973,train,random,0,,,,
CC(C)CC(NC(=O)C(O)C(N)Cc1ccccc1)C(=O)O,1.54052968,train,random,0,,,,
COCCc1ccc(OCC(O)CNC(C)C)cc1,2.0,train,random,0,,,,
CC(C(=O)O)c1cccc(C(=O)c2ccccc2)c1,0.047274867,train,random,0,,,,
COc1cc2c(cc1OC)CN(CCc1ccc(NC(=O)c3cccc4c(O)c5cccc(OC)c5nc34)cc1)CC2,-1.292429824,train,random,0,,,,
C=CCc1ccccc1OCC(O)CNC(C)C,1.496029699,train,random,0,,,,
Nc1nc(=O)c2ncn(COCCO)c2[nH]1,1.850860573,train,random,0,,,,
NCCCC[C@H](N[C@@H](CCc1ccccc1)C(=O)O)C(=O)N1CCC[C@H]1C(=O)O,2.0,train,random,0,,,,
CCCc1nc2nc(C)c(NS(=O)(=O)c3ccc(C4CCCCC4)cc3)c(O)n2n1,-0.137272472,train,random,0,,,,
COc1ccc([C@H]2c3[nH]c4ccc(Cl)cc4c3CCN2C(=O)Oc2ccc(Cl)cc2)cc1,1.754608223,train,random,0,,,,
NC(=O)C1(Cc2ccc(-c3ccncc3)cc2)CCN(C(=O)Cc2cccc(F)c2)CC1,1.058463986,train,random,0,,,,
CCn1c(=O)oc2cc(NC(=O)c3ccc(C(C)(C)C)cc3)ccc21,0.180412633,train,random,0,,,,
COc1ccc(OC[C@@H]2c3cc(OC)c(OC)cc3CCN2C(=O)c2cccc(Cl)c2)cc1,0.232233521,train,random,0,,,,
CC(C)[C@H](CO)Nc1nc(Nc2cc(N)cc(Cl)c2)c2ncn(C(C)C)c2n1,-0.099086932,train,random,0,,,,
O=C(NC1CCNCC1)c1ccc2cn[nH]c2c1,1.70808081,train,random,0,,,,
CC(C)(C)OC(=O)N1CCCC1C(=O)N1CCC(C(=O)N[C@@H](Cc2c[nH]c3ccccc23)C(=O)O)CC1,1.842553077,train,random,0,,,,
O=C(Nc1cccc2c(=O)cc(-c3nnn[nH]3)oc12)c1ccc(OCCCCc2ccccc2)cc1,0.77224834,train,random,0,,,,
CC(=O)Nc1ncc(C(=O)O)s1,1.854123782,train,random,0,,,,
COc1cc2nc(-c3cc(F)ccc3O)nc(N[C@@H]3CNC[C@H]3C(C)(C)O)c2cc1OC.Cl,-0.823908741,train,random,0,,,,
CC(C)[C@@](C)(O)[C@@H]1CN(c2nc(-c3n[nH]c4ncccc34)c(F)cc2Cl)CCN1,0.622421274,train,random,0,,,,
CC(C)(Oc1ccc(-c2cnc(N)c(-c3ccc(Cl)cc3)c2)cc1)C(=O)O,-1.403402904,test,random,0,0.4462282658600001,0.3506734587,0.5465231578900002,0.24668325230000004
CCn1c(-c2nonc2N)nc2cnc(Oc3cccc(NC(=O)c4ccc(OCCN5CCOCC5)cc4)c3)cc21,-0.325138859,test,random,0,0.47870981209,0.08944040426,0.20013213798000007,-0.2828129842200001
CC1(C)CC[C@]2(NC(=O)C(C)(F)F)CC[C@]3(C)[C@H](C(=O)C=C4[C@@]3(C)CC[C@H]3C(C)(C)C(=O)C(C#N)=C[C@]43C)[C@@H]2C1,-0.055517328,test,random,0,0.9560594293900002,0.8434000909099999,0.5491179366100001,0.16869339772999992
COc1cc2c(cc1OC)CC(=O)N(CCCN(C)C[C@H]1Cc3cc(OC)c(OC)cc31)CC2,1.615139594,test,random,0,0.9296742041900004,0.7973759285199996,0.5870577652799998,0.31668340988999993
C=CC(=O)N1C[C@H](Nc2ncnc3[nH]ccc23)CC[C@@H]1C,1.74597993,test,random,0,1.04242238199,1.2571517293600005,0.9371774342000002,1.7133297195300006
[2H]C([2H])([2H])NC(=O)c1nnc(NC(=O)C2CC2)cc1Nc1cccc(-c2ncn(C)n2)c1OC,1.236577565,test,random,0,0.7270466290599995,0.6824441022999997,0.65387032072,0.9253753357100005
Cc1c(-c2c(F)cc(C(N)=O)c3[nH]c4c(c23)CC[C@H](C(C)(C)O)C4)cccc1-n1c(=O)c2cccc(F)c2n(C)c1=O,0.326540669,test,random,0,0.5904977549699997,0.032580295019999955,0.37612511805000004,-0.05628340008000002
Cn1cc(-c2cn3nccc3c(-c3cnn([C@]4(CC#N)C[C@@H](C#N)C4)c3)n2)cn1,1.364100521,test,random,0,0.77553360699,0.9491514712700007,0.7824902678400001,1.10983881615
CC(C)(C=C(C#N)C(=O)N1CCC[C@@H](n2nc(-c3ccc(Oc4ccccc4)cc3F)c3c(N)ncnc32)C1)N1CCN(C2COC2)CC1,0.123198075,test,random,0,0.4079909513899998,0.2504843160199999,0.47240036929999996,0.0007343586899999899
Cc1nnc(CN(C)CC(C)Oc2ccc(Cl)c(Cl)c2)n1C,1.114444172,test,random,0,0.73756120023,1.0369600052300003,0.98817876295,0.7024329953499999
OC[C@H](Nc1cncc(-c2ccc3[nH]ncc3n2)c1)c1ccccc1,1.024690862,test,random,0,0.9208204488000001,0.8310372928599999,0.77227366716,0.60820681024
Nc1ncc(C(=O)NC2CN(C(=O)C3CC3)C2)c2ccc(-c3cccc(F)c3)nc12,0.38219721,test,random,0,0.5642656189899999,0.6852150048100001,0.5959632266199997,1.1351702784299995
Cc1nnc(-c2ccc3occ(-c4ccc(S(C)=O)cc4)c3c2)o1,1.077985291,test,random,0,0.6852160190399998,0.4326829618400001,0.30749878513999995,0.5046560745099998
Cc1ncsc1C(=O)N1CCCCC1c1nc(N)ncc1-c1cccc(C(F)(F)F)c1,0.86254877,test,random,0,0.3994013784900002,0.48721845245999984,0.63015433556,0.48221363079
O=C(Nc1nc2cccc(-c3ccc(CN4CCS(=O)(=O)CC4)cc3)n2n1)C1CC1,1.601853652,test,random,0,0.9472573361300003,0.7377080500599996,0.6936770939799999,1.09830664677
CCn1c(CO)nn(-c2cc(O[C@@H](C)C(F)(F)F)c(C(=O)Nc3c(F)cccc3Cl)cc2F)c1=O,0.876910311,test,random,0,0.8461443121499999,0.38704540407,0.18539194562,0.16049405505
CC/C(=C(\c1ccccc1)c1ccc(OCCN(C)C)cc1)c1ccccc1,-0.341988603,test,random,0,0.84951150389,0.44527255291,0.6072537791100001,0.3495227503800001
Cc1nc(Nc2nccs2)cc(C2CN(c3ncccn3)C2)n1,0.374565061,test,random,0,1.0705428777100003,1.0619943583899996,0.8900040000400001,1.5061218454100007
Cc1noc(C(C)C)c1C(=O)N1CC(C)OC(c2ccccc2)C1,1.111934276,test,random,0,1.0259607333599998,1.0988474255599996,1.3131403648000002,0.8483619669200003
CCC1=C(C)CN(C(=O)NCCc2ccc(S(=O)(=O)NC(=O)N[C@H]3CC[C@H](C)CC3)cc2)C1=O,-1.638272164,test,random,0,0.5400341842000003,0.5746579283800001,0.3842749666600001,0.12897026511000004
O=S(=O)(c1cccc2c(O)nccc12)N1CCCNCC1,1.990813743,test,random,0,1.3002499232699996,1.18606504598,1.31994982951,1.608738310089999
Cc1ccc(NC(=O)CN2[C@H]3CCCC(=O)N[C@@]3(C)C[C@H]2Cc2ccccc2)cc1F,0.360971884,test,random,0,0.6571337476499999,0.8559336598199998,0.8376818180700003,0.8890489190999995
CN(C)C(=O)C1(Cc2ccccc2-c2cccc(F)c2)CCN(C(=O)C2CC=CCC2)CC1,0.142702246,test,random,0,0.8321874667899999,0.6185058630300001,0.7830736518299999,0.42722019032999986
Cn1cc(Nc2nc(N)nc(-c3cccc(-n4ccc5cc(C6CC6)cc(F)c5c4=O)c3CO)n2)cn1,0.581038949,test,random,0,0.9456545248400003,0.3253040242499998,0.4671782398099999,0.06344861635
CNC(=O)C1(Cc2ccc(-c3cccnc3)cc2)CCN(Cc2cccc(F)c2)C1,0.531095547,test,random,0,0.7458163170300004,0.7582817344100005,0.6871486018499999,0.7847772212100004
Cc1cc(Nc2cnccn2)cc(C2CCCN(CC(=O)N3CCCC3)C2)n1,1.632416797,test,random,0,1.1491330785000002,1.1601314378799998,1.2138266530400001,1.3219630818900001
O=C(CN1CCCC(c2cccc(Cc3cccc(F)c3)n2)C1)N1CCCC1,0.953856298,test,random,0,0.7321857857499998,1.06486871401,0.9294341137699997,0.7918961761700001
CC1(CNC(=O)c2cncc(C3CCNCC3)n2)CCCO1,1.960042456,test,random,0,1.3843930163000002,1.64914704774,1.4293530876700005,1.7660231875100008
COc1cc(Cc2cnc(N)nc2N)cc(OC)c1OC,1.855513099,test,random,0,0.7570172229700003,0.9254681233200003,0.9878506283799996,1.2028673320500003
CC(=O)Nc1ccc(O)cc1,1.916985305,test,random,0,1.04581556268,1.1713670706300001,0.6950122577500001,1.4831290207699999
O=C(NC1CCNCC1)c1ccc2[nH]ncc2c1,1.92695435,test,random,0,1.3983237822800003,1.47050913901,1.29520371001,1.7045434967400006
Cc1cccc(/C=N/Nc2cc(N3CCOCC3)nc(OCCc3ccccn3)n2)c1,-0.27572413,test,random,0,0.6725741539600003,0.53372753091,0.6472365163500003,0.3322149273099999
N#Cc1ccc(COc2cccc(C3CCN(Cc4nc5ccc(C(=O)O)cc5n4C[C@@H]4CCO4)CC3)n2)c(F)c1,0.312177356,test,random,0,0.6378920932300001,-0.028271966410000012,0.48765770906000006,-0.015027782720000007
Cc1cccc(-c2nc(C34CCC(C(N)=O)(CC3)CC4)[nH]c2-c2ccc3c(c2)OCO3)n1,0.21031852,test,random,0,1.0566609574600003,0.55319494378,0.42123000919999987,0.7042618967499997
CCOc1cc2nn(CCC(C)(C)O)cc2cc1NC(=O)c1cccc(C(F)F)n1,0.268343914,train,random,1,,,,
CN(c1ncc(F)cn1)[C@H]1CCCNC1,2.0,train,random,1,,,,
CC(C)(Oc1ccc(-c2cnc(N)c(-c3ccc(Cl)cc3)c2)cc1)C(=O)O,-1.403402904,train,random,1,,,,
CC(C)NCC(O)COc1cccc2ccccc12,1.347759218,train,random,1,,,,
COc1ccc(Cl)cc1C(=O)NCCc1ccc(S(=O)(=O)NC(=O)NC2CCCCC2)cc1,-0.943095149,train,random,1,,,,
CC(C)NC(=O)COc1cccc(-c2nc(Nc3ccc4[nH]ncc4c3)c3ccccc3n2)c1,-0.504455662,train,random,1,,,,
CCn1c(-c2nonc2N)nc2cnc(Oc3cccc(NC(=O)c4ccc(OCCN5CCOCC5)cc4)c3)cc21,-0.325138859,train,random,1,,,,
CC1(C)CC[C@]2(NC(=O)C(C)(F)F)CC[C@]3(C)[C@H](C(=O)C=C4[C@@]3(C)CC[C@H]3C(C)(C)C(=O)C(C#N)=C[C@]43C)[C@@H]2C1,-0.055517328,train,random,1,,,,
Cc1c[nH]c2nccc(Oc3c(F)cc(Nc4cc(Cl)nc(N)n4)cc3F)c12,-0.68613278,train,random,1,,,,
COc1cc2c(cc1OC)CC(=O)N(CCCN(C)C[C@H]1Cc3cc(OC)c(OC)cc31)CC2,1.615139594,train,random,1,,,,
N#Cc1ccc2[nH]c(O)c(-c3ccc(CN4CCOCC4)cn3)c2c1,1.072507236,train,random,1,,,,
CCCc1cc(N2CCc3c(nc(C4CC4)n3C)C2)n2ncnc2n1,1.388207807,train,random,1,,,,
Nc1c(F)ccc2cnc(-n3ccc4ccncc43)cc12,0.631443769,train,random,1,,,,
C=CC(=O)N1C[C@H](Nc2ncnc3[nH]ccc23)CC[C@@H]1C,1.74597993,train,random,1,,,,
Cn1cc(Nc2nccc(N3CC4CCC(C3)N4C(=O)[C@@H]3CC3(F)F)n2)cn1,1.786412441,train,random,1,,,,
[2H]C([2H])([2H])NC(=O)c1nnc(NC(=O)C2CC2)cc1Nc1cccc(-c2ncn(C)n2)c1OC,1.236577565,train,random,1,,,,
C=CC(=O)N1CCC(CNc2ncnc(N)c2-c2ccc(Oc3ccccc3)cc2)CC1,0.901294817,train,random,1,,,,
Nc1n[nH]cc1-c1cc(Cl)ccc1Oc1cc(F)c(S(=O)(=O)Nc2cscn2)cc1Cl,-0.08249449,train,random,1,,,,
Cc1c(-c2c(F)cc(C(N)=O)c3[nH]c4c(c23)CC[C@H](C(C)(C)O)C4)cccc1-n1c(=O)c2cccc(F)c2n(C)c1=O,0.326540669,train,random,1,,,,
Cn1cc(-c2cn3nccc3c(-c3cnn([C@]4(CC#N)C[C@@H](C#N)C4)c3)n2)cn1,1.364100521,train,random,1,,,,
O=C(Nc1cccnc1)c1ccnc(NC(=O)C2CC2)c1,1.615287063,train,random,1,,,,
O=C(c1ccc(Oc2ccccc2)cc1Cl)c1c[nH]c2ncnc(N[C@@H]3CC[C@@H](CO)OC3)c12,-0.295849483,train,random,1,,,,
N#CC[C@H](C1CCCC1)n1cc(-c2ncnc3[nH]ccc23)cn1,1.244598701,train,random,1,,,,
CC(C)(C)c1ccc(-c2nc3n(c(=O)c2C#N)CCS3)cc1,0.455758203,train,random,1,,,,
C=CC(=O)Nc1cccc(Oc2nc(Nc3ccc(N4CCN(C)CC4)cc3)nc3ccsc23)c1,-0.308918508,train,random,1,,,,
CC#CC(=O)N1CC[C@@H](n2c(=O)n(-c3ccc(Oc4ccccc4)cc3)c3c(N)ncnc32)C1,0.669595781,train,random,1,,,,
C=CC(=O)N1CCC([C@@H]2CCNc3c(C(N)=O)c(-c4ccc(Oc5ccccc5)cc4)nn32)CC1,0.231979027,train,random,1,,,,
C=CC(=O)N1CCC[C@H](n2c(=O)n(-c3ccc(Oc4ccccc4)cc3)c3c(N)ncnc32)C1,0.276231958,train,random,1,,,,
CC(C)(C=C(C#N)C(=O)N1CCC[C@@H](n2nc(-c3ccc(Oc4ccccc4)cc3F)c3c(N)ncnc32)C1)N1CCN(C2COC2)CC1,0.123198075,train,random,1,,,,
CC#CC(=O)N1CC[C@@H](n2cc(-c3ccc(Oc4c(F)cccc4F)cc3)c3c(N)n[nH]c(=O)c32)C1,-0.029188389,train,random,1,,,,
C=CC(=O)Nc1cccc(Oc2nc(Nc3ccc(N4CCN(C)CC4)c(F)c3)nc3[nH]ccc23)c1,-0.139063379,train,random,1,,,,
COc1ccccc1-c1cc(NC(=O)c2cccc(N3CCNC3=O)c2)[nH]n1,-0.742321425,train,random,1,,,,
Nc1ncc(-c2cccc(C(F)(F)F)c2)c(C2CCCCN2C(=O)c2ccccc2)n1,0.137354111,train,random,1,,,,
O=C(Nc1cccc(-c2nncn2C2CC2)c1)c1cc(-n2cnc(C3CC3)c2)ccn1,0.611935625,train,random,1,,,,
Fc1ccccc1-c1c[nH]nc1C1CCCN1Cc1ccc2ncccc2c1,0.460897843,train,random,1,,,,
Cc1c(Cl)ccc2cc3n(c12)[C@@H](C)CNC3=O,0.696793085,train,random,1,,,,
Nc1ncnc2c1c(-c1ccc(Oc3ccccc3)cc1)nn2[C@@H]1CCCNC1,0.846275242,train,random,1,,,,
Cc1nnc(CN(C)CC(C)Oc2ccc(Cl)c(Cl)c2)n1C,1.114444172,train,random,1,,,,
COc1cc(F)ccc1-c1ncnc(Nc2cccc(C[S@@](C)(=N)=O)c2)n1,1.574609941,train,random,1,,,,
Cc1ncc(CN2CC[C@@H](Nc3cncc(Cl)n3)[C@@H](C)C2)s1,1.264227348,train,random,1,,,,
Cc1ccc(C(=O)N2CCC(Cc3ccccc3-c3ccccc3)(C(=O)N(C)C)CC2)s1,-0.590066877,train,random,1,,,,
CCc1nc2c(C)cc(N3CCN(CC(=O)N4CC(O)C4)CC3)cn2c1N(C)c1nc(-c2ccc(F)cc2)c(C#N)s1,-0.434152181,train,random,1,,,,
CN(C)C(=O)C1(Cc2ccccc2-c2ccccc2)CCN(C(=O)C2CCCO2)CC1,1.265713811,train,random,1,,,,
CC(=O)Nc1ccc(C(=O)N2CCCCC2c2nc(N)ncc2-c2ccc(Cl)cc2)cc1,0.549861188,train,random,1,,,,
O=C1CN(c2ccc(Nc3nccc(C(F)(F)F)n3)cn2)CCN1,1.433497815,train,random,1,,,,
O=C1NCCN(C(=O)c2ccc3nccn3c2)C1c1ccccc1C(F)(F)F,1.801527189,train,random,1,,,,
O=C1NCCN(C(=O)c2ccncc2)C1c1ccccc1Cl,1.868168158,train,random,1,,,,
C[C@H]1CN(C(=O)CC(c2ccccc2)c2ccccc2)C[C@@H](C)O1,0.718335579,train,random,1,,,,
CN1[C@H]2CC[C@@H]1C[C@@H](OC(c1ccccc1)c1ccccc1)C2,1.180842415,train,random,1,,,,
CC(C)(C)C(=O)N1CCC(Cc2ccc(-c3cccs3)cc2)(C(=O)N2CCCC2)CC1,0.008174184,train,random,1,,,,
OC[C@H](Nc1cncc(-c2ccc3[nH]ncc3n2)c1)c1ccccc1,1.024690862,train,random,1,,,,
Cc1ncsc1C(=O)N1CCCCC1c1nc(N(C)C)ncc1-c1cccc(Cl)c1,0.021602716,train,random,1,,,,
CC(=O)N1CCN(c2nc(C(F)(F)F)nc3sc(C)c(C)c23)CC1,0.624282096,train,random,1,,,,
COc1ccccc1C(=O)Nc1ccc2cc[nH]c2c1,0.571825249,train,random,1,,,,
c1ccc(Oc2cccc(CN(CCN3CCOCC3)Cc3cccnc3)c2)cc1,0.142389466,train,random,1,,,,
COc1ccc([C@H]2CN(C(C)=O)[C@@H]3CCCN(Cc4cccc(F)c4)[C@H]23)cc1,0.594060901,train,random,1,,,,
Nc1ncc(C(=O)NC2CN(C(=O)C3CC3)C2)c2ccc(-c3cccc(F)c3)nc12,0.38219721,train,random,1,,,,
CC1(C)CC(Oc2ccc(-c3ccc(-c4cn[nH]c4)cc3O)nn2)CC(C)(C)N1,1.241969612,train,random,1,,,,
Cc1nnc(-c2ccc3occ(-c4ccc(S(C)=O)cc4)c3c2)o1,1.077985291,train,random,1,,,,
Cc1ncsc1C(=O)N1CCCCC1c1nc(N)ncc1-c1cccc(C(F)(F)F)c1,0.86254877,train,random,1,,,,
O=C(Nc1ccc2ccccc2n1)c1ccc(N2CCOC2=O)cc1,0.069298012,train,random,1,,,,
O=C(CCNC(=O)c1ccc(OC(F)(F)F)cc1)N[C@@H]1CCCc2ccccc21,0.630427875,train,random,1,,,,
C=CC(=O)Nc1cccc(Oc2nc(Nc3ccc(N4CCN(C)CC4)cc3)nc3ccoc23)c1,-0.208309351,train,random,1,,,,
CCN1CCN(S(=O)(=O)Cc2ccc(Cl)c(Cl)c2)CC1,1.071845201,train,random,1,,,,
O=C(Nc1nc2cccc(-c3ccc(CN4CCS(=O)(=O)CC4)cc3)n2n1)C1CC1,1.601853652,train,random,1,,,,
CCn1c(CO)nn(-c2cc(O[C@@H](C)C(F)(F)F)c(C(=O)Nc3c(F)cccc3Cl)cc2F)c1=O,0.876910311,train,random,1,,,,
CCN(C/C=C\c1ccc(C2CCCCC2)c(Cl)c1)C1CCCCC1,-0.266802735,train,random,1,,,,
NCCN1CCN(C/C=C/C(=O)N2CCC[C@@H](n3nc(-c4ccc(Oc5ccccc5)cc4)c4c(N)ncnc43)C2)CC1,0.686814955,train,random,1,,,,
Cn1c(C2CC2)nc2c1CCN(c1ncnc3ccsc13)C2,1.192985379,train,random,1,,,,
CC/C(=C(\c1ccccc1)c1ccc(OCCN(C)C)cc1)c1ccccc1,-0.341988603,train,random,1,,,,
COc1nn(C)cc1C(=O)Nc1cccc2cnccc12,1.58945809,train,random,1,,,,
Cc1ncc(CN2CCC(Nc3ccc4nnnn4n3)C(C)C2)s1,1.579154557,train,random,1,,,,
Cc1nc(Nc2nccs2)cc(C2CN(c3ncccn3)C2)n1,0.374565061,train,random,1,,,,
COc1ccc(Nc2c(C#N)cnc3cc(OC)c(OC)cc23)cc1Cl,0.115943177,train,random,1,,,,
COc1ccc(CCCN2CCN(c3cnn(C)c3)C(=O)C2)cc1F,1.308414999,train,random,1,,,,
Cc1noc(C(C)C)c1C(=O)N1CC(C)OC(c2ccccc2)C1,1.111934276,train,random,1,,,,
Cc1c(F)cccc1NC(=O)CN1[C@H]2CCCC(=O)N[C@@]2(C)C[C@H]1Cc1ccccc1,0.925312092,train,random,1,,,,
CCC1=C(C)CN(C(=O)NCCc2ccc(S(=O)(=O)NC(=O)N[C@H]3CC[C@H](C)CC3)cc2)C1=O,-1.638272164,train,random,1,,,,
O=S(=O)(c1cccc2c(O)nccc12)N1CCCNCC1,1.990813743,train,random,1,,,,
Cc1ccc(NC(=O)CN2[C@H]3CCCC(=O)N[C@@]3(C)C[C@H]2Cc2ccccc2)cc1F,0.360971884,train,random,1,,,,
CN(C)C(=O)C1(Cc2ccccc2-c2cccc(F)c2)CCN(C(=O)C2CC=CCC2)CC1,0.142702246,train,random,1,,,,
Cn1cc(Nc2nc(N)nc(-c3cccc(-n4ccc5cc(C6CC6)cc(F)c5c4=O)c3CO)n2)cn1,0.581038949,train,random,1,,,,
Cc1cnc(C(=O)NCCc2ccc(S(=O)(=O)NC(=O)NC3CCCCC3)cc2)cn1,-0.204119983,train,random,1,,,,
CNC(=O)C1(Cc2ccc(-c3cccnc3)cc2)CCN(Cc2ccc(F)cc2)C1,0.918868743,train,random,1,,,,
CNC(=O)C1(Cc2ccc(-c3cccnc3)cc2)CCN(Cc2cccc(F)c2)C1,0.531095547,train,random,1,,,,
COCCc1noc(CN2CC(c3ccccc3)(c3ccccc3)CCC2=O)n1,1.25166255,train,random,1,,,,
Cc1oc2ccccc2c1CNc1nnc(-c2ccncc2)o1,-0.172630727,train,random,1,,,,
O=C(Nc1cccc2ncccc12)[C@H]1CCCN(S(=O)(=O)c2ccccc2)C1,1.091666958,train,random,1,,,,
C[C@@H]1Cc2ccccc2N1C(=O)Cn1nc(-c2cccc3ncccc23)oc1=O,0.360404055,train,random,1,,,,
Nc1ncnc2c1c(-c1cnc3[nH]ccc3c1)nn2C1CCCC1,0.780605306,train,random,1,,,,
O=C(Nc1cnccc1-c1ccc(Cl)cc1)c1ccnc(NC(=O)C2CC2)c1,0.847634344,train,random,1,,,,
CN1C(N)=N[C@](C)(c2cc(NC(=O)c3ccc(F)cn3)ccc2F)CS1(=O)=O,1.491417728,train,random,1,,,,
CC1CN(C(=O)c2cccnc2N2CCOCC2)CC(c2ccccc2)O1,1.555686814,train,random,1,,,,
CCCCNC(=O)NS(=O)(=O)c1ccc(C)cc1,0.440121603,train,random,1,,,,
Cc1cc(Nc2cnccn2)cc(C2CCCN(CC(=O)N3CCCC3)C2)n1,1.632416797,train,random,1,,,,
Cc1cccnc1Nc1cccc(C2CCCN(CC(=O)Nc3nccs3)C2)n1,0.637289548,train,random,1,,,,
CN(C)C(=O)C1(Cc2ccccc2-c2ccccc2)CCN(C(=O)c2cnn(C)c2)CC1,1.146840934,train,random,1,,,,
CC1(C)CC(=O)C2=C(C1)NC(=O)CC2c1ccc(Br)cc1,0.944630702,train,random,1,,,,
CN1CCN(S(=O)(=O)c2ccc(-c3cnc(N)c(C(=O)Nc4cccnc4)n3)cc2)CC1,0.915558115,train,random,1,,,,
CNC(=O)C1(Cc2ccc(-c3cccnc3)cc2)CCN(Cc2ccccc2Cl)C1,0.273695588,train,random,1,,,,
Cc1cc(N2CCCC2c2cc(CCC(=O)O)cc(C)n2)ncn1,2.0,train,random,1,,,,
CCCNC(=O)NS(=O)(=O)c1ccc(Cl)cc1,0.628286731,train,random,1,,,,
O=C(CN1CCCC(c2cccc(Cc3cccc(F)c3)n2)C1)N1CCCC1,0.953856298,train,random,1,,,,
COc1cc2ncnc(Nc3cccc(O)c3)c2cc1OC,0.650307523,train,random,1,,,,
Cc1cc(C)c2c(N)c(C(=O)NCc3ccc(Cl)cc3)sc2n1,-0.185752404,train,random,1,,,,
COc1nc2sc(C(=O)NC3CC3)c(N)c2c(C)c1Cl,0.452093249,train,random,1,,,,
CC1(CNC(=O)c2cncc(C3CCNCC3)n2)CCCO1,1.960042456,train,random,1,,,,
Cc1cc(N2CCCC2)nc(C2CCCN(C)C2)n1,1.861522463,train,random,1,,,,
O=C1NCCSc2c1sc1ccc(O)cc21,1.164679941,train,random,1,,,,
CC(CCc1ccccc1)NCC(O)c1ccc(O)c(C(N)=O)c1,1.65850745,train,random,1,,,,
CC1(C)Cc2cc(NC(=O)c3cnn4cccnc34)c(OCC3CC3)nc2O1,0.38219721,train,random,1,,,,
N#Cc1cc(F)c(NS(=O)(=O)c2c[nH]c3cc(Cl)ccc23)cc1F,-0.251811973,train,random,1,,,,
CC(C)CC(NC(=O)C(O)C(N)Cc1ccccc1)C(=O)O,1.54052968,train,random,1,,,,
COCCc1ccc(OCC(O)CNC(C)C)cc1,2.0,train,random,1,,,,
COc1cc(Cc2cnc(N)nc2N)cc(OC)c1OC,1.855513099,train,random,1,,,,
CC(C(=O)O)c1cccc(C(=O)c2ccccc2)c1,0.047274867,train,random,1,,,,
COc1cc2c(cc1OC)CN(CCc1ccc(NC(=O)c3cccc4c(O)c5cccc(OC)c5nc34)cc1)CC2,-1.292429824,train,random,1,,,,
C=CCc1ccccc1OCC(O)CNC(C)C,1.496029699,train,random,1,,,,
Nc1nc(=O)c2ncn(COCCO)c2[nH]1,1.850860573,train,random,1,,,,
NCCCC[C@H](N[C@@H](CCc1ccccc1)C(=O)O)C(=O)N1CCC[C@H]1C(=O)O,2.0,train,random,1,,,,
CCCc1nc2nc(C)c(NS(=O)(=O)c3ccc(C4CCCCC4)cc3)c(O)n2n1,-0.137272472,train,random,1,,,,
NC(=O)C1(Cc2ccc(-c3ccncc3)cc2)CCN(C(=O)Cc2cccc(F)c2)CC1,1.058463986,train,random,1,,,,
CC(=O)Nc1ccc(O)cc1,1.916985305,train,random,1,,,,
O=C(NC1CCNCC1)c1ccc2[nH]ncc2c1,1.92695435,train,random,1,,,,
Cc1cccc(/C=N/Nc2cc(N3CCOCC3)nc(OCCc3ccccn3)n2)c1,-0.27572413,train,random,1,,,,
CCn1c(=O)oc2cc(NC(=O)c3ccc(C(C)(C)C)cc3)ccc21,0.180412633,train,random,1,,,,
N#Cc1ccc(COc2cccc(C3CCN(Cc4nc5ccc(C(=O)O)cc5n4C[C@@H]4CCO4)CC3)n2)c(F)c1,0.312177356,train,random,1,,,,
CC(C)[C@H](CO)Nc1nc(Nc2cc(N)cc(Cl)c2)c2ncn(C(C)C)c2n1,-0.099086932,train,random,1,,,,
O=C(NC1CCNCC1)c1ccc2cn[nH]c2c1,1.70808081,train,random,1,,,,
CC(C)(C)OC(=O)N1CCCC1C(=O)N1CCC(C(=O)N[C@@H](Cc2c[nH]c3ccccc23)C(=O)O)CC1,1.842553077,train,random,1,,,,
O=C(Nc1cccc2c(=O)cc(-c3nnn[nH]3)oc12)c1ccc(OCCCCc2ccccc2)cc1,0.77224834,train,random,1,,,,
CC(=O)Nc1ncc(C(=O)O)s1,1.854123782,train,random,1,,,,
Cc1cccc(-c2nc(C34CCC(C(N)=O)(CC3)CC4)[nH]c2-c2ccc3c(c2)OCO3)n1,0.21031852,train,random,1,,,,
COc1cc2nc(-c3cc(F)ccc3O)nc(N[C@@H]3CNC[C@H]3C(C)(C)O)c2cc1OC.Cl,-0.823908741,train,random,1,,,,
CNc1cc(Nc2cccn(-c3ccccn3)c2=O)nn2c(C(=O)N[C@@H]3C[C@@H]3F)cnc12,0.51851394,test,random,1,1.0948704246300007,0.5790973259500004,0.7393942748900001,0.8307163552
CC(C)(O)CCn1cc2cc(NC(=O)c3cccc(C(F)(F)F)n3)c(C(C)(C)O)cc2n1,1.092264361,test,random,1,0.47343212707,0.5194076088099998,0.30960242459999987,0.38067670605
CC#CC(=O)N[C@H]1CCCN(c2c(F)cc(C(N)=O)c3[nH]c(C)c(C)c23)C1,-0.639532816,test,random,1,1.2678936264500005,0.94542041794,0.50158362202,1.2916018493700008
C=CC(=O)N1CCC[C@@H](n2nc(-c3ccc(Oc4ccccc4)cc3)c3c(N)ncnc32)C1,-0.35853,test,random,1,0.57138492682,0.43874459738000016,0.3632799220799998,0.4213311128699999
CCS(=O)(=O)N1CC(CC#N)(n2cc(-c3ncnc4[nH]ccc34)cn2)C1,2.0,test,random,1,1.1445365010500006,1.08511037735,0.8725571612300003,1.0938835417600001
COc1ccc(S(=O)(=O)N2CCC(N3CCC(C)CC3)CC2)cc1,1.626076768,test,random,1,1.0482335489500003,1.087507205050001,0.7457980253599998,1.5387916669699993
Fc1ccc(-c2ccc3c(c2)[nH]c2ccncc23)cn1,0.640978057,test,random,1,1.0608912886700004,0.6207065390799997,0.5613430891099999,0.5394173637899998
C[C@@H]1c2nnn(-c3ncc(F)cn3)c2CCN1C(=O)c1cccc(C(F)(F)F)c1Cl,1.240049772,test,random,1,0.75147939343,0.8223217423700006,0.9301463259100001,0.6612367461099997
Cc1nccc(-c2cn(Cc3ccccc3)c3cnccc23)n1,1.207445854,test,random,1,0.9122624744100001,0.7290052416999999,1.0732537777900006,0.6020262255099997
CCc1nc(C)cn2nc(-c3cc(=O)n4cc(C5CCN(C)CC5)cc(C)c4n3)cc12,0.593618308,test,random,1,0.9462572509100002,0.7418276593799998,0.6872603758499998,0.5688068580999998
COc1nn(C)cc1C(=O)Nc1cccc(-c2cnc3n2CCC3)c1,0.685562611,test,random,1,0.7942447899600001,0.8907501409400003,0.8642004970300001,1.3449158179699998
C[C@@H]1CCN(C(=O)CC#N)C[C@@H]1N(C)c1ncnc2[nH]ccc12,1.747124255,test,random,1,1.2432568046500005,1.3602739669000008,0.89550967832,1.6950564257600007
CC(=O)Nc1ccc(C(=O)N2CCCCC2c2nc(N)ncc2-c2cccc(Cl)c2)cc1,0.584331224,test,random,1,0.5065566855999999,0.47951751708000023,0.57115309645,0.3489473819600004
Cc1cc(F)ccc1C1C(=O)NCCN1C(=O)c1ccc2nccn2c1,1.950724994,test,random,1,0.8607244698399998,1.0291657078600003,1.56848564606,1.574189931410001
OCC1CCCCN1Cc1ccc(Cl)c(Cl)c1,1.484982782,test,random,1,1.1159998294300009,1.1535326646100008,0.8182584948,0.8102770104099999
Cc1c(C(=O)NCCCN(C)C)sc2ncnc(Nc3ccc(F)cc3OC(C)C)c12,0.966376423,test,random,1,0.8622225630800001,0.0027827078600000266,0.35780953753999994,-0.013454259250000005
OCC1CCCCN1Cc1ccc(-c2ccccc2)cc1,1.394924244,test,random,1,1.1156932719800003,0.9154072600300005,0.6273888130899999,0.8939948321799998
O=S(=O)(c1cccc2cnccc12)N1CCCNCC1,1.844321821,test,random,1,1.3156805100700006,1.3575698209700007,1.41377880009,1.6162620906400003
CNC(=O)C1(Cc2ccc(-c3ccncc3)cc2)CCN(Cc2cccc(F)c2)C1,0.715167358,test,random,1,0.6475617419699999,0.5572881507499997,0.75407314451,0.6551144488799996
CN(Cc1ccccc1)C1(C(=O)N2CCNC(=O)CC2)Cc2ccccc2C1,0.912806393,test,random,1,0.9118607546900003,0.9137163468999998,0.7159192706499999,1.5487056368300005
COCC(=O)N1CCC(Cc2ccccc2-c2cccc(F)c2)(C(=O)NC(C)C)CC1,1.076967952,test,random,1,0.5131957053099997,0.5213145577799999,0.45902187105999986,0.73957836705
COc1ccc(CNC(=O)c2sc3nc(C)cc(C)c3c2N)cc1,-0.18243463,test,random,1,0.5193769793800004,0.31957996422000007,0.47377965740999983,0.20877545774
C#C[C@@](C)(CC)NC(=O)c1cc(F)cnc1NC1CC(F)(F)C1,0.850278553,test,random,1,1.1729395202200006,1.2450023602800002,0.7215250802700004,0.7694335062800003
CC(=O)Nc1ncc(CN2CCCC[C@@H]2C)s1,1.923109252,test,random,1,1.5565518517499997,1.3224387153100003,0.9886558704100002,1.4923285524599998
O=C1CCCC[C@@H]2[C@H](C[C@@H](Cc3ccccc3F)N2C(=O)c2cccc3ncccc23)N1,1.348966512,test,random,1,0.3434049653200001,0.5396372689799999,0.86376343051,0.5628012747799999
CCOc1cc(CC(=O)N[C@@H](CC(C)C)c2ccccc2N2CCCCC2)ccc1C(=O)O,-0.063486258,test,random,1,0.9559584892299999,0.5419259538999996,0.38092174566000003,0.09990332351999998
CC(O)(C#Cc1ccc2c(c1)N(c1nc(N)ncc1Cl)CC2)c1nccs1,0.275311355,test,random,1,0.6852765135600001,0.6171461932099997,0.92843943253,0.5005451955499999
Cc1[nH]nc2c1C1(CCCCC1)CC(=O)N2,1.284633733,test,random,1,0.9323446592700004,1.30418361598,0.87069402133,1.6113621614799993
COCCNC(=O)c1ccnc(C2CCNCC2)c1,2.0,test,random,1,1.3523357442200004,1.61882362908,1.1978946724300001,1.8187207461399992
CCn1cc(C(=O)O)c(=O)c2c(N)c(F)c(NC3CCCCC3)cc21,0.426673888,test,random,1,1.1218104808500005,1.0004074865100003,0.7624280014800001,0.4373720205499999
COc1cc2nc(N3CCN(C(=O)c4ccco4)CC3)nc(N)c2cc1OC,1.371880249,test,random,1,0.6660534113100001,0.6244391305399998,0.7783990647300001,1.2917094140799998
COc1ccc([C@H]2c3[nH]c4ccc(Cl)cc4c3CCN2C(=O)Oc2ccc(Cl)cc2)cc1,1.754608223,test,random,1,0.7408495758300002,-0.08358971341999999,0.11117759296999997,-0.16555996496000003
COc1ccc(OC[C@@H]2c3cc(OC)c(OC)cc3CCN2C(=O)c2cccc(Cl)c2)cc1,0.232233521,test,random,1,0.2631524351099999,0.21236495493,0.1910915147,-0.039682199190000024
CC(C)[C@@](C)(O)[C@@H]1CN(c2nc(-c3n[nH]c4ncccc34)c(F)cc2Cl)CCN1,0.622421274,test,random,1,0.6713619797700001,0.6148740034800002,1.0557484084700008,0.5367068157799997
CNc1cc(Nc2cccn(-c3ccccn3)c2=O)nn2c(C(=O)N[C@@H]3C[C@@H]3F)cnc12,0.51851394,train,random,2,,,,
CCOc1cc2nn(CCC(C)(C)O)cc2cc1NC(=O)c1cccc(C(F)F)n1,0.268343914,train,random,2,,,,
CN(c1ncc(F)cn1)[C@H]1CCCNC1,2.0,train,random,2,,,,
CC(C)(Oc1ccc(-c2cnc(N)c(-c3ccc(Cl)cc3)c2)cc1)C(=O)O,-1.403402904,train,random,2,,,,
CC(C)(O)CCn1cc2cc(NC(=O)c3cccc(C(F)(F)F)n3)c(C(C)(C)O)cc2n1,1.092264361,train,random,2,,,,
CC#CC(=O)N[C@H]1CCCN(c2c(F)cc(C(N)=O)c3[nH]c(C)c(C)c23)C1,-0.639532816,train,random,2,,,,
CC(C)NCC(O)COc1cccc2ccccc12,1.347759218,train,random,2,,,,
COc1ccc(Cl)cc1C(=O)NCCc1ccc(S(=O)(=O)NC(=O)NC2CCCCC2)cc1,-0.943095149,train,random,2,,,,
C=CC(=O)N1CCC[C@@H](n2nc(-c3ccc(Oc4ccccc4)cc3)c3c(N)ncnc32)C1,-0.35853,train,random,2,,,,
CCS(=O)(=O)N1CC(CC#N)(n2cc(-c3ncnc4[nH]ccc34)cn2)C1,2.0,train,random,2,,,,
COc1ccc(S(=O)(=O)N2CCC(N3CCC(C)CC3)CC2)cc1,1.626076768,train,random,2,,,,
CCn1c(-c2nonc2N)nc2cnc(Oc3cccc(NC(=O)c4ccc(OCCN5CCOCC5)cc4)c3)cc21,-0.325138859,train,random,2,,,,
CC1(C)CC[C@]2(NC(=O)C(C)(F)F)CC[C@]3(C)[C@H](C(=O)C=C4[C@@]3(C)CC[C@H]3C(C)(C)C(=O)C(C#N)=C[C@]43C)[C@@H]2C1,-0.055517328,train,random,2,,,,
Cc1c[nH]c2nccc(Oc3c(F)cc(Nc4cc(Cl)nc(N)n4)cc3F)c12,-0.68613278,train,random,2,,,,
COc1cc2c(cc1OC)CC(=O)N(CCCN(C)C[C@H]1Cc3cc(OC)c(OC)cc31)CC2,1.615139594,train,random,2,,,,
N#Cc1ccc2[nH]c(O)c(-c3ccc(CN4CCOCC4)cn3)c2c1,1.072507236,train,random,2,,,,
CCCc1cc(N2CCc3c(nc(C4CC4)n3C)C2)n2ncnc2n1,1.388207807,train,random,2,,,,
Fc1ccc(-c2ccc3c(c2)[nH]c2ccncc23)cn1,0.640978057,train,random,2,,,,
Nc1c(F)ccc2cnc(-n3ccc4ccncc43)cc12,0.631443769,train,random,2,,,,
C=CC(=O)N1C[C@H](Nc2ncnc3[nH]ccc23)CC[C@@H]1C,1.74597993,train,random,2,,,,
[2H]C([2H])([2H])NC(=O)c1nnc(NC(=O)C2CC2)cc1Nc1cccc(-c2ncn(C)n2)c1OC,1.236577565,train,random,2,,,,
Nc1n[nH]cc1-c1cc(Cl)ccc1Oc1cc(F)c(S(=O)(=O)Nc2cscn2)cc1Cl,-0.08249449,train,random,2,,,,
Cc1c(-c2c(F)cc(C(N)=O)c3[nH]c4c(c23)CC[C@H](C(C)(C)O)C4)cccc1-n1c(=O)c2cccc(F)c2n(C)c1=O,0.326540669,train,random,2,,,,
Cn1cc(-c2cn3nccc3c(-c3cnn([C@]4(CC#N)C[C@@H](C#N)C4)c3)n2)cn1,1.364100521,train,random,2,,,,
N#CC[C@H](C1CCCC1)n1cc(-c2ncnc3[nH]ccc23)cn1,1.244598701,train,random,2,,,,
CC#CC(=O)N1CC[C@@H](n2c(=O)n(-c3ccc(Oc4ccccc4)cc3)c3c(N)ncnc32)C1,0.669595781,train,random,2,,,,
C=CC(=O)N1CCC([C@@H]2CCNc3c(C(N)=O)c(-c4ccc(Oc5ccccc5)cc4)nn32)CC1,0.231979027,train,random,2,,,,
C=CC(=O)N1CCC[C@H](n2c(=O)n(-c3ccc(Oc4ccccc4)cc3)c3c(N)ncnc32)C1,0.276231958,train,random,2,,,,
CC(C)(C=C(C#N)C(=O)N1CCC[C@@H](n2nc(-c3ccc(Oc4ccccc4)cc3F)c3c(N)ncnc32)C1)N1CCN(C2COC2)CC1,0.123198075,train,random,2,,,,
C=CC(=O)Nc1cccc(Oc2nc(Nc3ccc(N4CCN(C)CC4)c(F)c3)nc3[nH]ccc23)c1,-0.139063379,train,random,2,,,,
C[C@@H]1c2nnn(-c3ncc(F)cn3)c2CCN1C(=O)c1cccc(C(F)(F)F)c1Cl,1.240049772,train,random,2,,,,
COc1ccccc1-c1cc(NC(=O)c2cccc(N3CCNC3=O)c2)[nH]n1,-0.742321425,train,random,2,,,,
Nc1ncc(-c2cccc(C(F)(F)F)c2)c(C2CCCCN2C(=O)c2ccccc2)n1,0.137354111,train,random,2,,,,
O=C(Nc1cccc(-c2nncn2C2CC2)c1)c1cc(-n2cnc(C3CC3)c2)ccn1,0.611935625,train,random,2,,,,
Fc1ccccc1-c1c[nH]nc1C1CCCN1Cc1ccc2ncccc2c1,0.460897843,train,random,2,,,,
Cc1nccc(-c2cn(Cc3ccccc3)c3cnccc23)n1,1.207445854,train,random,2,,,,
CCc1nc(C)cn2nc(-c3cc(=O)n4cc(C5CCN(C)CC5)cc(C)c4n3)cc12,0.593618308,train,random,2,,,,
Cc1c(Cl)ccc2cc3n(c12)[C@@H](C)CNC3=O,0.696793085,train,random,2,,,,
Nc1ncnc2c1c(-c1ccc(Oc3ccccc3)cc1)nn2[C@@H]1CCCNC1,0.846275242,train,random,2,,,,
Cc1nnc(CN(C)CC(C)Oc2ccc(Cl)c(Cl)c2)n1C,1.114444172,train,random,2,,,,
COc1nn(C)cc1C(=O)Nc1cccc(-c2cnc3n2CCC3)c1,0.685562611,train,random,2,,,,
COc1cc(F)ccc1-c1ncnc(Nc2cccc(C[S@@](C)(=N)=O)c2)n1,1.574609941,train,random,2,,,,
Cc1ncc(CN2CC[C@@H](Nc3cncc(Cl)n3)[C@@H](C)C2)s1,1.264227348,train,random,2,,,,
Cc1ccc(C(=O)N2CCC(Cc3ccccc3-c3ccccc3)(C(=O)N(C)C)CC2)s1,-0.590066877,train,random,2,,,,
CCc1nc2c(C)cc(N3CCN(CC(=O)N4CC(O)C4)CC3)cn2c1N(C)c1nc(-c2ccc(F)cc2)c(C#N)s1,-0.434152181,train,random,2,,,,
C[C@@H]1CCN(C(=O)CC#N)C[C@@H]1N(C)c1ncnc2[nH]ccc12,1.747124255,train,random,2,,,,
CC(=O)Nc1ccc(C(=O)N2CCCCC2c2nc(N)ncc2-c2cccc(Cl)c2)cc1,0.584331224,train,random,2,,,,
O=C1NCCN(C(=O)c2ccc3nccn3c2)C1c1ccccc1C(F)(F)F,1.801527189,train,random,2,,,,
Cc1cc(F)ccc1C1C(=O)NCCN1C(=O)c1ccc2nccn2c1,1.950724994,train,random,2,,,,
O=C1NCCN(C(=O)c2ccncc2)C1c1ccccc1Cl,1.868168158,train,random,2,,,,
CN1[C@H]2CC[C@@H]1C[C@@H](OC(c1ccccc1)c1ccccc1)C2,1.180842415,train,random,2,,,,
CC(C)(C)C(=O)N1CCC(Cc2ccc(-c3cccs3)cc2)(C(=O)N2CCCC2)CC1,0.008174184,train,random,2,,,,
OC[C@H](Nc1cncc(-c2ccc3[nH]ncc3n2)c1)c1ccccc1,1.024690862,train,random,2,,,,
Cc1ncsc1C(=O)N1CCCCC1c1nc(N(C)C)ncc1-c1cccc(Cl)c1,0.021602716,train,random,2,,,,
OCC1CCCCN1Cc1ccc(Cl)c(Cl)c1,1.484982782,train,random,2,,,,
CC(=O)N1CCN(c2nc(C(F)(F)F)nc3sc(C)c(C)c23)CC1,0.624282096,train,random,2,,,,
COc1ccccc1C(=O)Nc1ccc2cc[nH]c2c1,0.571825249,train,random,2,,,,
COc1ccc([C@H]2CN(C(C)=O)[C@@H]3CCCN(Cc4cccc(F)c4)[C@H]23)cc1,0.594060901,train,random,2,,,,
Cc1c(C(=O)NCCCN(C)C)sc2ncnc(Nc3ccc(F)cc3OC(C)C)c12,0.966376423,train,random,2,,,,
OCC1CCCCN1Cc1ccc(-c2ccccc2)cc1,1.394924244,train,random,2,,,,
Nc1ncc(C(=O)NC2CN(C(=O)C3CC3)C2)c2ccc(-c3cccc(F)c3)nc12,0.38219721,train,random,2,,,,
CC1(C)CC(Oc2ccc(-c3ccc(-c4cn[nH]c4)cc3O)nn2)CC(C)(C)N1,1.241969612,train,random,2,,,,
Cc1nnc(-c2ccc3occ(-c4ccc(S(C)=O)cc4)c3c2)o1,1.077985291,train,random,2,,,,
Cc1ncsc1C(=O)N1CCCCC1c1nc(N)ncc1-c1cccc(C(F)(F)F)c1,0.86254877,train,random,2,,,,
O=C(CCNC(=O)c1ccc(OC(F)(F)F)cc1)N[C@@H]1CCCc2ccccc21,0.630427875,train,random,2,,,,
O=S(=O)(c1cccc2cnccc12)N1CCCNCC1,1.844321821,train,random,2,,,,
CCN1CCN(S(=O)(=O)Cc2ccc(Cl)c(Cl)c2)CC1,1.071845201,train,random,2,,,,
O=C(Nc1nc2cccc(-c3ccc(CN4CCS(=O)(=O)CC4)cc3)n2n1)C1CC1,1.601853652,train,random,2,,,,
CCn1c(CO)nn(-c2cc(O[C@@H](C)C(F)(F)F)c(C(=O)Nc3c(F)cccc3Cl)cc2F)c1=O,0.876910311,train,random,2,,,,
CCN(C/C=C\c1ccc(C2CCCCC2)c(Cl)c1)C1CCCCC1,-0.266802735,train,random,2,,,,
Cn1c(C2CC2)nc2c1CCN(c1ncnc3ccsc13)C2,1.192985379,train,random,2,,,,
CC/C(=C(\c1ccccc1)c1ccc(OCCN(C)C)cc1)c1ccccc1,-0.341988603,train,random,2,,,,
COc1nn(C)cc1C(=O)Nc1cccc2cnccc12,1.58945809,train,random,2,,,,
CNC(=O)C1(Cc2ccc(-c3ccncc3)cc2)CCN(Cc2cccc(F)c2)C1,0.715167358,train,random,2,,,,
Cc1ncc(CN2CCC(Nc3ccc4nnnn4n3)C(C)C2)s1,1.579154557,train,random,2,,,,
Cc1nc(Nc2nccs2)cc(C2CN(c3ncccn3)C2)n1,0.374565061,train,random,2,,,,
COc1ccc(Nc2c(C#N)cnc3cc(OC)c(OC)cc23)cc1Cl,0.115943177,train,random,2,,,,
Cc1noc(C(C)C)c1C(=O)N1CC(C)OC(c2ccccc2)C1,1.111934276,train,random,2,,,,
CN(Cc1ccccc1)C1(C(=O)N2CCNC(=O)CC2)Cc2ccccc2C1,0.912806393,train,random,2,,,,
Cc1c(F)cccc1NC(=O)CN1[C@H]2CCCC(=O)N[C@@]2(C)C[C@H]1Cc1ccccc1,0.925312092,train,random,2,,,,
CCC1=C(C)CN(C(=O)NCCc2ccc(S(=O)(=O)NC(=O)N[C@H]3CC[C@H](C)CC3)cc2)C1=O,-1.638272164,train,random,2,,,,
O=S(=O)(c1cccc2c(O)nccc12)N1CCCNCC1,1.990813743,train,random,2,,,,
Cc1ccc(NC(=O)CN2[C@H]3CCCC(=O)N[C@@]3(C)C[C@H]2Cc2ccccc2)cc1F,0.360971884,train,random,2,,,,
CN(C)C(=O)C1(Cc2ccccc2-c2cccc(F)c2)CCN(C(=O)C2CC=CCC2)CC1,0.142702246,train,random,2,,,,
COCC(=O)N1CCC(Cc2ccccc2-c2cccc(F)c2)(C(=O)NC(C)C)CC1,1.076967952,train,random,2,,,,
COc1ccc(CNC(=O)c2sc3nc(C)cc(C)c3c2N)cc1,-0.18243463,train,random,2,,,,
C#C[C@@](C)(CC)NC(=O)c1cc(F)cnc1NC1CC(F)(F)C1,0.850278553,train,random,2,,,,
Cn1cc(Nc2nc(N)nc(-c3cccc(-n4ccc5cc(C6CC6)cc(F)c5c4=O)c3CO)n2)cn1,0.581038949,train,random,2,,,,
Cc1cnc(C(=O)NCCc2ccc(S(=O)(=O)NC(=O)NC3CCCCC3)cc2)cn1,-0.204119983,train,random,2,,,,
CNC(=O)C1(Cc2ccc(-c3cccnc3)cc2)CCN(Cc2ccc(F)cc2)C1,0.918868743,train,random,2,,,,
CNC(=O)C1(Cc2ccc(-c3cccnc3)cc2)CCN(Cc2cccc(F)c2)C1,0.531095547,train,random,2,,,,
CC(=O)Nc1ncc(CN2CCCC[C@@H]2C)s1,1.923109252,train,random,2,,,,
O=C1CCCC[C@@H]2[C@H](C[C@@H](Cc3ccccc3F)N2C(=O)c2cccc3ncccc23)N1,1.348966512,train,random,2,,,,
CCOc1cc(CC(=O)N[C@@H](CC(C)C)c2ccccc2N2CCCCC2)ccc1C(=O)O,-0.063486258,train,random,2,,,,
CC(O)(C#Cc1ccc2c(c1)N(c1nc(N)ncc1Cl)CC2)c1nccs1,0.275311355,train,random,2,,,,
Cc1[nH]nc2c1C1(CCCCC1)CC(=O)N2,1.284633733,train,random,2,,,,
Cc1oc2ccccc2c1CNc1nnc(-c2ccncc2)o1,-0.172630727,train,random,2,,,,
O=C(Nc1cccc2ncccc12)[C@H]1CCCN(S(=O)(=O)c2ccccc2)C1,1.091666958,train,random,2,,,,
C[C@@H]1Cc2ccccc2N1C(=O)Cn1nc(-c2cccc3ncccc23)oc1=O,0.360404055,train,random,2,,,,
Nc1ncnc2c1c(-c1cnc3[nH]ccc3c1)nn2C1CCCC1,0.780605306,train,random,2,,,,
O=C(Nc1cnccc1-c1ccc(Cl)cc1)c1ccnc(NC(=O)C2CC2)c1,0.847634344,train,random,2,,,,
CC1CN(C(=O)c2cccnc2N2CCOCC2)CC(c2ccccc2)O1,1.555686814,train,random,2,,,,
Cc1cc(Nc2cnccn2)cc(C2CCCN(CC(=O)N3CCCC3)C2)n1,1.632416797,train,random,2,,,,
CN(C)C(=O)C1(Cc2ccccc2-c2ccccc2)CCN(C(=O)c2cnn(C)c2)CC1,1.146840934,train,random,2,,,,
CC1(C)CC(=O)C2=C(C1)NC(=O)CC2c1ccc(Br)cc1,0.944630702,train,random,2,,,,
CNC(=O)C1(Cc2ccc(-c3cccnc3)cc2)CCN(Cc2ccccc2Cl)C1,0.273695588,train,random,2,,,,
Cc1cc(N2CCCC2c2cc(CCC(=O)O)cc(C)n2)ncn1,2.0,train,random,2,,,,
CCCNC(=O)NS(=O)(=O)c1ccc(Cl)cc1,0.628286731,train,random,2,,,,
O=C(CN1CCCC(c2cccc(Cc3cccc(F)c3)n2)C1)N1CCCC1,0.953856298,train,random,2,,,,
COc1cc2ncnc(Nc3cccc(O)c3)c2cc1OC,0.650307523,train,random,2,,,,
COCCNC(=O)c1ccnc(C2CCNCC2)c1,2.0,train,random,2,,,,
COc1nc2sc(C(=O)NC3CC3)c(N)c2c(C)c1Cl,0.452093249,train,random,2,,,,
CC1(CNC(=O)c2cncc(C3CCNCC3)n2)CCCO1,1.960042456,train,random,2,,,,
Cc1cc(N2CCCC2)nc(C2CCCN(C)C2)n1,1.861522463,train,random,2,,,,
O=C1NCCSc2c1sc1ccc(O)cc21,1.164679941,train,random,2,,,,
CCn1cc(C(=O)O)c(=O)c2c(N)c(F)c(NC3CCCCC3)cc21,0.426673888,train,random,2,,,,
COc1cc2nc(N3CCN(C(=O)c4ccco4)CC3)nc(N)c2cc1OC,1.371880249,train,random,2,,,,
CC(CCc1ccccc1)NCC(O)c1ccc(O)c(C(N)=O)c1,1.65850745,train,random,2,,,,
CC1(C)Cc2cc(NC(=O)c3cnn4cccnc34)c(OCC3CC3)nc2O1,0.38219721,train,random,2,,,,
CC(C)CC(NC(=O)C(O)C(N)Cc1ccccc1)C(=O)O,1.54052968,train,random,2,,,,
COCCc1ccc(OCC(O)CNC(C)C)cc1,2.0,train,random,2,,,,
COc1cc(Cc2cnc(N)nc2N)cc(OC)c1OC,1.855513099,train,random,2,,,,
Nc1nc(=O)c2ncn(COCCO)c2[nH]1,1.850860573,train,random,2,,,,
NCCCC[C@H](N[C@@H](CCc1ccccc1)C(=O)O)C(=O)N1CCC[C@H]1C(=O)O,2.0,train,random,2,,,,
COc1ccc([C@H]2c3[nH]c4ccc(Cl)cc4c3CCN2C(=O)Oc2ccc(Cl)cc2)cc1,1.754608223,train,random,2,,,,
CC(=O)Nc1ccc(O)cc1,1.916985305,train,random,2,,,,
O=C(NC1CCNCC1)c1ccc2[nH]ncc2c1,1.92695435,train,random,2,,,,
Cc1cccc(/C=N/Nc2cc(N3CCOCC3)nc(OCCc3ccccn3)n2)c1,-0.27572413,train,random,2,,,,
COc1ccc(OC[C@@H]2c3cc(OC)c(OC)cc3CCN2C(=O)c2cccc(Cl)c2)cc1,0.232233521,train,random,2,,,,
N#Cc1ccc(COc2cccc(C3CCN(Cc4nc5ccc(C(=O)O)cc5n4C[C@@H]4CCO4)CC3)n2)c(F)c1,0.312177356,train,random,2,,,,
O=C(Nc1cccc2c(=O)cc(-c3nnn[nH]3)oc12)c1ccc(OCCCCc2ccccc2)cc1,0.77224834,train,random,2,,,,
CC(=O)Nc1ncc(C(=O)O)s1,1.854123782,train,random,2,,,,
Cc1cccc(-c2nc(C34CCC(C(N)=O)(CC3)CC4)[nH]c2-c2ccc3c(c2)OCO3)n1,0.21031852,train,random,2,,,,
CC(C)[C@@](C)(O)[C@@H]1CN(c2nc(-c3n[nH]c4ncccc34)c(F)cc2Cl)CCN1,0.622421274,train,random,2,,,,
CC(C)NC(=O)COc1cccc(-c2nc(Nc3ccc4[nH]ncc4c3)c3ccccc3n2)c1,-0.504455662,test,random,2,0.7391486352900002,0.27692032872999983,0.63201177128,0.26597960310999985
Cn1cc(Nc2nccc(N3CC4CCC(C3)N4C(=O)[C@@H]3CC3(F)F)n2)cn1,1.786412441,test,random,2,1.4050232496900004,0.8796728061300004,1.1621022829500003,1.1902772421200005
C=CC(=O)N1CCC(CNc2ncnc(N)c2-c2ccc(Oc3ccccc3)cc2)CC1,0.901294817,test,random,2,0.3325032200800003,0.26393630959000003,0.27030649768,0.08428353621
O=C(Nc1cccnc1)c1ccnc(NC(=O)C2CC2)c1,1.615287063,test,random,2,0.7168021991500002,1.1900697798599997,1.3730277419,1.5641390903300008
O=C(c1ccc(Oc2ccccc2)cc1Cl)c1c[nH]c2ncnc(N[C@@H]3CC[C@@H](CO)OC3)c12,-0.295849483,test,random,2,0.8762297777500003,0.5561128373799997,0.5242058234699999,0.4653583224799999
CC(C)(C)c1ccc(-c2nc3n(c(=O)c2C#N)CCS3)cc1,0.455758203,test,random,2,0.9530394007800004,1.0448616337,0.6486432364699994,0.82692411002
C=CC(=O)Nc1cccc(Oc2nc(Nc3ccc(N4CCN(C)CC4)cc3)nc3ccsc23)c1,-0.308918508,test,random,2,0.40494174414,0.1306351753499999,0.31408624853,-0.002091360420000004
CC#CC(=O)N1CC[C@@H](n2cc(-c3ccc(Oc4c(F)cccc4F)cc3)c3c(N)n[nH]c(=O)c32)C1,-0.029188389,test,random,2,0.5406987306499998,0.27388149346999996,0.27445336419,0.2793925428499999
CN(C)C(=O)C1(Cc2ccccc2-c2ccccc2)CCN(C(=O)C2CCCO2)CC1,1.265713811,test,random,2,0.5899576343399999,0.29115623971000004,0.8120842789799997,0.8432117262999995
CC(=O)Nc1ccc(C(=O)N2CCCCC2c2nc(N)ncc2-c2ccc(Cl)cc2)cc1,0.549861188,test,random,2,1.0558650195499997,0.5127850590400006,0.6529952058899999,0.42017406652000056
O=C1CN(c2ccc(Nc3nccc(C(F)(F)F)n3)cn2)CCN1,1.433497815,test,random,2,1.3539816346800007,1.2421407141500003,1.2120565049700005,1.6145034940000005
C[C@H]1CN(C(=O)CC(c2ccccc2)c2ccccc2)C[C@@H](C)O1,0.718335579,test,random,2,1.2976107569700006,1.0993503640400002,0.6759398154699996,1.01394530515
c1ccc(Oc2cccc(CN(CCN3CCOCC3)Cc3cccnc3)c2)cc1,0.142389466,test,random,2,0.6450986031799998,0.61343582763,0.9993159971100001,0.5549781255299999
O=C(Nc1ccc2ccccc2n1)c1ccc(N2CCOC2=O)cc1,0.069298012,test,random,2,1.06356146521,1.0519779448000004,0.6842874139,0.5863825558599998
C=CC(=O)Nc1cccc(Oc2nc(Nc3ccc(N4CCN(C)CC4)cc3)nc3ccoc23)c1,-0.208309351,test,random,2,0.3382169532800001,0.14666993610999998,0.15735326064,0.16334673980000003
NCCN1CCN(C/C=C/C(=O)N2CCC[C@@H](n3nc(-c4ccc(Oc5ccccc5)cc4)c4c(N)ncnc43)C2)CC1,0.686814955,test,random,2,0.08378449540999998,0.23181489527,0.1673946341399998,-0.019180978510000012
COc1ccc(CCCN2CCN(c3cnn(C)c3)C(=O)C2)cc1F,1.308414999,test,random,2,0.7499711380300002,1.3387765001500005,0.8015162529600004,1.6199926066999988
COCCc1noc(CN2CC(c3ccccc3)(c3ccccc3)CCC2=O)n1,1.25166255,test,random,2,1.10833953105,0.7450996688899997,0.8870377272800001,0.8630367524399997
CN1C(N)=N[C@](C)(c2cc(NC(=O)c3ccc(F)cn3)ccc2F)CS1(=O)=O,1.491417728,test,random,2,0.7071128807299999,0.7360094948499998,0.6644806386599997,0.9698099507300002
CCCCNC(=O)NS(=O)(=O)c1ccc(C)cc1,0.440121603,test,random,2,1.0052802695400012,0.9049981573100004,0.40513015547,1.227483320010001
Cc1cccnc1Nc1cccc(C2CCCN(CC(=O)Nc3nccs3)C2)n1,0.637289548,test,random,2,1.08947248286,0.4434929923899996,0.74273779958,0.59385151461
CN1CCN(S(=O)(=O)c2ccc(-c3cnc(N)c(C(=O)Nc4cccnc4)n3)cc2)CC1,0.915558115,test,random,2,0.9553931917999995,0.4475839878499998,0.9010965347200001,0.7963705204500002
Cc1cc(C)c2c(N)c(C(=O)NCc3ccc(Cl)cc3)sc2n1,-0.185752404,test,random,2,0.40278135787,0.7258777481899997,0.65989204643,0.2249282639500001
N#Cc1cc(F)c(NS(=O)(=O)c2c[nH]c3cc(Cl)ccc23)cc1F,-0.251811973,test,random,2,0.5406350690199998,0.67557483238,1.0796755443200003,0.7632156098500004
CC(C(=O)O)c1cccc(C(=O)c2ccccc2)c1,0.047274867,test,random,2,0.8732511095300007,1.3921161290200001,0.9780339987200004,0.856636494
COc1cc2c(cc1OC)CN(CCc1ccc(NC(=O)c3cccc4c(O)c5cccc(OC)c5nc34)cc1)CC2,-1.292429824,test,random,2,0.8198028226400003,0.2875544812399999,0.4599426064000001,0.08047731366000002
C=CCc1ccccc1OCC(O)CNC(C)C,1.496029699,test,random,2,1.2844195456399996,1.2729050332899998,1.00511568821,1.6604786010299992
CCCc1nc2nc(C)c(NS(=O)(=O)c3ccc(C4CCCCC4)cc3)c(O)n2n1,-0.137272472,test,random,2,1.0488199133700005,0.38894326467000007,0.65846944869,0.47775613359999997
NC(=O)C1(Cc2ccc(-c3ccncc3)cc2)CCN(C(=O)Cc2cccc(F)c2)CC1,1.058463986,test,random,2,0.8469559109100004,0.4664121555900001,0.6972095804899999,0.60450923028
CCn1c(=O)oc2cc(NC(=O)c3ccc(C(C)(C)C)cc3)ccc21,0.180412633,test,random,2,0.9131386508800001,0.7690533936500001,0.5190603869099999,0.5135605054299999
CC(C)[C@H](CO)Nc1nc(Nc2cc(N)cc(Cl)c2)c2ncn(C(C)C)c2n1,-0.099086932,test,random,2,0.9039366158700006,0.5470749470699998,0.8377359098000001,0.25807487033
O=C(NC1CCNCC1)c1ccc2cn[nH]c2c1,1.70808081,test,random,2,1.60741724425,1.694958855269999,1.41398916185,1.8614592564599979
CC(C)(C)OC(=O)N1CCCC1C(=O)N1CCC(C(=O)N[C@@H](Cc2c[nH]c3ccccc23)C(=O)O)CC1,1.842553077,test,random,2,1.2202571979800003,0.48352109698000006,1.1470650856300002,-0.05207070398999998
COc1cc2nc(-c3cc(F)ccc3O)nc(N[C@@H]3CNC[C@H]3C(C)(C)O)c2cc1OC.Cl,-0.823908741,test,random,2,0.9617703509200004,0.41991454394999983,0.46606421332,0.5684530344399997
CNc1cc(Nc2cccn(-c3ccccn3)c2=O)nn2c(C(=O)N[C@@H]3C[C@@H]3F)cnc12,0.51851394,train,random,3,,,,
CCOc1cc2nn(CCC(C)(C)O)cc2cc1NC(=O)c1cccc(C(F)F)n1,0.268343914,train,random,3,,,,
CC(C)(Oc1ccc(-c2cnc(N)c(-c3ccc(Cl)cc3)c2)cc1)C(=O)O,-1.403402904,train,random,3,,,,
CC(C)(O)CCn1cc2cc(NC(=O)c3cccc(C(F)(F)F)n3)c(C(C)(C)O)cc2n1,1.092264361,train,random,3,,,,
CC#CC(=O)N[C@H]1CCCN(c2c(F)cc(C(N)=O)c3[nH]c(C)c(C)c23)C1,-0.639532816,train,random,3,,,,
CC(C)NCC(O)COc1cccc2ccccc12,1.347759218,train,random,3,,,,
COc1ccc(Cl)cc1C(=O)NCCc1ccc(S(=O)(=O)NC(=O)NC2CCCCC2)cc1,-0.943095149,train,random,3,,,,
C=CC(=O)N1CCC[C@@H](n2nc(-c3ccc(Oc4ccccc4)cc3)c3c(N)ncnc32)C1,-0.35853,train,random,3,,,,
CC(C)NC(=O)COc1cccc(-c2nc(Nc3ccc4[nH]ncc4c3)c3ccccc3n2)c1,-0.504455662,train,random,3,,,,
CCS(=O)(=O)N1CC(CC#N)(n2cc(-c3ncnc4[nH]ccc34)cn2)C1,2.0,train,random,3,,,,
COc1ccc(S(=O)(=O)N2CCC(N3CCC(C)CC3)CC2)cc1,1.626076768,train,random,3,,,,
CCn1c(-c2nonc2N)nc2cnc(Oc3cccc(NC(=O)c4ccc(OCCN5CCOCC5)cc4)c3)cc21,-0.325138859,train,random,3,,,,
CC1(C)CC[C@]2(NC(=O)C(C)(F)F)CC[C@]3(C)[C@H](C(=O)C=C4[C@@]3(C)CC[C@H]3C(C)(C)C(=O)C(C#N)=C[C@]43C)[C@@H]2C1,-0.055517328,train,random,3,,,,
Cc1c[nH]c2nccc(Oc3c(F)cc(Nc4cc(Cl)nc(N)n4)cc3F)c12,-0.68613278,train,random,3,,,,
COc1cc2c(cc1OC)CC(=O)N(CCCN(C)C[C@H]1Cc3cc(OC)c(OC)cc31)CC2,1.615139594,train,random,3,,,,
N#Cc1ccc2[nH]c(O)c(-c3ccc(CN4CCOCC4)cn3)c2c1,1.072507236,train,random,3,,,,
CCCc1cc(N2CCc3c(nc(C4CC4)n3C)C2)n2ncnc2n1,1.388207807,train,random,3,,,,
Fc1ccc(-c2ccc3c(c2)[nH]c2ccncc23)cn1,0.640978057,train,random,3,,,,
Nc1c(F)ccc2cnc(-n3ccc4ccncc43)cc12,0.631443769,train,random,3,,,,
C=CC(=O)N1C[C@H](Nc2ncnc3[nH]ccc23)CC[C@@H]1C,1.74597993,train,random,3,,,,
Cn1cc(Nc2nccc(N3CC4CCC(C3)N4C(=O)[C@@H]3CC3(F)F)n2)cn1,1.786412441,train,random,3,,,,
[2H]C([2H])([2H])NC(=O)c1nnc(NC(=O)C2CC2)cc1Nc1cccc(-c2ncn(C)n2)c1OC,1.236577565,train,random,3,,,,
C=CC(=O)N1CCC(CNc2ncnc(N)c2-c2ccc(Oc3ccccc3)cc2)CC1,0.901294817,train,random,3,,,,
Nc1n[nH]cc1-c1cc(Cl)ccc1Oc1cc(F)c(S(=O)(=O)Nc2cscn2)cc1Cl,-0.08249449,train,random,3,,,,
Cc1c(-c2c(F)cc(C(N)=O)c3[nH]c4c(c23)CC[C@H](C(C)(C)O)C4)cccc1-n1c(=O)c2cccc(F)c2n(C)c1=O,0.326540669,train,random,3,,,,
Cn1cc(-c2cn3nccc3c(-c3cnn([C@]4(CC#N)C[C@@H](C#N)C4)c3)n2)cn1,1.364100521,train,random,3,,,,
O=C(Nc1cccnc1)c1ccnc(NC(=O)C2CC2)c1,1.615287063,train,random,3,,,,
O=C(c1ccc(Oc2ccccc2)cc1Cl)c1c[nH]c2ncnc(N[C@@H]3CC[C@@H](CO)OC3)c12,-0.295849483,train,random,3,,,,
CC(C)(C)c1ccc(-c2nc3n(c(=O)c2C#N)CCS3)cc1,0.455758203,train,random,3,,,,
C=CC(=O)Nc1cccc(Oc2nc(Nc3ccc(N4CCN(C)CC4)cc3)nc3ccsc23)c1,-0.308918508,train,random,3,,,,
CC#CC(=O)N1CC[C@@H](n2c(=O)n(-c3ccc(Oc4ccccc4)cc3)c3c(N)ncnc32)C1,0.669595781,train,random,3,,,,
C=CC(=O)N1CCC([C@@H]2CCNc3c(C(N)=O)c(-c4ccc(Oc5ccccc5)cc4)nn32)CC1,0.231979027,train,random,3,,,,
C=CC(=O)N1CCC[C@H](n2c(=O)n(-c3ccc(Oc4ccccc4)cc3)c3c(N)ncnc32)C1,0.276231958,train,random,3,,,,
CC(C)(C=C(C#N)C(=O)N1CCC[C@@H](n2nc(-c3ccc(Oc4ccccc4)cc3F)c3c(N)ncnc32)C1)N1CCN(C2COC2)CC1,0.123198075,train,random,3,,,,
CC#CC(=O)N1CC[C@@H](n2cc(-c3ccc(Oc4c(F)cccc4F)cc3)c3c(N)n[nH]c(=O)c32)C1,-0.029188389,train,random,3,,,,
C=CC(=O)Nc1cccc(Oc2nc(Nc3ccc(N4CCN(C)CC4)c(F)c3)nc3[nH]ccc23)c1,-0.139063379,train,random,3,,,,
C[C@@H]1c2nnn(-c3ncc(F)cn3)c2CCN1C(=O)c1cccc(C(F)(F)F)c1Cl,1.240049772,train,random,3,,,,
COc1ccccc1-c1cc(NC(=O)c2cccc(N3CCNC3=O)c2)[nH]n1,-0.742321425,train,random,3,,,,
Cc1nccc(-c2cn(Cc3ccccc3)c3cnccc23)n1,1.207445854,train,random,3,,,,
CCc1nc(C)cn2nc(-c3cc(=O)n4cc(C5CCN(C)CC5)cc(C)c4n3)cc12,0.593618308,train,random,3,,,,
Cc1nnc(CN(C)CC(C)Oc2ccc(Cl)c(Cl)c2)n1C,1.114444172,train,random,3,,,,
COc1nn(C)cc1C(=O)Nc1cccc(-c2cnc3n2CCC3)c1,0.685562611,train,random,3,,,,
COc1cc(F)ccc1-c1ncnc(Nc2cccc(C[S@@](C)(=N)=O)c2)n1,1.574609941,train,random,3,,,,
Cc1ncc(CN2CC[C@@H](Nc3cncc(Cl)n3)[C@@H](C)C2)s1,1.264227348,train,random,3,,,,
C[C@@H]1CCN(C(=O)CC#N)C[C@@H]1N(C)c1ncnc2[nH]ccc12,1.747124255,train,random,3,,,,
CN(C)C(=O)C1(Cc2ccccc2-c2ccccc2)CCN(C(=O)C2CCCO2)CC1,1.265713811,train,random,3,,,,
CC(=O)Nc1ccc(C(=O)N2CCCCC2c2nc(N)ncc2-c2ccc(Cl)cc2)cc1,0.549861188,train,random,3,,,,
CC(=O)Nc1ccc(C(=O)N2CCCCC2c2nc(N)ncc2-c2cccc(Cl)c2)cc1,0.584331224,train,random,3,,,,
O=C1CN(c2ccc(Nc3nccc(C(F)(F)F)n3)cn2)CCN1,1.433497815,train,random,3,,,,
Cc1cc(F)ccc1C1C(=O)NCCN1C(=O)c1ccc2nccn2c1,1.950724994,train,random,3,,,,
C[C@H]1CN(C(=O)CC(c2ccccc2)c2ccccc2)C[C@@H](C)O1,0.718335579,train,random,3,,,,
OC[C@H](Nc1cncc(-c2ccc3[nH]ncc3n2)c1)c1ccccc1,1.024690862,train,random,3,,,,
OCC1CCCCN1Cc1ccc(Cl)c(Cl)c1,1.484982782,train,random,3,,,,
CC(=O)N1CCN(c2nc(C(F)(F)F)nc3sc(C)c(C)c23)CC1,0.624282096,train,random,3,,,,
c1ccc(Oc2cccc(CN(CCN3CCOCC3)Cc3cccnc3)c2)cc1,0.142389466,train,random,3,,,,
COc1ccc([C@H]2CN(C(C)=O)[C@@H]3CCCN(Cc4cccc(F)c4)[C@H]23)cc1,0.594060901,train,random,3,,,,
Cc1c(C(=O)NCCCN(C)C)sc2ncnc(Nc3ccc(F)cc3OC(C)C)c12,0.966376423,train,random,3,,,,
OCC1CCCCN1Cc1ccc(-c2ccccc2)cc1,1.394924244,train,random,3,,,,
Nc1ncc(C(=O)NC2CN(C(=O)C3CC3)C2)c2ccc(-c3cccc(F)c3)nc12,0.38219721,train,random,3,,,,
CC1(C)CC(Oc2ccc(-c3ccc(-c4cn[nH]c4)cc3O)nn2)CC(C)(C)N1,1.241969612,train,random,3,,,,
Cc1nnc(-c2ccc3occ(-c4ccc(S(C)=O)cc4)c3c2)o1,1.077985291,train,random,3,,,,
Cc1ncsc1C(=O)N1CCCCC1c1nc(N)ncc1-c1cccc(C(F)(F)F)c1,0.86254877,train,random,3,,,,
O=C(Nc1ccc2ccccc2n1)c1ccc(N2CCOC2=O)cc1,0.069298012,train,random,3,,,,
O=S(=O)(c1cccc2cnccc12)N1CCCNCC1,1.844321821,train,random,3,,,,
C=CC(=O)Nc1cccc(Oc2nc(Nc3ccc(N4CCN(C)CC4)cc3)nc3ccoc23)c1,-0.208309351,train,random,3,,,,
O=C(Nc1nc2cccc(-c3ccc(CN4CCS(=O)(=O)CC4)cc3)n2n1)C1CC1,1.601853652,train,random,3,,,,
CCn1c(CO)nn(-c2cc(O[C@@H](C)C(F)(F)F)c(C(=O)Nc3c(F)cccc3Cl)cc2F)c1=O,0.876910311,train,random,3,,,,
NCCN1CCN(C/C=C/C(=O)N2CCC[C@@H](n3nc(-c4ccc(Oc5ccccc5)cc4)c4c(N)ncnc43)C2)CC1,0.686814955,train,random,3,,,,
Cn1c(C2CC2)nc2c1CCN(c1ncnc3ccsc13)C2,1.192985379,train,random,3,,,,
CC/C(=C(\c1ccccc1)c1ccc(OCCN(C)C)cc1)c1ccccc1,-0.341988603,train,random,3,,,,
CNC(=O)C1(Cc2ccc(-c3ccncc3)cc2)CCN(Cc2cccc(F)c2)C1,0.715167358,train,random,3,,,,
Cc1ncc(CN2CCC(Nc3ccc4nnnn4n3)C(C)C2)s1,1.579154557,train,random,3,,,,
Cc1nc(Nc2nccs2)cc(C2CN(c3ncccn3)C2)n1,0.374565061,train,random,3,,,,
COc1ccc(Nc2c(C#N)cnc3cc(OC)c(OC)cc23)cc1Cl,0.115943177,train,random,3,,,,
COc1ccc(CCCN2CCN(c3cnn(C)c3)C(=O)C2)cc1F,1.308414999,train,random,3,,,,
Cc1noc(C(C)C)c1C(=O)N1CC(C)OC(c2ccccc2)C1,1.111934276,train,random,3,,,,
CN(Cc1ccccc1)C1(C(=O)N2CCNC(=O)CC2)Cc2ccccc2C1,0.912806393,train,random,3,,,,
CCC1=C(C)CN(C(=O)NCCc2ccc(S(=O)(=O)NC(=O)N[C@H]3CC[C@H](C)CC3)cc2)C1=O,-1.638272164,train,random,3,,,,
O=S(=O)(c1cccc2c(O)nccc12)N1CCCNCC1,1.990813743,train,random,3,,,,
Cc1ccc(NC(=O)CN2[C@H]3CCCC(=O)N[C@@]3(C)C[C@H]2Cc2ccccc2)cc1F,0.360971884,train,random,3,,,,
CN(C)C(=O)C1(Cc2ccccc2-c2cccc(F)c2)CCN(C(=O)C2CC=CCC2)CC1,0.142702246,train,random,3,,,,
COCC(=O)N1CCC(Cc2ccccc2-c2cccc(F)c2)(C(=O)NC(C)C)CC1,1.076967952,train,random,3,,,,
COc1ccc(CNC(=O)c2sc3nc(C)cc(C)c3c2N)cc1,-0.18243463,train,random,3,,,,
C#C[C@@](C)(CC)NC(=O)c1cc(F)cnc1NC1CC(F)(F)C1,0.850278553,train,random,3,,,,
Cn1cc(Nc2nc(N)nc(-c3cccc(-n4ccc5cc(C6CC6)cc(F)c5c4=O)c3CO)n2)cn1,0.581038949,train,random,3,,,,
Cc1cnc(C(=O)NCCc2ccc(S(=O)(=O)NC(=O)NC3CCCCC3)cc2)cn1,-0.204119983,train,random,3,,,,
CNC(=O)C1(Cc2ccc(-c3cccnc3)cc2)CCN(Cc2cccc(F)c2)C1,0.531095547,train,random,3,,,,
CC(=O)Nc1ncc(CN2CCCC[C@@H]2C)s1,1.923109252,train,random,3,,,,
O=C1CCCC[C@@H]2[C@H](C[C@@H](Cc3ccccc3F)N2C(=O)c2cccc3ncccc23)N1,1.348966512,train,random,3,,,,
CCOc1cc(CC(=O)N[C@@H](CC(C)C)c2ccccc2N2CCCCC2)ccc1C(=O)O,-0.063486258,train,random,3,,,,
CC(O)(C#Cc1ccc2c(c1)N(c1nc(N)ncc1Cl)CC2)c1nccs1,0.275311355,train,random,3,,,,
COCCc1noc(CN2CC(c3ccccc3)(c3ccccc3)CCC2=O)n1,1.25166255,train,random,3,,,,
Cc1[nH]nc2c1C1(CCCCC1)CC(=O)N2,1.284633733,train,random,3,,,,
Nc1ncnc2c1c(-c1cnc3[nH]ccc3c1)nn2C1CCCC1,0.780605306,train,random,3,,,,
O=C(Nc1cnccc1-c1ccc(Cl)cc1)c1ccnc(NC(=O)C2CC2)c1,0.847634344,train,random,3,,,,
CN1C(N)=N[C@](C)(c2cc(NC(=O)c3ccc(F)cn3)ccc2F)CS1(=O)=O,1.491417728,train,random,3,,,,
CC1CN(C(=O)c2cccnc2N2CCOCC2)CC(c2ccccc2)O1,1.555686814,train,random,3,,,,
CCCCNC(=O)NS(=O)(=O)c1ccc(C)cc1,0.440121603,train,random,3,,,,
Cc1cc(Nc2cnccn2)cc(C2CCCN(CC(=O)N3CCCC3)C2)n1,1.632416797,train,random,3,,,,
Cc1cccnc1Nc1cccc(C2CCCN(CC(=O)Nc3nccs3)C2)n1,0.637289548,train,random,3,,,,
CN1CCN(S(=O)(=O)c2ccc(-c3cnc(N)c(C(=O)Nc4cccnc4)n3)cc2)CC1,0.915558115,train,random,3,,,,
CNC(=O)C1(Cc2ccc(-c3cccnc3)cc2)CCN(Cc2ccccc2Cl)C1,0.273695588,train,random,3,,,,
CCCNC(=O)NS(=O)(=O)c1ccc(Cl)cc1,0.628286731,train,random,3,,,,
O=C(CN1CCCC(c2cccc(Cc3cccc(F)c3)n2)C1)N1CCCC1,0.953856298,train,random,3,,,,
COc1cc2ncnc(Nc3cccc(O)c3)c2cc1OC,0.650307523,train,random,3,,,,
Cc1cc(C)c2c(N)c(C(=O)NCc3ccc(Cl)cc3)sc2n1,-0.185752404,train,random,3,,,,
COCCNC(=O)c1ccnc(C2CCNCC2)c1,2.0,train,random,3,,,,
COc1nc2sc(C(=O)NC3CC3)c(N)c2c(C)c1Cl,0.452093249,train,random,3,,,,
CC1(CNC(=O)c2cncc(C3CCNCC3)n2)CCCO1,1.960042456,train,random,3,,,,
O=C1NCCSc2c1sc1ccc(O)cc21,1.164679941,train,random,3,,,,
CCn1cc(C(=O)O)c(=O)c2c(N)c(F)c(NC3CCCCC3)cc21,0.426673888,train,random,3,,,,
COc1cc2nc(N3CCN(C(=O)c4ccco4)CC3)nc(N)c2cc1OC,1.371880249,train,random,3,,,,
CC(CCc1ccccc1)NCC(O)c1ccc(O)c(C(N)=O)c1,1.65850745,train,random,3,,,,
CC1(C)Cc2cc(NC(=O)c3cnn4cccnc34)c(OCC3CC3)nc2O1,0.38219721,train,random,3,,,,
N#Cc1cc(F)c(NS(=O)(=O)c2c[nH]c3cc(Cl)ccc23)cc1F,-0.251811973,train,random,3,,,,
COc1cc(Cc2cnc(N)nc2N)cc(OC)c1OC,1.855513099,train,random,3,,,,
CC(C(=O)O)c1cccc(C(=O)c2ccccc2)c1,0.047274867,train,random,3,,,,
COc1cc2c(cc1OC)CN(CCc1ccc(NC(=O)c3cccc4c(O)c5cccc(OC)c5nc34)cc1)CC2,-1.292429824,train,random,3,,,,
C=CCc1ccccc1OCC(O)CNC(C)C,1.496029699,train,random,3,,,,
CCCc1nc2nc(C)c(NS(=O)(=O)c3ccc(C4CCCCC4)cc3)c(O)n2n1,-0.137272472,train,random,3,,,,
COc1ccc([C@H]2c3[nH]c4ccc(Cl)cc4c3CCN2C(=O)Oc2ccc(Cl)cc2)cc1,1.754608223,train,random,3,,,,
NC(=O)C1(Cc2ccc(-c3ccncc3)cc2)CCN(C(=O)Cc2cccc(F)c2)CC1,1.058463986,train,random,3,,,,
CC(=O)Nc1ccc(O)cc1,1.916985305,train,random,3,,,,
O=C(NC1CCNCC1)c1ccc2[nH]ncc2c1,1.92695435,train,random,3,,,,
Cc1cccc(/C=N/Nc2cc(N3CCOCC3)nc(OCCc3ccccn3)n2)c1,-0.27572413,train,random,3,,,,
CCn1c(=O)oc2cc(NC(=O)c3ccc(C(C)(C)C)cc3)ccc21,0.180412633,train,random,3,,,,
COc1ccc(OC[C@@H]2c3cc(OC)c(OC)cc3CCN2C(=O)c2cccc(Cl)c2)cc1,0.232233521,train,random,3,,,,
N#Cc1ccc(COc2cccc(C3CCN(Cc4nc5ccc(C(=O)O)cc5n4C[C@@H]4CCO4)CC3)n2)c(F)c1,0.312177356,train,random,3,,,,
CC(C)[C@H](CO)Nc1nc(Nc2cc(N)cc(Cl)c2)c2ncn(C(C)C)c2n1,-0.099086932,train,random,3,,,,
O=C(NC1CCNCC1)c1ccc2cn[nH]c2c1,1.70808081,train,random,3,,,,
CC(C)(C)OC(=O)N1CCCC1C(=O)N1CCC(C(=O)N[C@@H](Cc2c[nH]c3ccccc23)C(=O)O)CC1,1.842553077,train,random,3,,,,
CC(=O)Nc1ncc(C(=O)O)s1,1.854123782,train,random,3,,,,
Cc1cccc(-c2nc(C34CCC(C(N)=O)(CC3)CC4)[nH]c2-c2ccc3c(c2)OCO3)n1,0.21031852,train,random,3,,,,
COc1cc2nc(-c3cc(F)ccc3O)nc(N[C@@H]3CNC[C@H]3C(C)(C)O)c2cc1OC.Cl,-0.823908741,train,random,3,,,,
CC(C)[C@@](C)(O)[C@@H]1CN(c2nc(-c3n[nH]c4ncccc34)c(F)cc2Cl)CCN1,0.622421274,train,random,3,,,,
CN(c1ncc(F)cn1)[C@H]1CCCNC1,2.0,test,random,3,1.1799092229700008,1.29182997535,1.06274081648,1.6612916576099988
N#CC[C@H](C1CCCC1)n1cc(-c2ncnc3[nH]ccc23)cn1,1.244598701,test,random,3,1.5561996632900008,1.2935273905900004,1.04181379084,0.9235456800100001
Nc1ncc(-c2cccc(C(F)(F)F)c2)c(C2CCCCN2C(=O)c2ccccc2)n1,0.137354111,test,random,3,0.6296242466599998,0.7858774845599997,0.81212200428,0.8708888511400004
O=C(Nc1cccc(-c2nncn2C2CC2)c1)c1cc(-n2cnc(C3CC3)c2)ccn1,0.611935625,test,random,3,0.8114644667399997,0.7106333862900001,0.9603677780300001,0.6009353978099996
Fc1ccccc1-c1c[nH]nc1C1CCCN1Cc1ccc2ncccc2c1,0.460897843,test,random,3,0.8559989430399999,0.6249301400699998,1.0615308210900007,0.7035958946699999
Cc1c(Cl)ccc2cc3n(c12)[C@@H](C)CNC3=O,0.696793085,test,random,3,0.9123685290300001,1.1812918686200005,0.6378427625599999,1.0010355078300002
Nc1ncnc2c1c(-c1ccc(Oc3ccccc3)cc1)nn2[C@@H]1CCCNC1,0.846275242,test,random,3,0.22613324326999978,0.35022037939000006,0.5331930800999998,0.39408091792999983
Cc1ccc(C(=O)N2CCC(Cc3ccccc3-c3ccccc3)(C(=O)N(C)C)CC2)s1,-0.590066877,test,random,3,1.05176952009,0.53551868877,0.7625418619499997,0.5991530094799998
CCc1nc2c(C)cc(N3CCN(CC(=O)N4CC(O)C4)CC3)cn2c1N(C)c1nc(-c2ccc(F)cc2)c(C#N)s1,-0.434152181,test,random,3,0.6711801629999999,0.40554563571999985,0.4284534959099998,0.3268181071399999
O=C1NCCN(C(=O)c2ccc3nccn3c2)C1c1ccccc1C(F)(F)F,1.801527189,test,random,3,1.34308448973,1.2657644984199998,1.37485018725,1.2793686679900003
O=C1NCCN(C(=O)c2ccncc2)C1c1ccccc1Cl,1.868168158,test,random,3,0.9332717035800002,1.0577076618899994,1.3568706384600007,1.4533445680200006
CN1[C@H]2CC[C@@H]1C[C@@H](OC(c1ccccc1)c1ccccc1)C2,1.180842415,test,random,3,1.1904063335600004,0.6378999346500001,0.7763603871600003,0.8718751529499997
CC(C)(C)C(=O)N1CCC(Cc2ccc(-c3cccs3)cc2)(C(=O)N2CCCC2)CC1,0.008174184,test,random,3,0.8615878684500005,0.9066629129799999,0.8143191927400001,0.6830850789999999
Cc1ncsc1C(=O)N1CCCCC1c1nc(N(C)C)ncc1-c1cccc(Cl)c1,0.021602716,test,random,3,0.7129159974400007,0.6270001564799998,0.8486271388599994,0.76740546226
COc1ccccc1C(=O)Nc1ccc2cc[nH]c2c1,0.571825249,test,random,3,1.1823837846300005,0.7576944783399999,0.3706688112399998,0.6558300252599996
O=C(CCNC(=O)c1ccc(OC(F)(F)F)cc1)N[C@@H]1CCCc2ccccc21,0.630427875,test,random,3,0.45779116005000003,0.59379328176,1.0561269152200006,0.49504927906000007
CCN1CCN(S(=O)(=O)Cc2ccc(Cl)c(Cl)c2)CC1,1.071845201,test,random,3,0.8993197730700005,1.1387731788800008,0.8148548660799997,1.36644156829
CCN(C/C=C\c1ccc(C2CCCCC2)c(Cl)c1)C1CCCCC1,-0.266802735,test,random,3,0.8718151755999999,0.85898951829,0.47326205423000006,0.7639945507499998
COc1nn(C)cc1C(=O)Nc1cccc2cnccc12,1.58945809,test,random,3,0.98411731207,0.86182193094,1.18179942084,1.1929751284999992
Cc1c(F)cccc1NC(=O)CN1[C@H]2CCCC(=O)N[C@@]2(C)C[C@H]1Cc1ccccc1,0.925312092,test,random,3,1.0273811539599997,0.6296083389100001,1.06565068147,0.5244347547100005
CNC(=O)C1(Cc2ccc(-c3cccnc3)cc2)CCN(Cc2ccc(F)cc2)C1,0.918868743,test,random,3,0.7750057648500005,0.55229559033,0.6091794863800002,0.6468388785600002
Cc1oc2ccccc2c1CNc1nnc(-c2ccncc2)o1,-0.172630727,test,random,3,1.1885604327800003,0.7340180853300002,0.7722323500700001,0.68750787889
O=C(Nc1cccc2ncccc12)[C@H]1CCCN(S(=O)(=O)c2ccccc2)C1,1.091666958,test,random,3,1.2288228368900007,0.5938550228599999,1.23122255099,0.7529672259899998
C[C@@H]1Cc2ccccc2N1C(=O)Cn1nc(-c2cccc3ncccc23)oc1=O,0.360404055,test,random,3,0.8040625307500001,0.5754225497900001,0.9576128868800001,0.5732820965800001
CN(C)C(=O)C1(Cc2ccccc2-c2ccccc2)CCN(C(=O)c2cnn(C)c2)CC1,1.146840934,test,random,3,1.0289427502300001,0.7593810648599997,0.8314729142899999,0.9891181130199999
CC1(C)CC(=O)C2=C(C1)NC(=O)CC2c1ccc(Br)cc1,0.944630702,test,random,3,1.28133184892,0.7863080774000001,0.7723515190100001,0.6664777911899997
Cc1cc(N2CCCC2c2cc(CCC(=O)O)cc(C)n2)ncn1,2.0,test,random,3,1.0464392267700007,1.2025328792,1.01314034658,1.1080468603800002
Cc1cc(N2CCCC2)nc(C2CCCN(C)C2)n1,1.861522463,test,random,3,0.9325183603300008,1.245723458080001,0.98682427558,1.5363485024999997
CC(C)CC(NC(=O)C(O)C(N)Cc1ccccc1)C(=O)O,1.54052968,test,random,3,1.1701104752000004,1.0044919019700007,1.3876197242300004,1.3910891842899995
COCCc1ccc(OCC(O)CNC(C)C)cc1,2.0,test,random,3,0.4206099524700002,1.3152841313500003,1.1405366757700002,1.4082008969200002
Nc1nc(=O)c2ncn(COCCO)c2[nH]1,1.850860573,test,random,3,0.9097639392799999,1.2225936748500001,1.0186888709800004,1.57066831807
NCCCC[C@H](N[C@@H](CCc1ccccc1)C(=O)O)C(=O)N1CCC[C@H]1C(=O)O,2.0,test,random,3,0.9305063177699999,0.6826870532799998,0.9943384411300006,1.1346924624800006
O=C(Nc1cccc2c(=O)cc(-c3nnn[nH]3)oc12)c1ccc(OCCCCc2ccccc2)cc1,0.77224834,test,random,3,0.10044581665999998,0.1897333683699999,0.41804035067,-0.10765748029999994
CNc1cc(Nc2cccn(-c3ccccn3)c2=O)nn2c(C(=O)N[C@@H]3C[C@@H]3F)cnc12,0.51851394,train,random,4,,,,
CN(c1ncc(F)cn1)[C@H]1CCCNC1,2.0,train,random,4,,,,
CC(C)(Oc1ccc(-c2cnc(N)c(-c3ccc(Cl)cc3)c2)cc1)C(=O)O,-1.403402904,train,random,4,,,,
CC(C)(O)CCn1cc2cc(NC(=O)c3cccc(C(F)(F)F)n3)c(C(C)(C)O)cc2n1,1.092264361,train,random,4,,,,
CC#CC(=O)N[C@H]1CCCN(c2c(F)cc(C(N)=O)c3[nH]c(C)c(C)c23)C1,-0.639532816,train,random,4,,,,
C=CC(=O)N1CCC[C@@H](n2nc(-c3ccc(Oc4ccccc4)cc3)c3c(N)ncnc32)C1,-0.35853,train,random,4,,,,
CC(C)NC(=O)COc1cccc(-c2nc(Nc3ccc4[nH]ncc4c3)c3ccccc3n2)c1,-0.504455662,train,random,4,,,,
CCS(=O)(=O)N1CC(CC#N)(n2cc(-c3ncnc4[nH]ccc34)cn2)C1,2.0,train,random,4,,,,
COc1ccc(S(=O)(=O)N2CCC(N3CCC(C)CC3)CC2)cc1,1.626076768,train,random,4,,,,
CCn1c(-c2nonc2N)nc2cnc(Oc3cccc(NC(=O)c4ccc(OCCN5CCOCC5)cc4)c3)cc21,-0.325138859,train,random,4,,,,
CC1(C)CC[C@]2(NC(=O)C(C)(F)F)CC[C@]3(C)[C@H](C(=O)C=C4[C@@]3(C)CC[C@H]3C(C)(C)C(=O)C(C#N)=C[C@]43C)[C@@H]2C1,-0.055517328,train,random,4,,,,
COc1cc2c(cc1OC)CC(=O)N(CCCN(C)C[C@H]1Cc3cc(OC)c(OC)cc31)CC2,1.615139594,train,random,4,,,,
Fc1ccc(-c2ccc3c(c2)[nH]c2ccncc23)cn1,0.640978057,train,random,4,,,,
C=CC(=O)N1C[C@H](Nc2ncnc3[nH]ccc23)CC[C@@H]1C,1.74597993,train,random,4,,,,
Cn1cc(Nc2nccc(N3CC4CCC(C3)N4C(=O)[C@@H]3CC3(F)F)n2)cn1,1.786412441,train,random,4,,,,
[2H]C([2H])([2H])NC(=O)c1nnc(NC(=O)C2CC2)cc1Nc1cccc(-c2ncn(C)n2)c1OC,1.236577565,train,random,4,,,,
C=CC(=O)N1CCC(CNc2ncnc(N)c2-c2ccc(Oc3ccccc3)cc2)CC1,0.901294817,train,random,4,,,,
Cc1c(-c2c(F)cc(C(N)=O)c3[nH]c4c(c23)CC[C@H](C(C)(C)O)C4)cccc1-n1c(=O)c2cccc(F)c2n(C)c1=O,0.326540669,train,random,4,,,,
Cn1cc(-c2cn3nccc3c(-c3cnn([C@]4(CC#N)C[C@@H](C#N)C4)c3)n2)cn1,1.364100521,train,random,4,,,,
O=C(Nc1cccnc1)c1ccnc(NC(=O)C2CC2)c1,1.615287063,train,random,4,,,,
O=C(c1ccc(Oc2ccccc2)cc1Cl)c1c[nH]c2ncnc(N[C@@H]3CC[C@@H](CO)OC3)c12,-0.295849483,train,random,4,,,,
N#CC[C@H](C1CCCC1)n1cc(-c2ncnc3[nH]ccc23)cn1,1.244598701,train,random,4,,,,
CC(C)(C)c1ccc(-c2nc3n(c(=O)c2C#N)CCS3)cc1,0.455758203,train,random,4,,,,
C=CC(=O)Nc1cccc(Oc2nc(Nc3ccc(N4CCN(C)CC4)cc3)nc3ccsc23)c1,-0.308918508,train,random,4,,,,
CC(C)(C=C(C#N)C(=O)N1CCC[C@@H](n2nc(-c3ccc(Oc4ccccc4)cc3F)c3c(N)ncnc32)C1)N1CCN(C2COC2)CC1,0.123198075,train,random,4,,,,
CC#CC(=O)N1CC[C@@H](n2cc(-c3ccc(Oc4c(F)cccc4F)cc3)c3c(N)n[nH]c(=O)c32)C1,-0.029188389,train,random,4,,,,
C[C@@H]1c2nnn(-c3ncc(F)cn3)c2CCN1C(=O)c1cccc(C(F)(F)F)c1Cl,1.240049772,train,random,4,,,,
Nc1ncc(-c2cccc(C(F)(F)F)c2)c(C2CCCCN2C(=O)c2ccccc2)n1,0.137354111,train,random,4,,,,
O=C(Nc1cccc(-c2nncn2C2CC2)c1)c1cc(-n2cnc(C3CC3)c2)ccn1,0.611935625,train,random,4,,,,
Fc1ccccc1-c1c[nH]nc1C1CCCN1Cc1ccc2ncccc2c1,0.460897843,train,random,4,,,,
Cc1nccc(-c2cn(Cc3ccccc3)c3cnccc23)n1,1.207445854,train,random,4,,,,
CCc1nc(C)cn2nc(-c3cc(=O)n4cc(C5CCN(C)CC5)cc(C)c4n3)cc12,0.593618308,train,random,4,,,,
Cc1c(Cl)ccc2cc3n(c12)[C@@H](C)CNC3=O,0.696793085,train,random,4,,,,
Nc1ncnc2c1c(-c1ccc(Oc3ccccc3)cc1)nn2[C@@H]1CCCNC1,0.846275242,train,random,4,,,,
Cc1nnc(CN(C)CC(C)Oc2ccc(Cl)c(Cl)c2)n1C,1.114444172,train,random,4,,,,
COc1nn(C)cc1C(=O)Nc1cccc(-c2cnc3n2CCC3)c1,0.685562611,train,random,4,,,,
Cc1ccc(C(=O)N2CCC(Cc3ccccc3-c3ccccc3)(C(=O)N(C)C)CC2)s1,-0.590066877,train,random,4,,,,
CCc1nc2c(C)cc(N3CCN(CC(=O)N4CC(O)C4)CC3)cn2c1N(C)c1nc(-c2ccc(F)cc2)c(C#N)s1,-0.434152181,train,random,4,,,,
C[C@@H]1CCN(C(=O)CC#N)C[C@@H]1N(C)c1ncnc2[nH]ccc12,1.747124255,train,random,4,,,,
CN(C)C(=O)C1(Cc2ccccc2-c2ccccc2)CCN(C(=O)C2CCCO2)CC1,1.265713811,train,random,4,,,,
CC(=O)Nc1ccc(C(=O)N2CCCCC2c2nc(N)ncc2-c2ccc(Cl)cc2)cc1,0.549861188,train,random,4,,,,
CC(=O)Nc1ccc(C(=O)N2CCCCC2c2nc(N)ncc2-c2cccc(Cl)c2)cc1,0.584331224,train,random,4,,,,
O=C1CN(c2ccc(Nc3nccc(C(F)(F)F)n3)cn2)CCN1,1.433497815,train,random,4,,,,
O=C1NCCN(C(=O)c2ccc3nccn3c2)C1c1ccccc1C(F)(F)F,1.801527189,train,random,4,,,,
Cc1cc(F)ccc1C1C(=O)NCCN1C(=O)c1ccc2nccn2c1,1.950724994,train,random,4,,,,
O=C1NCCN(C(=O)c2ccncc2)C1c1ccccc1Cl,1.868168158,train,random,4,,,,
C[C@H]1CN(C(=O)CC(c2ccccc2)c2ccccc2)C[C@@H](C)O1,0.718335579,train,random,4,,,,
CN1[C@H]2CC[C@@H]1C[C@@H](OC(c1ccccc1)c1ccccc1)C2,1.180842415,train,random,4,,,,
CC(C)(C)C(=O)N1CCC(Cc2ccc(-c3cccs3)cc2)(C(=O)N2CCCC2)CC1,0.008174184,train,random,4,,,,
OC[C@H](Nc1cncc(-c2ccc3[nH]ncc3n2)c1)c1ccccc1,1.024690862,train,random,4,,,,
Cc1ncsc1C(=O)N1CCCCC1c1nc(N(C)C)ncc1-c1cccc(Cl)c1,0.021602716,train,random,4,,,,
OCC1CCCCN1Cc1ccc(Cl)c(Cl)c1,1.484982782,train,random,4,,,,
COc1ccccc1C(=O)Nc1ccc2cc[nH]c2c1,0.571825249,train,random,4,,,,
c1ccc(Oc2cccc(CN(CCN3CCOCC3)Cc3cccnc3)c2)cc1,0.142389466,train,random,4,,,,
Cc1c(C(=O)NCCCN(C)C)sc2ncnc(Nc3ccc(F)cc3OC(C)C)c12,0.966376423,train,random,4,,,,
OCC1CCCCN1Cc1ccc(-c2ccccc2)cc1,1.394924244,train,random,4,,,,
Nc1ncc(C(=O)NC2CN(C(=O)C3CC3)C2)c2ccc(-c3cccc(F)c3)nc12,0.38219721,train,random,4,,,,
Cc1nnc(-c2ccc3occ(-c4ccc(S(C)=O)cc4)c3c2)o1,1.077985291,train,random,4,,,,
Cc1ncsc1C(=O)N1CCCCC1c1nc(N)ncc1-c1cccc(C(F)(F)F)c1,0.86254877,train,random,4,,,,
O=C(Nc1ccc2ccccc2n1)c1ccc(N2CCOC2=O)cc1,0.069298012,train,random,4,,,,
O=C(CCNC(=O)c1ccc(OC(F)(F)F)cc1)N[C@@H]1CCCc2ccccc21,0.630427875,train,random,4,,,,
O=S(=O)(c1cccc2cnccc12)N1CCCNCC1,1.844321821,train,random,4,,,,
C=CC(=O)Nc1cccc(Oc2nc(Nc3ccc(N4CCN(C)CC4)cc3)nc3ccoc23)c1,-0.208309351,train,random,4,,,,
CCN1CCN(S(=O)(=O)Cc2ccc(Cl)c(Cl)c2)CC1,1.071845201,train,random,4,,,,
O=C(Nc1nc2cccc(-c3ccc(CN4CCS(=O)(=O)CC4)cc3)n2n1)C1CC1,1.601853652,train,random,4,,,,
CCn1c(CO)nn(-c2cc(O[C@@H](C)C(F)(F)F)c(C(=O)Nc3c(F)cccc3Cl)cc2F)c1=O,0.876910311,train,random,4,,,,
CCN(C/C=C\c1ccc(C2CCCCC2)c(Cl)c1)C1CCCCC1,-0.266802735,train,random,4,,,,
NCCN1CCN(C/C=C/C(=O)N2CCC[C@@H](n3nc(-c4ccc(Oc5ccccc5)cc4)c4c(N)ncnc43)C2)CC1,0.686814955,train,random,4,,,,
CC/C(=C(\c1ccccc1)c1ccc(OCCN(C)C)cc1)c1ccccc1,-0.341988603,train,random,4,,,,
COc1nn(C)cc1C(=O)Nc1cccc2cnccc12,1.58945809,train,random,4,,,,
CNC(=O)C1(Cc2ccc(-c3ccncc3)cc2)CCN(Cc2cccc(F)c2)C1,0.715167358,train,random,4,,,,
Cc1nc(Nc2nccs2)cc(C2CN(c3ncccn3)C2)n1,0.374565061,train,random,4,,,,
COc1ccc(CCCN2CCN(c3cnn(C)c3)C(=O)C2)cc1F,1.308414999,train,random,4,,,,
Cc1noc(C(C)C)c1C(=O)N1CC(C)OC(c2ccccc2)C1,1.111934276,train,random,4,,,,
CN(Cc1ccccc1)C1(C(=O)N2CCNC(=O)CC2)Cc2ccccc2C1,0.912806393,train,random,4,,,,
Cc1c(F)cccc1NC(=O)CN1[C@H]2CCCC(=O)N[C@@]2(C)C[C@H]1Cc1ccccc1,0.925312092,train,random,4,,,,
CCC1=C(C)CN(C(=O)NCCc2ccc(S(=O)(=O)NC(=O)N[C@H]3CC[C@H](C)CC3)cc2)C1=O,-1.638272164,train,random,4,,,,
O=S(=O)(c1cccc2c(O)nccc12)N1CCCNCC1,1.990813743,train,random,4,,,,
Cc1ccc(NC(=O)CN2[C@H]3CCCC(=O)N[C@@]3(C)C[C@H]2Cc2ccccc2)cc1F,0.360971884,train,random,4,,,,
CN(C)C(=O)C1(Cc2ccccc2-c2cccc(F)c2)CCN(C(=O)C2CC=CCC2)CC1,0.142702246,train,random,4,,,,
COCC(=O)N1CCC(Cc2ccccc2-c2cccc(F)c2)(C(=O)NC(C)C)CC1,1.076967952,train,random,4,,,,
COc1ccc(CNC(=O)c2sc3nc(C)cc(C)c3c2N)cc1,-0.18243463,train,random,4,,,,
C#C[C@@](C)(CC)NC(=O)c1cc(F)cnc1NC1CC(F)(F)C1,0.850278553,train,random,4,,,,
Cn1cc(Nc2nc(N)nc(-c3cccc(-n4ccc5cc(C6CC6)cc(F)c5c4=O)c3CO)n2)cn1,0.581038949,train,random,4,,,,
CNC(=O)C1(Cc2ccc(-c3cccnc3)cc2)CCN(Cc2ccc(F)cc2)C1,0.918868743,train,random,4,,,,
CNC(=O)C1(Cc2ccc(-c3cccnc3)cc2)CCN(Cc2cccc(F)c2)C1,0.531095547,train,random,4,,,,
CC(=O)Nc1ncc(CN2CCCC[C@@H]2C)s1,1.923109252,train,random,4,,,,
O=C1CCCC[C@@H]2[C@H](C[C@@H](Cc3ccccc3F)N2C(=O)c2cccc3ncccc23)N1,1.348966512,train,random,4,,,,
CCOc1cc(CC(=O)N[C@@H](CC(C)C)c2ccccc2N2CCCCC2)ccc1C(=O)O,-0.063486258,train,random,4,,,,
CC(O)(C#Cc1ccc2c(c1)N(c1nc(N)ncc1Cl)CC2)c1nccs1,0.275311355,train,random,4,,,,
COCCc1noc(CN2CC(c3ccccc3)(c3ccccc3)CCC2=O)n1,1.25166255,train,random,4,,,,
Cc1[nH]nc2c1C1(CCCCC1)CC(=O)N2,1.284633733,train,random,4,,,,
Cc1oc2ccccc2c1CNc1nnc(-c2ccncc2)o1,-0.172630727,train,random,4,,,,
O=C(Nc1cccc2ncccc12)[C@H]1CCCN(S(=O)(=O)c2ccccc2)C1,1.091666958,train,random,4,,,,
C[C@@H]1Cc2ccccc2N1C(=O)Cn1nc(-c2cccc3ncccc23)oc1=O,0.360404055,train,random,4,,,,
CN1C(N)=N[C@](C)(c2cc(NC(=O)c3ccc(F)cn3)ccc2F)CS1(=O)=O,1.491417728,train,random,4,,,,
CCCCNC(=O)NS(=O)(=O)c1ccc(C)cc1,0.440121603,train,random,4,,,,
Cc1cc(Nc2cnccn2)cc(C2CCCN(CC(=O)N3CCCC3)C2)n1,1.632416797,train,random,4,,,,
Cc1cccnc1Nc1cccc(C2CCCN(CC(=O)Nc3nccs3)C2)n1,0.637289548,train,random,4,,,,
CN(C)C(=O)C1(Cc2ccccc2-c2ccccc2)CCN(C(=O)c2cnn(C)c2)CC1,1.146840934,train,random,4,,,,
CC1(C)CC(=O)C2=C(C1)NC(=O)CC2c1ccc(Br)cc1,0.944630702,train,random,4,,,,
CN1CCN(S(=O)(=O)c2ccc(-c3cnc(N)c(C(=O)Nc4cccnc4)n3)cc2)CC1,0.915558115,train,random,4,,,,
Cc1cc(N2CCCC2c2cc(CCC(=O)O)cc(C)n2)ncn1,2.0,train,random,4,,,,
O=C(CN1CCCC(c2cccc(Cc3cccc(F)c3)n2)C1)N1CCCC1,0.953856298,train,random,4,,,,
Cc1cc(C)c2c(N)c(C(=O)NCc3ccc(Cl)cc3)sc2n1,-0.185752404,train,random,4,,,,
COCCNC(=O)c1ccnc(C2CCNCC2)c1,2.0,train,random,4,,,,
CC1(CNC(=O)c2cncc(C3CCNCC3)n2)CCCO1,1.960042456,train,random,4,,,,
Cc1cc(N2CCCC2)nc(C2CCCN(C)C2)n1,1.861522463,train,random,4,,,,
CCn1cc(C(=O)O)c(=O)c2c(N)c(F)c(NC3CCCCC3)cc21,0.426673888,train,random,4,,,,
COc1cc2nc(N3CCN(C(=O)c4ccco4)CC3)nc(N)c2cc1OC,1.371880249,train,random,4,,,,
N#Cc1cc(F)c(NS(=O)(=O)c2c[nH]c3cc(Cl)ccc23)cc1F,-0.251811973,train,random,4,,,,
CC(C)CC(NC(=O)C(O)C(N)Cc1ccccc1)C(=O)O,1.54052968,train,random,4,,,,
COCCc1ccc(OCC(O)CNC(C)C)cc1,2.0,train,random,4,,,,
COc1cc(Cc2cnc(N)nc2N)cc(OC)c1OC,1.855513099,train,random,4,,,,
CC(C(=O)O)c1cccc(C(=O)c2ccccc2)c1,0.047274867,train,random,4,,,,
COc1cc2c(cc1OC)CN(CCc1ccc(NC(=O)c3cccc4c(O)c5cccc(OC)c5nc34)cc1)CC2,-1.292429824,train,random,4,,,,
C=CCc1ccccc1OCC(O)CNC(C)C,1.496029699,train,random,4,,,,
Nc1nc(=O)c2ncn(COCCO)c2[nH]1,1.850860573,train,random,4,,,,
NCCCC[C@H](N[C@@H](CCc1ccccc1)C(=O)O)C(=O)N1CCC[C@H]1C(=O)O,2.0,train,random,4,,,,
CCCc1nc2nc(C)c(NS(=O)(=O)c3ccc(C4CCCCC4)cc3)c(O)n2n1,-0.137272472,train,random,4,,,,
COc1ccc([C@H]2c3[nH]c4ccc(Cl)cc4c3CCN2C(=O)Oc2ccc(Cl)cc2)cc1,1.754608223,train,random,4,,,,
NC(=O)C1(Cc2ccc(-c3ccncc3)cc2)CCN(C(=O)Cc2cccc(F)c2)CC1,1.058463986,train,random,4,,,,
CC(=O)Nc1ccc(O)cc1,1.916985305,train,random,4,,,,
O=C(NC1CCNCC1)c1ccc2[nH]ncc2c1,1.92695435,train,random,4,,,,
Cc1cccc(/C=N/Nc2cc(N3CCOCC3)nc(OCCc3ccccn3)n2)c1,-0.27572413,train,random,4,,,,
CCn1c(=O)oc2cc(NC(=O)c3ccc(C(C)(C)C)cc3)ccc21,0.180412633,train,random,4,,,,
COc1ccc(OC[C@@H]2c3cc(OC)c(OC)cc3CCN2C(=O)c2cccc(Cl)c2)cc1,0.232233521,train,random,4,,,,
N#Cc1ccc(COc2cccc(C3CCN(Cc4nc5ccc(C(=O)O)cc5n4C[C@@H]4CCO4)CC3)n2)c(F)c1,0.312177356,train,random,4,,,,
CC(C)[C@H](CO)Nc1nc(Nc2cc(N)cc(Cl)c2)c2ncn(C(C)C)c2n1,-0.099086932,train,random,4,,,,
O=C(NC1CCNCC1)c1ccc2cn[nH]c2c1,1.70808081,train,random,4,,,,
CC(C)(C)OC(=O)N1CCCC1C(=O)N1CCC(C(=O)N[C@@H](Cc2c[nH]c3ccccc23)C(=O)O)CC1,1.842553077,train,random,4,,,,
O=C(Nc1cccc2c(=O)cc(-c3nnn[nH]3)oc12)c1ccc(OCCCCc2ccccc2)cc1,0.77224834,train,random,4,,,,
Cc1cccc(-c2nc(C34CCC(C(N)=O)(CC3)CC4)[nH]c2-c2ccc3c(c2)OCO3)n1,0.21031852,train,random,4,,,,
COc1cc2nc(-c3cc(F)ccc3O)nc(N[C@@H]3CNC[C@H]3C(C)(C)O)c2cc1OC.Cl,-0.823908741,train,random,4,,,,
CC(C)[C@@](C)(O)[C@@H]1CN(c2nc(-c3n[nH]c4ncccc34)c(F)cc2Cl)CCN1,0.622421274,train,random,4,,,,
CCOc1cc2nn(CCC(C)(C)O)cc2cc1NC(=O)c1cccc(C(F)F)n1,0.268343914,test,random,4,0.6292646806000001,0.6425980792700001,0.9514226898400006,0.41111824667999985
CC(C)NCC(O)COc1cccc2ccccc12,1.347759218,test,random,4,1.3504319183700002,1.09806775521,1.3725018276900007,1.46837487233
COc1ccc(Cl)cc1C(=O)NCCc1ccc(S(=O)(=O)NC(=O)NC2CCCCC2)cc1,-0.943095149,test,random,4,0.5271396547100003,0.3086976226099999,0.47042393330000004,-0.05402295792000001
Cc1c[nH]c2nccc(Oc3c(F)cc(Nc4cc(Cl)nc(N)n4)cc3F)c12,-0.68613278,test,random,4,0.7736960656900004,0.5330455357799998,0.37363123127000003,0.26862705754000005
N#Cc1ccc2[nH]c(O)c(-c3ccc(CN4CCOCC4)cn3)c2c1,1.072507236,test,random,4,0.7191791181700001,0.8489545277500002,0.79313435503,1.3762583861799995
CCCc1cc(N2CCc3c(nc(C4CC4)n3C)C2)n2ncnc2n1,1.388207807,test,random,4,1.0335753165400006,1.0945745089100003,0.7966956754400001,1.3778066105999998
Nc1c(F)ccc2cnc(-n3ccc4ccncc43)cc12,0.631443769,test,random,4,1.02570497109,0.6443041587499999,0.5705798474199999,0.62378932991
Nc1n[nH]cc1-c1cc(Cl)ccc1Oc1cc(F)c(S(=O)(=O)Nc2cscn2)cc1Cl,-0.08249449,test,random,4,0.38385964101,0.38981463753999995,0.53961465816,0.12646002415999993
CC#CC(=O)N1CC[C@@H](n2c(=O)n(-c3ccc(Oc4ccccc4)cc3)c3c(N)ncnc32)C1,0.669595781,test,random,4,0.5242924612599998,0.26169165165,0.19746853459,0.8640591468500004
C=CC(=O)N1CCC([C@@H]2CCNc3c(C(N)=O)c(-c4ccc(Oc5ccccc5)cc4)nn32)CC1,0.231979027,test,random,4,0.6497422659199994,0.26734141678,0.46672213916000005,0.10985995174999998
C=CC(=O)N1CCC[C@H](n2c(=O)n(-c3ccc(Oc4ccccc4)cc3)c3c(N)ncnc32)C1,0.276231958,test,random,4,0.32768258537999984,0.23642735323,0.11573383209000002,0.010264418919999976
C=CC(=O)Nc1cccc(Oc2nc(Nc3ccc(N4CCN(C)CC4)c(F)c3)nc3[nH]ccc23)c1,-0.139063379,test,random,4,0.46461828119000037,0.07091575806000004,0.30840211223,-0.08929250756999993
COc1ccccc1-c1cc(NC(=O)c2cccc(N3CCNC3=O)c2)[nH]n1,-0.742321425,test,random,4,1.13686344285,0.7516384565800006,0.78643745105,1.0464687351800002
COc1cc(F)ccc1-c1ncnc(Nc2cccc(C[S@@](C)(=N)=O)c2)n1,1.574609941,test,random,4,0.8525134041000001,0.5749126689400001,0.6941196614699997,0.5107587777500001
Cc1ncc(CN2CC[C@@H](Nc3cncc(Cl)n3)[C@@H](C)C2)s1,1.264227348,test,random,4,1.1114632402300006,1.0963339679800002,0.8140420187000003,0.72506905609
CC(=O)N1CCN(c2nc(C(F)(F)F)nc3sc(C)c(C)c23)CC1,0.624282096,test,random,4,0.7999046835199999,1.1123154450500001,0.37200086504000013,0.6266670439199998
COc1ccc([C@H]2CN(C(C)=O)[C@@H]3CCCN(Cc4cccc(F)c4)[C@H]23)cc1,0.594060901,test,random,4,0.7660450462999998,0.8255262311099999,0.5210658033299999,0.8607035283600001
CC1(C)CC(Oc2ccc(-c3ccc(-c4cn[nH]c4)cc3O)nn2)CC(C)(C)N1,1.241969612,test,random,4,0.7332609413600002,0.6356080489800003,0.7486984115099999,0.5172735495399998
Cn1c(C2CC2)nc2c1CCN(c1ncnc3ccsc13)C2,1.192985379,test,random,4,0.9440945250000002,1.1496954311500003,0.5831316771699998,1.1999847113899995
Cc1ncc(CN2CCC(Nc3ccc4nnnn4n3)C(C)C2)s1,1.579154557,test,random,4,1.0549205524200003,1.123340993700001,1.2003868954700008,1.5484188748399992
COc1ccc(Nc2c(C#N)cnc3cc(OC)c(OC)cc23)cc1Cl,0.115943177,test,random,4,0.86250202768,0.53854831436,0.2319900471,0.14337161146000002
Cc1cnc(C(=O)NCCc2ccc(S(=O)(=O)NC(=O)NC3CCCCC3)cc2)cn1,-0.204119983,test,random,4,0.6685488621399999,0.5672777636199999,0.8207310282999997,0.9199680767799997
Nc1ncnc2c1c(-c1cnc3[nH]ccc3c1)nn2C1CCCC1,0.780605306,test,random,4,1.0257980640400002,1.1124351928099998,0.6969814321999998,0.69693116348
O=C(Nc1cnccc1-c1ccc(Cl)cc1)c1ccnc(NC(=O)C2CC2)c1,0.847634344,test,random,4,1.0985625112499995,0.6154926199000001,0.9683968404800004,0.45197821315000014
CC1CN(C(=O)c2cccnc2N2CCOCC2)CC(c2ccccc2)O1,1.555686814,test,random,4,0.7098251287599999,0.8014121936800003,1.25539862288,1.3097694872199996
CNC(=O)C1(Cc2ccc(-c3cccnc3)cc2)CCN(Cc2ccccc2Cl)C1,0.273695588,test,random,4,0.8696720505700003,0.66652590486,0.6748504777300001,0.6866871713199998
CCCNC(=O)NS(=O)(=O)c1ccc(Cl)cc1,0.628286731,test,random,4,0.6311264136800004,0.9140576400899999,0.6000675508400004,0.9184502938899997
COc1cc2ncnc(Nc3cccc(O)c3)c2cc1OC,0.650307523,test,random,4,0.7312099369500002,0.7554686434000001,0.48607771097999986,0.54663602141
COc1nc2sc(C(=O)NC3CC3)c(N)c2c(C)c1Cl,0.452093249,test,random,4,0.9796180680700002,0.8894872155200001,0.33608787612,1.17131517789
O=C1NCCSc2c1sc1ccc(O)cc21,1.164679941,test,random,4,1.0097650792500001,1.5085550258499998,0.5437959586500003,1.2436754734699995
CC(CCc1ccccc1)NCC(O)c1ccc(O)c(C(N)=O)c1,1.65850745,test,random,4,0.8789878474099999,0.80132375628,0.9837633844600004,1.3670303878699996
CC1(C)Cc2cc(NC(=O)c3cnn4cccnc34)c(OCC3CC3)nc2O1,0.38219721,test,random,4,0.7442733964199999,0.9604870197300002,1.1190120380600002,1.12103932661
CC(=O)Nc1ncc(C(=O)O)s1,1.854123782,test,random,4,1.4460834228400001,1.33182502116,1.3395393633400001,1.3669984755699998
CNc1cc(Nc2cccn(-c3ccccn3)c2=O)nn2c(C(=O)N[C@@H]3C[C@@H]3F)cnc12,0.51851394,train,butina,0,,,,
CCOc1cc2nn(CCC(C)(C)O)cc2cc1NC(=O)c1cccc(C(F)F)n1,0.268343914,train,butina,0,,,,
CC(C)(O)CCn1cc2cc(NC(=O)c3cccc(C(F)(F)F)n3)c(C(C)(C)O)cc2n1,1.092264361,train,butina,0,,,,
CC#CC(=O)N[C@H]1CCCN(c2c(F)cc(C(N)=O)c3[nH]c(C)c(C)c23)C1,-0.639532816,train,butina,0,,,,
CC(C)NCC(O)COc1cccc2ccccc12,1.347759218,train,butina,0,,,,
COc1ccc(Cl)cc1C(=O)NCCc1ccc(S(=O)(=O)NC(=O)NC2CCCCC2)cc1,-0.943095149,train,butina,0,,,,
CC(C)NC(=O)COc1cccc(-c2nc(Nc3ccc4[nH]ncc4c3)c3ccccc3n2)c1,-0.504455662,train,butina,0,,,,
CCS(=O)(=O)N1CC(CC#N)(n2cc(-c3ncnc4[nH]ccc34)cn2)C1,2.0,train,butina,0,,,,
COc1ccc(S(=O)(=O)N2CCC(N3CCC(C)CC3)CC2)cc1,1.626076768,train,butina,0,,,,
CCn1c(-c2nonc2N)nc2cnc(Oc3cccc(NC(=O)c4ccc(OCCN5CCOCC5)cc4)c3)cc21,-0.325138859,train,butina,0,,,,
CC1(C)CC[C@]2(NC(=O)C(C)(F)F)CC[C@]3(C)[C@H](C(=O)C=C4[C@@]3(C)CC[C@H]3C(C)(C)C(=O)C(C#N)=C[C@]43C)[C@@H]2C1,-0.055517328,train,butina,0,,,,
Cc1c[nH]c2nccc(Oc3c(F)cc(Nc4cc(Cl)nc(N)n4)cc3F)c12,-0.68613278,train,butina,0,,,,
COc1cc2c(cc1OC)CC(=O)N(CCCN(C)C[C@H]1Cc3cc(OC)c(OC)cc31)CC2,1.615139594,train,butina,0,,,,
CCCc1cc(N2CCc3c(nc(C4CC4)n3C)C2)n2ncnc2n1,1.388207807,train,butina,0,,,,
Fc1ccc(-c2ccc3c(c2)[nH]c2ccncc23)cn1,0.640978057,train,butina,0,,,,
C=CC(=O)N1C[C@H](Nc2ncnc3[nH]ccc23)CC[C@@H]1C,1.74597993,train,butina,0,,,,
Cn1cc(Nc2nccc(N3CC4CCC(C3)N4C(=O)[C@@H]3CC3(F)F)n2)cn1,1.786412441,train,butina,0,,,,
[2H]C([2H])([2H])NC(=O)c1nnc(NC(=O)C2CC2)cc1Nc1cccc(-c2ncn(C)n2)c1OC,1.236577565,train,butina,0,,,,
Nc1n[nH]cc1-c1cc(Cl)ccc1Oc1cc(F)c(S(=O)(=O)Nc2cscn2)cc1Cl,-0.08249449,train,butina,0,,,,
Cc1c(-c2c(F)cc(C(N)=O)c3[nH]c4c(c23)CC[C@H](C(C)(C)O)C4)cccc1-n1c(=O)c2cccc(F)c2n(C)c1=O,0.326540669,train,butina,0,,,,
Cn1cc(-c2cn3nccc3c(-c3cnn([C@]4(CC#N)C[C@@H](C#N)C4)c3)n2)cn1,1.364100521,train,butina,0,,,,
O=C(Nc1cccnc1)c1ccnc(NC(=O)C2CC2)c1,1.615287063,train,butina,0,,,,
N#CC[C@H](C1CCCC1)n1cc(-c2ncnc3[nH]ccc23)cn1,1.244598701,train,butina,0,,,,
C=CC(=O)Nc1cccc(Oc2nc(Nc3ccc(N4CCN(C)CC4)cc3)nc3ccsc23)c1,-0.308918508,train,butina,0,,,,
CC#CC(=O)N1CC[C@@H](n2cc(-c3ccc(Oc4c(F)cccc4F)cc3)c3c(N)n[nH]c(=O)c32)C1,-0.029188389,train,butina,0,,,,
C=CC(=O)Nc1cccc(Oc2nc(Nc3ccc(N4CCN(C)CC4)c(F)c3)nc3[nH]ccc23)c1,-0.139063379,train,butina,0,,,,
C[C@@H]1c2nnn(-c3ncc(F)cn3)c2CCN1C(=O)c1cccc(C(F)(F)F)c1Cl,1.240049772,train,butina,0,,,,
COc1ccccc1-c1cc(NC(=O)c2cccc(N3CCNC3=O)c2)[nH]n1,-0.742321425,train,butina,0,,,,
Nc1ncc(-c2cccc(C(F)(F)F)c2)c(C2CCCCN2C(=O)c2ccccc2)n1,0.137354111,train,butina,0,,,,
O=C(Nc1cccc(-c2nncn2C2CC2)c1)c1cc(-n2cnc(C3CC3)c2)ccn1,0.611935625,train,butina,0,,,,
Fc1ccccc1-c1c[nH]nc1C1CCCN1Cc1ccc2ncccc2c1,0.460897843,train,butina,0,,,,
Cc1nccc(-c2cn(Cc3ccccc3)c3cnccc23)n1,1.207445854,train,butina,0,,,,
CCc1nc(C)cn2nc(-c3cc(=O)n4cc(C5CCN(C)CC5)cc(C)c4n3)cc12,0.593618308,train,butina,0,,,,
Cc1c(Cl)ccc2cc3n(c12)[C@@H](C)CNC3=O,0.696793085,train,butina,0,,,,
COc1nn(C)cc1C(=O)Nc1cccc(-c2cnc3n2CCC3)c1,0.685562611,train,butina,0,,,,
COc1cc(F)ccc1-c1ncnc(Nc2cccc(C[S@@](C)(=N)=O)c2)n1,1.574609941,train,butina,0,,,,
Cc1ncc(CN2CC[C@@H](Nc3cncc(Cl)n3)[C@@H](C)C2)s1,1.264227348,train,butina,0,,,,
Cc1ccc(C(=O)N2CCC(Cc3ccccc3-c3ccccc3)(C(=O)N(C)C)CC2)s1,-0.590066877,train,butina,0,,,,
C[C@@H]1CCN(C(=O)CC#N)C[C@@H]1N(C)c1ncnc2[nH]ccc12,1.747124255,train,butina,0,,,,
CN(C)C(=O)C1(Cc2ccccc2-c2ccccc2)CCN(C(=O)C2CCCO2)CC1,1.265713811,train,butina,0,,,,
CC(=O)Nc1ccc(C(=O)N2CCCCC2c2nc(N)ncc2-c2ccc(Cl)cc2)cc1,0.549861188,train,butina,0,,,,
CC(=O)Nc1ccc(C(=O)N2CCCCC2c2nc(N)ncc2-c2cccc(Cl)c2)cc1,0.584331224,train,butina,0,,,,
O=C1NCCN(C(=O)c2ccc3nccn3c2)C1c1ccccc1C(F)(F)F,1.801527189,train,butina,0,,,,
Cc1cc(F)ccc1C1C(=O)NCCN1C(=O)c1ccc2nccn2c1,1.950724994,train,butina,0,,,,
O=C1NCCN(C(=O)c2ccncc2)C1c1ccccc1Cl,1.868168158,train,butina,0,,,,
OC[C@H](Nc1cncc(-c2ccc3[nH]ncc3n2)c1)c1ccccc1,1.024690862,train,butina,0,,,,
Cc1ncsc1C(=O)N1CCCCC1c1nc(N(C)C)ncc1-c1cccc(Cl)c1,0.021602716,train,butina,0,,,,
OCC1CCCCN1Cc1ccc(Cl)c(Cl)c1,1.484982782,train,butina,0,,,,
COc1ccccc1C(=O)Nc1ccc2cc[nH]c2c1,0.571825249,train,butina,0,,,,
c1ccc(Oc2cccc(CN(CCN3CCOCC3)Cc3cccnc3)c2)cc1,0.142389466,train,butina,0,,,,
COc1ccc([C@H]2CN(C(C)=O)[C@@H]3CCCN(Cc4cccc(F)c4)[C@H]23)cc1,0.594060901,train,butina,0,,,,
Cc1c(C(=O)NCCCN(C)C)sc2ncnc(Nc3ccc(F)cc3OC(C)C)c12,0.966376423,train,butina,0,,,,
OCC1CCCCN1Cc1ccc(-c2ccccc2)cc1,1.394924244,train,butina,0,,,,
Nc1ncc(C(=O)NC2CN(C(=O)C3CC3)C2)c2ccc(-c3cccc(F)c3)nc12,0.38219721,train,butina,0,,,,
CC1(C)CC(Oc2ccc(-c3ccc(-c4cn[nH]c4)cc3O)nn2)CC(C)(C)N1,1.241969612,train,butina,0,,,,
Cc1nnc(-c2ccc3occ(-c4ccc(S(C)=O)cc4)c3c2)o1,1.077985291,train,butina,0,,,,
Cc1ncsc1C(=O)N1CCCCC1c1nc(N)ncc1-c1cccc(C(F)(F)F)c1,0.86254877,train,butina,0,,,,
O=C(Nc1ccc2ccccc2n1)c1ccc(N2CCOC2=O)cc1,0.069298012,train,butina,0,,,,
O=C(CCNC(=O)c1ccc(OC(F)(F)F)cc1)N[C@@H]1CCCc2ccccc21,0.630427875,train,butina,0,,,,
O=S(=O)(c1cccc2cnccc12)N1CCCNCC1,1.844321821,train,butina,0,,,,
C=CC(=O)Nc1cccc(Oc2nc(Nc3ccc(N4CCN(C)CC4)cc3)nc3ccoc23)c1,-0.208309351,train,butina,0,,,,
CCN1CCN(S(=O)(=O)Cc2ccc(Cl)c(Cl)c2)CC1,1.071845201,train,butina,0,,,,
O=C(Nc1nc2cccc(-c3ccc(CN4CCS(=O)(=O)CC4)cc3)n2n1)C1CC1,1.601853652,train,butina,0,,,,
CCn1c(CO)nn(-c2cc(O[C@@H](C)C(F)(F)F)c(C(=O)Nc3c(F)cccc3Cl)cc2F)c1=O,0.876910311,train,butina,0,,,,
CCN(C/C=C\c1ccc(C2CCCCC2)c(Cl)c1)C1CCCCC1,-0.266802735,train,butina,0,,,,
Cn1c(C2CC2)nc2c1CCN(c1ncnc3ccsc13)C2,1.192985379,train,butina,0,,,,
CC/C(=C(\c1ccccc1)c1ccc(OCCN(C)C)cc1)c1ccccc1,-0.341988603,train,butina,0,,,,
COc1nn(C)cc1C(=O)Nc1cccc2cnccc12,1.58945809,train,butina,0,,,,
Cc1ncc(CN2CCC(Nc3ccc4nnnn4n3)C(C)C2)s1,1.579154557,train,butina,0,,,,
COc1ccc(CCCN2CCN(c3cnn(C)c3)C(=O)C2)cc1F,1.308414999,train,butina,0,,,,
Cc1c(F)cccc1NC(=O)CN1[C@H]2CCCC(=O)N[C@@]2(C)C[C@H]1Cc1ccccc1,0.925312092,train,butina,0,,,,
CCC1=C(C)CN(C(=O)NCCc2ccc(S(=O)(=O)NC(=O)N[C@H]3CC[C@H](C)CC3)cc2)C1=O,-1.638272164,train,butina,0,,,,
O=S(=O)(c1cccc2c(O)nccc12)N1CCCNCC1,1.990813743,train,butina,0,,,,
Cc1ccc(NC(=O)CN2[C@H]3CCCC(=O)N[C@@]3(C)C[C@H]2Cc2ccccc2)cc1F,0.360971884,train,butina,0,,,,
CN(C)C(=O)C1(Cc2ccccc2-c2cccc(F)c2)CCN(C(=O)C2CC=CCC2)CC1,0.142702246,train,butina,0,,,,
COc1ccc(CNC(=O)c2sc3nc(C)cc(C)c3c2N)cc1,-0.18243463,train,butina,0,,,,
Cn1cc(Nc2nc(N)nc(-c3cccc(-n4ccc5cc(C6CC6)cc(F)c5c4=O)c3CO)n2)cn1,0.581038949,train,butina,0,,,,
Cc1cnc(C(=O)NCCc2ccc(S(=O)(=O)NC(=O)NC3CCCCC3)cc2)cn1,-0.204119983,train,butina,0,,,,
CC(=O)Nc1ncc(CN2CCCC[C@@H]2C)s1,1.923109252,train,butina,0,,,,
O=C1CCCC[C@@H]2[C@H](C[C@@H](Cc3ccccc3F)N2C(=O)c2cccc3ncccc23)N1,1.348966512,train,butina,0,,,,
CC(O)(C#Cc1ccc2c(c1)N(c1nc(N)ncc1Cl)CC2)c1nccs1,0.275311355,train,butina,0,,,,
COCCc1noc(CN2CC(c3ccccc3)(c3ccccc3)CCC2=O)n1,1.25166255,train,butina,0,,,,
Cc1[nH]nc2c1C1(CCCCC1)CC(=O)N2,1.284633733,train,butina,0,,,,
Cc1oc2ccccc2c1CNc1nnc(-c2ccncc2)o1,-0.172630727,train,butina,0,,,,
O=C(Nc1cccc2ncccc12)[C@H]1CCCN(S(=O)(=O)c2ccccc2)C1,1.091666958,train,butina,0,,,,
C[C@@H]1Cc2ccccc2N1C(=O)Cn1nc(-c2cccc3ncccc23)oc1=O,0.360404055,train,butina,0,,,,
O=C(Nc1cnccc1-c1ccc(Cl)cc1)c1ccnc(NC(=O)C2CC2)c1,0.847634344,train,butina,0,,,,
CN1C(N)=N[C@](C)(c2cc(NC(=O)c3ccc(F)cn3)ccc2F)CS1(=O)=O,1.491417728,train,butina,0,,,,
CCCCNC(=O)NS(=O)(=O)c1ccc(C)cc1,0.440121603,train,butina,0,,,,
CN(C)C(=O)C1(Cc2ccccc2-c2ccccc2)CCN(C(=O)c2cnn(C)c2)CC1,1.146840934,train,butina,0,,,,
CN1CCN(S(=O)(=O)c2ccc(-c3cnc(N)c(C(=O)Nc4cccnc4)n3)cc2)CC1,0.915558115,train,butina,0,,,,
CNC(=O)C1(Cc2ccc(-c3cccnc3)cc2)CCN(Cc2ccccc2Cl)C1,0.273695588,train,butina,0,,,,
Cc1cc(N2CCCC2c2cc(CCC(=O)O)cc(C)n2)ncn1,2.0,train,butina,0,,,,
CCCNC(=O)NS(=O)(=O)c1ccc(Cl)cc1,0.628286731,train,butina,0,,,,
O=C(CN1CCCC(c2cccc(Cc3cccc(F)c3)n2)C1)N1CCCC1,0.953856298,train,butina,0,,,,
Cc1cc(C)c2c(N)c(C(=O)NCc3ccc(Cl)cc3)sc2n1,-0.185752404,train,butina,0,,,,
COc1nc2sc(C(=O)NC3CC3)c(N)c2c(C)c1Cl,0.452093249,train,butina,0,,,,
CC1(CNC(=O)c2cncc(C3CCNCC3)n2)CCCO1,1.960042456,train,butina,0,,,,
Cc1cc(N2CCCC2)nc(C2CCCN(C)C2)n1,1.861522463,train,butina,0,,,,
O=C1NCCSc2c1sc1ccc(O)cc21,1.164679941,train,butina,0,,,,
CCn1cc(C(=O)O)c(=O)c2c(N)c(F)c(NC3CCCCC3)cc21,0.426673888,train,butina,0,,,,
CC(CCc1ccccc1)NCC(O)c1ccc(O)c(C(N)=O)c1,1.65850745,train,butina,0,,,,
CC1(C)Cc2cc(NC(=O)c3cnn4cccnc34)c(OCC3CC3)nc2O1,0.38219721,train,butina,0,,,,
COCCc1ccc(OCC(O)CNC(C)C)cc1,2.0,train,butina,0,,,,
COc1cc(Cc2cnc(N)nc2N)cc(OC)c1OC,1.855513099,train,butina,0,,,,
CC(C(=O)O)c1cccc(C(=O)c2ccccc2)c1,0.047274867,train,butina,0,,,,
COc1cc2c(cc1OC)CN(CCc1ccc(NC(=O)c3cccc4c(O)c5cccc(OC)c5nc34)cc1)CC2,-1.292429824,train,butina,0,,,,
C=CCc1ccccc1OCC(O)CNC(C)C,1.496029699,train,butina,0,,,,
Nc1nc(=O)c2ncn(COCCO)c2[nH]1,1.850860573,train,butina,0,,,,
NCCCC[C@H](N[C@@H](CCc1ccccc1)C(=O)O)C(=O)N1CCC[C@H]1C(=O)O,2.0,train,butina,0,,,,
CCCc1nc2nc(C)c(NS(=O)(=O)c3ccc(C4CCCCC4)cc3)c(O)n2n1,-0.137272472,train,butina,0,,,,
COc1ccc([C@H]2c3[nH]c4ccc(Cl)cc4c3CCN2C(=O)Oc2ccc(Cl)cc2)cc1,1.754608223,train,butina,0,,,,
CC(=O)Nc1ccc(O)cc1,1.916985305,train,butina,0,,,,
Cc1cccc(/C=N/Nc2cc(N3CCOCC3)nc(OCCc3ccccn3)n2)c1,-0.27572413,train,butina,0,,,,
CCn1c(=O)oc2cc(NC(=O)c3ccc(C(C)(C)C)cc3)ccc21,0.180412633,train,butina,0,,,,
COc1ccc(OC[C@@H]2c3cc(OC)c(OC)cc3CCN2C(=O)c2cccc(Cl)c2)cc1,0.232233521,train,butina,0,,,,
N#Cc1ccc(COc2cccc(C3CCN(Cc4nc5ccc(C(=O)O)cc5n4C[C@@H]4CCO4)CC3)n2)c(F)c1,0.312177356,train,butina,0,,,,
CC(C)[C@H](CO)Nc1nc(Nc2cc(N)cc(Cl)c2)c2ncn(C(C)C)c2n1,-0.099086932,train,butina,0,,,,
CC(C)(C)OC(=O)N1CCCC1C(=O)N1CCC(C(=O)N[C@@H](Cc2c[nH]c3ccccc23)C(=O)O)CC1,1.842553077,train,butina,0,,,,
O=C(Nc1cccc2c(=O)cc(-c3nnn[nH]3)oc12)c1ccc(OCCCCc2ccccc2)cc1,0.77224834,train,butina,0,,,,
CC(=O)Nc1ncc(C(=O)O)s1,1.854123782,train,butina,0,,,,
Cc1cccc(-c2nc(C34CCC(C(N)=O)(CC3)CC4)[nH]c2-c2ccc3c(c2)OCO3)n1,0.21031852,train,butina,0,,,,
COc1cc2nc(-c3cc(F)ccc3O)nc(N[C@@H]3CNC[C@H]3C(C)(C)O)c2cc1OC.Cl,-0.823908741,train,butina,0,,,,
CC(C)[C@@](C)(O)[C@@H]1CN(c2nc(-c3n[nH]c4ncccc34)c(F)cc2Cl)CCN1,0.622421274,train,butina,0,,,,
CN(c1ncc(F)cn1)[C@H]1CCCNC1,2.0,test,butina,0,1.3790222973800004,1.2098237181200004,1.2189760781499996,1.7017946412799996
CC(C)(Oc1ccc(-c2cnc(N)c(-c3ccc(Cl)cc3)c2)cc1)C(=O)O,-1.403402904,test,butina,0,0.45562002953999986,0.4108751208900002,0.7112095233099999,0.2812229445500001
C=CC(=O)N1CCC[C@@H](n2nc(-c3ccc(Oc4ccccc4)cc3)c3c(N)ncnc32)C1,-0.35853,test,butina,0,0.8459533152300003,0.3573033839599999,0.20948630223999998,0.34447230524000005
N#Cc1ccc2[nH]c(O)c(-c3ccc(CN4CCOCC4)cn3)c2c1,1.072507236,test,butina,0,0.6404931896500002,0.8860078090300003,0.75827231755,1.44705673243
Nc1c(F)ccc2cnc(-n3ccc4ccncc43)cc12,0.631443769,test,butina,0,0.8015149671600003,0.6160209337900003,0.6913140322300002,0.75399066321
C=CC(=O)N1CCC(CNc2ncnc(N)c2-c2ccc(Oc3ccccc3)cc2)CC1,0.901294817,test,butina,0,0.7601063010100003,0.36217259839,0.14070906944,0.012456506589999998
O=C(c1ccc(Oc2ccccc2)cc1Cl)c1c[nH]c2ncnc(N[C@@H]3CC[C@@H](CO)OC3)c12,-0.295849483,test,butina,0,0.7231355238299997,0.3183846705699999,0.49710246335999986,0.47246128291
CC(C)(C)c1ccc(-c2nc3n(c(=O)c2C#N)CCS3)cc1,0.455758203,test,butina,0,1.2127687882800007,0.8595492239900002,0.4586694630099999,0.5882673465300005
CC#CC(=O)N1CC[C@@H](n2c(=O)n(-c3ccc(Oc4ccccc4)cc3)c3c(N)ncnc32)C1,0.669595781,test,butina,0,0.8006724081500001,0.3180223659999999,0.36185216206999987,0.4289979385100001
C=CC(=O)N1CCC([C@@H]2CCNc3c(C(N)=O)c(-c4ccc(Oc5ccccc5)cc4)nn32)CC1,0.231979027,test,butina,0,0.8877226182600002,0.09829979525999995,0.15671272155,0.19170580541999985
C=CC(=O)N1CCC[C@H](n2c(=O)n(-c3ccc(Oc4ccccc4)cc3)c3c(N)ncnc32)C1,0.276231958,test,butina,0,0.9241915832900004,0.4835771691100001,0.23353942502999994,0.3477902447600001
CC(C)(C=C(C#N)C(=O)N1CCC[C@@H](n2nc(-c3ccc(Oc4ccccc4)cc3F)c3c(N)ncnc32)C1)N1CCN(C2COC2)CC1,0.123198075,test,butina,0,0.46087362139,0.15602985105999997,0.2776454983399999,0.23600644686999994
Nc1ncnc2c1c(-c1ccc(Oc3ccccc3)cc1)nn2[C@@H]1CCCNC1,0.846275242,test,butina,0,0.8765080575300003,0.5197017787299998,0.4755948485399999,0.31165408643
Cc1nnc(CN(C)CC(C)Oc2ccc(Cl)c(Cl)c2)n1C,1.114444172,test,butina,0,0.6131081318899999,0.9656501217600002,0.9124753688700002,0.9339188245600003
CCc1nc2c(C)cc(N3CCN(CC(=O)N4CC(O)C4)CC3)cn2c1N(C)c1nc(-c2ccc(F)cc2)c(C#N)s1,-0.434152181,test,butina,0,0.51246605551,0.16205250859999992,0.5178241704699998,0.47705598566000007
O=C1CN(c2ccc(Nc3nccc(C(F)(F)F)n3)cn2)CCN1,1.433497815,test,butina,0,1.5611755643200005,1.3797067493400008,1.0939159064300004,1.4065038651900001
C[C@H]1CN(C(=O)CC(c2ccccc2)c2ccccc2)C[C@@H](C)O1,0.718335579,test,butina,0,1.2571804287600001,1.0295562741300008,0.6096607084,0.7856432867900002
CN1[C@H]2CC[C@@H]1C[C@@H](OC(c1ccccc1)c1ccccc1)C2,1.180842415,test,butina,0,1.2378572292500005,0.8894156408600006,0.5805251465899999,0.7806506445200001
CC(C)(C)C(=O)N1CCC(Cc2ccc(-c3cccs3)cc2)(C(=O)N2CCCC2)CC1,0.008174184,test,butina,0,1.1862555702100004,0.7722560526300003,0.6825463204800001,0.18721509948999984
CC(=O)N1CCN(c2nc(C(F)(F)F)nc3sc(C)c(C)c23)CC1,0.624282096,test,butina,0,0.9226590436300001,1.2274821827500006,0.4254006068000001,0.9162493963000002
NCCN1CCN(C/C=C/C(=O)N2CCC[C@@H](n3nc(-c4ccc(Oc5ccccc5)cc4)c4c(N)ncnc43)C2)CC1,0.686814955,test,butina,0,0.9289605613700003,0.29204948272000003,0.19949988071999994,0.07926503923999993
CNC(=O)C1(Cc2ccc(-c3ccncc3)cc2)CCN(Cc2cccc(F)c2)C1,0.715167358,test,butina,0,0.5441293262,0.5139142310899999,0.7366795089700001,0.6581734315300001
Cc1nc(Nc2nccs2)cc(C2CN(c3ncccn3)C2)n1,0.374565061,test,butina,0,0.8527096733300003,1.2307386910900007,0.7622971872000001,1.3649935635800006
COc1ccc(Nc2c(C#N)cnc3cc(OC)c(OC)cc23)cc1Cl,0.115943177,test,butina,0,0.7150763460199999,0.5923534919400002,0.3764612749799999,0.16381807546000005
Cc1noc(C(C)C)c1C(=O)N1CC(C)OC(c2ccccc2)C1,1.111934276,test,butina,0,0.7793438271400003,0.9413100660700006,0.8625212531299999,1.0224983680000002
CN(Cc1ccccc1)C1(C(=O)N2CCNC(=O)CC2)Cc2ccccc2C1,0.912806393,test,butina,0,0.6514319455200002,0.9361454604800007,0.7564121247900004,1.41558039472
COCC(=O)N1CCC(Cc2ccccc2-c2cccc(F)c2)(C(=O)NC(C)C)CC1,1.076967952,test,butina,0,0.41120822677999996,0.5106613674699997,0.5967768434199999,0.6080826843299997
C#C[C@@](C)(CC)NC(=O)c1cc(F)cnc1NC1CC(F)(F)C1,0.850278553,test,butina,0,0.7464149844800001,0.7774115544700001,0.7324105433000002,0.9418468514300006
CNC(=O)C1(Cc2ccc(-c3cccnc3)cc2)CCN(Cc2ccc(F)cc2)C1,0.918868743,test,butina,0,0.7479222927600006,0.5095366165200002,0.6627348530600002,0.6189137382000002
CNC(=O)C1(Cc2ccc(-c3cccnc3)cc2)CCN(Cc2cccc(F)c2)C1,0.531095547,test,butina,0,0.5876409827600002,0.4865170647300001,0.6522459367200001,0.6434217802400001
CCOc1cc(CC(=O)N[C@@H](CC(C)C)c2ccccc2N2CCCCC2)ccc1C(=O)O,-0.063486258,test,butina,0,0.5978281231599999,0.5427953680900001,0.5708665692199999,0.04438828518999999
Nc1ncnc2c1c(-c1cnc3[nH]ccc3c1)nn2C1CCCC1,0.780605306,test,butina,0,0.9098166033000004,0.9365475808800003,0.7571063923100002,0.9182658439700003
CC1CN(C(=O)c2cccnc2N2CCOCC2)CC(c2ccccc2)O1,1.555686814,test,butina,0,0.9852712291900005,1.0694679995500007,1.2840584117699998,1.3304570292100002
Cc1cc(Nc2cnccn2)cc(C2CCCN(CC(=O)N3CCCC3)C2)n1,1.632416797,test,butina,0,1.0014674087600004,1.1986713285100004,1.0376590282400002,1.3291971655000006
Cc1cccnc1Nc1cccc(C2CCCN(CC(=O)Nc3nccs3)C2)n1,0.637289548,test,butina,0,1.1464456275300001,0.7164076218300004,0.8640498124800001,0.5007473766
CC1(C)CC(=O)C2=C(C1)NC(=O)CC2c1ccc(Br)cc1,0.944630702,test,butina,0,1.5177346115100008,0.9022417302700001,0.7410691505099998,0.8090060533200003
COc1cc2ncnc(Nc3cccc(O)c3)c2cc1OC,0.650307523,test,butina,0,0.7371036092100002,0.8220103499400001,0.41566686881999987,0.7807667678300001
COCCNC(=O)c1ccnc(C2CCNCC2)c1,2.0,test,butina,0,0.9174420937600002,1.3869684880100008,0.8488403075800004,1.7609309999599996
COc1cc2nc(N3CCN(C(=O)c4ccco4)CC3)nc(N)c2cc1OC,1.371880249,test,butina,0,0.6505597948600002,0.6990527081500001,0.5844713514200001,0.8069387053000007
N#Cc1cc(F)c(NS(=O)(=O)c2c[nH]c3cc(Cl)ccc23)cc1F,-0.251811973,test,butina,0,0.5489813722299998,0.7693551307399998,0.9162897113999999,0.6901181335400001
CC(C)CC(NC(=O)C(O)C(N)Cc1ccccc1)C(=O)O,1.54052968,test,butina,0,1.3203414063400007,1.1988594276599998,1.5928588107900004,1.5197233701499997
NC(=O)C1(Cc2ccc(-c3ccncc3)cc2)CCN(C(=O)Cc2cccc(F)c2)CC1,1.058463986,test,butina,0,0.5397144743499999,0.5184719994199999,0.73295663753,0.6399872218599998
O=C(NC1CCNCC1)c1ccc2[nH]ncc2c1,1.92695435,test,butina,0,0.9532975044600005,1.1624258338400006,1.1813130977300004,1.6684570206699996
O=C(NC1CCNCC1)c1ccc2cn[nH]c2c1,1.70808081,test,butina,0,0.9145424447000002,1.2320376670400006,1.1518560201700003,1.6586560635799996
CCOc1cc2nn(CCC(C)(C)O)cc2cc1NC(=O)c1cccc(C(F)F)n1,0.268343914,train,butina,1,,,,
CN(c1ncc(F)cn1)[C@H]1CCCNC1,2.0,train,butina,1,,,,
CC(C)(Oc1ccc(-c2cnc(N)c(-c3ccc(Cl)cc3)c2)cc1)C(=O)O,-1.403402904,train,butina,1,,,,
CC(C)(O)CCn1cc2cc(NC(=O)c3cccc(C(F)(F)F)n3)c(C(C)(C)O)cc2n1,1.092264361,train,butina,1,,,,
CC#CC(=O)N[C@H]1CCCN(c2c(F)cc(C(N)=O)c3[nH]c(C)c(C)c23)C1,-0.639532816,train,butina,1,,,,
CC(C)NCC(O)COc1cccc2ccccc12,1.347759218,train,butina,1,,,,
C=CC(=O)N1CCC[C@@H](n2nc(-c3ccc(Oc4ccccc4)cc3)c3c(N)ncnc32)C1,-0.35853,train,butina,1,,,,
CC(C)NC(=O)COc1cccc(-c2nc(Nc3ccc4[nH]ncc4c3)c3ccccc3n2)c1,-0.504455662,train,butina,1,,,,
CCS(=O)(=O)N1CC(CC#N)(n2cc(-c3ncnc4[nH]ccc34)cn2)C1,2.0,train,butina,1,,,,
COc1ccc(S(=O)(=O)N2CCC(N3CCC(C)CC3)CC2)cc1,1.626076768,train,butina,1,,,,
CC1(C)CC[C@]2(NC(=O)C(C)(F)F)CC[C@]3(C)[C@H](C(=O)C=C4[C@@]3(C)CC[C@H]3C(C)(C)C(=O)C(C#N)=C[C@]43C)[C@@H]2C1,-0.055517328,train,butina,1,,,,
COc1cc2c(cc1OC)CC(=O)N(CCCN(C)C[C@H]1Cc3cc(OC)c(OC)cc31)CC2,1.615139594,train,butina,1,,,,
N#Cc1ccc2[nH]c(O)c(-c3ccc(CN4CCOCC4)cn3)c2c1,1.072507236,train,butina,1,,,,
Fc1ccc(-c2ccc3c(c2)[nH]c2ccncc23)cn1,0.640978057,train,butina,1,,,,
Nc1c(F)ccc2cnc(-n3ccc4ccncc43)cc12,0.631443769,train,butina,1,,,,
C=CC(=O)N1C[C@H](Nc2ncnc3[nH]ccc23)CC[C@@H]1C,1.74597993,train,butina,1,,,,
Cn1cc(Nc2nccc(N3CC4CCC(C3)N4C(=O)[C@@H]3CC3(F)F)n2)cn1,1.786412441,train,butina,1,,,,
[2H]C([2H])([2H])NC(=O)c1nnc(NC(=O)C2CC2)cc1Nc1cccc(-c2ncn(C)n2)c1OC,1.236577565,train,butina,1,,,,
C=CC(=O)N1CCC(CNc2ncnc(N)c2-c2ccc(Oc3ccccc3)cc2)CC1,0.901294817,train,butina,1,,,,
Nc1n[nH]cc1-c1cc(Cl)ccc1Oc1cc(F)c(S(=O)(=O)Nc2cscn2)cc1Cl,-0.08249449,train,butina,1,,,,
Cc1c(-c2c(F)cc(C(N)=O)c3[nH]c4c(c23)CC[C@H](C(C)(C)O)C4)cccc1-n1c(=O)c2cccc(F)c2n(C)c1=O,0.326540669,train,butina,1,,,,
Cn1cc(-c2cn3nccc3c(-c3cnn([C@]4(CC#N)C[C@@H](C#N)C4)c3)n2)cn1,1.364100521,train,butina,1,,,,
O=C(Nc1cccnc1)c1ccnc(NC(=O)C2CC2)c1,1.615287063,train,butina,1,,,,
O=C(c1ccc(Oc2ccccc2)cc1Cl)c1c[nH]c2ncnc(N[C@@H]3CC[C@@H](CO)OC3)c12,-0.295849483,train,butina,1,,,,
N#CC[C@H](C1CCCC1)n1cc(-c2ncnc3[nH]ccc23)cn1,1.244598701,train,butina,1,,,,
CC(C)(C)c1ccc(-c2nc3n(c(=O)c2C#N)CCS3)cc1,0.455758203,train,butina,1,,,,
CC#CC(=O)N1CC[C@@H](n2c(=O)n(-c3ccc(Oc4ccccc4)cc3)c3c(N)ncnc32)C1,0.669595781,train,butina,1,,,,
C=CC(=O)N1CCC([C@@H]2CCNc3c(C(N)=O)c(-c4ccc(Oc5ccccc5)cc4)nn32)CC1,0.231979027,train,butina,1,,,,
C=CC(=O)N1CCC[C@H](n2c(=O)n(-c3ccc(Oc4ccccc4)cc3)c3c(N)ncnc32)C1,0.276231958,train,butina,1,,,,
CC(C)(C=C(C#N)C(=O)N1CCC[C@@H](n2nc(-c3ccc(Oc4ccccc4)cc3F)c3c(N)ncnc32)C1)N1CCN(C2COC2)CC1,0.123198075,train,butina,1,,,,
C[C@@H]1c2nnn(-c3ncc(F)cn3)c2CCN1C(=O)c1cccc(C(F)(F)F)c1Cl,1.240049772,train,butina,1,,,,
COc1ccccc1-c1cc(NC(=O)c2cccc(N3CCNC3=O)c2)[nH]n1,-0.742321425,train,butina,1,,,,
O=C(Nc1cccc(-c2nncn2C2CC2)c1)c1cc(-n2cnc(C3CC3)c2)ccn1,0.611935625,train,butina,1,,,,
Fc1ccccc1-c1c[nH]nc1C1CCCN1Cc1ccc2ncccc2c1,0.460897843,train,butina,1,,,,
Cc1nccc(-c2cn(Cc3ccccc3)c3cnccc23)n1,1.207445854,train,butina,1,,,,
CCc1nc(C)cn2nc(-c3cc(=O)n4cc(C5CCN(C)CC5)cc(C)c4n3)cc12,0.593618308,train,butina,1,,,,
Cc1c(Cl)ccc2cc3n(c12)[C@@H](C)CNC3=O,0.696793085,train,butina,1,,,,
Nc1ncnc2c1c(-c1ccc(Oc3ccccc3)cc1)nn2[C@@H]1CCCNC1,0.846275242,train,butina,1,,,,
Cc1nnc(CN(C)CC(C)Oc2ccc(Cl)c(Cl)c2)n1C,1.114444172,train,butina,1,,,,
COc1nn(C)cc1C(=O)Nc1cccc(-c2cnc3n2CCC3)c1,0.685562611,train,butina,1,,,,
COc1cc(F)ccc1-c1ncnc(Nc2cccc(C[S@@](C)(=N)=O)c2)n1,1.574609941,train,butina,1,,,,
Cc1ncc(CN2CC[C@@H](Nc3cncc(Cl)n3)[C@@H](C)C2)s1,1.264227348,train,butina,1,,,,
Cc1ccc(C(=O)N2CCC(Cc3ccccc3-c3ccccc3)(C(=O)N(C)C)CC2)s1,-0.590066877,train,butina,1,,,,
CCc1nc2c(C)cc(N3CCN(CC(=O)N4CC(O)C4)CC3)cn2c1N(C)c1nc(-c2ccc(F)cc2)c(C#N)s1,-0.434152181,train,butina,1,,,,
C[C@@H]1CCN(C(=O)CC#N)C[C@@H]1N(C)c1ncnc2[nH]ccc12,1.747124255,train,butina,1,,,,
CN(C)C(=O)C1(Cc2ccccc2-c2ccccc2)CCN(C(=O)C2CCCO2)CC1,1.265713811,train,butina,1,,,,
O=C1CN(c2ccc(Nc3nccc(C(F)(F)F)n3)cn2)CCN1,1.433497815,train,butina,1,,,,
O=C1NCCN(C(=O)c2ccc3nccn3c2)C1c1ccccc1C(F)(F)F,1.801527189,train,butina,1,,,,
Cc1cc(F)ccc1C1C(=O)NCCN1C(=O)c1ccc2nccn2c1,1.950724994,train,butina,1,,,,
O=C1NCCN(C(=O)c2ccncc2)C1c1ccccc1Cl,1.868168158,train,butina,1,,,,
C[C@H]1CN(C(=O)CC(c2ccccc2)c2ccccc2)C[C@@H](C)O1,0.718335579,train,butina,1,,,,
CN1[C@H]2CC[C@@H]1C[C@@H](OC(c1ccccc1)c1ccccc1)C2,1.180842415,train,butina,1,,,,
CC(C)(C)C(=O)N1CCC(Cc2ccc(-c3cccs3)cc2)(C(=O)N2CCCC2)CC1,0.008174184,train,butina,1,,,,
OC[C@H](Nc1cncc(-c2ccc3[nH]ncc3n2)c1)c1ccccc1,1.024690862,train,butina,1,,,,
OCC1CCCCN1Cc1ccc(Cl)c(Cl)c1,1.484982782,train,butina,1,,,,
CC(=O)N1CCN(c2nc(C(F)(F)F)nc3sc(C)c(C)c23)CC1,0.624282096,train,butina,1,,,,
COc1ccccc1C(=O)Nc1ccc2cc[nH]c2c1,0.571825249,train,butina,1,,,,
Cc1c(C(=O)NCCCN(C)C)sc2ncnc(Nc3ccc(F)cc3OC(C)C)c12,0.966376423,train,butina,1,,,,
OCC1CCCCN1Cc1ccc(-c2ccccc2)cc1,1.394924244,train,butina,1,,,,
CC1(C)CC(Oc2ccc(-c3ccc(-c4cn[nH]c4)cc3O)nn2)CC(C)(C)N1,1.241969612,train,butina,1,,,,
Cc1nnc(-c2ccc3occ(-c4ccc(S(C)=O)cc4)c3c2)o1,1.077985291,train,butina,1,,,,
O=C(Nc1ccc2ccccc2n1)c1ccc(N2CCOC2=O)cc1,0.069298012,train,butina,1,,,,
CCN1CCN(S(=O)(=O)Cc2ccc(Cl)c(Cl)c2)CC1,1.071845201,train,butina,1,,,,
CCn1c(CO)nn(-c2cc(O[C@@H](C)C(F)(F)F)c(C(=O)Nc3c(F)cccc3Cl)cc2F)c1=O,0.876910311,train,butina,1,,,,
CCN(C/C=C\c1ccc(C2CCCCC2)c(Cl)c1)C1CCCCC1,-0.266802735,train,butina,1,,,,
NCCN1CCN(C/C=C/C(=O)N2CCC[C@@H](n3nc(-c4ccc(Oc5ccccc5)cc4)c4c(N)ncnc43)C2)CC1,0.686814955,train,butina,1,,,,
CC/C(=C(\c1ccccc1)c1ccc(OCCN(C)C)cc1)c1ccccc1,-0.341988603,train,butina,1,,,,
COc1nn(C)cc1C(=O)Nc1cccc2cnccc12,1.58945809,train,butina,1,,,,
CNC(=O)C1(Cc2ccc(-c3ccncc3)cc2)CCN(Cc2cccc(F)c2)C1,0.715167358,train,butina,1,,,,
Cc1ncc(CN2CCC(Nc3ccc4nnnn4n3)C(C)C2)s1,1.579154557,train,butina,1,,,,
Cc1nc(Nc2nccs2)cc(C2CN(c3ncccn3)C2)n1,0.374565061,train,butina,1,,,,
COc1ccc(Nc2c(C#N)cnc3cc(OC)c(OC)cc23)cc1Cl,0.115943177,train,butina,1,,,,
COc1ccc(CCCN2CCN(c3cnn(C)c3)C(=O)C2)cc1F,1.308414999,train,butina,1,,,,
Cc1noc(C(C)C)c1C(=O)N1CC(C)OC(c2ccccc2)C1,1.111934276,train,butina,1,,,,
CN(Cc1ccccc1)C1(C(=O)N2CCNC(=O)CC2)Cc2ccccc2C1,0.912806393,train,butina,1,,,,
Cc1c(F)cccc1NC(=O)CN1[C@H]2CCCC(=O)N[C@@]2(C)C[C@H]1Cc1ccccc1,0.925312092,train,butina,1,,,,
Cc1ccc(NC(=O)CN2[C@H]3CCCC(=O)N[C@@]3(C)C[C@H]2Cc2ccccc2)cc1F,0.360971884,train,butina,1,,,,
CN(C)C(=O)C1(Cc2ccccc2-c2cccc(F)c2)CCN(C(=O)C2CC=CCC2)CC1,0.142702246,train,butina,1,,,,
COCC(=O)N1CCC(Cc2ccccc2-c2cccc(F)c2)(C(=O)NC(C)C)CC1,1.076967952,train,butina,1,,,,
COc1ccc(CNC(=O)c2sc3nc(C)cc(C)c3c2N)cc1,-0.18243463,train,butina,1,,,,
C#C[C@@](C)(CC)NC(=O)c1cc(F)cnc1NC1CC(F)(F)C1,0.850278553,train,butina,1,,,,
Cn1cc(Nc2nc(N)nc(-c3cccc(-n4ccc5cc(C6CC6)cc(F)c5c4=O)c3CO)n2)cn1,0.581038949,train,butina,1,,,,
CNC(=O)C1(Cc2ccc(-c3cccnc3)cc2)CCN(Cc2ccc(F)cc2)C1,0.918868743,train,butina,1,,,,
CNC(=O)C1(Cc2ccc(-c3cccnc3)cc2)CCN(Cc2cccc(F)c2)C1,0.531095547,train,butina,1,,,,
CC(=O)Nc1ncc(CN2CCCC[C@@H]2C)s1,1.923109252,train,butina,1,,,,
O=C1CCCC[C@@H]2[C@H](C[C@@H](Cc3ccccc3F)N2C(=O)c2cccc3ncccc23)N1,1.348966512,train,butina,1,,,,
CCOc1cc(CC(=O)N[C@@H](CC(C)C)c2ccccc2N2CCCCC2)ccc1C(=O)O,-0.063486258,train,butina,1,,,,
CC(O)(C#Cc1ccc2c(c1)N(c1nc(N)ncc1Cl)CC2)c1nccs1,0.275311355,train,butina,1,,,,
COCCc1noc(CN2CC(c3ccccc3)(c3ccccc3)CCC2=O)n1,1.25166255,train,butina,1,,,,
Cc1[nH]nc2c1C1(CCCCC1)CC(=O)N2,1.284633733,train,butina,1,,,,
Cc1oc2ccccc2c1CNc1nnc(-c2ccncc2)o1,-0.172630727,train,butina,1,,,,
C[C@@H]1Cc2ccccc2N1C(=O)Cn1nc(-c2cccc3ncccc23)oc1=O,0.360404055,train,butina,1,,,,
Nc1ncnc2c1c(-c1cnc3[nH]ccc3c1)nn2C1CCCC1,0.780605306,train,butina,1,,,,
O=C(Nc1cnccc1-c1ccc(Cl)cc1)c1ccnc(NC(=O)C2CC2)c1,0.847634344,train,butina,1,,,,
CN1C(N)=N[C@](C)(c2cc(NC(=O)c3ccc(F)cn3)ccc2F)CS1(=O)=O,1.491417728,train,butina,1,,,,
CC1CN(C(=O)c2cccnc2N2CCOCC2)CC(c2ccccc2)O1,1.555686814,train,butina,1,,,,
Cc1cc(Nc2cnccn2)cc(C2CCCN(CC(=O)N3CCCC3)C2)n1,1.632416797,train,butina,1,,,,
Cc1cccnc1Nc1cccc(C2CCCN(CC(=O)Nc3nccs3)C2)n1,0.637289548,train,butina,1,,,,
CN(C)C(=O)C1(Cc2ccccc2-c2ccccc2)CCN(C(=O)c2cnn(C)c2)CC1,1.146840934,train,butina,1,,,,
CC1(C)CC(=O)C2=C(C1)NC(=O)CC2c1ccc(Br)cc1,0.944630702,train,butina,1,,,,
CN1CCN(S(=O)(=O)c2ccc(-c3cnc(N)c(C(=O)Nc4cccnc4)n3)cc2)CC1,0.915558115,train,butina,1,,,,
CNC(=O)C1(Cc2ccc(-c3cccnc3)cc2)CCN(Cc2ccccc2Cl)C1,0.273695588,train,butina,1,,,,
Cc1cc(N2CCCC2c2cc(CCC(=O)O)cc(C)n2)ncn1,2.0,train,butina,1,,,,
O=C(CN1CCCC(c2cccc(Cc3cccc(F)c3)n2)C1)N1CCCC1,0.953856298,train,butina,1,,,,
COc1cc2ncnc(Nc3cccc(O)c3)c2cc1OC,0.650307523,train,butina,1,,,,
Cc1cc(C)c2c(N)c(C(=O)NCc3ccc(Cl)cc3)sc2n1,-0.185752404,train,butina,1,,,,
COCCNC(=O)c1ccnc(C2CCNCC2)c1,2.0,train,butina,1,,,,
COc1nc2sc(C(=O)NC3CC3)c(N)c2c(C)c1Cl,0.452093249,train,butina,1,,,,
CC1(CNC(=O)c2cncc(C3CCNCC3)n2)CCCO1,1.960042456,train,butina,1,,,,
O=C1NCCSc2c1sc1ccc(O)cc21,1.164679941,train,butina,1,,,,
CCn1cc(C(=O)O)c(=O)c2c(N)c(F)c(NC3CCCCC3)cc21,0.426673888,train,butina,1,,,,
COc1cc2nc(N3CCN(C(=O)c4ccco4)CC3)nc(N)c2cc1OC,1.371880249,train,butina,1,,,,
CC(CCc1ccccc1)NCC(O)c1ccc(O)c(C(N)=O)c1,1.65850745,train,butina,1,,,,
CC1(C)Cc2cc(NC(=O)c3cnn4cccnc34)c(OCC3CC3)nc2O1,0.38219721,train,butina,1,,,,
N#Cc1cc(F)c(NS(=O)(=O)c2c[nH]c3cc(Cl)ccc23)cc1F,-0.251811973,train,butina,1,,,,
CC(C)CC(NC(=O)C(O)C(N)Cc1ccccc1)C(=O)O,1.54052968,train,butina,1,,,,
COCCc1ccc(OCC(O)CNC(C)C)cc1,2.0,train,butina,1,,,,
COc1cc(Cc2cnc(N)nc2N)cc(OC)c1OC,1.855513099,train,butina,1,,,,
CC(C(=O)O)c1cccc(C(=O)c2ccccc2)c1,0.047274867,train,butina,1,,,,
COc1cc2c(cc1OC)CN(CCc1ccc(NC(=O)c3cccc4c(O)c5cccc(OC)c5nc34)cc1)CC2,-1.292429824,train,butina,1,,,,
C=CCc1ccccc1OCC(O)CNC(C)C,1.496029699,train,butina,1,,,,
NCCCC[C@H](N[C@@H](CCc1ccccc1)C(=O)O)C(=O)N1CCC[C@H]1C(=O)O,2.0,train,butina,1,,,,
COc1ccc([C@H]2c3[nH]c4ccc(Cl)cc4c3CCN2C(=O)Oc2ccc(Cl)cc2)cc1,1.754608223,train,butina,1,,,,
NC(=O)C1(Cc2ccc(-c3ccncc3)cc2)CCN(C(=O)Cc2cccc(F)c2)CC1,1.058463986,train,butina,1,,,,
CC(=O)Nc1ccc(O)cc1,1.916985305,train,butina,1,,,,
O=C(NC1CCNCC1)c1ccc2[nH]ncc2c1,1.92695435,train,butina,1,,,,
Cc1cccc(/C=N/Nc2cc(N3CCOCC3)nc(OCCc3ccccn3)n2)c1,-0.27572413,train,butina,1,,,,
COc1ccc(OC[C@@H]2c3cc(OC)c(OC)cc3CCN2C(=O)c2cccc(Cl)c2)cc1,0.232233521,train,butina,1,,,,
N#Cc1ccc(COc2cccc(C3CCN(Cc4nc5ccc(C(=O)O)cc5n4C[C@@H]4CCO4)CC3)n2)c(F)c1,0.312177356,train,butina,1,,,,
O=C(NC1CCNCC1)c1ccc2cn[nH]c2c1,1.70808081,train,butina,1,,,,
CC(=O)Nc1ncc(C(=O)O)s1,1.854123782,train,butina,1,,,,
COc1cc2nc(-c3cc(F)ccc3O)nc(N[C@@H]3CNC[C@H]3C(C)(C)O)c2cc1OC.Cl,-0.823908741,train,butina,1,,,,
CC(C)[C@@](C)(O)[C@@H]1CN(c2nc(-c3n[nH]c4ncccc34)c(F)cc2Cl)CCN1,0.622421274,train,butina,1,,,,
CNc1cc(Nc2cccn(-c3ccccn3)c2=O)nn2c(C(=O)N[C@@H]3C[C@@H]3F)cnc12,0.51851394,test,butina,1,0.9158244115100003,0.6170671344400005,0.6642435415999999,1.1966245841999994
COc1ccc(Cl)cc1C(=O)NCCc1ccc(S(=O)(=O)NC(=O)NC2CCCCC2)cc1,-0.943095149,test,butina,1,0.9601975188800005,0.6655641627399999,0.4976112223999997,0.09744389556000002
CCn1c(-c2nonc2N)nc2cnc(Oc3cccc(NC(=O)c4ccc(OCCN5CCOCC5)cc4)c3)cc21,-0.325138859,test,butina,1,0.8998105043100004,0.2792820716399998,0.42714373307000014,-0.14233959483000005
Cc1c[nH]c2nccc(Oc3c(F)cc(Nc4cc(Cl)nc(N)n4)cc3F)c12,-0.68613278,test,butina,1,0.5345066374399999,0.32845238645,0.64005960029,0.13454094958999996
CCCc1cc(N2CCc3c(nc(C4CC4)n3C)C2)n2ncnc2n1,1.388207807,test,butina,1,1.2417214138800003,1.0528296683100005,0.6985581073299998,0.9858353657599999
C=CC(=O)Nc1cccc(Oc2nc(Nc3ccc(N4CCN(C)CC4)cc3)nc3ccsc23)c1,-0.308918508,test,butina,1,0.5677156238199997,0.4155613152400002,0.35712108148,-0.18069648210000014
CC#CC(=O)N1CC[C@@H](n2cc(-c3ccc(Oc4c(F)cccc4F)cc3)c3c(N)n[nH]c(=O)c32)C1,-0.029188389,test,butina,1,0.44377569175000015,0.12486105759999999,0.4090982374899997,0.12412161169
C=CC(=O)Nc1cccc(Oc2nc(Nc3ccc(N4CCN(C)CC4)c(F)c3)nc3[nH]ccc23)c1,-0.139063379,test,butina,1,0.7702967232500001,0.32291435437999993,0.44068366876000015,-0.11850805177999998
Nc1ncc(-c2cccc(C(F)(F)F)c2)c(C2CCCCN2C(=O)c2ccccc2)n1,0.137354111,test,butina,1,0.6679688543400001,0.7760517760299998,0.7379473188100001,0.5062307081799997
CC(=O)Nc1ccc(C(=O)N2CCCCC2c2nc(N)ncc2-c2ccc(Cl)cc2)cc1,0.549861188,test,butina,1,1.2777126350499999,0.49028956740999996,0.7203467287499999,0.31996154745
CC(=O)Nc1ccc(C(=O)N2CCCCC2c2nc(N)ncc2-c2cccc(Cl)c2)cc1,0.584331224,test,butina,1,1.1291182148799996,0.4987950063999998,0.6641135335000001,0.32558596551999996
Cc1ncsc1C(=O)N1CCCCC1c1nc(N(C)C)ncc1-c1cccc(Cl)c1,0.021602716,test,butina,1,1.0375265103400002,0.45176499101999995,0.8373863808999998,0.34222650762999973
c1ccc(Oc2cccc(CN(CCN3CCOCC3)Cc3cccnc3)c2)cc1,0.142389466,test,butina,1,0.7801512831299998,0.6728516108299998,1.0645095641,0.7364120072199999
COc1ccc([C@H]2CN(C(C)=O)[C@@H]3CCCN(Cc4cccc(F)c4)[C@H]23)cc1,0.594060901,test,butina,1,1.140575240540001,0.8138543312000001,0.6427628991100001,0.9577202235800004
Nc1ncc(C(=O)NC2CN(C(=O)C3CC3)C2)c2ccc(-c3cccc(F)c3)nc12,0.38219721,test,butina,1,0.37400555574,0.7948987773900003,0.5461957355999997,1.1480094015499995
Cc1ncsc1C(=O)N1CCCCC1c1nc(N)ncc1-c1cccc(C(F)(F)F)c1,0.86254877,test,butina,1,0.9683890213799999,0.5948879475999997,0.8592672416799997,0.45902968406999983
O=C(CCNC(=O)c1ccc(OC(F)(F)F)cc1)N[C@@H]1CCCc2ccccc21,0.630427875,test,butina,1,0.81088303862,0.7339343119000005,0.8903687921899998,0.5739993237699997
O=S(=O)(c1cccc2cnccc12)N1CCCNCC1,1.844321821,test,butina,1,0.7951763493300001,1.3279900321500002,1.1470630724199997,1.6688940732400002
C=CC(=O)Nc1cccc(Oc2nc(Nc3ccc(N4CCN(C)CC4)cc3)nc3ccoc23)c1,-0.208309351,test,butina,1,0.5170354885399998,0.4746071577499999,0.32672817411999994,-0.15985189426
O=C(Nc1nc2cccc(-c3ccc(CN4CCS(=O)(=O)CC4)cc3)n2n1)C1CC1,1.601853652,test,butina,1,1.0699987723900002,0.8072772435000003,0.8631904802000002,1.1272856392799993
Cn1c(C2CC2)nc2c1CCN(c1ncnc3ccsc13)C2,1.192985379,test,butina,1,1.0852671268099998,0.9822716135800005,0.6511363117800001,0.8484183177500002
CCC1=C(C)CN(C(=O)NCCc2ccc(S(=O)(=O)NC(=O)N[C@H]3CC[C@H](C)CC3)cc2)C1=O,-1.638272164,test,butina,1,1.3933951430200002,1.0875177910300002,0.7635500994600004,0.44320096800999975
O=S(=O)(c1cccc2c(O)nccc12)N1CCCNCC1,1.990813743,test,butina,1,0.7680647506099999,1.130505264940001,1.0534355894900003,1.7559763217700013
Cc1cnc(C(=O)NCCc2ccc(S(=O)(=O)NC(=O)NC3CCCCC3)cc2)cn1,-0.204119983,test,butina,1,1.3760801777800002,1.0556073700500004,0.9564361116699999,1.2557448327700003
O=C(Nc1cccc2ncccc12)[C@H]1CCCN(S(=O)(=O)c2ccccc2)C1,1.091666958,test,butina,1,1.1240717128000002,0.71527152848,0.9711217974699997,0.6776209663799996
CCCCNC(=O)NS(=O)(=O)c1ccc(C)cc1,0.440121603,test,butina,1,1.4200697928200001,1.0427774756600001,0.8916163163499998,1.6940994576200001
CCCNC(=O)NS(=O)(=O)c1ccc(Cl)cc1,0.628286731,test,butina,1,1.3526951667500002,1.0661757335500006,0.8218839743100003,1.6187919849900008
Cc1cc(N2CCCC2)nc(C2CCCN(C)C2)n1,1.861522463,test,butina,1,1.1857349003100004,1.3178943876800002,1.0498348116,1.15351606831
Nc1nc(=O)c2ncn(COCCO)c2[nH]1,1.850860573,test,butina,1,0.8024769939799998,1.3688642098500006,1.00469617112,1.6446424703800009
CCCc1nc2nc(C)c(NS(=O)(=O)c3ccc(C4CCCCC4)cc3)c(O)n2n1,-0.137272472,test,butina,1,1.0940316878699996,0.51020511958,0.39772106453999995,0.5633507836099998
CCn1c(=O)oc2cc(NC(=O)c3ccc(C(C)(C)C)cc3)ccc21,0.180412633,test,butina,1,0.8002138800599997,0.5710779763000001,0.59455860205,0.3545741502699997
CC(C)[C@H](CO)Nc1nc(Nc2cc(N)cc(Cl)c2)c2ncn(C(C)C)c2n1,-0.099086932,test,butina,1,0.71625564408,0.48976285597,0.3068367314,0.34764294748999996
CC(C)(C)OC(=O)N1CCCC1C(=O)N1CCC(C(=O)N[C@@H](Cc2c[nH]c3ccccc23)C(=O)O)CC1,1.842553077,test,butina,1,0.85755677618,0.5810852707199997,1.1551625736600004,0.41995667097999984
O=C(Nc1cccc2c(=O)cc(-c3nnn[nH]3)oc12)c1ccc(OCCCCc2ccccc2)cc1,0.77224834,test,butina,1,0.8708626200300001,0.18356807909000003,0.5338117634799998,-0.20852413850000018
Cc1cccc(-c2nc(C34CCC(C(N)=O)(CC3)CC4)[nH]c2-c2ccc3c(c2)OCO3)n1,0.21031852,test,butina,1,0.89030604743,0.20709619568999998,0.38989780041999994,0.72365837192
CNc1cc(Nc2cccn(-c3ccccn3)c2=O)nn2c(C(=O)N[C@@H]3C[C@@H]3F)cnc12,0.51851394,train,butina,2,,,,
CN(c1ncc(F)cn1)[C@H]1CCCNC1,2.0,train,butina,2,,,,
CC(C)(Oc1ccc(-c2cnc(N)c(-c3ccc(Cl)cc3)c2)cc1)C(=O)O,-1.403402904,train,butina,2,,,,
CC#CC(=O)N[C@H]1CCCN(c2c(F)cc(C(N)=O)c3[nH]c(C)c(C)c23)C1,-0.639532816,train,butina,2,,,,
CC(C)NCC(O)COc1cccc2ccccc12,1.347759218,train,butina,2,,,,
COc1ccc(Cl)cc1C(=O)NCCc1ccc(S(=O)(=O)NC(=O)NC2CCCCC2)cc1,-0.943095149,train,butina,2,,,,
C=CC(=O)N1CCC[C@@H](n2nc(-c3ccc(Oc4ccccc4)cc3)c3c(N)ncnc32)C1,-0.35853,train,butina,2,,,,
CC(C)NC(=O)COc1cccc(-c2nc(Nc3ccc4[nH]ncc4c3)c3ccccc3n2)c1,-0.504455662,train,butina,2,,,,
CCS(=O)(=O)N1CC(CC#N)(n2cc(-c3ncnc4[nH]ccc34)cn2)C1,2.0,train,butina,2,,,,
COc1ccc(S(=O)(=O)N2CCC(N3CCC(C)CC3)CC2)cc1,1.626076768,train,butina,2,,,,
CCn1c(-c2nonc2N)nc2cnc(Oc3cccc(NC(=O)c4ccc(OCCN5CCOCC5)cc4)c3)cc21,-0.325138859,train,butina,2,,,,
CC1(C)CC[C@]2(NC(=O)C(C)(F)F)CC[C@]3(C)[C@H](C(=O)C=C4[C@@]3(C)CC[C@H]3C(C)(C)C(=O)C(C#N)=C[C@]43C)[C@@H]2C1,-0.055517328,train,butina,2,,,,
Cc1c[nH]c2nccc(Oc3c(F)cc(Nc4cc(Cl)nc(N)n4)cc3F)c12,-0.68613278,train,butina,2,,,,
COc1cc2c(cc1OC)CC(=O)N(CCCN(C)C[C@H]1Cc3cc(OC)c(OC)cc31)CC2,1.615139594,train,butina,2,,,,
N#Cc1ccc2[nH]c(O)c(-c3ccc(CN4CCOCC4)cn3)c2c1,1.072507236,train,butina,2,,,,
CCCc1cc(N2CCc3c(nc(C4CC4)n3C)C2)n2ncnc2n1,1.388207807,train,butina,2,,,,
Fc1ccc(-c2ccc3c(c2)[nH]c2ccncc23)cn1,0.640978057,train,butina,2,,,,
Nc1c(F)ccc2cnc(-n3ccc4ccncc43)cc12,0.631443769,train,butina,2,,,,
[2H]C([2H])([2H])NC(=O)c1nnc(NC(=O)C2CC2)cc1Nc1cccc(-c2ncn(C)n2)c1OC,1.236577565,train,butina,2,,,,
C=CC(=O)N1CCC(CNc2ncnc(N)c2-c2ccc(Oc3ccccc3)cc2)CC1,0.901294817,train,butina,2,,,,
Nc1n[nH]cc1-c1cc(Cl)ccc1Oc1cc(F)c(S(=O)(=O)Nc2cscn2)cc1Cl,-0.08249449,train,butina,2,,,,
Cn1cc(-c2cn3nccc3c(-c3cnn([C@]4(CC#N)C[C@@H](C#N)C4)c3)n2)cn1,1.364100521,train,butina,2,,,,
O=C(Nc1cccnc1)c1ccnc(NC(=O)C2CC2)c1,1.615287063,train,butina,2,,,,
O=C(c1ccc(Oc2ccccc2)cc1Cl)c1c[nH]c2ncnc(N[C@@H]3CC[C@@H](CO)OC3)c12,-0.295849483,train,butina,2,,,,
N#CC[C@H](C1CCCC1)n1cc(-c2ncnc3[nH]ccc23)cn1,1.244598701,train,butina,2,,,,
CC(C)(C)c1ccc(-c2nc3n(c(=O)c2C#N)CCS3)cc1,0.455758203,train,butina,2,,,,
C=CC(=O)Nc1cccc(Oc2nc(Nc3ccc(N4CCN(C)CC4)cc3)nc3ccsc23)c1,-0.308918508,train,butina,2,,,,
CC#CC(=O)N1CC[C@@H](n2c(=O)n(-c3ccc(Oc4ccccc4)cc3)c3c(N)ncnc32)C1,0.669595781,train,butina,2,,,,
C=CC(=O)N1CCC([C@@H]2CCNc3c(C(N)=O)c(-c4ccc(Oc5ccccc5)cc4)nn32)CC1,0.231979027,train,butina,2,,,,
C=CC(=O)N1CCC[C@H](n2c(=O)n(-c3ccc(Oc4ccccc4)cc3)c3c(N)ncnc32)C1,0.276231958,train,butina,2,,,,
CC(C)(C=C(C#N)C(=O)N1CCC[C@@H](n2nc(-c3ccc(Oc4ccccc4)cc3F)c3c(N)ncnc32)C1)N1CCN(C2COC2)CC1,0.123198075,train,butina,2,,,,
CC#CC(=O)N1CC[C@@H](n2cc(-c3ccc(Oc4c(F)cccc4F)cc3)c3c(N)n[nH]c(=O)c32)C1,-0.029188389,train,butina,2,,,,
C=CC(=O)Nc1cccc(Oc2nc(Nc3ccc(N4CCN(C)CC4)c(F)c3)nc3[nH]ccc23)c1,-0.139063379,train,butina,2,,,,
C[C@@H]1c2nnn(-c3ncc(F)cn3)c2CCN1C(=O)c1cccc(C(F)(F)F)c1Cl,1.240049772,train,butina,2,,,,
Nc1ncc(-c2cccc(C(F)(F)F)c2)c(C2CCCCN2C(=O)c2ccccc2)n1,0.137354111,train,butina,2,,,,
O=C(Nc1cccc(-c2nncn2C2CC2)c1)c1cc(-n2cnc(C3CC3)c2)ccn1,0.611935625,train,butina,2,,,,
Fc1ccccc1-c1c[nH]nc1C1CCCN1Cc1ccc2ncccc2c1,0.460897843,train,butina,2,,,,
CCc1nc(C)cn2nc(-c3cc(=O)n4cc(C5CCN(C)CC5)cc(C)c4n3)cc12,0.593618308,train,butina,2,,,,
Nc1ncnc2c1c(-c1ccc(Oc3ccccc3)cc1)nn2[C@@H]1CCCNC1,0.846275242,train,butina,2,,,,
Cc1nnc(CN(C)CC(C)Oc2ccc(Cl)c(Cl)c2)n1C,1.114444172,train,butina,2,,,,
COc1nn(C)cc1C(=O)Nc1cccc(-c2cnc3n2CCC3)c1,0.685562611,train,butina,2,,,,
Cc1ncc(CN2CC[C@@H](Nc3cncc(Cl)n3)[C@@H](C)C2)s1,1.264227348,train,butina,2,,,,
Cc1ccc(C(=O)N2CCC(Cc3ccccc3-c3ccccc3)(C(=O)N(C)C)CC2)s1,-0.590066877,train,butina,2,,,,
CCc1nc2c(C)cc(N3CCN(CC(=O)N4CC(O)C4)CC3)cn2c1N(C)c1nc(-c2ccc(F)cc2)c(C#N)s1,-0.434152181,train,butina,2,,,,
CN(C)C(=O)C1(Cc2ccccc2-c2ccccc2)CCN(C(=O)C2CCCO2)CC1,1.265713811,train,butina,2,,,,
CC(=O)Nc1ccc(C(=O)N2CCCCC2c2nc(N)ncc2-c2ccc(Cl)cc2)cc1,0.549861188,train,butina,2,,,,
CC(=O)Nc1ccc(C(=O)N2CCCCC2c2nc(N)ncc2-c2cccc(Cl)c2)cc1,0.584331224,train,butina,2,,,,
O=C1CN(c2ccc(Nc3nccc(C(F)(F)F)n3)cn2)CCN1,1.433497815,train,butina,2,,,,
C[C@H]1CN(C(=O)CC(c2ccccc2)c2ccccc2)C[C@@H](C)O1,0.718335579,train,butina,2,,,,
CN1[C@H]2CC[C@@H]1C[C@@H](OC(c1ccccc1)c1ccccc1)C2,1.180842415,train,butina,2,,,,
CC(C)(C)C(=O)N1CCC(Cc2ccc(-c3cccs3)cc2)(C(=O)N2CCCC2)CC1,0.008174184,train,butina,2,,,,
OC[C@H](Nc1cncc(-c2ccc3[nH]ncc3n2)c1)c1ccccc1,1.024690862,train,butina,2,,,,
Cc1ncsc1C(=O)N1CCCCC1c1nc(N(C)C)ncc1-c1cccc(Cl)c1,0.021602716,train,butina,2,,,,
OCC1CCCCN1Cc1ccc(Cl)c(Cl)c1,1.484982782,train,butina,2,,,,
CC(=O)N1CCN(c2nc(C(F)(F)F)nc3sc(C)c(C)c23)CC1,0.624282096,train,butina,2,,,,
c1ccc(Oc2cccc(CN(CCN3CCOCC3)Cc3cccnc3)c2)cc1,0.142389466,train,butina,2,,,,
COc1ccc([C@H]2CN(C(C)=O)[C@@H]3CCCN(Cc4cccc(F)c4)[C@H]23)cc1,0.594060901,train,butina,2,,,,
Cc1c(C(=O)NCCCN(C)C)sc2ncnc(Nc3ccc(F)cc3OC(C)C)c12,0.966376423,train,butina,2,,,,
OCC1CCCCN1Cc1ccc(-c2ccccc2)cc1,1.394924244,train,butina,2,,,,
Nc1ncc(C(=O)NC2CN(C(=O)C3CC3)C2)c2ccc(-c3cccc(F)c3)nc12,0.38219721,train,butina,2,,,,
CC1(C)CC(Oc2ccc(-c3ccc(-c4cn[nH]c4)cc3O)nn2)CC(C)(C)N1,1.241969612,train,butina,2,,,,
Cc1ncsc1C(=O)N1CCCCC1c1nc(N)ncc1-c1cccc(C(F)(F)F)c1,0.86254877,train,butina,2,,,,
O=C(CCNC(=O)c1ccc(OC(F)(F)F)cc1)N[C@@H]1CCCc2ccccc21,0.630427875,train,butina,2,,,,
O=S(=O)(c1cccc2cnccc12)N1CCCNCC1,1.844321821,train,butina,2,,,,
C=CC(=O)Nc1cccc(Oc2nc(Nc3ccc(N4CCN(C)CC4)cc3)nc3ccoc23)c1,-0.208309351,train,butina,2,,,,
CCN1CCN(S(=O)(=O)Cc2ccc(Cl)c(Cl)c2)CC1,1.071845201,train,butina,2,,,,
O=C(Nc1nc2cccc(-c3ccc(CN4CCS(=O)(=O)CC4)cc3)n2n1)C1CC1,1.601853652,train,butina,2,,,,
CCN(C/C=C\c1ccc(C2CCCCC2)c(Cl)c1)C1CCCCC1,-0.266802735,train,butina,2,,,,
NCCN1CCN(C/C=C/C(=O)N2CCC[C@@H](n3nc(-c4ccc(Oc5ccccc5)cc4)c4c(N)ncnc43)C2)CC1,0.686814955,train,butina,2,,,,
Cn1c(C2CC2)nc2c1CCN(c1ncnc3ccsc13)C2,1.192985379,train,butina,2,,,,
CC/C(=C(\c1ccccc1)c1ccc(OCCN(C)C)cc1)c1ccccc1,-0.341988603,train,butina,2,,,,
COc1nn(C)cc1C(=O)Nc1cccc2cnccc12,1.58945809,train,butina,2,,,,
CNC(=O)C1(Cc2ccc(-c3ccncc3)cc2)CCN(Cc2cccc(F)c2)C1,0.715167358,train,butina,2,,,,
Cc1ncc(CN2CCC(Nc3ccc4nnnn4n3)C(C)C2)s1,1.579154557,train,butina,2,,,,
Cc1nc(Nc2nccs2)cc(C2CN(c3ncccn3)C2)n1,0.374565061,train,butina,2,,,,
COc1ccc(Nc2c(C#N)cnc3cc(OC)c(OC)cc23)cc1Cl,0.115943177,train,butina,2,,,,
COc1ccc(CCCN2CCN(c3cnn(C)c3)C(=O)C2)cc1F,1.308414999,train,butina,2,,,,
Cc1noc(C(C)C)c1C(=O)N1CC(C)OC(c2ccccc2)C1,1.111934276,train,butina,2,,,,
CN(Cc1ccccc1)C1(C(=O)N2CCNC(=O)CC2)Cc2ccccc2C1,0.912806393,train,butina,2,,,,
CCC1=C(C)CN(C(=O)NCCc2ccc(S(=O)(=O)NC(=O)N[C@H]3CC[C@H](C)CC3)cc2)C1=O,-1.638272164,train,butina,2,,,,
O=S(=O)(c1cccc2c(O)nccc12)N1CCCNCC1,1.990813743,train,butina,2,,,,
CN(C)C(=O)C1(Cc2ccccc2-c2cccc(F)c2)CCN(C(=O)C2CC=CCC2)CC1,0.142702246,train,butina,2,,,,
COCC(=O)N1CCC(Cc2ccccc2-c2cccc(F)c2)(C(=O)NC(C)C)CC1,1.076967952,train,butina,2,,,,
C#C[C@@](C)(CC)NC(=O)c1cc(F)cnc1NC1CC(F)(F)C1,0.850278553,train,butina,2,,,,
Cc1cnc(C(=O)NCCc2ccc(S(=O)(=O)NC(=O)NC3CCCCC3)cc2)cn1,-0.204119983,train,butina,2,,,,
CNC(=O)C1(Cc2ccc(-c3cccnc3)cc2)CCN(Cc2ccc(F)cc2)C1,0.918868743,train,butina,2,,,,
CNC(=O)C1(Cc2ccc(-c3cccnc3)cc2)CCN(Cc2cccc(F)c2)C1,0.531095547,train,butina,2,,,,
CC(=O)Nc1ncc(CN2CCCC[C@@H]2C)s1,1.923109252,train,butina,2,,,,
O=C1CCCC[C@@H]2[C@H](C[C@@H](Cc3ccccc3F)N2C(=O)c2cccc3ncccc23)N1,1.348966512,train,butina,2,,,,
CCOc1cc(CC(=O)N[C@@H](CC(C)C)c2ccccc2N2CCCCC2)ccc1C(=O)O,-0.063486258,train,butina,2,,,,
CC(O)(C#Cc1ccc2c(c1)N(c1nc(N)ncc1Cl)CC2)c1nccs1,0.275311355,train,butina,2,,,,
COCCc1noc(CN2CC(c3ccccc3)(c3ccccc3)CCC2=O)n1,1.25166255,train,butina,2,,,,
Cc1[nH]nc2c1C1(CCCCC1)CC(=O)N2,1.284633733,train,butina,2,,,,
Cc1oc2ccccc2c1CNc1nnc(-c2ccncc2)o1,-0.172630727,train,butina,2,,,,
O=C(Nc1cccc2ncccc12)[C@H]1CCCN(S(=O)(=O)c2ccccc2)C1,1.091666958,train,butina,2,,,,
C[C@@H]1Cc2ccccc2N1C(=O)Cn1nc(-c2cccc3ncccc23)oc1=O,0.360404055,train,butina,2,,,,
Nc1ncnc2c1c(-c1cnc3[nH]ccc3c1)nn2C1CCCC1,0.780605306,train,butina,2,,,,
O=C(Nc1cnccc1-c1ccc(Cl)cc1)c1ccnc(NC(=O)C2CC2)c1,0.847634344,train,butina,2,,,,
CN1C(N)=N[C@](C)(c2cc(NC(=O)c3ccc(F)cn3)ccc2F)CS1(=O)=O,1.491417728,train,butina,2,,,,
CC1CN(C(=O)c2cccnc2N2CCOCC2)CC(c2ccccc2)O1,1.555686814,train,butina,2,,,,
CCCCNC(=O)NS(=O)(=O)c1ccc(C)cc1,0.440121603,train,butina,2,,,,
Cc1cc(Nc2cnccn2)cc(C2CCCN(CC(=O)N3CCCC3)C2)n1,1.632416797,train,butina,2,,,,
Cc1cccnc1Nc1cccc(C2CCCN(CC(=O)Nc3nccs3)C2)n1,0.637289548,train,butina,2,,,,
CN(C)C(=O)C1(Cc2ccccc2-c2ccccc2)CCN(C(=O)c2cnn(C)c2)CC1,1.146840934,train,butina,2,,,,
CC1(C)CC(=O)C2=C(C1)NC(=O)CC2c1ccc(Br)cc1,0.944630702,train,butina,2,,,,
CN1CCN(S(=O)(=O)c2ccc(-c3cnc(N)c(C(=O)Nc4cccnc4)n3)cc2)CC1,0.915558115,train,butina,2,,,,
Cc1cc(N2CCCC2c2cc(CCC(=O)O)cc(C)n2)ncn1,2.0,train,butina,2,,,,
CCCNC(=O)NS(=O)(=O)c1ccc(Cl)cc1,0.628286731,train,butina,2,,,,
O=C(CN1CCCC(c2cccc(Cc3cccc(F)c3)n2)C1)N1CCCC1,0.953856298,train,butina,2,,,,
COc1cc2ncnc(Nc3cccc(O)c3)c2cc1OC,0.650307523,train,butina,2,,,,
COCCNC(=O)c1ccnc(C2CCNCC2)c1,2.0,train,butina,2,,,,
CC1(CNC(=O)c2cncc(C3CCNCC3)n2)CCCO1,1.960042456,train,butina,2,,,,
Cc1cc(N2CCCC2)nc(C2CCCN(C)C2)n1,1.861522463,train,butina,2,,,,
COc1cc2nc(N3CCN(C(=O)c4ccco4)CC3)nc(N)c2cc1OC,1.371880249,train,butina,2,,,,
CC(CCc1ccccc1)NCC(O)c1ccc(O)c(C(N)=O)c1,1.65850745,train,butina,2,,,,
CC1(C)Cc2cc(NC(=O)c3cnn4cccnc34)c(OCC3CC3)nc2O1,0.38219721,train,butina,2,,,,
N#Cc1cc(F)c(NS(=O)(=O)c2c[nH]c3cc(Cl)ccc23)cc1F,-0.251811973,train,butina,2,,,,
CC(C)CC(NC(=O)C(O)C(N)Cc1ccccc1)C(=O)O,1.54052968,train,butina,2,,,,
COCCc1ccc(OCC(O)CNC(C)C)cc1,2.0,train,butina,2,,,,
COc1cc(Cc2cnc(N)nc2N)cc(OC)c1OC,1.855513099,train,butina,2,,,,
C=CCc1ccccc1OCC(O)CNC(C)C,1.496029699,train,butina,2,,,,
Nc1nc(=O)c2ncn(COCCO)c2[nH]1,1.850860573,train,butina,2,,,,
NCCCC[C@H](N[C@@H](CCc1ccccc1)C(=O)O)C(=O)N1CCC[C@H]1C(=O)O,2.0,train,butina,2,,,,
CCCc1nc2nc(C)c(NS(=O)(=O)c3ccc(C4CCCCC4)cc3)c(O)n2n1,-0.137272472,train,butina,2,,,,
COc1ccc([C@H]2c3[nH]c4ccc(Cl)cc4c3CCN2C(=O)Oc2ccc(Cl)cc2)cc1,1.754608223,train,butina,2,,,,
NC(=O)C1(Cc2ccc(-c3ccncc3)cc2)CCN(C(=O)Cc2cccc(F)c2)CC1,1.058463986,train,butina,2,,,,
O=C(NC1CCNCC1)c1ccc2[nH]ncc2c1,1.92695435,train,butina,2,,,,
Cc1cccc(/C=N/Nc2cc(N3CCOCC3)nc(OCCc3ccccn3)n2)c1,-0.27572413,train,butina,2,,,,
CCn1c(=O)oc2cc(NC(=O)c3ccc(C(C)(C)C)cc3)ccc21,0.180412633,train,butina,2,,,,
COc1ccc(OC[C@@H]2c3cc(OC)c(OC)cc3CCN2C(=O)c2cccc(Cl)c2)cc1,0.232233521,train,butina,2,,,,
CC(C)[C@H](CO)Nc1nc(Nc2cc(N)cc(Cl)c2)c2ncn(C(C)C)c2n1,-0.099086932,train,butina,2,,,,
O=C(NC1CCNCC1)c1ccc2cn[nH]c2c1,1.70808081,train,butina,2,,,,
CC(C)(C)OC(=O)N1CCCC1C(=O)N1CCC(C(=O)N[C@@H](Cc2c[nH]c3ccccc23)C(=O)O)CC1,1.842553077,train,butina,2,,,,
O=C(Nc1cccc2c(=O)cc(-c3nnn[nH]3)oc12)c1ccc(OCCCCc2ccccc2)cc1,0.77224834,train,butina,2,,,,
CC(=O)Nc1ncc(C(=O)O)s1,1.854123782,train,butina,2,,,,
Cc1cccc(-c2nc(C34CCC(C(N)=O)(CC3)CC4)[nH]c2-c2ccc3c(c2)OCO3)n1,0.21031852,train,butina,2,,,,
COc1cc2nc(-c3cc(F)ccc3O)nc(N[C@@H]3CNC[C@H]3C(C)(C)O)c2cc1OC.Cl,-0.823908741,train,butina,2,,,,
CCOc1cc2nn(CCC(C)(C)O)cc2cc1NC(=O)c1cccc(C(F)F)n1,0.268343914,test,butina,2,0.9333504660000002,0.48889103262,0.8504719980199998,0.42450820235000014
CC(C)(O)CCn1cc2cc(NC(=O)c3cccc(C(F)(F)F)n3)c(C(C)(C)O)cc2n1,1.092264361,test,butina,2,1.0748244575900001,0.43092026779999976,0.50912120373,0.3072026444399999
C=CC(=O)N1C[C@H](Nc2ncnc3[nH]ccc23)CC[C@@H]1C,1.74597993,test,butina,2,0.6200545061300002,1.310288799340001,0.9007464003000001,1.6668736621000004
Cn1cc(Nc2nccc(N3CC4CCC(C3)N4C(=O)[C@@H]3CC3(F)F)n2)cn1,1.786412441,test,butina,2,1.28592177966,0.9687339734000007,1.0884045265099995,1.2217577021099997
Cc1c(-c2c(F)cc(C(N)=O)c3[nH]c4c(c23)CC[C@H](C(C)(C)O)C4)cccc1-n1c(=O)c2cccc(F)c2n(C)c1=O,0.326540669,test,butina,2,0.5317074775000001,0.11042879833000001,0.49829487349999996,-0.18459882595000005
COc1ccccc1-c1cc(NC(=O)c2cccc(N3CCNC3=O)c2)[nH]n1,-0.742321425,test,butina,2,0.8634367252500003,0.7843481737000007,0.8753644140899997,0.62744071509
Cc1nccc(-c2cn(Cc3ccccc3)c3cnccc23)n1,1.207445854,test,butina,2,0.9569617515599999,0.84667391702,0.9200203755799997,0.45287837574999995
Cc1c(Cl)ccc2cc3n(c12)[C@@H](C)CNC3=O,0.696793085,test,butina,2,1.0252091812000006,1.0747088114800005,0.6669810615399997,1.1236579684900003
COc1cc(F)ccc1-c1ncnc(Nc2cccc(C[S@@](C)(=N)=O)c2)n1,1.574609941,test,butina,2,0.83461546324,0.6940792639799997,0.5535926420099999,0.36354876302999983
C[C@@H]1CCN(C(=O)CC#N)C[C@@H]1N(C)c1ncnc2[nH]ccc12,1.747124255,test,butina,2,1.268751215880001,1.2091413860300009,0.7442813983399997,1.6669504490499996
O=C1NCCN(C(=O)c2ccc3nccn3c2)C1c1ccccc1C(F)(F)F,1.801527189,test,butina,2,0.8410070278500003,0.8989533646499999,1.37599341554,0.9425298344200003
Cc1cc(F)ccc1C1C(=O)NCCN1C(=O)c1ccc2nccn2c1,1.950724994,test,butina,2,0.6759685676299999,0.9189744214499995,1.46170489319,0.97926174534
O=C1NCCN(C(=O)c2ccncc2)C1c1ccccc1Cl,1.868168158,test,butina,2,1.032791014210001,1.0750931549099996,1.5297959136900001,1.2612853851399999
COc1ccccc1C(=O)Nc1ccc2cc[nH]c2c1,0.571825249,test,butina,2,1.1159208646300005,1.0265295058599995,0.58045621234,0.9171033941799999
Cc1nnc(-c2ccc3occ(-c4ccc(S(C)=O)cc4)c3c2)o1,1.077985291,test,butina,2,0.58658367972,0.4076338176900001,0.4581469107199998,0.48780834321000005
O=C(Nc1ccc2ccccc2n1)c1ccc(N2CCOC2=O)cc1,0.069298012,test,butina,2,1.0995113717700007,0.87608972375,0.6589304480300002,0.60627250145
CCn1c(CO)nn(-c2cc(O[C@@H](C)C(F)(F)F)c(C(=O)Nc3c(F)cccc3Cl)cc2F)c1=O,0.876910311,test,butina,2,0.8267503833200002,0.21626288981999994,0.16647116211000004,0.2317418617899999
Cc1c(F)cccc1NC(=O)CN1[C@H]2CCCC(=O)N[C@@]2(C)C[C@H]1Cc1ccccc1,0.925312092,test,butina,2,0.9067188835900001,0.5804837363699998,0.98221343964,0.6489911711999996
Cc1ccc(NC(=O)CN2[C@H]3CCCC(=O)N[C@@]3(C)C[C@H]2Cc2ccccc2)cc1F,0.360971884,test,butina,2,0.5482273856700001,0.6171712974999998,0.6727132234699996,0.6362042318499995
COc1ccc(CNC(=O)c2sc3nc(C)cc(C)c3c2N)cc1,-0.18243463,test,butina,2,0.9651987272000003,0.6258886057499999,0.45659584997,0.5694402583000001
Cn1cc(Nc2nc(N)nc(-c3cccc(-n4ccc5cc(C6CC6)cc(F)c5c4=O)c3CO)n2)cn1,0.581038949,test,butina,2,0.9282723084000004,0.44544059510999995,0.25586321014999996,0.02807590833999999
CNC(=O)C1(Cc2ccc(-c3cccnc3)cc2)CCN(Cc2ccccc2Cl)C1,0.273695588,test,butina,2,0.8572750019300005,0.5627906175199999,0.7189060932500001,0.6373732855899996
Cc1cc(C)c2c(N)c(C(=O)NCc3ccc(Cl)cc3)sc2n1,-0.185752404,test,butina,2,0.9381847657800004,0.68383239589,0.45070373631999994,0.39792311553000004
COc1nc2sc(C(=O)NC3CC3)c(N)c2c(C)c1Cl,0.452093249,test,butina,2,1.231966650020001,1.1301038284900005,0.4108569205800001,1.3294898244700002
O=C1NCCSc2c1sc1ccc(O)cc21,1.164679941,test,butina,2,0.9629830419600002,1.251170918410001,0.5855631192099999,1.2902665596400005
CCn1cc(C(=O)O)c(=O)c2c(N)c(F)c(NC3CCCCC3)cc21,0.426673888,test,butina,2,0.8603432362900003,0.6222616184900002,0.7374642272199996,0.56351537258
CC(C(=O)O)c1cccc(C(=O)c2ccccc2)c1,0.047274867,test,butina,2,1.0297155774900002,1.1075324893500003,0.8868241893100002,0.9178513043600001
COc1cc2c(cc1OC)CN(CCc1ccc(NC(=O)c3cccc4c(O)c5cccc(OC)c5nc34)cc1)CC2,-1.292429824,test,butina,2,0.91432124914,0.05928943912000001,0.25509026547999986,0.028905387799999925
CC(=O)Nc1ccc(O)cc1,1.916985305,test,butina,2,1.2353079345400004,1.3739462256800004,0.6023627126200002,1.6411570238100004
N#Cc1ccc(COc2cccc(C3CCN(Cc4nc5ccc(C(=O)O)cc5n4C[C@@H]4CCO4)CC3)n2)c(F)c1,0.312177356,test,butina,2,0.5519421695399999,0.21261376296999987,0.4474555503500002,0.12064460157000005
CC(C)[C@@](C)(O)[C@@H]1CN(c2nc(-c3n[nH]c4ncccc34)c(F)cc2Cl)CCN1,0.622421274,test,butina,2,0.62089093076,0.6558733516899994,0.7187100259000003,0.6031428713299996
CNc1cc(Nc2cccn(-c3ccccn3)c2=O)nn2c(C(=O)N[C@@H]3C[C@@H]3F)cnc12,0.51851394,train,butina,3,,,,
CCOc1cc2nn(CCC(C)(C)O)cc2cc1NC(=O)c1cccc(C(F)F)n1,0.268343914,train,butina,3,,,,
CN(c1ncc(F)cn1)[C@H]1CCCNC1,2.0,train,butina,3,,,,
CC(C)(Oc1ccc(-c2cnc(N)c(-c3ccc(Cl)cc3)c2)cc1)C(=O)O,-1.403402904,train,butina,3,,,,
CC(C)(O)CCn1cc2cc(NC(=O)c3cccc(C(F)(F)F)n3)c(C(C)(C)O)cc2n1,1.092264361,train,butina,3,,,,
CC(C)NCC(O)COc1cccc2ccccc12,1.347759218,train,butina,3,,,,
COc1ccc(Cl)cc1C(=O)NCCc1ccc(S(=O)(=O)NC(=O)NC2CCCCC2)cc1,-0.943095149,train,butina,3,,,,
C=CC(=O)N1CCC[C@@H](n2nc(-c3ccc(Oc4ccccc4)cc3)c3c(N)ncnc32)C1,-0.35853,train,butina,3,,,,
CC(C)NC(=O)COc1cccc(-c2nc(Nc3ccc4[nH]ncc4c3)c3ccccc3n2)c1,-0.504455662,train,butina,3,,,,
CCn1c(-c2nonc2N)nc2cnc(Oc3cccc(NC(=O)c4ccc(OCCN5CCOCC5)cc4)c3)cc21,-0.325138859,train,butina,3,,,,
CC1(C)CC[C@]2(NC(=O)C(C)(F)F)CC[C@]3(C)[C@H](C(=O)C=C4[C@@]3(C)CC[C@H]3C(C)(C)C(=O)C(C#N)=C[C@]43C)[C@@H]2C1,-0.055517328,train,butina,3,,,,
Cc1c[nH]c2nccc(Oc3c(F)cc(Nc4cc(Cl)nc(N)n4)cc3F)c12,-0.68613278,train,butina,3,,,,
COc1cc2c(cc1OC)CC(=O)N(CCCN(C)C[C@H]1Cc3cc(OC)c(OC)cc31)CC2,1.615139594,train,butina,3,,,,
N#Cc1ccc2[nH]c(O)c(-c3ccc(CN4CCOCC4)cn3)c2c1,1.072507236,train,butina,3,,,,
CCCc1cc(N2CCc3c(nc(C4CC4)n3C)C2)n2ncnc2n1,1.388207807,train,butina,3,,,,
Fc1ccc(-c2ccc3c(c2)[nH]c2ccncc23)cn1,0.640978057,train,butina,3,,,,
Nc1c(F)ccc2cnc(-n3ccc4ccncc43)cc12,0.631443769,train,butina,3,,,,
C=CC(=O)N1C[C@H](Nc2ncnc3[nH]ccc23)CC[C@@H]1C,1.74597993,train,butina,3,,,,
Cn1cc(Nc2nccc(N3CC4CCC(C3)N4C(=O)[C@@H]3CC3(F)F)n2)cn1,1.786412441,train,butina,3,,,,
C=CC(=O)N1CCC(CNc2ncnc(N)c2-c2ccc(Oc3ccccc3)cc2)CC1,0.901294817,train,butina,3,,,,
Cc1c(-c2c(F)cc(C(N)=O)c3[nH]c4c(c23)CC[C@H](C(C)(C)O)C4)cccc1-n1c(=O)c2cccc(F)c2n(C)c1=O,0.326540669,train,butina,3,,,,
O=C(Nc1cccnc1)c1ccnc(NC(=O)C2CC2)c1,1.615287063,train,butina,3,,,,
O=C(c1ccc(Oc2ccccc2)cc1Cl)c1c[nH]c2ncnc(N[C@@H]3CC[C@@H](CO)OC3)c12,-0.295849483,train,butina,3,,,,
CC(C)(C)c1ccc(-c2nc3n(c(=O)c2C#N)CCS3)cc1,0.455758203,train,butina,3,,,,
C=CC(=O)Nc1cccc(Oc2nc(Nc3ccc(N4CCN(C)CC4)cc3)nc3ccsc23)c1,-0.308918508,train,butina,3,,,,
CC#CC(=O)N1CC[C@@H](n2c(=O)n(-c3ccc(Oc4ccccc4)cc3)c3c(N)ncnc32)C1,0.669595781,train,butina,3,,,,
C=CC(=O)N1CCC([C@@H]2CCNc3c(C(N)=O)c(-c4ccc(Oc5ccccc5)cc4)nn32)CC1,0.231979027,train,butina,3,,,,
C=CC(=O)N1CCC[C@H](n2c(=O)n(-c3ccc(Oc4ccccc4)cc3)c3c(N)ncnc32)C1,0.276231958,train,butina,3,,,,
CC(C)(C=C(C#N)C(=O)N1CCC[C@@H](n2nc(-c3ccc(Oc4ccccc4)cc3F)c3c(N)ncnc32)C1)N1CCN(C2COC2)CC1,0.123198075,train,butina,3,,,,
CC#CC(=O)N1CC[C@@H](n2cc(-c3ccc(Oc4c(F)cccc4F)cc3)c3c(N)n[nH]c(=O)c32)C1,-0.029188389,train,butina,3,,,,
C=CC(=O)Nc1cccc(Oc2nc(Nc3ccc(N4CCN(C)CC4)c(F)c3)nc3[nH]ccc23)c1,-0.139063379,train,butina,3,,,,
C[C@@H]1c2nnn(-c3ncc(F)cn3)c2CCN1C(=O)c1cccc(C(F)(F)F)c1Cl,1.240049772,train,butina,3,,,,
COc1ccccc1-c1cc(NC(=O)c2cccc(N3CCNC3=O)c2)[nH]n1,-0.742321425,train,butina,3,,,,
Nc1ncc(-c2cccc(C(F)(F)F)c2)c(C2CCCCN2C(=O)c2ccccc2)n1,0.137354111,train,butina,3,,,,
Fc1ccccc1-c1c[nH]nc1C1CCCN1Cc1ccc2ncccc2c1,0.460897843,train,butina,3,,,,
Cc1nccc(-c2cn(Cc3ccccc3)c3cnccc23)n1,1.207445854,train,butina,3,,,,
Cc1c(Cl)ccc2cc3n(c12)[C@@H](C)CNC3=O,0.696793085,train,butina,3,,,,
Nc1ncnc2c1c(-c1ccc(Oc3ccccc3)cc1)nn2[C@@H]1CCCNC1,0.846275242,train,butina,3,,,,
Cc1nnc(CN(C)CC(C)Oc2ccc(Cl)c(Cl)c2)n1C,1.114444172,train,butina,3,,,,
COc1nn(C)cc1C(=O)Nc1cccc(-c2cnc3n2CCC3)c1,0.685562611,train,butina,3,,,,
COc1cc(F)ccc1-c1ncnc(Nc2cccc(C[S@@](C)(=N)=O)c2)n1,1.574609941,train,butina,3,,,,
Cc1ccc(C(=O)N2CCC(Cc3ccccc3-c3ccccc3)(C(=O)N(C)C)CC2)s1,-0.590066877,train,butina,3,,,,
CCc1nc2c(C)cc(N3CCN(CC(=O)N4CC(O)C4)CC3)cn2c1N(C)c1nc(-c2ccc(F)cc2)c(C#N)s1,-0.434152181,train,butina,3,,,,
C[C@@H]1CCN(C(=O)CC#N)C[C@@H]1N(C)c1ncnc2[nH]ccc12,1.747124255,train,butina,3,,,,
CN(C)C(=O)C1(Cc2ccccc2-c2ccccc2)CCN(C(=O)C2CCCO2)CC1,1.265713811,train,butina,3,,,,
CC(=O)Nc1ccc(C(=O)N2CCCCC2c2nc(N)ncc2-c2ccc(Cl)cc2)cc1,0.549861188,train,butina,3,,,,
CC(=O)Nc1ccc(C(=O)N2CCCCC2c2nc(N)ncc2-c2cccc(Cl)c2)cc1,0.584331224,train,butina,3,,,,
O=C1CN(c2ccc(Nc3nccc(C(F)(F)F)n3)cn2)CCN1,1.433497815,train,butina,3,,,,
O=C1NCCN(C(=O)c2ccc3nccn3c2)C1c1ccccc1C(F)(F)F,1.801527189,train,butina,3,,,,
Cc1cc(F)ccc1C1C(=O)NCCN1C(=O)c1ccc2nccn2c1,1.950724994,train,butina,3,,,,
O=C1NCCN(C(=O)c2ccncc2)C1c1ccccc1Cl,1.868168158,train,butina,3,,,,
C[C@H]1CN(C(=O)CC(c2ccccc2)c2ccccc2)C[C@@H](C)O1,0.718335579,train,butina,3,,,,
CN1[C@H]2CC[C@@H]1C[C@@H](OC(c1ccccc1)c1ccccc1)C2,1.180842415,train,butina,3,,,,
CC(C)(C)C(=O)N1CCC(Cc2ccc(-c3cccs3)cc2)(C(=O)N2CCCC2)CC1,0.008174184,train,butina,3,,,,
Cc1ncsc1C(=O)N1CCCCC1c1nc(N(C)C)ncc1-c1cccc(Cl)c1,0.021602716,train,butina,3,,,,
OCC1CCCCN1Cc1ccc(Cl)c(Cl)c1,1.484982782,train,butina,3,,,,
CC(=O)N1CCN(c2nc(C(F)(F)F)nc3sc(C)c(C)c23)CC1,0.624282096,train,butina,3,,,,
COc1ccccc1C(=O)Nc1ccc2cc[nH]c2c1,0.571825249,train,butina,3,,,,
c1ccc(Oc2cccc(CN(CCN3CCOCC3)Cc3cccnc3)c2)cc1,0.142389466,train,butina,3,,,,
COc1ccc([C@H]2CN(C(C)=O)[C@@H]3CCCN(Cc4cccc(F)c4)[C@H]23)cc1,0.594060901,train,butina,3,,,,
OCC1CCCCN1Cc1ccc(-c2ccccc2)cc1,1.394924244,train,butina,3,,,,
Nc1ncc(C(=O)NC2CN(C(=O)C3CC3)C2)c2ccc(-c3cccc(F)c3)nc12,0.38219721,train,butina,3,,,,
Cc1nnc(-c2ccc3occ(-c4ccc(S(C)=O)cc4)c3c2)o1,1.077985291,train,butina,3,,,,
Cc1ncsc1C(=O)N1CCCCC1c1nc(N)ncc1-c1cccc(C(F)(F)F)c1,0.86254877,train,butina,3,,,,
O=C(Nc1ccc2ccccc2n1)c1ccc(N2CCOC2=O)cc1,0.069298012,train,butina,3,,,,
O=C(CCNC(=O)c1ccc(OC(F)(F)F)cc1)N[C@@H]1CCCc2ccccc21,0.630427875,train,butina,3,,,,
O=S(=O)(c1cccc2cnccc12)N1CCCNCC1,1.844321821,train,butina,3,,,,
C=CC(=O)Nc1cccc(Oc2nc(Nc3ccc(N4CCN(C)CC4)cc3)nc3ccoc23)c1,-0.208309351,train,butina,3,,,,
CCN1CCN(S(=O)(=O)Cc2ccc(Cl)c(Cl)c2)CC1,1.071845201,train,butina,3,,,,
O=C(Nc1nc2cccc(-c3ccc(CN4CCS(=O)(=O)CC4)cc3)n2n1)C1CC1,1.601853652,train,butina,3,,,,
CCn1c(CO)nn(-c2cc(O[C@@H](C)C(F)(F)F)c(C(=O)Nc3c(F)cccc3Cl)cc2F)c1=O,0.876910311,train,butina,3,,,,
CCN(C/C=C\c1ccc(C2CCCCC2)c(Cl)c1)C1CCCCC1,-0.266802735,train,butina,3,,,,
NCCN1CCN(C/C=C/C(=O)N2CCC[C@@H](n3nc(-c4ccc(Oc5ccccc5)cc4)c4c(N)ncnc43)C2)CC1,0.686814955,train,butina,3,,,,
Cn1c(C2CC2)nc2c1CCN(c1ncnc3ccsc13)C2,1.192985379,train,butina,3,,,,
CC/C(=C(\c1ccccc1)c1ccc(OCCN(C)C)cc1)c1ccccc1,-0.341988603,train,butina,3,,,,
COc1nn(C)cc1C(=O)Nc1cccc2cnccc12,1.58945809,train,butina,3,,,,
CNC(=O)C1(Cc2ccc(-c3ccncc3)cc2)CCN(Cc2cccc(F)c2)C1,0.715167358,train,butina,3,,,,
Cc1nc(Nc2nccs2)cc(C2CN(c3ncccn3)C2)n1,0.374565061,train,butina,3,,,,
COc1ccc(Nc2c(C#N)cnc3cc(OC)c(OC)cc23)cc1Cl,0.115943177,train,butina,3,,,,
Cc1noc(C(C)C)c1C(=O)N1CC(C)OC(c2ccccc2)C1,1.111934276,train,butina,3,,,,
CN(Cc1ccccc1)C1(C(=O)N2CCNC(=O)CC2)Cc2ccccc2C1,0.912806393,train,butina,3,,,,
Cc1c(F)cccc1NC(=O)CN1[C@H]2CCCC(=O)N[C@@]2(C)C[C@H]1Cc1ccccc1,0.925312092,train,butina,3,,,,
CCC1=C(C)CN(C(=O)NCCc2ccc(S(=O)(=O)NC(=O)N[C@H]3CC[C@H](C)CC3)cc2)C1=O,-1.638272164,train,butina,3,,,,
O=S(=O)(c1cccc2c(O)nccc12)N1CCCNCC1,1.990813743,train,butina,3,,,,
Cc1ccc(NC(=O)CN2[C@H]3CCCC(=O)N[C@@]3(C)C[C@H]2Cc2ccccc2)cc1F,0.360971884,train,butina,3,,,,
CN(C)C(=O)C1(Cc2ccccc2-c2cccc(F)c2)CCN(C(=O)C2CC=CCC2)CC1,0.142702246,train,butina,3,,,,
COCC(=O)N1CCC(Cc2ccccc2-c2cccc(F)c2)(C(=O)NC(C)C)CC1,1.076967952,train,butina,3,,,,
COc1ccc(CNC(=O)c2sc3nc(C)cc(C)c3c2N)cc1,-0.18243463,train,butina,3,,,,
C#C[C@@](C)(CC)NC(=O)c1cc(F)cnc1NC1CC(F)(F)C1,0.850278553,train,butina,3,,,,
Cn1cc(Nc2nc(N)nc(-c3cccc(-n4ccc5cc(C6CC6)cc(F)c5c4=O)c3CO)n2)cn1,0.581038949,train,butina,3,,,,
Cc1cnc(C(=O)NCCc2ccc(S(=O)(=O)NC(=O)NC3CCCCC3)cc2)cn1,-0.204119983,train,butina,3,,,,
CNC(=O)C1(Cc2ccc(-c3cccnc3)cc2)CCN(Cc2ccc(F)cc2)C1,0.918868743,train,butina,3,,,,
CNC(=O)C1(Cc2ccc(-c3cccnc3)cc2)CCN(Cc2cccc(F)c2)C1,0.531095547,train,butina,3,,,,
CCOc1cc(CC(=O)N[C@@H](CC(C)C)c2ccccc2N2CCCCC2)ccc1C(=O)O,-0.063486258,train,butina,3,,,,
COCCc1noc(CN2CC(c3ccccc3)(c3ccccc3)CCC2=O)n1,1.25166255,train,butina,3,,,,
Cc1oc2ccccc2c1CNc1nnc(-c2ccncc2)o1,-0.172630727,train,butina,3,,,,
O=C(Nc1cccc2ncccc12)[C@H]1CCCN(S(=O)(=O)c2ccccc2)C1,1.091666958,train,butina,3,,,,
Nc1ncnc2c1c(-c1cnc3[nH]ccc3c1)nn2C1CCCC1,0.780605306,train,butina,3,,,,
O=C(Nc1cnccc1-c1ccc(Cl)cc1)c1ccnc(NC(=O)C2CC2)c1,0.847634344,train,butina,3,,,,
CC1CN(C(=O)c2cccnc2N2CCOCC2)CC(c2ccccc2)O1,1.555686814,train,butina,3,,,,
CCCCNC(=O)NS(=O)(=O)c1ccc(C)cc1,0.440121603,train,butina,3,,,,
Cc1cc(Nc2cnccn2)cc(C2CCCN(CC(=O)N3CCCC3)C2)n1,1.632416797,train,butina,3,,,,
Cc1cccnc1Nc1cccc(C2CCCN(CC(=O)Nc3nccs3)C2)n1,0.637289548,train,butina,3,,,,
CN(C)C(=O)C1(Cc2ccccc2-c2ccccc2)CCN(C(=O)c2cnn(C)c2)CC1,1.146840934,train,butina,3,,,,
CC1(C)CC(=O)C2=C(C1)NC(=O)CC2c1ccc(Br)cc1,0.944630702,train,butina,3,,,,
CNC(=O)C1(Cc2ccc(-c3cccnc3)cc2)CCN(Cc2ccccc2Cl)C1,0.273695588,train,butina,3,,,,
Cc1cc(N2CCCC2c2cc(CCC(=O)O)cc(C)n2)ncn1,2.0,train,butina,3,,,,
CCCNC(=O)NS(=O)(=O)c1ccc(Cl)cc1,0.628286731,train,butina,3,,,,
COc1cc2ncnc(Nc3cccc(O)c3)c2cc1OC,0.650307523,train,butina,3,,,,
Cc1cc(C)c2c(N)c(C(=O)NCc3ccc(Cl)cc3)sc2n1,-0.185752404,train,butina,3,,,,
COCCNC(=O)c1ccnc(C2CCNCC2)c1,2.0,train,butina,3,,,,
COc1nc2sc(C(=O)NC3CC3)c(N)c2c(C)c1Cl,0.452093249,train,butina,3,,,,
CC1(CNC(=O)c2cncc(C3CCNCC3)n2)CCCO1,1.960042456,train,butina,3,,,,
Cc1cc(N2CCCC2)nc(C2CCCN(C)C2)n1,1.861522463,train,butina,3,,,,
O=C1NCCSc2c1sc1ccc(O)cc21,1.164679941,train,butina,3,,,,
CCn1cc(C(=O)O)c(=O)c2c(N)c(F)c(NC3CCCCC3)cc21,0.426673888,train,butina,3,,,,
COc1cc2nc(N3CCN(C(=O)c4ccco4)CC3)nc(N)c2cc1OC,1.371880249,train,butina,3,,,,
CC(CCc1ccccc1)NCC(O)c1ccc(O)c(C(N)=O)c1,1.65850745,train,butina,3,,,,
CC1(C)Cc2cc(NC(=O)c3cnn4cccnc34)c(OCC3CC3)nc2O1,0.38219721,train,butina,3,,,,
N#Cc1cc(F)c(NS(=O)(=O)c2c[nH]c3cc(Cl)ccc23)cc1F,-0.251811973,train,butina,3,,,,
CC(C)CC(NC(=O)C(O)C(N)Cc1ccccc1)C(=O)O,1.54052968,train,butina,3,,,,
COCCc1ccc(OCC(O)CNC(C)C)cc1,2.0,train,butina,3,,,,
COc1cc(Cc2cnc(N)nc2N)cc(OC)c1OC,1.855513099,train,butina,3,,,,
CC(C(=O)O)c1cccc(C(=O)c2ccccc2)c1,0.047274867,train,butina,3,,,,
COc1cc2c(cc1OC)CN(CCc1ccc(NC(=O)c3cccc4c(O)c5cccc(OC)c5nc34)cc1)CC2,-1.292429824,train,butina,3,,,,
C=CCc1ccccc1OCC(O)CNC(C)C,1.496029699,train,butina,3,,,,
Nc1nc(=O)c2ncn(COCCO)c2[nH]1,1.850860573,train,butina,3,,,,
NCCCC[C@H](N[C@@H](CCc1ccccc1)C(=O)O)C(=O)N1CCC[C@H]1C(=O)O,2.0,train,butina,3,,,,
CCCc1nc2nc(C)c(NS(=O)(=O)c3ccc(C4CCCCC4)cc3)c(O)n2n1,-0.137272472,train,butina,3,,,,
NC(=O)C1(Cc2ccc(-c3ccncc3)cc2)CCN(C(=O)Cc2cccc(F)c2)CC1,1.058463986,train,butina,3,,,,
CC(=O)Nc1ccc(O)cc1,1.916985305,train,butina,3,,,,
O=C(NC1CCNCC1)c1ccc2[nH]ncc2c1,1.92695435,train,butina,3,,,,
Cc1cccc(/C=N/Nc2cc(N3CCOCC3)nc(OCCc3ccccn3)n2)c1,-0.27572413,train,butina,3,,,,
CCn1c(=O)oc2cc(NC(=O)c3ccc(C(C)(C)C)cc3)ccc21,0.180412633,train,butina,3,,,,
N#Cc1ccc(COc2cccc(C3CCN(Cc4nc5ccc(C(=O)O)cc5n4C[C@@H]4CCO4)CC3)n2)c(F)c1,0.312177356,train,butina,3,,,,
CC(C)[C@H](CO)Nc1nc(Nc2cc(N)cc(Cl)c2)c2ncn(C(C)C)c2n1,-0.099086932,train,butina,3,,,,
O=C(NC1CCNCC1)c1ccc2cn[nH]c2c1,1.70808081,train,butina,3,,,,
CC(C)(C)OC(=O)N1CCCC1C(=O)N1CCC(C(=O)N[C@@H](Cc2c[nH]c3ccccc23)C(=O)O)CC1,1.842553077,train,butina,3,,,,
O=C(Nc1cccc2c(=O)cc(-c3nnn[nH]3)oc12)c1ccc(OCCCCc2ccccc2)cc1,0.77224834,train,butina,3,,,,
Cc1cccc(-c2nc(C34CCC(C(N)=O)(CC3)CC4)[nH]c2-c2ccc3c(c2)OCO3)n1,0.21031852,train,butina,3,,,,
COc1cc2nc(-c3cc(F)ccc3O)nc(N[C@@H]3CNC[C@H]3C(C)(C)O)c2cc1OC.Cl,-0.823908741,train,butina,3,,,,
CC(C)[C@@](C)(O)[C@@H]1CN(c2nc(-c3n[nH]c4ncccc34)c(F)cc2Cl)CCN1,0.622421274,train,butina,3,,,,
CC#CC(=O)N[C@H]1CCCN(c2c(F)cc(C(N)=O)c3[nH]c(C)c(C)c23)C1,-0.639532816,test,butina,3,0.7946084776000003,1.0318009400900001,0.4453025718399998,1.18840460605
CCS(=O)(=O)N1CC(CC#N)(n2cc(-c3ncnc4[nH]ccc34)cn2)C1,2.0,test,butina,3,0.3081976785000001,0.84410363573,0.7186629875200002,0.7977812685900001
COc1ccc(S(=O)(=O)N2CCC(N3CCC(C)CC3)CC2)cc1,1.626076768,test,butina,3,0.6757496224300001,0.9511279367400002,0.98359032055,1.4351920055100005
[2H]C([2H])([2H])NC(=O)c1nnc(NC(=O)C2CC2)cc1Nc1cccc(-c2ncn(C)n2)c1OC,1.236577565,test,butina,3,0.8438762318999999,0.59789984843,0.5420141225299999,1.1948909872600004
Nc1n[nH]cc1-c1cc(Cl)ccc1Oc1cc(F)c(S(=O)(=O)Nc2cscn2)cc1Cl,-0.08249449,test,butina,3,0.29715228604000005,0.07645108500000003,0.4543266403999999,-0.38722455633000025
Cn1cc(-c2cn3nccc3c(-c3cnn([C@]4(CC#N)C[C@@H](C#N)C4)c3)n2)cn1,1.364100521,test,butina,3,-0.003522269140000014,0.75275823877,0.56111571189,1.0899036183600006
N#CC[C@H](C1CCCC1)n1cc(-c2ncnc3[nH]ccc23)cn1,1.244598701,test,butina,3,1.1095215884600007,1.0662928979899997,0.8323018518400005,0.9661979553700002
O=C(Nc1cccc(-c2nncn2C2CC2)c1)c1cc(-n2cnc(C3CC3)c2)ccn1,0.611935625,test,butina,3,0.60345832944,0.5490897720900001,0.8723592965600004,0.3176074251899999
CCc1nc(C)cn2nc(-c3cc(=O)n4cc(C5CCN(C)CC5)cc(C)c4n3)cc12,0.593618308,test,butina,3,0.84951400874,0.4498083086599998,0.6104508243700001,0.31265875550999994
Cc1ncc(CN2CC[C@@H](Nc3cncc(Cl)n3)[C@@H](C)C2)s1,1.264227348,test,butina,3,0.8595844034900001,0.9918531124800001,0.7653464955600002,0.78466158119
OC[C@H](Nc1cncc(-c2ccc3[nH]ncc3n2)c1)c1ccccc1,1.024690862,test,butina,3,0.7549412632200001,0.5317289783599997,0.78143484018,0.3340709376399999
Cc1c(C(=O)NCCCN(C)C)sc2ncnc(Nc3ccc(F)cc3OC(C)C)c12,0.966376423,test,butina,3,0.6490381160000002,-0.06735753763999998,0.23179946728999987,-0.12098632573
CC1(C)CC(Oc2ccc(-c3ccc(-c4cn[nH]c4)cc3O)nn2)CC(C)(C)N1,1.241969612,test,butina,3,0.70365551281,0.27059858875999987,0.5643756138199998,0.6266647832799996
Cc1ncc(CN2CCC(Nc3ccc4nnnn4n3)C(C)C2)s1,1.579154557,test,butina,3,0.43759144517999976,1.2893138814099998,1.0823570749800004,1.5478098954500001
COc1ccc(CCCN2CCN(c3cnn(C)c3)C(=O)C2)cc1F,1.308414999,test,butina,3,0.97172221522,1.16157835209,0.7994353495400003,1.6368498232100004
CC(=O)Nc1ncc(CN2CCCC[C@@H]2C)s1,1.923109252,test,butina,3,1.10082639542,1.2043144071600005,1.0037664358299998,1.4133687950100002
O=C1CCCC[C@@H]2[C@H](C[C@@H](Cc3ccccc3F)N2C(=O)c2cccc3ncccc23)N1,1.348966512,test,butina,3,0.5144849169500002,0.54186960941,0.9819245701200003,0.5290163783599998
CC(O)(C#Cc1ccc2c(c1)N(c1nc(N)ncc1Cl)CC2)c1nccs1,0.275311355,test,butina,3,0.6742207645200001,0.7007177816399998,0.8414999186100001,0.5310526716699997
Cc1[nH]nc2c1C1(CCCCC1)CC(=O)N2,1.284633733,test,butina,3,0.9859792837800004,1.2492783375500007,0.9706824244200001,1.6011579395300002
C[C@@H]1Cc2ccccc2N1C(=O)Cn1nc(-c2cccc3ncccc23)oc1=O,0.360404055,test,butina,3,0.37948110538000024,0.4131349869999999,0.8139236677699999,0.5331126798799998
CN1C(N)=N[C@](C)(c2cc(NC(=O)c3ccc(F)cn3)ccc2F)CS1(=O)=O,1.491417728,test,butina,3,0.6571099795000004,0.9669297108600001,0.6640174800799999,0.7335891427700001
CN1CCN(S(=O)(=O)c2ccc(-c3cnc(N)c(C(=O)Nc4cccnc4)n3)cc2)CC1,0.915558115,test,butina,3,0.7930953386599999,0.44388157996,0.7958953577199999,0.6352394379600004
O=C(CN1CCCC(c2cccc(Cc3cccc(F)c3)n2)C1)N1CCCC1,0.953856298,test,butina,3,0.9098622814100001,1.0670316756100005,1.0474439145300003,0.8282147372299998
COc1ccc([C@H]2c3[nH]c4ccc(Cl)cc4c3CCN2C(=O)Oc2ccc(Cl)cc2)cc1,1.754608223,test,butina,3,0.8404715872300003,-0.15581424627999999,0.06929196528000002,-0.3537383437800002
COc1ccc(OC[C@@H]2c3cc(OC)c(OC)cc3CCN2C(=O)c2cccc(Cl)c2)cc1,0.232233521,test,butina,3,0.3784744505900002,0.11334614175999999,0.22948137093999985,-0.16169667311999997
CC(=O)Nc1ncc(C(=O)O)s1,1.854123782,test,butina,3,1.06293951292,1.29588285337,1.12965573439,1.47603411994
CNc1cc(Nc2cccn(-c3ccccn3)c2=O)nn2c(C(=O)N[C@@H]3C[C@@H]3F)cnc12,0.51851394,train,butina,4,,,,
CCOc1cc2nn(CCC(C)(C)O)cc2cc1NC(=O)c1cccc(C(F)F)n1,0.268343914,train,butina,4,,,,
CN(c1ncc(F)cn1)[C@H]1CCCNC1,2.0,train,butina,4,,,,
CC(C)(Oc1ccc(-c2cnc(N)c(-c3ccc(Cl)cc3)c2)cc1)C(=O)O,-1.403402904,train,butina,4,,,,
CC(C)(O)CCn1cc2cc(NC(=O)c3cccc(C(F)(F)F)n3)c(C(C)(C)O)cc2n1,1.092264361,train,butina,4,,,,
CC#CC(=O)N[C@H]1CCCN(c2c(F)cc(C(N)=O)c3[nH]c(C)c(C)c23)C1,-0.639532816,train,butina,4,,,,
COc1ccc(Cl)cc1C(=O)NCCc1ccc(S(=O)(=O)NC(=O)NC2CCCCC2)cc1,-0.943095149,train,butina,4,,,,
C=CC(=O)N1CCC[C@@H](n2nc(-c3ccc(Oc4ccccc4)cc3)c3c(N)ncnc32)C1,-0.35853,train,butina,4,,,,
CCS(=O)(=O)N1CC(CC#N)(n2cc(-c3ncnc4[nH]ccc34)cn2)C1,2.0,train,butina,4,,,,
COc1ccc(S(=O)(=O)N2CCC(N3CCC(C)CC3)CC2)cc1,1.626076768,train,butina,4,,,,
CCn1c(-c2nonc2N)nc2cnc(Oc3cccc(NC(=O)c4ccc(OCCN5CCOCC5)cc4)c3)cc21,-0.325138859,train,butina,4,,,,
Cc1c[nH]c2nccc(Oc3c(F)cc(Nc4cc(Cl)nc(N)n4)cc3F)c12,-0.68613278,train,butina,4,,,,
N#Cc1ccc2[nH]c(O)c(-c3ccc(CN4CCOCC4)cn3)c2c1,1.072507236,train,butina,4,,,,
CCCc1cc(N2CCc3c(nc(C4CC4)n3C)C2)n2ncnc2n1,1.388207807,train,butina,4,,,,
Nc1c(F)ccc2cnc(-n3ccc4ccncc43)cc12,0.631443769,train,butina,4,,,,
C=CC(=O)N1C[C@H](Nc2ncnc3[nH]ccc23)CC[C@@H]1C,1.74597993,train,butina,4,,,,
Cn1cc(Nc2nccc(N3CC4CCC(C3)N4C(=O)[C@@H]3CC3(F)F)n2)cn1,1.786412441,train,butina,4,,,,
[2H]C([2H])([2H])NC(=O)c1nnc(NC(=O)C2CC2)cc1Nc1cccc(-c2ncn(C)n2)c1OC,1.236577565,train,butina,4,,,,
C=CC(=O)N1CCC(CNc2ncnc(N)c2-c2ccc(Oc3ccccc3)cc2)CC1,0.901294817,train,butina,4,,,,
Nc1n[nH]cc1-c1cc(Cl)ccc1Oc1cc(F)c(S(=O)(=O)Nc2cscn2)cc1Cl,-0.08249449,train,butina,4,,,,
Cc1c(-c2c(F)cc(C(N)=O)c3[nH]c4c(c23)CC[C@H](C(C)(C)O)C4)cccc1-n1c(=O)c2cccc(F)c2n(C)c1=O,0.326540669,train,butina,4,,,,
Cn1cc(-c2cn3nccc3c(-c3cnn([C@]4(CC#N)C[C@@H](C#N)C4)c3)n2)cn1,1.364100521,train,butina,4,,,,
O=C(c1ccc(Oc2ccccc2)cc1Cl)c1c[nH]c2ncnc(N[C@@H]3CC[C@@H](CO)OC3)c12,-0.295849483,train,butina,4,,,,
N#CC[C@H](C1CCCC1)n1cc(-c2ncnc3[nH]ccc23)cn1,1.244598701,train,butina,4,,,,
CC(C)(C)c1ccc(-c2nc3n(c(=O)c2C#N)CCS3)cc1,0.455758203,train,butina,4,,,,
C=CC(=O)Nc1cccc(Oc2nc(Nc3ccc(N4CCN(C)CC4)cc3)nc3ccsc23)c1,-0.308918508,train,butina,4,,,,
CC#CC(=O)N1CC[C@@H](n2c(=O)n(-c3ccc(Oc4ccccc4)cc3)c3c(N)ncnc32)C1,0.669595781,train,butina,4,,,,
C=CC(=O)N1CCC([C@@H]2CCNc3c(C(N)=O)c(-c4ccc(Oc5ccccc5)cc4)nn32)CC1,0.231979027,train,butina,4,,,,
C=CC(=O)N1CCC[C@H](n2c(=O)n(-c3ccc(Oc4ccccc4)cc3)c3c(N)ncnc32)C1,0.276231958,train,butina,4,,,,
CC(C)(C=C(C#N)C(=O)N1CCC[C@@H](n2nc(-c3ccc(Oc4ccccc4)cc3F)c3c(N)ncnc32)C1)N1CCN(C2COC2)CC1,0.123198075,train,butina,4,,,,
CC#CC(=O)N1CC[C@@H](n2cc(-c3ccc(Oc4c(F)cccc4F)cc3)c3c(N)n[nH]c(=O)c32)C1,-0.029188389,train,butina,4,,,,
C=CC(=O)Nc1cccc(Oc2nc(Nc3ccc(N4CCN(C)CC4)c(F)c3)nc3[nH]ccc23)c1,-0.139063379,train,butina,4,,,,
COc1ccccc1-c1cc(NC(=O)c2cccc(N3CCNC3=O)c2)[nH]n1,-0.742321425,train,butina,4,,,,
Nc1ncc(-c2cccc(C(F)(F)F)c2)c(C2CCCCN2C(=O)c2ccccc2)n1,0.137354111,train,butina,4,,,,
O=C(Nc1cccc(-c2nncn2C2CC2)c1)c1cc(-n2cnc(C3CC3)c2)ccn1,0.611935625,train,butina,4,,,,
Cc1nccc(-c2cn(Cc3ccccc3)c3cnccc23)n1,1.207445854,train,butina,4,,,,
CCc1nc(C)cn2nc(-c3cc(=O)n4cc(C5CCN(C)CC5)cc(C)c4n3)cc12,0.593618308,train,butina,4,,,,
Cc1c(Cl)ccc2cc3n(c12)[C@@H](C)CNC3=O,0.696793085,train,butina,4,,,,
Nc1ncnc2c1c(-c1ccc(Oc3ccccc3)cc1)nn2[C@@H]1CCCNC1,0.846275242,train,butina,4,,,,
Cc1nnc(CN(C)CC(C)Oc2ccc(Cl)c(Cl)c2)n1C,1.114444172,train,butina,4,,,,
COc1cc(F)ccc1-c1ncnc(Nc2cccc(C[S@@](C)(=N)=O)c2)n1,1.574609941,train,butina,4,,,,
Cc1ncc(CN2CC[C@@H](Nc3cncc(Cl)n3)[C@@H](C)C2)s1,1.264227348,train,butina,4,,,,
CCc1nc2c(C)cc(N3CCN(CC(=O)N4CC(O)C4)CC3)cn2c1N(C)c1nc(-c2ccc(F)cc2)c(C#N)s1,-0.434152181,train,butina,4,,,,
C[C@@H]1CCN(C(=O)CC#N)C[C@@H]1N(C)c1ncnc2[nH]ccc12,1.747124255,train,butina,4,,,,
CC(=O)Nc1ccc(C(=O)N2CCCCC2c2nc(N)ncc2-c2ccc(Cl)cc2)cc1,0.549861188,train,butina,4,,,,
CC(=O)Nc1ccc(C(=O)N2CCCCC2c2nc(N)ncc2-c2cccc(Cl)c2)cc1,0.584331224,train,butina,4,,,,
O=C1CN(c2ccc(Nc3nccc(C(F)(F)F)n3)cn2)CCN1,1.433497815,train,butina,4,,,,
O=C1NCCN(C(=O)c2ccc3nccn3c2)C1c1ccccc1C(F)(F)F,1.801527189,train,butina,4,,,,
Cc1cc(F)ccc1C1C(=O)NCCN1C(=O)c1ccc2nccn2c1,1.950724994,train,butina,4,,,,
O=C1NCCN(C(=O)c2ccncc2)C1c1ccccc1Cl,1.868168158,train,butina,4,,,,
C[C@H]1CN(C(=O)CC(c2ccccc2)c2ccccc2)C[C@@H](C)O1,0.718335579,train,butina,4,,,,
CN1[C@H]2CC[C@@H]1C[C@@H](OC(c1ccccc1)c1ccccc1)C2,1.180842415,train,butina,4,,,,
CC(C)(C)C(=O)N1CCC(Cc2ccc(-c3cccs3)cc2)(C(=O)N2CCCC2)CC1,0.008174184,train,butina,4,,,,
OC[C@H](Nc1cncc(-c2ccc3[nH]ncc3n2)c1)c1ccccc1,1.024690862,train,butina,4,,,,
Cc1ncsc1C(=O)N1CCCCC1c1nc(N(C)C)ncc1-c1cccc(Cl)c1,0.021602716,train,butina,4,,,,
CC(=O)N1CCN(c2nc(C(F)(F)F)nc3sc(C)c(C)c23)CC1,0.624282096,train,butina,4,,,,
COc1ccccc1C(=O)Nc1ccc2cc[nH]c2c1,0.571825249,train,butina,4,,,,
c1ccc(Oc2cccc(CN(CCN3CCOCC3)Cc3cccnc3)c2)cc1,0.142389466,train,butina,4,,,,
COc1ccc([C@H]2CN(C(C)=O)[C@@H]3CCCN(Cc4cccc(F)c4)[C@H]23)cc1,0.594060901,train,butina,4,,,,
Cc1c(C(=O)NCCCN(C)C)sc2ncnc(Nc3ccc(F)cc3OC(C)C)c12,0.966376423,train,butina,4,,,,
Nc1ncc(C(=O)NC2CN(C(=O)C3CC3)C2)c2ccc(-c3cccc(F)c3)nc12,0.38219721,train,butina,4,,,,
CC1(C)CC(Oc2ccc(-c3ccc(-c4cn[nH]c4)cc3O)nn2)CC(C)(C)N1,1.241969612,train,butina,4,,,,
Cc1nnc(-c2ccc3occ(-c4ccc(S(C)=O)cc4)c3c2)o1,1.077985291,train,butina,4,,,,
Cc1ncsc1C(=O)N1CCCCC1c1nc(N)ncc1-c1cccc(C(F)(F)F)c1,0.86254877,train,butina,4,,,,
O=C(Nc1ccc2ccccc2n1)c1ccc(N2CCOC2=O)cc1,0.069298012,train,butina,4,,,,
O=C(CCNC(=O)c1ccc(OC(F)(F)F)cc1)N[C@@H]1CCCc2ccccc21,0.630427875,train,butina,4,,,,
O=S(=O)(c1cccc2cnccc12)N1CCCNCC1,1.844321821,train,butina,4,,,,
C=CC(=O)Nc1cccc(Oc2nc(Nc3ccc(N4CCN(C)CC4)cc3)nc3ccoc23)c1,-0.208309351,train,butina,4,,,,
O=C(Nc1nc2cccc(-c3ccc(CN4CCS(=O)(=O)CC4)cc3)n2n1)C1CC1,1.601853652,train,butina,4,,,,
CCn1c(CO)nn(-c2cc(O[C@@H](C)C(F)(F)F)c(C(=O)Nc3c(F)cccc3Cl)cc2F)c1=O,0.876910311,train,butina,4,,,,
NCCN1CCN(C/C=C/C(=O)N2CCC[C@@H](n3nc(-c4ccc(Oc5ccccc5)cc4)c4c(N)ncnc43)C2)CC1,0.686814955,train,butina,4,,,,
Cn1c(C2CC2)nc2c1CCN(c1ncnc3ccsc13)C2,1.192985379,train,butina,4,,,,
CNC(=O)C1(Cc2ccc(-c3ccncc3)cc2)CCN(Cc2cccc(F)c2)C1,0.715167358,train,butina,4,,,,
Cc1ncc(CN2CCC(Nc3ccc4nnnn4n3)C(C)C2)s1,1.579154557,train,butina,4,,,,
Cc1nc(Nc2nccs2)cc(C2CN(c3ncccn3)C2)n1,0.374565061,train,butina,4,,,,
COc1ccc(Nc2c(C#N)cnc3cc(OC)c(OC)cc23)cc1Cl,0.115943177,train,butina,4,,,,
COc1ccc(CCCN2CCN(c3cnn(C)c3)C(=O)C2)cc1F,1.308414999,train,butina,4,,,,
Cc1noc(C(C)C)c1C(=O)N1CC(C)OC(c2ccccc2)C1,1.111934276,train,butina,4,,,,
CN(Cc1ccccc1)C1(C(=O)N2CCNC(=O)CC2)Cc2ccccc2C1,0.912806393,train,butina,4,,,,
Cc1c(F)cccc1NC(=O)CN1[C@H]2CCCC(=O)N[C@@]2(C)C[C@H]1Cc1ccccc1,0.925312092,train,butina,4,,,,
CCC1=C(C)CN(C(=O)NCCc2ccc(S(=O)(=O)NC(=O)N[C@H]3CC[C@H](C)CC3)cc2)C1=O,-1.638272164,train,butina,4,,,,
O=S(=O)(c1cccc2c(O)nccc12)N1CCCNCC1,1.990813743,train,butina,4,,,,
Cc1ccc(NC(=O)CN2[C@H]3CCCC(=O)N[C@@]3(C)C[C@H]2Cc2ccccc2)cc1F,0.360971884,train,butina,4,,,,
COCC(=O)N1CCC(Cc2ccccc2-c2cccc(F)c2)(C(=O)NC(C)C)CC1,1.076967952,train,butina,4,,,,
COc1ccc(CNC(=O)c2sc3nc(C)cc(C)c3c2N)cc1,-0.18243463,train,butina,4,,,,
C#C[C@@](C)(CC)NC(=O)c1cc(F)cnc1NC1CC(F)(F)C1,0.850278553,train,butina,4,,,,
Cn1cc(Nc2nc(N)nc(-c3cccc(-n4ccc5cc(C6CC6)cc(F)c5c4=O)c3CO)n2)cn1,0.581038949,train,butina,4,,,,
Cc1cnc(C(=O)NCCc2ccc(S(=O)(=O)NC(=O)NC3CCCCC3)cc2)cn1,-0.204119983,train,butina,4,,,,
CNC(=O)C1(Cc2ccc(-c3cccnc3)cc2)CCN(Cc2ccc(F)cc2)C1,0.918868743,train,butina,4,,,,
CNC(=O)C1(Cc2ccc(-c3cccnc3)cc2)CCN(Cc2cccc(F)c2)C1,0.531095547,train,butina,4,,,,
CC(=O)Nc1ncc(CN2CCCC[C@@H]2C)s1,1.923109252,train,butina,4,,,,
O=C1CCCC[C@@H]2[C@H](C[C@@H](Cc3ccccc3F)N2C(=O)c2cccc3ncccc23)N1,1.348966512,train,butina,4,,,,
CCOc1cc(CC(=O)N[C@@H](CC(C)C)c2ccccc2N2CCCCC2)ccc1C(=O)O,-0.063486258,train,butina,4,,,,
CC(O)(C#Cc1ccc2c(c1)N(c1nc(N)ncc1Cl)CC2)c1nccs1,0.275311355,train,butina,4,,,,
Cc1[nH]nc2c1C1(CCCCC1)CC(=O)N2,1.284633733,train,butina,4,,,,
O=C(Nc1cccc2ncccc12)[C@H]1CCCN(S(=O)(=O)c2ccccc2)C1,1.091666958,train,butina,4,,,,
C[C@@H]1Cc2ccccc2N1C(=O)Cn1nc(-c2cccc3ncccc23)oc1=O,0.360404055,train,butina,4,,,,
Nc1ncnc2c1c(-c1cnc3[nH]ccc3c1)nn2C1CCCC1,0.780605306,train,butina,4,,,,
CN1C(N)=N[C@](C)(c2cc(NC(=O)c3ccc(F)cn3)ccc2F)CS1(=O)=O,1.491417728,train,butina,4,,,,
CC1CN(C(=O)c2cccnc2N2CCOCC2)CC(c2ccccc2)O1,1.555686814,train,butina,4,,,,
CCCCNC(=O)NS(=O)(=O)c1ccc(C)cc1,0.440121603,train,butina,4,,,,
Cc1cc(Nc2cnccn2)cc(C2CCCN(CC(=O)N3CCCC3)C2)n1,1.632416797,train,butina,4,,,,
Cc1cccnc1Nc1cccc(C2CCCN(CC(=O)Nc3nccs3)C2)n1,0.637289548,train,butina,4,,,,
CC1(C)CC(=O)C2=C(C1)NC(=O)CC2c1ccc(Br)cc1,0.944630702,train,butina,4,,,,
CN1CCN(S(=O)(=O)c2ccc(-c3cnc(N)c(C(=O)Nc4cccnc4)n3)cc2)CC1,0.915558115,train,butina,4,,,,
CNC(=O)C1(Cc2ccc(-c3cccnc3)cc2)CCN(Cc2ccccc2Cl)C1,0.273695588,train,butina,4,,,,
CCCNC(=O)NS(=O)(=O)c1ccc(Cl)cc1,0.628286731,train,butina,4,,,,
O=C(CN1CCCC(c2cccc(Cc3cccc(F)c3)n2)C1)N1CCCC1,0.953856298,train,butina,4,,,,
COc1cc2ncnc(Nc3cccc(O)c3)c2cc1OC,0.650307523,train,butina,4,,,,
Cc1cc(C)c2c(N)c(C(=O)NCc3ccc(Cl)cc3)sc2n1,-0.185752404,train,butina,4,,,,
COCCNC(=O)c1ccnc(C2CCNCC2)c1,2.0,train,butina,4,,,,
COc1nc2sc(C(=O)NC3CC3)c(N)c2c(C)c1Cl,0.452093249,train,butina,4,,,,
Cc1cc(N2CCCC2)nc(C2CCCN(C)C2)n1,1.861522463,train,butina,4,,,,
O=C1NCCSc2c1sc1ccc(O)cc21,1.164679941,train,butina,4,,,,
CCn1cc(C(=O)O)c(=O)c2c(N)c(F)c(NC3CCCCC3)cc21,0.426673888,train,butina,4,,,,
COc1cc2nc(N3CCN(C(=O)c4ccco4)CC3)nc(N)c2cc1OC,1.371880249,train,butina,4,,,,
N#Cc1cc(F)c(NS(=O)(=O)c2c[nH]c3cc(Cl)ccc23)cc1F,-0.251811973,train,butina,4,,,,
CC(C)CC(NC(=O)C(O)C(N)Cc1ccccc1)C(=O)O,1.54052968,train,butina,4,,,,
CC(C(=O)O)c1cccc(C(=O)c2ccccc2)c1,0.047274867,train,butina,4,,,,
COc1cc2c(cc1OC)CN(CCc1ccc(NC(=O)c3cccc4c(O)c5cccc(OC)c5nc34)cc1)CC2,-1.292429824,train,butina,4,,,,
Nc1nc(=O)c2ncn(COCCO)c2[nH]1,1.850860573,train,butina,4,,,,
CCCc1nc2nc(C)c(NS(=O)(=O)c3ccc(C4CCCCC4)cc3)c(O)n2n1,-0.137272472,train,butina,4,,,,
COc1ccc([C@H]2c3[nH]c4ccc(Cl)cc4c3CCN2C(=O)Oc2ccc(Cl)cc2)cc1,1.754608223,train,butina,4,,,,
NC(=O)C1(Cc2ccc(-c3ccncc3)cc2)CCN(C(=O)Cc2cccc(F)c2)CC1,1.058463986,train,butina,4,,,,
CC(=O)Nc1ccc(O)cc1,1.916985305,train,butina,4,,,,
O=C(NC1CCNCC1)c1ccc2[nH]ncc2c1,1.92695435,train,butina,4,,,,
CCn1c(=O)oc2cc(NC(=O)c3ccc(C(C)(C)C)cc3)ccc21,0.180412633,train,butina,4,,,,
COc1ccc(OC[C@@H]2c3cc(OC)c(OC)cc3CCN2C(=O)c2cccc(Cl)c2)cc1,0.232233521,train,butina,4,,,,
N#Cc1ccc(COc2cccc(C3CCN(Cc4nc5ccc(C(=O)O)cc5n4C[C@@H]4CCO4)CC3)n2)c(F)c1,0.312177356,train,butina,4,,,,
CC(C)[C@H](CO)Nc1nc(Nc2cc(N)cc(Cl)c2)c2ncn(C(C)C)c2n1,-0.099086932,train,butina,4,,,,
O=C(NC1CCNCC1)c1ccc2cn[nH]c2c1,1.70808081,train,butina,4,,,,
CC(C)(C)OC(=O)N1CCCC1C(=O)N1CCC(C(=O)N[C@@H](Cc2c[nH]c3ccccc23)C(=O)O)CC1,1.842553077,train,butina,4,,,,
O=C(Nc1cccc2c(=O)cc(-c3nnn[nH]3)oc12)c1ccc(OCCCCc2ccccc2)cc1,0.77224834,train,butina,4,,,,
CC(=O)Nc1ncc(C(=O)O)s1,1.854123782,train,butina,4,,,,
Cc1cccc(-c2nc(C34CCC(C(N)=O)(CC3)CC4)[nH]c2-c2ccc3c(c2)OCO3)n1,0.21031852,train,butina,4,,,,
CC(C)[C@@](C)(O)[C@@H]1CN(c2nc(-c3n[nH]c4ncccc34)c(F)cc2Cl)CCN1,0.622421274,train,butina,4,,,,
CC(C)NCC(O)COc1cccc2ccccc12,1.347759218,test,butina,4,1.1926717267200004,1.01981429955,1.1163226996000004,1.4357882318700002
CC(C)NC(=O)COc1cccc(-c2nc(Nc3ccc4[nH]ncc4c3)c3ccccc3n2)c1,-0.504455662,test,butina,4,0.7229528778200002,0.25683616468000003,0.4075267675100001,0.1913891963099999
CC1(C)CC[C@]2(NC(=O)C(C)(F)F)CC[C@]3(C)[C@H](C(=O)C=C4[C@@]3(C)CC[C@H]3C(C)(C)C(=O)C(C#N)=C[C@]43C)[C@@H]2C1,-0.055517328,test,butina,4,1.06342569978,0.64400445201,0.4606369687200002,0.26819198243000003
COc1cc2c(cc1OC)CC(=O)N(CCCN(C)C[C@H]1Cc3cc(OC)c(OC)cc31)CC2,1.615139594,test,butina,4,0.84823115115,0.5762462790799997,0.3735945620599999,-0.1929033824099998
Fc1ccc(-c2ccc3c(c2)[nH]c2ccncc23)cn1,0.640978057,test,butina,4,1.0241839065800007,0.8680488803500004,0.6107036344099999,0.7084544794500001
O=C(Nc1cccnc1)c1ccnc(NC(=O)C2CC2)c1,1.615287063,test,butina,4,0.8367122048300005,0.93179079859,1.1012045104799997,1.3758951111100006
C[C@@H]1c2nnn(-c3ncc(F)cn3)c2CCN1C(=O)c1cccc(C(F)(F)F)c1Cl,1.240049772,test,butina,4,0.7735479189399999,0.9837885327300002,0.9129462677200004,0.5841748924799997
Fc1ccccc1-c1c[nH]nc1C1CCCN1Cc1ccc2ncccc2c1,0.460897843,test,butina,4,0.8025711912700001,0.7609600523100001,0.7722061016399999,0.6314460043400001
COc1nn(C)cc1C(=O)Nc1cccc(-c2cnc3n2CCC3)c1,0.685562611,test,butina,4,0.8168967892400003,0.8188738196100003,1.1279954281900002,1.3006139296600006
Cc1ccc(C(=O)N2CCC(Cc3ccccc3-c3ccccc3)(C(=O)N(C)C)CC2)s1,-0.590066877,test,butina,4,0.8667540376000002,0.5071615400699998,0.6393308064699998,0.19989990252
CN(C)C(=O)C1(Cc2ccccc2-c2ccccc2)CCN(C(=O)C2CCCO2)CC1,1.265713811,test,butina,4,0.7650898119899999,0.55569294686,0.8606073457499996,0.6921693484799997
OCC1CCCCN1Cc1ccc(Cl)c(Cl)c1,1.484982782,test,butina,4,1.1001410355000005,1.1258768917100006,0.8792212051000006,0.7965245496999998
OCC1CCCCN1Cc1ccc(-c2ccccc2)cc1,1.394924244,test,butina,4,1.2495962580300002,1.01689342117,0.5332237881999999,0.74782846366
CCN1CCN(S(=O)(=O)Cc2ccc(Cl)c(Cl)c2)CC1,1.071845201,test,butina,4,0.9217534237100007,1.30637038093,0.9303973898400002,1.4600262276100004
CCN(C/C=C\c1ccc(C2CCCCC2)c(Cl)c1)C1CCCCC1,-0.266802735,test,butina,4,0.9025264566400001,0.6111608477799999,0.5725244325199997,0.62695603893
CC/C(=C(\c1ccccc1)c1ccc(OCCN(C)C)cc1)c1ccccc1,-0.341988603,test,butina,4,0.7692899458099999,0.24412859905000014,0.6588157690099998,0.5068231051799997
COc1nn(C)cc1C(=O)Nc1cccc2cnccc12,1.58945809,test,butina,4,1.06721948558,0.93402983958,1.1798579050600004,1.5006735639599997
CN(C)C(=O)C1(Cc2ccccc2-c2cccc(F)c2)CCN(C(=O)C2CC=CCC2)CC1,0.142702246,test,butina,4,0.5282624153,0.6867454379399998,0.7418642485899997,0.47500941607999997
COCCc1noc(CN2CC(c3ccccc3)(c3ccccc3)CCC2=O)n1,1.25166255,test,butina,4,0.9797557318100003,0.7037486926399995,0.77436725913,0.6483012974099998
Cc1oc2ccccc2c1CNc1nnc(-c2ccncc2)o1,-0.172630727,test,butina,4,1.11657801636,0.66975835636,0.7875162789900001,0.6241149976099996
O=C(Nc1cnccc1-c1ccc(Cl)cc1)c1ccnc(NC(=O)C2CC2)c1,0.847634344,test,butina,4,0.7389698119999999,0.5129635052499999,0.7780384492899999,0.5666478877999999
CN(C)C(=O)C1(Cc2ccccc2-c2ccccc2)CCN(C(=O)c2cnn(C)c2)CC1,1.146840934,test,butina,4,0.92913414686,0.6704401249599998,0.6730361644,0.7311991979599998
Cc1cc(N2CCCC2c2cc(CCC(=O)O)cc(C)n2)ncn1,2.0,test,butina,4,0.9483819774500004,1.1995935185900004,0.86772193046,0.9346376817000005
CC1(CNC(=O)c2cncc(C3CCNCC3)n2)CCCO1,1.960042456,test,butina,4,1.60498171287,1.3754146189800007,1.3298205953300002,1.6793546496699994
CC(CCc1ccccc1)NCC(O)c1ccc(O)c(C(N)=O)c1,1.65850745,test,butina,4,0.4411209335399998,0.3914948298200002,0.6278266912999997,1.1635090885200006
CC1(C)Cc2cc(NC(=O)c3cnn4cccnc34)c(OCC3CC3)nc2O1,0.38219721,test,butina,4,0.8380845582900004,0.7498468951000002,0.91335089627,0.7028349211699999
COCCc1ccc(OCC(O)CNC(C)C)cc1,2.0,test,butina,4,0.6606203648499998,0.9584013780299999,1.1104690604,1.5454516345800002
COc1cc(Cc2cnc(N)nc2N)cc(OC)c1OC,1.855513099,test,butina,4,0.64111114528,0.6287497870699998,1.1069516054800002,1.3161818882600007
C=CCc1ccccc1OCC(O)CNC(C)C,1.496029699,test,butina,4,1.0870992816900005,0.9601669406000001,0.68515097419,1.46657873717
NCCCC[C@H](N[C@@H](CCc1ccccc1)C(=O)O)C(=O)N1CCC[C@H]1C(=O)O,2.0,test,butina,4,0.7140650900100001,0.8812781513000003,1.1088198654600008,1.1566470825700008
Cc1cccc(/C=N/Nc2cc(N3CCOCC3)nc(OCCc3ccccn3)n2)c1,-0.27572413,test,butina,4,0.7231730640199998,0.33165973490999995,0.7234252288199999,0.3641690946399999
COc1cc2nc(-c3cc(F)ccc3O)nc(N[C@@H]3CNC[C@H]3C(C)(C)O)c2cc1OC.Cl,-0.823908741,test,butina,4,1.01719169683,0.44535056686999985,0.21734990285,0.23536715284999982
CNc1cc(Nc2cccn(-c3ccccn3)c2=O)nn2c(C(=O)N[C@@H]3C[C@@H]3F)cnc12,0.51851394,train,random,5,,,,
CCOc1cc2nn(CCC(C)(C)O)cc2cc1NC(=O)c1cccc(C(F)F)n1,0.268343914,train,random,5,,,,
CN(c1ncc(F)cn1)[C@H]1CCCNC1,2.0,train,random,5,,,,
CC(C)(Oc1ccc(-c2cnc(N)c(-c3ccc(Cl)cc3)c2)cc1)C(=O)O,-1.403402904,train,random,5,,,,
CC#CC(=O)N[C@H]1CCCN(c2c(F)cc(C(N)=O)c3[nH]c(C)c(C)c23)C1,-0.639532816,train,random,5,,,,
COc1ccc(Cl)cc1C(=O)NCCc1ccc(S(=O)(=O)NC(=O)NC2CCCCC2)cc1,-0.943095149,train,random,5,,,,
C=CC(=O)N1CCC[C@@H](n2nc(-c3ccc(Oc4ccccc4)cc3)c3c(N)ncnc32)C1,-0.35853,train,random,5,,,,
CC(C)NC(=O)COc1cccc(-c2nc(Nc3ccc4[nH]ncc4c3)c3ccccc3n2)c1,-0.504455662,train,random,5,,,,
CCS(=O)(=O)N1CC(CC#N)(n2cc(-c3ncnc4[nH]ccc34)cn2)C1,2.0,train,random,5,,,,
COc1ccc(S(=O)(=O)N2CCC(N3CCC(C)CC3)CC2)cc1,1.626076768,train,random,5,,,,
CCn1c(-c2nonc2N)nc2cnc(Oc3cccc(NC(=O)c4ccc(OCCN5CCOCC5)cc4)c3)cc21,-0.325138859,train,random,5,,,,
CC1(C)CC[C@]2(NC(=O)C(C)(F)F)CC[C@]3(C)[C@H](C(=O)C=C4[C@@]3(C)CC[C@H]3C(C)(C)C(=O)C(C#N)=C[C@]43C)[C@@H]2C1,-0.055517328,train,random,5,,,,
Cc1c[nH]c2nccc(Oc3c(F)cc(Nc4cc(Cl)nc(N)n4)cc3F)c12,-0.68613278,train,random,5,,,,
N#Cc1ccc2[nH]c(O)c(-c3ccc(CN4CCOCC4)cn3)c2c1,1.072507236,train,random,5,,,,
CCCc1cc(N2CCc3c(nc(C4CC4)n3C)C2)n2ncnc2n1,1.388207807,train,random,5,,,,
Fc1ccc(-c2ccc3c(c2)[nH]c2ccncc23)cn1,0.640978057,train,random,5,,,,
Nc1c(F)ccc2cnc(-n3ccc4ccncc43)cc12,0.631443769,train,random,5,,,,
C=CC(=O)N1C[C@H](Nc2ncnc3[nH]ccc23)CC[C@@H]1C,1.74597993,train,random,5,,,,
Cn1cc(Nc2nccc(N3CC4CCC(C3)N4C(=O)[C@@H]3CC3(F)F)n2)cn1,1.786412441,train,random,5,,,,
[2H]C([2H])([2H])NC(=O)c1nnc(NC(=O)C2CC2)cc1Nc1cccc(-c2ncn(C)n2)c1OC,1.236577565,train,random,5,,,,
C=CC(=O)N1CCC(CNc2ncnc(N)c2-c2ccc(Oc3ccccc3)cc2)CC1,0.901294817,train,random,5,,,,
Nc1n[nH]cc1-c1cc(Cl)ccc1Oc1cc(F)c(S(=O)(=O)Nc2cscn2)cc1Cl,-0.08249449,train,random,5,,,,
Cc1c(-c2c(F)cc(C(N)=O)c3[nH]c4c(c23)CC[C@H](C(C)(C)O)C4)cccc1-n1c(=O)c2cccc(F)c2n(C)c1=O,0.326540669,train,random,5,,,,
Cn1cc(-c2cn3nccc3c(-c3cnn([C@]4(CC#N)C[C@@H](C#N)C4)c3)n2)cn1,1.364100521,train,random,5,,,,
O=C(c1ccc(Oc2ccccc2)cc1Cl)c1c[nH]c2ncnc(N[C@@H]3CC[C@@H](CO)OC3)c12,-0.295849483,train,random,5,,,,
N#CC[C@H](C1CCCC1)n1cc(-c2ncnc3[nH]ccc23)cn1,1.244598701,train,random,5,,,,
CC(C)(C)c1ccc(-c2nc3n(c(=O)c2C#N)CCS3)cc1,0.455758203,train,random,5,,,,
C=CC(=O)Nc1cccc(Oc2nc(Nc3ccc(N4CCN(C)CC4)cc3)nc3ccsc23)c1,-0.308918508,train,random,5,,,,
CC#CC(=O)N1CC[C@@H](n2c(=O)n(-c3ccc(Oc4ccccc4)cc3)c3c(N)ncnc32)C1,0.669595781,train,random,5,,,,
C=CC(=O)N1CCC[C@H](n2c(=O)n(-c3ccc(Oc4ccccc4)cc3)c3c(N)ncnc32)C1,0.276231958,train,random,5,,,,
CC(C)(C=C(C#N)C(=O)N1CCC[C@@H](n2nc(-c3ccc(Oc4ccccc4)cc3F)c3c(N)ncnc32)C1)N1CCN(C2COC2)CC1,0.123198075,train,random,5,,,,
CC#CC(=O)N1CC[C@@H](n2cc(-c3ccc(Oc4c(F)cccc4F)cc3)c3c(N)n[nH]c(=O)c32)C1,-0.029188389,train,random,5,,,,
C=CC(=O)Nc1cccc(Oc2nc(Nc3ccc(N4CCN(C)CC4)c(F)c3)nc3[nH]ccc23)c1,-0.139063379,train,random,5,,,,
COc1ccccc1-c1cc(NC(=O)c2cccc(N3CCNC3=O)c2)[nH]n1,-0.742321425,train,random,5,,,,
Nc1ncc(-c2cccc(C(F)(F)F)c2)c(C2CCCCN2C(=O)c2ccccc2)n1,0.137354111,train,random,5,,,,
O=C(Nc1cccc(-c2nncn2C2CC2)c1)c1cc(-n2cnc(C3CC3)c2)ccn1,0.611935625,train,random,5,,,,
CCc1nc(C)cn2nc(-c3cc(=O)n4cc(C5CCN(C)CC5)cc(C)c4n3)cc12,0.593618308,train,random,5,,,,
Cc1c(Cl)ccc2cc3n(c12)[C@@H](C)CNC3=O,0.696793085,train,random,5,,,,
Nc1ncnc2c1c(-c1ccc(Oc3ccccc3)cc1)nn2[C@@H]1CCCNC1,0.846275242,train,random,5,,,,
Cc1nnc(CN(C)CC(C)Oc2ccc(Cl)c(Cl)c2)n1C,1.114444172,train,random,5,,,,
COc1nn(C)cc1C(=O)Nc1cccc(-c2cnc3n2CCC3)c1,0.685562611,train,random,5,,,,
COc1cc(F)ccc1-c1ncnc(Nc2cccc(C[S@@](C)(=N)=O)c2)n1,1.574609941,train,random,5,,,,
Cc1ncc(CN2CC[C@@H](Nc3cncc(Cl)n3)[C@@H](C)C2)s1,1.264227348,train,random,5,,,,
Cc1ccc(C(=O)N2CCC(Cc3ccccc3-c3ccccc3)(C(=O)N(C)C)CC2)s1,-0.590066877,train,random,5,,,,
CCc1nc2c(C)cc(N3CCN(CC(=O)N4CC(O)C4)CC3)cn2c1N(C)c1nc(-c2ccc(F)cc2)c(C#N)s1,-0.434152181,train,random,5,,,,
C[C@@H]1CCN(C(=O)CC#N)C[C@@H]1N(C)c1ncnc2[nH]ccc12,1.747124255,train,random,5,,,,
CN(C)C(=O)C1(Cc2ccccc2-c2ccccc2)CCN(C(=O)C2CCCO2)CC1,1.265713811,train,random,5,,,,
CC(=O)Nc1ccc(C(=O)N2CCCCC2c2nc(N)ncc2-c2ccc(Cl)cc2)cc1,0.549861188,train,random,5,,,,
CC(=O)Nc1ccc(C(=O)N2CCCCC2c2nc(N)ncc2-c2cccc(Cl)c2)cc1,0.584331224,train,random,5,,,,
O=C1CN(c2ccc(Nc3nccc(C(F)(F)F)n3)cn2)CCN1,1.433497815,train,random,5,,,,
O=C1NCCN(C(=O)c2ccc3nccn3c2)C1c1ccccc1C(F)(F)F,1.801527189,train,random,5,,,,
Cc1cc(F)ccc1C1C(=O)NCCN1C(=O)c1ccc2nccn2c1,1.950724994,train,random,5,,,,
C[C@H]1CN(C(=O)CC(c2ccccc2)c2ccccc2)C[C@@H](C)O1,0.718335579,train,random,5,,,,
CN1[C@H]2CC[C@@H]1C[C@@H](OC(c1ccccc1)c1ccccc1)C2,1.180842415,train,random,5,,,,
CC(C)(C)C(=O)N1CCC(Cc2ccc(-c3cccs3)cc2)(C(=O)N2CCCC2)CC1,0.008174184,train,random,5,,,,
OC[C@H](Nc1cncc(-c2ccc3[nH]ncc3n2)c1)c1ccccc1,1.024690862,train,random,5,,,,
Cc1ncsc1C(=O)N1CCCCC1c1nc(N(C)C)ncc1-c1cccc(Cl)c1,0.021602716,train,random,5,,,,
OCC1CCCCN1Cc1ccc(Cl)c(Cl)c1,1.484982782,train,random,5,,,,
CC(=O)N1CCN(c2nc(C(F)(F)F)nc3sc(C)c(C)c23)CC1,0.624282096,train,random,5,,,,
COc1ccccc1C(=O)Nc1ccc2cc[nH]c2c1,0.571825249,train,random,5,,,,
c1ccc(Oc2cccc(CN(CCN3CCOCC3)Cc3cccnc3)c2)cc1,0.142389466,train,random,5,,,,
COc1ccc([C@H]2CN(C(C)=O)[C@@H]3CCCN(Cc4cccc(F)c4)[C@H]23)cc1,0.594060901,train,random,5,,,,
Cc1c(C(=O)NCCCN(C)C)sc2ncnc(Nc3ccc(F)cc3OC(C)C)c12,0.966376423,train,random,5,,,,
CC1(C)CC(Oc2ccc(-c3ccc(-c4cn[nH]c4)cc3O)nn2)CC(C)(C)N1,1.241969612,train,random,5,,,,
Cc1nnc(-c2ccc3occ(-c4ccc(S(C)=O)cc4)c3c2)o1,1.077985291,train,random,5,,,,
O=C(Nc1ccc2ccccc2n1)c1ccc(N2CCOC2=O)cc1,0.069298012,train,random,5,,,,
O=S(=O)(c1cccc2cnccc12)N1CCCNCC1,1.844321821,train,random,5,,,,
CCN1CCN(S(=O)(=O)Cc2ccc(Cl)c(Cl)c2)CC1,1.071845201,train,random,5,,,,
O=C(Nc1nc2cccc(-c3ccc(CN4CCS(=O)(=O)CC4)cc3)n2n1)C1CC1,1.601853652,train,random,5,,,,
CCn1c(CO)nn(-c2cc(O[C@@H](C)C(F)(F)F)c(C(=O)Nc3c(F)cccc3Cl)cc2F)c1=O,0.876910311,train,random,5,,,,
CCN(C/C=C\c1ccc(C2CCCCC2)c(Cl)c1)C1CCCCC1,-0.266802735,train,random,5,,,,
Cn1c(C2CC2)nc2c1CCN(c1ncnc3ccsc13)C2,1.192985379,train,random,5,,,,
CC/C(=C(\c1ccccc1)c1ccc(OCCN(C)C)cc1)c1ccccc1,-0.341988603,train,random,5,,,,
COc1nn(C)cc1C(=O)Nc1cccc2cnccc12,1.58945809,train,random,5,,,,
CNC(=O)C1(Cc2ccc(-c3ccncc3)cc2)CCN(Cc2cccc(F)c2)C1,0.715167358,train,random,5,,,,
Cc1nc(Nc2nccs2)cc(C2CN(c3ncccn3)C2)n1,0.374565061,train,random,5,,,,
COc1ccc(Nc2c(C#N)cnc3cc(OC)c(OC)cc23)cc1Cl,0.115943177,train,random,5,,,,
COc1ccc(CCCN2CCN(c3cnn(C)c3)C(=O)C2)cc1F,1.308414999,train,random,5,,,,
Cc1noc(C(C)C)c1C(=O)N1CC(C)OC(c2ccccc2)C1,1.111934276,train,random,5,,,,
CN(Cc1ccccc1)C1(C(=O)N2CCNC(=O)CC2)Cc2ccccc2C1,0.912806393,train,random,5,,,,
Cc1c(F)cccc1NC(=O)CN1[C@H]2CCCC(=O)N[C@@]2(C)C[C@H]1Cc1ccccc1,0.925312092,train,random,5,,,,
CCC1=C(C)CN(C(=O)NCCc2ccc(S(=O)(=O)NC(=O)N[C@H]3CC[C@H](C)CC3)cc2)C1=O,-1.638272164,train,random,5,,,,
Cc1ccc(NC(=O)CN2[C@H]3CCCC(=O)N[C@@]3(C)C[C@H]2Cc2ccccc2)cc1F,0.360971884,train,random,5,,,,
CN(C)C(=O)C1(Cc2ccccc2-c2cccc(F)c2)CCN(C(=O)C2CC=CCC2)CC1,0.142702246,train,random,5,,,,
COCC(=O)N1CCC(Cc2ccccc2-c2cccc(F)c2)(C(=O)NC(C)C)CC1,1.076967952,train,random,5,,,,
COc1ccc(CNC(=O)c2sc3nc(C)cc(C)c3c2N)cc1,-0.18243463,train,random,5,,,,
Cc1cnc(C(=O)NCCc2ccc(S(=O)(=O)NC(=O)NC3CCCCC3)cc2)cn1,-0.204119983,train,random,5,,,,
CNC(=O)C1(Cc2ccc(-c3cccnc3)cc2)CCN(Cc2ccc(F)cc2)C1,0.918868743,train,random,5,,,,
CC(=O)Nc1ncc(CN2CCCC[C@@H]2C)s1,1.923109252,train,random,5,,,,
CCOc1cc(CC(=O)N[C@@H](CC(C)C)c2ccccc2N2CCCCC2)ccc1C(=O)O,-0.063486258,train,random,5,,,,
COCCc1noc(CN2CC(c3ccccc3)(c3ccccc3)CCC2=O)n1,1.25166255,train,random,5,,,,
Cc1[nH]nc2c1C1(CCCCC1)CC(=O)N2,1.284633733,train,random,5,,,,
Cc1oc2ccccc2c1CNc1nnc(-c2ccncc2)o1,-0.172630727,train,random,5,,,,
O=C(Nc1cccc2ncccc12)[C@H]1CCCN(S(=O)(=O)c2ccccc2)C1,1.091666958,train,random,5,,,,
C[C@@H]1Cc2ccccc2N1C(=O)Cn1nc(-c2cccc3ncccc23)oc1=O,0.360404055,train,random,5,,,,
Nc1ncnc2c1c(-c1cnc3[nH]ccc3c1)nn2C1CCCC1,0.780605306,train,random,5,,,,
O=C(Nc1cnccc1-c1ccc(Cl)cc1)c1ccnc(NC(=O)C2CC2)c1,0.847634344,train,random,5,,,,
CN1C(N)=N[C@](C)(c2cc(NC(=O)c3ccc(F)cn3)ccc2F)CS1(=O)=O,1.491417728,train,random,5,,,,
CC1CN(C(=O)c2cccnc2N2CCOCC2)CC(c2ccccc2)O1,1.555686814,train,random,5,,,,
Cc1cc(Nc2cnccn2)cc(C2CCCN(CC(=O)N3CCCC3)C2)n1,1.632416797,train,random,5,,,,
CN(C)C(=O)C1(Cc2ccccc2-c2ccccc2)CCN(C(=O)c2cnn(C)c2)CC1,1.146840934,train,random,5,,,,
CC1(C)CC(=O)C2=C(C1)NC(=O)CC2c1ccc(Br)cc1,0.944630702,train,random,5,,,,
CN1CCN(S(=O)(=O)c2ccc(-c3cnc(N)c(C(=O)Nc4cccnc4)n3)cc2)CC1,0.915558115,train,random,5,,,,
CNC(=O)C1(Cc2ccc(-c3cccnc3)cc2)CCN(Cc2ccccc2Cl)C1,0.273695588,train,random,5,,,,
Cc1cc(N2CCCC2c2cc(CCC(=O)O)cc(C)n2)ncn1,2.0,train,random,5,,,,
CCCNC(=O)NS(=O)(=O)c1ccc(Cl)cc1,0.628286731,train,random,5,,,,
O=C(CN1CCCC(c2cccc(Cc3cccc(F)c3)n2)C1)N1CCCC1,0.953856298,train,random,5,,,,
COc1cc2ncnc(Nc3cccc(O)c3)c2cc1OC,0.650307523,train,random,5,,,,
Cc1cc(C)c2c(N)c(C(=O)NCc3ccc(Cl)cc3)sc2n1,-0.185752404,train,random,5,,,,
COCCNC(=O)c1ccnc(C2CCNCC2)c1,2.0,train,random,5,,,,
COc1nc2sc(C(=O)NC3CC3)c(N)c2c(C)c1Cl,0.452093249,train,random,5,,,,
Cc1cc(N2CCCC2)nc(C2CCCN(C)C2)n1,1.861522463,train,random,5,,,,
O=C1NCCSc2c1sc1ccc(O)cc21,1.164679941,train,random,5,,,,
CCn1cc(C(=O)O)c(=O)c2c(N)c(F)c(NC3CCCCC3)cc21,0.426673888,train,random,5,,,,
CC(CCc1ccccc1)NCC(O)c1ccc(O)c(C(N)=O)c1,1.65850745,train,random,5,,,,
N#Cc1cc(F)c(NS(=O)(=O)c2c[nH]c3cc(Cl)ccc23)cc1F,-0.251811973,train,random,5,,,,
CC(C)CC(NC(=O)C(O)C(N)Cc1ccccc1)C(=O)O,1.54052968,train,random,5,,,,
COCCc1ccc(OCC(O)CNC(C)C)cc1,2.0,train,random,5,,,,
COc1cc(Cc2cnc(N)nc2N)cc(OC)c1OC,1.855513099,train,random,5,,,,
CC(C(=O)O)c1cccc(C(=O)c2ccccc2)c1,0.047274867,train,random,5,,,,
COc1cc2c(cc1OC)CN(CCc1ccc(NC(=O)c3cccc4c(O)c5cccc(OC)c5nc34)cc1)CC2,-1.292429824,train,random,5,,,,
Nc1nc(=O)c2ncn(COCCO)c2[nH]1,1.850860573,train,random,5,,,,
COc1ccc([C@H]2c3[nH]c4ccc(Cl)cc4c3CCN2C(=O)Oc2ccc(Cl)cc2)cc1,1.754608223,train,random,5,,,,
CC(=O)Nc1ccc(O)cc1,1.916985305,train,random,5,,,,
O=C(NC1CCNCC1)c1ccc2[nH]ncc2c1,1.92695435,train,random,5,,,,
Cc1cccc(/C=N/Nc2cc(N3CCOCC3)nc(OCCc3ccccn3)n2)c1,-0.27572413,train,random,5,,,,
COc1ccc(OC[C@@H]2c3cc(OC)c(OC)cc3CCN2C(=O)c2cccc(Cl)c2)cc1,0.232233521,train,random,5,,,,
CC(C)[C@H](CO)Nc1nc(Nc2cc(N)cc(Cl)c2)c2ncn(C(C)C)c2n1,-0.099086932,train,random,5,,,,
O=C(NC1CCNCC1)c1ccc2cn[nH]c2c1,1.70808081,train,random,5,,,,
O=C(Nc1cccc2c(=O)cc(-c3nnn[nH]3)oc12)c1ccc(OCCCCc2ccccc2)cc1,0.77224834,train,random,5,,,,
CC(=O)Nc1ncc(C(=O)O)s1,1.854123782,train,random,5,,,,
Cc1cccc(-c2nc(C34CCC(C(N)=O)(CC3)CC4)[nH]c2-c2ccc3c(c2)OCO3)n1,0.21031852,train,random,5,,,,
COc1cc2nc(-c3cc(F)ccc3O)nc(N[C@@H]3CNC[C@H]3C(C)(C)O)c2cc1OC.Cl,-0.823908741,train,random,5,,,,
CC(C)[C@@](C)(O)[C@@H]1CN(c2nc(-c3n[nH]c4ncccc34)c(F)cc2Cl)CCN1,0.622421274,train,random,5,,,,
CC(C)(O)CCn1cc2cc(NC(=O)c3cccc(C(F)(F)F)n3)c(C(C)(C)O)cc2n1,1.092264361,test,random,5,0.5791661349999999,0.47687392015,0.2731773009899999,0.2656491713699999
CC(C)NCC(O)COc1cccc2ccccc12,1.347759218,test,random,5,1.0252273800699996,0.9817763215600002,1.0764896260399999,1.5913588721700003
COc1cc2c(cc1OC)CC(=O)N(CCCN(C)C[C@H]1Cc3cc(OC)c(OC)cc31)CC2,1.615139594,test,random,5,1.1046057551700008,0.4081966511099999,0.34244453662999996,-0.045431437969999953
O=C(Nc1cccnc1)c1ccnc(NC(=O)C2CC2)c1,1.615287063,test,random,5,0.8998565342800002,0.9724869052900001,1.0989989307800003,1.54178399445
C=CC(=O)N1CCC([C@@H]2CCNc3c(C(N)=O)c(-c4ccc(Oc5ccccc5)cc4)nn32)CC1,0.231979027,test,random,5,0.39464268006,0.10714993361999997,0.40478242852999974,-0.044305686889999994
C[C@@H]1c2nnn(-c3ncc(F)cn3)c2CCN1C(=O)c1cccc(C(F)(F)F)c1Cl,1.240049772,test,random,5,0.5514505385199998,0.7422962288399999,0.6757032501300002,0.6188868341799999
Fc1ccccc1-c1c[nH]nc1C1CCCN1Cc1ccc2ncccc2c1,0.460897843,test,random,5,0.7376794608599999,0.5874663187,0.8856573665899999,0.36172450268000006
Cc1nccc(-c2cn(Cc3ccccc3)c3cnccc23)n1,1.207445854,test,random,5,0.9664249902000002,0.7087648693799997,0.8056104212299999,0.5865071822299999
O=C1NCCN(C(=O)c2ccncc2)C1c1ccccc1Cl,1.868168158,test,random,5,0.9211314666899996,1.2160544548900003,1.4444081104699997,1.5673163581499998
OCC1CCCCN1Cc1ccc(-c2ccccc2)cc1,1.394924244,test,random,5,1.1492912068600005,1.0011442392000005,0.8390632943700005,0.9571300353200004
Nc1ncc(C(=O)NC2CN(C(=O)C3CC3)C2)c2ccc(-c3cccc(F)c3)nc12,0.38219721,test,random,5,0.05274141584999997,0.7697211264399998,0.5597385019400002,1.0458581422599997
Cc1ncsc1C(=O)N1CCCCC1c1nc(N)ncc1-c1cccc(C(F)(F)F)c1,0.86254877,test,random,5,0.37725266918,0.48733717157999995,0.83694382851,0.20724486880000012
O=C(CCNC(=O)c1ccc(OC(F)(F)F)cc1)N[C@@H]1CCCc2ccccc21,0.630427875,test,random,5,0.6143408929699998,0.45739579104000005,0.8891825896700004,0.36926403462
C=CC(=O)Nc1cccc(Oc2nc(Nc3ccc(N4CCN(C)CC4)cc3)nc3ccoc23)c1,-0.208309351,test,random,5,-0.12906512636999992,0.009802043849999983,-0.052213611240000006,-0.1588907132499999
NCCN1CCN(C/C=C/C(=O)N2CCC[C@@H](n3nc(-c4ccc(Oc5ccccc5)cc4)c4c(N)ncnc43)C2)CC1,0.686814955,test,random,5,0.16601326248000003,-0.01861560880000002,0.23081461696999994,-0.13410318765000004
Cc1ncc(CN2CCC(Nc3ccc4nnnn4n3)C(C)C2)s1,1.579154557,test,random,5,1.2068777015300007,1.3258043091100007,1.17323260864,1.4925904675099997
O=S(=O)(c1cccc2c(O)nccc12)N1CCCNCC1,1.990813743,test,random,5,1.14638382336,1.2780175378800003,1.3360381549000007,1.7773038930699991
C#C[C@@](C)(CC)NC(=O)c1cc(F)cnc1NC1CC(F)(F)C1,0.850278553,test,random,5,1.05437477231,1.28022982988,0.7249799652900002,0.8416624409599998
Cn1cc(Nc2nc(N)nc(-c3cccc(-n4ccc5cc(C6CC6)cc(F)c5c4=O)c3CO)n2)cn1,0.581038949,test,random,5,0.8563982606899999,0.3074395934699999,0.33267290405,-0.017461844920000007
CNC(=O)C1(Cc2ccc(-c3cccnc3)cc2)CCN(Cc2cccc(F)c2)C1,0.531095547,test,random,5,0.7127850619000005,0.7734066802699998,0.7037984371900001,0.7878945716800007
O=C1CCCC[C@@H]2[C@H](C[C@@H](Cc3ccccc3F)N2C(=O)c2cccc3ncccc23)N1,1.348966512,test,random,5,0.23178309449999998,0.4303652723200001,0.7656365505000002,0.6255460560399999
CC(O)(C#Cc1ccc2c(c1)N(c1nc(N)ncc1Cl)CC2)c1nccs1,0.275311355,test,random,5,0.5299692316299996,0.6675042737300001,0.8317476165300002,0.4309943630499999
CCCCNC(=O)NS(=O)(=O)c1ccc(C)cc1,0.440121603,test,random,5,1.1457444573900006,0.8220093054800003,0.7597442349700003,1.1385032085100009
Cc1cccnc1Nc1cccc(C2CCCN(CC(=O)Nc3nccs3)C2)n1,0.637289548,test,random,5,0.6479146573899998,0.5136633813599999,0.9305075366600003,0.6164259083899999
CC1(CNC(=O)c2cncc(C3CCNCC3)n2)CCCO1,1.960042456,test,random,5,1.6787801381300003,1.64390404327,1.2754184999300002,1.6989021558500013
COc1cc2nc(N3CCN(C(=O)c4ccco4)CC3)nc(N)c2cc1OC,1.371880249,test,random,5,0.5357382453399996,0.6736688540099999,0.77511301871,0.8988333206099997
CC1(C)Cc2cc(NC(=O)c3cnn4cccnc34)c(OCC3CC3)nc2O1,0.38219721,test,random,5,0.9208231042700001,0.7731128549399997,0.8740470904100001,0.6791193403700001
C=CCc1ccccc1OCC(O)CNC(C)C,1.496029699,test,random,5,1.3038020242100004,1.2936483751400008,1.0851349990699999,1.6869327053
NCCCC[C@H](N[C@@H](CCc1ccccc1)C(=O)O)C(=O)N1CCC[C@H]1C(=O)O,2.0,test,random,5,0.9809299453600001,0.67650465022,0.7437595995500003,1.2399848572700005
CCCc1nc2nc(C)c(NS(=O)(=O)c3ccc(C4CCCCC4)cc3)c(O)n2n1,-0.137272472,test,random,5,1.0573144676800004,0.33244912447,0.6270254132099997,0.3581353096699999
NC(=O)C1(Cc2ccc(-c3ccncc3)cc2)CCN(C(=O)Cc2cccc(F)c2)CC1,1.058463986,test,random,5,0.8089262593800002,0.5632350115799999,0.8686393979399999,0.5629496373699999
CCn1c(=O)oc2cc(NC(=O)c3ccc(C(C)(C)C)cc3)ccc21,0.180412633,test,random,5,0.87304680031,0.6198113170199997,0.5204441366900001,0.23106623655000008
N#Cc1ccc(COc2cccc(C3CCN(Cc4nc5ccc(C(=O)O)cc5n4C[C@@H]4CCO4)CC3)n2)c(F)c1,0.312177356,test,random,5,0.6576583541499997,0.13721699566,0.3877106161499999,-0.14713283654999992
CC(C)(C)OC(=O)N1CCCC1C(=O)N1CCC(C(=O)N[C@@H](Cc2c[nH]c3ccccc23)C(=O)O)CC1,1.842553077,test,random,5,0.5564790360599998,0.3473799684400001,0.6318854514299996,-0.33825634668999977
CNc1cc(Nc2cccn(-c3ccccn3)c2=O)nn2c(C(=O)N[C@@H]3C[C@@H]3F)cnc12,0.51851394,train,random,6,,,,
CN(c1ncc(F)cn1)[C@H]1CCCNC1,2.0,train,random,6,,,,
CC(C)(Oc1ccc(-c2cnc(N)c(-c3ccc(Cl)cc3)c2)cc1)C(=O)O,-1.403402904,train,random,6,,,,
CC(C)(O)CCn1cc2cc(NC(=O)c3cccc(C(F)(F)F)n3)c(C(C)(C)O)cc2n1,1.092264361,train,random,6,,,,
CC#CC(=O)N[C@H]1CCCN(c2c(F)cc(C(N)=O)c3[nH]c(C)c(C)c23)C1,-0.639532816,train,random,6,,,,
CC(C)NCC(O)COc1cccc2ccccc12,1.347759218,train,random,6,,,,
COc1ccc(Cl)cc1C(=O)NCCc1ccc(S(=O)(=O)NC(=O)NC2CCCCC2)cc1,-0.943095149,train,random,6,,,,
CC(C)NC(=O)COc1cccc(-c2nc(Nc3ccc4[nH]ncc4c3)c3ccccc3n2)c1,-0.504455662,train,random,6,,,,
CCS(=O)(=O)N1CC(CC#N)(n2cc(-c3ncnc4[nH]ccc34)cn2)C1,2.0,train,random,6,,,,
COc1ccc(S(=O)(=O)N2CCC(N3CCC(C)CC3)CC2)cc1,1.626076768,train,random,6,,,,
CCn1c(-c2nonc2N)nc2cnc(Oc3cccc(NC(=O)c4ccc(OCCN5CCOCC5)cc4)c3)cc21,-0.325138859,train,random,6,,,,
CC1(C)CC[C@]2(NC(=O)C(C)(F)F)CC[C@]3(C)[C@H](C(=O)C=C4[C@@]3(C)CC[C@H]3C(C)(C)C(=O)C(C#N)=C[C@]43C)[C@@H]2C1,-0.055517328,train,random,6,,,,
Cc1c[nH]c2nccc(Oc3c(F)cc(Nc4cc(Cl)nc(N)n4)cc3F)c12,-0.68613278,train,random,6,,,,
COc1cc2c(cc1OC)CC(=O)N(CCCN(C)C[C@H]1Cc3cc(OC)c(OC)cc31)CC2,1.615139594,train,random,6,,,,
CCCc1cc(N2CCc3c(nc(C4CC4)n3C)C2)n2ncnc2n1,1.388207807,train,random,6,,,,
Fc1ccc(-c2ccc3c(c2)[nH]c2ccncc23)cn1,0.640978057,train,random,6,,,,
Nc1c(F)ccc2cnc(-n3ccc4ccncc43)cc12,0.631443769,train,random,6,,,,
C=CC(=O)N1C[C@H](Nc2ncnc3[nH]ccc23)CC[C@@H]1C,1.74597993,train,random,6,,,,
Cn1cc(Nc2nccc(N3CC4CCC(C3)N4C(=O)[C@@H]3CC3(F)F)n2)cn1,1.786412441,train,random,6,,,,
C=CC(=O)N1CCC(CNc2ncnc(N)c2-c2ccc(Oc3ccccc3)cc2)CC1,0.901294817,train,random,6,,,,
Nc1n[nH]cc1-c1cc(Cl)ccc1Oc1cc(F)c(S(=O)(=O)Nc2cscn2)cc1Cl,-0.08249449,train,random,6,,,,
Cc1c(-c2c(F)cc(C(N)=O)c3[nH]c4c(c23)CC[C@H](C(C)(C)O)C4)cccc1-n1c(=O)c2cccc(F)c2n(C)c1=O,0.326540669,train,random,6,,,,
Cn1cc(-c2cn3nccc3c(-c3cnn([C@]4(CC#N)C[C@@H](C#N)C4)c3)n2)cn1,1.364100521,train,random,6,,,,
O=C(Nc1cccnc1)c1ccnc(NC(=O)C2CC2)c1,1.615287063,train,random,6,,,,
O=C(c1ccc(Oc2ccccc2)cc1Cl)c1c[nH]c2ncnc(N[C@@H]3CC[C@@H](CO)OC3)c12,-0.295849483,train,random,6,,,,
N#CC[C@H](C1CCCC1)n1cc(-c2ncnc3[nH]ccc23)cn1,1.244598701,train,random,6,,,,
CC#CC(=O)N1CC[C@@H](n2c(=O)n(-c3ccc(Oc4ccccc4)cc3)c3c(N)ncnc32)C1,0.669595781,train,random,6,,,,
C=CC(=O)N1CCC([C@@H]2CCNc3c(C(N)=O)c(-c4ccc(Oc5ccccc5)cc4)nn32)CC1,0.231979027,train,random,6,,,,
C=CC(=O)N1CCC[C@H](n2c(=O)n(-c3ccc(Oc4ccccc4)cc3)c3c(N)ncnc32)C1,0.276231958,train,random,6,,,,
CC(C)(C=C(C#N)C(=O)N1CCC[C@@H](n2nc(-c3ccc(Oc4ccccc4)cc3F)c3c(N)ncnc32)C1)N1CCN(C2COC2)CC1,0.123198075,train,random,6,,,,
CC#CC(=O)N1CC[C@@H](n2cc(-c3ccc(Oc4c(F)cccc4F)cc3)c3c(N)n[nH]c(=O)c32)C1,-0.029188389,train,random,6,,,,
C[C@@H]1c2nnn(-c3ncc(F)cn3)c2CCN1C(=O)c1cccc(C(F)(F)F)c1Cl,1.240049772,train,random,6,,,,
COc1ccccc1-c1cc(NC(=O)c2cccc(N3CCNC3=O)c2)[nH]n1,-0.742321425,train,random,6,,,,
Nc1ncc(-c2cccc(C(F)(F)F)c2)c(C2CCCCN2C(=O)c2ccccc2)n1,0.137354111,train,random,6,,,,
O=C(Nc1cccc(-c2nncn2C2CC2)c1)c1cc(-n2cnc(C3CC3)c2)ccn1,0.611935625,train,random,6,,,,
Fc1ccccc1-c1c[nH]nc1C1CCCN1Cc1ccc2ncccc2c1,0.460897843,train,random,6,,,,
Cc1nccc(-c2cn(Cc3ccccc3)c3cnccc23)n1,1.207445854,train,random,6,,,,
CCc1nc(C)cn2nc(-c3cc(=O)n4cc(C5CCN(C)CC5)cc(C)c4n3)cc12,0.593618308,train,random,6,,,,
Cc1c(Cl)ccc2cc3n(c12)[C@@H](C)CNC3=O,0.696793085,train,random,6,,,,
COc1cc(F)ccc1-c1ncnc(Nc2cccc(C[S@@](C)(=N)=O)c2)n1,1.574609941,train,random,6,,,,
Cc1ccc(C(=O)N2CCC(Cc3ccccc3-c3ccccc3)(C(=O)N(C)C)CC2)s1,-0.590066877,train,random,6,,,,
CCc1nc2c(C)cc(N3CCN(CC(=O)N4CC(O)C4)CC3)cn2c1N(C)c1nc(-c2ccc(F)cc2)c(C#N)s1,-0.434152181,train,random,6,,,,
CN(C)C(=O)C1(Cc2ccccc2-c2ccccc2)CCN(C(=O)C2CCCO2)CC1,1.265713811,train,random,6,,,,
CC(=O)Nc1ccc(C(=O)N2CCCCC2c2nc(N)ncc2-c2ccc(Cl)cc2)cc1,0.549861188,train,random,6,,,,
CC(=O)Nc1ccc(C(=O)N2CCCCC2c2nc(N)ncc2-c2cccc(Cl)c2)cc1,0.584331224,train,random,6,,,,
O=C1CN(c2ccc(Nc3nccc(C(F)(F)F)n3)cn2)CCN1,1.433497815,train,random,6,,,,
O=C1NCCN(C(=O)c2ccc3nccn3c2)C1c1ccccc1C(F)(F)F,1.801527189,train,random,6,,,,
Cc1cc(F)ccc1C1C(=O)NCCN1C(=O)c1ccc2nccn2c1,1.950724994,train,random,6,,,,
O=C1NCCN(C(=O)c2ccncc2)C1c1ccccc1Cl,1.868168158,train,random,6,,,,
C[C@H]1CN(C(=O)CC(c2ccccc2)c2ccccc2)C[C@@H](C)O1,0.718335579,train,random,6,,,,
CN1[C@H]2CC[C@@H]1C[C@@H](OC(c1ccccc1)c1ccccc1)C2,1.180842415,train,random,6,,,,
OCC1CCCCN1Cc1ccc(Cl)c(Cl)c1,1.484982782,train,random,6,,,,
CC(=O)N1CCN(c2nc(C(F)(F)F)nc3sc(C)c(C)c23)CC1,0.624282096,train,random,6,,,,
COc1ccccc1C(=O)Nc1ccc2cc[nH]c2c1,0.571825249,train,random,6,,,,
c1ccc(Oc2cccc(CN(CCN3CCOCC3)Cc3cccnc3)c2)cc1,0.142389466,train,random,6,,,,
Cc1c(C(=O)NCCCN(C)C)sc2ncnc(Nc3ccc(F)cc3OC(C)C)c12,0.966376423,train,random,6,,,,
OCC1CCCCN1Cc1ccc(-c2ccccc2)cc1,1.394924244,train,random,6,,,,
Nc1ncc(C(=O)NC2CN(C(=O)C3CC3)C2)c2ccc(-c3cccc(F)c3)nc12,0.38219721,train,random,6,,,,
CC1(C)CC(Oc2ccc(-c3ccc(-c4cn[nH]c4)cc3O)nn2)CC(C)(C)N1,1.241969612,train,random,6,,,,
Cc1nnc(-c2ccc3occ(-c4ccc(S(C)=O)cc4)c3c2)o1,1.077985291,train,random,6,,,,
Cc1ncsc1C(=O)N1CCCCC1c1nc(N)ncc1-c1cccc(C(F)(F)F)c1,0.86254877,train,random,6,,,,
O=C(Nc1ccc2ccccc2n1)c1ccc(N2CCOC2=O)cc1,0.069298012,train,random,6,,,,
O=C(CCNC(=O)c1ccc(OC(F)(F)F)cc1)N[C@@H]1CCCc2ccccc21,0.630427875,train,random,6,,,,
C=CC(=O)Nc1cccc(Oc2nc(Nc3ccc(N4CCN(C)CC4)cc3)nc3ccoc23)c1,-0.208309351,train,random,6,,,,
CCN1CCN(S(=O)(=O)Cc2ccc(Cl)c(Cl)c2)CC1,1.071845201,train,random,6,,,,
O=C(Nc1nc2cccc(-c3ccc(CN4CCS(=O)(=O)CC4)cc3)n2n1)C1CC1,1.601853652,train,random,6,,,,
CCn1c(CO)nn(-c2cc(O[C@@H](C)C(F)(F)F)c(C(=O)Nc3c(F)cccc3Cl)cc2F)c1=O,0.876910311,train,random,6,,,,
CCN(C/C=C\c1ccc(C2CCCCC2)c(Cl)c1)C1CCCCC1,-0.266802735,train,random,6,,,,
NCCN1CCN(C/C=C/C(=O)N2CCC[C@@H](n3nc(-c4ccc(Oc5ccccc5)cc4)c4c(N)ncnc43)C2)CC1,0.686814955,train,random,6,,,,
CC/C(=C(\c1ccccc1)c1ccc(OCCN(C)C)cc1)c1ccccc1,-0.341988603,train,random,6,,,,
COc1nn(C)cc1C(=O)Nc1cccc2cnccc12,1.58945809,train,random,6,,,,
CNC(=O)C1(Cc2ccc(-c3ccncc3)cc2)CCN(Cc2cccc(F)c2)C1,0.715167358,train,random,6,,,,
Cc1ncc(CN2CCC(Nc3ccc4nnnn4n3)C(C)C2)s1,1.579154557,train,random,6,,,,
Cc1nc(Nc2nccs2)cc(C2CN(c3ncccn3)C2)n1,0.374565061,train,random,6,,,,
COc1ccc(Nc2c(C#N)cnc3cc(OC)c(OC)cc23)cc1Cl,0.115943177,train,random,6,,,,
Cc1noc(C(C)C)c1C(=O)N1CC(C)OC(c2ccccc2)C1,1.111934276,train,random,6,,,,
CN(Cc1ccccc1)C1(C(=O)N2CCNC(=O)CC2)Cc2ccccc2C1,0.912806393,train,random,6,,,,
Cc1c(F)cccc1NC(=O)CN1[C@H]2CCCC(=O)N[C@@]2(C)C[C@H]1Cc1ccccc1,0.925312092,train,random,6,,,,
CCC1=C(C)CN(C(=O)NCCc2ccc(S(=O)(=O)NC(=O)N[C@H]3CC[C@H](C)CC3)cc2)C1=O,-1.638272164,train,random,6,,,,
O=S(=O)(c1cccc2c(O)nccc12)N1CCCNCC1,1.990813743,train,random,6,,,,
Cc1ccc(NC(=O)CN2[C@H]3CCCC(=O)N[C@@]3(C)C[C@H]2Cc2ccccc2)cc1F,0.360971884,train,random,6,,,,
CN(C)C(=O)C1(Cc2ccccc2-c2cccc(F)c2)CCN(C(=O)C2CC=CCC2)CC1,0.142702246,train,random,6,,,,
C#C[C@@](C)(CC)NC(=O)c1cc(F)cnc1NC1CC(F)(F)C1,0.850278553,train,random,6,,,,
Cn1cc(Nc2nc(N)nc(-c3cccc(-n4ccc5cc(C6CC6)cc(F)c5c4=O)c3CO)n2)cn1,0.581038949,train,random,6,,,,
Cc1cnc(C(=O)NCCc2ccc(S(=O)(=O)NC(=O)NC3CCCCC3)cc2)cn1,-0.204119983,train,random,6,,,,
CNC(=O)C1(Cc2ccc(-c3cccnc3)cc2)CCN(Cc2ccc(F)cc2)C1,0.918868743,train,random,6,,,,
CNC(=O)C1(Cc2ccc(-c3cccnc3)cc2)CCN(Cc2cccc(F)c2)C1,0.531095547,train,random,6,,,,
CC(=O)Nc1ncc(CN2CCCC[C@@H]2C)s1,1.923109252,train,random,6,,,,
O=C1CCCC[C@@H]2[C@H](C[C@@H](Cc3ccccc3F)N2C(=O)c2cccc3ncccc23)N1,1.348966512,train,random,6,,,,
CCOc1cc(CC(=O)N[C@@H](CC(C)C)c2ccccc2N2CCCCC2)ccc1C(=O)O,-0.063486258,train,random,6,,,,
CC(O)(C#Cc1ccc2c(c1)N(c1nc(N)ncc1Cl)CC2)c1nccs1,0.275311355,train,random,6,,,,
COCCc1noc(CN2CC(c3ccccc3)(c3ccccc3)CCC2=O)n1,1.25166255,train,random,6,,,,
Cc1[nH]nc2c1C1(CCCCC1)CC(=O)N2,1.284633733,train,random,6,,,,
O=C(Nc1cccc2ncccc12)[C@H]1CCCN(S(=O)(=O)c2ccccc2)C1,1.091666958,train,random,6,,,,
Nc1ncnc2c1c(-c1cnc3[nH]ccc3c1)nn2C1CCCC1,0.780605306,train,random,6,,,,
O=C(Nc1cnccc1-c1ccc(Cl)cc1)c1ccnc(NC(=O)C2CC2)c1,0.847634344,train,random,6,,,,
CC1CN(C(=O)c2cccnc2N2CCOCC2)CC(c2ccccc2)O1,1.555686814,train,random,6,,,,
CCCCNC(=O)NS(=O)(=O)c1ccc(C)cc1,0.440121603,train,random,6,,,,
Cc1cccnc1Nc1cccc(C2CCCN(CC(=O)Nc3nccs3)C2)n1,0.637289548,train,random,6,,,,
CN(C)C(=O)C1(Cc2ccccc2-c2ccccc2)CCN(C(=O)c2cnn(C)c2)CC1,1.146840934,train,random,6,,,,
CC1(C)CC(=O)C2=C(C1)NC(=O)CC2c1ccc(Br)cc1,0.944630702,train,random,6,,,,
CNC(=O)C1(Cc2ccc(-c3cccnc3)cc2)CCN(Cc2ccccc2Cl)C1,0.273695588,train,random,6,,,,
Cc1cc(N2CCCC2c2cc(CCC(=O)O)cc(C)n2)ncn1,2.0,train,random,6,,,,
Cc1cc(C)c2c(N)c(C(=O)NCc3ccc(Cl)cc3)sc2n1,-0.185752404,train,random,6,,,,
COCCNC(=O)c1ccnc(C2CCNCC2)c1,2.0,train,random,6,,,,
CC1(CNC(=O)c2cncc(C3CCNCC3)n2)CCCO1,1.960042456,train,random,6,,,,
Cc1cc(N2CCCC2)nc(C2CCCN(C)C2)n1,1.861522463,train,random,6,,,,
O=C1NCCSc2c1sc1ccc(O)cc21,1.164679941,train,random,6,,,,
CCn1cc(C(=O)O)c(=O)c2c(N)c(F)c(NC3CCCCC3)cc21,0.426673888,train,random,6,,,,
COc1cc2nc(N3CCN(C(=O)c4ccco4)CC3)nc(N)c2cc1OC,1.371880249,train,random,6,,,,
CC(CCc1ccccc1)NCC(O)c1ccc(O)c(C(N)=O)c1,1.65850745,train,random,6,,,,
CC1(C)Cc2cc(NC(=O)c3cnn4cccnc34)c(OCC3CC3)nc2O1,0.38219721,train,random,6,,,,
N#Cc1cc(F)c(NS(=O)(=O)c2c[nH]c3cc(Cl)ccc23)cc1F,-0.251811973,train,random,6,,,,
COCCc1ccc(OCC(O)CNC(C)C)cc1,2.0,train,random,6,,,,
COc1cc(Cc2cnc(N)nc2N)cc(OC)c1OC,1.855513099,train,random,6,,,,
CC(C(=O)O)c1cccc(C(=O)c2ccccc2)c1,0.047274867,train,random,6,,,,
COc1cc2c(cc1OC)CN(CCc1ccc(NC(=O)c3cccc4c(O)c5cccc(OC)c5nc34)cc1)CC2,-1.292429824,train,random,6,,,,
C=CCc1ccccc1OCC(O)CNC(C)C,1.496029699,train,random,6,,,,
Nc1nc(=O)c2ncn(COCCO)c2[nH]1,1.850860573,train,random,6,,,,
NCCCC[C@H](N[C@@H](CCc1ccccc1)C(=O)O)C(=O)N1CCC[C@H]1C(=O)O,2.0,train,random,6,,,,
CCCc1nc2nc(C)c(NS(=O)(=O)c3ccc(C4CCCCC4)cc3)c(O)n2n1,-0.137272472,train,random,6,,,,
COc1ccc([C@H]2c3[nH]c4ccc(Cl)cc4c3CCN2C(=O)Oc2ccc(Cl)cc2)cc1,1.754608223,train,random,6,,,,
NC(=O)C1(Cc2ccc(-c3ccncc3)cc2)CCN(C(=O)Cc2cccc(F)c2)CC1,1.058463986,train,random,6,,,,
CC(=O)Nc1ccc(O)cc1,1.916985305,train,random,6,,,,
O=C(NC1CCNCC1)c1ccc2[nH]ncc2c1,1.92695435,train,random,6,,,,
Cc1cccc(/C=N/Nc2cc(N3CCOCC3)nc(OCCc3ccccn3)n2)c1,-0.27572413,train,random,6,,,,
CCn1c(=O)oc2cc(NC(=O)c3ccc(C(C)(C)C)cc3)ccc21,0.180412633,train,random,6,,,,
COc1ccc(OC[C@@H]2c3cc(OC)c(OC)cc3CCN2C(=O)c2cccc(Cl)c2)cc1,0.232233521,train,random,6,,,,
N#Cc1ccc(COc2cccc(C3CCN(Cc4nc5ccc(C(=O)O)cc5n4C[C@@H]4CCO4)CC3)n2)c(F)c1,0.312177356,train,random,6,,,,
CC(C)[C@H](CO)Nc1nc(Nc2cc(N)cc(Cl)c2)c2ncn(C(C)C)c2n1,-0.099086932,train,random,6,,,,
O=C(NC1CCNCC1)c1ccc2cn[nH]c2c1,1.70808081,train,random,6,,,,
CC(C)(C)OC(=O)N1CCCC1C(=O)N1CCC(C(=O)N[C@@H](Cc2c[nH]c3ccccc23)C(=O)O)CC1,1.842553077,train,random,6,,,,
CC(=O)Nc1ncc(C(=O)O)s1,1.854123782,train,random,6,,,,
Cc1cccc(-c2nc(C34CCC(C(N)=O)(CC3)CC4)[nH]c2-c2ccc3c(c2)OCO3)n1,0.21031852,train,random,6,,,,
CCOc1cc2nn(CCC(C)(C)O)cc2cc1NC(=O)c1cccc(C(F)F)n1,0.268343914,test,random,6,0.7967920339100002,0.5398858998999999,1.0491934560000002,0.52838910544
C=CC(=O)N1CCC[C@@H](n2nc(-c3ccc(Oc4ccccc4)cc3)c3c(N)ncnc32)C1,-0.35853,test,random,6,0.52985122061,0.46928158318999974,0.43533627306999984,0.4475713600300001
N#Cc1ccc2[nH]c(O)c(-c3ccc(CN4CCOCC4)cn3)c2c1,1.072507236,test,random,6,0.6052551450699998,0.9022236683200003,0.87691533296,1.5809547925499998
[2H]C([2H])([2H])NC(=O)c1nnc(NC(=O)C2CC2)cc1Nc1cccc(-c2ncn(C)n2)c1OC,1.236577565,test,random,6,0.9939176627299999,0.53740462736,0.5417407278400002,1.0546694816800004
CC(C)(C)c1ccc(-c2nc3n(c(=O)c2C#N)CCS3)cc1,0.455758203,test,random,6,0.9677112867600002,0.9449019854300004,0.4521125885999999,0.6859159769500001
C=CC(=O)Nc1cccc(Oc2nc(Nc3ccc(N4CCN(C)CC4)cc3)nc3ccsc23)c1,-0.308918508,test,random,6,0.29351626806999986,0.10373017297000003,0.1365126078199999,-0.09310458594999994
C=CC(=O)Nc1cccc(Oc2nc(Nc3ccc(N4CCN(C)CC4)c(F)c3)nc3[nH]ccc23)c1,-0.139063379,test,random,6,0.38522449601000003,0.05032537144000002,0.31626331880999997,-0.11003467643999996
Nc1ncnc2c1c(-c1ccc(Oc3ccccc3)cc1)nn2[C@@H]1CCCNC1,0.846275242,test,random,6,0.8416991078899998,0.5251910757,0.3699359149700001,0.48915369329
Cc1nnc(CN(C)CC(C)Oc2ccc(Cl)c(Cl)c2)n1C,1.114444172,test,random,6,0.6698465383300001,1.0591225151500003,0.9324865263900004,0.9074323465300002
COc1nn(C)cc1C(=O)Nc1cccc(-c2cnc3n2CCC3)c1,0.685562611,test,random,6,0.7996986003200002,1.0594883173600005,1.3200772251000001,1.4554944073299996
Cc1ncc(CN2CC[C@@H](Nc3cncc(Cl)n3)[C@@H](C)C2)s1,1.264227348,test,random,6,1.3846720278899998,1.1414657237699999,0.9367994531000003,0.9193228479899999
C[C@@H]1CCN(C(=O)CC#N)C[C@@H]1N(C)c1ncnc2[nH]ccc12,1.747124255,test,random,6,1.4418959581300002,1.1845222992900002,0.81389874714,1.7197593777999998
CC(C)(C)C(=O)N1CCC(Cc2ccc(-c3cccs3)cc2)(C(=O)N2CCCC2)CC1,0.008174184,test,random,6,1.0998710815900001,0.7263831696999999,0.6552354358899999,0.13534952226
OC[C@H](Nc1cncc(-c2ccc3[nH]ncc3n2)c1)c1ccccc1,1.024690862,test,random,6,0.7292664254099998,0.8469119217099998,0.6333929370400001,0.5904419017599998
Cc1ncsc1C(=O)N1CCCCC1c1nc(N(C)C)ncc1-c1cccc(Cl)c1,0.021602716,test,random,6,0.77712112558,0.5144713610200001,0.8342102234799994,0.4595547117499999
COc1ccc([C@H]2CN(C(C)=O)[C@@H]3CCCN(Cc4cccc(F)c4)[C@H]23)cc1,0.594060901,test,random,6,0.7548601170000001,0.7942828771999999,0.42705070821999974,0.9544534672099999
O=S(=O)(c1cccc2cnccc12)N1CCCNCC1,1.844321821,test,random,6,1.6056668979999993,1.5085185186799992,1.5720046509399994,1.7648810375899986
Cn1c(C2CC2)nc2c1CCN(c1ncnc3ccsc13)C2,1.192985379,test,random,6,1.08090085554,1.1935196096499998,0.6909854062800003,0.9522287760099999
COc1ccc(CCCN2CCN(c3cnn(C)c3)C(=O)C2)cc1F,1.308414999,test,random,6,0.84454246948,1.3305995954300003,0.80649182774,1.5554107256999998
COCC(=O)N1CCC(Cc2ccccc2-c2cccc(F)c2)(C(=O)NC(C)C)CC1,1.076967952,test,random,6,0.56504469126,0.6209137333199998,0.67516695796,0.8658508781099998
COc1ccc(CNC(=O)c2sc3nc(C)cc(C)c3c2N)cc1,-0.18243463,test,random,6,0.3544627732600003,0.2738075811900002,0.25277641141999985,0.1981355027400002
Cc1oc2ccccc2c1CNc1nnc(-c2ccncc2)o1,-0.172630727,test,random,6,1.1908703463799994,0.7534857277099999,1.0755291968799998,0.5307981247999998
C[C@@H]1Cc2ccccc2N1C(=O)Cn1nc(-c2cccc3ncccc23)oc1=O,0.360404055,test,random,6,1.1219780937700004,0.66410385512,0.9897889927700002,0.5894003205500001
CN1C(N)=N[C@](C)(c2cc(NC(=O)c3ccc(F)cn3)ccc2F)CS1(=O)=O,1.491417728,test,random,6,0.7162474471700004,0.8996391804900005,0.6215222444299998,1.04265652739
Cc1cc(Nc2cnccn2)cc(C2CCCN(CC(=O)N3CCCC3)C2)n1,1.632416797,test,random,6,0.9105124828399999,1.22694104223,1.43683216792,1.2212867713
CN1CCN(S(=O)(=O)c2ccc(-c3cnc(N)c(C(=O)Nc4cccnc4)n3)cc2)CC1,0.915558115,test,random,6,1.0245638644799995,0.46182915267999985,0.94962980603,0.90143253604
CCCNC(=O)NS(=O)(=O)c1ccc(Cl)cc1,0.628286731,test,random,6,0.5866552683600003,0.8169686188499995,0.42133885176999997,0.6805734251800005
O=C(CN1CCCC(c2cccc(Cc3cccc(F)c3)n2)C1)N1CCCC1,0.953856298,test,random,6,0.6728346994100001,1.0475714766700002,1.2370759898199999,0.8630334979500003
COc1cc2ncnc(Nc3cccc(O)c3)c2cc1OC,0.650307523,test,random,6,0.8645184812500003,0.918395247,0.6255535363700001,0.6720767431099998
COc1nc2sc(C(=O)NC3CC3)c(N)c2c(C)c1Cl,0.452093249,test,random,6,0.9726948073100001,0.8866038437900001,0.32918049119000004,1.2440154817500002
CC(C)CC(NC(=O)C(O)C(N)Cc1ccccc1)C(=O)O,1.54052968,test,random,6,1.3448064673699998,1.2579359065199993,1.6258635579600003,1.70095017093
O=C(Nc1cccc2c(=O)cc(-c3nnn[nH]3)oc12)c1ccc(OCCCCc2ccccc2)cc1,0.77224834,test,random,6,0.29390083678999984,0.1928675515200001,0.37940198318999974,-0.005084075150000011
COc1cc2nc(-c3cc(F)ccc3O)nc(N[C@@H]3CNC[C@H]3C(C)(C)O)c2cc1OC.Cl,-0.823908741,test,random,6,0.9480725829700002,0.41463439773000005,0.11909880799,0.34930158907999986
CC(C)[C@@](C)(O)[C@@H]1CN(c2nc(-c3n[nH]c4ncccc34)c(F)cc2Cl)CCN1,0.622421274,test,random,6,0.6180246563500001,0.7384104351300002,0.9841446914300005,0.6729164291699999
CNc1cc(Nc2cccn(-c3ccccn3)c2=O)nn2c(C(=O)N[C@@H]3C[C@@H]3F)cnc12,0.51851394,train,random,7,,,,
CCOc1cc2nn(CCC(C)(C)O)cc2cc1NC(=O)c1cccc(C(F)F)n1,0.268343914,train,random,7,,,,
CC(C)(Oc1ccc(-c2cnc(N)c(-c3ccc(Cl)cc3)c2)cc1)C(=O)O,-1.403402904,train,random,7,,,,
CC(C)(O)CCn1cc2cc(NC(=O)c3cccc(C(F)(F)F)n3)c(C(C)(C)O)cc2n1,1.092264361,train,random,7,,,,
CC#CC(=O)N[C@H]1CCCN(c2c(F)cc(C(N)=O)c3[nH]c(C)c(C)c23)C1,-0.639532816,train,random,7,,,,
CC(C)NCC(O)COc1cccc2ccccc12,1.347759218,train,random,7,,,,
COc1ccc(Cl)cc1C(=O)NCCc1ccc(S(=O)(=O)NC(=O)NC2CCCCC2)cc1,-0.943095149,train,random,7,,,,
C=CC(=O)N1CCC[C@@H](n2nc(-c3ccc(Oc4ccccc4)cc3)c3c(N)ncnc32)C1,-0.35853,train,random,7,,,,
CC(C)NC(=O)COc1cccc(-c2nc(Nc3ccc4[nH]ncc4c3)c3ccccc3n2)c1,-0.504455662,train,random,7,,,,
COc1cc2c(cc1OC)CC(=O)N(CCCN(C)C[C@H]1Cc3cc(OC)c(OC)cc31)CC2,1.615139594,train,random,7,,,,
N#Cc1ccc2[nH]c(O)c(-c3ccc(CN4CCOCC4)cn3)c2c1,1.072507236,train,random,7,,,,
CCCc1cc(N2CCc3c(nc(C4CC4)n3C)C2)n2ncnc2n1,1.388207807,train,random,7,,,,
Fc1ccc(-c2ccc3c(c2)[nH]c2ccncc23)cn1,0.640978057,train,random,7,,,,
Nc1c(F)ccc2cnc(-n3ccc4ccncc43)cc12,0.631443769,train,random,7,,,,
C=CC(=O)N1C[C@H](Nc2ncnc3[nH]ccc23)CC[C@@H]1C,1.74597993,train,random,7,,,,
Cn1cc(Nc2nccc(N3CC4CCC(C3)N4C(=O)[C@@H]3CC3(F)F)n2)cn1,1.786412441,train,random,7,,,,
[2H]C([2H])([2H])NC(=O)c1nnc(NC(=O)C2CC2)cc1Nc1cccc(-c2ncn(C)n2)c1OC,1.236577565,train,random,7,,,,
Cn1cc(-c2cn3nccc3c(-c3cnn([C@]4(CC#N)C[C@@H](C#N)C4)c3)n2)cn1,1.364100521,train,random,7,,,,
O=C(Nc1cccnc1)c1ccnc(NC(=O)C2CC2)c1,1.615287063,train,random,7,,,,
O=C(c1ccc(Oc2ccccc2)cc1Cl)c1c[nH]c2ncnc(N[C@@H]3CC[C@@H](CO)OC3)c12,-0.295849483,train,random,7,,,,
N#CC[C@H](C1CCCC1)n1cc(-c2ncnc3[nH]ccc23)cn1,1.244598701,train,random,7,,,,
CC(C)(C)c1ccc(-c2nc3n(c(=O)c2C#N)CCS3)cc1,0.455758203,train,random,7,,,,
C=CC(=O)Nc1cccc(Oc2nc(Nc3ccc(N4CCN(C)CC4)cc3)nc3ccsc23)c1,-0.308918508,train,random,7,,,,
C=CC(=O)N1CCC([C@@H]2CCNc3c(C(N)=O)c(-c4ccc(Oc5ccccc5)cc4)nn32)CC1,0.231979027,train,random,7,,,,
C=CC(=O)N1CCC[C@H](n2c(=O)n(-c3ccc(Oc4ccccc4)cc3)c3c(N)ncnc32)C1,0.276231958,train,random,7,,,,
CC(C)(C=C(C#N)C(=O)N1CCC[C@@H](n2nc(-c3ccc(Oc4ccccc4)cc3F)c3c(N)ncnc32)C1)N1CCN(C2COC2)CC1,0.123198075,train,random,7,,,,
CC#CC(=O)N1CC[C@@H](n2cc(-c3ccc(Oc4c(F)cccc4F)cc3)c3c(N)n[nH]c(=O)c32)C1,-0.029188389,train,random,7,,,,
C=CC(=O)Nc1cccc(Oc2nc(Nc3ccc(N4CCN(C)CC4)c(F)c3)nc3[nH]ccc23)c1,-0.139063379,train,random,7,,,,
C[C@@H]1c2nnn(-c3ncc(F)cn3)c2CCN1C(=O)c1cccc(C(F)(F)F)c1Cl,1.240049772,train,random,7,,,,
Nc1ncc(-c2cccc(C(F)(F)F)c2)c(C2CCCCN2C(=O)c2ccccc2)n1,0.137354111,train,random,7,,,,
Fc1ccccc1-c1c[nH]nc1C1CCCN1Cc1ccc2ncccc2c1,0.460897843,train,random,7,,,,
Cc1nccc(-c2cn(Cc3ccccc3)c3cnccc23)n1,1.207445854,train,random,7,,,,
CCc1nc(C)cn2nc(-c3cc(=O)n4cc(C5CCN(C)CC5)cc(C)c4n3)cc12,0.593618308,train,random,7,,,,
Nc1ncnc2c1c(-c1ccc(Oc3ccccc3)cc1)nn2[C@@H]1CCCNC1,0.846275242,train,random,7,,,,
Cc1nnc(CN(C)CC(C)Oc2ccc(Cl)c(Cl)c2)n1C,1.114444172,train,random,7,,,,
COc1nn(C)cc1C(=O)Nc1cccc(-c2cnc3n2CCC3)c1,0.685562611,train,random,7,,,,
Cc1ncc(CN2CC[C@@H](Nc3cncc(Cl)n3)[C@@H](C)C2)s1,1.264227348,train,random,7,,,,
Cc1ccc(C(=O)N2CCC(Cc3ccccc3-c3ccccc3)(C(=O)N(C)C)CC2)s1,-0.590066877,train,random,7,,,,
CCc1nc2c(C)cc(N3CCN(CC(=O)N4CC(O)C4)CC3)cn2c1N(C)c1nc(-c2ccc(F)cc2)c(C#N)s1,-0.434152181,train,random,7,,,,
C[C@@H]1CCN(C(=O)CC#N)C[C@@H]1N(C)c1ncnc2[nH]ccc12,1.747124255,train,random,7,,,,
CN(C)C(=O)C1(Cc2ccccc2-c2ccccc2)CCN(C(=O)C2CCCO2)CC1,1.265713811,train,random,7,,,,
CC(=O)Nc1ccc(C(=O)N2CCCCC2c2nc(N)ncc2-c2ccc(Cl)cc2)cc1,0.549861188,train,random,7,,,,
O=C1CN(c2ccc(Nc3nccc(C(F)(F)F)n3)cn2)CCN1,1.433497815,train,random,7,,,,
O=C1NCCN(C(=O)c2ccc3nccn3c2)C1c1ccccc1C(F)(F)F,1.801527189,train,random,7,,,,
Cc1cc(F)ccc1C1C(=O)NCCN1C(=O)c1ccc2nccn2c1,1.950724994,train,random,7,,,,
O=C1NCCN(C(=O)c2ccncc2)C1c1ccccc1Cl,1.868168158,train,random,7,,,,
C[C@H]1CN(C(=O)CC(c2ccccc2)c2ccccc2)C[C@@H](C)O1,0.718335579,train,random,7,,,,
CN1[C@H]2CC[C@@H]1C[C@@H](OC(c1ccccc1)c1ccccc1)C2,1.180842415,train,random,7,,,,
CC(C)(C)C(=O)N1CCC(Cc2ccc(-c3cccs3)cc2)(C(=O)N2CCCC2)CC1,0.008174184,train,random,7,,,,
OC[C@H](Nc1cncc(-c2ccc3[nH]ncc3n2)c1)c1ccccc1,1.024690862,train,random,7,,,,
Cc1ncsc1C(=O)N1CCCCC1c1nc(N(C)C)ncc1-c1cccc(Cl)c1,0.021602716,train,random,7,,,,
CC(=O)N1CCN(c2nc(C(F)(F)F)nc3sc(C)c(C)c23)CC1,0.624282096,train,random,7,,,,
COc1ccccc1C(=O)Nc1ccc2cc[nH]c2c1,0.571825249,train,random,7,,,,
c1ccc(Oc2cccc(CN(CCN3CCOCC3)Cc3cccnc3)c2)cc1,0.142389466,train,random,7,,,,
COc1ccc([C@H]2CN(C(C)=O)[C@@H]3CCCN(Cc4cccc(F)c4)[C@H]23)cc1,0.594060901,train,random,7,,,,
OCC1CCCCN1Cc1ccc(-c2ccccc2)cc1,1.394924244,train,random,7,,,,
Nc1ncc(C(=O)NC2CN(C(=O)C3CC3)C2)c2ccc(-c3cccc(F)c3)nc12,0.38219721,train,random,7,,,,
CC1(C)CC(Oc2ccc(-c3ccc(-c4cn[nH]c4)cc3O)nn2)CC(C)(C)N1,1.241969612,train,random,7,,,,
Cc1nnc(-c2ccc3occ(-c4ccc(S(C)=O)cc4)c3c2)o1,1.077985291,train,random,7,,,,
Cc1ncsc1C(=O)N1CCCCC1c1nc(N)ncc1-c1cccc(C(F)(F)F)c1,0.86254877,train,random,7,,,,
O=C(Nc1ccc2ccccc2n1)c1ccc(N2CCOC2=O)cc1,0.069298012,train,random,7,,,,
O=C(CCNC(=O)c1ccc(OC(F)(F)F)cc1)N[C@@H]1CCCc2ccccc21,0.630427875,train,random,7,,,,
O=S(=O)(c1cccc2cnccc12)N1CCCNCC1,1.844321821,train,random,7,,,,
C=CC(=O)Nc1cccc(Oc2nc(Nc3ccc(N4CCN(C)CC4)cc3)nc3ccoc23)c1,-0.208309351,train,random,7,,,,
CCN1CCN(S(=O)(=O)Cc2ccc(Cl)c(Cl)c2)CC1,1.071845201,train,random,7,,,,
O=C(Nc1nc2cccc(-c3ccc(CN4CCS(=O)(=O)CC4)cc3)n2n1)C1CC1,1.601853652,train,random,7,,,,
CCn1c(CO)nn(-c2cc(O[C@@H](C)C(F)(F)F)c(C(=O)Nc3c(F)cccc3Cl)cc2F)c1=O,0.876910311,train,random,7,,,,
CCN(C/C=C\c1ccc(C2CCCCC2)c(Cl)c1)C1CCCCC1,-0.266802735,train,random,7,,,,
NCCN1CCN(C/C=C/C(=O)N2CCC[C@@H](n3nc(-c4ccc(Oc5ccccc5)cc4)c4c(N)ncnc43)C2)CC1,0.686814955,train,random,7,,,,
Cn1c(C2CC2)nc2c1CCN(c1ncnc3ccsc13)C2,1.192985379,train,random,7,,,,
COc1nn(C)cc1C(=O)Nc1cccc2cnccc12,1.58945809,train,random,7,,,,
Cc1ncc(CN2CCC(Nc3ccc4nnnn4n3)C(C)C2)s1,1.579154557,train,random,7,,,,
COc1ccc(Nc2c(C#N)cnc3cc(OC)c(OC)cc23)cc1Cl,0.115943177,train,random,7,,,,
COc1ccc(CCCN2CCN(c3cnn(C)c3)C(=O)C2)cc1F,1.308414999,train,random,7,,,,
Cc1noc(C(C)C)c1C(=O)N1CC(C)OC(c2ccccc2)C1,1.111934276,train,random,7,,,,
CCC1=C(C)CN(C(=O)NCCc2ccc(S(=O)(=O)NC(=O)N[C@H]3CC[C@H](C)CC3)cc2)C1=O,-1.638272164,train,random,7,,,,
O=S(=O)(c1cccc2c(O)nccc12)N1CCCNCC1,1.990813743,train,random,7,,,,
CN(C)C(=O)C1(Cc2ccccc2-c2cccc(F)c2)CCN(C(=O)C2CC=CCC2)CC1,0.142702246,train,random,7,,,,
COCC(=O)N1CCC(Cc2ccccc2-c2cccc(F)c2)(C(=O)NC(C)C)CC1,1.076967952,train,random,7,,,,
COc1ccc(CNC(=O)c2sc3nc(C)cc(C)c3c2N)cc1,-0.18243463,train,random,7,,,,
C#C[C@@](C)(CC)NC(=O)c1cc(F)cnc1NC1CC(F)(F)C1,0.850278553,train,random,7,,,,
Cn1cc(Nc2nc(N)nc(-c3cccc(-n4ccc5cc(C6CC6)cc(F)c5c4=O)c3CO)n2)cn1,0.581038949,train,random,7,,,,
CNC(=O)C1(Cc2ccc(-c3cccnc3)cc2)CCN(Cc2ccc(F)cc2)C1,0.918868743,train,random,7,,,,
CNC(=O)C1(Cc2ccc(-c3cccnc3)cc2)CCN(Cc2cccc(F)c2)C1,0.531095547,train,random,7,,,,
O=C1CCCC[C@@H]2[C@H](C[C@@H](Cc3ccccc3F)N2C(=O)c2cccc3ncccc23)N1,1.348966512,train,random,7,,,,
CC(O)(C#Cc1ccc2c(c1)N(c1nc(N)ncc1Cl)CC2)c1nccs1,0.275311355,train,random,7,,,,
COCCc1noc(CN2CC(c3ccccc3)(c3ccccc3)CCC2=O)n1,1.25166255,train,random,7,,,,
Cc1[nH]nc2c1C1(CCCCC1)CC(=O)N2,1.284633733,train,random,7,,,,
Cc1oc2ccccc2c1CNc1nnc(-c2ccncc2)o1,-0.172630727,train,random,7,,,,
O=C(Nc1cccc2ncccc12)[C@H]1CCCN(S(=O)(=O)c2ccccc2)C1,1.091666958,train,random,7,,,,
C[C@@H]1Cc2ccccc2N1C(=O)Cn1nc(-c2cccc3ncccc23)oc1=O,0.360404055,train,random,7,,,,
O=C(Nc1cnccc1-c1ccc(Cl)cc1)c1ccnc(NC(=O)C2CC2)c1,0.847634344,train,random,7,,,,
CN1C(N)=N[C@](C)(c2cc(NC(=O)c3ccc(F)cn3)ccc2F)CS1(=O)=O,1.491417728,train,random,7,,,,
CC1CN(C(=O)c2cccnc2N2CCOCC2)CC(c2ccccc2)O1,1.555686814,train,random,7,,,,
CCCCNC(=O)NS(=O)(=O)c1ccc(C)cc1,0.440121603,train,random,7,,,,
Cc1cc(Nc2cnccn2)cc(C2CCCN(CC(=O)N3CCCC3)C2)n1,1.632416797,train,random,7,,,,
Cc1cccnc1Nc1cccc(C2CCCN(CC(=O)Nc3nccs3)C2)n1,0.637289548,train,random,7,,,,
CN(C)C(=O)C1(Cc2ccccc2-c2ccccc2)CCN(C(=O)c2cnn(C)c2)CC1,1.146840934,train,random,7,,,,
CC1(C)CC(=O)C2=C(C1)NC(=O)CC2c1ccc(Br)cc1,0.944630702,train,random,7,,,,
CN1CCN(S(=O)(=O)c2ccc(-c3cnc(N)c(C(=O)Nc4cccnc4)n3)cc2)CC1,0.915558115,train,random,7,,,,
CNC(=O)C1(Cc2ccc(-c3cccnc3)cc2)CCN(Cc2ccccc2Cl)C1,0.273695588,train,random,7,,,,
Cc1cc(N2CCCC2c2cc(CCC(=O)O)cc(C)n2)ncn1,2.0,train,random,7,,,,
CCCNC(=O)NS(=O)(=O)c1ccc(Cl)cc1,0.628286731,train,random,7,,,,
O=C(CN1CCCC(c2cccc(Cc3cccc(F)c3)n2)C1)N1CCCC1,0.953856298,train,random,7,,,,
COc1cc2ncnc(Nc3cccc(O)c3)c2cc1OC,0.650307523,train,random,7,,,,
Cc1cc(C)c2c(N)c(C(=O)NCc3ccc(Cl)cc3)sc2n1,-0.185752404,train,random,7,,,,
COCCNC(=O)c1ccnc(C2CCNCC2)c1,2.0,train,random,7,,,,
COc1nc2sc(C(=O)NC3CC3)c(N)c2c(C)c1Cl,0.452093249,train,random,7,,,,
CC1(CNC(=O)c2cncc(C3CCNCC3)n2)CCCO1,1.960042456,train,random,7,,,,
Cc1cc(N2CCCC2)nc(C2CCCN(C)C2)n1,1.861522463,train,random,7,,,,
O=C1NCCSc2c1sc1ccc(O)cc21,1.164679941,train,random,7,,,,
COc1cc2nc(N3CCN(C(=O)c4ccco4)CC3)nc(N)c2cc1OC,1.371880249,train,random,7,,,,
CC1(C)Cc2cc(NC(=O)c3cnn4cccnc34)c(OCC3CC3)nc2O1,0.38219721,train,random,7,,,,
CC(C)CC(NC(=O)C(O)C(N)Cc1ccccc1)C(=O)O,1.54052968,train,random,7,,,,
COCCc1ccc(OCC(O)CNC(C)C)cc1,2.0,train,random,7,,,,
CC(C(=O)O)c1cccc(C(=O)c2ccccc2)c1,0.047274867,train,random,7,,,,
COc1cc2c(cc1OC)CN(CCc1ccc(NC(=O)c3cccc4c(O)c5cccc(OC)c5nc34)cc1)CC2,-1.292429824,train,random,7,,,,
C=CCc1ccccc1OCC(O)CNC(C)C,1.496029699,train,random,7,,,,
Nc1nc(=O)c2ncn(COCCO)c2[nH]1,1.850860573,train,random,7,,,,
NCCCC[C@H](N[C@@H](CCc1ccccc1)C(=O)O)C(=O)N1CCC[C@H]1C(=O)O,2.0,train,random,7,,,,
CCCc1nc2nc(C)c(NS(=O)(=O)c3ccc(C4CCCCC4)cc3)c(O)n2n1,-0.137272472,train,random,7,,,,
COc1ccc([C@H]2c3[nH]c4ccc(Cl)cc4c3CCN2C(=O)Oc2ccc(Cl)cc2)cc1,1.754608223,train,random,7,,,,
NC(=O)C1(Cc2ccc(-c3ccncc3)cc2)CCN(C(=O)Cc2cccc(F)c2)CC1,1.058463986,train,random,7,,,,
CC(=O)Nc1ccc(O)cc1,1.916985305,train,random,7,,,,
Cc1cccc(/C=N/Nc2cc(N3CCOCC3)nc(OCCc3ccccn3)n2)c1,-0.27572413,train,random,7,,,,
CCn1c(=O)oc2cc(NC(=O)c3ccc(C(C)(C)C)cc3)ccc21,0.180412633,train,random,7,,,,
COc1ccc(OC[C@@H]2c3cc(OC)c(OC)cc3CCN2C(=O)c2cccc(Cl)c2)cc1,0.232233521,train,random,7,,,,
N#Cc1ccc(COc2cccc(C3CCN(Cc4nc5ccc(C(=O)O)cc5n4C[C@@H]4CCO4)CC3)n2)c(F)c1,0.312177356,train,random,7,,,,
O=C(NC1CCNCC1)c1ccc2cn[nH]c2c1,1.70808081,train,random,7,,,,
CC(C)(C)OC(=O)N1CCCC1C(=O)N1CCC(C(=O)N[C@@H](Cc2c[nH]c3ccccc23)C(=O)O)CC1,1.842553077,train,random,7,,,,
O=C(Nc1cccc2c(=O)cc(-c3nnn[nH]3)oc12)c1ccc(OCCCCc2ccccc2)cc1,0.77224834,train,random,7,,,,
Cc1cccc(-c2nc(C34CCC(C(N)=O)(CC3)CC4)[nH]c2-c2ccc3c(c2)OCO3)n1,0.21031852,train,random,7,,,,
COc1cc2nc(-c3cc(F)ccc3O)nc(N[C@@H]3CNC[C@H]3C(C)(C)O)c2cc1OC.Cl,-0.823908741,train,random,7,,,,
CC(C)[C@@](C)(O)[C@@H]1CN(c2nc(-c3n[nH]c4ncccc34)c(F)cc2Cl)CCN1,0.622421274,train,random,7,,,,
CN(c1ncc(F)cn1)[C@H]1CCCNC1,2.0,test,random,7,1.2014936726100003,1.350435247720001,1.1855604740100005,1.6500580514699998
CCS(=O)(=O)N1CC(CC#N)(n2cc(-c3ncnc4[nH]ccc34)cn2)C1,2.0,test,random,7,0.9751244925500002,1.2051932920900004,0.9312898460000005,1.2284749521099998
COc1ccc(S(=O)(=O)N2CCC(N3CCC(C)CC3)CC2)cc1,1.626076768,test,random,7,0.8315335545099997,1.1832693547900004,0.9598245881399999,1.5748800210999996
CCn1c(-c2nonc2N)nc2cnc(Oc3cccc(NC(=O)c4ccc(OCCN5CCOCC5)cc4)c3)cc21,-0.325138859,test,random,7,0.4736298126999998,-0.05254759066999998,0.05794455619999997,-0.04071733523999996
CC1(C)CC[C@]2(NC(=O)C(C)(F)F)CC[C@]3(C)[C@H](C(=O)C=C4[C@@]3(C)CC[C@H]3C(C)(C)C(=O)C(C#N)=C[C@]43C)[C@@H]2C1,-0.055517328,test,random,7,0.9422607341000001,0.7101202037999998,0.2789886601,0.08577038228000002
Cc1c[nH]c2nccc(Oc3c(F)cc(Nc4cc(Cl)nc(N)n4)cc3F)c12,-0.68613278,test,random,7,0.5285103276700001,0.43450453645000003,0.46584088608999985,0.3495151639899998
C=CC(=O)N1CCC(CNc2ncnc(N)c2-c2ccc(Oc3ccccc3)cc2)CC1,0.901294817,test,random,7,0.08150040238000004,0.3763417618599999,0.20846301852999996,0.08344152692
Nc1n[nH]cc1-c1cc(Cl)ccc1Oc1cc(F)c(S(=O)(=O)Nc2cscn2)cc1Cl,-0.08249449,test,random,7,0.6102898733500001,0.40686325621999997,0.41271272191999997,0.11035138819000004
Cc1c(-c2c(F)cc(C(N)=O)c3[nH]c4c(c23)CC[C@H](C(C)(C)O)C4)cccc1-n1c(=O)c2cccc(F)c2n(C)c1=O,0.326540669,test,random,7,0.19650163471000007,0.4193663085000003,0.4272394180300001,-0.14231951406999999
CC#CC(=O)N1CC[C@@H](n2c(=O)n(-c3ccc(Oc4ccccc4)cc3)c3c(N)ncnc32)C1,0.669595781,test,random,7,0.5448564783899994,0.13955828255000008,0.3272154991400001,0.7476665791800001
COc1ccccc1-c1cc(NC(=O)c2cccc(N3CCNC3=O)c2)[nH]n1,-0.742321425,test,random,7,0.9203263923400002,0.76175807432,0.5570615697700001,0.7979485844900002
O=C(Nc1cccc(-c2nncn2C2CC2)c1)c1cc(-n2cnc(C3CC3)c2)ccn1,0.611935625,test,random,7,0.57589013419,0.77135047061,0.73872883805,0.51784254176
Cc1c(Cl)ccc2cc3n(c12)[C@@H](C)CNC3=O,0.696793085,test,random,7,1.0018604987200006,1.0659852947300001,0.7886742194000002,1.0422183099400002
COc1cc(F)ccc1-c1ncnc(Nc2cccc(C[S@@](C)(=N)=O)c2)n1,1.574609941,test,random,7,0.7164690284799999,0.7552752664399998,0.6479865539299999,0.55126837912
CC(=O)Nc1ccc(C(=O)N2CCCCC2c2nc(N)ncc2-c2cccc(Cl)c2)cc1,0.584331224,test,random,7,0.48037533541000016,0.47416216931000027,0.54642728367,0.46606406850000043
OCC1CCCCN1Cc1ccc(Cl)c(Cl)c1,1.484982782,test,random,7,1.2588502616200001,1.0557540687599996,0.9300595333300001,0.9184903380399997
Cc1c(C(=O)NCCCN(C)C)sc2ncnc(Nc3ccc(F)cc3OC(C)C)c12,0.966376423,test,random,7,0.3145720066800002,-0.12294197711999999,0.20143771498999996,0.21205375596000006
CC/C(=C(\c1ccccc1)c1ccc(OCCN(C)C)cc1)c1ccccc1,-0.341988603,test,random,7,0.87757436092,0.3306680751700001,0.46186606379999984,0.32213825692
CNC(=O)C1(Cc2ccc(-c3ccncc3)cc2)CCN(Cc2cccc(F)c2)C1,0.715167358,test,random,7,0.6485826330399997,0.6447348206999998,0.6849118904399997,0.7058035125400001
Cc1nc(Nc2nccs2)cc(C2CN(c3ncccn3)C2)n1,0.374565061,test,random,7,1.0260008568500008,0.88443215251,0.8372527042300003,1.2539558942499995
CN(Cc1ccccc1)C1(C(=O)N2CCNC(=O)CC2)Cc2ccccc2C1,0.912806393,test,random,7,0.9124678704900003,1.1312862173600002,0.7550876110500002,1.6610087530900004
Cc1c(F)cccc1NC(=O)CN1[C@H]2CCCC(=O)N[C@@]2(C)C[C@H]1Cc1ccccc1,0.925312092,test,random,7,0.9396487855899999,0.8163086759299998,0.9361662789500004,0.7531588682800004
Cc1ccc(NC(=O)CN2[C@H]3CCCC(=O)N[C@@]3(C)C[C@H]2Cc2ccccc2)cc1F,0.360971884,test,random,7,0.8868833147700004,0.8872361972099998,0.9178441097600002,0.7399011031500002
Cc1cnc(C(=O)NCCc2ccc(S(=O)(=O)NC(=O)NC3CCCCC3)cc2)cn1,-0.204119983,test,random,7,-0.11372176117999999,0.40841197871999996,0.5132512815799997,0.79383652438
CC(=O)Nc1ncc(CN2CCCC[C@@H]2C)s1,1.923109252,test,random,7,1.3104052176800003,1.3145668166900004,1.1413186266899997,1.4869895547700003
CCOc1cc(CC(=O)N[C@@H](CC(C)C)c2ccccc2N2CCCCC2)ccc1C(=O)O,-0.063486258,test,random,7,0.8030753940999997,0.48913878607999967,0.50338502978,0.08495818990999998
Nc1ncnc2c1c(-c1cnc3[nH]ccc3c1)nn2C1CCCC1,0.780605306,test,random,7,0.7209834846499998,0.9503166893500002,0.5538710198200001,0.6872804764699998
CCn1cc(C(=O)O)c(=O)c2c(N)c(F)c(NC3CCCCC3)cc21,0.426673888,test,random,7,0.2681590442800001,0.6517148775000001,0.6171160132099999,0.31752857007999996
CC(CCc1ccccc1)NCC(O)c1ccc(O)c(C(N)=O)c1,1.65850745,test,random,7,1.1275355518900008,0.7518542974699998,0.8852318147899999,1.3678633310199997
N#Cc1cc(F)c(NS(=O)(=O)c2c[nH]c3cc(Cl)ccc23)cc1F,-0.251811973,test,random,7,0.68427735701,0.6581624899200001,1.1604049254800008,0.4021053437599998
COc1cc(Cc2cnc(N)nc2N)cc(OC)c1OC,1.855513099,test,random,7,0.6053212526999999,0.6901728188199996,1.1331727247900003,1.10884116216
O=C(NC1CCNCC1)c1ccc2[nH]ncc2c1,1.92695435,test,random,7,1.5595406613400007,1.4985389688800002,1.4258289468299992,1.6995331625000014
CC(C)[C@H](CO)Nc1nc(Nc2cc(N)cc(Cl)c2)c2ncn(C(C)C)c2n1,-0.099086932,test,random,7,0.8219749417000005,0.6921341540700002,0.15852343761999999,0.34417118459999985
CC(=O)Nc1ncc(C(=O)O)s1,1.854123782,test,random,7,1.2858148388300004,1.1630697587200003,1.2994952906599997,1.4638328579700006
CCOc1cc2nn(CCC(C)(C)O)cc2cc1NC(=O)c1cccc(C(F)F)n1,0.268343914,train,random,8,,,,
CN(c1ncc(F)cn1)[C@H]1CCCNC1,2.0,train,random,8,,,,
CC(C)(O)CCn1cc2cc(NC(=O)c3cccc(C(F)(F)F)n3)c(C(C)(C)O)cc2n1,1.092264361,train,random,8,,,,
CC(C)NCC(O)COc1cccc2ccccc12,1.347759218,train,random,8,,,,
COc1ccc(Cl)cc1C(=O)NCCc1ccc(S(=O)(=O)NC(=O)NC2CCCCC2)cc1,-0.943095149,train,random,8,,,,
C=CC(=O)N1CCC[C@@H](n2nc(-c3ccc(Oc4ccccc4)cc3)c3c(N)ncnc32)C1,-0.35853,train,random,8,,,,
CCS(=O)(=O)N1CC(CC#N)(n2cc(-c3ncnc4[nH]ccc34)cn2)C1,2.0,train,random,8,,,,
COc1ccc(S(=O)(=O)N2CCC(N3CCC(C)CC3)CC2)cc1,1.626076768,train,random,8,,,,
CCn1c(-c2nonc2N)nc2cnc(Oc3cccc(NC(=O)c4ccc(OCCN5CCOCC5)cc4)c3)cc21,-0.325138859,train,random,8,,,,
CC1(C)CC[C@]2(NC(=O)C(C)(F)F)CC[C@]3(C)[C@H](C(=O)C=C4[C@@]3(C)CC[C@H]3C(C)(C)C(=O)C(C#N)=C[C@]43C)[C@@H]2C1,-0.055517328,train,random,8,,,,
Cc1c[nH]c2nccc(Oc3c(F)cc(Nc4cc(Cl)nc(N)n4)cc3F)c12,-0.68613278,train,random,8,,,,
COc1cc2c(cc1OC)CC(=O)N(CCCN(C)C[C@H]1Cc3cc(OC)c(OC)cc31)CC2,1.615139594,train,random,8,,,,
N#Cc1ccc2[nH]c(O)c(-c3ccc(CN4CCOCC4)cn3)c2c1,1.072507236,train,random,8,,,,
CCCc1cc(N2CCc3c(nc(C4CC4)n3C)C2)n2ncnc2n1,1.388207807,train,random,8,,,,
[2H]C([2H])([2H])NC(=O)c1nnc(NC(=O)C2CC2)cc1Nc1cccc(-c2ncn(C)n2)c1OC,1.236577565,train,random,8,,,,
C=CC(=O)N1CCC(CNc2ncnc(N)c2-c2ccc(Oc3ccccc3)cc2)CC1,0.901294817,train,random,8,,,,
Nc1n[nH]cc1-c1cc(Cl)ccc1Oc1cc(F)c(S(=O)(=O)Nc2cscn2)cc1Cl,-0.08249449,train,random,8,,,,
Cc1c(-c2c(F)cc(C(N)=O)c3[nH]c4c(c23)CC[C@H](C(C)(C)O)C4)cccc1-n1c(=O)c2cccc(F)c2n(C)c1=O,0.326540669,train,random,8,,,,
O=C(Nc1cccnc1)c1ccnc(NC(=O)C2CC2)c1,1.615287063,train,random,8,,,,
N#CC[C@H](C1CCCC1)n1cc(-c2ncnc3[nH]ccc23)cn1,1.244598701,train,random,8,,,,
CC(C)(C)c1ccc(-c2nc3n(c(=O)c2C#N)CCS3)cc1,0.455758203,train,random,8,,,,
C=CC(=O)Nc1cccc(Oc2nc(Nc3ccc(N4CCN(C)CC4)cc3)nc3ccsc23)c1,-0.308918508,train,random,8,,,,
CC#CC(=O)N1CC[C@@H](n2c(=O)n(-c3ccc(Oc4ccccc4)cc3)c3c(N)ncnc32)C1,0.669595781,train,random,8,,,,
C=CC(=O)N1CCC([C@@H]2CCNc3c(C(N)=O)c(-c4ccc(Oc5ccccc5)cc4)nn32)CC1,0.231979027,train,random,8,,,,
C=CC(=O)N1CCC[C@H](n2c(=O)n(-c3ccc(Oc4ccccc4)cc3)c3c(N)ncnc32)C1,0.276231958,train,random,8,,,,
CC#CC(=O)N1CC[C@@H](n2cc(-c3ccc(Oc4c(F)cccc4F)cc3)c3c(N)n[nH]c(=O)c32)C1,-0.029188389,train,random,8,,,,
C=CC(=O)Nc1cccc(Oc2nc(Nc3ccc(N4CCN(C)CC4)c(F)c3)nc3[nH]ccc23)c1,-0.139063379,train,random,8,,,,
C[C@@H]1c2nnn(-c3ncc(F)cn3)c2CCN1C(=O)c1cccc(C(F)(F)F)c1Cl,1.240049772,train,random,8,,,,
COc1ccccc1-c1cc(NC(=O)c2cccc(N3CCNC3=O)c2)[nH]n1,-0.742321425,train,random,8,,,,
Nc1ncc(-c2cccc(C(F)(F)F)c2)c(C2CCCCN2C(=O)c2ccccc2)n1,0.137354111,train,random,8,,,,
O=C(Nc1cccc(-c2nncn2C2CC2)c1)c1cc(-n2cnc(C3CC3)c2)ccn1,0.611935625,train,random,8,,,,
Fc1ccccc1-c1c[nH]nc1C1CCCN1Cc1ccc2ncccc2c1,0.460897843,train,random,8,,,,
Cc1nccc(-c2cn(Cc3ccccc3)c3cnccc23)n1,1.207445854,train,random,8,,,,
CCc1nc(C)cn2nc(-c3cc(=O)n4cc(C5CCN(C)CC5)cc(C)c4n3)cc12,0.593618308,train,random,8,,,,
Cc1c(Cl)ccc2cc3n(c12)[C@@H](C)CNC3=O,0.696793085,train,random,8,,,,
Nc1ncnc2c1c(-c1ccc(Oc3ccccc3)cc1)nn2[C@@H]1CCCNC1,0.846275242,train,random,8,,,,
Cc1nnc(CN(C)CC(C)Oc2ccc(Cl)c(Cl)c2)n1C,1.114444172,train,random,8,,,,
COc1nn(C)cc1C(=O)Nc1cccc(-c2cnc3n2CCC3)c1,0.685562611,train,random,8,,,,
COc1cc(F)ccc1-c1ncnc(Nc2cccc(C[S@@](C)(=N)=O)c2)n1,1.574609941,train,random,8,,,,
Cc1ncc(CN2CC[C@@H](Nc3cncc(Cl)n3)[C@@H](C)C2)s1,1.264227348,train,random,8,,,,
Cc1ccc(C(=O)N2CCC(Cc3ccccc3-c3ccccc3)(C(=O)N(C)C)CC2)s1,-0.590066877,train,random,8,,,,
CCc1nc2c(C)cc(N3CCN(CC(=O)N4CC(O)C4)CC3)cn2c1N(C)c1nc(-c2ccc(F)cc2)c(C#N)s1,-0.434152181,train,random,8,,,,
C[C@@H]1CCN(C(=O)CC#N)C[C@@H]1N(C)c1ncnc2[nH]ccc12,1.747124255,train,random,8,,,,
CN(C)C(=O)C1(Cc2ccccc2-c2ccccc2)CCN(C(=O)C2CCCO2)CC1,1.265713811,train,random,8,,,,
CC(=O)Nc1ccc(C(=O)N2CCCCC2c2nc(N)ncc2-c2ccc(Cl)cc2)cc1,0.549861188,train,random,8,,,,
CC(=O)Nc1ccc(C(=O)N2CCCCC2c2nc(N)ncc2-c2cccc(Cl)c2)cc1,0.584331224,train,random,8,,,,
O=C1NCCN(C(=O)c2ccc3nccn3c2)C1c1ccccc1C(F)(F)F,1.801527189,train,random,8,,,,
Cc1cc(F)ccc1C1C(=O)NCCN1C(=O)c1ccc2nccn2c1,1.950724994,train,random,8,,,,
O=C1NCCN(C(=O)c2ccncc2)C1c1ccccc1Cl,1.868168158,train,random,8,,,,
C[C@H]1CN(C(=O)CC(c2ccccc2)c2ccccc2)C[C@@H](C)O1,0.718335579,train,random,8,,,,
CN1[C@H]2CC[C@@H]1C[C@@H](OC(c1ccccc1)c1ccccc1)C2,1.180842415,train,random,8,,,,
CC(C)(C)C(=O)N1CCC(Cc2ccc(-c3cccs3)cc2)(C(=O)N2CCCC2)CC1,0.008174184,train,random,8,,,,
OC[C@H](Nc1cncc(-c2ccc3[nH]ncc3n2)c1)c1ccccc1,1.024690862,train,random,8,,,,
Cc1ncsc1C(=O)N1CCCCC1c1nc(N(C)C)ncc1-c1cccc(Cl)c1,0.021602716,train,random,8,,,,
OCC1CCCCN1Cc1ccc(Cl)c(Cl)c1,1.484982782,train,random,8,,,,
COc1ccccc1C(=O)Nc1ccc2cc[nH]c2c1,0.571825249,train,random,8,,,,
COc1ccc([C@H]2CN(C(C)=O)[C@@H]3CCCN(Cc4cccc(F)c4)[C@H]23)cc1,0.594060901,train,random,8,,,,
Cc1c(C(=O)NCCCN(C)C)sc2ncnc(Nc3ccc(F)cc3OC(C)C)c12,0.966376423,train,random,8,,,,
OCC1CCCCN1Cc1ccc(-c2ccccc2)cc1,1.394924244,train,random,8,,,,
Nc1ncc(C(=O)NC2CN(C(=O)C3CC3)C2)c2ccc(-c3cccc(F)c3)nc12,0.38219721,train,random,8,,,,
Cc1ncsc1C(=O)N1CCCCC1c1nc(N)ncc1-c1cccc(C(F)(F)F)c1,0.86254877,train,random,8,,,,
O=C(Nc1ccc2ccccc2n1)c1ccc(N2CCOC2=O)cc1,0.069298012,train,random,8,,,,
O=C(CCNC(=O)c1ccc(OC(F)(F)F)cc1)N[C@@H]1CCCc2ccccc21,0.630427875,train,random,8,,,,
O=S(=O)(c1cccc2cnccc12)N1CCCNCC1,1.844321821,train,random,8,,,,
C=CC(=O)Nc1cccc(Oc2nc(Nc3ccc(N4CCN(C)CC4)cc3)nc3ccoc23)c1,-0.208309351,train,random,8,,,,
CCN1CCN(S(=O)(=O)Cc2ccc(Cl)c(Cl)c2)CC1,1.071845201,train,random,8,,,,
CCn1c(CO)nn(-c2cc(O[C@@H](C)C(F)(F)F)c(C(=O)Nc3c(F)cccc3Cl)cc2F)c1=O,0.876910311,train,random,8,,,,
CCN(C/C=C\c1ccc(C2CCCCC2)c(Cl)c1)C1CCCCC1,-0.266802735,train,random,8,,,,
NCCN1CCN(C/C=C/C(=O)N2CCC[C@@H](n3nc(-c4ccc(Oc5ccccc5)cc4)c4c(N)ncnc43)C2)CC1,0.686814955,train,random,8,,,,
Cn1c(C2CC2)nc2c1CCN(c1ncnc3ccsc13)C2,1.192985379,train,random,8,,,,
CC/C(=C(\c1ccccc1)c1ccc(OCCN(C)C)cc1)c1ccccc1,-0.341988603,train,random,8,,,,
COc1nn(C)cc1C(=O)Nc1cccc2cnccc12,1.58945809,train,random,8,,,,
CNC(=O)C1(Cc2ccc(-c3ccncc3)cc2)CCN(Cc2cccc(F)c2)C1,0.715167358,train,random,8,,,,
Cc1ncc(CN2CCC(Nc3ccc4nnnn4n3)C(C)C2)s1,1.579154557,train,random,8,,,,
Cc1nc(Nc2nccs2)cc(C2CN(c3ncccn3)C2)n1,0.374565061,train,random,8,,,,
COc1ccc(Nc2c(C#N)cnc3cc(OC)c(OC)cc23)cc1Cl,0.115943177,train,random,8,,,,
COc1ccc(CCCN2CCN(c3cnn(C)c3)C(=O)C2)cc1F,1.308414999,train,random,8,,,,
CN(Cc1ccccc1)C1(C(=O)N2CCNC(=O)CC2)Cc2ccccc2C1,0.912806393,train,random,8,,,,
Cc1c(F)cccc1NC(=O)CN1[C@H]2CCCC(=O)N[C@@]2(C)C[C@H]1Cc1ccccc1,0.925312092,train,random,8,,,,
O=S(=O)(c1cccc2c(O)nccc12)N1CCCNCC1,1.990813743,train,random,8,,,,
Cc1ccc(NC(=O)CN2[C@H]3CCCC(=O)N[C@@]3(C)C[C@H]2Cc2ccccc2)cc1F,0.360971884,train,random,8,,,,
COCC(=O)N1CCC(Cc2ccccc2-c2cccc(F)c2)(C(=O)NC(C)C)CC1,1.076967952,train,random,8,,,,
COc1ccc(CNC(=O)c2sc3nc(C)cc(C)c3c2N)cc1,-0.18243463,train,random,8,,,,
C#C[C@@](C)(CC)NC(=O)c1cc(F)cnc1NC1CC(F)(F)C1,0.850278553,train,random,8,,,,
Cn1cc(Nc2nc(N)nc(-c3cccc(-n4ccc5cc(C6CC6)cc(F)c5c4=O)c3CO)n2)cn1,0.581038949,train,random,8,,,,
Cc1cnc(C(=O)NCCc2ccc(S(=O)(=O)NC(=O)NC3CCCCC3)cc2)cn1,-0.204119983,train,random,8,,,,
CNC(=O)C1(Cc2ccc(-c3cccnc3)cc2)CCN(Cc2ccc(F)cc2)C1,0.918868743,train,random,8,,,,
CNC(=O)C1(Cc2ccc(-c3cccnc3)cc2)CCN(Cc2cccc(F)c2)C1,0.531095547,train,random,8,,,,
CC(=O)Nc1ncc(CN2CCCC[C@@H]2C)s1,1.923109252,train,random,8,,,,
O=C1CCCC[C@@H]2[C@H](C[C@@H](Cc3ccccc3F)N2C(=O)c2cccc3ncccc23)N1,1.348966512,train,random,8,,,,
CCOc1cc(CC(=O)N[C@@H](CC(C)C)c2ccccc2N2CCCCC2)ccc1C(=O)O,-0.063486258,train,random,8,,,,
CC(O)(C#Cc1ccc2c(c1)N(c1nc(N)ncc1Cl)CC2)c1nccs1,0.275311355,train,random,8,,,,
COCCc1noc(CN2CC(c3ccccc3)(c3ccccc3)CCC2=O)n1,1.25166255,train,random,8,,,,
Cc1oc2ccccc2c1CNc1nnc(-c2ccncc2)o1,-0.172630727,train,random,8,,,,
O=C(Nc1cccc2ncccc12)[C@H]1CCCN(S(=O)(=O)c2ccccc2)C1,1.091666958,train,random,8,,,,
C[C@@H]1Cc2ccccc2N1C(=O)Cn1nc(-c2cccc3ncccc23)oc1=O,0.360404055,train,random,8,,,,
Nc1ncnc2c1c(-c1cnc3[nH]ccc3c1)nn2C1CCCC1,0.780605306,train,random,8,,,,
CN1C(N)=N[C@](C)(c2cc(NC(=O)c3ccc(F)cn3)ccc2F)CS1(=O)=O,1.491417728,train,random,8,,,,
CC1CN(C(=O)c2cccnc2N2CCOCC2)CC(c2ccccc2)O1,1.555686814,train,random,8,,,,
CCCCNC(=O)NS(=O)(=O)c1ccc(C)cc1,0.440121603,train,random,8,,,,
Cc1cc(Nc2cnccn2)cc(C2CCCN(CC(=O)N3CCCC3)C2)n1,1.632416797,train,random,8,,,,
Cc1cccnc1Nc1cccc(C2CCCN(CC(=O)Nc3nccs3)C2)n1,0.637289548,train,random,8,,,,
CN1CCN(S(=O)(=O)c2ccc(-c3cnc(N)c(C(=O)Nc4cccnc4)n3)cc2)CC1,0.915558115,train,random,8,,,,
Cc1cc(N2CCCC2c2cc(CCC(=O)O)cc(C)n2)ncn1,2.0,train,random,8,,,,
CCCNC(=O)NS(=O)(=O)c1ccc(Cl)cc1,0.628286731,train,random,8,,,,
O=C(CN1CCCC(c2cccc(Cc3cccc(F)c3)n2)C1)N1CCCC1,0.953856298,train,random,8,,,,
COc1cc2ncnc(Nc3cccc(O)c3)c2cc1OC,0.650307523,train,random,8,,,,
Cc1cc(C)c2c(N)c(C(=O)NCc3ccc(Cl)cc3)sc2n1,-0.185752404,train,random,8,,,,
COc1nc2sc(C(=O)NC3CC3)c(N)c2c(C)c1Cl,0.452093249,train,random,8,,,,
CC1(CNC(=O)c2cncc(C3CCNCC3)n2)CCCO1,1.960042456,train,random,8,,,,
Cc1cc(N2CCCC2)nc(C2CCCN(C)C2)n1,1.861522463,train,random,8,,,,
CCn1cc(C(=O)O)c(=O)c2c(N)c(F)c(NC3CCCCC3)cc21,0.426673888,train,random,8,,,,
COc1cc2nc(N3CCN(C(=O)c4ccco4)CC3)nc(N)c2cc1OC,1.371880249,train,random,8,,,,
CC(CCc1ccccc1)NCC(O)c1ccc(O)c(C(N)=O)c1,1.65850745,train,random,8,,,,
CC1(C)Cc2cc(NC(=O)c3cnn4cccnc34)c(OCC3CC3)nc2O1,0.38219721,train,random,8,,,,
N#Cc1cc(F)c(NS(=O)(=O)c2c[nH]c3cc(Cl)ccc23)cc1F,-0.251811973,train,random,8,,,,
CC(C)CC(NC(=O)C(O)C(N)Cc1ccccc1)C(=O)O,1.54052968,train,random,8,,,,
COCCc1ccc(OCC(O)CNC(C)C)cc1,2.0,train,random,8,,,,
COc1cc(Cc2cnc(N)nc2N)cc(OC)c1OC,1.855513099,train,random,8,,,,
COc1cc2c(cc1OC)CN(CCc1ccc(NC(=O)c3cccc4c(O)c5cccc(OC)c5nc34)cc1)CC2,-1.292429824,train,random,8,,,,
C=CCc1ccccc1OCC(O)CNC(C)C,1.496029699,train,random,8,,,,
NCCCC[C@H](N[C@@H](CCc1ccccc1)C(=O)O)C(=O)N1CCC[C@H]1C(=O)O,2.0,train,random,8,,,,
CCCc1nc2nc(C)c(NS(=O)(=O)c3ccc(C4CCCCC4)cc3)c(O)n2n1,-0.137272472,train,random,8,,,,
NC(=O)C1(Cc2ccc(-c3ccncc3)cc2)CCN(C(=O)Cc2cccc(F)c2)CC1,1.058463986,train,random,8,,,,
O=C(NC1CCNCC1)c1ccc2[nH]ncc2c1,1.92695435,train,random,8,,,,
CCn1c(=O)oc2cc(NC(=O)c3ccc(C(C)(C)C)cc3)ccc21,0.180412633,train,random,8,,,,
COc1ccc(OC[C@@H]2c3cc(OC)c(OC)cc3CCN2C(=O)c2cccc(Cl)c2)cc1,0.232233521,train,random,8,,,,
N#Cc1ccc(COc2cccc(C3CCN(Cc4nc5ccc(C(=O)O)cc5n4C[C@@H]4CCO4)CC3)n2)c(F)c1,0.312177356,train,random,8,,,,
CC(C)[C@H](CO)Nc1nc(Nc2cc(N)cc(Cl)c2)c2ncn(C(C)C)c2n1,-0.099086932,train,random,8,,,,
CC(C)(C)OC(=O)N1CCCC1C(=O)N1CCC(C(=O)N[C@@H](Cc2c[nH]c3ccccc23)C(=O)O)CC1,1.842553077,train,random,8,,,,
O=C(Nc1cccc2c(=O)cc(-c3nnn[nH]3)oc12)c1ccc(OCCCCc2ccccc2)cc1,0.77224834,train,random,8,,,,
CC(=O)Nc1ncc(C(=O)O)s1,1.854123782,train,random,8,,,,
Cc1cccc(-c2nc(C34CCC(C(N)=O)(CC3)CC4)[nH]c2-c2ccc3c(c2)OCO3)n1,0.21031852,train,random,8,,,,
COc1cc2nc(-c3cc(F)ccc3O)nc(N[C@@H]3CNC[C@H]3C(C)(C)O)c2cc1OC.Cl,-0.823908741,train,random,8,,,,
CC(C)[C@@](C)(O)[C@@H]1CN(c2nc(-c3n[nH]c4ncccc34)c(F)cc2Cl)CCN1,0.622421274,train,random,8,,,,
CNc1cc(Nc2cccn(-c3ccccn3)c2=O)nn2c(C(=O)N[C@@H]3C[C@@H]3F)cnc12,0.51851394,test,random,8,0.9608862328100004,0.5425145632000001,0.52296385841,0.78145733644
CC(C)(Oc1ccc(-c2cnc(N)c(-c3ccc(Cl)cc3)c2)cc1)C(=O)O,-1.403402904,test,random,8,0.3718128002500002,0.46475965224000004,0.6077202044599999,0.27358558462999993
CC#CC(=O)N[C@H]1CCCN(c2c(F)cc(C(N)=O)c3[nH]c(C)c(C)c23)C1,-0.639532816,test,random,8,0.8874858638400004,0.7584383478799999,0.44702407447000003,1.21198733346
CC(C)NC(=O)COc1cccc(-c2nc(Nc3ccc4[nH]ncc4c3)c3ccccc3n2)c1,-0.504455662,test,random,8,0.6699299900500002,0.18705166541999996,0.4665531374300002,0.10345813838000001
Fc1ccc(-c2ccc3c(c2)[nH]c2ccncc23)cn1,0.640978057,test,random,8,0.9688048363900004,0.72675345595,0.4972583262700001,0.46504332334
Nc1c(F)ccc2cnc(-n3ccc4ccncc43)cc12,0.631443769,test,random,8,1.0209052693900005,0.7437298521200003,0.5586687017499998,0.5792034822200001
C=CC(=O)N1C[C@H](Nc2ncnc3[nH]ccc23)CC[C@@H]1C,1.74597993,test,random,8,1.2361210423300006,1.3779279392200008,0.8072223891700004,1.7568372726399997
Cn1cc(Nc2nccc(N3CC4CCC(C3)N4C(=O)[C@@H]3CC3(F)F)n2)cn1,1.786412441,test,random,8,1.3216494008600006,1.0563421526900005,1.2576515515500002,1.3328071863500006
Cn1cc(-c2cn3nccc3c(-c3cnn([C@]4(CC#N)C[C@@H](C#N)C4)c3)n2)cn1,1.364100521,test,random,8,0.83528797239,0.8710762960400003,0.8563388502600001,1.1628275912200003
O=C(c1ccc(Oc2ccccc2)cc1Cl)c1c[nH]c2ncnc(N[C@@H]3CC[C@@H](CO)OC3)c12,-0.295849483,test,random,8,0.8245380748700001,0.46790332142,0.46244999872000014,0.35234544857000005
CC(C)(C=C(C#N)C(=O)N1CCC[C@@H](n2nc(-c3ccc(Oc4ccccc4)cc3F)c3c(N)ncnc32)C1)N1CCN(C2COC2)CC1,0.123198075,test,random,8,0.33647230632,0.18485914421000005,0.41825021718,0.1942680615499999
O=C1CN(c2ccc(Nc3nccc(C(F)(F)F)n3)cn2)CCN1,1.433497815,test,random,8,1.3373907268900005,1.17877633878,1.27399442677,1.41761076603
CC(=O)N1CCN(c2nc(C(F)(F)F)nc3sc(C)c(C)c23)CC1,0.624282096,test,random,8,0.7387755588000001,1.18118473513,0.37832831653000026,0.7092170869200003
c1ccc(Oc2cccc(CN(CCN3CCOCC3)Cc3cccnc3)c2)cc1,0.142389466,test,random,8,0.6779098907599999,0.6233015513500002,1.0041699846299998,0.7870711631700001
CC1(C)CC(Oc2ccc(-c3ccc(-c4cn[nH]c4)cc3O)nn2)CC(C)(C)N1,1.241969612,test,random,8,0.7688862843600005,0.4495457076200001,0.9184655680500003,0.6480173634899998
Cc1nnc(-c2ccc3occ(-c4ccc(S(C)=O)cc4)c3c2)o1,1.077985291,test,random,8,0.6606284103499999,0.37574661096999995,0.5797749323699999,0.35693999281000005
O=C(Nc1nc2cccc(-c3ccc(CN4CCS(=O)(=O)CC4)cc3)n2n1)C1CC1,1.601853652,test,random,8,1.0069751910700007,0.6872106813900003,0.8533661904000001,0.9912898576900004
Cc1noc(C(C)C)c1C(=O)N1CC(C)OC(c2ccccc2)C1,1.111934276,test,random,8,0.9836694065499993,1.0890828160000003,1.2509104941400004,0.8684798818999997
CCC1=C(C)CN(C(=O)NCCc2ccc(S(=O)(=O)NC(=O)N[C@H]3CC[C@H](C)CC3)cc2)C1=O,-1.638272164,test,random,8,0.41217809898000013,0.7594145350000001,0.47491249512000006,0.48454640074000005
CN(C)C(=O)C1(Cc2ccccc2-c2cccc(F)c2)CCN(C(=O)C2CC=CCC2)CC1,0.142702246,test,random,8,0.8032345946499998,0.6045701374199997,0.72276783834,0.3524345046499999
Cc1[nH]nc2c1C1(CCCCC1)CC(=O)N2,1.284633733,test,random,8,0.9034548369000006,1.2265434616300004,0.8605517917600001,1.5459575995600006
O=C(Nc1cnccc1-c1ccc(Cl)cc1)c1ccnc(NC(=O)C2CC2)c1,0.847634344,test,random,8,0.8663527603799998,0.6304336728099998,0.9761050629,0.31183880282000004
CN(C)C(=O)C1(Cc2ccccc2-c2ccccc2)CCN(C(=O)c2cnn(C)c2)CC1,1.146840934,test,random,8,0.7965767685999995,0.5973038111999998,0.6736908723400002,0.7588885134800002
CC1(C)CC(=O)C2=C(C1)NC(=O)CC2c1ccc(Br)cc1,0.944630702,test,random,8,1.0461167857200009,0.7451284384700001,0.8095744722500002,0.5630867449900001
CNC(=O)C1(Cc2ccc(-c3cccnc3)cc2)CCN(Cc2ccccc2Cl)C1,0.273695588,test,random,8,0.8810295615400001,0.5993016655099997,0.6635977581199994,0.6951366910000002
COCCNC(=O)c1ccnc(C2CCNCC2)c1,2.0,test,random,8,1.1761356875900004,1.5392358716400005,1.2655181453600002,1.7257186870699994
O=C1NCCSc2c1sc1ccc(O)cc21,1.164679941,test,random,8,0.8880510213600007,1.4188845173299998,0.6708845375700002,1.33167889835
CC(C(=O)O)c1cccc(C(=O)c2ccccc2)c1,0.047274867,test,random,8,0.8289781323000004,1.1362050517700004,0.8103731335000002,0.6842459824700003
Nc1nc(=O)c2ncn(COCCO)c2[nH]1,1.850860573,test,random,8,0.7708830225500003,1.2408588307300008,0.8362080744700002,1.4802657065
COc1ccc([C@H]2c3[nH]c4ccc(Cl)cc4c3CCN2C(=O)Oc2ccc(Cl)cc2)cc1,1.754608223,test,random,8,0.9188276127600008,0.13126303545999993,0.3436821283799999,0.02264377744
CC(=O)Nc1ccc(O)cc1,1.916985305,test,random,8,1.0879907312000006,1.3722549571800002,0.5384857385299999,1.5146593096100007
Cc1cccc(/C=N/Nc2cc(N3CCOCC3)nc(OCCc3ccccn3)n2)c1,-0.27572413,test,random,8,0.7773065954600002,0.4246597103500001,0.63898373008,0.3923956549599998
O=C(NC1CCNCC1)c1ccc2cn[nH]c2c1,1.70808081,test,random,8,1.5067654051700006,1.6356368538899995,1.37319552213,1.775638330249999
CNc1cc(Nc2cccn(-c3ccccn3)c2=O)nn2c(C(=O)N[C@@H]3C[C@@H]3F)cnc12,0.51851394,train,random,9,,,,
CCOc1cc2nn(CCC(C)(C)O)cc2cc1NC(=O)c1cccc(C(F)F)n1,0.268343914,train,random,9,,,,
CN(c1ncc(F)cn1)[C@H]1CCCNC1,2.0,train,random,9,,,,
CC(C)(Oc1ccc(-c2cnc(N)c(-c3ccc(Cl)cc3)c2)cc1)C(=O)O,-1.403402904,train,random,9,,,,
CC(C)(O)CCn1cc2cc(NC(=O)c3cccc(C(F)(F)F)n3)c(C(C)(C)O)cc2n1,1.092264361,train,random,9,,,,
CC#CC(=O)N[C@H]1CCCN(c2c(F)cc(C(N)=O)c3[nH]c(C)c(C)c23)C1,-0.639532816,train,random,9,,,,
CC(C)NCC(O)COc1cccc2ccccc12,1.347759218,train,random,9,,,,
C=CC(=O)N1CCC[C@@H](n2nc(-c3ccc(Oc4ccccc4)cc3)c3c(N)ncnc32)C1,-0.35853,train,random,9,,,,
CC(C)NC(=O)COc1cccc(-c2nc(Nc3ccc4[nH]ncc4c3)c3ccccc3n2)c1,-0.504455662,train,random,9,,,,
CCS(=O)(=O)N1CC(CC#N)(n2cc(-c3ncnc4[nH]ccc34)cn2)C1,2.0,train,random,9,,,,
COc1ccc(S(=O)(=O)N2CCC(N3CCC(C)CC3)CC2)cc1,1.626076768,train,random,9,,,,
CCn1c(-c2nonc2N)nc2cnc(Oc3cccc(NC(=O)c4ccc(OCCN5CCOCC5)cc4)c3)cc21,-0.325138859,train,random,9,,,,
CC1(C)CC[C@]2(NC(=O)C(C)(F)F)CC[C@]3(C)[C@H](C(=O)C=C4[C@@]3(C)CC[C@H]3C(C)(C)C(=O)C(C#N)=C[C@]43C)[C@@H]2C1,-0.055517328,train,random,9,,,,
Cc1c[nH]c2nccc(Oc3c(F)cc(Nc4cc(Cl)nc(N)n4)cc3F)c12,-0.68613278,train,random,9,,,,
COc1cc2c(cc1OC)CC(=O)N(CCCN(C)C[C@H]1Cc3cc(OC)c(OC)cc31)CC2,1.615139594,train,random,9,,,,
N#Cc1ccc2[nH]c(O)c(-c3ccc(CN4CCOCC4)cn3)c2c1,1.072507236,train,random,9,,,,
Fc1ccc(-c2ccc3c(c2)[nH]c2ccncc23)cn1,0.640978057,train,random,9,,,,
Nc1c(F)ccc2cnc(-n3ccc4ccncc43)cc12,0.631443769,train,random,9,,,,
C=CC(=O)N1C[C@H](Nc2ncnc3[nH]ccc23)CC[C@@H]1C,1.74597993,train,random,9,,,,
Cn1cc(Nc2nccc(N3CC4CCC(C3)N4C(=O)[C@@H]3CC3(F)F)n2)cn1,1.786412441,train,random,9,,,,
[2H]C([2H])([2H])NC(=O)c1nnc(NC(=O)C2CC2)cc1Nc1cccc(-c2ncn(C)n2)c1OC,1.236577565,train,random,9,,,,
C=CC(=O)N1CCC(CNc2ncnc(N)c2-c2ccc(Oc3ccccc3)cc2)CC1,0.901294817,train,random,9,,,,
Nc1n[nH]cc1-c1cc(Cl)ccc1Oc1cc(F)c(S(=O)(=O)Nc2cscn2)cc1Cl,-0.08249449,train,random,9,,,,
Cc1c(-c2c(F)cc(C(N)=O)c3[nH]c4c(c23)CC[C@H](C(C)(C)O)C4)cccc1-n1c(=O)c2cccc(F)c2n(C)c1=O,0.326540669,train,random,9,,,,
Cn1cc(-c2cn3nccc3c(-c3cnn([C@]4(CC#N)C[C@@H](C#N)C4)c3)n2)cn1,1.364100521,train,random,9,,,,
O=C(Nc1cccnc1)c1ccnc(NC(=O)C2CC2)c1,1.615287063,train,random,9,,,,
O=C(c1ccc(Oc2ccccc2)cc1Cl)c1c[nH]c2ncnc(N[C@@H]3CC[C@@H](CO)OC3)c12,-0.295849483,train,random,9,,,,
CC(C)(C)c1ccc(-c2nc3n(c(=O)c2C#N)CCS3)cc1,0.455758203,train,random,9,,,,
C=CC(=O)Nc1cccc(Oc2nc(Nc3ccc(N4CCN(C)CC4)cc3)nc3ccsc23)c1,-0.308918508,train,random,9,,,,
CC#CC(=O)N1CC[C@@H](n2c(=O)n(-c3ccc(Oc4ccccc4)cc3)c3c(N)ncnc32)C1,0.669595781,train,random,9,,,,
C=CC(=O)N1CCC([C@@H]2CCNc3c(C(N)=O)c(-c4ccc(Oc5ccccc5)cc4)nn32)CC1,0.231979027,train,random,9,,,,
CC(C)(C=C(C#N)C(=O)N1CCC[C@@H](n2nc(-c3ccc(Oc4ccccc4)cc3F)c3c(N)ncnc32)C1)N1CCN(C2COC2)CC1,0.123198075,train,random,9,,,,
C=CC(=O)Nc1cccc(Oc2nc(Nc3ccc(N4CCN(C)CC4)c(F)c3)nc3[nH]ccc23)c1,-0.139063379,train,random,9,,,,
C[C@@H]1c2nnn(-c3ncc(F)cn3)c2CCN1C(=O)c1cccc(C(F)(F)F)c1Cl,1.240049772,train,random,9,,,,
COc1ccccc1-c1cc(NC(=O)c2cccc(N3CCNC3=O)c2)[nH]n1,-0.742321425,train,random,9,,,,
O=C(Nc1cccc(-c2nncn2C2CC2)c1)c1cc(-n2cnc(C3CC3)c2)ccn1,0.611935625,train,random,9,,,,
Fc1ccccc1-c1c[nH]nc1C1CCCN1Cc1ccc2ncccc2c1,0.460897843,train,random,9,,,,
Cc1nccc(-c2cn(Cc3ccccc3)c3cnccc23)n1,1.207445854,train,random,9,,,,
Cc1c(Cl)ccc2cc3n(c12)[C@@H](C)CNC3=O,0.696793085,train,random,9,,,,
Nc1ncnc2c1c(-c1ccc(Oc3ccccc3)cc1)nn2[C@@H]1CCCNC1,0.846275242,train,random,9,,,,
Cc1nnc(CN(C)CC(C)Oc2ccc(Cl)c(Cl)c2)n1C,1.114444172,train,random,9,,,,
COc1nn(C)cc1C(=O)Nc1cccc(-c2cnc3n2CCC3)c1,0.685562611,train,random,9,,,,
COc1cc(F)ccc1-c1ncnc(Nc2cccc(C[S@@](C)(=N)=O)c2)n1,1.574609941,train,random,9,,,,
Cc1ncc(CN2CC[C@@H](Nc3cncc(Cl)n3)[C@@H](C)C2)s1,1.264227348,train,random,9,,,,
C[C@@H]1CCN(C(=O)CC#N)C[C@@H]1N(C)c1ncnc2[nH]ccc12,1.747124255,train,random,9,,,,
CC(=O)Nc1ccc(C(=O)N2CCCCC2c2nc(N)ncc2-c2cccc(Cl)c2)cc1,0.584331224,train,random,9,,,,
O=C1CN(c2ccc(Nc3nccc(C(F)(F)F)n3)cn2)CCN1,1.433497815,train,random,9,,,,
O=C1NCCN(C(=O)c2ccncc2)C1c1ccccc1Cl,1.868168158,train,random,9,,,,
CC(C)(C)C(=O)N1CCC(Cc2ccc(-c3cccs3)cc2)(C(=O)N2CCCC2)CC1,0.008174184,train,random,9,,,,
OC[C@H](Nc1cncc(-c2ccc3[nH]ncc3n2)c1)c1ccccc1,1.024690862,train,random,9,,,,
Cc1ncsc1C(=O)N1CCCCC1c1nc(N(C)C)ncc1-c1cccc(Cl)c1,0.021602716,train,random,9,,,,
OCC1CCCCN1Cc1ccc(Cl)c(Cl)c1,1.484982782,train,random,9,,,,
CC(=O)N1CCN(c2nc(C(F)(F)F)nc3sc(C)c(C)c23)CC1,0.624282096,train,random,9,,,,
c1ccc(Oc2cccc(CN(CCN3CCOCC3)Cc3cccnc3)c2)cc1,0.142389466,train,random,9,,,,
COc1ccc([C@H]2CN(C(C)=O)[C@@H]3CCCN(Cc4cccc(F)c4)[C@H]23)cc1,0.594060901,train,random,9,,,,
Cc1c(C(=O)NCCCN(C)C)sc2ncnc(Nc3ccc(F)cc3OC(C)C)c12,0.966376423,train,random,9,,,,
OCC1CCCCN1Cc1ccc(-c2ccccc2)cc1,1.394924244,train,random,9,,,,
Nc1ncc(C(=O)NC2CN(C(=O)C3CC3)C2)c2ccc(-c3cccc(F)c3)nc12,0.38219721,train,random,9,,,,
CC1(C)CC(Oc2ccc(-c3ccc(-c4cn[nH]c4)cc3O)nn2)CC(C)(C)N1,1.241969612,train,random,9,,,,
Cc1nnc(-c2ccc3occ(-c4ccc(S(C)=O)cc4)c3c2)o1,1.077985291,train,random,9,,,,
Cc1ncsc1C(=O)N1CCCCC1c1nc(N)ncc1-c1cccc(C(F)(F)F)c1,0.86254877,train,random,9,,,,
O=C(CCNC(=O)c1ccc(OC(F)(F)F)cc1)N[C@@H]1CCCc2ccccc21,0.630427875,train,random,9,,,,
O=S(=O)(c1cccc2cnccc12)N1CCCNCC1,1.844321821,train,random,9,,,,
C=CC(=O)Nc1cccc(Oc2nc(Nc3ccc(N4CCN(C)CC4)cc3)nc3ccoc23)c1,-0.208309351,train,random,9,,,,
O=C(Nc1nc2cccc(-c3ccc(CN4CCS(=O)(=O)CC4)cc3)n2n1)C1CC1,1.601853652,train,random,9,,,,
NCCN1CCN(C/C=C/C(=O)N2CCC[C@@H](n3nc(-c4ccc(Oc5ccccc5)cc4)c4c(N)ncnc43)C2)CC1,0.686814955,train,random,9,,,,
Cn1c(C2CC2)nc2c1CCN(c1ncnc3ccsc13)C2,1.192985379,train,random,9,,,,
CC/C(=C(\c1ccccc1)c1ccc(OCCN(C)C)cc1)c1ccccc1,-0.341988603,train,random,9,,,,
CNC(=O)C1(Cc2ccc(-c3ccncc3)cc2)CCN(Cc2cccc(F)c2)C1,0.715167358,train,random,9,,,,
Cc1ncc(CN2CCC(Nc3ccc4nnnn4n3)C(C)C2)s1,1.579154557,train,random,9,,,,
Cc1nc(Nc2nccs2)cc(C2CN(c3ncccn3)C2)n1,0.374565061,train,random,9,,,,
COc1ccc(CCCN2CCN(c3cnn(C)c3)C(=O)C2)cc1F,1.308414999,train,random,9,,,,
Cc1noc(C(C)C)c1C(=O)N1CC(C)OC(c2ccccc2)C1,1.111934276,train,random,9,,,,
CN(Cc1ccccc1)C1(C(=O)N2CCNC(=O)CC2)Cc2ccccc2C1,0.912806393,train,random,9,,,,
Cc1c(F)cccc1NC(=O)CN1[C@H]2CCCC(=O)N[C@@]2(C)C[C@H]1Cc1ccccc1,0.925312092,train,random,9,,,,
CCC1=C(C)CN(C(=O)NCCc2ccc(S(=O)(=O)NC(=O)N[C@H]3CC[C@H](C)CC3)cc2)C1=O,-1.638272164,train,random,9,,,,
O=S(=O)(c1cccc2c(O)nccc12)N1CCCNCC1,1.990813743,train,random,9,,,,
Cc1ccc(NC(=O)CN2[C@H]3CCCC(=O)N[C@@]3(C)C[C@H]2Cc2ccccc2)cc1F,0.360971884,train,random,9,,,,
CN(C)C(=O)C1(Cc2ccccc2-c2cccc(F)c2)CCN(C(=O)C2CC=CCC2)CC1,0.142702246,train,random,9,,,,
COCC(=O)N1CCC(Cc2ccccc2-c2cccc(F)c2)(C(=O)NC(C)C)CC1,1.076967952,train,random,9,,,,
COc1ccc(CNC(=O)c2sc3nc(C)cc(C)c3c2N)cc1,-0.18243463,train,random,9,,,,
C#C[C@@](C)(CC)NC(=O)c1cc(F)cnc1NC1CC(F)(F)C1,0.850278553,train,random,9,,,,
Cn1cc(Nc2nc(N)nc(-c3cccc(-n4ccc5cc(C6CC6)cc(F)c5c4=O)c3CO)n2)cn1,0.581038949,train,random,9,,,,
Cc1cnc(C(=O)NCCc2ccc(S(=O)(=O)NC(=O)NC3CCCCC3)cc2)cn1,-0.204119983,train,random,9,,,,
CNC(=O)C1(Cc2ccc(-c3cccnc3)cc2)CCN(Cc2cccc(F)c2)C1,0.531095547,train,random,9,,,,
CC(=O)Nc1ncc(CN2CCCC[C@@H]2C)s1,1.923109252,train,random,9,,,,
O=C1CCCC[C@@H]2[C@H](C[C@@H](Cc3ccccc3F)N2C(=O)c2cccc3ncccc23)N1,1.348966512,train,random,9,,,,
CCOc1cc(CC(=O)N[C@@H](CC(C)C)c2ccccc2N2CCCCC2)ccc1C(=O)O,-0.063486258,train,random,9,,,,
CC(O)(C#Cc1ccc2c(c1)N(c1nc(N)ncc1Cl)CC2)c1nccs1,0.275311355,train,random,9,,,,
Cc1[nH]nc2c1C1(CCCCC1)CC(=O)N2,1.284633733,train,random,9,,,,
Cc1oc2ccccc2c1CNc1nnc(-c2ccncc2)o1,-0.172630727,train,random,9,,,,
C[C@@H]1Cc2ccccc2N1C(=O)Cn1nc(-c2cccc3ncccc23)oc1=O,0.360404055,train,random,9,,,,
Nc1ncnc2c1c(-c1cnc3[nH]ccc3c1)nn2C1CCCC1,0.780605306,train,random,9,,,,
O=C(Nc1cnccc1-c1ccc(Cl)cc1)c1ccnc(NC(=O)C2CC2)c1,0.847634344,train,random,9,,,,
CN1C(N)=N[C@](C)(c2cc(NC(=O)c3ccc(F)cn3)ccc2F)CS1(=O)=O,1.491417728,train,random,9,,,,
CCCCNC(=O)NS(=O)(=O)c1ccc(C)cc1,0.440121603,train,random,9,,,,
Cc1cc(Nc2cnccn2)cc(C2CCCN(CC(=O)N3CCCC3)C2)n1,1.632416797,train,random,9,,,,
Cc1cccnc1Nc1cccc(C2CCCN(CC(=O)Nc3nccs3)C2)n1,0.637289548,train,random,9,,,,
CN(C)C(=O)C1(Cc2ccccc2-c2ccccc2)CCN(C(=O)c2cnn(C)c2)CC1,1.146840934,train,random,9,,,,
CC1(C)CC(=O)C2=C(C1)NC(=O)CC2c1ccc(Br)cc1,0.944630702,train,random,9,,,,
CN1CCN(S(=O)(=O)c2ccc(-c3cnc(N)c(C(=O)Nc4cccnc4)n3)cc2)CC1,0.915558115,train,random,9,,,,
CNC(=O)C1(Cc2ccc(-c3cccnc3)cc2)CCN(Cc2ccccc2Cl)C1,0.273695588,train,random,9,,,,
CCCNC(=O)NS(=O)(=O)c1ccc(Cl)cc1,0.628286731,train,random,9,,,,
O=C(CN1CCCC(c2cccc(Cc3cccc(F)c3)n2)C1)N1CCCC1,0.953856298,train,random,9,,,,
COc1cc2ncnc(Nc3cccc(O)c3)c2cc1OC,0.650307523,train,random,9,,,,
COCCNC(=O)c1ccnc(C2CCNCC2)c1,2.0,train,random,9,,,,
COc1nc2sc(C(=O)NC3CC3)c(N)c2c(C)c1Cl,0.452093249,train,random,9,,,,
CC1(CNC(=O)c2cncc(C3CCNCC3)n2)CCCO1,1.960042456,train,random,9,,,,
O=C1NCCSc2c1sc1ccc(O)cc21,1.164679941,train,random,9,,,,
CCn1cc(C(=O)O)c(=O)c2c(N)c(F)c(NC3CCCCC3)cc21,0.426673888,train,random,9,,,,
COc1cc2nc(N3CCN(C(=O)c4ccco4)CC3)nc(N)c2cc1OC,1.371880249,train,random,9,,,,
CC(CCc1ccccc1)NCC(O)c1ccc(O)c(C(N)=O)c1,1.65850745,train,random,9,,,,
CC1(C)Cc2cc(NC(=O)c3cnn4cccnc34)c(OCC3CC3)nc2O1,0.38219721,train,random,9,,,,
N#Cc1cc(F)c(NS(=O)(=O)c2c[nH]c3cc(Cl)ccc23)cc1F,-0.251811973,train,random,9,,,,
CC(C)CC(NC(=O)C(O)C(N)Cc1ccccc1)C(=O)O,1.54052968,train,random,9,,,,
COc1cc(Cc2cnc(N)nc2N)cc(OC)c1OC,1.855513099,train,random,9,,,,
CC(C(=O)O)c1cccc(C(=O)c2ccccc2)c1,0.047274867,train,random,9,,,,
C=CCc1ccccc1OCC(O)CNC(C)C,1.496029699,train,random,9,,,,
Nc1nc(=O)c2ncn(COCCO)c2[nH]1,1.850860573,train,random,9,,,,
NCCCC[C@H](N[C@@H](CCc1ccccc1)C(=O)O)C(=O)N1CCC[C@H]1C(=O)O,2.0,train,random,9,,,,
CCCc1nc2nc(C)c(NS(=O)(=O)c3ccc(C4CCCCC4)cc3)c(O)n2n1,-0.137272472,train,random,9,,,,
COc1ccc([C@H]2c3[nH]c4ccc(Cl)cc4c3CCN2C(=O)Oc2ccc(Cl)cc2)cc1,1.754608223,train,random,9,,,,
NC(=O)C1(Cc2ccc(-c3ccncc3)cc2)CCN(C(=O)Cc2cccc(F)c2)CC1,1.058463986,train,random,9,,,,
CC(=O)Nc1ccc(O)cc1,1.916985305,train,random,9,,,,
O=C(NC1CCNCC1)c1ccc2[nH]ncc2c1,1.92695435,train,random,9,,,,
Cc1cccc(/C=N/Nc2cc(N3CCOCC3)nc(OCCc3ccccn3)n2)c1,-0.27572413,train,random,9,,,,
CCn1c(=O)oc2cc(NC(=O)c3ccc(C(C)(C)C)cc3)ccc21,0.180412633,train,random,9,,,,
N#Cc1ccc(COc2cccc(C3CCN(Cc4nc5ccc(C(=O)O)cc5n4C[C@@H]4CCO4)CC3)n2)c(F)c1,0.312177356,train,random,9,,,,
CC(C)[C@H](CO)Nc1nc(Nc2cc(N)cc(Cl)c2)c2ncn(C(C)C)c2n1,-0.099086932,train,random,9,,,,
O=C(NC1CCNCC1)c1ccc2cn[nH]c2c1,1.70808081,train,random,9,,,,
CC(C)(C)OC(=O)N1CCCC1C(=O)N1CCC(C(=O)N[C@@H](Cc2c[nH]c3ccccc23)C(=O)O)CC1,1.842553077,train,random,9,,,,
O=C(Nc1cccc2c(=O)cc(-c3nnn[nH]3)oc12)c1ccc(OCCCCc2ccccc2)cc1,0.77224834,train,random,9,,,,
CC(=O)Nc1ncc(C(=O)O)s1,1.854123782,train,random,9,,,,
COc1cc2nc(-c3cc(F)ccc3O)nc(N[C@@H]3CNC[C@H]3C(C)(C)O)c2cc1OC.Cl,-0.823908741,train,random,9,,,,
CC(C)[C@@](C)(O)[C@@H]1CN(c2nc(-c3n[nH]c4ncccc34)c(F)cc2Cl)CCN1,0.622421274,train,random,9,,,,
COc1ccc(Cl)cc1C(=O)NCCc1ccc(S(=O)(=O)NC(=O)NC2CCCCC2)cc1,-0.943095149,test,random,9,0.22645613759,0.4836623131300001,0.36035430426999987,-0.2744834776999999
CCCc1cc(N2CCc3c(nc(C4CC4)n3C)C2)n2ncnc2n1,1.388207807,test,random,9,1.1193440183900012,1.1151030659300003,0.8627605281200005,1.1232290162700003
N#CC[C@H](C1CCCC1)n1cc(-c2ncnc3[nH]ccc23)cn1,1.244598701,test,random,9,1.4721120452700003,1.240102250520001,1.0820107599000002,0.9505045805799996
C=CC(=O)N1CCC[C@H](n2c(=O)n(-c3ccc(Oc4ccccc4)cc3)c3c(N)ncnc32)C1,0.276231958,test,random,9,0.2423478734999999,0.38480049973999975,0.2865938560899998,0.26476863881999985
CC#CC(=O)N1CC[C@@H](n2cc(-c3ccc(Oc4c(F)cccc4F)cc3)c3c(N)n[nH]c(=O)c32)C1,-0.029188389,test,random,9,0.36374461852999995,0.2761366693499999,0.36756402698999985,0.23156942239999992
Nc1ncc(-c2cccc(C(F)(F)F)c2)c(C2CCCCN2C(=O)c2ccccc2)n1,0.137354111,test,random,9,0.6199288161299996,0.8510674367499999,0.6665720314999999,0.6427677478400001
CCc1nc(C)cn2nc(-c3cc(=O)n4cc(C5CCN(C)CC5)cc(C)c4n3)cc12,0.593618308,test,random,9,0.55491622182,0.7416468688900001,0.8775058474900003,0.7048125963999997
Cc1ccc(C(=O)N2CCC(Cc3ccccc3-c3ccccc3)(C(=O)N(C)C)CC2)s1,-0.590066877,test,random,9,0.9987674708099997,0.5185821819099998,0.6680817928899995,0.34989649797999994
CCc1nc2c(C)cc(N3CCN(CC(=O)N4CC(O)C4)CC3)cn2c1N(C)c1nc(-c2ccc(F)cc2)c(C#N)s1,-0.434152181,test,random,9,0.20823446237999996,0.20256155895000003,0.4076507999699998,0.28997056328
CN(C)C(=O)C1(Cc2ccccc2-c2ccccc2)CCN(C(=O)C2CCCO2)CC1,1.265713811,test,random,9,0.8238881985699996,0.6811280315099996,0.79935638946,0.7405811273699999
CC(=O)Nc1ccc(C(=O)N2CCCCC2c2nc(N)ncc2-c2ccc(Cl)cc2)cc1,0.549861188,test,random,9,1.1581067851999998,0.5285836117500006,0.5784272650500002,0.5044616534600003
O=C1NCCN(C(=O)c2ccc3nccn3c2)C1c1ccccc1C(F)(F)F,1.801527189,test,random,9,1.2992904420800013,1.0778603242500007,1.42180807132,0.9519862806800005
Cc1cc(F)ccc1C1C(=O)NCCN1C(=O)c1ccc2nccn2c1,1.950724994,test,random,9,0.8569981250700001,0.983663428500001,1.3840130748000004,1.1413513476300006
C[C@H]1CN(C(=O)CC(c2ccccc2)c2ccccc2)C[C@@H](C)O1,0.718335579,test,random,9,1.31360964206,0.7456235306799998,0.64276840448,1.01161733345
CN1[C@H]2CC[C@@H]1C[C@@H](OC(c1ccccc1)c1ccccc1)C2,1.180842415,test,random,9,1.2805370068699997,0.8030216082299998,0.6606595590699998,0.85512057164
COc1ccccc1C(=O)Nc1ccc2cc[nH]c2c1,0.571825249,test,random,9,1.1648122049000003,0.9320599953799997,0.6428564320799997,0.8542211998699998
O=C(Nc1ccc2ccccc2n1)c1ccc(N2CCOC2=O)cc1,0.069298012,test,random,9,1.1724565859000002,0.5866018834900002,0.6454438809299999,0.4861258163899999
CCN1CCN(S(=O)(=O)Cc2ccc(Cl)c(Cl)c2)CC1,1.071845201,test,random,9,0.9685286264200004,1.2487069374500006,0.9825281761399998,1.3530504476700003
CCn1c(CO)nn(-c2cc(O[C@@H](C)C(F)(F)F)c(C(=O)Nc3c(F)cccc3Cl)cc2F)c1=O,0.876910311,test,random,9,0.7746386905700002,0.5176773767599998,0.3338199797800001,0.3156013906800001
CCN(C/C=C\c1ccc(C2CCCCC2)c(Cl)c1)C1CCCCC1,-0.266802735,test,random,9,0.7557910087499999,0.8534109928400001,0.5684304189399999,0.5729690989599999
COc1nn(C)cc1C(=O)Nc1cccc2cnccc12,1.58945809,test,random,9,1.1372384523400003,0.9305930977300001,1.3093856606800003,1.0650269851600003
COc1ccc(Nc2c(C#N)cnc3cc(OC)c(OC)cc23)cc1Cl,0.115943177,test,random,9,1.0483611534800004,0.7357626359399998,0.36613107226000013,0.25183882837000005
CNC(=O)C1(Cc2ccc(-c3cccnc3)cc2)CCN(Cc2ccc(F)cc2)C1,0.918868743,test,random,9,0.6030812350600006,0.6195451445599999,0.6257771440900002,0.6177543310200003
COCCc1noc(CN2CC(c3ccccc3)(c3ccccc3)CCC2=O)n1,1.25166255,test,random,9,1.19041411256,0.9461765897900004,0.7764248849299998,0.9331130034200003
O=C(Nc1cccc2ncccc12)[C@H]1CCCN(S(=O)(=O)c2ccccc2)C1,1.091666958,test,random,9,1.1641703220300001,0.8902717483400002,1.2443244250599999,0.80479171807
CC1CN(C(=O)c2cccnc2N2CCOCC2)CC(c2ccccc2)O1,1.555686814,test,random,9,1.1266468559300002,0.9427828604299998,1.2447179077700001,1.20639104017
Cc1cc(N2CCCC2c2cc(CCC(=O)O)cc(C)n2)ncn1,2.0,test,random,9,1.0572389767800006,1.2058223736600007,0.8302948086699997,0.9031134714200004
Cc1cc(C)c2c(N)c(C(=O)NCc3ccc(Cl)cc3)sc2n1,-0.185752404,test,random,9,0.6006262611299998,0.33841183711,0.29615780962000005,0.24789292523999992
Cc1cc(N2CCCC2)nc(C2CCCN(C)C2)n1,1.861522463,test,random,9,1.1116509615100008,1.36749574757,0.8514263607100002,1.4176492813399997
COCCc1ccc(OCC(O)CNC(C)C)cc1,2.0,test,random,9,0.84273940529,1.3805636849600003,1.3039198813800008,1.6103673448099993
COc1cc2c(cc1OC)CN(CCc1ccc(NC(=O)c3cccc4c(O)c5cccc(OC)c5nc34)cc1)CC2,-1.292429824,test,random,9,0.9108067150500007,0.2339445242199999,0.20958694635,0.11111013077000004
COc1ccc(OC[C@@H]2c3cc(OC)c(OC)cc3CCN2C(=O)c2cccc(Cl)c2)cc1,0.232233521,test,random,9,0.45548055506999996,0.7273366425199999,0.5098425758899999,0.5870992178899999
Cc1cccc(-c2nc(C34CCC(C(N)=O)(CC3)CC4)[nH]c2-c2ccc3c(c2)OCO3)n1,0.21031852,test,random,9,0.88862719793,0.37098537622999994,0.5810312864899998,0.7675979416700001
CNc1cc(Nc2cccn(-c3ccccn3)c2=O)nn2c(C(=O)N[C@@H]3C[C@@H]3F)cnc12,0.51851394,train,butina,5,,,,
CCOc1cc2nn(CCC(C)(C)O)cc2cc1NC(=O)c1cccc(C(F)F)n1,0.268343914,train,butina,5,,,,
CN(c1ncc(F)cn1)[C@H]1CCCNC1,2.0,train,butina,5,,,,
CC(C)(Oc1ccc(-c2cnc(N)c(-c3ccc(Cl)cc3)c2)cc1)C(=O)O,-1.403402904,train,butina,5,,,,
CC(C)(O)CCn1cc2cc(NC(=O)c3cccc(C(F)(F)F)n3)c(C(C)(C)O)cc2n1,1.092264361,train,butina,5,,,,
CC#CC(=O)N[C@H]1CCCN(c2c(F)cc(C(N)=O)c3[nH]c(C)c(C)c23)C1,-0.639532816,train,butina,5,,,,
CC(C)NCC(O)COc1cccc2ccccc12,1.347759218,train,butina,5,,,,
C=CC(=O)N1CCC[C@@H](n2nc(-c3ccc(Oc4ccccc4)cc3)c3c(N)ncnc32)C1,-0.35853,train,butina,5,,,,
CC(C)NC(=O)COc1cccc(-c2nc(Nc3ccc4[nH]ncc4c3)c3ccccc3n2)c1,-0.504455662,train,butina,5,,,,
COc1ccc(S(=O)(=O)N2CCC(N3CCC(C)CC3)CC2)cc1,1.626076768,train,butina,5,,,,
CCn1c(-c2nonc2N)nc2cnc(Oc3cccc(NC(=O)c4ccc(OCCN5CCOCC5)cc4)c3)cc21,-0.325138859,train,butina,5,,,,
Cc1c[nH]c2nccc(Oc3c(F)cc(Nc4cc(Cl)nc(N)n4)cc3F)c12,-0.68613278,train,butina,5,,,,
COc1cc2c(cc1OC)CC(=O)N(CCCN(C)C[C@H]1Cc3cc(OC)c(OC)cc31)CC2,1.615139594,train,butina,5,,,,
N#Cc1ccc2[nH]c(O)c(-c3ccc(CN4CCOCC4)cn3)c2c1,1.072507236,train,butina,5,,,,
CCCc1cc(N2CCc3c(nc(C4CC4)n3C)C2)n2ncnc2n1,1.388207807,train,butina,5,,,,
Fc1ccc(-c2ccc3c(c2)[nH]c2ccncc23)cn1,0.640978057,train,butina,5,,,,
C=CC(=O)N1C[C@H](Nc2ncnc3[nH]ccc23)CC[C@@H]1C,1.74597993,train,butina,5,,,,
[2H]C([2H])([2H])NC(=O)c1nnc(NC(=O)C2CC2)cc1Nc1cccc(-c2ncn(C)n2)c1OC,1.236577565,train,butina,5,,,,
C=CC(=O)N1CCC(CNc2ncnc(N)c2-c2ccc(Oc3ccccc3)cc2)CC1,0.901294817,train,butina,5,,,,
Nc1n[nH]cc1-c1cc(Cl)ccc1Oc1cc(F)c(S(=O)(=O)Nc2cscn2)cc1Cl,-0.08249449,train,butina,5,,,,
Cc1c(-c2c(F)cc(C(N)=O)c3[nH]c4c(c23)CC[C@H](C(C)(C)O)C4)cccc1-n1c(=O)c2cccc(F)c2n(C)c1=O,0.326540669,train,butina,5,,,,
Cn1cc(-c2cn3nccc3c(-c3cnn([C@]4(CC#N)C[C@@H](C#N)C4)c3)n2)cn1,1.364100521,train,butina,5,,,,
O=C(Nc1cccnc1)c1ccnc(NC(=O)C2CC2)c1,1.615287063,train,butina,5,,,,
O=C(c1ccc(Oc2ccccc2)cc1Cl)c1c[nH]c2ncnc(N[C@@H]3CC[C@@H](CO)OC3)c12,-0.295849483,train,butina,5,,,,
CC(C)(C)c1ccc(-c2nc3n(c(=O)c2C#N)CCS3)cc1,0.455758203,train,butina,5,,,,
CC#CC(=O)N1CC[C@@H](n2c(=O)n(-c3ccc(Oc4ccccc4)cc3)c3c(N)ncnc32)C1,0.669595781,train,butina,5,,,,
C=CC(=O)N1CCC([C@@H]2CCNc3c(C(N)=O)c(-c4ccc(Oc5ccccc5)cc4)nn32)CC1,0.231979027,train,butina,5,,,,
C=CC(=O)N1CCC[C@H](n2c(=O)n(-c3ccc(Oc4ccccc4)cc3)c3c(N)ncnc32)C1,0.276231958,train,butina,5,,,,
CC(C)(C=C(C#N)C(=O)N1CCC[C@@H](n2nc(-c3ccc(Oc4ccccc4)cc3F)c3c(N)ncnc32)C1)N1CCN(C2COC2)CC1,0.123198075,train,butina,5,,,,
CC#CC(=O)N1CC[C@@H](n2cc(-c3ccc(Oc4c(F)cccc4F)cc3)c3c(N)n[nH]c(=O)c32)C1,-0.029188389,train,butina,5,,,,
C[C@@H]1c2nnn(-c3ncc(F)cn3)c2CCN1C(=O)c1cccc(C(F)(F)F)c1Cl,1.240049772,train,butina,5,,,,
Nc1ncc(-c2cccc(C(F)(F)F)c2)c(C2CCCCN2C(=O)c2ccccc2)n1,0.137354111,train,butina,5,,,,
O=C(Nc1cccc(-c2nncn2C2CC2)c1)c1cc(-n2cnc(C3CC3)c2)ccn1,0.611935625,train,butina,5,,,,
Fc1ccccc1-c1c[nH]nc1C1CCCN1Cc1ccc2ncccc2c1,0.460897843,train,butina,5,,,,
Cc1nccc(-c2cn(Cc3ccccc3)c3cnccc23)n1,1.207445854,train,butina,5,,,,
Cc1c(Cl)ccc2cc3n(c12)[C@@H](C)CNC3=O,0.696793085,train,butina,5,,,,
Nc1ncnc2c1c(-c1ccc(Oc3ccccc3)cc1)nn2[C@@H]1CCCNC1,0.846275242,train,butina,5,,,,
Cc1nnc(CN(C)CC(C)Oc2ccc(Cl)c(Cl)c2)n1C,1.114444172,train,butina,5,,,,
COc1nn(C)cc1C(=O)Nc1cccc(-c2cnc3n2CCC3)c1,0.685562611,train,butina,5,,,,
COc1cc(F)ccc1-c1ncnc(Nc2cccc(C[S@@](C)(=N)=O)c2)n1,1.574609941,train,butina,5,,,,
Cc1ncc(CN2CC[C@@H](Nc3cncc(Cl)n3)[C@@H](C)C2)s1,1.264227348,train,butina,5,,,,
Cc1ccc(C(=O)N2CCC(Cc3ccccc3-c3ccccc3)(C(=O)N(C)C)CC2)s1,-0.590066877,train,butina,5,,,,
C[C@@H]1CCN(C(=O)CC#N)C[C@@H]1N(C)c1ncnc2[nH]ccc12,1.747124255,train,butina,5,,,,
CN(C)C(=O)C1(Cc2ccccc2-c2ccccc2)CCN(C(=O)C2CCCO2)CC1,1.265713811,train,butina,5,,,,
CC(=O)Nc1ccc(C(=O)N2CCCCC2c2nc(N)ncc2-c2ccc(Cl)cc2)cc1,0.549861188,train,butina,5,,,,
CC(=O)Nc1ccc(C(=O)N2CCCCC2c2nc(N)ncc2-c2cccc(Cl)c2)cc1,0.584331224,train,butina,5,,,,
O=C1CN(c2ccc(Nc3nccc(C(F)(F)F)n3)cn2)CCN1,1.433497815,train,butina,5,,,,
O=C1NCCN(C(=O)c2ccc3nccn3c2)C1c1ccccc1C(F)(F)F,1.801527189,train,butina,5,,,,
Cc1cc(F)ccc1C1C(=O)NCCN1C(=O)c1ccc2nccn2c1,1.950724994,train,butina,5,,,,
O=C1NCCN(C(=O)c2ccncc2)C1c1ccccc1Cl,1.868168158,train,butina,5,,,,
C[C@H]1CN(C(=O)CC(c2ccccc2)c2ccccc2)C[C@@H](C)O1,0.718335579,train,butina,5,,,,
CN1[C@H]2CC[C@@H]1C[C@@H](OC(c1ccccc1)c1ccccc1)C2,1.180842415,train,butina,5,,,,
CC(C)(C)C(=O)N1CCC(Cc2ccc(-c3cccs3)cc2)(C(=O)N2CCCC2)CC1,0.008174184,train,butina,5,,,,
OC[C@H](Nc1cncc(-c2ccc3[nH]ncc3n2)c1)c1ccccc1,1.024690862,train,butina,5,,,,
Cc1ncsc1C(=O)N1CCCCC1c1nc(N(C)C)ncc1-c1cccc(Cl)c1,0.021602716,train,butina,5,,,,
OCC1CCCCN1Cc1ccc(Cl)c(Cl)c1,1.484982782,train,butina,5,,,,
CC(=O)N1CCN(c2nc(C(F)(F)F)nc3sc(C)c(C)c23)CC1,0.624282096,train,butina,5,,,,
COc1ccccc1C(=O)Nc1ccc2cc[nH]c2c1,0.571825249,train,butina,5,,,,
c1ccc(Oc2cccc(CN(CCN3CCOCC3)Cc3cccnc3)c2)cc1,0.142389466,train,butina,5,,,,
COc1ccc([C@H]2CN(C(C)=O)[C@@H]3CCCN(Cc4cccc(F)c4)[C@H]23)cc1,0.594060901,train,butina,5,,,,
OCC1CCCCN1Cc1ccc(-c2ccccc2)cc1,1.394924244,train,butina,5,,,,
Nc1ncc(C(=O)NC2CN(C(=O)C3CC3)C2)c2ccc(-c3cccc(F)c3)nc12,0.38219721,train,butina,5,,,,
CC1(C)CC(Oc2ccc(-c3ccc(-c4cn[nH]c4)cc3O)nn2)CC(C)(C)N1,1.241969612,train,butina,5,,,,
Cc1ncsc1C(=O)N1CCCCC1c1nc(N)ncc1-c1cccc(C(F)(F)F)c1,0.86254877,train,butina,5,,,,
O=C(Nc1ccc2ccccc2n1)c1ccc(N2CCOC2=O)cc1,0.069298012,train,butina,5,,,,
O=S(=O)(c1cccc2cnccc12)N1CCCNCC1,1.844321821,train,butina,5,,,,
CCN1CCN(S(=O)(=O)Cc2ccc(Cl)c(Cl)c2)CC1,1.071845201,train,butina,5,,,,
O=C(Nc1nc2cccc(-c3ccc(CN4CCS(=O)(=O)CC4)cc3)n2n1)C1CC1,1.601853652,train,butina,5,,,,
CCn1c(CO)nn(-c2cc(O[C@@H](C)C(F)(F)F)c(C(=O)Nc3c(F)cccc3Cl)cc2F)c1=O,0.876910311,train,butina,5,,,,
CCN(C/C=C\c1ccc(C2CCCCC2)c(Cl)c1)C1CCCCC1,-0.266802735,train,butina,5,,,,
NCCN1CCN(C/C=C/C(=O)N2CCC[C@@H](n3nc(-c4ccc(Oc5ccccc5)cc4)c4c(N)ncnc43)C2)CC1,0.686814955,train,butina,5,,,,
Cn1c(C2CC2)nc2c1CCN(c1ncnc3ccsc13)C2,1.192985379,train,butina,5,,,,
CC/C(=C(\c1ccccc1)c1ccc(OCCN(C)C)cc1)c1ccccc1,-0.341988603,train,butina,5,,,,
COc1nn(C)cc1C(=O)Nc1cccc2cnccc12,1.58945809,train,butina,5,,,,
CNC(=O)C1(Cc2ccc(-c3ccncc3)cc2)CCN(Cc2cccc(F)c2)C1,0.715167358,train,butina,5,,,,
Cc1ncc(CN2CCC(Nc3ccc4nnnn4n3)C(C)C2)s1,1.579154557,train,butina,5,,,,
COc1ccc(Nc2c(C#N)cnc3cc(OC)c(OC)cc23)cc1Cl,0.115943177,train,butina,5,,,,
Cc1noc(C(C)C)c1C(=O)N1CC(C)OC(c2ccccc2)C1,1.111934276,train,butina,5,,,,
CN(Cc1ccccc1)C1(C(=O)N2CCNC(=O)CC2)Cc2ccccc2C1,0.912806393,train,butina,5,,,,
Cc1c(F)cccc1NC(=O)CN1[C@H]2CCCC(=O)N[C@@]2(C)C[C@H]1Cc1ccccc1,0.925312092,train,butina,5,,,,
O=S(=O)(c1cccc2c(O)nccc12)N1CCCNCC1,1.990813743,train,butina,5,,,,
Cc1ccc(NC(=O)CN2[C@H]3CCCC(=O)N[C@@]3(C)C[C@H]2Cc2ccccc2)cc1F,0.360971884,train,butina,5,,,,
CN(C)C(=O)C1(Cc2ccccc2-c2cccc(F)c2)CCN(C(=O)C2CC=CCC2)CC1,0.142702246,train,butina,5,,,,
COCC(=O)N1CCC(Cc2ccccc2-c2cccc(F)c2)(C(=O)NC(C)C)CC1,1.076967952,train,butina,5,,,,
COc1ccc(CNC(=O)c2sc3nc(C)cc(C)c3c2N)cc1,-0.18243463,train,butina,5,,,,
C#C[C@@](C)(CC)NC(=O)c1cc(F)cnc1NC1CC(F)(F)C1,0.850278553,train,butina,5,,,,
Cn1cc(Nc2nc(N)nc(-c3cccc(-n4ccc5cc(C6CC6)cc(F)c5c4=O)c3CO)n2)cn1,0.581038949,train,butina,5,,,,
CNC(=O)C1(Cc2ccc(-c3cccnc3)cc2)CCN(Cc2ccc(F)cc2)C1,0.918868743,train,butina,5,,,,
CNC(=O)C1(Cc2ccc(-c3cccnc3)cc2)CCN(Cc2cccc(F)c2)C1,0.531095547,train,butina,5,,,,
CC(=O)Nc1ncc(CN2CCCC[C@@H]2C)s1,1.923109252,train,butina,5,,,,
O=C1CCCC[C@@H]2[C@H](C[C@@H](Cc3ccccc3F)N2C(=O)c2cccc3ncccc23)N1,1.348966512,train,butina,5,,,,
CCOc1cc(CC(=O)N[C@@H](CC(C)C)c2ccccc2N2CCCCC2)ccc1C(=O)O,-0.063486258,train,butina,5,,,,
Cc1oc2ccccc2c1CNc1nnc(-c2ccncc2)o1,-0.172630727,train,butina,5,,,,
O=C(Nc1cccc2ncccc12)[C@H]1CCCN(S(=O)(=O)c2ccccc2)C1,1.091666958,train,butina,5,,,,
Nc1ncnc2c1c(-c1cnc3[nH]ccc3c1)nn2C1CCCC1,0.780605306,train,butina,5,,,,
O=C(Nc1cnccc1-c1ccc(Cl)cc1)c1ccnc(NC(=O)C2CC2)c1,0.847634344,train,butina,5,,,,
CN1C(N)=N[C@](C)(c2cc(NC(=O)c3ccc(F)cn3)ccc2F)CS1(=O)=O,1.491417728,train,butina,5,,,,
CC1CN(C(=O)c2cccnc2N2CCOCC2)CC(c2ccccc2)O1,1.555686814,train,butina,5,,,,
CN(C)C(=O)C1(Cc2ccccc2-c2ccccc2)CCN(C(=O)c2cnn(C)c2)CC1,1.146840934,train,butina,5,,,,
CC1(C)CC(=O)C2=C(C1)NC(=O)CC2c1ccc(Br)cc1,0.944630702,train,butina,5,,,,
CN1CCN(S(=O)(=O)c2ccc(-c3cnc(N)c(C(=O)Nc4cccnc4)n3)cc2)CC1,0.915558115,train,butina,5,,,,
CNC(=O)C1(Cc2ccc(-c3cccnc3)cc2)CCN(Cc2ccccc2Cl)C1,0.273695588,train,butina,5,,,,
Cc1cc(N2CCCC2c2cc(CCC(=O)O)cc(C)n2)ncn1,2.0,train,butina,5,,,,
O=C(CN1CCCC(c2cccc(Cc3cccc(F)c3)n2)C1)N1CCCC1,0.953856298,train,butina,5,,,,
COc1cc2ncnc(Nc3cccc(O)c3)c2cc1OC,0.650307523,train,butina,5,,,,
Cc1cc(C)c2c(N)c(C(=O)NCc3ccc(Cl)cc3)sc2n1,-0.185752404,train,butina,5,,,,
COCCNC(=O)c1ccnc(C2CCNCC2)c1,2.0,train,butina,5,,,,
COc1nc2sc(C(=O)NC3CC3)c(N)c2c(C)c1Cl,0.452093249,train,butina,5,,,,
Cc1cc(N2CCCC2)nc(C2CCCN(C)C2)n1,1.861522463,train,butina,5,,,,
O=C1NCCSc2c1sc1ccc(O)cc21,1.164679941,train,butina,5,,,,
CCn1cc(C(=O)O)c(=O)c2c(N)c(F)c(NC3CCCCC3)cc21,0.426673888,train,butina,5,,,,
COc1cc2nc(N3CCN(C(=O)c4ccco4)CC3)nc(N)c2cc1OC,1.371880249,train,butina,5,,,,
N#Cc1cc(F)c(NS(=O)(=O)c2c[nH]c3cc(Cl)ccc23)cc1F,-0.251811973,train,butina,5,,,,
CC(C)CC(NC(=O)C(O)C(N)Cc1ccccc1)C(=O)O,1.54052968,train,butina,5,,,,
COCCc1ccc(OCC(O)CNC(C)C)cc1,2.0,train,butina,5,,,,
COc1cc2c(cc1OC)CN(CCc1ccc(NC(=O)c3cccc4c(O)c5cccc(OC)c5nc34)cc1)CC2,-1.292429824,train,butina,5,,,,
C=CCc1ccccc1OCC(O)CNC(C)C,1.496029699,train,butina,5,,,,
Nc1nc(=O)c2ncn(COCCO)c2[nH]1,1.850860573,train,butina,5,,,,
NCCCC[C@H](N[C@@H](CCc1ccccc1)C(=O)O)C(=O)N1CCC[C@H]1C(=O)O,2.0,train,butina,5,,,,
CCCc1nc2nc(C)c(NS(=O)(=O)c3ccc(C4CCCCC4)cc3)c(O)n2n1,-0.137272472,train,butina,5,,,,
COc1ccc([C@H]2c3[nH]c4ccc(Cl)cc4c3CCN2C(=O)Oc2ccc(Cl)cc2)cc1,1.754608223,train,butina,5,,,,
NC(=O)C1(Cc2ccc(-c3ccncc3)cc2)CCN(C(=O)Cc2cccc(F)c2)CC1,1.058463986,train,butina,5,,,,
CC(=O)Nc1ccc(O)cc1,1.916985305,train,butina,5,,,,
O=C(NC1CCNCC1)c1ccc2[nH]ncc2c1,1.92695435,train,butina,5,,,,
Cc1cccc(/C=N/Nc2cc(N3CCOCC3)nc(OCCc3ccccn3)n2)c1,-0.27572413,train,butina,5,,,,
CCn1c(=O)oc2cc(NC(=O)c3ccc(C(C)(C)C)cc3)ccc21,0.180412633,train,butina,5,,,,
COc1ccc(OC[C@@H]2c3cc(OC)c(OC)cc3CCN2C(=O)c2cccc(Cl)c2)cc1,0.232233521,train,butina,5,,,,
N#Cc1ccc(COc2cccc(C3CCN(Cc4nc5ccc(C(=O)O)cc5n4C[C@@H]4CCO4)CC3)n2)c(F)c1,0.312177356,train,butina,5,,,,
CC(C)[C@H](CO)Nc1nc(Nc2cc(N)cc(Cl)c2)c2ncn(C(C)C)c2n1,-0.099086932,train,butina,5,,,,
O=C(NC1CCNCC1)c1ccc2cn[nH]c2c1,1.70808081,train,butina,5,,,,
CC(C)(C)OC(=O)N1CCCC1C(=O)N1CCC(C(=O)N[C@@H](Cc2c[nH]c3ccccc23)C(=O)O)CC1,1.842553077,train,butina,5,,,,
CC(=O)Nc1ncc(C(=O)O)s1,1.854123782,train,butina,5,,,,
Cc1cccc(-c2nc(C34CCC(C(N)=O)(CC3)CC4)[nH]c2-c2ccc3c(c2)OCO3)n1,0.21031852,train,butina,5,,,,
COc1cc2nc(-c3cc(F)ccc3O)nc(N[C@@H]3CNC[C@H]3C(C)(C)O)c2cc1OC.Cl,-0.823908741,train,butina,5,,,,
CC(C)[C@@](C)(O)[C@@H]1CN(c2nc(-c3n[nH]c4ncccc34)c(F)cc2Cl)CCN1,0.622421274,train,butina,5,,,,
COc1ccc(Cl)cc1C(=O)NCCc1ccc(S(=O)(=O)NC(=O)NC2CCCCC2)cc1,-0.943095149,test,butina,5,0.6212883178999999,0.7374596162900001,0.5309443933400001,0.48274671348000003
CCS(=O)(=O)N1CC(CC#N)(n2cc(-c3ncnc4[nH]ccc34)cn2)C1,2.0,test,butina,5,1.01509173007,0.91176285883,0.7647615884600001,1.3104119482900005
CC1(C)CC[C@]2(NC(=O)C(C)(F)F)CC[C@]3(C)[C@H](C(=O)C=C4[C@@]3(C)CC[C@H]3C(C)(C)C(=O)C(C#N)=C[C@]43C)[C@@H]2C1,-0.055517328,test,butina,5,1.1091722691900003,0.8345262783100003,0.5190499121299997,0.11952456711
Nc1c(F)ccc2cnc(-n3ccc4ccncc43)cc12,0.631443769,test,butina,5,0.9959480324899999,0.4954878663200002,0.6646946884899999,0.7469377944399997
Cn1cc(Nc2nccc(N3CC4CCC(C3)N4C(=O)[C@@H]3CC3(F)F)n2)cn1,1.786412441,test,butina,5,1.4786055722999993,1.2132506525400002,1.2979043709500002,1.3200640152999998
N#CC[C@H](C1CCCC1)n1cc(-c2ncnc3[nH]ccc23)cn1,1.244598701,test,butina,5,1.0945553791299998,1.2370791538000006,0.82546634445,0.8687139041500003
C=CC(=O)Nc1cccc(Oc2nc(Nc3ccc(N4CCN(C)CC4)cc3)nc3ccsc23)c1,-0.308918508,test,butina,5,0.47935586200999986,0.16415963275999992,0.32740338991999995,-0.22424450551000008
C=CC(=O)Nc1cccc(Oc2nc(Nc3ccc(N4CCN(C)CC4)c(F)c3)nc3[nH]ccc23)c1,-0.139063379,test,butina,5,0.5255630505099999,0.19459168559999995,0.42531680323000026,-0.1457970423
COc1ccccc1-c1cc(NC(=O)c2cccc(N3CCNC3=O)c2)[nH]n1,-0.742321425,test,butina,5,0.9620269038999997,0.48359541158999997,0.66386640972,0.9086479162900005
CCc1nc(C)cn2nc(-c3cc(=O)n4cc(C5CCN(C)CC5)cc(C)c4n3)cc12,0.593618308,test,butina,5,1.0657300013100006,0.4892379681599999,0.8973191323500003,0.7320117392400002
CCc1nc2c(C)cc(N3CCN(CC(=O)N4CC(O)C4)CC3)cn2c1N(C)c1nc(-c2ccc(F)cc2)c(C#N)s1,-0.434152181,test,butina,5,0.5216438957800001,0.25638156627,0.49294752718000007,0.45096211785000007
Cc1c(C(=O)NCCCN(C)C)sc2ncnc(Nc3ccc(F)cc3OC(C)C)c12,0.966376423,test,butina,5,0.4962453791800001,0.08186515050999997,0.20052232643999993,0.1118063478
Cc1nnc(-c2ccc3occ(-c4ccc(S(C)=O)cc4)c3c2)o1,1.077985291,test,butina,5,0.7189032435100002,0.4828919668799998,0.6131187939800001,0.3312548941199997
O=C(CCNC(=O)c1ccc(OC(F)(F)F)cc1)N[C@@H]1CCCc2ccccc21,0.630427875,test,butina,5,0.7985396952400003,0.9062197846200003,0.7611481983099996,0.6203184335999999
C=CC(=O)Nc1cccc(Oc2nc(Nc3ccc(N4CCN(C)CC4)cc3)nc3ccoc23)c1,-0.208309351,test,butina,5,0.4040858912199998,0.18261404941999992,0.41822819461,-0.11627528931
Cc1nc(Nc2nccs2)cc(C2CN(c3ncccn3)C2)n1,0.374565061,test,butina,5,1.228739964180001,0.9274274540199998,0.8127135572500005,1.4556615623700007
COc1ccc(CCCN2CCN(c3cnn(C)c3)C(=O)C2)cc1F,1.308414999,test,butina,5,1.0425161931700002,1.335578254080001,0.9230838593200004,1.5134443437700003
CCC1=C(C)CN(C(=O)NCCc2ccc(S(=O)(=O)NC(=O)N[C@H]3CC[C@H](C)CC3)cc2)C1=O,-1.638272164,test,butina,5,1.1362105914499998,0.9937150143200006,0.6714596617699999,0.6700431895699999
Cc1cnc(C(=O)NCCc2ccc(S(=O)(=O)NC(=O)NC3CCCCC3)cc2)cn1,-0.204119983,test,butina,5,0.9994080261999998,1.11312118233,0.9314382549000007,1.1620932908499997
CC(O)(C#Cc1ccc2c(c1)N(c1nc(N)ncc1Cl)CC2)c1nccs1,0.275311355,test,butina,5,0.8330687454100001,0.7686095640999997,0.9655696270700008,0.6112671534499998
COCCc1noc(CN2CC(c3ccccc3)(c3ccccc3)CCC2=O)n1,1.25166255,test,butina,5,1.1893494383299996,0.7058350979299997,0.7330959925899998,0.9913978850100003
Cc1[nH]nc2c1C1(CCCCC1)CC(=O)N2,1.284633733,test,butina,5,1.0502463008500003,1.18445368274,0.8508715900899998,1.5546769612399998
C[C@@H]1Cc2ccccc2N1C(=O)Cn1nc(-c2cccc3ncccc23)oc1=O,0.360404055,test,butina,5,1.2763838279500002,0.5541049363699999,0.8631860437800001,0.6777929400999999
CCCCNC(=O)NS(=O)(=O)c1ccc(C)cc1,0.440121603,test,butina,5,1.0281558945000002,1.1975619958000006,0.8420838876799999,1.7177059638799994
Cc1cc(Nc2cnccn2)cc(C2CCCN(CC(=O)N3CCCC3)C2)n1,1.632416797,test,butina,5,1.3681697617300008,1.2695439292100006,1.2018068178700003,1.40343571946
Cc1cccnc1Nc1cccc(C2CCCN(CC(=O)Nc3nccs3)C2)n1,0.637289548,test,butina,5,1.3190930204800002,0.6325020900499999,0.9288957139599998,0.5726554873899997
CCCNC(=O)NS(=O)(=O)c1ccc(Cl)cc1,0.628286731,test,butina,5,0.9604631694100003,1.2097361847200006,0.7925584231999998,1.6503917382199993
CC1(CNC(=O)c2cncc(C3CCNCC3)n2)CCCO1,1.960042456,test,butina,5,1.49711346323,1.58646556135,1.39235091357,1.7182643050700002
CC(CCc1ccccc1)NCC(O)c1ccc(O)c(C(N)=O)c1,1.65850745,test,butina,5,1.04739445122,1.0479810219799999,1.1510092834200003,1.4765525181399997
CC1(C)Cc2cc(NC(=O)c3cnn4cccnc34)c(OCC3CC3)nc2O1,0.38219721,test,butina,5,0.9242304035599999,0.7312674467599998,0.9749234602599998,0.9676745923600003
COc1cc(Cc2cnc(N)nc2N)cc(OC)c1OC,1.855513099,test,butina,5,0.6498116416600004,1.1693505149599999,1.0397842920199998,1.20735778902
CC(C(=O)O)c1cccc(C(=O)c2ccccc2)c1,0.047274867,test,butina,5,0.9739676113600005,1.19769184467,0.8978144306400001,0.5942059903799999
O=C(Nc1cccc2c(=O)cc(-c3nnn[nH]3)oc12)c1ccc(OCCCCc2ccccc2)cc1,0.77224834,test,butina,5,0.5787519676899998,0.13737200033999994,0.4321623652899998,-0.12825211632000003
CCOc1cc2nn(CCC(C)(C)O)cc2cc1NC(=O)c1cccc(C(F)F)n1,0.268343914,train,butina,6,,,,
CN(c1ncc(F)cn1)[C@H]1CCCNC1,2.0,train,butina,6,,,,
CC(C)(O)CCn1cc2cc(NC(=O)c3cccc(C(F)(F)F)n3)c(C(C)(C)O)cc2n1,1.092264361,train,butina,6,,,,
CC#CC(=O)N[C@H]1CCCN(c2c(F)cc(C(N)=O)c3[nH]c(C)c(C)c23)C1,-0.639532816,train,butina,6,,,,
CC(C)NCC(O)COc1cccc2ccccc12,1.347759218,train,butina,6,,,,
COc1ccc(Cl)cc1C(=O)NCCc1ccc(S(=O)(=O)NC(=O)NC2CCCCC2)cc1,-0.943095149,train,butina,6,,,,
CCS(=O)(=O)N1CC(CC#N)(n2cc(-c3ncnc4[nH]ccc34)cn2)C1,2.0,train,butina,6,,,,
COc1ccc(S(=O)(=O)N2CCC(N3CCC(C)CC3)CC2)cc1,1.626076768,train,butina,6,,,,
CC1(C)CC[C@]2(NC(=O)C(C)(F)F)CC[C@]3(C)[C@H](C(=O)C=C4[C@@]3(C)CC[C@H]3C(C)(C)C(=O)C(C#N)=C[C@]43C)[C@@H]2C1,-0.055517328,train,butina,6,,,,
Cc1c[nH]c2nccc(Oc3c(F)cc(Nc4cc(Cl)nc(N)n4)cc3F)c12,-0.68613278,train,butina,6,,,,
COc1cc2c(cc1OC)CC(=O)N(CCCN(C)C[C@H]1Cc3cc(OC)c(OC)cc31)CC2,1.615139594,train,butina,6,,,,
N#Cc1ccc2[nH]c(O)c(-c3ccc(CN4CCOCC4)cn3)c2c1,1.072507236,train,butina,6,,,,
CCCc1cc(N2CCc3c(nc(C4CC4)n3C)C2)n2ncnc2n1,1.388207807,train,butina,6,,,,
Fc1ccc(-c2ccc3c(c2)[nH]c2ccncc23)cn1,0.640978057,train,butina,6,,,,
Nc1c(F)ccc2cnc(-n3ccc4ccncc43)cc12,0.631443769,train,butina,6,,,,
Cn1cc(Nc2nccc(N3CC4CCC(C3)N4C(=O)[C@@H]3CC3(F)F)n2)cn1,1.786412441,train,butina,6,,,,
[2H]C([2H])([2H])NC(=O)c1nnc(NC(=O)C2CC2)cc1Nc1cccc(-c2ncn(C)n2)c1OC,1.236577565,train,butina,6,,,,
Nc1n[nH]cc1-c1cc(Cl)ccc1Oc1cc(F)c(S(=O)(=O)Nc2cscn2)cc1Cl,-0.08249449,train,butina,6,,,,
Cc1c(-c2c(F)cc(C(N)=O)c3[nH]c4c(c23)CC[C@H](C(C)(C)O)C4)cccc1-n1c(=O)c2cccc(F)c2n(C)c1=O,0.326540669,train,butina,6,,,,
Cn1cc(-c2cn3nccc3c(-c3cnn([C@]4(CC#N)C[C@@H](C#N)C4)c3)n2)cn1,1.364100521,train,butina,6,,,,
N#CC[C@H](C1CCCC1)n1cc(-c2ncnc3[nH]ccc23)cn1,1.244598701,train,butina,6,,,,
CC(C)(C)c1ccc(-c2nc3n(c(=O)c2C#N)CCS3)cc1,0.455758203,train,butina,6,,,,
C=CC(=O)Nc1cccc(Oc2nc(Nc3ccc(N4CCN(C)CC4)cc3)nc3ccsc23)c1,-0.308918508,train,butina,6,,,,
CC#CC(=O)N1CC[C@@H](n2cc(-c3ccc(Oc4c(F)cccc4F)cc3)c3c(N)n[nH]c(=O)c32)C1,-0.029188389,train,butina,6,,,,
C=CC(=O)Nc1cccc(Oc2nc(Nc3ccc(N4CCN(C)CC4)c(F)c3)nc3[nH]ccc23)c1,-0.139063379,train,butina,6,,,,
C[C@@H]1c2nnn(-c3ncc(F)cn3)c2CCN1C(=O)c1cccc(C(F)(F)F)c1Cl,1.240049772,train,butina,6,,,,
COc1ccccc1-c1cc(NC(=O)c2cccc(N3CCNC3=O)c2)[nH]n1,-0.742321425,train,butina,6,,,,
Nc1ncc(-c2cccc(C(F)(F)F)c2)c(C2CCCCN2C(=O)c2ccccc2)n1,0.137354111,train,butina,6,,,,
O=C(Nc1cccc(-c2nncn2C2CC2)c1)c1cc(-n2cnc(C3CC3)c2)ccn1,0.611935625,train,butina,6,,,,
Fc1ccccc1-c1c[nH]nc1C1CCCN1Cc1ccc2ncccc2c1,0.460897843,train,butina,6,,,,
CCc1nc(C)cn2nc(-c3cc(=O)n4cc(C5CCN(C)CC5)cc(C)c4n3)cc12,0.593618308,train,butina,6,,,,
Cc1c(Cl)ccc2cc3n(c12)[C@@H](C)CNC3=O,0.696793085,train,butina,6,,,,
Cc1nnc(CN(C)CC(C)Oc2ccc(Cl)c(Cl)c2)n1C,1.114444172,train,butina,6,,,,
Cc1ncc(CN2CC[C@@H](Nc3cncc(Cl)n3)[C@@H](C)C2)s1,1.264227348,train,butina,6,,,,
Cc1ccc(C(=O)N2CCC(Cc3ccccc3-c3ccccc3)(C(=O)N(C)C)CC2)s1,-0.590066877,train,butina,6,,,,
CCc1nc2c(C)cc(N3CCN(CC(=O)N4CC(O)C4)CC3)cn2c1N(C)c1nc(-c2ccc(F)cc2)c(C#N)s1,-0.434152181,train,butina,6,,,,
CN(C)C(=O)C1(Cc2ccccc2-c2ccccc2)CCN(C(=O)C2CCCO2)CC1,1.265713811,train,butina,6,,,,
CC(=O)Nc1ccc(C(=O)N2CCCCC2c2nc(N)ncc2-c2ccc(Cl)cc2)cc1,0.549861188,train,butina,6,,,,
CC(=O)Nc1ccc(C(=O)N2CCCCC2c2nc(N)ncc2-c2cccc(Cl)c2)cc1,0.584331224,train,butina,6,,,,
O=C1NCCN(C(=O)c2ccc3nccn3c2)C1c1ccccc1C(F)(F)F,1.801527189,train,butina,6,,,,
Cc1cc(F)ccc1C1C(=O)NCCN1C(=O)c1ccc2nccn2c1,1.950724994,train,butina,6,,,,
O=C1NCCN(C(=O)c2ccncc2)C1c1ccccc1Cl,1.868168158,train,butina,6,,,,
C[C@H]1CN(C(=O)CC(c2ccccc2)c2ccccc2)C[C@@H](C)O1,0.718335579,train,butina,6,,,,
CN1[C@H]2CC[C@@H]1C[C@@H](OC(c1ccccc1)c1ccccc1)C2,1.180842415,train,butina,6,,,,
CC(C)(C)C(=O)N1CCC(Cc2ccc(-c3cccs3)cc2)(C(=O)N2CCCC2)CC1,0.008174184,train,butina,6,,,,
OC[C@H](Nc1cncc(-c2ccc3[nH]ncc3n2)c1)c1ccccc1,1.024690862,train,butina,6,,,,
Cc1ncsc1C(=O)N1CCCCC1c1nc(N(C)C)ncc1-c1cccc(Cl)c1,0.021602716,train,butina,6,,,,
CC(=O)N1CCN(c2nc(C(F)(F)F)nc3sc(C)c(C)c23)CC1,0.624282096,train,butina,6,,,,
c1ccc(Oc2cccc(CN(CCN3CCOCC3)Cc3cccnc3)c2)cc1,0.142389466,train,butina,6,,,,
COc1ccc([C@H]2CN(C(C)=O)[C@@H]3CCCN(Cc4cccc(F)c4)[C@H]23)cc1,0.594060901,train,butina,6,,,,
Cc1c(C(=O)NCCCN(C)C)sc2ncnc(Nc3ccc(F)cc3OC(C)C)c12,0.966376423,train,butina,6,,,,
Nc1ncc(C(=O)NC2CN(C(=O)C3CC3)C2)c2ccc(-c3cccc(F)c3)nc12,0.38219721,train,butina,6,,,,
CC1(C)CC(Oc2ccc(-c3ccc(-c4cn[nH]c4)cc3O)nn2)CC(C)(C)N1,1.241969612,train,butina,6,,,,
Cc1nnc(-c2ccc3occ(-c4ccc(S(C)=O)cc4)c3c2)o1,1.077985291,train,butina,6,,,,
Cc1ncsc1C(=O)N1CCCCC1c1nc(N)ncc1-c1cccc(C(F)(F)F)c1,0.86254877,train,butina,6,,,,
O=C(Nc1ccc2ccccc2n1)c1ccc(N2CCOC2=O)cc1,0.069298012,train,butina,6,,,,
O=C(CCNC(=O)c1ccc(OC(F)(F)F)cc1)N[C@@H]1CCCc2ccccc21,0.630427875,train,butina,6,,,,
O=S(=O)(c1cccc2cnccc12)N1CCCNCC1,1.844321821,train,butina,6,,,,
C=CC(=O)Nc1cccc(Oc2nc(Nc3ccc(N4CCN(C)CC4)cc3)nc3ccoc23)c1,-0.208309351,train,butina,6,,,,
O=C(Nc1nc2cccc(-c3ccc(CN4CCS(=O)(=O)CC4)cc3)n2n1)C1CC1,1.601853652,train,butina,6,,,,
CCn1c(CO)nn(-c2cc(O[C@@H](C)C(F)(F)F)c(C(=O)Nc3c(F)cccc3Cl)cc2F)c1=O,0.876910311,train,butina,6,,,,
CCN(C/C=C\c1ccc(C2CCCCC2)c(Cl)c1)C1CCCCC1,-0.266802735,train,butina,6,,,,
Cn1c(C2CC2)nc2c1CCN(c1ncnc3ccsc13)C2,1.192985379,train,butina,6,,,,
CC/C(=C(\c1ccccc1)c1ccc(OCCN(C)C)cc1)c1ccccc1,-0.341988603,train,butina,6,,,,
CNC(=O)C1(Cc2ccc(-c3ccncc3)cc2)CCN(Cc2cccc(F)c2)C1,0.715167358,train,butina,6,,,,
Cc1ncc(CN2CCC(Nc3ccc4nnnn4n3)C(C)C2)s1,1.579154557,train,butina,6,,,,
Cc1nc(Nc2nccs2)cc(C2CN(c3ncccn3)C2)n1,0.374565061,train,butina,6,,,,
COc1ccc(Nc2c(C#N)cnc3cc(OC)c(OC)cc23)cc1Cl,0.115943177,train,butina,6,,,,
COc1ccc(CCCN2CCN(c3cnn(C)c3)C(=O)C2)cc1F,1.308414999,train,butina,6,,,,
Cc1noc(C(C)C)c1C(=O)N1CC(C)OC(c2ccccc2)C1,1.111934276,train,butina,6,,,,
CN(Cc1ccccc1)C1(C(=O)N2CCNC(=O)CC2)Cc2ccccc2C1,0.912806393,train,butina,6,,,,
Cc1c(F)cccc1NC(=O)CN1[C@H]2CCCC(=O)N[C@@]2(C)C[C@H]1Cc1ccccc1,0.925312092,train,butina,6,,,,
CCC1=C(C)CN(C(=O)NCCc2ccc(S(=O)(=O)NC(=O)N[C@H]3CC[C@H](C)CC3)cc2)C1=O,-1.638272164,train,butina,6,,,,
O=S(=O)(c1cccc2c(O)nccc12)N1CCCNCC1,1.990813743,train,butina,6,,,,
Cc1ccc(NC(=O)CN2[C@H]3CCCC(=O)N[C@@]3(C)C[C@H]2Cc2ccccc2)cc1F,0.360971884,train,butina,6,,,,
CN(C)C(=O)C1(Cc2ccccc2-c2cccc(F)c2)CCN(C(=O)C2CC=CCC2)CC1,0.142702246,train,butina,6,,,,
COCC(=O)N1CCC(Cc2ccccc2-c2cccc(F)c2)(C(=O)NC(C)C)CC1,1.076967952,train,butina,6,,,,
COc1ccc(CNC(=O)c2sc3nc(C)cc(C)c3c2N)cc1,-0.18243463,train,butina,6,,,,
Cc1cnc(C(=O)NCCc2ccc(S(=O)(=O)NC(=O)NC3CCCCC3)cc2)cn1,-0.204119983,train,butina,6,,,,
CNC(=O)C1(Cc2ccc(-c3cccnc3)cc2)CCN(Cc2ccc(F)cc2)C1,0.918868743,train,butina,6,,,,
CNC(=O)C1(Cc2ccc(-c3cccnc3)cc2)CCN(Cc2cccc(F)c2)C1,0.531095547,train,butina,6,,,,
CC(=O)Nc1ncc(CN2CCCC[C@@H]2C)s1,1.923109252,train,butina,6,,,,
O=C1CCCC[C@@H]2[C@H](C[C@@H](Cc3ccccc3F)N2C(=O)c2cccc3ncccc23)N1,1.348966512,train,butina,6,,,,
CCOc1cc(CC(=O)N[C@@H](CC(C)C)c2ccccc2N2CCCCC2)ccc1C(=O)O,-0.063486258,train,butina,6,,,,
CC(O)(C#Cc1ccc2c(c1)N(c1nc(N)ncc1Cl)CC2)c1nccs1,0.275311355,train,butina,6,,,,
COCCc1noc(CN2CC(c3ccccc3)(c3ccccc3)CCC2=O)n1,1.25166255,train,butina,6,,,,
Cc1[nH]nc2c1C1(CCCCC1)CC(=O)N2,1.284633733,train,butina,6,,,,
Cc1oc2ccccc2c1CNc1nnc(-c2ccncc2)o1,-0.172630727,train,butina,6,,,,
O=C(Nc1cccc2ncccc12)[C@H]1CCCN(S(=O)(=O)c2ccccc2)C1,1.091666958,train,butina,6,,,,
C[C@@H]1Cc2ccccc2N1C(=O)Cn1nc(-c2cccc3ncccc23)oc1=O,0.360404055,train,butina,6,,,,
CN1C(N)=N[C@](C)(c2cc(NC(=O)c3ccc(F)cn3)ccc2F)CS1(=O)=O,1.491417728,train,butina,6,,,,
CC1CN(C(=O)c2cccnc2N2CCOCC2)CC(c2ccccc2)O1,1.555686814,train,butina,6,,,,
CCCCNC(=O)NS(=O)(=O)c1ccc(C)cc1,0.440121603,train,butina,6,,,,
Cc1cc(Nc2cnccn2)cc(C2CCCN(CC(=O)N3CCCC3)C2)n1,1.632416797,train,butina,6,,,,
Cc1cccnc1Nc1cccc(C2CCCN(CC(=O)Nc3nccs3)C2)n1,0.637289548,train,butina,6,,,,
CN(C)C(=O)C1(Cc2ccccc2-c2ccccc2)CCN(C(=O)c2cnn(C)c2)CC1,1.146840934,train,butina,6,,,,
CN1CCN(S(=O)(=O)c2ccc(-c3cnc(N)c(C(=O)Nc4cccnc4)n3)cc2)CC1,0.915558115,train,butina,6,,,,
CNC(=O)C1(Cc2ccc(-c3cccnc3)cc2)CCN(Cc2ccccc2Cl)C1,0.273695588,train,butina,6,,,,
Cc1cc(N2CCCC2c2cc(CCC(=O)O)cc(C)n2)ncn1,2.0,train,butina,6,,,,
CCCNC(=O)NS(=O)(=O)c1ccc(Cl)cc1,0.628286731,train,butina,6,,,,
COc1cc2ncnc(Nc3cccc(O)c3)c2cc1OC,0.650307523,train,butina,6,,,,
Cc1cc(C)c2c(N)c(C(=O)NCc3ccc(Cl)cc3)sc2n1,-0.185752404,train,butina,6,,,,
COCCNC(=O)c1ccnc(C2CCNCC2)c1,2.0,train,butina,6,,,,
COc1nc2sc(C(=O)NC3CC3)c(N)c2c(C)c1Cl,0.452093249,train,butina,6,,,,
CC1(CNC(=O)c2cncc(C3CCNCC3)n2)CCCO1,1.960042456,train,butina,6,,,,
Cc1cc(N2CCCC2)nc(C2CCCN(C)C2)n1,1.861522463,train,butina,6,,,,
O=C1NCCSc2c1sc1ccc(O)cc21,1.164679941,train,butina,6,,,,
CCn1cc(C(=O)O)c(=O)c2c(N)c(F)c(NC3CCCCC3)cc21,0.426673888,train,butina,6,,,,
CC(CCc1ccccc1)NCC(O)c1ccc(O)c(C(N)=O)c1,1.65850745,train,butina,6,,,,
CC1(C)Cc2cc(NC(=O)c3cnn4cccnc34)c(OCC3CC3)nc2O1,0.38219721,train,butina,6,,,,
N#Cc1cc(F)c(NS(=O)(=O)c2c[nH]c3cc(Cl)ccc23)cc1F,-0.251811973,train,butina,6,,,,
CC(C)CC(NC(=O)C(O)C(N)Cc1ccccc1)C(=O)O,1.54052968,train,butina,6,,,,
COCCc1ccc(OCC(O)CNC(C)C)cc1,2.0,train,butina,6,,,,
COc1cc(Cc2cnc(N)nc2N)cc(OC)c1OC,1.855513099,train,butina,6,,,,
CC(C(=O)O)c1cccc(C(=O)c2ccccc2)c1,0.047274867,train,butina,6,,,,
C=CCc1ccccc1OCC(O)CNC(C)C,1.496029699,train,butina,6,,,,
Nc1nc(=O)c2ncn(COCCO)c2[nH]1,1.850860573,train,butina,6,,,,
CCCc1nc2nc(C)c(NS(=O)(=O)c3ccc(C4CCCCC4)cc3)c(O)n2n1,-0.137272472,train,butina,6,,,,
COc1ccc([C@H]2c3[nH]c4ccc(Cl)cc4c3CCN2C(=O)Oc2ccc(Cl)cc2)cc1,1.754608223,train,butina,6,,,,
NC(=O)C1(Cc2ccc(-c3ccncc3)cc2)CCN(C(=O)Cc2cccc(F)c2)CC1,1.058463986,train,butina,6,,,,
CC(=O)Nc1ccc(O)cc1,1.916985305,train,butina,6,,,,
O=C(NC1CCNCC1)c1ccc2[nH]ncc2c1,1.92695435,train,butina,6,,,,
Cc1cccc(/C=N/Nc2cc(N3CCOCC3)nc(OCCc3ccccn3)n2)c1,-0.27572413,train,butina,6,,,,
CCn1c(=O)oc2cc(NC(=O)c3ccc(C(C)(C)C)cc3)ccc21,0.180412633,train,butina,6,,,,
N#Cc1ccc(COc2cccc(C3CCN(Cc4nc5ccc(C(=O)O)cc5n4C[C@@H]4CCO4)CC3)n2)c(F)c1,0.312177356,train,butina,6,,,,
CC(C)[C@H](CO)Nc1nc(Nc2cc(N)cc(Cl)c2)c2ncn(C(C)C)c2n1,-0.099086932,train,butina,6,,,,
O=C(NC1CCNCC1)c1ccc2cn[nH]c2c1,1.70808081,train,butina,6,,,,
CC(C)(C)OC(=O)N1CCCC1C(=O)N1CCC(C(=O)N[C@@H](Cc2c[nH]c3ccccc23)C(=O)O)CC1,1.842553077,train,butina,6,,,,
O=C(Nc1cccc2c(=O)cc(-c3nnn[nH]3)oc12)c1ccc(OCCCCc2ccccc2)cc1,0.77224834,train,butina,6,,,,
CC(=O)Nc1ncc(C(=O)O)s1,1.854123782,train,butina,6,,,,
Cc1cccc(-c2nc(C34CCC(C(N)=O)(CC3)CC4)[nH]c2-c2ccc3c(c2)OCO3)n1,0.21031852,train,butina,6,,,,
CNc1cc(Nc2cccn(-c3ccccn3)c2=O)nn2c(C(=O)N[C@@H]3C[C@@H]3F)cnc12,0.51851394,test,butina,6,0.9224901276800002,0.48395682980999993,0.7364095728800004,0.6280899371000003
CC(C)(Oc1ccc(-c2cnc(N)c(-c3ccc(Cl)cc3)c2)cc1)C(=O)O,-1.403402904,test,butina,6,0.4882840795600001,0.48079082404999984,0.5825666357,0.3342216299199999
C=CC(=O)N1CCC[C@@H](n2nc(-c3ccc(Oc4ccccc4)cc3)c3c(N)ncnc32)C1,-0.35853,test,butina,6,0.6566175816699998,0.5737093898399999,0.31154453165,0.57246212292
CC(C)NC(=O)COc1cccc(-c2nc(Nc3ccc4[nH]ncc4c3)c3ccccc3n2)c1,-0.504455662,test,butina,6,0.7904192822699997,0.5011518643100001,0.33455502194,0.18325567269999993
CCn1c(-c2nonc2N)nc2cnc(Oc3cccc(NC(=O)c4ccc(OCCN5CCOCC5)cc4)c3)cc21,-0.325138859,test,butina,6,0.5403346398000001,0.35277799381999997,0.4259870081300003,0.14703901083
C=CC(=O)N1C[C@H](Nc2ncnc3[nH]ccc23)CC[C@@H]1C,1.74597993,test,butina,6,1.3889526945500006,1.2096814017900008,0.7063536892099997,1.7506565022899994
C=CC(=O)N1CCC(CNc2ncnc(N)c2-c2ccc(Oc3ccccc3)cc2)CC1,0.901294817,test,butina,6,0.7269302862400001,0.4361088325899999,0.48437319853,0.24201554728999994
O=C(Nc1cccnc1)c1ccnc(NC(=O)C2CC2)c1,1.615287063,test,butina,6,0.7128328654400004,0.9643162810400004,1.1528779611700004,1.5713494040100011
O=C(c1ccc(Oc2ccccc2)cc1Cl)c1c[nH]c2ncnc(N[C@@H]3CC[C@@H](CO)OC3)c12,-0.295849483,test,butina,6,0.8322471501400002,0.5919198240900001,0.67687081413,0.43441465389999967
CC#CC(=O)N1CC[C@@H](n2c(=O)n(-c3ccc(Oc4ccccc4)cc3)c3c(N)ncnc32)C1,0.669595781,test,butina,6,0.81112853707,0.45105535152999976,0.27872087444000004,0.7620504335400002
C=CC(=O)N1CCC([C@@H]2CCNc3c(C(N)=O)c(-c4ccc(Oc5ccccc5)cc4)nn32)CC1,0.231979027,test,butina,6,0.9671939574900001,0.24014205331999997,0.4160858339899999,0.5321288711899999
C=CC(=O)N1CCC[C@H](n2c(=O)n(-c3ccc(Oc4ccccc4)cc3)c3c(N)ncnc32)C1,0.276231958,test,butina,6,0.7253830802200001,0.5874677066299998,0.24146967285000007,0.43939743320999974
CC(C)(C=C(C#N)C(=O)N1CCC[C@@H](n2nc(-c3ccc(Oc4ccccc4)cc3F)c3c(N)ncnc32)C1)N1CCN(C2COC2)CC1,0.123198075,test,butina,6,0.35663707037000014,0.29741906034999976,0.33245047378999987,0.22786989942000002
Cc1nccc(-c2cn(Cc3ccccc3)c3cnccc23)n1,1.207445854,test,butina,6,0.8093649573099998,0.8557726657499998,1.1239701550000007,0.4585655814100002
Nc1ncnc2c1c(-c1ccc(Oc3ccccc3)cc1)nn2[C@@H]1CCCNC1,0.846275242,test,butina,6,1.0564919488299995,0.5392942872900001,0.5964924916000001,0.3533533669199999
COc1nn(C)cc1C(=O)Nc1cccc(-c2cnc3n2CCC3)c1,0.685562611,test,butina,6,0.97229396943,0.7076686189400003,1.1565275870400005,1.42160853343
COc1cc(F)ccc1-c1ncnc(Nc2cccc(C[S@@](C)(=N)=O)c2)n1,1.574609941,test,butina,6,0.70122240652,0.61773196559,0.75943668141,0.34526053547999985
C[C@@H]1CCN(C(=O)CC#N)C[C@@H]1N(C)c1ncnc2[nH]ccc12,1.747124255,test,butina,6,1.3331677869500007,1.2939909560500005,0.7226073942200003,1.73691556884
O=C1CN(c2ccc(Nc3nccc(C(F)(F)F)n3)cn2)CCN1,1.433497815,test,butina,6,1.3940440468600004,1.20635897239,1.2535659799200003,1.5688072475400006
OCC1CCCCN1Cc1ccc(Cl)c(Cl)c1,1.484982782,test,butina,6,1.1605153369300005,1.1921976179400002,0.6173821680299997,0.7327781941600001
COc1ccccc1C(=O)Nc1ccc2cc[nH]c2c1,0.571825249,test,butina,6,0.93014416233,0.8029009175000001,0.4671456171199999,0.42869106531999995
OCC1CCCCN1Cc1ccc(-c2ccccc2)cc1,1.394924244,test,butina,6,1.2643513949600005,0.8831135082699998,0.8433937661299998,0.6361433571899999
CCN1CCN(S(=O)(=O)Cc2ccc(Cl)c(Cl)c2)CC1,1.071845201,test,butina,6,0.8981955608900007,1.2937621232100007,0.9024092007100002,1.4023718836400008
NCCN1CCN(C/C=C/C(=O)N2CCC[C@@H](n3nc(-c4ccc(Oc5ccccc5)cc4)c4c(N)ncnc43)C2)CC1,0.686814955,test,butina,6,0.7024775904200001,0.6524715372999998,0.42866051157999996,0.32135719678
COc1nn(C)cc1C(=O)Nc1cccc2cnccc12,1.58945809,test,butina,6,0.8417932038599999,0.8149854142699996,1.2211264904400005,1.5584835672700001
C#C[C@@](C)(CC)NC(=O)c1cc(F)cnc1NC1CC(F)(F)C1,0.850278553,test,butina,6,1.01541659914,1.0046397202600001,0.6343938640199996,0.8779122826099995
Cn1cc(Nc2nc(N)nc(-c3cccc(-n4ccc5cc(C6CC6)cc(F)c5c4=O)c3CO)n2)cn1,0.581038949,test,butina,6,0.7744055328199998,0.5288904484500001,0.5944223530000001,0.3497144482499999
Nc1ncnc2c1c(-c1cnc3[nH]ccc3c1)nn2C1CCCC1,0.780605306,test,butina,6,0.9934484751800006,0.8894390466200005,0.56549112184,0.60935979045
O=C(Nc1cnccc1-c1ccc(Cl)cc1)c1ccnc(NC(=O)C2CC2)c1,0.847634344,test,butina,6,0.6149918855500002,0.31630577250999997,0.86063809501,0.3745580862600001
CC1(C)CC(=O)C2=C(C1)NC(=O)CC2c1ccc(Br)cc1,0.944630702,test,butina,6,1.2271923206100004,0.6038827280800001,0.6140093036199997,0.7954967330599999
O=C(CN1CCCC(c2cccc(Cc3cccc(F)c3)n2)C1)N1CCCC1,0.953856298,test,butina,6,0.7323731694200001,0.9868714017300004,1.0208286943400002,0.7053965368299999
COc1cc2nc(N3CCN(C(=O)c4ccco4)CC3)nc(N)c2cc1OC,1.371880249,test,butina,6,0.6634615953699996,0.6568982554400001,1.05281709159,0.9980582233000007
COc1cc2c(cc1OC)CN(CCc1ccc(NC(=O)c3cccc4c(O)c5cccc(OC)c5nc34)cc1)CC2,-1.292429824,test,butina,6,0.7322739731099999,0.35739455292999983,0.5380208926299997,0.2047446496899999
NCCCC[C@H](N[C@@H](CCc1ccccc1)C(=O)O)C(=O)N1CCC[C@H]1C(=O)O,2.0,test,butina,6,1.0842830718500005,0.8894530517900003,1.2530981869300004,1.2937078628699998
COc1ccc(OC[C@@H]2c3cc(OC)c(OC)cc3CCN2C(=O)c2cccc(Cl)c2)cc1,0.232233521,test,butina,6,0.38365663777000003,0.7677894734200003,0.4338815140800002,0.6143185798799999
COc1cc2nc(-c3cc(F)ccc3O)nc(N[C@@H]3CNC[C@H]3C(C)(C)O)c2cc1OC.Cl,-0.823908741,test,butina,6,0.7248016205500001,0.47289917566000006,0.5461658798600001,0.69480696956
CC(C)[C@@](C)(O)[C@@H]1CN(c2nc(-c3n[nH]c4ncccc34)c(F)cc2Cl)CCN1,0.622421274,test,butina,6,0.6116255705400001,0.8256817474099999,0.80751342071,0.7355468560699998
CNc1cc(Nc2cccn(-c3ccccn3)c2=O)nn2c(C(=O)N[C@@H]3C[C@@H]3F)cnc12,0.51851394,train,butina,7,,,,
CCOc1cc2nn(CCC(C)(C)O)cc2cc1NC(=O)c1cccc(C(F)F)n1,0.268343914,train,butina,7,,,,
CC(C)(Oc1ccc(-c2cnc(N)c(-c3ccc(Cl)cc3)c2)cc1)C(=O)O,-1.403402904,train,butina,7,,,,
CC(C)(O)CCn1cc2cc(NC(=O)c3cccc(C(F)(F)F)n3)c(C(C)(C)O)cc2n1,1.092264361,train,butina,7,,,,
CC#CC(=O)N[C@H]1CCCN(c2c(F)cc(C(N)=O)c3[nH]c(C)c(C)c23)C1,-0.639532816,train,butina,7,,,,
COc1ccc(Cl)cc1C(=O)NCCc1ccc(S(=O)(=O)NC(=O)NC2CCCCC2)cc1,-0.943095149,train,butina,7,,,,
C=CC(=O)N1CCC[C@@H](n2nc(-c3ccc(Oc4ccccc4)cc3)c3c(N)ncnc32)C1,-0.35853,train,butina,7,,,,
CC(C)NC(=O)COc1cccc(-c2nc(Nc3ccc4[nH]ncc4c3)c3ccccc3n2)c1,-0.504455662,train,butina,7,,,,
CCS(=O)(=O)N1CC(CC#N)(n2cc(-c3ncnc4[nH]ccc34)cn2)C1,2.0,train,butina,7,,,,
CCn1c(-c2nonc2N)nc2cnc(Oc3cccc(NC(=O)c4ccc(OCCN5CCOCC5)cc4)c3)cc21,-0.325138859,train,butina,7,,,,
CC1(C)CC[C@]2(NC(=O)C(C)(F)F)CC[C@]3(C)[C@H](C(=O)C=C4[C@@]3(C)CC[C@H]3C(C)(C)C(=O)C(C#N)=C[C@]43C)[C@@H]2C1,-0.055517328,train,butina,7,,,,
N#Cc1ccc2[nH]c(O)c(-c3ccc(CN4CCOCC4)cn3)c2c1,1.072507236,train,butina,7,,,,
Fc1ccc(-c2ccc3c(c2)[nH]c2ccncc23)cn1,0.640978057,train,butina,7,,,,
Nc1c(F)ccc2cnc(-n3ccc4ccncc43)cc12,0.631443769,train,butina,7,,,,
C=CC(=O)N1C[C@H](Nc2ncnc3[nH]ccc23)CC[C@@H]1C,1.74597993,train,butina,7,,,,
Cn1cc(Nc2nccc(N3CC4CCC(C3)N4C(=O)[C@@H]3CC3(F)F)n2)cn1,1.786412441,train,butina,7,,,,
[2H]C([2H])([2H])NC(=O)c1nnc(NC(=O)C2CC2)cc1Nc1cccc(-c2ncn(C)n2)c1OC,1.236577565,train,butina,7,,,,
C=CC(=O)N1CCC(CNc2ncnc(N)c2-c2ccc(Oc3ccccc3)cc2)CC1,0.901294817,train,butina,7,,,,
Nc1n[nH]cc1-c1cc(Cl)ccc1Oc1cc(F)c(S(=O)(=O)Nc2cscn2)cc1Cl,-0.08249449,train,butina,7,,,,
Cc1c(-c2c(F)cc(C(N)=O)c3[nH]c4c(c23)CC[C@H](C(C)(C)O)C4)cccc1-n1c(=O)c2cccc(F)c2n(C)c1=O,0.326540669,train,butina,7,,,,
Cn1cc(-c2cn3nccc3c(-c3cnn([C@]4(CC#N)C[C@@H](C#N)C4)c3)n2)cn1,1.364100521,train,butina,7,,,,
O=C(Nc1cccnc1)c1ccnc(NC(=O)C2CC2)c1,1.615287063,train,butina,7,,,,
O=C(c1ccc(Oc2ccccc2)cc1Cl)c1c[nH]c2ncnc(N[C@@H]3CC[C@@H](CO)OC3)c12,-0.295849483,train,butina,7,,,,
N#CC[C@H](C1CCCC1)n1cc(-c2ncnc3[nH]ccc23)cn1,1.244598701,train,butina,7,,,,
CC(C)(C)c1ccc(-c2nc3n(c(=O)c2C#N)CCS3)cc1,0.455758203,train,butina,7,,,,
C=CC(=O)Nc1cccc(Oc2nc(Nc3ccc(N4CCN(C)CC4)cc3)nc3ccsc23)c1,-0.308918508,train,butina,7,,,,
CC#CC(=O)N1CC[C@@H](n2c(=O)n(-c3ccc(Oc4ccccc4)cc3)c3c(N)ncnc32)C1,0.669595781,train,butina,7,,,,
C=CC(=O)N1CCC([C@@H]2CCNc3c(C(N)=O)c(-c4ccc(Oc5ccccc5)cc4)nn32)CC1,0.231979027,train,butina,7,,,,
C=CC(=O)N1CCC[C@H](n2c(=O)n(-c3ccc(Oc4ccccc4)cc3)c3c(N)ncnc32)C1,0.276231958,train,butina,7,,,,
CC(C)(C=C(C#N)C(=O)N1CCC[C@@H](n2nc(-c3ccc(Oc4ccccc4)cc3F)c3c(N)ncnc32)C1)N1CCN(C2COC2)CC1,0.123198075,train,butina,7,,,,
CC#CC(=O)N1CC[C@@H](n2cc(-c3ccc(Oc4c(F)cccc4F)cc3)c3c(N)n[nH]c(=O)c32)C1,-0.029188389,train,butina,7,,,,
C=CC(=O)Nc1cccc(Oc2nc(Nc3ccc(N4CCN(C)CC4)c(F)c3)nc3[nH]ccc23)c1,-0.139063379,train,butina,7,,,,
C[C@@H]1c2nnn(-c3ncc(F)cn3)c2CCN1C(=O)c1cccc(C(F)(F)F)c1Cl,1.240049772,train,butina,7,,,,
COc1ccccc1-c1cc(NC(=O)c2cccc(N3CCNC3=O)c2)[nH]n1,-0.742321425,train,butina,7,,,,
Fc1ccccc1-c1c[nH]nc1C1CCCN1Cc1ccc2ncccc2c1,0.460897843,train,butina,7,,,,
Cc1nccc(-c2cn(Cc3ccccc3)c3cnccc23)n1,1.207445854,train,butina,7,,,,
CCc1nc(C)cn2nc(-c3cc(=O)n4cc(C5CCN(C)CC5)cc(C)c4n3)cc12,0.593618308,train,butina,7,,,,
Nc1ncnc2c1c(-c1ccc(Oc3ccccc3)cc1)nn2[C@@H]1CCCNC1,0.846275242,train,butina,7,,,,
COc1nn(C)cc1C(=O)Nc1cccc(-c2cnc3n2CCC3)c1,0.685562611,train,butina,7,,,,
COc1cc(F)ccc1-c1ncnc(Nc2cccc(C[S@@](C)(=N)=O)c2)n1,1.574609941,train,butina,7,,,,
Cc1ccc(C(=O)N2CCC(Cc3ccccc3-c3ccccc3)(C(=O)N(C)C)CC2)s1,-0.590066877,train,butina,7,,,,
CCc1nc2c(C)cc(N3CCN(CC(=O)N4CC(O)C4)CC3)cn2c1N(C)c1nc(-c2ccc(F)cc2)c(C#N)s1,-0.434152181,train,butina,7,,,,
C[C@@H]1CCN(C(=O)CC#N)C[C@@H]1N(C)c1ncnc2[nH]ccc12,1.747124255,train,butina,7,,,,
CN(C)C(=O)C1(Cc2ccccc2-c2ccccc2)CCN(C(=O)C2CCCO2)CC1,1.265713811,train,butina,7,,,,
O=C1CN(c2ccc(Nc3nccc(C(F)(F)F)n3)cn2)CCN1,1.433497815,train,butina,7,,,,
O=C1NCCN(C(=O)c2ccc3nccn3c2)C1c1ccccc1C(F)(F)F,1.801527189,train,butina,7,,,,
Cc1cc(F)ccc1C1C(=O)NCCN1C(=O)c1ccc2nccn2c1,1.950724994,train,butina,7,,,,
O=C1NCCN(C(=O)c2ccncc2)C1c1ccccc1Cl,1.868168158,train,butina,7,,,,
C[C@H]1CN(C(=O)CC(c2ccccc2)c2ccccc2)C[C@@H](C)O1,0.718335579,train,butina,7,,,,
CN1[C@H]2CC[C@@H]1C[C@@H](OC(c1ccccc1)c1ccccc1)C2,1.180842415,train,butina,7,,,,
OC[C@H](Nc1cncc(-c2ccc3[nH]ncc3n2)c1)c1ccccc1,1.024690862,train,butina,7,,,,
OCC1CCCCN1Cc1ccc(Cl)c(Cl)c1,1.484982782,train,butina,7,,,,
CC(=O)N1CCN(c2nc(C(F)(F)F)nc3sc(C)c(C)c23)CC1,0.624282096,train,butina,7,,,,
COc1ccccc1C(=O)Nc1ccc2cc[nH]c2c1,0.571825249,train,butina,7,,,,
COc1ccc([C@H]2CN(C(C)=O)[C@@H]3CCCN(Cc4cccc(F)c4)[C@H]23)cc1,0.594060901,train,butina,7,,,,
Cc1c(C(=O)NCCCN(C)C)sc2ncnc(Nc3ccc(F)cc3OC(C)C)c12,0.966376423,train,butina,7,,,,
OCC1CCCCN1Cc1ccc(-c2ccccc2)cc1,1.394924244,train,butina,7,,,,
Cc1nnc(-c2ccc3occ(-c4ccc(S(C)=O)cc4)c3c2)o1,1.077985291,train,butina,7,,,,
O=C(Nc1ccc2ccccc2n1)c1ccc(N2CCOC2=O)cc1,0.069298012,train,butina,7,,,,
O=C(CCNC(=O)c1ccc(OC(F)(F)F)cc1)N[C@@H]1CCCc2ccccc21,0.630427875,train,butina,7,,,,
O=S(=O)(c1cccc2cnccc12)N1CCCNCC1,1.844321821,train,butina,7,,,,
C=CC(=O)Nc1cccc(Oc2nc(Nc3ccc(N4CCN(C)CC4)cc3)nc3ccoc23)c1,-0.208309351,train,butina,7,,,,
CCN1CCN(S(=O)(=O)Cc2ccc(Cl)c(Cl)c2)CC1,1.071845201,train,butina,7,,,,
O=C(Nc1nc2cccc(-c3ccc(CN4CCS(=O)(=O)CC4)cc3)n2n1)C1CC1,1.601853652,train,butina,7,,,,
CCn1c(CO)nn(-c2cc(O[C@@H](C)C(F)(F)F)c(C(=O)Nc3c(F)cccc3Cl)cc2F)c1=O,0.876910311,train,butina,7,,,,
CCN(C/C=C\c1ccc(C2CCCCC2)c(Cl)c1)C1CCCCC1,-0.266802735,train,butina,7,,,,
NCCN1CCN(C/C=C/C(=O)N2CCC[C@@H](n3nc(-c4ccc(Oc5ccccc5)cc4)c4c(N)ncnc43)C2)CC1,0.686814955,train,butina,7,,,,
CC/C(=C(\c1ccccc1)c1ccc(OCCN(C)C)cc1)c1ccccc1,-0.341988603,train,butina,7,,,,
COc1nn(C)cc1C(=O)Nc1cccc2cnccc12,1.58945809,train,butina,7,,,,
Cc1nc(Nc2nccs2)cc(C2CN(c3ncccn3)C2)n1,0.374565061,train,butina,7,,,,
COc1ccc(Nc2c(C#N)cnc3cc(OC)c(OC)cc23)cc1Cl,0.115943177,train,butina,7,,,,
COc1ccc(CCCN2CCN(c3cnn(C)c3)C(=O)C2)cc1F,1.308414999,train,butina,7,,,,
Cc1noc(C(C)C)c1C(=O)N1CC(C)OC(c2ccccc2)C1,1.111934276,train,butina,7,,,,
CCC1=C(C)CN(C(=O)NCCc2ccc(S(=O)(=O)NC(=O)N[C@H]3CC[C@H](C)CC3)cc2)C1=O,-1.638272164,train,butina,7,,,,
O=S(=O)(c1cccc2c(O)nccc12)N1CCCNCC1,1.990813743,train,butina,7,,,,
CN(C)C(=O)C1(Cc2ccccc2-c2cccc(F)c2)CCN(C(=O)C2CC=CCC2)CC1,0.142702246,train,butina,7,,,,
COc1ccc(CNC(=O)c2sc3nc(C)cc(C)c3c2N)cc1,-0.18243463,train,butina,7,,,,
C#C[C@@](C)(CC)NC(=O)c1cc(F)cnc1NC1CC(F)(F)C1,0.850278553,train,butina,7,,,,
Cn1cc(Nc2nc(N)nc(-c3cccc(-n4ccc5cc(C6CC6)cc(F)c5c4=O)c3CO)n2)cn1,0.581038949,train,butina,7,,,,
Cc1cnc(C(=O)NCCc2ccc(S(=O)(=O)NC(=O)NC3CCCCC3)cc2)cn1,-0.204119983,train,butina,7,,,,
CC(=O)Nc1ncc(CN2CCCC[C@@H]2C)s1,1.923109252,train,butina,7,,,,
CCOc1cc(CC(=O)N[C@@H](CC(C)C)c2ccccc2N2CCCCC2)ccc1C(=O)O,-0.063486258,train,butina,7,,,,
CC(O)(C#Cc1ccc2c(c1)N(c1nc(N)ncc1Cl)CC2)c1nccs1,0.275311355,train,butina,7,,,,
COCCc1noc(CN2CC(c3ccccc3)(c3ccccc3)CCC2=O)n1,1.25166255,train,butina,7,,,,
Cc1[nH]nc2c1C1(CCCCC1)CC(=O)N2,1.284633733,train,butina,7,,,,
Cc1oc2ccccc2c1CNc1nnc(-c2ccncc2)o1,-0.172630727,train,butina,7,,,,
C[C@@H]1Cc2ccccc2N1C(=O)Cn1nc(-c2cccc3ncccc23)oc1=O,0.360404055,train,butina,7,,,,
Nc1ncnc2c1c(-c1cnc3[nH]ccc3c1)nn2C1CCCC1,0.780605306,train,butina,7,,,,
O=C(Nc1cnccc1-c1ccc(Cl)cc1)c1ccnc(NC(=O)C2CC2)c1,0.847634344,train,butina,7,,,,
CN1C(N)=N[C@](C)(c2cc(NC(=O)c3ccc(F)cn3)ccc2F)CS1(=O)=O,1.491417728,train,butina,7,,,,
CC1CN(C(=O)c2cccnc2N2CCOCC2)CC(c2ccccc2)O1,1.555686814,train,butina,7,,,,
CCCCNC(=O)NS(=O)(=O)c1ccc(C)cc1,0.440121603,train,butina,7,,,,
Cc1cc(Nc2cnccn2)cc(C2CCCN(CC(=O)N3CCCC3)C2)n1,1.632416797,train,butina,7,,,,
Cc1cccnc1Nc1cccc(C2CCCN(CC(=O)Nc3nccs3)C2)n1,0.637289548,train,butina,7,,,,
CN(C)C(=O)C1(Cc2ccccc2-c2ccccc2)CCN(C(=O)c2cnn(C)c2)CC1,1.146840934,train,butina,7,,,,
CC1(C)CC(=O)C2=C(C1)NC(=O)CC2c1ccc(Br)cc1,0.944630702,train,butina,7,,,,
CN1CCN(S(=O)(=O)c2ccc(-c3cnc(N)c(C(=O)Nc4cccnc4)n3)cc2)CC1,0.915558115,train,butina,7,,,,
CNC(=O)C1(Cc2ccc(-c3cccnc3)cc2)CCN(Cc2ccccc2Cl)C1,0.273695588,train,butina,7,,,,
Cc1cc(N2CCCC2c2cc(CCC(=O)O)cc(C)n2)ncn1,2.0,train,butina,7,,,,
CCCNC(=O)NS(=O)(=O)c1ccc(Cl)cc1,0.628286731,train,butina,7,,,,
O=C(CN1CCCC(c2cccc(Cc3cccc(F)c3)n2)C1)N1CCCC1,0.953856298,train,butina,7,,,,
COc1cc2ncnc(Nc3cccc(O)c3)c2cc1OC,0.650307523,train,butina,7,,,,
Cc1cc(C)c2c(N)c(C(=O)NCc3ccc(Cl)cc3)sc2n1,-0.185752404,train,butina,7,,,,
COCCNC(=O)c1ccnc(C2CCNCC2)c1,2.0,train,butina,7,,,,
COc1nc2sc(C(=O)NC3CC3)c(N)c2c(C)c1Cl,0.452093249,train,butina,7,,,,
CC1(CNC(=O)c2cncc(C3CCNCC3)n2)CCCO1,1.960042456,train,butina,7,,,,
COc1cc2nc(N3CCN(C(=O)c4ccco4)CC3)nc(N)c2cc1OC,1.371880249,train,butina,7,,,,
CC(CCc1ccccc1)NCC(O)c1ccc(O)c(C(N)=O)c1,1.65850745,train,butina,7,,,,
CC1(C)Cc2cc(NC(=O)c3cnn4cccnc34)c(OCC3CC3)nc2O1,0.38219721,train,butina,7,,,,
N#Cc1cc(F)c(NS(=O)(=O)c2c[nH]c3cc(Cl)ccc23)cc1F,-0.251811973,train,butina,7,,,,
COc1cc(Cc2cnc(N)nc2N)cc(OC)c1OC,1.855513099,train,butina,7,,,,
CC(C(=O)O)c1cccc(C(=O)c2ccccc2)c1,0.047274867,train,butina,7,,,,
COc1cc2c(cc1OC)CN(CCc1ccc(NC(=O)c3cccc4c(O)c5cccc(OC)c5nc34)cc1)CC2,-1.292429824,train,butina,7,,,,
Nc1nc(=O)c2ncn(COCCO)c2[nH]1,1.850860573,train,butina,7,,,,
NCCCC[C@H](N[C@@H](CCc1ccccc1)C(=O)O)C(=O)N1CCC[C@H]1C(=O)O,2.0,train,butina,7,,,,
CCCc1nc2nc(C)c(NS(=O)(=O)c3ccc(C4CCCCC4)cc3)c(O)n2n1,-0.137272472,train,butina,7,,,,
COc1ccc([C@H]2c3[nH]c4ccc(Cl)cc4c3CCN2C(=O)Oc2ccc(Cl)cc2)cc1,1.754608223,train,butina,7,,,,
CC(=O)Nc1ccc(O)cc1,1.916985305,train,butina,7,,,,
O=C(NC1CCNCC1)c1ccc2[nH]ncc2c1,1.92695435,train,butina,7,,,,
Cc1cccc(/C=N/Nc2cc(N3CCOCC3)nc(OCCc3ccccn3)n2)c1,-0.27572413,train,butina,7,,,,
CCn1c(=O)oc2cc(NC(=O)c3ccc(C(C)(C)C)cc3)ccc21,0.180412633,train,butina,7,,,,
COc1ccc(OC[C@@H]2c3cc(OC)c(OC)cc3CCN2C(=O)c2cccc(Cl)c2)cc1,0.232233521,train,butina,7,,,,
N#Cc1ccc(COc2cccc(C3CCN(Cc4nc5ccc(C(=O)O)cc5n4C[C@@H]4CCO4)CC3)n2)c(F)c1,0.312177356,train,butina,7,,,,
CC(C)[C@H](CO)Nc1nc(Nc2cc(N)cc(Cl)c2)c2ncn(C(C)C)c2n1,-0.099086932,train,butina,7,,,,
O=C(NC1CCNCC1)c1ccc2cn[nH]c2c1,1.70808081,train,butina,7,,,,
CC(C)(C)OC(=O)N1CCCC1C(=O)N1CCC(C(=O)N[C@@H](Cc2c[nH]c3ccccc23)C(=O)O)CC1,1.842553077,train,butina,7,,,,
O=C(Nc1cccc2c(=O)cc(-c3nnn[nH]3)oc12)c1ccc(OCCCCc2ccccc2)cc1,0.77224834,train,butina,7,,,,
CC(=O)Nc1ncc(C(=O)O)s1,1.854123782,train,butina,7,,,,
Cc1cccc(-c2nc(C34CCC(C(N)=O)(CC3)CC4)[nH]c2-c2ccc3c(c2)OCO3)n1,0.21031852,train,butina,7,,,,
COc1cc2nc(-c3cc(F)ccc3O)nc(N[C@@H]3CNC[C@H]3C(C)(C)O)c2cc1OC.Cl,-0.823908741,train,butina,7,,,,
CC(C)[C@@](C)(O)[C@@H]1CN(c2nc(-c3n[nH]c4ncccc34)c(F)cc2Cl)CCN1,0.622421274,train,butina,7,,,,
CN(c1ncc(F)cn1)[C@H]1CCCNC1,2.0,test,butina,7,0.9804615028700002,1.28176370024,1.4149134794300002,1.5432224932899994
CC(C)NCC(O)COc1cccc2ccccc12,1.347759218,test,butina,7,0.7061134390799999,0.7951119095700001,1.3710683485199993,1.3221866352999998
COc1ccc(S(=O)(=O)N2CCC(N3CCC(C)CC3)CC2)cc1,1.626076768,test,butina,7,0.4800557323400004,1.1307380676600005,1.0833472832700002,1.3655652063600001
Cc1c[nH]c2nccc(Oc3c(F)cc(Nc4cc(Cl)nc(N)n4)cc3F)c12,-0.68613278,test,butina,7,0.41059489125000015,0.44281142957,0.43288516042999986,0.10302962431999996
COc1cc2c(cc1OC)CC(=O)N(CCCN(C)C[C@H]1Cc3cc(OC)c(OC)cc31)CC2,1.615139594,test,butina,7,0.5413840920199999,0.49522963919999957,0.31076900912000005,-0.013222493300000025
CCCc1cc(N2CCc3c(nc(C4CC4)n3C)C2)n2ncnc2n1,1.388207807,test,butina,7,0.79789241149,1.1358886434400004,0.69657921373,1.2352685389299998
Nc1ncc(-c2cccc(C(F)(F)F)c2)c(C2CCCCN2C(=O)c2ccccc2)n1,0.137354111,test,butina,7,1.1599261270000003,0.8145475823800002,0.7103135168499999,0.7583049874400001
O=C(Nc1cccc(-c2nncn2C2CC2)c1)c1cc(-n2cnc(C3CC3)c2)ccn1,0.611935625,test,butina,7,0.5248986665899998,0.76954868904,0.6814796833799999,0.5171461600999999
Cc1c(Cl)ccc2cc3n(c12)[C@@H](C)CNC3=O,0.696793085,test,butina,7,0.53742019336,1.1976022679300007,0.53613578306,0.8267812817300001
Cc1nnc(CN(C)CC(C)Oc2ccc(Cl)c(Cl)c2)n1C,1.114444172,test,butina,7,0.24916996773,0.7772644667400002,0.87484047374,0.7772326386599998
Cc1ncc(CN2CC[C@@H](Nc3cncc(Cl)n3)[C@@H](C)C2)s1,1.264227348,test,butina,7,0.7934243260000006,0.9116954925900003,0.8069617686499997,0.8702313034300002
CC(=O)Nc1ccc(C(=O)N2CCCCC2c2nc(N)ncc2-c2ccc(Cl)cc2)cc1,0.549861188,test,butina,7,1.52417426368,0.4471010715799999,0.4704056132800001,0.37532598133
CC(=O)Nc1ccc(C(=O)N2CCCCC2c2nc(N)ncc2-c2cccc(Cl)c2)cc1,0.584331224,test,butina,7,1.2243624568800002,0.39557324108999986,0.46507769723,0.3352789509800001
CC(C)(C)C(=O)N1CCC(Cc2ccc(-c3cccs3)cc2)(C(=O)N2CCCC2)CC1,0.008174184,test,butina,7,0.8367719573100001,0.7487675779999999,0.7080617561300002,0.01957976500999998
Cc1ncsc1C(=O)N1CCCCC1c1nc(N(C)C)ncc1-c1cccc(Cl)c1,0.021602716,test,butina,7,1.12904299138,0.5226001390900001,0.7191285916700002,0.60268061687
c1ccc(Oc2cccc(CN(CCN3CCOCC3)Cc3cccnc3)c2)cc1,0.142389466,test,butina,7,0.5017091248500003,0.5561643066800002,1.00651648672,0.4610845354499999
Nc1ncc(C(=O)NC2CN(C(=O)C3CC3)C2)c2ccc(-c3cccc(F)c3)nc12,0.38219721,test,butina,7,0.21904950970999995,0.8124441416999999,0.5088882656599998,1.1928591903799997
CC1(C)CC(Oc2ccc(-c3ccc(-c4cn[nH]c4)cc3O)nn2)CC(C)(C)N1,1.241969612,test,butina,7,0.7341144123400001,0.50726295008,0.4975404071299998,0.5537678535599998
Cc1ncsc1C(=O)N1CCCCC1c1nc(N)ncc1-c1cccc(C(F)(F)F)c1,0.86254877,test,butina,7,1.1445724538500004,0.7172722294400002,0.8103803074300001,0.7734944536100002
Cn1c(C2CC2)nc2c1CCN(c1ncnc3ccsc13)C2,1.192985379,test,butina,7,0.72224804182,1.1368033816600005,0.6595970780900001,0.8348631713100001
CNC(=O)C1(Cc2ccc(-c3ccncc3)cc2)CCN(Cc2cccc(F)c2)C1,0.715167358,test,butina,7,0.7083029197400001,0.47015841020000027,0.7024319247399999,0.60968287533
Cc1ncc(CN2CCC(Nc3ccc4nnnn4n3)C(C)C2)s1,1.579154557,test,butina,7,0.7715305311600004,1.1336393307700006,1.2110647290600003,1.4061933972100003
CN(Cc1ccccc1)C1(C(=O)N2CCNC(=O)CC2)Cc2ccccc2C1,0.912806393,test,butina,7,0.7941324373900005,1.0068031530200003,0.7680497568099998,1.5602387922600005
Cc1c(F)cccc1NC(=O)CN1[C@H]2CCCC(=O)N[C@@]2(C)C[C@H]1Cc1ccccc1,0.925312092,test,butina,7,1.0058155429,0.6976091014400001,1.06415494245,0.49838896064999993
Cc1ccc(NC(=O)CN2[C@H]3CCCC(=O)N[C@@]3(C)C[C@H]2Cc2ccccc2)cc1F,0.360971884,test,butina,7,0.8184184222800002,0.7192783356200003,0.7216715527700005,0.50529026632
COCC(=O)N1CCC(Cc2ccccc2-c2cccc(F)c2)(C(=O)NC(C)C)CC1,1.076967952,test,butina,7,0.5427430986499999,0.48020085180000016,0.6706364367400002,0.67900724413
CNC(=O)C1(Cc2ccc(-c3cccnc3)cc2)CCN(Cc2ccc(F)cc2)C1,0.918868743,test,butina,7,0.6079485796300002,0.44755697129000027,0.6396296404999997,0.6117299363800001
CNC(=O)C1(Cc2ccc(-c3cccnc3)cc2)CCN(Cc2cccc(F)c2)C1,0.531095547,test,butina,7,0.7205280993100003,0.3446426494700001,0.70557204795,0.5757683933200001
O=C1CCCC[C@@H]2[C@H](C[C@@H](Cc3ccccc3F)N2C(=O)c2cccc3ncccc23)N1,1.348966512,test,butina,7,0.3091946455999998,0.6388887874499998,1.2313861500200007,0.67544229214
O=C(Nc1cccc2ncccc12)[C@H]1CCCN(S(=O)(=O)c2ccccc2)C1,1.091666958,test,butina,7,0.95893969508,0.5019655523399998,1.2132317994599995,0.6263738054099997
Cc1cc(N2CCCC2)nc(C2CCCN(C)C2)n1,1.861522463,test,butina,7,0.7892312165800002,1.2687183910900002,1.0530557746500007,1.3657398024300005
O=C1NCCSc2c1sc1ccc(O)cc21,1.164679941,test,butina,7,0.79007409659,1.2408353139200003,0.6483007381899999,1.38457060094
CCn1cc(C(=O)O)c(=O)c2c(N)c(F)c(NC3CCCCC3)cc21,0.426673888,test,butina,7,0.31827094436000003,0.6950341305999997,0.58545282157,0.3325379494500001
CC(C)CC(NC(=O)C(O)C(N)Cc1ccccc1)C(=O)O,1.54052968,test,butina,7,1.0876352846300004,1.1781030900800002,1.5466772745100001,1.64538790729
COCCc1ccc(OCC(O)CNC(C)C)cc1,2.0,test,butina,7,0.40999594090999986,0.7686595050300004,1.3839325100400004,1.5239142036300004
C=CCc1ccccc1OCC(O)CNC(C)C,1.496029699,test,butina,7,0.7953422956299999,0.9208339857000002,0.8452600560400001,1.3956881153699996
NC(=O)C1(Cc2ccc(-c3ccncc3)cc2)CCN(C(=O)Cc2cccc(F)c2)CC1,1.058463986,test,butina,7,0.8749414694700002,0.51220645241,0.8755943844599997,0.61168340534
CNc1cc(Nc2cccn(-c3ccccn3)c2=O)nn2c(C(=O)N[C@@H]3C[C@@H]3F)cnc12,0.51851394,train,butina,8,,,,
CCOc1cc2nn(CCC(C)(C)O)cc2cc1NC(=O)c1cccc(C(F)F)n1,0.268343914,train,butina,8,,,,
CN(c1ncc(F)cn1)[C@H]1CCCNC1,2.0,train,butina,8,,,,
CC(C)(Oc1ccc(-c2cnc(N)c(-c3ccc(Cl)cc3)c2)cc1)C(=O)O,-1.403402904,train,butina,8,,,,
CC(C)(O)CCn1cc2cc(NC(=O)c3cccc(C(F)(F)F)n3)c(C(C)(C)O)cc2n1,1.092264361,train,butina,8,,,,
CC(C)NCC(O)COc1cccc2ccccc12,1.347759218,train,butina,8,,,,
COc1ccc(Cl)cc1C(=O)NCCc1ccc(S(=O)(=O)NC(=O)NC2CCCCC2)cc1,-0.943095149,train,butina,8,,,,
C=CC(=O)N1CCC[C@@H](n2nc(-c3ccc(Oc4ccccc4)cc3)c3c(N)ncnc32)C1,-0.35853,train,butina,8,,,,
CC(C)NC(=O)COc1cccc(-c2nc(Nc3ccc4[nH]ncc4c3)c3ccccc3n2)c1,-0.504455662,train,butina,8,,,,
CCS(=O)(=O)N1CC(CC#N)(n2cc(-c3ncnc4[nH]ccc34)cn2)C1,2.0,train,butina,8,,,,
COc1ccc(S(=O)(=O)N2CCC(N3CCC(C)CC3)CC2)cc1,1.626076768,train,butina,8,,,,
CCn1c(-c2nonc2N)nc2cnc(Oc3cccc(NC(=O)c4ccc(OCCN5CCOCC5)cc4)c3)cc21,-0.325138859,train,butina,8,,,,
CC1(C)CC[C@]2(NC(=O)C(C)(F)F)CC[C@]3(C)[C@H](C(=O)C=C4[C@@]3(C)CC[C@H]3C(C)(C)C(=O)C(C#N)=C[C@]43C)[C@@H]2C1,-0.055517328,train,butina,8,,,,
Cc1c[nH]c2nccc(Oc3c(F)cc(Nc4cc(Cl)nc(N)n4)cc3F)c12,-0.68613278,train,butina,8,,,,
COc1cc2c(cc1OC)CC(=O)N(CCCN(C)C[C@H]1Cc3cc(OC)c(OC)cc31)CC2,1.615139594,train,butina,8,,,,
CCCc1cc(N2CCc3c(nc(C4CC4)n3C)C2)n2ncnc2n1,1.388207807,train,butina,8,,,,
Fc1ccc(-c2ccc3c(c2)[nH]c2ccncc23)cn1,0.640978057,train,butina,8,,,,
Nc1c(F)ccc2cnc(-n3ccc4ccncc43)cc12,0.631443769,train,butina,8,,,,
C=CC(=O)N1C[C@H](Nc2ncnc3[nH]ccc23)CC[C@@H]1C,1.74597993,train,butina,8,,,,
Cn1cc(Nc2nccc(N3CC4CCC(C3)N4C(=O)[C@@H]3CC3(F)F)n2)cn1,1.786412441,train,butina,8,,,,
C=CC(=O)N1CCC(CNc2ncnc(N)c2-c2ccc(Oc3ccccc3)cc2)CC1,0.901294817,train,butina,8,,,,
O=C(Nc1cccnc1)c1ccnc(NC(=O)C2CC2)c1,1.615287063,train,butina,8,,,,
O=C(c1ccc(Oc2ccccc2)cc1Cl)c1c[nH]c2ncnc(N[C@@H]3CC[C@@H](CO)OC3)c12,-0.295849483,train,butina,8,,,,
N#CC[C@H](C1CCCC1)n1cc(-c2ncnc3[nH]ccc23)cn1,1.244598701,train,butina,8,,,,
C=CC(=O)Nc1cccc(Oc2nc(Nc3ccc(N4CCN(C)CC4)cc3)nc3ccsc23)c1,-0.308918508,train,butina,8,,,,
CC#CC(=O)N1CC[C@@H](n2c(=O)n(-c3ccc(Oc4ccccc4)cc3)c3c(N)ncnc32)C1,0.669595781,train,butina,8,,,,
C=CC(=O)N1CCC([C@@H]2CCNc3c(C(N)=O)c(-c4ccc(Oc5ccccc5)cc4)nn32)CC1,0.231979027,train,butina,8,,,,
C=CC(=O)N1CCC[C@H](n2c(=O)n(-c3ccc(Oc4ccccc4)cc3)c3c(N)ncnc32)C1,0.276231958,train,butina,8,,,,
CC(C)(C=C(C#N)C(=O)N1CCC[C@@H](n2nc(-c3ccc(Oc4ccccc4)cc3F)c3c(N)ncnc32)C1)N1CCN(C2COC2)CC1,0.123198075,train,butina,8,,,,
C=CC(=O)Nc1cccc(Oc2nc(Nc3ccc(N4CCN(C)CC4)c(F)c3)nc3[nH]ccc23)c1,-0.139063379,train,butina,8,,,,
C[C@@H]1c2nnn(-c3ncc(F)cn3)c2CCN1C(=O)c1cccc(C(F)(F)F)c1Cl,1.240049772,train,butina,8,,,,
COc1ccccc1-c1cc(NC(=O)c2cccc(N3CCNC3=O)c2)[nH]n1,-0.742321425,train,butina,8,,,,
Nc1ncc(-c2cccc(C(F)(F)F)c2)c(C2CCCCN2C(=O)c2ccccc2)n1,0.137354111,train,butina,8,,,,
O=C(Nc1cccc(-c2nncn2C2CC2)c1)c1cc(-n2cnc(C3CC3)c2)ccn1,0.611935625,train,butina,8,,,,
Fc1ccccc1-c1c[nH]nc1C1CCCN1Cc1ccc2ncccc2c1,0.460897843,train,butina,8,,,,
Cc1nccc(-c2cn(Cc3ccccc3)c3cnccc23)n1,1.207445854,train,butina,8,,,,
CCc1nc(C)cn2nc(-c3cc(=O)n4cc(C5CCN(C)CC5)cc(C)c4n3)cc12,0.593618308,train,butina,8,,,,
Cc1c(Cl)ccc2cc3n(c12)[C@@H](C)CNC3=O,0.696793085,train,butina,8,,,,
Nc1ncnc2c1c(-c1ccc(Oc3ccccc3)cc1)nn2[C@@H]1CCCNC1,0.846275242,train,butina,8,,,,
Cc1nnc(CN(C)CC(C)Oc2ccc(Cl)c(Cl)c2)n1C,1.114444172,train,butina,8,,,,
COc1nn(C)cc1C(=O)Nc1cccc(-c2cnc3n2CCC3)c1,0.685562611,train,butina,8,,,,
COc1cc(F)ccc1-c1ncnc(Nc2cccc(C[S@@](C)(=N)=O)c2)n1,1.574609941,train,butina,8,,,,
Cc1ncc(CN2CC[C@@H](Nc3cncc(Cl)n3)[C@@H](C)C2)s1,1.264227348,train,butina,8,,,,
CCc1nc2c(C)cc(N3CCN(CC(=O)N4CC(O)C4)CC3)cn2c1N(C)c1nc(-c2ccc(F)cc2)c(C#N)s1,-0.434152181,train,butina,8,,,,
C[C@@H]1CCN(C(=O)CC#N)C[C@@H]1N(C)c1ncnc2[nH]ccc12,1.747124255,train,butina,8,,,,
CC(=O)Nc1ccc(C(=O)N2CCCCC2c2nc(N)ncc2-c2ccc(Cl)cc2)cc1,0.549861188,train,butina,8,,,,
CC(=O)Nc1ccc(C(=O)N2CCCCC2c2nc(N)ncc2-c2cccc(Cl)c2)cc1,0.584331224,train,butina,8,,,,
O=C1CN(c2ccc(Nc3nccc(C(F)(F)F)n3)cn2)CCN1,1.433497815,train,butina,8,,,,
O=C1NCCN(C(=O)c2ccc3nccn3c2)C1c1ccccc1C(F)(F)F,1.801527189,train,butina,8,,,,
Cc1cc(F)ccc1C1C(=O)NCCN1C(=O)c1ccc2nccn2c1,1.950724994,train,butina,8,,,,
O=C1NCCN(C(=O)c2ccncc2)C1c1ccccc1Cl,1.868168158,train,butina,8,,,,
CC(C)(C)C(=O)N1CCC(Cc2ccc(-c3cccs3)cc2)(C(=O)N2CCCC2)CC1,0.008174184,train,butina,8,,,,
OC[C@H](Nc1cncc(-c2ccc3[nH]ncc3n2)c1)c1ccccc1,1.024690862,train,butina,8,,,,
Cc1ncsc1C(=O)N1CCCCC1c1nc(N(C)C)ncc1-c1cccc(Cl)c1,0.021602716,train,butina,8,,,,
OCC1CCCCN1Cc1ccc(Cl)c(Cl)c1,1.484982782,train,butina,8,,,,
CC(=O)N1CCN(c2nc(C(F)(F)F)nc3sc(C)c(C)c23)CC1,0.624282096,train,butina,8,,,,
COc1ccccc1C(=O)Nc1ccc2cc[nH]c2c1,0.571825249,train,butina,8,,,,
c1ccc(Oc2cccc(CN(CCN3CCOCC3)Cc3cccnc3)c2)cc1,0.142389466,train,butina,8,,,,
Cc1c(C(=O)NCCCN(C)C)sc2ncnc(Nc3ccc(F)cc3OC(C)C)c12,0.966376423,train,butina,8,,,,
OCC1CCCCN1Cc1ccc(-c2ccccc2)cc1,1.394924244,train,butina,8,,,,
Nc1ncc(C(=O)NC2CN(C(=O)C3CC3)C2)c2ccc(-c3cccc(F)c3)nc12,0.38219721,train,butina,8,,,,
CC1(C)CC(Oc2ccc(-c3ccc(-c4cn[nH]c4)cc3O)nn2)CC(C)(C)N1,1.241969612,train,butina,8,,,,
Cc1nnc(-c2ccc3occ(-c4ccc(S(C)=O)cc4)c3c2)o1,1.077985291,train,butina,8,,,,
Cc1ncsc1C(=O)N1CCCCC1c1nc(N)ncc1-c1cccc(C(F)(F)F)c1,0.86254877,train,butina,8,,,,
O=C(CCNC(=O)c1ccc(OC(F)(F)F)cc1)N[C@@H]1CCCc2ccccc21,0.630427875,train,butina,8,,,,
C=CC(=O)Nc1cccc(Oc2nc(Nc3ccc(N4CCN(C)CC4)cc3)nc3ccoc23)c1,-0.208309351,train,butina,8,,,,
CCN1CCN(S(=O)(=O)Cc2ccc(Cl)c(Cl)c2)CC1,1.071845201,train,butina,8,,,,
NCCN1CCN(C/C=C/C(=O)N2CCC[C@@H](n3nc(-c4ccc(Oc5ccccc5)cc4)c4c(N)ncnc43)C2)CC1,0.686814955,train,butina,8,,,,
Cn1c(C2CC2)nc2c1CCN(c1ncnc3ccsc13)C2,1.192985379,train,butina,8,,,,
COc1nn(C)cc1C(=O)Nc1cccc2cnccc12,1.58945809,train,butina,8,,,,
CNC(=O)C1(Cc2ccc(-c3ccncc3)cc2)CCN(Cc2cccc(F)c2)C1,0.715167358,train,butina,8,,,,
Cc1ncc(CN2CCC(Nc3ccc4nnnn4n3)C(C)C2)s1,1.579154557,train,butina,8,,,,
Cc1nc(Nc2nccs2)cc(C2CN(c3ncccn3)C2)n1,0.374565061,train,butina,8,,,,
COc1ccc(Nc2c(C#N)cnc3cc(OC)c(OC)cc23)cc1Cl,0.115943177,train,butina,8,,,,
COc1ccc(CCCN2CCN(c3cnn(C)c3)C(=O)C2)cc1F,1.308414999,train,butina,8,,,,
CN(Cc1ccccc1)C1(C(=O)N2CCNC(=O)CC2)Cc2ccccc2C1,0.912806393,train,butina,8,,,,
Cc1c(F)cccc1NC(=O)CN1[C@H]2CCCC(=O)N[C@@]2(C)C[C@H]1Cc1ccccc1,0.925312092,train,butina,8,,,,
CCC1=C(C)CN(C(=O)NCCc2ccc(S(=O)(=O)NC(=O)N[C@H]3CC[C@H](C)CC3)cc2)C1=O,-1.638272164,train,butina,8,,,,
Cc1ccc(NC(=O)CN2[C@H]3CCCC(=O)N[C@@]3(C)C[C@H]2Cc2ccccc2)cc1F,0.360971884,train,butina,8,,,,
COCC(=O)N1CCC(Cc2ccccc2-c2cccc(F)c2)(C(=O)NC(C)C)CC1,1.076967952,train,butina,8,,,,
COc1ccc(CNC(=O)c2sc3nc(C)cc(C)c3c2N)cc1,-0.18243463,train,butina,8,,,,
C#C[C@@](C)(CC)NC(=O)c1cc(F)cnc1NC1CC(F)(F)C1,0.850278553,train,butina,8,,,,
Cn1cc(Nc2nc(N)nc(-c3cccc(-n4ccc5cc(C6CC6)cc(F)c5c4=O)c3CO)n2)cn1,0.581038949,train,butina,8,,,,
Cc1cnc(C(=O)NCCc2ccc(S(=O)(=O)NC(=O)NC3CCCCC3)cc2)cn1,-0.204119983,train,butina,8,,,,
CNC(=O)C1(Cc2ccc(-c3cccnc3)cc2)CCN(Cc2ccc(F)cc2)C1,0.918868743,train,butina,8,,,,
CNC(=O)C1(Cc2ccc(-c3cccnc3)cc2)CCN(Cc2cccc(F)c2)C1,0.531095547,train,butina,8,,,,
CC(=O)Nc1ncc(CN2CCCC[C@@H]2C)s1,1.923109252,train,butina,8,,,,
O=C1CCCC[C@@H]2[C@H](C[C@@H](Cc3ccccc3F)N2C(=O)c2cccc3ncccc23)N1,1.348966512,train,butina,8,,,,
CCOc1cc(CC(=O)N[C@@H](CC(C)C)c2ccccc2N2CCCCC2)ccc1C(=O)O,-0.063486258,train,butina,8,,,,
CC(O)(C#Cc1ccc2c(c1)N(c1nc(N)ncc1Cl)CC2)c1nccs1,0.275311355,train,butina,8,,,,
COCCc1noc(CN2CC(c3ccccc3)(c3ccccc3)CCC2=O)n1,1.25166255,train,butina,8,,,,
Cc1[nH]nc2c1C1(CCCCC1)CC(=O)N2,1.284633733,train,butina,8,,,,
Cc1oc2ccccc2c1CNc1nnc(-c2ccncc2)o1,-0.172630727,train,butina,8,,,,
O=C(Nc1cccc2ncccc12)[C@H]1CCCN(S(=O)(=O)c2ccccc2)C1,1.091666958,train,butina,8,,,,
C[C@@H]1Cc2ccccc2N1C(=O)Cn1nc(-c2cccc3ncccc23)oc1=O,0.360404055,train,butina,8,,,,
Nc1ncnc2c1c(-c1cnc3[nH]ccc3c1)nn2C1CCCC1,0.780605306,train,butina,8,,,,
O=C(Nc1cnccc1-c1ccc(Cl)cc1)c1ccnc(NC(=O)C2CC2)c1,0.847634344,train,butina,8,,,,
CCCCNC(=O)NS(=O)(=O)c1ccc(C)cc1,0.440121603,train,butina,8,,,,
Cc1cc(Nc2cnccn2)cc(C2CCCN(CC(=O)N3CCCC3)C2)n1,1.632416797,train,butina,8,,,,
Cc1cccnc1Nc1cccc(C2CCCN(CC(=O)Nc3nccs3)C2)n1,0.637289548,train,butina,8,,,,
CC1(C)CC(=O)C2=C(C1)NC(=O)CC2c1ccc(Br)cc1,0.944630702,train,butina,8,,,,
CN1CCN(S(=O)(=O)c2ccc(-c3cnc(N)c(C(=O)Nc4cccnc4)n3)cc2)CC1,0.915558115,train,butina,8,,,,
CNC(=O)C1(Cc2ccc(-c3cccnc3)cc2)CCN(Cc2ccccc2Cl)C1,0.273695588,train,butina,8,,,,
CCCNC(=O)NS(=O)(=O)c1ccc(Cl)cc1,0.628286731,train,butina,8,,,,
O=C(CN1CCCC(c2cccc(Cc3cccc(F)c3)n2)C1)N1CCCC1,0.953856298,train,butina,8,,,,
COc1cc2ncnc(Nc3cccc(O)c3)c2cc1OC,0.650307523,train,butina,8,,,,
Cc1cc(C)c2c(N)c(C(=O)NCc3ccc(Cl)cc3)sc2n1,-0.185752404,train,butina,8,,,,
COCCNC(=O)c1ccnc(C2CCNCC2)c1,2.0,train,butina,8,,,,
COc1nc2sc(C(=O)NC3CC3)c(N)c2c(C)c1Cl,0.452093249,train,butina,8,,,,
CC1(CNC(=O)c2cncc(C3CCNCC3)n2)CCCO1,1.960042456,train,butina,8,,,,
Cc1cc(N2CCCC2)nc(C2CCCN(C)C2)n1,1.861522463,train,butina,8,,,,
O=C1NCCSc2c1sc1ccc(O)cc21,1.164679941,train,butina,8,,,,
CCn1cc(C(=O)O)c(=O)c2c(N)c(F)c(NC3CCCCC3)cc21,0.426673888,train,butina,8,,,,
COc1cc2nc(N3CCN(C(=O)c4ccco4)CC3)nc(N)c2cc1OC,1.371880249,train,butina,8,,,,
CC(CCc1ccccc1)NCC(O)c1ccc(O)c(C(N)=O)c1,1.65850745,train,butina,8,,,,
CC1(C)Cc2cc(NC(=O)c3cnn4cccnc34)c(OCC3CC3)nc2O1,0.38219721,train,butina,8,,,,
N#Cc1cc(F)c(NS(=O)(=O)c2c[nH]c3cc(Cl)ccc23)cc1F,-0.251811973,train,butina,8,,,,
CC(C)CC(NC(=O)C(O)C(N)Cc1ccccc1)C(=O)O,1.54052968,train,butina,8,,,,
COCCc1ccc(OCC(O)CNC(C)C)cc1,2.0,train,butina,8,,,,
COc1cc(Cc2cnc(N)nc2N)cc(OC)c1OC,1.855513099,train,butina,8,,,,
CC(C(=O)O)c1cccc(C(=O)c2ccccc2)c1,0.047274867,train,butina,8,,,,
COc1cc2c(cc1OC)CN(CCc1ccc(NC(=O)c3cccc4c(O)c5cccc(OC)c5nc34)cc1)CC2,-1.292429824,train,butina,8,,,,
C=CCc1ccccc1OCC(O)CNC(C)C,1.496029699,train,butina,8,,,,
Nc1nc(=O)c2ncn(COCCO)c2[nH]1,1.850860573,train,butina,8,,,,
NCCCC[C@H](N[C@@H](CCc1ccccc1)C(=O)O)C(=O)N1CCC[C@H]1C(=O)O,2.0,train,butina,8,,,,
COc1ccc([C@H]2c3[nH]c4ccc(Cl)cc4c3CCN2C(=O)Oc2ccc(Cl)cc2)cc1,1.754608223,train,butina,8,,,,
NC(=O)C1(Cc2ccc(-c3ccncc3)cc2)CCN(C(=O)Cc2cccc(F)c2)CC1,1.058463986,train,butina,8,,,,
CC(=O)Nc1ccc(O)cc1,1.916985305,train,butina,8,,,,
O=C(NC1CCNCC1)c1ccc2[nH]ncc2c1,1.92695435,train,butina,8,,,,
Cc1cccc(/C=N/Nc2cc(N3CCOCC3)nc(OCCc3ccccn3)n2)c1,-0.27572413,train,butina,8,,,,
CCn1c(=O)oc2cc(NC(=O)c3ccc(C(C)(C)C)cc3)ccc21,0.180412633,train,butina,8,,,,
COc1ccc(OC[C@@H]2c3cc(OC)c(OC)cc3CCN2C(=O)c2cccc(Cl)c2)cc1,0.232233521,train,butina,8,,,,
N#Cc1ccc(COc2cccc(C3CCN(Cc4nc5ccc(C(=O)O)cc5n4C[C@@H]4CCO4)CC3)n2)c(F)c1,0.312177356,train,butina,8,,,,
O=C(NC1CCNCC1)c1ccc2cn[nH]c2c1,1.70808081,train,butina,8,,,,
O=C(Nc1cccc2c(=O)cc(-c3nnn[nH]3)oc12)c1ccc(OCCCCc2ccccc2)cc1,0.77224834,train,butina,8,,,,
CC(=O)Nc1ncc(C(=O)O)s1,1.854123782,train,butina,8,,,,
Cc1cccc(-c2nc(C34CCC(C(N)=O)(CC3)CC4)[nH]c2-c2ccc3c(c2)OCO3)n1,0.21031852,train,butina,8,,,,
COc1cc2nc(-c3cc(F)ccc3O)nc(N[C@@H]3CNC[C@H]3C(C)(C)O)c2cc1OC.Cl,-0.823908741,train,butina,8,,,,
CC(C)[C@@](C)(O)[C@@H]1CN(c2nc(-c3n[nH]c4ncccc34)c(F)cc2Cl)CCN1,0.622421274,train,butina,8,,,,
CC#CC(=O)N[C@H]1CCCN(c2c(F)cc(C(N)=O)c3[nH]c(C)c(C)c23)C1,-0.639532816,test,butina,8,0.95090194634,1.1168099467600006,0.6199140206599999,1.1753219750400004
N#Cc1ccc2[nH]c(O)c(-c3ccc(CN4CCOCC4)cn3)c2c1,1.072507236,test,butina,8,0.7911888069400002,0.7832672113800004,0.35632158064999986,1.2372332235199996
[2H]C([2H])([2H])NC(=O)c1nnc(NC(=O)C2CC2)cc1Nc1cccc(-c2ncn(C)n2)c1OC,1.236577565,test,butina,8,0.9061207128399998,0.45495346747999976,0.53692038524,0.9777135426600002
Nc1n[nH]cc1-c1cc(Cl)ccc1Oc1cc(F)c(S(=O)(=O)Nc2cscn2)cc1Cl,-0.08249449,test,butina,8,0.24764908809000005,0.23916253635999996,0.51446239737,-0.06430637506999998
Cc1c(-c2c(F)cc(C(N)=O)c3[nH]c4c(c23)CC[C@H](C(C)(C)O)C4)cccc1-n1c(=O)c2cccc(F)c2n(C)c1=O,0.326540669,test,butina,8,0.4464703722700001,0.25801860224999995,0.42347021735999996,-0.050529043940000004
Cn1cc(-c2cn3nccc3c(-c3cnn([C@]4(CC#N)C[C@@H](C#N)C4)c3)n2)cn1,1.364100521,test,butina,8,0.8644289877100003,0.8007186907800004,0.68419210552,1.0537699559199998
CC(C)(C)c1ccc(-c2nc3n(c(=O)c2C#N)CCS3)cc1,0.455758203,test,butina,8,0.6120497738699996,0.7932620154099999,0.5793123012900001,0.7383850041099999
CC#CC(=O)N1CC[C@@H](n2cc(-c3ccc(Oc4c(F)cccc4F)cc3)c3c(N)n[nH]c(=O)c32)C1,-0.029188389,test,butina,8,0.3614776833400001,0.27553547751,0.3444466159299999,0.21028737186000002
Cc1ccc(C(=O)N2CCC(Cc3ccccc3-c3ccccc3)(C(=O)N(C)C)CC2)s1,-0.590066877,test,butina,8,0.8278645536799997,0.29939532403999997,0.5626687827799997,0.5053739792099994
CN(C)C(=O)C1(Cc2ccccc2-c2ccccc2)CCN(C(=O)C2CCCO2)CC1,1.265713811,test,butina,8,0.7945274485199997,0.4203874829899999,0.8558921353200002,0.81924248587
C[C@H]1CN(C(=O)CC(c2ccccc2)c2ccccc2)C[C@@H](C)O1,0.718335579,test,butina,8,1.254777239190001,1.0153676147900002,0.6172247552699999,1.0798210776800004
CN1[C@H]2CC[C@@H]1C[C@@H](OC(c1ccccc1)c1ccccc1)C2,1.180842415,test,butina,8,1.2738031017000009,1.0679826849900005,0.7392457462099999,1.0151492405500004
COc1ccc([C@H]2CN(C(C)=O)[C@@H]3CCCN(Cc4cccc(F)c4)[C@H]23)cc1,0.594060901,test,butina,8,0.7244846560799998,0.94848990675,0.5293229386699998,0.9651632356700002
O=C(Nc1ccc2ccccc2n1)c1ccc(N2CCOC2=O)cc1,0.069298012,test,butina,8,1.0121541537300005,0.67328070713,0.5276722801299998,0.47552755709000005
O=S(=O)(c1cccc2cnccc12)N1CCCNCC1,1.844321821,test,butina,8,1.02689613812,1.2187138447399999,1.3203820308600003,1.5276139351499995
O=C(Nc1nc2cccc(-c3ccc(CN4CCS(=O)(=O)CC4)cc3)n2n1)C1CC1,1.601853652,test,butina,8,0.88857745002,0.7444989884299998,0.21940605771999994,0.8839223915100003
CCn1c(CO)nn(-c2cc(O[C@@H](C)C(F)(F)F)c(C(=O)Nc3c(F)cccc3Cl)cc2F)c1=O,0.876910311,test,butina,8,0.7175438403800003,0.15157770089,0.2779827441399999,0.08463511888999997
CCN(C/C=C\c1ccc(C2CCCCC2)c(Cl)c1)C1CCCCC1,-0.266802735,test,butina,8,1.0171989722100003,0.98205220255,0.7382967333600001,0.7328620227999998
CC/C(=C(\c1ccccc1)c1ccc(OCCN(C)C)cc1)c1ccccc1,-0.341988603,test,butina,8,0.8885958012600002,0.39951295882999993,0.6189485633099996,0.3890359623099999
Cc1noc(C(C)C)c1C(=O)N1CC(C)OC(c2ccccc2)C1,1.111934276,test,butina,8,1.0175114926200002,0.9467208513300004,1.27582576586,0.9279561268100004
O=S(=O)(c1cccc2c(O)nccc12)N1CCCNCC1,1.990813743,test,butina,8,0.9357335108299998,1.0977948539299998,1.24360819474,1.6173686675199996
CN(C)C(=O)C1(Cc2ccccc2-c2cccc(F)c2)CCN(C(=O)C2CC=CCC2)CC1,0.142702246,test,butina,8,0.40796294536,0.47660331709999987,0.47617939859999986,0.5685699584899995
CN1C(N)=N[C@](C)(c2cc(NC(=O)c3ccc(F)cn3)ccc2F)CS1(=O)=O,1.491417728,test,butina,8,0.9785300947200003,1.0236046257100002,0.5589739240199999,0.9922700262099998
CC1CN(C(=O)c2cccnc2N2CCOCC2)CC(c2ccccc2)O1,1.555686814,test,butina,8,0.9394167654500001,0.9224719159399999,1.4606188704700005,1.335891355770001
CN(C)C(=O)C1(Cc2ccccc2-c2ccccc2)CCN(C(=O)c2cnn(C)c2)CC1,1.146840934,test,butina,8,0.96789080547,0.4230603418799999,0.7905739703499998,0.7641848629300003
Cc1cc(N2CCCC2c2cc(CCC(=O)O)cc(C)n2)ncn1,2.0,test,butina,8,1.3587102485600004,1.4274220288300004,1.0226795903500001,0.8207869848700002
CCCc1nc2nc(C)c(NS(=O)(=O)c3ccc(C4CCCCC4)cc3)c(O)n2n1,-0.137272472,test,butina,8,1.1473300228000003,0.5811153453000001,0.3648807839199999,0.5966239776999998
CC(C)[C@H](CO)Nc1nc(Nc2cc(N)cc(Cl)c2)c2ncn(C(C)C)c2n1,-0.099086932,test,butina,8,0.9016866280000007,0.5203595585499998,0.43895425611,0.17992678862000003
CC(C)(C)OC(=O)N1CCCC1C(=O)N1CCC(C(=O)N[C@@H](Cc2c[nH]c3ccccc23)C(=O)O)CC1,1.842553077,test,butina,8,0.8446244644099998,0.56885578472,0.72956079312,-0.06201869780999998
CNc1cc(Nc2cccn(-c3ccccn3)c2=O)nn2c(C(=O)N[C@@H]3C[C@@H]3F)cnc12,0.51851394,train,butina,9,,,,
CN(c1ncc(F)cn1)[C@H]1CCCNC1,2.0,train,butina,9,,,,
CC(C)(Oc1ccc(-c2cnc(N)c(-c3ccc(Cl)cc3)c2)cc1)C(=O)O,-1.403402904,train,butina,9,,,,
CC#CC(=O)N[C@H]1CCCN(c2c(F)cc(C(N)=O)c3[nH]c(C)c(C)c23)C1,-0.639532816,train,butina,9,,,,
CC(C)NCC(O)COc1cccc2ccccc12,1.347759218,train,butina,9,,,,
COc1ccc(Cl)cc1C(=O)NCCc1ccc(S(=O)(=O)NC(=O)NC2CCCCC2)cc1,-0.943095149,train,butina,9,,,,
C=CC(=O)N1CCC[C@@H](n2nc(-c3ccc(Oc4ccccc4)cc3)c3c(N)ncnc32)C1,-0.35853,train,butina,9,,,,
CC(C)NC(=O)COc1cccc(-c2nc(Nc3ccc4[nH]ncc4c3)c3ccccc3n2)c1,-0.504455662,train,butina,9,,,,
CCS(=O)(=O)N1CC(CC#N)(n2cc(-c3ncnc4[nH]ccc34)cn2)C1,2.0,train,butina,9,,,,
COc1ccc(S(=O)(=O)N2CCC(N3CCC(C)CC3)CC2)cc1,1.626076768,train,butina,9,,,,
CCn1c(-c2nonc2N)nc2cnc(Oc3cccc(NC(=O)c4ccc(OCCN5CCOCC5)cc4)c3)cc21,-0.325138859,train,butina,9,,,,
CC1(C)CC[C@]2(NC(=O)C(C)(F)F)CC[C@]3(C)[C@H](C(=O)C=C4[C@@]3(C)CC[C@H]3C(C)(C)C(=O)C(C#N)=C[C@]43C)[C@@H]2C1,-0.055517328,train,butina,9,,,,
Cc1c[nH]c2nccc(Oc3c(F)cc(Nc4cc(Cl)nc(N)n4)cc3F)c12,-0.68613278,train,butina,9,,,,
COc1cc2c(cc1OC)CC(=O)N(CCCN(C)C[C@H]1Cc3cc(OC)c(OC)cc31)CC2,1.615139594,train,butina,9,,,,
N#Cc1ccc2[nH]c(O)c(-c3ccc(CN4CCOCC4)cn3)c2c1,1.072507236,train,butina,9,,,,
CCCc1cc(N2CCc3c(nc(C4CC4)n3C)C2)n2ncnc2n1,1.388207807,train,butina,9,,,,
Nc1c(F)ccc2cnc(-n3ccc4ccncc43)cc12,0.631443769,train,butina,9,,,,
C=CC(=O)N1C[C@H](Nc2ncnc3[nH]ccc23)CC[C@@H]1C,1.74597993,train,butina,9,,,,
Cn1cc(Nc2nccc(N3CC4CCC(C3)N4C(=O)[C@@H]3CC3(F)F)n2)cn1,1.786412441,train,butina,9,,,,
[2H]C([2H])([2H])NC(=O)c1nnc(NC(=O)C2CC2)cc1Nc1cccc(-c2ncn(C)n2)c1OC,1.236577565,train,butina,9,,,,
C=CC(=O)N1CCC(CNc2ncnc(N)c2-c2ccc(Oc3ccccc3)cc2)CC1,0.901294817,train,butina,9,,,,
Nc1n[nH]cc1-c1cc(Cl)ccc1Oc1cc(F)c(S(=O)(=O)Nc2cscn2)cc1Cl,-0.08249449,train,butina,9,,,,
Cc1c(-c2c(F)cc(C(N)=O)c3[nH]c4c(c23)CC[C@H](C(C)(C)O)C4)cccc1-n1c(=O)c2cccc(F)c2n(C)c1=O,0.326540669,train,butina,9,,,,
Cn1cc(-c2cn3nccc3c(-c3cnn([C@]4(CC#N)C[C@@H](C#N)C4)c3)n2)cn1,1.364100521,train,butina,9,,,,
O=C(Nc1cccnc1)c1ccnc(NC(=O)C2CC2)c1,1.615287063,train,butina,9,,,,
O=C(c1ccc(Oc2ccccc2)cc1Cl)c1c[nH]c2ncnc(N[C@@H]3CC[C@@H](CO)OC3)c12,-0.295849483,train,butina,9,,,,
N#CC[C@H](C1CCCC1)n1cc(-c2ncnc3[nH]ccc23)cn1,1.244598701,train,butina,9,,,,
CC(C)(C)c1ccc(-c2nc3n(c(=O)c2C#N)CCS3)cc1,0.455758203,train,butina,9,,,,
C=CC(=O)Nc1cccc(Oc2nc(Nc3ccc(N4CCN(C)CC4)cc3)nc3ccsc23)c1,-0.308918508,train,butina,9,,,,
CC#CC(=O)N1CC[C@@H](n2c(=O)n(-c3ccc(Oc4ccccc4)cc3)c3c(N)ncnc32)C1,0.669595781,train,butina,9,,,,
C=CC(=O)N1CCC([C@@H]2CCNc3c(C(N)=O)c(-c4ccc(Oc5ccccc5)cc4)nn32)CC1,0.231979027,train,butina,9,,,,
C=CC(=O)N1CCC[C@H](n2c(=O)n(-c3ccc(Oc4ccccc4)cc3)c3c(N)ncnc32)C1,0.276231958,train,butina,9,,,,
CC(C)(C=C(C#N)C(=O)N1CCC[C@@H](n2nc(-c3ccc(Oc4ccccc4)cc3F)c3c(N)ncnc32)C1)N1CCN(C2COC2)CC1,0.123198075,train,butina,9,,,,
CC#CC(=O)N1CC[C@@H](n2cc(-c3ccc(Oc4c(F)cccc4F)cc3)c3c(N)n[nH]c(=O)c32)C1,-0.029188389,train,butina,9,,,,
C=CC(=O)Nc1cccc(Oc2nc(Nc3ccc(N4CCN(C)CC4)c(F)c3)nc3[nH]ccc23)c1,-0.139063379,train,butina,9,,,,
COc1ccccc1-c1cc(NC(=O)c2cccc(N3CCNC3=O)c2)[nH]n1,-0.742321425,train,butina,9,,,,
Nc1ncc(-c2cccc(C(F)(F)F)c2)c(C2CCCCN2C(=O)c2ccccc2)n1,0.137354111,train,butina,9,,,,
O=C(Nc1cccc(-c2nncn2C2CC2)c1)c1cc(-n2cnc(C3CC3)c2)ccn1,0.611935625,train,butina,9,,,,
Cc1nccc(-c2cn(Cc3ccccc3)c3cnccc23)n1,1.207445854,train,butina,9,,,,
CCc1nc(C)cn2nc(-c3cc(=O)n4cc(C5CCN(C)CC5)cc(C)c4n3)cc12,0.593618308,train,butina,9,,,,
Cc1c(Cl)ccc2cc3n(c12)[C@@H](C)CNC3=O,0.696793085,train,butina,9,,,,
Nc1ncnc2c1c(-c1ccc(Oc3ccccc3)cc1)nn2[C@@H]1CCCNC1,0.846275242,train,butina,9,,,,
Cc1nnc(CN(C)CC(C)Oc2ccc(Cl)c(Cl)c2)n1C,1.114444172,train,butina,9,,,,
COc1nn(C)cc1C(=O)Nc1cccc(-c2cnc3n2CCC3)c1,0.685562611,train,butina,9,,,,
COc1cc(F)ccc1-c1ncnc(Nc2cccc(C[S@@](C)(=N)=O)c2)n1,1.574609941,train,butina,9,,,,
Cc1ncc(CN2CC[C@@H](Nc3cncc(Cl)n3)[C@@H](C)C2)s1,1.264227348,train,butina,9,,,,
Cc1ccc(C(=O)N2CCC(Cc3ccccc3-c3ccccc3)(C(=O)N(C)C)CC2)s1,-0.590066877,train,butina,9,,,,
CCc1nc2c(C)cc(N3CCN(CC(=O)N4CC(O)C4)CC3)cn2c1N(C)c1nc(-c2ccc(F)cc2)c(C#N)s1,-0.434152181,train,butina,9,,,,
C[C@@H]1CCN(C(=O)CC#N)C[C@@H]1N(C)c1ncnc2[nH]ccc12,1.747124255,train,butina,9,,,,
CN(C)C(=O)C1(Cc2ccccc2-c2ccccc2)CCN(C(=O)C2CCCO2)CC1,1.265713811,train,butina,9,,,,
CC(=O)Nc1ccc(C(=O)N2CCCCC2c2nc(N)ncc2-c2ccc(Cl)cc2)cc1,0.549861188,train,butina,9,,,,
CC(=O)Nc1ccc(C(=O)N2CCCCC2c2nc(N)ncc2-c2cccc(Cl)c2)cc1,0.584331224,train,butina,9,,,,
O=C1CN(c2ccc(Nc3nccc(C(F)(F)F)n3)cn2)CCN1,1.433497815,train,butina,9,,,,
C[C@H]1CN(C(=O)CC(c2ccccc2)c2ccccc2)C[C@@H](C)O1,0.718335579,train,butina,9,,,,
CN1[C@H]2CC[C@@H]1C[C@@H](OC(c1ccccc1)c1ccccc1)C2,1.180842415,train,butina,9,,,,
CC(C)(C)C(=O)N1CCC(Cc2ccc(-c3cccs3)cc2)(C(=O)N2CCCC2)CC1,0.008174184,train,butina,9,,,,
Cc1ncsc1C(=O)N1CCCCC1c1nc(N(C)C)ncc1-c1cccc(Cl)c1,0.021602716,train,butina,9,,,,
OCC1CCCCN1Cc1ccc(Cl)c(Cl)c1,1.484982782,train,butina,9,,,,
COc1ccccc1C(=O)Nc1ccc2cc[nH]c2c1,0.571825249,train,butina,9,,,,
c1ccc(Oc2cccc(CN(CCN3CCOCC3)Cc3cccnc3)c2)cc1,0.142389466,train,butina,9,,,,
COc1ccc([C@H]2CN(C(C)=O)[C@@H]3CCCN(Cc4cccc(F)c4)[C@H]23)cc1,0.594060901,train,butina,9,,,,
Cc1c(C(=O)NCCCN(C)C)sc2ncnc(Nc3ccc(F)cc3OC(C)C)c12,0.966376423,train,butina,9,,,,
OCC1CCCCN1Cc1ccc(-c2ccccc2)cc1,1.394924244,train,butina,9,,,,
Nc1ncc(C(=O)NC2CN(C(=O)C3CC3)C2)c2ccc(-c3cccc(F)c3)nc12,0.38219721,train,butina,9,,,,
CC1(C)CC(Oc2ccc(-c3ccc(-c4cn[nH]c4)cc3O)nn2)CC(C)(C)N1,1.241969612,train,butina,9,,,,
Cc1nnc(-c2ccc3occ(-c4ccc(S(C)=O)cc4)c3c2)o1,1.077985291,train,butina,9,,,,
Cc1ncsc1C(=O)N1CCCCC1c1nc(N)ncc1-c1cccc(C(F)(F)F)c1,0.86254877,train,butina,9,,,,
O=C(Nc1ccc2ccccc2n1)c1ccc(N2CCOC2=O)cc1,0.069298012,train,butina,9,,,,
O=C(CCNC(=O)c1ccc(OC(F)(F)F)cc1)N[C@@H]1CCCc2ccccc21,0.630427875,train,butina,9,,,,
O=S(=O)(c1cccc2cnccc12)N1CCCNCC1,1.844321821,train,butina,9,,,,
C=CC(=O)Nc1cccc(Oc2nc(Nc3ccc(N4CCN(C)CC4)cc3)nc3ccoc23)c1,-0.208309351,train,butina,9,,,,
CCN1CCN(S(=O)(=O)Cc2ccc(Cl)c(Cl)c2)CC1,1.071845201,train,butina,9,,,,
O=C(Nc1nc2cccc(-c3ccc(CN4CCS(=O)(=O)CC4)cc3)n2n1)C1CC1,1.601853652,train,butina,9,,,,
CCn1c(CO)nn(-c2cc(O[C@@H](C)C(F)(F)F)c(C(=O)Nc3c(F)cccc3Cl)cc2F)c1=O,0.876910311,train,butina,9,,,,
CCN(C/C=C\c1ccc(C2CCCCC2)c(Cl)c1)C1CCCCC1,-0.266802735,train,butina,9,,,,
NCCN1CCN(C/C=C/C(=O)N2CCC[C@@H](n3nc(-c4ccc(Oc5ccccc5)cc4)c4c(N)ncnc43)C2)CC1,0.686814955,train,butina,9,,,,
Cn1c(C2CC2)nc2c1CCN(c1ncnc3ccsc13)C2,1.192985379,train,butina,9,,,,
CC/C(=C(\c1ccccc1)c1ccc(OCCN(C)C)cc1)c1ccccc1,-0.341988603,train,butina,9,,,,
COc1nn(C)cc1C(=O)Nc1cccc2cnccc12,1.58945809,train,butina,9,,,,
CNC(=O)C1(Cc2ccc(-c3ccncc3)cc2)CCN(Cc2cccc(F)c2)C1,0.715167358,train,butina,9,,,,
Cc1ncc(CN2CCC(Nc3ccc4nnnn4n3)C(C)C2)s1,1.579154557,train,butina,9,,,,
Cc1nc(Nc2nccs2)cc(C2CN(c3ncccn3)C2)n1,0.374565061,train,butina,9,,,,
COc1ccc(CCCN2CCN(c3cnn(C)c3)C(=O)C2)cc1F,1.308414999,train,butina,9,,,,
Cc1noc(C(C)C)c1C(=O)N1CC(C)OC(c2ccccc2)C1,1.111934276,train,butina,9,,,,
CN(Cc1ccccc1)C1(C(=O)N2CCNC(=O)CC2)Cc2ccccc2C1,0.912806393,train,butina,9,,,,
Cc1c(F)cccc1NC(=O)CN1[C@H]2CCCC(=O)N[C@@]2(C)C[C@H]1Cc1ccccc1,0.925312092,train,butina,9,,,,
CCC1=C(C)CN(C(=O)NCCc2ccc(S(=O)(=O)NC(=O)N[C@H]3CC[C@H](C)CC3)cc2)C1=O,-1.638272164,train,butina,9,,,,
O=S(=O)(c1cccc2c(O)nccc12)N1CCCNCC1,1.990813743,train,butina,9,,,,
Cc1ccc(NC(=O)CN2[C@H]3CCCC(=O)N[C@@]3(C)C[C@H]2Cc2ccccc2)cc1F,0.360971884,train,butina,9,,,,
CN(C)C(=O)C1(Cc2ccccc2-c2cccc(F)c2)CCN(C(=O)C2CC=CCC2)CC1,0.142702246,train,butina,9,,,,
COCC(=O)N1CCC(Cc2ccccc2-c2cccc(F)c2)(C(=O)NC(C)C)CC1,1.076967952,train,butina,9,,,,
C#C[C@@](C)(CC)NC(=O)c1cc(F)cnc1NC1CC(F)(F)C1,0.850278553,train,butina,9,,,,
Cn1cc(Nc2nc(N)nc(-c3cccc(-n4ccc5cc(C6CC6)cc(F)c5c4=O)c3CO)n2)cn1,0.581038949,train,butina,9,,,,
Cc1cnc(C(=O)NCCc2ccc(S(=O)(=O)NC(=O)NC3CCCCC3)cc2)cn1,-0.204119983,train,butina,9,,,,
CNC(=O)C1(Cc2ccc(-c3cccnc3)cc2)CCN(Cc2ccc(F)cc2)C1,0.918868743,train,butina,9,,,,
CNC(=O)C1(Cc2ccc(-c3cccnc3)cc2)CCN(Cc2cccc(F)c2)C1,0.531095547,train,butina,9,,,,
O=C1CCCC[C@@H]2[C@H](C[C@@H](Cc3ccccc3F)N2C(=O)c2cccc3ncccc23)N1,1.348966512,train,butina,9,,,,
CC(O)(C#Cc1ccc2c(c1)N(c1nc(N)ncc1Cl)CC2)c1nccs1,0.275311355,train,butina,9,,,,
COCCc1noc(CN2CC(c3ccccc3)(c3ccccc3)CCC2=O)n1,1.25166255,train,butina,9,,,,
Cc1[nH]nc2c1C1(CCCCC1)CC(=O)N2,1.284633733,train,butina,9,,,,
O=C(Nc1cccc2ncccc12)[C@H]1CCCN(S(=O)(=O)c2ccccc2)C1,1.091666958,train,butina,9,,,,
C[C@@H]1Cc2ccccc2N1C(=O)Cn1nc(-c2cccc3ncccc23)oc1=O,0.360404055,train,butina,9,,,,
Nc1ncnc2c1c(-c1cnc3[nH]ccc3c1)nn2C1CCCC1,0.780605306,train,butina,9,,,,
O=C(Nc1cnccc1-c1ccc(Cl)cc1)c1ccnc(NC(=O)C2CC2)c1,0.847634344,train,butina,9,,,,
CN1C(N)=N[C@](C)(c2cc(NC(=O)c3ccc(F)cn3)ccc2F)CS1(=O)=O,1.491417728,train,butina,9,,,,
CC1CN(C(=O)c2cccnc2N2CCOCC2)CC(c2ccccc2)O1,1.555686814,train,butina,9,,,,
CCCCNC(=O)NS(=O)(=O)c1ccc(C)cc1,0.440121603,train,butina,9,,,,
Cc1cc(Nc2cnccn2)cc(C2CCCN(CC(=O)N3CCCC3)C2)n1,1.632416797,train,butina,9,,,,
Cc1cccnc1Nc1cccc(C2CCCN(CC(=O)Nc3nccs3)C2)n1,0.637289548,train,butina,9,,,,
CN(C)C(=O)C1(Cc2ccccc2-c2ccccc2)CCN(C(=O)c2cnn(C)c2)CC1,1.146840934,train,butina,9,,,,
CC1(C)CC(=O)C2=C(C1)NC(=O)CC2c1ccc(Br)cc1,0.944630702,train,butina,9,,,,
Cc1cc(N2CCCC2c2cc(CCC(=O)O)cc(C)n2)ncn1,2.0,train,butina,9,,,,
CCCNC(=O)NS(=O)(=O)c1ccc(Cl)cc1,0.628286731,train,butina,9,,,,
O=C(CN1CCCC(c2cccc(Cc3cccc(F)c3)n2)C1)N1CCCC1,0.953856298,train,butina,9,,,,
CC1(CNC(=O)c2cncc(C3CCNCC3)n2)CCCO1,1.960042456,train,butina,9,,,,
Cc1cc(N2CCCC2)nc(C2CCCN(C)C2)n1,1.861522463,train,butina,9,,,,
O=C1NCCSc2c1sc1ccc(O)cc21,1.164679941,train,butina,9,,,,
CCn1cc(C(=O)O)c(=O)c2c(N)c(F)c(NC3CCCCC3)cc21,0.426673888,train,butina,9,,,,
COc1cc2nc(N3CCN(C(=O)c4ccco4)CC3)nc(N)c2cc1OC,1.371880249,train,butina,9,,,,
CC(CCc1ccccc1)NCC(O)c1ccc(O)c(C(N)=O)c1,1.65850745,train,butina,9,,,,
CC1(C)Cc2cc(NC(=O)c3cnn4cccnc34)c(OCC3CC3)nc2O1,0.38219721,train,butina,9,,,,
CC(C)CC(NC(=O)C(O)C(N)Cc1ccccc1)C(=O)O,1.54052968,train,butina,9,,,,
COCCc1ccc(OCC(O)CNC(C)C)cc1,2.0,train,butina,9,,,,
COc1cc(Cc2cnc(N)nc2N)cc(OC)c1OC,1.855513099,train,butina,9,,,,
CC(C(=O)O)c1cccc(C(=O)c2ccccc2)c1,0.047274867,train,butina,9,,,,
COc1cc2c(cc1OC)CN(CCc1ccc(NC(=O)c3cccc4c(O)c5cccc(OC)c5nc34)cc1)CC2,-1.292429824,train,butina,9,,,,
C=CCc1ccccc1OCC(O)CNC(C)C,1.496029699,train,butina,9,,,,
NCCCC[C@H](N[C@@H](CCc1ccccc1)C(=O)O)C(=O)N1CCC[C@H]1C(=O)O,2.0,train,butina,9,,,,
CCCc1nc2nc(C)c(NS(=O)(=O)c3ccc(C4CCCCC4)cc3)c(O)n2n1,-0.137272472,train,butina,9,,,,
NC(=O)C1(Cc2ccc(-c3ccncc3)cc2)CCN(C(=O)Cc2cccc(F)c2)CC1,1.058463986,train,butina,9,,,,
COc1ccc(OC[C@@H]2c3cc(OC)c(OC)cc3CCN2C(=O)c2cccc(Cl)c2)cc1,0.232233521,train,butina,9,,,,
CC(C)[C@H](CO)Nc1nc(Nc2cc(N)cc(Cl)c2)c2ncn(C(C)C)c2n1,-0.099086932,train,butina,9,,,,
CC(C)(C)OC(=O)N1CCCC1C(=O)N1CCC(C(=O)N[C@@H](Cc2c[nH]c3ccccc23)C(=O)O)CC1,1.842553077,train,butina,9,,,,
O=C(Nc1cccc2c(=O)cc(-c3nnn[nH]3)oc12)c1ccc(OCCCCc2ccccc2)cc1,0.77224834,train,butina,9,,,,
COc1cc2nc(-c3cc(F)ccc3O)nc(N[C@@H]3CNC[C@H]3C(C)(C)O)c2cc1OC.Cl,-0.823908741,train,butina,9,,,,
CC(C)[C@@](C)(O)[C@@H]1CN(c2nc(-c3n[nH]c4ncccc34)c(F)cc2Cl)CCN1,0.622421274,train,butina,9,,,,
CCOc1cc2nn(CCC(C)(C)O)cc2cc1NC(=O)c1cccc(C(F)F)n1,0.268343914,test,butina,9,1.0261336285600007,0.5374266485300001,0.8777157706100003,0.5343506326700002
CC(C)(O)CCn1cc2cc(NC(=O)c3cccc(C(F)(F)F)n3)c(C(C)(C)O)cc2n1,1.092264361,test,butina,9,1.0877548101600008,0.5396961210300001,0.06486567541999994,0.49952922920000026
Fc1ccc(-c2ccc3c(c2)[nH]c2ccncc23)cn1,0.640978057,test,butina,9,0.9490706023600006,0.7566598814000001,0.7392358705599997,0.6671551404199999
C[C@@H]1c2nnn(-c3ncc(F)cn3)c2CCN1C(=O)c1cccc(C(F)(F)F)c1Cl,1.240049772,test,butina,9,0.4753898960500001,0.6860251035899998,0.9184800186500002,0.7024316793800002
Fc1ccccc1-c1c[nH]nc1C1CCCN1Cc1ccc2ncccc2c1,0.460897843,test,butina,9,0.8756552958799999,0.6852145327299997,0.8005414692400002,0.19991410695999995
O=C1NCCN(C(=O)c2ccc3nccn3c2)C1c1ccccc1C(F)(F)F,1.801527189,test,butina,9,0.8430373619200004,0.9262593867999998,1.28372208032,0.9178162720000003
Cc1cc(F)ccc1C1C(=O)NCCN1C(=O)c1ccc2nccn2c1,1.950724994,test,butina,9,0.6835318458100003,0.9420517405700001,1.2770314769000009,1.1855117557299997
O=C1NCCN(C(=O)c2ccncc2)C1c1ccccc1Cl,1.868168158,test,butina,9,0.9501846291600003,0.9603631365799997,1.3870208169200005,1.2566657971200001
OC[C@H](Nc1cncc(-c2ccc3[nH]ncc3n2)c1)c1ccccc1,1.024690862,test,butina,9,1.0393644006100005,0.7590775909199998,0.9133176536399996,0.6534609136999998
CC(=O)N1CCN(c2nc(C(F)(F)F)nc3sc(C)c(C)c23)CC1,0.624282096,test,butina,9,1.0557608868000004,1.0681909183600005,0.5271243678199999,0.9162520351500001
COc1ccc(Nc2c(C#N)cnc3cc(OC)c(OC)cc23)cc1Cl,0.115943177,test,butina,9,1.0205836453900006,0.61334676417,0.5641818614799999,0.43844162208999987
COc1ccc(CNC(=O)c2sc3nc(C)cc(C)c3c2N)cc1,-0.18243463,test,butina,9,0.8203837954100002,0.8976083951300002,0.51163839459,0.6213370552899999
CC(=O)Nc1ncc(CN2CCCC[C@@H]2C)s1,1.923109252,test,butina,9,1.28215099242,1.34702521316,0.9650229850200001,1.3682833980500009
CCOc1cc(CC(=O)N[C@@H](CC(C)C)c2ccccc2N2CCCCC2)ccc1C(=O)O,-0.063486258,test,butina,9,0.7597439634100001,0.37175486993999995,0.7142031468400003,-0.018609159269999998
Cc1oc2ccccc2c1CNc1nnc(-c2ccncc2)o1,-0.172630727,test,butina,9,1.1105225120900004,0.9246302365900001,0.87598913763,0.6702955145499999
CN1CCN(S(=O)(=O)c2ccc(-c3cnc(N)c(C(=O)Nc4cccnc4)n3)cc2)CC1,0.915558115,test,butina,9,1.0530225198800003,0.54085649557,1.02177935812,0.7769354144299997
CNC(=O)C1(Cc2ccc(-c3cccnc3)cc2)CCN(Cc2ccccc2Cl)C1,0.273695588,test,butina,9,0.9667752920100002,0.6133216650299996,0.6974558755100001,0.4082198641300001
COc1cc2ncnc(Nc3cccc(O)c3)c2cc1OC,0.650307523,test,butina,9,1.0161024596600006,0.9862279127300002,0.60787894829,0.9114200597700001
Cc1cc(C)c2c(N)c(C(=O)NCc3ccc(Cl)cc3)sc2n1,-0.185752404,test,butina,9,0.9795879982100003,0.93089454218,0.40895902707,0.6459141438100001
COCCNC(=O)c1ccnc(C2CCNCC2)c1,2.0,test,butina,9,0.9929126027500004,1.4504047351199998,1.2400872739000002,1.7407530197900005
COc1nc2sc(C(=O)NC3CC3)c(N)c2c(C)c1Cl,0.452093249,test,butina,9,1.0454730036000006,0.9252170425300001,0.6812300180900001,1.0241180680700002
N#Cc1cc(F)c(NS(=O)(=O)c2c[nH]c3cc(Cl)ccc23)cc1F,-0.251811973,test,butina,9,0.47075118432000024,0.70055547157,0.8966427718700004,0.7253484046400003
Nc1nc(=O)c2ncn(COCCO)c2[nH]1,1.850860573,test,butina,9,0.9328908765099997,1.0616026852800002,0.9501841454900002,1.5131836358700006
COc1ccc([C@H]2c3[nH]c4ccc(Cl)cc4c3CCN2C(=O)Oc2ccc(Cl)cc2)cc1,1.754608223,test,butina,9,0.7352839496499999,0.06763592793999995,0.09434277362999997,-0.17164128310000007
CC(=O)Nc1ccc(O)cc1,1.916985305,test,butina,9,1.1589921027299999,1.1235274157400001,0.5062387251099998,1.3792533655500003
O=C(NC1CCNCC1)c1ccc2[nH]ncc2c1,1.92695435,test,butina,9,0.9532389754199998,1.2151385341700003,1.3373525018699999,1.6473438727399996
Cc1cccc(/C=N/Nc2cc(N3CCOCC3)nc(OCCc3ccccn3)n2)c1,-0.27572413,test,butina,9,0.743422653,0.13290820041999998,0.9822633782099999,0.3261677429099999
CCn1c(=O)oc2cc(NC(=O)c3ccc(C(C)(C)C)cc3)ccc21,0.180412633,test,butina,9,0.8138999930100005,0.7083738066400004,0.3230530802,0.57406295213
N#Cc1ccc(COc2cccc(C3CCN(Cc4nc5ccc(C(=O)O)cc5n4C[C@@H]4CCO4)CC3)n2)c(F)c1,0.312177356,test,butina,9,0.64071360348,0.17851739189999996,0.25841547305999985,-0.07187072864000003
O=C(NC1CCNCC1)c1ccc2cn[nH]c2c1,1.70808081,test,butina,9,0.9411311461299998,1.2161681748300004,1.30973028959,1.6274632662399997
CC(=O)Nc1ncc(C(=O)O)s1,1.854123782,test,butina,9,1.18861044357,1.05793842963,1.12254943286,1.1889106083800005
Cc1cccc(-c2nc(C34CCC(C(N)=O)(CC3)CC4)[nH]c2-c2ccc3c(c2)OCO3)n1,0.21031852,test,butina,9,0.9073738188800005,0.40403018823,0.18047465720999997,0.6270183489999996
CNc1cc(Nc2cccn(-c3ccccn3)c2=O)nn2c(C(=O)N[C@@H]3C[C@@H]3F)cnc12,0.51851394,train,random,10,,,,
CN(c1ncc(F)cn1)[C@H]1CCCNC1,2.0,train,random,10,,,,
CC(C)(Oc1ccc(-c2cnc(N)c(-c3ccc(Cl)cc3)c2)cc1)C(=O)O,-1.403402904,train,random,10,,,,
CC(C)(O)CCn1cc2cc(NC(=O)c3cccc(C(F)(F)F)n3)c(C(C)(C)O)cc2n1,1.092264361,train,random,10,,,,
CC#CC(=O)N[C@H]1CCCN(c2c(F)cc(C(N)=O)c3[nH]c(C)c(C)c23)C1,-0.639532816,train,random,10,,,,
CC(C)NCC(O)COc1cccc2ccccc12,1.347759218,train,random,10,,,,
C=CC(=O)N1CCC[C@@H](n2nc(-c3ccc(Oc4ccccc4)cc3)c3c(N)ncnc32)C1,-0.35853,train,random,10,,,,
CC(C)NC(=O)COc1cccc(-c2nc(Nc3ccc4[nH]ncc4c3)c3ccccc3n2)c1,-0.504455662,train,random,10,,,,
CCS(=O)(=O)N1CC(CC#N)(n2cc(-c3ncnc4[nH]ccc34)cn2)C1,2.0,train,random,10,,,,
CCn1c(-c2nonc2N)nc2cnc(Oc3cccc(NC(=O)c4ccc(OCCN5CCOCC5)cc4)c3)cc21,-0.325138859,train,random,10,,,,
CC1(C)CC[C@]2(NC(=O)C(C)(F)F)CC[C@]3(C)[C@H](C(=O)C=C4[C@@]3(C)CC[C@H]3C(C)(C)C(=O)C(C#N)=C[C@]43C)[C@@H]2C1,-0.055517328,train,random,10,,,,
Cc1c[nH]c2nccc(Oc3c(F)cc(Nc4cc(Cl)nc(N)n4)cc3F)c12,-0.68613278,train,random,10,,,,
N#Cc1ccc2[nH]c(O)c(-c3ccc(CN4CCOCC4)cn3)c2c1,1.072507236,train,random,10,,,,
CCCc1cc(N2CCc3c(nc(C4CC4)n3C)C2)n2ncnc2n1,1.388207807,train,random,10,,,,
Nc1c(F)ccc2cnc(-n3ccc4ccncc43)cc12,0.631443769,train,random,10,,,,
Cn1cc(Nc2nccc(N3CC4CCC(C3)N4C(=O)[C@@H]3CC3(F)F)n2)cn1,1.786412441,train,random,10,,,,
[2H]C([2H])([2H])NC(=O)c1nnc(NC(=O)C2CC2)cc1Nc1cccc(-c2ncn(C)n2)c1OC,1.236577565,train,random,10,,,,
C=CC(=O)N1CCC(CNc2ncnc(N)c2-c2ccc(Oc3ccccc3)cc2)CC1,0.901294817,train,random,10,,,,
Cc1c(-c2c(F)cc(C(N)=O)c3[nH]c4c(c23)CC[C@H](C(C)(C)O)C4)cccc1-n1c(=O)c2cccc(F)c2n(C)c1=O,0.326540669,train,random,10,,,,
Cn1cc(-c2cn3nccc3c(-c3cnn([C@]4(CC#N)C[C@@H](C#N)C4)c3)n2)cn1,1.364100521,train,random,10,,,,
O=C(Nc1cccnc1)c1ccnc(NC(=O)C2CC2)c1,1.615287063,train,random,10,,,,
O=C(c1ccc(Oc2ccccc2)cc1Cl)c1c[nH]c2ncnc(N[C@@H]3CC[C@@H](CO)OC3)c12,-0.295849483,train,random,10,,,,
CC(C)(C)c1ccc(-c2nc3n(c(=O)c2C#N)CCS3)cc1,0.455758203,train,random,10,,,,
C=CC(=O)Nc1cccc(Oc2nc(Nc3ccc(N4CCN(C)CC4)cc3)nc3ccsc23)c1,-0.308918508,train,random,10,,,,
C=CC(=O)N1CCC([C@@H]2CCNc3c(C(N)=O)c(-c4ccc(Oc5ccccc5)cc4)nn32)CC1,0.231979027,train,random,10,,,,
C=CC(=O)N1CCC[C@H](n2c(=O)n(-c3ccc(Oc4ccccc4)cc3)c3c(N)ncnc32)C1,0.276231958,train,random,10,,,,
CC(C)(C=C(C#N)C(=O)N1CCC[C@@H](n2nc(-c3ccc(Oc4ccccc4)cc3F)c3c(N)ncnc32)C1)N1CCN(C2COC2)CC1,0.123198075,train,random,10,,,,
CC#CC(=O)N1CC[C@@H](n2cc(-c3ccc(Oc4c(F)cccc4F)cc3)c3c(N)n[nH]c(=O)c32)C1,-0.029188389,train,random,10,,,,
C[C@@H]1c2nnn(-c3ncc(F)cn3)c2CCN1C(=O)c1cccc(C(F)(F)F)c1Cl,1.240049772,train,random,10,,,,
COc1ccccc1-c1cc(NC(=O)c2cccc(N3CCNC3=O)c2)[nH]n1,-0.742321425,train,random,10,,,,
O=C(Nc1cccc(-c2nncn2C2CC2)c1)c1cc(-n2cnc(C3CC3)c2)ccn1,0.611935625,train,random,10,,,,
Fc1ccccc1-c1c[nH]nc1C1CCCN1Cc1ccc2ncccc2c1,0.460897843,train,random,10,,,,
Cc1nccc(-c2cn(Cc3ccccc3)c3cnccc23)n1,1.207445854,train,random,10,,,,
CCc1nc(C)cn2nc(-c3cc(=O)n4cc(C5CCN(C)CC5)cc(C)c4n3)cc12,0.593618308,train,random,10,,,,
Cc1c(Cl)ccc2cc3n(c12)[C@@H](C)CNC3=O,0.696793085,train,random,10,,,,
Nc1ncnc2c1c(-c1ccc(Oc3ccccc3)cc1)nn2[C@@H]1CCCNC1,0.846275242,train,random,10,,,,
Cc1nnc(CN(C)CC(C)Oc2ccc(Cl)c(Cl)c2)n1C,1.114444172,train,random,10,,,,
COc1nn(C)cc1C(=O)Nc1cccc(-c2cnc3n2CCC3)c1,0.685562611,train,random,10,,,,
COc1cc(F)ccc1-c1ncnc(Nc2cccc(C[S@@](C)(=N)=O)c2)n1,1.574609941,train,random,10,,,,
Cc1ncc(CN2CC[C@@H](Nc3cncc(Cl)n3)[C@@H](C)C2)s1,1.264227348,train,random,10,,,,
Cc1ccc(C(=O)N2CCC(Cc3ccccc3-c3ccccc3)(C(=O)N(C)C)CC2)s1,-0.590066877,train,random,10,,,,
C[C@@H]1CCN(C(=O)CC#N)C[C@@H]1N(C)c1ncnc2[nH]ccc12,1.747124255,train,random,10,,,,
CC(=O)Nc1ccc(C(=O)N2CCCCC2c2nc(N)ncc2-c2ccc(Cl)cc2)cc1,0.549861188,train,random,10,,,,
CC(=O)Nc1ccc(C(=O)N2CCCCC2c2nc(N)ncc2-c2cccc(Cl)c2)cc1,0.584331224,train,random,10,,,,
O=C1CN(c2ccc(Nc3nccc(C(F)(F)F)n3)cn2)CCN1,1.433497815,train,random,10,,,,
O=C1NCCN(C(=O)c2ccc3nccn3c2)C1c1ccccc1C(F)(F)F,1.801527189,train,random,10,,,,
Cc1cc(F)ccc1C1C(=O)NCCN1C(=O)c1ccc2nccn2c1,1.950724994,train,random,10,,,,
O=C1NCCN(C(=O)c2ccncc2)C1c1ccccc1Cl,1.868168158,train,random,10,,,,
C[C@H]1CN(C(=O)CC(c2ccccc2)c2ccccc2)C[C@@H](C)O1,0.718335579,train,random,10,,,,
CN1[C@H]2CC[C@@H]1C[C@@H](OC(c1ccccc1)c1ccccc1)C2,1.180842415,train,random,10,,,,
CC(C)(C)C(=O)N1CCC(Cc2ccc(-c3cccs3)cc2)(C(=O)N2CCCC2)CC1,0.008174184,train,random,10,,,,
OC[C@H](Nc1cncc(-c2ccc3[nH]ncc3n2)c1)c1ccccc1,1.024690862,train,random,10,,,,
Cc1ncsc1C(=O)N1CCCCC1c1nc(N(C)C)ncc1-c1cccc(Cl)c1,0.021602716,train,random,10,,,,
CC(=O)N1CCN(c2nc(C(F)(F)F)nc3sc(C)c(C)c23)CC1,0.624282096,train,random,10,,,,
c1ccc(Oc2cccc(CN(CCN3CCOCC3)Cc3cccnc3)c2)cc1,0.142389466,train,random,10,,,,
COc1ccc([C@H]2CN(C(C)=O)[C@@H]3CCCN(Cc4cccc(F)c4)[C@H]23)cc1,0.594060901,train,random,10,,,,
Cc1c(C(=O)NCCCN(C)C)sc2ncnc(Nc3ccc(F)cc3OC(C)C)c12,0.966376423,train,random,10,,,,
OCC1CCCCN1Cc1ccc(-c2ccccc2)cc1,1.394924244,train,random,10,,,,
CC1(C)CC(Oc2ccc(-c3ccc(-c4cn[nH]c4)cc3O)nn2)CC(C)(C)N1,1.241969612,train,random,10,,,,
Cc1ncsc1C(=O)N1CCCCC1c1nc(N)ncc1-c1cccc(C(F)(F)F)c1,0.86254877,train,random,10,,,,
O=C(Nc1ccc2ccccc2n1)c1ccc(N2CCOC2=O)cc1,0.069298012,train,random,10,,,,
O=S(=O)(c1cccc2cnccc12)N1CCCNCC1,1.844321821,train,random,10,,,,
C=CC(=O)Nc1cccc(Oc2nc(Nc3ccc(N4CCN(C)CC4)cc3)nc3ccoc23)c1,-0.208309351,train,random,10,,,,
O=C(Nc1nc2cccc(-c3ccc(CN4CCS(=O)(=O)CC4)cc3)n2n1)C1CC1,1.601853652,train,random,10,,,,
CCn1c(CO)nn(-c2cc(O[C@@H](C)C(F)(F)F)c(C(=O)Nc3c(F)cccc3Cl)cc2F)c1=O,0.876910311,train,random,10,,,,
CCN(C/C=C\c1ccc(C2CCCCC2)c(Cl)c1)C1CCCCC1,-0.266802735,train,random,10,,,,
NCCN1CCN(C/C=C/C(=O)N2CCC[C@@H](n3nc(-c4ccc(Oc5ccccc5)cc4)c4c(N)ncnc43)C2)CC1,0.686814955,train,random,10,,,,
Cn1c(C2CC2)nc2c1CCN(c1ncnc3ccsc13)C2,1.192985379,train,random,10,,,,
CC/C(=C(\c1ccccc1)c1ccc(OCCN(C)C)cc1)c1ccccc1,-0.341988603,train,random,10,,,,
CNC(=O)C1(Cc2ccc(-c3ccncc3)cc2)CCN(Cc2cccc(F)c2)C1,0.715167358,train,random,10,,,,
Cc1ncc(CN2CCC(Nc3ccc4nnnn4n3)C(C)C2)s1,1.579154557,train,random,10,,,,
Cc1nc(Nc2nccs2)cc(C2CN(c3ncccn3)C2)n1,0.374565061,train,random,10,,,,
COc1ccc(Nc2c(C#N)cnc3cc(OC)c(OC)cc23)cc1Cl,0.115943177,train,random,10,,,,
COc1ccc(CCCN2CCN(c3cnn(C)c3)C(=O)C2)cc1F,1.308414999,train,random,10,,,,
Cc1noc(C(C)C)c1C(=O)N1CC(C)OC(c2ccccc2)C1,1.111934276,train,random,10,,,,
CN(Cc1ccccc1)C1(C(=O)N2CCNC(=O)CC2)Cc2ccccc2C1,0.912806393,train,random,10,,,,
CCC1=C(C)CN(C(=O)NCCc2ccc(S(=O)(=O)NC(=O)N[C@H]3CC[C@H](C)CC3)cc2)C1=O,-1.638272164,train,random,10,,,,
O=S(=O)(c1cccc2c(O)nccc12)N1CCCNCC1,1.990813743,train,random,10,,,,
Cc1ccc(NC(=O)CN2[C@H]3CCCC(=O)N[C@@]3(C)C[C@H]2Cc2ccccc2)cc1F,0.360971884,train,random,10,,,,
CN(C)C(=O)C1(Cc2ccccc2-c2cccc(F)c2)CCN(C(=O)C2CC=CCC2)CC1,0.142702246,train,random,10,,,,
COc1ccc(CNC(=O)c2sc3nc(C)cc(C)c3c2N)cc1,-0.18243463,train,random,10,,,,
Cn1cc(Nc2nc(N)nc(-c3cccc(-n4ccc5cc(C6CC6)cc(F)c5c4=O)c3CO)n2)cn1,0.581038949,train,random,10,,,,
Cc1cnc(C(=O)NCCc2ccc(S(=O)(=O)NC(=O)NC3CCCCC3)cc2)cn1,-0.204119983,train,random,10,,,,
CNC(=O)C1(Cc2ccc(-c3cccnc3)cc2)CCN(Cc2ccc(F)cc2)C1,0.918868743,train,random,10,,,,
CC(=O)Nc1ncc(CN2CCCC[C@@H]2C)s1,1.923109252,train,random,10,,,,
O=C1CCCC[C@@H]2[C@H](C[C@@H](Cc3ccccc3F)N2C(=O)c2cccc3ncccc23)N1,1.348966512,train,random,10,,,,
CCOc1cc(CC(=O)N[C@@H](CC(C)C)c2ccccc2N2CCCCC2)ccc1C(=O)O,-0.063486258,train,random,10,,,,
CC(O)(C#Cc1ccc2c(c1)N(c1nc(N)ncc1Cl)CC2)c1nccs1,0.275311355,train,random,10,,,,
COCCc1noc(CN2CC(c3ccccc3)(c3ccccc3)CCC2=O)n1,1.25166255,train,random,10,,,,
Cc1[nH]nc2c1C1(CCCCC1)CC(=O)N2,1.284633733,train,random,10,,,,
Cc1oc2ccccc2c1CNc1nnc(-c2ccncc2)o1,-0.172630727,train,random,10,,,,
O=C(Nc1cccc2ncccc12)[C@H]1CCCN(S(=O)(=O)c2ccccc2)C1,1.091666958,train,random,10,,,,
O=C(Nc1cnccc1-c1ccc(Cl)cc1)c1ccnc(NC(=O)C2CC2)c1,0.847634344,train,random,10,,,,
CN1C(N)=N[C@](C)(c2cc(NC(=O)c3ccc(F)cn3)ccc2F)CS1(=O)=O,1.491417728,train,random,10,,,,
CC1CN(C(=O)c2cccnc2N2CCOCC2)CC(c2ccccc2)O1,1.555686814,train,random,10,,,,
CCCCNC(=O)NS(=O)(=O)c1ccc(C)cc1,0.440121603,train,random,10,,,,
Cc1cc(Nc2cnccn2)cc(C2CCCN(CC(=O)N3CCCC3)C2)n1,1.632416797,train,random,10,,,,
Cc1cccnc1Nc1cccc(C2CCCN(CC(=O)Nc3nccs3)C2)n1,0.637289548,train,random,10,,,,
CN(C)C(=O)C1(Cc2ccccc2-c2ccccc2)CCN(C(=O)c2cnn(C)c2)CC1,1.146840934,train,random,10,,,,
CC1(C)CC(=O)C2=C(C1)NC(=O)CC2c1ccc(Br)cc1,0.944630702,train,random,10,,,,
CN1CCN(S(=O)(=O)c2ccc(-c3cnc(N)c(C(=O)Nc4cccnc4)n3)cc2)CC1,0.915558115,train,random,10,,,,
CNC(=O)C1(Cc2ccc(-c3cccnc3)cc2)CCN(Cc2ccccc2Cl)C1,0.273695588,train,random,10,,,,
Cc1cc(N2CCCC2c2cc(CCC(=O)O)cc(C)n2)ncn1,2.0,train,random,10,,,,
CCCNC(=O)NS(=O)(=O)c1ccc(Cl)cc1,0.628286731,train,random,10,,,,
O=C(CN1CCCC(c2cccc(Cc3cccc(F)c3)n2)C1)N1CCCC1,0.953856298,train,random,10,,,,
COc1cc2ncnc(Nc3cccc(O)c3)c2cc1OC,0.650307523,train,random,10,,,,
Cc1cc(C)c2c(N)c(C(=O)NCc3ccc(Cl)cc3)sc2n1,-0.185752404,train,random,10,,,,
COCCNC(=O)c1ccnc(C2CCNCC2)c1,2.0,train,random,10,,,,
COc1nc2sc(C(=O)NC3CC3)c(N)c2c(C)c1Cl,0.452093249,train,random,10,,,,
CC1(CNC(=O)c2cncc(C3CCNCC3)n2)CCCO1,1.960042456,train,random,10,,,,
Cc1cc(N2CCCC2)nc(C2CCCN(C)C2)n1,1.861522463,train,random,10,,,,
O=C1NCCSc2c1sc1ccc(O)cc21,1.164679941,train,random,10,,,,
CCn1cc(C(=O)O)c(=O)c2c(N)c(F)c(NC3CCCCC3)cc21,0.426673888,train,random,10,,,,
COc1cc2nc(N3CCN(C(=O)c4ccco4)CC3)nc(N)c2cc1OC,1.371880249,train,random,10,,,,
CC(CCc1ccccc1)NCC(O)c1ccc(O)c(C(N)=O)c1,1.65850745,train,random,10,,,,
CC1(C)Cc2cc(NC(=O)c3cnn4cccnc34)c(OCC3CC3)nc2O1,0.38219721,train,random,10,,,,
N#Cc1cc(F)c(NS(=O)(=O)c2c[nH]c3cc(Cl)ccc23)cc1F,-0.251811973,train,random,10,,,,
CC(C)CC(NC(=O)C(O)C(N)Cc1ccccc1)C(=O)O,1.54052968,train,random,10,,,,
COc1cc(Cc2cnc(N)nc2N)cc(OC)c1OC,1.855513099,train,random,10,,,,
CC(C(=O)O)c1cccc(C(=O)c2ccccc2)c1,0.047274867,train,random,10,,,,
COc1cc2c(cc1OC)CN(CCc1ccc(NC(=O)c3cccc4c(O)c5cccc(OC)c5nc34)cc1)CC2,-1.292429824,train,random,10,,,,
C=CCc1ccccc1OCC(O)CNC(C)C,1.496029699,train,random,10,,,,
Nc1nc(=O)c2ncn(COCCO)c2[nH]1,1.850860573,train,random,10,,,,
NCCCC[C@H](N[C@@H](CCc1ccccc1)C(=O)O)C(=O)N1CCC[C@H]1C(=O)O,2.0,train,random,10,,,,
NC(=O)C1(Cc2ccc(-c3ccncc3)cc2)CCN(C(=O)Cc2cccc(F)c2)CC1,1.058463986,train,random,10,,,,
O=C(NC1CCNCC1)c1ccc2[nH]ncc2c1,1.92695435,train,random,10,,,,
CCn1c(=O)oc2cc(NC(=O)c3ccc(C(C)(C)C)cc3)ccc21,0.180412633,train,random,10,,,,
COc1ccc(OC[C@@H]2c3cc(OC)c(OC)cc3CCN2C(=O)c2cccc(Cl)c2)cc1,0.232233521,train,random,10,,,,
N#Cc1ccc(COc2cccc(C3CCN(Cc4nc5ccc(C(=O)O)cc5n4C[C@@H]4CCO4)CC3)n2)c(F)c1,0.312177356,train,random,10,,,,
O=C(Nc1cccc2c(=O)cc(-c3nnn[nH]3)oc12)c1ccc(OCCCCc2ccccc2)cc1,0.77224834,train,random,10,,,,
CC(=O)Nc1ncc(C(=O)O)s1,1.854123782,train,random,10,,,,
Cc1cccc(-c2nc(C34CCC(C(N)=O)(CC3)CC4)[nH]c2-c2ccc3c(c2)OCO3)n1,0.21031852,train,random,10,,,,
COc1cc2nc(-c3cc(F)ccc3O)nc(N[C@@H]3CNC[C@H]3C(C)(C)O)c2cc1OC.Cl,-0.823908741,train,random,10,,,,
CC(C)[C@@](C)(O)[C@@H]1CN(c2nc(-c3n[nH]c4ncccc34)c(F)cc2Cl)CCN1,0.622421274,train,random,10,,,,
CCOc1cc2nn(CCC(C)(C)O)cc2cc1NC(=O)c1cccc(C(F)F)n1,0.268343914,test,random,10,0.9658618833599999,0.5559203888600003,0.8837357231200004,0.6307942585299998
COc1ccc(Cl)cc1C(=O)NCCc1ccc(S(=O)(=O)NC(=O)NC2CCCCC2)cc1,-0.943095149,test,random,10,0.1504427175199999,0.11824022086,0.3759794016299999,-0.2272022852800001
COc1ccc(S(=O)(=O)N2CCC(N3CCC(C)CC3)CC2)cc1,1.626076768,test,random,10,0.31351204734,1.1999100955700008,0.8833601512600002,1.4623249560500002
COc1cc2c(cc1OC)CC(=O)N(CCCN(C)C[C@H]1Cc3cc(OC)c(OC)cc31)CC2,1.615139594,test,random,10,0.9429422150100006,0.23828012091999998,0.5587894477699998,-0.034146017449999996
Fc1ccc(-c2ccc3c(c2)[nH]c2ccncc23)cn1,0.640978057,test,random,10,1.0904575564700005,0.6808721366100003,0.7470289597799998,0.5473492319800001
C=CC(=O)N1C[C@H](Nc2ncnc3[nH]ccc23)CC[C@@H]1C,1.74597993,test,random,10,1.1903788599000005,1.42083263519,1.0618382446700005,1.7012864940299999
Nc1n[nH]cc1-c1cc(Cl)ccc1Oc1cc(F)c(S(=O)(=O)Nc2cscn2)cc1Cl,-0.08249449,test,random,10,0.4625054651999998,0.2131315584999999,0.5734606840199998,-0.19841866954000012
N#CC[C@H](C1CCCC1)n1cc(-c2ncnc3[nH]ccc23)cn1,1.244598701,test,random,10,1.52919111307,1.2703051181599998,1.0042649950000004,0.9134574322800003
CC#CC(=O)N1CC[C@@H](n2c(=O)n(-c3ccc(Oc4ccccc4)cc3)c3c(N)ncnc32)C1,0.669595781,test,random,10,0.3457273988700002,0.25711651908,0.1417296671400001,0.70920086411
C=CC(=O)Nc1cccc(Oc2nc(Nc3ccc(N4CCN(C)CC4)c(F)c3)nc3[nH]ccc23)c1,-0.139063379,test,random,10,0.01466355566999999,-0.06520506951999992,0.2861940606199998,-0.16047427492000008
Nc1ncc(-c2cccc(C(F)(F)F)c2)c(C2CCCCN2C(=O)c2ccccc2)n1,0.137354111,test,random,10,0.8060189484199999,0.8579013331299997,0.8281968551100006,0.32302953295999975
CCc1nc2c(C)cc(N3CCN(CC(=O)N4CC(O)C4)CC3)cn2c1N(C)c1nc(-c2ccc(F)cc2)c(C#N)s1,-0.434152181,test,random,10,0.8000453152800007,0.14307716959,0.44002941688000013,0.15013517235
CN(C)C(=O)C1(Cc2ccccc2-c2ccccc2)CCN(C(=O)C2CCCO2)CC1,1.265713811,test,random,10,0.37900806786999985,0.59586090264,0.8479933401999997,0.5841885049300001
OCC1CCCCN1Cc1ccc(Cl)c(Cl)c1,1.484982782,test,random,10,0.9435341476400001,1.1592985646999998,0.8853369796699999,0.9605111313699999
COc1ccccc1C(=O)Nc1ccc2cc[nH]c2c1,0.571825249,test,random,10,0.94875916543,0.6958241853400005,0.34086022971999996,0.4795608929999999
Nc1ncc(C(=O)NC2CN(C(=O)C3CC3)C2)c2ccc(-c3cccc(F)c3)nc12,0.38219721,test,random,10,0.5038406743600001,0.8355161276400003,0.7494360053599999,1.2426704440799998
Cc1nnc(-c2ccc3occ(-c4ccc(S(C)=O)cc4)c3c2)o1,1.077985291,test,random,10,0.8318003133200006,0.35263069582999973,0.47309357726,0.4485459431399999
O=C(CCNC(=O)c1ccc(OC(F)(F)F)cc1)N[C@@H]1CCCc2ccccc21,0.630427875,test,random,10,0.22447139331999988,0.4241950299500001,0.70765284494,0.4548777632900003
CCN1CCN(S(=O)(=O)Cc2ccc(Cl)c(Cl)c2)CC1,1.071845201,test,random,10,0.6824272672400004,1.3518262605400004,0.7625944054900002,1.3860850047200004
COc1nn(C)cc1C(=O)Nc1cccc2cnccc12,1.58945809,test,random,10,0.8435126569000003,1.1448516428800006,1.035475889,1.20618155036
Cc1c(F)cccc1NC(=O)CN1[C@H]2CCCC(=O)N[C@@]2(C)C[C@H]1Cc1ccccc1,0.925312092,test,random,10,0.7428183738299997,0.6255930839500002,0.8758691995099995,0.5218372441000002
COCC(=O)N1CCC(Cc2ccccc2-c2cccc(F)c2)(C(=O)NC(C)C)CC1,1.076967952,test,random,10,0.43630494013999976,0.5012787685600002,0.6467923980499998,0.5383784343899998
C#C[C@@](C)(CC)NC(=O)c1cc(F)cnc1NC1CC(F)(F)C1,0.850278553,test,random,10,1.0823865117600004,1.2373682619900004,0.80014316203,0.6958157067400004
CNC(=O)C1(Cc2ccc(-c3cccnc3)cc2)CCN(Cc2cccc(F)c2)C1,0.531095547,test,random,10,0.8345168008300006,0.7321281368000001,0.7346655015899998,0.7446801166200006
C[C@@H]1Cc2ccccc2N1C(=O)Cn1nc(-c2cccc3ncccc23)oc1=O,0.360404055,test,random,10,0.6679890421499999,0.64482422277,0.7783987925700003,0.40374666949000004
Nc1ncnc2c1c(-c1cnc3[nH]ccc3c1)nn2C1CCCC1,0.780605306,test,random,10,1.2685045227800007,0.9096379596600002,0.8014107717900002,0.6964147782300002
COCCc1ccc(OCC(O)CNC(C)C)cc1,2.0,test,random,10,0.27176296358999996,1.043799128100001,1.2742366224200008,1.46207409954
CCCc1nc2nc(C)c(NS(=O)(=O)c3ccc(C4CCCCC4)cc3)c(O)n2n1,-0.137272472,test,random,10,1.1353766804300003,0.49742635017000025,0.5265194322399999,0.7575681380900001
COc1ccc([C@H]2c3[nH]c4ccc(Cl)cc4c3CCN2C(=O)Oc2ccc(Cl)cc2)cc1,1.754608223,test,random,10,0.2698045213600001,0.08004592555000004,0.11542288965999994,-0.09411615103999997
CC(=O)Nc1ccc(O)cc1,1.916985305,test,random,10,1.0464246656600003,1.0700306369700003,0.47310496877000013,1.470066629390001
Cc1cccc(/C=N/Nc2cc(N3CCOCC3)nc(OCCc3ccccn3)n2)c1,-0.27572413,test,random,10,0.8513366341000002,0.5012645528200002,0.7118903968900002,0.3589669779500001
CC(C)[C@H](CO)Nc1nc(Nc2cc(N)cc(Cl)c2)c2ncn(C(C)C)c2n1,-0.099086932,test,random,10,0.8585841139100004,0.5244735092799998,0.5988342488699999,0.43217029827000014
O=C(NC1CCNCC1)c1ccc2cn[nH]c2c1,1.70808081,test,random,10,1.6833730854699989,1.6109316003299992,1.3336483953400005,1.8529614824799987
CC(C)(C)OC(=O)N1CCCC1C(=O)N1CCC(C(=O)N[C@@H](Cc2c[nH]c3ccccc23)C(=O)O)CC1,1.842553077,test,random,10,0.9341219951400004,0.18026959121999991,0.8286809406000004,0.046394520260000044
CNc1cc(Nc2cccn(-c3ccccn3)c2=O)nn2c(C(=O)N[C@@H]3C[C@@H]3F)cnc12,0.51851394,train,random,11,,,,
CCOc1cc2nn(CCC(C)(C)O)cc2cc1NC(=O)c1cccc(C(F)F)n1,0.268343914,train,random,11,,,,
CN(c1ncc(F)cn1)[C@H]1CCCNC1,2.0,train,random,11,,,,
CC(C)(Oc1ccc(-c2cnc(N)c(-c3ccc(Cl)cc3)c2)cc1)C(=O)O,-1.403402904,train,random,11,,,,
CC(C)(O)CCn1cc2cc(NC(=O)c3cccc(C(F)(F)F)n3)c(C(C)(C)O)cc2n1,1.092264361,train,random,11,,,,
CC#CC(=O)N[C@H]1CCCN(c2c(F)cc(C(N)=O)c3[nH]c(C)c(C)c23)C1,-0.639532816,train,random,11,,,,
CC(C)NCC(O)COc1cccc2ccccc12,1.347759218,train,random,11,,,,
COc1ccc(Cl)cc1C(=O)NCCc1ccc(S(=O)(=O)NC(=O)NC2CCCCC2)cc1,-0.943095149,train,random,11,,,,
CC(C)NC(=O)COc1cccc(-c2nc(Nc3ccc4[nH]ncc4c3)c3ccccc3n2)c1,-0.504455662,train,random,11,,,,
CCS(=O)(=O)N1CC(CC#N)(n2cc(-c3ncnc4[nH]ccc34)cn2)C1,2.0,train,random,11,,,,
COc1ccc(S(=O)(=O)N2CCC(N3CCC(C)CC3)CC2)cc1,1.626076768,train,random,11,,,,
CCn1c(-c2nonc2N)nc2cnc(Oc3cccc(NC(=O)c4ccc(OCCN5CCOCC5)cc4)c3)cc21,-0.325138859,train,random,11,,,,
CC1(C)CC[C@]2(NC(=O)C(C)(F)F)CC[C@]3(C)[C@H](C(=O)C=C4[C@@]3(C)CC[C@H]3C(C)(C)C(=O)C(C#N)=C[C@]43C)[C@@H]2C1,-0.055517328,train,random,11,,,,
Cc1c[nH]c2nccc(Oc3c(F)cc(Nc4cc(Cl)nc(N)n4)cc3F)c12,-0.68613278,train,random,11,,,,
COc1cc2c(cc1OC)CC(=O)N(CCCN(C)C[C@H]1Cc3cc(OC)c(OC)cc31)CC2,1.615139594,train,random,11,,,,
N#Cc1ccc2[nH]c(O)c(-c3ccc(CN4CCOCC4)cn3)c2c1,1.072507236,train,random,11,,,,
Fc1ccc(-c2ccc3c(c2)[nH]c2ccncc23)cn1,0.640978057,train,random,11,,,,
Nc1c(F)ccc2cnc(-n3ccc4ccncc43)cc12,0.631443769,train,random,11,,,,
C=CC(=O)N1C[C@H](Nc2ncnc3[nH]ccc23)CC[C@@H]1C,1.74597993,train,random,11,,,,
Cn1cc(Nc2nccc(N3CC4CCC(C3)N4C(=O)[C@@H]3CC3(F)F)n2)cn1,1.786412441,train,random,11,,,,
C=CC(=O)N1CCC(CNc2ncnc(N)c2-c2ccc(Oc3ccccc3)cc2)CC1,0.901294817,train,random,11,,,,
Nc1n[nH]cc1-c1cc(Cl)ccc1Oc1cc(F)c(S(=O)(=O)Nc2cscn2)cc1Cl,-0.08249449,train,random,11,,,,
Cc1c(-c2c(F)cc(C(N)=O)c3[nH]c4c(c23)CC[C@H](C(C)(C)O)C4)cccc1-n1c(=O)c2cccc(F)c2n(C)c1=O,0.326540669,train,random,11,,,,
Cn1cc(-c2cn3nccc3c(-c3cnn([C@]4(CC#N)C[C@@H](C#N)C4)c3)n2)cn1,1.364100521,train,random,11,,,,
O=C(c1ccc(Oc2ccccc2)cc1Cl)c1c[nH]c2ncnc(N[C@@H]3CC[C@@H](CO)OC3)c12,-0.295849483,train,random,11,,,,
N#CC[C@H](C1CCCC1)n1cc(-c2ncnc3[nH]ccc23)cn1,1.244598701,train,random,11,,,,
C=CC(=O)Nc1cccc(Oc2nc(Nc3ccc(N4CCN(C)CC4)cc3)nc3ccsc23)c1,-0.308918508,train,random,11,,,,
CC#CC(=O)N1CC[C@@H](n2c(=O)n(-c3ccc(Oc4ccccc4)cc3)c3c(N)ncnc32)C1,0.669595781,train,random,11,,,,
C=CC(=O)N1CCC([C@@H]2CCNc3c(C(N)=O)c(-c4ccc(Oc5ccccc5)cc4)nn32)CC1,0.231979027,train,random,11,,,,
C=CC(=O)N1CCC[C@H](n2c(=O)n(-c3ccc(Oc4ccccc4)cc3)c3c(N)ncnc32)C1,0.276231958,train,random,11,,,,
CC(C)(C=C(C#N)C(=O)N1CCC[C@@H](n2nc(-c3ccc(Oc4ccccc4)cc3F)c3c(N)ncnc32)C1)N1CCN(C2COC2)CC1,0.123198075,train,random,11,,,,
C=CC(=O)Nc1cccc(Oc2nc(Nc3ccc(N4CCN(C)CC4)c(F)c3)nc3[nH]ccc23)c1,-0.139063379,train,random,11,,,,
C[C@@H]1c2nnn(-c3ncc(F)cn3)c2CCN1C(=O)c1cccc(C(F)(F)F)c1Cl,1.240049772,train,random,11,,,,
Nc1ncc(-c2cccc(C(F)(F)F)c2)c(C2CCCCN2C(=O)c2ccccc2)n1,0.137354111,train,random,11,,,,
Fc1ccccc1-c1c[nH]nc1C1CCCN1Cc1ccc2ncccc2c1,0.460897843,train,random,11,,,,
Cc1nccc(-c2cn(Cc3ccccc3)c3cnccc23)n1,1.207445854,train,random,11,,,,
CCc1nc(C)cn2nc(-c3cc(=O)n4cc(C5CCN(C)CC5)cc(C)c4n3)cc12,0.593618308,train,random,11,,,,
Cc1c(Cl)ccc2cc3n(c12)[C@@H](C)CNC3=O,0.696793085,train,random,11,,,,
Nc1ncnc2c1c(-c1ccc(Oc3ccccc3)cc1)nn2[C@@H]1CCCNC1,0.846275242,train,random,11,,,,
Cc1nnc(CN(C)CC(C)Oc2ccc(Cl)c(Cl)c2)n1C,1.114444172,train,random,11,,,,
COc1nn(C)cc1C(=O)Nc1cccc(-c2cnc3n2CCC3)c1,0.685562611,train,random,11,,,,
COc1cc(F)ccc1-c1ncnc(Nc2cccc(C[S@@](C)(=N)=O)c2)n1,1.574609941,train,random,11,,,,
Cc1ncc(CN2CC[C@@H](Nc3cncc(Cl)n3)[C@@H](C)C2)s1,1.264227348,train,random,11,,,,
CCc1nc2c(C)cc(N3CCN(CC(=O)N4CC(O)C4)CC3)cn2c1N(C)c1nc(-c2ccc(F)cc2)c(C#N)s1,-0.434152181,train,random,11,,,,
C[C@@H]1CCN(C(=O)CC#N)C[C@@H]1N(C)c1ncnc2[nH]ccc12,1.747124255,train,random,11,,,,
CN(C)C(=O)C1(Cc2ccccc2-c2ccccc2)CCN(C(=O)C2CCCO2)CC1,1.265713811,train,random,11,,,,
CC(=O)Nc1ccc(C(=O)N2CCCCC2c2nc(N)ncc2-c2ccc(Cl)cc2)cc1,0.549861188,train,random,11,,,,
CC(=O)Nc1ccc(C(=O)N2CCCCC2c2nc(N)ncc2-c2cccc(Cl)c2)cc1,0.584331224,train,random,11,,,,
O=C1CN(c2ccc(Nc3nccc(C(F)(F)F)n3)cn2)CCN1,1.433497815,train,random,11,,,,
O=C1NCCN(C(=O)c2ccc3nccn3c2)C1c1ccccc1C(F)(F)F,1.801527189,train,random,11,,,,
Cc1cc(F)ccc1C1C(=O)NCCN1C(=O)c1ccc2nccn2c1,1.950724994,train,random,11,,,,
O=C1NCCN(C(=O)c2ccncc2)C1c1ccccc1Cl,1.868168158,train,random,11,,,,
CC(C)(C)C(=O)N1CCC(Cc2ccc(-c3cccs3)cc2)(C(=O)N2CCCC2)CC1,0.008174184,train,random,11,,,,
Cc1ncsc1C(=O)N1CCCCC1c1nc(N(C)C)ncc1-c1cccc(Cl)c1,0.021602716,train,random,11,,,,
OCC1CCCCN1Cc1ccc(Cl)c(Cl)c1,1.484982782,train,random,11,,,,
COc1ccccc1C(=O)Nc1ccc2cc[nH]c2c1,0.571825249,train,random,11,,,,
c1ccc(Oc2cccc(CN(CCN3CCOCC3)Cc3cccnc3)c2)cc1,0.142389466,train,random,11,,,,
Cc1c(C(=O)NCCCN(C)C)sc2ncnc(Nc3ccc(F)cc3OC(C)C)c12,0.966376423,train,random,11,,,,
Nc1ncc(C(=O)NC2CN(C(=O)C3CC3)C2)c2ccc(-c3cccc(F)c3)nc12,0.38219721,train,random,11,,,,
Cc1nnc(-c2ccc3occ(-c4ccc(S(C)=O)cc4)c3c2)o1,1.077985291,train,random,11,,,,
Cc1ncsc1C(=O)N1CCCCC1c1nc(N)ncc1-c1cccc(C(F)(F)F)c1,0.86254877,train,random,11,,,,
O=C(Nc1ccc2ccccc2n1)c1ccc(N2CCOC2=O)cc1,0.069298012,train,random,11,,,,
O=C(CCNC(=O)c1ccc(OC(F)(F)F)cc1)N[C@@H]1CCCc2ccccc21,0.630427875,train,random,11,,,,
O=S(=O)(c1cccc2cnccc12)N1CCCNCC1,1.844321821,train,random,11,,,,
CCN1CCN(S(=O)(=O)Cc2ccc(Cl)c(Cl)c2)CC1,1.071845201,train,random,11,,,,
O=C(Nc1nc2cccc(-c3ccc(CN4CCS(=O)(=O)CC4)cc3)n2n1)C1CC1,1.601853652,train,random,11,,,,
CCn1c(CO)nn(-c2cc(O[C@@H](C)C(F)(F)F)c(C(=O)Nc3c(F)cccc3Cl)cc2F)c1=O,0.876910311,train,random,11,,,,
CCN(C/C=C\c1ccc(C2CCCCC2)c(Cl)c1)C1CCCCC1,-0.266802735,train,random,11,,,,
NCCN1CCN(C/C=C/C(=O)N2CCC[C@@H](n3nc(-c4ccc(Oc5ccccc5)cc4)c4c(N)ncnc43)C2)CC1,0.686814955,train,random,11,,,,
Cn1c(C2CC2)nc2c1CCN(c1ncnc3ccsc13)C2,1.192985379,train,random,11,,,,
COc1nn(C)cc1C(=O)Nc1cccc2cnccc12,1.58945809,train,random,11,,,,
CNC(=O)C1(Cc2ccc(-c3ccncc3)cc2)CCN(Cc2cccc(F)c2)C1,0.715167358,train,random,11,,,,
Cc1ncc(CN2CCC(Nc3ccc4nnnn4n3)C(C)C2)s1,1.579154557,train,random,11,,,,
Cc1nc(Nc2nccs2)cc(C2CN(c3ncccn3)C2)n1,0.374565061,train,random,11,,,,
COc1ccc(Nc2c(C#N)cnc3cc(OC)c(OC)cc23)cc1Cl,0.115943177,train,random,11,,,,
Cc1noc(C(C)C)c1C(=O)N1CC(C)OC(c2ccccc2)C1,1.111934276,train,random,11,,,,
CN(Cc1ccccc1)C1(C(=O)N2CCNC(=O)CC2)Cc2ccccc2C1,0.912806393,train,random,11,,,,
Cc1c(F)cccc1NC(=O)CN1[C@H]2CCCC(=O)N[C@@]2(C)C[C@H]1Cc1ccccc1,0.925312092,train,random,11,,,,
CCC1=C(C)CN(C(=O)NCCc2ccc(S(=O)(=O)NC(=O)N[C@H]3CC[C@H](C)CC3)cc2)C1=O,-1.638272164,train,random,11,,,,
CN(C)C(=O)C1(Cc2ccccc2-c2cccc(F)c2)CCN(C(=O)C2CC=CCC2)CC1,0.142702246,train,random,11,,,,
COCC(=O)N1CCC(Cc2ccccc2-c2cccc(F)c2)(C(=O)NC(C)C)CC1,1.076967952,train,random,11,,,,
COc1ccc(CNC(=O)c2sc3nc(C)cc(C)c3c2N)cc1,-0.18243463,train,random,11,,,,
C#C[C@@](C)(CC)NC(=O)c1cc(F)cnc1NC1CC(F)(F)C1,0.850278553,train,random,11,,,,
Cn1cc(Nc2nc(N)nc(-c3cccc(-n4ccc5cc(C6CC6)cc(F)c5c4=O)c3CO)n2)cn1,0.581038949,train,random,11,,,,
Cc1cnc(C(=O)NCCc2ccc(S(=O)(=O)NC(=O)NC3CCCCC3)cc2)cn1,-0.204119983,train,random,11,,,,
CNC(=O)C1(Cc2ccc(-c3cccnc3)cc2)CCN(Cc2ccc(F)cc2)C1,0.918868743,train,random,11,,,,
CNC(=O)C1(Cc2ccc(-c3cccnc3)cc2)CCN(Cc2cccc(F)c2)C1,0.531095547,train,random,11,,,,
O=C1CCCC[C@@H]2[C@H](C[C@@H](Cc3ccccc3F)N2C(=O)c2cccc3ncccc23)N1,1.348966512,train,random,11,,,,
CCOc1cc(CC(=O)N[C@@H](CC(C)C)c2ccccc2N2CCCCC2)ccc1C(=O)O,-0.063486258,train,random,11,,,,
CC(O)(C#Cc1ccc2c(c1)N(c1nc(N)ncc1Cl)CC2)c1nccs1,0.275311355,train,random,11,,,,
Cc1oc2ccccc2c1CNc1nnc(-c2ccncc2)o1,-0.172630727,train,random,11,,,,
O=C(Nc1cccc2ncccc12)[C@H]1CCCN(S(=O)(=O)c2ccccc2)C1,1.091666958,train,random,11,,,,
C[C@@H]1Cc2ccccc2N1C(=O)Cn1nc(-c2cccc3ncccc23)oc1=O,0.360404055,train,random,11,,,,
Nc1ncnc2c1c(-c1cnc3[nH]ccc3c1)nn2C1CCCC1,0.780605306,train,random,11,,,,
O=C(Nc1cnccc1-c1ccc(Cl)cc1)c1ccnc(NC(=O)C2CC2)c1,0.847634344,train,random,11,,,,
CN1C(N)=N[C@](C)(c2cc(NC(=O)c3ccc(F)cn3)ccc2F)CS1(=O)=O,1.491417728,train,random,11,,,,
CC1CN(C(=O)c2cccnc2N2CCOCC2)CC(c2ccccc2)O1,1.555686814,train,random,11,,,,
CCCCNC(=O)NS(=O)(=O)c1ccc(C)cc1,0.440121603,train,random,11,,,,
Cc1cc(Nc2cnccn2)cc(C2CCCN(CC(=O)N3CCCC3)C2)n1,1.632416797,train,random,11,,,,
Cc1cccnc1Nc1cccc(C2CCCN(CC(=O)Nc3nccs3)C2)n1,0.637289548,train,random,11,,,,
CN(C)C(=O)C1(Cc2ccccc2-c2ccccc2)CCN(C(=O)c2cnn(C)c2)CC1,1.146840934,train,random,11,,,,
CN1CCN(S(=O)(=O)c2ccc(-c3cnc(N)c(C(=O)Nc4cccnc4)n3)cc2)CC1,0.915558115,train,random,11,,,,
Cc1cc(N2CCCC2c2cc(CCC(=O)O)cc(C)n2)ncn1,2.0,train,random,11,,,,
CCCNC(=O)NS(=O)(=O)c1ccc(Cl)cc1,0.628286731,train,random,11,,,,
O=C(CN1CCCC(c2cccc(Cc3cccc(F)c3)n2)C1)N1CCCC1,0.953856298,train,random,11,,,,
COc1cc2ncnc(Nc3cccc(O)c3)c2cc1OC,0.650307523,train,random,11,,,,
Cc1cc(C)c2c(N)c(C(=O)NCc3ccc(Cl)cc3)sc2n1,-0.185752404,train,random,11,,,,
COCCNC(=O)c1ccnc(C2CCNCC2)c1,2.0,train,random,11,,,,
COc1nc2sc(C(=O)NC3CC3)c(N)c2c(C)c1Cl,0.452093249,train,random,11,,,,
CC1(CNC(=O)c2cncc(C3CCNCC3)n2)CCCO1,1.960042456,train,random,11,,,,
Cc1cc(N2CCCC2)nc(C2CCCN(C)C2)n1,1.861522463,train,random,11,,,,
CCn1cc(C(=O)O)c(=O)c2c(N)c(F)c(NC3CCCCC3)cc21,0.426673888,train,random,11,,,,
CC1(C)Cc2cc(NC(=O)c3cnn4cccnc34)c(OCC3CC3)nc2O1,0.38219721,train,random,11,,,,
N#Cc1cc(F)c(NS(=O)(=O)c2c[nH]c3cc(Cl)ccc23)cc1F,-0.251811973,train,random,11,,,,
CC(C)CC(NC(=O)C(O)C(N)Cc1ccccc1)C(=O)O,1.54052968,train,random,11,,,,
COCCc1ccc(OCC(O)CNC(C)C)cc1,2.0,train,random,11,,,,
COc1cc(Cc2cnc(N)nc2N)cc(OC)c1OC,1.855513099,train,random,11,,,,
CC(C(=O)O)c1cccc(C(=O)c2ccccc2)c1,0.047274867,train,random,11,,,,
COc1cc2c(cc1OC)CN(CCc1ccc(NC(=O)c3cccc4c(O)c5cccc(OC)c5nc34)cc1)CC2,-1.292429824,train,random,11,,,,
C=CCc1ccccc1OCC(O)CNC(C)C,1.496029699,train,random,11,,,,
Nc1nc(=O)c2ncn(COCCO)c2[nH]1,1.850860573,train,random,11,,,,
NCCCC[C@H](N[C@@H](CCc1ccccc1)C(=O)O)C(=O)N1CCC[C@H]1C(=O)O,2.0,train,random,11,,,,
CCCc1nc2nc(C)c(NS(=O)(=O)c3ccc(C4CCCCC4)cc3)c(O)n2n1,-0.137272472,train,random,11,,,,
COc1ccc([C@H]2c3[nH]c4ccc(Cl)cc4c3CCN2C(=O)Oc2ccc(Cl)cc2)cc1,1.754608223,train,random,11,,,,
CC(=O)Nc1ccc(O)cc1,1.916985305,train,random,11,,,,
O=C(NC1CCNCC1)c1ccc2[nH]ncc2c1,1.92695435,train,random,11,,,,
Cc1cccc(/C=N/Nc2cc(N3CCOCC3)nc(OCCc3ccccn3)n2)c1,-0.27572413,train,random,11,,,,
CCn1c(=O)oc2cc(NC(=O)c3ccc(C(C)(C)C)cc3)ccc21,0.180412633,train,random,11,,,,
N#Cc1ccc(COc2cccc(C3CCN(Cc4nc5ccc(C(=O)O)cc5n4C[C@@H]4CCO4)CC3)n2)c(F)c1,0.312177356,train,random,11,,,,
CC(C)[C@H](CO)Nc1nc(Nc2cc(N)cc(Cl)c2)c2ncn(C(C)C)c2n1,-0.099086932,train,random,11,,,,
O=C(NC1CCNCC1)c1ccc2cn[nH]c2c1,1.70808081,train,random,11,,,,
CC(C)(C)OC(=O)N1CCCC1C(=O)N1CCC(C(=O)N[C@@H](Cc2c[nH]c3ccccc23)C(=O)O)CC1,1.842553077,train,random,11,,,,
CC(=O)Nc1ncc(C(=O)O)s1,1.854123782,train,random,11,,,,
Cc1cccc(-c2nc(C34CCC(C(N)=O)(CC3)CC4)[nH]c2-c2ccc3c(c2)OCO3)n1,0.21031852,train,random,11,,,,
C=CC(=O)N1CCC[C@@H](n2nc(-c3ccc(Oc4ccccc4)cc3)c3c(N)ncnc32)C1,-0.35853,test,random,11,0.5986417374199998,0.5552214400199998,0.3024674260600001,0.54174001702
CCCc1cc(N2CCc3c(nc(C4CC4)n3C)C2)n2ncnc2n1,1.388207807,test,random,11,0.6625168102399998,1.2179475399800008,0.7357786210599998,1.3564577341499995
[2H]C([2H])([2H])NC(=O)c1nnc(NC(=O)C2CC2)cc1Nc1cccc(-c2ncn(C)n2)c1OC,1.236577565,test,random,11,0.9109293820300004,0.5461872175300002,0.7215484007299997,0.9993047382400003
O=C(Nc1cccnc1)c1ccnc(NC(=O)C2CC2)c1,1.615287063,test,random,11,0.65162352262,0.8788040015399998,1.26448992625,1.4813217621899997
CC(C)(C)c1ccc(-c2nc3n(c(=O)c2C#N)CCS3)cc1,0.455758203,test,random,11,1.2491822955500003,0.84354954032,0.3460771846600001,0.6383672167800001
CC#CC(=O)N1CC[C@@H](n2cc(-c3ccc(Oc4c(F)cccc4F)cc3)c3c(N)n[nH]c(=O)c32)C1,-0.029188389,test,random,11,0.9280131628799997,0.29774366203000013,0.40741546959,0.20236555999999997
COc1ccccc1-c1cc(NC(=O)c2cccc(N3CCNC3=O)c2)[nH]n1,-0.742321425,test,random,11,0.5925592614999998,0.58684648193,0.7343822737199998,0.7199003427400001
O=C(Nc1cccc(-c2nncn2C2CC2)c1)c1cc(-n2cnc(C3CC3)c2)ccn1,0.611935625,test,random,11,0.5534777959600001,0.7190068415,0.8198754762000003,0.6133801255899995
Cc1ccc(C(=O)N2CCC(Cc3ccccc3-c3ccccc3)(C(=O)N(C)C)CC2)s1,-0.590066877,test,random,11,1.1594842508199994,0.7218866912199996,0.46976638313,0.34852194053000013
C[C@H]1CN(C(=O)CC(c2ccccc2)c2ccccc2)C[C@@H](C)O1,0.718335579,test,random,11,1.36691820421,1.01744397642,0.6148244268599998,0.7802230108499999
CN1[C@H]2CC[C@@H]1C[C@@H](OC(c1ccccc1)c1ccccc1)C2,1.180842415,test,random,11,1.36639030713,0.98844068348,0.43600085451000004,0.6806042515099997
OC[C@H](Nc1cncc(-c2ccc3[nH]ncc3n2)c1)c1ccccc1,1.024690862,test,random,11,0.54839038211,0.9741445067800002,0.7405578429599998,0.5813733238799998
CC(=O)N1CCN(c2nc(C(F)(F)F)nc3sc(C)c(C)c23)CC1,0.624282096,test,random,11,1.1917189519799998,1.14786795688,0.5105714683999998,0.6911537148599994
COc1ccc([C@H]2CN(C(C)=O)[C@@H]3CCCN(Cc4cccc(F)c4)[C@H]23)cc1,0.594060901,test,random,11,0.9723947321799998,1.01291665455,0.3822763977199999,0.9271131238699998
OCC1CCCCN1Cc1ccc(-c2ccccc2)cc1,1.394924244,test,random,11,1.3066695453900001,1.0437177478500004,0.7759323128100003,0.7651862613099999
CC1(C)CC(Oc2ccc(-c3ccc(-c4cn[nH]c4)cc3O)nn2)CC(C)(C)N1,1.241969612,test,random,11,0.6231619596199999,0.7286472901599998,0.3774228975199999,0.5769288020799999
C=CC(=O)Nc1cccc(Oc2nc(Nc3ccc(N4CCN(C)CC4)cc3)nc3ccoc23)c1,-0.208309351,test,random,11,-0.0548858243499999,-0.16749082577999996,0.08056204984000002,-0.07264186526999997
CC/C(=C(\c1ccccc1)c1ccc(OCCN(C)C)cc1)c1ccccc1,-0.341988603,test,random,11,1.2938482031199998,0.33404661648,0.27143007894999993,0.09760013077
COc1ccc(CCCN2CCN(c3cnn(C)c3)C(=O)C2)cc1F,1.308414999,test,random,11,0.8149265770100002,1.2811449718300005,0.9235516268099998,1.59376250252
O=S(=O)(c1cccc2c(O)nccc12)N1CCCNCC1,1.990813743,test,random,11,1.5946083668499993,1.3490364951799996,1.4188078844299992,1.6422777976499987
Cc1ccc(NC(=O)CN2[C@H]3CCCC(=O)N[C@@]3(C)C[C@H]2Cc2ccccc2)cc1F,0.360971884,test,random,11,0.5035292883799999,1.0915683371800002,0.8180282688499996,0.8052984229899994
CC(=O)Nc1ncc(CN2CCCC[C@@H]2C)s1,1.923109252,test,random,11,1.4503766225099997,1.4240967551300008,1.1030724420800002,1.4663819255900001
COCCc1noc(CN2CC(c3ccccc3)(c3ccccc3)CCC2=O)n1,1.25166255,test,random,11,1.06049108293,0.91710760388,0.6408360320399998,0.82629786594
Cc1[nH]nc2c1C1(CCCCC1)CC(=O)N2,1.284633733,test,random,11,1.21769827241,1.4031973116,0.6933108019499998,1.5018855255199997
CC1(C)CC(=O)C2=C(C1)NC(=O)CC2c1ccc(Br)cc1,0.944630702,test,random,11,1.48953847113,0.8084571412700003,0.6187820772799999,0.7640776242599999
CNC(=O)C1(Cc2ccc(-c3cccnc3)cc2)CCN(Cc2ccccc2Cl)C1,0.273695588,test,random,11,0.977992773750001,0.6106283519599999,0.7557747129500001,0.6623937433799998
O=C1NCCSc2c1sc1ccc(O)cc21,1.164679941,test,random,11,0.8997086479999998,1.38582985878,0.4849032430699997,1.1442680211300003
COc1cc2nc(N3CCN(C(=O)c4ccco4)CC3)nc(N)c2cc1OC,1.371880249,test,random,11,0.5699439091999998,0.8138019352699999,1.0374127379099998,1.0806647936599998
CC(CCc1ccccc1)NCC(O)c1ccc(O)c(C(N)=O)c1,1.65850745,test,random,11,0.4163311372799998,0.5644670568799999,0.8316589937000001,1.2404156342200001
NC(=O)C1(Cc2ccc(-c3ccncc3)cc2)CCN(C(=O)Cc2cccc(F)c2)CC1,1.058463986,test,random,11,0.7610558697200002,0.7383725876199999,1.0139086871599998,0.47178094094999984
COc1ccc(OC[C@@H]2c3cc(OC)c(OC)cc3CCN2C(=O)c2cccc(Cl)c2)cc1,0.232233521,test,random,11,0.6713131473399998,0.7028469193699998,0.4981957404899995,0.3585535540699996
O=C(Nc1cccc2c(=O)cc(-c3nnn[nH]3)oc12)c1ccc(OCCCCc2ccccc2)cc1,0.77224834,test,random,11,0.04915656059000005,0.13427769938,0.28957062605,-0.009252662739999981
COc1cc2nc(-c3cc(F)ccc3O)nc(N[C@@H]3CNC[C@H]3C(C)(C)O)c2cc1OC.Cl,-0.823908741,test,random,11,0.8001996026599998,0.6127959146499999,0.2141861206,0.40181736665999984
CC(C)[C@@](C)(O)[C@@H]1CN(c2nc(-c3n[nH]c4ncccc34)c(F)cc2Cl)CCN1,0.622421274,test,random,11,0.47767212254,0.9477275422600004,0.8954458180600006,0.5755510778699996
CNc1cc(Nc2cccn(-c3ccccn3)c2=O)nn2c(C(=O)N[C@@H]3C[C@@H]3F)cnc12,0.51851394,train,random,12,,,,
CCOc1cc2nn(CCC(C)(C)O)cc2cc1NC(=O)c1cccc(C(F)F)n1,0.268343914,train,random,12,,,,
CN(c1ncc(F)cn1)[C@H]1CCCNC1,2.0,train,random,12,,,,
CC(C)NCC(O)COc1cccc2ccccc12,1.347759218,train,random,12,,,,
COc1ccc(Cl)cc1C(=O)NCCc1ccc(S(=O)(=O)NC(=O)NC2CCCCC2)cc1,-0.943095149,train,random,12,,,,
C=CC(=O)N1CCC[C@@H](n2nc(-c3ccc(Oc4ccccc4)cc3)c3c(N)ncnc32)C1,-0.35853,train,random,12,,,,
CC(C)NC(=O)COc1cccc(-c2nc(Nc3ccc4[nH]ncc4c3)c3ccccc3n2)c1,-0.504455662,train,random,12,,,,
CCS(=O)(=O)N1CC(CC#N)(n2cc(-c3ncnc4[nH]ccc34)cn2)C1,2.0,train,random,12,,,,
COc1ccc(S(=O)(=O)N2CCC(N3CCC(C)CC3)CC2)cc1,1.626076768,train,random,12,,,,
Cc1c[nH]c2nccc(Oc3c(F)cc(Nc4cc(Cl)nc(N)n4)cc3F)c12,-0.68613278,train,random,12,,,,
COc1cc2c(cc1OC)CC(=O)N(CCCN(C)C[C@H]1Cc3cc(OC)c(OC)cc31)CC2,1.615139594,train,random,12,,,,
CCCc1cc(N2CCc3c(nc(C4CC4)n3C)C2)n2ncnc2n1,1.388207807,train,random,12,,,,
Fc1ccc(-c2ccc3c(c2)[nH]c2ccncc23)cn1,0.640978057,train,random,12,,,,
C=CC(=O)N1C[C@H](Nc2ncnc3[nH]ccc23)CC[C@@H]1C,1.74597993,train,random,12,,,,
Cn1cc(Nc2nccc(N3CC4CCC(C3)N4C(=O)[C@@H]3CC3(F)F)n2)cn1,1.786412441,train,random,12,,,,
[2H]C([2H])([2H])NC(=O)c1nnc(NC(=O)C2CC2)cc1Nc1cccc(-c2ncn(C)n2)c1OC,1.236577565,train,random,12,,,,
C=CC(=O)N1CCC(CNc2ncnc(N)c2-c2ccc(Oc3ccccc3)cc2)CC1,0.901294817,train,random,12,,,,
Nc1n[nH]cc1-c1cc(Cl)ccc1Oc1cc(F)c(S(=O)(=O)Nc2cscn2)cc1Cl,-0.08249449,train,random,12,,,,
Cc1c(-c2c(F)cc(C(N)=O)c3[nH]c4c(c23)CC[C@H](C(C)(C)O)C4)cccc1-n1c(=O)c2cccc(F)c2n(C)c1=O,0.326540669,train,random,12,,,,
O=C(Nc1cccnc1)c1ccnc(NC(=O)C2CC2)c1,1.615287063,train,random,12,,,,
O=C(c1ccc(Oc2ccccc2)cc1Cl)c1c[nH]c2ncnc(N[C@@H]3CC[C@@H](CO)OC3)c12,-0.295849483,train,random,12,,,,
N#CC[C@H](C1CCCC1)n1cc(-c2ncnc3[nH]ccc23)cn1,1.244598701,train,random,12,,,,
CC(C)(C)c1ccc(-c2nc3n(c(=O)c2C#N)CCS3)cc1,0.455758203,train,random,12,,,,
CC#CC(=O)N1CC[C@@H](n2c(=O)n(-c3ccc(Oc4ccccc4)cc3)c3c(N)ncnc32)C1,0.669595781,train,random,12,,,,
C=CC(=O)N1CCC([C@@H]2CCNc3c(C(N)=O)c(-c4ccc(Oc5ccccc5)cc4)nn32)CC1,0.231979027,train,random,12,,,,
C=CC(=O)N1CCC[C@H](n2c(=O)n(-c3ccc(Oc4ccccc4)cc3)c3c(N)ncnc32)C1,0.276231958,train,random,12,,,,
CC(C)(C=C(C#N)C(=O)N1CCC[C@@H](n2nc(-c3ccc(Oc4ccccc4)cc3F)c3c(N)ncnc32)C1)N1CCN(C2COC2)CC1,0.123198075,train,random,12,,,,
CC#CC(=O)N1CC[C@@H](n2cc(-c3ccc(Oc4c(F)cccc4F)cc3)c3c(N)n[nH]c(=O)c32)C1,-0.029188389,train,random,12,,,,
C=CC(=O)Nc1cccc(Oc2nc(Nc3ccc(N4CCN(C)CC4)c(F)c3)nc3[nH]ccc23)c1,-0.139063379,train,random,12,,,,
C[C@@H]1c2nnn(-c3ncc(F)cn3)c2CCN1C(=O)c1cccc(C(F)(F)F)c1Cl,1.240049772,train,random,12,,,,
COc1ccccc1-c1cc(NC(=O)c2cccc(N3CCNC3=O)c2)[nH]n1,-0.742321425,train,random,12,,,,
Nc1ncc(-c2cccc(C(F)(F)F)c2)c(C2CCCCN2C(=O)c2ccccc2)n1,0.137354111,train,random,12,,,,
O=C(Nc1cccc(-c2nncn2C2CC2)c1)c1cc(-n2cnc(C3CC3)c2)ccn1,0.611935625,train,random,12,,,,
Fc1ccccc1-c1c[nH]nc1C1CCCN1Cc1ccc2ncccc2c1,0.460897843,train,random,12,,,,
Cc1nccc(-c2cn(Cc3ccccc3)c3cnccc23)n1,1.207445854,train,random,12,,,,
Cc1c(Cl)ccc2cc3n(c12)[C@@H](C)CNC3=O,0.696793085,train,random,12,,,,
Nc1ncnc2c1c(-c1ccc(Oc3ccccc3)cc1)nn2[C@@H]1CCCNC1,0.846275242,train,random,12,,,,
COc1nn(C)cc1C(=O)Nc1cccc(-c2cnc3n2CCC3)c1,0.685562611,train,random,12,,,,
COc1cc(F)ccc1-c1ncnc(Nc2cccc(C[S@@](C)(=N)=O)c2)n1,1.574609941,train,random,12,,,,
Cc1ncc(CN2CC[C@@H](Nc3cncc(Cl)n3)[C@@H](C)C2)s1,1.264227348,train,random,12,,,,
Cc1ccc(C(=O)N2CCC(Cc3ccccc3-c3ccccc3)(C(=O)N(C)C)CC2)s1,-0.590066877,train,random,12,,,,
CCc1nc2c(C)cc(N3CCN(CC(=O)N4CC(O)C4)CC3)cn2c1N(C)c1nc(-c2ccc(F)cc2)c(C#N)s1,-0.434152181,train,random,12,,,,
CN(C)C(=O)C1(Cc2ccccc2-c2ccccc2)CCN(C(=O)C2CCCO2)CC1,1.265713811,train,random,12,,,,
CC(=O)Nc1ccc(C(=O)N2CCCCC2c2nc(N)ncc2-c2cccc(Cl)c2)cc1,0.584331224,train,random,12,,,,
O=C1CN(c2ccc(Nc3nccc(C(F)(F)F)n3)cn2)CCN1,1.433497815,train,random,12,,,,
Cc1cc(F)ccc1C1C(=O)NCCN1C(=O)c1ccc2nccn2c1,1.950724994,train,random,12,,,,
O=C1NCCN(C(=O)c2ccncc2)C1c1ccccc1Cl,1.868168158,train,random,12,,,,
C[C@H]1CN(C(=O)CC(c2ccccc2)c2ccccc2)C[C@@H](C)O1,0.718335579,train,random,12,,,,
CN1[C@H]2CC[C@@H]1C[C@@H](OC(c1ccccc1)c1ccccc1)C2,1.180842415,train,random,12,,,,
CC(C)(C)C(=O)N1CCC(Cc2ccc(-c3cccs3)cc2)(C(=O)N2CCCC2)CC1,0.008174184,train,random,12,,,,
OC[C@H](Nc1cncc(-c2ccc3[nH]ncc3n2)c1)c1ccccc1,1.024690862,train,random,12,,,,
OCC1CCCCN1Cc1ccc(Cl)c(Cl)c1,1.484982782,train,random,12,,,,
CC(=O)N1CCN(c2nc(C(F)(F)F)nc3sc(C)c(C)c23)CC1,0.624282096,train,random,12,,,,
COc1ccccc1C(=O)Nc1ccc2cc[nH]c2c1,0.571825249,train,random,12,,,,
c1ccc(Oc2cccc(CN(CCN3CCOCC3)Cc3cccnc3)c2)cc1,0.142389466,train,random,12,,,,
COc1ccc([C@H]2CN(C(C)=O)[C@@H]3CCCN(Cc4cccc(F)c4)[C@H]23)cc1,0.594060901,train,random,12,,,,
OCC1CCCCN1Cc1ccc(-c2ccccc2)cc1,1.394924244,train,random,12,,,,
Nc1ncc(C(=O)NC2CN(C(=O)C3CC3)C2)c2ccc(-c3cccc(F)c3)nc12,0.38219721,train,random,12,,,,
CC1(C)CC(Oc2ccc(-c3ccc(-c4cn[nH]c4)cc3O)nn2)CC(C)(C)N1,1.241969612,train,random,12,,,,
Cc1nnc(-c2ccc3occ(-c4ccc(S(C)=O)cc4)c3c2)o1,1.077985291,train,random,12,,,,
O=C(CCNC(=O)c1ccc(OC(F)(F)F)cc1)N[C@@H]1CCCc2ccccc21,0.630427875,train,random,12,,,,
O=S(=O)(c1cccc2cnccc12)N1CCCNCC1,1.844321821,train,random,12,,,,
C=CC(=O)Nc1cccc(Oc2nc(Nc3ccc(N4CCN(C)CC4)cc3)nc3ccoc23)c1,-0.208309351,train,random,12,,,,
CCN1CCN(S(=O)(=O)Cc2ccc(Cl)c(Cl)c2)CC1,1.071845201,train,random,12,,,,
O=C(Nc1nc2cccc(-c3ccc(CN4CCS(=O)(=O)CC4)cc3)n2n1)C1CC1,1.601853652,train,random,12,,,,
CCn1c(CO)nn(-c2cc(O[C@@H](C)C(F)(F)F)c(C(=O)Nc3c(F)cccc3Cl)cc2F)c1=O,0.876910311,train,random,12,,,,
CCN(C/C=C\c1ccc(C2CCCCC2)c(Cl)c1)C1CCCCC1,-0.266802735,train,random,12,,,,
NCCN1CCN(C/C=C/C(=O)N2CCC[C@@H](n3nc(-c4ccc(Oc5ccccc5)cc4)c4c(N)ncnc43)C2)CC1,0.686814955,train,random,12,,,,
Cn1c(C2CC2)nc2c1CCN(c1ncnc3ccsc13)C2,1.192985379,train,random,12,,,,
CC/C(=C(\c1ccccc1)c1ccc(OCCN(C)C)cc1)c1ccccc1,-0.341988603,train,random,12,,,,
COc1nn(C)cc1C(=O)Nc1cccc2cnccc12,1.58945809,train,random,12,,,,
CNC(=O)C1(Cc2ccc(-c3ccncc3)cc2)CCN(Cc2cccc(F)c2)C1,0.715167358,train,random,12,,,,
COc1ccc(CCCN2CCN(c3cnn(C)c3)C(=O)C2)cc1F,1.308414999,train,random,12,,,,
Cc1noc(C(C)C)c1C(=O)N1CC(C)OC(c2ccccc2)C1,1.111934276,train,random,12,,,,
CN(Cc1ccccc1)C1(C(=O)N2CCNC(=O)CC2)Cc2ccccc2C1,0.912806393,train,random,12,,,,
Cc1c(F)cccc1NC(=O)CN1[C@H]2CCCC(=O)N[C@@]2(C)C[C@H]1Cc1ccccc1,0.925312092,train,random,12,,,,
CCC1=C(C)CN(C(=O)NCCc2ccc(S(=O)(=O)NC(=O)N[C@H]3CC[C@H](C)CC3)cc2)C1=O,-1.638272164,train,random,12,,,,
O=S(=O)(c1cccc2c(O)nccc12)N1CCCNCC1,1.990813743,train,random,12,,,,
Cc1ccc(NC(=O)CN2[C@H]3CCCC(=O)N[C@@]3(C)C[C@H]2Cc2ccccc2)cc1F,0.360971884,train,random,12,,,,
CN(C)C(=O)C1(Cc2ccccc2-c2cccc(F)c2)CCN(C(=O)C2CC=CCC2)CC1,0.142702246,train,random,12,,,,
COCC(=O)N1CCC(Cc2ccccc2-c2cccc(F)c2)(C(=O)NC(C)C)CC1,1.076967952,train,random,12,,,,
C#C[C@@](C)(CC)NC(=O)c1cc(F)cnc1NC1CC(F)(F)C1,0.850278553,train,random,12,,,,
Cn1cc(Nc2nc(N)nc(-c3cccc(-n4ccc5cc(C6CC6)cc(F)c5c4=O)c3CO)n2)cn1,0.581038949,train,random,12,,,,
Cc1cnc(C(=O)NCCc2ccc(S(=O)(=O)NC(=O)NC3CCCCC3)cc2)cn1,-0.204119983,train,random,12,,,,
CNC(=O)C1(Cc2ccc(-c3cccnc3)cc2)CCN(Cc2ccc(F)cc2)C1,0.918868743,train,random,12,,,,
CNC(=O)C1(Cc2ccc(-c3cccnc3)cc2)CCN(Cc2cccc(F)c2)C1,0.531095547,train,random,12,,,,
CC(=O)Nc1ncc(CN2CCCC[C@@H]2C)s1,1.923109252,train,random,12,,,,
O=C1CCCC[C@@H]2[C@H](C[C@@H](Cc3ccccc3F)N2C(=O)c2cccc3ncccc23)N1,1.348966512,train,random,12,,,,
CCOc1cc(CC(=O)N[C@@H](CC(C)C)c2ccccc2N2CCCCC2)ccc1C(=O)O,-0.063486258,train,random,12,,,,
CC(O)(C#Cc1ccc2c(c1)N(c1nc(N)ncc1Cl)CC2)c1nccs1,0.275311355,train,random,12,,,,
COCCc1noc(CN2CC(c3ccccc3)(c3ccccc3)CCC2=O)n1,1.25166255,train,random,12,,,,
Cc1[nH]nc2c1C1(CCCCC1)CC(=O)N2,1.284633733,train,random,12,,,,
Cc1oc2ccccc2c1CNc1nnc(-c2ccncc2)o1,-0.172630727,train,random,12,,,,
O=C(Nc1cccc2ncccc12)[C@H]1CCCN(S(=O)(=O)c2ccccc2)C1,1.091666958,train,random,12,,,,
C[C@@H]1Cc2ccccc2N1C(=O)Cn1nc(-c2cccc3ncccc23)oc1=O,0.360404055,train,random,12,,,,
Nc1ncnc2c1c(-c1cnc3[nH]ccc3c1)nn2C1CCCC1,0.780605306,train,random,12,,,,
O=C(Nc1cnccc1-c1ccc(Cl)cc1)c1ccnc(NC(=O)C2CC2)c1,0.847634344,train,random,12,,,,
CN1C(N)=N[C@](C)(c2cc(NC(=O)c3ccc(F)cn3)ccc2F)CS1(=O)=O,1.491417728,train,random,12,,,,
CC1CN(C(=O)c2cccnc2N2CCOCC2)CC(c2ccccc2)O1,1.555686814,train,random,12,,,,
CN(C)C(=O)C1(Cc2ccccc2-c2ccccc2)CCN(C(=O)c2cnn(C)c2)CC1,1.146840934,train,random,12,,,,
CC1(C)CC(=O)C2=C(C1)NC(=O)CC2c1ccc(Br)cc1,0.944630702,train,random,12,,,,
CN1CCN(S(=O)(=O)c2ccc(-c3cnc(N)c(C(=O)Nc4cccnc4)n3)cc2)CC1,0.915558115,train,random,12,,,,
CNC(=O)C1(Cc2ccc(-c3cccnc3)cc2)CCN(Cc2ccccc2Cl)C1,0.273695588,train,random,12,,,,
Cc1cc(N2CCCC2c2cc(CCC(=O)O)cc(C)n2)ncn1,2.0,train,random,12,,,,
COc1cc2ncnc(Nc3cccc(O)c3)c2cc1OC,0.650307523,train,random,12,,,,
Cc1cc(C)c2c(N)c(C(=O)NCc3ccc(Cl)cc3)sc2n1,-0.185752404,train,random,12,,,,
CC1(CNC(=O)c2cncc(C3CCNCC3)n2)CCCO1,1.960042456,train,random,12,,,,
Cc1cc(N2CCCC2)nc(C2CCCN(C)C2)n1,1.861522463,train,random,12,,,,
O=C1NCCSc2c1sc1ccc(O)cc21,1.164679941,train,random,12,,,,
CCn1cc(C(=O)O)c(=O)c2c(N)c(F)c(NC3CCCCC3)cc21,0.426673888,train,random,12,,,,
COc1cc2nc(N3CCN(C(=O)c4ccco4)CC3)nc(N)c2cc1OC,1.371880249,train,random,12,,,,
CC(CCc1ccccc1)NCC(O)c1ccc(O)c(C(N)=O)c1,1.65850745,train,random,12,,,,
CC1(C)Cc2cc(NC(=O)c3cnn4cccnc34)c(OCC3CC3)nc2O1,0.38219721,train,random,12,,,,
N#Cc1cc(F)c(NS(=O)(=O)c2c[nH]c3cc(Cl)ccc23)cc1F,-0.251811973,train,random,12,,,,
COCCc1ccc(OCC(O)CNC(C)C)cc1,2.0,train,random,12,,,,
COc1cc(Cc2cnc(N)nc2N)cc(OC)c1OC,1.855513099,train,random,12,,,,
CC(C(=O)O)c1cccc(C(=O)c2ccccc2)c1,0.047274867,train,random,12,,,,
COc1cc2c(cc1OC)CN(CCc1ccc(NC(=O)c3cccc4c(O)c5cccc(OC)c5nc34)cc1)CC2,-1.292429824,train,random,12,,,,
CCCc1nc2nc(C)c(NS(=O)(=O)c3ccc(C4CCCCC4)cc3)c(O)n2n1,-0.137272472,train,random,12,,,,
COc1ccc([C@H]2c3[nH]c4ccc(Cl)cc4c3CCN2C(=O)Oc2ccc(Cl)cc2)cc1,1.754608223,train,random,12,,,,
NC(=O)C1(Cc2ccc(-c3ccncc3)cc2)CCN(C(=O)Cc2cccc(F)c2)CC1,1.058463986,train,random,12,,,,
CC(=O)Nc1ccc(O)cc1,1.916985305,train,random,12,,,,
O=C(NC1CCNCC1)c1ccc2[nH]ncc2c1,1.92695435,train,random,12,,,,
Cc1cccc(/C=N/Nc2cc(N3CCOCC3)nc(OCCc3ccccn3)n2)c1,-0.27572413,train,random,12,,,,
CCn1c(=O)oc2cc(NC(=O)c3ccc(C(C)(C)C)cc3)ccc21,0.180412633,train,random,12,,,,
COc1ccc(OC[C@@H]2c3cc(OC)c(OC)cc3CCN2C(=O)c2cccc(Cl)c2)cc1,0.232233521,train,random,12,,,,
CC(C)[C@H](CO)Nc1nc(Nc2cc(N)cc(Cl)c2)c2ncn(C(C)C)c2n1,-0.099086932,train,random,12,,,,
O=C(NC1CCNCC1)c1ccc2cn[nH]c2c1,1.70808081,train,random,12,,,,
CC(C)(C)OC(=O)N1CCCC1C(=O)N1CCC(C(=O)N[C@@H](Cc2c[nH]c3ccccc23)C(=O)O)CC1,1.842553077,train,random,12,,,,
O=C(Nc1cccc2c(=O)cc(-c3nnn[nH]3)oc12)c1ccc(OCCCCc2ccccc2)cc1,0.77224834,train,random,12,,,,
CC(=O)Nc1ncc(C(=O)O)s1,1.854123782,train,random,12,,,,
Cc1cccc(-c2nc(C34CCC(C(N)=O)(CC3)CC4)[nH]c2-c2ccc3c(c2)OCO3)n1,0.21031852,train,random,12,,,,
COc1cc2nc(-c3cc(F)ccc3O)nc(N[C@@H]3CNC[C@H]3C(C)(C)O)c2cc1OC.Cl,-0.823908741,train,random,12,,,,
CC(C)[C@@](C)(O)[C@@H]1CN(c2nc(-c3n[nH]c4ncccc34)c(F)cc2Cl)CCN1,0.622421274,train,random,12,,,,
CC(C)(Oc1ccc(-c2cnc(N)c(-c3ccc(Cl)cc3)c2)cc1)C(=O)O,-1.403402904,test,random,12,0.4836846564999999,0.49951419963999993,0.5013998014299996,0.28186773067999993
CC(C)(O)CCn1cc2cc(NC(=O)c3cccc(C(F)(F)F)n3)c(C(C)(C)O)cc2n1,1.092264361,test,random,12,0.62107649765,0.45451260645,0.6273713286400001,0.3131464617399999
CC#CC(=O)N[C@H]1CCCN(c2c(F)cc(C(N)=O)c3[nH]c(C)c(C)c23)C1,-0.639532816,test,random,12,1.2151499918900002,0.8159873058600001,0.6544787149600002,1.2968617132400004
CCn1c(-c2nonc2N)nc2cnc(Oc3cccc(NC(=O)c4ccc(OCCN5CCOCC5)cc4)c3)cc21,-0.325138859,test,random,12,0.4054198378600001,0.007694121979999976,0.2119659281400001,-0.25204337461
CC1(C)CC[C@]2(NC(=O)C(C)(F)F)CC[C@]3(C)[C@H](C(=O)C=C4[C@@]3(C)CC[C@H]3C(C)(C)C(=O)C(C#N)=C[C@]43C)[C@@H]2C1,-0.055517328,test,random,12,0.8917391756700005,0.80909488023,0.48833250783,0.11698487846000002
N#Cc1ccc2[nH]c(O)c(-c3ccc(CN4CCOCC4)cn3)c2c1,1.072507236,test,random,12,1.0840363588100006,0.89808962023,0.59050244494,1.3742055550999999
Nc1c(F)ccc2cnc(-n3ccc4ccncc43)cc12,0.631443769,test,random,12,1.1861078798300004,0.8110623480399997,0.5196785457499999,0.6981088775400001
Cn1cc(-c2cn3nccc3c(-c3cnn([C@]4(CC#N)C[C@@H](C#N)C4)c3)n2)cn1,1.364100521,test,random,12,0.5535541337100001,0.8814709672200003,0.68742966544,1.1244314521700003
C=CC(=O)Nc1cccc(Oc2nc(Nc3ccc(N4CCN(C)CC4)cc3)nc3ccsc23)c1,-0.308918508,test,random,12,0.025702871930000017,-0.047004876949999955,0.07079838271999998,-0.16103440414000006
CCc1nc(C)cn2nc(-c3cc(=O)n4cc(C5CCN(C)CC5)cc(C)c4n3)cc12,0.593618308,test,random,12,0.9050172501400003,0.49694000006999983,0.5113947046000001,0.5022739942799999
Cc1nnc(CN(C)CC(C)Oc2ccc(Cl)c(Cl)c2)n1C,1.114444172,test,random,12,1.02131343782,1.00891866343,0.8530571894300002,0.9302331531100003
C[C@@H]1CCN(C(=O)CC#N)C[C@@H]1N(C)c1ncnc2[nH]ccc12,1.747124255,test,random,12,1.1208831167400002,1.2783652335500006,0.84954892826,1.6851800858199997
CC(=O)Nc1ccc(C(=O)N2CCCCC2c2nc(N)ncc2-c2ccc(Cl)cc2)cc1,0.549861188,test,random,12,1.0936402236699994,0.5096085308600006,0.6159821573300004,0.4940945088100003
O=C1NCCN(C(=O)c2ccc3nccn3c2)C1c1ccccc1C(F)(F)F,1.801527189,test,random,12,1.2469860469900003,1.2579075334899996,1.40995303981,1.24364748828
Cc1ncsc1C(=O)N1CCCCC1c1nc(N(C)C)ncc1-c1cccc(Cl)c1,0.021602716,test,random,12,0.3901264437699998,0.4350231392600002,0.6523483157600002,0.4790164615099998
Cc1c(C(=O)NCCCN(C)C)sc2ncnc(Nc3ccc(F)cc3OC(C)C)c12,0.966376423,test,random,12,0.8438044324300005,-0.04583497758,0.32467820682000004,-0.09616732682999997
Cc1ncsc1C(=O)N1CCCCC1c1nc(N)ncc1-c1cccc(C(F)(F)F)c1,0.86254877,test,random,12,0.35746993183000014,0.46031031928000005,0.5826997326200003,0.40191725883999985
O=C(Nc1ccc2ccccc2n1)c1ccc(N2CCOC2=O)cc1,0.069298012,test,random,12,1.0482158760100004,1.06555805792,0.6578334799199999,0.6098338217499998
Cc1ncc(CN2CCC(Nc3ccc4nnnn4n3)C(C)C2)s1,1.579154557,test,random,12,1.2017444399300015,1.19105061147,1.0403358504600004,1.6070083003700004
Cc1nc(Nc2nccs2)cc(C2CN(c3ncccn3)C2)n1,0.374565061,test,random,12,0.88626175815,1.1903750861800004,0.8547145900400004,1.41469655974
COc1ccc(Nc2c(C#N)cnc3cc(OC)c(OC)cc23)cc1Cl,0.115943177,test,random,12,1.1081319603400004,0.5379807277000002,0.36040956291999976,0.4847332593599999
COc1ccc(CNC(=O)c2sc3nc(C)cc(C)c3c2N)cc1,-0.18243463,test,random,12,0.4972966284000004,0.2663288556100001,0.6321410564400002,0.29422036363000004
CCCCNC(=O)NS(=O)(=O)c1ccc(C)cc1,0.440121603,test,random,12,0.5506471455700002,0.9533778585100002,0.7182789392700001,1.7372892135700004
Cc1cc(Nc2cnccn2)cc(C2CCCN(CC(=O)N3CCCC3)C2)n1,1.632416797,test,random,12,1.4986579079599998,1.0481373569200003,1.13463337942,1.2503658727600002
Cc1cccnc1Nc1cccc(C2CCCN(CC(=O)Nc3nccs3)C2)n1,0.637289548,test,random,12,0.82729363891,0.6568241875199999,0.96233593732,0.44987354483000014
CCCNC(=O)NS(=O)(=O)c1ccc(Cl)cc1,0.628286731,test,random,12,0.4898230590400001,1.0321326691000003,0.6510289060900001,1.6603781573500003
O=C(CN1CCCC(c2cccc(Cc3cccc(F)c3)n2)C1)N1CCCC1,0.953856298,test,random,12,0.8692828100600001,0.9836641294500006,1.0015866581400006,0.81608143278
COCCNC(=O)c1ccnc(C2CCNCC2)c1,2.0,test,random,12,1.3730638221799998,1.6439113450599996,1.12914187915,1.8040937456099997
COc1nc2sc(C(=O)NC3CC3)c(N)c2c(C)c1Cl,0.452093249,test,random,12,1.1200137659000011,0.8781063116000002,0.46069538479,1.1437941800400004
CC(C)CC(NC(=O)C(O)C(N)Cc1ccccc1)C(=O)O,1.54052968,test,random,12,1.1824846718000002,1.25766099537,1.4001173141299998,1.5119478461400004
C=CCc1ccccc1OCC(O)CNC(C)C,1.496029699,test,random,12,1.1575638085699993,1.2963155961299997,1.0368616990699997,1.705320183609999
Nc1nc(=O)c2ncn(COCCO)c2[nH]1,1.850860573,test,random,12,1.0957507986900004,1.3912600960099997,1.0003514931400002,1.6511862840500007
NCCCC[C@H](N[C@@H](CCc1ccccc1)C(=O)O)C(=O)N1CCC[C@H]1C(=O)O,2.0,test,random,12,1.06607277489,0.9671367154999999,1.1952987431600004,1.0230930223399999
N#Cc1ccc(COc2cccc(C3CCN(Cc4nc5ccc(C(=O)O)cc5n4C[C@@H]4CCO4)CC3)n2)c(F)c1,0.312177356,test,random,12,0.7040619478000001,0.09098061152999995,0.33992422002999995,-0.016650668990000016
CCOc1cc2nn(CCC(C)(C)O)cc2cc1NC(=O)c1cccc(C(F)F)n1,0.268343914,train,random,13,,,,
CC(C)(Oc1ccc(-c2cnc(N)c(-c3ccc(Cl)cc3)c2)cc1)C(=O)O,-1.403402904,train,random,13,,,,
CC(C)(O)CCn1cc2cc(NC(=O)c3cccc(C(F)(F)F)n3)c(C(C)(C)O)cc2n1,1.092264361,train,random,13,,,,
CC#CC(=O)N[C@H]1CCCN(c2c(F)cc(C(N)=O)c3[nH]c(C)c(C)c23)C1,-0.639532816,train,random,13,,,,
CC(C)NCC(O)COc1cccc2ccccc12,1.347759218,train,random,13,,,,
COc1ccc(Cl)cc1C(=O)NCCc1ccc(S(=O)(=O)NC(=O)NC2CCCCC2)cc1,-0.943095149,train,random,13,,,,
C=CC(=O)N1CCC[C@@H](n2nc(-c3ccc(Oc4ccccc4)cc3)c3c(N)ncnc32)C1,-0.35853,train,random,13,,,,
CC(C)NC(=O)COc1cccc(-c2nc(Nc3ccc4[nH]ncc4c3)c3ccccc3n2)c1,-0.504455662,train,random,13,,,,
COc1ccc(S(=O)(=O)N2CCC(N3CCC(C)CC3)CC2)cc1,1.626076768,train,random,13,,,,
CCn1c(-c2nonc2N)nc2cnc(Oc3cccc(NC(=O)c4ccc(OCCN5CCOCC5)cc4)c3)cc21,-0.325138859,train,random,13,,,,
CC1(C)CC[C@]2(NC(=O)C(C)(F)F)CC[C@]3(C)[C@H](C(=O)C=C4[C@@]3(C)CC[C@H]3C(C)(C)C(=O)C(C#N)=C[C@]43C)[C@@H]2C1,-0.055517328,train,random,13,,,,
Cc1c[nH]c2nccc(Oc3c(F)cc(Nc4cc(Cl)nc(N)n4)cc3F)c12,-0.68613278,train,random,13,,,,
COc1cc2c(cc1OC)CC(=O)N(CCCN(C)C[C@H]1Cc3cc(OC)c(OC)cc31)CC2,1.615139594,train,random,13,,,,
N#Cc1ccc2[nH]c(O)c(-c3ccc(CN4CCOCC4)cn3)c2c1,1.072507236,train,random,13,,,,
CCCc1cc(N2CCc3c(nc(C4CC4)n3C)C2)n2ncnc2n1,1.388207807,train,random,13,,,,
Fc1ccc(-c2ccc3c(c2)[nH]c2ccncc23)cn1,0.640978057,train,random,13,,,,
Nc1c(F)ccc2cnc(-n3ccc4ccncc43)cc12,0.631443769,train,random,13,,,,
C=CC(=O)N1C[C@H](Nc2ncnc3[nH]ccc23)CC[C@@H]1C,1.74597993,train,random,13,,,,
Cn1cc(Nc2nccc(N3CC4CCC(C3)N4C(=O)[C@@H]3CC3(F)F)n2)cn1,1.786412441,train,random,13,,,,
[2H]C([2H])([2H])NC(=O)c1nnc(NC(=O)C2CC2)cc1Nc1cccc(-c2ncn(C)n2)c1OC,1.236577565,train,random,13,,,,
C=CC(=O)N1CCC(CNc2ncnc(N)c2-c2ccc(Oc3ccccc3)cc2)CC1,0.901294817,train,random,13,,,,
Nc1n[nH]cc1-c1cc(Cl)ccc1Oc1cc(F)c(S(=O)(=O)Nc2cscn2)cc1Cl,-0.08249449,train,random,13,,,,
Cn1cc(-c2cn3nccc3c(-c3cnn([C@]4(CC#N)C[C@@H](C#N)C4)c3)n2)cn1,1.364100521,train,random,13,,,,
O=C(Nc1cccnc1)c1ccnc(NC(=O)C2CC2)c1,1.615287063,train,random,13,,,,
N#CC[C@H](C1CCCC1)n1cc(-c2ncnc3[nH]ccc23)cn1,1.244598701,train,random,13,,,,
CC(C)(C)c1ccc(-c2nc3n(c(=O)c2C#N)CCS3)cc1,0.455758203,train,random,13,,,,
C=CC(=O)Nc1cccc(Oc2nc(Nc3ccc(N4CCN(C)CC4)cc3)nc3ccsc23)c1,-0.308918508,train,random,13,,,,
CC#CC(=O)N1CC[C@@H](n2c(=O)n(-c3ccc(Oc4ccccc4)cc3)c3c(N)ncnc32)C1,0.669595781,train,random,13,,,,
C=CC(=O)N1CCC([C@@H]2CCNc3c(C(N)=O)c(-c4ccc(Oc5ccccc5)cc4)nn32)CC1,0.231979027,train,random,13,,,,
C=CC(=O)N1CCC[C@H](n2c(=O)n(-c3ccc(Oc4ccccc4)cc3)c3c(N)ncnc32)C1,0.276231958,train,random,13,,,,
CC#CC(=O)N1CC[C@@H](n2cc(-c3ccc(Oc4c(F)cccc4F)cc3)c3c(N)n[nH]c(=O)c32)C1,-0.029188389,train,random,13,,,,
C=CC(=O)Nc1cccc(Oc2nc(Nc3ccc(N4CCN(C)CC4)c(F)c3)nc3[nH]ccc23)c1,-0.139063379,train,random,13,,,,
COc1ccccc1-c1cc(NC(=O)c2cccc(N3CCNC3=O)c2)[nH]n1,-0.742321425,train,random,13,,,,
Nc1ncc(-c2cccc(C(F)(F)F)c2)c(C2CCCCN2C(=O)c2ccccc2)n1,0.137354111,train,random,13,,,,
O=C(Nc1cccc(-c2nncn2C2CC2)c1)c1cc(-n2cnc(C3CC3)c2)ccn1,0.611935625,train,random,13,,,,
CCc1nc(C)cn2nc(-c3cc(=O)n4cc(C5CCN(C)CC5)cc(C)c4n3)cc12,0.593618308,train,random,13,,,,
Cc1c(Cl)ccc2cc3n(c12)[C@@H](C)CNC3=O,0.696793085,train,random,13,,,,
Nc1ncnc2c1c(-c1ccc(Oc3ccccc3)cc1)nn2[C@@H]1CCCNC1,0.846275242,train,random,13,,,,
Cc1nnc(CN(C)CC(C)Oc2ccc(Cl)c(Cl)c2)n1C,1.114444172,train,random,13,,,,
COc1nn(C)cc1C(=O)Nc1cccc(-c2cnc3n2CCC3)c1,0.685562611,train,random,13,,,,
Cc1ncc(CN2CC[C@@H](Nc3cncc(Cl)n3)[C@@H](C)C2)s1,1.264227348,train,random,13,,,,
Cc1ccc(C(=O)N2CCC(Cc3ccccc3-c3ccccc3)(C(=O)N(C)C)CC2)s1,-0.590066877,train,random,13,,,,
CCc1nc2c(C)cc(N3CCN(CC(=O)N4CC(O)C4)CC3)cn2c1N(C)c1nc(-c2ccc(F)cc2)c(C#N)s1,-0.434152181,train,random,13,,,,
C[C@@H]1CCN(C(=O)CC#N)C[C@@H]1N(C)c1ncnc2[nH]ccc12,1.747124255,train,random,13,,,,
CN(C)C(=O)C1(Cc2ccccc2-c2ccccc2)CCN(C(=O)C2CCCO2)CC1,1.265713811,train,random,13,,,,
CC(=O)Nc1ccc(C(=O)N2CCCCC2c2nc(N)ncc2-c2ccc(Cl)cc2)cc1,0.549861188,train,random,13,,,,
CC(=O)Nc1ccc(C(=O)N2CCCCC2c2nc(N)ncc2-c2cccc(Cl)c2)cc1,0.584331224,train,random,13,,,,
O=C1CN(c2ccc(Nc3nccc(C(F)(F)F)n3)cn2)CCN1,1.433497815,train,random,13,,,,
O=C1NCCN(C(=O)c2ccc3nccn3c2)C1c1ccccc1C(F)(F)F,1.801527189,train,random,13,,,,
O=C1NCCN(C(=O)c2ccncc2)C1c1ccccc1Cl,1.868168158,train,random,13,,,,
C[C@H]1CN(C(=O)CC(c2ccccc2)c2ccccc2)C[C@@H](C)O1,0.718335579,train,random,13,,,,
CN1[C@H]2CC[C@@H]1C[C@@H](OC(c1ccccc1)c1ccccc1)C2,1.180842415,train,random,13,,,,
CC(C)(C)C(=O)N1CCC(Cc2ccc(-c3cccs3)cc2)(C(=O)N2CCCC2)CC1,0.008174184,train,random,13,,,,
OC[C@H](Nc1cncc(-c2ccc3[nH]ncc3n2)c1)c1ccccc1,1.024690862,train,random,13,,,,
Cc1ncsc1C(=O)N1CCCCC1c1nc(N(C)C)ncc1-c1cccc(Cl)c1,0.021602716,train,random,13,,,,
OCC1CCCCN1Cc1ccc(Cl)c(Cl)c1,1.484982782,train,random,13,,,,
CC(=O)N1CCN(c2nc(C(F)(F)F)nc3sc(C)c(C)c23)CC1,0.624282096,train,random,13,,,,
COc1ccccc1C(=O)Nc1ccc2cc[nH]c2c1,0.571825249,train,random,13,,,,
COc1ccc([C@H]2CN(C(C)=O)[C@@H]3CCCN(Cc4cccc(F)c4)[C@H]23)cc1,0.594060901,train,random,13,,,,
Cc1c(C(=O)NCCCN(C)C)sc2ncnc(Nc3ccc(F)cc3OC(C)C)c12,0.966376423,train,random,13,,,,
OCC1CCCCN1Cc1ccc(-c2ccccc2)cc1,1.394924244,train,random,13,,,,
Nc1ncc(C(=O)NC2CN(C(=O)C3CC3)C2)c2ccc(-c3cccc(F)c3)nc12,0.38219721,train,random,13,,,,
CC1(C)CC(Oc2ccc(-c3ccc(-c4cn[nH]c4)cc3O)nn2)CC(C)(C)N1,1.241969612,train,random,13,,,,
Cc1nnc(-c2ccc3occ(-c4ccc(S(C)=O)cc4)c3c2)o1,1.077985291,train,random,13,,,,
Cc1ncsc1C(=O)N1CCCCC1c1nc(N)ncc1-c1cccc(C(F)(F)F)c1,0.86254877,train,random,13,,,,
O=C(Nc1ccc2ccccc2n1)c1ccc(N2CCOC2=O)cc1,0.069298012,train,random,13,,,,
O=C(CCNC(=O)c1ccc(OC(F)(F)F)cc1)N[C@@H]1CCCc2ccccc21,0.630427875,train,random,13,,,,
O=S(=O)(c1cccc2cnccc12)N1CCCNCC1,1.844321821,train,random,13,,,,
C=CC(=O)Nc1cccc(Oc2nc(Nc3ccc(N4CCN(C)CC4)cc3)nc3ccoc23)c1,-0.208309351,train,random,13,,,,
CCN1CCN(S(=O)(=O)Cc2ccc(Cl)c(Cl)c2)CC1,1.071845201,train,random,13,,,,
CCN(C/C=C\c1ccc(C2CCCCC2)c(Cl)c1)C1CCCCC1,-0.266802735,train,random,13,,,,
CC/C(=C(\c1ccccc1)c1ccc(OCCN(C)C)cc1)c1ccccc1,-0.341988603,train,random,13,,,,
COc1nn(C)cc1C(=O)Nc1cccc2cnccc12,1.58945809,train,random,13,,,,
Cc1ncc(CN2CCC(Nc3ccc4nnnn4n3)C(C)C2)s1,1.579154557,train,random,13,,,,
Cc1nc(Nc2nccs2)cc(C2CN(c3ncccn3)C2)n1,0.374565061,train,random,13,,,,
COc1ccc(Nc2c(C#N)cnc3cc(OC)c(OC)cc23)cc1Cl,0.115943177,train,random,13,,,,
COc1ccc(CCCN2CCN(c3cnn(C)c3)C(=O)C2)cc1F,1.308414999,train,random,13,,,,
CN(Cc1ccccc1)C1(C(=O)N2CCNC(=O)CC2)Cc2ccccc2C1,0.912806393,train,random,13,,,,
Cc1c(F)cccc1NC(=O)CN1[C@H]2CCCC(=O)N[C@@]2(C)C[C@H]1Cc1ccccc1,0.925312092,train,random,13,,,,
CCC1=C(C)CN(C(=O)NCCc2ccc(S(=O)(=O)NC(=O)N[C@H]3CC[C@H](C)CC3)cc2)C1=O,-1.638272164,train,random,13,,,,
O=S(=O)(c1cccc2c(O)nccc12)N1CCCNCC1,1.990813743,train,random,13,,,,
Cc1ccc(NC(=O)CN2[C@H]3CCCC(=O)N[C@@]3(C)C[C@H]2Cc2ccccc2)cc1F,0.360971884,train,random,13,,,,
CN(C)C(=O)C1(Cc2ccccc2-c2cccc(F)c2)CCN(C(=O)C2CC=CCC2)CC1,0.142702246,train,random,13,,,,
COCC(=O)N1CCC(Cc2ccccc2-c2cccc(F)c2)(C(=O)NC(C)C)CC1,1.076967952,train,random,13,,,,
COc1ccc(CNC(=O)c2sc3nc(C)cc(C)c3c2N)cc1,-0.18243463,train,random,13,,,,
C#C[C@@](C)(CC)NC(=O)c1cc(F)cnc1NC1CC(F)(F)C1,0.850278553,train,random,13,,,,
Cn1cc(Nc2nc(N)nc(-c3cccc(-n4ccc5cc(C6CC6)cc(F)c5c4=O)c3CO)n2)cn1,0.581038949,train,random,13,,,,
CNC(=O)C1(Cc2ccc(-c3cccnc3)cc2)CCN(Cc2ccc(F)cc2)C1,0.918868743,train,random,13,,,,
CNC(=O)C1(Cc2ccc(-c3cccnc3)cc2)CCN(Cc2cccc(F)c2)C1,0.531095547,train,random,13,,,,
CC(=O)Nc1ncc(CN2CCCC[C@@H]2C)s1,1.923109252,train,random,13,,,,
O=C1CCCC[C@@H]2[C@H](C[C@@H](Cc3ccccc3F)N2C(=O)c2cccc3ncccc23)N1,1.348966512,train,random,13,,,,
CCOc1cc(CC(=O)N[C@@H](CC(C)C)c2ccccc2N2CCCCC2)ccc1C(=O)O,-0.063486258,train,random,13,,,,
COCCc1noc(CN2CC(c3ccccc3)(c3ccccc3)CCC2=O)n1,1.25166255,train,random,13,,,,
Cc1[nH]nc2c1C1(CCCCC1)CC(=O)N2,1.284633733,train,random,13,,,,
Cc1oc2ccccc2c1CNc1nnc(-c2ccncc2)o1,-0.172630727,train,random,13,,,,
O=C(Nc1cccc2ncccc12)[C@H]1CCCN(S(=O)(=O)c2ccccc2)C1,1.091666958,train,random,13,,,,
C[C@@H]1Cc2ccccc2N1C(=O)Cn1nc(-c2cccc3ncccc23)oc1=O,0.360404055,train,random,13,,,,
Nc1ncnc2c1c(-c1cnc3[nH]ccc3c1)nn2C1CCCC1,0.780605306,train,random,13,,,,
CC1CN(C(=O)c2cccnc2N2CCOCC2)CC(c2ccccc2)O1,1.555686814,train,random,13,,,,
CCCCNC(=O)NS(=O)(=O)c1ccc(C)cc1,0.440121603,train,random,13,,,,
Cc1cc(Nc2cnccn2)cc(C2CCCN(CC(=O)N3CCCC3)C2)n1,1.632416797,train,random,13,,,,
Cc1cccnc1Nc1cccc(C2CCCN(CC(=O)Nc3nccs3)C2)n1,0.637289548,train,random,13,,,,
CN(C)C(=O)C1(Cc2ccccc2-c2ccccc2)CCN(C(=O)c2cnn(C)c2)CC1,1.146840934,train,random,13,,,,
CC1(C)CC(=O)C2=C(C1)NC(=O)CC2c1ccc(Br)cc1,0.944630702,train,random,13,,,,
CNC(=O)C1(Cc2ccc(-c3cccnc3)cc2)CCN(Cc2ccccc2Cl)C1,0.273695588,train,random,13,,,,
CCCNC(=O)NS(=O)(=O)c1ccc(Cl)cc1,0.628286731,train,random,13,,,,
O=C(CN1CCCC(c2cccc(Cc3cccc(F)c3)n2)C1)N1CCCC1,0.953856298,train,random,13,,,,
COCCNC(=O)c1ccnc(C2CCNCC2)c1,2.0,train,random,13,,,,
COc1nc2sc(C(=O)NC3CC3)c(N)c2c(C)c1Cl,0.452093249,train,random,13,,,,
O=C1NCCSc2c1sc1ccc(O)cc21,1.164679941,train,random,13,,,,
CCn1cc(C(=O)O)c(=O)c2c(N)c(F)c(NC3CCCCC3)cc21,0.426673888,train,random,13,,,,
COc1cc2nc(N3CCN(C(=O)c4ccco4)CC3)nc(N)c2cc1OC,1.371880249,train,random,13,,,,
CC(CCc1ccccc1)NCC(O)c1ccc(O)c(C(N)=O)c1,1.65850745,train,random,13,,,,
CC1(C)Cc2cc(NC(=O)c3cnn4cccnc34)c(OCC3CC3)nc2O1,0.38219721,train,random,13,,,,
CC(C)CC(NC(=O)C(O)C(N)Cc1ccccc1)C(=O)O,1.54052968,train,random,13,,,,
COCCc1ccc(OCC(O)CNC(C)C)cc1,2.0,train,random,13,,,,
CC(C(=O)O)c1cccc(C(=O)c2ccccc2)c1,0.047274867,train,random,13,,,,
COc1cc2c(cc1OC)CN(CCc1ccc(NC(=O)c3cccc4c(O)c5cccc(OC)c5nc34)cc1)CC2,-1.292429824,train,random,13,,,,
C=CCc1ccccc1OCC(O)CNC(C)C,1.496029699,train,random,13,,,,
Nc1nc(=O)c2ncn(COCCO)c2[nH]1,1.850860573,train,random,13,,,,
NCCCC[C@H](N[C@@H](CCc1ccccc1)C(=O)O)C(=O)N1CCC[C@H]1C(=O)O,2.0,train,random,13,,,,
CCCc1nc2nc(C)c(NS(=O)(=O)c3ccc(C4CCCCC4)cc3)c(O)n2n1,-0.137272472,train,random,13,,,,
COc1ccc([C@H]2c3[nH]c4ccc(Cl)cc4c3CCN2C(=O)Oc2ccc(Cl)cc2)cc1,1.754608223,train,random,13,,,,
NC(=O)C1(Cc2ccc(-c3ccncc3)cc2)CCN(C(=O)Cc2cccc(F)c2)CC1,1.058463986,train,random,13,,,,
CC(=O)Nc1ccc(O)cc1,1.916985305,train,random,13,,,,
Cc1cccc(/C=N/Nc2cc(N3CCOCC3)nc(OCCc3ccccn3)n2)c1,-0.27572413,train,random,13,,,,
COc1ccc(OC[C@@H]2c3cc(OC)c(OC)cc3CCN2C(=O)c2cccc(Cl)c2)cc1,0.232233521,train,random,13,,,,
N#Cc1ccc(COc2cccc(C3CCN(Cc4nc5ccc(C(=O)O)cc5n4C[C@@H]4CCO4)CC3)n2)c(F)c1,0.312177356,train,random,13,,,,
CC(C)[C@H](CO)Nc1nc(Nc2cc(N)cc(Cl)c2)c2ncn(C(C)C)c2n1,-0.099086932,train,random,13,,,,
O=C(NC1CCNCC1)c1ccc2cn[nH]c2c1,1.70808081,train,random,13,,,,
CC(C)(C)OC(=O)N1CCCC1C(=O)N1CCC(C(=O)N[C@@H](Cc2c[nH]c3ccccc23)C(=O)O)CC1,1.842553077,train,random,13,,,,
O=C(Nc1cccc2c(=O)cc(-c3nnn[nH]3)oc12)c1ccc(OCCCCc2ccccc2)cc1,0.77224834,train,random,13,,,,
CC(=O)Nc1ncc(C(=O)O)s1,1.854123782,train,random,13,,,,
COc1cc2nc(-c3cc(F)ccc3O)nc(N[C@@H]3CNC[C@H]3C(C)(C)O)c2cc1OC.Cl,-0.823908741,train,random,13,,,,
CC(C)[C@@](C)(O)[C@@H]1CN(c2nc(-c3n[nH]c4ncccc34)c(F)cc2Cl)CCN1,0.622421274,train,random,13,,,,
CNc1cc(Nc2cccn(-c3ccccn3)c2=O)nn2c(C(=O)N[C@@H]3C[C@@H]3F)cnc12,0.51851394,test,random,13,0.9376280371700001,0.33948326173,0.49498319761000004,0.6539338482700002
CN(c1ncc(F)cn1)[C@H]1CCCNC1,2.0,test,random,13,1.1411325852800005,1.1554698426000003,1.2704924632700005,1.41973793958
CCS(=O)(=O)N1CC(CC#N)(n2cc(-c3ncnc4[nH]ccc34)cn2)C1,2.0,test,random,13,1.1027627362900003,1.13083227919,0.82476078962,1.0177789619399997
Cc1c(-c2c(F)cc(C(N)=O)c3[nH]c4c(c23)CC[C@H](C(C)(C)O)C4)cccc1-n1c(=O)c2cccc(F)c2n(C)c1=O,0.326540669,test,random,13,0.6007105025299999,0.12287341221,0.3532634431500001,-0.052992598220000034
O=C(c1ccc(Oc2ccccc2)cc1Cl)c1c[nH]c2ncnc(N[C@@H]3CC[C@@H](CO)OC3)c12,-0.295849483,test,random,13,0.9066458354700001,0.32284268335000005,0.36735425757999984,0.18957172318999993
CC(C)(C=C(C#N)C(=O)N1CCC[C@@H](n2nc(-c3ccc(Oc4ccccc4)cc3F)c3c(N)ncnc32)C1)N1CCN(C2COC2)CC1,0.123198075,test,random,13,0.24027959926,-0.03461818631000003,0.2337783145099999,-0.020161337520000003
C[C@@H]1c2nnn(-c3ncc(F)cn3)c2CCN1C(=O)c1cccc(C(F)(F)F)c1Cl,1.240049772,test,random,13,0.8700235064800004,0.83603976113,1.2086766638900006,0.5799140981699998
Fc1ccccc1-c1c[nH]nc1C1CCCN1Cc1ccc2ncccc2c1,0.460897843,test,random,13,0.6913952216799999,0.6073296402299999,0.8352326779600001,0.34762696505999996
Cc1nccc(-c2cn(Cc3ccccc3)c3cnccc23)n1,1.207445854,test,random,13,1.0559527503800006,0.7131537382499998,1.17788396711,0.61264043263
COc1cc(F)ccc1-c1ncnc(Nc2cccc(C[S@@](C)(=N)=O)c2)n1,1.574609941,test,random,13,0.61779193698,0.6227145952899995,0.42018313263999985,0.40215793139
Cc1cc(F)ccc1C1C(=O)NCCN1C(=O)c1ccc2nccn2c1,1.950724994,test,random,13,0.8624224278700001,1.1285602370399999,1.592694512370001,1.4469460735700002
c1ccc(Oc2cccc(CN(CCN3CCOCC3)Cc3cccnc3)c2)cc1,0.142389466,test,random,13,0.6555645377299997,0.45810520607999977,1.1858490026900008,0.7502196967799993
O=C(Nc1nc2cccc(-c3ccc(CN4CCS(=O)(=O)CC4)cc3)n2n1)C1CC1,1.601853652,test,random,13,0.8805475595000005,0.75480261012,0.51977506485,0.9928056272599999
CCn1c(CO)nn(-c2cc(O[C@@H](C)C(F)(F)F)c(C(=O)Nc3c(F)cccc3Cl)cc2F)c1=O,0.876910311,test,random,13,0.6638357032199999,0.10637446082999996,0.37233154084000014,0.14546409740000002
NCCN1CCN(C/C=C/C(=O)N2CCC[C@@H](n3nc(-c4ccc(Oc5ccccc5)cc4)c4c(N)ncnc43)C2)CC1,0.686814955,test,random,13,0.24044026433999988,0.14946901888999992,0.20319252595999995,0.010105183279999996
Cn1c(C2CC2)nc2c1CCN(c1ncnc3ccsc13)C2,1.192985379,test,random,13,1.1457742573500003,1.0020573167,0.7652894290800002,0.9032887227599998
CNC(=O)C1(Cc2ccc(-c3ccncc3)cc2)CCN(Cc2cccc(F)c2)C1,0.715167358,test,random,13,0.66860432753,0.6882819941799997,0.7021224689799997,0.6613710276799999
Cc1noc(C(C)C)c1C(=O)N1CC(C)OC(c2ccccc2)C1,1.111934276,test,random,13,0.9191889778899998,0.9451522287800002,1.4292069094299993,0.8745706139500001
Cc1cnc(C(=O)NCCc2ccc(S(=O)(=O)NC(=O)NC3CCCCC3)cc2)cn1,-0.204119983,test,random,13,0.29502814546999984,0.39249132324,0.29486877141999995,0.31709787461000005
CC(O)(C#Cc1ccc2c(c1)N(c1nc(N)ncc1Cl)CC2)c1nccs1,0.275311355,test,random,13,0.6626888642799996,0.5599738677900001,0.90062479295,0.48216005273000007
O=C(Nc1cnccc1-c1ccc(Cl)cc1)c1ccnc(NC(=O)C2CC2)c1,0.847634344,test,random,13,0.9847552004699993,0.6219904535699998,0.5953385858699997,0.5042417031399998
CN1C(N)=N[C@](C)(c2cc(NC(=O)c3ccc(F)cn3)ccc2F)CS1(=O)=O,1.491417728,test,random,13,0.6875962031300001,0.7335078255199998,0.6960166784899999,0.8048366391900003
CN1CCN(S(=O)(=O)c2ccc(-c3cnc(N)c(C(=O)Nc4cccnc4)n3)cc2)CC1,0.915558115,test,random,13,0.9068557361499995,0.5151769297000002,0.68917429211,0.7397521863500001
Cc1cc(N2CCCC2c2cc(CCC(=O)O)cc(C)n2)ncn1,2.0,test,random,13,0.9644828065100002,1.1407876773300003,0.8654990268700005,0.8080516455400003
COc1cc2ncnc(Nc3cccc(O)c3)c2cc1OC,0.650307523,test,random,13,0.7074296187400002,0.7556010329000002,0.22923454557,0.5054909677899998
Cc1cc(C)c2c(N)c(C(=O)NCc3ccc(Cl)cc3)sc2n1,-0.185752404,test,random,13,0.38186261421999995,0.4651010263299997,0.3303527068300001,0.23052261410000013
CC1(CNC(=O)c2cncc(C3CCNCC3)n2)CCCO1,1.960042456,test,random,13,1.3470203762800006,1.4346438285800007,1.4640170562999995,1.5943386090300007
Cc1cc(N2CCCC2)nc(C2CCCN(C)C2)n1,1.861522463,test,random,13,0.9057093874500005,1.1905109446200006,0.7157155159999994,1.4006503480200003
N#Cc1cc(F)c(NS(=O)(=O)c2c[nH]c3cc(Cl)ccc23)cc1F,-0.251811973,test,random,13,0.43432158619999994,0.6434854971800001,1.10119841229,0.43165848643
COc1cc(Cc2cnc(N)nc2N)cc(OC)c1OC,1.855513099,test,random,13,0.9777754739700003,0.92849300553,1.1598058464100007,1.2582355853500002
O=C(NC1CCNCC1)c1ccc2[nH]ncc2c1,1.92695435,test,random,13,1.518590039560001,1.4198954619200002,1.2414313384999998,1.6886061798700025
CCn1c(=O)oc2cc(NC(=O)c3ccc(C(C)(C)C)cc3)ccc21,0.180412633,test,random,13,0.8458044930699999,0.50927880907,0.30376508668999996,0.34230329580999963
Cc1cccc(-c2nc(C34CCC(C(N)=O)(CC3)CC4)[nH]c2-c2ccc3c(c2)OCO3)n1,0.21031852,test,random,13,0.7727753268599998,0.39379330603000007,0.22227352615000004,0.7342389275399996
CNc1cc(Nc2cccn(-c3ccccn3)c2=O)nn2c(C(=O)N[C@@H]3C[C@@H]3F)cnc12,0.51851394,train,random,14,,,,
CCOc1cc2nn(CCC(C)(C)O)cc2cc1NC(=O)c1cccc(C(F)F)n1,0.268343914,train,random,14,,,,
CN(c1ncc(F)cn1)[C@H]1CCCNC1,2.0,train,random,14,,,,
CC(C)(Oc1ccc(-c2cnc(N)c(-c3ccc(Cl)cc3)c2)cc1)C(=O)O,-1.403402904,train,random,14,,,,
CC(C)(O)CCn1cc2cc(NC(=O)c3cccc(C(F)(F)F)n3)c(C(C)(C)O)cc2n1,1.092264361,train,random,14,,,,
CC#CC(=O)N[C@H]1CCCN(c2c(F)cc(C(N)=O)c3[nH]c(C)c(C)c23)C1,-0.639532816,train,random,14,,,,
COc1ccc(Cl)cc1C(=O)NCCc1ccc(S(=O)(=O)NC(=O)NC2CCCCC2)cc1,-0.943095149,train,random,14,,,,
C=CC(=O)N1CCC[C@@H](n2nc(-c3ccc(Oc4ccccc4)cc3)c3c(N)ncnc32)C1,-0.35853,train,random,14,,,,
CCS(=O)(=O)N1CC(CC#N)(n2cc(-c3ncnc4[nH]ccc34)cn2)C1,2.0,train,random,14,,,,
COc1ccc(S(=O)(=O)N2CCC(N3CCC(C)CC3)CC2)cc1,1.626076768,train,random,14,,,,
CCn1c(-c2nonc2N)nc2cnc(Oc3cccc(NC(=O)c4ccc(OCCN5CCOCC5)cc4)c3)cc21,-0.325138859,train,random,14,,,,
CC1(C)CC[C@]2(NC(=O)C(C)(F)F)CC[C@]3(C)[C@H](C(=O)C=C4[C@@]3(C)CC[C@H]3C(C)(C)C(=O)C(C#N)=C[C@]43C)[C@@H]2C1,-0.055517328,train,random,14,,,,
COc1cc2c(cc1OC)CC(=O)N(CCCN(C)C[C@H]1Cc3cc(OC)c(OC)cc31)CC2,1.615139594,train,random,14,,,,
N#Cc1ccc2[nH]c(O)c(-c3ccc(CN4CCOCC4)cn3)c2c1,1.072507236,train,random,14,,,,
CCCc1cc(N2CCc3c(nc(C4CC4)n3C)C2)n2ncnc2n1,1.388207807,train,random,14,,,,
Fc1ccc(-c2ccc3c(c2)[nH]c2ccncc23)cn1,0.640978057,train,random,14,,,,
Nc1c(F)ccc2cnc(-n3ccc4ccncc43)cc12,0.631443769,train,random,14,,,,
C=CC(=O)N1C[C@H](Nc2ncnc3[nH]ccc23)CC[C@@H]1C,1.74597993,train,random,14,,,,
[2H]C([2H])([2H])NC(=O)c1nnc(NC(=O)C2CC2)cc1Nc1cccc(-c2ncn(C)n2)c1OC,1.236577565,train,random,14,,,,
Nc1n[nH]cc1-c1cc(Cl)ccc1Oc1cc(F)c(S(=O)(=O)Nc2cscn2)cc1Cl,-0.08249449,train,random,14,,,,
Cc1c(-c2c(F)cc(C(N)=O)c3[nH]c4c(c23)CC[C@H](C(C)(C)O)C4)cccc1-n1c(=O)c2cccc(F)c2n(C)c1=O,0.326540669,train,random,14,,,,
Cn1cc(-c2cn3nccc3c(-c3cnn([C@]4(CC#N)C[C@@H](C#N)C4)c3)n2)cn1,1.364100521,train,random,14,,,,
O=C(Nc1cccnc1)c1ccnc(NC(=O)C2CC2)c1,1.615287063,train,random,14,,,,
O=C(c1ccc(Oc2ccccc2)cc1Cl)c1c[nH]c2ncnc(N[C@@H]3CC[C@@H](CO)OC3)c12,-0.295849483,train,random,14,,,,
N#CC[C@H](C1CCCC1)n1cc(-c2ncnc3[nH]ccc23)cn1,1.244598701,train,random,14,,,,
CC(C)(C)c1ccc(-c2nc3n(c(=O)c2C#N)CCS3)cc1,0.455758203,train,random,14,,,,
C=CC(=O)Nc1cccc(Oc2nc(Nc3ccc(N4CCN(C)CC4)cc3)nc3ccsc23)c1,-0.308918508,train,random,14,,,,
CC#CC(=O)N1CC[C@@H](n2c(=O)n(-c3ccc(Oc4ccccc4)cc3)c3c(N)ncnc32)C1,0.669595781,train,random,14,,,,
CC(C)(C=C(C#N)C(=O)N1CCC[C@@H](n2nc(-c3ccc(Oc4ccccc4)cc3F)c3c(N)ncnc32)C1)N1CCN(C2COC2)CC1,0.123198075,train,random,14,,,,
CC#CC(=O)N1CC[C@@H](n2cc(-c3ccc(Oc4c(F)cccc4F)cc3)c3c(N)n[nH]c(=O)c32)C1,-0.029188389,train,random,14,,,,
C=CC(=O)Nc1cccc(Oc2nc(Nc3ccc(N4CCN(C)CC4)c(F)c3)nc3[nH]ccc23)c1,-0.139063379,train,random,14,,,,
C[C@@H]1c2nnn(-c3ncc(F)cn3)c2CCN1C(=O)c1cccc(C(F)(F)F)c1Cl,1.240049772,train,random,14,,,,
COc1ccccc1-c1cc(NC(=O)c2cccc(N3CCNC3=O)c2)[nH]n1,-0.742321425,train,random,14,,,,
Nc1ncc(-c2cccc(C(F)(F)F)c2)c(C2CCCCN2C(=O)c2ccccc2)n1,0.137354111,train,random,14,,,,
O=C(Nc1cccc(-c2nncn2C2CC2)c1)c1cc(-n2cnc(C3CC3)c2)ccn1,0.611935625,train,random,14,,,,
Fc1ccccc1-c1c[nH]nc1C1CCCN1Cc1ccc2ncccc2c1,0.460897843,train,random,14,,,,
Cc1nccc(-c2cn(Cc3ccccc3)c3cnccc23)n1,1.207445854,train,random,14,,,,
CCc1nc(C)cn2nc(-c3cc(=O)n4cc(C5CCN(C)CC5)cc(C)c4n3)cc12,0.593618308,train,random,14,,,,
Cc1nnc(CN(C)CC(C)Oc2ccc(Cl)c(Cl)c2)n1C,1.114444172,train,random,14,,,,
COc1cc(F)ccc1-c1ncnc(Nc2cccc(C[S@@](C)(=N)=O)c2)n1,1.574609941,train,random,14,,,,
Cc1ccc(C(=O)N2CCC(Cc3ccccc3-c3ccccc3)(C(=O)N(C)C)CC2)s1,-0.590066877,train,random,14,,,,
CCc1nc2c(C)cc(N3CCN(CC(=O)N4CC(O)C4)CC3)cn2c1N(C)c1nc(-c2ccc(F)cc2)c(C#N)s1,-0.434152181,train,random,14,,,,
C[C@@H]1CCN(C(=O)CC#N)C[C@@H]1N(C)c1ncnc2[nH]ccc12,1.747124255,train,random,14,,,,
CN(C)C(=O)C1(Cc2ccccc2-c2ccccc2)CCN(C(=O)C2CCCO2)CC1,1.265713811,train,random,14,,,,
CC(=O)Nc1ccc(C(=O)N2CCCCC2c2nc(N)ncc2-c2ccc(Cl)cc2)cc1,0.549861188,train,random,14,,,,
O=C1NCCN(C(=O)c2ccc3nccn3c2)C1c1ccccc1C(F)(F)F,1.801527189,train,random,14,,,,
Cc1cc(F)ccc1C1C(=O)NCCN1C(=O)c1ccc2nccn2c1,1.950724994,train,random,14,,,,
C[C@H]1CN(C(=O)CC(c2ccccc2)c2ccccc2)C[C@@H](C)O1,0.718335579,train,random,14,,,,
CN1[C@H]2CC[C@@H]1C[C@@H](OC(c1ccccc1)c1ccccc1)C2,1.180842415,train,random,14,,,,
OC[C@H](Nc1cncc(-c2ccc3[nH]ncc3n2)c1)c1ccccc1,1.024690862,train,random,14,,,,
Cc1ncsc1C(=O)N1CCCCC1c1nc(N(C)C)ncc1-c1cccc(Cl)c1,0.021602716,train,random,14,,,,
OCC1CCCCN1Cc1ccc(Cl)c(Cl)c1,1.484982782,train,random,14,,,,
CC(=O)N1CCN(c2nc(C(F)(F)F)nc3sc(C)c(C)c23)CC1,0.624282096,train,random,14,,,,
COc1ccccc1C(=O)Nc1ccc2cc[nH]c2c1,0.571825249,train,random,14,,,,
c1ccc(Oc2cccc(CN(CCN3CCOCC3)Cc3cccnc3)c2)cc1,0.142389466,train,random,14,,,,
COc1ccc([C@H]2CN(C(C)=O)[C@@H]3CCCN(Cc4cccc(F)c4)[C@H]23)cc1,0.594060901,train,random,14,,,,
Cc1c(C(=O)NCCCN(C)C)sc2ncnc(Nc3ccc(F)cc3OC(C)C)c12,0.966376423,train,random,14,,,,
OCC1CCCCN1Cc1ccc(-c2ccccc2)cc1,1.394924244,train,random,14,,,,
Nc1ncc(C(=O)NC2CN(C(=O)C3CC3)C2)c2ccc(-c3cccc(F)c3)nc12,0.38219721,train,random,14,,,,
CC1(C)CC(Oc2ccc(-c3ccc(-c4cn[nH]c4)cc3O)nn2)CC(C)(C)N1,1.241969612,train,random,14,,,,
Cc1nnc(-c2ccc3occ(-c4ccc(S(C)=O)cc4)c3c2)o1,1.077985291,train,random,14,,,,
Cc1ncsc1C(=O)N1CCCCC1c1nc(N)ncc1-c1cccc(C(F)(F)F)c1,0.86254877,train,random,14,,,,
O=C(Nc1ccc2ccccc2n1)c1ccc(N2CCOC2=O)cc1,0.069298012,train,random,14,,,,
O=C(CCNC(=O)c1ccc(OC(F)(F)F)cc1)N[C@@H]1CCCc2ccccc21,0.630427875,train,random,14,,,,
C=CC(=O)Nc1cccc(Oc2nc(Nc3ccc(N4CCN(C)CC4)cc3)nc3ccoc23)c1,-0.208309351,train,random,14,,,,
CCN1CCN(S(=O)(=O)Cc2ccc(Cl)c(Cl)c2)CC1,1.071845201,train,random,14,,,,
O=C(Nc1nc2cccc(-c3ccc(CN4CCS(=O)(=O)CC4)cc3)n2n1)C1CC1,1.601853652,train,random,14,,,,
CCn1c(CO)nn(-c2cc(O[C@@H](C)C(F)(F)F)c(C(=O)Nc3c(F)cccc3Cl)cc2F)c1=O,0.876910311,train,random,14,,,,
NCCN1CCN(C/C=C/C(=O)N2CCC[C@@H](n3nc(-c4ccc(Oc5ccccc5)cc4)c4c(N)ncnc43)C2)CC1,0.686814955,train,random,14,,,,
Cn1c(C2CC2)nc2c1CCN(c1ncnc3ccsc13)C2,1.192985379,train,random,14,,,,
CC/C(=C(\c1ccccc1)c1ccc(OCCN(C)C)cc1)c1ccccc1,-0.341988603,train,random,14,,,,
COc1nn(C)cc1C(=O)Nc1cccc2cnccc12,1.58945809,train,random,14,,,,
CNC(=O)C1(Cc2ccc(-c3ccncc3)cc2)CCN(Cc2cccc(F)c2)C1,0.715167358,train,random,14,,,,
Cc1ncc(CN2CCC(Nc3ccc4nnnn4n3)C(C)C2)s1,1.579154557,train,random,14,,,,
Cc1nc(Nc2nccs2)cc(C2CN(c3ncccn3)C2)n1,0.374565061,train,random,14,,,,
COc1ccc(Nc2c(C#N)cnc3cc(OC)c(OC)cc23)cc1Cl,0.115943177,train,random,14,,,,
COc1ccc(CCCN2CCN(c3cnn(C)c3)C(=O)C2)cc1F,1.308414999,train,random,14,,,,
Cc1noc(C(C)C)c1C(=O)N1CC(C)OC(c2ccccc2)C1,1.111934276,train,random,14,,,,
Cc1c(F)cccc1NC(=O)CN1[C@H]2CCCC(=O)N[C@@]2(C)C[C@H]1Cc1ccccc1,0.925312092,train,random,14,,,,
O=S(=O)(c1cccc2c(O)nccc12)N1CCCNCC1,1.990813743,train,random,14,,,,
Cc1ccc(NC(=O)CN2[C@H]3CCCC(=O)N[C@@]3(C)C[C@H]2Cc2ccccc2)cc1F,0.360971884,train,random,14,,,,
COCC(=O)N1CCC(Cc2ccccc2-c2cccc(F)c2)(C(=O)NC(C)C)CC1,1.076967952,train,random,14,,,,
COc1ccc(CNC(=O)c2sc3nc(C)cc(C)c3c2N)cc1,-0.18243463,train,random,14,,,,
C#C[C@@](C)(CC)NC(=O)c1cc(F)cnc1NC1CC(F)(F)C1,0.850278553,train,random,14,,,,
Cc1cnc(C(=O)NCCc2ccc(S(=O)(=O)NC(=O)NC3CCCCC3)cc2)cn1,-0.204119983,train,random,14,,,,
CNC(=O)C1(Cc2ccc(-c3cccnc3)cc2)CCN(Cc2cccc(F)c2)C1,0.531095547,train,random,14,,,,
CC(=O)Nc1ncc(CN2CCCC[C@@H]2C)s1,1.923109252,train,random,14,,,,
CC(O)(C#Cc1ccc2c(c1)N(c1nc(N)ncc1Cl)CC2)c1nccs1,0.275311355,train,random,14,,,,
COCCc1noc(CN2CC(c3ccccc3)(c3ccccc3)CCC2=O)n1,1.25166255,train,random,14,,,,
Cc1[nH]nc2c1C1(CCCCC1)CC(=O)N2,1.284633733,train,random,14,,,,
C[C@@H]1Cc2ccccc2N1C(=O)Cn1nc(-c2cccc3ncccc23)oc1=O,0.360404055,train,random,14,,,,
Nc1ncnc2c1c(-c1cnc3[nH]ccc3c1)nn2C1CCCC1,0.780605306,train,random,14,,,,
O=C(Nc1cnccc1-c1ccc(Cl)cc1)c1ccnc(NC(=O)C2CC2)c1,0.847634344,train,random,14,,,,
CN1C(N)=N[C@](C)(c2cc(NC(=O)c3ccc(F)cn3)ccc2F)CS1(=O)=O,1.491417728,train,random,14,,,,
CCCCNC(=O)NS(=O)(=O)c1ccc(C)cc1,0.440121603,train,random,14,,,,
Cc1cc(Nc2cnccn2)cc(C2CCCN(CC(=O)N3CCCC3)C2)n1,1.632416797,train,random,14,,,,
Cc1cccnc1Nc1cccc(C2CCCN(CC(=O)Nc3nccs3)C2)n1,0.637289548,train,random,14,,,,
CC1(C)CC(=O)C2=C(C1)NC(=O)CC2c1ccc(Br)cc1,0.944630702,train,random,14,,,,
CN1CCN(S(=O)(=O)c2ccc(-c3cnc(N)c(C(=O)Nc4cccnc4)n3)cc2)CC1,0.915558115,train,random,14,,,,
CNC(=O)C1(Cc2ccc(-c3cccnc3)cc2)CCN(Cc2ccccc2Cl)C1,0.273695588,train,random,14,,,,
Cc1cc(N2CCCC2c2cc(CCC(=O)O)cc(C)n2)ncn1,2.0,train,random,14,,,,
CCCNC(=O)NS(=O)(=O)c1ccc(Cl)cc1,0.628286731,train,random,14,,,,
O=C(CN1CCCC(c2cccc(Cc3cccc(F)c3)n2)C1)N1CCCC1,0.953856298,train,random,14,,,,
COc1cc2ncnc(Nc3cccc(O)c3)c2cc1OC,0.650307523,train,random,14,,,,
Cc1cc(C)c2c(N)c(C(=O)NCc3ccc(Cl)cc3)sc2n1,-0.185752404,train,random,14,,,,
COCCNC(=O)c1ccnc(C2CCNCC2)c1,2.0,train,random,14,,,,
COc1nc2sc(C(=O)NC3CC3)c(N)c2c(C)c1Cl,0.452093249,train,random,14,,,,
CC1(CNC(=O)c2cncc(C3CCNCC3)n2)CCCO1,1.960042456,train,random,14,,,,
Cc1cc(N2CCCC2)nc(C2CCCN(C)C2)n1,1.861522463,train,random,14,,,,
O=C1NCCSc2c1sc1ccc(O)cc21,1.164679941,train,random,14,,,,
COc1cc2nc(N3CCN(C(=O)c4ccco4)CC3)nc(N)c2cc1OC,1.371880249,train,random,14,,,,
CC(CCc1ccccc1)NCC(O)c1ccc(O)c(C(N)=O)c1,1.65850745,train,random,14,,,,
N#Cc1cc(F)c(NS(=O)(=O)c2c[nH]c3cc(Cl)ccc23)cc1F,-0.251811973,train,random,14,,,,
CC(C)CC(NC(=O)C(O)C(N)Cc1ccccc1)C(=O)O,1.54052968,train,random,14,,,,
COCCc1ccc(OCC(O)CNC(C)C)cc1,2.0,train,random,14,,,,
COc1cc(Cc2cnc(N)nc2N)cc(OC)c1OC,1.855513099,train,random,14,,,,
C=CCc1ccccc1OCC(O)CNC(C)C,1.496029699,train,random,14,,,,
Nc1nc(=O)c2ncn(COCCO)c2[nH]1,1.850860573,train,random,14,,,,
NCCCC[C@H](N[C@@H](CCc1ccccc1)C(=O)O)C(=O)N1CCC[C@H]1C(=O)O,2.0,train,random,14,,,,
CCCc1nc2nc(C)c(NS(=O)(=O)c3ccc(C4CCCCC4)cc3)c(O)n2n1,-0.137272472,train,random,14,,,,
COc1ccc([C@H]2c3[nH]c4ccc(Cl)cc4c3CCN2C(=O)Oc2ccc(Cl)cc2)cc1,1.754608223,train,random,14,,,,
NC(=O)C1(Cc2ccc(-c3ccncc3)cc2)CCN(C(=O)Cc2cccc(F)c2)CC1,1.058463986,train,random,14,,,,
CC(=O)Nc1ccc(O)cc1,1.916985305,train,random,14,,,,
O=C(NC1CCNCC1)c1ccc2[nH]ncc2c1,1.92695435,train,random,14,,,,
Cc1cccc(/C=N/Nc2cc(N3CCOCC3)nc(OCCc3ccccn3)n2)c1,-0.27572413,train,random,14,,,,
CCn1c(=O)oc2cc(NC(=O)c3ccc(C(C)(C)C)cc3)ccc21,0.180412633,train,random,14,,,,
COc1ccc(OC[C@@H]2c3cc(OC)c(OC)cc3CCN2C(=O)c2cccc(Cl)c2)cc1,0.232233521,train,random,14,,,,
N#Cc1ccc(COc2cccc(C3CCN(Cc4nc5ccc(C(=O)O)cc5n4C[C@@H]4CCO4)CC3)n2)c(F)c1,0.312177356,train,random,14,,,,
CC(C)[C@H](CO)Nc1nc(Nc2cc(N)cc(Cl)c2)c2ncn(C(C)C)c2n1,-0.099086932,train,random,14,,,,
O=C(NC1CCNCC1)c1ccc2cn[nH]c2c1,1.70808081,train,random,14,,,,
CC(C)(C)OC(=O)N1CCCC1C(=O)N1CCC(C(=O)N[C@@H](Cc2c[nH]c3ccccc23)C(=O)O)CC1,1.842553077,train,random,14,,,,
O=C(Nc1cccc2c(=O)cc(-c3nnn[nH]3)oc12)c1ccc(OCCCCc2ccccc2)cc1,0.77224834,train,random,14,,,,
Cc1cccc(-c2nc(C34CCC(C(N)=O)(CC3)CC4)[nH]c2-c2ccc3c(c2)OCO3)n1,0.21031852,train,random,14,,,,
COc1cc2nc(-c3cc(F)ccc3O)nc(N[C@@H]3CNC[C@H]3C(C)(C)O)c2cc1OC.Cl,-0.823908741,train,random,14,,,,
CC(C)[C@@](C)(O)[C@@H]1CN(c2nc(-c3n[nH]c4ncccc34)c(F)cc2Cl)CCN1,0.622421274,train,random,14,,,,
CC(C)NCC(O)COc1cccc2ccccc12,1.347759218,test,random,14,1.4286012027600006,1.3442429764300008,1.2331860527000007,1.52078470914
CC(C)NC(=O)COc1cccc(-c2nc(Nc3ccc4[nH]ncc4c3)c3ccccc3n2)c1,-0.504455662,test,random,14,0.31681013186999996,0.18428461628999993,0.6044542150900001,0.13588455068999994
Cc1c[nH]c2nccc(Oc3c(F)cc(Nc4cc(Cl)nc(N)n4)cc3F)c12,-0.68613278,test,random,14,0.35239407268000006,0.33726915517000017,0.30821823249999997,0.3100734895499999
Cn1cc(Nc2nccc(N3CC4CCC(C3)N4C(=O)[C@@H]3CC3(F)F)n2)cn1,1.786412441,test,random,14,1.2735263664800003,0.9971742704,0.9554841143,1.3582511544000004
C=CC(=O)N1CCC(CNc2ncnc(N)c2-c2ccc(Oc3ccccc3)cc2)CC1,0.901294817,test,random,14,0.1331806145,0.2563225435199999,0.3430619260299999,0.30989917762
C=CC(=O)N1CCC([C@@H]2CCNc3c(C(N)=O)c(-c4ccc(Oc5ccccc5)cc4)nn32)CC1,0.231979027,test,random,14,0.4243160516699998,0.12976766753999994,0.3717386047599998,0.21522553022000002
C=CC(=O)N1CCC[C@H](n2c(=O)n(-c3ccc(Oc4ccccc4)cc3)c3c(N)ncnc32)C1,0.276231958,test,random,14,0.24184425694999986,0.2876246874199998,0.23638897178,0.2654772949499998
Cc1c(Cl)ccc2cc3n(c12)[C@@H](C)CNC3=O,0.696793085,test,random,14,1.1065116483800006,1.315890654820001,0.5855303688900001,0.8588622949600004
Nc1ncnc2c1c(-c1ccc(Oc3ccccc3)cc1)nn2[C@@H]1CCCNC1,0.846275242,test,random,14,0.46912805408,0.46191049119000005,0.45364683742999995,0.47388972706
COc1nn(C)cc1C(=O)Nc1cccc(-c2cnc3n2CCC3)c1,0.685562611,test,random,14,1.1332247059699998,1.12970501766,1.1886906425600003,1.4135286626799997
Cc1ncc(CN2CC[C@@H](Nc3cncc(Cl)n3)[C@@H](C)C2)s1,1.264227348,test,random,14,1.32787521594,1.1883369696300006,0.8129867551800003,0.9437667703300004
CC(=O)Nc1ccc(C(=O)N2CCCCC2c2nc(N)ncc2-c2cccc(Cl)c2)cc1,0.584331224,test,random,14,0.57085397648,0.41223738807000015,0.63201770787,0.41410153789000015
O=C1CN(c2ccc(Nc3nccc(C(F)(F)F)n3)cn2)CCN1,1.433497815,test,random,14,1.2163963529300001,1.0950360060500004,1.1434587036700004,1.4759255364500001
O=C1NCCN(C(=O)c2ccncc2)C1c1ccccc1Cl,1.868168158,test,random,14,1.2623412686200002,1.1946657932300004,1.5894166875900007,1.4292917646400003
CC(C)(C)C(=O)N1CCC(Cc2ccc(-c3cccs3)cc2)(C(=O)N2CCCC2)CC1,0.008174184,test,random,14,0.8946872411300001,0.8158433300600002,0.6908900843799998,0.2416421105799998
O=S(=O)(c1cccc2cnccc12)N1CCCNCC1,1.844321821,test,random,14,1.5374663504799995,1.5607457373099998,1.4007639127000004,1.7325099610499999
CCN(C/C=C\c1ccc(C2CCCCC2)c(Cl)c1)C1CCCCC1,-0.266802735,test,random,14,1.1991474609600006,0.9769175745400004,0.36823080298,0.7795070063400003
CN(Cc1ccccc1)C1(C(=O)N2CCNC(=O)CC2)Cc2ccccc2C1,0.912806393,test,random,14,1.0553642556500002,1.1034907107800003,0.8039915571799999,1.4311499877000002
CCC1=C(C)CN(C(=O)NCCc2ccc(S(=O)(=O)NC(=O)N[C@H]3CC[C@H](C)CC3)cc2)C1=O,-1.638272164,test,random,14,0.3108520581900001,0.9112522722800002,0.6582562994899999,0.28514926718000005
CN(C)C(=O)C1(Cc2ccccc2-c2cccc(F)c2)CCN(C(=O)C2CC=CCC2)CC1,0.142702246,test,random,14,0.6074403238799995,0.5726911714799997,0.8029051062200001,0.42512840374999994
Cn1cc(Nc2nc(N)nc(-c3cccc(-n4ccc5cc(C6CC6)cc(F)c5c4=O)c3CO)n2)cn1,0.581038949,test,random,14,0.7213325352100003,0.36141446394999993,0.32726126048,0.2716961901099998
CNC(=O)C1(Cc2ccc(-c3cccnc3)cc2)CCN(Cc2ccc(F)cc2)C1,0.918868743,test,random,14,0.5660537807900001,0.5352444934000002,0.5032055717899998,0.6367089738700002
O=C1CCCC[C@@H]2[C@H](C[C@@H](Cc3ccccc3F)N2C(=O)c2cccc3ncccc23)N1,1.348966512,test,random,14,0.62376758735,0.52415853169,1.03130832863,0.41630024112999997
CCOc1cc(CC(=O)N[C@@H](CC(C)C)c2ccccc2N2CCCCC2)ccc1C(=O)O,-0.063486258,test,random,14,1.0064076873800003,0.7267523476200002,0.7414109016300003,0.31265156404999994
Cc1oc2ccccc2c1CNc1nnc(-c2ccncc2)o1,-0.172630727,test,random,14,1.0359783956,0.7143841284999999,0.8233183598100005,0.6567927046099998
O=C(Nc1cccc2ncccc12)[C@H]1CCCN(S(=O)(=O)c2ccccc2)C1,1.091666958,test,random,14,1.0175214427899995,0.7797669304099999,1.0486024912600003,0.5670089014899996
CC1CN(C(=O)c2cccnc2N2CCOCC2)CC(c2ccccc2)O1,1.555686814,test,random,14,0.8495279651699998,1.0386933364000002,1.2521514847400004,1.2948944454500002
CN(C)C(=O)C1(Cc2ccccc2-c2ccccc2)CCN(C(=O)c2cnn(C)c2)CC1,1.146840934,test,random,14,0.80523354045,0.5482075442499998,0.5692610078199996,0.6071857931699998
CCn1cc(C(=O)O)c(=O)c2c(N)c(F)c(NC3CCCCC3)cc21,0.426673888,test,random,14,0.7580063470200002,0.8941085233000001,0.6771705887,0.2958771918999999
CC1(C)Cc2cc(NC(=O)c3cnn4cccnc34)c(OCC3CC3)nc2O1,0.38219721,test,random,14,0.7120185435099997,0.84114546538,1.1719856161300004,0.85941395385
CC(C(=O)O)c1cccc(C(=O)c2ccccc2)c1,0.047274867,test,random,14,0.94132388654,0.87976038805,1.03197002689,0.74984569216
COc1cc2c(cc1OC)CN(CCc1ccc(NC(=O)c3cccc4c(O)c5cccc(OC)c5nc34)cc1)CC2,-1.292429824,test,random,14,0.9788517622500001,0.2276237559900001,0.4574926312999999,0.06564854499999996
CC(=O)Nc1ncc(C(=O)O)s1,1.854123782,test,random,14,1.3946559853200002,1.5406101035500002,1.2273392751899999,1.2018281720700006
CNc1cc(Nc2cccn(-c3ccccn3)c2=O)nn2c(C(=O)N[C@@H]3C[C@@H]3F)cnc12,0.51851394,train,butina,10,,,,
CCOc1cc2nn(CCC(C)(C)O)cc2cc1NC(=O)c1cccc(C(F)F)n1,0.268343914,train,butina,10,,,,
CN(c1ncc(F)cn1)[C@H]1CCCNC1,2.0,train,butina,10,,,,
CC(C)(Oc1ccc(-c2cnc(N)c(-c3ccc(Cl)cc3)c2)cc1)C(=O)O,-1.403402904,train,butina,10,,,,
CC(C)(O)CCn1cc2cc(NC(=O)c3cccc(C(F)(F)F)n3)c(C(C)(C)O)cc2n1,1.092264361,train,butina,10,,,,
CC#CC(=O)N[C@H]1CCCN(c2c(F)cc(C(N)=O)c3[nH]c(C)c(C)c23)C1,-0.639532816,train,butina,10,,,,
CC(C)NCC(O)COc1cccc2ccccc12,1.347759218,train,butina,10,,,,
COc1ccc(Cl)cc1C(=O)NCCc1ccc(S(=O)(=O)NC(=O)NC2CCCCC2)cc1,-0.943095149,train,butina,10,,,,
CC(C)NC(=O)COc1cccc(-c2nc(Nc3ccc4[nH]ncc4c3)c3ccccc3n2)c1,-0.504455662,train,butina,10,,,,
CCS(=O)(=O)N1CC(CC#N)(n2cc(-c3ncnc4[nH]ccc34)cn2)C1,2.0,train,butina,10,,,,
CCn1c(-c2nonc2N)nc2cnc(Oc3cccc(NC(=O)c4ccc(OCCN5CCOCC5)cc4)c3)cc21,-0.325138859,train,butina,10,,,,
CC1(C)CC[C@]2(NC(=O)C(C)(F)F)CC[C@]3(C)[C@H](C(=O)C=C4[C@@]3(C)CC[C@H]3C(C)(C)C(=O)C(C#N)=C[C@]43C)[C@@H]2C1,-0.055517328,train,butina,10,,,,
Cc1c[nH]c2nccc(Oc3c(F)cc(Nc4cc(Cl)nc(N)n4)cc3F)c12,-0.68613278,train,butina,10,,,,
COc1cc2c(cc1OC)CC(=O)N(CCCN(C)C[C@H]1Cc3cc(OC)c(OC)cc31)CC2,1.615139594,train,butina,10,,,,
Fc1ccc(-c2ccc3c(c2)[nH]c2ccncc23)cn1,0.640978057,train,butina,10,,,,
Cn1cc(Nc2nccc(N3CC4CCC(C3)N4C(=O)[C@@H]3CC3(F)F)n2)cn1,1.786412441,train,butina,10,,,,
[2H]C([2H])([2H])NC(=O)c1nnc(NC(=O)C2CC2)cc1Nc1cccc(-c2ncn(C)n2)c1OC,1.236577565,train,butina,10,,,,
Nc1n[nH]cc1-c1cc(Cl)ccc1Oc1cc(F)c(S(=O)(=O)Nc2cscn2)cc1Cl,-0.08249449,train,butina,10,,,,
Cc1c(-c2c(F)cc(C(N)=O)c3[nH]c4c(c23)CC[C@H](C(C)(C)O)C4)cccc1-n1c(=O)c2cccc(F)c2n(C)c1=O,0.326540669,train,butina,10,,,,
Cn1cc(-c2cn3nccc3c(-c3cnn([C@]4(CC#N)C[C@@H](C#N)C4)c3)n2)cn1,1.364100521,train,butina,10,,,,
O=C(c1ccc(Oc2ccccc2)cc1Cl)c1c[nH]c2ncnc(N[C@@H]3CC[C@@H](CO)OC3)c12,-0.295849483,train,butina,10,,,,
N#CC[C@H](C1CCCC1)n1cc(-c2ncnc3[nH]ccc23)cn1,1.244598701,train,butina,10,,,,
CC(C)(C)c1ccc(-c2nc3n(c(=O)c2C#N)CCS3)cc1,0.455758203,train,butina,10,,,,
C=CC(=O)Nc1cccc(Oc2nc(Nc3ccc(N4CCN(C)CC4)cc3)nc3ccsc23)c1,-0.308918508,train,butina,10,,,,
CC#CC(=O)N1CC[C@@H](n2cc(-c3ccc(Oc4c(F)cccc4F)cc3)c3c(N)n[nH]c(=O)c32)C1,-0.029188389,train,butina,10,,,,
C=CC(=O)Nc1cccc(Oc2nc(Nc3ccc(N4CCN(C)CC4)c(F)c3)nc3[nH]ccc23)c1,-0.139063379,train,butina,10,,,,
C[C@@H]1c2nnn(-c3ncc(F)cn3)c2CCN1C(=O)c1cccc(C(F)(F)F)c1Cl,1.240049772,train,butina,10,,,,
COc1ccccc1-c1cc(NC(=O)c2cccc(N3CCNC3=O)c2)[nH]n1,-0.742321425,train,butina,10,,,,
O=C(Nc1cccc(-c2nncn2C2CC2)c1)c1cc(-n2cnc(C3CC3)c2)ccn1,0.611935625,train,butina,10,,,,
Fc1ccccc1-c1c[nH]nc1C1CCCN1Cc1ccc2ncccc2c1,0.460897843,train,butina,10,,,,
CCc1nc(C)cn2nc(-c3cc(=O)n4cc(C5CCN(C)CC5)cc(C)c4n3)cc12,0.593618308,train,butina,10,,,,
Cc1c(Cl)ccc2cc3n(c12)[C@@H](C)CNC3=O,0.696793085,train,butina,10,,,,
Cc1nnc(CN(C)CC(C)Oc2ccc(Cl)c(Cl)c2)n1C,1.114444172,train,butina,10,,,,
COc1nn(C)cc1C(=O)Nc1cccc(-c2cnc3n2CCC3)c1,0.685562611,train,butina,10,,,,
COc1cc(F)ccc1-c1ncnc(Nc2cccc(C[S@@](C)(=N)=O)c2)n1,1.574609941,train,butina,10,,,,
Cc1ncc(CN2CC[C@@H](Nc3cncc(Cl)n3)[C@@H](C)C2)s1,1.264227348,train,butina,10,,,,
Cc1ccc(C(=O)N2CCC(Cc3ccccc3-c3ccccc3)(C(=O)N(C)C)CC2)s1,-0.590066877,train,butina,10,,,,
CCc1nc2c(C)cc(N3CCN(CC(=O)N4CC(O)C4)CC3)cn2c1N(C)c1nc(-c2ccc(F)cc2)c(C#N)s1,-0.434152181,train,butina,10,,,,
CN(C)C(=O)C1(Cc2ccccc2-c2ccccc2)CCN(C(=O)C2CCCO2)CC1,1.265713811,train,butina,10,,,,
O=C1CN(c2ccc(Nc3nccc(C(F)(F)F)n3)cn2)CCN1,1.433497815,train,butina,10,,,,
C[C@H]1CN(C(=O)CC(c2ccccc2)c2ccccc2)C[C@@H](C)O1,0.718335579,train,butina,10,,,,
CN1[C@H]2CC[C@@H]1C[C@@H](OC(c1ccccc1)c1ccccc1)C2,1.180842415,train,butina,10,,,,
CC(C)(C)C(=O)N1CCC(Cc2ccc(-c3cccs3)cc2)(C(=O)N2CCCC2)CC1,0.008174184,train,butina,10,,,,
OC[C@H](Nc1cncc(-c2ccc3[nH]ncc3n2)c1)c1ccccc1,1.024690862,train,butina,10,,,,
COc1ccccc1C(=O)Nc1ccc2cc[nH]c2c1,0.571825249,train,butina,10,,,,
c1ccc(Oc2cccc(CN(CCN3CCOCC3)Cc3cccnc3)c2)cc1,0.142389466,train,butina,10,,,,
COc1ccc([C@H]2CN(C(C)=O)[C@@H]3CCCN(Cc4cccc(F)c4)[C@H]23)cc1,0.594060901,train,butina,10,,,,
Nc1ncc(C(=O)NC2CN(C(=O)C3CC3)C2)c2ccc(-c3cccc(F)c3)nc12,0.38219721,train,butina,10,,,,
CC1(C)CC(Oc2ccc(-c3ccc(-c4cn[nH]c4)cc3O)nn2)CC(C)(C)N1,1.241969612,train,butina,10,,,,
Cc1nnc(-c2ccc3occ(-c4ccc(S(C)=O)cc4)c3c2)o1,1.077985291,train,butina,10,,,,
O=C(CCNC(=O)c1ccc(OC(F)(F)F)cc1)N[C@@H]1CCCc2ccccc21,0.630427875,train,butina,10,,,,
O=S(=O)(c1cccc2cnccc12)N1CCCNCC1,1.844321821,train,butina,10,,,,
C=CC(=O)Nc1cccc(Oc2nc(Nc3ccc(N4CCN(C)CC4)cc3)nc3ccoc23)c1,-0.208309351,train,butina,10,,,,
O=C(Nc1nc2cccc(-c3ccc(CN4CCS(=O)(=O)CC4)cc3)n2n1)C1CC1,1.601853652,train,butina,10,,,,
CCN(C/C=C\c1ccc(C2CCCCC2)c(Cl)c1)C1CCCCC1,-0.266802735,train,butina,10,,,,
CC/C(=C(\c1ccccc1)c1ccc(OCCN(C)C)cc1)c1ccccc1,-0.341988603,train,butina,10,,,,
COc1nn(C)cc1C(=O)Nc1cccc2cnccc12,1.58945809,train,butina,10,,,,
CNC(=O)C1(Cc2ccc(-c3ccncc3)cc2)CCN(Cc2cccc(F)c2)C1,0.715167358,train,butina,10,,,,
Cc1ncc(CN2CCC(Nc3ccc4nnnn4n3)C(C)C2)s1,1.579154557,train,butina,10,,,,
Cc1nc(Nc2nccs2)cc(C2CN(c3ncccn3)C2)n1,0.374565061,train,butina,10,,,,
COc1ccc(Nc2c(C#N)cnc3cc(OC)c(OC)cc23)cc1Cl,0.115943177,train,butina,10,,,,
Cc1noc(C(C)C)c1C(=O)N1CC(C)OC(c2ccccc2)C1,1.111934276,train,butina,10,,,,
Cc1c(F)cccc1NC(=O)CN1[C@H]2CCCC(=O)N[C@@]2(C)C[C@H]1Cc1ccccc1,0.925312092,train,butina,10,,,,
CCC1=C(C)CN(C(=O)NCCc2ccc(S(=O)(=O)NC(=O)N[C@H]3CC[C@H](C)CC3)cc2)C1=O,-1.638272164,train,butina,10,,,,
O=S(=O)(c1cccc2c(O)nccc12)N1CCCNCC1,1.990813743,train,butina,10,,,,
Cc1ccc(NC(=O)CN2[C@H]3CCCC(=O)N[C@@]3(C)C[C@H]2Cc2ccccc2)cc1F,0.360971884,train,butina,10,,,,
CN(C)C(=O)C1(Cc2ccccc2-c2cccc(F)c2)CCN(C(=O)C2CC=CCC2)CC1,0.142702246,train,butina,10,,,,
COCC(=O)N1CCC(Cc2ccccc2-c2cccc(F)c2)(C(=O)NC(C)C)CC1,1.076967952,train,butina,10,,,,
COc1ccc(CNC(=O)c2sc3nc(C)cc(C)c3c2N)cc1,-0.18243463,train,butina,10,,,,
C#C[C@@](C)(CC)NC(=O)c1cc(F)cnc1NC1CC(F)(F)C1,0.850278553,train,butina,10,,,,
Cc1cnc(C(=O)NCCc2ccc(S(=O)(=O)NC(=O)NC3CCCCC3)cc2)cn1,-0.204119983,train,butina,10,,,,
CNC(=O)C1(Cc2ccc(-c3cccnc3)cc2)CCN(Cc2ccc(F)cc2)C1,0.918868743,train,butina,10,,,,
CNC(=O)C1(Cc2ccc(-c3cccnc3)cc2)CCN(Cc2cccc(F)c2)C1,0.531095547,train,butina,10,,,,
CC(=O)Nc1ncc(CN2CCCC[C@@H]2C)s1,1.923109252,train,butina,10,,,,
O=C1CCCC[C@@H]2[C@H](C[C@@H](Cc3ccccc3F)N2C(=O)c2cccc3ncccc23)N1,1.348966512,train,butina,10,,,,
CCOc1cc(CC(=O)N[C@@H](CC(C)C)c2ccccc2N2CCCCC2)ccc1C(=O)O,-0.063486258,train,butina,10,,,,
CC(O)(C#Cc1ccc2c(c1)N(c1nc(N)ncc1Cl)CC2)c1nccs1,0.275311355,train,butina,10,,,,
COCCc1noc(CN2CC(c3ccccc3)(c3ccccc3)CCC2=O)n1,1.25166255,train,butina,10,,,,
Cc1[nH]nc2c1C1(CCCCC1)CC(=O)N2,1.284633733,train,butina,10,,,,
O=C(Nc1cccc2ncccc12)[C@H]1CCCN(S(=O)(=O)c2ccccc2)C1,1.091666958,train,butina,10,,,,
C[C@@H]1Cc2ccccc2N1C(=O)Cn1nc(-c2cccc3ncccc23)oc1=O,0.360404055,train,butina,10,,,,
CN1C(N)=N[C@](C)(c2cc(NC(=O)c3ccc(F)cn3)ccc2F)CS1(=O)=O,1.491417728,train,butina,10,,,,
CC1CN(C(=O)c2cccnc2N2CCOCC2)CC(c2ccccc2)O1,1.555686814,train,butina,10,,,,
CCCCNC(=O)NS(=O)(=O)c1ccc(C)cc1,0.440121603,train,butina,10,,,,
Cc1cc(Nc2cnccn2)cc(C2CCCN(CC(=O)N3CCCC3)C2)n1,1.632416797,train,butina,10,,,,
Cc1cccnc1Nc1cccc(C2CCCN(CC(=O)Nc3nccs3)C2)n1,0.637289548,train,butina,10,,,,
CN(C)C(=O)C1(Cc2ccccc2-c2ccccc2)CCN(C(=O)c2cnn(C)c2)CC1,1.146840934,train,butina,10,,,,
CN1CCN(S(=O)(=O)c2ccc(-c3cnc(N)c(C(=O)Nc4cccnc4)n3)cc2)CC1,0.915558115,train,butina,10,,,,
CNC(=O)C1(Cc2ccc(-c3cccnc3)cc2)CCN(Cc2ccccc2Cl)C1,0.273695588,train,butina,10,,,,
CCCNC(=O)NS(=O)(=O)c1ccc(Cl)cc1,0.628286731,train,butina,10,,,,
O=C(CN1CCCC(c2cccc(Cc3cccc(F)c3)n2)C1)N1CCCC1,0.953856298,train,butina,10,,,,
COc1cc2ncnc(Nc3cccc(O)c3)c2cc1OC,0.650307523,train,butina,10,,,,
Cc1cc(C)c2c(N)c(C(=O)NCc3ccc(Cl)cc3)sc2n1,-0.185752404,train,butina,10,,,,
COCCNC(=O)c1ccnc(C2CCNCC2)c1,2.0,train,butina,10,,,,
COc1nc2sc(C(=O)NC3CC3)c(N)c2c(C)c1Cl,0.452093249,train,butina,10,,,,
Cc1cc(N2CCCC2)nc(C2CCCN(C)C2)n1,1.861522463,train,butina,10,,,,
O=C1NCCSc2c1sc1ccc(O)cc21,1.164679941,train,butina,10,,,,
CCn1cc(C(=O)O)c(=O)c2c(N)c(F)c(NC3CCCCC3)cc21,0.426673888,train,butina,10,,,,
COc1cc2nc(N3CCN(C(=O)c4ccco4)CC3)nc(N)c2cc1OC,1.371880249,train,butina,10,,,,
CC(CCc1ccccc1)NCC(O)c1ccc(O)c(C(N)=O)c1,1.65850745,train,butina,10,,,,
N#Cc1cc(F)c(NS(=O)(=O)c2c[nH]c3cc(Cl)ccc23)cc1F,-0.251811973,train,butina,10,,,,
CC(C)CC(NC(=O)C(O)C(N)Cc1ccccc1)C(=O)O,1.54052968,train,butina,10,,,,
COCCc1ccc(OCC(O)CNC(C)C)cc1,2.0,train,butina,10,,,,
COc1cc(Cc2cnc(N)nc2N)cc(OC)c1OC,1.855513099,train,butina,10,,,,
CC(C(=O)O)c1cccc(C(=O)c2ccccc2)c1,0.047274867,train,butina,10,,,,
COc1cc2c(cc1OC)CN(CCc1ccc(NC(=O)c3cccc4c(O)c5cccc(OC)c5nc34)cc1)CC2,-1.292429824,train,butina,10,,,,
C=CCc1ccccc1OCC(O)CNC(C)C,1.496029699,train,butina,10,,,,
Nc1nc(=O)c2ncn(COCCO)c2[nH]1,1.850860573,train,butina,10,,,,
NCCCC[C@H](N[C@@H](CCc1ccccc1)C(=O)O)C(=O)N1CCC[C@H]1C(=O)O,2.0,train,butina,10,,,,
CCCc1nc2nc(C)c(NS(=O)(=O)c3ccc(C4CCCCC4)cc3)c(O)n2n1,-0.137272472,train,butina,10,,,,
COc1ccc([C@H]2c3[nH]c4ccc(Cl)cc4c3CCN2C(=O)Oc2ccc(Cl)cc2)cc1,1.754608223,train,butina,10,,,,
NC(=O)C1(Cc2ccc(-c3ccncc3)cc2)CCN(C(=O)Cc2cccc(F)c2)CC1,1.058463986,train,butina,10,,,,
O=C(NC1CCNCC1)c1ccc2[nH]ncc2c1,1.92695435,train,butina,10,,,,
Cc1cccc(/C=N/Nc2cc(N3CCOCC3)nc(OCCc3ccccn3)n2)c1,-0.27572413,train,butina,10,,,,
CCn1c(=O)oc2cc(NC(=O)c3ccc(C(C)(C)C)cc3)ccc21,0.180412633,train,butina,10,,,,
COc1ccc(OC[C@@H]2c3cc(OC)c(OC)cc3CCN2C(=O)c2cccc(Cl)c2)cc1,0.232233521,train,butina,10,,,,
N#Cc1ccc(COc2cccc(C3CCN(Cc4nc5ccc(C(=O)O)cc5n4C[C@@H]4CCO4)CC3)n2)c(F)c1,0.312177356,train,butina,10,,,,
CC(C)[C@H](CO)Nc1nc(Nc2cc(N)cc(Cl)c2)c2ncn(C(C)C)c2n1,-0.099086932,train,butina,10,,,,
O=C(NC1CCNCC1)c1ccc2cn[nH]c2c1,1.70808081,train,butina,10,,,,
CC(C)(C)OC(=O)N1CCCC1C(=O)N1CCC(C(=O)N[C@@H](Cc2c[nH]c3ccccc23)C(=O)O)CC1,1.842553077,train,butina,10,,,,
O=C(Nc1cccc2c(=O)cc(-c3nnn[nH]3)oc12)c1ccc(OCCCCc2ccccc2)cc1,0.77224834,train,butina,10,,,,
CC(=O)Nc1ncc(C(=O)O)s1,1.854123782,train,butina,10,,,,
Cc1cccc(-c2nc(C34CCC(C(N)=O)(CC3)CC4)[nH]c2-c2ccc3c(c2)OCO3)n1,0.21031852,train,butina,10,,,,
COc1cc2nc(-c3cc(F)ccc3O)nc(N[C@@H]3CNC[C@H]3C(C)(C)O)c2cc1OC.Cl,-0.823908741,train,butina,10,,,,
CC(C)[C@@](C)(O)[C@@H]1CN(c2nc(-c3n[nH]c4ncccc34)c(F)cc2Cl)CCN1,0.622421274,train,butina,10,,,,
C=CC(=O)N1CCC[C@@H](n2nc(-c3ccc(Oc4ccccc4)cc3)c3c(N)ncnc32)C1,-0.35853,test,butina,10,0.5921171903800004,0.3350346973599999,0.16811501935999998,0.14224378677
COc1ccc(S(=O)(=O)N2CCC(N3CCC(C)CC3)CC2)cc1,1.626076768,test,butina,10,0.9587332774700004,1.32789668218,0.9630640521199997,1.3999399710400011
N#Cc1ccc2[nH]c(O)c(-c3ccc(CN4CCOCC4)cn3)c2c1,1.072507236,test,butina,10,0.6020641405499998,0.8061778186899998,0.35451794042999984,1.1268193691
CCCc1cc(N2CCc3c(nc(C4CC4)n3C)C2)n2ncnc2n1,1.388207807,test,butina,10,0.8065447493200004,1.09437526725,0.6752274830099999,1.30533455218
Nc1c(F)ccc2cnc(-n3ccc4ccncc43)cc12,0.631443769,test,butina,10,0.8660042637100004,0.47740975262999974,0.6830792352599997,0.5615834900999997
C=CC(=O)N1C[C@H](Nc2ncnc3[nH]ccc23)CC[C@@H]1C,1.74597993,test,butina,10,1.3079782456600006,1.1392736090600004,0.6341710482399998,1.6226222573100006
C=CC(=O)N1CCC(CNc2ncnc(N)c2-c2ccc(Oc3ccccc3)cc2)CC1,0.901294817,test,butina,10,0.6043662652199999,0.14626967773000005,0.17060001063999994,0.16489244218999996
O=C(Nc1cccnc1)c1ccnc(NC(=O)C2CC2)c1,1.615287063,test,butina,10,0.8867116601599997,0.9222217542000003,1.0836984376400003,1.0547216784499995
CC#CC(=O)N1CC[C@@H](n2c(=O)n(-c3ccc(Oc4ccccc4)cc3)c3c(N)ncnc32)C1,0.669595781,test,butina,10,0.7649298852900002,0.26502705143000005,0.18570423695999985,0.3677200012099998
C=CC(=O)N1CCC([C@@H]2CCNc3c(C(N)=O)c(-c4ccc(Oc5ccccc5)cc4)nn32)CC1,0.231979027,test,butina,10,0.5593150128600002,0.10042505146999998,0.32521568187999994,0.06125703397999997
C=CC(=O)N1CCC[C@H](n2c(=O)n(-c3ccc(Oc4ccccc4)cc3)c3c(N)ncnc32)C1,0.276231958,test,butina,10,0.73969593088,0.42939092785,0.3025804295499999,0.2716211466499998
CC(C)(C=C(C#N)C(=O)N1CCC[C@@H](n2nc(-c3ccc(Oc4ccccc4)cc3F)c3c(N)ncnc32)C1)N1CCN(C2COC2)CC1,0.123198075,test,butina,10,0.2543199172499999,0.011674013069999968,0.09794270845999999,-0.02537548502999995
Nc1ncc(-c2cccc(C(F)(F)F)c2)c(C2CCCCN2C(=O)c2ccccc2)n1,0.137354111,test,butina,10,0.6837749910999998,0.69722097179,0.5356734104499998,0.7503478193199997
Cc1nccc(-c2cn(Cc3ccccc3)c3cnccc23)n1,1.207445854,test,butina,10,1.1420718874400007,0.94077072668,0.9644530527800002,0.6145492271699999
Nc1ncnc2c1c(-c1ccc(Oc3ccccc3)cc1)nn2[C@@H]1CCCNC1,0.846275242,test,butina,10,0.7707704835800001,0.34465398240999995,0.45426984705000023,0.30948410039999996
C[C@@H]1CCN(C(=O)CC#N)C[C@@H]1N(C)c1ncnc2[nH]ccc12,1.747124255,test,butina,10,1.2786844557100006,1.35238997086,0.4662366953099999,1.6747310429099997
CC(=O)Nc1ccc(C(=O)N2CCCCC2c2nc(N)ncc2-c2ccc(Cl)cc2)cc1,0.549861188,test,butina,10,1.2312264839100002,0.4034579718499999,0.5407184509799999,0.22866241971999993
CC(=O)Nc1ccc(C(=O)N2CCCCC2c2nc(N)ncc2-c2cccc(Cl)c2)cc1,0.584331224,test,butina,10,0.6021550014,0.38937937474999984,0.5199692645399998,0.25964354115999994
O=C1NCCN(C(=O)c2ccc3nccn3c2)C1c1ccccc1C(F)(F)F,1.801527189,test,butina,10,1.3255701798900006,0.8993463019199998,1.47570686647,0.9849670783000005
Cc1cc(F)ccc1C1C(=O)NCCN1C(=O)c1ccc2nccn2c1,1.950724994,test,butina,10,0.61638055062,0.8847999736999996,1.37820185914,1.0780709137100002
O=C1NCCN(C(=O)c2ccncc2)C1c1ccccc1Cl,1.868168158,test,butina,10,1.1120724174200007,0.9457299746199996,1.4857537614199996,1.1757261878199996
Cc1ncsc1C(=O)N1CCCCC1c1nc(N(C)C)ncc1-c1cccc(Cl)c1,0.021602716,test,butina,10,0.5992046223199998,0.5085378136500001,0.6959810703600003,0.5577300272499999
OCC1CCCCN1Cc1ccc(Cl)c(Cl)c1,1.484982782,test,butina,10,1.1916864168500003,1.0659269676000003,0.5809183970499999,0.8832098425700002
CC(=O)N1CCN(c2nc(C(F)(F)F)nc3sc(C)c(C)c23)CC1,0.624282096,test,butina,10,0.8854839550800004,1.0263815706000003,0.3213279265100001,0.6838689461299998
Cc1c(C(=O)NCCCN(C)C)sc2ncnc(Nc3ccc(F)cc3OC(C)C)c12,0.966376423,test,butina,10,0.4700197493599998,0.11287411155999999,0.039299337289999986,-0.008854517960000008
OCC1CCCCN1Cc1ccc(-c2ccccc2)cc1,1.394924244,test,butina,10,1.40257929047,0.9091120278800002,0.68971107966,0.8360050062999999
Cc1ncsc1C(=O)N1CCCCC1c1nc(N)ncc1-c1cccc(C(F)(F)F)c1,0.86254877,test,butina,10,0.7813689515699999,0.6357826441400001,0.6365357074599999,0.4849426766899997
O=C(Nc1ccc2ccccc2n1)c1ccc(N2CCOC2=O)cc1,0.069298012,test,butina,10,1.16469657235,0.5426210129000001,0.4864734238100001,0.5195799693
CCN1CCN(S(=O)(=O)Cc2ccc(Cl)c(Cl)c2)CC1,1.071845201,test,butina,10,0.7267651133500003,1.1453656648900001,0.8943261901300003,1.3128200352000008
CCn1c(CO)nn(-c2cc(O[C@@H](C)C(F)(F)F)c(C(=O)Nc3c(F)cccc3Cl)cc2F)c1=O,0.876910311,test,butina,10,0.6935005424700001,0.34353660928,0.2967110145199999,0.06164895071999999
NCCN1CCN(C/C=C/C(=O)N2CCC[C@@H](n3nc(-c4ccc(Oc5ccccc5)cc4)c4c(N)ncnc43)C2)CC1,0.686814955,test,butina,10,0.7292953148399998,0.19777807678999984,0.19379639741999988,-0.02501410551000003
Cn1c(C2CC2)nc2c1CCN(c1ncnc3ccsc13)C2,1.192985379,test,butina,10,0.9308060694500006,1.13214325131,0.7235600858,0.7838127484200001
COc1ccc(CCCN2CCN(c3cnn(C)c3)C(=O)C2)cc1F,1.308414999,test,butina,10,0.8857797488499999,1.1978946477400005,0.7313626220300002,1.40858568739
CN(Cc1ccccc1)C1(C(=O)N2CCNC(=O)CC2)Cc2ccccc2C1,0.912806393,test,butina,10,0.7550768659900001,1.01445848157,0.8499024205799999,1.2567848419100007
Cn1cc(Nc2nc(N)nc(-c3cccc(-n4ccc5cc(C6CC6)cc(F)c5c4=O)c3CO)n2)cn1,0.581038949,test,butina,10,0.6387295380100004,0.31397084587999996,0.48124462103999965,0.012308081329999974
Cc1oc2ccccc2c1CNc1nnc(-c2ccncc2)o1,-0.172630727,test,butina,10,1.0887092490800003,0.7796008524899999,0.7957619606600003,0.5921950795299997
Nc1ncnc2c1c(-c1cnc3[nH]ccc3c1)nn2C1CCCC1,0.780605306,test,butina,10,0.8317776505300003,0.9444073734599998,0.6004208276599998,0.67598099424
O=C(Nc1cnccc1-c1ccc(Cl)cc1)c1ccnc(NC(=O)C2CC2)c1,0.847634344,test,butina,10,0.59278369693,0.3954857199000001,0.63942745019,0.35560336142999993
CC1(C)CC(=O)C2=C(C1)NC(=O)CC2c1ccc(Br)cc1,0.944630702,test,butina,10,1.3744077088900002,0.5674786258199997,0.62572685245,0.61374152503
Cc1cc(N2CCCC2c2cc(CCC(=O)O)cc(C)n2)ncn1,2.0,test,butina,10,0.7529706965400003,1.1812982371300005,1.0822645106000004,0.8696636636300002
CC1(CNC(=O)c2cncc(C3CCNCC3)n2)CCCO1,1.960042456,test,butina,10,1.49455675432,1.5784701898000009,1.480037633220001,1.8579038673500003
CC1(C)Cc2cc(NC(=O)c3cnn4cccnc34)c(OCC3CC3)nc2O1,0.38219721,test,butina,10,0.6353143233899999,0.5426950222599998,0.77342500815,0.6662200760300001
CC(=O)Nc1ccc(O)cc1,1.916985305,test,butina,10,1.4254533888200003,1.09961135107,0.4473274509399999,1.53022295489
CCOc1cc2nn(CCC(C)(C)O)cc2cc1NC(=O)c1cccc(C(F)F)n1,0.268343914,train,butina,11,,,,
CN(c1ncc(F)cn1)[C@H]1CCCNC1,2.0,train,butina,11,,,,
CC(C)(O)CCn1cc2cc(NC(=O)c3cccc(C(F)(F)F)n3)c(C(C)(C)O)cc2n1,1.092264361,train,butina,11,,,,
CC#CC(=O)N[C@H]1CCCN(c2c(F)cc(C(N)=O)c3[nH]c(C)c(C)c23)C1,-0.639532816,train,butina,11,,,,
CC(C)NCC(O)COc1cccc2ccccc12,1.347759218,train,butina,11,,,,
C=CC(=O)N1CCC[C@@H](n2nc(-c3ccc(Oc4ccccc4)cc3)c3c(N)ncnc32)C1,-0.35853,train,butina,11,,,,
COc1ccc(S(=O)(=O)N2CCC(N3CCC(C)CC3)CC2)cc1,1.626076768,train,butina,11,,,,
CCn1c(-c2nonc2N)nc2cnc(Oc3cccc(NC(=O)c4ccc(OCCN5CCOCC5)cc4)c3)cc21,-0.325138859,train,butina,11,,,,
CC1(C)CC[C@]2(NC(=O)C(C)(F)F)CC[C@]3(C)[C@H](C(=O)C=C4[C@@]3(C)CC[C@H]3C(C)(C)C(=O)C(C#N)=C[C@]43C)[C@@H]2C1,-0.055517328,train,butina,11,,,,
Cc1c[nH]c2nccc(Oc3c(F)cc(Nc4cc(Cl)nc(N)n4)cc3F)c12,-0.68613278,train,butina,11,,,,
N#Cc1ccc2[nH]c(O)c(-c3ccc(CN4CCOCC4)cn3)c2c1,1.072507236,train,butina,11,,,,
CCCc1cc(N2CCc3c(nc(C4CC4)n3C)C2)n2ncnc2n1,1.388207807,train,butina,11,,,,
Fc1ccc(-c2ccc3c(c2)[nH]c2ccncc23)cn1,0.640978057,train,butina,11,,,,
Nc1c(F)ccc2cnc(-n3ccc4ccncc43)cc12,0.631443769,train,butina,11,,,,
C=CC(=O)N1C[C@H](Nc2ncnc3[nH]ccc23)CC[C@@H]1C,1.74597993,train,butina,11,,,,
Cn1cc(Nc2nccc(N3CC4CCC(C3)N4C(=O)[C@@H]3CC3(F)F)n2)cn1,1.786412441,train,butina,11,,,,
[2H]C([2H])([2H])NC(=O)c1nnc(NC(=O)C2CC2)cc1Nc1cccc(-c2ncn(C)n2)c1OC,1.236577565,train,butina,11,,,,
C=CC(=O)N1CCC(CNc2ncnc(N)c2-c2ccc(Oc3ccccc3)cc2)CC1,0.901294817,train,butina,11,,,,
Nc1n[nH]cc1-c1cc(Cl)ccc1Oc1cc(F)c(S(=O)(=O)Nc2cscn2)cc1Cl,-0.08249449,train,butina,11,,,,
Cc1c(-c2c(F)cc(C(N)=O)c3[nH]c4c(c23)CC[C@H](C(C)(C)O)C4)cccc1-n1c(=O)c2cccc(F)c2n(C)c1=O,0.326540669,train,butina,11,,,,
Cn1cc(-c2cn3nccc3c(-c3cnn([C@]4(CC#N)C[C@@H](C#N)C4)c3)n2)cn1,1.364100521,train,butina,11,,,,
O=C(Nc1cccnc1)c1ccnc(NC(=O)C2CC2)c1,1.615287063,train,butina,11,,,,
O=C(c1ccc(Oc2ccccc2)cc1Cl)c1c[nH]c2ncnc(N[C@@H]3CC[C@@H](CO)OC3)c12,-0.295849483,train,butina,11,,,,
C=CC(=O)Nc1cccc(Oc2nc(Nc3ccc(N4CCN(C)CC4)cc3)nc3ccsc23)c1,-0.308918508,train,butina,11,,,,
CC#CC(=O)N1CC[C@@H](n2c(=O)n(-c3ccc(Oc4ccccc4)cc3)c3c(N)ncnc32)C1,0.669595781,train,butina,11,,,,
C=CC(=O)N1CCC([C@@H]2CCNc3c(C(N)=O)c(-c4ccc(Oc5ccccc5)cc4)nn32)CC1,0.231979027,train,butina,11,,,,
C=CC(=O)N1CCC[C@H](n2c(=O)n(-c3ccc(Oc4ccccc4)cc3)c3c(N)ncnc32)C1,0.276231958,train,butina,11,,,,
CC(C)(C=C(C#N)C(=O)N1CCC[C@@H](n2nc(-c3ccc(Oc4ccccc4)cc3F)c3c(N)ncnc32)C1)N1CCN(C2COC2)CC1,0.123198075,train,butina,11,,,,
CC#CC(=O)N1CC[C@@H](n2cc(-c3ccc(Oc4c(F)cccc4F)cc3)c3c(N)n[nH]c(=O)c32)C1,-0.029188389,train,butina,11,,,,
C=CC(=O)Nc1cccc(Oc2nc(Nc3ccc(N4CCN(C)CC4)c(F)c3)nc3[nH]ccc23)c1,-0.139063379,train,butina,11,,,,
C[C@@H]1c2nnn(-c3ncc(F)cn3)c2CCN1C(=O)c1cccc(C(F)(F)F)c1Cl,1.240049772,train,butina,11,,,,
Nc1ncc(-c2cccc(C(F)(F)F)c2)c(C2CCCCN2C(=O)c2ccccc2)n1,0.137354111,train,butina,11,,,,
Fc1ccccc1-c1c[nH]nc1C1CCCN1Cc1ccc2ncccc2c1,0.460897843,train,butina,11,,,,
Cc1nccc(-c2cn(Cc3ccccc3)c3cnccc23)n1,1.207445854,train,butina,11,,,,
CCc1nc(C)cn2nc(-c3cc(=O)n4cc(C5CCN(C)CC5)cc(C)c4n3)cc12,0.593618308,train,butina,11,,,,
Cc1c(Cl)ccc2cc3n(c12)[C@@H](C)CNC3=O,0.696793085,train,butina,11,,,,
Nc1ncnc2c1c(-c1ccc(Oc3ccccc3)cc1)nn2[C@@H]1CCCNC1,0.846275242,train,butina,11,,,,
COc1nn(C)cc1C(=O)Nc1cccc(-c2cnc3n2CCC3)c1,0.685562611,train,butina,11,,,,
COc1cc(F)ccc1-c1ncnc(Nc2cccc(C[S@@](C)(=N)=O)c2)n1,1.574609941,train,butina,11,,,,
Cc1ncc(CN2CC[C@@H](Nc3cncc(Cl)n3)[C@@H](C)C2)s1,1.264227348,train,butina,11,,,,
CCc1nc2c(C)cc(N3CCN(CC(=O)N4CC(O)C4)CC3)cn2c1N(C)c1nc(-c2ccc(F)cc2)c(C#N)s1,-0.434152181,train,butina,11,,,,
C[C@@H]1CCN(C(=O)CC#N)C[C@@H]1N(C)c1ncnc2[nH]ccc12,1.747124255,train,butina,11,,,,
CC(=O)Nc1ccc(C(=O)N2CCCCC2c2nc(N)ncc2-c2ccc(Cl)cc2)cc1,0.549861188,train,butina,11,,,,
CC(=O)Nc1ccc(C(=O)N2CCCCC2c2nc(N)ncc2-c2cccc(Cl)c2)cc1,0.584331224,train,butina,11,,,,
O=C1NCCN(C(=O)c2ccc3nccn3c2)C1c1ccccc1C(F)(F)F,1.801527189,train,butina,11,,,,
Cc1cc(F)ccc1C1C(=O)NCCN1C(=O)c1ccc2nccn2c1,1.950724994,train,butina,11,,,,
O=C1NCCN(C(=O)c2ccncc2)C1c1ccccc1Cl,1.868168158,train,butina,11,,,,
CC(C)(C)C(=O)N1CCC(Cc2ccc(-c3cccs3)cc2)(C(=O)N2CCCC2)CC1,0.008174184,train,butina,11,,,,
OC[C@H](Nc1cncc(-c2ccc3[nH]ncc3n2)c1)c1ccccc1,1.024690862,train,butina,11,,,,
Cc1ncsc1C(=O)N1CCCCC1c1nc(N(C)C)ncc1-c1cccc(Cl)c1,0.021602716,train,butina,11,,,,
OCC1CCCCN1Cc1ccc(Cl)c(Cl)c1,1.484982782,train,butina,11,,,,
CC(=O)N1CCN(c2nc(C(F)(F)F)nc3sc(C)c(C)c23)CC1,0.624282096,train,butina,11,,,,
COc1ccccc1C(=O)Nc1ccc2cc[nH]c2c1,0.571825249,train,butina,11,,,,
c1ccc(Oc2cccc(CN(CCN3CCOCC3)Cc3cccnc3)c2)cc1,0.142389466,train,butina,11,,,,
COc1ccc([C@H]2CN(C(C)=O)[C@@H]3CCCN(Cc4cccc(F)c4)[C@H]23)cc1,0.594060901,train,butina,11,,,,
Cc1c(C(=O)NCCCN(C)C)sc2ncnc(Nc3ccc(F)cc3OC(C)C)c12,0.966376423,train,butina,11,,,,
OCC1CCCCN1Cc1ccc(-c2ccccc2)cc1,1.394924244,train,butina,11,,,,
Cc1nnc(-c2ccc3occ(-c4ccc(S(C)=O)cc4)c3c2)o1,1.077985291,train,butina,11,,,,
Cc1ncsc1C(=O)N1CCCCC1c1nc(N)ncc1-c1cccc(C(F)(F)F)c1,0.86254877,train,butina,11,,,,
O=C(Nc1ccc2ccccc2n1)c1ccc(N2CCOC2=O)cc1,0.069298012,train,butina,11,,,,
O=C(CCNC(=O)c1ccc(OC(F)(F)F)cc1)N[C@@H]1CCCc2ccccc21,0.630427875,train,butina,11,,,,
O=S(=O)(c1cccc2cnccc12)N1CCCNCC1,1.844321821,train,butina,11,,,,
C=CC(=O)Nc1cccc(Oc2nc(Nc3ccc(N4CCN(C)CC4)cc3)nc3ccoc23)c1,-0.208309351,train,butina,11,,,,
CCN1CCN(S(=O)(=O)Cc2ccc(Cl)c(Cl)c2)CC1,1.071845201,train,butina,11,,,,
CCn1c(CO)nn(-c2cc(O[C@@H](C)C(F)(F)F)c(C(=O)Nc3c(F)cccc3Cl)cc2F)c1=O,0.876910311,train,butina,11,,,,
CCN(C/C=C\c1ccc(C2CCCCC2)c(Cl)c1)C1CCCCC1,-0.266802735,train,butina,11,,,,
NCCN1CCN(C/C=C/C(=O)N2CCC[C@@H](n3nc(-c4ccc(Oc5ccccc5)cc4)c4c(N)ncnc43)C2)CC1,0.686814955,train,butina,11,,,,
Cn1c(C2CC2)nc2c1CCN(c1ncnc3ccsc13)C2,1.192985379,train,butina,11,,,,
CC/C(=C(\c1ccccc1)c1ccc(OCCN(C)C)cc1)c1ccccc1,-0.341988603,train,butina,11,,,,
COc1nn(C)cc1C(=O)Nc1cccc2cnccc12,1.58945809,train,butina,11,,,,
CNC(=O)C1(Cc2ccc(-c3ccncc3)cc2)CCN(Cc2cccc(F)c2)C1,0.715167358,train,butina,11,,,,
Cc1ncc(CN2CCC(Nc3ccc4nnnn4n3)C(C)C2)s1,1.579154557,train,butina,11,,,,
Cc1nc(Nc2nccs2)cc(C2CN(c3ncccn3)C2)n1,0.374565061,train,butina,11,,,,
COc1ccc(Nc2c(C#N)cnc3cc(OC)c(OC)cc23)cc1Cl,0.115943177,train,butina,11,,,,
COc1ccc(CCCN2CCN(c3cnn(C)c3)C(=O)C2)cc1F,1.308414999,train,butina,11,,,,
CN(Cc1ccccc1)C1(C(=O)N2CCNC(=O)CC2)Cc2ccccc2C1,0.912806393,train,butina,11,,,,
O=S(=O)(c1cccc2c(O)nccc12)N1CCCNCC1,1.990813743,train,butina,11,,,,
COCC(=O)N1CCC(Cc2ccccc2-c2cccc(F)c2)(C(=O)NC(C)C)CC1,1.076967952,train,butina,11,,,,
COc1ccc(CNC(=O)c2sc3nc(C)cc(C)c3c2N)cc1,-0.18243463,train,butina,11,,,,
C#C[C@@](C)(CC)NC(=O)c1cc(F)cnc1NC1CC(F)(F)C1,0.850278553,train,butina,11,,,,
Cn1cc(Nc2nc(N)nc(-c3cccc(-n4ccc5cc(C6CC6)cc(F)c5c4=O)c3CO)n2)cn1,0.581038949,train,butina,11,,,,
CNC(=O)C1(Cc2ccc(-c3cccnc3)cc2)CCN(Cc2ccc(F)cc2)C1,0.918868743,train,butina,11,,,,
CNC(=O)C1(Cc2ccc(-c3cccnc3)cc2)CCN(Cc2cccc(F)c2)C1,0.531095547,train,butina,11,,,,
CC(=O)Nc1ncc(CN2CCCC[C@@H]2C)s1,1.923109252,train,butina,11,,,,
O=C1CCCC[C@@H]2[C@H](C[C@@H](Cc3ccccc3F)N2C(=O)c2cccc3ncccc23)N1,1.348966512,train,butina,11,,,,
CCOc1cc(CC(=O)N[C@@H](CC(C)C)c2ccccc2N2CCCCC2)ccc1C(=O)O,-0.063486258,train,butina,11,,,,
CC(O)(C#Cc1ccc2c(c1)N(c1nc(N)ncc1Cl)CC2)c1nccs1,0.275311355,train,butina,11,,,,
COCCc1noc(CN2CC(c3ccccc3)(c3ccccc3)CCC2=O)n1,1.25166255,train,butina,11,,,,
Cc1[nH]nc2c1C1(CCCCC1)CC(=O)N2,1.284633733,train,butina,11,,,,
Cc1oc2ccccc2c1CNc1nnc(-c2ccncc2)o1,-0.172630727,train,butina,11,,,,
O=C(Nc1cccc2ncccc12)[C@H]1CCCN(S(=O)(=O)c2ccccc2)C1,1.091666958,train,butina,11,,,,
C[C@@H]1Cc2ccccc2N1C(=O)Cn1nc(-c2cccc3ncccc23)oc1=O,0.360404055,train,butina,11,,,,
Nc1ncnc2c1c(-c1cnc3[nH]ccc3c1)nn2C1CCCC1,0.780605306,train,butina,11,,,,
O=C(Nc1cnccc1-c1ccc(Cl)cc1)c1ccnc(NC(=O)C2CC2)c1,0.847634344,train,butina,11,,,,
CN1C(N)=N[C@](C)(c2cc(NC(=O)c3ccc(F)cn3)ccc2F)CS1(=O)=O,1.491417728,train,butina,11,,,,
Cc1cc(Nc2cnccn2)cc(C2CCCN(CC(=O)N3CCCC3)C2)n1,1.632416797,train,butina,11,,,,
Cc1cccnc1Nc1cccc(C2CCCN(CC(=O)Nc3nccs3)C2)n1,0.637289548,train,butina,11,,,,
CC1(C)CC(=O)C2=C(C1)NC(=O)CC2c1ccc(Br)cc1,0.944630702,train,butina,11,,,,
CNC(=O)C1(Cc2ccc(-c3cccnc3)cc2)CCN(Cc2ccccc2Cl)C1,0.273695588,train,butina,11,,,,
Cc1cc(N2CCCC2c2cc(CCC(=O)O)cc(C)n2)ncn1,2.0,train,butina,11,,,,
COc1cc2ncnc(Nc3cccc(O)c3)c2cc1OC,0.650307523,train,butina,11,,,,
Cc1cc(C)c2c(N)c(C(=O)NCc3ccc(Cl)cc3)sc2n1,-0.185752404,train,butina,11,,,,
COCCNC(=O)c1ccnc(C2CCNCC2)c1,2.0,train,butina,11,,,,
COc1nc2sc(C(=O)NC3CC3)c(N)c2c(C)c1Cl,0.452093249,train,butina,11,,,,
CC1(CNC(=O)c2cncc(C3CCNCC3)n2)CCCO1,1.960042456,train,butina,11,,,,
Cc1cc(N2CCCC2)nc(C2CCCN(C)C2)n1,1.861522463,train,butina,11,,,,
O=C1NCCSc2c1sc1ccc(O)cc21,1.164679941,train,butina,11,,,,
COc1cc2nc(N3CCN(C(=O)c4ccco4)CC3)nc(N)c2cc1OC,1.371880249,train,butina,11,,,,
CC(CCc1ccccc1)NCC(O)c1ccc(O)c(C(N)=O)c1,1.65850745,train,butina,11,,,,
CC1(C)Cc2cc(NC(=O)c3cnn4cccnc34)c(OCC3CC3)nc2O1,0.38219721,train,butina,11,,,,
CC(C)CC(NC(=O)C(O)C(N)Cc1ccccc1)C(=O)O,1.54052968,train,butina,11,,,,
COCCc1ccc(OCC(O)CNC(C)C)cc1,2.0,train,butina,11,,,,
COc1cc(Cc2cnc(N)nc2N)cc(OC)c1OC,1.855513099,train,butina,11,,,,
CC(C(=O)O)c1cccc(C(=O)c2ccccc2)c1,0.047274867,train,butina,11,,,,
COc1cc2c(cc1OC)CN(CCc1ccc(NC(=O)c3cccc4c(O)c5cccc(OC)c5nc34)cc1)CC2,-1.292429824,train,butina,11,,,,
C=CCc1ccccc1OCC(O)CNC(C)C,1.496029699,train,butina,11,,,,
Nc1nc(=O)c2ncn(COCCO)c2[nH]1,1.850860573,train,butina,11,,,,
NCCCC[C@H](N[C@@H](CCc1ccccc1)C(=O)O)C(=O)N1CCC[C@H]1C(=O)O,2.0,train,butina,11,,,,
CCCc1nc2nc(C)c(NS(=O)(=O)c3ccc(C4CCCCC4)cc3)c(O)n2n1,-0.137272472,train,butina,11,,,,
COc1ccc([C@H]2c3[nH]c4ccc(Cl)cc4c3CCN2C(=O)Oc2ccc(Cl)cc2)cc1,1.754608223,train,butina,11,,,,
NC(=O)C1(Cc2ccc(-c3ccncc3)cc2)CCN(C(=O)Cc2cccc(F)c2)CC1,1.058463986,train,butina,11,,,,
CC(=O)Nc1ccc(O)cc1,1.916985305,train,butina,11,,,,
O=C(NC1CCNCC1)c1ccc2[nH]ncc2c1,1.92695435,train,butina,11,,,,
Cc1cccc(/C=N/Nc2cc(N3CCOCC3)nc(OCCc3ccccn3)n2)c1,-0.27572413,train,butina,11,,,,
CCn1c(=O)oc2cc(NC(=O)c3ccc(C(C)(C)C)cc3)ccc21,0.180412633,train,butina,11,,,,
COc1ccc(OC[C@@H]2c3cc(OC)c(OC)cc3CCN2C(=O)c2cccc(Cl)c2)cc1,0.232233521,train,butina,11,,,,
N#Cc1ccc(COc2cccc(C3CCN(Cc4nc5ccc(C(=O)O)cc5n4C[C@@H]4CCO4)CC3)n2)c(F)c1,0.312177356,train,butina,11,,,,
CC(C)[C@H](CO)Nc1nc(Nc2cc(N)cc(Cl)c2)c2ncn(C(C)C)c2n1,-0.099086932,train,butina,11,,,,
O=C(NC1CCNCC1)c1ccc2cn[nH]c2c1,1.70808081,train,butina,11,,,,
CC(C)(C)OC(=O)N1CCCC1C(=O)N1CCC(C(=O)N[C@@H](Cc2c[nH]c3ccccc23)C(=O)O)CC1,1.842553077,train,butina,11,,,,
O=C(Nc1cccc2c(=O)cc(-c3nnn[nH]3)oc12)c1ccc(OCCCCc2ccccc2)cc1,0.77224834,train,butina,11,,,,
CC(=O)Nc1ncc(C(=O)O)s1,1.854123782,train,butina,11,,,,
Cc1cccc(-c2nc(C34CCC(C(N)=O)(CC3)CC4)[nH]c2-c2ccc3c(c2)OCO3)n1,0.21031852,train,butina,11,,,,
CC(C)[C@@](C)(O)[C@@H]1CN(c2nc(-c3n[nH]c4ncccc34)c(F)cc2Cl)CCN1,0.622421274,train,butina,11,,,,
CNc1cc(Nc2cccn(-c3ccccn3)c2=O)nn2c(C(=O)N[C@@H]3C[C@@H]3F)cnc12,0.51851394,test,butina,11,0.9901292229199999,0.6638515921699996,0.6851172988,1.19796105948
CC(C)(Oc1ccc(-c2cnc(N)c(-c3ccc(Cl)cc3)c2)cc1)C(=O)O,-1.403402904,test,butina,11,0.54594529945,0.5242176693699998,0.5739989122399998,0.33506918729
COc1ccc(Cl)cc1C(=O)NCCc1ccc(S(=O)(=O)NC(=O)NC2CCCCC2)cc1,-0.943095149,test,butina,11,0.8714148035600005,0.8393709118299999,0.4917706907999997,0.4786768370499999
CC(C)NC(=O)COc1cccc(-c2nc(Nc3ccc4[nH]ncc4c3)c3ccccc3n2)c1,-0.504455662,test,butina,11,0.60976261963,0.33569918816000005,0.5103644323200001,0.19933806662999995
CCS(=O)(=O)N1CC(CC#N)(n2cc(-c3ncnc4[nH]ccc34)cn2)C1,2.0,test,butina,11,0.9465043237999998,0.7851570132299999,0.7308095183400002,1.3619344313400001
COc1cc2c(cc1OC)CC(=O)N(CCCN(C)C[C@H]1Cc3cc(OC)c(OC)cc31)CC2,1.615139594,test,butina,11,1.0822794174400008,0.9365737220400008,0.6085471424200001,0.2523205637499999
N#CC[C@H](C1CCCC1)n1cc(-c2ncnc3[nH]ccc23)cn1,1.244598701,test,butina,11,1.2680173932600007,1.0478458175400005,0.8265383788100001,0.8203804329799997
CC(C)(C)c1ccc(-c2nc3n(c(=O)c2C#N)CCS3)cc1,0.455758203,test,butina,11,0.7070886967300002,1.0325528944000004,0.49142459606000005,0.6188285592299997
COc1ccccc1-c1cc(NC(=O)c2cccc(N3CCNC3=O)c2)[nH]n1,-0.742321425,test,butina,11,0.8598785843799999,0.6934097288999999,0.57053047225,0.7269583713899997
O=C(Nc1cccc(-c2nncn2C2CC2)c1)c1cc(-n2cnc(C3CC3)c2)ccn1,0.611935625,test,butina,11,0.6263607492800001,0.7328349851099997,0.7345170900300001,0.5218097697799997
Cc1nnc(CN(C)CC(C)Oc2ccc(Cl)c(Cl)c2)n1C,1.114444172,test,butina,11,0.8334238701500003,1.1108394547900005,0.90172708434,0.8625267034800004
Cc1ccc(C(=O)N2CCC(Cc3ccccc3-c3ccccc3)(C(=O)N(C)C)CC2)s1,-0.590066877,test,butina,11,0.7717174356899997,0.54896603981,0.36048278286999996,0.3028453697600001
CN(C)C(=O)C1(Cc2ccccc2-c2ccccc2)CCN(C(=O)C2CCCO2)CC1,1.265713811,test,butina,11,0.7453435953700002,0.7377688279199998,0.76772462661,0.6817470305699994
O=C1CN(c2ccc(Nc3nccc(C(F)(F)F)n3)cn2)CCN1,1.433497815,test,butina,11,1.3999635081100004,1.3655128076600007,1.4198640405300003,1.6787589581899995
C[C@H]1CN(C(=O)CC(c2ccccc2)c2ccccc2)C[C@@H](C)O1,0.718335579,test,butina,11,1.2976248120100007,1.0922399547400008,0.5237338814500001,0.8157506123799999
CN1[C@H]2CC[C@@H]1C[C@@H](OC(c1ccccc1)c1ccccc1)C2,1.180842415,test,butina,11,1.3331148746900003,1.0130540334200004,0.58692321131,0.7669386425500002
Nc1ncc(C(=O)NC2CN(C(=O)C3CC3)C2)c2ccc(-c3cccc(F)c3)nc12,0.38219721,test,butina,11,0.6841977625099994,0.5550709287299999,0.5650719305300003,1.1002543707300003
CC1(C)CC(Oc2ccc(-c3ccc(-c4cn[nH]c4)cc3O)nn2)CC(C)(C)N1,1.241969612,test,butina,11,0.8808169863799999,0.6772566901499999,0.8223670420099997,0.6663676756499995
O=C(Nc1nc2cccc(-c3ccc(CN4CCS(=O)(=O)CC4)cc3)n2n1)C1CC1,1.601853652,test,butina,11,0.9770703917100001,0.68027837254,0.8748882193500003,1.2124126268300002
Cc1noc(C(C)C)c1C(=O)N1CC(C)OC(c2ccccc2)C1,1.111934276,test,butina,11,0.9256298868300002,1.1635323345100002,1.3675347277300003,0.7917040554499998
Cc1c(F)cccc1NC(=O)CN1[C@H]2CCCC(=O)N[C@@]2(C)C[C@H]1Cc1ccccc1,0.925312092,test,butina,11,1.0681675007600004,0.8797258489600004,1.18264890742,0.7330089561500002
CCC1=C(C)CN(C(=O)NCCc2ccc(S(=O)(=O)NC(=O)N[C@H]3CC[C@H](C)CC3)cc2)C1=O,-1.638272164,test,butina,11,1.1155875748000001,1.0839204709600012,0.6250190459199999,0.5962015602999999
Cc1ccc(NC(=O)CN2[C@H]3CCCC(=O)N[C@@]3(C)C[C@H]2Cc2ccccc2)cc1F,0.360971884,test,butina,11,0.9265428889299997,0.9767988622000005,0.9993057342900004,0.73480140532
CN(C)C(=O)C1(Cc2ccccc2-c2cccc(F)c2)CCN(C(=O)C2CC=CCC2)CC1,0.142702246,test,butina,11,0.7835409327499994,0.59723608867,0.7645869236499998,0.4447221590799999
Cc1cnc(C(=O)NCCc2ccc(S(=O)(=O)NC(=O)NC3CCCCC3)cc2)cn1,-0.204119983,test,butina,11,1.3208751138700001,1.0186455749300003,0.70407828614,1.3138296786600003
CC1CN(C(=O)c2cccnc2N2CCOCC2)CC(c2ccccc2)O1,1.555686814,test,butina,11,0.9116204599599999,1.0148605869899998,1.44531892575,1.4013125388000005
CCCCNC(=O)NS(=O)(=O)c1ccc(C)cc1,0.440121603,test,butina,11,0.97286337665,1.3304783589200009,0.6954651372999998,1.6836722923299994
CN(C)C(=O)C1(Cc2ccccc2-c2ccccc2)CCN(C(=O)c2cnn(C)c2)CC1,1.146840934,test,butina,11,0.7739059607800001,0.7248113151699996,0.6230235495,0.7937055370799999
CN1CCN(S(=O)(=O)c2ccc(-c3cnc(N)c(C(=O)Nc4cccnc4)n3)cc2)CC1,0.915558115,test,butina,11,0.90429494832,0.59390315689,1.2625860522999997,1.2555780746700003
CCCNC(=O)NS(=O)(=O)c1ccc(Cl)cc1,0.628286731,test,butina,11,0.9922660305500003,1.2825618737200009,0.7520491288500004,1.63910748088
O=C(CN1CCCC(c2cccc(Cc3cccc(F)c3)n2)C1)N1CCCC1,0.953856298,test,butina,11,1.0376039485500008,1.1965910294400004,1.2561897527000006,0.7062688739999997
CCn1cc(C(=O)O)c(=O)c2c(N)c(F)c(NC3CCCCC3)cc21,0.426673888,test,butina,11,0.6510736628100002,1.0651902984300003,0.7077514273100002,0.4799602204499999
N#Cc1cc(F)c(NS(=O)(=O)c2c[nH]c3cc(Cl)ccc23)cc1F,-0.251811973,test,butina,11,0.5795157399599998,0.49543499045999995,1.2491044414700005,0.6822532509199998
COc1cc2nc(-c3cc(F)ccc3O)nc(N[C@@H]3CNC[C@H]3C(C)(C)O)c2cc1OC.Cl,-0.823908741,test,butina,11,0.7774040128000004,0.5760632089199998,0.4078112234200001,0.14361009372000008
CNc1cc(Nc2cccn(-c3ccccn3)c2=O)nn2c(C(=O)N[C@@H]3C[C@@H]3F)cnc12,0.51851394,train,butina,12,,,,
CN(c1ncc(F)cn1)[C@H]1CCCNC1,2.0,train,butina,12,,,,
CC(C)(Oc1ccc(-c2cnc(N)c(-c3ccc(Cl)cc3)c2)cc1)C(=O)O,-1.403402904,train,butina,12,,,,
CC(C)NCC(O)COc1cccc2ccccc12,1.347759218,train,butina,12,,,,
COc1ccc(Cl)cc1C(=O)NCCc1ccc(S(=O)(=O)NC(=O)NC2CCCCC2)cc1,-0.943095149,train,butina,12,,,,
C=CC(=O)N1CCC[C@@H](n2nc(-c3ccc(Oc4ccccc4)cc3)c3c(N)ncnc32)C1,-0.35853,train,butina,12,,,,
CC(C)NC(=O)COc1cccc(-c2nc(Nc3ccc4[nH]ncc4c3)c3ccccc3n2)c1,-0.504455662,train,butina,12,,,,
CCS(=O)(=O)N1CC(CC#N)(n2cc(-c3ncnc4[nH]ccc34)cn2)C1,2.0,train,butina,12,,,,
COc1ccc(S(=O)(=O)N2CCC(N3CCC(C)CC3)CC2)cc1,1.626076768,train,butina,12,,,,
CCn1c(-c2nonc2N)nc2cnc(Oc3cccc(NC(=O)c4ccc(OCCN5CCOCC5)cc4)c3)cc21,-0.325138859,train,butina,12,,,,
CC1(C)CC[C@]2(NC(=O)C(C)(F)F)CC[C@]3(C)[C@H](C(=O)C=C4[C@@]3(C)CC[C@H]3C(C)(C)C(=O)C(C#N)=C[C@]43C)[C@@H]2C1,-0.055517328,train,butina,12,,,,
Cc1c[nH]c2nccc(Oc3c(F)cc(Nc4cc(Cl)nc(N)n4)cc3F)c12,-0.68613278,train,butina,12,,,,
COc1cc2c(cc1OC)CC(=O)N(CCCN(C)C[C@H]1Cc3cc(OC)c(OC)cc31)CC2,1.615139594,train,butina,12,,,,
N#Cc1ccc2[nH]c(O)c(-c3ccc(CN4CCOCC4)cn3)c2c1,1.072507236,train,butina,12,,,,
CCCc1cc(N2CCc3c(nc(C4CC4)n3C)C2)n2ncnc2n1,1.388207807,train,butina,12,,,,
Nc1c(F)ccc2cnc(-n3ccc4ccncc43)cc12,0.631443769,train,butina,12,,,,
C=CC(=O)N1C[C@H](Nc2ncnc3[nH]ccc23)CC[C@@H]1C,1.74597993,train,butina,12,,,,
[2H]C([2H])([2H])NC(=O)c1nnc(NC(=O)C2CC2)cc1Nc1cccc(-c2ncn(C)n2)c1OC,1.236577565,train,butina,12,,,,
C=CC(=O)N1CCC(CNc2ncnc(N)c2-c2ccc(Oc3ccccc3)cc2)CC1,0.901294817,train,butina,12,,,,
Cc1c(-c2c(F)cc(C(N)=O)c3[nH]c4c(c23)CC[C@H](C(C)(C)O)C4)cccc1-n1c(=O)c2cccc(F)c2n(C)c1=O,0.326540669,train,butina,12,,,,
Cn1cc(-c2cn3nccc3c(-c3cnn([C@]4(CC#N)C[C@@H](C#N)C4)c3)n2)cn1,1.364100521,train,butina,12,,,,
O=C(Nc1cccnc1)c1ccnc(NC(=O)C2CC2)c1,1.615287063,train,butina,12,,,,
N#CC[C@H](C1CCCC1)n1cc(-c2ncnc3[nH]ccc23)cn1,1.244598701,train,butina,12,,,,
CC(C)(C)c1ccc(-c2nc3n(c(=O)c2C#N)CCS3)cc1,0.455758203,train,butina,12,,,,
C=CC(=O)Nc1cccc(Oc2nc(Nc3ccc(N4CCN(C)CC4)cc3)nc3ccsc23)c1,-0.308918508,train,butina,12,,,,
CC#CC(=O)N1CC[C@@H](n2c(=O)n(-c3ccc(Oc4ccccc4)cc3)c3c(N)ncnc32)C1,0.669595781,train,butina,12,,,,
C=CC(=O)N1CCC([C@@H]2CCNc3c(C(N)=O)c(-c4ccc(Oc5ccccc5)cc4)nn32)CC1,0.231979027,train,butina,12,,,,
C=CC(=O)N1CCC[C@H](n2c(=O)n(-c3ccc(Oc4ccccc4)cc3)c3c(N)ncnc32)C1,0.276231958,train,butina,12,,,,
CC(C)(C=C(C#N)C(=O)N1CCC[C@@H](n2nc(-c3ccc(Oc4ccccc4)cc3F)c3c(N)ncnc32)C1)N1CCN(C2COC2)CC1,0.123198075,train,butina,12,,,,
CC#CC(=O)N1CC[C@@H](n2cc(-c3ccc(Oc4c(F)cccc4F)cc3)c3c(N)n[nH]c(=O)c32)C1,-0.029188389,train,butina,12,,,,
C=CC(=O)Nc1cccc(Oc2nc(Nc3ccc(N4CCN(C)CC4)c(F)c3)nc3[nH]ccc23)c1,-0.139063379,train,butina,12,,,,
C[C@@H]1c2nnn(-c3ncc(F)cn3)c2CCN1C(=O)c1cccc(C(F)(F)F)c1Cl,1.240049772,train,butina,12,,,,
COc1ccccc1-c1cc(NC(=O)c2cccc(N3CCNC3=O)c2)[nH]n1,-0.742321425,train,butina,12,,,,
Nc1ncc(-c2cccc(C(F)(F)F)c2)c(C2CCCCN2C(=O)c2ccccc2)n1,0.137354111,train,butina,12,,,,
O=C(Nc1cccc(-c2nncn2C2CC2)c1)c1cc(-n2cnc(C3CC3)c2)ccn1,0.611935625,train,butina,12,,,,
Fc1ccccc1-c1c[nH]nc1C1CCCN1Cc1ccc2ncccc2c1,0.460897843,train,butina,12,,,,
Cc1nccc(-c2cn(Cc3ccccc3)c3cnccc23)n1,1.207445854,train,butina,12,,,,
CCc1nc(C)cn2nc(-c3cc(=O)n4cc(C5CCN(C)CC5)cc(C)c4n3)cc12,0.593618308,train,butina,12,,,,
Cc1c(Cl)ccc2cc3n(c12)[C@@H](C)CNC3=O,0.696793085,train,butina,12,,,,
Nc1ncnc2c1c(-c1ccc(Oc3ccccc3)cc1)nn2[C@@H]1CCCNC1,0.846275242,train,butina,12,,,,
Cc1nnc(CN(C)CC(C)Oc2ccc(Cl)c(Cl)c2)n1C,1.114444172,train,butina,12,,,,
COc1nn(C)cc1C(=O)Nc1cccc(-c2cnc3n2CCC3)c1,0.685562611,train,butina,12,,,,
COc1cc(F)ccc1-c1ncnc(Nc2cccc(C[S@@](C)(=N)=O)c2)n1,1.574609941,train,butina,12,,,,
Cc1ccc(C(=O)N2CCC(Cc3ccccc3-c3ccccc3)(C(=O)N(C)C)CC2)s1,-0.590066877,train,butina,12,,,,
CCc1nc2c(C)cc(N3CCN(CC(=O)N4CC(O)C4)CC3)cn2c1N(C)c1nc(-c2ccc(F)cc2)c(C#N)s1,-0.434152181,train,butina,12,,,,
C[C@@H]1CCN(C(=O)CC#N)C[C@@H]1N(C)c1ncnc2[nH]ccc12,1.747124255,train,butina,12,,,,
CN(C)C(=O)C1(Cc2ccccc2-c2ccccc2)CCN(C(=O)C2CCCO2)CC1,1.265713811,train,butina,12,,,,
CC(=O)Nc1ccc(C(=O)N2CCCCC2c2nc(N)ncc2-c2ccc(Cl)cc2)cc1,0.549861188,train,butina,12,,,,
CC(=O)Nc1ccc(C(=O)N2CCCCC2c2nc(N)ncc2-c2cccc(Cl)c2)cc1,0.584331224,train,butina,12,,,,
O=C1CN(c2ccc(Nc3nccc(C(F)(F)F)n3)cn2)CCN1,1.433497815,train,butina,12,,,,
O=C1NCCN(C(=O)c2ccc3nccn3c2)C1c1ccccc1C(F)(F)F,1.801527189,train,butina,12,,,,
Cc1cc(F)ccc1C1C(=O)NCCN1C(=O)c1ccc2nccn2c1,1.950724994,train,butina,12,,,,
O=C1NCCN(C(=O)c2ccncc2)C1c1ccccc1Cl,1.868168158,train,butina,12,,,,
C[C@H]1CN(C(=O)CC(c2ccccc2)c2ccccc2)C[C@@H](C)O1,0.718335579,train,butina,12,,,,
CN1[C@H]2CC[C@@H]1C[C@@H](OC(c1ccccc1)c1ccccc1)C2,1.180842415,train,butina,12,,,,
CC(C)(C)C(=O)N1CCC(Cc2ccc(-c3cccs3)cc2)(C(=O)N2CCCC2)CC1,0.008174184,train,butina,12,,,,
OC[C@H](Nc1cncc(-c2ccc3[nH]ncc3n2)c1)c1ccccc1,1.024690862,train,butina,12,,,,
Cc1ncsc1C(=O)N1CCCCC1c1nc(N(C)C)ncc1-c1cccc(Cl)c1,0.021602716,train,butina,12,,,,
OCC1CCCCN1Cc1ccc(Cl)c(Cl)c1,1.484982782,train,butina,12,,,,
CC(=O)N1CCN(c2nc(C(F)(F)F)nc3sc(C)c(C)c23)CC1,0.624282096,train,butina,12,,,,
COc1ccccc1C(=O)Nc1ccc2cc[nH]c2c1,0.571825249,train,butina,12,,,,
COc1ccc([C@H]2CN(C(C)=O)[C@@H]3CCCN(Cc4cccc(F)c4)[C@H]23)cc1,0.594060901,train,butina,12,,,,
Cc1c(C(=O)NCCCN(C)C)sc2ncnc(Nc3ccc(F)cc3OC(C)C)c12,0.966376423,train,butina,12,,,,
OCC1CCCCN1Cc1ccc(-c2ccccc2)cc1,1.394924244,train,butina,12,,,,
Nc1ncc(C(=O)NC2CN(C(=O)C3CC3)C2)c2ccc(-c3cccc(F)c3)nc12,0.38219721,train,butina,12,,,,
CC1(C)CC(Oc2ccc(-c3ccc(-c4cn[nH]c4)cc3O)nn2)CC(C)(C)N1,1.241969612,train,butina,12,,,,
Cc1nnc(-c2ccc3occ(-c4ccc(S(C)=O)cc4)c3c2)o1,1.077985291,train,butina,12,,,,
Cc1ncsc1C(=O)N1CCCCC1c1nc(N)ncc1-c1cccc(C(F)(F)F)c1,0.86254877,train,butina,12,,,,
O=C(Nc1ccc2ccccc2n1)c1ccc(N2CCOC2=O)cc1,0.069298012,train,butina,12,,,,
O=C(CCNC(=O)c1ccc(OC(F)(F)F)cc1)N[C@@H]1CCCc2ccccc21,0.630427875,train,butina,12,,,,
C=CC(=O)Nc1cccc(Oc2nc(Nc3ccc(N4CCN(C)CC4)cc3)nc3ccoc23)c1,-0.208309351,train,butina,12,,,,
CCN1CCN(S(=O)(=O)Cc2ccc(Cl)c(Cl)c2)CC1,1.071845201,train,butina,12,,,,
O=C(Nc1nc2cccc(-c3ccc(CN4CCS(=O)(=O)CC4)cc3)n2n1)C1CC1,1.601853652,train,butina,12,,,,
CCn1c(CO)nn(-c2cc(O[C@@H](C)C(F)(F)F)c(C(=O)Nc3c(F)cccc3Cl)cc2F)c1=O,0.876910311,train,butina,12,,,,
CCN(C/C=C\c1ccc(C2CCCCC2)c(Cl)c1)C1CCCCC1,-0.266802735,train,butina,12,,,,
NCCN1CCN(C/C=C/C(=O)N2CCC[C@@H](n3nc(-c4ccc(Oc5ccccc5)cc4)c4c(N)ncnc43)C2)CC1,0.686814955,train,butina,12,,,,
Cn1c(C2CC2)nc2c1CCN(c1ncnc3ccsc13)C2,1.192985379,train,butina,12,,,,
CC/C(=C(\c1ccccc1)c1ccc(OCCN(C)C)cc1)c1ccccc1,-0.341988603,train,butina,12,,,,
COc1nn(C)cc1C(=O)Nc1cccc2cnccc12,1.58945809,train,butina,12,,,,
CNC(=O)C1(Cc2ccc(-c3ccncc3)cc2)CCN(Cc2cccc(F)c2)C1,0.715167358,train,butina,12,,,,
COc1ccc(CCCN2CCN(c3cnn(C)c3)C(=O)C2)cc1F,1.308414999,train,butina,12,,,,
Cc1noc(C(C)C)c1C(=O)N1CC(C)OC(c2ccccc2)C1,1.111934276,train,butina,12,,,,
CN(Cc1ccccc1)C1(C(=O)N2CCNC(=O)CC2)Cc2ccccc2C1,0.912806393,train,butina,12,,,,
Cc1c(F)cccc1NC(=O)CN1[C@H]2CCCC(=O)N[C@@]2(C)C[C@H]1Cc1ccccc1,0.925312092,train,butina,12,,,,
CCC1=C(C)CN(C(=O)NCCc2ccc(S(=O)(=O)NC(=O)N[C@H]3CC[C@H](C)CC3)cc2)C1=O,-1.638272164,train,butina,12,,,,
Cc1ccc(NC(=O)CN2[C@H]3CCCC(=O)N[C@@]3(C)C[C@H]2Cc2ccccc2)cc1F,0.360971884,train,butina,12,,,,
CN(C)C(=O)C1(Cc2ccccc2-c2cccc(F)c2)CCN(C(=O)C2CC=CCC2)CC1,0.142702246,train,butina,12,,,,
COCC(=O)N1CCC(Cc2ccccc2-c2cccc(F)c2)(C(=O)NC(C)C)CC1,1.076967952,train,butina,12,,,,
COc1ccc(CNC(=O)c2sc3nc(C)cc(C)c3c2N)cc1,-0.18243463,train,butina,12,,,,
Cn1cc(Nc2nc(N)nc(-c3cccc(-n4ccc5cc(C6CC6)cc(F)c5c4=O)c3CO)n2)cn1,0.581038949,train,butina,12,,,,
Cc1cnc(C(=O)NCCc2ccc(S(=O)(=O)NC(=O)NC3CCCCC3)cc2)cn1,-0.204119983,train,butina,12,,,,
CNC(=O)C1(Cc2ccc(-c3cccnc3)cc2)CCN(Cc2ccc(F)cc2)C1,0.918868743,train,butina,12,,,,
CNC(=O)C1(Cc2ccc(-c3cccnc3)cc2)CCN(Cc2cccc(F)c2)C1,0.531095547,train,butina,12,,,,
CC(=O)Nc1ncc(CN2CCCC[C@@H]2C)s1,1.923109252,train,butina,12,,,,
CCOc1cc(CC(=O)N[C@@H](CC(C)C)c2ccccc2N2CCCCC2)ccc1C(=O)O,-0.063486258,train,butina,12,,,,
CC(O)(C#Cc1ccc2c(c1)N(c1nc(N)ncc1Cl)CC2)c1nccs1,0.275311355,train,butina,12,,,,
COCCc1noc(CN2CC(c3ccccc3)(c3ccccc3)CCC2=O)n1,1.25166255,train,butina,12,,,,
Cc1oc2ccccc2c1CNc1nnc(-c2ccncc2)o1,-0.172630727,train,butina,12,,,,
O=C(Nc1cccc2ncccc12)[C@H]1CCCN(S(=O)(=O)c2ccccc2)C1,1.091666958,train,butina,12,,,,
C[C@@H]1Cc2ccccc2N1C(=O)Cn1nc(-c2cccc3ncccc23)oc1=O,0.360404055,train,butina,12,,,,
Nc1ncnc2c1c(-c1cnc3[nH]ccc3c1)nn2C1CCCC1,0.780605306,train,butina,12,,,,
O=C(Nc1cnccc1-c1ccc(Cl)cc1)c1ccnc(NC(=O)C2CC2)c1,0.847634344,train,butina,12,,,,
CN1C(N)=N[C@](C)(c2cc(NC(=O)c3ccc(F)cn3)ccc2F)CS1(=O)=O,1.491417728,train,butina,12,,,,
CC1CN(C(=O)c2cccnc2N2CCOCC2)CC(c2ccccc2)O1,1.555686814,train,butina,12,,,,
CCCCNC(=O)NS(=O)(=O)c1ccc(C)cc1,0.440121603,train,butina,12,,,,
CN(C)C(=O)C1(Cc2ccccc2-c2ccccc2)CCN(C(=O)c2cnn(C)c2)CC1,1.146840934,train,butina,12,,,,
CC1(C)CC(=O)C2=C(C1)NC(=O)CC2c1ccc(Br)cc1,0.944630702,train,butina,12,,,,
CN1CCN(S(=O)(=O)c2ccc(-c3cnc(N)c(C(=O)Nc4cccnc4)n3)cc2)CC1,0.915558115,train,butina,12,,,,
CNC(=O)C1(Cc2ccc(-c3cccnc3)cc2)CCN(Cc2ccccc2Cl)C1,0.273695588,train,butina,12,,,,
Cc1cc(N2CCCC2c2cc(CCC(=O)O)cc(C)n2)ncn1,2.0,train,butina,12,,,,
CCCNC(=O)NS(=O)(=O)c1ccc(Cl)cc1,0.628286731,train,butina,12,,,,
O=C(CN1CCCC(c2cccc(Cc3cccc(F)c3)n2)C1)N1CCCC1,0.953856298,train,butina,12,,,,
Cc1cc(C)c2c(N)c(C(=O)NCc3ccc(Cl)cc3)sc2n1,-0.185752404,train,butina,12,,,,
COc1nc2sc(C(=O)NC3CC3)c(N)c2c(C)c1Cl,0.452093249,train,butina,12,,,,
CC1(CNC(=O)c2cncc(C3CCNCC3)n2)CCCO1,1.960042456,train,butina,12,,,,
CCn1cc(C(=O)O)c(=O)c2c(N)c(F)c(NC3CCCCC3)cc21,0.426673888,train,butina,12,,,,
COc1cc2nc(N3CCN(C(=O)c4ccco4)CC3)nc(N)c2cc1OC,1.371880249,train,butina,12,,,,
CC(CCc1ccccc1)NCC(O)c1ccc(O)c(C(N)=O)c1,1.65850745,train,butina,12,,,,
CC1(C)Cc2cc(NC(=O)c3cnn4cccnc34)c(OCC3CC3)nc2O1,0.38219721,train,butina,12,,,,
N#Cc1cc(F)c(NS(=O)(=O)c2c[nH]c3cc(Cl)ccc23)cc1F,-0.251811973,train,butina,12,,,,
CC(C)CC(NC(=O)C(O)C(N)Cc1ccccc1)C(=O)O,1.54052968,train,butina,12,,,,
COCCc1ccc(OCC(O)CNC(C)C)cc1,2.0,train,butina,12,,,,
COc1cc(Cc2cnc(N)nc2N)cc(OC)c1OC,1.855513099,train,butina,12,,,,
COc1cc2c(cc1OC)CN(CCc1ccc(NC(=O)c3cccc4c(O)c5cccc(OC)c5nc34)cc1)CC2,-1.292429824,train,butina,12,,,,
C=CCc1ccccc1OCC(O)CNC(C)C,1.496029699,train,butina,12,,,,
CCCc1nc2nc(C)c(NS(=O)(=O)c3ccc(C4CCCCC4)cc3)c(O)n2n1,-0.137272472,train,butina,12,,,,
NC(=O)C1(Cc2ccc(-c3ccncc3)cc2)CCN(C(=O)Cc2cccc(F)c2)CC1,1.058463986,train,butina,12,,,,
CC(=O)Nc1ccc(O)cc1,1.916985305,train,butina,12,,,,
Cc1cccc(/C=N/Nc2cc(N3CCOCC3)nc(OCCc3ccccn3)n2)c1,-0.27572413,train,butina,12,,,,
CCn1c(=O)oc2cc(NC(=O)c3ccc(C(C)(C)C)cc3)ccc21,0.180412633,train,butina,12,,,,
COc1ccc(OC[C@@H]2c3cc(OC)c(OC)cc3CCN2C(=O)c2cccc(Cl)c2)cc1,0.232233521,train,butina,12,,,,
N#Cc1ccc(COc2cccc(C3CCN(Cc4nc5ccc(C(=O)O)cc5n4C[C@@H]4CCO4)CC3)n2)c(F)c1,0.312177356,train,butina,12,,,,
O=C(Nc1cccc2c(=O)cc(-c3nnn[nH]3)oc12)c1ccc(OCCCCc2ccccc2)cc1,0.77224834,train,butina,12,,,,
CC(=O)Nc1ncc(C(=O)O)s1,1.854123782,train,butina,12,,,,
Cc1cccc(-c2nc(C34CCC(C(N)=O)(CC3)CC4)[nH]c2-c2ccc3c(c2)OCO3)n1,0.21031852,train,butina,12,,,,
COc1cc2nc(-c3cc(F)ccc3O)nc(N[C@@H]3CNC[C@H]3C(C)(C)O)c2cc1OC.Cl,-0.823908741,train,butina,12,,,,
CC(C)[C@@](C)(O)[C@@H]1CN(c2nc(-c3n[nH]c4ncccc34)c(F)cc2Cl)CCN1,0.622421274,train,butina,12,,,,
CCOc1cc2nn(CCC(C)(C)O)cc2cc1NC(=O)c1cccc(C(F)F)n1,0.268343914,test,butina,12,0.5047836569500002,0.3566831232599999,0.8629715948200003,0.3833135654000002
CC(C)(O)CCn1cc2cc(NC(=O)c3cccc(C(F)(F)F)n3)c(C(C)(C)O)cc2n1,1.092264361,test,butina,12,0.6355535316200003,0.42935156312999984,0.39424008126,0.46258024827999994
CC#CC(=O)N[C@H]1CCCN(c2c(F)cc(C(N)=O)c3[nH]c(C)c(C)c23)C1,-0.639532816,test,butina,12,0.7906021090500005,0.7509887257299996,0.5007542826100001,1.0014705693200006
Fc1ccc(-c2ccc3c(c2)[nH]c2ccncc23)cn1,0.640978057,test,butina,12,0.9928891807200003,0.7145333832499999,0.5733083118500001,0.7843779346
Cn1cc(Nc2nccc(N3CC4CCC(C3)N4C(=O)[C@@H]3CC3(F)F)n2)cn1,1.786412441,test,butina,12,1.3327272523700002,1.0021457352499998,1.0692067804399996,1.3666700580700002
Nc1n[nH]cc1-c1cc(Cl)ccc1Oc1cc(F)c(S(=O)(=O)Nc2cscn2)cc1Cl,-0.08249449,test,butina,12,0.1792042199299999,0.23845965289999993,0.45896422247000024,-0.16799969346
O=C(c1ccc(Oc2ccccc2)cc1Cl)c1c[nH]c2ncnc(N[C@@H]3CC[C@@H](CO)OC3)c12,-0.295849483,test,butina,12,0.46033072590999985,0.4645249948999999,0.5253185095299997,0.18993702425999998
Cc1ncc(CN2CC[C@@H](Nc3cncc(Cl)n3)[C@@H](C)C2)s1,1.264227348,test,butina,12,1.0620069151100004,1.1610156015900002,0.7386544150500002,0.8531567259899999
c1ccc(Oc2cccc(CN(CCN3CCOCC3)Cc3cccnc3)c2)cc1,0.142389466,test,butina,12,0.6338187745599998,0.5777573994699997,0.5236235603299998,0.7689936410299997
O=S(=O)(c1cccc2cnccc12)N1CCCNCC1,1.844321821,test,butina,12,0.7445403304400001,1.36415044478,1.2311063933800002,1.505337001590001
Cc1ncc(CN2CCC(Nc3ccc4nnnn4n3)C(C)C2)s1,1.579154557,test,butina,12,1.1068889075400006,1.2216656326900004,0.9241149799500001,1.54588126528
Cc1nc(Nc2nccs2)cc(C2CN(c3ncccn3)C2)n1,0.374565061,test,butina,12,0.9320350598900002,1.2144258673,0.8404131455999999,1.3147364890199997
COc1ccc(Nc2c(C#N)cnc3cc(OC)c(OC)cc23)cc1Cl,0.115943177,test,butina,12,0.9807672922200008,0.69971037795,0.5692175812599999,0.14260603854999993
O=S(=O)(c1cccc2c(O)nccc12)N1CCCNCC1,1.990813743,test,butina,12,0.7035301520000001,1.23679920118,1.2668541614900006,1.6500348069300006
C#C[C@@](C)(CC)NC(=O)c1cc(F)cnc1NC1CC(F)(F)C1,0.850278553,test,butina,12,0.65733320383,1.2580592536100006,0.6690925939100001,0.8502827057300002
O=C1CCCC[C@@H]2[C@H](C[C@@H](Cc3ccccc3F)N2C(=O)c2cccc3ncccc23)N1,1.348966512,test,butina,12,0.33816973983,0.6082121850699997,0.8050704839600001,0.59202935997
Cc1[nH]nc2c1C1(CCCCC1)CC(=O)N2,1.284633733,test,butina,12,0.9154411153100003,1.2082883910399997,0.8835676037700001,1.5673157401200002
Cc1cc(Nc2cnccn2)cc(C2CCCN(CC(=O)N3CCCC3)C2)n1,1.632416797,test,butina,12,0.9535777243500004,1.2433114859200003,0.8430174620900006,1.1277424011300008
Cc1cccnc1Nc1cccc(C2CCCN(CC(=O)Nc3nccs3)C2)n1,0.637289548,test,butina,12,0.7905410781200003,0.8058382676000003,0.8213254089000004,0.5542332797499998
COc1cc2ncnc(Nc3cccc(O)c3)c2cc1OC,0.650307523,test,butina,12,1.0897404307100007,0.9988979746400005,0.61895871713,0.9480245752800002
COCCNC(=O)c1ccnc(C2CCNCC2)c1,2.0,test,butina,12,0.9582563996400001,1.6566605604900004,1.0061513598800005,1.6863127777499989
Cc1cc(N2CCCC2)nc(C2CCCN(C)C2)n1,1.861522463,test,butina,12,1.0688227398400005,1.2700192684400002,0.91420801628,1.6116193271200001
O=C1NCCSc2c1sc1ccc(O)cc21,1.164679941,test,butina,12,1.0233134075400006,1.25608284584,0.7574103852400004,1.40292719057
CC(C(=O)O)c1cccc(C(=O)c2ccccc2)c1,0.047274867,test,butina,12,0.8582952800400004,1.2774522819500005,0.7377087156500001,0.7896260037000001
Nc1nc(=O)c2ncn(COCCO)c2[nH]1,1.850860573,test,butina,12,0.9631683799300003,1.3666746344100003,1.0142075481500001,1.6416969848400003
NCCCC[C@H](N[C@@H](CCc1ccccc1)C(=O)O)C(=O)N1CCC[C@H]1C(=O)O,2.0,test,butina,12,0.99974949038,0.63403950054,0.8200031158100002,0.9061460625400004
COc1ccc([C@H]2c3[nH]c4ccc(Cl)cc4c3CCN2C(=O)Oc2ccc(Cl)cc2)cc1,1.754608223,test,butina,12,0.6532405483199999,0.13130725870999999,0.06842473297000003,-0.05748204352
O=C(NC1CCNCC1)c1ccc2[nH]ncc2c1,1.92695435,test,butina,12,0.9069488660900004,1.3042183362100004,1.1007271167000001,1.7361617619799994
CC(C)[C@H](CO)Nc1nc(Nc2cc(N)cc(Cl)c2)c2ncn(C(C)C)c2n1,-0.099086932,test,butina,12,0.8465462732500002,0.5232790776900003,0.48950802705999985,0.26181539293999995
O=C(NC1CCNCC1)c1ccc2cn[nH]c2c1,1.70808081,test,butina,12,0.9142593245100004,1.3059434005800006,0.9925871607199999,1.7795252903999994
CC(C)(C)OC(=O)N1CCCC1C(=O)N1CCC(C(=O)N[C@@H](Cc2c[nH]c3ccccc23)C(=O)O)CC1,1.842553077,test,butina,12,0.6222304491199996,0.33272677699999986,0.6905006057100002,-0.005113634200000017
CNc1cc(Nc2cccn(-c3ccccn3)c2=O)nn2c(C(=O)N[C@@H]3C[C@@H]3F)cnc12,0.51851394,train,butina,13,,,,
CCOc1cc2nn(CCC(C)(C)O)cc2cc1NC(=O)c1cccc(C(F)F)n1,0.268343914,train,butina,13,,,,
CC(C)(Oc1ccc(-c2cnc(N)c(-c3ccc(Cl)cc3)c2)cc1)C(=O)O,-1.403402904,train,butina,13,,,,
CC(C)(O)CCn1cc2cc(NC(=O)c3cccc(C(F)(F)F)n3)c(C(C)(C)O)cc2n1,1.092264361,train,butina,13,,,,
CC#CC(=O)N[C@H]1CCCN(c2c(F)cc(C(N)=O)c3[nH]c(C)c(C)c23)C1,-0.639532816,train,butina,13,,,,
COc1ccc(Cl)cc1C(=O)NCCc1ccc(S(=O)(=O)NC(=O)NC2CCCCC2)cc1,-0.943095149,train,butina,13,,,,
C=CC(=O)N1CCC[C@@H](n2nc(-c3ccc(Oc4ccccc4)cc3)c3c(N)ncnc32)C1,-0.35853,train,butina,13,,,,
CC(C)NC(=O)COc1cccc(-c2nc(Nc3ccc4[nH]ncc4c3)c3ccccc3n2)c1,-0.504455662,train,butina,13,,,,
CCS(=O)(=O)N1CC(CC#N)(n2cc(-c3ncnc4[nH]ccc34)cn2)C1,2.0,train,butina,13,,,,
COc1ccc(S(=O)(=O)N2CCC(N3CCC(C)CC3)CC2)cc1,1.626076768,train,butina,13,,,,
CCn1c(-c2nonc2N)nc2cnc(Oc3cccc(NC(=O)c4ccc(OCCN5CCOCC5)cc4)c3)cc21,-0.325138859,train,butina,13,,,,
Cc1c[nH]c2nccc(Oc3c(F)cc(Nc4cc(Cl)nc(N)n4)cc3F)c12,-0.68613278,train,butina,13,,,,
COc1cc2c(cc1OC)CC(=O)N(CCCN(C)C[C@H]1Cc3cc(OC)c(OC)cc31)CC2,1.615139594,train,butina,13,,,,
N#Cc1ccc2[nH]c(O)c(-c3ccc(CN4CCOCC4)cn3)c2c1,1.072507236,train,butina,13,,,,
CCCc1cc(N2CCc3c(nc(C4CC4)n3C)C2)n2ncnc2n1,1.388207807,train,butina,13,,,,
Fc1ccc(-c2ccc3c(c2)[nH]c2ccncc23)cn1,0.640978057,train,butina,13,,,,
Nc1c(F)ccc2cnc(-n3ccc4ccncc43)cc12,0.631443769,train,butina,13,,,,
C=CC(=O)N1C[C@H](Nc2ncnc3[nH]ccc23)CC[C@@H]1C,1.74597993,train,butina,13,,,,
Cn1cc(Nc2nccc(N3CC4CCC(C3)N4C(=O)[C@@H]3CC3(F)F)n2)cn1,1.786412441,train,butina,13,,,,
[2H]C([2H])([2H])NC(=O)c1nnc(NC(=O)C2CC2)cc1Nc1cccc(-c2ncn(C)n2)c1OC,1.236577565,train,butina,13,,,,
C=CC(=O)N1CCC(CNc2ncnc(N)c2-c2ccc(Oc3ccccc3)cc2)CC1,0.901294817,train,butina,13,,,,
Nc1n[nH]cc1-c1cc(Cl)ccc1Oc1cc(F)c(S(=O)(=O)Nc2cscn2)cc1Cl,-0.08249449,train,butina,13,,,,
Cn1cc(-c2cn3nccc3c(-c3cnn([C@]4(CC#N)C[C@@H](C#N)C4)c3)n2)cn1,1.364100521,train,butina,13,,,,
O=C(Nc1cccnc1)c1ccnc(NC(=O)C2CC2)c1,1.615287063,train,butina,13,,,,
O=C(c1ccc(Oc2ccccc2)cc1Cl)c1c[nH]c2ncnc(N[C@@H]3CC[C@@H](CO)OC3)c12,-0.295849483,train,butina,13,,,,
N#CC[C@H](C1CCCC1)n1cc(-c2ncnc3[nH]ccc23)cn1,1.244598701,train,butina,13,,,,
CC(C)(C)c1ccc(-c2nc3n(c(=O)c2C#N)CCS3)cc1,0.455758203,train,butina,13,,,,
CC#CC(=O)N1CC[C@@H](n2c(=O)n(-c3ccc(Oc4ccccc4)cc3)c3c(N)ncnc32)C1,0.669595781,train,butina,13,,,,
C=CC(=O)N1CCC([C@@H]2CCNc3c(C(N)=O)c(-c4ccc(Oc5ccccc5)cc4)nn32)CC1,0.231979027,train,butina,13,,,,
C=CC(=O)N1CCC[C@H](n2c(=O)n(-c3ccc(Oc4ccccc4)cc3)c3c(N)ncnc32)C1,0.276231958,train,butina,13,,,,
CC(C)(C=C(C#N)C(=O)N1CCC[C@@H](n2nc(-c3ccc(Oc4ccccc4)cc3F)c3c(N)ncnc32)C1)N1CCN(C2COC2)CC1,0.123198075,train,butina,13,,,,
C[C@@H]1c2nnn(-c3ncc(F)cn3)c2CCN1C(=O)c1cccc(C(F)(F)F)c1Cl,1.240049772,train,butina,13,,,,
COc1ccccc1-c1cc(NC(=O)c2cccc(N3CCNC3=O)c2)[nH]n1,-0.742321425,train,butina,13,,,,
Nc1ncc(-c2cccc(C(F)(F)F)c2)c(C2CCCCN2C(=O)c2ccccc2)n1,0.137354111,train,butina,13,,,,
O=C(Nc1cccc(-c2nncn2C2CC2)c1)c1cc(-n2cnc(C3CC3)c2)ccn1,0.611935625,train,butina,13,,,,
Fc1ccccc1-c1c[nH]nc1C1CCCN1Cc1ccc2ncccc2c1,0.460897843,train,butina,13,,,,
Cc1nccc(-c2cn(Cc3ccccc3)c3cnccc23)n1,1.207445854,train,butina,13,,,,
CCc1nc(C)cn2nc(-c3cc(=O)n4cc(C5CCN(C)CC5)cc(C)c4n3)cc12,0.593618308,train,butina,13,,,,
Nc1ncnc2c1c(-c1ccc(Oc3ccccc3)cc1)nn2[C@@H]1CCCNC1,0.846275242,train,butina,13,,,,
Cc1nnc(CN(C)CC(C)Oc2ccc(Cl)c(Cl)c2)n1C,1.114444172,train,butina,13,,,,
COc1nn(C)cc1C(=O)Nc1cccc(-c2cnc3n2CCC3)c1,0.685562611,train,butina,13,,,,
Cc1ncc(CN2CC[C@@H](Nc3cncc(Cl)n3)[C@@H](C)C2)s1,1.264227348,train,butina,13,,,,
Cc1ccc(C(=O)N2CCC(Cc3ccccc3-c3ccccc3)(C(=O)N(C)C)CC2)s1,-0.590066877,train,butina,13,,,,
CCc1nc2c(C)cc(N3CCN(CC(=O)N4CC(O)C4)CC3)cn2c1N(C)c1nc(-c2ccc(F)cc2)c(C#N)s1,-0.434152181,train,butina,13,,,,
C[C@@H]1CCN(C(=O)CC#N)C[C@@H]1N(C)c1ncnc2[nH]ccc12,1.747124255,train,butina,13,,,,
CN(C)C(=O)C1(Cc2ccccc2-c2ccccc2)CCN(C(=O)C2CCCO2)CC1,1.265713811,train,butina,13,,,,
CC(=O)Nc1ccc(C(=O)N2CCCCC2c2nc(N)ncc2-c2ccc(Cl)cc2)cc1,0.549861188,train,butina,13,,,,
CC(=O)Nc1ccc(C(=O)N2CCCCC2c2nc(N)ncc2-c2cccc(Cl)c2)cc1,0.584331224,train,butina,13,,,,
O=C1CN(c2ccc(Nc3nccc(C(F)(F)F)n3)cn2)CCN1,1.433497815,train,butina,13,,,,
O=C1NCCN(C(=O)c2ccc3nccn3c2)C1c1ccccc1C(F)(F)F,1.801527189,train,butina,13,,,,
Cc1cc(F)ccc1C1C(=O)NCCN1C(=O)c1ccc2nccn2c1,1.950724994,train,butina,13,,,,
O=C1NCCN(C(=O)c2ccncc2)C1c1ccccc1Cl,1.868168158,train,butina,13,,,,
C[C@H]1CN(C(=O)CC(c2ccccc2)c2ccccc2)C[C@@H](C)O1,0.718335579,train,butina,13,,,,
CN1[C@H]2CC[C@@H]1C[C@@H](OC(c1ccccc1)c1ccccc1)C2,1.180842415,train,butina,13,,,,
Cc1ncsc1C(=O)N1CCCCC1c1nc(N(C)C)ncc1-c1cccc(Cl)c1,0.021602716,train,butina,13,,,,
OCC1CCCCN1Cc1ccc(Cl)c(Cl)c1,1.484982782,train,butina,13,,,,
CC(=O)N1CCN(c2nc(C(F)(F)F)nc3sc(C)c(C)c23)CC1,0.624282096,train,butina,13,,,,
COc1ccccc1C(=O)Nc1ccc2cc[nH]c2c1,0.571825249,train,butina,13,,,,
c1ccc(Oc2cccc(CN(CCN3CCOCC3)Cc3cccnc3)c2)cc1,0.142389466,train,butina,13,,,,
Cc1c(C(=O)NCCCN(C)C)sc2ncnc(Nc3ccc(F)cc3OC(C)C)c12,0.966376423,train,butina,13,,,,
OCC1CCCCN1Cc1ccc(-c2ccccc2)cc1,1.394924244,train,butina,13,,,,
Nc1ncc(C(=O)NC2CN(C(=O)C3CC3)C2)c2ccc(-c3cccc(F)c3)nc12,0.38219721,train,butina,13,,,,
CC1(C)CC(Oc2ccc(-c3ccc(-c4cn[nH]c4)cc3O)nn2)CC(C)(C)N1,1.241969612,train,butina,13,,,,
Cc1nnc(-c2ccc3occ(-c4ccc(S(C)=O)cc4)c3c2)o1,1.077985291,train,butina,13,,,,
Cc1ncsc1C(=O)N1CCCCC1c1nc(N)ncc1-c1cccc(C(F)(F)F)c1,0.86254877,train,butina,13,,,,
O=C(Nc1ccc2ccccc2n1)c1ccc(N2CCOC2=O)cc1,0.069298012,train,butina,13,,,,
O=C(CCNC(=O)c1ccc(OC(F)(F)F)cc1)N[C@@H]1CCCc2ccccc21,0.630427875,train,butina,13,,,,
O=S(=O)(c1cccc2cnccc12)N1CCCNCC1,1.844321821,train,butina,13,,,,
CCN1CCN(S(=O)(=O)Cc2ccc(Cl)c(Cl)c2)CC1,1.071845201,train,butina,13,,,,
O=C(Nc1nc2cccc(-c3ccc(CN4CCS(=O)(=O)CC4)cc3)n2n1)C1CC1,1.601853652,train,butina,13,,,,
CCn1c(CO)nn(-c2cc(O[C@@H](C)C(F)(F)F)c(C(=O)Nc3c(F)cccc3Cl)cc2F)c1=O,0.876910311,train,butina,13,,,,
CCN(C/C=C\c1ccc(C2CCCCC2)c(Cl)c1)C1CCCCC1,-0.266802735,train,butina,13,,,,
NCCN1CCN(C/C=C/C(=O)N2CCC[C@@H](n3nc(-c4ccc(Oc5ccccc5)cc4)c4c(N)ncnc43)C2)CC1,0.686814955,train,butina,13,,,,
Cn1c(C2CC2)nc2c1CCN(c1ncnc3ccsc13)C2,1.192985379,train,butina,13,,,,
CC/C(=C(\c1ccccc1)c1ccc(OCCN(C)C)cc1)c1ccccc1,-0.341988603,train,butina,13,,,,
COc1nn(C)cc1C(=O)Nc1cccc2cnccc12,1.58945809,train,butina,13,,,,
Cc1ncc(CN2CCC(Nc3ccc4nnnn4n3)C(C)C2)s1,1.579154557,train,butina,13,,,,
Cc1nc(Nc2nccs2)cc(C2CN(c3ncccn3)C2)n1,0.374565061,train,butina,13,,,,
COc1ccc(Nc2c(C#N)cnc3cc(OC)c(OC)cc23)cc1Cl,0.115943177,train,butina,13,,,,
COc1ccc(CCCN2CCN(c3cnn(C)c3)C(=O)C2)cc1F,1.308414999,train,butina,13,,,,
Cc1noc(C(C)C)c1C(=O)N1CC(C)OC(c2ccccc2)C1,1.111934276,train,butina,13,,,,
CN(Cc1ccccc1)C1(C(=O)N2CCNC(=O)CC2)Cc2ccccc2C1,0.912806393,train,butina,13,,,,
Cc1c(F)cccc1NC(=O)CN1[C@H]2CCCC(=O)N[C@@]2(C)C[C@H]1Cc1ccccc1,0.925312092,train,butina,13,,,,
CCC1=C(C)CN(C(=O)NCCc2ccc(S(=O)(=O)NC(=O)N[C@H]3CC[C@H](C)CC3)cc2)C1=O,-1.638272164,train,butina,13,,,,
O=S(=O)(c1cccc2c(O)nccc12)N1CCCNCC1,1.990813743,train,butina,13,,,,
Cc1ccc(NC(=O)CN2[C@H]3CCCC(=O)N[C@@]3(C)C[C@H]2Cc2ccccc2)cc1F,0.360971884,train,butina,13,,,,
CN(C)C(=O)C1(Cc2ccccc2-c2cccc(F)c2)CCN(C(=O)C2CC=CCC2)CC1,0.142702246,train,butina,13,,,,
COc1ccc(CNC(=O)c2sc3nc(C)cc(C)c3c2N)cc1,-0.18243463,train,butina,13,,,,
C#C[C@@](C)(CC)NC(=O)c1cc(F)cnc1NC1CC(F)(F)C1,0.850278553,train,butina,13,,,,
Cn1cc(Nc2nc(N)nc(-c3cccc(-n4ccc5cc(C6CC6)cc(F)c5c4=O)c3CO)n2)cn1,0.581038949,train,butina,13,,,,
Cc1cnc(C(=O)NCCc2ccc(S(=O)(=O)NC(=O)NC3CCCCC3)cc2)cn1,-0.204119983,train,butina,13,,,,
O=C1CCCC[C@@H]2[C@H](C[C@@H](Cc3ccccc3F)N2C(=O)c2cccc3ncccc23)N1,1.348966512,train,butina,13,,,,
Cc1[nH]nc2c1C1(CCCCC1)CC(=O)N2,1.284633733,train,butina,13,,,,
Cc1oc2ccccc2c1CNc1nnc(-c2ccncc2)o1,-0.172630727,train,butina,13,,,,
C[C@@H]1Cc2ccccc2N1C(=O)Cn1nc(-c2cccc3ncccc23)oc1=O,0.360404055,train,butina,13,,,,
Nc1ncnc2c1c(-c1cnc3[nH]ccc3c1)nn2C1CCCC1,0.780605306,train,butina,13,,,,
O=C(Nc1cnccc1-c1ccc(Cl)cc1)c1ccnc(NC(=O)C2CC2)c1,0.847634344,train,butina,13,,,,
CN1C(N)=N[C@](C)(c2cc(NC(=O)c3ccc(F)cn3)ccc2F)CS1(=O)=O,1.491417728,train,butina,13,,,,
CC1CN(C(=O)c2cccnc2N2CCOCC2)CC(c2ccccc2)O1,1.555686814,train,butina,13,,,,
CCCCNC(=O)NS(=O)(=O)c1ccc(C)cc1,0.440121603,train,butina,13,,,,
Cc1cc(Nc2cnccn2)cc(C2CCCN(CC(=O)N3CCCC3)C2)n1,1.632416797,train,butina,13,,,,
Cc1cccnc1Nc1cccc(C2CCCN(CC(=O)Nc3nccs3)C2)n1,0.637289548,train,butina,13,,,,
CN(C)C(=O)C1(Cc2ccccc2-c2ccccc2)CCN(C(=O)c2cnn(C)c2)CC1,1.146840934,train,butina,13,,,,
CC1(C)CC(=O)C2=C(C1)NC(=O)CC2c1ccc(Br)cc1,0.944630702,train,butina,13,,,,
CN1CCN(S(=O)(=O)c2ccc(-c3cnc(N)c(C(=O)Nc4cccnc4)n3)cc2)CC1,0.915558115,train,butina,13,,,,
Cc1cc(N2CCCC2c2cc(CCC(=O)O)cc(C)n2)ncn1,2.0,train,butina,13,,,,
CCCNC(=O)NS(=O)(=O)c1ccc(Cl)cc1,0.628286731,train,butina,13,,,,
O=C(CN1CCCC(c2cccc(Cc3cccc(F)c3)n2)C1)N1CCCC1,0.953856298,train,butina,13,,,,
COc1cc2ncnc(Nc3cccc(O)c3)c2cc1OC,0.650307523,train,butina,13,,,,
Cc1cc(C)c2c(N)c(C(=O)NCc3ccc(Cl)cc3)sc2n1,-0.185752404,train,butina,13,,,,
COCCNC(=O)c1ccnc(C2CCNCC2)c1,2.0,train,butina,13,,,,
COc1nc2sc(C(=O)NC3CC3)c(N)c2c(C)c1Cl,0.452093249,train,butina,13,,,,
CC1(CNC(=O)c2cncc(C3CCNCC3)n2)CCCO1,1.960042456,train,butina,13,,,,
Cc1cc(N2CCCC2)nc(C2CCCN(C)C2)n1,1.861522463,train,butina,13,,,,
O=C1NCCSc2c1sc1ccc(O)cc21,1.164679941,train,butina,13,,,,
CCn1cc(C(=O)O)c(=O)c2c(N)c(F)c(NC3CCCCC3)cc21,0.426673888,train,butina,13,,,,
CC1(C)Cc2cc(NC(=O)c3cnn4cccnc34)c(OCC3CC3)nc2O1,0.38219721,train,butina,13,,,,
N#Cc1cc(F)c(NS(=O)(=O)c2c[nH]c3cc(Cl)ccc23)cc1F,-0.251811973,train,butina,13,,,,
COc1cc(Cc2cnc(N)nc2N)cc(OC)c1OC,1.855513099,train,butina,13,,,,
CC(C(=O)O)c1cccc(C(=O)c2ccccc2)c1,0.047274867,train,butina,13,,,,
COc1cc2c(cc1OC)CN(CCc1ccc(NC(=O)c3cccc4c(O)c5cccc(OC)c5nc34)cc1)CC2,-1.292429824,train,butina,13,,,,
Nc1nc(=O)c2ncn(COCCO)c2[nH]1,1.850860573,train,butina,13,,,,
NCCCC[C@H](N[C@@H](CCc1ccccc1)C(=O)O)C(=O)N1CCC[C@H]1C(=O)O,2.0,train,butina,13,,,,
CCCc1nc2nc(C)c(NS(=O)(=O)c3ccc(C4CCCCC4)cc3)c(O)n2n1,-0.137272472,train,butina,13,,,,
COc1ccc([C@H]2c3[nH]c4ccc(Cl)cc4c3CCN2C(=O)Oc2ccc(Cl)cc2)cc1,1.754608223,train,butina,13,,,,
CC(=O)Nc1ccc(O)cc1,1.916985305,train,butina,13,,,,
O=C(NC1CCNCC1)c1ccc2[nH]ncc2c1,1.92695435,train,butina,13,,,,
CCn1c(=O)oc2cc(NC(=O)c3ccc(C(C)(C)C)cc3)ccc21,0.180412633,train,butina,13,,,,
N#Cc1ccc(COc2cccc(C3CCN(Cc4nc5ccc(C(=O)O)cc5n4C[C@@H]4CCO4)CC3)n2)c(F)c1,0.312177356,train,butina,13,,,,
CC(C)[C@H](CO)Nc1nc(Nc2cc(N)cc(Cl)c2)c2ncn(C(C)C)c2n1,-0.099086932,train,butina,13,,,,
O=C(NC1CCNCC1)c1ccc2cn[nH]c2c1,1.70808081,train,butina,13,,,,
CC(C)(C)OC(=O)N1CCCC1C(=O)N1CCC(C(=O)N[C@@H](Cc2c[nH]c3ccccc23)C(=O)O)CC1,1.842553077,train,butina,13,,,,
Cc1cccc(-c2nc(C34CCC(C(N)=O)(CC3)CC4)[nH]c2-c2ccc3c(c2)OCO3)n1,0.21031852,train,butina,13,,,,
COc1cc2nc(-c3cc(F)ccc3O)nc(N[C@@H]3CNC[C@H]3C(C)(C)O)c2cc1OC.Cl,-0.823908741,train,butina,13,,,,
CC(C)[C@@](C)(O)[C@@H]1CN(c2nc(-c3n[nH]c4ncccc34)c(F)cc2Cl)CCN1,0.622421274,train,butina,13,,,,
CN(c1ncc(F)cn1)[C@H]1CCCNC1,2.0,test,butina,13,1.01943541569,1.2207075162300003,1.0873362992799998,1.6394122917900007
CC(C)NCC(O)COc1cccc2ccccc12,1.347759218,test,butina,13,0.7320388654100001,0.7792669806699999,1.0292413882500004,1.21701086263
CC1(C)CC[C@]2(NC(=O)C(C)(F)F)CC[C@]3(C)[C@H](C(=O)C=C4[C@@]3(C)CC[C@H]3C(C)(C)C(=O)C(C#N)=C[C@]43C)[C@@H]2C1,-0.055517328,test,butina,13,0.9209664124000002,0.6388923226599998,0.44701630108999985,0.08965488210000001
Cc1c(-c2c(F)cc(C(N)=O)c3[nH]c4c(c23)CC[C@H](C(C)(C)O)C4)cccc1-n1c(=O)c2cccc(F)c2n(C)c1=O,0.326540669,test,butina,13,0.4513894700200002,0.03707960048000001,0.36784555744999997,0.01734612599000004
C=CC(=O)Nc1cccc(Oc2nc(Nc3ccc(N4CCN(C)CC4)cc3)nc3ccsc23)c1,-0.308918508,test,butina,13,0.6784115674199996,0.3561942528499999,0.3471773860600001,-0.008490197830000008
CC#CC(=O)N1CC[C@@H](n2cc(-c3ccc(Oc4c(F)cccc4F)cc3)c3c(N)n[nH]c(=O)c32)C1,-0.029188389,test,butina,13,0.7290512425599996,0.25360660335,0.3449999173699998,0.11592304342999996
C=CC(=O)Nc1cccc(Oc2nc(Nc3ccc(N4CCN(C)CC4)c(F)c3)nc3[nH]ccc23)c1,-0.139063379,test,butina,13,0.9229612837700003,0.2704955970700001,0.4292118310900001,-0.13516225309000002
Cc1c(Cl)ccc2cc3n(c12)[C@@H](C)CNC3=O,0.696793085,test,butina,13,1.0072821792300006,1.1150935994600002,0.41795749685999994,0.8931767785499999
COc1cc(F)ccc1-c1ncnc(Nc2cccc(C[S@@](C)(=N)=O)c2)n1,1.574609941,test,butina,13,0.6060084207400003,0.5812421715699999,0.5331284619300001,0.33569777673999984
CC(C)(C)C(=O)N1CCC(Cc2ccc(-c3cccs3)cc2)(C(=O)N2CCCC2)CC1,0.008174184,test,butina,13,0.9485432512899998,0.7544922850599997,0.6911980249699997,0.35601312984999994
OC[C@H](Nc1cncc(-c2ccc3[nH]ncc3n2)c1)c1ccccc1,1.024690862,test,butina,13,0.5950995808399999,0.7436998709,0.9028464723800004,0.5695774046999998
COc1ccc([C@H]2CN(C(C)=O)[C@@H]3CCCN(Cc4cccc(F)c4)[C@H]23)cc1,0.594060901,test,butina,13,0.9994746227499999,0.9293307948499994,0.5788080142700001,0.8625656049699993
C=CC(=O)Nc1cccc(Oc2nc(Nc3ccc(N4CCN(C)CC4)cc3)nc3ccoc23)c1,-0.208309351,test,butina,13,0.5634441286699997,0.41938684453999997,0.2845407071999999,0.10362786210000001
CNC(=O)C1(Cc2ccc(-c3ccncc3)cc2)CCN(Cc2cccc(F)c2)C1,0.715167358,test,butina,13,0.7988375914900003,0.52751522323,0.81785115279,0.6397409323199996
COCC(=O)N1CCC(Cc2ccccc2-c2cccc(F)c2)(C(=O)NC(C)C)CC1,1.076967952,test,butina,13,0.7124363213399998,0.6105451903199995,0.5722831235499999,0.6279688886299994
CNC(=O)C1(Cc2ccc(-c3cccnc3)cc2)CCN(Cc2ccc(F)cc2)C1,0.918868743,test,butina,13,0.8140207636399999,0.40032547175,0.8135020171099999,0.6031477641799997
CNC(=O)C1(Cc2ccc(-c3cccnc3)cc2)CCN(Cc2cccc(F)c2)C1,0.531095547,test,butina,13,0.8208559973,0.47648297642000004,0.8255374700299997,0.6262888193699997
CC(=O)Nc1ncc(CN2CCCC[C@@H]2C)s1,1.923109252,test,butina,13,1.2602286602300001,1.2376857021100007,0.80078229128,1.4776345275900011
CCOc1cc(CC(=O)N[C@@H](CC(C)C)c2ccccc2N2CCCCC2)ccc1C(=O)O,-0.063486258,test,butina,13,0.6101252005299996,0.3615737336300001,0.3786334567599998,0.43619737592
CC(O)(C#Cc1ccc2c(c1)N(c1nc(N)ncc1Cl)CC2)c1nccs1,0.275311355,test,butina,13,0.6240430649399997,0.52978623646,0.88186225137,0.38834442335000013
COCCc1noc(CN2CC(c3ccccc3)(c3ccccc3)CCC2=O)n1,1.25166255,test,butina,13,0.8984921253299997,0.9696470964400001,0.7937195556600003,0.7952769402700001
O=C(Nc1cccc2ncccc12)[C@H]1CCCN(S(=O)(=O)c2ccccc2)C1,1.091666958,test,butina,13,1.0121742555,0.7632955551299997,0.8989950870099997,0.5369195872599997
CNC(=O)C1(Cc2ccc(-c3cccnc3)cc2)CCN(Cc2ccccc2Cl)C1,0.273695588,test,butina,13,1.0102267109499998,0.45139526013000003,0.7189279213700001,0.5619122287399996
COc1cc2nc(N3CCN(C(=O)c4ccco4)CC3)nc(N)c2cc1OC,1.371880249,test,butina,13,0.5634957597699999,0.8537551759299999,0.7540262298100001,1.0411580788900003
CC(CCc1ccccc1)NCC(O)c1ccc(O)c(C(N)=O)c1,1.65850745,test,butina,13,0.5070797823100004,0.4572520015,0.8771407431300001,1.2152943990000005
CC(C)CC(NC(=O)C(O)C(N)Cc1ccccc1)C(=O)O,1.54052968,test,butina,13,0.7739612083100001,1.2390885618000005,1.4517119181299998,1.4589349655500004
COCCc1ccc(OCC(O)CNC(C)C)cc1,2.0,test,butina,13,0.6683051886,1.0235134111600004,1.2412309386100002,1.5119313435400008
C=CCc1ccccc1OCC(O)CNC(C)C,1.496029699,test,butina,13,0.9026368878700004,0.7913755947199997,0.84101555233,1.3730000597599998
NC(=O)C1(Cc2ccc(-c3ccncc3)cc2)CCN(C(=O)Cc2cccc(F)c2)CC1,1.058463986,test,butina,13,0.7424244401400002,0.44702441379000013,0.9516682843099997,0.5010913715800001
Cc1cccc(/C=N/Nc2cc(N3CCOCC3)nc(OCCc3ccccn3)n2)c1,-0.27572413,test,butina,13,0.5062121746899998,0.5185592591200001,0.7597404724500001,0.33845774129
COc1ccc(OC[C@@H]2c3cc(OC)c(OC)cc3CCN2C(=O)c2cccc(Cl)c2)cc1,0.232233521,test,butina,13,0.6633411869100001,0.2115982035,0.3962214170599999,0.4618385824599994
O=C(Nc1cccc2c(=O)cc(-c3nnn[nH]3)oc12)c1ccc(OCCCCc2ccccc2)cc1,0.77224834,test,butina,13,0.18042855258999993,0.16050651118999998,0.5416618176000001,0.03503411998000002
CC(=O)Nc1ncc(C(=O)O)s1,1.854123782,test,butina,13,1.0749368752,1.1936688758700003,1.02127994803,1.2750654514699997
CNc1cc(Nc2cccn(-c3ccccn3)c2=O)nn2c(C(=O)N[C@@H]3C[C@@H]3F)cnc12,0.51851394,train,butina,14,,,,
CCOc1cc2nn(CCC(C)(C)O)cc2cc1NC(=O)c1cccc(C(F)F)n1,0.268343914,train,butina,14,,,,
CN(c1ncc(F)cn1)[C@H]1CCCNC1,2.0,train,butina,14,,,,
CC(C)(Oc1ccc(-c2cnc(N)c(-c3ccc(Cl)cc3)c2)cc1)C(=O)O,-1.403402904,train,butina,14,,,,
CC(C)(O)CCn1cc2cc(NC(=O)c3cccc(C(F)(F)F)n3)c(C(C)(C)O)cc2n1,1.092264361,train,butina,14,,,,
CC#CC(=O)N[C@H]1CCCN(c2c(F)cc(C(N)=O)c3[nH]c(C)c(C)c23)C1,-0.639532816,train,butina,14,,,,
CC(C)NCC(O)COc1cccc2ccccc12,1.347759218,train,butina,14,,,,
COc1ccc(Cl)cc1C(=O)NCCc1ccc(S(=O)(=O)NC(=O)NC2CCCCC2)cc1,-0.943095149,train,butina,14,,,,
C=CC(=O)N1CCC[C@@H](n2nc(-c3ccc(Oc4ccccc4)cc3)c3c(N)ncnc32)C1,-0.35853,train,butina,14,,,,
CC(C)NC(=O)COc1cccc(-c2nc(Nc3ccc4[nH]ncc4c3)c3ccccc3n2)c1,-0.504455662,train,butina,14,,,,
CCS(=O)(=O)N1CC(CC#N)(n2cc(-c3ncnc4[nH]ccc34)cn2)C1,2.0,train,butina,14,,,,
COc1ccc(S(=O)(=O)N2CCC(N3CCC(C)CC3)CC2)cc1,1.626076768,train,butina,14,,,,
CC1(C)CC[C@]2(NC(=O)C(C)(F)F)CC[C@]3(C)[C@H](C(=O)C=C4[C@@]3(C)CC[C@H]3C(C)(C)C(=O)C(C#N)=C[C@]43C)[C@@H]2C1,-0.055517328,train,butina,14,,,,
COc1cc2c(cc1OC)CC(=O)N(CCCN(C)C[C@H]1Cc3cc(OC)c(OC)cc31)CC2,1.615139594,train,butina,14,,,,
N#Cc1ccc2[nH]c(O)c(-c3ccc(CN4CCOCC4)cn3)c2c1,1.072507236,train,butina,14,,,,
CCCc1cc(N2CCc3c(nc(C4CC4)n3C)C2)n2ncnc2n1,1.388207807,train,butina,14,,,,
Fc1ccc(-c2ccc3c(c2)[nH]c2ccncc23)cn1,0.640978057,train,butina,14,,,,
Nc1c(F)ccc2cnc(-n3ccc4ccncc43)cc12,0.631443769,train,butina,14,,,,
C=CC(=O)N1C[C@H](Nc2ncnc3[nH]ccc23)CC[C@@H]1C,1.74597993,train,butina,14,,,,
Cn1cc(Nc2nccc(N3CC4CCC(C3)N4C(=O)[C@@H]3CC3(F)F)n2)cn1,1.786412441,train,butina,14,,,,
C=CC(=O)N1CCC(CNc2ncnc(N)c2-c2ccc(Oc3ccccc3)cc2)CC1,0.901294817,train,butina,14,,,,
Nc1n[nH]cc1-c1cc(Cl)ccc1Oc1cc(F)c(S(=O)(=O)Nc2cscn2)cc1Cl,-0.08249449,train,butina,14,,,,
Cc1c(-c2c(F)cc(C(N)=O)c3[nH]c4c(c23)CC[C@H](C(C)(C)O)C4)cccc1-n1c(=O)c2cccc(F)c2n(C)c1=O,0.326540669,train,butina,14,,,,
O=C(Nc1cccnc1)c1ccnc(NC(=O)C2CC2)c1,1.615287063,train,butina,14,,,,
O=C(c1ccc(Oc2ccccc2)cc1Cl)c1c[nH]c2ncnc(N[C@@H]3CC[C@@H](CO)OC3)c12,-0.295849483,train,butina,14,,,,
N#CC[C@H](C1CCCC1)n1cc(-c2ncnc3[nH]ccc23)cn1,1.244598701,train,butina,14,,,,
CC(C)(C)c1ccc(-c2nc3n(c(=O)c2C#N)CCS3)cc1,0.455758203,train,butina,14,,,,
C=CC(=O)Nc1cccc(Oc2nc(Nc3ccc(N4CCN(C)CC4)cc3)nc3ccsc23)c1,-0.308918508,train,butina,14,,,,
CC#CC(=O)N1CC[C@@H](n2c(=O)n(-c3ccc(Oc4ccccc4)cc3)c3c(N)ncnc32)C1,0.669595781,train,butina,14,,,,
C=CC(=O)N1CCC([C@@H]2CCNc3c(C(N)=O)c(-c4ccc(Oc5ccccc5)cc4)nn32)CC1,0.231979027,train,butina,14,,,,
C=CC(=O)N1CCC[C@H](n2c(=O)n(-c3ccc(Oc4ccccc4)cc3)c3c(N)ncnc32)C1,0.276231958,train,butina,14,,,,
CC(C)(C=C(C#N)C(=O)N1CCC[C@@H](n2nc(-c3ccc(Oc4ccccc4)cc3F)c3c(N)ncnc32)C1)N1CCN(C2COC2)CC1,0.123198075,train,butina,14,,,,
CC#CC(=O)N1CC[C@@H](n2cc(-c3ccc(Oc4c(F)cccc4F)cc3)c3c(N)n[nH]c(=O)c32)C1,-0.029188389,train,butina,14,,,,
C=CC(=O)Nc1cccc(Oc2nc(Nc3ccc(N4CCN(C)CC4)c(F)c3)nc3[nH]ccc23)c1,-0.139063379,train,butina,14,,,,
COc1ccccc1-c1cc(NC(=O)c2cccc(N3CCNC3=O)c2)[nH]n1,-0.742321425,train,butina,14,,,,
Nc1ncc(-c2cccc(C(F)(F)F)c2)c(C2CCCCN2C(=O)c2ccccc2)n1,0.137354111,train,butina,14,,,,
O=C(Nc1cccc(-c2nncn2C2CC2)c1)c1cc(-n2cnc(C3CC3)c2)ccn1,0.611935625,train,butina,14,,,,
Cc1nccc(-c2cn(Cc3ccccc3)c3cnccc23)n1,1.207445854,train,butina,14,,,,
Cc1c(Cl)ccc2cc3n(c12)[C@@H](C)CNC3=O,0.696793085,train,butina,14,,,,
Nc1ncnc2c1c(-c1ccc(Oc3ccccc3)cc1)nn2[C@@H]1CCCNC1,0.846275242,train,butina,14,,,,
Cc1nnc(CN(C)CC(C)Oc2ccc(Cl)c(Cl)c2)n1C,1.114444172,train,butina,14,,,,
COc1cc(F)ccc1-c1ncnc(Nc2cccc(C[S@@](C)(=N)=O)c2)n1,1.574609941,train,butina,14,,,,
Cc1ncc(CN2CC[C@@H](Nc3cncc(Cl)n3)[C@@H](C)C2)s1,1.264227348,train,butina,14,,,,
Cc1ccc(C(=O)N2CCC(Cc3ccccc3-c3ccccc3)(C(=O)N(C)C)CC2)s1,-0.590066877,train,butina,14,,,,
C[C@@H]1CCN(C(=O)CC#N)C[C@@H]1N(C)c1ncnc2[nH]ccc12,1.747124255,train,butina,14,,,,
CN(C)C(=O)C1(Cc2ccccc2-c2ccccc2)CCN(C(=O)C2CCCO2)CC1,1.265713811,train,butina,14,,,,
CC(=O)Nc1ccc(C(=O)N2CCCCC2c2nc(N)ncc2-c2ccc(Cl)cc2)cc1,0.549861188,train,butina,14,,,,
CC(=O)Nc1ccc(C(=O)N2CCCCC2c2nc(N)ncc2-c2cccc(Cl)c2)cc1,0.584331224,train,butina,14,,,,
O=C1CN(c2ccc(Nc3nccc(C(F)(F)F)n3)cn2)CCN1,1.433497815,train,butina,14,,,,
O=C1NCCN(C(=O)c2ccc3nccn3c2)C1c1ccccc1C(F)(F)F,1.801527189,train,butina,14,,,,
Cc1cc(F)ccc1C1C(=O)NCCN1C(=O)c1ccc2nccn2c1,1.950724994,train,butina,14,,,,
O=C1NCCN(C(=O)c2ccncc2)C1c1ccccc1Cl,1.868168158,train,butina,14,,,,
C[C@H]1CN(C(=O)CC(c2ccccc2)c2ccccc2)C[C@@H](C)O1,0.718335579,train,butina,14,,,,
CN1[C@H]2CC[C@@H]1C[C@@H](OC(c1ccccc1)c1ccccc1)C2,1.180842415,train,butina,14,,,,
CC(C)(C)C(=O)N1CCC(Cc2ccc(-c3cccs3)cc2)(C(=O)N2CCCC2)CC1,0.008174184,train,butina,14,,,,
OC[C@H](Nc1cncc(-c2ccc3[nH]ncc3n2)c1)c1ccccc1,1.024690862,train,butina,14,,,,
Cc1ncsc1C(=O)N1CCCCC1c1nc(N(C)C)ncc1-c1cccc(Cl)c1,0.021602716,train,butina,14,,,,
OCC1CCCCN1Cc1ccc(Cl)c(Cl)c1,1.484982782,train,butina,14,,,,
CC(=O)N1CCN(c2nc(C(F)(F)F)nc3sc(C)c(C)c23)CC1,0.624282096,train,butina,14,,,,
c1ccc(Oc2cccc(CN(CCN3CCOCC3)Cc3cccnc3)c2)cc1,0.142389466,train,butina,14,,,,
COc1ccc([C@H]2CN(C(C)=O)[C@@H]3CCCN(Cc4cccc(F)c4)[C@H]23)cc1,0.594060901,train,butina,14,,,,
Cc1c(C(=O)NCCCN(C)C)sc2ncnc(Nc3ccc(F)cc3OC(C)C)c12,0.966376423,train,butina,14,,,,
OCC1CCCCN1Cc1ccc(-c2ccccc2)cc1,1.394924244,train,butina,14,,,,
Nc1ncc(C(=O)NC2CN(C(=O)C3CC3)C2)c2ccc(-c3cccc(F)c3)nc12,0.38219721,train,butina,14,,,,
CC1(C)CC(Oc2ccc(-c3ccc(-c4cn[nH]c4)cc3O)nn2)CC(C)(C)N1,1.241969612,train,butina,14,,,,
Cc1ncsc1C(=O)N1CCCCC1c1nc(N)ncc1-c1cccc(C(F)(F)F)c1,0.86254877,train,butina,14,,,,
O=C(Nc1ccc2ccccc2n1)c1ccc(N2CCOC2=O)cc1,0.069298012,train,butina,14,,,,
O=S(=O)(c1cccc2cnccc12)N1CCCNCC1,1.844321821,train,butina,14,,,,
C=CC(=O)Nc1cccc(Oc2nc(Nc3ccc(N4CCN(C)CC4)cc3)nc3ccoc23)c1,-0.208309351,train,butina,14,,,,
CCN1CCN(S(=O)(=O)Cc2ccc(Cl)c(Cl)c2)CC1,1.071845201,train,butina,14,,,,
O=C(Nc1nc2cccc(-c3ccc(CN4CCS(=O)(=O)CC4)cc3)n2n1)C1CC1,1.601853652,train,butina,14,,,,
CCn1c(CO)nn(-c2cc(O[C@@H](C)C(F)(F)F)c(C(=O)Nc3c(F)cccc3Cl)cc2F)c1=O,0.876910311,train,butina,14,,,,
NCCN1CCN(C/C=C/C(=O)N2CCC[C@@H](n3nc(-c4ccc(Oc5ccccc5)cc4)c4c(N)ncnc43)C2)CC1,0.686814955,train,butina,14,,,,
Cn1c(C2CC2)nc2c1CCN(c1ncnc3ccsc13)C2,1.192985379,train,butina,14,,,,
CNC(=O)C1(Cc2ccc(-c3ccncc3)cc2)CCN(Cc2cccc(F)c2)C1,0.715167358,train,butina,14,,,,
Cc1ncc(CN2CCC(Nc3ccc4nnnn4n3)C(C)C2)s1,1.579154557,train,butina,14,,,,
Cc1nc(Nc2nccs2)cc(C2CN(c3ncccn3)C2)n1,0.374565061,train,butina,14,,,,
COc1ccc(Nc2c(C#N)cnc3cc(OC)c(OC)cc23)cc1Cl,0.115943177,train,butina,14,,,,
COc1ccc(CCCN2CCN(c3cnn(C)c3)C(=O)C2)cc1F,1.308414999,train,butina,14,,,,
Cc1noc(C(C)C)c1C(=O)N1CC(C)OC(c2ccccc2)C1,1.111934276,train,butina,14,,,,
CN(Cc1ccccc1)C1(C(=O)N2CCNC(=O)CC2)Cc2ccccc2C1,0.912806393,train,butina,14,,,,
Cc1c(F)cccc1NC(=O)CN1[C@H]2CCCC(=O)N[C@@]2(C)C[C@H]1Cc1ccccc1,0.925312092,train,butina,14,,,,
CCC1=C(C)CN(C(=O)NCCc2ccc(S(=O)(=O)NC(=O)N[C@H]3CC[C@H](C)CC3)cc2)C1=O,-1.638272164,train,butina,14,,,,
O=S(=O)(c1cccc2c(O)nccc12)N1CCCNCC1,1.990813743,train,butina,14,,,,
Cc1ccc(NC(=O)CN2[C@H]3CCCC(=O)N[C@@]3(C)C[C@H]2Cc2ccccc2)cc1F,0.360971884,train,butina,14,,,,
CN(C)C(=O)C1(Cc2ccccc2-c2cccc(F)c2)CCN(C(=O)C2CC=CCC2)CC1,0.142702246,train,butina,14,,,,
COCC(=O)N1CCC(Cc2ccccc2-c2cccc(F)c2)(C(=O)NC(C)C)CC1,1.076967952,train,butina,14,,,,
C#C[C@@](C)(CC)NC(=O)c1cc(F)cnc1NC1CC(F)(F)C1,0.850278553,train,butina,14,,,,
Cn1cc(Nc2nc(N)nc(-c3cccc(-n4ccc5cc(C6CC6)cc(F)c5c4=O)c3CO)n2)cn1,0.581038949,train,butina,14,,,,
Cc1cnc(C(=O)NCCc2ccc(S(=O)(=O)NC(=O)NC3CCCCC3)cc2)cn1,-0.204119983,train,butina,14,,,,
CNC(=O)C1(Cc2ccc(-c3cccnc3)cc2)CCN(Cc2ccc(F)cc2)C1,0.918868743,train,butina,14,,,,
CNC(=O)C1(Cc2ccc(-c3cccnc3)cc2)CCN(Cc2cccc(F)c2)C1,0.531095547,train,butina,14,,,,
CC(=O)Nc1ncc(CN2CCCC[C@@H]2C)s1,1.923109252,train,butina,14,,,,
O=C1CCCC[C@@H]2[C@H](C[C@@H](Cc3ccccc3F)N2C(=O)c2cccc3ncccc23)N1,1.348966512,train,butina,14,,,,
CCOc1cc(CC(=O)N[C@@H](CC(C)C)c2ccccc2N2CCCCC2)ccc1C(=O)O,-0.063486258,train,butina,14,,,,
CC(O)(C#Cc1ccc2c(c1)N(c1nc(N)ncc1Cl)CC2)c1nccs1,0.275311355,train,butina,14,,,,
COCCc1noc(CN2CC(c3ccccc3)(c3ccccc3)CCC2=O)n1,1.25166255,train,butina,14,,,,
Cc1[nH]nc2c1C1(CCCCC1)CC(=O)N2,1.284633733,train,butina,14,,,,
Cc1oc2ccccc2c1CNc1nnc(-c2ccncc2)o1,-0.172630727,train,butina,14,,,,
O=C(Nc1cccc2ncccc12)[C@H]1CCCN(S(=O)(=O)c2ccccc2)C1,1.091666958,train,butina,14,,,,
Nc1ncnc2c1c(-c1cnc3[nH]ccc3c1)nn2C1CCCC1,0.780605306,train,butina,14,,,,
O=C(Nc1cnccc1-c1ccc(Cl)cc1)c1ccnc(NC(=O)C2CC2)c1,0.847634344,train,butina,14,,,,
CC1CN(C(=O)c2cccnc2N2CCOCC2)CC(c2ccccc2)O1,1.555686814,train,butina,14,,,,
CCCCNC(=O)NS(=O)(=O)c1ccc(C)cc1,0.440121603,train,butina,14,,,,
Cc1cc(Nc2cnccn2)cc(C2CCCN(CC(=O)N3CCCC3)C2)n1,1.632416797,train,butina,14,,,,
Cc1cccnc1Nc1cccc(C2CCCN(CC(=O)Nc3nccs3)C2)n1,0.637289548,train,butina,14,,,,
CN(C)C(=O)C1(Cc2ccccc2-c2ccccc2)CCN(C(=O)c2cnn(C)c2)CC1,1.146840934,train,butina,14,,,,
CC1(C)CC(=O)C2=C(C1)NC(=O)CC2c1ccc(Br)cc1,0.944630702,train,butina,14,,,,
CN1CCN(S(=O)(=O)c2ccc(-c3cnc(N)c(C(=O)Nc4cccnc4)n3)cc2)CC1,0.915558115,train,butina,14,,,,
CNC(=O)C1(Cc2ccc(-c3cccnc3)cc2)CCN(Cc2ccccc2Cl)C1,0.273695588,train,butina,14,,,,
Cc1cc(N2CCCC2c2cc(CCC(=O)O)cc(C)n2)ncn1,2.0,train,butina,14,,,,
CCCNC(=O)NS(=O)(=O)c1ccc(Cl)cc1,0.628286731,train,butina,14,,,,
O=C(CN1CCCC(c2cccc(Cc3cccc(F)c3)n2)C1)N1CCCC1,0.953856298,train,butina,14,,,,
COc1cc2ncnc(Nc3cccc(O)c3)c2cc1OC,0.650307523,train,butina,14,,,,
COCCNC(=O)c1ccnc(C2CCNCC2)c1,2.0,train,butina,14,,,,
CC1(CNC(=O)c2cncc(C3CCNCC3)n2)CCCO1,1.960042456,train,butina,14,,,,
Cc1cc(N2CCCC2)nc(C2CCCN(C)C2)n1,1.861522463,train,butina,14,,,,
O=C1NCCSc2c1sc1ccc(O)cc21,1.164679941,train,butina,14,,,,
CCn1cc(C(=O)O)c(=O)c2c(N)c(F)c(NC3CCCCC3)cc21,0.426673888,train,butina,14,,,,
COc1cc2nc(N3CCN(C(=O)c4ccco4)CC3)nc(N)c2cc1OC,1.371880249,train,butina,14,,,,
CC(CCc1ccccc1)NCC(O)c1ccc(O)c(C(N)=O)c1,1.65850745,train,butina,14,,,,
CC1(C)Cc2cc(NC(=O)c3cnn4cccnc34)c(OCC3CC3)nc2O1,0.38219721,train,butina,14,,,,
N#Cc1cc(F)c(NS(=O)(=O)c2c[nH]c3cc(Cl)ccc23)cc1F,-0.251811973,train,butina,14,,,,
CC(C)CC(NC(=O)C(O)C(N)Cc1ccccc1)C(=O)O,1.54052968,train,butina,14,,,,
COCCc1ccc(OCC(O)CNC(C)C)cc1,2.0,train,butina,14,,,,
CC(C(=O)O)c1cccc(C(=O)c2ccccc2)c1,0.047274867,train,butina,14,,,,
C=CCc1ccccc1OCC(O)CNC(C)C,1.496029699,train,butina,14,,,,
Nc1nc(=O)c2ncn(COCCO)c2[nH]1,1.850860573,train,butina,14,,,,
NCCCC[C@H](N[C@@H](CCc1ccccc1)C(=O)O)C(=O)N1CCC[C@H]1C(=O)O,2.0,train,butina,14,,,,
COc1ccc([C@H]2c3[nH]c4ccc(Cl)cc4c3CCN2C(=O)Oc2ccc(Cl)cc2)cc1,1.754608223,train,butina,14,,,,
NC(=O)C1(Cc2ccc(-c3ccncc3)cc2)CCN(C(=O)Cc2cccc(F)c2)CC1,1.058463986,train,butina,14,,,,
CC(=O)Nc1ccc(O)cc1,1.916985305,train,butina,14,,,,
O=C(NC1CCNCC1)c1ccc2[nH]ncc2c1,1.92695435,train,butina,14,,,,
Cc1cccc(/C=N/Nc2cc(N3CCOCC3)nc(OCCc3ccccn3)n2)c1,-0.27572413,train,butina,14,,,,
COc1ccc(OC[C@@H]2c3cc(OC)c(OC)cc3CCN2C(=O)c2cccc(Cl)c2)cc1,0.232233521,train,butina,14,,,,
CC(C)[C@H](CO)Nc1nc(Nc2cc(N)cc(Cl)c2)c2ncn(C(C)C)c2n1,-0.099086932,train,butina,14,,,,
O=C(NC1CCNCC1)c1ccc2cn[nH]c2c1,1.70808081,train,butina,14,,,,
CC(C)(C)OC(=O)N1CCCC1C(=O)N1CCC(C(=O)N[C@@H](Cc2c[nH]c3ccccc23)C(=O)O)CC1,1.842553077,train,butina,14,,,,
O=C(Nc1cccc2c(=O)cc(-c3nnn[nH]3)oc12)c1ccc(OCCCCc2ccccc2)cc1,0.77224834,train,butina,14,,,,
CC(=O)Nc1ncc(C(=O)O)s1,1.854123782,train,butina,14,,,,
COc1cc2nc(-c3cc(F)ccc3O)nc(N[C@@H]3CNC[C@H]3C(C)(C)O)c2cc1OC.Cl,-0.823908741,train,butina,14,,,,
CCn1c(-c2nonc2N)nc2cnc(Oc3cccc(NC(=O)c4ccc(OCCN5CCOCC5)cc4)c3)cc21,-0.325138859,test,butina,14,0.6108731920599998,0.21293503269,0.2852364527299998,0.1589630957999999
Cc1c[nH]c2nccc(Oc3c(F)cc(Nc4cc(Cl)nc(N)n4)cc3F)c12,-0.68613278,test,butina,14,0.47844431278000016,0.36255182058999985,0.37645320551999994,0.36671892917
[2H]C([2H])([2H])NC(=O)c1nnc(NC(=O)C2CC2)cc1Nc1cccc(-c2ncn(C)n2)c1OC,1.236577565,test,butina,14,0.8162788506399999,0.43727093375,0.53872109744,0.8351032991600005
Cn1cc(-c2cn3nccc3c(-c3cnn([C@]4(CC#N)C[C@@H](C#N)C4)c3)n2)cn1,1.364100521,test,butina,14,0.8608458704000002,0.9295070827200006,0.6388039384599999,1.1639462493300003
C[C@@H]1c2nnn(-c3ncc(F)cn3)c2CCN1C(=O)c1cccc(C(F)(F)F)c1Cl,1.240049772,test,butina,14,0.9927583542099999,0.77805750528,0.9194257924899998,0.6059236263899996
Fc1ccccc1-c1c[nH]nc1C1CCCN1Cc1ccc2ncccc2c1,0.460897843,test,butina,14,0.7160925551699998,0.8092145094899998,0.83998079178,0.5425756023499999
CCc1nc(C)cn2nc(-c3cc(=O)n4cc(C5CCN(C)CC5)cc(C)c4n3)cc12,0.593618308,test,butina,14,1.0087308035800004,1.0127380435999997,0.79513220192,0.7788466704200003
COc1nn(C)cc1C(=O)Nc1cccc(-c2cnc3n2CCC3)c1,0.685562611,test,butina,14,0.94203548425,0.8188953531200001,1.05525377969,1.38856584907
CCc1nc2c(C)cc(N3CCN(CC(=O)N4CC(O)C4)CC3)cn2c1N(C)c1nc(-c2ccc(F)cc2)c(C#N)s1,-0.434152181,test,butina,14,0.6868848752200001,0.22623424542999993,0.6061830049599999,0.3247697560399999
COc1ccccc1C(=O)Nc1ccc2cc[nH]c2c1,0.571825249,test,butina,14,1.14959298845,0.8711880554299999,0.5349336627400002,0.71596863011
Cc1nnc(-c2ccc3occ(-c4ccc(S(C)=O)cc4)c3c2)o1,1.077985291,test,butina,14,0.7525691795900002,0.5212556381500001,0.5988393080100002,0.5746416116999997
O=C(CCNC(=O)c1ccc(OC(F)(F)F)cc1)N[C@@H]1CCCc2ccccc21,0.630427875,test,butina,14,0.8168150868099998,0.8176644840300002,0.8012279062399997,0.4679794519500001
CCN(C/C=C\c1ccc(C2CCCCC2)c(Cl)c1)C1CCCCC1,-0.266802735,test,butina,14,1.2505491569100005,1.0563920955600004,0.6587544661100001,0.48591712430999984
CC/C(=C(\c1ccccc1)c1ccc(OCCN(C)C)cc1)c1ccccc1,-0.341988603,test,butina,14,0.7871151240700001,0.5363645463599996,0.4897200195899999,0.33205627699999996
COc1nn(C)cc1C(=O)Nc1cccc2cnccc12,1.58945809,test,butina,14,1.0875277621900006,0.9007641234800005,1.1055509567100004,1.5268981370400005
COc1ccc(CNC(=O)c2sc3nc(C)cc(C)c3c2N)cc1,-0.18243463,test,butina,14,0.9417590560400001,0.7910641155600001,0.5606900564299998,0.5770140936699998
C[C@@H]1Cc2ccccc2N1C(=O)Cn1nc(-c2cccc3ncccc23)oc1=O,0.360404055,test,butina,14,0.8958114687199997,0.5410651288999998,0.9433584037700001,0.5278568776600001
CN1C(N)=N[C@](C)(c2cc(NC(=O)c3ccc(F)cn3)ccc2F)CS1(=O)=O,1.491417728,test,butina,14,0.9814997303699995,0.8616684502299999,0.8200984638500002,1.1175316071799999
Cc1cc(C)c2c(N)c(C(=O)NCc3ccc(Cl)cc3)sc2n1,-0.185752404,test,butina,14,0.9292676388200003,0.7754794345900002,0.52410081181,0.44411026694
COc1nc2sc(C(=O)NC3CC3)c(N)c2c(C)c1Cl,0.452093249,test,butina,14,0.9532901045300004,0.8958431505700005,0.6093103802900001,1.1779786754500008
COc1cc(Cc2cnc(N)nc2N)cc(OC)c1OC,1.855513099,test,butina,14,1.04547981654,0.8490919323500001,1.0893371937900003,1.37430639649
COc1cc2c(cc1OC)CN(CCc1ccc(NC(=O)c3cccc4c(O)c5cccc(OC)c5nc34)cc1)CC2,-1.292429824,test,butina,14,0.9295738573800001,0.30715597910000014,0.4457543477400002,0.16859105764000007
CCCc1nc2nc(C)c(NS(=O)(=O)c3ccc(C4CCCCC4)cc3)c(O)n2n1,-0.137272472,test,butina,14,0.7625383556399999,0.48104125272,0.7500978950400006,0.5417145949299996
CCn1c(=O)oc2cc(NC(=O)c3ccc(C(C)(C)C)cc3)ccc21,0.180412633,test,butina,14,1.0427802425700003,0.60391907944,0.40320547917000016,0.40345329321000006
N#Cc1ccc(COc2cccc(C3CCN(Cc4nc5ccc(C(=O)O)cc5n4C[C@@H]4CCO4)CC3)n2)c(F)c1,0.312177356,test,butina,14,0.8742000546800004,0.24189817414999992,0.6441533308999999,0.32185424267000007
Cc1cccc(-c2nc(C34CCC(C(N)=O)(CC3)CC4)[nH]c2-c2ccc3c(c2)OCO3)n1,0.21031852,test,butina,14,1.0195353359500001,0.6597601457699999,0.5102992882599999,0.8150879581999999
CC(C)[C@@](C)(O)[C@@H]1CN(c2nc(-c3n[nH]c4ncccc34)c(F)cc2Cl)CCN1,0.622421274,test,butina,14,0.5561929204100001,0.9671437568200005,0.7493250840899996,0.6161337880500001
CNc1cc(Nc2cccn(-c3ccccn3)c2=O)nn2c(C(=O)N[C@@H]3C[C@@H]3F)cnc12,0.51851394,train,random,15,,,,
CCOc1cc2nn(CCC(C)(C)O)cc2cc1NC(=O)c1cccc(C(F)F)n1,0.268343914,train,random,15,,,,
CN(c1ncc(F)cn1)[C@H]1CCCNC1,2.0,train,random,15,,,,
CC(C)(Oc1ccc(-c2cnc(N)c(-c3ccc(Cl)cc3)c2)cc1)C(=O)O,-1.403402904,train,random,15,,,,
CC(C)(O)CCn1cc2cc(NC(=O)c3cccc(C(F)(F)F)n3)c(C(C)(C)O)cc2n1,1.092264361,train,random,15,,,,
CC#CC(=O)N[C@H]1CCCN(c2c(F)cc(C(N)=O)c3[nH]c(C)c(C)c23)C1,-0.639532816,train,random,15,,,,
CC(C)NCC(O)COc1cccc2ccccc12,1.347759218,train,random,15,,,,
COc1ccc(Cl)cc1C(=O)NCCc1ccc(S(=O)(=O)NC(=O)NC2CCCCC2)cc1,-0.943095149,train,random,15,,,,
C=CC(=O)N1CCC[C@@H](n2nc(-c3ccc(Oc4ccccc4)cc3)c3c(N)ncnc32)C1,-0.35853,train,random,15,,,,
CC(C)NC(=O)COc1cccc(-c2nc(Nc3ccc4[nH]ncc4c3)c3ccccc3n2)c1,-0.504455662,train,random,15,,,,
CCS(=O)(=O)N1CC(CC#N)(n2cc(-c3ncnc4[nH]ccc34)cn2)C1,2.0,train,random,15,,,,
COc1ccc(S(=O)(=O)N2CCC(N3CCC(C)CC3)CC2)cc1,1.626076768,train,random,15,,,,
CCn1c(-c2nonc2N)nc2cnc(Oc3cccc(NC(=O)c4ccc(OCCN5CCOCC5)cc4)c3)cc21,-0.325138859,train,random,15,,,,
COc1cc2c(cc1OC)CC(=O)N(CCCN(C)C[C@H]1Cc3cc(OC)c(OC)cc31)CC2,1.615139594,train,random,15,,,,
N#Cc1ccc2[nH]c(O)c(-c3ccc(CN4CCOCC4)cn3)c2c1,1.072507236,train,random,15,,,,
Fc1ccc(-c2ccc3c(c2)[nH]c2ccncc23)cn1,0.640978057,train,random,15,,,,
Nc1c(F)ccc2cnc(-n3ccc4ccncc43)cc12,0.631443769,train,random,15,,,,
C=CC(=O)N1C[C@H](Nc2ncnc3[nH]ccc23)CC[C@@H]1C,1.74597993,train,random,15,,,,
Cn1cc(Nc2nccc(N3CC4CCC(C3)N4C(=O)[C@@H]3CC3(F)F)n2)cn1,1.786412441,train,random,15,,,,
C=CC(=O)N1CCC(CNc2ncnc(N)c2-c2ccc(Oc3ccccc3)cc2)CC1,0.901294817,train,random,15,,,,
Nc1n[nH]cc1-c1cc(Cl)ccc1Oc1cc(F)c(S(=O)(=O)Nc2cscn2)cc1Cl,-0.08249449,train,random,15,,,,
Cc1c(-c2c(F)cc(C(N)=O)c3[nH]c4c(c23)CC[C@H](C(C)(C)O)C4)cccc1-n1c(=O)c2cccc(F)c2n(C)c1=O,0.326540669,train,random,15,,,,
Cn1cc(-c2cn3nccc3c(-c3cnn([C@]4(CC#N)C[C@@H](C#N)C4)c3)n2)cn1,1.364100521,train,random,15,,,,
O=C(Nc1cccnc1)c1ccnc(NC(=O)C2CC2)c1,1.615287063,train,random,15,,,,
O=C(c1ccc(Oc2ccccc2)cc1Cl)c1c[nH]c2ncnc(N[C@@H]3CC[C@@H](CO)OC3)c12,-0.295849483,train,random,15,,,,
N#CC[C@H](C1CCCC1)n1cc(-c2ncnc3[nH]ccc23)cn1,1.244598701,train,random,15,,,,
CC(C)(C)c1ccc(-c2nc3n(c(=O)c2C#N)CCS3)cc1,0.455758203,train,random,15,,,,
C=CC(=O)Nc1cccc(Oc2nc(Nc3ccc(N4CCN(C)CC4)cc3)nc3ccsc23)c1,-0.308918508,train,random,15,,,,
CC#CC(=O)N1CC[C@@H](n2c(=O)n(-c3ccc(Oc4ccccc4)cc3)c3c(N)ncnc32)C1,0.669595781,train,random,15,,,,
C=CC(=O)N1CCC([C@@H]2CCNc3c(C(N)=O)c(-c4ccc(Oc5ccccc5)cc4)nn32)CC1,0.231979027,train,random,15,,,,
C=CC(=O)N1CCC[C@H](n2c(=O)n(-c3ccc(Oc4ccccc4)cc3)c3c(N)ncnc32)C1,0.276231958,train,random,15,,,,
CC(C)(C=C(C#N)C(=O)N1CCC[C@@H](n2nc(-c3ccc(Oc4ccccc4)cc3F)c3c(N)ncnc32)C1)N1CCN(C2COC2)CC1,0.123198075,train,random,15,,,,
CC#CC(=O)N1CC[C@@H](n2cc(-c3ccc(Oc4c(F)cccc4F)cc3)c3c(N)n[nH]c(=O)c32)C1,-0.029188389,train,random,15,,,,
C=CC(=O)Nc1cccc(Oc2nc(Nc3ccc(N4CCN(C)CC4)c(F)c3)nc3[nH]ccc23)c1,-0.139063379,train,random,15,,,,
Nc1ncc(-c2cccc(C(F)(F)F)c2)c(C2CCCCN2C(=O)c2ccccc2)n1,0.137354111,train,random,15,,,,
Fc1ccccc1-c1c[nH]nc1C1CCCN1Cc1ccc2ncccc2c1,0.460897843,train,random,15,,,,
Cc1nccc(-c2cn(Cc3ccccc3)c3cnccc23)n1,1.207445854,train,random,15,,,,
CCc1nc(C)cn2nc(-c3cc(=O)n4cc(C5CCN(C)CC5)cc(C)c4n3)cc12,0.593618308,train,random,15,,,,
Cc1c(Cl)ccc2cc3n(c12)[C@@H](C)CNC3=O,0.696793085,train,random,15,,,,
Nc1ncnc2c1c(-c1ccc(Oc3ccccc3)cc1)nn2[C@@H]1CCCNC1,0.846275242,train,random,15,,,,
COc1nn(C)cc1C(=O)Nc1cccc(-c2cnc3n2CCC3)c1,0.685562611,train,random,15,,,,
COc1cc(F)ccc1-c1ncnc(Nc2cccc(C[S@@](C)(=N)=O)c2)n1,1.574609941,train,random,15,,,,
Cc1ccc(C(=O)N2CCC(Cc3ccccc3-c3ccccc3)(C(=O)N(C)C)CC2)s1,-0.590066877,train,random,15,,,,
CN(C)C(=O)C1(Cc2ccccc2-c2ccccc2)CCN(C(=O)C2CCCO2)CC1,1.265713811,train,random,15,,,,
CC(=O)Nc1ccc(C(=O)N2CCCCC2c2nc(N)ncc2-c2ccc(Cl)cc2)cc1,0.549861188,train,random,15,,,,
CC(=O)Nc1ccc(C(=O)N2CCCCC2c2nc(N)ncc2-c2cccc(Cl)c2)cc1,0.584331224,train,random,15,,,,
O=C1CN(c2ccc(Nc3nccc(C(F)(F)F)n3)cn2)CCN1,1.433497815,train,random,15,,,,
O=C1NCCN(C(=O)c2ccc3nccn3c2)C1c1ccccc1C(F)(F)F,1.801527189,train,random,15,,,,
Cc1cc(F)ccc1C1C(=O)NCCN1C(=O)c1ccc2nccn2c1,1.950724994,train,random,15,,,,
O=C1NCCN(C(=O)c2ccncc2)C1c1ccccc1Cl,1.868168158,train,random,15,,,,
C[C@H]1CN(C(=O)CC(c2ccccc2)c2ccccc2)C[C@@H](C)O1,0.718335579,train,random,15,,,,
CC(C)(C)C(=O)N1CCC(Cc2ccc(-c3cccs3)cc2)(C(=O)N2CCCC2)CC1,0.008174184,train,random,15,,,,
Cc1ncsc1C(=O)N1CCCCC1c1nc(N(C)C)ncc1-c1cccc(Cl)c1,0.021602716,train,random,15,,,,
CC(=O)N1CCN(c2nc(C(F)(F)F)nc3sc(C)c(C)c23)CC1,0.624282096,train,random,15,,,,
c1ccc(Oc2cccc(CN(CCN3CCOCC3)Cc3cccnc3)c2)cc1,0.142389466,train,random,15,,,,
COc1ccc([C@H]2CN(C(C)=O)[C@@H]3CCCN(Cc4cccc(F)c4)[C@H]23)cc1,0.594060901,train,random,15,,,,
Nc1ncc(C(=O)NC2CN(C(=O)C3CC3)C2)c2ccc(-c3cccc(F)c3)nc12,0.38219721,train,random,15,,,,
CC1(C)CC(Oc2ccc(-c3ccc(-c4cn[nH]c4)cc3O)nn2)CC(C)(C)N1,1.241969612,train,random,15,,,,
Cc1nnc(-c2ccc3occ(-c4ccc(S(C)=O)cc4)c3c2)o1,1.077985291,train,random,15,,,,
Cc1ncsc1C(=O)N1CCCCC1c1nc(N)ncc1-c1cccc(C(F)(F)F)c1,0.86254877,train,random,15,,,,
O=C(CCNC(=O)c1ccc(OC(F)(F)F)cc1)N[C@@H]1CCCc2ccccc21,0.630427875,train,random,15,,,,
O=S(=O)(c1cccc2cnccc12)N1CCCNCC1,1.844321821,train,random,15,,,,
CCN1CCN(S(=O)(=O)Cc2ccc(Cl)c(Cl)c2)CC1,1.071845201,train,random,15,,,,
O=C(Nc1nc2cccc(-c3ccc(CN4CCS(=O)(=O)CC4)cc3)n2n1)C1CC1,1.601853652,train,random,15,,,,
CCN(C/C=C\c1ccc(C2CCCCC2)c(Cl)c1)C1CCCCC1,-0.266802735,train,random,15,,,,
NCCN1CCN(C/C=C/C(=O)N2CCC[C@@H](n3nc(-c4ccc(Oc5ccccc5)cc4)c4c(N)ncnc43)C2)CC1,0.686814955,train,random,15,,,,
Cn1c(C2CC2)nc2c1CCN(c1ncnc3ccsc13)C2,1.192985379,train,random,15,,,,
CC/C(=C(\c1ccccc1)c1ccc(OCCN(C)C)cc1)c1ccccc1,-0.341988603,train,random,15,,,,
CNC(=O)C1(Cc2ccc(-c3ccncc3)cc2)CCN(Cc2cccc(F)c2)C1,0.715167358,train,random,15,,,,
Cc1ncc(CN2CCC(Nc3ccc4nnnn4n3)C(C)C2)s1,1.579154557,train,random,15,,,,
Cc1nc(Nc2nccs2)cc(C2CN(c3ncccn3)C2)n1,0.374565061,train,random,15,,,,
COc1ccc(Nc2c(C#N)cnc3cc(OC)c(OC)cc23)cc1Cl,0.115943177,train,random,15,,,,
COc1ccc(CCCN2CCN(c3cnn(C)c3)C(=O)C2)cc1F,1.308414999,train,random,15,,,,
Cc1noc(C(C)C)c1C(=O)N1CC(C)OC(c2ccccc2)C1,1.111934276,train,random,15,,,,
CN(Cc1ccccc1)C1(C(=O)N2CCNC(=O)CC2)Cc2ccccc2C1,0.912806393,train,random,15,,,,
CCC1=C(C)CN(C(=O)NCCc2ccc(S(=O)(=O)NC(=O)N[C@H]3CC[C@H](C)CC3)cc2)C1=O,-1.638272164,train,random,15,,,,
O=S(=O)(c1cccc2c(O)nccc12)N1CCCNCC1,1.990813743,train,random,15,,,,
Cc1ccc(NC(=O)CN2[C@H]3CCCC(=O)N[C@@]3(C)C[C@H]2Cc2ccccc2)cc1F,0.360971884,train,random,15,,,,
CN(C)C(=O)C1(Cc2ccccc2-c2cccc(F)c2)CCN(C(=O)C2CC=CCC2)CC1,0.142702246,train,random,15,,,,
COCC(=O)N1CCC(Cc2ccccc2-c2cccc(F)c2)(C(=O)NC(C)C)CC1,1.076967952,train,random,15,,,,
COc1ccc(CNC(=O)c2sc3nc(C)cc(C)c3c2N)cc1,-0.18243463,train,random,15,,,,
C#C[C@@](C)(CC)NC(=O)c1cc(F)cnc1NC1CC(F)(F)C1,0.850278553,train,random,15,,,,
Cn1cc(Nc2nc(N)nc(-c3cccc(-n4ccc5cc(C6CC6)cc(F)c5c4=O)c3CO)n2)cn1,0.581038949,train,random,15,,,,
Cc1cnc(C(=O)NCCc2ccc(S(=O)(=O)NC(=O)NC3CCCCC3)cc2)cn1,-0.204119983,train,random,15,,,,
CNC(=O)C1(Cc2ccc(-c3cccnc3)cc2)CCN(Cc2cccc(F)c2)C1,0.531095547,train,random,15,,,,
O=C1CCCC[C@@H]2[C@H](C[C@@H](Cc3ccccc3F)N2C(=O)c2cccc3ncccc23)N1,1.348966512,train,random,15,,,,
CCOc1cc(CC(=O)N[C@@H](CC(C)C)c2ccccc2N2CCCCC2)ccc1C(=O)O,-0.063486258,train,random,15,,,,
CC(O)(C#Cc1ccc2c(c1)N(c1nc(N)ncc1Cl)CC2)c1nccs1,0.275311355,train,random,15,,,,
COCCc1noc(CN2CC(c3ccccc3)(c3ccccc3)CCC2=O)n1,1.25166255,train,random,15,,,,
Cc1oc2ccccc2c1CNc1nnc(-c2ccncc2)o1,-0.172630727,train,random,15,,,,
Nc1ncnc2c1c(-c1cnc3[nH]ccc3c1)nn2C1CCCC1,0.780605306,train,random,15,,,,
O=C(Nc1cnccc1-c1ccc(Cl)cc1)c1ccnc(NC(=O)C2CC2)c1,0.847634344,train,random,15,,,,
CN1C(N)=N[C@](C)(c2cc(NC(=O)c3ccc(F)cn3)ccc2F)CS1(=O)=O,1.491417728,train,random,15,,,,
CC1CN(C(=O)c2cccnc2N2CCOCC2)CC(c2ccccc2)O1,1.555686814,train,random,15,,,,
Cc1cc(Nc2cnccn2)cc(C2CCCN(CC(=O)N3CCCC3)C2)n1,1.632416797,train,random,15,,,,
Cc1cccnc1Nc1cccc(C2CCCN(CC(=O)Nc3nccs3)C2)n1,0.637289548,train,random,15,,,,
CN(C)C(=O)C1(Cc2ccccc2-c2ccccc2)CCN(C(=O)c2cnn(C)c2)CC1,1.146840934,train,random,15,,,,
CC1(C)CC(=O)C2=C(C1)NC(=O)CC2c1ccc(Br)cc1,0.944630702,train,random,15,,,,
CN1CCN(S(=O)(=O)c2ccc(-c3cnc(N)c(C(=O)Nc4cccnc4)n3)cc2)CC1,0.915558115,train,random,15,,,,
CNC(=O)C1(Cc2ccc(-c3cccnc3)cc2)CCN(Cc2ccccc2Cl)C1,0.273695588,train,random,15,,,,
Cc1cc(N2CCCC2c2cc(CCC(=O)O)cc(C)n2)ncn1,2.0,train,random,15,,,,
CCCNC(=O)NS(=O)(=O)c1ccc(Cl)cc1,0.628286731,train,random,15,,,,
COc1cc2ncnc(Nc3cccc(O)c3)c2cc1OC,0.650307523,train,random,15,,,,
Cc1cc(C)c2c(N)c(C(=O)NCc3ccc(Cl)cc3)sc2n1,-0.185752404,train,random,15,,,,
COCCNC(=O)c1ccnc(C2CCNCC2)c1,2.0,train,random,15,,,,
CC1(CNC(=O)c2cncc(C3CCNCC3)n2)CCCO1,1.960042456,train,random,15,,,,
Cc1cc(N2CCCC2)nc(C2CCCN(C)C2)n1,1.861522463,train,random,15,,,,
O=C1NCCSc2c1sc1ccc(O)cc21,1.164679941,train,random,15,,,,
CCn1cc(C(=O)O)c(=O)c2c(N)c(F)c(NC3CCCCC3)cc21,0.426673888,train,random,15,,,,
COc1cc2nc(N3CCN(C(=O)c4ccco4)CC3)nc(N)c2cc1OC,1.371880249,train,random,15,,,,
CC1(C)Cc2cc(NC(=O)c3cnn4cccnc34)c(OCC3CC3)nc2O1,0.38219721,train,random,15,,,,
N#Cc1cc(F)c(NS(=O)(=O)c2c[nH]c3cc(Cl)ccc23)cc1F,-0.251811973,train,random,15,,,,
CC(C)CC(NC(=O)C(O)C(N)Cc1ccccc1)C(=O)O,1.54052968,train,random,15,,,,
COCCc1ccc(OCC(O)CNC(C)C)cc1,2.0,train,random,15,,,,
COc1cc(Cc2cnc(N)nc2N)cc(OC)c1OC,1.855513099,train,random,15,,,,
CC(C(=O)O)c1cccc(C(=O)c2ccccc2)c1,0.047274867,train,random,15,,,,
COc1cc2c(cc1OC)CN(CCc1ccc(NC(=O)c3cccc4c(O)c5cccc(OC)c5nc34)cc1)CC2,-1.292429824,train,random,15,,,,
C=CCc1ccccc1OCC(O)CNC(C)C,1.496029699,train,random,15,,,,
Nc1nc(=O)c2ncn(COCCO)c2[nH]1,1.850860573,train,random,15,,,,
COc1ccc([C@H]2c3[nH]c4ccc(Cl)cc4c3CCN2C(=O)Oc2ccc(Cl)cc2)cc1,1.754608223,train,random,15,,,,
NC(=O)C1(Cc2ccc(-c3ccncc3)cc2)CCN(C(=O)Cc2cccc(F)c2)CC1,1.058463986,train,random,15,,,,
CC(=O)Nc1ccc(O)cc1,1.916985305,train,random,15,,,,
O=C(NC1CCNCC1)c1ccc2[nH]ncc2c1,1.92695435,train,random,15,,,,
Cc1cccc(/C=N/Nc2cc(N3CCOCC3)nc(OCCc3ccccn3)n2)c1,-0.27572413,train,random,15,,,,
CCn1c(=O)oc2cc(NC(=O)c3ccc(C(C)(C)C)cc3)ccc21,0.180412633,train,random,15,,,,
COc1ccc(OC[C@@H]2c3cc(OC)c(OC)cc3CCN2C(=O)c2cccc(Cl)c2)cc1,0.232233521,train,random,15,,,,
N#Cc1ccc(COc2cccc(C3CCN(Cc4nc5ccc(C(=O)O)cc5n4C[C@@H]4CCO4)CC3)n2)c(F)c1,0.312177356,train,random,15,,,,
CC(C)[C@H](CO)Nc1nc(Nc2cc(N)cc(Cl)c2)c2ncn(C(C)C)c2n1,-0.099086932,train,random,15,,,,
O=C(NC1CCNCC1)c1ccc2cn[nH]c2c1,1.70808081,train,random,15,,,,
CC(C)(C)OC(=O)N1CCCC1C(=O)N1CCC(C(=O)N[C@@H](Cc2c[nH]c3ccccc23)C(=O)O)CC1,1.842553077,train,random,15,,,,
O=C(Nc1cccc2c(=O)cc(-c3nnn[nH]3)oc12)c1ccc(OCCCCc2ccccc2)cc1,0.77224834,train,random,15,,,,
Cc1cccc(-c2nc(C34CCC(C(N)=O)(CC3)CC4)[nH]c2-c2ccc3c(c2)OCO3)n1,0.21031852,train,random,15,,,,
COc1cc2nc(-c3cc(F)ccc3O)nc(N[C@@H]3CNC[C@H]3C(C)(C)O)c2cc1OC.Cl,-0.823908741,train,random,15,,,,
CC(C)[C@@](C)(O)[C@@H]1CN(c2nc(-c3n[nH]c4ncccc34)c(F)cc2Cl)CCN1,0.622421274,train,random,15,,,,
CC1(C)CC[C@]2(NC(=O)C(C)(F)F)CC[C@]3(C)[C@H](C(=O)C=C4[C@@]3(C)CC[C@H]3C(C)(C)C(=O)C(C#N)=C[C@]43C)[C@@H]2C1,-0.055517328,test,random,15,1.0534129899600004,0.4471311899999999,0.41667879456000007,0.29514876657
Cc1c[nH]c2nccc(Oc3c(F)cc(Nc4cc(Cl)nc(N)n4)cc3F)c12,-0.68613278,test,random,15,0.49545921417000016,0.26534016864000004,0.4790197773000002,0.17948376026999996
CCCc1cc(N2CCc3c(nc(C4CC4)n3C)C2)n2ncnc2n1,1.388207807,test,random,15,1.187218798630001,1.2370018411899997,0.8035630466900001,1.4265498520699997
[2H]C([2H])([2H])NC(=O)c1nnc(NC(=O)C2CC2)cc1Nc1cccc(-c2ncn(C)n2)c1OC,1.236577565,test,random,15,1.0075704216199999,0.6308101898899999,0.5426394633099999,1.0298381817800004
C[C@@H]1c2nnn(-c3ncc(F)cn3)c2CCN1C(=O)c1cccc(C(F)(F)F)c1Cl,1.240049772,test,random,15,0.7693488750400002,0.8801969943899999,0.7494951240100001,0.47341233183999987
COc1ccccc1-c1cc(NC(=O)c2cccc(N3CCNC3=O)c2)[nH]n1,-0.742321425,test,random,15,0.9537993012,0.8453276511800002,0.7295413725799997,0.8395780524899997
O=C(Nc1cccc(-c2nncn2C2CC2)c1)c1cc(-n2cnc(C3CC3)c2)ccn1,0.611935625,test,random,15,0.641452662,0.7737473455800001,0.8324468968600001,0.40429493442
Cc1nnc(CN(C)CC(C)Oc2ccc(Cl)c(Cl)c2)n1C,1.114444172,test,random,15,0.49685543490000017,0.9892815238499999,0.8674417797699996,0.6481203634099998
Cc1ncc(CN2CC[C@@H](Nc3cncc(Cl)n3)[C@@H](C)C2)s1,1.264227348,test,random,15,1.06482054779,0.8602264947599996,0.6573755769,0.5863408924
CCc1nc2c(C)cc(N3CCN(CC(=O)N4CC(O)C4)CC3)cn2c1N(C)c1nc(-c2ccc(F)cc2)c(C#N)s1,-0.434152181,test,random,15,0.6697498844200002,0.15742637966999992,0.5070667587099998,0.17316190877999996
C[C@@H]1CCN(C(=O)CC#N)C[C@@H]1N(C)c1ncnc2[nH]ccc12,1.747124255,test,random,15,1.4395109755900006,1.2648848034800002,0.8004757945500002,1.71262050381
CN1[C@H]2CC[C@@H]1C[C@@H](OC(c1ccccc1)c1ccccc1)C2,1.180842415,test,random,15,1.1355983224900001,0.5662017263000001,0.6854488035499999,0.5351904546699996
OC[C@H](Nc1cncc(-c2ccc3[nH]ncc3n2)c1)c1ccccc1,1.024690862,test,random,15,0.6028994762200002,0.5768389309399999,0.6862553862899997,0.64042385117
OCC1CCCCN1Cc1ccc(Cl)c(Cl)c1,1.484982782,test,random,15,1.0911223099500003,1.0923724656700002,0.80820817433,0.4856669879900001
COc1ccccc1C(=O)Nc1ccc2cc[nH]c2c1,0.571825249,test,random,15,0.8640950716999999,1.08496470276,0.58332632168,0.45385062002000004
Cc1c(C(=O)NCCCN(C)C)sc2ncnc(Nc3ccc(F)cc3OC(C)C)c12,0.966376423,test,random,15,0.8248107013900002,-0.016843051999999997,0.10697861321999998,0.12344023703000002
OCC1CCCCN1Cc1ccc(-c2ccccc2)cc1,1.394924244,test,random,15,1.1384800564599995,0.8801535883399997,0.6988527997499997,0.5716210945299999
O=C(Nc1ccc2ccccc2n1)c1ccc(N2CCOC2=O)cc1,0.069298012,test,random,15,1.0511759096899995,1.10464100238,0.5686956837500001,0.5400746265899997
C=CC(=O)Nc1cccc(Oc2nc(Nc3ccc(N4CCN(C)CC4)cc3)nc3ccoc23)c1,-0.208309351,test,random,15,-0.1369008419299999,0.054178591340000005,0.036949461280000005,0.006697284879999984
CCn1c(CO)nn(-c2cc(O[C@@H](C)C(F)(F)F)c(C(=O)Nc3c(F)cccc3Cl)cc2F)c1=O,0.876910311,test,random,15,0.6605727126200001,0.3125676292399999,0.2568077454,0.03558625341999997
COc1nn(C)cc1C(=O)Nc1cccc2cnccc12,1.58945809,test,random,15,0.9346119658299998,1.00184504905,1.0636546633900001,1.3812017519299997
Cc1c(F)cccc1NC(=O)CN1[C@H]2CCCC(=O)N[C@@]2(C)C[C@H]1Cc1ccccc1,0.925312092,test,random,15,0.8748641453299999,0.44596465760000004,0.9166292181499996,0.5371865096000004
CNC(=O)C1(Cc2ccc(-c3cccnc3)cc2)CCN(Cc2ccc(F)cc2)C1,0.918868743,test,random,15,0.7205412298700001,0.5651721088000002,0.5574039706299999,0.6188102475300002
CC(=O)Nc1ncc(CN2CCCC[C@@H]2C)s1,1.923109252,test,random,15,1.3890409756900002,1.14545588355,0.9077530700400002,1.4545771715900002
Cc1[nH]nc2c1C1(CCCCC1)CC(=O)N2,1.284633733,test,random,15,1.1582744643000003,1.1434177738799998,0.7726398687699998,1.5884342844999995
O=C(Nc1cccc2ncccc12)[C@H]1CCCN(S(=O)(=O)c2ccccc2)C1,1.091666958,test,random,15,1.07675014043,0.6547116112799999,1.1662961479499998,0.5847702183699998
C[C@@H]1Cc2ccccc2N1C(=O)Cn1nc(-c2cccc3ncccc23)oc1=O,0.360404055,test,random,15,0.8363808501299994,0.7567156163199996,0.9041951719300001,0.6100260560499998
CCCCNC(=O)NS(=O)(=O)c1ccc(C)cc1,0.440121603,test,random,15,0.9515936464700003,0.75404594907,0.7196120431200002,1.182990588710001
O=C(CN1CCCC(c2cccc(Cc3cccc(F)c3)n2)C1)N1CCCC1,0.953856298,test,random,15,0.7084553255000001,1.0455125857,1.0182303571000002,0.56787013826
COc1nc2sc(C(=O)NC3CC3)c(N)c2c(C)c1Cl,0.452093249,test,random,15,0.7461689884700005,0.71813376873,0.13463842146000002,0.9089757903600004
CC(CCc1ccccc1)NCC(O)c1ccc(O)c(C(N)=O)c1,1.65850745,test,random,15,0.6053059753499999,0.80314238319,1.0192041193399999,1.29730490824
NCCCC[C@H](N[C@@H](CCc1ccccc1)C(=O)O)C(=O)N1CCC[C@H]1C(=O)O,2.0,test,random,15,0.89259796223,0.8689967589700004,0.9941654973500001,1.3833137851500001
CCCc1nc2nc(C)c(NS(=O)(=O)c3ccc(C4CCCCC4)cc3)c(O)n2n1,-0.137272472,test,random,15,0.8740139176399999,0.5344896593299999,0.6073448587700002,0.2500437256999999
CC(=O)Nc1ncc(C(=O)O)s1,1.854123782,test,random,15,1.3846400612300003,1.2981218780900001,0.9716975996999996,1.3615703922000006
CNc1cc(Nc2cccn(-c3ccccn3)c2=O)nn2c(C(=O)N[C@@H]3C[C@@H]3F)cnc12,0.51851394,train,random,16,,,,
CCOc1cc2nn(CCC(C)(C)O)cc2cc1NC(=O)c1cccc(C(F)F)n1,0.268343914,train,random,16,,,,
CN(c1ncc(F)cn1)[C@H]1CCCNC1,2.0,train,random,16,,,,
CC(C)(O)CCn1cc2cc(NC(=O)c3cccc(C(F)(F)F)n3)c(C(C)(C)O)cc2n1,1.092264361,train,random,16,,,,
COc1ccc(Cl)cc1C(=O)NCCc1ccc(S(=O)(=O)NC(=O)NC2CCCCC2)cc1,-0.943095149,train,random,16,,,,
CC(C)NC(=O)COc1cccc(-c2nc(Nc3ccc4[nH]ncc4c3)c3ccccc3n2)c1,-0.504455662,train,random,16,,,,
CCn1c(-c2nonc2N)nc2cnc(Oc3cccc(NC(=O)c4ccc(OCCN5CCOCC5)cc4)c3)cc21,-0.325138859,train,random,16,,,,
CC1(C)CC[C@]2(NC(=O)C(C)(F)F)CC[C@]3(C)[C@H](C(=O)C=C4[C@@]3(C)CC[C@H]3C(C)(C)C(=O)C(C#N)=C[C@]43C)[C@@H]2C1,-0.055517328,train,random,16,,,,
Cc1c[nH]c2nccc(Oc3c(F)cc(Nc4cc(Cl)nc(N)n4)cc3F)c12,-0.68613278,train,random,16,,,,
COc1cc2c(cc1OC)CC(=O)N(CCCN(C)C[C@H]1Cc3cc(OC)c(OC)cc31)CC2,1.615139594,train,random,16,,,,
CCCc1cc(N2CCc3c(nc(C4CC4)n3C)C2)n2ncnc2n1,1.388207807,train,random,16,,,,
Fc1ccc(-c2ccc3c(c2)[nH]c2ccncc23)cn1,0.640978057,train,random,16,,,,
Nc1c(F)ccc2cnc(-n3ccc4ccncc43)cc12,0.631443769,train,random,16,,,,
Cn1cc(Nc2nccc(N3CC4CCC(C3)N4C(=O)[C@@H]3CC3(F)F)n2)cn1,1.786412441,train,random,16,,,,
[2H]C([2H])([2H])NC(=O)c1nnc(NC(=O)C2CC2)cc1Nc1cccc(-c2ncn(C)n2)c1OC,1.236577565,train,random,16,,,,
C=CC(=O)N1CCC(CNc2ncnc(N)c2-c2ccc(Oc3ccccc3)cc2)CC1,0.901294817,train,random,16,,,,
Nc1n[nH]cc1-c1cc(Cl)ccc1Oc1cc(F)c(S(=O)(=O)Nc2cscn2)cc1Cl,-0.08249449,train,random,16,,,,
Cc1c(-c2c(F)cc(C(N)=O)c3[nH]c4c(c23)CC[C@H](C(C)(C)O)C4)cccc1-n1c(=O)c2cccc(F)c2n(C)c1=O,0.326540669,train,random,16,,,,
Cn1cc(-c2cn3nccc3c(-c3cnn([C@]4(CC#N)C[C@@H](C#N)C4)c3)n2)cn1,1.364100521,train,random,16,,,,
O=C(Nc1cccnc1)c1ccnc(NC(=O)C2CC2)c1,1.615287063,train,random,16,,,,
N#CC[C@H](C1CCCC1)n1cc(-c2ncnc3[nH]ccc23)cn1,1.244598701,train,random,16,,,,
CC(C)(C)c1ccc(-c2nc3n(c(=O)c2C#N)CCS3)cc1,0.455758203,train,random,16,,,,
CC#CC(=O)N1CC[C@@H](n2c(=O)n(-c3ccc(Oc4ccccc4)cc3)c3c(N)ncnc32)C1,0.669595781,train,random,16,,,,
C=CC(=O)N1CCC([C@@H]2CCNc3c(C(N)=O)c(-c4ccc(Oc5ccccc5)cc4)nn32)CC1,0.231979027,train,random,16,,,,
C=CC(=O)N1CCC[C@H](n2c(=O)n(-c3ccc(Oc4ccccc4)cc3)c3c(N)ncnc32)C1,0.276231958,train,random,16,,,,
CC(C)(C=C(C#N)C(=O)N1CCC[C@@H](n2nc(-c3ccc(Oc4ccccc4)cc3F)c3c(N)ncnc32)C1)N1CCN(C2COC2)CC1,0.123198075,train,random,16,,,,
CC#CC(=O)N1CC[C@@H](n2cc(-c3ccc(Oc4c(F)cccc4F)cc3)c3c(N)n[nH]c(=O)c32)C1,-0.029188389,train,random,16,,,,
C=CC(=O)Nc1cccc(Oc2nc(Nc3ccc(N4CCN(C)CC4)c(F)c3)nc3[nH]ccc23)c1,-0.139063379,train,random,16,,,,
C[C@@H]1c2nnn(-c3ncc(F)cn3)c2CCN1C(=O)c1cccc(C(F)(F)F)c1Cl,1.240049772,train,random,16,,,,
COc1ccccc1-c1cc(NC(=O)c2cccc(N3CCNC3=O)c2)[nH]n1,-0.742321425,train,random,16,,,,
Nc1ncc(-c2cccc(C(F)(F)F)c2)c(C2CCCCN2C(=O)c2ccccc2)n1,0.137354111,train,random,16,,,,
O=C(Nc1cccc(-c2nncn2C2CC2)c1)c1cc(-n2cnc(C3CC3)c2)ccn1,0.611935625,train,random,16,,,,
Fc1ccccc1-c1c[nH]nc1C1CCCN1Cc1ccc2ncccc2c1,0.460897843,train,random,16,,,,
Cc1nccc(-c2cn(Cc3ccccc3)c3cnccc23)n1,1.207445854,train,random,16,,,,
CCc1nc(C)cn2nc(-c3cc(=O)n4cc(C5CCN(C)CC5)cc(C)c4n3)cc12,0.593618308,train,random,16,,,,
Cc1c(Cl)ccc2cc3n(c12)[C@@H](C)CNC3=O,0.696793085,train,random,16,,,,
Nc1ncnc2c1c(-c1ccc(Oc3ccccc3)cc1)nn2[C@@H]1CCCNC1,0.846275242,train,random,16,,,,
Cc1nnc(CN(C)CC(C)Oc2ccc(Cl)c(Cl)c2)n1C,1.114444172,train,random,16,,,,
COc1nn(C)cc1C(=O)Nc1cccc(-c2cnc3n2CCC3)c1,0.685562611,train,random,16,,,,
COc1cc(F)ccc1-c1ncnc(Nc2cccc(C[S@@](C)(=N)=O)c2)n1,1.574609941,train,random,16,,,,
Cc1ncc(CN2CC[C@@H](Nc3cncc(Cl)n3)[C@@H](C)C2)s1,1.264227348,train,random,16,,,,
Cc1ccc(C(=O)N2CCC(Cc3ccccc3-c3ccccc3)(C(=O)N(C)C)CC2)s1,-0.590066877,train,random,16,,,,
CCc1nc2c(C)cc(N3CCN(CC(=O)N4CC(O)C4)CC3)cn2c1N(C)c1nc(-c2ccc(F)cc2)c(C#N)s1,-0.434152181,train,random,16,,,,
C[C@@H]1CCN(C(=O)CC#N)C[C@@H]1N(C)c1ncnc2[nH]ccc12,1.747124255,train,random,16,,,,
CN(C)C(=O)C1(Cc2ccccc2-c2ccccc2)CCN(C(=O)C2CCCO2)CC1,1.265713811,train,random,16,,,,
CC(=O)Nc1ccc(C(=O)N2CCCCC2c2nc(N)ncc2-c2ccc(Cl)cc2)cc1,0.549861188,train,random,16,,,,
CC(=O)Nc1ccc(C(=O)N2CCCCC2c2nc(N)ncc2-c2cccc(Cl)c2)cc1,0.584331224,train,random,16,,,,
O=C1CN(c2ccc(Nc3nccc(C(F)(F)F)n3)cn2)CCN1,1.433497815,train,random,16,,,,
O=C1NCCN(C(=O)c2ccncc2)C1c1ccccc1Cl,1.868168158,train,random,16,,,,
C[C@H]1CN(C(=O)CC(c2ccccc2)c2ccccc2)C[C@@H](C)O1,0.718335579,train,random,16,,,,
CN1[C@H]2CC[C@@H]1C[C@@H](OC(c1ccccc1)c1ccccc1)C2,1.180842415,train,random,16,,,,
OC[C@H](Nc1cncc(-c2ccc3[nH]ncc3n2)c1)c1ccccc1,1.024690862,train,random,16,,,,
Cc1ncsc1C(=O)N1CCCCC1c1nc(N(C)C)ncc1-c1cccc(Cl)c1,0.021602716,train,random,16,,,,
OCC1CCCCN1Cc1ccc(Cl)c(Cl)c1,1.484982782,train,random,16,,,,
CC(=O)N1CCN(c2nc(C(F)(F)F)nc3sc(C)c(C)c23)CC1,0.624282096,train,random,16,,,,
COc1ccccc1C(=O)Nc1ccc2cc[nH]c2c1,0.571825249,train,random,16,,,,
Cc1c(C(=O)NCCCN(C)C)sc2ncnc(Nc3ccc(F)cc3OC(C)C)c12,0.966376423,train,random,16,,,,
OCC1CCCCN1Cc1ccc(-c2ccccc2)cc1,1.394924244,train,random,16,,,,
Nc1ncc(C(=O)NC2CN(C(=O)C3CC3)C2)c2ccc(-c3cccc(F)c3)nc12,0.38219721,train,random,16,,,,
CC1(C)CC(Oc2ccc(-c3ccc(-c4cn[nH]c4)cc3O)nn2)CC(C)(C)N1,1.241969612,train,random,16,,,,
Cc1nnc(-c2ccc3occ(-c4ccc(S(C)=O)cc4)c3c2)o1,1.077985291,train,random,16,,,,
Cc1ncsc1C(=O)N1CCCCC1c1nc(N)ncc1-c1cccc(C(F)(F)F)c1,0.86254877,train,random,16,,,,
O=C(Nc1ccc2ccccc2n1)c1ccc(N2CCOC2=O)cc1,0.069298012,train,random,16,,,,
O=C(CCNC(=O)c1ccc(OC(F)(F)F)cc1)N[C@@H]1CCCc2ccccc21,0.630427875,train,random,16,,,,
C=CC(=O)Nc1cccc(Oc2nc(Nc3ccc(N4CCN(C)CC4)cc3)nc3ccoc23)c1,-0.208309351,train,random,16,,,,
CCN1CCN(S(=O)(=O)Cc2ccc(Cl)c(Cl)c2)CC1,1.071845201,train,random,16,,,,
O=C(Nc1nc2cccc(-c3ccc(CN4CCS(=O)(=O)CC4)cc3)n2n1)C1CC1,1.601853652,train,random,16,,,,
CCn1c(CO)nn(-c2cc(O[C@@H](C)C(F)(F)F)c(C(=O)Nc3c(F)cccc3Cl)cc2F)c1=O,0.876910311,train,random,16,,,,
CCN(C/C=C\c1ccc(C2CCCCC2)c(Cl)c1)C1CCCCC1,-0.266802735,train,random,16,,,,
NCCN1CCN(C/C=C/C(=O)N2CCC[C@@H](n3nc(-c4ccc(Oc5ccccc5)cc4)c4c(N)ncnc43)C2)CC1,0.686814955,train,random,16,,,,
Cn1c(C2CC2)nc2c1CCN(c1ncnc3ccsc13)C2,1.192985379,train,random,16,,,,
CC/C(=C(\c1ccccc1)c1ccc(OCCN(C)C)cc1)c1ccccc1,-0.341988603,train,random,16,,,,
COc1nn(C)cc1C(=O)Nc1cccc2cnccc12,1.58945809,train,random,16,,,,
CNC(=O)C1(Cc2ccc(-c3ccncc3)cc2)CCN(Cc2cccc(F)c2)C1,0.715167358,train,random,16,,,,
Cc1ncc(CN2CCC(Nc3ccc4nnnn4n3)C(C)C2)s1,1.579154557,train,random,16,,,,
Cc1nc(Nc2nccs2)cc(C2CN(c3ncccn3)C2)n1,0.374565061,train,random,16,,,,
COc1ccc(Nc2c(C#N)cnc3cc(OC)c(OC)cc23)cc1Cl,0.115943177,train,random,16,,,,
COc1ccc(CCCN2CCN(c3cnn(C)c3)C(=O)C2)cc1F,1.308414999,train,random,16,,,,
CN(Cc1ccccc1)C1(C(=O)N2CCNC(=O)CC2)Cc2ccccc2C1,0.912806393,train,random,16,,,,
Cc1c(F)cccc1NC(=O)CN1[C@H]2CCCC(=O)N[C@@]2(C)C[C@H]1Cc1ccccc1,0.925312092,train,random,16,,,,
CCC1=C(C)CN(C(=O)NCCc2ccc(S(=O)(=O)NC(=O)N[C@H]3CC[C@H](C)CC3)cc2)C1=O,-1.638272164,train,random,16,,,,
Cc1ccc(NC(=O)CN2[C@H]3CCCC(=O)N[C@@]3(C)C[C@H]2Cc2ccccc2)cc1F,0.360971884,train,random,16,,,,
CN(C)C(=O)C1(Cc2ccccc2-c2cccc(F)c2)CCN(C(=O)C2CC=CCC2)CC1,0.142702246,train,random,16,,,,
COCC(=O)N1CCC(Cc2ccccc2-c2cccc(F)c2)(C(=O)NC(C)C)CC1,1.076967952,train,random,16,,,,
COc1ccc(CNC(=O)c2sc3nc(C)cc(C)c3c2N)cc1,-0.18243463,train,random,16,,,,
C#C[C@@](C)(CC)NC(=O)c1cc(F)cnc1NC1CC(F)(F)C1,0.850278553,train,random,16,,,,
Cn1cc(Nc2nc(N)nc(-c3cccc(-n4ccc5cc(C6CC6)cc(F)c5c4=O)c3CO)n2)cn1,0.581038949,train,random,16,,,,
Cc1cnc(C(=O)NCCc2ccc(S(=O)(=O)NC(=O)NC3CCCCC3)cc2)cn1,-0.204119983,train,random,16,,,,
CNC(=O)C1(Cc2ccc(-c3cccnc3)cc2)CCN(Cc2ccc(F)cc2)C1,0.918868743,train,random,16,,,,
CC(=O)Nc1ncc(CN2CCCC[C@@H]2C)s1,1.923109252,train,random,16,,,,
O=C1CCCC[C@@H]2[C@H](C[C@@H](Cc3ccccc3F)N2C(=O)c2cccc3ncccc23)N1,1.348966512,train,random,16,,,,
CCOc1cc(CC(=O)N[C@@H](CC(C)C)c2ccccc2N2CCCCC2)ccc1C(=O)O,-0.063486258,train,random,16,,,,
COCCc1noc(CN2CC(c3ccccc3)(c3ccccc3)CCC2=O)n1,1.25166255,train,random,16,,,,
Cc1[nH]nc2c1C1(CCCCC1)CC(=O)N2,1.284633733,train,random,16,,,,
Cc1oc2ccccc2c1CNc1nnc(-c2ccncc2)o1,-0.172630727,train,random,16,,,,
O=C(Nc1cccc2ncccc12)[C@H]1CCCN(S(=O)(=O)c2ccccc2)C1,1.091666958,train,random,16,,,,
C[C@@H]1Cc2ccccc2N1C(=O)Cn1nc(-c2cccc3ncccc23)oc1=O,0.360404055,train,random,16,,,,
CN1C(N)=N[C@](C)(c2cc(NC(=O)c3ccc(F)cn3)ccc2F)CS1(=O)=O,1.491417728,train,random,16,,,,
CC1CN(C(=O)c2cccnc2N2CCOCC2)CC(c2ccccc2)O1,1.555686814,train,random,16,,,,
CCCCNC(=O)NS(=O)(=O)c1ccc(C)cc1,0.440121603,train,random,16,,,,
Cc1cc(Nc2cnccn2)cc(C2CCCN(CC(=O)N3CCCC3)C2)n1,1.632416797,train,random,16,,,,
Cc1cccnc1Nc1cccc(C2CCCN(CC(=O)Nc3nccs3)C2)n1,0.637289548,train,random,16,,,,
CN(C)C(=O)C1(Cc2ccccc2-c2ccccc2)CCN(C(=O)c2cnn(C)c2)CC1,1.146840934,train,random,16,,,,
CC1(C)CC(=O)C2=C(C1)NC(=O)CC2c1ccc(Br)cc1,0.944630702,train,random,16,,,,
CN1CCN(S(=O)(=O)c2ccc(-c3cnc(N)c(C(=O)Nc4cccnc4)n3)cc2)CC1,0.915558115,train,random,16,,,,
CNC(=O)C1(Cc2ccc(-c3cccnc3)cc2)CCN(Cc2ccccc2Cl)C1,0.273695588,train,random,16,,,,
Cc1cc(N2CCCC2c2cc(CCC(=O)O)cc(C)n2)ncn1,2.0,train,random,16,,,,
O=C(CN1CCCC(c2cccc(Cc3cccc(F)c3)n2)C1)N1CCCC1,0.953856298,train,random,16,,,,
Cc1cc(C)c2c(N)c(C(=O)NCc3ccc(Cl)cc3)sc2n1,-0.185752404,train,random,16,,,,
COCCNC(=O)c1ccnc(C2CCNCC2)c1,2.0,train,random,16,,,,
COc1nc2sc(C(=O)NC3CC3)c(N)c2c(C)c1Cl,0.452093249,train,random,16,,,,
CC1(CNC(=O)c2cncc(C3CCNCC3)n2)CCCO1,1.960042456,train,random,16,,,,
Cc1cc(N2CCCC2)nc(C2CCCN(C)C2)n1,1.861522463,train,random,16,,,,
O=C1NCCSc2c1sc1ccc(O)cc21,1.164679941,train,random,16,,,,
COc1cc2nc(N3CCN(C(=O)c4ccco4)CC3)nc(N)c2cc1OC,1.371880249,train,random,16,,,,
CC(CCc1ccccc1)NCC(O)c1ccc(O)c(C(N)=O)c1,1.65850745,train,random,16,,,,
N#Cc1cc(F)c(NS(=O)(=O)c2c[nH]c3cc(Cl)ccc23)cc1F,-0.251811973,train,random,16,,,,
CC(C)CC(NC(=O)C(O)C(N)Cc1ccccc1)C(=O)O,1.54052968,train,random,16,,,,
CC(C(=O)O)c1cccc(C(=O)c2ccccc2)c1,0.047274867,train,random,16,,,,
COc1cc2c(cc1OC)CN(CCc1ccc(NC(=O)c3cccc4c(O)c5cccc(OC)c5nc34)cc1)CC2,-1.292429824,train,random,16,,,,
C=CCc1ccccc1OCC(O)CNC(C)C,1.496029699,train,random,16,,,,
Nc1nc(=O)c2ncn(COCCO)c2[nH]1,1.850860573,train,random,16,,,,
NCCCC[C@H](N[C@@H](CCc1ccccc1)C(=O)O)C(=O)N1CCC[C@H]1C(=O)O,2.0,train,random,16,,,,
CCCc1nc2nc(C)c(NS(=O)(=O)c3ccc(C4CCCCC4)cc3)c(O)n2n1,-0.137272472,train,random,16,,,,
COc1ccc([C@H]2c3[nH]c4ccc(Cl)cc4c3CCN2C(=O)Oc2ccc(Cl)cc2)cc1,1.754608223,train,random,16,,,,
Cc1cccc(/C=N/Nc2cc(N3CCOCC3)nc(OCCc3ccccn3)n2)c1,-0.27572413,train,random,16,,,,
CCn1c(=O)oc2cc(NC(=O)c3ccc(C(C)(C)C)cc3)ccc21,0.180412633,train,random,16,,,,
COc1ccc(OC[C@@H]2c3cc(OC)c(OC)cc3CCN2C(=O)c2cccc(Cl)c2)cc1,0.232233521,train,random,16,,,,
CC(C)[C@H](CO)Nc1nc(Nc2cc(N)cc(Cl)c2)c2ncn(C(C)C)c2n1,-0.099086932,train,random,16,,,,
O=C(Nc1cccc2c(=O)cc(-c3nnn[nH]3)oc12)c1ccc(OCCCCc2ccccc2)cc1,0.77224834,train,random,16,,,,
CC(=O)Nc1ncc(C(=O)O)s1,1.854123782,train,random,16,,,,
Cc1cccc(-c2nc(C34CCC(C(N)=O)(CC3)CC4)[nH]c2-c2ccc3c(c2)OCO3)n1,0.21031852,train,random,16,,,,
COc1cc2nc(-c3cc(F)ccc3O)nc(N[C@@H]3CNC[C@H]3C(C)(C)O)c2cc1OC.Cl,-0.823908741,train,random,16,,,,
CC(C)[C@@](C)(O)[C@@H]1CN(c2nc(-c3n[nH]c4ncccc34)c(F)cc2Cl)CCN1,0.622421274,train,random,16,,,,
CC(C)(Oc1ccc(-c2cnc(N)c(-c3ccc(Cl)cc3)c2)cc1)C(=O)O,-1.403402904,test,random,16,0.49415311041000026,0.35934499816,0.6388251577599999,0.31974214187000016
CC#CC(=O)N[C@H]1CCCN(c2c(F)cc(C(N)=O)c3[nH]c(C)c(C)c23)C1,-0.639532816,test,random,16,1.03406548351,0.9214009847500004,0.4841929309499999,1.1375325004800003
CC(C)NCC(O)COc1cccc2ccccc12,1.347759218,test,random,16,0.9543905075900004,0.9569113702700003,1.05086414597,1.3352353083200008
C=CC(=O)N1CCC[C@@H](n2nc(-c3ccc(Oc4ccccc4)cc3)c3c(N)ncnc32)C1,-0.35853,test,random,16,0.5612910089900001,0.4800903851199997,0.4626853046400001,0.5069234683799997
CCS(=O)(=O)N1CC(CC#N)(n2cc(-c3ncnc4[nH]ccc34)cn2)C1,2.0,test,random,16,1.0255997516100006,1.0512930861300007,0.8651457222000002,1.2919200962700002
COc1ccc(S(=O)(=O)N2CCC(N3CCC(C)CC3)CC2)cc1,1.626076768,test,random,16,0.9159637793799998,1.0272705002800002,0.8876911137900002,1.3192849987000002
N#Cc1ccc2[nH]c(O)c(-c3ccc(CN4CCOCC4)cn3)c2c1,1.072507236,test,random,16,0.6577105509600003,0.6450230095900001,0.5928004287599999,1.18420334842
C=CC(=O)N1C[C@H](Nc2ncnc3[nH]ccc23)CC[C@@H]1C,1.74597993,test,random,16,1.1440411696500004,1.4208662533500003,0.6905869183999996,1.6728774358100003
O=C(c1ccc(Oc2ccccc2)cc1Cl)c1c[nH]c2ncnc(N[C@@H]3CC[C@@H](CO)OC3)c12,-0.295849483,test,random,16,0.7519641310799995,0.34942559257999994,0.4912315996199999,0.15588764619999998
C=CC(=O)Nc1cccc(Oc2nc(Nc3ccc(N4CCN(C)CC4)cc3)nc3ccsc23)c1,-0.308918508,test,random,16,0.03739723470000001,0.028762844000000024,-0.008032867250000006,-0.22274837191000008
O=C1NCCN(C(=O)c2ccc3nccn3c2)C1c1ccccc1C(F)(F)F,1.801527189,test,random,16,1.0741765667600003,0.83289306756,1.2803454913200003,1.1209458918200002
Cc1cc(F)ccc1C1C(=O)NCCN1C(=O)c1ccc2nccn2c1,1.950724994,test,random,16,0.6037811999399999,0.8517487184000001,1.3255301865900009,1.3519795025399994
CC(C)(C)C(=O)N1CCC(Cc2ccc(-c3cccs3)cc2)(C(=O)N2CCCC2)CC1,0.008174184,test,random,16,0.7831666041100002,0.46779728261000003,0.7548419191300002,0.22528712477999993
c1ccc(Oc2cccc(CN(CCN3CCOCC3)Cc3cccnc3)c2)cc1,0.142389466,test,random,16,0.57862410565,0.5405745960199999,0.89368118682,0.70313522209
COc1ccc([C@H]2CN(C(C)=O)[C@@H]3CCCN(Cc4cccc(F)c4)[C@H]23)cc1,0.594060901,test,random,16,0.7563220290400001,0.8358628995499999,0.62639338484,1.0560472343800003
O=S(=O)(c1cccc2cnccc12)N1CCCNCC1,1.844321821,test,random,16,1.02989645583,1.05987063289,1.2776200193500002,1.5209540982799998
Cc1noc(C(C)C)c1C(=O)N1CC(C)OC(c2ccccc2)C1,1.111934276,test,random,16,1.03172956902,1.08797542181,0.9697951948199998,0.8957056041200002
O=S(=O)(c1cccc2c(O)nccc12)N1CCCNCC1,1.990813743,test,random,16,0.8767124094600003,0.9536814408500007,1.0224973703000004,1.4974238037399996
CNC(=O)C1(Cc2ccc(-c3cccnc3)cc2)CCN(Cc2cccc(F)c2)C1,0.531095547,test,random,16,0.7119357677600004,0.6942634909400003,0.6978097726900004,0.7693001009600002
CC(O)(C#Cc1ccc2c(c1)N(c1nc(N)ncc1Cl)CC2)c1nccs1,0.275311355,test,random,16,0.6741067845300002,0.7018529355899998,0.9777798359600002,0.5454039587799998
Nc1ncnc2c1c(-c1cnc3[nH]ccc3c1)nn2C1CCCC1,0.780605306,test,random,16,1.067519337860001,0.8813969737900004,0.7475177074899999,0.8367882680700002
O=C(Nc1cnccc1-c1ccc(Cl)cc1)c1ccnc(NC(=O)C2CC2)c1,0.847634344,test,random,16,1.0816745347399996,0.5349208170500003,0.8455857080799999,0.53472409821
CCCNC(=O)NS(=O)(=O)c1ccc(Cl)cc1,0.628286731,test,random,16,0.3942255279400005,0.5090052344200003,0.6138098001600001,0.95931394565
COc1cc2ncnc(Nc3cccc(O)c3)c2cc1OC,0.650307523,test,random,16,0.9159906974500003,0.7266014153100001,0.37668709529,0.7555069636700003
CCn1cc(C(=O)O)c(=O)c2c(N)c(F)c(NC3CCCCC3)cc21,0.426673888,test,random,16,0.7498128221900002,0.8140484392500005,0.5450842041,0.3776121833799999
CC1(C)Cc2cc(NC(=O)c3cnn4cccnc34)c(OCC3CC3)nc2O1,0.38219721,test,random,16,0.8682288182200001,0.7856106337399998,1.07122663266,0.7793645230300001
COCCc1ccc(OCC(O)CNC(C)C)cc1,2.0,test,random,16,0.96911364718,1.2451572247700013,1.2738743054000008,1.6097616994400008
COc1cc(Cc2cnc(N)nc2N)cc(OC)c1OC,1.855513099,test,random,16,1.0233946246200005,0.8834028736600008,0.9260929299500005,1.34267886821
NC(=O)C1(Cc2ccc(-c3ccncc3)cc2)CCN(C(=O)Cc2cccc(F)c2)CC1,1.058463986,test,random,16,0.9006945013700003,0.7382345644800001,0.7602648429499997,0.7748535443299994
CC(=O)Nc1ccc(O)cc1,1.916985305,test,random,16,1.2309084940300001,1.0828735600200003,0.6140419290000001,1.5186761483600006
O=C(NC1CCNCC1)c1ccc2[nH]ncc2c1,1.92695435,test,random,16,1.2635352809600002,1.2264379466300006,0.8386426354299998,1.6751787002
N#Cc1ccc(COc2cccc(C3CCN(Cc4nc5ccc(C(=O)O)cc5n4C[C@@H]4CCO4)CC3)n2)c(F)c1,0.312177356,test,random,16,0.7502082987800002,0.20769477600999997,0.32036952999999996,0.10366382166000003
O=C(NC1CCNCC1)c1ccc2cn[nH]c2c1,1.70808081,test,random,16,1.2503397011200001,1.2469553249200007,1.11261775817,1.6579325003399998
CC(C)(C)OC(=O)N1CCCC1C(=O)N1CCC(C(=O)N[C@@H](Cc2c[nH]c3ccccc23)C(=O)O)CC1,1.842553077,test,random,16,0.77059146555,0.5917623612100001,0.91062680383,-0.03754716609000002
CCOc1cc2nn(CCC(C)(C)O)cc2cc1NC(=O)c1cccc(C(F)F)n1,0.268343914,train,random,17,,,,
CN(c1ncc(F)cn1)[C@H]1CCCNC1,2.0,train,random,17,,,,
CC(C)(Oc1ccc(-c2cnc(N)c(-c3ccc(Cl)cc3)c2)cc1)C(=O)O,-1.403402904,train,random,17,,,,
CC#CC(=O)N[C@H]1CCCN(c2c(F)cc(C(N)=O)c3[nH]c(C)c(C)c23)C1,-0.639532816,train,random,17,,,,
CC(C)NCC(O)COc1cccc2ccccc12,1.347759218,train,random,17,,,,
COc1ccc(Cl)cc1C(=O)NCCc1ccc(S(=O)(=O)NC(=O)NC2CCCCC2)cc1,-0.943095149,train,random,17,,,,
C=CC(=O)N1CCC[C@@H](n2nc(-c3ccc(Oc4ccccc4)cc3)c3c(N)ncnc32)C1,-0.35853,train,random,17,,,,
CCS(=O)(=O)N1CC(CC#N)(n2cc(-c3ncnc4[nH]ccc34)cn2)C1,2.0,train,random,17,,,,
COc1ccc(S(=O)(=O)N2CCC(N3CCC(C)CC3)CC2)cc1,1.626076768,train,random,17,,,,
CCn1c(-c2nonc2N)nc2cnc(Oc3cccc(NC(=O)c4ccc(OCCN5CCOCC5)cc4)c3)cc21,-0.325138859,train,random,17,,,,
CC1(C)CC[C@]2(NC(=O)C(C)(F)F)CC[C@]3(C)[C@H](C(=O)C=C4[C@@]3(C)CC[C@H]3C(C)(C)C(=O)C(C#N)=C[C@]43C)[C@@H]2C1,-0.055517328,train,random,17,,,,
Cc1c[nH]c2nccc(Oc3c(F)cc(Nc4cc(Cl)nc(N)n4)cc3F)c12,-0.68613278,train,random,17,,,,
COc1cc2c(cc1OC)CC(=O)N(CCCN(C)C[C@H]1Cc3cc(OC)c(OC)cc31)CC2,1.615139594,train,random,17,,,,
N#Cc1ccc2[nH]c(O)c(-c3ccc(CN4CCOCC4)cn3)c2c1,1.072507236,train,random,17,,,,
CCCc1cc(N2CCc3c(nc(C4CC4)n3C)C2)n2ncnc2n1,1.388207807,train,random,17,,,,
Nc1c(F)ccc2cnc(-n3ccc4ccncc43)cc12,0.631443769,train,random,17,,,,
C=CC(=O)N1C[C@H](Nc2ncnc3[nH]ccc23)CC[C@@H]1C,1.74597993,train,random,17,,,,
Cn1cc(Nc2nccc(N3CC4CCC(C3)N4C(=O)[C@@H]3CC3(F)F)n2)cn1,1.786412441,train,random,17,,,,
[2H]C([2H])([2H])NC(=O)c1nnc(NC(=O)C2CC2)cc1Nc1cccc(-c2ncn(C)n2)c1OC,1.236577565,train,random,17,,,,
C=CC(=O)N1CCC(CNc2ncnc(N)c2-c2ccc(Oc3ccccc3)cc2)CC1,0.901294817,train,random,17,,,,
Cc1c(-c2c(F)cc(C(N)=O)c3[nH]c4c(c23)CC[C@H](C(C)(C)O)C4)cccc1-n1c(=O)c2cccc(F)c2n(C)c1=O,0.326540669,train,random,17,,,,
O=C(c1ccc(Oc2ccccc2)cc1Cl)c1c[nH]c2ncnc(N[C@@H]3CC[C@@H](CO)OC3)c12,-0.295849483,train,random,17,,,,
C=CC(=O)Nc1cccc(Oc2nc(Nc3ccc(N4CCN(C)CC4)cc3)nc3ccsc23)c1,-0.308918508,train,random,17,,,,
CC#CC(=O)N1CC[C@@H](n2c(=O)n(-c3ccc(Oc4ccccc4)cc3)c3c(N)ncnc32)C1,0.669595781,train,random,17,,,,
C=CC(=O)N1CCC([C@@H]2CCNc3c(C(N)=O)c(-c4ccc(Oc5ccccc5)cc4)nn32)CC1,0.231979027,train,random,17,,,,
CC(C)(C=C(C#N)C(=O)N1CCC[C@@H](n2nc(-c3ccc(Oc4ccccc4)cc3F)c3c(N)ncnc32)C1)N1CCN(C2COC2)CC1,0.123198075,train,random,17,,,,
C[C@@H]1c2nnn(-c3ncc(F)cn3)c2CCN1C(=O)c1cccc(C(F)(F)F)c1Cl,1.240049772,train,random,17,,,,
COc1ccccc1-c1cc(NC(=O)c2cccc(N3CCNC3=O)c2)[nH]n1,-0.742321425,train,random,17,,,,
O=C(Nc1cccc(-c2nncn2C2CC2)c1)c1cc(-n2cnc(C3CC3)c2)ccn1,0.611935625,train,random,17,,,,
Cc1nccc(-c2cn(Cc3ccccc3)c3cnccc23)n1,1.207445854,train,random,17,,,,
CCc1nc(C)cn2nc(-c3cc(=O)n4cc(C5CCN(C)CC5)cc(C)c4n3)cc12,0.593618308,train,random,17,,,,
Cc1c(Cl)ccc2cc3n(c12)[C@@H](C)CNC3=O,0.696793085,train,random,17,,,,
Nc1ncnc2c1c(-c1ccc(Oc3ccccc3)cc1)nn2[C@@H]1CCCNC1,0.846275242,train,random,17,,,,
Cc1nnc(CN(C)CC(C)Oc2ccc(Cl)c(Cl)c2)n1C,1.114444172,train,random,17,,,,
COc1nn(C)cc1C(=O)Nc1cccc(-c2cnc3n2CCC3)c1,0.685562611,train,random,17,,,,
Cc1ncc(CN2CC[C@@H](Nc3cncc(Cl)n3)[C@@H](C)C2)s1,1.264227348,train,random,17,,,,
Cc1ccc(C(=O)N2CCC(Cc3ccccc3-c3ccccc3)(C(=O)N(C)C)CC2)s1,-0.590066877,train,random,17,,,,
CCc1nc2c(C)cc(N3CCN(CC(=O)N4CC(O)C4)CC3)cn2c1N(C)c1nc(-c2ccc(F)cc2)c(C#N)s1,-0.434152181,train,random,17,,,,
C[C@@H]1CCN(C(=O)CC#N)C[C@@H]1N(C)c1ncnc2[nH]ccc12,1.747124255,train,random,17,,,,
CN(C)C(=O)C1(Cc2ccccc2-c2ccccc2)CCN(C(=O)C2CCCO2)CC1,1.265713811,train,random,17,,,,
CC(=O)Nc1ccc(C(=O)N2CCCCC2c2nc(N)ncc2-c2cccc(Cl)c2)cc1,0.584331224,train,random,17,,,,
O=C1CN(c2ccc(Nc3nccc(C(F)(F)F)n3)cn2)CCN1,1.433497815,train,random,17,,,,
O=C1NCCN(C(=O)c2ccc3nccn3c2)C1c1ccccc1C(F)(F)F,1.801527189,train,random,17,,,,
Cc1cc(F)ccc1C1C(=O)NCCN1C(=O)c1ccc2nccn2c1,1.950724994,train,random,17,,,,
O=C1NCCN(C(=O)c2ccncc2)C1c1ccccc1Cl,1.868168158,train,random,17,,,,
C[C@H]1CN(C(=O)CC(c2ccccc2)c2ccccc2)C[C@@H](C)O1,0.718335579,train,random,17,,,,
CN1[C@H]2CC[C@@H]1C[C@@H](OC(c1ccccc1)c1ccccc1)C2,1.180842415,train,random,17,,,,
CC(C)(C)C(=O)N1CCC(Cc2ccc(-c3cccs3)cc2)(C(=O)N2CCCC2)CC1,0.008174184,train,random,17,,,,
OC[C@H](Nc1cncc(-c2ccc3[nH]ncc3n2)c1)c1ccccc1,1.024690862,train,random,17,,,,
Cc1ncsc1C(=O)N1CCCCC1c1nc(N(C)C)ncc1-c1cccc(Cl)c1,0.021602716,train,random,17,,,,
OCC1CCCCN1Cc1ccc(Cl)c(Cl)c1,1.484982782,train,random,17,,,,
CC(=O)N1CCN(c2nc(C(F)(F)F)nc3sc(C)c(C)c23)CC1,0.624282096,train,random,17,,,,
COc1ccccc1C(=O)Nc1ccc2cc[nH]c2c1,0.571825249,train,random,17,,,,
c1ccc(Oc2cccc(CN(CCN3CCOCC3)Cc3cccnc3)c2)cc1,0.142389466,train,random,17,,,,
COc1ccc([C@H]2CN(C(C)=O)[C@@H]3CCCN(Cc4cccc(F)c4)[C@H]23)cc1,0.594060901,train,random,17,,,,
Cc1c(C(=O)NCCCN(C)C)sc2ncnc(Nc3ccc(F)cc3OC(C)C)c12,0.966376423,train,random,17,,,,
OCC1CCCCN1Cc1ccc(-c2ccccc2)cc1,1.394924244,train,random,17,,,,
Nc1ncc(C(=O)NC2CN(C(=O)C3CC3)C2)c2ccc(-c3cccc(F)c3)nc12,0.38219721,train,random,17,,,,
Cc1ncsc1C(=O)N1CCCCC1c1nc(N)ncc1-c1cccc(C(F)(F)F)c1,0.86254877,train,random,17,,,,
O=C(Nc1ccc2ccccc2n1)c1ccc(N2CCOC2=O)cc1,0.069298012,train,random,17,,,,
O=C(CCNC(=O)c1ccc(OC(F)(F)F)cc1)N[C@@H]1CCCc2ccccc21,0.630427875,train,random,17,,,,
O=S(=O)(c1cccc2cnccc12)N1CCCNCC1,1.844321821,train,random,17,,,,
C=CC(=O)Nc1cccc(Oc2nc(Nc3ccc(N4CCN(C)CC4)cc3)nc3ccoc23)c1,-0.208309351,train,random,17,,,,
O=C(Nc1nc2cccc(-c3ccc(CN4CCS(=O)(=O)CC4)cc3)n2n1)C1CC1,1.601853652,train,random,17,,,,
CCn1c(CO)nn(-c2cc(O[C@@H](C)C(F)(F)F)c(C(=O)Nc3c(F)cccc3Cl)cc2F)c1=O,0.876910311,train,random,17,,,,
CCN(C/C=C\c1ccc(C2CCCCC2)c(Cl)c1)C1CCCCC1,-0.266802735,train,random,17,,,,
Cn1c(C2CC2)nc2c1CCN(c1ncnc3ccsc13)C2,1.192985379,train,random,17,,,,
COc1nn(C)cc1C(=O)Nc1cccc2cnccc12,1.58945809,train,random,17,,,,
CNC(=O)C1(Cc2ccc(-c3ccncc3)cc2)CCN(Cc2cccc(F)c2)C1,0.715167358,train,random,17,,,,
Cc1nc(Nc2nccs2)cc(C2CN(c3ncccn3)C2)n1,0.374565061,train,random,17,,,,
COc1ccc(Nc2c(C#N)cnc3cc(OC)c(OC)cc23)cc1Cl,0.115943177,train,random,17,,,,
COc1ccc(CCCN2CCN(c3cnn(C)c3)C(=O)C2)cc1F,1.308414999,train,random,17,,,,
Cc1noc(C(C)C)c1C(=O)N1CC(C)OC(c2ccccc2)C1,1.111934276,train,random,17,,,,
CN(Cc1ccccc1)C1(C(=O)N2CCNC(=O)CC2)Cc2ccccc2C1,0.912806393,train,random,17,,,,
Cc1c(F)cccc1NC(=O)CN1[C@H]2CCCC(=O)N[C@@]2(C)C[C@H]1Cc1ccccc1,0.925312092,train,random,17,,,,
O=S(=O)(c1cccc2c(O)nccc12)N1CCCNCC1,1.990813743,train,random,17,,,,
Cc1ccc(NC(=O)CN2[C@H]3CCCC(=O)N[C@@]3(C)C[C@H]2Cc2ccccc2)cc1F,0.360971884,train,random,17,,,,
CN(C)C(=O)C1(Cc2ccccc2-c2cccc(F)c2)CCN(C(=O)C2CC=CCC2)CC1,0.142702246,train,random,17,,,,
C#C[C@@](C)(CC)NC(=O)c1cc(F)cnc1NC1CC(F)(F)C1,0.850278553,train,random,17,,,,
Cn1cc(Nc2nc(N)nc(-c3cccc(-n4ccc5cc(C6CC6)cc(F)c5c4=O)c3CO)n2)cn1,0.581038949,train,random,17,,,,
Cc1cnc(C(=O)NCCc2ccc(S(=O)(=O)NC(=O)NC3CCCCC3)cc2)cn1,-0.204119983,train,random,17,,,,
CNC(=O)C1(Cc2ccc(-c3cccnc3)cc2)CCN(Cc2ccc(F)cc2)C1,0.918868743,train,random,17,,,,
CNC(=O)C1(Cc2ccc(-c3cccnc3)cc2)CCN(Cc2cccc(F)c2)C1,0.531095547,train,random,17,,,,
CC(=O)Nc1ncc(CN2CCCC[C@@H]2C)s1,1.923109252,train,random,17,,,,
CCOc1cc(CC(=O)N[C@@H](CC(C)C)c2ccccc2N2CCCCC2)ccc1C(=O)O,-0.063486258,train,random,17,,,,
CC(O)(C#Cc1ccc2c(c1)N(c1nc(N)ncc1Cl)CC2)c1nccs1,0.275311355,train,random,17,,,,
COCCc1noc(CN2CC(c3ccccc3)(c3ccccc3)CCC2=O)n1,1.25166255,train,random,17,,,,
Cc1[nH]nc2c1C1(CCCCC1)CC(=O)N2,1.284633733,train,random,17,,,,
Cc1oc2ccccc2c1CNc1nnc(-c2ccncc2)o1,-0.172630727,train,random,17,,,,
O=C(Nc1cccc2ncccc12)[C@H]1CCCN(S(=O)(=O)c2ccccc2)C1,1.091666958,train,random,17,,,,
C[C@@H]1Cc2ccccc2N1C(=O)Cn1nc(-c2cccc3ncccc23)oc1=O,0.360404055,train,random,17,,,,
Nc1ncnc2c1c(-c1cnc3[nH]ccc3c1)nn2C1CCCC1,0.780605306,train,random,17,,,,
O=C(Nc1cnccc1-c1ccc(Cl)cc1)c1ccnc(NC(=O)C2CC2)c1,0.847634344,train,random,17,,,,
CN1C(N)=N[C@](C)(c2cc(NC(=O)c3ccc(F)cn3)ccc2F)CS1(=O)=O,1.491417728,train,random,17,,,,
CC1CN(C(=O)c2cccnc2N2CCOCC2)CC(c2ccccc2)O1,1.555686814,train,random,17,,,,
CCCCNC(=O)NS(=O)(=O)c1ccc(C)cc1,0.440121603,train,random,17,,,,
Cc1cc(Nc2cnccn2)cc(C2CCCN(CC(=O)N3CCCC3)C2)n1,1.632416797,train,random,17,,,,
CN(C)C(=O)C1(Cc2ccccc2-c2ccccc2)CCN(C(=O)c2cnn(C)c2)CC1,1.146840934,train,random,17,,,,
CN1CCN(S(=O)(=O)c2ccc(-c3cnc(N)c(C(=O)Nc4cccnc4)n3)cc2)CC1,0.915558115,train,random,17,,,,
CNC(=O)C1(Cc2ccc(-c3cccnc3)cc2)CCN(Cc2ccccc2Cl)C1,0.273695588,train,random,17,,,,
Cc1cc(N2CCCC2c2cc(CCC(=O)O)cc(C)n2)ncn1,2.0,train,random,17,,,,
CCCNC(=O)NS(=O)(=O)c1ccc(Cl)cc1,0.628286731,train,random,17,,,,
O=C(CN1CCCC(c2cccc(Cc3cccc(F)c3)n2)C1)N1CCCC1,0.953856298,train,random,17,,,,
COc1cc2ncnc(Nc3cccc(O)c3)c2cc1OC,0.650307523,train,random,17,,,,
Cc1cc(C)c2c(N)c(C(=O)NCc3ccc(Cl)cc3)sc2n1,-0.185752404,train,random,17,,,,
COc1nc2sc(C(=O)NC3CC3)c(N)c2c(C)c1Cl,0.452093249,train,random,17,,,,
Cc1cc(N2CCCC2)nc(C2CCCN(C)C2)n1,1.861522463,train,random,17,,,,
O=C1NCCSc2c1sc1ccc(O)cc21,1.164679941,train,random,17,,,,
CCn1cc(C(=O)O)c(=O)c2c(N)c(F)c(NC3CCCCC3)cc21,0.426673888,train,random,17,,,,
COc1cc2nc(N3CCN(C(=O)c4ccco4)CC3)nc(N)c2cc1OC,1.371880249,train,random,17,,,,
CC(CCc1ccccc1)NCC(O)c1ccc(O)c(C(N)=O)c1,1.65850745,train,random,17,,,,
CC1(C)Cc2cc(NC(=O)c3cnn4cccnc34)c(OCC3CC3)nc2O1,0.38219721,train,random,17,,,,
N#Cc1cc(F)c(NS(=O)(=O)c2c[nH]c3cc(Cl)ccc23)cc1F,-0.251811973,train,random,17,,,,
CC(C)CC(NC(=O)C(O)C(N)Cc1ccccc1)C(=O)O,1.54052968,train,random,17,,,,
COCCc1ccc(OCC(O)CNC(C)C)cc1,2.0,train,random,17,,,,
COc1cc(Cc2cnc(N)nc2N)cc(OC)c1OC,1.855513099,train,random,17,,,,
CC(C(=O)O)c1cccc(C(=O)c2ccccc2)c1,0.047274867,train,random,17,,,,
C=CCc1ccccc1OCC(O)CNC(C)C,1.496029699,train,random,17,,,,
Nc1nc(=O)c2ncn(COCCO)c2[nH]1,1.850860573,train,random,17,,,,
NCCCC[C@H](N[C@@H](CCc1ccccc1)C(=O)O)C(=O)N1CCC[C@H]1C(=O)O,2.0,train,random,17,,,,
CCCc1nc2nc(C)c(NS(=O)(=O)c3ccc(C4CCCCC4)cc3)c(O)n2n1,-0.137272472,train,random,17,,,,
COc1ccc([C@H]2c3[nH]c4ccc(Cl)cc4c3CCN2C(=O)Oc2ccc(Cl)cc2)cc1,1.754608223,train,random,17,,,,
NC(=O)C1(Cc2ccc(-c3ccncc3)cc2)CCN(C(=O)Cc2cccc(F)c2)CC1,1.058463986,train,random,17,,,,
CC(=O)Nc1ccc(O)cc1,1.916985305,train,random,17,,,,
O=C(NC1CCNCC1)c1ccc2[nH]ncc2c1,1.92695435,train,random,17,,,,
COc1ccc(OC[C@@H]2c3cc(OC)c(OC)cc3CCN2C(=O)c2cccc(Cl)c2)cc1,0.232233521,train,random,17,,,,
N#Cc1ccc(COc2cccc(C3CCN(Cc4nc5ccc(C(=O)O)cc5n4C[C@@H]4CCO4)CC3)n2)c(F)c1,0.312177356,train,random,17,,,,
CC(C)[C@H](CO)Nc1nc(Nc2cc(N)cc(Cl)c2)c2ncn(C(C)C)c2n1,-0.099086932,train,random,17,,,,
O=C(NC1CCNCC1)c1ccc2cn[nH]c2c1,1.70808081,train,random,17,,,,
CC(C)(C)OC(=O)N1CCCC1C(=O)N1CCC(C(=O)N[C@@H](Cc2c[nH]c3ccccc23)C(=O)O)CC1,1.842553077,train,random,17,,,,
O=C(Nc1cccc2c(=O)cc(-c3nnn[nH]3)oc12)c1ccc(OCCCCc2ccccc2)cc1,0.77224834,train,random,17,,,,
CC(=O)Nc1ncc(C(=O)O)s1,1.854123782,train,random,17,,,,
Cc1cccc(-c2nc(C34CCC(C(N)=O)(CC3)CC4)[nH]c2-c2ccc3c(c2)OCO3)n1,0.21031852,train,random,17,,,,
CC(C)[C@@](C)(O)[C@@H]1CN(c2nc(-c3n[nH]c4ncccc34)c(F)cc2Cl)CCN1,0.622421274,train,random,17,,,,
CNc1cc(Nc2cccn(-c3ccccn3)c2=O)nn2c(C(=O)N[C@@H]3C[C@@H]3F)cnc12,0.51851394,test,random,17,0.8457694852900004,0.7379167060900003,0.7292933450200003,0.8196940637500005
CC(C)(O)CCn1cc2cc(NC(=O)c3cccc(C(F)(F)F)n3)c(C(C)(C)O)cc2n1,1.092264361,test,random,17,0.5518514173400001,0.37788063667000005,0.40095713792,0.31540698004000006
CC(C)NC(=O)COc1cccc(-c2nc(Nc3ccc4[nH]ncc4c3)c3ccccc3n2)c1,-0.504455662,test,random,17,0.8132307318900002,0.22760017442000002,0.5405102085900003,0.09985794549999998
Fc1ccc(-c2ccc3c(c2)[nH]c2ccncc23)cn1,0.640978057,test,random,17,1.0051738953400007,0.7412547593599997,0.7065458117200002,0.4341540785399997
Nc1n[nH]cc1-c1cc(Cl)ccc1Oc1cc(F)c(S(=O)(=O)Nc2cscn2)cc1Cl,-0.08249449,test,random,17,0.06605882092000002,0.08230047887000001,0.33012575689,-0.03869088005000001
Cn1cc(-c2cn3nccc3c(-c3cnn([C@]4(CC#N)C[C@@H](C#N)C4)c3)n2)cn1,1.364100521,test,random,17,0.5301543519499999,0.9217056777800005,0.82377178755,1.2311079209900009
O=C(Nc1cccnc1)c1ccnc(NC(=O)C2CC2)c1,1.615287063,test,random,17,0.81240029769,0.9381611193900004,1.2891029625300003,1.2633284920099999
N#CC[C@H](C1CCCC1)n1cc(-c2ncnc3[nH]ccc23)cn1,1.244598701,test,random,17,1.6407074388200003,1.2672683625700005,0.9319151630700003,0.9327106873600003
CC(C)(C)c1ccc(-c2nc3n(c(=O)c2C#N)CCS3)cc1,0.455758203,test,random,17,1.1257240197199998,0.85452553206,0.57934003286,0.62939335285
C=CC(=O)N1CCC[C@H](n2c(=O)n(-c3ccc(Oc4ccccc4)cc3)c3c(N)ncnc32)C1,0.276231958,test,random,17,0.5325881873499996,0.46384871444999987,0.33524258489999986,0.44759198564999997
CC#CC(=O)N1CC[C@@H](n2cc(-c3ccc(Oc4c(F)cccc4F)cc3)c3c(N)n[nH]c(=O)c32)C1,-0.029188389,test,random,17,0.66692007103,0.2540304347199999,0.14775463797999996,0.10551683434999994
C=CC(=O)Nc1cccc(Oc2nc(Nc3ccc(N4CCN(C)CC4)c(F)c3)nc3[nH]ccc23)c1,-0.139063379,test,random,17,0.1810038549,-0.044955630510000004,0.25283834551000006,-0.011496782180000005
Nc1ncc(-c2cccc(C(F)(F)F)c2)c(C2CCCCN2C(=O)c2ccccc2)n1,0.137354111,test,random,17,0.7495204823399995,0.7625082916900001,0.6799215931699999,0.5384423526399998
Fc1ccccc1-c1c[nH]nc1C1CCCN1Cc1ccc2ncccc2c1,0.460897843,test,random,17,0.8416508119199999,0.8359239331100002,0.9468839701999998,0.6084542736499996
COc1cc(F)ccc1-c1ncnc(Nc2cccc(C[S@@](C)(=N)=O)c2)n1,1.574609941,test,random,17,0.6546651111000001,0.7286297731800001,0.7137204397900001,0.24921778070000006
CC(=O)Nc1ccc(C(=O)N2CCCCC2c2nc(N)ncc2-c2ccc(Cl)cc2)cc1,0.549861188,test,random,17,1.1822705478300002,0.5701787103800006,0.6326100845800003,0.4910420233100005
CC1(C)CC(Oc2ccc(-c3ccc(-c4cn[nH]c4)cc3O)nn2)CC(C)(C)N1,1.241969612,test,random,17,1.0254809818600006,0.6779133129699999,0.47068079554000014,0.56539692802
Cc1nnc(-c2ccc3occ(-c4ccc(S(C)=O)cc4)c3c2)o1,1.077985291,test,random,17,0.7204396466600003,0.43858367073000015,0.45230980582000024,0.24572316224000004
CCN1CCN(S(=O)(=O)Cc2ccc(Cl)c(Cl)c2)CC1,1.071845201,test,random,17,1.0763300341700006,1.3732688659200005,0.74067484446,1.4817798406099996
NCCN1CCN(C/C=C/C(=O)N2CCC[C@@H](n3nc(-c4ccc(Oc5ccccc5)cc4)c4c(N)ncnc43)C2)CC1,0.686814955,test,random,17,0.14075311404000007,0.2767461588100001,0.21835091704000006,0.37178454276000006
CC/C(=C(\c1ccccc1)c1ccc(OCCN(C)C)cc1)c1ccccc1,-0.341988603,test,random,17,1.08169293046,0.39229408895999995,0.70500679354,0.3664700654599999
Cc1ncc(CN2CCC(Nc3ccc4nnnn4n3)C(C)C2)s1,1.579154557,test,random,17,1.159675164390001,1.254737140000001,1.2447912159500008,1.5172272286500001
CCC1=C(C)CN(C(=O)NCCc2ccc(S(=O)(=O)NC(=O)N[C@H]3CC[C@H](C)CC3)cc2)C1=O,-1.638272164,test,random,17,0.5601652487800005,0.8036836902800002,0.7031242995800001,0.3295692592900001
COCC(=O)N1CCC(Cc2ccccc2-c2cccc(F)c2)(C(=O)NC(C)C)CC1,1.076967952,test,random,17,0.6016581588000001,0.6240152353599998,0.5957143998000001,0.6531157747299998
COc1ccc(CNC(=O)c2sc3nc(C)cc(C)c3c2N)cc1,-0.18243463,test,random,17,0.4277450770400003,0.33907808575000004,0.4134917342400001,0.34971569780000017
O=C1CCCC[C@@H]2[C@H](C[C@@H](Cc3ccccc3F)N2C(=O)c2cccc3ncccc23)N1,1.348966512,test,random,17,0.70123877643,0.67462536137,1.0543558670100004,0.5130489355100001
Cc1cccnc1Nc1cccc(C2CCCN(CC(=O)Nc3nccs3)C2)n1,0.637289548,test,random,17,0.7450873746899999,0.7510319481600001,1.0320748425300008,0.5176521610700001
CC1(C)CC(=O)C2=C(C1)NC(=O)CC2c1ccc(Br)cc1,0.944630702,test,random,17,1.5333822777900001,0.8352804547799998,0.8649453553700003,0.6624249543100003
COCCNC(=O)c1ccnc(C2CCNCC2)c1,2.0,test,random,17,1.2047460890000006,1.4583935299700004,1.21309308747,1.6584519148399999
CC1(CNC(=O)c2cncc(C3CCNCC3)n2)CCCO1,1.960042456,test,random,17,1.4732824082900005,1.5121299588800001,1.4253960412000009,1.65816195905
COc1cc2c(cc1OC)CN(CCc1ccc(NC(=O)c3cccc4c(O)c5cccc(OC)c5nc34)cc1)CC2,-1.292429824,test,random,17,0.79324180109,0.37053072269,0.4330109368799999,0.027589783729999984
Cc1cccc(/C=N/Nc2cc(N3CCOCC3)nc(OCCc3ccccn3)n2)c1,-0.27572413,test,random,17,0.7863673928199998,0.61991344409,0.7585094421099998,0.5279171068899999
CCn1c(=O)oc2cc(NC(=O)c3ccc(C(C)(C)C)cc3)ccc21,0.180412633,test,random,17,1.0711192442800002,0.55466553763,0.63944635187,0.3493431986000002
COc1cc2nc(-c3cc(F)ccc3O)nc(N[C@@H]3CNC[C@H]3C(C)(C)O)c2cc1OC.Cl,-0.823908741,test,random,17,1.0289227113600001,0.38727256917999986,0.44222292174999994,0.4541867763299999
CNc1cc(Nc2cccn(-c3ccccn3)c2=O)nn2c(C(=O)N[C@@H]3C[C@@H]3F)cnc12,0.51851394,train,random,18,,,,
CN(c1ncc(F)cn1)[C@H]1CCCNC1,2.0,train,random,18,,,,
CC(C)(Oc1ccc(-c2cnc(N)c(-c3ccc(Cl)cc3)c2)cc1)C(=O)O,-1.403402904,train,random,18,,,,
CC(C)(O)CCn1cc2cc(NC(=O)c3cccc(C(F)(F)F)n3)c(C(C)(C)O)cc2n1,1.092264361,train,random,18,,,,
CC#CC(=O)N[C@H]1CCCN(c2c(F)cc(C(N)=O)c3[nH]c(C)c(C)c23)C1,-0.639532816,train,random,18,,,,
CC(C)NCC(O)COc1cccc2ccccc12,1.347759218,train,random,18,,,,
COc1ccc(Cl)cc1C(=O)NCCc1ccc(S(=O)(=O)NC(=O)NC2CCCCC2)cc1,-0.943095149,train,random,18,,,,
C=CC(=O)N1CCC[C@@H](n2nc(-c3ccc(Oc4ccccc4)cc3)c3c(N)ncnc32)C1,-0.35853,train,random,18,,,,
CC(C)NC(=O)COc1cccc(-c2nc(Nc3ccc4[nH]ncc4c3)c3ccccc3n2)c1,-0.504455662,train,random,18,,,,
CCS(=O)(=O)N1CC(CC#N)(n2cc(-c3ncnc4[nH]ccc34)cn2)C1,2.0,train,random,18,,,,
COc1ccc(S(=O)(=O)N2CCC(N3CCC(C)CC3)CC2)cc1,1.626076768,train,random,18,,,,
CC1(C)CC[C@]2(NC(=O)C(C)(F)F)CC[C@]3(C)[C@H](C(=O)C=C4[C@@]3(C)CC[C@H]3C(C)(C)C(=O)C(C#N)=C[C@]43C)[C@@H]2C1,-0.055517328,train,random,18,,,,
Cc1c[nH]c2nccc(Oc3c(F)cc(Nc4cc(Cl)nc(N)n4)cc3F)c12,-0.68613278,train,random,18,,,,
COc1cc2c(cc1OC)CC(=O)N(CCCN(C)C[C@H]1Cc3cc(OC)c(OC)cc31)CC2,1.615139594,train,random,18,,,,
N#Cc1ccc2[nH]c(O)c(-c3ccc(CN4CCOCC4)cn3)c2c1,1.072507236,train,random,18,,,,
CCCc1cc(N2CCc3c(nc(C4CC4)n3C)C2)n2ncnc2n1,1.388207807,train,random,18,,,,
Fc1ccc(-c2ccc3c(c2)[nH]c2ccncc23)cn1,0.640978057,train,random,18,,,,
C=CC(=O)N1C[C@H](Nc2ncnc3[nH]ccc23)CC[C@@H]1C,1.74597993,train,random,18,,,,
Cn1cc(Nc2nccc(N3CC4CCC(C3)N4C(=O)[C@@H]3CC3(F)F)n2)cn1,1.786412441,train,random,18,,,,
[2H]C([2H])([2H])NC(=O)c1nnc(NC(=O)C2CC2)cc1Nc1cccc(-c2ncn(C)n2)c1OC,1.236577565,train,random,18,,,,
Nc1n[nH]cc1-c1cc(Cl)ccc1Oc1cc(F)c(S(=O)(=O)Nc2cscn2)cc1Cl,-0.08249449,train,random,18,,,,
Cc1c(-c2c(F)cc(C(N)=O)c3[nH]c4c(c23)CC[C@H](C(C)(C)O)C4)cccc1-n1c(=O)c2cccc(F)c2n(C)c1=O,0.326540669,train,random,18,,,,
Cn1cc(-c2cn3nccc3c(-c3cnn([C@]4(CC#N)C[C@@H](C#N)C4)c3)n2)cn1,1.364100521,train,random,18,,,,
O=C(Nc1cccnc1)c1ccnc(NC(=O)C2CC2)c1,1.615287063,train,random,18,,,,
O=C(c1ccc(Oc2ccccc2)cc1Cl)c1c[nH]c2ncnc(N[C@@H]3CC[C@@H](CO)OC3)c12,-0.295849483,train,random,18,,,,
N#CC[C@H](C1CCCC1)n1cc(-c2ncnc3[nH]ccc23)cn1,1.244598701,train,random,18,,,,
CC(C)(C)c1ccc(-c2nc3n(c(=O)c2C#N)CCS3)cc1,0.455758203,train,random,18,,,,
C=CC(=O)Nc1cccc(Oc2nc(Nc3ccc(N4CCN(C)CC4)cc3)nc3ccsc23)c1,-0.308918508,train,random,18,,,,
CC#CC(=O)N1CC[C@@H](n2c(=O)n(-c3ccc(Oc4ccccc4)cc3)c3c(N)ncnc32)C1,0.669595781,train,random,18,,,,
C=CC(=O)N1CCC[C@H](n2c(=O)n(-c3ccc(Oc4ccccc4)cc3)c3c(N)ncnc32)C1,0.276231958,train,random,18,,,,
CC#CC(=O)N1CC[C@@H](n2cc(-c3ccc(Oc4c(F)cccc4F)cc3)c3c(N)n[nH]c(=O)c32)C1,-0.029188389,train,random,18,,,,
C=CC(=O)Nc1cccc(Oc2nc(Nc3ccc(N4CCN(C)CC4)c(F)c3)nc3[nH]ccc23)c1,-0.139063379,train,random,18,,,,
C[C@@H]1c2nnn(-c3ncc(F)cn3)c2CCN1C(=O)c1cccc(C(F)(F)F)c1Cl,1.240049772,train,random,18,,,,
COc1ccccc1-c1cc(NC(=O)c2cccc(N3CCNC3=O)c2)[nH]n1,-0.742321425,train,random,18,,,,
Nc1ncc(-c2cccc(C(F)(F)F)c2)c(C2CCCCN2C(=O)c2ccccc2)n1,0.137354111,train,random,18,,,,
O=C(Nc1cccc(-c2nncn2C2CC2)c1)c1cc(-n2cnc(C3CC3)c2)ccn1,0.611935625,train,random,18,,,,
Fc1ccccc1-c1c[nH]nc1C1CCCN1Cc1ccc2ncccc2c1,0.460897843,train,random,18,,,,
Cc1nccc(-c2cn(Cc3ccccc3)c3cnccc23)n1,1.207445854,train,random,18,,,,
CCc1nc(C)cn2nc(-c3cc(=O)n4cc(C5CCN(C)CC5)cc(C)c4n3)cc12,0.593618308,train,random,18,,,,
Cc1c(Cl)ccc2cc3n(c12)[C@@H](C)CNC3=O,0.696793085,train,random,18,,,,
Nc1ncnc2c1c(-c1ccc(Oc3ccccc3)cc1)nn2[C@@H]1CCCNC1,0.846275242,train,random,18,,,,
Cc1nnc(CN(C)CC(C)Oc2ccc(Cl)c(Cl)c2)n1C,1.114444172,train,random,18,,,,
COc1cc(F)ccc1-c1ncnc(Nc2cccc(C[S@@](C)(=N)=O)c2)n1,1.574609941,train,random,18,,,,
Cc1ncc(CN2CC[C@@H](Nc3cncc(Cl)n3)[C@@H](C)C2)s1,1.264227348,train,random,18,,,,
CCc1nc2c(C)cc(N3CCN(CC(=O)N4CC(O)C4)CC3)cn2c1N(C)c1nc(-c2ccc(F)cc2)c(C#N)s1,-0.434152181,train,random,18,,,,
C[C@@H]1CCN(C(=O)CC#N)C[C@@H]1N(C)c1ncnc2[nH]ccc12,1.747124255,train,random,18,,,,
CC(=O)Nc1ccc(C(=O)N2CCCCC2c2nc(N)ncc2-c2ccc(Cl)cc2)cc1,0.549861188,train,random,18,,,,
CC(=O)Nc1ccc(C(=O)N2CCCCC2c2nc(N)ncc2-c2cccc(Cl)c2)cc1,0.584331224,train,random,18,,,,
O=C1NCCN(C(=O)c2ccc3nccn3c2)C1c1ccccc1C(F)(F)F,1.801527189,train,random,18,,,,
Cc1cc(F)ccc1C1C(=O)NCCN1C(=O)c1ccc2nccn2c1,1.950724994,train,random,18,,,,
CN1[C@H]2CC[C@@H]1C[C@@H](OC(c1ccccc1)c1ccccc1)C2,1.180842415,train,random,18,,,,
CC(C)(C)C(=O)N1CCC(Cc2ccc(-c3cccs3)cc2)(C(=O)N2CCCC2)CC1,0.008174184,train,random,18,,,,
OC[C@H](Nc1cncc(-c2ccc3[nH]ncc3n2)c1)c1ccccc1,1.024690862,train,random,18,,,,
OCC1CCCCN1Cc1ccc(Cl)c(Cl)c1,1.484982782,train,random,18,,,,
CC(=O)N1CCN(c2nc(C(F)(F)F)nc3sc(C)c(C)c23)CC1,0.624282096,train,random,18,,,,
COc1ccccc1C(=O)Nc1ccc2cc[nH]c2c1,0.571825249,train,random,18,,,,
c1ccc(Oc2cccc(CN(CCN3CCOCC3)Cc3cccnc3)c2)cc1,0.142389466,train,random,18,,,,
COc1ccc([C@H]2CN(C(C)=O)[C@@H]3CCCN(Cc4cccc(F)c4)[C@H]23)cc1,0.594060901,train,random,18,,,,
Cc1c(C(=O)NCCCN(C)C)sc2ncnc(Nc3ccc(F)cc3OC(C)C)c12,0.966376423,train,random,18,,,,
OCC1CCCCN1Cc1ccc(-c2ccccc2)cc1,1.394924244,train,random,18,,,,
Nc1ncc(C(=O)NC2CN(C(=O)C3CC3)C2)c2ccc(-c3cccc(F)c3)nc12,0.38219721,train,random,18,,,,
CC1(C)CC(Oc2ccc(-c3ccc(-c4cn[nH]c4)cc3O)nn2)CC(C)(C)N1,1.241969612,train,random,18,,,,
Cc1nnc(-c2ccc3occ(-c4ccc(S(C)=O)cc4)c3c2)o1,1.077985291,train,random,18,,,,
O=C(Nc1ccc2ccccc2n1)c1ccc(N2CCOC2=O)cc1,0.069298012,train,random,18,,,,
O=C(CCNC(=O)c1ccc(OC(F)(F)F)cc1)N[C@@H]1CCCc2ccccc21,0.630427875,train,random,18,,,,
O=S(=O)(c1cccc2cnccc12)N1CCCNCC1,1.844321821,train,random,18,,,,
C=CC(=O)Nc1cccc(Oc2nc(Nc3ccc(N4CCN(C)CC4)cc3)nc3ccoc23)c1,-0.208309351,train,random,18,,,,
CCN1CCN(S(=O)(=O)Cc2ccc(Cl)c(Cl)c2)CC1,1.071845201,train,random,18,,,,
O=C(Nc1nc2cccc(-c3ccc(CN4CCS(=O)(=O)CC4)cc3)n2n1)C1CC1,1.601853652,train,random,18,,,,
CCn1c(CO)nn(-c2cc(O[C@@H](C)C(F)(F)F)c(C(=O)Nc3c(F)cccc3Cl)cc2F)c1=O,0.876910311,train,random,18,,,,
NCCN1CCN(C/C=C/C(=O)N2CCC[C@@H](n3nc(-c4ccc(Oc5ccccc5)cc4)c4c(N)ncnc43)C2)CC1,0.686814955,train,random,18,,,,
Cn1c(C2CC2)nc2c1CCN(c1ncnc3ccsc13)C2,1.192985379,train,random,18,,,,
CC/C(=C(\c1ccccc1)c1ccc(OCCN(C)C)cc1)c1ccccc1,-0.341988603,train,random,18,,,,
COc1nn(C)cc1C(=O)Nc1cccc2cnccc12,1.58945809,train,random,18,,,,
CNC(=O)C1(Cc2ccc(-c3ccncc3)cc2)CCN(Cc2cccc(F)c2)C1,0.715167358,train,random,18,,,,
Cc1ncc(CN2CCC(Nc3ccc4nnnn4n3)C(C)C2)s1,1.579154557,train,random,18,,,,
Cc1noc(C(C)C)c1C(=O)N1CC(C)OC(c2ccccc2)C1,1.111934276,train,random,18,,,,
CN(Cc1ccccc1)C1(C(=O)N2CCNC(=O)CC2)Cc2ccccc2C1,0.912806393,train,random,18,,,,
Cc1c(F)cccc1NC(=O)CN1[C@H]2CCCC(=O)N[C@@]2(C)C[C@H]1Cc1ccccc1,0.925312092,train,random,18,,,,
CCC1=C(C)CN(C(=O)NCCc2ccc(S(=O)(=O)NC(=O)N[C@H]3CC[C@H](C)CC3)cc2)C1=O,-1.638272164,train,random,18,,,,
O=S(=O)(c1cccc2c(O)nccc12)N1CCCNCC1,1.990813743,train,random,18,,,,
CN(C)C(=O)C1(Cc2ccccc2-c2cccc(F)c2)CCN(C(=O)C2CC=CCC2)CC1,0.142702246,train,random,18,,,,
COCC(=O)N1CCC(Cc2ccccc2-c2cccc(F)c2)(C(=O)NC(C)C)CC1,1.076967952,train,random,18,,,,
COc1ccc(CNC(=O)c2sc3nc(C)cc(C)c3c2N)cc1,-0.18243463,train,random,18,,,,
Cc1cnc(C(=O)NCCc2ccc(S(=O)(=O)NC(=O)NC3CCCCC3)cc2)cn1,-0.204119983,train,random,18,,,,
CNC(=O)C1(Cc2ccc(-c3cccnc3)cc2)CCN(Cc2ccc(F)cc2)C1,0.918868743,train,random,18,,,,
CNC(=O)C1(Cc2ccc(-c3cccnc3)cc2)CCN(Cc2cccc(F)c2)C1,0.531095547,train,random,18,,,,
CC(=O)Nc1ncc(CN2CCCC[C@@H]2C)s1,1.923109252,train,random,18,,,,
O=C1CCCC[C@@H]2[C@H](C[C@@H](Cc3ccccc3F)N2C(=O)c2cccc3ncccc23)N1,1.348966512,train,random,18,,,,
CCOc1cc(CC(=O)N[C@@H](CC(C)C)c2ccccc2N2CCCCC2)ccc1C(=O)O,-0.063486258,train,random,18,,,,
CC(O)(C#Cc1ccc2c(c1)N(c1nc(N)ncc1Cl)CC2)c1nccs1,0.275311355,train,random,18,,,,
Cc1[nH]nc2c1C1(CCCCC1)CC(=O)N2,1.284633733,train,random,18,,,,
O=C(Nc1cccc2ncccc12)[C@H]1CCCN(S(=O)(=O)c2ccccc2)C1,1.091666958,train,random,18,,,,
C[C@@H]1Cc2ccccc2N1C(=O)Cn1nc(-c2cccc3ncccc23)oc1=O,0.360404055,train,random,18,,,,
Nc1ncnc2c1c(-c1cnc3[nH]ccc3c1)nn2C1CCCC1,0.780605306,train,random,18,,,,
O=C(Nc1cnccc1-c1ccc(Cl)cc1)c1ccnc(NC(=O)C2CC2)c1,0.847634344,train,random,18,,,,
CN1C(N)=N[C@](C)(c2cc(NC(=O)c3ccc(F)cn3)ccc2F)CS1(=O)=O,1.491417728,train,random,18,,,,
CC1CN(C(=O)c2cccnc2N2CCOCC2)CC(c2ccccc2)O1,1.555686814,train,random,18,,,,
CCCCNC(=O)NS(=O)(=O)c1ccc(C)cc1,0.440121603,train,random,18,,,,
Cc1cc(Nc2cnccn2)cc(C2CCCN(CC(=O)N3CCCC3)C2)n1,1.632416797,train,random,18,,,,
Cc1cccnc1Nc1cccc(C2CCCN(CC(=O)Nc3nccs3)C2)n1,0.637289548,train,random,18,,,,
CN(C)C(=O)C1(Cc2ccccc2-c2ccccc2)CCN(C(=O)c2cnn(C)c2)CC1,1.146840934,train,random,18,,,,
CC1(C)CC(=O)C2=C(C1)NC(=O)CC2c1ccc(Br)cc1,0.944630702,train,random,18,,,,
CN1CCN(S(=O)(=O)c2ccc(-c3cnc(N)c(C(=O)Nc4cccnc4)n3)cc2)CC1,0.915558115,train,random,18,,,,
CNC(=O)C1(Cc2ccc(-c3cccnc3)cc2)CCN(Cc2ccccc2Cl)C1,0.273695588,train,random,18,,,,
CCCNC(=O)NS(=O)(=O)c1ccc(Cl)cc1,0.628286731,train,random,18,,,,
O=C(CN1CCCC(c2cccc(Cc3cccc(F)c3)n2)C1)N1CCCC1,0.953856298,train,random,18,,,,
COc1cc2ncnc(Nc3cccc(O)c3)c2cc1OC,0.650307523,train,random,18,,,,
COCCNC(=O)c1ccnc(C2CCNCC2)c1,2.0,train,random,18,,,,
COc1nc2sc(C(=O)NC3CC3)c(N)c2c(C)c1Cl,0.452093249,train,random,18,,,,
CC1(CNC(=O)c2cncc(C3CCNCC3)n2)CCCO1,1.960042456,train,random,18,,,,
Cc1cc(N2CCCC2)nc(C2CCCN(C)C2)n1,1.861522463,train,random,18,,,,
O=C1NCCSc2c1sc1ccc(O)cc21,1.164679941,train,random,18,,,,
CCn1cc(C(=O)O)c(=O)c2c(N)c(F)c(NC3CCCCC3)cc21,0.426673888,train,random,18,,,,
CC(CCc1ccccc1)NCC(O)c1ccc(O)c(C(N)=O)c1,1.65850745,train,random,18,,,,
CC1(C)Cc2cc(NC(=O)c3cnn4cccnc34)c(OCC3CC3)nc2O1,0.38219721,train,random,18,,,,
CC(C)CC(NC(=O)C(O)C(N)Cc1ccccc1)C(=O)O,1.54052968,train,random,18,,,,
COCCc1ccc(OCC(O)CNC(C)C)cc1,2.0,train,random,18,,,,
COc1cc(Cc2cnc(N)nc2N)cc(OC)c1OC,1.855513099,train,random,18,,,,
CC(C(=O)O)c1cccc(C(=O)c2ccccc2)c1,0.047274867,train,random,18,,,,
COc1cc2c(cc1OC)CN(CCc1ccc(NC(=O)c3cccc4c(O)c5cccc(OC)c5nc34)cc1)CC2,-1.292429824,train,random,18,,,,
NCCCC[C@H](N[C@@H](CCc1ccccc1)C(=O)O)C(=O)N1CCC[C@H]1C(=O)O,2.0,train,random,18,,,,
CCCc1nc2nc(C)c(NS(=O)(=O)c3ccc(C4CCCCC4)cc3)c(O)n2n1,-0.137272472,train,random,18,,,,
COc1ccc([C@H]2c3[nH]c4ccc(Cl)cc4c3CCN2C(=O)Oc2ccc(Cl)cc2)cc1,1.754608223,train,random,18,,,,
NC(=O)C1(Cc2ccc(-c3ccncc3)cc2)CCN(C(=O)Cc2cccc(F)c2)CC1,1.058463986,train,random,18,,,,
CC(=O)Nc1ccc(O)cc1,1.916985305,train,random,18,,,,
O=C(NC1CCNCC1)c1ccc2[nH]ncc2c1,1.92695435,train,random,18,,,,
Cc1cccc(/C=N/Nc2cc(N3CCOCC3)nc(OCCc3ccccn3)n2)c1,-0.27572413,train,random,18,,,,
CCn1c(=O)oc2cc(NC(=O)c3ccc(C(C)(C)C)cc3)ccc21,0.180412633,train,random,18,,,,
N#Cc1ccc(COc2cccc(C3CCN(Cc4nc5ccc(C(=O)O)cc5n4C[C@@H]4CCO4)CC3)n2)c(F)c1,0.312177356,train,random,18,,,,
O=C(NC1CCNCC1)c1ccc2cn[nH]c2c1,1.70808081,train,random,18,,,,
CC(C)(C)OC(=O)N1CCCC1C(=O)N1CCC(C(=O)N[C@@H](Cc2c[nH]c3ccccc23)C(=O)O)CC1,1.842553077,train,random,18,,,,
CC(=O)Nc1ncc(C(=O)O)s1,1.854123782,train,random,18,,,,
Cc1cccc(-c2nc(C34CCC(C(N)=O)(CC3)CC4)[nH]c2-c2ccc3c(c2)OCO3)n1,0.21031852,train,random,18,,,,
COc1cc2nc(-c3cc(F)ccc3O)nc(N[C@@H]3CNC[C@H]3C(C)(C)O)c2cc1OC.Cl,-0.823908741,train,random,18,,,,
CCOc1cc2nn(CCC(C)(C)O)cc2cc1NC(=O)c1cccc(C(F)F)n1,0.268343914,test,random,18,0.8713835181400007,0.7400611775099998,1.04367321638,0.69292325969
CCn1c(-c2nonc2N)nc2cnc(Oc3cccc(NC(=O)c4ccc(OCCN5CCOCC5)cc4)c3)cc21,-0.325138859,test,random,18,0.3295797606499998,-0.07726932023999995,0.2551058367699999,-0.11274485407000004
Nc1c(F)ccc2cnc(-n3ccc4ccncc43)cc12,0.631443769,test,random,18,0.92799641135,0.7454965293100001,0.5653565579100001,0.8149414213299999
C=CC(=O)N1CCC(CNc2ncnc(N)c2-c2ccc(Oc3ccccc3)cc2)CC1,0.901294817,test,random,18,0.029228795789999977,0.29792082721999996,0.26830454932,0.22409871719999985
C=CC(=O)N1CCC([C@@H]2CCNc3c(C(N)=O)c(-c4ccc(Oc5ccccc5)cc4)nn32)CC1,0.231979027,test,random,18,0.17818198841000005,0.2754574222999998,0.5994460517600002,0.2591496069399999
CC(C)(C=C(C#N)C(=O)N1CCC[C@@H](n2nc(-c3ccc(Oc4ccccc4)cc3F)c3c(N)ncnc32)C1)N1CCN(C2COC2)CC1,0.123198075,test,random,18,0.30481128398999985,0.18529795998,0.2882632150499999,0.23404639004
COc1nn(C)cc1C(=O)Nc1cccc(-c2cnc3n2CCC3)c1,0.685562611,test,random,18,1.0622306034199998,1.1352380212600002,1.1626178095600004,1.4747314101699993
Cc1ccc(C(=O)N2CCC(Cc3ccccc3-c3ccccc3)(C(=O)N(C)C)CC2)s1,-0.590066877,test,random,18,1.02425168877,0.4374161903399998,0.5131793747499999,0.3951120087799998
CN(C)C(=O)C1(Cc2ccccc2-c2ccccc2)CCN(C(=O)C2CCCO2)CC1,1.265713811,test,random,18,0.81144684793,0.5705248788699998,0.7439740695599997,0.8829062455900001
O=C1CN(c2ccc(Nc3nccc(C(F)(F)F)n3)cn2)CCN1,1.433497815,test,random,18,1.2627271539799998,1.36261444869,1.2689904672200003,1.5574076631299996
O=C1NCCN(C(=O)c2ccncc2)C1c1ccccc1Cl,1.868168158,test,random,18,1.5178799953100008,1.1461540785699997,1.5855639685599996,1.60616647511
C[C@H]1CN(C(=O)CC(c2ccccc2)c2ccccc2)C[C@@H](C)O1,0.718335579,test,random,18,1.24436648286,0.9848018058600002,0.61168289754,0.9919986097499998
Cc1ncsc1C(=O)N1CCCCC1c1nc(N(C)C)ncc1-c1cccc(Cl)c1,0.021602716,test,random,18,0.7567290533500001,0.5908272502900003,0.8096974045100004,0.58731603312
Cc1ncsc1C(=O)N1CCCCC1c1nc(N)ncc1-c1cccc(C(F)(F)F)c1,0.86254877,test,random,18,0.48728106105000035,0.6309129551000001,0.5948400623800003,0.5797460793100002
CCN(C/C=C\c1ccc(C2CCCCC2)c(Cl)c1)C1CCCCC1,-0.266802735,test,random,18,1.14236665461,0.9621772369700001,0.5400360943000001,0.39212214883999985
Cc1nc(Nc2nccs2)cc(C2CN(c3ncccn3)C2)n1,0.374565061,test,random,18,1.1431933057300006,1.1073904675700001,0.8012205698000001,1.41684083065
COc1ccc(Nc2c(C#N)cnc3cc(OC)c(OC)cc23)cc1Cl,0.115943177,test,random,18,0.8609603488200005,0.7017195435799998,0.3312984722500001,0.2786264512999999
COc1ccc(CCCN2CCN(c3cnn(C)c3)C(=O)C2)cc1F,1.308414999,test,random,18,0.7806134289700002,1.34444817013,0.9948739907599999,1.5840932500599996
Cc1ccc(NC(=O)CN2[C@H]3CCCC(=O)N[C@@]3(C)C[C@H]2Cc2ccccc2)cc1F,0.360971884,test,random,18,0.9054514178899998,0.90221399421,0.84564974608,0.8022564583099995
C#C[C@@](C)(CC)NC(=O)c1cc(F)cnc1NC1CC(F)(F)C1,0.850278553,test,random,18,0.9158995632700002,1.2609493656600008,0.7216492616499999,0.9734401147400003
Cn1cc(Nc2nc(N)nc(-c3cccc(-n4ccc5cc(C6CC6)cc(F)c5c4=O)c3CO)n2)cn1,0.581038949,test,random,18,0.9662520445300004,0.45480325675000005,0.3322333457299998,0.11283300010999998
COCCc1noc(CN2CC(c3ccccc3)(c3ccccc3)CCC2=O)n1,1.25166255,test,random,18,0.85327284326,0.6378763288199998,0.9133362796900003,0.89582369587
Cc1oc2ccccc2c1CNc1nnc(-c2ccncc2)o1,-0.172630727,test,random,18,1.1434732340400005,0.8328468694600001,0.5803943069399999,0.6829143628999997
Cc1cc(N2CCCC2c2cc(CCC(=O)O)cc(C)n2)ncn1,2.0,test,random,18,1.1846140383400001,1.4499297149,1.1319869275700007,0.9121620697400005
Cc1cc(C)c2c(N)c(C(=O)NCc3ccc(Cl)cc3)sc2n1,-0.185752404,test,random,18,0.49885059769999995,0.6622220586499998,0.4744370760400002,0.3588222526599998
COc1cc2nc(N3CCN(C(=O)c4ccco4)CC3)nc(N)c2cc1OC,1.371880249,test,random,18,0.6920703158200001,0.6176003389499999,1.0481828740499999,1.0312403413000006
N#Cc1cc(F)c(NS(=O)(=O)c2c[nH]c3cc(Cl)ccc23)cc1F,-0.251811973,test,random,18,0.7387707404300002,0.5939555328,1.19186610584,0.6971979836899999
C=CCc1ccccc1OCC(O)CNC(C)C,1.496029699,test,random,18,1.3782131960899988,1.3257922313900001,0.9660546453800003,1.655187150609999
Nc1nc(=O)c2ncn(COCCO)c2[nH]1,1.850860573,test,random,18,0.8436635412199998,1.41708365469,1.33312883096,1.5850914260400004
COc1ccc(OC[C@@H]2c3cc(OC)c(OC)cc3CCN2C(=O)c2cccc(Cl)c2)cc1,0.232233521,test,random,18,0.51214624391,0.3953092207599997,0.46376912999,0.36429953441000007
CC(C)[C@H](CO)Nc1nc(Nc2cc(N)cc(Cl)c2)c2ncn(C(C)C)c2n1,-0.099086932,test,random,18,0.9520947947200004,0.8430865881399999,0.3818156964400002,0.032161794369999996
O=C(Nc1cccc2c(=O)cc(-c3nnn[nH]3)oc12)c1ccc(OCCCCc2ccccc2)cc1,0.77224834,test,random,18,0.5647586970899999,0.06481557056000001,0.37766147340999984,-0.05352283161999999
CC(C)[C@@](C)(O)[C@@H]1CN(c2nc(-c3n[nH]c4ncccc34)c(F)cc2Cl)CCN1,0.622421274,test,random,18,0.8390871342100001,0.8882509511100004,0.9439102544900001,0.86680333586
CNc1cc(Nc2cccn(-c3ccccn3)c2=O)nn2c(C(=O)N[C@@H]3C[C@@H]3F)cnc12,0.51851394,train,random,19,,,,
CCOc1cc2nn(CCC(C)(C)O)cc2cc1NC(=O)c1cccc(C(F)F)n1,0.268343914,train,random,19,,,,
CC(C)(Oc1ccc(-c2cnc(N)c(-c3ccc(Cl)cc3)c2)cc1)C(=O)O,-1.403402904,train,random,19,,,,
CC(C)(O)CCn1cc2cc(NC(=O)c3cccc(C(F)(F)F)n3)c(C(C)(C)O)cc2n1,1.092264361,train,random,19,,,,
CC#CC(=O)N[C@H]1CCCN(c2c(F)cc(C(N)=O)c3[nH]c(C)c(C)c23)C1,-0.639532816,train,random,19,,,,
CC(C)NCC(O)COc1cccc2ccccc12,1.347759218,train,random,19,,,,
C=CC(=O)N1CCC[C@@H](n2nc(-c3ccc(Oc4ccccc4)cc3)c3c(N)ncnc32)C1,-0.35853,train,random,19,,,,
CC(C)NC(=O)COc1cccc(-c2nc(Nc3ccc4[nH]ncc4c3)c3ccccc3n2)c1,-0.504455662,train,random,19,,,,
CCS(=O)(=O)N1CC(CC#N)(n2cc(-c3ncnc4[nH]ccc34)cn2)C1,2.0,train,random,19,,,,
COc1ccc(S(=O)(=O)N2CCC(N3CCC(C)CC3)CC2)cc1,1.626076768,train,random,19,,,,
CCn1c(-c2nonc2N)nc2cnc(Oc3cccc(NC(=O)c4ccc(OCCN5CCOCC5)cc4)c3)cc21,-0.325138859,train,random,19,,,,
CC1(C)CC[C@]2(NC(=O)C(C)(F)F)CC[C@]3(C)[C@H](C(=O)C=C4[C@@]3(C)CC[C@H]3C(C)(C)C(=O)C(C#N)=C[C@]43C)[C@@H]2C1,-0.055517328,train,random,19,,,,
Cc1c[nH]c2nccc(Oc3c(F)cc(Nc4cc(Cl)nc(N)n4)cc3F)c12,-0.68613278,train,random,19,,,,
N#Cc1ccc2[nH]c(O)c(-c3ccc(CN4CCOCC4)cn3)c2c1,1.072507236,train,random,19,,,,
CCCc1cc(N2CCc3c(nc(C4CC4)n3C)C2)n2ncnc2n1,1.388207807,train,random,19,,,,
Fc1ccc(-c2ccc3c(c2)[nH]c2ccncc23)cn1,0.640978057,train,random,19,,,,
Nc1c(F)ccc2cnc(-n3ccc4ccncc43)cc12,0.631443769,train,random,19,,,,
C=CC(=O)N1C[C@H](Nc2ncnc3[nH]ccc23)CC[C@@H]1C,1.74597993,train,random,19,,,,
[2H]C([2H])([2H])NC(=O)c1nnc(NC(=O)C2CC2)cc1Nc1cccc(-c2ncn(C)n2)c1OC,1.236577565,train,random,19,,,,
C=CC(=O)N1CCC(CNc2ncnc(N)c2-c2ccc(Oc3ccccc3)cc2)CC1,0.901294817,train,random,19,,,,
Nc1n[nH]cc1-c1cc(Cl)ccc1Oc1cc(F)c(S(=O)(=O)Nc2cscn2)cc1Cl,-0.08249449,train,random,19,,,,
Cn1cc(-c2cn3nccc3c(-c3cnn([C@]4(CC#N)C[C@@H](C#N)C4)c3)n2)cn1,1.364100521,train,random,19,,,,
O=C(Nc1cccnc1)c1ccnc(NC(=O)C2CC2)c1,1.615287063,train,random,19,,,,
O=C(c1ccc(Oc2ccccc2)cc1Cl)c1c[nH]c2ncnc(N[C@@H]3CC[C@@H](CO)OC3)c12,-0.295849483,train,random,19,,,,
N#CC[C@H](C1CCCC1)n1cc(-c2ncnc3[nH]ccc23)cn1,1.244598701,train,random,19,,,,
CC(C)(C)c1ccc(-c2nc3n(c(=O)c2C#N)CCS3)cc1,0.455758203,train,random,19,,,,
C=CC(=O)Nc1cccc(Oc2nc(Nc3ccc(N4CCN(C)CC4)cc3)nc3ccsc23)c1,-0.308918508,train,random,19,,,,
C=CC(=O)N1CCC([C@@H]2CCNc3c(C(N)=O)c(-c4ccc(Oc5ccccc5)cc4)nn32)CC1,0.231979027,train,random,19,,,,
C=CC(=O)N1CCC[C@H](n2c(=O)n(-c3ccc(Oc4ccccc4)cc3)c3c(N)ncnc32)C1,0.276231958,train,random,19,,,,
CC(C)(C=C(C#N)C(=O)N1CCC[C@@H](n2nc(-c3ccc(Oc4ccccc4)cc3F)c3c(N)ncnc32)C1)N1CCN(C2COC2)CC1,0.123198075,train,random,19,,,,
CC#CC(=O)N1CC[C@@H](n2cc(-c3ccc(Oc4c(F)cccc4F)cc3)c3c(N)n[nH]c(=O)c32)C1,-0.029188389,train,random,19,,,,
C=CC(=O)Nc1cccc(Oc2nc(Nc3ccc(N4CCN(C)CC4)c(F)c3)nc3[nH]ccc23)c1,-0.139063379,train,random,19,,,,
C[C@@H]1c2nnn(-c3ncc(F)cn3)c2CCN1C(=O)c1cccc(C(F)(F)F)c1Cl,1.240049772,train,random,19,,,,
COc1ccccc1-c1cc(NC(=O)c2cccc(N3CCNC3=O)c2)[nH]n1,-0.742321425,train,random,19,,,,
Nc1ncc(-c2cccc(C(F)(F)F)c2)c(C2CCCCN2C(=O)c2ccccc2)n1,0.137354111,train,random,19,,,,
O=C(Nc1cccc(-c2nncn2C2CC2)c1)c1cc(-n2cnc(C3CC3)c2)ccn1,0.611935625,train,random,19,,,,
Fc1ccccc1-c1c[nH]nc1C1CCCN1Cc1ccc2ncccc2c1,0.460897843,train,random,19,,,,
Cc1nnc(CN(C)CC(C)Oc2ccc(Cl)c(Cl)c2)n1C,1.114444172,train,random,19,,,,
COc1nn(C)cc1C(=O)Nc1cccc(-c2cnc3n2CCC3)c1,0.685562611,train,random,19,,,,
COc1cc(F)ccc1-c1ncnc(Nc2cccc(C[S@@](C)(=N)=O)c2)n1,1.574609941,train,random,19,,,,
Cc1ncc(CN2CC[C@@H](Nc3cncc(Cl)n3)[C@@H](C)C2)s1,1.264227348,train,random,19,,,,
Cc1ccc(C(=O)N2CCC(Cc3ccccc3-c3ccccc3)(C(=O)N(C)C)CC2)s1,-0.590066877,train,random,19,,,,
CCc1nc2c(C)cc(N3CCN(CC(=O)N4CC(O)C4)CC3)cn2c1N(C)c1nc(-c2ccc(F)cc2)c(C#N)s1,-0.434152181,train,random,19,,,,
C[C@@H]1CCN(C(=O)CC#N)C[C@@H]1N(C)c1ncnc2[nH]ccc12,1.747124255,train,random,19,,,,
CN(C)C(=O)C1(Cc2ccccc2-c2ccccc2)CCN(C(=O)C2CCCO2)CC1,1.265713811,train,random,19,,,,
CC(=O)Nc1ccc(C(=O)N2CCCCC2c2nc(N)ncc2-c2ccc(Cl)cc2)cc1,0.549861188,train,random,19,,,,
O=C1CN(c2ccc(Nc3nccc(C(F)(F)F)n3)cn2)CCN1,1.433497815,train,random,19,,,,
O=C1NCCN(C(=O)c2ccc3nccn3c2)C1c1ccccc1C(F)(F)F,1.801527189,train,random,19,,,,
Cc1cc(F)ccc1C1C(=O)NCCN1C(=O)c1ccc2nccn2c1,1.950724994,train,random,19,,,,
O=C1NCCN(C(=O)c2ccncc2)C1c1ccccc1Cl,1.868168158,train,random,19,,,,
C[C@H]1CN(C(=O)CC(c2ccccc2)c2ccccc2)C[C@@H](C)O1,0.718335579,train,random,19,,,,
CN1[C@H]2CC[C@@H]1C[C@@H](OC(c1ccccc1)c1ccccc1)C2,1.180842415,train,random,19,,,,
CC(C)(C)C(=O)N1CCC(Cc2ccc(-c3cccs3)cc2)(C(=O)N2CCCC2)CC1,0.008174184,train,random,19,,,,
OC[C@H](Nc1cncc(-c2ccc3[nH]ncc3n2)c1)c1ccccc1,1.024690862,train,random,19,,,,
Cc1ncsc1C(=O)N1CCCCC1c1nc(N(C)C)ncc1-c1cccc(Cl)c1,0.021602716,train,random,19,,,,
OCC1CCCCN1Cc1ccc(Cl)c(Cl)c1,1.484982782,train,random,19,,,,
COc1ccccc1C(=O)Nc1ccc2cc[nH]c2c1,0.571825249,train,random,19,,,,
c1ccc(Oc2cccc(CN(CCN3CCOCC3)Cc3cccnc3)c2)cc1,0.142389466,train,random,19,,,,
COc1ccc([C@H]2CN(C(C)=O)[C@@H]3CCCN(Cc4cccc(F)c4)[C@H]23)cc1,0.594060901,train,random,19,,,,
Cc1c(C(=O)NCCCN(C)C)sc2ncnc(Nc3ccc(F)cc3OC(C)C)c12,0.966376423,train,random,19,,,,
OCC1CCCCN1Cc1ccc(-c2ccccc2)cc1,1.394924244,train,random,19,,,,
CC1(C)CC(Oc2ccc(-c3ccc(-c4cn[nH]c4)cc3O)nn2)CC(C)(C)N1,1.241969612,train,random,19,,,,
Cc1nnc(-c2ccc3occ(-c4ccc(S(C)=O)cc4)c3c2)o1,1.077985291,train,random,19,,,,
Cc1ncsc1C(=O)N1CCCCC1c1nc(N)ncc1-c1cccc(C(F)(F)F)c1,0.86254877,train,random,19,,,,
O=C(Nc1ccc2ccccc2n1)c1ccc(N2CCOC2=O)cc1,0.069298012,train,random,19,,,,
O=S(=O)(c1cccc2cnccc12)N1CCCNCC1,1.844321821,train,random,19,,,,
C=CC(=O)Nc1cccc(Oc2nc(Nc3ccc(N4CCN(C)CC4)cc3)nc3ccoc23)c1,-0.208309351,train,random,19,,,,
CCN1CCN(S(=O)(=O)Cc2ccc(Cl)c(Cl)c2)CC1,1.071845201,train,random,19,,,,
CCn1c(CO)nn(-c2cc(O[C@@H](C)C(F)(F)F)c(C(=O)Nc3c(F)cccc3Cl)cc2F)c1=O,0.876910311,train,random,19,,,,
CCN(C/C=C\c1ccc(C2CCCCC2)c(Cl)c1)C1CCCCC1,-0.266802735,train,random,19,,,,
NCCN1CCN(C/C=C/C(=O)N2CCC[C@@H](n3nc(-c4ccc(Oc5ccccc5)cc4)c4c(N)ncnc43)C2)CC1,0.686814955,train,random,19,,,,
CC/C(=C(\c1ccccc1)c1ccc(OCCN(C)C)cc1)c1ccccc1,-0.341988603,train,random,19,,,,
COc1nn(C)cc1C(=O)Nc1cccc2cnccc12,1.58945809,train,random,19,,,,
Cc1ncc(CN2CCC(Nc3ccc4nnnn4n3)C(C)C2)s1,1.579154557,train,random,19,,,,
Cc1nc(Nc2nccs2)cc(C2CN(c3ncccn3)C2)n1,0.374565061,train,random,19,,,,
COc1ccc(Nc2c(C#N)cnc3cc(OC)c(OC)cc23)cc1Cl,0.115943177,train,random,19,,,,
COc1ccc(CCCN2CCN(c3cnn(C)c3)C(=O)C2)cc1F,1.308414999,train,random,19,,,,
Cc1noc(C(C)C)c1C(=O)N1CC(C)OC(c2ccccc2)C1,1.111934276,train,random,19,,,,
Cc1c(F)cccc1NC(=O)CN1[C@H]2CCCC(=O)N[C@@]2(C)C[C@H]1Cc1ccccc1,0.925312092,train,random,19,,,,
CCC1=C(C)CN(C(=O)NCCc2ccc(S(=O)(=O)NC(=O)N[C@H]3CC[C@H](C)CC3)cc2)C1=O,-1.638272164,train,random,19,,,,
O=S(=O)(c1cccc2c(O)nccc12)N1CCCNCC1,1.990813743,train,random,19,,,,
Cc1ccc(NC(=O)CN2[C@H]3CCCC(=O)N[C@@]3(C)C[C@H]2Cc2ccccc2)cc1F,0.360971884,train,random,19,,,,
COCC(=O)N1CCC(Cc2ccccc2-c2cccc(F)c2)(C(=O)NC(C)C)CC1,1.076967952,train,random,19,,,,
COc1ccc(CNC(=O)c2sc3nc(C)cc(C)c3c2N)cc1,-0.18243463,train,random,19,,,,
C#C[C@@](C)(CC)NC(=O)c1cc(F)cnc1NC1CC(F)(F)C1,0.850278553,train,random,19,,,,
Cn1cc(Nc2nc(N)nc(-c3cccc(-n4ccc5cc(C6CC6)cc(F)c5c4=O)c3CO)n2)cn1,0.581038949,train,random,19,,,,
CNC(=O)C1(Cc2ccc(-c3cccnc3)cc2)CCN(Cc2ccc(F)cc2)C1,0.918868743,train,random,19,,,,
CNC(=O)C1(Cc2ccc(-c3cccnc3)cc2)CCN(Cc2cccc(F)c2)C1,0.531095547,train,random,19,,,,
CC(=O)Nc1ncc(CN2CCCC[C@@H]2C)s1,1.923109252,train,random,19,,,,
O=C1CCCC[C@@H]2[C@H](C[C@@H](Cc3ccccc3F)N2C(=O)c2cccc3ncccc23)N1,1.348966512,train,random,19,,,,
CC(O)(C#Cc1ccc2c(c1)N(c1nc(N)ncc1Cl)CC2)c1nccs1,0.275311355,train,random,19,,,,
COCCc1noc(CN2CC(c3ccccc3)(c3ccccc3)CCC2=O)n1,1.25166255,train,random,19,,,,
Cc1[nH]nc2c1C1(CCCCC1)CC(=O)N2,1.284633733,train,random,19,,,,
Cc1oc2ccccc2c1CNc1nnc(-c2ccncc2)o1,-0.172630727,train,random,19,,,,
O=C(Nc1cccc2ncccc12)[C@H]1CCCN(S(=O)(=O)c2ccccc2)C1,1.091666958,train,random,19,,,,
C[C@@H]1Cc2ccccc2N1C(=O)Cn1nc(-c2cccc3ncccc23)oc1=O,0.360404055,train,random,19,,,,
Nc1ncnc2c1c(-c1cnc3[nH]ccc3c1)nn2C1CCCC1,0.780605306,train,random,19,,,,
O=C(Nc1cnccc1-c1ccc(Cl)cc1)c1ccnc(NC(=O)C2CC2)c1,0.847634344,train,random,19,,,,
CCCCNC(=O)NS(=O)(=O)c1ccc(C)cc1,0.440121603,train,random,19,,,,
Cc1cccnc1Nc1cccc(C2CCCN(CC(=O)Nc3nccs3)C2)n1,0.637289548,train,random,19,,,,
CC1(C)CC(=O)C2=C(C1)NC(=O)CC2c1ccc(Br)cc1,0.944630702,train,random,19,,,,
Cc1cc(N2CCCC2c2cc(CCC(=O)O)cc(C)n2)ncn1,2.0,train,random,19,,,,
CCCNC(=O)NS(=O)(=O)c1ccc(Cl)cc1,0.628286731,train,random,19,,,,
O=C(CN1CCCC(c2cccc(Cc3cccc(F)c3)n2)C1)N1CCCC1,0.953856298,train,random,19,,,,
COc1cc2ncnc(Nc3cccc(O)c3)c2cc1OC,0.650307523,train,random,19,,,,
Cc1cc(C)c2c(N)c(C(=O)NCc3ccc(Cl)cc3)sc2n1,-0.185752404,train,random,19,,,,
COCCNC(=O)c1ccnc(C2CCNCC2)c1,2.0,train,random,19,,,,
COc1nc2sc(C(=O)NC3CC3)c(N)c2c(C)c1Cl,0.452093249,train,random,19,,,,
CC1(CNC(=O)c2cncc(C3CCNCC3)n2)CCCO1,1.960042456,train,random,19,,,,
CCn1cc(C(=O)O)c(=O)c2c(N)c(F)c(NC3CCCCC3)cc21,0.426673888,train,random,19,,,,
COc1cc2nc(N3CCN(C(=O)c4ccco4)CC3)nc(N)c2cc1OC,1.371880249,train,random,19,,,,
CC(CCc1ccccc1)NCC(O)c1ccc(O)c(C(N)=O)c1,1.65850745,train,random,19,,,,
CC1(C)Cc2cc(NC(=O)c3cnn4cccnc34)c(OCC3CC3)nc2O1,0.38219721,train,random,19,,,,
N#Cc1cc(F)c(NS(=O)(=O)c2c[nH]c3cc(Cl)ccc23)cc1F,-0.251811973,train,random,19,,,,
COCCc1ccc(OCC(O)CNC(C)C)cc1,2.0,train,random,19,,,,
COc1cc(Cc2cnc(N)nc2N)cc(OC)c1OC,1.855513099,train,random,19,,,,
COc1cc2c(cc1OC)CN(CCc1ccc(NC(=O)c3cccc4c(O)c5cccc(OC)c5nc34)cc1)CC2,-1.292429824,train,random,19,,,,
C=CCc1ccccc1OCC(O)CNC(C)C,1.496029699,train,random,19,,,,
Nc1nc(=O)c2ncn(COCCO)c2[nH]1,1.850860573,train,random,19,,,,
NCCCC[C@H](N[C@@H](CCc1ccccc1)C(=O)O)C(=O)N1CCC[C@H]1C(=O)O,2.0,train,random,19,,,,
CCCc1nc2nc(C)c(NS(=O)(=O)c3ccc(C4CCCCC4)cc3)c(O)n2n1,-0.137272472,train,random,19,,,,
NC(=O)C1(Cc2ccc(-c3ccncc3)cc2)CCN(C(=O)Cc2cccc(F)c2)CC1,1.058463986,train,random,19,,,,
CC(=O)Nc1ccc(O)cc1,1.916985305,train,random,19,,,,
O=C(NC1CCNCC1)c1ccc2[nH]ncc2c1,1.92695435,train,random,19,,,,
Cc1cccc(/C=N/Nc2cc(N3CCOCC3)nc(OCCc3ccccn3)n2)c1,-0.27572413,train,random,19,,,,
CCn1c(=O)oc2cc(NC(=O)c3ccc(C(C)(C)C)cc3)ccc21,0.180412633,train,random,19,,,,
COc1ccc(OC[C@@H]2c3cc(OC)c(OC)cc3CCN2C(=O)c2cccc(Cl)c2)cc1,0.232233521,train,random,19,,,,
N#Cc1ccc(COc2cccc(C3CCN(Cc4nc5ccc(C(=O)O)cc5n4C[C@@H]4CCO4)CC3)n2)c(F)c1,0.312177356,train,random,19,,,,
CC(C)[C@H](CO)Nc1nc(Nc2cc(N)cc(Cl)c2)c2ncn(C(C)C)c2n1,-0.099086932,train,random,19,,,,
O=C(NC1CCNCC1)c1ccc2cn[nH]c2c1,1.70808081,train,random,19,,,,
CC(C)(C)OC(=O)N1CCCC1C(=O)N1CCC(C(=O)N[C@@H](Cc2c[nH]c3ccccc23)C(=O)O)CC1,1.842553077,train,random,19,,,,
O=C(Nc1cccc2c(=O)cc(-c3nnn[nH]3)oc12)c1ccc(OCCCCc2ccccc2)cc1,0.77224834,train,random,19,,,,
CC(=O)Nc1ncc(C(=O)O)s1,1.854123782,train,random,19,,,,
COc1cc2nc(-c3cc(F)ccc3O)nc(N[C@@H]3CNC[C@H]3C(C)(C)O)c2cc1OC.Cl,-0.823908741,train,random,19,,,,
CC(C)[C@@](C)(O)[C@@H]1CN(c2nc(-c3n[nH]c4ncccc34)c(F)cc2Cl)CCN1,0.622421274,train,random,19,,,,
CN(c1ncc(F)cn1)[C@H]1CCCNC1,2.0,test,random,19,1.18796110147,1.3466298233400003,1.2148121311700002,1.6820214349400002
COc1ccc(Cl)cc1C(=O)NCCc1ccc(S(=O)(=O)NC(=O)NC2CCCCC2)cc1,-0.943095149,test,random,19,0.5439561187300002,0.17705720255000007,0.31118254493000014,-0.05632561626999997
COc1cc2c(cc1OC)CC(=O)N(CCCN(C)C[C@H]1Cc3cc(OC)c(OC)cc31)CC2,1.615139594,test,random,19,0.9570263872500003,0.5057656124999996,0.48242269325,0.058795285169999906
Cn1cc(Nc2nccc(N3CC4CCC(C3)N4C(=O)[C@@H]3CC3(F)F)n2)cn1,1.786412441,test,random,19,1.2876499195,1.0979067448600006,1.1184092789099997,1.35325190731
Cc1c(-c2c(F)cc(C(N)=O)c3[nH]c4c(c23)CC[C@H](C(C)(C)O)C4)cccc1-n1c(=O)c2cccc(F)c2n(C)c1=O,0.326540669,test,random,19,0.35951055082000005,0.27095434299,0.37509301531000006,-0.18156423700000002
CC#CC(=O)N1CC[C@@H](n2c(=O)n(-c3ccc(Oc4ccccc4)cc3)c3c(N)ncnc32)C1,0.669595781,test,random,19,0.2897288338700001,0.2289520153900001,0.20541389110000005,0.5522937816499996
Cc1nccc(-c2cn(Cc3ccccc3)c3cnccc23)n1,1.207445854,test,random,19,0.9700013596500007,0.8536969182399994,1.0407336100200006,0.5711622013700001
CCc1nc(C)cn2nc(-c3cc(=O)n4cc(C5CCN(C)CC5)cc(C)c4n3)cc12,0.593618308,test,random,19,0.46401620478999983,0.48363592174000003,0.66390841659,0.48793415852999983
Cc1c(Cl)ccc2cc3n(c12)[C@@H](C)CNC3=O,0.696793085,test,random,19,0.9176492085300006,1.1847408986999999,0.32766981432000003,0.8635571900900001
Nc1ncnc2c1c(-c1ccc(Oc3ccccc3)cc1)nn2[C@@H]1CCCNC1,0.846275242,test,random,19,0.19539196380000004,0.42915246513000016,0.38538832630000003,0.34807516376999975
CC(=O)Nc1ccc(C(=O)N2CCCCC2c2nc(N)ncc2-c2cccc(Cl)c2)cc1,0.584331224,test,random,19,0.5564410065100002,0.49634636252000036,0.4671893214900003,0.43365093174000036
CC(=O)N1CCN(c2nc(C(F)(F)F)nc3sc(C)c(C)c23)CC1,0.624282096,test,random,19,0.6503857276300002,1.09637767477,0.4856572377899998,0.7110428583599997
Nc1ncc(C(=O)NC2CN(C(=O)C3CC3)C2)c2ccc(-c3cccc(F)c3)nc12,0.38219721,test,random,19,0.26454836553000005,0.5825381323399998,0.6299285246799999,1.0719038274700003
O=C(CCNC(=O)c1ccc(OC(F)(F)F)cc1)N[C@@H]1CCCc2ccccc21,0.630427875,test,random,19,0.7750340106099999,0.6666050030699999,0.7692024449199999,0.49862477436999997
O=C(Nc1nc2cccc(-c3ccc(CN4CCS(=O)(=O)CC4)cc3)n2n1)C1CC1,1.601853652,test,random,19,1.0556730155199998,0.61108682177,0.7373379477699998,0.9620616468000003
Cn1c(C2CC2)nc2c1CCN(c1ncnc3ccsc13)C2,1.192985379,test,random,19,0.9510598230500004,1.0724631384799999,0.7116071627399999,0.9033282841300001
CNC(=O)C1(Cc2ccc(-c3ccncc3)cc2)CCN(Cc2cccc(F)c2)C1,0.715167358,test,random,19,0.7324995735500002,0.7163657743200003,0.7876398138500003,0.7118457655599998
CN(Cc1ccccc1)C1(C(=O)N2CCNC(=O)CC2)Cc2ccccc2C1,0.912806393,test,random,19,0.9317957500399998,1.1125996337500004,0.8254828182299999,1.3329552531700006
CN(C)C(=O)C1(Cc2ccccc2-c2cccc(F)c2)CCN(C(=O)C2CC=CCC2)CC1,0.142702246,test,random,19,0.5713591734199998,0.49039678306999973,0.8342848677500001,0.3922374766
Cc1cnc(C(=O)NCCc2ccc(S(=O)(=O)NC(=O)NC3CCCCC3)cc2)cn1,-0.204119983,test,random,19,0.71212897337,0.4590658159199998,0.5913501601199997,0.6538313531499998
CCOc1cc(CC(=O)N[C@@H](CC(C)C)c2ccccc2N2CCCCC2)ccc1C(=O)O,-0.063486258,test,random,19,0.7097192869400004,0.53705047966,0.23343349042999997,0.18355458624
CN1C(N)=N[C@](C)(c2cc(NC(=O)c3ccc(F)cn3)ccc2F)CS1(=O)=O,1.491417728,test,random,19,0.5989294517400002,0.8555445747099999,0.7234706184800003,1.0951747388000004
CC1CN(C(=O)c2cccnc2N2CCOCC2)CC(c2ccccc2)O1,1.555686814,test,random,19,0.9365933891800001,0.9310096212000002,1.1871154446799999,1.2510696049499999
Cc1cc(Nc2cnccn2)cc(C2CCCN(CC(=O)N3CCCC3)C2)n1,1.632416797,test,random,19,0.9112964643100006,1.2354695136200002,1.27612675631,1.2602233099600002
CN(C)C(=O)C1(Cc2ccccc2-c2ccccc2)CCN(C(=O)c2cnn(C)c2)CC1,1.146840934,test,random,19,0.70602145577,0.3485566985099998,0.5026160408899999,0.8279750426700002
CN1CCN(S(=O)(=O)c2ccc(-c3cnc(N)c(C(=O)Nc4cccnc4)n3)cc2)CC1,0.915558115,test,random,19,0.8298333114399999,0.42296989450000005,0.8396799671899999,1.0058225401999998
CNC(=O)C1(Cc2ccc(-c3cccnc3)cc2)CCN(Cc2ccccc2Cl)C1,0.273695588,test,random,19,0.9350134830200004,0.6966885914199998,0.6662200587599995,0.6644909653899996
Cc1cc(N2CCCC2)nc(C2CCCN(C)C2)n1,1.861522463,test,random,19,0.9334218662000008,1.39134600996,0.9957448418000004,1.4480453826500008
O=C1NCCSc2c1sc1ccc(O)cc21,1.164679941,test,random,19,1.0612083738200007,1.3310897156600003,0.7178380080300002,1.25034975934
CC(C)CC(NC(=O)C(O)C(N)Cc1ccccc1)C(=O)O,1.54052968,test,random,19,1.2478091865600005,1.4653911173399998,1.6542394472700002,1.7910848258199998
CC(C(=O)O)c1cccc(C(=O)c2ccccc2)c1,0.047274867,test,random,19,0.9225532634899999,1.2497721306900003,0.8565263491699998,0.75919482252
COc1ccc([C@H]2c3[nH]c4ccc(Cl)cc4c3CCN2C(=O)Oc2ccc(Cl)cc2)cc1,1.754608223,test,random,19,0.9194882015700004,-0.04284575970000001,0.13609759826,-0.08393263354
Cc1cccc(-c2nc(C34CCC(C(N)=O)(CC3)CC4)[nH]c2-c2ccc3c(c2)OCO3)n1,0.21031852,test,random,19,0.89496677277,0.1998141401700001,0.2972715400299999,0.6299886869099995
CNc1cc(Nc2cccn(-c3ccccn3)c2=O)nn2c(C(=O)N[C@@H]3C[C@@H]3F)cnc12,0.51851394,train,butina,15,,,,
CCOc1cc2nn(CCC(C)(C)O)cc2cc1NC(=O)c1cccc(C(F)F)n1,0.268343914,train,butina,15,,,,
CC(C)(Oc1ccc(-c2cnc(N)c(-c3ccc(Cl)cc3)c2)cc1)C(=O)O,-1.403402904,train,butina,15,,,,
CC(C)(O)CCn1cc2cc(NC(=O)c3cccc(C(F)(F)F)n3)c(C(C)(C)O)cc2n1,1.092264361,train,butina,15,,,,
CC#CC(=O)N[C@H]1CCCN(c2c(F)cc(C(N)=O)c3[nH]c(C)c(C)c23)C1,-0.639532816,train,butina,15,,,,
CC(C)NCC(O)COc1cccc2ccccc12,1.347759218,train,butina,15,,,,
COc1ccc(Cl)cc1C(=O)NCCc1ccc(S(=O)(=O)NC(=O)NC2CCCCC2)cc1,-0.943095149,train,butina,15,,,,
CC(C)NC(=O)COc1cccc(-c2nc(Nc3ccc4[nH]ncc4c3)c3ccccc3n2)c1,-0.504455662,train,butina,15,,,,
COc1ccc(S(=O)(=O)N2CCC(N3CCC(C)CC3)CC2)cc1,1.626076768,train,butina,15,,,,
CCn1c(-c2nonc2N)nc2cnc(Oc3cccc(NC(=O)c4ccc(OCCN5CCOCC5)cc4)c3)cc21,-0.325138859,train,butina,15,,,,
CC1(C)CC[C@]2(NC(=O)C(C)(F)F)CC[C@]3(C)[C@H](C(=O)C=C4[C@@]3(C)CC[C@H]3C(C)(C)C(=O)C(C#N)=C[C@]43C)[C@@H]2C1,-0.055517328,train,butina,15,,,,
Cc1c[nH]c2nccc(Oc3c(F)cc(Nc4cc(Cl)nc(N)n4)cc3F)c12,-0.68613278,train,butina,15,,,,
COc1cc2c(cc1OC)CC(=O)N(CCCN(C)C[C@H]1Cc3cc(OC)c(OC)cc31)CC2,1.615139594,train,butina,15,,,,
N#Cc1ccc2[nH]c(O)c(-c3ccc(CN4CCOCC4)cn3)c2c1,1.072507236,train,butina,15,,,,
CCCc1cc(N2CCc3c(nc(C4CC4)n3C)C2)n2ncnc2n1,1.388207807,train,butina,15,,,,
Fc1ccc(-c2ccc3c(c2)[nH]c2ccncc23)cn1,0.640978057,train,butina,15,,,,
Nc1c(F)ccc2cnc(-n3ccc4ccncc43)cc12,0.631443769,train,butina,15,,,,
C=CC(=O)N1C[C@H](Nc2ncnc3[nH]ccc23)CC[C@@H]1C,1.74597993,train,butina,15,,,,
[2H]C([2H])([2H])NC(=O)c1nnc(NC(=O)C2CC2)cc1Nc1cccc(-c2ncn(C)n2)c1OC,1.236577565,train,butina,15,,,,
Nc1n[nH]cc1-c1cc(Cl)ccc1Oc1cc(F)c(S(=O)(=O)Nc2cscn2)cc1Cl,-0.08249449,train,butina,15,,,,
O=C(Nc1cccnc1)c1ccnc(NC(=O)C2CC2)c1,1.615287063,train,butina,15,,,,
O=C(c1ccc(Oc2ccccc2)cc1Cl)c1c[nH]c2ncnc(N[C@@H]3CC[C@@H](CO)OC3)c12,-0.295849483,train,butina,15,,,,
C=CC(=O)Nc1cccc(Oc2nc(Nc3ccc(N4CCN(C)CC4)cc3)nc3ccsc23)c1,-0.308918508,train,butina,15,,,,
C=CC(=O)Nc1cccc(Oc2nc(Nc3ccc(N4CCN(C)CC4)c(F)c3)nc3[nH]ccc23)c1,-0.139063379,train,butina,15,,,,
C[C@@H]1c2nnn(-c3ncc(F)cn3)c2CCN1C(=O)c1cccc(C(F)(F)F)c1Cl,1.240049772,train,butina,15,,,,
COc1ccccc1-c1cc(NC(=O)c2cccc(N3CCNC3=O)c2)[nH]n1,-0.742321425,train,butina,15,,,,
Nc1ncc(-c2cccc(C(F)(F)F)c2)c(C2CCCCN2C(=O)c2ccccc2)n1,0.137354111,train,butina,15,,,,
Fc1ccccc1-c1c[nH]nc1C1CCCN1Cc1ccc2ncccc2c1,0.460897843,train,butina,15,,,,
Cc1nccc(-c2cn(Cc3ccccc3)c3cnccc23)n1,1.207445854,train,butina,15,,,,
CCc1nc(C)cn2nc(-c3cc(=O)n4cc(C5CCN(C)CC5)cc(C)c4n3)cc12,0.593618308,train,butina,15,,,,
Cc1c(Cl)ccc2cc3n(c12)[C@@H](C)CNC3=O,0.696793085,train,butina,15,,,,
COc1nn(C)cc1C(=O)Nc1cccc(-c2cnc3n2CCC3)c1,0.685562611,train,butina,15,,,,
COc1cc(F)ccc1-c1ncnc(Nc2cccc(C[S@@](C)(=N)=O)c2)n1,1.574609941,train,butina,15,,,,
Cc1ncc(CN2CC[C@@H](Nc3cncc(Cl)n3)[C@@H](C)C2)s1,1.264227348,train,butina,15,,,,
Cc1ccc(C(=O)N2CCC(Cc3ccccc3-c3ccccc3)(C(=O)N(C)C)CC2)s1,-0.590066877,train,butina,15,,,,
CCc1nc2c(C)cc(N3CCN(CC(=O)N4CC(O)C4)CC3)cn2c1N(C)c1nc(-c2ccc(F)cc2)c(C#N)s1,-0.434152181,train,butina,15,,,,
C[C@@H]1CCN(C(=O)CC#N)C[C@@H]1N(C)c1ncnc2[nH]ccc12,1.747124255,train,butina,15,,,,
CN(C)C(=O)C1(Cc2ccccc2-c2ccccc2)CCN(C(=O)C2CCCO2)CC1,1.265713811,train,butina,15,,,,
CC(=O)Nc1ccc(C(=O)N2CCCCC2c2nc(N)ncc2-c2ccc(Cl)cc2)cc1,0.549861188,train,butina,15,,,,
CC(=O)Nc1ccc(C(=O)N2CCCCC2c2nc(N)ncc2-c2cccc(Cl)c2)cc1,0.584331224,train,butina,15,,,,
O=C1NCCN(C(=O)c2ccc3nccn3c2)C1c1ccccc1C(F)(F)F,1.801527189,train,butina,15,,,,
Cc1cc(F)ccc1C1C(=O)NCCN1C(=O)c1ccc2nccn2c1,1.950724994,train,butina,15,,,,
O=C1NCCN(C(=O)c2ccncc2)C1c1ccccc1Cl,1.868168158,train,butina,15,,,,
C[C@H]1CN(C(=O)CC(c2ccccc2)c2ccccc2)C[C@@H](C)O1,0.718335579,train,butina,15,,,,
CN1[C@H]2CC[C@@H]1C[C@@H](OC(c1ccccc1)c1ccccc1)C2,1.180842415,train,butina,15,,,,
CC(C)(C)C(=O)N1CCC(Cc2ccc(-c3cccs3)cc2)(C(=O)N2CCCC2)CC1,0.008174184,train,butina,15,,,,
OC[C@H](Nc1cncc(-c2ccc3[nH]ncc3n2)c1)c1ccccc1,1.024690862,train,butina,15,,,,
Cc1ncsc1C(=O)N1CCCCC1c1nc(N(C)C)ncc1-c1cccc(Cl)c1,0.021602716,train,butina,15,,,,
OCC1CCCCN1Cc1ccc(Cl)c(Cl)c1,1.484982782,train,butina,15,,,,
COc1ccccc1C(=O)Nc1ccc2cc[nH]c2c1,0.571825249,train,butina,15,,,,
c1ccc(Oc2cccc(CN(CCN3CCOCC3)Cc3cccnc3)c2)cc1,0.142389466,train,butina,15,,,,
Cc1c(C(=O)NCCCN(C)C)sc2ncnc(Nc3ccc(F)cc3OC(C)C)c12,0.966376423,train,butina,15,,,,
OCC1CCCCN1Cc1ccc(-c2ccccc2)cc1,1.394924244,train,butina,15,,,,
Nc1ncc(C(=O)NC2CN(C(=O)C3CC3)C2)c2ccc(-c3cccc(F)c3)nc12,0.38219721,train,butina,15,,,,
CC1(C)CC(Oc2ccc(-c3ccc(-c4cn[nH]c4)cc3O)nn2)CC(C)(C)N1,1.241969612,train,butina,15,,,,
Cc1nnc(-c2ccc3occ(-c4ccc(S(C)=O)cc4)c3c2)o1,1.077985291,train,butina,15,,,,
Cc1ncsc1C(=O)N1CCCCC1c1nc(N)ncc1-c1cccc(C(F)(F)F)c1,0.86254877,train,butina,15,,,,
O=C(Nc1ccc2ccccc2n1)c1ccc(N2CCOC2=O)cc1,0.069298012,train,butina,15,,,,
O=C(CCNC(=O)c1ccc(OC(F)(F)F)cc1)N[C@@H]1CCCc2ccccc21,0.630427875,train,butina,15,,,,
O=S(=O)(c1cccc2cnccc12)N1CCCNCC1,1.844321821,train,butina,15,,,,
C=CC(=O)Nc1cccc(Oc2nc(Nc3ccc(N4CCN(C)CC4)cc3)nc3ccoc23)c1,-0.208309351,train,butina,15,,,,
CCN1CCN(S(=O)(=O)Cc2ccc(Cl)c(Cl)c2)CC1,1.071845201,train,butina,15,,,,
O=C(Nc1nc2cccc(-c3ccc(CN4CCS(=O)(=O)CC4)cc3)n2n1)C1CC1,1.601853652,train,butina,15,,,,
Cn1c(C2CC2)nc2c1CCN(c1ncnc3ccsc13)C2,1.192985379,train,butina,15,,,,
CC/C(=C(\c1ccccc1)c1ccc(OCCN(C)C)cc1)c1ccccc1,-0.341988603,train,butina,15,,,,
COc1nn(C)cc1C(=O)Nc1cccc2cnccc12,1.58945809,train,butina,15,,,,
CNC(=O)C1(Cc2ccc(-c3ccncc3)cc2)CCN(Cc2cccc(F)c2)C1,0.715167358,train,butina,15,,,,
Cc1ncc(CN2CCC(Nc3ccc4nnnn4n3)C(C)C2)s1,1.579154557,train,butina,15,,,,
Cc1nc(Nc2nccs2)cc(C2CN(c3ncccn3)C2)n1,0.374565061,train,butina,15,,,,
COc1ccc(Nc2c(C#N)cnc3cc(OC)c(OC)cc23)cc1Cl,0.115943177,train,butina,15,,,,
COc1ccc(CCCN2CCN(c3cnn(C)c3)C(=O)C2)cc1F,1.308414999,train,butina,15,,,,
Cc1noc(C(C)C)c1C(=O)N1CC(C)OC(c2ccccc2)C1,1.111934276,train,butina,15,,,,
CN(Cc1ccccc1)C1(C(=O)N2CCNC(=O)CC2)Cc2ccccc2C1,0.912806393,train,butina,15,,,,
CCC1=C(C)CN(C(=O)NCCc2ccc(S(=O)(=O)NC(=O)N[C@H]3CC[C@H](C)CC3)cc2)C1=O,-1.638272164,train,butina,15,,,,
O=S(=O)(c1cccc2c(O)nccc12)N1CCCNCC1,1.990813743,train,butina,15,,,,
CN(C)C(=O)C1(Cc2ccccc2-c2cccc(F)c2)CCN(C(=O)C2CC=CCC2)CC1,0.142702246,train,butina,15,,,,
COCC(=O)N1CCC(Cc2ccccc2-c2cccc(F)c2)(C(=O)NC(C)C)CC1,1.076967952,train,butina,15,,,,
COc1ccc(CNC(=O)c2sc3nc(C)cc(C)c3c2N)cc1,-0.18243463,train,butina,15,,,,
Cn1cc(Nc2nc(N)nc(-c3cccc(-n4ccc5cc(C6CC6)cc(F)c5c4=O)c3CO)n2)cn1,0.581038949,train,butina,15,,,,
Cc1cnc(C(=O)NCCc2ccc(S(=O)(=O)NC(=O)NC3CCCCC3)cc2)cn1,-0.204119983,train,butina,15,,,,
CNC(=O)C1(Cc2ccc(-c3cccnc3)cc2)CCN(Cc2ccc(F)cc2)C1,0.918868743,train,butina,15,,,,
CNC(=O)C1(Cc2ccc(-c3cccnc3)cc2)CCN(Cc2cccc(F)c2)C1,0.531095547,train,butina,15,,,,
CC(=O)Nc1ncc(CN2CCCC[C@@H]2C)s1,1.923109252,train,butina,15,,,,
O=C1CCCC[C@@H]2[C@H](C[C@@H](Cc3ccccc3F)N2C(=O)c2cccc3ncccc23)N1,1.348966512,train,butina,15,,,,
CCOc1cc(CC(=O)N[C@@H](CC(C)C)c2ccccc2N2CCCCC2)ccc1C(=O)O,-0.063486258,train,butina,15,,,,
CC(O)(C#Cc1ccc2c(c1)N(c1nc(N)ncc1Cl)CC2)c1nccs1,0.275311355,train,butina,15,,,,
COCCc1noc(CN2CC(c3ccccc3)(c3ccccc3)CCC2=O)n1,1.25166255,train,butina,15,,,,
Cc1oc2ccccc2c1CNc1nnc(-c2ccncc2)o1,-0.172630727,train,butina,15,,,,
O=C(Nc1cccc2ncccc12)[C@H]1CCCN(S(=O)(=O)c2ccccc2)C1,1.091666958,train,butina,15,,,,
C[C@@H]1Cc2ccccc2N1C(=O)Cn1nc(-c2cccc3ncccc23)oc1=O,0.360404055,train,butina,15,,,,
O=C(Nc1cnccc1-c1ccc(Cl)cc1)c1ccnc(NC(=O)C2CC2)c1,0.847634344,train,butina,15,,,,
CN1C(N)=N[C@](C)(c2cc(NC(=O)c3ccc(F)cn3)ccc2F)CS1(=O)=O,1.491417728,train,butina,15,,,,
CC1CN(C(=O)c2cccnc2N2CCOCC2)CC(c2ccccc2)O1,1.555686814,train,butina,15,,,,
CCCCNC(=O)NS(=O)(=O)c1ccc(C)cc1,0.440121603,train,butina,15,,,,
Cc1cc(Nc2cnccn2)cc(C2CCCN(CC(=O)N3CCCC3)C2)n1,1.632416797,train,butina,15,,,,
Cc1cccnc1Nc1cccc(C2CCCN(CC(=O)Nc3nccs3)C2)n1,0.637289548,train,butina,15,,,,
CN(C)C(=O)C1(Cc2ccccc2-c2ccccc2)CCN(C(=O)c2cnn(C)c2)CC1,1.146840934,train,butina,15,,,,
CC1(C)CC(=O)C2=C(C1)NC(=O)CC2c1ccc(Br)cc1,0.944630702,train,butina,15,,,,
CN1CCN(S(=O)(=O)c2ccc(-c3cnc(N)c(C(=O)Nc4cccnc4)n3)cc2)CC1,0.915558115,train,butina,15,,,,
CNC(=O)C1(Cc2ccc(-c3cccnc3)cc2)CCN(Cc2ccccc2Cl)C1,0.273695588,train,butina,15,,,,
Cc1cc(N2CCCC2c2cc(CCC(=O)O)cc(C)n2)ncn1,2.0,train,butina,15,,,,
CCCNC(=O)NS(=O)(=O)c1ccc(Cl)cc1,0.628286731,train,butina,15,,,,
O=C(CN1CCCC(c2cccc(Cc3cccc(F)c3)n2)C1)N1CCCC1,0.953856298,train,butina,15,,,,
COc1cc2ncnc(Nc3cccc(O)c3)c2cc1OC,0.650307523,train,butina,15,,,,
Cc1cc(C)c2c(N)c(C(=O)NCc3ccc(Cl)cc3)sc2n1,-0.185752404,train,butina,15,,,,
COCCNC(=O)c1ccnc(C2CCNCC2)c1,2.0,train,butina,15,,,,
COc1nc2sc(C(=O)NC3CC3)c(N)c2c(C)c1Cl,0.452093249,train,butina,15,,,,
CC1(CNC(=O)c2cncc(C3CCNCC3)n2)CCCO1,1.960042456,train,butina,15,,,,
O=C1NCCSc2c1sc1ccc(O)cc21,1.164679941,train,butina,15,,,,
CCn1cc(C(=O)O)c(=O)c2c(N)c(F)c(NC3CCCCC3)cc21,0.426673888,train,butina,15,,,,
COc1cc2nc(N3CCN(C(=O)c4ccco4)CC3)nc(N)c2cc1OC,1.371880249,train,butina,15,,,,
CC1(C)Cc2cc(NC(=O)c3cnn4cccnc34)c(OCC3CC3)nc2O1,0.38219721,train,butina,15,,,,
CC(C)CC(NC(=O)C(O)C(N)Cc1ccccc1)C(=O)O,1.54052968,train,butina,15,,,,
COCCc1ccc(OCC(O)CNC(C)C)cc1,2.0,train,butina,15,,,,
COc1cc(Cc2cnc(N)nc2N)cc(OC)c1OC,1.855513099,train,butina,15,,,,
CC(C(=O)O)c1cccc(C(=O)c2ccccc2)c1,0.047274867,train,butina,15,,,,
COc1cc2c(cc1OC)CN(CCc1ccc(NC(=O)c3cccc4c(O)c5cccc(OC)c5nc34)cc1)CC2,-1.292429824,train,butina,15,,,,
C=CCc1ccccc1OCC(O)CNC(C)C,1.496029699,train,butina,15,,,,
Nc1nc(=O)c2ncn(COCCO)c2[nH]1,1.850860573,train,butina,15,,,,
NCCCC[C@H](N[C@@H](CCc1ccccc1)C(=O)O)C(=O)N1CCC[C@H]1C(=O)O,2.0,train,butina,15,,,,
CCCc1nc2nc(C)c(NS(=O)(=O)c3ccc(C4CCCCC4)cc3)c(O)n2n1,-0.137272472,train,butina,15,,,,
COc1ccc([C@H]2c3[nH]c4ccc(Cl)cc4c3CCN2C(=O)Oc2ccc(Cl)cc2)cc1,1.754608223,train,butina,15,,,,
NC(=O)C1(Cc2ccc(-c3ccncc3)cc2)CCN(C(=O)Cc2cccc(F)c2)CC1,1.058463986,train,butina,15,,,,
O=C(NC1CCNCC1)c1ccc2[nH]ncc2c1,1.92695435,train,butina,15,,,,
Cc1cccc(/C=N/Nc2cc(N3CCOCC3)nc(OCCc3ccccn3)n2)c1,-0.27572413,train,butina,15,,,,
CCn1c(=O)oc2cc(NC(=O)c3ccc(C(C)(C)C)cc3)ccc21,0.180412633,train,butina,15,,,,
N#Cc1ccc(COc2cccc(C3CCN(Cc4nc5ccc(C(=O)O)cc5n4C[C@@H]4CCO4)CC3)n2)c(F)c1,0.312177356,train,butina,15,,,,
CC(C)[C@H](CO)Nc1nc(Nc2cc(N)cc(Cl)c2)c2ncn(C(C)C)c2n1,-0.099086932,train,butina,15,,,,
O=C(NC1CCNCC1)c1ccc2cn[nH]c2c1,1.70808081,train,butina,15,,,,
CC(C)(C)OC(=O)N1CCCC1C(=O)N1CCC(C(=O)N[C@@H](Cc2c[nH]c3ccccc23)C(=O)O)CC1,1.842553077,train,butina,15,,,,
CC(=O)Nc1ncc(C(=O)O)s1,1.854123782,train,butina,15,,,,
Cc1cccc(-c2nc(C34CCC(C(N)=O)(CC3)CC4)[nH]c2-c2ccc3c(c2)OCO3)n1,0.21031852,train,butina,15,,,,
COc1cc2nc(-c3cc(F)ccc3O)nc(N[C@@H]3CNC[C@H]3C(C)(C)O)c2cc1OC.Cl,-0.823908741,train,butina,15,,,,
CC(C)[C@@](C)(O)[C@@H]1CN(c2nc(-c3n[nH]c4ncccc34)c(F)cc2Cl)CCN1,0.622421274,train,butina,15,,,,
CN(c1ncc(F)cn1)[C@H]1CCCNC1,2.0,test,butina,15,1.3306292524600003,1.4392646724200002,1.0278126039700002,1.5726662930600006
C=CC(=O)N1CCC[C@@H](n2nc(-c3ccc(Oc4ccccc4)cc3)c3c(N)ncnc32)C1,-0.35853,test,butina,15,0.6195601208000001,0.35105803835000005,0.10055995393999996,0.15069925447000002
CCS(=O)(=O)N1CC(CC#N)(n2cc(-c3ncnc4[nH]ccc34)cn2)C1,2.0,test,butina,15,0.9962217494300005,1.0513507075800002,0.77039078964,1.1444767722800002
Cn1cc(Nc2nccc(N3CC4CCC(C3)N4C(=O)[C@@H]3CC3(F)F)n2)cn1,1.786412441,test,butina,15,1.246318655590001,1.102922272160001,1.1323810966600003,1.2280883059500003
C=CC(=O)N1CCC(CNc2ncnc(N)c2-c2ccc(Oc3ccccc3)cc2)CC1,0.901294817,test,butina,15,0.4944306215300001,0.24475852698000009,0.15382183680000008,0.11891083443999996
Cc1c(-c2c(F)cc(C(N)=O)c3[nH]c4c(c23)CC[C@H](C(C)(C)O)C4)cccc1-n1c(=O)c2cccc(F)c2n(C)c1=O,0.326540669,test,butina,15,0.3360161466500001,0.05586854279000002,0.2717160807799999,-0.13529992947000002
Cn1cc(-c2cn3nccc3c(-c3cnn([C@]4(CC#N)C[C@@H](C#N)C4)c3)n2)cn1,1.364100521,test,butina,15,0.6973162437500001,0.8225463341300001,0.5227848710999997,1.0743236409300008
N#CC[C@H](C1CCCC1)n1cc(-c2ncnc3[nH]ccc23)cn1,1.244598701,test,butina,15,1.3432153521500003,1.1233540321500004,0.7173545158599999,0.9066765604100003
CC(C)(C)c1ccc(-c2nc3n(c(=O)c2C#N)CCS3)cc1,0.455758203,test,butina,15,0.8514672203200003,0.99974514054,0.2582342717799999,0.5922830907000002
CC#CC(=O)N1CC[C@@H](n2c(=O)n(-c3ccc(Oc4ccccc4)cc3)c3c(N)ncnc32)C1,0.669595781,test,butina,15,0.6845976225199999,0.16369243087999996,0.2286159065699999,0.4362875253000001
C=CC(=O)N1CCC([C@@H]2CCNc3c(C(N)=O)c(-c4ccc(Oc5ccccc5)cc4)nn32)CC1,0.231979027,test,butina,15,0.7849326570900002,0.24576506901999987,0.18714670379999998,-0.03435537494
C=CC(=O)N1CCC[C@H](n2c(=O)n(-c3ccc(Oc4ccccc4)cc3)c3c(N)ncnc32)C1,0.276231958,test,butina,15,0.6036992340099999,0.3465883093099999,0.10356773915999992,0.043415681070000024
CC(C)(C=C(C#N)C(=O)N1CCC[C@@H](n2nc(-c3ccc(Oc4ccccc4)cc3F)c3c(N)ncnc32)C1)N1CCN(C2COC2)CC1,0.123198075,test,butina,15,0.3556268284600001,-0.048480068220000005,0.10729893749999998,-0.015704709479999995
CC#CC(=O)N1CC[C@@H](n2cc(-c3ccc(Oc4c(F)cccc4F)cc3)c3c(N)n[nH]c(=O)c32)C1,-0.029188389,test,butina,15,0.6769770227700002,0.16178554541,0.19036231701999995,-0.09168751276999998
O=C(Nc1cccc(-c2nncn2C2CC2)c1)c1cc(-n2cnc(C3CC3)c2)ccn1,0.611935625,test,butina,15,0.57565126607,0.65208888687,0.61528113263,0.4177668904899998
Nc1ncnc2c1c(-c1ccc(Oc3ccccc3)cc1)nn2[C@@H]1CCCNC1,0.846275242,test,butina,15,0.8861876576400002,0.21944783287999986,0.26770565409999986,0.20862873267999993
Cc1nnc(CN(C)CC(C)Oc2ccc(Cl)c(Cl)c2)n1C,1.114444172,test,butina,15,0.43261843809000006,1.0682546851200003,0.5075522389499999,0.8640712084400005
O=C1CN(c2ccc(Nc3nccc(C(F)(F)F)n3)cn2)CCN1,1.433497815,test,butina,15,1.190555962950001,1.1300507842299998,1.3041233720699998,1.3424012254200006
CC(=O)N1CCN(c2nc(C(F)(F)F)nc3sc(C)c(C)c23)CC1,0.624282096,test,butina,15,0.84303584357,1.1052781513700005,0.37573284191,0.8892051365700004
COc1ccc([C@H]2CN(C(C)=O)[C@@H]3CCCN(Cc4cccc(F)c4)[C@H]23)cc1,0.594060901,test,butina,15,0.9938462016500003,0.9041775855800003,0.44924266019000003,0.9528550992300002
CCn1c(CO)nn(-c2cc(O[C@@H](C)C(F)(F)F)c(C(=O)Nc3c(F)cccc3Cl)cc2F)c1=O,0.876910311,test,butina,15,0.7274286234199999,0.25518692630000006,0.2528492694100002,-0.0019354392200000336
CCN(C/C=C\c1ccc(C2CCCCC2)c(Cl)c1)C1CCCCC1,-0.266802735,test,butina,15,0.9067459335099997,0.7647736611499998,0.36866702396999984,0.6618622547299996
NCCN1CCN(C/C=C/C(=O)N2CCC[C@@H](n3nc(-c4ccc(Oc5ccccc5)cc4)c4c(N)ncnc43)C2)CC1,0.686814955,test,butina,15,0.7815847483999998,0.16380367644000005,0.08890781901000003,-0.12771961916000008
Cc1c(F)cccc1NC(=O)CN1[C@H]2CCCC(=O)N[C@@]2(C)C[C@H]1Cc1ccccc1,0.925312092,test,butina,15,0.8108344157999998,0.8597672630999998,1.1875777153300002,0.8083437446499999
Cc1ccc(NC(=O)CN2[C@H]3CCCC(=O)N[C@@]3(C)C[C@H]2Cc2ccccc2)cc1F,0.360971884,test,butina,15,0.5755473973399998,0.92743417261,0.9826237047900003,0.7856445574599998
C#C[C@@](C)(CC)NC(=O)c1cc(F)cnc1NC1CC(F)(F)C1,0.850278553,test,butina,15,0.8845775509900001,1.1532730616600002,0.6857750998500002,0.9760477260900003
Cc1[nH]nc2c1C1(CCCCC1)CC(=O)N2,1.284633733,test,butina,15,0.8586691274700005,1.2446718731700004,0.88869053834,1.38912923315
Nc1ncnc2c1c(-c1cnc3[nH]ccc3c1)nn2C1CCCC1,0.780605306,test,butina,15,0.9096936658300002,0.6736909184700002,0.5936029089399999,0.8253208295799996
Cc1cc(N2CCCC2)nc(C2CCCN(C)C2)n1,1.861522463,test,butina,15,0.8605072748600002,1.38699976929,0.8579825834199998,1.5324136558800001
CC(CCc1ccccc1)NCC(O)c1ccc(O)c(C(N)=O)c1,1.65850745,test,butina,15,0.8824333551000001,0.8867800901300004,0.8020519785400002,1.34714276888
N#Cc1cc(F)c(NS(=O)(=O)c2c[nH]c3cc(Cl)ccc23)cc1F,-0.251811973,test,butina,15,0.4110925713200001,0.5664557696,1.2232718717100004,0.5584194108899997
CC(=O)Nc1ccc(O)cc1,1.916985305,test,butina,15,1.13230685079,1.1935572250300002,0.43201915285999976,1.3524069548900002
COc1ccc(OC[C@@H]2c3cc(OC)c(OC)cc3CCN2C(=O)c2cccc(Cl)c2)cc1,0.232233521,test,butina,15,0.60855131088,0.6395391716299996,0.17536250390999997,0.2863021892799998
O=C(Nc1cccc2c(=O)cc(-c3nnn[nH]3)oc12)c1ccc(OCCCCc2ccccc2)cc1,0.77224834,test,butina,15,0.4365210358499999,0.029468216010000006,0.26117030917999995,-0.20303351743
CNc1cc(Nc2cccn(-c3ccccn3)c2=O)nn2c(C(=O)N[C@@H]3C[C@@H]3F)cnc12,0.51851394,train,butina,16,,,,
CCOc1cc2nn(CCC(C)(C)O)cc2cc1NC(=O)c1cccc(C(F)F)n1,0.268343914,train,butina,16,,,,
CN(c1ncc(F)cn1)[C@H]1CCCNC1,2.0,train,butina,16,,,,
CC(C)(O)CCn1cc2cc(NC(=O)c3cccc(C(F)(F)F)n3)c(C(C)(C)O)cc2n1,1.092264361,train,butina,16,,,,
CC#CC(=O)N[C@H]1CCCN(c2c(F)cc(C(N)=O)c3[nH]c(C)c(C)c23)C1,-0.639532816,train,butina,16,,,,
CC(C)NCC(O)COc1cccc2ccccc12,1.347759218,train,butina,16,,,,
COc1ccc(Cl)cc1C(=O)NCCc1ccc(S(=O)(=O)NC(=O)NC2CCCCC2)cc1,-0.943095149,train,butina,16,,,,
C=CC(=O)N1CCC[C@@H](n2nc(-c3ccc(Oc4ccccc4)cc3)c3c(N)ncnc32)C1,-0.35853,train,butina,16,,,,
CC(C)NC(=O)COc1cccc(-c2nc(Nc3ccc4[nH]ncc4c3)c3ccccc3n2)c1,-0.504455662,train,butina,16,,,,
CCS(=O)(=O)N1CC(CC#N)(n2cc(-c3ncnc4[nH]ccc34)cn2)C1,2.0,train,butina,16,,,,
COc1cc2c(cc1OC)CC(=O)N(CCCN(C)C[C@H]1Cc3cc(OC)c(OC)cc31)CC2,1.615139594,train,butina,16,,,,
N#Cc1ccc2[nH]c(O)c(-c3ccc(CN4CCOCC4)cn3)c2c1,1.072507236,train,butina,16,,,,
CCCc1cc(N2CCc3c(nc(C4CC4)n3C)C2)n2ncnc2n1,1.388207807,train,butina,16,,,,
Fc1ccc(-c2ccc3c(c2)[nH]c2ccncc23)cn1,0.640978057,train,butina,16,,,,
Nc1c(F)ccc2cnc(-n3ccc4ccncc43)cc12,0.631443769,train,butina,16,,,,
C=CC(=O)N1C[C@H](Nc2ncnc3[nH]ccc23)CC[C@@H]1C,1.74597993,train,butina,16,,,,
Cn1cc(Nc2nccc(N3CC4CCC(C3)N4C(=O)[C@@H]3CC3(F)F)n2)cn1,1.786412441,train,butina,16,,,,
C=CC(=O)N1CCC(CNc2ncnc(N)c2-c2ccc(Oc3ccccc3)cc2)CC1,0.901294817,train,butina,16,,,,
Nc1n[nH]cc1-c1cc(Cl)ccc1Oc1cc(F)c(S(=O)(=O)Nc2cscn2)cc1Cl,-0.08249449,train,butina,16,,,,
Cc1c(-c2c(F)cc(C(N)=O)c3[nH]c4c(c23)CC[C@H](C(C)(C)O)C4)cccc1-n1c(=O)c2cccc(F)c2n(C)c1=O,0.326540669,train,butina,16,,,,
Cn1cc(-c2cn3nccc3c(-c3cnn([C@]4(CC#N)C[C@@H](C#N)C4)c3)n2)cn1,1.364100521,train,butina,16,,,,
O=C(Nc1cccnc1)c1ccnc(NC(=O)C2CC2)c1,1.615287063,train,butina,16,,,,
O=C(c1ccc(Oc2ccccc2)cc1Cl)c1c[nH]c2ncnc(N[C@@H]3CC[C@@H](CO)OC3)c12,-0.295849483,train,butina,16,,,,
N#CC[C@H](C1CCCC1)n1cc(-c2ncnc3[nH]ccc23)cn1,1.244598701,train,butina,16,,,,
CC(C)(C)c1ccc(-c2nc3n(c(=O)c2C#N)CCS3)cc1,0.455758203,train,butina,16,,,,
CC#CC(=O)N1CC[C@@H](n2c(=O)n(-c3ccc(Oc4ccccc4)cc3)c3c(N)ncnc32)C1,0.669595781,train,butina,16,,,,
C=CC(=O)N1CCC([C@@H]2CCNc3c(C(N)=O)c(-c4ccc(Oc5ccccc5)cc4)nn32)CC1,0.231979027,train,butina,16,,,,
C=CC(=O)N1CCC[C@H](n2c(=O)n(-c3ccc(Oc4ccccc4)cc3)c3c(N)ncnc32)C1,0.276231958,train,butina,16,,,,
CC(C)(C=C(C#N)C(=O)N1CCC[C@@H](n2nc(-c3ccc(Oc4ccccc4)cc3F)c3c(N)ncnc32)C1)N1CCN(C2COC2)CC1,0.123198075,train,butina,16,,,,
CC#CC(=O)N1CC[C@@H](n2cc(-c3ccc(Oc4c(F)cccc4F)cc3)c3c(N)n[nH]c(=O)c32)C1,-0.029188389,train,butina,16,,,,
C[C@@H]1c2nnn(-c3ncc(F)cn3)c2CCN1C(=O)c1cccc(C(F)(F)F)c1Cl,1.240049772,train,butina,16,,,,
COc1ccccc1-c1cc(NC(=O)c2cccc(N3CCNC3=O)c2)[nH]n1,-0.742321425,train,butina,16,,,,
O=C(Nc1cccc(-c2nncn2C2CC2)c1)c1cc(-n2cnc(C3CC3)c2)ccn1,0.611935625,train,butina,16,,,,
CCc1nc(C)cn2nc(-c3cc(=O)n4cc(C5CCN(C)CC5)cc(C)c4n3)cc12,0.593618308,train,butina,16,,,,
Cc1c(Cl)ccc2cc3n(c12)[C@@H](C)CNC3=O,0.696793085,train,butina,16,,,,
Nc1ncnc2c1c(-c1ccc(Oc3ccccc3)cc1)nn2[C@@H]1CCCNC1,0.846275242,train,butina,16,,,,
Cc1nnc(CN(C)CC(C)Oc2ccc(Cl)c(Cl)c2)n1C,1.114444172,train,butina,16,,,,
COc1nn(C)cc1C(=O)Nc1cccc(-c2cnc3n2CCC3)c1,0.685562611,train,butina,16,,,,
COc1cc(F)ccc1-c1ncnc(Nc2cccc(C[S@@](C)(=N)=O)c2)n1,1.574609941,train,butina,16,,,,
Cc1ncc(CN2CC[C@@H](Nc3cncc(Cl)n3)[C@@H](C)C2)s1,1.264227348,train,butina,16,,,,
Cc1ccc(C(=O)N2CCC(Cc3ccccc3-c3ccccc3)(C(=O)N(C)C)CC2)s1,-0.590066877,train,butina,16,,,,
CCc1nc2c(C)cc(N3CCN(CC(=O)N4CC(O)C4)CC3)cn2c1N(C)c1nc(-c2ccc(F)cc2)c(C#N)s1,-0.434152181,train,butina,16,,,,
C[C@@H]1CCN(C(=O)CC#N)C[C@@H]1N(C)c1ncnc2[nH]ccc12,1.747124255,train,butina,16,,,,
CN(C)C(=O)C1(Cc2ccccc2-c2ccccc2)CCN(C(=O)C2CCCO2)CC1,1.265713811,train,butina,16,,,,
O=C1CN(c2ccc(Nc3nccc(C(F)(F)F)n3)cn2)CCN1,1.433497815,train,butina,16,,,,
O=C1NCCN(C(=O)c2ccc3nccn3c2)C1c1ccccc1C(F)(F)F,1.801527189,train,butina,16,,,,
Cc1cc(F)ccc1C1C(=O)NCCN1C(=O)c1ccc2nccn2c1,1.950724994,train,butina,16,,,,
O=C1NCCN(C(=O)c2ccncc2)C1c1ccccc1Cl,1.868168158,train,butina,16,,,,
C[C@H]1CN(C(=O)CC(c2ccccc2)c2ccccc2)C[C@@H](C)O1,0.718335579,train,butina,16,,,,
CC(C)(C)C(=O)N1CCC(Cc2ccc(-c3cccs3)cc2)(C(=O)N2CCCC2)CC1,0.008174184,train,butina,16,,,,
OC[C@H](Nc1cncc(-c2ccc3[nH]ncc3n2)c1)c1ccccc1,1.024690862,train,butina,16,,,,
OCC1CCCCN1Cc1ccc(Cl)c(Cl)c1,1.484982782,train,butina,16,,,,
CC(=O)N1CCN(c2nc(C(F)(F)F)nc3sc(C)c(C)c23)CC1,0.624282096,train,butina,16,,,,
COc1ccccc1C(=O)Nc1ccc2cc[nH]c2c1,0.571825249,train,butina,16,,,,
c1ccc(Oc2cccc(CN(CCN3CCOCC3)Cc3cccnc3)c2)cc1,0.142389466,train,butina,16,,,,
COc1ccc([C@H]2CN(C(C)=O)[C@@H]3CCCN(Cc4cccc(F)c4)[C@H]23)cc1,0.594060901,train,butina,16,,,,
Cc1c(C(=O)NCCCN(C)C)sc2ncnc(Nc3ccc(F)cc3OC(C)C)c12,0.966376423,train,butina,16,,,,
OCC1CCCCN1Cc1ccc(-c2ccccc2)cc1,1.394924244,train,butina,16,,,,
Nc1ncc(C(=O)NC2CN(C(=O)C3CC3)C2)c2ccc(-c3cccc(F)c3)nc12,0.38219721,train,butina,16,,,,
CC1(C)CC(Oc2ccc(-c3ccc(-c4cn[nH]c4)cc3O)nn2)CC(C)(C)N1,1.241969612,train,butina,16,,,,
Cc1nnc(-c2ccc3occ(-c4ccc(S(C)=O)cc4)c3c2)o1,1.077985291,train,butina,16,,,,
O=C(Nc1ccc2ccccc2n1)c1ccc(N2CCOC2=O)cc1,0.069298012,train,butina,16,,,,
O=C(CCNC(=O)c1ccc(OC(F)(F)F)cc1)N[C@@H]1CCCc2ccccc21,0.630427875,train,butina,16,,,,
CCN1CCN(S(=O)(=O)Cc2ccc(Cl)c(Cl)c2)CC1,1.071845201,train,butina,16,,,,
O=C(Nc1nc2cccc(-c3ccc(CN4CCS(=O)(=O)CC4)cc3)n2n1)C1CC1,1.601853652,train,butina,16,,,,
CCn1c(CO)nn(-c2cc(O[C@@H](C)C(F)(F)F)c(C(=O)Nc3c(F)cccc3Cl)cc2F)c1=O,0.876910311,train,butina,16,,,,
CCN(C/C=C\c1ccc(C2CCCCC2)c(Cl)c1)C1CCCCC1,-0.266802735,train,butina,16,,,,
NCCN1CCN(C/C=C/C(=O)N2CCC[C@@H](n3nc(-c4ccc(Oc5ccccc5)cc4)c4c(N)ncnc43)C2)CC1,0.686814955,train,butina,16,,,,
Cn1c(C2CC2)nc2c1CCN(c1ncnc3ccsc13)C2,1.192985379,train,butina,16,,,,
CC/C(=C(\c1ccccc1)c1ccc(OCCN(C)C)cc1)c1ccccc1,-0.341988603,train,butina,16,,,,
COc1nn(C)cc1C(=O)Nc1cccc2cnccc12,1.58945809,train,butina,16,,,,
CNC(=O)C1(Cc2ccc(-c3ccncc3)cc2)CCN(Cc2cccc(F)c2)C1,0.715167358,train,butina,16,,,,
Cc1ncc(CN2CCC(Nc3ccc4nnnn4n3)C(C)C2)s1,1.579154557,train,butina,16,,,,
Cc1nc(Nc2nccs2)cc(C2CN(c3ncccn3)C2)n1,0.374565061,train,butina,16,,,,
COc1ccc(CCCN2CCN(c3cnn(C)c3)C(=O)C2)cc1F,1.308414999,train,butina,16,,,,
Cc1noc(C(C)C)c1C(=O)N1CC(C)OC(c2ccccc2)C1,1.111934276,train,butina,16,,,,
Cc1c(F)cccc1NC(=O)CN1[C@H]2CCCC(=O)N[C@@]2(C)C[C@H]1Cc1ccccc1,0.925312092,train,butina,16,,,,
CCC1=C(C)CN(C(=O)NCCc2ccc(S(=O)(=O)NC(=O)N[C@H]3CC[C@H](C)CC3)cc2)C1=O,-1.638272164,train,butina,16,,,,
Cc1ccc(NC(=O)CN2[C@H]3CCCC(=O)N[C@@]3(C)C[C@H]2Cc2ccccc2)cc1F,0.360971884,train,butina,16,,,,
CN(C)C(=O)C1(Cc2ccccc2-c2cccc(F)c2)CCN(C(=O)C2CC=CCC2)CC1,0.142702246,train,butina,16,,,,
COCC(=O)N1CCC(Cc2ccccc2-c2cccc(F)c2)(C(=O)NC(C)C)CC1,1.076967952,train,butina,16,,,,
COc1ccc(CNC(=O)c2sc3nc(C)cc(C)c3c2N)cc1,-0.18243463,train,butina,16,,,,
C#C[C@@](C)(CC)NC(=O)c1cc(F)cnc1NC1CC(F)(F)C1,0.850278553,train,butina,16,,,,
Cn1cc(Nc2nc(N)nc(-c3cccc(-n4ccc5cc(C6CC6)cc(F)c5c4=O)c3CO)n2)cn1,0.581038949,train,butina,16,,,,
Cc1cnc(C(=O)NCCc2ccc(S(=O)(=O)NC(=O)NC3CCCCC3)cc2)cn1,-0.204119983,train,butina,16,,,,
CNC(=O)C1(Cc2ccc(-c3cccnc3)cc2)CCN(Cc2ccc(F)cc2)C1,0.918868743,train,butina,16,,,,
CNC(=O)C1(Cc2ccc(-c3cccnc3)cc2)CCN(Cc2cccc(F)c2)C1,0.531095547,train,butina,16,,,,
CC(=O)Nc1ncc(CN2CCCC[C@@H]2C)s1,1.923109252,train,butina,16,,,,
O=C1CCCC[C@@H]2[C@H](C[C@@H](Cc3ccccc3F)N2C(=O)c2cccc3ncccc23)N1,1.348966512,train,butina,16,,,,
CCOc1cc(CC(=O)N[C@@H](CC(C)C)c2ccccc2N2CCCCC2)ccc1C(=O)O,-0.063486258,train,butina,16,,,,
CC(O)(C#Cc1ccc2c(c1)N(c1nc(N)ncc1Cl)CC2)c1nccs1,0.275311355,train,butina,16,,,,
COCCc1noc(CN2CC(c3ccccc3)(c3ccccc3)CCC2=O)n1,1.25166255,train,butina,16,,,,
Cc1[nH]nc2c1C1(CCCCC1)CC(=O)N2,1.284633733,train,butina,16,,,,
Cc1oc2ccccc2c1CNc1nnc(-c2ccncc2)o1,-0.172630727,train,butina,16,,,,
O=C(Nc1cccc2ncccc12)[C@H]1CCCN(S(=O)(=O)c2ccccc2)C1,1.091666958,train,butina,16,,,,
C[C@@H]1Cc2ccccc2N1C(=O)Cn1nc(-c2cccc3ncccc23)oc1=O,0.360404055,train,butina,16,,,,
Nc1ncnc2c1c(-c1cnc3[nH]ccc3c1)nn2C1CCCC1,0.780605306,train,butina,16,,,,
O=C(Nc1cnccc1-c1ccc(Cl)cc1)c1ccnc(NC(=O)C2CC2)c1,0.847634344,train,butina,16,,,,
CC1CN(C(=O)c2cccnc2N2CCOCC2)CC(c2ccccc2)O1,1.555686814,train,butina,16,,,,
CCCCNC(=O)NS(=O)(=O)c1ccc(C)cc1,0.440121603,train,butina,16,,,,
Cc1cc(Nc2cnccn2)cc(C2CCCN(CC(=O)N3CCCC3)C2)n1,1.632416797,train,butina,16,,,,
Cc1cccnc1Nc1cccc(C2CCCN(CC(=O)Nc3nccs3)C2)n1,0.637289548,train,butina,16,,,,
CN(C)C(=O)C1(Cc2ccccc2-c2ccccc2)CCN(C(=O)c2cnn(C)c2)CC1,1.146840934,train,butina,16,,,,
CC1(C)CC(=O)C2=C(C1)NC(=O)CC2c1ccc(Br)cc1,0.944630702,train,butina,16,,,,
CN1CCN(S(=O)(=O)c2ccc(-c3cnc(N)c(C(=O)Nc4cccnc4)n3)cc2)CC1,0.915558115,train,butina,16,,,,
CNC(=O)C1(Cc2ccc(-c3cccnc3)cc2)CCN(Cc2ccccc2Cl)C1,0.273695588,train,butina,16,,,,
Cc1cc(N2CCCC2c2cc(CCC(=O)O)cc(C)n2)ncn1,2.0,train,butina,16,,,,
CCCNC(=O)NS(=O)(=O)c1ccc(Cl)cc1,0.628286731,train,butina,16,,,,
Cc1cc(C)c2c(N)c(C(=O)NCc3ccc(Cl)cc3)sc2n1,-0.185752404,train,butina,16,,,,
COCCNC(=O)c1ccnc(C2CCNCC2)c1,2.0,train,butina,16,,,,
COc1nc2sc(C(=O)NC3CC3)c(N)c2c(C)c1Cl,0.452093249,train,butina,16,,,,
CC1(CNC(=O)c2cncc(C3CCNCC3)n2)CCCO1,1.960042456,train,butina,16,,,,
Cc1cc(N2CCCC2)nc(C2CCCN(C)C2)n1,1.861522463,train,butina,16,,,,
CCn1cc(C(=O)O)c(=O)c2c(N)c(F)c(NC3CCCCC3)cc21,0.426673888,train,butina,16,,,,
CC(CCc1ccccc1)NCC(O)c1ccc(O)c(C(N)=O)c1,1.65850745,train,butina,16,,,,
CC1(C)Cc2cc(NC(=O)c3cnn4cccnc34)c(OCC3CC3)nc2O1,0.38219721,train,butina,16,,,,
N#Cc1cc(F)c(NS(=O)(=O)c2c[nH]c3cc(Cl)ccc23)cc1F,-0.251811973,train,butina,16,,,,
CC(C)CC(NC(=O)C(O)C(N)Cc1ccccc1)C(=O)O,1.54052968,train,butina,16,,,,
COCCc1ccc(OCC(O)CNC(C)C)cc1,2.0,train,butina,16,,,,
COc1cc(Cc2cnc(N)nc2N)cc(OC)c1OC,1.855513099,train,butina,16,,,,
COc1cc2c(cc1OC)CN(CCc1ccc(NC(=O)c3cccc4c(O)c5cccc(OC)c5nc34)cc1)CC2,-1.292429824,train,butina,16,,,,
C=CCc1ccccc1OCC(O)CNC(C)C,1.496029699,train,butina,16,,,,
COc1ccc([C@H]2c3[nH]c4ccc(Cl)cc4c3CCN2C(=O)Oc2ccc(Cl)cc2)cc1,1.754608223,train,butina,16,,,,
NC(=O)C1(Cc2ccc(-c3ccncc3)cc2)CCN(C(=O)Cc2cccc(F)c2)CC1,1.058463986,train,butina,16,,,,
CC(=O)Nc1ccc(O)cc1,1.916985305,train,butina,16,,,,
O=C(NC1CCNCC1)c1ccc2[nH]ncc2c1,1.92695435,train,butina,16,,,,
CCn1c(=O)oc2cc(NC(=O)c3ccc(C(C)(C)C)cc3)ccc21,0.180412633,train,butina,16,,,,
COc1ccc(OC[C@@H]2c3cc(OC)c(OC)cc3CCN2C(=O)c2cccc(Cl)c2)cc1,0.232233521,train,butina,16,,,,
N#Cc1ccc(COc2cccc(C3CCN(Cc4nc5ccc(C(=O)O)cc5n4C[C@@H]4CCO4)CC3)n2)c(F)c1,0.312177356,train,butina,16,,,,
CC(C)[C@H](CO)Nc1nc(Nc2cc(N)cc(Cl)c2)c2ncn(C(C)C)c2n1,-0.099086932,train,butina,16,,,,
O=C(NC1CCNCC1)c1ccc2cn[nH]c2c1,1.70808081,train,butina,16,,,,
CC(C)(C)OC(=O)N1CCCC1C(=O)N1CCC(C(=O)N[C@@H](Cc2c[nH]c3ccccc23)C(=O)O)CC1,1.842553077,train,butina,16,,,,
O=C(Nc1cccc2c(=O)cc(-c3nnn[nH]3)oc12)c1ccc(OCCCCc2ccccc2)cc1,0.77224834,train,butina,16,,,,
CC(=O)Nc1ncc(C(=O)O)s1,1.854123782,train,butina,16,,,,
Cc1cccc(-c2nc(C34CCC(C(N)=O)(CC3)CC4)[nH]c2-c2ccc3c(c2)OCO3)n1,0.21031852,train,butina,16,,,,
COc1cc2nc(-c3cc(F)ccc3O)nc(N[C@@H]3CNC[C@H]3C(C)(C)O)c2cc1OC.Cl,-0.823908741,train,butina,16,,,,
CC(C)[C@@](C)(O)[C@@H]1CN(c2nc(-c3n[nH]c4ncccc34)c(F)cc2Cl)CCN1,0.622421274,train,butina,16,,,,
CC(C)(Oc1ccc(-c2cnc(N)c(-c3ccc(Cl)cc3)c2)cc1)C(=O)O,-1.403402904,test,butina,16,0.27377781846000016,0.7043762489699996,0.7446906533200003,0.24107616185000005
COc1ccc(S(=O)(=O)N2CCC(N3CCC(C)CC3)CC2)cc1,1.626076768,test,butina,16,0.8691528896499999,1.2387403700200001,0.7277988864400001,1.4585114195999997
CCn1c(-c2nonc2N)nc2cnc(Oc3cccc(NC(=O)c4ccc(OCCN5CCOCC5)cc4)c3)cc21,-0.325138859,test,butina,16,0.4597304046300001,0.09423560965,0.38755035988000003,-0.07667833997000001
CC1(C)CC[C@]2(NC(=O)C(C)(F)F)CC[C@]3(C)[C@H](C(=O)C=C4[C@@]3(C)CC[C@H]3C(C)(C)C(=O)C(C#N)=C[C@]43C)[C@@H]2C1,-0.055517328,test,butina,16,0.8007896175800003,0.6610407889899997,0.4793167579099997,0.3390132867799999
Cc1c[nH]c2nccc(Oc3c(F)cc(Nc4cc(Cl)nc(N)n4)cc3F)c12,-0.68613278,test,butina,16,0.49518817871000004,0.4834067294400001,0.5400273983400002,0.33138628204
[2H]C([2H])([2H])NC(=O)c1nnc(NC(=O)C2CC2)cc1Nc1cccc(-c2ncn(C)n2)c1OC,1.236577565,test,butina,16,1.04890712413,0.5973899694800001,0.6818605447299996,0.7788968190699996
C=CC(=O)Nc1cccc(Oc2nc(Nc3ccc(N4CCN(C)CC4)cc3)nc3ccsc23)c1,-0.308918508,test,butina,16,0.6469035267299996,0.37658092706999996,0.3280789111100001,-0.022824557080000016
C=CC(=O)Nc1cccc(Oc2nc(Nc3ccc(N4CCN(C)CC4)c(F)c3)nc3[nH]ccc23)c1,-0.139063379,test,butina,16,0.8716845575000002,0.22516961965,0.4202677361,-0.07018859881
Nc1ncc(-c2cccc(C(F)(F)F)c2)c(C2CCCCN2C(=O)c2ccccc2)n1,0.137354111,test,butina,16,0.8738324040700003,0.8854204866000005,0.9891310703299999,0.7156903596199997
Fc1ccccc1-c1c[nH]nc1C1CCCN1Cc1ccc2ncccc2c1,0.460897843,test,butina,16,0.7746336938199998,0.7636953947200001,0.8134056823799999,0.5194121647599999
Cc1nccc(-c2cn(Cc3ccccc3)c3cnccc23)n1,1.207445854,test,butina,16,0.9307575162700006,0.8078786474800002,0.8338479018000001,0.5311795460400001
CC(=O)Nc1ccc(C(=O)N2CCCCC2c2nc(N)ncc2-c2ccc(Cl)cc2)cc1,0.549861188,test,butina,16,1.0414938212900002,0.48692677850999977,0.75421223691,0.34927893814000016
CC(=O)Nc1ccc(C(=O)N2CCCCC2c2nc(N)ncc2-c2cccc(Cl)c2)cc1,0.584331224,test,butina,16,0.9219007200100002,0.49864030924999986,0.80076939071,0.3454262573900001
CN1[C@H]2CC[C@@H]1C[C@@H](OC(c1ccccc1)c1ccccc1)C2,1.180842415,test,butina,16,1.0822421489600003,0.9294464252799997,0.7541058944099999,0.8691039419199998
Cc1ncsc1C(=O)N1CCCCC1c1nc(N(C)C)ncc1-c1cccc(Cl)c1,0.021602716,test,butina,16,0.9606877931599999,0.55888178374,0.9704277288700003,0.5281086512600001
Cc1ncsc1C(=O)N1CCCCC1c1nc(N)ncc1-c1cccc(C(F)(F)F)c1,0.86254877,test,butina,16,0.9043631067200003,0.7922371301700001,0.9056522436399999,0.6291028814299998
O=S(=O)(c1cccc2cnccc12)N1CCCNCC1,1.844321821,test,butina,16,1.0182878979300003,1.2019222648600003,0.9965945453899999,1.4877388830300007
C=CC(=O)Nc1cccc(Oc2nc(Nc3ccc(N4CCN(C)CC4)cc3)nc3ccoc23)c1,-0.208309351,test,butina,16,0.5010314876099999,0.2989001840299999,0.32537747736999995,0.09101954471999997
COc1ccc(Nc2c(C#N)cnc3cc(OC)c(OC)cc23)cc1Cl,0.115943177,test,butina,16,0.8610879642800002,0.5695859170399998,0.5595115273200002,0.17780603150999996
CN(Cc1ccccc1)C1(C(=O)N2CCNC(=O)CC2)Cc2ccccc2C1,0.912806393,test,butina,16,0.8351613412200003,1.0005191892900003,0.87248193849,1.2743544415500003
O=S(=O)(c1cccc2c(O)nccc12)N1CCCNCC1,1.990813743,test,butina,16,1.01108907921,1.1803425284400004,1.0404468176900006,1.5496590740600007
CN1C(N)=N[C@](C)(c2cc(NC(=O)c3ccc(F)cn3)ccc2F)CS1(=O)=O,1.491417728,test,butina,16,0.88000924962,1.1073021022700005,0.8277970371499995,0.9273891222300005
O=C(CN1CCCC(c2cccc(Cc3cccc(F)c3)n2)C1)N1CCCC1,0.953856298,test,butina,16,0.8383363074100001,1.2570672979300006,1.1693206137700007,0.8091756215400002
COc1cc2ncnc(Nc3cccc(O)c3)c2cc1OC,0.650307523,test,butina,16,0.7126264643000002,0.8503292935700003,0.5438890003299999,0.6915341039700003
O=C1NCCSc2c1sc1ccc(O)cc21,1.164679941,test,butina,16,1.1148882910800006,1.1758392805400006,0.6262741677500001,1.2571632595900004
COc1cc2nc(N3CCN(C(=O)c4ccco4)CC3)nc(N)c2cc1OC,1.371880249,test,butina,16,0.5807441770200001,0.8299411408900003,0.6595915133100003,0.73609403006
CC(C(=O)O)c1cccc(C(=O)c2ccccc2)c1,0.047274867,test,butina,16,0.8300838743100001,1.1983533512899998,1.1039813311200002,0.7907954856499999
Nc1nc(=O)c2ncn(COCCO)c2[nH]1,1.850860573,test,butina,16,0.8909477344700004,1.3942061111000004,0.8573276308800001,1.6673671934899996
NCCCC[C@H](N[C@@H](CCc1ccccc1)C(=O)O)C(=O)N1CCC[C@H]1C(=O)O,2.0,test,butina,16,1.08408600264,0.7673424127900003,0.9958850321000002,1.20238232333
CCCc1nc2nc(C)c(NS(=O)(=O)c3ccc(C4CCCCC4)cc3)c(O)n2n1,-0.137272472,test,butina,16,0.8194247389699997,0.4531174056,0.5174714367900002,0.6268313917999998
Cc1cccc(/C=N/Nc2cc(N3CCOCC3)nc(OCCc3ccccn3)n2)c1,-0.27572413,test,butina,16,0.7799014127699999,0.5935381371499999,0.7263232730200002,0.5023562280599998
CCOc1cc2nn(CCC(C)(C)O)cc2cc1NC(=O)c1cccc(C(F)F)n1,0.268343914,train,butina,17,,,,
CN(c1ncc(F)cn1)[C@H]1CCCNC1,2.0,train,butina,17,,,,
CC(C)(Oc1ccc(-c2cnc(N)c(-c3ccc(Cl)cc3)c2)cc1)C(=O)O,-1.403402904,train,butina,17,,,,
CC(C)(O)CCn1cc2cc(NC(=O)c3cccc(C(F)(F)F)n3)c(C(C)(C)O)cc2n1,1.092264361,train,butina,17,,,,
CC#CC(=O)N[C@H]1CCCN(c2c(F)cc(C(N)=O)c3[nH]c(C)c(C)c23)C1,-0.639532816,train,butina,17,,,,
CC(C)NCC(O)COc1cccc2ccccc12,1.347759218,train,butina,17,,,,
C=CC(=O)N1CCC[C@@H](n2nc(-c3ccc(Oc4ccccc4)cc3)c3c(N)ncnc32)C1,-0.35853,train,butina,17,,,,
CCS(=O)(=O)N1CC(CC#N)(n2cc(-c3ncnc4[nH]ccc34)cn2)C1,2.0,train,butina,17,,,,
COc1ccc(S(=O)(=O)N2CCC(N3CCC(C)CC3)CC2)cc1,1.626076768,train,butina,17,,,,
CCn1c(-c2nonc2N)nc2cnc(Oc3cccc(NC(=O)c4ccc(OCCN5CCOCC5)cc4)c3)cc21,-0.325138859,train,butina,17,,,,
CC1(C)CC[C@]2(NC(=O)C(C)(F)F)CC[C@]3(C)[C@H](C(=O)C=C4[C@@]3(C)CC[C@H]3C(C)(C)C(=O)C(C#N)=C[C@]43C)[C@@H]2C1,-0.055517328,train,butina,17,,,,
Cc1c[nH]c2nccc(Oc3c(F)cc(Nc4cc(Cl)nc(N)n4)cc3F)c12,-0.68613278,train,butina,17,,,,
N#Cc1ccc2[nH]c(O)c(-c3ccc(CN4CCOCC4)cn3)c2c1,1.072507236,train,butina,17,,,,
CCCc1cc(N2CCc3c(nc(C4CC4)n3C)C2)n2ncnc2n1,1.388207807,train,butina,17,,,,
Fc1ccc(-c2ccc3c(c2)[nH]c2ccncc23)cn1,0.640978057,train,butina,17,,,,
C=CC(=O)N1C[C@H](Nc2ncnc3[nH]ccc23)CC[C@@H]1C,1.74597993,train,butina,17,,,,
Cn1cc(Nc2nccc(N3CC4CCC(C3)N4C(=O)[C@@H]3CC3(F)F)n2)cn1,1.786412441,train,butina,17,,,,
[2H]C([2H])([2H])NC(=O)c1nnc(NC(=O)C2CC2)cc1Nc1cccc(-c2ncn(C)n2)c1OC,1.236577565,train,butina,17,,,,
C=CC(=O)N1CCC(CNc2ncnc(N)c2-c2ccc(Oc3ccccc3)cc2)CC1,0.901294817,train,butina,17,,,,
Nc1n[nH]cc1-c1cc(Cl)ccc1Oc1cc(F)c(S(=O)(=O)Nc2cscn2)cc1Cl,-0.08249449,train,butina,17,,,,
Cc1c(-c2c(F)cc(C(N)=O)c3[nH]c4c(c23)CC[C@H](C(C)(C)O)C4)cccc1-n1c(=O)c2cccc(F)c2n(C)c1=O,0.326540669,train,butina,17,,,,
Cn1cc(-c2cn3nccc3c(-c3cnn([C@]4(CC#N)C[C@@H](C#N)C4)c3)n2)cn1,1.364100521,train,butina,17,,,,
O=C(Nc1cccnc1)c1ccnc(NC(=O)C2CC2)c1,1.615287063,train,butina,17,,,,
O=C(c1ccc(Oc2ccccc2)cc1Cl)c1c[nH]c2ncnc(N[C@@H]3CC[C@@H](CO)OC3)c12,-0.295849483,train,butina,17,,,,
N#CC[C@H](C1CCCC1)n1cc(-c2ncnc3[nH]ccc23)cn1,1.244598701,train,butina,17,,,,
CC(C)(C)c1ccc(-c2nc3n(c(=O)c2C#N)CCS3)cc1,0.455758203,train,butina,17,,,,
C=CC(=O)Nc1cccc(Oc2nc(Nc3ccc(N4CCN(C)CC4)cc3)nc3ccsc23)c1,-0.308918508,train,butina,17,,,,
CC#CC(=O)N1CC[C@@H](n2c(=O)n(-c3ccc(Oc4ccccc4)cc3)c3c(N)ncnc32)C1,0.669595781,train,butina,17,,,,
C=CC(=O)N1CCC([C@@H]2CCNc3c(C(N)=O)c(-c4ccc(Oc5ccccc5)cc4)nn32)CC1,0.231979027,train,butina,17,,,,
C=CC(=O)N1CCC[C@H](n2c(=O)n(-c3ccc(Oc4ccccc4)cc3)c3c(N)ncnc32)C1,0.276231958,train,butina,17,,,,
CC(C)(C=C(C#N)C(=O)N1CCC[C@@H](n2nc(-c3ccc(Oc4ccccc4)cc3F)c3c(N)ncnc32)C1)N1CCN(C2COC2)CC1,0.123198075,train,butina,17,,,,
CC#CC(=O)N1CC[C@@H](n2cc(-c3ccc(Oc4c(F)cccc4F)cc3)c3c(N)n[nH]c(=O)c32)C1,-0.029188389,train,butina,17,,,,
C=CC(=O)Nc1cccc(Oc2nc(Nc3ccc(N4CCN(C)CC4)c(F)c3)nc3[nH]ccc23)c1,-0.139063379,train,butina,17,,,,
C[C@@H]1c2nnn(-c3ncc(F)cn3)c2CCN1C(=O)c1cccc(C(F)(F)F)c1Cl,1.240049772,train,butina,17,,,,
Nc1ncc(-c2cccc(C(F)(F)F)c2)c(C2CCCCN2C(=O)c2ccccc2)n1,0.137354111,train,butina,17,,,,
O=C(Nc1cccc(-c2nncn2C2CC2)c1)c1cc(-n2cnc(C3CC3)c2)ccn1,0.611935625,train,butina,17,,,,
Fc1ccccc1-c1c[nH]nc1C1CCCN1Cc1ccc2ncccc2c1,0.460897843,train,butina,17,,,,
Cc1nccc(-c2cn(Cc3ccccc3)c3cnccc23)n1,1.207445854,train,butina,17,,,,
CCc1nc(C)cn2nc(-c3cc(=O)n4cc(C5CCN(C)CC5)cc(C)c4n3)cc12,0.593618308,train,butina,17,,,,
Nc1ncnc2c1c(-c1ccc(Oc3ccccc3)cc1)nn2[C@@H]1CCCNC1,0.846275242,train,butina,17,,,,
Cc1nnc(CN(C)CC(C)Oc2ccc(Cl)c(Cl)c2)n1C,1.114444172,train,butina,17,,,,
Cc1ncc(CN2CC[C@@H](Nc3cncc(Cl)n3)[C@@H](C)C2)s1,1.264227348,train,butina,17,,,,
Cc1ccc(C(=O)N2CCC(Cc3ccccc3-c3ccccc3)(C(=O)N(C)C)CC2)s1,-0.590066877,train,butina,17,,,,
CCc1nc2c(C)cc(N3CCN(CC(=O)N4CC(O)C4)CC3)cn2c1N(C)c1nc(-c2ccc(F)cc2)c(C#N)s1,-0.434152181,train,butina,17,,,,
C[C@@H]1CCN(C(=O)CC#N)C[C@@H]1N(C)c1ncnc2[nH]ccc12,1.747124255,train,butina,17,,,,
CN(C)C(=O)C1(Cc2ccccc2-c2ccccc2)CCN(C(=O)C2CCCO2)CC1,1.265713811,train,butina,17,,,,
CC(=O)Nc1ccc(C(=O)N2CCCCC2c2nc(N)ncc2-c2ccc(Cl)cc2)cc1,0.549861188,train,butina,17,,,,
CC(=O)Nc1ccc(C(=O)N2CCCCC2c2nc(N)ncc2-c2cccc(Cl)c2)cc1,0.584331224,train,butina,17,,,,
O=C1CN(c2ccc(Nc3nccc(C(F)(F)F)n3)cn2)CCN1,1.433497815,train,butina,17,,,,
O=C1NCCN(C(=O)c2ccc3nccn3c2)C1c1ccccc1C(F)(F)F,1.801527189,train,butina,17,,,,
Cc1cc(F)ccc1C1C(=O)NCCN1C(=O)c1ccc2nccn2c1,1.950724994,train,butina,17,,,,
O=C1NCCN(C(=O)c2ccncc2)C1c1ccccc1Cl,1.868168158,train,butina,17,,,,
CN1[C@H]2CC[C@@H]1C[C@@H](OC(c1ccccc1)c1ccccc1)C2,1.180842415,train,butina,17,,,,
OC[C@H](Nc1cncc(-c2ccc3[nH]ncc3n2)c1)c1ccccc1,1.024690862,train,butina,17,,,,
Cc1ncsc1C(=O)N1CCCCC1c1nc(N(C)C)ncc1-c1cccc(Cl)c1,0.021602716,train,butina,17,,,,
OCC1CCCCN1Cc1ccc(Cl)c(Cl)c1,1.484982782,train,butina,17,,,,
CC(=O)N1CCN(c2nc(C(F)(F)F)nc3sc(C)c(C)c23)CC1,0.624282096,train,butina,17,,,,
COc1ccccc1C(=O)Nc1ccc2cc[nH]c2c1,0.571825249,train,butina,17,,,,
c1ccc(Oc2cccc(CN(CCN3CCOCC3)Cc3cccnc3)c2)cc1,0.142389466,train,butina,17,,,,
COc1ccc([C@H]2CN(C(C)=O)[C@@H]3CCCN(Cc4cccc(F)c4)[C@H]23)cc1,0.594060901,train,butina,17,,,,
Cc1c(C(=O)NCCCN(C)C)sc2ncnc(Nc3ccc(F)cc3OC(C)C)c12,0.966376423,train,butina,17,,,,
OCC1CCCCN1Cc1ccc(-c2ccccc2)cc1,1.394924244,train,butina,17,,,,
Nc1ncc(C(=O)NC2CN(C(=O)C3CC3)C2)c2ccc(-c3cccc(F)c3)nc12,0.38219721,train,butina,17,,,,
CC1(C)CC(Oc2ccc(-c3ccc(-c4cn[nH]c4)cc3O)nn2)CC(C)(C)N1,1.241969612,train,butina,17,,,,
Cc1nnc(-c2ccc3occ(-c4ccc(S(C)=O)cc4)c3c2)o1,1.077985291,train,butina,17,,,,
Cc1ncsc1C(=O)N1CCCCC1c1nc(N)ncc1-c1cccc(C(F)(F)F)c1,0.86254877,train,butina,17,,,,
O=C(Nc1ccc2ccccc2n1)c1ccc(N2CCOC2=O)cc1,0.069298012,train,butina,17,,,,
O=S(=O)(c1cccc2cnccc12)N1CCCNCC1,1.844321821,train,butina,17,,,,
C=CC(=O)Nc1cccc(Oc2nc(Nc3ccc(N4CCN(C)CC4)cc3)nc3ccoc23)c1,-0.208309351,train,butina,17,,,,
CCN1CCN(S(=O)(=O)Cc2ccc(Cl)c(Cl)c2)CC1,1.071845201,train,butina,17,,,,
CCn1c(CO)nn(-c2cc(O[C@@H](C)C(F)(F)F)c(C(=O)Nc3c(F)cccc3Cl)cc2F)c1=O,0.876910311,train,butina,17,,,,
CCN(C/C=C\c1ccc(C2CCCCC2)c(Cl)c1)C1CCCCC1,-0.266802735,train,butina,17,,,,
NCCN1CCN(C/C=C/C(=O)N2CCC[C@@H](n3nc(-c4ccc(Oc5ccccc5)cc4)c4c(N)ncnc43)C2)CC1,0.686814955,train,butina,17,,,,
Cn1c(C2CC2)nc2c1CCN(c1ncnc3ccsc13)C2,1.192985379,train,butina,17,,,,
CC/C(=C(\c1ccccc1)c1ccc(OCCN(C)C)cc1)c1ccccc1,-0.341988603,train,butina,17,,,,
Cc1ncc(CN2CCC(Nc3ccc4nnnn4n3)C(C)C2)s1,1.579154557,train,butina,17,,,,
Cc1nc(Nc2nccs2)cc(C2CN(c3ncccn3)C2)n1,0.374565061,train,butina,17,,,,
COc1ccc(Nc2c(C#N)cnc3cc(OC)c(OC)cc23)cc1Cl,0.115943177,train,butina,17,,,,
CN(Cc1ccccc1)C1(C(=O)N2CCNC(=O)CC2)Cc2ccccc2C1,0.912806393,train,butina,17,,,,
Cc1c(F)cccc1NC(=O)CN1[C@H]2CCCC(=O)N[C@@]2(C)C[C@H]1Cc1ccccc1,0.925312092,train,butina,17,,,,
O=S(=O)(c1cccc2c(O)nccc12)N1CCCNCC1,1.990813743,train,butina,17,,,,
Cc1ccc(NC(=O)CN2[C@H]3CCCC(=O)N[C@@]3(C)C[C@H]2Cc2ccccc2)cc1F,0.360971884,train,butina,17,,,,
CN(C)C(=O)C1(Cc2ccccc2-c2cccc(F)c2)CCN(C(=O)C2CC=CCC2)CC1,0.142702246,train,butina,17,,,,
COc1ccc(CNC(=O)c2sc3nc(C)cc(C)c3c2N)cc1,-0.18243463,train,butina,17,,,,
C#C[C@@](C)(CC)NC(=O)c1cc(F)cnc1NC1CC(F)(F)C1,0.850278553,train,butina,17,,,,
Cn1cc(Nc2nc(N)nc(-c3cccc(-n4ccc5cc(C6CC6)cc(F)c5c4=O)c3CO)n2)cn1,0.581038949,train,butina,17,,,,
CC(=O)Nc1ncc(CN2CCCC[C@@H]2C)s1,1.923109252,train,butina,17,,,,
CC(O)(C#Cc1ccc2c(c1)N(c1nc(N)ncc1Cl)CC2)c1nccs1,0.275311355,train,butina,17,,,,
COCCc1noc(CN2CC(c3ccccc3)(c3ccccc3)CCC2=O)n1,1.25166255,train,butina,17,,,,
Cc1[nH]nc2c1C1(CCCCC1)CC(=O)N2,1.284633733,train,butina,17,,,,
Cc1oc2ccccc2c1CNc1nnc(-c2ccncc2)o1,-0.172630727,train,butina,17,,,,
O=C(Nc1cccc2ncccc12)[C@H]1CCCN(S(=O)(=O)c2ccccc2)C1,1.091666958,train,butina,17,,,,
C[C@@H]1Cc2ccccc2N1C(=O)Cn1nc(-c2cccc3ncccc23)oc1=O,0.360404055,train,butina,17,,,,
Nc1ncnc2c1c(-c1cnc3[nH]ccc3c1)nn2C1CCCC1,0.780605306,train,butina,17,,,,
O=C(Nc1cnccc1-c1ccc(Cl)cc1)c1ccnc(NC(=O)C2CC2)c1,0.847634344,train,butina,17,,,,
CN1C(N)=N[C@](C)(c2cc(NC(=O)c3ccc(F)cn3)ccc2F)CS1(=O)=O,1.491417728,train,butina,17,,,,
Cc1cc(Nc2cnccn2)cc(C2CCCN(CC(=O)N3CCCC3)C2)n1,1.632416797,train,butina,17,,,,
Cc1cccnc1Nc1cccc(C2CCCN(CC(=O)Nc3nccs3)C2)n1,0.637289548,train,butina,17,,,,
CN(C)C(=O)C1(Cc2ccccc2-c2ccccc2)CCN(C(=O)c2cnn(C)c2)CC1,1.146840934,train,butina,17,,,,
Cc1cc(N2CCCC2c2cc(CCC(=O)O)cc(C)n2)ncn1,2.0,train,butina,17,,,,
O=C(CN1CCCC(c2cccc(Cc3cccc(F)c3)n2)C1)N1CCCC1,0.953856298,train,butina,17,,,,
COc1cc2ncnc(Nc3cccc(O)c3)c2cc1OC,0.650307523,train,butina,17,,,,
Cc1cc(C)c2c(N)c(C(=O)NCc3ccc(Cl)cc3)sc2n1,-0.185752404,train,butina,17,,,,
COc1nc2sc(C(=O)NC3CC3)c(N)c2c(C)c1Cl,0.452093249,train,butina,17,,,,
CC1(CNC(=O)c2cncc(C3CCNCC3)n2)CCCO1,1.960042456,train,butina,17,,,,
Cc1cc(N2CCCC2)nc(C2CCCN(C)C2)n1,1.861522463,train,butina,17,,,,
O=C1NCCSc2c1sc1ccc(O)cc21,1.164679941,train,butina,17,,,,
CCn1cc(C(=O)O)c(=O)c2c(N)c(F)c(NC3CCCCC3)cc21,0.426673888,train,butina,17,,,,
COc1cc2nc(N3CCN(C(=O)c4ccco4)CC3)nc(N)c2cc1OC,1.371880249,train,butina,17,,,,
CC(CCc1ccccc1)NCC(O)c1ccc(O)c(C(N)=O)c1,1.65850745,train,butina,17,,,,
CC1(C)Cc2cc(NC(=O)c3cnn4cccnc34)c(OCC3CC3)nc2O1,0.38219721,train,butina,17,,,,
N#Cc1cc(F)c(NS(=O)(=O)c2c[nH]c3cc(Cl)ccc23)cc1F,-0.251811973,train,butina,17,,,,
CC(C)CC(NC(=O)C(O)C(N)Cc1ccccc1)C(=O)O,1.54052968,train,butina,17,,,,
COCCc1ccc(OCC(O)CNC(C)C)cc1,2.0,train,butina,17,,,,
COc1cc(Cc2cnc(N)nc2N)cc(OC)c1OC,1.855513099,train,butina,17,,,,
CC(C(=O)O)c1cccc(C(=O)c2ccccc2)c1,0.047274867,train,butina,17,,,,
COc1cc2c(cc1OC)CN(CCc1ccc(NC(=O)c3cccc4c(O)c5cccc(OC)c5nc34)cc1)CC2,-1.292429824,train,butina,17,,,,
C=CCc1ccccc1OCC(O)CNC(C)C,1.496029699,train,butina,17,,,,
Nc1nc(=O)c2ncn(COCCO)c2[nH]1,1.850860573,train,butina,17,,,,
NCCCC[C@H](N[C@@H](CCc1ccccc1)C(=O)O)C(=O)N1CCC[C@H]1C(=O)O,2.0,train,butina,17,,,,
CCCc1nc2nc(C)c(NS(=O)(=O)c3ccc(C4CCCCC4)cc3)c(O)n2n1,-0.137272472,train,butina,17,,,,
CC(=O)Nc1ccc(O)cc1,1.916985305,train,butina,17,,,,
Cc1cccc(/C=N/Nc2cc(N3CCOCC3)nc(OCCc3ccccn3)n2)c1,-0.27572413,train,butina,17,,,,
CCn1c(=O)oc2cc(NC(=O)c3ccc(C(C)(C)C)cc3)ccc21,0.180412633,train,butina,17,,,,
COc1ccc(OC[C@@H]2c3cc(OC)c(OC)cc3CCN2C(=O)c2cccc(Cl)c2)cc1,0.232233521,train,butina,17,,,,
CC(C)[C@H](CO)Nc1nc(Nc2cc(N)cc(Cl)c2)c2ncn(C(C)C)c2n1,-0.099086932,train,butina,17,,,,
CC(C)(C)OC(=O)N1CCCC1C(=O)N1CCC(C(=O)N[C@@H](Cc2c[nH]c3ccccc23)C(=O)O)CC1,1.842553077,train,butina,17,,,,
O=C(Nc1cccc2c(=O)cc(-c3nnn[nH]3)oc12)c1ccc(OCCCCc2ccccc2)cc1,0.77224834,train,butina,17,,,,
CC(=O)Nc1ncc(C(=O)O)s1,1.854123782,train,butina,17,,,,
Cc1cccc(-c2nc(C34CCC(C(N)=O)(CC3)CC4)[nH]c2-c2ccc3c(c2)OCO3)n1,0.21031852,train,butina,17,,,,
COc1cc2nc(-c3cc(F)ccc3O)nc(N[C@@H]3CNC[C@H]3C(C)(C)O)c2cc1OC.Cl,-0.823908741,train,butina,17,,,,
CNc1cc(Nc2cccn(-c3ccccn3)c2=O)nn2c(C(=O)N[C@@H]3C[C@@H]3F)cnc12,0.51851394,test,butina,17,0.92300209169,0.5284639119199998,0.7615043154299999,1.1511212231900005
COc1ccc(Cl)cc1C(=O)NCCc1ccc(S(=O)(=O)NC(=O)NC2CCCCC2)cc1,-0.943095149,test,butina,17,0.63751188783,0.5685299251399999,0.55380670166,0.40866374094
CC(C)NC(=O)COc1cccc(-c2nc(Nc3ccc4[nH]ncc4c3)c3ccccc3n2)c1,-0.504455662,test,butina,17,0.20347538676999996,0.07588847991000003,0.2705570769899999,-0.030539567940000012
COc1cc2c(cc1OC)CC(=O)N(CCCN(C)C[C@H]1Cc3cc(OC)c(OC)cc31)CC2,1.615139594,test,butina,17,0.8052620219400005,0.7177002140700001,0.5487344458399999,0.27706481694000007
Nc1c(F)ccc2cnc(-n3ccc4ccncc43)cc12,0.631443769,test,butina,17,1.0237062809100004,0.6985005284399999,0.5901692107699996,0.55363892367
COc1ccccc1-c1cc(NC(=O)c2cccc(N3CCNC3=O)c2)[nH]n1,-0.742321425,test,butina,17,0.61213948161,0.6065018223099998,0.6828176640700001,0.9803171113500001
Cc1c(Cl)ccc2cc3n(c12)[C@@H](C)CNC3=O,0.696793085,test,butina,17,0.7477469467400003,1.1900978909500004,0.57250649116,1.0372645364500006
COc1nn(C)cc1C(=O)Nc1cccc(-c2cnc3n2CCC3)c1,0.685562611,test,butina,17,0.5050464931400002,0.7081360957099996,0.9907958177600003,1.4431208870900003
COc1cc(F)ccc1-c1ncnc(Nc2cccc(C[S@@](C)(=N)=O)c2)n1,1.574609941,test,butina,17,0.6120455649400001,0.6369980549599998,0.6853269992999997,0.4685530245799999
C[C@H]1CN(C(=O)CC(c2ccccc2)c2ccccc2)C[C@@H](C)O1,0.718335579,test,butina,17,1.3197025433400011,1.0576597174100002,0.6081369270899997,0.8671875820900001
CC(C)(C)C(=O)N1CCC(Cc2ccc(-c3cccs3)cc2)(C(=O)N2CCCC2)CC1,0.008174184,test,butina,17,1.1360770331700005,0.6827984190499999,0.6457144678900001,0.06449434459
O=C(CCNC(=O)c1ccc(OC(F)(F)F)cc1)N[C@@H]1CCCc2ccccc21,0.630427875,test,butina,17,1.04479867069,0.8490229216200007,0.7340018880899999,0.44569134950999983
O=C(Nc1nc2cccc(-c3ccc(CN4CCS(=O)(=O)CC4)cc3)n2n1)C1CC1,1.601853652,test,butina,17,1.2378550708800005,0.9050658087100006,0.7750533199199999,1.2170308513500003
COc1nn(C)cc1C(=O)Nc1cccc2cnccc12,1.58945809,test,butina,17,1.3900099551099998,0.8981735495300007,1.2896245610200001,1.5309289229600005
CNC(=O)C1(Cc2ccc(-c3ccncc3)cc2)CCN(Cc2cccc(F)c2)C1,0.715167358,test,butina,17,0.6955775900900002,0.5507646683399998,0.72616384688,0.6611317827799996
COc1ccc(CCCN2CCN(c3cnn(C)c3)C(=O)C2)cc1F,1.308414999,test,butina,17,0.971326002130001,1.2539880551300002,0.7739332465799998,1.5107174754999995
Cc1noc(C(C)C)c1C(=O)N1CC(C)OC(c2ccccc2)C1,1.111934276,test,butina,17,0.9703611979700005,1.1166291268100001,1.1636402721100005,0.9233949679600003
CCC1=C(C)CN(C(=O)NCCc2ccc(S(=O)(=O)NC(=O)N[C@H]3CC[C@H](C)CC3)cc2)C1=O,-1.638272164,test,butina,17,1.2119840472500008,1.1410527861600006,0.64948755411,0.48724159222000013
COCC(=O)N1CCC(Cc2ccccc2-c2cccc(F)c2)(C(=O)NC(C)C)CC1,1.076967952,test,butina,17,0.5475564075199997,0.6051889794000003,0.7411903592,0.6695110573399998
Cc1cnc(C(=O)NCCc2ccc(S(=O)(=O)NC(=O)NC3CCCCC3)cc2)cn1,-0.204119983,test,butina,17,1.2698525138700005,0.9574984502200004,0.6790605313699998,1.4860606462100001
CNC(=O)C1(Cc2ccc(-c3cccnc3)cc2)CCN(Cc2ccc(F)cc2)C1,0.918868743,test,butina,17,1.21911663891,0.5595382281499998,0.56219666137,0.6292160819499996
CNC(=O)C1(Cc2ccc(-c3cccnc3)cc2)CCN(Cc2cccc(F)c2)C1,0.531095547,test,butina,17,0.7333454665900001,0.5313684134199999,0.6935826089399997,0.6540937677299995
O=C1CCCC[C@@H]2[C@H](C[C@@H](Cc3ccccc3F)N2C(=O)c2cccc3ncccc23)N1,1.348966512,test,butina,17,1.2547425739700007,0.5905318558999998,1.0131539284499997,0.6338970126299999
CCOc1cc(CC(=O)N[C@@H](CC(C)C)c2ccccc2N2CCCCC2)ccc1C(=O)O,-0.063486258,test,butina,17,0.6443698186199999,0.89232728273,0.51999244095,0.07595895660000002
CC1CN(C(=O)c2cccnc2N2CCOCC2)CC(c2ccccc2)O1,1.555686814,test,butina,17,1.1603533467400005,0.9542659982499999,1.4842017219900006,1.4202496087100007
CCCCNC(=O)NS(=O)(=O)c1ccc(C)cc1,0.440121603,test,butina,17,1.2618469410200006,1.2312053095000004,0.7077238217700004,1.6590440381300011
CC1(C)CC(=O)C2=C(C1)NC(=O)CC2c1ccc(Br)cc1,0.944630702,test,butina,17,1.549882897,1.0015651280500004,0.8604740000300005,0.7410213211500001
CN1CCN(S(=O)(=O)c2ccc(-c3cnc(N)c(C(=O)Nc4cccnc4)n3)cc2)CC1,0.915558115,test,butina,17,0.9844798497399998,0.6322511640899998,0.6132323194000001,1.2284039601300003
CNC(=O)C1(Cc2ccc(-c3cccnc3)cc2)CCN(Cc2ccccc2Cl)C1,0.273695588,test,butina,17,1.2355073744699998,0.49230790597,0.6357280088000001,0.5089348964599999
CCCNC(=O)NS(=O)(=O)c1ccc(Cl)cc1,0.628286731,test,butina,17,1.3876239988899999,1.2478043930300007,0.7500833577599998,1.5851497852399996
COCCNC(=O)c1ccnc(C2CCNCC2)c1,2.0,test,butina,17,0.8684881800499998,1.5885087418599997,1.0139916187399998,1.8244581890599998
COc1ccc([C@H]2c3[nH]c4ccc(Cl)cc4c3CCN2C(=O)Oc2ccc(Cl)cc2)cc1,1.754608223,test,butina,17,0.5781610510099998,-0.004479037810000006,0.25452993610000013,-0.11851385591999998
NC(=O)C1(Cc2ccc(-c3ccncc3)cc2)CCN(C(=O)Cc2cccc(F)c2)CC1,1.058463986,test,butina,17,0.7064292823600001,0.6046837009099998,0.74124518622,0.5139339597299998
O=C(NC1CCNCC1)c1ccc2[nH]ncc2c1,1.92695435,test,butina,17,0.98448764046,1.42654098781,1.0365935019399992,1.8231492928100004
N#Cc1ccc(COc2cccc(C3CCN(Cc4nc5ccc(C(=O)O)cc5n4C[C@@H]4CCO4)CC3)n2)c(F)c1,0.312177356,test,butina,17,0.6425895865999999,0.1410803737,0.4901260095799998,0.023787428239999985
O=C(NC1CCNCC1)c1ccc2cn[nH]c2c1,1.70808081,test,butina,17,0.9420686994500003,1.4690546600599999,1.2183443768499997,1.8227901856100004
CC(C)[C@@](C)(O)[C@@H]1CN(c2nc(-c3n[nH]c4ncccc34)c(F)cc2Cl)CCN1,0.622421274,test,butina,17,0.6909429922800004,0.6846006312800001,0.9282999533599998,0.6112954281599997
CNc1cc(Nc2cccn(-c3ccccn3)c2=O)nn2c(C(=O)N[C@@H]3C[C@@H]3F)cnc12,0.51851394,train,butina,18,,,,
CCOc1cc2nn(CCC(C)(C)O)cc2cc1NC(=O)c1cccc(C(F)F)n1,0.268343914,train,butina,18,,,,
CN(c1ncc(F)cn1)[C@H]1CCCNC1,2.0,train,butina,18,,,,
CC(C)(Oc1ccc(-c2cnc(N)c(-c3ccc(Cl)cc3)c2)cc1)C(=O)O,-1.403402904,train,butina,18,,,,
CC(C)(O)CCn1cc2cc(NC(=O)c3cccc(C(F)(F)F)n3)c(C(C)(C)O)cc2n1,1.092264361,train,butina,18,,,,
CC(C)NCC(O)COc1cccc2ccccc12,1.347759218,train,butina,18,,,,
COc1ccc(Cl)cc1C(=O)NCCc1ccc(S(=O)(=O)NC(=O)NC2CCCCC2)cc1,-0.943095149,train,butina,18,,,,
C=CC(=O)N1CCC[C@@H](n2nc(-c3ccc(Oc4ccccc4)cc3)c3c(N)ncnc32)C1,-0.35853,train,butina,18,,,,
CC(C)NC(=O)COc1cccc(-c2nc(Nc3ccc4[nH]ncc4c3)c3ccccc3n2)c1,-0.504455662,train,butina,18,,,,
CCS(=O)(=O)N1CC(CC#N)(n2cc(-c3ncnc4[nH]ccc34)cn2)C1,2.0,train,butina,18,,,,
COc1ccc(S(=O)(=O)N2CCC(N3CCC(C)CC3)CC2)cc1,1.626076768,train,butina,18,,,,
CCn1c(-c2nonc2N)nc2cnc(Oc3cccc(NC(=O)c4ccc(OCCN5CCOCC5)cc4)c3)cc21,-0.325138859,train,butina,18,,,,
CC1(C)CC[C@]2(NC(=O)C(C)(F)F)CC[C@]3(C)[C@H](C(=O)C=C4[C@@]3(C)CC[C@H]3C(C)(C)C(=O)C(C#N)=C[C@]43C)[C@@H]2C1,-0.055517328,train,butina,18,,,,
Cc1c[nH]c2nccc(Oc3c(F)cc(Nc4cc(Cl)nc(N)n4)cc3F)c12,-0.68613278,train,butina,18,,,,
COc1cc2c(cc1OC)CC(=O)N(CCCN(C)C[C@H]1Cc3cc(OC)c(OC)cc31)CC2,1.615139594,train,butina,18,,,,
Fc1ccc(-c2ccc3c(c2)[nH]c2ccncc23)cn1,0.640978057,train,butina,18,,,,
Nc1c(F)ccc2cnc(-n3ccc4ccncc43)cc12,0.631443769,train,butina,18,,,,
C=CC(=O)N1C[C@H](Nc2ncnc3[nH]ccc23)CC[C@@H]1C,1.74597993,train,butina,18,,,,
Cn1cc(Nc2nccc(N3CC4CCC(C3)N4C(=O)[C@@H]3CC3(F)F)n2)cn1,1.786412441,train,butina,18,,,,
[2H]C([2H])([2H])NC(=O)c1nnc(NC(=O)C2CC2)cc1Nc1cccc(-c2ncn(C)n2)c1OC,1.236577565,train,butina,18,,,,
C=CC(=O)N1CCC(CNc2ncnc(N)c2-c2ccc(Oc3ccccc3)cc2)CC1,0.901294817,train,butina,18,,,,
Cc1c(-c2c(F)cc(C(N)=O)c3[nH]c4c(c23)CC[C@H](C(C)(C)O)C4)cccc1-n1c(=O)c2cccc(F)c2n(C)c1=O,0.326540669,train,butina,18,,,,
Cn1cc(-c2cn3nccc3c(-c3cnn([C@]4(CC#N)C[C@@H](C#N)C4)c3)n2)cn1,1.364100521,train,butina,18,,,,
N#CC[C@H](C1CCCC1)n1cc(-c2ncnc3[nH]ccc23)cn1,1.244598701,train,butina,18,,,,
CC(C)(C)c1ccc(-c2nc3n(c(=O)c2C#N)CCS3)cc1,0.455758203,train,butina,18,,,,
C=CC(=O)Nc1cccc(Oc2nc(Nc3ccc(N4CCN(C)CC4)cc3)nc3ccsc23)c1,-0.308918508,train,butina,18,,,,
CC#CC(=O)N1CC[C@@H](n2c(=O)n(-c3ccc(Oc4ccccc4)cc3)c3c(N)ncnc32)C1,0.669595781,train,butina,18,,,,
C=CC(=O)N1CCC([C@@H]2CCNc3c(C(N)=O)c(-c4ccc(Oc5ccccc5)cc4)nn32)CC1,0.231979027,train,butina,18,,,,
C=CC(=O)N1CCC[C@H](n2c(=O)n(-c3ccc(Oc4ccccc4)cc3)c3c(N)ncnc32)C1,0.276231958,train,butina,18,,,,
CC(C)(C=C(C#N)C(=O)N1CCC[C@@H](n2nc(-c3ccc(Oc4ccccc4)cc3F)c3c(N)ncnc32)C1)N1CCN(C2COC2)CC1,0.123198075,train,butina,18,,,,
CC#CC(=O)N1CC[C@@H](n2cc(-c3ccc(Oc4c(F)cccc4F)cc3)c3c(N)n[nH]c(=O)c32)C1,-0.029188389,train,butina,18,,,,
C=CC(=O)Nc1cccc(Oc2nc(Nc3ccc(N4CCN(C)CC4)c(F)c3)nc3[nH]ccc23)c1,-0.139063379,train,butina,18,,,,
C[C@@H]1c2nnn(-c3ncc(F)cn3)c2CCN1C(=O)c1cccc(C(F)(F)F)c1Cl,1.240049772,train,butina,18,,,,
COc1ccccc1-c1cc(NC(=O)c2cccc(N3CCNC3=O)c2)[nH]n1,-0.742321425,train,butina,18,,,,
Nc1ncc(-c2cccc(C(F)(F)F)c2)c(C2CCCCN2C(=O)c2ccccc2)n1,0.137354111,train,butina,18,,,,
O=C(Nc1cccc(-c2nncn2C2CC2)c1)c1cc(-n2cnc(C3CC3)c2)ccn1,0.611935625,train,butina,18,,,,
Fc1ccccc1-c1c[nH]nc1C1CCCN1Cc1ccc2ncccc2c1,0.460897843,train,butina,18,,,,
Cc1nccc(-c2cn(Cc3ccccc3)c3cnccc23)n1,1.207445854,train,butina,18,,,,
Cc1c(Cl)ccc2cc3n(c12)[C@@H](C)CNC3=O,0.696793085,train,butina,18,,,,
Nc1ncnc2c1c(-c1ccc(Oc3ccccc3)cc1)nn2[C@@H]1CCCNC1,0.846275242,train,butina,18,,,,
Cc1nnc(CN(C)CC(C)Oc2ccc(Cl)c(Cl)c2)n1C,1.114444172,train,butina,18,,,,
COc1nn(C)cc1C(=O)Nc1cccc(-c2cnc3n2CCC3)c1,0.685562611,train,butina,18,,,,
COc1cc(F)ccc1-c1ncnc(Nc2cccc(C[S@@](C)(=N)=O)c2)n1,1.574609941,train,butina,18,,,,
Cc1ncc(CN2CC[C@@H](Nc3cncc(Cl)n3)[C@@H](C)C2)s1,1.264227348,train,butina,18,,,,
Cc1ccc(C(=O)N2CCC(Cc3ccccc3-c3ccccc3)(C(=O)N(C)C)CC2)s1,-0.590066877,train,butina,18,,,,
C[C@@H]1CCN(C(=O)CC#N)C[C@@H]1N(C)c1ncnc2[nH]ccc12,1.747124255,train,butina,18,,,,
CN(C)C(=O)C1(Cc2ccccc2-c2ccccc2)CCN(C(=O)C2CCCO2)CC1,1.265713811,train,butina,18,,,,
CC(=O)Nc1ccc(C(=O)N2CCCCC2c2nc(N)ncc2-c2ccc(Cl)cc2)cc1,0.549861188,train,butina,18,,,,
CC(=O)Nc1ccc(C(=O)N2CCCCC2c2nc(N)ncc2-c2cccc(Cl)c2)cc1,0.584331224,train,butina,18,,,,
O=C1CN(c2ccc(Nc3nccc(C(F)(F)F)n3)cn2)CCN1,1.433497815,train,butina,18,,,,
O=C1NCCN(C(=O)c2ccc3nccn3c2)C1c1ccccc1C(F)(F)F,1.801527189,train,butina,18,,,,
Cc1cc(F)ccc1C1C(=O)NCCN1C(=O)c1ccc2nccn2c1,1.950724994,train,butina,18,,,,
O=C1NCCN(C(=O)c2ccncc2)C1c1ccccc1Cl,1.868168158,train,butina,18,,,,
C[C@H]1CN(C(=O)CC(c2ccccc2)c2ccccc2)C[C@@H](C)O1,0.718335579,train,butina,18,,,,
CN1[C@H]2CC[C@@H]1C[C@@H](OC(c1ccccc1)c1ccccc1)C2,1.180842415,train,butina,18,,,,
CC(C)(C)C(=O)N1CCC(Cc2ccc(-c3cccs3)cc2)(C(=O)N2CCCC2)CC1,0.008174184,train,butina,18,,,,
Cc1ncsc1C(=O)N1CCCCC1c1nc(N(C)C)ncc1-c1cccc(Cl)c1,0.021602716,train,butina,18,,,,
CC(=O)N1CCN(c2nc(C(F)(F)F)nc3sc(C)c(C)c23)CC1,0.624282096,train,butina,18,,,,
COc1ccccc1C(=O)Nc1ccc2cc[nH]c2c1,0.571825249,train,butina,18,,,,
COc1ccc([C@H]2CN(C(C)=O)[C@@H]3CCCN(Cc4cccc(F)c4)[C@H]23)cc1,0.594060901,train,butina,18,,,,
Nc1ncc(C(=O)NC2CN(C(=O)C3CC3)C2)c2ccc(-c3cccc(F)c3)nc12,0.38219721,train,butina,18,,,,
CC1(C)CC(Oc2ccc(-c3ccc(-c4cn[nH]c4)cc3O)nn2)CC(C)(C)N1,1.241969612,train,butina,18,,,,
Cc1ncsc1C(=O)N1CCCCC1c1nc(N)ncc1-c1cccc(C(F)(F)F)c1,0.86254877,train,butina,18,,,,
O=C(CCNC(=O)c1ccc(OC(F)(F)F)cc1)N[C@@H]1CCCc2ccccc21,0.630427875,train,butina,18,,,,
O=S(=O)(c1cccc2cnccc12)N1CCCNCC1,1.844321821,train,butina,18,,,,
C=CC(=O)Nc1cccc(Oc2nc(Nc3ccc(N4CCN(C)CC4)cc3)nc3ccoc23)c1,-0.208309351,train,butina,18,,,,
O=C(Nc1nc2cccc(-c3ccc(CN4CCS(=O)(=O)CC4)cc3)n2n1)C1CC1,1.601853652,train,butina,18,,,,
CCn1c(CO)nn(-c2cc(O[C@@H](C)C(F)(F)F)c(C(=O)Nc3c(F)cccc3Cl)cc2F)c1=O,0.876910311,train,butina,18,,,,
CCN(C/C=C\c1ccc(C2CCCCC2)c(Cl)c1)C1CCCCC1,-0.266802735,train,butina,18,,,,
NCCN1CCN(C/C=C/C(=O)N2CCC[C@@H](n3nc(-c4ccc(Oc5ccccc5)cc4)c4c(N)ncnc43)C2)CC1,0.686814955,train,butina,18,,,,
COc1nn(C)cc1C(=O)Nc1cccc2cnccc12,1.58945809,train,butina,18,,,,
CNC(=O)C1(Cc2ccc(-c3ccncc3)cc2)CCN(Cc2cccc(F)c2)C1,0.715167358,train,butina,18,,,,
Cc1ncc(CN2CCC(Nc3ccc4nnnn4n3)C(C)C2)s1,1.579154557,train,butina,18,,,,
Cc1nc(Nc2nccs2)cc(C2CN(c3ncccn3)C2)n1,0.374565061,train,butina,18,,,,
COc1ccc(Nc2c(C#N)cnc3cc(OC)c(OC)cc23)cc1Cl,0.115943177,train,butina,18,,,,
COc1ccc(CCCN2CCN(c3cnn(C)c3)C(=O)C2)cc1F,1.308414999,train,butina,18,,,,
Cc1noc(C(C)C)c1C(=O)N1CC(C)OC(c2ccccc2)C1,1.111934276,train,butina,18,,,,
CN(Cc1ccccc1)C1(C(=O)N2CCNC(=O)CC2)Cc2ccccc2C1,0.912806393,train,butina,18,,,,
Cc1c(F)cccc1NC(=O)CN1[C@H]2CCCC(=O)N[C@@]2(C)C[C@H]1Cc1ccccc1,0.925312092,train,butina,18,,,,
CCC1=C(C)CN(C(=O)NCCc2ccc(S(=O)(=O)NC(=O)N[C@H]3CC[C@H](C)CC3)cc2)C1=O,-1.638272164,train,butina,18,,,,
O=S(=O)(c1cccc2c(O)nccc12)N1CCCNCC1,1.990813743,train,butina,18,,,,
Cc1ccc(NC(=O)CN2[C@H]3CCCC(=O)N[C@@]3(C)C[C@H]2Cc2ccccc2)cc1F,0.360971884,train,butina,18,,,,
CN(C)C(=O)C1(Cc2ccccc2-c2cccc(F)c2)CCN(C(=O)C2CC=CCC2)CC1,0.142702246,train,butina,18,,,,
COCC(=O)N1CCC(Cc2ccccc2-c2cccc(F)c2)(C(=O)NC(C)C)CC1,1.076967952,train,butina,18,,,,
COc1ccc(CNC(=O)c2sc3nc(C)cc(C)c3c2N)cc1,-0.18243463,train,butina,18,,,,
C#C[C@@](C)(CC)NC(=O)c1cc(F)cnc1NC1CC(F)(F)C1,0.850278553,train,butina,18,,,,
Cn1cc(Nc2nc(N)nc(-c3cccc(-n4ccc5cc(C6CC6)cc(F)c5c4=O)c3CO)n2)cn1,0.581038949,train,butina,18,,,,
Cc1cnc(C(=O)NCCc2ccc(S(=O)(=O)NC(=O)NC3CCCCC3)cc2)cn1,-0.204119983,train,butina,18,,,,
CNC(=O)C1(Cc2ccc(-c3cccnc3)cc2)CCN(Cc2ccc(F)cc2)C1,0.918868743,train,butina,18,,,,
CNC(=O)C1(Cc2ccc(-c3cccnc3)cc2)CCN(Cc2cccc(F)c2)C1,0.531095547,train,butina,18,,,,
CC(=O)Nc1ncc(CN2CCCC[C@@H]2C)s1,1.923109252,train,butina,18,,,,
O=C1CCCC[C@@H]2[C@H](C[C@@H](Cc3ccccc3F)N2C(=O)c2cccc3ncccc23)N1,1.348966512,train,butina,18,,,,
CCOc1cc(CC(=O)N[C@@H](CC(C)C)c2ccccc2N2CCCCC2)ccc1C(=O)O,-0.063486258,train,butina,18,,,,
Cc1[nH]nc2c1C1(CCCCC1)CC(=O)N2,1.284633733,train,butina,18,,,,
C[C@@H]1Cc2ccccc2N1C(=O)Cn1nc(-c2cccc3ncccc23)oc1=O,0.360404055,train,butina,18,,,,
Nc1ncnc2c1c(-c1cnc3[nH]ccc3c1)nn2C1CCCC1,0.780605306,train,butina,18,,,,
CN1C(N)=N[C@](C)(c2cc(NC(=O)c3ccc(F)cn3)ccc2F)CS1(=O)=O,1.491417728,train,butina,18,,,,
CC1CN(C(=O)c2cccnc2N2CCOCC2)CC(c2ccccc2)O1,1.555686814,train,butina,18,,,,
CCCCNC(=O)NS(=O)(=O)c1ccc(C)cc1,0.440121603,train,butina,18,,,,
Cc1cc(Nc2cnccn2)cc(C2CCCN(CC(=O)N3CCCC3)C2)n1,1.632416797,train,butina,18,,,,
Cc1cccnc1Nc1cccc(C2CCCN(CC(=O)Nc3nccs3)C2)n1,0.637289548,train,butina,18,,,,
CN(C)C(=O)C1(Cc2ccccc2-c2ccccc2)CCN(C(=O)c2cnn(C)c2)CC1,1.146840934,train,butina,18,,,,
CC1(C)CC(=O)C2=C(C1)NC(=O)CC2c1ccc(Br)cc1,0.944630702,train,butina,18,,,,
CN1CCN(S(=O)(=O)c2ccc(-c3cnc(N)c(C(=O)Nc4cccnc4)n3)cc2)CC1,0.915558115,train,butina,18,,,,
CNC(=O)C1(Cc2ccc(-c3cccnc3)cc2)CCN(Cc2ccccc2Cl)C1,0.273695588,train,butina,18,,,,
Cc1cc(N2CCCC2c2cc(CCC(=O)O)cc(C)n2)ncn1,2.0,train,butina,18,,,,
CCCNC(=O)NS(=O)(=O)c1ccc(Cl)cc1,0.628286731,train,butina,18,,,,
O=C(CN1CCCC(c2cccc(Cc3cccc(F)c3)n2)C1)N1CCCC1,0.953856298,train,butina,18,,,,
COc1cc2ncnc(Nc3cccc(O)c3)c2cc1OC,0.650307523,train,butina,18,,,,
Cc1cc(C)c2c(N)c(C(=O)NCc3ccc(Cl)cc3)sc2n1,-0.185752404,train,butina,18,,,,
COCCNC(=O)c1ccnc(C2CCNCC2)c1,2.0,train,butina,18,,,,
COc1nc2sc(C(=O)NC3CC3)c(N)c2c(C)c1Cl,0.452093249,train,butina,18,,,,
Cc1cc(N2CCCC2)nc(C2CCCN(C)C2)n1,1.861522463,train,butina,18,,,,
O=C1NCCSc2c1sc1ccc(O)cc21,1.164679941,train,butina,18,,,,
COc1cc2nc(N3CCN(C(=O)c4ccco4)CC3)nc(N)c2cc1OC,1.371880249,train,butina,18,,,,
CC(CCc1ccccc1)NCC(O)c1ccc(O)c(C(N)=O)c1,1.65850745,train,butina,18,,,,
N#Cc1cc(F)c(NS(=O)(=O)c2c[nH]c3cc(Cl)ccc23)cc1F,-0.251811973,train,butina,18,,,,
CC(C)CC(NC(=O)C(O)C(N)Cc1ccccc1)C(=O)O,1.54052968,train,butina,18,,,,
COCCc1ccc(OCC(O)CNC(C)C)cc1,2.0,train,butina,18,,,,
COc1cc(Cc2cnc(N)nc2N)cc(OC)c1OC,1.855513099,train,butina,18,,,,
CC(C(=O)O)c1cccc(C(=O)c2ccccc2)c1,0.047274867,train,butina,18,,,,
COc1cc2c(cc1OC)CN(CCc1ccc(NC(=O)c3cccc4c(O)c5cccc(OC)c5nc34)cc1)CC2,-1.292429824,train,butina,18,,,,
C=CCc1ccccc1OCC(O)CNC(C)C,1.496029699,train,butina,18,,,,
Nc1nc(=O)c2ncn(COCCO)c2[nH]1,1.850860573,train,butina,18,,,,
NCCCC[C@H](N[C@@H](CCc1ccccc1)C(=O)O)C(=O)N1CCC[C@H]1C(=O)O,2.0,train,butina,18,,,,
CCCc1nc2nc(C)c(NS(=O)(=O)c3ccc(C4CCCCC4)cc3)c(O)n2n1,-0.137272472,train,butina,18,,,,
COc1ccc([C@H]2c3[nH]c4ccc(Cl)cc4c3CCN2C(=O)Oc2ccc(Cl)cc2)cc1,1.754608223,train,butina,18,,,,
NC(=O)C1(Cc2ccc(-c3ccncc3)cc2)CCN(C(=O)Cc2cccc(F)c2)CC1,1.058463986,train,butina,18,,,,
CC(=O)Nc1ccc(O)cc1,1.916985305,train,butina,18,,,,
O=C(NC1CCNCC1)c1ccc2[nH]ncc2c1,1.92695435,train,butina,18,,,,
Cc1cccc(/C=N/Nc2cc(N3CCOCC3)nc(OCCc3ccccn3)n2)c1,-0.27572413,train,butina,18,,,,
CCn1c(=O)oc2cc(NC(=O)c3ccc(C(C)(C)C)cc3)ccc21,0.180412633,train,butina,18,,,,
COc1ccc(OC[C@@H]2c3cc(OC)c(OC)cc3CCN2C(=O)c2cccc(Cl)c2)cc1,0.232233521,train,butina,18,,,,
N#Cc1ccc(COc2cccc(C3CCN(Cc4nc5ccc(C(=O)O)cc5n4C[C@@H]4CCO4)CC3)n2)c(F)c1,0.312177356,train,butina,18,,,,
CC(C)[C@H](CO)Nc1nc(Nc2cc(N)cc(Cl)c2)c2ncn(C(C)C)c2n1,-0.099086932,train,butina,18,,,,
O=C(NC1CCNCC1)c1ccc2cn[nH]c2c1,1.70808081,train,butina,18,,,,
O=C(Nc1cccc2c(=O)cc(-c3nnn[nH]3)oc12)c1ccc(OCCCCc2ccccc2)cc1,0.77224834,train,butina,18,,,,
CC(=O)Nc1ncc(C(=O)O)s1,1.854123782,train,butina,18,,,,
Cc1cccc(-c2nc(C34CCC(C(N)=O)(CC3)CC4)[nH]c2-c2ccc3c(c2)OCO3)n1,0.21031852,train,butina,18,,,,
COc1cc2nc(-c3cc(F)ccc3O)nc(N[C@@H]3CNC[C@H]3C(C)(C)O)c2cc1OC.Cl,-0.823908741,train,butina,18,,,,
CC(C)[C@@](C)(O)[C@@H]1CN(c2nc(-c3n[nH]c4ncccc34)c(F)cc2Cl)CCN1,0.622421274,train,butina,18,,,,
CC#CC(=O)N[C@H]1CCCN(c2c(F)cc(C(N)=O)c3[nH]c(C)c(C)c23)C1,-0.639532816,test,butina,18,1.0649012745800004,0.7699107111999999,0.3156172495299999,1.2878140936900004
N#Cc1ccc2[nH]c(O)c(-c3ccc(CN4CCOCC4)cn3)c2c1,1.072507236,test,butina,18,0.7996292180300003,0.9371019823899998,0.6316309000700003,1.4346506811599997
CCCc1cc(N2CCc3c(nc(C4CC4)n3C)C2)n2ncnc2n1,1.388207807,test,butina,18,1.3352630899700002,1.2015869269100004,0.8536725170999999,1.3832874311
Nc1n[nH]cc1-c1cc(Cl)ccc1Oc1cc(F)c(S(=O)(=O)Nc2cscn2)cc1Cl,-0.08249449,test,butina,18,0.15704248341000004,0.02630397237999998,0.38786539366,-0.08248393183000001
O=C(Nc1cccnc1)c1ccnc(NC(=O)C2CC2)c1,1.615287063,test,butina,18,0.8233512693899998,1.2214342783700005,1.27288637754,1.4531717576699998
O=C(c1ccc(Oc2ccccc2)cc1Cl)c1c[nH]c2ncnc(N[C@@H]3CC[C@@H](CO)OC3)c12,-0.295849483,test,butina,18,0.7276385918400001,0.3853803900599999,0.52195894859,0.2836104777400001
CCc1nc(C)cn2nc(-c3cc(=O)n4cc(C5CCN(C)CC5)cc(C)c4n3)cc12,0.593618308,test,butina,18,1.2551158242,0.5884920730399998,0.9132476239799998,0.6816659204499999
CCc1nc2c(C)cc(N3CCN(CC(=O)N4CC(O)C4)CC3)cn2c1N(C)c1nc(-c2ccc(F)cc2)c(C#N)s1,-0.434152181,test,butina,18,0.7104948650500004,0.18510419811,0.3961829534699999,0.2825189720499998
OC[C@H](Nc1cncc(-c2ccc3[nH]ncc3n2)c1)c1ccccc1,1.024690862,test,butina,18,0.8525675195300003,0.9206001634900005,0.8170228924699997,0.5926052180699997
OCC1CCCCN1Cc1ccc(Cl)c(Cl)c1,1.484982782,test,butina,18,1.2152458137500002,1.1408837718700005,0.7522962945,0.7012524112699999
c1ccc(Oc2cccc(CN(CCN3CCOCC3)Cc3cccnc3)c2)cc1,0.142389466,test,butina,18,0.5419980686999998,0.6134746256799999,1.0553041089799995,0.6901194593999997
Cc1c(C(=O)NCCCN(C)C)sc2ncnc(Nc3ccc(F)cc3OC(C)C)c12,0.966376423,test,butina,18,0.8715289670999999,0.23014664267999996,0.22995607853,0.2449554823699999
OCC1CCCCN1Cc1ccc(-c2ccccc2)cc1,1.394924244,test,butina,18,1.2701270086,0.8692043434599995,0.62942672514,0.7835165909799997
Cc1nnc(-c2ccc3occ(-c4ccc(S(C)=O)cc4)c3c2)o1,1.077985291,test,butina,18,0.9739496062700005,0.64739895049,0.5477339371100001,0.43894278909999984
O=C(Nc1ccc2ccccc2n1)c1ccc(N2CCOC2=O)cc1,0.069298012,test,butina,18,1.07285239763,0.7099866649,0.48048536398,0.4675550539899998
CCN1CCN(S(=O)(=O)Cc2ccc(Cl)c(Cl)c2)CC1,1.071845201,test,butina,18,0.9497044319500008,1.2870401046400004,0.9721186823299998,1.51313680583
Cn1c(C2CC2)nc2c1CCN(c1ncnc3ccsc13)C2,1.192985379,test,butina,18,1.1797745494700007,1.15898651093,0.7307477946900001,0.9613543622100003
CC/C(=C(\c1ccccc1)c1ccc(OCCN(C)C)cc1)c1ccccc1,-0.341988603,test,butina,18,0.8395786495799996,0.26571559368,0.6306183670499997,0.24766330978999998
CC(O)(C#Cc1ccc2c(c1)N(c1nc(N)ncc1Cl)CC2)c1nccs1,0.275311355,test,butina,18,0.70779786483,0.6226954686199998,0.9988893795100001,0.4072149425699995
COCCc1noc(CN2CC(c3ccccc3)(c3ccccc3)CCC2=O)n1,1.25166255,test,butina,18,1.1738832016900003,0.7809833834199997,0.7147703983499997,0.9104932801700003
Cc1oc2ccccc2c1CNc1nnc(-c2ccncc2)o1,-0.172630727,test,butina,18,0.9567235364999999,0.6502414129599995,0.6430584495899998,0.4994034573299999
O=C(Nc1cccc2ncccc12)[C@H]1CCCN(S(=O)(=O)c2ccccc2)C1,1.091666958,test,butina,18,1.0464653674799995,0.8038938770400003,1.2958907307400003,0.7133954797499998
O=C(Nc1cnccc1-c1ccc(Cl)cc1)c1ccnc(NC(=O)C2CC2)c1,0.847634344,test,butina,18,0.6280197988999998,0.46241067508999983,0.7028165683299997,0.34991729075
CC1(CNC(=O)c2cncc(C3CCNCC3)n2)CCCO1,1.960042456,test,butina,18,1.4943283752399994,1.6172046431400002,1.5007492906700006,1.6877537839899992
CCn1cc(C(=O)O)c(=O)c2c(N)c(F)c(NC3CCCCC3)cc21,0.426673888,test,butina,18,0.9173594924600001,0.7431412141799996,0.5547418393000001,0.15747009968000014
CC1(C)Cc2cc(NC(=O)c3cnn4cccnc34)c(OCC3CC3)nc2O1,0.38219721,test,butina,18,0.9062274332500003,0.6533715911199998,1.0299436254799996,0.5868129528300001
CC(C)(C)OC(=O)N1CCCC1C(=O)N1CCC(C(=O)N[C@@H](Cc2c[nH]c3ccccc23)C(=O)O)CC1,1.842553077,test,butina,18,1.0058608270699994,0.5464184046700001,1.0759856534100003,0.051751512589999986
CNc1cc(Nc2cccn(-c3ccccn3)c2=O)nn2c(C(=O)N[C@@H]3C[C@@H]3F)cnc12,0.51851394,train,butina,19,,,,
CN(c1ncc(F)cn1)[C@H]1CCCNC1,2.0,train,butina,19,,,,
CC(C)(Oc1ccc(-c2cnc(N)c(-c3ccc(Cl)cc3)c2)cc1)C(=O)O,-1.403402904,train,butina,19,,,,
CC#CC(=O)N[C@H]1CCCN(c2c(F)cc(C(N)=O)c3[nH]c(C)c(C)c23)C1,-0.639532816,train,butina,19,,,,
COc1ccc(Cl)cc1C(=O)NCCc1ccc(S(=O)(=O)NC(=O)NC2CCCCC2)cc1,-0.943095149,train,butina,19,,,,
C=CC(=O)N1CCC[C@@H](n2nc(-c3ccc(Oc4ccccc4)cc3)c3c(N)ncnc32)C1,-0.35853,train,butina,19,,,,
CC(C)NC(=O)COc1cccc(-c2nc(Nc3ccc4[nH]ncc4c3)c3ccccc3n2)c1,-0.504455662,train,butina,19,,,,
CCS(=O)(=O)N1CC(CC#N)(n2cc(-c3ncnc4[nH]ccc34)cn2)C1,2.0,train,butina,19,,,,
COc1ccc(S(=O)(=O)N2CCC(N3CCC(C)CC3)CC2)cc1,1.626076768,train,butina,19,,,,
CCn1c(-c2nonc2N)nc2cnc(Oc3cccc(NC(=O)c4ccc(OCCN5CCOCC5)cc4)c3)cc21,-0.325138859,train,butina,19,,,,
CC1(C)CC[C@]2(NC(=O)C(C)(F)F)CC[C@]3(C)[C@H](C(=O)C=C4[C@@]3(C)CC[C@H]3C(C)(C)C(=O)C(C#N)=C[C@]43C)[C@@H]2C1,-0.055517328,train,butina,19,,,,
Cc1c[nH]c2nccc(Oc3c(F)cc(Nc4cc(Cl)nc(N)n4)cc3F)c12,-0.68613278,train,butina,19,,,,
COc1cc2c(cc1OC)CC(=O)N(CCCN(C)C[C@H]1Cc3cc(OC)c(OC)cc31)CC2,1.615139594,train,butina,19,,,,
N#Cc1ccc2[nH]c(O)c(-c3ccc(CN4CCOCC4)cn3)c2c1,1.072507236,train,butina,19,,,,
CCCc1cc(N2CCc3c(nc(C4CC4)n3C)C2)n2ncnc2n1,1.388207807,train,butina,19,,,,
Nc1c(F)ccc2cnc(-n3ccc4ccncc43)cc12,0.631443769,train,butina,19,,,,
Cn1cc(Nc2nccc(N3CC4CCC(C3)N4C(=O)[C@@H]3CC3(F)F)n2)cn1,1.786412441,train,butina,19,,,,
[2H]C([2H])([2H])NC(=O)c1nnc(NC(=O)C2CC2)cc1Nc1cccc(-c2ncn(C)n2)c1OC,1.236577565,train,butina,19,,,,
C=CC(=O)N1CCC(CNc2ncnc(N)c2-c2ccc(Oc3ccccc3)cc2)CC1,0.901294817,train,butina,19,,,,
Nc1n[nH]cc1-c1cc(Cl)ccc1Oc1cc(F)c(S(=O)(=O)Nc2cscn2)cc1Cl,-0.08249449,train,butina,19,,,,
Cc1c(-c2c(F)cc(C(N)=O)c3[nH]c4c(c23)CC[C@H](C(C)(C)O)C4)cccc1-n1c(=O)c2cccc(F)c2n(C)c1=O,0.326540669,train,butina,19,,,,
Cn1cc(-c2cn3nccc3c(-c3cnn([C@]4(CC#N)C[C@@H](C#N)C4)c3)n2)cn1,1.364100521,train,butina,19,,,,
O=C(Nc1cccnc1)c1ccnc(NC(=O)C2CC2)c1,1.615287063,train,butina,19,,,,
O=C(c1ccc(Oc2ccccc2)cc1Cl)c1c[nH]c2ncnc(N[C@@H]3CC[C@@H](CO)OC3)c12,-0.295849483,train,butina,19,,,,
N#CC[C@H](C1CCCC1)n1cc(-c2ncnc3[nH]ccc23)cn1,1.244598701,train,butina,19,,,,
CC(C)(C)c1ccc(-c2nc3n(c(=O)c2C#N)CCS3)cc1,0.455758203,train,butina,19,,,,
C=CC(=O)Nc1cccc(Oc2nc(Nc3ccc(N4CCN(C)CC4)cc3)nc3ccsc23)c1,-0.308918508,train,butina,19,,,,
CC#CC(=O)N1CC[C@@H](n2c(=O)n(-c3ccc(Oc4ccccc4)cc3)c3c(N)ncnc32)C1,0.669595781,train,butina,19,,,,
C=CC(=O)N1CCC([C@@H]2CCNc3c(C(N)=O)c(-c4ccc(Oc5ccccc5)cc4)nn32)CC1,0.231979027,train,butina,19,,,,
C=CC(=O)N1CCC[C@H](n2c(=O)n(-c3ccc(Oc4ccccc4)cc3)c3c(N)ncnc32)C1,0.276231958,train,butina,19,,,,
CC(C)(C=C(C#N)C(=O)N1CCC[C@@H](n2nc(-c3ccc(Oc4ccccc4)cc3F)c3c(N)ncnc32)C1)N1CCN(C2COC2)CC1,0.123198075,train,butina,19,,,,
CC#CC(=O)N1CC[C@@H](n2cc(-c3ccc(Oc4c(F)cccc4F)cc3)c3c(N)n[nH]c(=O)c32)C1,-0.029188389,train,butina,19,,,,
C=CC(=O)Nc1cccc(Oc2nc(Nc3ccc(N4CCN(C)CC4)c(F)c3)nc3[nH]ccc23)c1,-0.139063379,train,butina,19,,,,
COc1ccccc1-c1cc(NC(=O)c2cccc(N3CCNC3=O)c2)[nH]n1,-0.742321425,train,butina,19,,,,
Nc1ncc(-c2cccc(C(F)(F)F)c2)c(C2CCCCN2C(=O)c2ccccc2)n1,0.137354111,train,butina,19,,,,
O=C(Nc1cccc(-c2nncn2C2CC2)c1)c1cc(-n2cnc(C3CC3)c2)ccn1,0.611935625,train,butina,19,,,,
Fc1ccccc1-c1c[nH]nc1C1CCCN1Cc1ccc2ncccc2c1,0.460897843,train,butina,19,,,,
Cc1nccc(-c2cn(Cc3ccccc3)c3cnccc23)n1,1.207445854,train,butina,19,,,,
CCc1nc(C)cn2nc(-c3cc(=O)n4cc(C5CCN(C)CC5)cc(C)c4n3)cc12,0.593618308,train,butina,19,,,,
Cc1c(Cl)ccc2cc3n(c12)[C@@H](C)CNC3=O,0.696793085,train,butina,19,,,,
Nc1ncnc2c1c(-c1ccc(Oc3ccccc3)cc1)nn2[C@@H]1CCCNC1,0.846275242,train,butina,19,,,,
Cc1nnc(CN(C)CC(C)Oc2ccc(Cl)c(Cl)c2)n1C,1.114444172,train,butina,19,,,,
COc1nn(C)cc1C(=O)Nc1cccc(-c2cnc3n2CCC3)c1,0.685562611,train,butina,19,,,,
COc1cc(F)ccc1-c1ncnc(Nc2cccc(C[S@@](C)(=N)=O)c2)n1,1.574609941,train,butina,19,,,,
CCc1nc2c(C)cc(N3CCN(CC(=O)N4CC(O)C4)CC3)cn2c1N(C)c1nc(-c2ccc(F)cc2)c(C#N)s1,-0.434152181,train,butina,19,,,,
CC(=O)Nc1ccc(C(=O)N2CCCCC2c2nc(N)ncc2-c2ccc(Cl)cc2)cc1,0.549861188,train,butina,19,,,,
CC(=O)Nc1ccc(C(=O)N2CCCCC2c2nc(N)ncc2-c2cccc(Cl)c2)cc1,0.584331224,train,butina,19,,,,
O=C1CN(c2ccc(Nc3nccc(C(F)(F)F)n3)cn2)CCN1,1.433497815,train,butina,19,,,,
C[C@H]1CN(C(=O)CC(c2ccccc2)c2ccccc2)C[C@@H](C)O1,0.718335579,train,butina,19,,,,
CN1[C@H]2CC[C@@H]1C[C@@H](OC(c1ccccc1)c1ccccc1)C2,1.180842415,train,butina,19,,,,
CC(C)(C)C(=O)N1CCC(Cc2ccc(-c3cccs3)cc2)(C(=O)N2CCCC2)CC1,0.008174184,train,butina,19,,,,
OC[C@H](Nc1cncc(-c2ccc3[nH]ncc3n2)c1)c1ccccc1,1.024690862,train,butina,19,,,,
Cc1ncsc1C(=O)N1CCCCC1c1nc(N(C)C)ncc1-c1cccc(Cl)c1,0.021602716,train,butina,19,,,,
OCC1CCCCN1Cc1ccc(Cl)c(Cl)c1,1.484982782,train,butina,19,,,,
CC(=O)N1CCN(c2nc(C(F)(F)F)nc3sc(C)c(C)c23)CC1,0.624282096,train,butina,19,,,,
c1ccc(Oc2cccc(CN(CCN3CCOCC3)Cc3cccnc3)c2)cc1,0.142389466,train,butina,19,,,,
COc1ccc([C@H]2CN(C(C)=O)[C@@H]3CCCN(Cc4cccc(F)c4)[C@H]23)cc1,0.594060901,train,butina,19,,,,
Cc1c(C(=O)NCCCN(C)C)sc2ncnc(Nc3ccc(F)cc3OC(C)C)c12,0.966376423,train,butina,19,,,,
OCC1CCCCN1Cc1ccc(-c2ccccc2)cc1,1.394924244,train,butina,19,,,,
Cc1nnc(-c2ccc3occ(-c4ccc(S(C)=O)cc4)c3c2)o1,1.077985291,train,butina,19,,,,
Cc1ncsc1C(=O)N1CCCCC1c1nc(N)ncc1-c1cccc(C(F)(F)F)c1,0.86254877,train,butina,19,,,,
O=C(Nc1ccc2ccccc2n1)c1ccc(N2CCOC2=O)cc1,0.069298012,train,butina,19,,,,
O=C(CCNC(=O)c1ccc(OC(F)(F)F)cc1)N[C@@H]1CCCc2ccccc21,0.630427875,train,butina,19,,,,
O=S(=O)(c1cccc2cnccc12)N1CCCNCC1,1.844321821,train,butina,19,,,,
C=CC(=O)Nc1cccc(Oc2nc(Nc3ccc(N4CCN(C)CC4)cc3)nc3ccoc23)c1,-0.208309351,train,butina,19,,,,
CCN1CCN(S(=O)(=O)Cc2ccc(Cl)c(Cl)c2)CC1,1.071845201,train,butina,19,,,,
O=C(Nc1nc2cccc(-c3ccc(CN4CCS(=O)(=O)CC4)cc3)n2n1)C1CC1,1.601853652,train,butina,19,,,,
CCn1c(CO)nn(-c2cc(O[C@@H](C)C(F)(F)F)c(C(=O)Nc3c(F)cccc3Cl)cc2F)c1=O,0.876910311,train,butina,19,,,,
CCN(C/C=C\c1ccc(C2CCCCC2)c(Cl)c1)C1CCCCC1,-0.266802735,train,butina,19,,,,
NCCN1CCN(C/C=C/C(=O)N2CCC[C@@H](n3nc(-c4ccc(Oc5ccccc5)cc4)c4c(N)ncnc43)C2)CC1,0.686814955,train,butina,19,,,,
Cn1c(C2CC2)nc2c1CCN(c1ncnc3ccsc13)C2,1.192985379,train,butina,19,,,,
CC/C(=C(\c1ccccc1)c1ccc(OCCN(C)C)cc1)c1ccccc1,-0.341988603,train,butina,19,,,,
COc1nn(C)cc1C(=O)Nc1cccc2cnccc12,1.58945809,train,butina,19,,,,
CNC(=O)C1(Cc2ccc(-c3ccncc3)cc2)CCN(Cc2cccc(F)c2)C1,0.715167358,train,butina,19,,,,
COc1ccc(Nc2c(C#N)cnc3cc(OC)c(OC)cc23)cc1Cl,0.115943177,train,butina,19,,,,
COc1ccc(CCCN2CCN(c3cnn(C)c3)C(=O)C2)cc1F,1.308414999,train,butina,19,,,,
Cc1noc(C(C)C)c1C(=O)N1CC(C)OC(c2ccccc2)C1,1.111934276,train,butina,19,,,,
CN(Cc1ccccc1)C1(C(=O)N2CCNC(=O)CC2)Cc2ccccc2C1,0.912806393,train,butina,19,,,,
Cc1c(F)cccc1NC(=O)CN1[C@H]2CCCC(=O)N[C@@]2(C)C[C@H]1Cc1ccccc1,0.925312092,train,butina,19,,,,
CCC1=C(C)CN(C(=O)NCCc2ccc(S(=O)(=O)NC(=O)N[C@H]3CC[C@H](C)CC3)cc2)C1=O,-1.638272164,train,butina,19,,,,
O=S(=O)(c1cccc2c(O)nccc12)N1CCCNCC1,1.990813743,train,butina,19,,,,
Cc1ccc(NC(=O)CN2[C@H]3CCCC(=O)N[C@@]3(C)C[C@H]2Cc2ccccc2)cc1F,0.360971884,train,butina,19,,,,
COCC(=O)N1CCC(Cc2ccccc2-c2cccc(F)c2)(C(=O)NC(C)C)CC1,1.076967952,train,butina,19,,,,
C#C[C@@](C)(CC)NC(=O)c1cc(F)cnc1NC1CC(F)(F)C1,0.850278553,train,butina,19,,,,
Cc1cnc(C(=O)NCCc2ccc(S(=O)(=O)NC(=O)NC3CCCCC3)cc2)cn1,-0.204119983,train,butina,19,,,,
CNC(=O)C1(Cc2ccc(-c3cccnc3)cc2)CCN(Cc2ccc(F)cc2)C1,0.918868743,train,butina,19,,,,
CNC(=O)C1(Cc2ccc(-c3cccnc3)cc2)CCN(Cc2cccc(F)c2)C1,0.531095547,train,butina,19,,,,
O=C1CCCC[C@@H]2[C@H](C[C@@H](Cc3ccccc3F)N2C(=O)c2cccc3ncccc23)N1,1.348966512,train,butina,19,,,,
CCOc1cc(CC(=O)N[C@@H](CC(C)C)c2ccccc2N2CCCCC2)ccc1C(=O)O,-0.063486258,train,butina,19,,,,
CC(O)(C#Cc1ccc2c(c1)N(c1nc(N)ncc1Cl)CC2)c1nccs1,0.275311355,train,butina,19,,,,
COCCc1noc(CN2CC(c3ccccc3)(c3ccccc3)CCC2=O)n1,1.25166255,train,butina,19,,,,
Cc1[nH]nc2c1C1(CCCCC1)CC(=O)N2,1.284633733,train,butina,19,,,,
Cc1oc2ccccc2c1CNc1nnc(-c2ccncc2)o1,-0.172630727,train,butina,19,,,,
O=C(Nc1cccc2ncccc12)[C@H]1CCCN(S(=O)(=O)c2ccccc2)C1,1.091666958,train,butina,19,,,,
Nc1ncnc2c1c(-c1cnc3[nH]ccc3c1)nn2C1CCCC1,0.780605306,train,butina,19,,,,
O=C(Nc1cnccc1-c1ccc(Cl)cc1)c1ccnc(NC(=O)C2CC2)c1,0.847634344,train,butina,19,,,,
CN1C(N)=N[C@](C)(c2cc(NC(=O)c3ccc(F)cn3)ccc2F)CS1(=O)=O,1.491417728,train,butina,19,,,,
CC1CN(C(=O)c2cccnc2N2CCOCC2)CC(c2ccccc2)O1,1.555686814,train,butina,19,,,,
CCCCNC(=O)NS(=O)(=O)c1ccc(C)cc1,0.440121603,train,butina,19,,,,
CC1(C)CC(=O)C2=C(C1)NC(=O)CC2c1ccc(Br)cc1,0.944630702,train,butina,19,,,,
CN1CCN(S(=O)(=O)c2ccc(-c3cnc(N)c(C(=O)Nc4cccnc4)n3)cc2)CC1,0.915558115,train,butina,19,,,,
CNC(=O)C1(Cc2ccc(-c3cccnc3)cc2)CCN(Cc2ccccc2Cl)C1,0.273695588,train,butina,19,,,,
CCCNC(=O)NS(=O)(=O)c1ccc(Cl)cc1,0.628286731,train,butina,19,,,,
O=C(CN1CCCC(c2cccc(Cc3cccc(F)c3)n2)C1)N1CCCC1,0.953856298,train,butina,19,,,,
COc1cc2ncnc(Nc3cccc(O)c3)c2cc1OC,0.650307523,train,butina,19,,,,
COCCNC(=O)c1ccnc(C2CCNCC2)c1,2.0,train,butina,19,,,,
CC1(CNC(=O)c2cncc(C3CCNCC3)n2)CCCO1,1.960042456,train,butina,19,,,,
Cc1cc(N2CCCC2)nc(C2CCCN(C)C2)n1,1.861522463,train,butina,19,,,,
O=C1NCCSc2c1sc1ccc(O)cc21,1.164679941,train,butina,19,,,,
CCn1cc(C(=O)O)c(=O)c2c(N)c(F)c(NC3CCCCC3)cc21,0.426673888,train,butina,19,,,,
COc1cc2nc(N3CCN(C(=O)c4ccco4)CC3)nc(N)c2cc1OC,1.371880249,train,butina,19,,,,
CC(CCc1ccccc1)NCC(O)c1ccc(O)c(C(N)=O)c1,1.65850745,train,butina,19,,,,
CC1(C)Cc2cc(NC(=O)c3cnn4cccnc34)c(OCC3CC3)nc2O1,0.38219721,train,butina,19,,,,
N#Cc1cc(F)c(NS(=O)(=O)c2c[nH]c3cc(Cl)ccc23)cc1F,-0.251811973,train,butina,19,,,,
CC(C(=O)O)c1cccc(C(=O)c2ccccc2)c1,0.047274867,train,butina,19,,,,
Nc1nc(=O)c2ncn(COCCO)c2[nH]1,1.850860573,train,butina,19,,,,
NCCCC[C@H](N[C@@H](CCc1ccccc1)C(=O)O)C(=O)N1CCC[C@H]1C(=O)O,2.0,train,butina,19,,,,
CCCc1nc2nc(C)c(NS(=O)(=O)c3ccc(C4CCCCC4)cc3)c(O)n2n1,-0.137272472,train,butina,19,,,,
COc1ccc([C@H]2c3[nH]c4ccc(Cl)cc4c3CCN2C(=O)Oc2ccc(Cl)cc2)cc1,1.754608223,train,butina,19,,,,
NC(=O)C1(Cc2ccc(-c3ccncc3)cc2)CCN(C(=O)Cc2cccc(F)c2)CC1,1.058463986,train,butina,19,,,,
CC(=O)Nc1ccc(O)cc1,1.916985305,train,butina,19,,,,
O=C(NC1CCNCC1)c1ccc2[nH]ncc2c1,1.92695435,train,butina,19,,,,
Cc1cccc(/C=N/Nc2cc(N3CCOCC3)nc(OCCc3ccccn3)n2)c1,-0.27572413,train,butina,19,,,,
COc1ccc(OC[C@@H]2c3cc(OC)c(OC)cc3CCN2C(=O)c2cccc(Cl)c2)cc1,0.232233521,train,butina,19,,,,
N#Cc1ccc(COc2cccc(C3CCN(Cc4nc5ccc(C(=O)O)cc5n4C[C@@H]4CCO4)CC3)n2)c(F)c1,0.312177356,train,butina,19,,,,
O=C(NC1CCNCC1)c1ccc2cn[nH]c2c1,1.70808081,train,butina,19,,,,
CC(C)(C)OC(=O)N1CCCC1C(=O)N1CCC(C(=O)N[C@@H](Cc2c[nH]c3ccccc23)C(=O)O)CC1,1.842553077,train,butina,19,,,,
O=C(Nc1cccc2c(=O)cc(-c3nnn[nH]3)oc12)c1ccc(OCCCCc2ccccc2)cc1,0.77224834,train,butina,19,,,,
CC(C)[C@@](C)(O)[C@@H]1CN(c2nc(-c3n[nH]c4ncccc34)c(F)cc2Cl)CCN1,0.622421274,train,butina,19,,,,
CCOc1cc2nn(CCC(C)(C)O)cc2cc1NC(=O)c1cccc(C(F)F)n1,0.268343914,test,butina,19,1.0494786811200005,0.48339766308999976,0.6477478960099998,0.5041939428499997
CC(C)(O)CCn1cc2cc(NC(=O)c3cccc(C(F)(F)F)n3)c(C(C)(C)O)cc2n1,1.092264361,test,butina,19,1.1518394259100007,0.5754587105899998,0.45009359222,0.4363222654000001
CC(C)NCC(O)COc1cccc2ccccc12,1.347759218,test,butina,19,1.1261239925300002,0.9284969239299999,0.8845150377699997,1.2851883157500004
Fc1ccc(-c2ccc3c(c2)[nH]c2ccncc23)cn1,0.640978057,test,butina,19,1.006017709480001,0.3838324631300001,0.6706380412499999,0.6739929711600001
C=CC(=O)N1C[C@H](Nc2ncnc3[nH]ccc23)CC[C@@H]1C,1.74597993,test,butina,19,1.0124816914600003,1.12751866745,0.7208256882099999,1.5178672659800003
C[C@@H]1c2nnn(-c3ncc(F)cn3)c2CCN1C(=O)c1cccc(C(F)(F)F)c1Cl,1.240049772,test,butina,19,0.6483605433200001,0.70915515248,0.7969086993200001,0.5621768147099999
Cc1ncc(CN2CC[C@@H](Nc3cncc(Cl)n3)[C@@H](C)C2)s1,1.264227348,test,butina,19,1.0377981980000002,1.0330264424500002,0.7030861003800001,0.85099837245
Cc1ccc(C(=O)N2CCC(Cc3ccccc3-c3ccccc3)(C(=O)N(C)C)CC2)s1,-0.590066877,test,butina,19,0.9282152127000001,0.6617421171899999,0.6148786489699998,0.29789751412000015
C[C@@H]1CCN(C(=O)CC#N)C[C@@H]1N(C)c1ncnc2[nH]ccc12,1.747124255,test,butina,19,1.23713589958,1.24443197139,0.7106274226500005,1.5906065734600012
CN(C)C(=O)C1(Cc2ccccc2-c2ccccc2)CCN(C(=O)C2CCCO2)CC1,1.265713811,test,butina,19,0.7974731026700002,0.7607268633899998,0.8347363808299997,0.7947823754899999
O=C1NCCN(C(=O)c2ccc3nccn3c2)C1c1ccccc1C(F)(F)F,1.801527189,test,butina,19,0.9244925744900003,0.9266669134599997,1.0160052986099999,1.0298713923499998
Cc1cc(F)ccc1C1C(=O)NCCN1C(=O)c1ccc2nccn2c1,1.950724994,test,butina,19,0.8434179508099998,0.8767764090500002,1.0285782279899995,1.2204646982099998
O=C1NCCN(C(=O)c2ccncc2)C1c1ccccc1Cl,1.868168158,test,butina,19,0.87399780671,0.93210289889,1.2336427770899998,1.3384856619199996
COc1ccccc1C(=O)Nc1ccc2cc[nH]c2c1,0.571825249,test,butina,19,1.2579877632999996,0.7819355616200001,0.6039703236099997,0.7262431737199999
Nc1ncc(C(=O)NC2CN(C(=O)C3CC3)C2)c2ccc(-c3cccc(F)c3)nc12,0.38219721,test,butina,19,0.3380440528399999,0.8225589548700001,0.51267739311,1.0932850156699998
CC1(C)CC(Oc2ccc(-c3ccc(-c4cn[nH]c4)cc3O)nn2)CC(C)(C)N1,1.241969612,test,butina,19,0.8823983982400001,0.5854510619300001,0.5355046742399999,0.6858979784099998
Cc1ncc(CN2CCC(Nc3ccc4nnnn4n3)C(C)C2)s1,1.579154557,test,butina,19,1.01440263391,0.9799195397600003,0.7991325470499998,1.51510400339
Cc1nc(Nc2nccs2)cc(C2CN(c3ncccn3)C2)n1,0.374565061,test,butina,19,1.0729875745200004,1.0086328898900003,0.9155480611300003,1.24648632875
CN(C)C(=O)C1(Cc2ccccc2-c2cccc(F)c2)CCN(C(=O)C2CC=CCC2)CC1,0.142702246,test,butina,19,0.4709787575799996,0.6790121995699999,0.77951045984,0.4153120999699999
COc1ccc(CNC(=O)c2sc3nc(C)cc(C)c3c2N)cc1,-0.18243463,test,butina,19,0.7141067932499997,0.53856732254,0.37626735773999975,0.49952102289999994
Cn1cc(Nc2nc(N)nc(-c3cccc(-n4ccc5cc(C6CC6)cc(F)c5c4=O)c3CO)n2)cn1,0.581038949,test,butina,19,0.9457883621400001,0.4795662567000001,0.47548611362000015,0.25966105673
CC(=O)Nc1ncc(CN2CCCC[C@@H]2C)s1,1.923109252,test,butina,19,1.2308727343399997,1.2733411271300001,0.84121407693,1.3429227327000008
C[C@@H]1Cc2ccccc2N1C(=O)Cn1nc(-c2cccc3ncccc23)oc1=O,0.360404055,test,butina,19,0.8122228427599997,0.6805302999400001,0.7379269780600004,0.5311674944999999
Cc1cc(Nc2cnccn2)cc(C2CCCN(CC(=O)N3CCCC3)C2)n1,1.632416797,test,butina,19,1.0184587649599997,1.1435114191500002,0.9489383520999999,1.099742853850001
Cc1cccnc1Nc1cccc(C2CCCN(CC(=O)Nc3nccs3)C2)n1,0.637289548,test,butina,19,0.9463551002899999,0.64489202111,0.6380976418799996,0.6027250383699997
CN(C)C(=O)C1(Cc2ccccc2-c2ccccc2)CCN(C(=O)c2cnn(C)c2)CC1,1.146840934,test,butina,19,0.9165206199000001,0.7816955576700001,0.6539546111699996,0.7760945674899999
Cc1cc(N2CCCC2c2cc(CCC(=O)O)cc(C)n2)ncn1,2.0,test,butina,19,1.03488054741,1.0341540792700004,1.0455488621199998,0.98362633062
Cc1cc(C)c2c(N)c(C(=O)NCc3ccc(Cl)cc3)sc2n1,-0.185752404,test,butina,19,0.81513967662,0.45098702421999987,0.74236630742,0.46931574472999993
COc1nc2sc(C(=O)NC3CC3)c(N)c2c(C)c1Cl,0.452093249,test,butina,19,0.8625352372599999,0.8801068617000005,0.6407124874100001,0.8779407213000004
CC(C)CC(NC(=O)C(O)C(N)Cc1ccccc1)C(=O)O,1.54052968,test,butina,19,1.0867334312899999,1.1637345410800002,1.2417184653300004,1.5500974077999998
COCCc1ccc(OCC(O)CNC(C)C)cc1,2.0,test,butina,19,0.79301491394,0.9524075146100003,0.9884574033600002,1.4910579970300006
COc1cc(Cc2cnc(N)nc2N)cc(OC)c1OC,1.855513099,test,butina,19,1.0641931922399999,0.8713220363700002,0.7846992404299997,1.6398873831099996
COc1cc2c(cc1OC)CN(CCc1ccc(NC(=O)c3cccc4c(O)c5cccc(OC)c5nc34)cc1)CC2,-1.292429824,test,butina,19,0.9666984903199998,0.23180297101000008,0.39787851876999997,0.15654478254000004
C=CCc1ccccc1OCC(O)CNC(C)C,1.496029699,test,butina,19,1.0901212188199998,0.9936182438899999,0.9308381460399999,1.3146919928900003
CCn1c(=O)oc2cc(NC(=O)c3ccc(C(C)(C)C)cc3)ccc21,0.180412633,test,butina,19,0.7798637563399999,0.5219033200499997,0.5407470544599998,0.3871527603099999
CC(C)[C@H](CO)Nc1nc(Nc2cc(N)cc(Cl)c2)c2ncn(C(C)C)c2n1,-0.099086932,test,butina,19,0.6006249099000002,0.55016526606,0.6985754000200004,0.20747434377999988
CC(=O)Nc1ncc(C(=O)O)s1,1.854123782,test,butina,19,1.18845962143,1.2146520267500005,1.02373567574,1.6429806228500003
Cc1cccc(-c2nc(C34CCC(C(N)=O)(CC3)CC4)[nH]c2-c2ccc3c(c2)OCO3)n1,0.21031852,test,butina,19,0.9533434034700001,0.5744372754999997,0.47866309015000014,0.59761413146
COc1cc2nc(-c3cc(F)ccc3O)nc(N[C@@H]3CNC[C@H]3C(C)(C)O)c2cc1OC.Cl,-0.823908741,test,butina,19,0.8795902714000003,0.5476439470799999,0.31049182453999985,0.4563459280499999
CN(c1ncc(F)cn1)[C@H]1CCCNC1,2.0,train,random,20,,,,
CC(C)(Oc1ccc(-c2cnc(N)c(-c3ccc(Cl)cc3)c2)cc1)C(=O)O,-1.403402904,train,random,20,,,,
CC(C)(O)CCn1cc2cc(NC(=O)c3cccc(C(F)(F)F)n3)c(C(C)(C)O)cc2n1,1.092264361,train,random,20,,,,
CC#CC(=O)N[C@H]1CCCN(c2c(F)cc(C(N)=O)c3[nH]c(C)c(C)c23)C1,-0.639532816,train,random,20,,,,
C=CC(=O)N1CCC[C@@H](n2nc(-c3ccc(Oc4ccccc4)cc3)c3c(N)ncnc32)C1,-0.35853,train,random,20,,,,
CC(C)NC(=O)COc1cccc(-c2nc(Nc3ccc4[nH]ncc4c3)c3ccccc3n2)c1,-0.504455662,train,random,20,,,,
CCS(=O)(=O)N1CC(CC#N)(n2cc(-c3ncnc4[nH]ccc34)cn2)C1,2.0,train,random,20,,,,
COc1ccc(S(=O)(=O)N2CCC(N3CCC(C)CC3)CC2)cc1,1.626076768,train,random,20,,,,
CCn1c(-c2nonc2N)nc2cnc(Oc3cccc(NC(=O)c4ccc(OCCN5CCOCC5)cc4)c3)cc21,-0.325138859,train,random,20,,,,
Cc1c[nH]c2nccc(Oc3c(F)cc(Nc4cc(Cl)nc(N)n4)cc3F)c12,-0.68613278,train,random,20,,,,
CCCc1cc(N2CCc3c(nc(C4CC4)n3C)C2)n2ncnc2n1,1.388207807,train,random,20,,,,
Nc1c(F)ccc2cnc(-n3ccc4ccncc43)cc12,0.631443769,train,random,20,,,,
C=CC(=O)N1C[C@H](Nc2ncnc3[nH]ccc23)CC[C@@H]1C,1.74597993,train,random,20,,,,
Cn1cc(Nc2nccc(N3CC4CCC(C3)N4C(=O)[C@@H]3CC3(F)F)n2)cn1,1.786412441,train,random,20,,,,
[2H]C([2H])([2H])NC(=O)c1nnc(NC(=O)C2CC2)cc1Nc1cccc(-c2ncn(C)n2)c1OC,1.236577565,train,random,20,,,,
C=CC(=O)N1CCC(CNc2ncnc(N)c2-c2ccc(Oc3ccccc3)cc2)CC1,0.901294817,train,random,20,,,,
Nc1n[nH]cc1-c1cc(Cl)ccc1Oc1cc(F)c(S(=O)(=O)Nc2cscn2)cc1Cl,-0.08249449,train,random,20,,,,
Cc1c(-c2c(F)cc(C(N)=O)c3[nH]c4c(c23)CC[C@H](C(C)(C)O)C4)cccc1-n1c(=O)c2cccc(F)c2n(C)c1=O,0.326540669,train,random,20,,,,
Cn1cc(-c2cn3nccc3c(-c3cnn([C@]4(CC#N)C[C@@H](C#N)C4)c3)n2)cn1,1.364100521,train,random,20,,,,
O=C(c1ccc(Oc2ccccc2)cc1Cl)c1c[nH]c2ncnc(N[C@@H]3CC[C@@H](CO)OC3)c12,-0.295849483,train,random,20,,,,
N#CC[C@H](C1CCCC1)n1cc(-c2ncnc3[nH]ccc23)cn1,1.244598701,train,random,20,,,,
CC(C)(C)c1ccc(-c2nc3n(c(=O)c2C#N)CCS3)cc1,0.455758203,train,random,20,,,,
C=CC(=O)Nc1cccc(Oc2nc(Nc3ccc(N4CCN(C)CC4)cc3)nc3ccsc23)c1,-0.308918508,train,random,20,,,,
C=CC(=O)N1CCC([C@@H]2CCNc3c(C(N)=O)c(-c4ccc(Oc5ccccc5)cc4)nn32)CC1,0.231979027,train,random,20,,,,
C=CC(=O)N1CCC[C@H](n2c(=O)n(-c3ccc(Oc4ccccc4)cc3)c3c(N)ncnc32)C1,0.276231958,train,random,20,,,,
CC(C)(C=C(C#N)C(=O)N1CCC[C@@H](n2nc(-c3ccc(Oc4ccccc4)cc3F)c3c(N)ncnc32)C1)N1CCN(C2COC2)CC1,0.123198075,train,random,20,,,,
CC#CC(=O)N1CC[C@@H](n2cc(-c3ccc(Oc4c(F)cccc4F)cc3)c3c(N)n[nH]c(=O)c32)C1,-0.029188389,train,random,20,,,,
C=CC(=O)Nc1cccc(Oc2nc(Nc3ccc(N4CCN(C)CC4)c(F)c3)nc3[nH]ccc23)c1,-0.139063379,train,random,20,,,,
C[C@@H]1c2nnn(-c3ncc(F)cn3)c2CCN1C(=O)c1cccc(C(F)(F)F)c1Cl,1.240049772,train,random,20,,,,
COc1ccccc1-c1cc(NC(=O)c2cccc(N3CCNC3=O)c2)[nH]n1,-0.742321425,train,random,20,,,,
Nc1ncc(-c2cccc(C(F)(F)F)c2)c(C2CCCCN2C(=O)c2ccccc2)n1,0.137354111,train,random,20,,,,
O=C(Nc1cccc(-c2nncn2C2CC2)c1)c1cc(-n2cnc(C3CC3)c2)ccn1,0.611935625,train,random,20,,,,
Fc1ccccc1-c1c[nH]nc1C1CCCN1Cc1ccc2ncccc2c1,0.460897843,train,random,20,,,,
Cc1nccc(-c2cn(Cc3ccccc3)c3cnccc23)n1,1.207445854,train,random,20,,,,
CCc1nc(C)cn2nc(-c3cc(=O)n4cc(C5CCN(C)CC5)cc(C)c4n3)cc12,0.593618308,train,random,20,,,,
Cc1c(Cl)ccc2cc3n(c12)[C@@H](C)CNC3=O,0.696793085,train,random,20,,,,
Nc1ncnc2c1c(-c1ccc(Oc3ccccc3)cc1)nn2[C@@H]1CCCNC1,0.846275242,train,random,20,,,,
Cc1nnc(CN(C)CC(C)Oc2ccc(Cl)c(Cl)c2)n1C,1.114444172,train,random,20,,,,
COc1nn(C)cc1C(=O)Nc1cccc(-c2cnc3n2CCC3)c1,0.685562611,train,random,20,,,,
COc1cc(F)ccc1-c1ncnc(Nc2cccc(C[S@@](C)(=N)=O)c2)n1,1.574609941,train,random,20,,,,
Cc1ncc(CN2CC[C@@H](Nc3cncc(Cl)n3)[C@@H](C)C2)s1,1.264227348,train,random,20,,,,
Cc1ccc(C(=O)N2CCC(Cc3ccccc3-c3ccccc3)(C(=O)N(C)C)CC2)s1,-0.590066877,train,random,20,,,,
CCc1nc2c(C)cc(N3CCN(CC(=O)N4CC(O)C4)CC3)cn2c1N(C)c1nc(-c2ccc(F)cc2)c(C#N)s1,-0.434152181,train,random,20,,,,
C[C@@H]1CCN(C(=O)CC#N)C[C@@H]1N(C)c1ncnc2[nH]ccc12,1.747124255,train,random,20,,,,
CN(C)C(=O)C1(Cc2ccccc2-c2ccccc2)CCN(C(=O)C2CCCO2)CC1,1.265713811,train,random,20,,,,
CC(=O)Nc1ccc(C(=O)N2CCCCC2c2nc(N)ncc2-c2ccc(Cl)cc2)cc1,0.549861188,train,random,20,,,,
CC(=O)Nc1ccc(C(=O)N2CCCCC2c2nc(N)ncc2-c2cccc(Cl)c2)cc1,0.584331224,train,random,20,,,,
O=C1CN(c2ccc(Nc3nccc(C(F)(F)F)n3)cn2)CCN1,1.433497815,train,random,20,,,,
O=C1NCCN(C(=O)c2ccc3nccn3c2)C1c1ccccc1C(F)(F)F,1.801527189,train,random,20,,,,
Cc1cc(F)ccc1C1C(=O)NCCN1C(=O)c1ccc2nccn2c1,1.950724994,train,random,20,,,,
O=C1NCCN(C(=O)c2ccncc2)C1c1ccccc1Cl,1.868168158,train,random,20,,,,
CN1[C@H]2CC[C@@H]1C[C@@H](OC(c1ccccc1)c1ccccc1)C2,1.180842415,train,random,20,,,,
CC(C)(C)C(=O)N1CCC(Cc2ccc(-c3cccs3)cc2)(C(=O)N2CCCC2)CC1,0.008174184,train,random,20,,,,
OCC1CCCCN1Cc1ccc(Cl)c(Cl)c1,1.484982782,train,random,20,,,,
CC(=O)N1CCN(c2nc(C(F)(F)F)nc3sc(C)c(C)c23)CC1,0.624282096,train,random,20,,,,
c1ccc(Oc2cccc(CN(CCN3CCOCC3)Cc3cccnc3)c2)cc1,0.142389466,train,random,20,,,,
COc1ccc([C@H]2CN(C(C)=O)[C@@H]3CCCN(Cc4cccc(F)c4)[C@H]23)cc1,0.594060901,train,random,20,,,,
Cc1c(C(=O)NCCCN(C)C)sc2ncnc(Nc3ccc(F)cc3OC(C)C)c12,0.966376423,train,random,20,,,,
OCC1CCCCN1Cc1ccc(-c2ccccc2)cc1,1.394924244,train,random,20,,,,
Nc1ncc(C(=O)NC2CN(C(=O)C3CC3)C2)c2ccc(-c3cccc(F)c3)nc12,0.38219721,train,random,20,,,,
CC1(C)CC(Oc2ccc(-c3ccc(-c4cn[nH]c4)cc3O)nn2)CC(C)(C)N1,1.241969612,train,random,20,,,,
Cc1nnc(-c2ccc3occ(-c4ccc(S(C)=O)cc4)c3c2)o1,1.077985291,train,random,20,,,,
Cc1ncsc1C(=O)N1CCCCC1c1nc(N)ncc1-c1cccc(C(F)(F)F)c1,0.86254877,train,random,20,,,,
O=C(CCNC(=O)c1ccc(OC(F)(F)F)cc1)N[C@@H]1CCCc2ccccc21,0.630427875,train,random,20,,,,
O=S(=O)(c1cccc2cnccc12)N1CCCNCC1,1.844321821,train,random,20,,,,
C=CC(=O)Nc1cccc(Oc2nc(Nc3ccc(N4CCN(C)CC4)cc3)nc3ccoc23)c1,-0.208309351,train,random,20,,,,
CCN1CCN(S(=O)(=O)Cc2ccc(Cl)c(Cl)c2)CC1,1.071845201,train,random,20,,,,
O=C(Nc1nc2cccc(-c3ccc(CN4CCS(=O)(=O)CC4)cc3)n2n1)C1CC1,1.601853652,train,random,20,,,,
CCn1c(CO)nn(-c2cc(O[C@@H](C)C(F)(F)F)c(C(=O)Nc3c(F)cccc3Cl)cc2F)c1=O,0.876910311,train,random,20,,,,
CCN(C/C=C\c1ccc(C2CCCCC2)c(Cl)c1)C1CCCCC1,-0.266802735,train,random,20,,,,
NCCN1CCN(C/C=C/C(=O)N2CCC[C@@H](n3nc(-c4ccc(Oc5ccccc5)cc4)c4c(N)ncnc43)C2)CC1,0.686814955,train,random,20,,,,
Cn1c(C2CC2)nc2c1CCN(c1ncnc3ccsc13)C2,1.192985379,train,random,20,,,,
CC/C(=C(\c1ccccc1)c1ccc(OCCN(C)C)cc1)c1ccccc1,-0.341988603,train,random,20,,,,
COc1nn(C)cc1C(=O)Nc1cccc2cnccc12,1.58945809,train,random,20,,,,
Cc1ncc(CN2CCC(Nc3ccc4nnnn4n3)C(C)C2)s1,1.579154557,train,random,20,,,,
Cc1nc(Nc2nccs2)cc(C2CN(c3ncccn3)C2)n1,0.374565061,train,random,20,,,,
COc1ccc(Nc2c(C#N)cnc3cc(OC)c(OC)cc23)cc1Cl,0.115943177,train,random,20,,,,
COc1ccc(CCCN2CCN(c3cnn(C)c3)C(=O)C2)cc1F,1.308414999,train,random,20,,,,
Cc1noc(C(C)C)c1C(=O)N1CC(C)OC(c2ccccc2)C1,1.111934276,train,random,20,,,,
CN(Cc1ccccc1)C1(C(=O)N2CCNC(=O)CC2)Cc2ccccc2C1,0.912806393,train,random,20,,,,
Cc1c(F)cccc1NC(=O)CN1[C@H]2CCCC(=O)N[C@@]2(C)C[C@H]1Cc1ccccc1,0.925312092,train,random,20,,,,
CCC1=C(C)CN(C(=O)NCCc2ccc(S(=O)(=O)NC(=O)N[C@H]3CC[C@H](C)CC3)cc2)C1=O,-1.638272164,train,random,20,,,,
O=S(=O)(c1cccc2c(O)nccc12)N1CCCNCC1,1.990813743,train,random,20,,,,
CN(C)C(=O)C1(Cc2ccccc2-c2cccc(F)c2)CCN(C(=O)C2CC=CCC2)CC1,0.142702246,train,random,20,,,,
COCC(=O)N1CCC(Cc2ccccc2-c2cccc(F)c2)(C(=O)NC(C)C)CC1,1.076967952,train,random,20,,,,
COc1ccc(CNC(=O)c2sc3nc(C)cc(C)c3c2N)cc1,-0.18243463,train,random,20,,,,
Cc1cnc(C(=O)NCCc2ccc(S(=O)(=O)NC(=O)NC3CCCCC3)cc2)cn1,-0.204119983,train,random,20,,,,
CNC(=O)C1(Cc2ccc(-c3cccnc3)cc2)CCN(Cc2ccc(F)cc2)C1,0.918868743,train,random,20,,,,
CNC(=O)C1(Cc2ccc(-c3cccnc3)cc2)CCN(Cc2cccc(F)c2)C1,0.531095547,train,random,20,,,,
CC(=O)Nc1ncc(CN2CCCC[C@@H]2C)s1,1.923109252,train,random,20,,,,
O=C1CCCC[C@@H]2[C@H](C[C@@H](Cc3ccccc3F)N2C(=O)c2cccc3ncccc23)N1,1.348966512,train,random,20,,,,
CCOc1cc(CC(=O)N[C@@H](CC(C)C)c2ccccc2N2CCCCC2)ccc1C(=O)O,-0.063486258,train,random,20,,,,
CC(O)(C#Cc1ccc2c(c1)N(c1nc(N)ncc1Cl)CC2)c1nccs1,0.275311355,train,random,20,,,,
COCCc1noc(CN2CC(c3ccccc3)(c3ccccc3)CCC2=O)n1,1.25166255,train,random,20,,,,
Cc1[nH]nc2c1C1(CCCCC1)CC(=O)N2,1.284633733,train,random,20,,,,
Cc1oc2ccccc2c1CNc1nnc(-c2ccncc2)o1,-0.172630727,train,random,20,,,,
O=C(Nc1cccc2ncccc12)[C@H]1CCCN(S(=O)(=O)c2ccccc2)C1,1.091666958,train,random,20,,,,
C[C@@H]1Cc2ccccc2N1C(=O)Cn1nc(-c2cccc3ncccc23)oc1=O,0.360404055,train,random,20,,,,
Nc1ncnc2c1c(-c1cnc3[nH]ccc3c1)nn2C1CCCC1,0.780605306,train,random,20,,,,
CN1C(N)=N[C@](C)(c2cc(NC(=O)c3ccc(F)cn3)ccc2F)CS1(=O)=O,1.491417728,train,random,20,,,,
CC1CN(C(=O)c2cccnc2N2CCOCC2)CC(c2ccccc2)O1,1.555686814,train,random,20,,,,
CCCCNC(=O)NS(=O)(=O)c1ccc(C)cc1,0.440121603,train,random,20,,,,
Cc1cc(Nc2cnccn2)cc(C2CCCN(CC(=O)N3CCCC3)C2)n1,1.632416797,train,random,20,,,,
CN(C)C(=O)C1(Cc2ccccc2-c2ccccc2)CCN(C(=O)c2cnn(C)c2)CC1,1.146840934,train,random,20,,,,
CN1CCN(S(=O)(=O)c2ccc(-c3cnc(N)c(C(=O)Nc4cccnc4)n3)cc2)CC1,0.915558115,train,random,20,,,,
CNC(=O)C1(Cc2ccc(-c3cccnc3)cc2)CCN(Cc2ccccc2Cl)C1,0.273695588,train,random,20,,,,
O=C(CN1CCCC(c2cccc(Cc3cccc(F)c3)n2)C1)N1CCCC1,0.953856298,train,random,20,,,,
COc1cc2ncnc(Nc3cccc(O)c3)c2cc1OC,0.650307523,train,random,20,,,,
COCCNC(=O)c1ccnc(C2CCNCC2)c1,2.0,train,random,20,,,,
CC1(CNC(=O)c2cncc(C3CCNCC3)n2)CCCO1,1.960042456,train,random,20,,,,
Cc1cc(N2CCCC2)nc(C2CCCN(C)C2)n1,1.861522463,train,random,20,,,,
CCn1cc(C(=O)O)c(=O)c2c(N)c(F)c(NC3CCCCC3)cc21,0.426673888,train,random,20,,,,
COc1cc2nc(N3CCN(C(=O)c4ccco4)CC3)nc(N)c2cc1OC,1.371880249,train,random,20,,,,
CC1(C)Cc2cc(NC(=O)c3cnn4cccnc34)c(OCC3CC3)nc2O1,0.38219721,train,random,20,,,,
N#Cc1cc(F)c(NS(=O)(=O)c2c[nH]c3cc(Cl)ccc23)cc1F,-0.251811973,train,random,20,,,,
CC(C)CC(NC(=O)C(O)C(N)Cc1ccccc1)C(=O)O,1.54052968,train,random,20,,,,
COCCc1ccc(OCC(O)CNC(C)C)cc1,2.0,train,random,20,,,,
COc1cc(Cc2cnc(N)nc2N)cc(OC)c1OC,1.855513099,train,random,20,,,,
CC(C(=O)O)c1cccc(C(=O)c2ccccc2)c1,0.047274867,train,random,20,,,,
C=CCc1ccccc1OCC(O)CNC(C)C,1.496029699,train,random,20,,,,
Nc1nc(=O)c2ncn(COCCO)c2[nH]1,1.850860573,train,random,20,,,,
NCCCC[C@H](N[C@@H](CCc1ccccc1)C(=O)O)C(=O)N1CCC[C@H]1C(=O)O,2.0,train,random,20,,,,
CCCc1nc2nc(C)c(NS(=O)(=O)c3ccc(C4CCCCC4)cc3)c(O)n2n1,-0.137272472,train,random,20,,,,
NC(=O)C1(Cc2ccc(-c3ccncc3)cc2)CCN(C(=O)Cc2cccc(F)c2)CC1,1.058463986,train,random,20,,,,
CC(=O)Nc1ccc(O)cc1,1.916985305,train,random,20,,,,
O=C(NC1CCNCC1)c1ccc2[nH]ncc2c1,1.92695435,train,random,20,,,,
Cc1cccc(/C=N/Nc2cc(N3CCOCC3)nc(OCCc3ccccn3)n2)c1,-0.27572413,train,random,20,,,,
CCn1c(=O)oc2cc(NC(=O)c3ccc(C(C)(C)C)cc3)ccc21,0.180412633,train,random,20,,,,
N#Cc1ccc(COc2cccc(C3CCN(Cc4nc5ccc(C(=O)O)cc5n4C[C@@H]4CCO4)CC3)n2)c(F)c1,0.312177356,train,random,20,,,,
CC(C)[C@H](CO)Nc1nc(Nc2cc(N)cc(Cl)c2)c2ncn(C(C)C)c2n1,-0.099086932,train,random,20,,,,
O=C(NC1CCNCC1)c1ccc2cn[nH]c2c1,1.70808081,train,random,20,,,,
CC(C)(C)OC(=O)N1CCCC1C(=O)N1CCC(C(=O)N[C@@H](Cc2c[nH]c3ccccc23)C(=O)O)CC1,1.842553077,train,random,20,,,,
O=C(Nc1cccc2c(=O)cc(-c3nnn[nH]3)oc12)c1ccc(OCCCCc2ccccc2)cc1,0.77224834,train,random,20,,,,
CC(=O)Nc1ncc(C(=O)O)s1,1.854123782,train,random,20,,,,
CNc1cc(Nc2cccn(-c3ccccn3)c2=O)nn2c(C(=O)N[C@@H]3C[C@@H]3F)cnc12,0.51851394,test,random,20,0.9630965655,0.7598782183600001,0.5412964084600002,0.6368160118000001
CCOc1cc2nn(CCC(C)(C)O)cc2cc1NC(=O)c1cccc(C(F)F)n1,0.268343914,test,random,20,0.9276903850800008,0.65982372185,1.1641484921900005,0.55057387196
CC(C)NCC(O)COc1cccc2ccccc12,1.347759218,test,random,20,1.6109638234099999,1.2219875689000006,1.31293668926,1.4188509277600003
COc1ccc(Cl)cc1C(=O)NCCc1ccc(S(=O)(=O)NC(=O)NC2CCCCC2)cc1,-0.943095149,test,random,20,0.05682024302999999,0.13280127723,0.2432065301499999,0.15518641873999997
CC1(C)CC[C@]2(NC(=O)C(C)(F)F)CC[C@]3(C)[C@H](C(=O)C=C4[C@@]3(C)CC[C@H]3C(C)(C)C(=O)C(C#N)=C[C@]43C)[C@@H]2C1,-0.055517328,test,random,20,0.9997802834700004,0.6805814688800002,0.4840533163700001,0.17186726733999996
COc1cc2c(cc1OC)CC(=O)N(CCCN(C)C[C@H]1Cc3cc(OC)c(OC)cc31)CC2,1.615139594,test,random,20,1.1107205959900002,0.6682030035700002,0.52017793606,0.29402552669999993
N#Cc1ccc2[nH]c(O)c(-c3ccc(CN4CCOCC4)cn3)c2c1,1.072507236,test,random,20,0.7055462805299997,0.73381794694,0.7145668133399998,1.2111885185699993
Fc1ccc(-c2ccc3c(c2)[nH]c2ccncc23)cn1,0.640978057,test,random,20,1.0824786236700001,0.753937789,0.6380358528499999,0.4915045284100001
O=C(Nc1cccnc1)c1ccnc(NC(=O)C2CC2)c1,1.615287063,test,random,20,0.9807760144900005,1.2039424240000005,1.1354456128400003,1.3813681062799998
CC#CC(=O)N1CC[C@@H](n2c(=O)n(-c3ccc(Oc4ccccc4)cc3)c3c(N)ncnc32)C1,0.669595781,test,random,20,0.34298403889000006,0.17916506717000005,0.23223240414000001,0.68578267013
C[C@H]1CN(C(=O)CC(c2ccccc2)c2ccccc2)C[C@@H](C)O1,0.718335579,test,random,20,1.3150924151600003,1.0295996563799996,0.5035773987699996,1.1007580998999997
OC[C@H](Nc1cncc(-c2ccc3[nH]ncc3n2)c1)c1ccccc1,1.024690862,test,random,20,0.8117074599300002,0.9060618881200001,0.8156605087800002,0.53333413038
Cc1ncsc1C(=O)N1CCCCC1c1nc(N(C)C)ncc1-c1cccc(Cl)c1,0.021602716,test,random,20,0.6392373695399999,0.47023749949999993,0.7304550680599996,0.4034469344799998
COc1ccccc1C(=O)Nc1ccc2cc[nH]c2c1,0.571825249,test,random,20,1.1668864868100004,0.9769639061100002,0.3655080116699999,0.55639352706
O=C(Nc1ccc2ccccc2n1)c1ccc(N2CCOC2=O)cc1,0.069298012,test,random,20,1.2683637975500006,0.8040082291399996,0.4580446796600001,0.5027311628000001
CNC(=O)C1(Cc2ccc(-c3ccncc3)cc2)CCN(Cc2cccc(F)c2)C1,0.715167358,test,random,20,0.6220433052899996,0.5820142334599997,0.6906581582799997,0.6697010866899998
Cc1ccc(NC(=O)CN2[C@H]3CCCC(=O)N[C@@]3(C)C[C@H]2Cc2ccccc2)cc1F,0.360971884,test,random,20,0.5214709563400003,0.95547600804,0.6691792590400002,0.8766314581499998
C#C[C@@](C)(CC)NC(=O)c1cc(F)cnc1NC1CC(F)(F)C1,0.850278553,test,random,20,0.9340710819100002,1.3553424115000001,0.7886895267699998,0.8789140510700004
Cn1cc(Nc2nc(N)nc(-c3cccc(-n4ccc5cc(C6CC6)cc(F)c5c4=O)c3CO)n2)cn1,0.581038949,test,random,20,1.0161124154500003,0.4612056838500002,0.29504946154000006,0.20180538209999996
O=C(Nc1cnccc1-c1ccc(Cl)cc1)c1ccnc(NC(=O)C2CC2)c1,0.847634344,test,random,20,0.8554602386600004,0.3665333617500001,0.8276170202200004,0.43900415243999985
Cc1cccnc1Nc1cccc(C2CCCN(CC(=O)Nc3nccs3)C2)n1,0.637289548,test,random,20,1.0458568777700001,0.7309241839900001,0.7935300129100001,0.6456550036699997
CC1(C)CC(=O)C2=C(C1)NC(=O)CC2c1ccc(Br)cc1,0.944630702,test,random,20,1.5166411458900009,0.9366392384800001,0.7130342762499998,0.7245497135700006
Cc1cc(N2CCCC2c2cc(CCC(=O)O)cc(C)n2)ncn1,2.0,test,random,20,1.22538472041,1.2229349992099998,1.0212706057800005,1.1840384262100003
CCCNC(=O)NS(=O)(=O)c1ccc(Cl)cc1,0.628286731,test,random,20,0.82856528143,0.9606554883899999,0.5676732131700002,0.7625047774900002
Cc1cc(C)c2c(N)c(C(=O)NCc3ccc(Cl)cc3)sc2n1,-0.185752404,test,random,20,0.6677581774799997,0.49950027776999995,0.34521173642,0.08938782603999998
COc1nc2sc(C(=O)NC3CC3)c(N)c2c(C)c1Cl,0.452093249,test,random,20,1.1499996244100006,0.9151330313700003,0.58034081889,1.0923271638399996
O=C1NCCSc2c1sc1ccc(O)cc21,1.164679941,test,random,20,1.14709691897,1.4312645669999997,0.6443305861100002,1.3064322874000005
CC(CCc1ccccc1)NCC(O)c1ccc(O)c(C(N)=O)c1,1.65850745,test,random,20,0.9652691640999999,0.8301220116,0.9552063268500001,1.3512577820599998
COc1cc2c(cc1OC)CN(CCc1ccc(NC(=O)c3cccc4c(O)c5cccc(OC)c5nc34)cc1)CC2,-1.292429824,test,random,20,0.8899079428699997,0.13263771295000004,0.24949191278999996,-0.07477701607999994
COc1ccc([C@H]2c3[nH]c4ccc(Cl)cc4c3CCN2C(=O)Oc2ccc(Cl)cc2)cc1,1.754608223,test,random,20,0.6131122060099998,0.2173924936700001,0.21862207095000002,0.015438633839999993
COc1ccc(OC[C@@H]2c3cc(OC)c(OC)cc3CCN2C(=O)c2cccc(Cl)c2)cc1,0.232233521,test,random,20,0.3568965880000001,0.44063525585999985,0.2513292394300001,0.01798491408999999
Cc1cccc(-c2nc(C34CCC(C(N)=O)(CC3)CC4)[nH]c2-c2ccc3c(c2)OCO3)n1,0.21031852,test,random,20,0.9249470811599998,0.52358037383,0.39809055315999975,0.6631812236099998
COc1cc2nc(-c3cc(F)ccc3O)nc(N[C@@H]3CNC[C@H]3C(C)(C)O)c2cc1OC.Cl,-0.823908741,test,random,20,1.069894245580001,0.60814203182,0.41199843433999994,0.33325477274000015
CC(C)[C@@](C)(O)[C@@H]1CN(c2nc(-c3n[nH]c4ncccc34)c(F)cc2Cl)CCN1,0.622421274,test,random,20,0.7517382142300001,0.8883804520200005,0.70037327253,0.7390272665799996
CNc1cc(Nc2cccn(-c3ccccn3)c2=O)nn2c(C(=O)N[C@@H]3C[C@@H]3F)cnc12,0.51851394,train,random,21,,,,
CCOc1cc2nn(CCC(C)(C)O)cc2cc1NC(=O)c1cccc(C(F)F)n1,0.268343914,train,random,21,,,,
CN(c1ncc(F)cn1)[C@H]1CCCNC1,2.0,train,random,21,,,,
CC(C)(Oc1ccc(-c2cnc(N)c(-c3ccc(Cl)cc3)c2)cc1)C(=O)O,-1.403402904,train,random,21,,,,
CC(C)(O)CCn1cc2cc(NC(=O)c3cccc(C(F)(F)F)n3)c(C(C)(C)O)cc2n1,1.092264361,train,random,21,,,,
CC#CC(=O)N[C@H]1CCCN(c2c(F)cc(C(N)=O)c3[nH]c(C)c(C)c23)C1,-0.639532816,train,random,21,,,,
CC(C)NCC(O)COc1cccc2ccccc12,1.347759218,train,random,21,,,,
COc1ccc(Cl)cc1C(=O)NCCc1ccc(S(=O)(=O)NC(=O)NC2CCCCC2)cc1,-0.943095149,train,random,21,,,,
CC(C)NC(=O)COc1cccc(-c2nc(Nc3ccc4[nH]ncc4c3)c3ccccc3n2)c1,-0.504455662,train,random,21,,,,
CCS(=O)(=O)N1CC(CC#N)(n2cc(-c3ncnc4[nH]ccc34)cn2)C1,2.0,train,random,21,,,,
COc1ccc(S(=O)(=O)N2CCC(N3CCC(C)CC3)CC2)cc1,1.626076768,train,random,21,,,,
CCn1c(-c2nonc2N)nc2cnc(Oc3cccc(NC(=O)c4ccc(OCCN5CCOCC5)cc4)c3)cc21,-0.325138859,train,random,21,,,,
CC1(C)CC[C@]2(NC(=O)C(C)(F)F)CC[C@]3(C)[C@H](C(=O)C=C4[C@@]3(C)CC[C@H]3C(C)(C)C(=O)C(C#N)=C[C@]43C)[C@@H]2C1,-0.055517328,train,random,21,,,,
COc1cc2c(cc1OC)CC(=O)N(CCCN(C)C[C@H]1Cc3cc(OC)c(OC)cc31)CC2,1.615139594,train,random,21,,,,
N#Cc1ccc2[nH]c(O)c(-c3ccc(CN4CCOCC4)cn3)c2c1,1.072507236,train,random,21,,,,
CCCc1cc(N2CCc3c(nc(C4CC4)n3C)C2)n2ncnc2n1,1.388207807,train,random,21,,,,
Fc1ccc(-c2ccc3c(c2)[nH]c2ccncc23)cn1,0.640978057,train,random,21,,,,
Cn1cc(Nc2nccc(N3CC4CCC(C3)N4C(=O)[C@@H]3CC3(F)F)n2)cn1,1.786412441,train,random,21,,,,
[2H]C([2H])([2H])NC(=O)c1nnc(NC(=O)C2CC2)cc1Nc1cccc(-c2ncn(C)n2)c1OC,1.236577565,train,random,21,,,,
C=CC(=O)N1CCC(CNc2ncnc(N)c2-c2ccc(Oc3ccccc3)cc2)CC1,0.901294817,train,random,21,,,,
Cc1c(-c2c(F)cc(C(N)=O)c3[nH]c4c(c23)CC[C@H](C(C)(C)O)C4)cccc1-n1c(=O)c2cccc(F)c2n(C)c1=O,0.326540669,train,random,21,,,,
Cn1cc(-c2cn3nccc3c(-c3cnn([C@]4(CC#N)C[C@@H](C#N)C4)c3)n2)cn1,1.364100521,train,random,21,,,,
O=C(Nc1cccnc1)c1ccnc(NC(=O)C2CC2)c1,1.615287063,train,random,21,,,,
O=C(c1ccc(Oc2ccccc2)cc1Cl)c1c[nH]c2ncnc(N[C@@H]3CC[C@@H](CO)OC3)c12,-0.295849483,train,random,21,,,,
N#CC[C@H](C1CCCC1)n1cc(-c2ncnc3[nH]ccc23)cn1,1.244598701,train,random,21,,,,
CC(C)(C)c1ccc(-c2nc3n(c(=O)c2C#N)CCS3)cc1,0.455758203,train,random,21,,,,
C=CC(=O)Nc1cccc(Oc2nc(Nc3ccc(N4CCN(C)CC4)cc3)nc3ccsc23)c1,-0.308918508,train,random,21,,,,
CC#CC(=O)N1CC[C@@H](n2c(=O)n(-c3ccc(Oc4ccccc4)cc3)c3c(N)ncnc32)C1,0.669595781,train,random,21,,,,
C=CC(=O)N1CCC([C@@H]2CCNc3c(C(N)=O)c(-c4ccc(Oc5ccccc5)cc4)nn32)CC1,0.231979027,train,random,21,,,,
CC(C)(C=C(C#N)C(=O)N1CCC[C@@H](n2nc(-c3ccc(Oc4ccccc4)cc3F)c3c(N)ncnc32)C1)N1CCN(C2COC2)CC1,0.123198075,train,random,21,,,,
CC#CC(=O)N1CC[C@@H](n2cc(-c3ccc(Oc4c(F)cccc4F)cc3)c3c(N)n[nH]c(=O)c32)C1,-0.029188389,train,random,21,,,,
COc1ccccc1-c1cc(NC(=O)c2cccc(N3CCNC3=O)c2)[nH]n1,-0.742321425,train,random,21,,,,
Nc1ncc(-c2cccc(C(F)(F)F)c2)c(C2CCCCN2C(=O)c2ccccc2)n1,0.137354111,train,random,21,,,,
O=C(Nc1cccc(-c2nncn2C2CC2)c1)c1cc(-n2cnc(C3CC3)c2)ccn1,0.611935625,train,random,21,,,,
CCc1nc(C)cn2nc(-c3cc(=O)n4cc(C5CCN(C)CC5)cc(C)c4n3)cc12,0.593618308,train,random,21,,,,
Cc1c(Cl)ccc2cc3n(c12)[C@@H](C)CNC3=O,0.696793085,train,random,21,,,,
Nc1ncnc2c1c(-c1ccc(Oc3ccccc3)cc1)nn2[C@@H]1CCCNC1,0.846275242,train,random,21,,,,
COc1cc(F)ccc1-c1ncnc(Nc2cccc(C[S@@](C)(=N)=O)c2)n1,1.574609941,train,random,21,,,,
Cc1ccc(C(=O)N2CCC(Cc3ccccc3-c3ccccc3)(C(=O)N(C)C)CC2)s1,-0.590066877,train,random,21,,,,
CCc1nc2c(C)cc(N3CCN(CC(=O)N4CC(O)C4)CC3)cn2c1N(C)c1nc(-c2ccc(F)cc2)c(C#N)s1,-0.434152181,train,random,21,,,,
C[C@@H]1CCN(C(=O)CC#N)C[C@@H]1N(C)c1ncnc2[nH]ccc12,1.747124255,train,random,21,,,,
CN(C)C(=O)C1(Cc2ccccc2-c2ccccc2)CCN(C(=O)C2CCCO2)CC1,1.265713811,train,random,21,,,,
CC(=O)Nc1ccc(C(=O)N2CCCCC2c2nc(N)ncc2-c2ccc(Cl)cc2)cc1,0.549861188,train,random,21,,,,
CC(=O)Nc1ccc(C(=O)N2CCCCC2c2nc(N)ncc2-c2cccc(Cl)c2)cc1,0.584331224,train,random,21,,,,
O=C1CN(c2ccc(Nc3nccc(C(F)(F)F)n3)cn2)CCN1,1.433497815,train,random,21,,,,
O=C1NCCN(C(=O)c2ccc3nccn3c2)C1c1ccccc1C(F)(F)F,1.801527189,train,random,21,,,,
Cc1cc(F)ccc1C1C(=O)NCCN1C(=O)c1ccc2nccn2c1,1.950724994,train,random,21,,,,
O=C1NCCN(C(=O)c2ccncc2)C1c1ccccc1Cl,1.868168158,train,random,21,,,,
C[C@H]1CN(C(=O)CC(c2ccccc2)c2ccccc2)C[C@@H](C)O1,0.718335579,train,random,21,,,,
CN1[C@H]2CC[C@@H]1C[C@@H](OC(c1ccccc1)c1ccccc1)C2,1.180842415,train,random,21,,,,
CC(C)(C)C(=O)N1CCC(Cc2ccc(-c3cccs3)cc2)(C(=O)N2CCCC2)CC1,0.008174184,train,random,21,,,,
OC[C@H](Nc1cncc(-c2ccc3[nH]ncc3n2)c1)c1ccccc1,1.024690862,train,random,21,,,,
Cc1ncsc1C(=O)N1CCCCC1c1nc(N(C)C)ncc1-c1cccc(Cl)c1,0.021602716,train,random,21,,,,
OCC1CCCCN1Cc1ccc(Cl)c(Cl)c1,1.484982782,train,random,21,,,,
CC(=O)N1CCN(c2nc(C(F)(F)F)nc3sc(C)c(C)c23)CC1,0.624282096,train,random,21,,,,
COc1ccccc1C(=O)Nc1ccc2cc[nH]c2c1,0.571825249,train,random,21,,,,
c1ccc(Oc2cccc(CN(CCN3CCOCC3)Cc3cccnc3)c2)cc1,0.142389466,train,random,21,,,,
Cc1c(C(=O)NCCCN(C)C)sc2ncnc(Nc3ccc(F)cc3OC(C)C)c12,0.966376423,train,random,21,,,,
OCC1CCCCN1Cc1ccc(-c2ccccc2)cc1,1.394924244,train,random,21,,,,
Nc1ncc(C(=O)NC2CN(C(=O)C3CC3)C2)c2ccc(-c3cccc(F)c3)nc12,0.38219721,train,random,21,,,,
CC1(C)CC(Oc2ccc(-c3ccc(-c4cn[nH]c4)cc3O)nn2)CC(C)(C)N1,1.241969612,train,random,21,,,,
Cc1nnc(-c2ccc3occ(-c4ccc(S(C)=O)cc4)c3c2)o1,1.077985291,train,random,21,,,,
Cc1ncsc1C(=O)N1CCCCC1c1nc(N)ncc1-c1cccc(C(F)(F)F)c1,0.86254877,train,random,21,,,,
O=C(Nc1ccc2ccccc2n1)c1ccc(N2CCOC2=O)cc1,0.069298012,train,random,21,,,,
O=C(CCNC(=O)c1ccc(OC(F)(F)F)cc1)N[C@@H]1CCCc2ccccc21,0.630427875,train,random,21,,,,
O=S(=O)(c1cccc2cnccc12)N1CCCNCC1,1.844321821,train,random,21,,,,
C=CC(=O)Nc1cccc(Oc2nc(Nc3ccc(N4CCN(C)CC4)cc3)nc3ccoc23)c1,-0.208309351,train,random,21,,,,
O=C(Nc1nc2cccc(-c3ccc(CN4CCS(=O)(=O)CC4)cc3)n2n1)C1CC1,1.601853652,train,random,21,,,,
CCn1c(CO)nn(-c2cc(O[C@@H](C)C(F)(F)F)c(C(=O)Nc3c(F)cccc3Cl)cc2F)c1=O,0.876910311,train,random,21,,,,
CCN(C/C=C\c1ccc(C2CCCCC2)c(Cl)c1)C1CCCCC1,-0.266802735,train,random,21,,,,
NCCN1CCN(C/C=C/C(=O)N2CCC[C@@H](n3nc(-c4ccc(Oc5ccccc5)cc4)c4c(N)ncnc43)C2)CC1,0.686814955,train,random,21,,,,
Cn1c(C2CC2)nc2c1CCN(c1ncnc3ccsc13)C2,1.192985379,train,random,21,,,,
CC/C(=C(\c1ccccc1)c1ccc(OCCN(C)C)cc1)c1ccccc1,-0.341988603,train,random,21,,,,
CNC(=O)C1(Cc2ccc(-c3ccncc3)cc2)CCN(Cc2cccc(F)c2)C1,0.715167358,train,random,21,,,,
Cc1ncc(CN2CCC(Nc3ccc4nnnn4n3)C(C)C2)s1,1.579154557,train,random,21,,,,
Cc1nc(Nc2nccs2)cc(C2CN(c3ncccn3)C2)n1,0.374565061,train,random,21,,,,
COc1ccc(Nc2c(C#N)cnc3cc(OC)c(OC)cc23)cc1Cl,0.115943177,train,random,21,,,,
COc1ccc(CCCN2CCN(c3cnn(C)c3)C(=O)C2)cc1F,1.308414999,train,random,21,,,,
Cc1noc(C(C)C)c1C(=O)N1CC(C)OC(c2ccccc2)C1,1.111934276,train,random,21,,,,
Cc1c(F)cccc1NC(=O)CN1[C@H]2CCCC(=O)N[C@@]2(C)C[C@H]1Cc1ccccc1,0.925312092,train,random,21,,,,
Cc1ccc(NC(=O)CN2[C@H]3CCCC(=O)N[C@@]3(C)C[C@H]2Cc2ccccc2)cc1F,0.360971884,train,random,21,,,,
CN(C)C(=O)C1(Cc2ccccc2-c2cccc(F)c2)CCN(C(=O)C2CC=CCC2)CC1,0.142702246,train,random,21,,,,
COCC(=O)N1CCC(Cc2ccccc2-c2cccc(F)c2)(C(=O)NC(C)C)CC1,1.076967952,train,random,21,,,,
COc1ccc(CNC(=O)c2sc3nc(C)cc(C)c3c2N)cc1,-0.18243463,train,random,21,,,,
C#C[C@@](C)(CC)NC(=O)c1cc(F)cnc1NC1CC(F)(F)C1,0.850278553,train,random,21,,,,
Cn1cc(Nc2nc(N)nc(-c3cccc(-n4ccc5cc(C6CC6)cc(F)c5c4=O)c3CO)n2)cn1,0.581038949,train,random,21,,,,
Cc1cnc(C(=O)NCCc2ccc(S(=O)(=O)NC(=O)NC3CCCCC3)cc2)cn1,-0.204119983,train,random,21,,,,
CNC(=O)C1(Cc2ccc(-c3cccnc3)cc2)CCN(Cc2ccc(F)cc2)C1,0.918868743,train,random,21,,,,
CC(=O)Nc1ncc(CN2CCCC[C@@H]2C)s1,1.923109252,train,random,21,,,,
CCOc1cc(CC(=O)N[C@@H](CC(C)C)c2ccccc2N2CCCCC2)ccc1C(=O)O,-0.063486258,train,random,21,,,,
COCCc1noc(CN2CC(c3ccccc3)(c3ccccc3)CCC2=O)n1,1.25166255,train,random,21,,,,
Cc1[nH]nc2c1C1(CCCCC1)CC(=O)N2,1.284633733,train,random,21,,,,
O=C(Nc1cccc2ncccc12)[C@H]1CCCN(S(=O)(=O)c2ccccc2)C1,1.091666958,train,random,21,,,,
C[C@@H]1Cc2ccccc2N1C(=O)Cn1nc(-c2cccc3ncccc23)oc1=O,0.360404055,train,random,21,,,,
Nc1ncnc2c1c(-c1cnc3[nH]ccc3c1)nn2C1CCCC1,0.780605306,train,random,21,,,,
O=C(Nc1cnccc1-c1ccc(Cl)cc1)c1ccnc(NC(=O)C2CC2)c1,0.847634344,train,random,21,,,,
CN1C(N)=N[C@](C)(c2cc(NC(=O)c3ccc(F)cn3)ccc2F)CS1(=O)=O,1.491417728,train,random,21,,,,
CCCCNC(=O)NS(=O)(=O)c1ccc(C)cc1,0.440121603,train,random,21,,,,
Cc1cc(Nc2cnccn2)cc(C2CCCN(CC(=O)N3CCCC3)C2)n1,1.632416797,train,random,21,,,,
Cc1cccnc1Nc1cccc(C2CCCN(CC(=O)Nc3nccs3)C2)n1,0.637289548,train,random,21,,,,
CC1(C)CC(=O)C2=C(C1)NC(=O)CC2c1ccc(Br)cc1,0.944630702,train,random,21,,,,
Cc1cc(N2CCCC2c2cc(CCC(=O)O)cc(C)n2)ncn1,2.0,train,random,21,,,,
CCCNC(=O)NS(=O)(=O)c1ccc(Cl)cc1,0.628286731,train,random,21,,,,
O=C(CN1CCCC(c2cccc(Cc3cccc(F)c3)n2)C1)N1CCCC1,0.953856298,train,random,21,,,,
COc1cc2ncnc(Nc3cccc(O)c3)c2cc1OC,0.650307523,train,random,21,,,,
Cc1cc(C)c2c(N)c(C(=O)NCc3ccc(Cl)cc3)sc2n1,-0.185752404,train,random,21,,,,
COCCNC(=O)c1ccnc(C2CCNCC2)c1,2.0,train,random,21,,,,
COc1nc2sc(C(=O)NC3CC3)c(N)c2c(C)c1Cl,0.452093249,train,random,21,,,,
CC1(CNC(=O)c2cncc(C3CCNCC3)n2)CCCO1,1.960042456,train,random,21,,,,
O=C1NCCSc2c1sc1ccc(O)cc21,1.164679941,train,random,21,,,,
CCn1cc(C(=O)O)c(=O)c2c(N)c(F)c(NC3CCCCC3)cc21,0.426673888,train,random,21,,,,
COc1cc2nc(N3CCN(C(=O)c4ccco4)CC3)nc(N)c2cc1OC,1.371880249,train,random,21,,,,
CC(CCc1ccccc1)NCC(O)c1ccc(O)c(C(N)=O)c1,1.65850745,train,random,21,,,,
N#Cc1cc(F)c(NS(=O)(=O)c2c[nH]c3cc(Cl)ccc23)cc1F,-0.251811973,train,random,21,,,,
CC(C)CC(NC(=O)C(O)C(N)Cc1ccccc1)C(=O)O,1.54052968,train,random,21,,,,
COc1cc(Cc2cnc(N)nc2N)cc(OC)c1OC,1.855513099,train,random,21,,,,
CC(C(=O)O)c1cccc(C(=O)c2ccccc2)c1,0.047274867,train,random,21,,,,
COc1cc2c(cc1OC)CN(CCc1ccc(NC(=O)c3cccc4c(O)c5cccc(OC)c5nc34)cc1)CC2,-1.292429824,train,random,21,,,,
C=CCc1ccccc1OCC(O)CNC(C)C,1.496029699,train,random,21,,,,
CCCc1nc2nc(C)c(NS(=O)(=O)c3ccc(C4CCCCC4)cc3)c(O)n2n1,-0.137272472,train,random,21,,,,
COc1ccc([C@H]2c3[nH]c4ccc(Cl)cc4c3CCN2C(=O)Oc2ccc(Cl)cc2)cc1,1.754608223,train,random,21,,,,
NC(=O)C1(Cc2ccc(-c3ccncc3)cc2)CCN(C(=O)Cc2cccc(F)c2)CC1,1.058463986,train,random,21,,,,
O=C(NC1CCNCC1)c1ccc2[nH]ncc2c1,1.92695435,train,random,21,,,,
Cc1cccc(/C=N/Nc2cc(N3CCOCC3)nc(OCCc3ccccn3)n2)c1,-0.27572413,train,random,21,,,,
CCn1c(=O)oc2cc(NC(=O)c3ccc(C(C)(C)C)cc3)ccc21,0.180412633,train,random,21,,,,
COc1ccc(OC[C@@H]2c3cc(OC)c(OC)cc3CCN2C(=O)c2cccc(Cl)c2)cc1,0.232233521,train,random,21,,,,
N#Cc1ccc(COc2cccc(C3CCN(Cc4nc5ccc(C(=O)O)cc5n4C[C@@H]4CCO4)CC3)n2)c(F)c1,0.312177356,train,random,21,,,,
O=C(NC1CCNCC1)c1ccc2cn[nH]c2c1,1.70808081,train,random,21,,,,
CC(C)(C)OC(=O)N1CCCC1C(=O)N1CCC(C(=O)N[C@@H](Cc2c[nH]c3ccccc23)C(=O)O)CC1,1.842553077,train,random,21,,,,
O=C(Nc1cccc2c(=O)cc(-c3nnn[nH]3)oc12)c1ccc(OCCCCc2ccccc2)cc1,0.77224834,train,random,21,,,,
CC(=O)Nc1ncc(C(=O)O)s1,1.854123782,train,random,21,,,,
Cc1cccc(-c2nc(C34CCC(C(N)=O)(CC3)CC4)[nH]c2-c2ccc3c(c2)OCO3)n1,0.21031852,train,random,21,,,,
COc1cc2nc(-c3cc(F)ccc3O)nc(N[C@@H]3CNC[C@H]3C(C)(C)O)c2cc1OC.Cl,-0.823908741,train,random,21,,,,
CC(C)[C@@](C)(O)[C@@H]1CN(c2nc(-c3n[nH]c4ncccc34)c(F)cc2Cl)CCN1,0.622421274,train,random,21,,,,
C=CC(=O)N1CCC[C@@H](n2nc(-c3ccc(Oc4ccccc4)cc3)c3c(N)ncnc32)C1,-0.35853,test,random,21,0.5871090351400001,0.4951169297099999,0.5067407303700002,0.5719047767500001
Cc1c[nH]c2nccc(Oc3c(F)cc(Nc4cc(Cl)nc(N)n4)cc3F)c12,-0.68613278,test,random,21,0.6021479192000001,0.4250164330799999,0.34680942695999994,0.34668480167000015
Nc1c(F)ccc2cnc(-n3ccc4ccncc43)cc12,0.631443769,test,random,21,1.16435166916,0.7329225363400002,0.7805399914600004,0.6110323950499997
C=CC(=O)N1C[C@H](Nc2ncnc3[nH]ccc23)CC[C@@H]1C,1.74597993,test,random,21,1.17912631304,1.3018987954900003,0.8906514139800001,1.7602441290300002
Nc1n[nH]cc1-c1cc(Cl)ccc1Oc1cc(F)c(S(=O)(=O)Nc2cscn2)cc1Cl,-0.08249449,test,random,21,0.44597480109999976,0.2670317037999999,0.6164391276699999,0.17631993544999994
C=CC(=O)N1CCC[C@H](n2c(=O)n(-c3ccc(Oc4ccccc4)cc3)c3c(N)ncnc32)C1,0.276231958,test,random,21,0.6175989643299996,0.49087661924,0.37478535002999996,0.5265834269600002
C=CC(=O)Nc1cccc(Oc2nc(Nc3ccc(N4CCN(C)CC4)c(F)c3)nc3[nH]ccc23)c1,-0.139063379,test,random,21,0.3334992407999997,0.019629949819999992,0.1872201478799999,-0.1634880173800001
C[C@@H]1c2nnn(-c3ncc(F)cn3)c2CCN1C(=O)c1cccc(C(F)(F)F)c1Cl,1.240049772,test,random,21,0.8493014780599999,0.7733885671400005,0.89590599047,0.7160152797699998
Fc1ccccc1-c1c[nH]nc1C1CCCN1Cc1ccc2ncccc2c1,0.460897843,test,random,21,0.90779367542,0.8276805186899999,1.0356263421400007,0.3775794073899999
Cc1nccc(-c2cn(Cc3ccccc3)c3cnccc23)n1,1.207445854,test,random,21,1.05924742937,0.9058501368499998,0.9444776288300004,0.6311129424999996
Cc1nnc(CN(C)CC(C)Oc2ccc(Cl)c(Cl)c2)n1C,1.114444172,test,random,21,0.45435713266000016,1.1727274935300003,1.03865116178,0.9664791702899997
COc1nn(C)cc1C(=O)Nc1cccc(-c2cnc3n2CCC3)c1,0.685562611,test,random,21,0.91478029313,0.8827927660900002,0.9310459036600004,1.3230809985800003
Cc1ncc(CN2CC[C@@H](Nc3cncc(Cl)n3)[C@@H](C)C2)s1,1.264227348,test,random,21,1.2319155245400004,1.13055740161,0.61916942415,0.8796191408000001
COc1ccc([C@H]2CN(C(C)=O)[C@@H]3CCCN(Cc4cccc(F)c4)[C@H]23)cc1,0.594060901,test,random,21,0.7173138610700004,0.7360568723900001,0.3749977904599999,0.88081276546
CCN1CCN(S(=O)(=O)Cc2ccc(Cl)c(Cl)c2)CC1,1.071845201,test,random,21,1.014507796450001,1.3864041513900003,0.8005353952500002,1.3571629208999996
COc1nn(C)cc1C(=O)Nc1cccc2cnccc12,1.58945809,test,random,21,0.9710837850900002,0.9192425238500002,0.8315235933299999,1.3917134403499998
CN(Cc1ccccc1)C1(C(=O)N2CCNC(=O)CC2)Cc2ccccc2C1,0.912806393,test,random,21,1.09416005747,0.9113709601600003,0.9333779280899998,1.40917007479
CCC1=C(C)CN(C(=O)NCCc2ccc(S(=O)(=O)NC(=O)N[C@H]3CC[C@H](C)CC3)cc2)C1=O,-1.638272164,test,random,21,0.4632954393500004,0.3757192002399999,0.35025533375000006,0.26939315762999994
O=S(=O)(c1cccc2c(O)nccc12)N1CCCNCC1,1.990813743,test,random,21,1.4071082242299995,1.2312715039400002,1.3552207989300005,1.6913962320699991
CNC(=O)C1(Cc2ccc(-c3cccnc3)cc2)CCN(Cc2cccc(F)c2)C1,0.531095547,test,random,21,0.8131165148100001,0.8650761748900002,0.7728879933900002,0.7967761040700005
O=C1CCCC[C@@H]2[C@H](C[C@@H](Cc3ccccc3F)N2C(=O)c2cccc3ncccc23)N1,1.348966512,test,random,21,0.5279630645299997,0.5491962329300002,0.8737741205600001,0.51902955018
CC(O)(C#Cc1ccc2c(c1)N(c1nc(N)ncc1Cl)CC2)c1nccs1,0.275311355,test,random,21,0.6711866852300001,0.7671837632399998,1.0738489613900002,0.6299009143399998
Cc1oc2ccccc2c1CNc1nnc(-c2ccncc2)o1,-0.172630727,test,random,21,0.9122156100900001,0.72706543894,0.9158309896700003,0.45818307584
CC1CN(C(=O)c2cccnc2N2CCOCC2)CC(c2ccccc2)O1,1.555686814,test,random,21,0.7237609755099996,0.8712316090999999,1.35346624761,1.3356965328600001
CN(C)C(=O)C1(Cc2ccccc2-c2ccccc2)CCN(C(=O)c2cnn(C)c2)CC1,1.146840934,test,random,21,0.84281273749,0.6011042899399996,0.6061412210199998,0.7768320906999997
CN1CCN(S(=O)(=O)c2ccc(-c3cnc(N)c(C(=O)Nc4cccnc4)n3)cc2)CC1,0.915558115,test,random,21,0.8621780645500003,0.44538776338999997,0.7318723805000004,0.9546335456499999
CNC(=O)C1(Cc2ccc(-c3cccnc3)cc2)CCN(Cc2ccccc2Cl)C1,0.273695588,test,random,21,0.8948414775900005,0.7206391468699996,0.74657825402,0.71196247015
Cc1cc(N2CCCC2)nc(C2CCCN(C)C2)n1,1.861522463,test,random,21,1.0382838491300004,1.2782592453000003,1.1454407656000007,1.53954014833
CC1(C)Cc2cc(NC(=O)c3cnn4cccnc34)c(OCC3CC3)nc2O1,0.38219721,test,random,21,0.9479193257600004,0.7518540313299996,0.8231201521599998,0.8576444144200001
COCCc1ccc(OCC(O)CNC(C)C)cc1,2.0,test,random,21,0.7974655138300002,1.2762081084499999,1.3436697976300003,1.47687569759
Nc1nc(=O)c2ncn(COCCO)c2[nH]1,1.850860573,test,random,21,0.8532239239000005,1.2260053375900004,0.9375218068999999,1.56513809718
NCCCC[C@H](N[C@@H](CCc1ccccc1)C(=O)O)C(=O)N1CCC[C@H]1C(=O)O,2.0,test,random,21,1.1160786904400004,0.7917629355200002,0.8936008975100003,1.3605532181100009
CC(=O)Nc1ccc(O)cc1,1.916985305,test,random,21,0.9751758978800003,1.2512700517400004,0.35863591524999977,1.43266928982
CC(C)[C@H](CO)Nc1nc(Nc2cc(N)cc(Cl)c2)c2ncn(C(C)C)c2n1,-0.099086932,test,random,21,0.7244801425300003,0.5723627525899999,0.5838253257700001,0.38633171651
CNc1cc(Nc2cccn(-c3ccccn3)c2=O)nn2c(C(=O)N[C@@H]3C[C@@H]3F)cnc12,0.51851394,train,random,22,,,,
CCOc1cc2nn(CCC(C)(C)O)cc2cc1NC(=O)c1cccc(C(F)F)n1,0.268343914,train,random,22,,,,
CN(c1ncc(F)cn1)[C@H]1CCCNC1,2.0,train,random,22,,,,
CC(C)(O)CCn1cc2cc(NC(=O)c3cccc(C(F)(F)F)n3)c(C(C)(C)O)cc2n1,1.092264361,train,random,22,,,,
CC#CC(=O)N[C@H]1CCCN(c2c(F)cc(C(N)=O)c3[nH]c(C)c(C)c23)C1,-0.639532816,train,random,22,,,,
CC(C)NCC(O)COc1cccc2ccccc12,1.347759218,train,random,22,,,,
COc1ccc(Cl)cc1C(=O)NCCc1ccc(S(=O)(=O)NC(=O)NC2CCCCC2)cc1,-0.943095149,train,random,22,,,,
C=CC(=O)N1CCC[C@@H](n2nc(-c3ccc(Oc4ccccc4)cc3)c3c(N)ncnc32)C1,-0.35853,train,random,22,,,,
COc1ccc(S(=O)(=O)N2CCC(N3CCC(C)CC3)CC2)cc1,1.626076768,train,random,22,,,,
CC1(C)CC[C@]2(NC(=O)C(C)(F)F)CC[C@]3(C)[C@H](C(=O)C=C4[C@@]3(C)CC[C@H]3C(C)(C)C(=O)C(C#N)=C[C@]43C)[C@@H]2C1,-0.055517328,train,random,22,,,,
Cc1c[nH]c2nccc(Oc3c(F)cc(Nc4cc(Cl)nc(N)n4)cc3F)c12,-0.68613278,train,random,22,,,,
COc1cc2c(cc1OC)CC(=O)N(CCCN(C)C[C@H]1Cc3cc(OC)c(OC)cc31)CC2,1.615139594,train,random,22,,,,
N#Cc1ccc2[nH]c(O)c(-c3ccc(CN4CCOCC4)cn3)c2c1,1.072507236,train,random,22,,,,
CCCc1cc(N2CCc3c(nc(C4CC4)n3C)C2)n2ncnc2n1,1.388207807,train,random,22,,,,
Fc1ccc(-c2ccc3c(c2)[nH]c2ccncc23)cn1,0.640978057,train,random,22,,,,
Nc1c(F)ccc2cnc(-n3ccc4ccncc43)cc12,0.631443769,train,random,22,,,,
C=CC(=O)N1C[C@H](Nc2ncnc3[nH]ccc23)CC[C@@H]1C,1.74597993,train,random,22,,,,
Cn1cc(Nc2nccc(N3CC4CCC(C3)N4C(=O)[C@@H]3CC3(F)F)n2)cn1,1.786412441,train,random,22,,,,
[2H]C([2H])([2H])NC(=O)c1nnc(NC(=O)C2CC2)cc1Nc1cccc(-c2ncn(C)n2)c1OC,1.236577565,train,random,22,,,,
C=CC(=O)N1CCC(CNc2ncnc(N)c2-c2ccc(Oc3ccccc3)cc2)CC1,0.901294817,train,random,22,,,,
Nc1n[nH]cc1-c1cc(Cl)ccc1Oc1cc(F)c(S(=O)(=O)Nc2cscn2)cc1Cl,-0.08249449,train,random,22,,,,
Cn1cc(-c2cn3nccc3c(-c3cnn([C@]4(CC#N)C[C@@H](C#N)C4)c3)n2)cn1,1.364100521,train,random,22,,,,
O=C(Nc1cccnc1)c1ccnc(NC(=O)C2CC2)c1,1.615287063,train,random,22,,,,
O=C(c1ccc(Oc2ccccc2)cc1Cl)c1c[nH]c2ncnc(N[C@@H]3CC[C@@H](CO)OC3)c12,-0.295849483,train,random,22,,,,
N#CC[C@H](C1CCCC1)n1cc(-c2ncnc3[nH]ccc23)cn1,1.244598701,train,random,22,,,,
CC(C)(C)c1ccc(-c2nc3n(c(=O)c2C#N)CCS3)cc1,0.455758203,train,random,22,,,,
C=CC(=O)Nc1cccc(Oc2nc(Nc3ccc(N4CCN(C)CC4)cc3)nc3ccsc23)c1,-0.308918508,train,random,22,,,,
CC#CC(=O)N1CC[C@@H](n2c(=O)n(-c3ccc(Oc4ccccc4)cc3)c3c(N)ncnc32)C1,0.669595781,train,random,22,,,,
C=CC(=O)N1CCC([C@@H]2CCNc3c(C(N)=O)c(-c4ccc(Oc5ccccc5)cc4)nn32)CC1,0.231979027,train,random,22,,,,
C=CC(=O)N1CCC[C@H](n2c(=O)n(-c3ccc(Oc4ccccc4)cc3)c3c(N)ncnc32)C1,0.276231958,train,random,22,,,,
CC(C)(C=C(C#N)C(=O)N1CCC[C@@H](n2nc(-c3ccc(Oc4ccccc4)cc3F)c3c(N)ncnc32)C1)N1CCN(C2COC2)CC1,0.123198075,train,random,22,,,,
CC#CC(=O)N1CC[C@@H](n2cc(-c3ccc(Oc4c(F)cccc4F)cc3)c3c(N)n[nH]c(=O)c32)C1,-0.029188389,train,random,22,,,,
C=CC(=O)Nc1cccc(Oc2nc(Nc3ccc(N4CCN(C)CC4)c(F)c3)nc3[nH]ccc23)c1,-0.139063379,train,random,22,,,,
C[C@@H]1c2nnn(-c3ncc(F)cn3)c2CCN1C(=O)c1cccc(C(F)(F)F)c1Cl,1.240049772,train,random,22,,,,
COc1ccccc1-c1cc(NC(=O)c2cccc(N3CCNC3=O)c2)[nH]n1,-0.742321425,train,random,22,,,,
Nc1ncc(-c2cccc(C(F)(F)F)c2)c(C2CCCCN2C(=O)c2ccccc2)n1,0.137354111,train,random,22,,,,
Fc1ccccc1-c1c[nH]nc1C1CCCN1Cc1ccc2ncccc2c1,0.460897843,train,random,22,,,,
Cc1nccc(-c2cn(Cc3ccccc3)c3cnccc23)n1,1.207445854,train,random,22,,,,
Cc1nnc(CN(C)CC(C)Oc2ccc(Cl)c(Cl)c2)n1C,1.114444172,train,random,22,,,,
COc1nn(C)cc1C(=O)Nc1cccc(-c2cnc3n2CCC3)c1,0.685562611,train,random,22,,,,
COc1cc(F)ccc1-c1ncnc(Nc2cccc(C[S@@](C)(=N)=O)c2)n1,1.574609941,train,random,22,,,,
Cc1ncc(CN2CC[C@@H](Nc3cncc(Cl)n3)[C@@H](C)C2)s1,1.264227348,train,random,22,,,,
Cc1ccc(C(=O)N2CCC(Cc3ccccc3-c3ccccc3)(C(=O)N(C)C)CC2)s1,-0.590066877,train,random,22,,,,
CCc1nc2c(C)cc(N3CCN(CC(=O)N4CC(O)C4)CC3)cn2c1N(C)c1nc(-c2ccc(F)cc2)c(C#N)s1,-0.434152181,train,random,22,,,,
C[C@@H]1CCN(C(=O)CC#N)C[C@@H]1N(C)c1ncnc2[nH]ccc12,1.747124255,train,random,22,,,,
CN(C)C(=O)C1(Cc2ccccc2-c2ccccc2)CCN(C(=O)C2CCCO2)CC1,1.265713811,train,random,22,,,,
CC(=O)Nc1ccc(C(=O)N2CCCCC2c2nc(N)ncc2-c2ccc(Cl)cc2)cc1,0.549861188,train,random,22,,,,
CC(=O)Nc1ccc(C(=O)N2CCCCC2c2nc(N)ncc2-c2cccc(Cl)c2)cc1,0.584331224,train,random,22,,,,
O=C1NCCN(C(=O)c2ccc3nccn3c2)C1c1ccccc1C(F)(F)F,1.801527189,train,random,22,,,,
C[C@H]1CN(C(=O)CC(c2ccccc2)c2ccccc2)C[C@@H](C)O1,0.718335579,train,random,22,,,,
CN1[C@H]2CC[C@@H]1C[C@@H](OC(c1ccccc1)c1ccccc1)C2,1.180842415,train,random,22,,,,
CC(C)(C)C(=O)N1CCC(Cc2ccc(-c3cccs3)cc2)(C(=O)N2CCCC2)CC1,0.008174184,train,random,22,,,,
OC[C@H](Nc1cncc(-c2ccc3[nH]ncc3n2)c1)c1ccccc1,1.024690862,train,random,22,,,,
Cc1ncsc1C(=O)N1CCCCC1c1nc(N(C)C)ncc1-c1cccc(Cl)c1,0.021602716,train,random,22,,,,
OCC1CCCCN1Cc1ccc(Cl)c(Cl)c1,1.484982782,train,random,22,,,,
CC(=O)N1CCN(c2nc(C(F)(F)F)nc3sc(C)c(C)c23)CC1,0.624282096,train,random,22,,,,
COc1ccccc1C(=O)Nc1ccc2cc[nH]c2c1,0.571825249,train,random,22,,,,
COc1ccc([C@H]2CN(C(C)=O)[C@@H]3CCCN(Cc4cccc(F)c4)[C@H]23)cc1,0.594060901,train,random,22,,,,
Cc1nnc(-c2ccc3occ(-c4ccc(S(C)=O)cc4)c3c2)o1,1.077985291,train,random,22,,,,
Cc1ncsc1C(=O)N1CCCCC1c1nc(N)ncc1-c1cccc(C(F)(F)F)c1,0.86254877,train,random,22,,,,
O=C(Nc1ccc2ccccc2n1)c1ccc(N2CCOC2=O)cc1,0.069298012,train,random,22,,,,
C=CC(=O)Nc1cccc(Oc2nc(Nc3ccc(N4CCN(C)CC4)cc3)nc3ccoc23)c1,-0.208309351,train,random,22,,,,
CCN1CCN(S(=O)(=O)Cc2ccc(Cl)c(Cl)c2)CC1,1.071845201,train,random,22,,,,
O=C(Nc1nc2cccc(-c3ccc(CN4CCS(=O)(=O)CC4)cc3)n2n1)C1CC1,1.601853652,train,random,22,,,,
COc1nn(C)cc1C(=O)Nc1cccc2cnccc12,1.58945809,train,random,22,,,,
CNC(=O)C1(Cc2ccc(-c3ccncc3)cc2)CCN(Cc2cccc(F)c2)C1,0.715167358,train,random,22,,,,
Cc1ncc(CN2CCC(Nc3ccc4nnnn4n3)C(C)C2)s1,1.579154557,train,random,22,,,,
Cc1nc(Nc2nccs2)cc(C2CN(c3ncccn3)C2)n1,0.374565061,train,random,22,,,,
COc1ccc(Nc2c(C#N)cnc3cc(OC)c(OC)cc23)cc1Cl,0.115943177,train,random,22,,,,
COc1ccc(CCCN2CCN(c3cnn(C)c3)C(=O)C2)cc1F,1.308414999,train,random,22,,,,
Cc1noc(C(C)C)c1C(=O)N1CC(C)OC(c2ccccc2)C1,1.111934276,train,random,22,,,,
CN(Cc1ccccc1)C1(C(=O)N2CCNC(=O)CC2)Cc2ccccc2C1,0.912806393,train,random,22,,,,
CCC1=C(C)CN(C(=O)NCCc2ccc(S(=O)(=O)NC(=O)N[C@H]3CC[C@H](C)CC3)cc2)C1=O,-1.638272164,train,random,22,,,,
O=S(=O)(c1cccc2c(O)nccc12)N1CCCNCC1,1.990813743,train,random,22,,,,
Cc1ccc(NC(=O)CN2[C@H]3CCCC(=O)N[C@@]3(C)C[C@H]2Cc2ccccc2)cc1F,0.360971884,train,random,22,,,,
COCC(=O)N1CCC(Cc2ccccc2-c2cccc(F)c2)(C(=O)NC(C)C)CC1,1.076967952,train,random,22,,,,
COc1ccc(CNC(=O)c2sc3nc(C)cc(C)c3c2N)cc1,-0.18243463,train,random,22,,,,
C#C[C@@](C)(CC)NC(=O)c1cc(F)cnc1NC1CC(F)(F)C1,0.850278553,train,random,22,,,,
Cn1cc(Nc2nc(N)nc(-c3cccc(-n4ccc5cc(C6CC6)cc(F)c5c4=O)c3CO)n2)cn1,0.581038949,train,random,22,,,,
Cc1cnc(C(=O)NCCc2ccc(S(=O)(=O)NC(=O)NC3CCCCC3)cc2)cn1,-0.204119983,train,random,22,,,,
CNC(=O)C1(Cc2ccc(-c3cccnc3)cc2)CCN(Cc2cccc(F)c2)C1,0.531095547,train,random,22,,,,
O=C1CCCC[C@@H]2[C@H](C[C@@H](Cc3ccccc3F)N2C(=O)c2cccc3ncccc23)N1,1.348966512,train,random,22,,,,
CCOc1cc(CC(=O)N[C@@H](CC(C)C)c2ccccc2N2CCCCC2)ccc1C(=O)O,-0.063486258,train,random,22,,,,
CC(O)(C#Cc1ccc2c(c1)N(c1nc(N)ncc1Cl)CC2)c1nccs1,0.275311355,train,random,22,,,,
COCCc1noc(CN2CC(c3ccccc3)(c3ccccc3)CCC2=O)n1,1.25166255,train,random,22,,,,
Cc1oc2ccccc2c1CNc1nnc(-c2ccncc2)o1,-0.172630727,train,random,22,,,,
O=C(Nc1cccc2ncccc12)[C@H]1CCCN(S(=O)(=O)c2ccccc2)C1,1.091666958,train,random,22,,,,
C[C@@H]1Cc2ccccc2N1C(=O)Cn1nc(-c2cccc3ncccc23)oc1=O,0.360404055,train,random,22,,,,
O=C(Nc1cnccc1-c1ccc(Cl)cc1)c1ccnc(NC(=O)C2CC2)c1,0.847634344,train,random,22,,,,
CC1CN(C(=O)c2cccnc2N2CCOCC2)CC(c2ccccc2)O1,1.555686814,train,random,22,,,,
CCCCNC(=O)NS(=O)(=O)c1ccc(C)cc1,0.440121603,train,random,22,,,,
Cc1cc(Nc2cnccn2)cc(C2CCCN(CC(=O)N3CCCC3)C2)n1,1.632416797,train,random,22,,,,
Cc1cccnc1Nc1cccc(C2CCCN(CC(=O)Nc3nccs3)C2)n1,0.637289548,train,random,22,,,,
CN(C)C(=O)C1(Cc2ccccc2-c2ccccc2)CCN(C(=O)c2cnn(C)c2)CC1,1.146840934,train,random,22,,,,
CC1(C)CC(=O)C2=C(C1)NC(=O)CC2c1ccc(Br)cc1,0.944630702,train,random,22,,,,
CN1CCN(S(=O)(=O)c2ccc(-c3cnc(N)c(C(=O)Nc4cccnc4)n3)cc2)CC1,0.915558115,train,random,22,,,,
CNC(=O)C1(Cc2ccc(-c3cccnc3)cc2)CCN(Cc2ccccc2Cl)C1,0.273695588,train,random,22,,,,
Cc1cc(N2CCCC2c2cc(CCC(=O)O)cc(C)n2)ncn1,2.0,train,random,22,,,,
CCCNC(=O)NS(=O)(=O)c1ccc(Cl)cc1,0.628286731,train,random,22,,,,
O=C(CN1CCCC(c2cccc(Cc3cccc(F)c3)n2)C1)N1CCCC1,0.953856298,train,random,22,,,,
COc1cc2ncnc(Nc3cccc(O)c3)c2cc1OC,0.650307523,train,random,22,,,,
Cc1cc(C)c2c(N)c(C(=O)NCc3ccc(Cl)cc3)sc2n1,-0.185752404,train,random,22,,,,
COc1nc2sc(C(=O)NC3CC3)c(N)c2c(C)c1Cl,0.452093249,train,random,22,,,,
CC1(CNC(=O)c2cncc(C3CCNCC3)n2)CCCO1,1.960042456,train,random,22,,,,
Cc1cc(N2CCCC2)nc(C2CCCN(C)C2)n1,1.861522463,train,random,22,,,,
O=C1NCCSc2c1sc1ccc(O)cc21,1.164679941,train,random,22,,,,
CCn1cc(C(=O)O)c(=O)c2c(N)c(F)c(NC3CCCCC3)cc21,0.426673888,train,random,22,,,,
COc1cc2nc(N3CCN(C(=O)c4ccco4)CC3)nc(N)c2cc1OC,1.371880249,train,random,22,,,,
CC(CCc1ccccc1)NCC(O)c1ccc(O)c(C(N)=O)c1,1.65850745,train,random,22,,,,
CC1(C)Cc2cc(NC(=O)c3cnn4cccnc34)c(OCC3CC3)nc2O1,0.38219721,train,random,22,,,,
N#Cc1cc(F)c(NS(=O)(=O)c2c[nH]c3cc(Cl)ccc23)cc1F,-0.251811973,train,random,22,,,,
CC(C)CC(NC(=O)C(O)C(N)Cc1ccccc1)C(=O)O,1.54052968,train,random,22,,,,
COCCc1ccc(OCC(O)CNC(C)C)cc1,2.0,train,random,22,,,,
COc1cc(Cc2cnc(N)nc2N)cc(OC)c1OC,1.855513099,train,random,22,,,,
CC(C(=O)O)c1cccc(C(=O)c2ccccc2)c1,0.047274867,train,random,22,,,,
COc1cc2c(cc1OC)CN(CCc1ccc(NC(=O)c3cccc4c(O)c5cccc(OC)c5nc34)cc1)CC2,-1.292429824,train,random,22,,,,
C=CCc1ccccc1OCC(O)CNC(C)C,1.496029699,train,random,22,,,,
Nc1nc(=O)c2ncn(COCCO)c2[nH]1,1.850860573,train,random,22,,,,
NCCCC[C@H](N[C@@H](CCc1ccccc1)C(=O)O)C(=O)N1CCC[C@H]1C(=O)O,2.0,train,random,22,,,,
CCCc1nc2nc(C)c(NS(=O)(=O)c3ccc(C4CCCCC4)cc3)c(O)n2n1,-0.137272472,train,random,22,,,,
COc1ccc([C@H]2c3[nH]c4ccc(Cl)cc4c3CCN2C(=O)Oc2ccc(Cl)cc2)cc1,1.754608223,train,random,22,,,,
CC(=O)Nc1ccc(O)cc1,1.916985305,train,random,22,,,,
O=C(NC1CCNCC1)c1ccc2[nH]ncc2c1,1.92695435,train,random,22,,,,
Cc1cccc(/C=N/Nc2cc(N3CCOCC3)nc(OCCc3ccccn3)n2)c1,-0.27572413,train,random,22,,,,
CCn1c(=O)oc2cc(NC(=O)c3ccc(C(C)(C)C)cc3)ccc21,0.180412633,train,random,22,,,,
COc1ccc(OC[C@@H]2c3cc(OC)c(OC)cc3CCN2C(=O)c2cccc(Cl)c2)cc1,0.232233521,train,random,22,,,,
N#Cc1ccc(COc2cccc(C3CCN(Cc4nc5ccc(C(=O)O)cc5n4C[C@@H]4CCO4)CC3)n2)c(F)c1,0.312177356,train,random,22,,,,
CC(C)[C@H](CO)Nc1nc(Nc2cc(N)cc(Cl)c2)c2ncn(C(C)C)c2n1,-0.099086932,train,random,22,,,,
O=C(NC1CCNCC1)c1ccc2cn[nH]c2c1,1.70808081,train,random,22,,,,
CC(C)(C)OC(=O)N1CCCC1C(=O)N1CCC(C(=O)N[C@@H](Cc2c[nH]c3ccccc23)C(=O)O)CC1,1.842553077,train,random,22,,,,
CC(=O)Nc1ncc(C(=O)O)s1,1.854123782,train,random,22,,,,
Cc1cccc(-c2nc(C34CCC(C(N)=O)(CC3)CC4)[nH]c2-c2ccc3c(c2)OCO3)n1,0.21031852,train,random,22,,,,
COc1cc2nc(-c3cc(F)ccc3O)nc(N[C@@H]3CNC[C@H]3C(C)(C)O)c2cc1OC.Cl,-0.823908741,train,random,22,,,,
CC(C)[C@@](C)(O)[C@@H]1CN(c2nc(-c3n[nH]c4ncccc34)c(F)cc2Cl)CCN1,0.622421274,train,random,22,,,,
CC(C)(Oc1ccc(-c2cnc(N)c(-c3ccc(Cl)cc3)c2)cc1)C(=O)O,-1.403402904,test,random,22,0.52540603078,0.4224568226600001,0.6281965571600001,0.34832497845999993
CC(C)NC(=O)COc1cccc(-c2nc(Nc3ccc4[nH]ncc4c3)c3ccccc3n2)c1,-0.504455662,test,random,22,0.51932460331,0.12296758964000006,0.25837317443,-0.029500317910000014
CCS(=O)(=O)N1CC(CC#N)(n2cc(-c3ncnc4[nH]ccc34)cn2)C1,2.0,test,random,22,1.14691197326,1.2241518831200002,0.8524108641099999,1.0945107304500006
CCn1c(-c2nonc2N)nc2cnc(Oc3cccc(NC(=O)c4ccc(OCCN5CCOCC5)cc4)c3)cc21,-0.325138859,test,random,22,0.45085663631000017,-0.10050015026999999,0.11204110675,-0.2532356467400001
Cc1c(-c2c(F)cc(C(N)=O)c3[nH]c4c(c23)CC[C@H](C(C)(C)O)C4)cccc1-n1c(=O)c2cccc(F)c2n(C)c1=O,0.326540669,test,random,22,0.2741227896500001,0.15965005798,0.27572004364,-0.24450259222999995
O=C(Nc1cccc(-c2nncn2C2CC2)c1)c1cc(-n2cnc(C3CC3)c2)ccn1,0.611935625,test,random,22,0.5820686122100002,0.79240598743,0.7148964698399999,0.50016838133
CCc1nc(C)cn2nc(-c3cc(=O)n4cc(C5CCN(C)CC5)cc(C)c4n3)cc12,0.593618308,test,random,22,0.8799149440399998,0.7213573985399997,0.8644088048799997,0.7475930471999999
Cc1c(Cl)ccc2cc3n(c12)[C@@H](C)CNC3=O,0.696793085,test,random,22,0.9181062449400005,1.2096813390300005,0.42737765385,0.8668181578
Nc1ncnc2c1c(-c1ccc(Oc3ccccc3)cc1)nn2[C@@H]1CCCNC1,0.846275242,test,random,22,0.21281161634,0.4196172559599999,0.25272648105,0.4150960553000001
O=C1CN(c2ccc(Nc3nccc(C(F)(F)F)n3)cn2)CCN1,1.433497815,test,random,22,1.22376956851,0.9556510072600001,1.2715508982200008,1.3639226993900002
Cc1cc(F)ccc1C1C(=O)NCCN1C(=O)c1ccc2nccn2c1,1.950724994,test,random,22,0.9079587963,1.0116126156800003,1.47460891354,1.27166054955
O=C1NCCN(C(=O)c2ccncc2)C1c1ccccc1Cl,1.868168158,test,random,22,1.1321496184100008,1.0245355317600002,1.5633630083500005,1.3999952163000007
c1ccc(Oc2cccc(CN(CCN3CCOCC3)Cc3cccnc3)c2)cc1,0.142389466,test,random,22,0.6530057526899996,0.6903009084999998,1.13340711507,0.7537657707999997
Cc1c(C(=O)NCCCN(C)C)sc2ncnc(Nc3ccc(F)cc3OC(C)C)c12,0.966376423,test,random,22,0.4852381170800002,-0.01689322639999999,0.07090352735,0.028717081209999974
OCC1CCCCN1Cc1ccc(-c2ccccc2)cc1,1.394924244,test,random,22,1.1500995193700005,0.9288485440600003,0.9420148688099999,1.0430500830700005
Nc1ncc(C(=O)NC2CN(C(=O)C3CC3)C2)c2ccc(-c3cccc(F)c3)nc12,0.38219721,test,random,22,0.48813666125000005,0.79929316522,0.43544320187999985,1.0612902920300002
CC1(C)CC(Oc2ccc(-c3ccc(-c4cn[nH]c4)cc3O)nn2)CC(C)(C)N1,1.241969612,test,random,22,0.7802048341200001,0.7143103247399998,0.5215977898099999,0.6281871047599998
O=C(CCNC(=O)c1ccc(OC(F)(F)F)cc1)N[C@@H]1CCCc2ccccc21,0.630427875,test,random,22,0.7462477464799998,0.56064333927,0.70803133541,0.3344412148100001
O=S(=O)(c1cccc2cnccc12)N1CCCNCC1,1.844321821,test,random,22,1.66083572404,1.3153743853400004,1.4738421795900003,1.6500521163599993
CCn1c(CO)nn(-c2cc(O[C@@H](C)C(F)(F)F)c(C(=O)Nc3c(F)cccc3Cl)cc2F)c1=O,0.876910311,test,random,22,0.66586822247,0.20306050214999993,0.25187248183999994,-0.06833938407
CCN(C/C=C\c1ccc(C2CCCCC2)c(Cl)c1)C1CCCCC1,-0.266802735,test,random,22,1.0156195183700005,1.0862829949500006,0.70295328276,0.77558351179
NCCN1CCN(C/C=C/C(=O)N2CCC[C@@H](n3nc(-c4ccc(Oc5ccccc5)cc4)c4c(N)ncnc43)C2)CC1,0.686814955,test,random,22,0.0766536357,0.08354079047999999,0.19579120925999993,-0.18979288349999998
Cn1c(C2CC2)nc2c1CCN(c1ncnc3ccsc13)C2,1.192985379,test,random,22,1.0406653990000003,1.2792667136600004,0.6492056328,1.0506172116100003
CC/C(=C(\c1ccccc1)c1ccc(OCCN(C)C)cc1)c1ccccc1,-0.341988603,test,random,22,0.8399753105800001,0.5412805289899998,0.5825613191900001,0.5977127547099998
Cc1c(F)cccc1NC(=O)CN1[C@H]2CCCC(=O)N[C@@]2(C)C[C@H]1Cc1ccccc1,0.925312092,test,random,22,1.052532203,0.5593984087000003,0.9069503514,0.4859081967300002
CN(C)C(=O)C1(Cc2ccccc2-c2cccc(F)c2)CCN(C(=O)C2CC=CCC2)CC1,0.142702246,test,random,22,0.7534118313199998,0.5194038106999997,0.7742822406599997,0.5130761744699999
CNC(=O)C1(Cc2ccc(-c3cccnc3)cc2)CCN(Cc2ccc(F)cc2)C1,0.918868743,test,random,22,0.5028131051800001,0.5956289593199999,0.4957661054400002,0.6462913299700003
CC(=O)Nc1ncc(CN2CCCC[C@@H]2C)s1,1.923109252,test,random,22,1.4236621908600007,1.4568197131999998,1.2490524723800005,1.5609185092800002
Cc1[nH]nc2c1C1(CCCCC1)CC(=O)N2,1.284633733,test,random,22,1.3295719987000003,1.3387350966100013,0.6660739132899998,1.4721245692800005
Nc1ncnc2c1c(-c1cnc3[nH]ccc3c1)nn2C1CCCC1,0.780605306,test,random,22,0.70606645161,0.96988115661,0.49770896166,0.8127408543000003
CN1C(N)=N[C@](C)(c2cc(NC(=O)c3ccc(F)cn3)ccc2F)CS1(=O)=O,1.491417728,test,random,22,0.6741358043899999,0.8203538217599998,0.46207256097,0.8529440891
COCCNC(=O)c1ccnc(C2CCNCC2)c1,2.0,test,random,22,1.2735746190400006,1.5800436173200003,1.2311673764800002,1.821126554059999
NC(=O)C1(Cc2ccc(-c3ccncc3)cc2)CCN(C(=O)Cc2cccc(F)c2)CC1,1.058463986,test,random,22,0.87054016805,0.6993278475300003,0.8136788237100002,0.7770658462699997
O=C(Nc1cccc2c(=O)cc(-c3nnn[nH]3)oc12)c1ccc(OCCCCc2ccccc2)cc1,0.77224834,test,random,22,0.77674769996,0.13551347549000003,0.5700396538299999,-0.07458396774999994
CNc1cc(Nc2cccn(-c3ccccn3)c2=O)nn2c(C(=O)N[C@@H]3C[C@@H]3F)cnc12,0.51851394,train,random,23,,,,
CCOc1cc2nn(CCC(C)(C)O)cc2cc1NC(=O)c1cccc(C(F)F)n1,0.268343914,train,random,23,,,,
CN(c1ncc(F)cn1)[C@H]1CCCNC1,2.0,train,random,23,,,,
CC(C)(Oc1ccc(-c2cnc(N)c(-c3ccc(Cl)cc3)c2)cc1)C(=O)O,-1.403402904,train,random,23,,,,
CC(C)(O)CCn1cc2cc(NC(=O)c3cccc(C(F)(F)F)n3)c(C(C)(C)O)cc2n1,1.092264361,train,random,23,,,,
CC(C)NCC(O)COc1cccc2ccccc12,1.347759218,train,random,23,,,,
COc1ccc(Cl)cc1C(=O)NCCc1ccc(S(=O)(=O)NC(=O)NC2CCCCC2)cc1,-0.943095149,train,random,23,,,,
C=CC(=O)N1CCC[C@@H](n2nc(-c3ccc(Oc4ccccc4)cc3)c3c(N)ncnc32)C1,-0.35853,train,random,23,,,,
CC(C)NC(=O)COc1cccc(-c2nc(Nc3ccc4[nH]ncc4c3)c3ccccc3n2)c1,-0.504455662,train,random,23,,,,
CCS(=O)(=O)N1CC(CC#N)(n2cc(-c3ncnc4[nH]ccc34)cn2)C1,2.0,train,random,23,,,,
COc1ccc(S(=O)(=O)N2CCC(N3CCC(C)CC3)CC2)cc1,1.626076768,train,random,23,,,,
CCn1c(-c2nonc2N)nc2cnc(Oc3cccc(NC(=O)c4ccc(OCCN5CCOCC5)cc4)c3)cc21,-0.325138859,train,random,23,,,,
CC1(C)CC[C@]2(NC(=O)C(C)(F)F)CC[C@]3(C)[C@H](C(=O)C=C4[C@@]3(C)CC[C@H]3C(C)(C)C(=O)C(C#N)=C[C@]43C)[C@@H]2C1,-0.055517328,train,random,23,,,,
Cc1c[nH]c2nccc(Oc3c(F)cc(Nc4cc(Cl)nc(N)n4)cc3F)c12,-0.68613278,train,random,23,,,,
COc1cc2c(cc1OC)CC(=O)N(CCCN(C)C[C@H]1Cc3cc(OC)c(OC)cc31)CC2,1.615139594,train,random,23,,,,
N#Cc1ccc2[nH]c(O)c(-c3ccc(CN4CCOCC4)cn3)c2c1,1.072507236,train,random,23,,,,
Fc1ccc(-c2ccc3c(c2)[nH]c2ccncc23)cn1,0.640978057,train,random,23,,,,
Nc1c(F)ccc2cnc(-n3ccc4ccncc43)cc12,0.631443769,train,random,23,,,,
C=CC(=O)N1C[C@H](Nc2ncnc3[nH]ccc23)CC[C@@H]1C,1.74597993,train,random,23,,,,
[2H]C([2H])([2H])NC(=O)c1nnc(NC(=O)C2CC2)cc1Nc1cccc(-c2ncn(C)n2)c1OC,1.236577565,train,random,23,,,,
Nc1n[nH]cc1-c1cc(Cl)ccc1Oc1cc(F)c(S(=O)(=O)Nc2cscn2)cc1Cl,-0.08249449,train,random,23,,,,
Cc1c(-c2c(F)cc(C(N)=O)c3[nH]c4c(c23)CC[C@H](C(C)(C)O)C4)cccc1-n1c(=O)c2cccc(F)c2n(C)c1=O,0.326540669,train,random,23,,,,
Cn1cc(-c2cn3nccc3c(-c3cnn([C@]4(CC#N)C[C@@H](C#N)C4)c3)n2)cn1,1.364100521,train,random,23,,,,
O=C(Nc1cccnc1)c1ccnc(NC(=O)C2CC2)c1,1.615287063,train,random,23,,,,
O=C(c1ccc(Oc2ccccc2)cc1Cl)c1c[nH]c2ncnc(N[C@@H]3CC[C@@H](CO)OC3)c12,-0.295849483,train,random,23,,,,
N#CC[C@H](C1CCCC1)n1cc(-c2ncnc3[nH]ccc23)cn1,1.244598701,train,random,23,,,,
CC(C)(C)c1ccc(-c2nc3n(c(=O)c2C#N)CCS3)cc1,0.455758203,train,random,23,,,,
C=CC(=O)Nc1cccc(Oc2nc(Nc3ccc(N4CCN(C)CC4)cc3)nc3ccsc23)c1,-0.308918508,train,random,23,,,,
CC#CC(=O)N1CC[C@@H](n2c(=O)n(-c3ccc(Oc4ccccc4)cc3)c3c(N)ncnc32)C1,0.669595781,train,random,23,,,,
C=CC(=O)N1CCC[C@H](n2c(=O)n(-c3ccc(Oc4ccccc4)cc3)c3c(N)ncnc32)C1,0.276231958,train,random,23,,,,
CC#CC(=O)N1CC[C@@H](n2cc(-c3ccc(Oc4c(F)cccc4F)cc3)c3c(N)n[nH]c(=O)c32)C1,-0.029188389,train,random,23,,,,
C=CC(=O)Nc1cccc(Oc2nc(Nc3ccc(N4CCN(C)CC4)c(F)c3)nc3[nH]ccc23)c1,-0.139063379,train,random,23,,,,
C[C@@H]1c2nnn(-c3ncc(F)cn3)c2CCN1C(=O)c1cccc(C(F)(F)F)c1Cl,1.240049772,train,random,23,,,,
COc1ccccc1-c1cc(NC(=O)c2cccc(N3CCNC3=O)c2)[nH]n1,-0.742321425,train,random,23,,,,
Nc1ncc(-c2cccc(C(F)(F)F)c2)c(C2CCCCN2C(=O)c2ccccc2)n1,0.137354111,train,random,23,,,,
O=C(Nc1cccc(-c2nncn2C2CC2)c1)c1cc(-n2cnc(C3CC3)c2)ccn1,0.611935625,train,random,23,,,,
Fc1ccccc1-c1c[nH]nc1C1CCCN1Cc1ccc2ncccc2c1,0.460897843,train,random,23,,,,
Cc1nccc(-c2cn(Cc3ccccc3)c3cnccc23)n1,1.207445854,train,random,23,,,,
CCc1nc(C)cn2nc(-c3cc(=O)n4cc(C5CCN(C)CC5)cc(C)c4n3)cc12,0.593618308,train,random,23,,,,
Cc1c(Cl)ccc2cc3n(c12)[C@@H](C)CNC3=O,0.696793085,train,random,23,,,,
Nc1ncnc2c1c(-c1ccc(Oc3ccccc3)cc1)nn2[C@@H]1CCCNC1,0.846275242,train,random,23,,,,
Cc1nnc(CN(C)CC(C)Oc2ccc(Cl)c(Cl)c2)n1C,1.114444172,train,random,23,,,,
COc1nn(C)cc1C(=O)Nc1cccc(-c2cnc3n2CCC3)c1,0.685562611,train,random,23,,,,
COc1cc(F)ccc1-c1ncnc(Nc2cccc(C[S@@](C)(=N)=O)c2)n1,1.574609941,train,random,23,,,,
Cc1ncc(CN2CC[C@@H](Nc3cncc(Cl)n3)[C@@H](C)C2)s1,1.264227348,train,random,23,,,,
CC(=O)Nc1ccc(C(=O)N2CCCCC2c2nc(N)ncc2-c2cccc(Cl)c2)cc1,0.584331224,train,random,23,,,,
O=C1CN(c2ccc(Nc3nccc(C(F)(F)F)n3)cn2)CCN1,1.433497815,train,random,23,,,,
Cc1cc(F)ccc1C1C(=O)NCCN1C(=O)c1ccc2nccn2c1,1.950724994,train,random,23,,,,
O=C1NCCN(C(=O)c2ccncc2)C1c1ccccc1Cl,1.868168158,train,random,23,,,,
C[C@H]1CN(C(=O)CC(c2ccccc2)c2ccccc2)C[C@@H](C)O1,0.718335579,train,random,23,,,,
CC(C)(C)C(=O)N1CCC(Cc2ccc(-c3cccs3)cc2)(C(=O)N2CCCC2)CC1,0.008174184,train,random,23,,,,
OC[C@H](Nc1cncc(-c2ccc3[nH]ncc3n2)c1)c1ccccc1,1.024690862,train,random,23,,,,
Cc1ncsc1C(=O)N1CCCCC1c1nc(N(C)C)ncc1-c1cccc(Cl)c1,0.021602716,train,random,23,,,,
CC(=O)N1CCN(c2nc(C(F)(F)F)nc3sc(C)c(C)c23)CC1,0.624282096,train,random,23,,,,
COc1ccccc1C(=O)Nc1ccc2cc[nH]c2c1,0.571825249,train,random,23,,,,
c1ccc(Oc2cccc(CN(CCN3CCOCC3)Cc3cccnc3)c2)cc1,0.142389466,train,random,23,,,,
COc1ccc([C@H]2CN(C(C)=O)[C@@H]3CCCN(Cc4cccc(F)c4)[C@H]23)cc1,0.594060901,train,random,23,,,,
Cc1c(C(=O)NCCCN(C)C)sc2ncnc(Nc3ccc(F)cc3OC(C)C)c12,0.966376423,train,random,23,,,,
OCC1CCCCN1Cc1ccc(-c2ccccc2)cc1,1.394924244,train,random,23,,,,
Nc1ncc(C(=O)NC2CN(C(=O)C3CC3)C2)c2ccc(-c3cccc(F)c3)nc12,0.38219721,train,random,23,,,,
CC1(C)CC(Oc2ccc(-c3ccc(-c4cn[nH]c4)cc3O)nn2)CC(C)(C)N1,1.241969612,train,random,23,,,,
O=C(Nc1ccc2ccccc2n1)c1ccc(N2CCOC2=O)cc1,0.069298012,train,random,23,,,,
O=C(CCNC(=O)c1ccc(OC(F)(F)F)cc1)N[C@@H]1CCCc2ccccc21,0.630427875,train,random,23,,,,
O=S(=O)(c1cccc2cnccc12)N1CCCNCC1,1.844321821,train,random,23,,,,
CCN1CCN(S(=O)(=O)Cc2ccc(Cl)c(Cl)c2)CC1,1.071845201,train,random,23,,,,
O=C(Nc1nc2cccc(-c3ccc(CN4CCS(=O)(=O)CC4)cc3)n2n1)C1CC1,1.601853652,train,random,23,,,,
CCn1c(CO)nn(-c2cc(O[C@@H](C)C(F)(F)F)c(C(=O)Nc3c(F)cccc3Cl)cc2F)c1=O,0.876910311,train,random,23,,,,
CCN(C/C=C\c1ccc(C2CCCCC2)c(Cl)c1)C1CCCCC1,-0.266802735,train,random,23,,,,
NCCN1CCN(C/C=C/C(=O)N2CCC[C@@H](n3nc(-c4ccc(Oc5ccccc5)cc4)c4c(N)ncnc43)C2)CC1,0.686814955,train,random,23,,,,
Cn1c(C2CC2)nc2c1CCN(c1ncnc3ccsc13)C2,1.192985379,train,random,23,,,,
CC/C(=C(\c1ccccc1)c1ccc(OCCN(C)C)cc1)c1ccccc1,-0.341988603,train,random,23,,,,
COc1nn(C)cc1C(=O)Nc1cccc2cnccc12,1.58945809,train,random,23,,,,
CNC(=O)C1(Cc2ccc(-c3ccncc3)cc2)CCN(Cc2cccc(F)c2)C1,0.715167358,train,random,23,,,,
COc1ccc(Nc2c(C#N)cnc3cc(OC)c(OC)cc23)cc1Cl,0.115943177,train,random,23,,,,
COc1ccc(CCCN2CCN(c3cnn(C)c3)C(=O)C2)cc1F,1.308414999,train,random,23,,,,
Cc1noc(C(C)C)c1C(=O)N1CC(C)OC(c2ccccc2)C1,1.111934276,train,random,23,,,,
CN(Cc1ccccc1)C1(C(=O)N2CCNC(=O)CC2)Cc2ccccc2C1,0.912806393,train,random,23,,,,
Cc1c(F)cccc1NC(=O)CN1[C@H]2CCCC(=O)N[C@@]2(C)C[C@H]1Cc1ccccc1,0.925312092,train,random,23,,,,
CCC1=C(C)CN(C(=O)NCCc2ccc(S(=O)(=O)NC(=O)N[C@H]3CC[C@H](C)CC3)cc2)C1=O,-1.638272164,train,random,23,,,,
O=S(=O)(c1cccc2c(O)nccc12)N1CCCNCC1,1.990813743,train,random,23,,,,
Cc1ccc(NC(=O)CN2[C@H]3CCCC(=O)N[C@@]3(C)C[C@H]2Cc2ccccc2)cc1F,0.360971884,train,random,23,,,,
CN(C)C(=O)C1(Cc2ccccc2-c2cccc(F)c2)CCN(C(=O)C2CC=CCC2)CC1,0.142702246,train,random,23,,,,
COCC(=O)N1CCC(Cc2ccccc2-c2cccc(F)c2)(C(=O)NC(C)C)CC1,1.076967952,train,random,23,,,,
C#C[C@@](C)(CC)NC(=O)c1cc(F)cnc1NC1CC(F)(F)C1,0.850278553,train,random,23,,,,
Cn1cc(Nc2nc(N)nc(-c3cccc(-n4ccc5cc(C6CC6)cc(F)c5c4=O)c3CO)n2)cn1,0.581038949,train,random,23,,,,
Cc1cnc(C(=O)NCCc2ccc(S(=O)(=O)NC(=O)NC3CCCCC3)cc2)cn1,-0.204119983,train,random,23,,,,
CNC(=O)C1(Cc2ccc(-c3cccnc3)cc2)CCN(Cc2ccc(F)cc2)C1,0.918868743,train,random,23,,,,
CNC(=O)C1(Cc2ccc(-c3cccnc3)cc2)CCN(Cc2cccc(F)c2)C1,0.531095547,train,random,23,,,,
CC(=O)Nc1ncc(CN2CCCC[C@@H]2C)s1,1.923109252,train,random,23,,,,
O=C1CCCC[C@@H]2[C@H](C[C@@H](Cc3ccccc3F)N2C(=O)c2cccc3ncccc23)N1,1.348966512,train,random,23,,,,
CC(O)(C#Cc1ccc2c(c1)N(c1nc(N)ncc1Cl)CC2)c1nccs1,0.275311355,train,random,23,,,,
COCCc1noc(CN2CC(c3ccccc3)(c3ccccc3)CCC2=O)n1,1.25166255,train,random,23,,,,
Cc1[nH]nc2c1C1(CCCCC1)CC(=O)N2,1.284633733,train,random,23,,,,
Cc1oc2ccccc2c1CNc1nnc(-c2ccncc2)o1,-0.172630727,train,random,23,,,,
Nc1ncnc2c1c(-c1cnc3[nH]ccc3c1)nn2C1CCCC1,0.780605306,train,random,23,,,,
O=C(Nc1cnccc1-c1ccc(Cl)cc1)c1ccnc(NC(=O)C2CC2)c1,0.847634344,train,random,23,,,,
CN1C(N)=N[C@](C)(c2cc(NC(=O)c3ccc(F)cn3)ccc2F)CS1(=O)=O,1.491417728,train,random,23,,,,
CC1CN(C(=O)c2cccnc2N2CCOCC2)CC(c2ccccc2)O1,1.555686814,train,random,23,,,,
CCCCNC(=O)NS(=O)(=O)c1ccc(C)cc1,0.440121603,train,random,23,,,,
Cc1cc(Nc2cnccn2)cc(C2CCCN(CC(=O)N3CCCC3)C2)n1,1.632416797,train,random,23,,,,
Cc1cccnc1Nc1cccc(C2CCCN(CC(=O)Nc3nccs3)C2)n1,0.637289548,train,random,23,,,,
CN(C)C(=O)C1(Cc2ccccc2-c2ccccc2)CCN(C(=O)c2cnn(C)c2)CC1,1.146840934,train,random,23,,,,
CC1(C)CC(=O)C2=C(C1)NC(=O)CC2c1ccc(Br)cc1,0.944630702,train,random,23,,,,
CN1CCN(S(=O)(=O)c2ccc(-c3cnc(N)c(C(=O)Nc4cccnc4)n3)cc2)CC1,0.915558115,train,random,23,,,,
CNC(=O)C1(Cc2ccc(-c3cccnc3)cc2)CCN(Cc2ccccc2Cl)C1,0.273695588,train,random,23,,,,
Cc1cc(N2CCCC2c2cc(CCC(=O)O)cc(C)n2)ncn1,2.0,train,random,23,,,,
CCCNC(=O)NS(=O)(=O)c1ccc(Cl)cc1,0.628286731,train,random,23,,,,
Cc1cc(C)c2c(N)c(C(=O)NCc3ccc(Cl)cc3)sc2n1,-0.185752404,train,random,23,,,,
COCCNC(=O)c1ccnc(C2CCNCC2)c1,2.0,train,random,23,,,,
COc1nc2sc(C(=O)NC3CC3)c(N)c2c(C)c1Cl,0.452093249,train,random,23,,,,
Cc1cc(N2CCCC2)nc(C2CCCN(C)C2)n1,1.861522463,train,random,23,,,,
O=C1NCCSc2c1sc1ccc(O)cc21,1.164679941,train,random,23,,,,
CC(CCc1ccccc1)NCC(O)c1ccc(O)c(C(N)=O)c1,1.65850745,train,random,23,,,,
CC1(C)Cc2cc(NC(=O)c3cnn4cccnc34)c(OCC3CC3)nc2O1,0.38219721,train,random,23,,,,
N#Cc1cc(F)c(NS(=O)(=O)c2c[nH]c3cc(Cl)ccc23)cc1F,-0.251811973,train,random,23,,,,
CC(C)CC(NC(=O)C(O)C(N)Cc1ccccc1)C(=O)O,1.54052968,train,random,23,,,,
COCCc1ccc(OCC(O)CNC(C)C)cc1,2.0,train,random,23,,,,
COc1cc(Cc2cnc(N)nc2N)cc(OC)c1OC,1.855513099,train,random,23,,,,
CC(C(=O)O)c1cccc(C(=O)c2ccccc2)c1,0.047274867,train,random,23,,,,
COc1cc2c(cc1OC)CN(CCc1ccc(NC(=O)c3cccc4c(O)c5cccc(OC)c5nc34)cc1)CC2,-1.292429824,train,random,23,,,,
Nc1nc(=O)c2ncn(COCCO)c2[nH]1,1.850860573,train,random,23,,,,
NCCCC[C@H](N[C@@H](CCc1ccccc1)C(=O)O)C(=O)N1CCC[C@H]1C(=O)O,2.0,train,random,23,,,,
COc1ccc([C@H]2c3[nH]c4ccc(Cl)cc4c3CCN2C(=O)Oc2ccc(Cl)cc2)cc1,1.754608223,train,random,23,,,,
NC(=O)C1(Cc2ccc(-c3ccncc3)cc2)CCN(C(=O)Cc2cccc(F)c2)CC1,1.058463986,train,random,23,,,,
CC(=O)Nc1ccc(O)cc1,1.916985305,train,random,23,,,,
CCn1c(=O)oc2cc(NC(=O)c3ccc(C(C)(C)C)cc3)ccc21,0.180412633,train,random,23,,,,
COc1ccc(OC[C@@H]2c3cc(OC)c(OC)cc3CCN2C(=O)c2cccc(Cl)c2)cc1,0.232233521,train,random,23,,,,
N#Cc1ccc(COc2cccc(C3CCN(Cc4nc5ccc(C(=O)O)cc5n4C[C@@H]4CCO4)CC3)n2)c(F)c1,0.312177356,train,random,23,,,,
CC(C)[C@H](CO)Nc1nc(Nc2cc(N)cc(Cl)c2)c2ncn(C(C)C)c2n1,-0.099086932,train,random,23,,,,
CC(C)(C)OC(=O)N1CCCC1C(=O)N1CCC(C(=O)N[C@@H](Cc2c[nH]c3ccccc23)C(=O)O)CC1,1.842553077,train,random,23,,,,
O=C(Nc1cccc2c(=O)cc(-c3nnn[nH]3)oc12)c1ccc(OCCCCc2ccccc2)cc1,0.77224834,train,random,23,,,,
CC(=O)Nc1ncc(C(=O)O)s1,1.854123782,train,random,23,,,,
Cc1cccc(-c2nc(C34CCC(C(N)=O)(CC3)CC4)[nH]c2-c2ccc3c(c2)OCO3)n1,0.21031852,train,random,23,,,,
COc1cc2nc(-c3cc(F)ccc3O)nc(N[C@@H]3CNC[C@H]3C(C)(C)O)c2cc1OC.Cl,-0.823908741,train,random,23,,,,
CC(C)[C@@](C)(O)[C@@H]1CN(c2nc(-c3n[nH]c4ncccc34)c(F)cc2Cl)CCN1,0.622421274,train,random,23,,,,
CC#CC(=O)N[C@H]1CCCN(c2c(F)cc(C(N)=O)c3[nH]c(C)c(C)c23)C1,-0.639532816,test,random,23,1.0297860813000006,0.7926440421800004,0.5274531685400001,1.1115630632600002
CCCc1cc(N2CCc3c(nc(C4CC4)n3C)C2)n2ncnc2n1,1.388207807,test,random,23,1.316526766440001,1.0870007962900003,0.8805187475400007,1.1638513671700006
Cn1cc(Nc2nccc(N3CC4CCC(C3)N4C(=O)[C@@H]3CC3(F)F)n2)cn1,1.786412441,test,random,23,1.4009587771199998,0.91110035906,1.1637013505700002,1.334642613380001
C=CC(=O)N1CCC(CNc2ncnc(N)c2-c2ccc(Oc3ccccc3)cc2)CC1,0.901294817,test,random,23,0.09320719265000005,0.2362869095599998,0.25307737484000004,0.14535397800999994
C=CC(=O)N1CCC([C@@H]2CCNc3c(C(N)=O)c(-c4ccc(Oc5ccccc5)cc4)nn32)CC1,0.231979027,test,random,23,0.32959092554999975,0.3765956625999998,0.56500607445,0.32253778505999997
CC(C)(C=C(C#N)C(=O)N1CCC[C@@H](n2nc(-c3ccc(Oc4ccccc4)cc3F)c3c(N)ncnc32)C1)N1CCN(C2COC2)CC1,0.123198075,test,random,23,0.36948760565000005,0.17297504222999996,0.33329110361000003,0.37788887192
Cc1ccc(C(=O)N2CCC(Cc3ccccc3-c3ccccc3)(C(=O)N(C)C)CC2)s1,-0.590066877,test,random,23,1.0129045794799991,0.6351335209099996,0.5182086411899998,0.2542981356900001
CCc1nc2c(C)cc(N3CCN(CC(=O)N4CC(O)C4)CC3)cn2c1N(C)c1nc(-c2ccc(F)cc2)c(C#N)s1,-0.434152181,test,random,23,0.69366429103,0.2808686303600001,0.52919778757,0.38316395352
C[C@@H]1CCN(C(=O)CC#N)C[C@@H]1N(C)c1ncnc2[nH]ccc12,1.747124255,test,random,23,1.4298013299000005,1.35022919778,0.8371465962500004,1.6575146750800014
CN(C)C(=O)C1(Cc2ccccc2-c2ccccc2)CCN(C(=O)C2CCCO2)CC1,1.265713811,test,random,23,0.6265418516599999,0.7540363292299999,0.8034297837400003,0.8687791276699995
CC(=O)Nc1ccc(C(=O)N2CCCCC2c2nc(N)ncc2-c2ccc(Cl)cc2)cc1,0.549861188,test,random,23,0.9903126788699995,0.5006558596000005,0.6016335974200002,0.3955437448600004
O=C1NCCN(C(=O)c2ccc3nccn3c2)C1c1ccccc1C(F)(F)F,1.801527189,test,random,23,1.3554651955000006,1.0604801828500003,1.3116412576500003,1.2768979548500001
CN1[C@H]2CC[C@@H]1C[C@@H](OC(c1ccccc1)c1ccccc1)C2,1.180842415,test,random,23,1.1959277203800005,0.9219803999300001,0.5536356,0.65659299524
OCC1CCCCN1Cc1ccc(Cl)c(Cl)c1,1.484982782,test,random,23,1.0105837279200005,1.2754541630000005,0.9969086648300001,0.9022593779299994
Cc1nnc(-c2ccc3occ(-c4ccc(S(C)=O)cc4)c3c2)o1,1.077985291,test,random,23,0.9032321119100005,0.46274381881000015,0.5762499566,0.4999907187899999
Cc1ncsc1C(=O)N1CCCCC1c1nc(N)ncc1-c1cccc(C(F)(F)F)c1,0.86254877,test,random,23,0.5764486947399999,0.42185524748,0.7609901750499999,0.31578366407000014
C=CC(=O)Nc1cccc(Oc2nc(Nc3ccc(N4CCN(C)CC4)cc3)nc3ccoc23)c1,-0.208309351,test,random,23,-0.05438526634999993,-0.01631072052,0.01638767620999999,-0.12086261107999993
Cc1ncc(CN2CCC(Nc3ccc4nnnn4n3)C(C)C2)s1,1.579154557,test,random,23,1.1193327374700006,1.1513294423300007,1.0708207570700001,1.5392533082700006
Cc1nc(Nc2nccs2)cc(C2CN(c3ncccn3)C2)n1,0.374565061,test,random,23,0.9801171318700002,1.2444549076900002,0.7832862770599999,1.4714248338900007
COc1ccc(CNC(=O)c2sc3nc(C)cc(C)c3c2N)cc1,-0.18243463,test,random,23,0.5774906803100002,0.2779382750900003,0.4948559698099999,0.26740595924999994
CCOc1cc(CC(=O)N[C@@H](CC(C)C)c2ccccc2N2CCCCC2)ccc1C(=O)O,-0.063486258,test,random,23,0.8014279069700002,0.57669977033,0.6131819455999996,0.18063930707999998
O=C(Nc1cccc2ncccc12)[C@H]1CCCN(S(=O)(=O)c2ccccc2)C1,1.091666958,test,random,23,1.2768105079200005,0.8406664575199997,1.12743219632,0.7414830641900003
C[C@@H]1Cc2ccccc2N1C(=O)Cn1nc(-c2cccc3ncccc23)oc1=O,0.360404055,test,random,23,0.8125702877500001,0.7216911908600001,0.6812641747699996,0.5555725024800001
O=C(CN1CCCC(c2cccc(Cc3cccc(F)c3)n2)C1)N1CCCC1,0.953856298,test,random,23,0.8659610794100006,0.9678617040300004,1.2261371433300008,0.7995691513500005
COc1cc2ncnc(Nc3cccc(O)c3)c2cc1OC,0.650307523,test,random,23,0.5868467531899998,0.8384421212500002,0.4633852044199998,0.7336841239099999
CC1(CNC(=O)c2cncc(C3CCNCC3)n2)CCCO1,1.960042456,test,random,23,1.3861392912099992,1.5525508462500002,1.3896014921999997,1.6582443312200008
CCn1cc(C(=O)O)c(=O)c2c(N)c(F)c(NC3CCCCC3)cc21,0.426673888,test,random,23,0.9514038689500002,0.6517091786799998,0.5755155511500002,0.42913976473000004
COc1cc2nc(N3CCN(C(=O)c4ccco4)CC3)nc(N)c2cc1OC,1.371880249,test,random,23,0.4766088464899999,0.5268819858100001,0.79559730815,1.1616528709599994
C=CCc1ccccc1OCC(O)CNC(C)C,1.496029699,test,random,23,1.3782884922199994,1.2630290931200001,1.0936568073400001,1.7068967512999997
CCCc1nc2nc(C)c(NS(=O)(=O)c3ccc(C4CCCCC4)cc3)c(O)n2n1,-0.137272472,test,random,23,1.12450589336,0.49030537260999985,0.50492492042,0.5190594844499997
O=C(NC1CCNCC1)c1ccc2[nH]ncc2c1,1.92695435,test,random,23,1.267236149350001,1.2331394962700002,1.0909556361299997,1.7532701606500003
Cc1cccc(/C=N/Nc2cc(N3CCOCC3)nc(OCCc3ccccn3)n2)c1,-0.27572413,test,random,23,0.6628373181099999,0.5060245135,0.70372815562,0.45855642382999995
O=C(NC1CCNCC1)c1ccc2cn[nH]c2c1,1.70808081,test,random,23,1.2593942416300008,1.2572352512200005,1.1344599930500003,1.7447775666600003
CNc1cc(Nc2cccn(-c3ccccn3)c2=O)nn2c(C(=O)N[C@@H]3C[C@@H]3F)cnc12,0.51851394,train,random,24,,,,
CCOc1cc2nn(CCC(C)(C)O)cc2cc1NC(=O)c1cccc(C(F)F)n1,0.268343914,train,random,24,,,,
CC(C)(Oc1ccc(-c2cnc(N)c(-c3ccc(Cl)cc3)c2)cc1)C(=O)O,-1.403402904,train,random,24,,,,
CC#CC(=O)N[C@H]1CCCN(c2c(F)cc(C(N)=O)c3[nH]c(C)c(C)c23)C1,-0.639532816,train,random,24,,,,
CC(C)NCC(O)COc1cccc2ccccc12,1.347759218,train,random,24,,,,
COc1ccc(Cl)cc1C(=O)NCCc1ccc(S(=O)(=O)NC(=O)NC2CCCCC2)cc1,-0.943095149,train,random,24,,,,
C=CC(=O)N1CCC[C@@H](n2nc(-c3ccc(Oc4ccccc4)cc3)c3c(N)ncnc32)C1,-0.35853,train,random,24,,,,
CC(C)NC(=O)COc1cccc(-c2nc(Nc3ccc4[nH]ncc4c3)c3ccccc3n2)c1,-0.504455662,train,random,24,,,,
CCS(=O)(=O)N1CC(CC#N)(n2cc(-c3ncnc4[nH]ccc34)cn2)C1,2.0,train,random,24,,,,
CCn1c(-c2nonc2N)nc2cnc(Oc3cccc(NC(=O)c4ccc(OCCN5CCOCC5)cc4)c3)cc21,-0.325138859,train,random,24,,,,
CC1(C)CC[C@]2(NC(=O)C(C)(F)F)CC[C@]3(C)[C@H](C(=O)C=C4[C@@]3(C)CC[C@H]3C(C)(C)C(=O)C(C#N)=C[C@]43C)[C@@H]2C1,-0.055517328,train,random,24,,,,
Cc1c[nH]c2nccc(Oc3c(F)cc(Nc4cc(Cl)nc(N)n4)cc3F)c12,-0.68613278,train,random,24,,,,
COc1cc2c(cc1OC)CC(=O)N(CCCN(C)C[C@H]1Cc3cc(OC)c(OC)cc31)CC2,1.615139594,train,random,24,,,,
N#Cc1ccc2[nH]c(O)c(-c3ccc(CN4CCOCC4)cn3)c2c1,1.072507236,train,random,24,,,,
CCCc1cc(N2CCc3c(nc(C4CC4)n3C)C2)n2ncnc2n1,1.388207807,train,random,24,,,,
Fc1ccc(-c2ccc3c(c2)[nH]c2ccncc23)cn1,0.640978057,train,random,24,,,,
Nc1c(F)ccc2cnc(-n3ccc4ccncc43)cc12,0.631443769,train,random,24,,,,
C=CC(=O)N1C[C@H](Nc2ncnc3[nH]ccc23)CC[C@@H]1C,1.74597993,train,random,24,,,,
Cn1cc(Nc2nccc(N3CC4CCC(C3)N4C(=O)[C@@H]3CC3(F)F)n2)cn1,1.786412441,train,random,24,,,,
C=CC(=O)N1CCC(CNc2ncnc(N)c2-c2ccc(Oc3ccccc3)cc2)CC1,0.901294817,train,random,24,,,,
Nc1n[nH]cc1-c1cc(Cl)ccc1Oc1cc(F)c(S(=O)(=O)Nc2cscn2)cc1Cl,-0.08249449,train,random,24,,,,
Cc1c(-c2c(F)cc(C(N)=O)c3[nH]c4c(c23)CC[C@H](C(C)(C)O)C4)cccc1-n1c(=O)c2cccc(F)c2n(C)c1=O,0.326540669,train,random,24,,,,
O=C(Nc1cccnc1)c1ccnc(NC(=O)C2CC2)c1,1.615287063,train,random,24,,,,
CC#CC(=O)N1CC[C@@H](n2c(=O)n(-c3ccc(Oc4ccccc4)cc3)c3c(N)ncnc32)C1,0.669595781,train,random,24,,,,
C=CC(=O)N1CCC([C@@H]2CCNc3c(C(N)=O)c(-c4ccc(Oc5ccccc5)cc4)nn32)CC1,0.231979027,train,random,24,,,,
C=CC(=O)N1CCC[C@H](n2c(=O)n(-c3ccc(Oc4ccccc4)cc3)c3c(N)ncnc32)C1,0.276231958,train,random,24,,,,
CC(C)(C=C(C#N)C(=O)N1CCC[C@@H](n2nc(-c3ccc(Oc4ccccc4)cc3F)c3c(N)ncnc32)C1)N1CCN(C2COC2)CC1,0.123198075,train,random,24,,,,
C=CC(=O)Nc1cccc(Oc2nc(Nc3ccc(N4CCN(C)CC4)c(F)c3)nc3[nH]ccc23)c1,-0.139063379,train,random,24,,,,
C[C@@H]1c2nnn(-c3ncc(F)cn3)c2CCN1C(=O)c1cccc(C(F)(F)F)c1Cl,1.240049772,train,random,24,,,,
O=C(Nc1cccc(-c2nncn2C2CC2)c1)c1cc(-n2cnc(C3CC3)c2)ccn1,0.611935625,train,random,24,,,,
Fc1ccccc1-c1c[nH]nc1C1CCCN1Cc1ccc2ncccc2c1,0.460897843,train,random,24,,,,
Cc1nccc(-c2cn(Cc3ccccc3)c3cnccc23)n1,1.207445854,train,random,24,,,,
CCc1nc(C)cn2nc(-c3cc(=O)n4cc(C5CCN(C)CC5)cc(C)c4n3)cc12,0.593618308,train,random,24,,,,
Cc1c(Cl)ccc2cc3n(c12)[C@@H](C)CNC3=O,0.696793085,train,random,24,,,,
Nc1ncnc2c1c(-c1ccc(Oc3ccccc3)cc1)nn2[C@@H]1CCCNC1,0.846275242,train,random,24,,,,
Cc1nnc(CN(C)CC(C)Oc2ccc(Cl)c(Cl)c2)n1C,1.114444172,train,random,24,,,,
COc1nn(C)cc1C(=O)Nc1cccc(-c2cnc3n2CCC3)c1,0.685562611,train,random,24,,,,
Cc1ncc(CN2CC[C@@H](Nc3cncc(Cl)n3)[C@@H](C)C2)s1,1.264227348,train,random,24,,,,
Cc1ccc(C(=O)N2CCC(Cc3ccccc3-c3ccccc3)(C(=O)N(C)C)CC2)s1,-0.590066877,train,random,24,,,,
CCc1nc2c(C)cc(N3CCN(CC(=O)N4CC(O)C4)CC3)cn2c1N(C)c1nc(-c2ccc(F)cc2)c(C#N)s1,-0.434152181,train,random,24,,,,
C[C@@H]1CCN(C(=O)CC#N)C[C@@H]1N(C)c1ncnc2[nH]ccc12,1.747124255,train,random,24,,,,
CN(C)C(=O)C1(Cc2ccccc2-c2ccccc2)CCN(C(=O)C2CCCO2)CC1,1.265713811,train,random,24,,,,
CC(=O)Nc1ccc(C(=O)N2CCCCC2c2nc(N)ncc2-c2ccc(Cl)cc2)cc1,0.549861188,train,random,24,,,,
O=C1CN(c2ccc(Nc3nccc(C(F)(F)F)n3)cn2)CCN1,1.433497815,train,random,24,,,,
O=C1NCCN(C(=O)c2ccc3nccn3c2)C1c1ccccc1C(F)(F)F,1.801527189,train,random,24,,,,
Cc1cc(F)ccc1C1C(=O)NCCN1C(=O)c1ccc2nccn2c1,1.950724994,train,random,24,,,,
O=C1NCCN(C(=O)c2ccncc2)C1c1ccccc1Cl,1.868168158,train,random,24,,,,
C[C@H]1CN(C(=O)CC(c2ccccc2)c2ccccc2)C[C@@H](C)O1,0.718335579,train,random,24,,,,
CN1[C@H]2CC[C@@H]1C[C@@H](OC(c1ccccc1)c1ccccc1)C2,1.180842415,train,random,24,,,,
OC[C@H](Nc1cncc(-c2ccc3[nH]ncc3n2)c1)c1ccccc1,1.024690862,train,random,24,,,,
Cc1ncsc1C(=O)N1CCCCC1c1nc(N(C)C)ncc1-c1cccc(Cl)c1,0.021602716,train,random,24,,,,
OCC1CCCCN1Cc1ccc(Cl)c(Cl)c1,1.484982782,train,random,24,,,,
COc1ccccc1C(=O)Nc1ccc2cc[nH]c2c1,0.571825249,train,random,24,,,,
c1ccc(Oc2cccc(CN(CCN3CCOCC3)Cc3cccnc3)c2)cc1,0.142389466,train,random,24,,,,
COc1ccc([C@H]2CN(C(C)=O)[C@@H]3CCCN(Cc4cccc(F)c4)[C@H]23)cc1,0.594060901,train,random,24,,,,
Cc1c(C(=O)NCCCN(C)C)sc2ncnc(Nc3ccc(F)cc3OC(C)C)c12,0.966376423,train,random,24,,,,
OCC1CCCCN1Cc1ccc(-c2ccccc2)cc1,1.394924244,train,random,24,,,,
Nc1ncc(C(=O)NC2CN(C(=O)C3CC3)C2)c2ccc(-c3cccc(F)c3)nc12,0.38219721,train,random,24,,,,
CC1(C)CC(Oc2ccc(-c3ccc(-c4cn[nH]c4)cc3O)nn2)CC(C)(C)N1,1.241969612,train,random,24,,,,
Cc1nnc(-c2ccc3occ(-c4ccc(S(C)=O)cc4)c3c2)o1,1.077985291,train,random,24,,,,
Cc1ncsc1C(=O)N1CCCCC1c1nc(N)ncc1-c1cccc(C(F)(F)F)c1,0.86254877,train,random,24,,,,
O=C(Nc1ccc2ccccc2n1)c1ccc(N2CCOC2=O)cc1,0.069298012,train,random,24,,,,
O=C(CCNC(=O)c1ccc(OC(F)(F)F)cc1)N[C@@H]1CCCc2ccccc21,0.630427875,train,random,24,,,,
O=S(=O)(c1cccc2cnccc12)N1CCCNCC1,1.844321821,train,random,24,,,,
C=CC(=O)Nc1cccc(Oc2nc(Nc3ccc(N4CCN(C)CC4)cc3)nc3ccoc23)c1,-0.208309351,train,random,24,,,,
CCN1CCN(S(=O)(=O)Cc2ccc(Cl)c(Cl)c2)CC1,1.071845201,train,random,24,,,,
CCn1c(CO)nn(-c2cc(O[C@@H](C)C(F)(F)F)c(C(=O)Nc3c(F)cccc3Cl)cc2F)c1=O,0.876910311,train,random,24,,,,
CCN(C/C=C\c1ccc(C2CCCCC2)c(Cl)c1)C1CCCCC1,-0.266802735,train,random,24,,,,
NCCN1CCN(C/C=C/C(=O)N2CCC[C@@H](n3nc(-c4ccc(Oc5ccccc5)cc4)c4c(N)ncnc43)C2)CC1,0.686814955,train,random,24,,,,
Cn1c(C2CC2)nc2c1CCN(c1ncnc3ccsc13)C2,1.192985379,train,random,24,,,,
CC/C(=C(\c1ccccc1)c1ccc(OCCN(C)C)cc1)c1ccccc1,-0.341988603,train,random,24,,,,
COc1nn(C)cc1C(=O)Nc1cccc2cnccc12,1.58945809,train,random,24,,,,
CNC(=O)C1(Cc2ccc(-c3ccncc3)cc2)CCN(Cc2cccc(F)c2)C1,0.715167358,train,random,24,,,,
Cc1ncc(CN2CCC(Nc3ccc4nnnn4n3)C(C)C2)s1,1.579154557,train,random,24,,,,
Cc1nc(Nc2nccs2)cc(C2CN(c3ncccn3)C2)n1,0.374565061,train,random,24,,,,
CN(Cc1ccccc1)C1(C(=O)N2CCNC(=O)CC2)Cc2ccccc2C1,0.912806393,train,random,24,,,,
Cc1c(F)cccc1NC(=O)CN1[C@H]2CCCC(=O)N[C@@]2(C)C[C@H]1Cc1ccccc1,0.925312092,train,random,24,,,,
CCC1=C(C)CN(C(=O)NCCc2ccc(S(=O)(=O)NC(=O)N[C@H]3CC[C@H](C)CC3)cc2)C1=O,-1.638272164,train,random,24,,,,
O=S(=O)(c1cccc2c(O)nccc12)N1CCCNCC1,1.990813743,train,random,24,,,,
Cc1ccc(NC(=O)CN2[C@H]3CCCC(=O)N[C@@]3(C)C[C@H]2Cc2ccccc2)cc1F,0.360971884,train,random,24,,,,
CN(C)C(=O)C1(Cc2ccccc2-c2cccc(F)c2)CCN(C(=O)C2CC=CCC2)CC1,0.142702246,train,random,24,,,,
COc1ccc(CNC(=O)c2sc3nc(C)cc(C)c3c2N)cc1,-0.18243463,train,random,24,,,,
C#C[C@@](C)(CC)NC(=O)c1cc(F)cnc1NC1CC(F)(F)C1,0.850278553,train,random,24,,,,
Cn1cc(Nc2nc(N)nc(-c3cccc(-n4ccc5cc(C6CC6)cc(F)c5c4=O)c3CO)n2)cn1,0.581038949,train,random,24,,,,
CNC(=O)C1(Cc2ccc(-c3cccnc3)cc2)CCN(Cc2ccc(F)cc2)C1,0.918868743,train,random,24,,,,
CNC(=O)C1(Cc2ccc(-c3cccnc3)cc2)CCN(Cc2cccc(F)c2)C1,0.531095547,train,random,24,,,,
CC(=O)Nc1ncc(CN2CCCC[C@@H]2C)s1,1.923109252,train,random,24,,,,
O=C1CCCC[C@@H]2[C@H](C[C@@H](Cc3ccccc3F)N2C(=O)c2cccc3ncccc23)N1,1.348966512,train,random,24,,,,
CCOc1cc(CC(=O)N[C@@H](CC(C)C)c2ccccc2N2CCCCC2)ccc1C(=O)O,-0.063486258,train,random,24,,,,
CC(O)(C#Cc1ccc2c(c1)N(c1nc(N)ncc1Cl)CC2)c1nccs1,0.275311355,train,random,24,,,,
Cc1[nH]nc2c1C1(CCCCC1)CC(=O)N2,1.284633733,train,random,24,,,,
Cc1oc2ccccc2c1CNc1nnc(-c2ccncc2)o1,-0.172630727,train,random,24,,,,
O=C(Nc1cccc2ncccc12)[C@H]1CCCN(S(=O)(=O)c2ccccc2)C1,1.091666958,train,random,24,,,,
C[C@@H]1Cc2ccccc2N1C(=O)Cn1nc(-c2cccc3ncccc23)oc1=O,0.360404055,train,random,24,,,,
Nc1ncnc2c1c(-c1cnc3[nH]ccc3c1)nn2C1CCCC1,0.780605306,train,random,24,,,,
O=C(Nc1cnccc1-c1ccc(Cl)cc1)c1ccnc(NC(=O)C2CC2)c1,0.847634344,train,random,24,,,,
CN1C(N)=N[C@](C)(c2cc(NC(=O)c3ccc(F)cn3)ccc2F)CS1(=O)=O,1.491417728,train,random,24,,,,
CC1CN(C(=O)c2cccnc2N2CCOCC2)CC(c2ccccc2)O1,1.555686814,train,random,24,,,,
Cc1cccnc1Nc1cccc(C2CCCN(CC(=O)Nc3nccs3)C2)n1,0.637289548,train,random,24,,,,
CN(C)C(=O)C1(Cc2ccccc2-c2ccccc2)CCN(C(=O)c2cnn(C)c2)CC1,1.146840934,train,random,24,,,,
CC1(C)CC(=O)C2=C(C1)NC(=O)CC2c1ccc(Br)cc1,0.944630702,train,random,24,,,,
CN1CCN(S(=O)(=O)c2ccc(-c3cnc(N)c(C(=O)Nc4cccnc4)n3)cc2)CC1,0.915558115,train,random,24,,,,
CNC(=O)C1(Cc2ccc(-c3cccnc3)cc2)CCN(Cc2ccccc2Cl)C1,0.273695588,train,random,24,,,,
Cc1cc(N2CCCC2c2cc(CCC(=O)O)cc(C)n2)ncn1,2.0,train,random,24,,,,
CCCNC(=O)NS(=O)(=O)c1ccc(Cl)cc1,0.628286731,train,random,24,,,,
O=C(CN1CCCC(c2cccc(Cc3cccc(F)c3)n2)C1)N1CCCC1,0.953856298,train,random,24,,,,
COc1cc2ncnc(Nc3cccc(O)c3)c2cc1OC,0.650307523,train,random,24,,,,
Cc1cc(C)c2c(N)c(C(=O)NCc3ccc(Cl)cc3)sc2n1,-0.185752404,train,random,24,,,,
COCCNC(=O)c1ccnc(C2CCNCC2)c1,2.0,train,random,24,,,,
COc1nc2sc(C(=O)NC3CC3)c(N)c2c(C)c1Cl,0.452093249,train,random,24,,,,
CC1(CNC(=O)c2cncc(C3CCNCC3)n2)CCCO1,1.960042456,train,random,24,,,,
Cc1cc(N2CCCC2)nc(C2CCCN(C)C2)n1,1.861522463,train,random,24,,,,
O=C1NCCSc2c1sc1ccc(O)cc21,1.164679941,train,random,24,,,,
CCn1cc(C(=O)O)c(=O)c2c(N)c(F)c(NC3CCCCC3)cc21,0.426673888,train,random,24,,,,
COc1cc2nc(N3CCN(C(=O)c4ccco4)CC3)nc(N)c2cc1OC,1.371880249,train,random,24,,,,
CC(CCc1ccccc1)NCC(O)c1ccc(O)c(C(N)=O)c1,1.65850745,train,random,24,,,,
CC1(C)Cc2cc(NC(=O)c3cnn4cccnc34)c(OCC3CC3)nc2O1,0.38219721,train,random,24,,,,
COCCc1ccc(OCC(O)CNC(C)C)cc1,2.0,train,random,24,,,,
COc1cc2c(cc1OC)CN(CCc1ccc(NC(=O)c3cccc4c(O)c5cccc(OC)c5nc34)cc1)CC2,-1.292429824,train,random,24,,,,
C=CCc1ccccc1OCC(O)CNC(C)C,1.496029699,train,random,24,,,,
Nc1nc(=O)c2ncn(COCCO)c2[nH]1,1.850860573,train,random,24,,,,
NCCCC[C@H](N[C@@H](CCc1ccccc1)C(=O)O)C(=O)N1CCC[C@H]1C(=O)O,2.0,train,random,24,,,,
CCCc1nc2nc(C)c(NS(=O)(=O)c3ccc(C4CCCCC4)cc3)c(O)n2n1,-0.137272472,train,random,24,,,,
COc1ccc([C@H]2c3[nH]c4ccc(Cl)cc4c3CCN2C(=O)Oc2ccc(Cl)cc2)cc1,1.754608223,train,random,24,,,,
NC(=O)C1(Cc2ccc(-c3ccncc3)cc2)CCN(C(=O)Cc2cccc(F)c2)CC1,1.058463986,train,random,24,,,,
CC(=O)Nc1ccc(O)cc1,1.916985305,train,random,24,,,,
O=C(NC1CCNCC1)c1ccc2[nH]ncc2c1,1.92695435,train,random,24,,,,
Cc1cccc(/C=N/Nc2cc(N3CCOCC3)nc(OCCc3ccccn3)n2)c1,-0.27572413,train,random,24,,,,
COc1ccc(OC[C@@H]2c3cc(OC)c(OC)cc3CCN2C(=O)c2cccc(Cl)c2)cc1,0.232233521,train,random,24,,,,
CC(C)[C@H](CO)Nc1nc(Nc2cc(N)cc(Cl)c2)c2ncn(C(C)C)c2n1,-0.099086932,train,random,24,,,,
O=C(NC1CCNCC1)c1ccc2cn[nH]c2c1,1.70808081,train,random,24,,,,
O=C(Nc1cccc2c(=O)cc(-c3nnn[nH]3)oc12)c1ccc(OCCCCc2ccccc2)cc1,0.77224834,train,random,24,,,,
Cc1cccc(-c2nc(C34CCC(C(N)=O)(CC3)CC4)[nH]c2-c2ccc3c(c2)OCO3)n1,0.21031852,train,random,24,,,,
COc1cc2nc(-c3cc(F)ccc3O)nc(N[C@@H]3CNC[C@H]3C(C)(C)O)c2cc1OC.Cl,-0.823908741,train,random,24,,,,
CC(C)[C@@](C)(O)[C@@H]1CN(c2nc(-c3n[nH]c4ncccc34)c(F)cc2Cl)CCN1,0.622421274,train,random,24,,,,
CN(c1ncc(F)cn1)[C@H]1CCCNC1,2.0,test,random,24,1.1857188593000003,1.3475535774900007,1.03014819098,1.6646786164
CC(C)(O)CCn1cc2cc(NC(=O)c3cccc(C(F)(F)F)n3)c(C(C)(C)O)cc2n1,1.092264361,test,random,24,0.6893320447299999,0.5735027038999999,0.4406752883600001,0.3021198030299999
COc1ccc(S(=O)(=O)N2CCC(N3CCC(C)CC3)CC2)cc1,1.626076768,test,random,24,1.02182857528,1.2723748663100003,0.8408669980999999,1.4764953595999994
[2H]C([2H])([2H])NC(=O)c1nnc(NC(=O)C2CC2)cc1Nc1cccc(-c2ncn(C)n2)c1OC,1.236577565,test,random,24,0.76857870983,0.3837205525200001,0.4857089725599999,0.6985005260400002
Cn1cc(-c2cn3nccc3c(-c3cnn([C@]4(CC#N)C[C@@H](C#N)C4)c3)n2)cn1,1.364100521,test,random,24,0.42046364397999997,0.7871524020199998,0.6351076163199999,1.03726472996
O=C(c1ccc(Oc2ccccc2)cc1Cl)c1c[nH]c2ncnc(N[C@@H]3CC[C@@H](CO)OC3)c12,-0.295849483,test,random,24,1.00766052938,0.3436377343200001,0.42787621284999994,0.16800357514999997
N#CC[C@H](C1CCCC1)n1cc(-c2ncnc3[nH]ccc23)cn1,1.244598701,test,random,24,1.6187930527000003,1.2834677641100003,0.7743346418699999,0.86948432271
CC(C)(C)c1ccc(-c2nc3n(c(=O)c2C#N)CCS3)cc1,0.455758203,test,random,24,0.8854853803500002,1.1226641598199998,0.48053249854999996,0.8114143974999999
C=CC(=O)Nc1cccc(Oc2nc(Nc3ccc(N4CCN(C)CC4)cc3)nc3ccsc23)c1,-0.308918508,test,random,24,0.03829025247000001,0.05733880383,-0.0766354225,-0.09550605983999999
CC#CC(=O)N1CC[C@@H](n2cc(-c3ccc(Oc4c(F)cccc4F)cc3)c3c(N)n[nH]c(=O)c32)C1,-0.029188389,test,random,24,0.5421632316600004,0.34368698515000007,0.26617734625000006,0.22656042489999995
COc1ccccc1-c1cc(NC(=O)c2cccc(N3CCNC3=O)c2)[nH]n1,-0.742321425,test,random,24,0.7022891489099998,0.6940156417999996,0.60923812893,0.5932656112699998
Nc1ncc(-c2cccc(C(F)(F)F)c2)c(C2CCCCN2C(=O)c2ccccc2)n1,0.137354111,test,random,24,0.7475810234199999,0.7966844521499999,0.6853043840799997,0.6397649787399994
COc1cc(F)ccc1-c1ncnc(Nc2cccc(C[S@@](C)(=N)=O)c2)n1,1.574609941,test,random,24,0.6442076521600001,0.7336581387299997,0.62406538571,0.44290026517000014
CC(=O)Nc1ccc(C(=O)N2CCCCC2c2nc(N)ncc2-c2cccc(Cl)c2)cc1,0.584331224,test,random,24,0.6777799674099999,0.5522490276400002,0.44110994352,0.48530590899000026
CC(C)(C)C(=O)N1CCC(Cc2ccc(-c3cccs3)cc2)(C(=O)N2CCCC2)CC1,0.008174184,test,random,24,0.8496151824500002,0.5838787859900001,0.43185238702000006,0.010507240379999982
CC(=O)N1CCN(c2nc(C(F)(F)F)nc3sc(C)c(C)c23)CC1,0.624282096,test,random,24,0.9959058489200006,1.14096595639,0.4878144937900003,0.7461951669199999
O=C(Nc1nc2cccc(-c3ccc(CN4CCS(=O)(=O)CC4)cc3)n2n1)C1CC1,1.601853652,test,random,24,0.9477193486900005,0.7588708745800001,0.7206427525700003,0.7558935330899997
COc1ccc(Nc2c(C#N)cnc3cc(OC)c(OC)cc23)cc1Cl,0.115943177,test,random,24,0.9356234315799999,0.5455368872499999,0.39561313498000006,0.30783399172
COc1ccc(CCCN2CCN(c3cnn(C)c3)C(=O)C2)cc1F,1.308414999,test,random,24,0.8913205516900002,1.2646533243799998,0.8087087805800001,1.5439243366100002
Cc1noc(C(C)C)c1C(=O)N1CC(C)OC(c2ccccc2)C1,1.111934276,test,random,24,0.98940493745,1.2541474642000001,1.21137637633,0.9278446080699994
COCC(=O)N1CCC(Cc2ccccc2-c2cccc(F)c2)(C(=O)NC(C)C)CC1,1.076967952,test,random,24,0.6620325852400001,0.39910783339000006,0.6249472859099999,0.6307167127899997
Cc1cnc(C(=O)NCCc2ccc(S(=O)(=O)NC(=O)NC3CCCCC3)cc2)cn1,-0.204119983,test,random,24,0.12835371623,0.3725422719399997,0.5452509213100001,0.8040907253399999
COCCc1noc(CN2CC(c3ccccc3)(c3ccccc3)CCC2=O)n1,1.25166255,test,random,24,0.9014078918900001,0.8023288348599995,0.8921040004000002,1.01861523479
CCCCNC(=O)NS(=O)(=O)c1ccc(C)cc1,0.440121603,test,random,24,0.8186033880300002,0.8516009230100002,0.6743421728600003,1.5372649710000001
Cc1cc(Nc2cnccn2)cc(C2CCCN(CC(=O)N3CCCC3)C2)n1,1.632416797,test,random,24,0.9847360438299998,1.12814716064,1.12832848832,1.0991364671799997
N#Cc1cc(F)c(NS(=O)(=O)c2c[nH]c3cc(Cl)ccc23)cc1F,-0.251811973,test,random,24,0.34598028746000004,0.7431197789100001,0.9751768729500004,0.48067899298999955
CC(C)CC(NC(=O)C(O)C(N)Cc1ccccc1)C(=O)O,1.54052968,test,random,24,1.0929896021400003,1.27254578041,1.50869175519,1.64000330875
COc1cc(Cc2cnc(N)nc2N)cc(OC)c1OC,1.855513099,test,random,24,0.7632925604500004,1.0241172435499997,0.8230267515599999,1.43816902984
CC(C(=O)O)c1cccc(C(=O)c2ccccc2)c1,0.047274867,test,random,24,0.71121136603,1.1902502509,0.98994716043,0.6505982004999997
CCn1c(=O)oc2cc(NC(=O)c3ccc(C(C)(C)C)cc3)ccc21,0.180412633,test,random,24,1.0192284498400002,0.5486659285899999,0.5615740286900001,0.3167113246100001
N#Cc1ccc(COc2cccc(C3CCN(Cc4nc5ccc(C(=O)O)cc5n4C[C@@H]4CCO4)CC3)n2)c(F)c1,0.312177356,test,random,24,0.67984184512,0.28022942856,0.33692902596000013,-0.09596703984999999
CC(C)(C)OC(=O)N1CCCC1C(=O)N1CCC(C(=O)N[C@@H](Cc2c[nH]c3ccccc23)C(=O)O)CC1,1.842553077,test,random,24,1.0588591607900002,0.4551623276599999,1.1091601795299995,-0.034525305299999955
CC(=O)Nc1ncc(C(=O)O)s1,1.854123782,test,random,24,1.3875655284800004,1.1115579242900002,1.18765477515,1.161060358440001
CNc1cc(Nc2cccn(-c3ccccn3)c2=O)nn2c(C(=O)N[C@@H]3C[C@@H]3F)cnc12,0.51851394,train,butina,20,,,,
CCOc1cc2nn(CCC(C)(C)O)cc2cc1NC(=O)c1cccc(C(F)F)n1,0.268343914,train,butina,20,,,,
CN(c1ncc(F)cn1)[C@H]1CCCNC1,2.0,train,butina,20,,,,
CC(C)(Oc1ccc(-c2cnc(N)c(-c3ccc(Cl)cc3)c2)cc1)C(=O)O,-1.403402904,train,butina,20,,,,
CC(C)(O)CCn1cc2cc(NC(=O)c3cccc(C(F)(F)F)n3)c(C(C)(C)O)cc2n1,1.092264361,train,butina,20,,,,
CC#CC(=O)N[C@H]1CCCN(c2c(F)cc(C(N)=O)c3[nH]c(C)c(C)c23)C1,-0.639532816,train,butina,20,,,,
COc1ccc(Cl)cc1C(=O)NCCc1ccc(S(=O)(=O)NC(=O)NC2CCCCC2)cc1,-0.943095149,train,butina,20,,,,
CC(C)NC(=O)COc1cccc(-c2nc(Nc3ccc4[nH]ncc4c3)c3ccccc3n2)c1,-0.504455662,train,butina,20,,,,
CCS(=O)(=O)N1CC(CC#N)(n2cc(-c3ncnc4[nH]ccc34)cn2)C1,2.0,train,butina,20,,,,
CCn1c(-c2nonc2N)nc2cnc(Oc3cccc(NC(=O)c4ccc(OCCN5CCOCC5)cc4)c3)cc21,-0.325138859,train,butina,20,,,,
CC1(C)CC[C@]2(NC(=O)C(C)(F)F)CC[C@]3(C)[C@H](C(=O)C=C4[C@@]3(C)CC[C@H]3C(C)(C)C(=O)C(C#N)=C[C@]43C)[C@@H]2C1,-0.055517328,train,butina,20,,,,
Cc1c[nH]c2nccc(Oc3c(F)cc(Nc4cc(Cl)nc(N)n4)cc3F)c12,-0.68613278,train,butina,20,,,,
COc1cc2c(cc1OC)CC(=O)N(CCCN(C)C[C@H]1Cc3cc(OC)c(OC)cc31)CC2,1.615139594,train,butina,20,,,,
N#Cc1ccc2[nH]c(O)c(-c3ccc(CN4CCOCC4)cn3)c2c1,1.072507236,train,butina,20,,,,
Fc1ccc(-c2ccc3c(c2)[nH]c2ccncc23)cn1,0.640978057,train,butina,20,,,,
Nc1c(F)ccc2cnc(-n3ccc4ccncc43)cc12,0.631443769,train,butina,20,,,,
C=CC(=O)N1C[C@H](Nc2ncnc3[nH]ccc23)CC[C@@H]1C,1.74597993,train,butina,20,,,,
Cn1cc(Nc2nccc(N3CC4CCC(C3)N4C(=O)[C@@H]3CC3(F)F)n2)cn1,1.786412441,train,butina,20,,,,
Cc1c(-c2c(F)cc(C(N)=O)c3[nH]c4c(c23)CC[C@H](C(C)(C)O)C4)cccc1-n1c(=O)c2cccc(F)c2n(C)c1=O,0.326540669,train,butina,20,,,,
Cn1cc(-c2cn3nccc3c(-c3cnn([C@]4(CC#N)C[C@@H](C#N)C4)c3)n2)cn1,1.364100521,train,butina,20,,,,
O=C(Nc1cccnc1)c1ccnc(NC(=O)C2CC2)c1,1.615287063,train,butina,20,,,,
N#CC[C@H](C1CCCC1)n1cc(-c2ncnc3[nH]ccc23)cn1,1.244598701,train,butina,20,,,,
CC(C)(C)c1ccc(-c2nc3n(c(=O)c2C#N)CCS3)cc1,0.455758203,train,butina,20,,,,
C=CC(=O)Nc1cccc(Oc2nc(Nc3ccc(N4CCN(C)CC4)cc3)nc3ccsc23)c1,-0.308918508,train,butina,20,,,,
CC#CC(=O)N1CC[C@@H](n2cc(-c3ccc(Oc4c(F)cccc4F)cc3)c3c(N)n[nH]c(=O)c32)C1,-0.029188389,train,butina,20,,,,
C=CC(=O)Nc1cccc(Oc2nc(Nc3ccc(N4CCN(C)CC4)c(F)c3)nc3[nH]ccc23)c1,-0.139063379,train,butina,20,,,,
C[C@@H]1c2nnn(-c3ncc(F)cn3)c2CCN1C(=O)c1cccc(C(F)(F)F)c1Cl,1.240049772,train,butina,20,,,,
COc1ccccc1-c1cc(NC(=O)c2cccc(N3CCNC3=O)c2)[nH]n1,-0.742321425,train,butina,20,,,,
Nc1ncc(-c2cccc(C(F)(F)F)c2)c(C2CCCCN2C(=O)c2ccccc2)n1,0.137354111,train,butina,20,,,,
O=C(Nc1cccc(-c2nncn2C2CC2)c1)c1cc(-n2cnc(C3CC3)c2)ccn1,0.611935625,train,butina,20,,,,
Fc1ccccc1-c1c[nH]nc1C1CCCN1Cc1ccc2ncccc2c1,0.460897843,train,butina,20,,,,
Cc1nccc(-c2cn(Cc3ccccc3)c3cnccc23)n1,1.207445854,train,butina,20,,,,
CCc1nc(C)cn2nc(-c3cc(=O)n4cc(C5CCN(C)CC5)cc(C)c4n3)cc12,0.593618308,train,butina,20,,,,
Cc1nnc(CN(C)CC(C)Oc2ccc(Cl)c(Cl)c2)n1C,1.114444172,train,butina,20,,,,
COc1nn(C)cc1C(=O)Nc1cccc(-c2cnc3n2CCC3)c1,0.685562611,train,butina,20,,,,
COc1cc(F)ccc1-c1ncnc(Nc2cccc(C[S@@](C)(=N)=O)c2)n1,1.574609941,train,butina,20,,,,
Cc1ncc(CN2CC[C@@H](Nc3cncc(Cl)n3)[C@@H](C)C2)s1,1.264227348,train,butina,20,,,,
CCc1nc2c(C)cc(N3CCN(CC(=O)N4CC(O)C4)CC3)cn2c1N(C)c1nc(-c2ccc(F)cc2)c(C#N)s1,-0.434152181,train,butina,20,,,,
C[C@@H]1CCN(C(=O)CC#N)C[C@@H]1N(C)c1ncnc2[nH]ccc12,1.747124255,train,butina,20,,,,
CC(=O)Nc1ccc(C(=O)N2CCCCC2c2nc(N)ncc2-c2ccc(Cl)cc2)cc1,0.549861188,train,butina,20,,,,
CC(=O)Nc1ccc(C(=O)N2CCCCC2c2nc(N)ncc2-c2cccc(Cl)c2)cc1,0.584331224,train,butina,20,,,,
O=C1CN(c2ccc(Nc3nccc(C(F)(F)F)n3)cn2)CCN1,1.433497815,train,butina,20,,,,
O=C1NCCN(C(=O)c2ccc3nccn3c2)C1c1ccccc1C(F)(F)F,1.801527189,train,butina,20,,,,
Cc1cc(F)ccc1C1C(=O)NCCN1C(=O)c1ccc2nccn2c1,1.950724994,train,butina,20,,,,
O=C1NCCN(C(=O)c2ccncc2)C1c1ccccc1Cl,1.868168158,train,butina,20,,,,
C[C@H]1CN(C(=O)CC(c2ccccc2)c2ccccc2)C[C@@H](C)O1,0.718335579,train,butina,20,,,,
CC(C)(C)C(=O)N1CCC(Cc2ccc(-c3cccs3)cc2)(C(=O)N2CCCC2)CC1,0.008174184,train,butina,20,,,,
Cc1ncsc1C(=O)N1CCCCC1c1nc(N(C)C)ncc1-c1cccc(Cl)c1,0.021602716,train,butina,20,,,,
OCC1CCCCN1Cc1ccc(Cl)c(Cl)c1,1.484982782,train,butina,20,,,,
CC(=O)N1CCN(c2nc(C(F)(F)F)nc3sc(C)c(C)c23)CC1,0.624282096,train,butina,20,,,,
c1ccc(Oc2cccc(CN(CCN3CCOCC3)Cc3cccnc3)c2)cc1,0.142389466,train,butina,20,,,,
COc1ccc([C@H]2CN(C(C)=O)[C@@H]3CCCN(Cc4cccc(F)c4)[C@H]23)cc1,0.594060901,train,butina,20,,,,
OCC1CCCCN1Cc1ccc(-c2ccccc2)cc1,1.394924244,train,butina,20,,,,
Nc1ncc(C(=O)NC2CN(C(=O)C3CC3)C2)c2ccc(-c3cccc(F)c3)nc12,0.38219721,train,butina,20,,,,
CC1(C)CC(Oc2ccc(-c3ccc(-c4cn[nH]c4)cc3O)nn2)CC(C)(C)N1,1.241969612,train,butina,20,,,,
Cc1nnc(-c2ccc3occ(-c4ccc(S(C)=O)cc4)c3c2)o1,1.077985291,train,butina,20,,,,
Cc1ncsc1C(=O)N1CCCCC1c1nc(N)ncc1-c1cccc(C(F)(F)F)c1,0.86254877,train,butina,20,,,,
O=C(Nc1ccc2ccccc2n1)c1ccc(N2CCOC2=O)cc1,0.069298012,train,butina,20,,,,
O=S(=O)(c1cccc2cnccc12)N1CCCNCC1,1.844321821,train,butina,20,,,,
C=CC(=O)Nc1cccc(Oc2nc(Nc3ccc(N4CCN(C)CC4)cc3)nc3ccoc23)c1,-0.208309351,train,butina,20,,,,
CCN1CCN(S(=O)(=O)Cc2ccc(Cl)c(Cl)c2)CC1,1.071845201,train,butina,20,,,,
O=C(Nc1nc2cccc(-c3ccc(CN4CCS(=O)(=O)CC4)cc3)n2n1)C1CC1,1.601853652,train,butina,20,,,,
CCn1c(CO)nn(-c2cc(O[C@@H](C)C(F)(F)F)c(C(=O)Nc3c(F)cccc3Cl)cc2F)c1=O,0.876910311,train,butina,20,,,,
CCN(C/C=C\c1ccc(C2CCCCC2)c(Cl)c1)C1CCCCC1,-0.266802735,train,butina,20,,,,
CC/C(=C(\c1ccccc1)c1ccc(OCCN(C)C)cc1)c1ccccc1,-0.341988603,train,butina,20,,,,
COc1nn(C)cc1C(=O)Nc1cccc2cnccc12,1.58945809,train,butina,20,,,,
CNC(=O)C1(Cc2ccc(-c3ccncc3)cc2)CCN(Cc2cccc(F)c2)C1,0.715167358,train,butina,20,,,,
Cc1ncc(CN2CCC(Nc3ccc4nnnn4n3)C(C)C2)s1,1.579154557,train,butina,20,,,,
Cc1nc(Nc2nccs2)cc(C2CN(c3ncccn3)C2)n1,0.374565061,train,butina,20,,,,
Cc1noc(C(C)C)c1C(=O)N1CC(C)OC(c2ccccc2)C1,1.111934276,train,butina,20,,,,
CN(Cc1ccccc1)C1(C(=O)N2CCNC(=O)CC2)Cc2ccccc2C1,0.912806393,train,butina,20,,,,
Cc1c(F)cccc1NC(=O)CN1[C@H]2CCCC(=O)N[C@@]2(C)C[C@H]1Cc1ccccc1,0.925312092,train,butina,20,,,,
CCC1=C(C)CN(C(=O)NCCc2ccc(S(=O)(=O)NC(=O)N[C@H]3CC[C@H](C)CC3)cc2)C1=O,-1.638272164,train,butina,20,,,,
O=S(=O)(c1cccc2c(O)nccc12)N1CCCNCC1,1.990813743,train,butina,20,,,,
Cc1ccc(NC(=O)CN2[C@H]3CCCC(=O)N[C@@]3(C)C[C@H]2Cc2ccccc2)cc1F,0.360971884,train,butina,20,,,,
COCC(=O)N1CCC(Cc2ccccc2-c2cccc(F)c2)(C(=O)NC(C)C)CC1,1.076967952,train,butina,20,,,,
Cc1cnc(C(=O)NCCc2ccc(S(=O)(=O)NC(=O)NC3CCCCC3)cc2)cn1,-0.204119983,train,butina,20,,,,
CNC(=O)C1(Cc2ccc(-c3cccnc3)cc2)CCN(Cc2ccc(F)cc2)C1,0.918868743,train,butina,20,,,,
CNC(=O)C1(Cc2ccc(-c3cccnc3)cc2)CCN(Cc2cccc(F)c2)C1,0.531095547,train,butina,20,,,,
CC(=O)Nc1ncc(CN2CCCC[C@@H]2C)s1,1.923109252,train,butina,20,,,,
CCOc1cc(CC(=O)N[C@@H](CC(C)C)c2ccccc2N2CCCCC2)ccc1C(=O)O,-0.063486258,train,butina,20,,,,
CC(O)(C#Cc1ccc2c(c1)N(c1nc(N)ncc1Cl)CC2)c1nccs1,0.275311355,train,butina,20,,,,
COCCc1noc(CN2CC(c3ccccc3)(c3ccccc3)CCC2=O)n1,1.25166255,train,butina,20,,,,
Cc1[nH]nc2c1C1(CCCCC1)CC(=O)N2,1.284633733,train,butina,20,,,,
Cc1oc2ccccc2c1CNc1nnc(-c2ccncc2)o1,-0.172630727,train,butina,20,,,,
C[C@@H]1Cc2ccccc2N1C(=O)Cn1nc(-c2cccc3ncccc23)oc1=O,0.360404055,train,butina,20,,,,
O=C(Nc1cnccc1-c1ccc(Cl)cc1)c1ccnc(NC(=O)C2CC2)c1,0.847634344,train,butina,20,,,,
CN1C(N)=N[C@](C)(c2cc(NC(=O)c3ccc(F)cn3)ccc2F)CS1(=O)=O,1.491417728,train,butina,20,,,,
CC1CN(C(=O)c2cccnc2N2CCOCC2)CC(c2ccccc2)O1,1.555686814,train,butina,20,,,,
CCCCNC(=O)NS(=O)(=O)c1ccc(C)cc1,0.440121603,train,butina,20,,,,
Cc1cc(Nc2cnccn2)cc(C2CCCN(CC(=O)N3CCCC3)C2)n1,1.632416797,train,butina,20,,,,
Cc1cccnc1Nc1cccc(C2CCCN(CC(=O)Nc3nccs3)C2)n1,0.637289548,train,butina,20,,,,
CN1CCN(S(=O)(=O)c2ccc(-c3cnc(N)c(C(=O)Nc4cccnc4)n3)cc2)CC1,0.915558115,train,butina,20,,,,
CNC(=O)C1(Cc2ccc(-c3cccnc3)cc2)CCN(Cc2ccccc2Cl)C1,0.273695588,train,butina,20,,,,
Cc1cc(N2CCCC2c2cc(CCC(=O)O)cc(C)n2)ncn1,2.0,train,butina,20,,,,
CCCNC(=O)NS(=O)(=O)c1ccc(Cl)cc1,0.628286731,train,butina,20,,,,
COCCNC(=O)c1ccnc(C2CCNCC2)c1,2.0,train,butina,20,,,,
CC1(CNC(=O)c2cncc(C3CCNCC3)n2)CCCO1,1.960042456,train,butina,20,,,,
Cc1cc(N2CCCC2)nc(C2CCCN(C)C2)n1,1.861522463,train,butina,20,,,,
O=C1NCCSc2c1sc1ccc(O)cc21,1.164679941,train,butina,20,,,,
CCn1cc(C(=O)O)c(=O)c2c(N)c(F)c(NC3CCCCC3)cc21,0.426673888,train,butina,20,,,,
CC(CCc1ccccc1)NCC(O)c1ccc(O)c(C(N)=O)c1,1.65850745,train,butina,20,,,,
CC1(C)Cc2cc(NC(=O)c3cnn4cccnc34)c(OCC3CC3)nc2O1,0.38219721,train,butina,20,,,,
N#Cc1cc(F)c(NS(=O)(=O)c2c[nH]c3cc(Cl)ccc23)cc1F,-0.251811973,train,butina,20,,,,
CC(C)CC(NC(=O)C(O)C(N)Cc1ccccc1)C(=O)O,1.54052968,train,butina,20,,,,
COc1cc(Cc2cnc(N)nc2N)cc(OC)c1OC,1.855513099,train,butina,20,,,,
CC(C(=O)O)c1cccc(C(=O)c2ccccc2)c1,0.047274867,train,butina,20,,,,
Nc1nc(=O)c2ncn(COCCO)c2[nH]1,1.850860573,train,butina,20,,,,
NCCCC[C@H](N[C@@H](CCc1ccccc1)C(=O)O)C(=O)N1CCC[C@H]1C(=O)O,2.0,train,butina,20,,,,
CCCc1nc2nc(C)c(NS(=O)(=O)c3ccc(C4CCCCC4)cc3)c(O)n2n1,-0.137272472,train,butina,20,,,,
COc1ccc([C@H]2c3[nH]c4ccc(Cl)cc4c3CCN2C(=O)Oc2ccc(Cl)cc2)cc1,1.754608223,train,butina,20,,,,
NC(=O)C1(Cc2ccc(-c3ccncc3)cc2)CCN(C(=O)Cc2cccc(F)c2)CC1,1.058463986,train,butina,20,,,,
CC(=O)Nc1ccc(O)cc1,1.916985305,train,butina,20,,,,
O=C(NC1CCNCC1)c1ccc2[nH]ncc2c1,1.92695435,train,butina,20,,,,
Cc1cccc(/C=N/Nc2cc(N3CCOCC3)nc(OCCc3ccccn3)n2)c1,-0.27572413,train,butina,20,,,,
CCn1c(=O)oc2cc(NC(=O)c3ccc(C(C)(C)C)cc3)ccc21,0.180412633,train,butina,20,,,,
COc1ccc(OC[C@@H]2c3cc(OC)c(OC)cc3CCN2C(=O)c2cccc(Cl)c2)cc1,0.232233521,train,butina,20,,,,
N#Cc1ccc(COc2cccc(C3CCN(Cc4nc5ccc(C(=O)O)cc5n4C[C@@H]4CCO4)CC3)n2)c(F)c1,0.312177356,train,butina,20,,,,
CC(C)[C@H](CO)Nc1nc(Nc2cc(N)cc(Cl)c2)c2ncn(C(C)C)c2n1,-0.099086932,train,butina,20,,,,
O=C(NC1CCNCC1)c1ccc2cn[nH]c2c1,1.70808081,train,butina,20,,,,
CC(C)(C)OC(=O)N1CCCC1C(=O)N1CCC(C(=O)N[C@@H](Cc2c[nH]c3ccccc23)C(=O)O)CC1,1.842553077,train,butina,20,,,,
O=C(Nc1cccc2c(=O)cc(-c3nnn[nH]3)oc12)c1ccc(OCCCCc2ccccc2)cc1,0.77224834,train,butina,20,,,,
CC(=O)Nc1ncc(C(=O)O)s1,1.854123782,train,butina,20,,,,
Cc1cccc(-c2nc(C34CCC(C(N)=O)(CC3)CC4)[nH]c2-c2ccc3c(c2)OCO3)n1,0.21031852,train,butina,20,,,,
COc1cc2nc(-c3cc(F)ccc3O)nc(N[C@@H]3CNC[C@H]3C(C)(C)O)c2cc1OC.Cl,-0.823908741,train,butina,20,,,,
CC(C)[C@@](C)(O)[C@@H]1CN(c2nc(-c3n[nH]c4ncccc34)c(F)cc2Cl)CCN1,0.622421274,train,butina,20,,,,
CC(C)NCC(O)COc1cccc2ccccc12,1.347759218,test,butina,20,0.9979602358199999,1.0744009233400005,1.20204751773,1.33572952048
C=CC(=O)N1CCC[C@@H](n2nc(-c3ccc(Oc4ccccc4)cc3)c3c(N)ncnc32)C1,-0.35853,test,butina,20,0.6127426773900004,0.34270142899999995,0.14666178614000003,0.23609105346999976
COc1ccc(S(=O)(=O)N2CCC(N3CCC(C)CC3)CC2)cc1,1.626076768,test,butina,20,1.0566118745200013,1.1384611423400002,0.8354756172300002,1.4826108324200005
CCCc1cc(N2CCc3c(nc(C4CC4)n3C)C2)n2ncnc2n1,1.388207807,test,butina,20,1.2331061948800006,1.1240400568800002,0.9154990966000003,1.1974016924800002
[2H]C([2H])([2H])NC(=O)c1nnc(NC(=O)C2CC2)cc1Nc1cccc(-c2ncn(C)n2)c1OC,1.236577565,test,butina,20,0.9120194750299997,0.45387076633999984,0.5865954833499996,0.7721332074500001
C=CC(=O)N1CCC(CNc2ncnc(N)c2-c2ccc(Oc3ccccc3)cc2)CC1,0.901294817,test,butina,20,0.5810618907600004,0.12592910746,0.3335703355399998,0.03245058128
Nc1n[nH]cc1-c1cc(Cl)ccc1Oc1cc(F)c(S(=O)(=O)Nc2cscn2)cc1Cl,-0.08249449,test,butina,20,0.44451224044,0.27414938594999994,0.3747718021599999,-0.15841858652000007
O=C(c1ccc(Oc2ccccc2)cc1Cl)c1c[nH]c2ncnc(N[C@@H]3CC[C@@H](CO)OC3)c12,-0.295849483,test,butina,20,1.1055066848900004,0.31103664075999987,0.49418958667000007,0.2415437093999999
CC#CC(=O)N1CC[C@@H](n2c(=O)n(-c3ccc(Oc4ccccc4)cc3)c3c(N)ncnc32)C1,0.669595781,test,butina,20,0.62538583087,0.26568445377999994,0.2887065677399999,0.6277391545300002
C=CC(=O)N1CCC([C@@H]2CCNc3c(C(N)=O)c(-c4ccc(Oc5ccccc5)cc4)nn32)CC1,0.231979027,test,butina,20,0.7310154580300003,0.2828980468799999,0.3152008868,0.13357868685999996
C=CC(=O)N1CCC[C@H](n2c(=O)n(-c3ccc(Oc4ccccc4)cc3)c3c(N)ncnc32)C1,0.276231958,test,butina,20,0.62449012623,0.2704655463199999,0.25298832025999995,0.13254077147000007
CC(C)(C=C(C#N)C(=O)N1CCC[C@@H](n2nc(-c3ccc(Oc4ccccc4)cc3F)c3c(N)ncnc32)C1)N1CCN(C2COC2)CC1,0.123198075,test,butina,20,0.39270052832999985,0.08351685274999998,0.14301417892,0.12944413716
Cc1c(Cl)ccc2cc3n(c12)[C@@H](C)CNC3=O,0.696793085,test,butina,20,1.092331232220001,1.1870841375600008,0.5658869437,1.0355869894300005
Nc1ncnc2c1c(-c1ccc(Oc3ccccc3)cc1)nn2[C@@H]1CCCNC1,0.846275242,test,butina,20,0.8937624685899999,0.35956830658,0.44385046703000014,0.24715942242999994
Cc1ccc(C(=O)N2CCC(Cc3ccccc3-c3ccccc3)(C(=O)N(C)C)CC2)s1,-0.590066877,test,butina,20,0.9901077226399999,0.44271612600000004,0.48110522739999984,0.3915632823699999
CN(C)C(=O)C1(Cc2ccccc2-c2ccccc2)CCN(C(=O)C2CCCO2)CC1,1.265713811,test,butina,20,0.8815140162400001,0.6038755964499999,0.8286447083600003,0.8549919141799998
CN1[C@H]2CC[C@@H]1C[C@@H](OC(c1ccccc1)c1ccccc1)C2,1.180842415,test,butina,20,1.2390128168800008,0.7925026771900001,0.35028268504000004,0.8267653404399998
OC[C@H](Nc1cncc(-c2ccc3[nH]ncc3n2)c1)c1ccccc1,1.024690862,test,butina,20,0.8105619276800001,0.8657113146400003,0.8298691208000002,0.5846843925000003
COc1ccccc1C(=O)Nc1ccc2cc[nH]c2c1,0.571825249,test,butina,20,1.1059758087699998,0.8492480930599997,0.4014173782599999,0.6727823022200002
Cc1c(C(=O)NCCCN(C)C)sc2ncnc(Nc3ccc(F)cc3OC(C)C)c12,0.966376423,test,butina,20,1.0840457040700004,-0.053114049359999936,0.21107855361999994,0.13743206764
O=C(CCNC(=O)c1ccc(OC(F)(F)F)cc1)N[C@@H]1CCCc2ccccc21,0.630427875,test,butina,20,0.7014543353600001,0.4682630173699999,0.7440005380499999,0.43560967392
NCCN1CCN(C/C=C/C(=O)N2CCC[C@@H](n3nc(-c4ccc(Oc5ccccc5)cc4)c4c(N)ncnc43)C2)CC1,0.686814955,test,butina,20,0.7715569627799996,0.22991762115999992,0.2699988563799999,-0.028371770159999966
Cn1c(C2CC2)nc2c1CCN(c1ncnc3ccsc13)C2,1.192985379,test,butina,20,0.9732029790000007,1.1198420972600007,0.7986835288400002,1.01609156883
COc1ccc(Nc2c(C#N)cnc3cc(OC)c(OC)cc23)cc1Cl,0.115943177,test,butina,20,0.7561773746900002,0.44347372893,0.44971108285999983,0.3359422139099998
COc1ccc(CCCN2CCN(c3cnn(C)c3)C(=O)C2)cc1F,1.308414999,test,butina,20,1.0833243244200006,1.2676587691300005,0.7549142666700002,1.5264194441299992
CN(C)C(=O)C1(Cc2ccccc2-c2cccc(F)c2)CCN(C(=O)C2CC=CCC2)CC1,0.142702246,test,butina,20,0.13326507215000005,0.48575847188000004,0.6878233257499996,0.47676871240999985
COc1ccc(CNC(=O)c2sc3nc(C)cc(C)c3c2N)cc1,-0.18243463,test,butina,20,0.868913985840001,0.7238078639900003,0.34931068131999987,0.46573354177000015
C#C[C@@](C)(CC)NC(=O)c1cc(F)cnc1NC1CC(F)(F)C1,0.850278553,test,butina,20,0.9075641294100005,1.0575904726800005,0.6620023839400002,0.9558493357600003
Cn1cc(Nc2nc(N)nc(-c3cccc(-n4ccc5cc(C6CC6)cc(F)c5c4=O)c3CO)n2)cn1,0.581038949,test,butina,20,0.9006748494200001,0.30705507460999987,0.3717070953,0.21357302554999996
O=C1CCCC[C@@H]2[C@H](C[C@@H](Cc3ccccc3F)N2C(=O)c2cccc3ncccc23)N1,1.348966512,test,butina,20,0.16765039198999998,0.5959428966799999,1.0112032319200002,0.6284180576199997
O=C(Nc1cccc2ncccc12)[C@H]1CCCN(S(=O)(=O)c2ccccc2)C1,1.091666958,test,butina,20,0.8880006356300001,0.7975315016099996,1.13978582472,0.5088228677200002
Nc1ncnc2c1c(-c1cnc3[nH]ccc3c1)nn2C1CCCC1,0.780605306,test,butina,20,1.3058970312600002,0.8520419926700002,0.5899148772800001,0.6655901161500001
CN(C)C(=O)C1(Cc2ccccc2-c2ccccc2)CCN(C(=O)c2cnn(C)c2)CC1,1.146840934,test,butina,20,0.9755690011200002,0.66786489779,0.70452132884,0.7730692996800002
CC1(C)CC(=O)C2=C(C1)NC(=O)CC2c1ccc(Br)cc1,0.944630702,test,butina,20,1.2923282103600007,0.9347661767300005,0.7750860399999999,0.7468573222700006
O=C(CN1CCCC(c2cccc(Cc3cccc(F)c3)n2)C1)N1CCCC1,0.953856298,test,butina,20,0.8940300352400001,1.1145816453500008,1.0730201399400003,0.7037542618499999
COc1cc2ncnc(Nc3cccc(O)c3)c2cc1OC,0.650307523,test,butina,20,0.58676575695,0.8969646907200003,0.5319795637399999,0.7472928043800002
Cc1cc(C)c2c(N)c(C(=O)NCc3ccc(Cl)cc3)sc2n1,-0.185752404,test,butina,20,1.1339733942600008,0.7115684550700001,0.3535713609300001,0.43420269829000036
COc1nc2sc(C(=O)NC3CC3)c(N)c2c(C)c1Cl,0.452093249,test,butina,20,1.2387018929400009,0.8078684210900005,0.5860438985700002,1.2048033044900004
COc1cc2nc(N3CCN(C(=O)c4ccco4)CC3)nc(N)c2cc1OC,1.371880249,test,butina,20,0.66295393643,0.8382188573900002,0.9097814507499998,0.8376494022100003
COCCc1ccc(OCC(O)CNC(C)C)cc1,2.0,test,butina,20,1.0013363229400007,1.3081061460900005,1.5176507774200005,1.5884773349800005
COc1cc2c(cc1OC)CN(CCc1ccc(NC(=O)c3cccc4c(O)c5cccc(OC)c5nc34)cc1)CC2,-1.292429824,test,butina,20,0.69184671283,0.11012199643000002,0.4109617997999998,-0.022551656429999994
C=CCc1ccccc1OCC(O)CNC(C)C,1.496029699,test,butina,20,1.2489506881500005,1.1525268918600005,0.9922096930700002,1.5571388997100002
CNc1cc(Nc2cccn(-c3ccccn3)c2=O)nn2c(C(=O)N[C@@H]3C[C@@H]3F)cnc12,0.51851394,train,butina,21,,,,
CCOc1cc2nn(CCC(C)(C)O)cc2cc1NC(=O)c1cccc(C(F)F)n1,0.268343914,train,butina,21,,,,
CC(C)(Oc1ccc(-c2cnc(N)c(-c3ccc(Cl)cc3)c2)cc1)C(=O)O,-1.403402904,train,butina,21,,,,
CC(C)(O)CCn1cc2cc(NC(=O)c3cccc(C(F)(F)F)n3)c(C(C)(C)O)cc2n1,1.092264361,train,butina,21,,,,
CC#CC(=O)N[C@H]1CCCN(c2c(F)cc(C(N)=O)c3[nH]c(C)c(C)c23)C1,-0.639532816,train,butina,21,,,,
CC(C)NCC(O)COc1cccc2ccccc12,1.347759218,train,butina,21,,,,
COc1ccc(Cl)cc1C(=O)NCCc1ccc(S(=O)(=O)NC(=O)NC2CCCCC2)cc1,-0.943095149,train,butina,21,,,,
C=CC(=O)N1CCC[C@@H](n2nc(-c3ccc(Oc4ccccc4)cc3)c3c(N)ncnc32)C1,-0.35853,train,butina,21,,,,
CC(C)NC(=O)COc1cccc(-c2nc(Nc3ccc4[nH]ncc4c3)c3ccccc3n2)c1,-0.504455662,train,butina,21,,,,
CCS(=O)(=O)N1CC(CC#N)(n2cc(-c3ncnc4[nH]ccc34)cn2)C1,2.0,train,butina,21,,,,
COc1ccc(S(=O)(=O)N2CCC(N3CCC(C)CC3)CC2)cc1,1.626076768,train,butina,21,,,,
CCn1c(-c2nonc2N)nc2cnc(Oc3cccc(NC(=O)c4ccc(OCCN5CCOCC5)cc4)c3)cc21,-0.325138859,train,butina,21,,,,
Cc1c[nH]c2nccc(Oc3c(F)cc(Nc4cc(Cl)nc(N)n4)cc3F)c12,-0.68613278,train,butina,21,,,,
COc1cc2c(cc1OC)CC(=O)N(CCCN(C)C[C@H]1Cc3cc(OC)c(OC)cc31)CC2,1.615139594,train,butina,21,,,,
N#Cc1ccc2[nH]c(O)c(-c3ccc(CN4CCOCC4)cn3)c2c1,1.072507236,train,butina,21,,,,
CCCc1cc(N2CCc3c(nc(C4CC4)n3C)C2)n2ncnc2n1,1.388207807,train,butina,21,,,,
Fc1ccc(-c2ccc3c(c2)[nH]c2ccncc23)cn1,0.640978057,train,butina,21,,,,
Nc1c(F)ccc2cnc(-n3ccc4ccncc43)cc12,0.631443769,train,butina,21,,,,
C=CC(=O)N1C[C@H](Nc2ncnc3[nH]ccc23)CC[C@@H]1C,1.74597993,train,butina,21,,,,
Cn1cc(Nc2nccc(N3CC4CCC(C3)N4C(=O)[C@@H]3CC3(F)F)n2)cn1,1.786412441,train,butina,21,,,,
[2H]C([2H])([2H])NC(=O)c1nnc(NC(=O)C2CC2)cc1Nc1cccc(-c2ncn(C)n2)c1OC,1.236577565,train,butina,21,,,,
C=CC(=O)N1CCC(CNc2ncnc(N)c2-c2ccc(Oc3ccccc3)cc2)CC1,0.901294817,train,butina,21,,,,
Nc1n[nH]cc1-c1cc(Cl)ccc1Oc1cc(F)c(S(=O)(=O)Nc2cscn2)cc1Cl,-0.08249449,train,butina,21,,,,
Cc1c(-c2c(F)cc(C(N)=O)c3[nH]c4c(c23)CC[C@H](C(C)(C)O)C4)cccc1-n1c(=O)c2cccc(F)c2n(C)c1=O,0.326540669,train,butina,21,,,,
Cn1cc(-c2cn3nccc3c(-c3cnn([C@]4(CC#N)C[C@@H](C#N)C4)c3)n2)cn1,1.364100521,train,butina,21,,,,
O=C(Nc1cccnc1)c1ccnc(NC(=O)C2CC2)c1,1.615287063,train,butina,21,,,,
O=C(c1ccc(Oc2ccccc2)cc1Cl)c1c[nH]c2ncnc(N[C@@H]3CC[C@@H](CO)OC3)c12,-0.295849483,train,butina,21,,,,
N#CC[C@H](C1CCCC1)n1cc(-c2ncnc3[nH]ccc23)cn1,1.244598701,train,butina,21,,,,
C=CC(=O)Nc1cccc(Oc2nc(Nc3ccc(N4CCN(C)CC4)cc3)nc3ccsc23)c1,-0.308918508,train,butina,21,,,,
CC#CC(=O)N1CC[C@@H](n2c(=O)n(-c3ccc(Oc4ccccc4)cc3)c3c(N)ncnc32)C1,0.669595781,train,butina,21,,,,
C=CC(=O)N1CCC([C@@H]2CCNc3c(C(N)=O)c(-c4ccc(Oc5ccccc5)cc4)nn32)CC1,0.231979027,train,butina,21,,,,
C=CC(=O)N1CCC[C@H](n2c(=O)n(-c3ccc(Oc4ccccc4)cc3)c3c(N)ncnc32)C1,0.276231958,train,butina,21,,,,
CC(C)(C=C(C#N)C(=O)N1CCC[C@@H](n2nc(-c3ccc(Oc4ccccc4)cc3F)c3c(N)ncnc32)C1)N1CCN(C2COC2)CC1,0.123198075,train,butina,21,,,,
CC#CC(=O)N1CC[C@@H](n2cc(-c3ccc(Oc4c(F)cccc4F)cc3)c3c(N)n[nH]c(=O)c32)C1,-0.029188389,train,butina,21,,,,
C=CC(=O)Nc1cccc(Oc2nc(Nc3ccc(N4CCN(C)CC4)c(F)c3)nc3[nH]ccc23)c1,-0.139063379,train,butina,21,,,,
Nc1ncc(-c2cccc(C(F)(F)F)c2)c(C2CCCCN2C(=O)c2ccccc2)n1,0.137354111,train,butina,21,,,,
O=C(Nc1cccc(-c2nncn2C2CC2)c1)c1cc(-n2cnc(C3CC3)c2)ccn1,0.611935625,train,butina,21,,,,
Fc1ccccc1-c1c[nH]nc1C1CCCN1Cc1ccc2ncccc2c1,0.460897843,train,butina,21,,,,
Cc1nccc(-c2cn(Cc3ccccc3)c3cnccc23)n1,1.207445854,train,butina,21,,,,
Cc1c(Cl)ccc2cc3n(c12)[C@@H](C)CNC3=O,0.696793085,train,butina,21,,,,
Nc1ncnc2c1c(-c1ccc(Oc3ccccc3)cc1)nn2[C@@H]1CCCNC1,0.846275242,train,butina,21,,,,
Cc1nnc(CN(C)CC(C)Oc2ccc(Cl)c(Cl)c2)n1C,1.114444172,train,butina,21,,,,
COc1nn(C)cc1C(=O)Nc1cccc(-c2cnc3n2CCC3)c1,0.685562611,train,butina,21,,,,
COc1cc(F)ccc1-c1ncnc(Nc2cccc(C[S@@](C)(=N)=O)c2)n1,1.574609941,train,butina,21,,,,
Cc1ncc(CN2CC[C@@H](Nc3cncc(Cl)n3)[C@@H](C)C2)s1,1.264227348,train,butina,21,,,,
Cc1ccc(C(=O)N2CCC(Cc3ccccc3-c3ccccc3)(C(=O)N(C)C)CC2)s1,-0.590066877,train,butina,21,,,,
CCc1nc2c(C)cc(N3CCN(CC(=O)N4CC(O)C4)CC3)cn2c1N(C)c1nc(-c2ccc(F)cc2)c(C#N)s1,-0.434152181,train,butina,21,,,,
C[C@@H]1CCN(C(=O)CC#N)C[C@@H]1N(C)c1ncnc2[nH]ccc12,1.747124255,train,butina,21,,,,
CN(C)C(=O)C1(Cc2ccccc2-c2ccccc2)CCN(C(=O)C2CCCO2)CC1,1.265713811,train,butina,21,,,,
CC(=O)Nc1ccc(C(=O)N2CCCCC2c2nc(N)ncc2-c2ccc(Cl)cc2)cc1,0.549861188,train,butina,21,,,,
CC(=O)Nc1ccc(C(=O)N2CCCCC2c2nc(N)ncc2-c2cccc(Cl)c2)cc1,0.584331224,train,butina,21,,,,
O=C1NCCN(C(=O)c2ccc3nccn3c2)C1c1ccccc1C(F)(F)F,1.801527189,train,butina,21,,,,
Cc1cc(F)ccc1C1C(=O)NCCN1C(=O)c1ccc2nccn2c1,1.950724994,train,butina,21,,,,
O=C1NCCN(C(=O)c2ccncc2)C1c1ccccc1Cl,1.868168158,train,butina,21,,,,
CN1[C@H]2CC[C@@H]1C[C@@H](OC(c1ccccc1)c1ccccc1)C2,1.180842415,train,butina,21,,,,
CC(C)(C)C(=O)N1CCC(Cc2ccc(-c3cccs3)cc2)(C(=O)N2CCCC2)CC1,0.008174184,train,butina,21,,,,
OC[C@H](Nc1cncc(-c2ccc3[nH]ncc3n2)c1)c1ccccc1,1.024690862,train,butina,21,,,,
Cc1ncsc1C(=O)N1CCCCC1c1nc(N(C)C)ncc1-c1cccc(Cl)c1,0.021602716,train,butina,21,,,,
CC(=O)N1CCN(c2nc(C(F)(F)F)nc3sc(C)c(C)c23)CC1,0.624282096,train,butina,21,,,,
COc1ccccc1C(=O)Nc1ccc2cc[nH]c2c1,0.571825249,train,butina,21,,,,
c1ccc(Oc2cccc(CN(CCN3CCOCC3)Cc3cccnc3)c2)cc1,0.142389466,train,butina,21,,,,
COc1ccc([C@H]2CN(C(C)=O)[C@@H]3CCCN(Cc4cccc(F)c4)[C@H]23)cc1,0.594060901,train,butina,21,,,,
Cc1c(C(=O)NCCCN(C)C)sc2ncnc(Nc3ccc(F)cc3OC(C)C)c12,0.966376423,train,butina,21,,,,
Nc1ncc(C(=O)NC2CN(C(=O)C3CC3)C2)c2ccc(-c3cccc(F)c3)nc12,0.38219721,train,butina,21,,,,
Cc1nnc(-c2ccc3occ(-c4ccc(S(C)=O)cc4)c3c2)o1,1.077985291,train,butina,21,,,,
Cc1ncsc1C(=O)N1CCCCC1c1nc(N)ncc1-c1cccc(C(F)(F)F)c1,0.86254877,train,butina,21,,,,
O=C(CCNC(=O)c1ccc(OC(F)(F)F)cc1)N[C@@H]1CCCc2ccccc21,0.630427875,train,butina,21,,,,
O=S(=O)(c1cccc2cnccc12)N1CCCNCC1,1.844321821,train,butina,21,,,,
C=CC(=O)Nc1cccc(Oc2nc(Nc3ccc(N4CCN(C)CC4)cc3)nc3ccoc23)c1,-0.208309351,train,butina,21,,,,
O=C(Nc1nc2cccc(-c3ccc(CN4CCS(=O)(=O)CC4)cc3)n2n1)C1CC1,1.601853652,train,butina,21,,,,
CCn1c(CO)nn(-c2cc(O[C@@H](C)C(F)(F)F)c(C(=O)Nc3c(F)cccc3Cl)cc2F)c1=O,0.876910311,train,butina,21,,,,
NCCN1CCN(C/C=C/C(=O)N2CCC[C@@H](n3nc(-c4ccc(Oc5ccccc5)cc4)c4c(N)ncnc43)C2)CC1,0.686814955,train,butina,21,,,,
Cn1c(C2CC2)nc2c1CCN(c1ncnc3ccsc13)C2,1.192985379,train,butina,21,,,,
CC/C(=C(\c1ccccc1)c1ccc(OCCN(C)C)cc1)c1ccccc1,-0.341988603,train,butina,21,,,,
COc1nn(C)cc1C(=O)Nc1cccc2cnccc12,1.58945809,train,butina,21,,,,
CNC(=O)C1(Cc2ccc(-c3ccncc3)cc2)CCN(Cc2cccc(F)c2)C1,0.715167358,train,butina,21,,,,
Cc1ncc(CN2CCC(Nc3ccc4nnnn4n3)C(C)C2)s1,1.579154557,train,butina,21,,,,
Cc1nc(Nc2nccs2)cc(C2CN(c3ncccn3)C2)n1,0.374565061,train,butina,21,,,,
COc1ccc(Nc2c(C#N)cnc3cc(OC)c(OC)cc23)cc1Cl,0.115943177,train,butina,21,,,,
COc1ccc(CCCN2CCN(c3cnn(C)c3)C(=O)C2)cc1F,1.308414999,train,butina,21,,,,
CN(Cc1ccccc1)C1(C(=O)N2CCNC(=O)CC2)Cc2ccccc2C1,0.912806393,train,butina,21,,,,
CCC1=C(C)CN(C(=O)NCCc2ccc(S(=O)(=O)NC(=O)N[C@H]3CC[C@H](C)CC3)cc2)C1=O,-1.638272164,train,butina,21,,,,
O=S(=O)(c1cccc2c(O)nccc12)N1CCCNCC1,1.990813743,train,butina,21,,,,
CN(C)C(=O)C1(Cc2ccccc2-c2cccc(F)c2)CCN(C(=O)C2CC=CCC2)CC1,0.142702246,train,butina,21,,,,
COCC(=O)N1CCC(Cc2ccccc2-c2cccc(F)c2)(C(=O)NC(C)C)CC1,1.076967952,train,butina,21,,,,
COc1ccc(CNC(=O)c2sc3nc(C)cc(C)c3c2N)cc1,-0.18243463,train,butina,21,,,,
C#C[C@@](C)(CC)NC(=O)c1cc(F)cnc1NC1CC(F)(F)C1,0.850278553,train,butina,21,,,,
Cn1cc(Nc2nc(N)nc(-c3cccc(-n4ccc5cc(C6CC6)cc(F)c5c4=O)c3CO)n2)cn1,0.581038949,train,butina,21,,,,
Cc1cnc(C(=O)NCCc2ccc(S(=O)(=O)NC(=O)NC3CCCCC3)cc2)cn1,-0.204119983,train,butina,21,,,,
CNC(=O)C1(Cc2ccc(-c3cccnc3)cc2)CCN(Cc2ccc(F)cc2)C1,0.918868743,train,butina,21,,,,
CNC(=O)C1(Cc2ccc(-c3cccnc3)cc2)CCN(Cc2cccc(F)c2)C1,0.531095547,train,butina,21,,,,
CC(=O)Nc1ncc(CN2CCCC[C@@H]2C)s1,1.923109252,train,butina,21,,,,
O=C1CCCC[C@@H]2[C@H](C[C@@H](Cc3ccccc3F)N2C(=O)c2cccc3ncccc23)N1,1.348966512,train,butina,21,,,,
CCOc1cc(CC(=O)N[C@@H](CC(C)C)c2ccccc2N2CCCCC2)ccc1C(=O)O,-0.063486258,train,butina,21,,,,
Cc1[nH]nc2c1C1(CCCCC1)CC(=O)N2,1.284633733,train,butina,21,,,,
Cc1oc2ccccc2c1CNc1nnc(-c2ccncc2)o1,-0.172630727,train,butina,21,,,,
O=C(Nc1cccc2ncccc12)[C@H]1CCCN(S(=O)(=O)c2ccccc2)C1,1.091666958,train,butina,21,,,,
C[C@@H]1Cc2ccccc2N1C(=O)Cn1nc(-c2cccc3ncccc23)oc1=O,0.360404055,train,butina,21,,,,
Nc1ncnc2c1c(-c1cnc3[nH]ccc3c1)nn2C1CCCC1,0.780605306,train,butina,21,,,,
O=C(Nc1cnccc1-c1ccc(Cl)cc1)c1ccnc(NC(=O)C2CC2)c1,0.847634344,train,butina,21,,,,
CN1C(N)=N[C@](C)(c2cc(NC(=O)c3ccc(F)cn3)ccc2F)CS1(=O)=O,1.491417728,train,butina,21,,,,
CCCCNC(=O)NS(=O)(=O)c1ccc(C)cc1,0.440121603,train,butina,21,,,,
Cc1cc(Nc2cnccn2)cc(C2CCCN(CC(=O)N3CCCC3)C2)n1,1.632416797,train,butina,21,,,,
Cc1cccnc1Nc1cccc(C2CCCN(CC(=O)Nc3nccs3)C2)n1,0.637289548,train,butina,21,,,,
CN(C)C(=O)C1(Cc2ccccc2-c2ccccc2)CCN(C(=O)c2cnn(C)c2)CC1,1.146840934,train,butina,21,,,,
CC1(C)CC(=O)C2=C(C1)NC(=O)CC2c1ccc(Br)cc1,0.944630702,train,butina,21,,,,
CN1CCN(S(=O)(=O)c2ccc(-c3cnc(N)c(C(=O)Nc4cccnc4)n3)cc2)CC1,0.915558115,train,butina,21,,,,
CNC(=O)C1(Cc2ccc(-c3cccnc3)cc2)CCN(Cc2ccccc2Cl)C1,0.273695588,train,butina,21,,,,
CCCNC(=O)NS(=O)(=O)c1ccc(Cl)cc1,0.628286731,train,butina,21,,,,
O=C(CN1CCCC(c2cccc(Cc3cccc(F)c3)n2)C1)N1CCCC1,0.953856298,train,butina,21,,,,
COc1cc2ncnc(Nc3cccc(O)c3)c2cc1OC,0.650307523,train,butina,21,,,,
Cc1cc(C)c2c(N)c(C(=O)NCc3ccc(Cl)cc3)sc2n1,-0.185752404,train,butina,21,,,,
COCCNC(=O)c1ccnc(C2CCNCC2)c1,2.0,train,butina,21,,,,
COc1nc2sc(C(=O)NC3CC3)c(N)c2c(C)c1Cl,0.452093249,train,butina,21,,,,
CC1(CNC(=O)c2cncc(C3CCNCC3)n2)CCCO1,1.960042456,train,butina,21,,,,
Cc1cc(N2CCCC2)nc(C2CCCN(C)C2)n1,1.861522463,train,butina,21,,,,
O=C1NCCSc2c1sc1ccc(O)cc21,1.164679941,train,butina,21,,,,
CCn1cc(C(=O)O)c(=O)c2c(N)c(F)c(NC3CCCCC3)cc21,0.426673888,train,butina,21,,,,
COc1cc2nc(N3CCN(C(=O)c4ccco4)CC3)nc(N)c2cc1OC,1.371880249,train,butina,21,,,,
CC1(C)Cc2cc(NC(=O)c3cnn4cccnc34)c(OCC3CC3)nc2O1,0.38219721,train,butina,21,,,,
N#Cc1cc(F)c(NS(=O)(=O)c2c[nH]c3cc(Cl)ccc23)cc1F,-0.251811973,train,butina,21,,,,
COCCc1ccc(OCC(O)CNC(C)C)cc1,2.0,train,butina,21,,,,
CC(C(=O)O)c1cccc(C(=O)c2ccccc2)c1,0.047274867,train,butina,21,,,,
COc1cc2c(cc1OC)CN(CCc1ccc(NC(=O)c3cccc4c(O)c5cccc(OC)c5nc34)cc1)CC2,-1.292429824,train,butina,21,,,,
C=CCc1ccccc1OCC(O)CNC(C)C,1.496029699,train,butina,21,,,,
Nc1nc(=O)c2ncn(COCCO)c2[nH]1,1.850860573,train,butina,21,,,,
CCCc1nc2nc(C)c(NS(=O)(=O)c3ccc(C4CCCCC4)cc3)c(O)n2n1,-0.137272472,train,butina,21,,,,
NC(=O)C1(Cc2ccc(-c3ccncc3)cc2)CCN(C(=O)Cc2cccc(F)c2)CC1,1.058463986,train,butina,21,,,,
CC(=O)Nc1ccc(O)cc1,1.916985305,train,butina,21,,,,
O=C(NC1CCNCC1)c1ccc2[nH]ncc2c1,1.92695435,train,butina,21,,,,
CCn1c(=O)oc2cc(NC(=O)c3ccc(C(C)(C)C)cc3)ccc21,0.180412633,train,butina,21,,,,
COc1ccc(OC[C@@H]2c3cc(OC)c(OC)cc3CCN2C(=O)c2cccc(Cl)c2)cc1,0.232233521,train,butina,21,,,,
N#Cc1ccc(COc2cccc(C3CCN(Cc4nc5ccc(C(=O)O)cc5n4C[C@@H]4CCO4)CC3)n2)c(F)c1,0.312177356,train,butina,21,,,,
CC(C)[C@H](CO)Nc1nc(Nc2cc(N)cc(Cl)c2)c2ncn(C(C)C)c2n1,-0.099086932,train,butina,21,,,,
O=C(NC1CCNCC1)c1ccc2cn[nH]c2c1,1.70808081,train,butina,21,,,,
O=C(Nc1cccc2c(=O)cc(-c3nnn[nH]3)oc12)c1ccc(OCCCCc2ccccc2)cc1,0.77224834,train,butina,21,,,,
CC(=O)Nc1ncc(C(=O)O)s1,1.854123782,train,butina,21,,,,
Cc1cccc(-c2nc(C34CCC(C(N)=O)(CC3)CC4)[nH]c2-c2ccc3c(c2)OCO3)n1,0.21031852,train,butina,21,,,,
COc1cc2nc(-c3cc(F)ccc3O)nc(N[C@@H]3CNC[C@H]3C(C)(C)O)c2cc1OC.Cl,-0.823908741,train,butina,21,,,,
CC(C)[C@@](C)(O)[C@@H]1CN(c2nc(-c3n[nH]c4ncccc34)c(F)cc2Cl)CCN1,0.622421274,train,butina,21,,,,
CN(c1ncc(F)cn1)[C@H]1CCCNC1,2.0,test,butina,21,1.2906488441200006,1.3835486233500007,1.2242118283600003,1.5672992069500007
CC1(C)CC[C@]2(NC(=O)C(C)(F)F)CC[C@]3(C)[C@H](C(=O)C=C4[C@@]3(C)CC[C@H]3C(C)(C)C(=O)C(C#N)=C[C@]43C)[C@@H]2C1,-0.055517328,test,butina,21,0.9547485383599998,0.5073280634199997,0.27077940245999993,-0.1829344027900001
CC(C)(C)c1ccc(-c2nc3n(c(=O)c2C#N)CCS3)cc1,0.455758203,test,butina,21,0.8312032156500002,0.8165661057200002,0.5802574657099998,0.5713660417800002
C[C@@H]1c2nnn(-c3ncc(F)cn3)c2CCN1C(=O)c1cccc(C(F)(F)F)c1Cl,1.240049772,test,butina,21,0.6460988049000003,0.9897471470500001,1.0402661009300003,0.7171696936600002
COc1ccccc1-c1cc(NC(=O)c2cccc(N3CCNC3=O)c2)[nH]n1,-0.742321425,test,butina,21,0.9866327253099999,0.6799135243799997,0.7737393968299997,0.5611963196500003
CCc1nc(C)cn2nc(-c3cc(=O)n4cc(C5CCN(C)CC5)cc(C)c4n3)cc12,0.593618308,test,butina,21,0.9706981395500002,0.55902308956,0.6686696301999998,0.7892520097999998
O=C1CN(c2ccc(Nc3nccc(C(F)(F)F)n3)cn2)CCN1,1.433497815,test,butina,21,1.3181320633800002,1.2791555227100009,1.3014190901799996,1.51030761216
C[C@H]1CN(C(=O)CC(c2ccccc2)c2ccccc2)C[C@@H](C)O1,0.718335579,test,butina,21,1.0120552700400003,0.9776216934199998,0.51518082684,0.8765058855100003
OCC1CCCCN1Cc1ccc(Cl)c(Cl)c1,1.484982782,test,butina,21,1.1592811646000007,1.1756219942200004,0.7438628700900002,0.83223866802
OCC1CCCCN1Cc1ccc(-c2ccccc2)cc1,1.394924244,test,butina,21,1.1499373415900005,0.9998402170000005,0.76757844139,0.9399615815500003
CC1(C)CC(Oc2ccc(-c3ccc(-c4cn[nH]c4)cc3O)nn2)CC(C)(C)N1,1.241969612,test,butina,21,0.8407093841999996,0.44869318835,0.5582809731499999,0.5794542360099995
O=C(Nc1ccc2ccccc2n1)c1ccc(N2CCOC2=O)cc1,0.069298012,test,butina,21,1.0784577784099998,0.9353494475399999,0.7286764991099999,0.43173391260999977
CCN1CCN(S(=O)(=O)Cc2ccc(Cl)c(Cl)c2)CC1,1.071845201,test,butina,21,0.9036951761100002,1.2785297951200005,0.9620618710099993,1.5017306757699995
CCN(C/C=C\c1ccc(C2CCCCC2)c(Cl)c1)C1CCCCC1,-0.266802735,test,butina,21,0.86999046672,0.6271140492899998,0.48248812092000004,0.34053595641000023
Cc1noc(C(C)C)c1C(=O)N1CC(C)OC(c2ccccc2)C1,1.111934276,test,butina,21,0.9279238540099999,1.0135001296300004,1.23621034369,0.8083260373600001
Cc1c(F)cccc1NC(=O)CN1[C@H]2CCCC(=O)N[C@@]2(C)C[C@H]1Cc1ccccc1,0.925312092,test,butina,21,0.9654500434800001,0.7843058868799999,1.0907613904600002,0.7958115787900002
Cc1ccc(NC(=O)CN2[C@H]3CCCC(=O)N[C@@]3(C)C[C@H]2Cc2ccccc2)cc1F,0.360971884,test,butina,21,0.6932640730400003,0.8019596506299996,0.74191572172,0.7985396121900001
CC(O)(C#Cc1ccc2c(c1)N(c1nc(N)ncc1Cl)CC2)c1nccs1,0.275311355,test,butina,21,0.48202462699999993,0.7613404258400003,0.8868839474999999,0.6368084103999996
COCCc1noc(CN2CC(c3ccccc3)(c3ccccc3)CCC2=O)n1,1.25166255,test,butina,21,1.0289558753300003,0.8685928031199999,0.68472022774,0.8374772416999999
CC1CN(C(=O)c2cccnc2N2CCOCC2)CC(c2ccccc2)O1,1.555686814,test,butina,21,0.9987965330999998,1.13334449171,1.4176684906800003,1.3578509799400005
Cc1cc(N2CCCC2c2cc(CCC(=O)O)cc(C)n2)ncn1,2.0,test,butina,21,0.9751051269700004,1.2127402266800005,1.02857114168,0.8598362544400001
CC(CCc1ccccc1)NCC(O)c1ccc(O)c(C(N)=O)c1,1.65850745,test,butina,21,0.6090535094199999,0.6559684835999998,0.8531575609299996,1.3088583204599997
CC(C)CC(NC(=O)C(O)C(N)Cc1ccccc1)C(=O)O,1.54052968,test,butina,21,1.05295523018,1.15895311616,1.3483928478499996,1.43712547426
COc1cc(Cc2cnc(N)nc2N)cc(OC)c1OC,1.855513099,test,butina,21,0.8696591900300003,0.8401508795499999,1.1347521881000002,1.43434458452
NCCCC[C@H](N[C@@H](CCc1ccccc1)C(=O)O)C(=O)N1CCC[C@H]1C(=O)O,2.0,test,butina,21,0.9316433859799997,0.8631115046700004,0.77900430543,1.2741222176000007
COc1ccc([C@H]2c3[nH]c4ccc(Cl)cc4c3CCN2C(=O)Oc2ccc(Cl)cc2)cc1,1.754608223,test,butina,21,0.8296290674900005,0.13942430684999998,0.12137918204999998,-0.08721661395999997
Cc1cccc(/C=N/Nc2cc(N3CCOCC3)nc(OCCc3ccccn3)n2)c1,-0.27572413,test,butina,21,0.4995535090799999,0.3668295213200002,0.62795534467,0.3426230845900001
CC(C)(C)OC(=O)N1CCCC1C(=O)N1CCC(C(=O)N[C@@H](Cc2c[nH]c3ccccc23)C(=O)O)CC1,1.842553077,test,butina,21,1.0018330531000001,0.4697614863300001,0.6672280547099999,0.013533806430000017
CN(c1ncc(F)cn1)[C@H]1CCCNC1,2.0,train,butina,22,,,,
CC(C)(Oc1ccc(-c2cnc(N)c(-c3ccc(Cl)cc3)c2)cc1)C(=O)O,-1.403402904,train,butina,22,,,,
CC#CC(=O)N[C@H]1CCCN(c2c(F)cc(C(N)=O)c3[nH]c(C)c(C)c23)C1,-0.639532816,train,butina,22,,,,
CC(C)NCC(O)COc1cccc2ccccc12,1.347759218,train,butina,22,,,,
C=CC(=O)N1CCC[C@@H](n2nc(-c3ccc(Oc4ccccc4)cc3)c3c(N)ncnc32)C1,-0.35853,train,butina,22,,,,
CC(C)NC(=O)COc1cccc(-c2nc(Nc3ccc4[nH]ncc4c3)c3ccccc3n2)c1,-0.504455662,train,butina,22,,,,
COc1ccc(S(=O)(=O)N2CCC(N3CCC(C)CC3)CC2)cc1,1.626076768,train,butina,22,,,,
CC1(C)CC[C@]2(NC(=O)C(C)(F)F)CC[C@]3(C)[C@H](C(=O)C=C4[C@@]3(C)CC[C@H]3C(C)(C)C(=O)C(C#N)=C[C@]43C)[C@@H]2C1,-0.055517328,train,butina,22,,,,
Cc1c[nH]c2nccc(Oc3c(F)cc(Nc4cc(Cl)nc(N)n4)cc3F)c12,-0.68613278,train,butina,22,,,,
CCCc1cc(N2CCc3c(nc(C4CC4)n3C)C2)n2ncnc2n1,1.388207807,train,butina,22,,,,
Fc1ccc(-c2ccc3c(c2)[nH]c2ccncc23)cn1,0.640978057,train,butina,22,,,,
C=CC(=O)N1C[C@H](Nc2ncnc3[nH]ccc23)CC[C@@H]1C,1.74597993,train,butina,22,,,,
[2H]C([2H])([2H])NC(=O)c1nnc(NC(=O)C2CC2)cc1Nc1cccc(-c2ncn(C)n2)c1OC,1.236577565,train,butina,22,,,,
C=CC(=O)N1CCC(CNc2ncnc(N)c2-c2ccc(Oc3ccccc3)cc2)CC1,0.901294817,train,butina,22,,,,
Nc1n[nH]cc1-c1cc(Cl)ccc1Oc1cc(F)c(S(=O)(=O)Nc2cscn2)cc1Cl,-0.08249449,train,butina,22,,,,
Cc1c(-c2c(F)cc(C(N)=O)c3[nH]c4c(c23)CC[C@H](C(C)(C)O)C4)cccc1-n1c(=O)c2cccc(F)c2n(C)c1=O,0.326540669,train,butina,22,,,,
O=C(c1ccc(Oc2ccccc2)cc1Cl)c1c[nH]c2ncnc(N[C@@H]3CC[C@@H](CO)OC3)c12,-0.295849483,train,butina,22,,,,
CC(C)(C)c1ccc(-c2nc3n(c(=O)c2C#N)CCS3)cc1,0.455758203,train,butina,22,,,,
CC#CC(=O)N1CC[C@@H](n2c(=O)n(-c3ccc(Oc4ccccc4)cc3)c3c(N)ncnc32)C1,0.669595781,train,butina,22,,,,
C=CC(=O)N1CCC([C@@H]2CCNc3c(C(N)=O)c(-c4ccc(Oc5ccccc5)cc4)nn32)CC1,0.231979027,train,butina,22,,,,
C=CC(=O)N1CCC[C@H](n2c(=O)n(-c3ccc(Oc4ccccc4)cc3)c3c(N)ncnc32)C1,0.276231958,train,butina,22,,,,
CC(C)(C=C(C#N)C(=O)N1CCC[C@@H](n2nc(-c3ccc(Oc4ccccc4)cc3F)c3c(N)ncnc32)C1)N1CCN(C2COC2)CC1,0.123198075,train,butina,22,,,,
C[C@@H]1c2nnn(-c3ncc(F)cn3)c2CCN1C(=O)c1cccc(C(F)(F)F)c1Cl,1.240049772,train,butina,22,,,,
COc1ccccc1-c1cc(NC(=O)c2cccc(N3CCNC3=O)c2)[nH]n1,-0.742321425,train,butina,22,,,,
Nc1ncc(-c2cccc(C(F)(F)F)c2)c(C2CCCCN2C(=O)c2ccccc2)n1,0.137354111,train,butina,22,,,,
O=C(Nc1cccc(-c2nncn2C2CC2)c1)c1cc(-n2cnc(C3CC3)c2)ccn1,0.611935625,train,butina,22,,,,
Fc1ccccc1-c1c[nH]nc1C1CCCN1Cc1ccc2ncccc2c1,0.460897843,train,butina,22,,,,
Cc1nccc(-c2cn(Cc3ccccc3)c3cnccc23)n1,1.207445854,train,butina,22,,,,
CCc1nc(C)cn2nc(-c3cc(=O)n4cc(C5CCN(C)CC5)cc(C)c4n3)cc12,0.593618308,train,butina,22,,,,
Cc1c(Cl)ccc2cc3n(c12)[C@@H](C)CNC3=O,0.696793085,train,butina,22,,,,
Nc1ncnc2c1c(-c1ccc(Oc3ccccc3)cc1)nn2[C@@H]1CCCNC1,0.846275242,train,butina,22,,,,
Cc1nnc(CN(C)CC(C)Oc2ccc(Cl)c(Cl)c2)n1C,1.114444172,train,butina,22,,,,
COc1nn(C)cc1C(=O)Nc1cccc(-c2cnc3n2CCC3)c1,0.685562611,train,butina,22,,,,
COc1cc(F)ccc1-c1ncnc(Nc2cccc(C[S@@](C)(=N)=O)c2)n1,1.574609941,train,butina,22,,,,
Cc1ccc(C(=O)N2CCC(Cc3ccccc3-c3ccccc3)(C(=O)N(C)C)CC2)s1,-0.590066877,train,butina,22,,,,
C[C@@H]1CCN(C(=O)CC#N)C[C@@H]1N(C)c1ncnc2[nH]ccc12,1.747124255,train,butina,22,,,,
CN(C)C(=O)C1(Cc2ccccc2-c2ccccc2)CCN(C(=O)C2CCCO2)CC1,1.265713811,train,butina,22,,,,
CC(=O)Nc1ccc(C(=O)N2CCCCC2c2nc(N)ncc2-c2ccc(Cl)cc2)cc1,0.549861188,train,butina,22,,,,
CC(=O)Nc1ccc(C(=O)N2CCCCC2c2nc(N)ncc2-c2cccc(Cl)c2)cc1,0.584331224,train,butina,22,,,,
O=C1CN(c2ccc(Nc3nccc(C(F)(F)F)n3)cn2)CCN1,1.433497815,train,butina,22,,,,
C[C@H]1CN(C(=O)CC(c2ccccc2)c2ccccc2)C[C@@H](C)O1,0.718335579,train,butina,22,,,,
CN1[C@H]2CC[C@@H]1C[C@@H](OC(c1ccccc1)c1ccccc1)C2,1.180842415,train,butina,22,,,,
CC(C)(C)C(=O)N1CCC(Cc2ccc(-c3cccs3)cc2)(C(=O)N2CCCC2)CC1,0.008174184,train,butina,22,,,,
OC[C@H](Nc1cncc(-c2ccc3[nH]ncc3n2)c1)c1ccccc1,1.024690862,train,butina,22,,,,
Cc1ncsc1C(=O)N1CCCCC1c1nc(N(C)C)ncc1-c1cccc(Cl)c1,0.021602716,train,butina,22,,,,
OCC1CCCCN1Cc1ccc(Cl)c(Cl)c1,1.484982782,train,butina,22,,,,
COc1ccccc1C(=O)Nc1ccc2cc[nH]c2c1,0.571825249,train,butina,22,,,,
c1ccc(Oc2cccc(CN(CCN3CCOCC3)Cc3cccnc3)c2)cc1,0.142389466,train,butina,22,,,,
COc1ccc([C@H]2CN(C(C)=O)[C@@H]3CCCN(Cc4cccc(F)c4)[C@H]23)cc1,0.594060901,train,butina,22,,,,
Cc1c(C(=O)NCCCN(C)C)sc2ncnc(Nc3ccc(F)cc3OC(C)C)c12,0.966376423,train,butina,22,,,,
OCC1CCCCN1Cc1ccc(-c2ccccc2)cc1,1.394924244,train,butina,22,,,,
Nc1ncc(C(=O)NC2CN(C(=O)C3CC3)C2)c2ccc(-c3cccc(F)c3)nc12,0.38219721,train,butina,22,,,,
CC1(C)CC(Oc2ccc(-c3ccc(-c4cn[nH]c4)cc3O)nn2)CC(C)(C)N1,1.241969612,train,butina,22,,,,
Cc1nnc(-c2ccc3occ(-c4ccc(S(C)=O)cc4)c3c2)o1,1.077985291,train,butina,22,,,,
Cc1ncsc1C(=O)N1CCCCC1c1nc(N)ncc1-c1cccc(C(F)(F)F)c1,0.86254877,train,butina,22,,,,
O=C(Nc1ccc2ccccc2n1)c1ccc(N2CCOC2=O)cc1,0.069298012,train,butina,22,,,,
O=C(CCNC(=O)c1ccc(OC(F)(F)F)cc1)N[C@@H]1CCCc2ccccc21,0.630427875,train,butina,22,,,,
O=S(=O)(c1cccc2cnccc12)N1CCCNCC1,1.844321821,train,butina,22,,,,
CCN1CCN(S(=O)(=O)Cc2ccc(Cl)c(Cl)c2)CC1,1.071845201,train,butina,22,,,,
O=C(Nc1nc2cccc(-c3ccc(CN4CCS(=O)(=O)CC4)cc3)n2n1)C1CC1,1.601853652,train,butina,22,,,,
CCN(C/C=C\c1ccc(C2CCCCC2)c(Cl)c1)C1CCCCC1,-0.266802735,train,butina,22,,,,
NCCN1CCN(C/C=C/C(=O)N2CCC[C@@H](n3nc(-c4ccc(Oc5ccccc5)cc4)c4c(N)ncnc43)C2)CC1,0.686814955,train,butina,22,,,,
Cn1c(C2CC2)nc2c1CCN(c1ncnc3ccsc13)C2,1.192985379,train,butina,22,,,,
CC/C(=C(\c1ccccc1)c1ccc(OCCN(C)C)cc1)c1ccccc1,-0.341988603,train,butina,22,,,,
COc1nn(C)cc1C(=O)Nc1cccc2cnccc12,1.58945809,train,butina,22,,,,
CNC(=O)C1(Cc2ccc(-c3ccncc3)cc2)CCN(Cc2cccc(F)c2)C1,0.715167358,train,butina,22,,,,
Cc1nc(Nc2nccs2)cc(C2CN(c3ncccn3)C2)n1,0.374565061,train,butina,22,,,,
COc1ccc(Nc2c(C#N)cnc3cc(OC)c(OC)cc23)cc1Cl,0.115943177,train,butina,22,,,,
COc1ccc(CCCN2CCN(c3cnn(C)c3)C(=O)C2)cc1F,1.308414999,train,butina,22,,,,
Cc1noc(C(C)C)c1C(=O)N1CC(C)OC(c2ccccc2)C1,1.111934276,train,butina,22,,,,
CN(Cc1ccccc1)C1(C(=O)N2CCNC(=O)CC2)Cc2ccccc2C1,0.912806393,train,butina,22,,,,
Cc1c(F)cccc1NC(=O)CN1[C@H]2CCCC(=O)N[C@@]2(C)C[C@H]1Cc1ccccc1,0.925312092,train,butina,22,,,,
O=S(=O)(c1cccc2c(O)nccc12)N1CCCNCC1,1.990813743,train,butina,22,,,,
Cc1ccc(NC(=O)CN2[C@H]3CCCC(=O)N[C@@]3(C)C[C@H]2Cc2ccccc2)cc1F,0.360971884,train,butina,22,,,,
CN(C)C(=O)C1(Cc2ccccc2-c2cccc(F)c2)CCN(C(=O)C2CC=CCC2)CC1,0.142702246,train,butina,22,,,,
COCC(=O)N1CCC(Cc2ccccc2-c2cccc(F)c2)(C(=O)NC(C)C)CC1,1.076967952,train,butina,22,,,,
COc1ccc(CNC(=O)c2sc3nc(C)cc(C)c3c2N)cc1,-0.18243463,train,butina,22,,,,
C#C[C@@](C)(CC)NC(=O)c1cc(F)cnc1NC1CC(F)(F)C1,0.850278553,train,butina,22,,,,
Cn1cc(Nc2nc(N)nc(-c3cccc(-n4ccc5cc(C6CC6)cc(F)c5c4=O)c3CO)n2)cn1,0.581038949,train,butina,22,,,,
CNC(=O)C1(Cc2ccc(-c3cccnc3)cc2)CCN(Cc2ccc(F)cc2)C1,0.918868743,train,butina,22,,,,
CNC(=O)C1(Cc2ccc(-c3cccnc3)cc2)CCN(Cc2cccc(F)c2)C1,0.531095547,train,butina,22,,,,
CC(=O)Nc1ncc(CN2CCCC[C@@H]2C)s1,1.923109252,train,butina,22,,,,
O=C1CCCC[C@@H]2[C@H](C[C@@H](Cc3ccccc3F)N2C(=O)c2cccc3ncccc23)N1,1.348966512,train,butina,22,,,,
CCOc1cc(CC(=O)N[C@@H](CC(C)C)c2ccccc2N2CCCCC2)ccc1C(=O)O,-0.063486258,train,butina,22,,,,
CC(O)(C#Cc1ccc2c(c1)N(c1nc(N)ncc1Cl)CC2)c1nccs1,0.275311355,train,butina,22,,,,
COCCc1noc(CN2CC(c3ccccc3)(c3ccccc3)CCC2=O)n1,1.25166255,train,butina,22,,,,
Cc1[nH]nc2c1C1(CCCCC1)CC(=O)N2,1.284633733,train,butina,22,,,,
Cc1oc2ccccc2c1CNc1nnc(-c2ccncc2)o1,-0.172630727,train,butina,22,,,,
O=C(Nc1cccc2ncccc12)[C@H]1CCCN(S(=O)(=O)c2ccccc2)C1,1.091666958,train,butina,22,,,,
C[C@@H]1Cc2ccccc2N1C(=O)Cn1nc(-c2cccc3ncccc23)oc1=O,0.360404055,train,butina,22,,,,
Nc1ncnc2c1c(-c1cnc3[nH]ccc3c1)nn2C1CCCC1,0.780605306,train,butina,22,,,,
CC1CN(C(=O)c2cccnc2N2CCOCC2)CC(c2ccccc2)O1,1.555686814,train,butina,22,,,,
Cc1cc(Nc2cnccn2)cc(C2CCCN(CC(=O)N3CCCC3)C2)n1,1.632416797,train,butina,22,,,,
Cc1cccnc1Nc1cccc(C2CCCN(CC(=O)Nc3nccs3)C2)n1,0.637289548,train,butina,22,,,,
CN(C)C(=O)C1(Cc2ccccc2-c2ccccc2)CCN(C(=O)c2cnn(C)c2)CC1,1.146840934,train,butina,22,,,,
CC1(C)CC(=O)C2=C(C1)NC(=O)CC2c1ccc(Br)cc1,0.944630702,train,butina,22,,,,
CN1CCN(S(=O)(=O)c2ccc(-c3cnc(N)c(C(=O)Nc4cccnc4)n3)cc2)CC1,0.915558115,train,butina,22,,,,
CNC(=O)C1(Cc2ccc(-c3cccnc3)cc2)CCN(Cc2ccccc2Cl)C1,0.273695588,train,butina,22,,,,
Cc1cc(N2CCCC2c2cc(CCC(=O)O)cc(C)n2)ncn1,2.0,train,butina,22,,,,
O=C(CN1CCCC(c2cccc(Cc3cccc(F)c3)n2)C1)N1CCCC1,0.953856298,train,butina,22,,,,
COc1cc2ncnc(Nc3cccc(O)c3)c2cc1OC,0.650307523,train,butina,22,,,,
Cc1cc(C)c2c(N)c(C(=O)NCc3ccc(Cl)cc3)sc2n1,-0.185752404,train,butina,22,,,,
COCCNC(=O)c1ccnc(C2CCNCC2)c1,2.0,train,butina,22,,,,
COc1nc2sc(C(=O)NC3CC3)c(N)c2c(C)c1Cl,0.452093249,train,butina,22,,,,
Cc1cc(N2CCCC2)nc(C2CCCN(C)C2)n1,1.861522463,train,butina,22,,,,
O=C1NCCSc2c1sc1ccc(O)cc21,1.164679941,train,butina,22,,,,
CCn1cc(C(=O)O)c(=O)c2c(N)c(F)c(NC3CCCCC3)cc21,0.426673888,train,butina,22,,,,
COc1cc2nc(N3CCN(C(=O)c4ccco4)CC3)nc(N)c2cc1OC,1.371880249,train,butina,22,,,,
CC(CCc1ccccc1)NCC(O)c1ccc(O)c(C(N)=O)c1,1.65850745,train,butina,22,,,,
CC1(C)Cc2cc(NC(=O)c3cnn4cccnc34)c(OCC3CC3)nc2O1,0.38219721,train,butina,22,,,,
N#Cc1cc(F)c(NS(=O)(=O)c2c[nH]c3cc(Cl)ccc23)cc1F,-0.251811973,train,butina,22,,,,
CC(C)CC(NC(=O)C(O)C(N)Cc1ccccc1)C(=O)O,1.54052968,train,butina,22,,,,
COCCc1ccc(OCC(O)CNC(C)C)cc1,2.0,train,butina,22,,,,
COc1cc(Cc2cnc(N)nc2N)cc(OC)c1OC,1.855513099,train,butina,22,,,,
CC(C(=O)O)c1cccc(C(=O)c2ccccc2)c1,0.047274867,train,butina,22,,,,
COc1cc2c(cc1OC)CN(CCc1ccc(NC(=O)c3cccc4c(O)c5cccc(OC)c5nc34)cc1)CC2,-1.292429824,train,butina,22,,,,
C=CCc1ccccc1OCC(O)CNC(C)C,1.496029699,train,butina,22,,,,
NCCCC[C@H](N[C@@H](CCc1ccccc1)C(=O)O)C(=O)N1CCC[C@H]1C(=O)O,2.0,train,butina,22,,,,
COc1ccc([C@H]2c3[nH]c4ccc(Cl)cc4c3CCN2C(=O)Oc2ccc(Cl)cc2)cc1,1.754608223,train,butina,22,,,,
NC(=O)C1(Cc2ccc(-c3ccncc3)cc2)CCN(C(=O)Cc2cccc(F)c2)CC1,1.058463986,train,butina,22,,,,
CC(=O)Nc1ccc(O)cc1,1.916985305,train,butina,22,,,,
O=C(NC1CCNCC1)c1ccc2[nH]ncc2c1,1.92695435,train,butina,22,,,,
Cc1cccc(/C=N/Nc2cc(N3CCOCC3)nc(OCCc3ccccn3)n2)c1,-0.27572413,train,butina,22,,,,
CCn1c(=O)oc2cc(NC(=O)c3ccc(C(C)(C)C)cc3)ccc21,0.180412633,train,butina,22,,,,
COc1ccc(OC[C@@H]2c3cc(OC)c(OC)cc3CCN2C(=O)c2cccc(Cl)c2)cc1,0.232233521,train,butina,22,,,,
N#Cc1ccc(COc2cccc(C3CCN(Cc4nc5ccc(C(=O)O)cc5n4C[C@@H]4CCO4)CC3)n2)c(F)c1,0.312177356,train,butina,22,,,,
CC(C)[C@H](CO)Nc1nc(Nc2cc(N)cc(Cl)c2)c2ncn(C(C)C)c2n1,-0.099086932,train,butina,22,,,,
O=C(NC1CCNCC1)c1ccc2cn[nH]c2c1,1.70808081,train,butina,22,,,,
CC(C)(C)OC(=O)N1CCCC1C(=O)N1CCC(C(=O)N[C@@H](Cc2c[nH]c3ccccc23)C(=O)O)CC1,1.842553077,train,butina,22,,,,
O=C(Nc1cccc2c(=O)cc(-c3nnn[nH]3)oc12)c1ccc(OCCCCc2ccccc2)cc1,0.77224834,train,butina,22,,,,
CC(=O)Nc1ncc(C(=O)O)s1,1.854123782,train,butina,22,,,,
Cc1cccc(-c2nc(C34CCC(C(N)=O)(CC3)CC4)[nH]c2-c2ccc3c(c2)OCO3)n1,0.21031852,train,butina,22,,,,
COc1cc2nc(-c3cc(F)ccc3O)nc(N[C@@H]3CNC[C@H]3C(C)(C)O)c2cc1OC.Cl,-0.823908741,train,butina,22,,,,
CNc1cc(Nc2cccn(-c3ccccn3)c2=O)nn2c(C(=O)N[C@@H]3C[C@@H]3F)cnc12,0.51851394,test,butina,22,0.8820160573800002,0.4871696673100001,0.76117911954,0.88957604903
CCOc1cc2nn(CCC(C)(C)O)cc2cc1NC(=O)c1cccc(C(F)F)n1,0.268343914,test,butina,22,0.7366268982400003,0.48751548705000003,0.9586873905099997,0.5340536138699998
CC(C)(O)CCn1cc2cc(NC(=O)c3cccc(C(F)(F)F)n3)c(C(C)(C)O)cc2n1,1.092264361,test,butina,22,0.7926238386400003,0.5219920413899999,0.41454792971999993,0.52925576761
COc1ccc(Cl)cc1C(=O)NCCc1ccc(S(=O)(=O)NC(=O)NC2CCCCC2)cc1,-0.943095149,test,butina,22,0.8377273334400003,0.6804043255600001,0.5223328668699999,0.3709176195899999
CCS(=O)(=O)N1CC(CC#N)(n2cc(-c3ncnc4[nH]ccc34)cn2)C1,2.0,test,butina,22,0.93960424956,0.8523366124600004,0.7506055714600002,1.2580632062300006
CCn1c(-c2nonc2N)nc2cnc(Oc3cccc(NC(=O)c4ccc(OCCN5CCOCC5)cc4)c3)cc21,-0.325138859,test,butina,22,0.6512800293200001,0.28940944154,0.4923167863299998,0.028568224129999993
COc1cc2c(cc1OC)CC(=O)N(CCCN(C)C[C@H]1Cc3cc(OC)c(OC)cc31)CC2,1.615139594,test,butina,22,1.0484530455700005,0.8585624390699997,0.6810953047799998,0.26689650131000014
N#Cc1ccc2[nH]c(O)c(-c3ccc(CN4CCOCC4)cn3)c2c1,1.072507236,test,butina,22,0.6836049082600002,0.7420569334799998,0.6878351054600003,0.9838708647199997
Nc1c(F)ccc2cnc(-n3ccc4ccncc43)cc12,0.631443769,test,butina,22,0.8303188369500001,0.6077837427400001,0.52289943309,0.6395433964099996
Cn1cc(Nc2nccc(N3CC4CCC(C3)N4C(=O)[C@@H]3CC3(F)F)n2)cn1,1.786412441,test,butina,22,1.2393689720500003,0.9331168693800005,1.1427700297000003,1.2495325837500006
Cn1cc(-c2cn3nccc3c(-c3cnn([C@]4(CC#N)C[C@@H](C#N)C4)c3)n2)cn1,1.364100521,test,butina,22,0.31021999882,0.6366605001499999,0.64936643225,0.9833827300900003
O=C(Nc1cccnc1)c1ccnc(NC(=O)C2CC2)c1,1.615287063,test,butina,22,0.7620510527600003,0.9938090929400003,1.01160532518,1.45132477576
N#CC[C@H](C1CCCC1)n1cc(-c2ncnc3[nH]ccc23)cn1,1.244598701,test,butina,22,1.1506863685900004,0.9366982532500002,0.8074955069900001,0.8692466130299998
C=CC(=O)Nc1cccc(Oc2nc(Nc3ccc(N4CCN(C)CC4)cc3)nc3ccsc23)c1,-0.308918508,test,butina,22,0.5480899344399998,0.35797680915999996,0.39818734638999986,-0.07566510911000006
CC#CC(=O)N1CC[C@@H](n2cc(-c3ccc(Oc4c(F)cccc4F)cc3)c3c(N)n[nH]c(=O)c32)C1,-0.029188389,test,butina,22,0.5682735629299998,0.26619681346999996,0.4421684954,0.2702757176700001
C=CC(=O)Nc1cccc(Oc2nc(Nc3ccc(N4CCN(C)CC4)c(F)c3)nc3[nH]ccc23)c1,-0.139063379,test,butina,22,0.7341093030000002,0.37222585701999994,0.5495805685899997,0.12236118365999998
Cc1ncc(CN2CC[C@@H](Nc3cncc(Cl)n3)[C@@H](C)C2)s1,1.264227348,test,butina,22,0.9793668451200002,0.9612256942700006,0.8465453905200002,0.9323645861900005
CCc1nc2c(C)cc(N3CCN(CC(=O)N4CC(O)C4)CC3)cn2c1N(C)c1nc(-c2ccc(F)cc2)c(C#N)s1,-0.434152181,test,butina,22,0.6224222198600001,0.23766411368999993,0.5170937665399999,0.5293393733700001
O=C1NCCN(C(=O)c2ccc3nccn3c2)C1c1ccccc1C(F)(F)F,1.801527189,test,butina,22,0.8236401818899995,0.8073137201799997,1.3079307189600002,1.0193349984000002
Cc1cc(F)ccc1C1C(=O)NCCN1C(=O)c1ccc2nccn2c1,1.950724994,test,butina,22,0.7158379592100005,0.8690277512399995,1.3561669467600006,1.0288068711900002
O=C1NCCN(C(=O)c2ccncc2)C1c1ccccc1Cl,1.868168158,test,butina,22,0.8814071535099997,1.02012476733,1.4357879756600005,1.3530421181899999
CC(=O)N1CCN(c2nc(C(F)(F)F)nc3sc(C)c(C)c23)CC1,0.624282096,test,butina,22,0.8123331902100002,1.1597223516400001,0.5414750132100001,0.7927261232599996
C=CC(=O)Nc1cccc(Oc2nc(Nc3ccc(N4CCN(C)CC4)cc3)nc3ccoc23)c1,-0.208309351,test,butina,22,0.49835384742999983,0.3736655690700001,0.51152285932,0.10789926289999997
CCn1c(CO)nn(-c2cc(O[C@@H](C)C(F)(F)F)c(C(=O)Nc3c(F)cccc3Cl)cc2F)c1=O,0.876910311,test,butina,22,0.6932872948000002,0.3980374384600001,0.3494007350899999,0.27051914975999997
Cc1ncc(CN2CCC(Nc3ccc4nnnn4n3)C(C)C2)s1,1.579154557,test,butina,22,1.1134824292600003,1.1294543273000004,1.0709150004500005,1.3566678115000002
CCC1=C(C)CN(C(=O)NCCc2ccc(S(=O)(=O)NC(=O)N[C@H]3CC[C@H](C)CC3)cc2)C1=O,-1.638272164,test,butina,22,1.2402877055900001,0.9554618015500002,0.62860985111,0.5615278774300002
Cc1cnc(C(=O)NCCc2ccc(S(=O)(=O)NC(=O)NC3CCCCC3)cc2)cn1,-0.204119983,test,butina,22,1.3601390563100006,0.91441463821,0.95200720459,1.1288545992600003
O=C(Nc1cnccc1-c1ccc(Cl)cc1)c1ccnc(NC(=O)C2CC2)c1,0.847634344,test,butina,22,0.5994443029800005,0.5055182617199998,0.8946117663599996,0.4281681800199998
CN1C(N)=N[C@](C)(c2cc(NC(=O)c3ccc(F)cn3)ccc2F)CS1(=O)=O,1.491417728,test,butina,22,0.7200822013200004,0.84125496689,0.70537640163,0.8939217337600001
CCCCNC(=O)NS(=O)(=O)c1ccc(C)cc1,0.440121603,test,butina,22,1.2288581771100004,1.12366088233,0.7682864508699998,1.6339661733899995
CCCNC(=O)NS(=O)(=O)c1ccc(Cl)cc1,0.628286731,test,butina,22,0.9398704323199998,1.1180647043500003,0.7750739332199995,1.4424040153499993
CC1(CNC(=O)c2cncc(C3CCNCC3)n2)CCCO1,1.960042456,test,butina,22,1.5307287103799998,1.46685224632,1.3544268929900003,1.80152070828
Nc1nc(=O)c2ncn(COCCO)c2[nH]1,1.850860573,test,butina,22,0.7981808956499998,1.3687252685000006,1.1713280810099997,1.6975754261700002
CCCc1nc2nc(C)c(NS(=O)(=O)c3ccc(C4CCCCC4)cc3)c(O)n2n1,-0.137272472,test,butina,22,0.7590295316600002,0.5660141700999998,0.52673630376,0.7170946747599998
CC(C)[C@@](C)(O)[C@@H]1CN(c2nc(-c3n[nH]c4ncccc34)c(F)cc2Cl)CCN1,0.622421274,test,butina,22,0.62762125171,0.5332852781099998,0.7683138803700004,0.5852220260099998
CNc1cc(Nc2cccn(-c3ccccn3)c2=O)nn2c(C(=O)N[C@@H]3C[C@@H]3F)cnc12,0.51851394,train,butina,23,,,,
CCOc1cc2nn(CCC(C)(C)O)cc2cc1NC(=O)c1cccc(C(F)F)n1,0.268343914,train,butina,23,,,,
CN(c1ncc(F)cn1)[C@H]1CCCNC1,2.0,train,butina,23,,,,
CC(C)(Oc1ccc(-c2cnc(N)c(-c3ccc(Cl)cc3)c2)cc1)C(=O)O,-1.403402904,train,butina,23,,,,
CC(C)(O)CCn1cc2cc(NC(=O)c3cccc(C(F)(F)F)n3)c(C(C)(C)O)cc2n1,1.092264361,train,butina,23,,,,
CC#CC(=O)N[C@H]1CCCN(c2c(F)cc(C(N)=O)c3[nH]c(C)c(C)c23)C1,-0.639532816,train,butina,23,,,,
CC(C)NCC(O)COc1cccc2ccccc12,1.347759218,train,butina,23,,,,
COc1ccc(Cl)cc1C(=O)NCCc1ccc(S(=O)(=O)NC(=O)NC2CCCCC2)cc1,-0.943095149,train,butina,23,,,,
C=CC(=O)N1CCC[C@@H](n2nc(-c3ccc(Oc4ccccc4)cc3)c3c(N)ncnc32)C1,-0.35853,train,butina,23,,,,
CCS(=O)(=O)N1CC(CC#N)(n2cc(-c3ncnc4[nH]ccc34)cn2)C1,2.0,train,butina,23,,,,
COc1ccc(S(=O)(=O)N2CCC(N3CCC(C)CC3)CC2)cc1,1.626076768,train,butina,23,,,,
CCn1c(-c2nonc2N)nc2cnc(Oc3cccc(NC(=O)c4ccc(OCCN5CCOCC5)cc4)c3)cc21,-0.325138859,train,butina,23,,,,
CC1(C)CC[C@]2(NC(=O)C(C)(F)F)CC[C@]3(C)[C@H](C(=O)C=C4[C@@]3(C)CC[C@H]3C(C)(C)C(=O)C(C#N)=C[C@]43C)[C@@H]2C1,-0.055517328,train,butina,23,,,,
COc1cc2c(cc1OC)CC(=O)N(CCCN(C)C[C@H]1Cc3cc(OC)c(OC)cc31)CC2,1.615139594,train,butina,23,,,,
N#Cc1ccc2[nH]c(O)c(-c3ccc(CN4CCOCC4)cn3)c2c1,1.072507236,train,butina,23,,,,
CCCc1cc(N2CCc3c(nc(C4CC4)n3C)C2)n2ncnc2n1,1.388207807,train,butina,23,,,,
Nc1c(F)ccc2cnc(-n3ccc4ccncc43)cc12,0.631443769,train,butina,23,,,,
C=CC(=O)N1C[C@H](Nc2ncnc3[nH]ccc23)CC[C@@H]1C,1.74597993,train,butina,23,,,,
Cn1cc(Nc2nccc(N3CC4CCC(C3)N4C(=O)[C@@H]3CC3(F)F)n2)cn1,1.786412441,train,butina,23,,,,
[2H]C([2H])([2H])NC(=O)c1nnc(NC(=O)C2CC2)cc1Nc1cccc(-c2ncn(C)n2)c1OC,1.236577565,train,butina,23,,,,
C=CC(=O)N1CCC(CNc2ncnc(N)c2-c2ccc(Oc3ccccc3)cc2)CC1,0.901294817,train,butina,23,,,,
Nc1n[nH]cc1-c1cc(Cl)ccc1Oc1cc(F)c(S(=O)(=O)Nc2cscn2)cc1Cl,-0.08249449,train,butina,23,,,,
Cn1cc(-c2cn3nccc3c(-c3cnn([C@]4(CC#N)C[C@@H](C#N)C4)c3)n2)cn1,1.364100521,train,butina,23,,,,
O=C(Nc1cccnc1)c1ccnc(NC(=O)C2CC2)c1,1.615287063,train,butina,23,,,,
O=C(c1ccc(Oc2ccccc2)cc1Cl)c1c[nH]c2ncnc(N[C@@H]3CC[C@@H](CO)OC3)c12,-0.295849483,train,butina,23,,,,
N#CC[C@H](C1CCCC1)n1cc(-c2ncnc3[nH]ccc23)cn1,1.244598701,train,butina,23,,,,
CC(C)(C)c1ccc(-c2nc3n(c(=O)c2C#N)CCS3)cc1,0.455758203,train,butina,23,,,,
C=CC(=O)Nc1cccc(Oc2nc(Nc3ccc(N4CCN(C)CC4)cc3)nc3ccsc23)c1,-0.308918508,train,butina,23,,,,
CC#CC(=O)N1CC[C@@H](n2c(=O)n(-c3ccc(Oc4ccccc4)cc3)c3c(N)ncnc32)C1,0.669595781,train,butina,23,,,,
C=CC(=O)N1CCC([C@@H]2CCNc3c(C(N)=O)c(-c4ccc(Oc5ccccc5)cc4)nn32)CC1,0.231979027,train,butina,23,,,,
C=CC(=O)N1CCC[C@H](n2c(=O)n(-c3ccc(Oc4ccccc4)cc3)c3c(N)ncnc32)C1,0.276231958,train,butina,23,,,,
CC(C)(C=C(C#N)C(=O)N1CCC[C@@H](n2nc(-c3ccc(Oc4ccccc4)cc3F)c3c(N)ncnc32)C1)N1CCN(C2COC2)CC1,0.123198075,train,butina,23,,,,
CC#CC(=O)N1CC[C@@H](n2cc(-c3ccc(Oc4c(F)cccc4F)cc3)c3c(N)n[nH]c(=O)c32)C1,-0.029188389,train,butina,23,,,,
C=CC(=O)Nc1cccc(Oc2nc(Nc3ccc(N4CCN(C)CC4)c(F)c3)nc3[nH]ccc23)c1,-0.139063379,train,butina,23,,,,
C[C@@H]1c2nnn(-c3ncc(F)cn3)c2CCN1C(=O)c1cccc(C(F)(F)F)c1Cl,1.240049772,train,butina,23,,,,
COc1ccccc1-c1cc(NC(=O)c2cccc(N3CCNC3=O)c2)[nH]n1,-0.742321425,train,butina,23,,,,
Nc1ncc(-c2cccc(C(F)(F)F)c2)c(C2CCCCN2C(=O)c2ccccc2)n1,0.137354111,train,butina,23,,,,
Fc1ccccc1-c1c[nH]nc1C1CCCN1Cc1ccc2ncccc2c1,0.460897843,train,butina,23,,,,
CCc1nc(C)cn2nc(-c3cc(=O)n4cc(C5CCN(C)CC5)cc(C)c4n3)cc12,0.593618308,train,butina,23,,,,
Cc1c(Cl)ccc2cc3n(c12)[C@@H](C)CNC3=O,0.696793085,train,butina,23,,,,
Nc1ncnc2c1c(-c1ccc(Oc3ccccc3)cc1)nn2[C@@H]1CCCNC1,0.846275242,train,butina,23,,,,
Cc1nnc(CN(C)CC(C)Oc2ccc(Cl)c(Cl)c2)n1C,1.114444172,train,butina,23,,,,
COc1nn(C)cc1C(=O)Nc1cccc(-c2cnc3n2CCC3)c1,0.685562611,train,butina,23,,,,
Cc1ncc(CN2CC[C@@H](Nc3cncc(Cl)n3)[C@@H](C)C2)s1,1.264227348,train,butina,23,,,,
Cc1ccc(C(=O)N2CCC(Cc3ccccc3-c3ccccc3)(C(=O)N(C)C)CC2)s1,-0.590066877,train,butina,23,,,,
CCc1nc2c(C)cc(N3CCN(CC(=O)N4CC(O)C4)CC3)cn2c1N(C)c1nc(-c2ccc(F)cc2)c(C#N)s1,-0.434152181,train,butina,23,,,,
C[C@@H]1CCN(C(=O)CC#N)C[C@@H]1N(C)c1ncnc2[nH]ccc12,1.747124255,train,butina,23,,,,
CN(C)C(=O)C1(Cc2ccccc2-c2ccccc2)CCN(C(=O)C2CCCO2)CC1,1.265713811,train,butina,23,,,,
CC(=O)Nc1ccc(C(=O)N2CCCCC2c2nc(N)ncc2-c2ccc(Cl)cc2)cc1,0.549861188,train,butina,23,,,,
CC(=O)Nc1ccc(C(=O)N2CCCCC2c2nc(N)ncc2-c2cccc(Cl)c2)cc1,0.584331224,train,butina,23,,,,
O=C1CN(c2ccc(Nc3nccc(C(F)(F)F)n3)cn2)CCN1,1.433497815,train,butina,23,,,,
O=C1NCCN(C(=O)c2ccc3nccn3c2)C1c1ccccc1C(F)(F)F,1.801527189,train,butina,23,,,,
Cc1cc(F)ccc1C1C(=O)NCCN1C(=O)c1ccc2nccn2c1,1.950724994,train,butina,23,,,,
O=C1NCCN(C(=O)c2ccncc2)C1c1ccccc1Cl,1.868168158,train,butina,23,,,,
C[C@H]1CN(C(=O)CC(c2ccccc2)c2ccccc2)C[C@@H](C)O1,0.718335579,train,butina,23,,,,
CN1[C@H]2CC[C@@H]1C[C@@H](OC(c1ccccc1)c1ccccc1)C2,1.180842415,train,butina,23,,,,
OC[C@H](Nc1cncc(-c2ccc3[nH]ncc3n2)c1)c1ccccc1,1.024690862,train,butina,23,,,,
Cc1ncsc1C(=O)N1CCCCC1c1nc(N(C)C)ncc1-c1cccc(Cl)c1,0.021602716,train,butina,23,,,,
OCC1CCCCN1Cc1ccc(Cl)c(Cl)c1,1.484982782,train,butina,23,,,,
CC(=O)N1CCN(c2nc(C(F)(F)F)nc3sc(C)c(C)c23)CC1,0.624282096,train,butina,23,,,,
COc1ccccc1C(=O)Nc1ccc2cc[nH]c2c1,0.571825249,train,butina,23,,,,
COc1ccc([C@H]2CN(C(C)=O)[C@@H]3CCCN(Cc4cccc(F)c4)[C@H]23)cc1,0.594060901,train,butina,23,,,,
Cc1c(C(=O)NCCCN(C)C)sc2ncnc(Nc3ccc(F)cc3OC(C)C)c12,0.966376423,train,butina,23,,,,
OCC1CCCCN1Cc1ccc(-c2ccccc2)cc1,1.394924244,train,butina,23,,,,
CC1(C)CC(Oc2ccc(-c3ccc(-c4cn[nH]c4)cc3O)nn2)CC(C)(C)N1,1.241969612,train,butina,23,,,,
Cc1nnc(-c2ccc3occ(-c4ccc(S(C)=O)cc4)c3c2)o1,1.077985291,train,butina,23,,,,
Cc1ncsc1C(=O)N1CCCCC1c1nc(N)ncc1-c1cccc(C(F)(F)F)c1,0.86254877,train,butina,23,,,,
O=C(Nc1ccc2ccccc2n1)c1ccc(N2CCOC2=O)cc1,0.069298012,train,butina,23,,,,
O=C(CCNC(=O)c1ccc(OC(F)(F)F)cc1)N[C@@H]1CCCc2ccccc21,0.630427875,train,butina,23,,,,
O=S(=O)(c1cccc2cnccc12)N1CCCNCC1,1.844321821,train,butina,23,,,,
C=CC(=O)Nc1cccc(Oc2nc(Nc3ccc(N4CCN(C)CC4)cc3)nc3ccoc23)c1,-0.208309351,train,butina,23,,,,
CCN1CCN(S(=O)(=O)Cc2ccc(Cl)c(Cl)c2)CC1,1.071845201,train,butina,23,,,,
O=C(Nc1nc2cccc(-c3ccc(CN4CCS(=O)(=O)CC4)cc3)n2n1)C1CC1,1.601853652,train,butina,23,,,,
CCn1c(CO)nn(-c2cc(O[C@@H](C)C(F)(F)F)c(C(=O)Nc3c(F)cccc3Cl)cc2F)c1=O,0.876910311,train,butina,23,,,,
CCN(C/C=C\c1ccc(C2CCCCC2)c(Cl)c1)C1CCCCC1,-0.266802735,train,butina,23,,,,
NCCN1CCN(C/C=C/C(=O)N2CCC[C@@H](n3nc(-c4ccc(Oc5ccccc5)cc4)c4c(N)ncnc43)C2)CC1,0.686814955,train,butina,23,,,,
Cn1c(C2CC2)nc2c1CCN(c1ncnc3ccsc13)C2,1.192985379,train,butina,23,,,,
COc1nn(C)cc1C(=O)Nc1cccc2cnccc12,1.58945809,train,butina,23,,,,
Cc1ncc(CN2CCC(Nc3ccc4nnnn4n3)C(C)C2)s1,1.579154557,train,butina,23,,,,
COc1ccc(Nc2c(C#N)cnc3cc(OC)c(OC)cc23)cc1Cl,0.115943177,train,butina,23,,,,
COc1ccc(CCCN2CCN(c3cnn(C)c3)C(=O)C2)cc1F,1.308414999,train,butina,23,,,,
Cc1noc(C(C)C)c1C(=O)N1CC(C)OC(c2ccccc2)C1,1.111934276,train,butina,23,,,,
Cc1c(F)cccc1NC(=O)CN1[C@H]2CCCC(=O)N[C@@]2(C)C[C@H]1Cc1ccccc1,0.925312092,train,butina,23,,,,
CCC1=C(C)CN(C(=O)NCCc2ccc(S(=O)(=O)NC(=O)N[C@H]3CC[C@H](C)CC3)cc2)C1=O,-1.638272164,train,butina,23,,,,
O=S(=O)(c1cccc2c(O)nccc12)N1CCCNCC1,1.990813743,train,butina,23,,,,
Cc1ccc(NC(=O)CN2[C@H]3CCCC(=O)N[C@@]3(C)C[C@H]2Cc2ccccc2)cc1F,0.360971884,train,butina,23,,,,
CN(C)C(=O)C1(Cc2ccccc2-c2cccc(F)c2)CCN(C(=O)C2CC=CCC2)CC1,0.142702246,train,butina,23,,,,
COc1ccc(CNC(=O)c2sc3nc(C)cc(C)c3c2N)cc1,-0.18243463,train,butina,23,,,,
C#C[C@@](C)(CC)NC(=O)c1cc(F)cnc1NC1CC(F)(F)C1,0.850278553,train,butina,23,,,,
Cn1cc(Nc2nc(N)nc(-c3cccc(-n4ccc5cc(C6CC6)cc(F)c5c4=O)c3CO)n2)cn1,0.581038949,train,butina,23,,,,
Cc1cnc(C(=O)NCCc2ccc(S(=O)(=O)NC(=O)NC3CCCCC3)cc2)cn1,-0.204119983,train,butina,23,,,,
CC(=O)Nc1ncc(CN2CCCC[C@@H]2C)s1,1.923109252,train,butina,23,,,,
O=C1CCCC[C@@H]2[C@H](C[C@@H](Cc3ccccc3F)N2C(=O)c2cccc3ncccc23)N1,1.348966512,train,butina,23,,,,
CCOc1cc(CC(=O)N[C@@H](CC(C)C)c2ccccc2N2CCCCC2)ccc1C(=O)O,-0.063486258,train,butina,23,,,,
CC(O)(C#Cc1ccc2c(c1)N(c1nc(N)ncc1Cl)CC2)c1nccs1,0.275311355,train,butina,23,,,,
COCCc1noc(CN2CC(c3ccccc3)(c3ccccc3)CCC2=O)n1,1.25166255,train,butina,23,,,,
Cc1[nH]nc2c1C1(CCCCC1)CC(=O)N2,1.284633733,train,butina,23,,,,
Cc1oc2ccccc2c1CNc1nnc(-c2ccncc2)o1,-0.172630727,train,butina,23,,,,
O=C(Nc1cccc2ncccc12)[C@H]1CCCN(S(=O)(=O)c2ccccc2)C1,1.091666958,train,butina,23,,,,
Nc1ncnc2c1c(-c1cnc3[nH]ccc3c1)nn2C1CCCC1,0.780605306,train,butina,23,,,,
O=C(Nc1cnccc1-c1ccc(Cl)cc1)c1ccnc(NC(=O)C2CC2)c1,0.847634344,train,butina,23,,,,
CN1C(N)=N[C@](C)(c2cc(NC(=O)c3ccc(F)cn3)ccc2F)CS1(=O)=O,1.491417728,train,butina,23,,,,
CC1CN(C(=O)c2cccnc2N2CCOCC2)CC(c2ccccc2)O1,1.555686814,train,butina,23,,,,
CCCCNC(=O)NS(=O)(=O)c1ccc(C)cc1,0.440121603,train,butina,23,,,,
CN(C)C(=O)C1(Cc2ccccc2-c2ccccc2)CCN(C(=O)c2cnn(C)c2)CC1,1.146840934,train,butina,23,,,,
CC1(C)CC(=O)C2=C(C1)NC(=O)CC2c1ccc(Br)cc1,0.944630702,train,butina,23,,,,
Cc1cc(N2CCCC2c2cc(CCC(=O)O)cc(C)n2)ncn1,2.0,train,butina,23,,,,
CCCNC(=O)NS(=O)(=O)c1ccc(Cl)cc1,0.628286731,train,butina,23,,,,
O=C(CN1CCCC(c2cccc(Cc3cccc(F)c3)n2)C1)N1CCCC1,0.953856298,train,butina,23,,,,
COc1cc2ncnc(Nc3cccc(O)c3)c2cc1OC,0.650307523,train,butina,23,,,,
Cc1cc(C)c2c(N)c(C(=O)NCc3ccc(Cl)cc3)sc2n1,-0.185752404,train,butina,23,,,,
COCCNC(=O)c1ccnc(C2CCNCC2)c1,2.0,train,butina,23,,,,
COc1nc2sc(C(=O)NC3CC3)c(N)c2c(C)c1Cl,0.452093249,train,butina,23,,,,
CC1(CNC(=O)c2cncc(C3CCNCC3)n2)CCCO1,1.960042456,train,butina,23,,,,
Cc1cc(N2CCCC2)nc(C2CCCN(C)C2)n1,1.861522463,train,butina,23,,,,
O=C1NCCSc2c1sc1ccc(O)cc21,1.164679941,train,butina,23,,,,
COc1cc2nc(N3CCN(C(=O)c4ccco4)CC3)nc(N)c2cc1OC,1.371880249,train,butina,23,,,,
CC(CCc1ccccc1)NCC(O)c1ccc(O)c(C(N)=O)c1,1.65850745,train,butina,23,,,,
CC1(C)Cc2cc(NC(=O)c3cnn4cccnc34)c(OCC3CC3)nc2O1,0.38219721,train,butina,23,,,,
CC(C)CC(NC(=O)C(O)C(N)Cc1ccccc1)C(=O)O,1.54052968,train,butina,23,,,,
COCCc1ccc(OCC(O)CNC(C)C)cc1,2.0,train,butina,23,,,,
COc1cc(Cc2cnc(N)nc2N)cc(OC)c1OC,1.855513099,train,butina,23,,,,
COc1cc2c(cc1OC)CN(CCc1ccc(NC(=O)c3cccc4c(O)c5cccc(OC)c5nc34)cc1)CC2,-1.292429824,train,butina,23,,,,
C=CCc1ccccc1OCC(O)CNC(C)C,1.496029699,train,butina,23,,,,
Nc1nc(=O)c2ncn(COCCO)c2[nH]1,1.850860573,train,butina,23,,,,
NCCCC[C@H](N[C@@H](CCc1ccccc1)C(=O)O)C(=O)N1CCC[C@H]1C(=O)O,2.0,train,butina,23,,,,
CCCc1nc2nc(C)c(NS(=O)(=O)c3ccc(C4CCCCC4)cc3)c(O)n2n1,-0.137272472,train,butina,23,,,,
COc1ccc([C@H]2c3[nH]c4ccc(Cl)cc4c3CCN2C(=O)Oc2ccc(Cl)cc2)cc1,1.754608223,train,butina,23,,,,
O=C(NC1CCNCC1)c1ccc2[nH]ncc2c1,1.92695435,train,butina,23,,,,
Cc1cccc(/C=N/Nc2cc(N3CCOCC3)nc(OCCc3ccccn3)n2)c1,-0.27572413,train,butina,23,,,,
COc1ccc(OC[C@@H]2c3cc(OC)c(OC)cc3CCN2C(=O)c2cccc(Cl)c2)cc1,0.232233521,train,butina,23,,,,
CC(C)[C@H](CO)Nc1nc(Nc2cc(N)cc(Cl)c2)c2ncn(C(C)C)c2n1,-0.099086932,train,butina,23,,,,
O=C(NC1CCNCC1)c1ccc2cn[nH]c2c1,1.70808081,train,butina,23,,,,
CC(C)(C)OC(=O)N1CCCC1C(=O)N1CCC(C(=O)N[C@@H](Cc2c[nH]c3ccccc23)C(=O)O)CC1,1.842553077,train,butina,23,,,,
O=C(Nc1cccc2c(=O)cc(-c3nnn[nH]3)oc12)c1ccc(OCCCCc2ccccc2)cc1,0.77224834,train,butina,23,,,,
CC(=O)Nc1ncc(C(=O)O)s1,1.854123782,train,butina,23,,,,
COc1cc2nc(-c3cc(F)ccc3O)nc(N[C@@H]3CNC[C@H]3C(C)(C)O)c2cc1OC.Cl,-0.823908741,train,butina,23,,,,
CC(C)[C@@](C)(O)[C@@H]1CN(c2nc(-c3n[nH]c4ncccc34)c(F)cc2Cl)CCN1,0.622421274,train,butina,23,,,,
CC(C)NC(=O)COc1cccc(-c2nc(Nc3ccc4[nH]ncc4c3)c3ccccc3n2)c1,-0.504455662,test,butina,23,0.52607096421,0.19150328532000002,0.32314916287,0.17021595370000003
Cc1c[nH]c2nccc(Oc3c(F)cc(Nc4cc(Cl)nc(N)n4)cc3F)c12,-0.68613278,test,butina,23,0.5250571899000002,0.4024638422699997,0.43676193938999996,0.28072651525999986
Fc1ccc(-c2ccc3c(c2)[nH]c2ccncc23)cn1,0.640978057,test,butina,23,1.07891071947,0.8194810236800002,0.70824244101,0.7385182402700002
Cc1c(-c2c(F)cc(C(N)=O)c3[nH]c4c(c23)CC[C@H](C(C)(C)O)C4)cccc1-n1c(=O)c2cccc(F)c2n(C)c1=O,0.326540669,test,butina,23,0.5950894247200001,0.24733632474,0.4156237272499998,-0.09915250584000003
O=C(Nc1cccc(-c2nncn2C2CC2)c1)c1cc(-n2cnc(C3CC3)c2)ccn1,0.611935625,test,butina,23,0.6634655003000001,0.7190862192500002,0.84650543291,0.4666971437499998
Cc1nccc(-c2cn(Cc3ccccc3)c3cnccc23)n1,1.207445854,test,butina,23,0.9232496483200003,0.9195530084700007,1.18812529933,0.6892354048700003
COc1cc(F)ccc1-c1ncnc(Nc2cccc(C[S@@](C)(=N)=O)c2)n1,1.574609941,test,butina,23,0.5147278442300003,0.6657284401999998,0.69797341906,0.42649994076000014
CC(C)(C)C(=O)N1CCC(Cc2ccc(-c3cccs3)cc2)(C(=O)N2CCCC2)CC1,0.008174184,test,butina,23,1.0031401979500003,0.8613504645300002,0.6963419677799998,0.23087266745999993
c1ccc(Oc2cccc(CN(CCN3CCOCC3)Cc3cccnc3)c2)cc1,0.142389466,test,butina,23,0.6397583803599999,0.7860411426599999,1.2490862853699998,0.7716702230499998
Nc1ncc(C(=O)NC2CN(C(=O)C3CC3)C2)c2ccc(-c3cccc(F)c3)nc12,0.38219721,test,butina,23,0.2417156542399999,0.8497432177800002,0.5266384979400001,1.2653310718500004
CC/C(=C(\c1ccccc1)c1ccc(OCCN(C)C)cc1)c1ccccc1,-0.341988603,test,butina,23,0.6827681853699998,0.2222972984400001,0.39227957754000004,0.40566970359000004
CNC(=O)C1(Cc2ccc(-c3ccncc3)cc2)CCN(Cc2cccc(F)c2)C1,0.715167358,test,butina,23,0.6139525259399999,0.7422605458199995,0.8364256029100001,0.9685186416399999
Cc1nc(Nc2nccs2)cc(C2CN(c3ncccn3)C2)n1,0.374565061,test,butina,23,1.1092468132500009,1.2816414304099997,0.8257107660800002,1.4864883531500004
CN(Cc1ccccc1)C1(C(=O)N2CCNC(=O)CC2)Cc2ccccc2C1,0.912806393,test,butina,23,0.9945036608899999,1.26378031059,0.91516701559,1.5433644610400006
COCC(=O)N1CCC(Cc2ccccc2-c2cccc(F)c2)(C(=O)NC(C)C)CC1,1.076967952,test,butina,23,0.54322611147,0.6090982836200002,0.7491023544200001,0.8164670377599998
CNC(=O)C1(Cc2ccc(-c3cccnc3)cc2)CCN(Cc2ccc(F)cc2)C1,0.918868743,test,butina,23,0.9497267832400001,0.7137582835699995,0.8000613331700004,0.9996909490500002
CNC(=O)C1(Cc2ccc(-c3cccnc3)cc2)CCN(Cc2cccc(F)c2)C1,0.531095547,test,butina,23,0.7437937880700002,0.7438645437399996,0.82988612916,0.9612711042600001
C[C@@H]1Cc2ccccc2N1C(=O)Cn1nc(-c2cccc3ncccc23)oc1=O,0.360404055,test,butina,23,1.0263812626600004,0.7408415724199996,0.7721116526700003,0.6360965117499999
Cc1cc(Nc2cnccn2)cc(C2CCCN(CC(=O)N3CCCC3)C2)n1,1.632416797,test,butina,23,1.1405437698900007,1.38637656388,1.41157892546,1.2563701703900005
Cc1cccnc1Nc1cccc(C2CCCN(CC(=O)Nc3nccs3)C2)n1,0.637289548,test,butina,23,1.0007534703500005,0.8247395446300001,0.6580777074099999,0.5518717718499998
CN1CCN(S(=O)(=O)c2ccc(-c3cnc(N)c(C(=O)Nc4cccnc4)n3)cc2)CC1,0.915558115,test,butina,23,1.05377291393,0.44449449420000015,0.89383598969,1.1522242861800007
CNC(=O)C1(Cc2ccc(-c3cccnc3)cc2)CCN(Cc2ccccc2Cl)C1,0.273695588,test,butina,23,1.0560940732800004,0.6741560486199998,0.8104607516299999,0.88227718855
CCn1cc(C(=O)O)c(=O)c2c(N)c(F)c(NC3CCCCC3)cc21,0.426673888,test,butina,23,0.7618085568500004,0.6198558126800001,0.5018148724100001,0.4298636963099999
N#Cc1cc(F)c(NS(=O)(=O)c2c[nH]c3cc(Cl)ccc23)cc1F,-0.251811973,test,butina,23,0.5128050698900002,0.5100173073900002,0.9199001802400001,0.4751023051200001
CC(C(=O)O)c1cccc(C(=O)c2ccccc2)c1,0.047274867,test,butina,23,1.0397568273300006,1.1453414099600001,0.8647267876600003,0.7096270595600003
NC(=O)C1(Cc2ccc(-c3ccncc3)cc2)CCN(C(=O)Cc2cccc(F)c2)CC1,1.058463986,test,butina,23,0.8851696066900003,0.6447699501799998,0.7835344449600001,0.8030863063500001
CC(=O)Nc1ccc(O)cc1,1.916985305,test,butina,23,1.2716914022900008,1.2251910577,0.5676101682600001,1.5124672900899998
CCn1c(=O)oc2cc(NC(=O)c3ccc(C(C)(C)C)cc3)ccc21,0.180412633,test,butina,23,0.9822884061400007,0.5220879275700001,0.41891558750000024,0.3527918510399999
N#Cc1ccc(COc2cccc(C3CCN(Cc4nc5ccc(C(=O)O)cc5n4C[C@@H]4CCO4)CC3)n2)c(F)c1,0.312177356,test,butina,23,0.6954244208600001,0.15027592275,0.3939509309700002,0.11847634528999995
Cc1cccc(-c2nc(C34CCC(C(N)=O)(CC3)CC4)[nH]c2-c2ccc3c(c2)OCO3)n1,0.21031852,test,butina,23,0.9358661358900003,0.5053667699000001,0.2554270657899999,0.70939661478
CNc1cc(Nc2cccn(-c3ccccn3)c2=O)nn2c(C(=O)N[C@@H]3C[C@@H]3F)cnc12,0.51851394,train,butina,24,,,,
CCOc1cc2nn(CCC(C)(C)O)cc2cc1NC(=O)c1cccc(C(F)F)n1,0.268343914,train,butina,24,,,,
CN(c1ncc(F)cn1)[C@H]1CCCNC1,2.0,train,butina,24,,,,
CC(C)(O)CCn1cc2cc(NC(=O)c3cccc(C(F)(F)F)n3)c(C(C)(C)O)cc2n1,1.092264361,train,butina,24,,,,
CC(C)NCC(O)COc1cccc2ccccc12,1.347759218,train,butina,24,,,,
COc1ccc(Cl)cc1C(=O)NCCc1ccc(S(=O)(=O)NC(=O)NC2CCCCC2)cc1,-0.943095149,train,butina,24,,,,
C=CC(=O)N1CCC[C@@H](n2nc(-c3ccc(Oc4ccccc4)cc3)c3c(N)ncnc32)C1,-0.35853,train,butina,24,,,,
CC(C)NC(=O)COc1cccc(-c2nc(Nc3ccc4[nH]ncc4c3)c3ccccc3n2)c1,-0.504455662,train,butina,24,,,,
CCS(=O)(=O)N1CC(CC#N)(n2cc(-c3ncnc4[nH]ccc34)cn2)C1,2.0,train,butina,24,,,,
COc1ccc(S(=O)(=O)N2CCC(N3CCC(C)CC3)CC2)cc1,1.626076768,train,butina,24,,,,
CCn1c(-c2nonc2N)nc2cnc(Oc3cccc(NC(=O)c4ccc(OCCN5CCOCC5)cc4)c3)cc21,-0.325138859,train,butina,24,,,,
CC1(C)CC[C@]2(NC(=O)C(C)(F)F)CC[C@]3(C)[C@H](C(=O)C=C4[C@@]3(C)CC[C@H]3C(C)(C)C(=O)C(C#N)=C[C@]43C)[C@@H]2C1,-0.055517328,train,butina,24,,,,
Cc1c[nH]c2nccc(Oc3c(F)cc(Nc4cc(Cl)nc(N)n4)cc3F)c12,-0.68613278,train,butina,24,,,,
COc1cc2c(cc1OC)CC(=O)N(CCCN(C)C[C@H]1Cc3cc(OC)c(OC)cc31)CC2,1.615139594,train,butina,24,,,,
N#Cc1ccc2[nH]c(O)c(-c3ccc(CN4CCOCC4)cn3)c2c1,1.072507236,train,butina,24,,,,
CCCc1cc(N2CCc3c(nc(C4CC4)n3C)C2)n2ncnc2n1,1.388207807,train,butina,24,,,,
Fc1ccc(-c2ccc3c(c2)[nH]c2ccncc23)cn1,0.640978057,train,butina,24,,,,
Nc1c(F)ccc2cnc(-n3ccc4ccncc43)cc12,0.631443769,train,butina,24,,,,
Cn1cc(Nc2nccc(N3CC4CCC(C3)N4C(=O)[C@@H]3CC3(F)F)n2)cn1,1.786412441,train,butina,24,,,,
[2H]C([2H])([2H])NC(=O)c1nnc(NC(=O)C2CC2)cc1Nc1cccc(-c2ncn(C)n2)c1OC,1.236577565,train,butina,24,,,,
C=CC(=O)N1CCC(CNc2ncnc(N)c2-c2ccc(Oc3ccccc3)cc2)CC1,0.901294817,train,butina,24,,,,
Nc1n[nH]cc1-c1cc(Cl)ccc1Oc1cc(F)c(S(=O)(=O)Nc2cscn2)cc1Cl,-0.08249449,train,butina,24,,,,
Cc1c(-c2c(F)cc(C(N)=O)c3[nH]c4c(c23)CC[C@H](C(C)(C)O)C4)cccc1-n1c(=O)c2cccc(F)c2n(C)c1=O,0.326540669,train,butina,24,,,,
Cn1cc(-c2cn3nccc3c(-c3cnn([C@]4(CC#N)C[C@@H](C#N)C4)c3)n2)cn1,1.364100521,train,butina,24,,,,
O=C(Nc1cccnc1)c1ccnc(NC(=O)C2CC2)c1,1.615287063,train,butina,24,,,,
O=C(c1ccc(Oc2ccccc2)cc1Cl)c1c[nH]c2ncnc(N[C@@H]3CC[C@@H](CO)OC3)c12,-0.295849483,train,butina,24,,,,
N#CC[C@H](C1CCCC1)n1cc(-c2ncnc3[nH]ccc23)cn1,1.244598701,train,butina,24,,,,
CC(C)(C)c1ccc(-c2nc3n(c(=O)c2C#N)CCS3)cc1,0.455758203,train,butina,24,,,,
C=CC(=O)Nc1cccc(Oc2nc(Nc3ccc(N4CCN(C)CC4)cc3)nc3ccsc23)c1,-0.308918508,train,butina,24,,,,
CC#CC(=O)N1CC[C@@H](n2c(=O)n(-c3ccc(Oc4ccccc4)cc3)c3c(N)ncnc32)C1,0.669595781,train,butina,24,,,,
C=CC(=O)N1CCC([C@@H]2CCNc3c(C(N)=O)c(-c4ccc(Oc5ccccc5)cc4)nn32)CC1,0.231979027,train,butina,24,,,,
C=CC(=O)N1CCC[C@H](n2c(=O)n(-c3ccc(Oc4ccccc4)cc3)c3c(N)ncnc32)C1,0.276231958,train,butina,24,,,,
CC(C)(C=C(C#N)C(=O)N1CCC[C@@H](n2nc(-c3ccc(Oc4ccccc4)cc3F)c3c(N)ncnc32)C1)N1CCN(C2COC2)CC1,0.123198075,train,butina,24,,,,
CC#CC(=O)N1CC[C@@H](n2cc(-c3ccc(Oc4c(F)cccc4F)cc3)c3c(N)n[nH]c(=O)c32)C1,-0.029188389,train,butina,24,,,,
C=CC(=O)Nc1cccc(Oc2nc(Nc3ccc(N4CCN(C)CC4)c(F)c3)nc3[nH]ccc23)c1,-0.139063379,train,butina,24,,,,
C[C@@H]1c2nnn(-c3ncc(F)cn3)c2CCN1C(=O)c1cccc(C(F)(F)F)c1Cl,1.240049772,train,butina,24,,,,
COc1ccccc1-c1cc(NC(=O)c2cccc(N3CCNC3=O)c2)[nH]n1,-0.742321425,train,butina,24,,,,
O=C(Nc1cccc(-c2nncn2C2CC2)c1)c1cc(-n2cnc(C3CC3)c2)ccn1,0.611935625,train,butina,24,,,,
Cc1nccc(-c2cn(Cc3ccccc3)c3cnccc23)n1,1.207445854,train,butina,24,,,,
CCc1nc(C)cn2nc(-c3cc(=O)n4cc(C5CCN(C)CC5)cc(C)c4n3)cc12,0.593618308,train,butina,24,,,,
Cc1c(Cl)ccc2cc3n(c12)[C@@H](C)CNC3=O,0.696793085,train,butina,24,,,,
Nc1ncnc2c1c(-c1ccc(Oc3ccccc3)cc1)nn2[C@@H]1CCCNC1,0.846275242,train,butina,24,,,,
COc1cc(F)ccc1-c1ncnc(Nc2cccc(C[S@@](C)(=N)=O)c2)n1,1.574609941,train,butina,24,,,,
Cc1ncc(CN2CC[C@@H](Nc3cncc(Cl)n3)[C@@H](C)C2)s1,1.264227348,train,butina,24,,,,
Cc1ccc(C(=O)N2CCC(Cc3ccccc3-c3ccccc3)(C(=O)N(C)C)CC2)s1,-0.590066877,train,butina,24,,,,
CCc1nc2c(C)cc(N3CCN(CC(=O)N4CC(O)C4)CC3)cn2c1N(C)c1nc(-c2ccc(F)cc2)c(C#N)s1,-0.434152181,train,butina,24,,,,
CN(C)C(=O)C1(Cc2ccccc2-c2ccccc2)CCN(C(=O)C2CCCO2)CC1,1.265713811,train,butina,24,,,,
O=C1CN(c2ccc(Nc3nccc(C(F)(F)F)n3)cn2)CCN1,1.433497815,train,butina,24,,,,
O=C1NCCN(C(=O)c2ccc3nccn3c2)C1c1ccccc1C(F)(F)F,1.801527189,train,butina,24,,,,
Cc1cc(F)ccc1C1C(=O)NCCN1C(=O)c1ccc2nccn2c1,1.950724994,train,butina,24,,,,
O=C1NCCN(C(=O)c2ccncc2)C1c1ccccc1Cl,1.868168158,train,butina,24,,,,
C[C@H]1CN(C(=O)CC(c2ccccc2)c2ccccc2)C[C@@H](C)O1,0.718335579,train,butina,24,,,,
CN1[C@H]2CC[C@@H]1C[C@@H](OC(c1ccccc1)c1ccccc1)C2,1.180842415,train,butina,24,,,,
CC(C)(C)C(=O)N1CCC(Cc2ccc(-c3cccs3)cc2)(C(=O)N2CCCC2)CC1,0.008174184,train,butina,24,,,,
OC[C@H](Nc1cncc(-c2ccc3[nH]ncc3n2)c1)c1ccccc1,1.024690862,train,butina,24,,,,
OCC1CCCCN1Cc1ccc(Cl)c(Cl)c1,1.484982782,train,butina,24,,,,
CC(=O)N1CCN(c2nc(C(F)(F)F)nc3sc(C)c(C)c23)CC1,0.624282096,train,butina,24,,,,
COc1ccccc1C(=O)Nc1ccc2cc[nH]c2c1,0.571825249,train,butina,24,,,,
c1ccc(Oc2cccc(CN(CCN3CCOCC3)Cc3cccnc3)c2)cc1,0.142389466,train,butina,24,,,,
Cc1c(C(=O)NCCCN(C)C)sc2ncnc(Nc3ccc(F)cc3OC(C)C)c12,0.966376423,train,butina,24,,,,
OCC1CCCCN1Cc1ccc(-c2ccccc2)cc1,1.394924244,train,butina,24,,,,
Nc1ncc(C(=O)NC2CN(C(=O)C3CC3)C2)c2ccc(-c3cccc(F)c3)nc12,0.38219721,train,butina,24,,,,
CC1(C)CC(Oc2ccc(-c3ccc(-c4cn[nH]c4)cc3O)nn2)CC(C)(C)N1,1.241969612,train,butina,24,,,,
O=C(Nc1ccc2ccccc2n1)c1ccc(N2CCOC2=O)cc1,0.069298012,train,butina,24,,,,
O=C(CCNC(=O)c1ccc(OC(F)(F)F)cc1)N[C@@H]1CCCc2ccccc21,0.630427875,train,butina,24,,,,
C=CC(=O)Nc1cccc(Oc2nc(Nc3ccc(N4CCN(C)CC4)cc3)nc3ccoc23)c1,-0.208309351,train,butina,24,,,,
CCN1CCN(S(=O)(=O)Cc2ccc(Cl)c(Cl)c2)CC1,1.071845201,train,butina,24,,,,
CCn1c(CO)nn(-c2cc(O[C@@H](C)C(F)(F)F)c(C(=O)Nc3c(F)cccc3Cl)cc2F)c1=O,0.876910311,train,butina,24,,,,
CCN(C/C=C\c1ccc(C2CCCCC2)c(Cl)c1)C1CCCCC1,-0.266802735,train,butina,24,,,,
NCCN1CCN(C/C=C/C(=O)N2CCC[C@@H](n3nc(-c4ccc(Oc5ccccc5)cc4)c4c(N)ncnc43)C2)CC1,0.686814955,train,butina,24,,,,
Cn1c(C2CC2)nc2c1CCN(c1ncnc3ccsc13)C2,1.192985379,train,butina,24,,,,
CC/C(=C(\c1ccccc1)c1ccc(OCCN(C)C)cc1)c1ccccc1,-0.341988603,train,butina,24,,,,
CNC(=O)C1(Cc2ccc(-c3ccncc3)cc2)CCN(Cc2cccc(F)c2)C1,0.715167358,train,butina,24,,,,
Cc1ncc(CN2CCC(Nc3ccc4nnnn4n3)C(C)C2)s1,1.579154557,train,butina,24,,,,
Cc1nc(Nc2nccs2)cc(C2CN(c3ncccn3)C2)n1,0.374565061,train,butina,24,,,,
COc1ccc(Nc2c(C#N)cnc3cc(OC)c(OC)cc23)cc1Cl,0.115943177,train,butina,24,,,,
COc1ccc(CCCN2CCN(c3cnn(C)c3)C(=O)C2)cc1F,1.308414999,train,butina,24,,,,
Cc1noc(C(C)C)c1C(=O)N1CC(C)OC(c2ccccc2)C1,1.111934276,train,butina,24,,,,
CN(Cc1ccccc1)C1(C(=O)N2CCNC(=O)CC2)Cc2ccccc2C1,0.912806393,train,butina,24,,,,
Cc1c(F)cccc1NC(=O)CN1[C@H]2CCCC(=O)N[C@@]2(C)C[C@H]1Cc1ccccc1,0.925312092,train,butina,24,,,,
CCC1=C(C)CN(C(=O)NCCc2ccc(S(=O)(=O)NC(=O)N[C@H]3CC[C@H](C)CC3)cc2)C1=O,-1.638272164,train,butina,24,,,,
Cc1ccc(NC(=O)CN2[C@H]3CCCC(=O)N[C@@]3(C)C[C@H]2Cc2ccccc2)cc1F,0.360971884,train,butina,24,,,,
CN(C)C(=O)C1(Cc2ccccc2-c2cccc(F)c2)CCN(C(=O)C2CC=CCC2)CC1,0.142702246,train,butina,24,,,,
COCC(=O)N1CCC(Cc2ccccc2-c2cccc(F)c2)(C(=O)NC(C)C)CC1,1.076967952,train,butina,24,,,,
COc1ccc(CNC(=O)c2sc3nc(C)cc(C)c3c2N)cc1,-0.18243463,train,butina,24,,,,
C#C[C@@](C)(CC)NC(=O)c1cc(F)cnc1NC1CC(F)(F)C1,0.850278553,train,butina,24,,,,
Cn1cc(Nc2nc(N)nc(-c3cccc(-n4ccc5cc(C6CC6)cc(F)c5c4=O)c3CO)n2)cn1,0.581038949,train,butina,24,,,,
Cc1cnc(C(=O)NCCc2ccc(S(=O)(=O)NC(=O)NC3CCCCC3)cc2)cn1,-0.204119983,train,butina,24,,,,
CNC(=O)C1(Cc2ccc(-c3cccnc3)cc2)CCN(Cc2ccc(F)cc2)C1,0.918868743,train,butina,24,,,,
CNC(=O)C1(Cc2ccc(-c3cccnc3)cc2)CCN(Cc2cccc(F)c2)C1,0.531095547,train,butina,24,,,,
O=C1CCCC[C@@H]2[C@H](C[C@@H](Cc3ccccc3F)N2C(=O)c2cccc3ncccc23)N1,1.348966512,train,butina,24,,,,
CC(O)(C#Cc1ccc2c(c1)N(c1nc(N)ncc1Cl)CC2)c1nccs1,0.275311355,train,butina,24,,,,
COCCc1noc(CN2CC(c3ccccc3)(c3ccccc3)CCC2=O)n1,1.25166255,train,butina,24,,,,
O=C(Nc1cccc2ncccc12)[C@H]1CCCN(S(=O)(=O)c2ccccc2)C1,1.091666958,train,butina,24,,,,
C[C@@H]1Cc2ccccc2N1C(=O)Cn1nc(-c2cccc3ncccc23)oc1=O,0.360404055,train,butina,24,,,,
Nc1ncnc2c1c(-c1cnc3[nH]ccc3c1)nn2C1CCCC1,0.780605306,train,butina,24,,,,
O=C(Nc1cnccc1-c1ccc(Cl)cc1)c1ccnc(NC(=O)C2CC2)c1,0.847634344,train,butina,24,,,,
CN1C(N)=N[C@](C)(c2cc(NC(=O)c3ccc(F)cn3)ccc2F)CS1(=O)=O,1.491417728,train,butina,24,,,,
CC1CN(C(=O)c2cccnc2N2CCOCC2)CC(c2ccccc2)O1,1.555686814,train,butina,24,,,,
CCCCNC(=O)NS(=O)(=O)c1ccc(C)cc1,0.440121603,train,butina,24,,,,
Cc1cc(Nc2cnccn2)cc(C2CCCN(CC(=O)N3CCCC3)C2)n1,1.632416797,train,butina,24,,,,
Cc1cccnc1Nc1cccc(C2CCCN(CC(=O)Nc3nccs3)C2)n1,0.637289548,train,butina,24,,,,
CN(C)C(=O)C1(Cc2ccccc2-c2ccccc2)CCN(C(=O)c2cnn(C)c2)CC1,1.146840934,train,butina,24,,,,
CC1(C)CC(=O)C2=C(C1)NC(=O)CC2c1ccc(Br)cc1,0.944630702,train,butina,24,,,,
CN1CCN(S(=O)(=O)c2ccc(-c3cnc(N)c(C(=O)Nc4cccnc4)n3)cc2)CC1,0.915558115,train,butina,24,,,,
CNC(=O)C1(Cc2ccc(-c3cccnc3)cc2)CCN(Cc2ccccc2Cl)C1,0.273695588,train,butina,24,,,,
Cc1cc(N2CCCC2c2cc(CCC(=O)O)cc(C)n2)ncn1,2.0,train,butina,24,,,,
CCCNC(=O)NS(=O)(=O)c1ccc(Cl)cc1,0.628286731,train,butina,24,,,,
O=C(CN1CCCC(c2cccc(Cc3cccc(F)c3)n2)C1)N1CCCC1,0.953856298,train,butina,24,,,,
COc1cc2ncnc(Nc3cccc(O)c3)c2cc1OC,0.650307523,train,butina,24,,,,
Cc1cc(C)c2c(N)c(C(=O)NCc3ccc(Cl)cc3)sc2n1,-0.185752404,train,butina,24,,,,
COc1nc2sc(C(=O)NC3CC3)c(N)c2c(C)c1Cl,0.452093249,train,butina,24,,,,
CC1(CNC(=O)c2cncc(C3CCNCC3)n2)CCCO1,1.960042456,train,butina,24,,,,
CCn1cc(C(=O)O)c(=O)c2c(N)c(F)c(NC3CCCCC3)cc21,0.426673888,train,butina,24,,,,
COc1cc2nc(N3CCN(C(=O)c4ccco4)CC3)nc(N)c2cc1OC,1.371880249,train,butina,24,,,,
CC(CCc1ccccc1)NCC(O)c1ccc(O)c(C(N)=O)c1,1.65850745,train,butina,24,,,,
N#Cc1cc(F)c(NS(=O)(=O)c2c[nH]c3cc(Cl)ccc23)cc1F,-0.251811973,train,butina,24,,,,
CC(C)CC(NC(=O)C(O)C(N)Cc1ccccc1)C(=O)O,1.54052968,train,butina,24,,,,
COCCc1ccc(OCC(O)CNC(C)C)cc1,2.0,train,butina,24,,,,
COc1cc(Cc2cnc(N)nc2N)cc(OC)c1OC,1.855513099,train,butina,24,,,,
CC(C(=O)O)c1cccc(C(=O)c2ccccc2)c1,0.047274867,train,butina,24,,,,
COc1cc2c(cc1OC)CN(CCc1ccc(NC(=O)c3cccc4c(O)c5cccc(OC)c5nc34)cc1)CC2,-1.292429824,train,butina,24,,,,
C=CCc1ccccc1OCC(O)CNC(C)C,1.496029699,train,butina,24,,,,
Nc1nc(=O)c2ncn(COCCO)c2[nH]1,1.850860573,train,butina,24,,,,
NCCCC[C@H](N[C@@H](CCc1ccccc1)C(=O)O)C(=O)N1CCC[C@H]1C(=O)O,2.0,train,butina,24,,,,
CCCc1nc2nc(C)c(NS(=O)(=O)c3ccc(C4CCCCC4)cc3)c(O)n2n1,-0.137272472,train,butina,24,,,,
COc1ccc([C@H]2c3[nH]c4ccc(Cl)cc4c3CCN2C(=O)Oc2ccc(Cl)cc2)cc1,1.754608223,train,butina,24,,,,
NC(=O)C1(Cc2ccc(-c3ccncc3)cc2)CCN(C(=O)Cc2cccc(F)c2)CC1,1.058463986,train,butina,24,,,,
CC(=O)Nc1ccc(O)cc1,1.916985305,train,butina,24,,,,
Cc1cccc(/C=N/Nc2cc(N3CCOCC3)nc(OCCc3ccccn3)n2)c1,-0.27572413,train,butina,24,,,,
CCn1c(=O)oc2cc(NC(=O)c3ccc(C(C)(C)C)cc3)ccc21,0.180412633,train,butina,24,,,,
N#Cc1ccc(COc2cccc(C3CCN(Cc4nc5ccc(C(=O)O)cc5n4C[C@@H]4CCO4)CC3)n2)c(F)c1,0.312177356,train,butina,24,,,,
CC(C)(C)OC(=O)N1CCCC1C(=O)N1CCC(C(=O)N[C@@H](Cc2c[nH]c3ccccc23)C(=O)O)CC1,1.842553077,train,butina,24,,,,
Cc1cccc(-c2nc(C34CCC(C(N)=O)(CC3)CC4)[nH]c2-c2ccc3c(c2)OCO3)n1,0.21031852,train,butina,24,,,,
CC(C)[C@@](C)(O)[C@@H]1CN(c2nc(-c3n[nH]c4ncccc34)c(F)cc2Cl)CCN1,0.622421274,train,butina,24,,,,
CC(C)(Oc1ccc(-c2cnc(N)c(-c3ccc(Cl)cc3)c2)cc1)C(=O)O,-1.403402904,test,butina,24,0.5250713291400002,0.5060058610199998,0.60653100586,0.25466670885999976
CC#CC(=O)N[C@H]1CCCN(c2c(F)cc(C(N)=O)c3[nH]c(C)c(C)c23)C1,-0.639532816,test,butina,24,0.8612993904499998,0.9753544287100003,0.4486140040299999,1.1031489519800006
C=CC(=O)N1C[C@H](Nc2ncnc3[nH]ccc23)CC[C@@H]1C,1.74597993,test,butina,24,1.1399407233100003,1.1426063829899997,0.60716609999,1.6025548729199999
Nc1ncc(-c2cccc(C(F)(F)F)c2)c(C2CCCCN2C(=O)c2ccccc2)n1,0.137354111,test,butina,24,0.9518209731100002,0.9676371994099998,0.7497357556400002,0.5966098591699996
Fc1ccccc1-c1c[nH]nc1C1CCCN1Cc1ccc2ncccc2c1,0.460897843,test,butina,24,0.8737433466600002,0.5751502822799996,0.9681231429699999,0.6289714936399997
Cc1nnc(CN(C)CC(C)Oc2ccc(Cl)c(Cl)c2)n1C,1.114444172,test,butina,24,0.76888908247,1.07704153276,0.9562825396,0.7405571181499998
COc1nn(C)cc1C(=O)Nc1cccc(-c2cnc3n2CCC3)c1,0.685562611,test,butina,24,0.8352899399899999,0.7128596577399997,0.9623729006100001,1.3430001653000003
C[C@@H]1CCN(C(=O)CC#N)C[C@@H]1N(C)c1ncnc2[nH]ccc12,1.747124255,test,butina,24,1.2557517789200001,1.31426421055,0.7533699792899999,1.6842823493199994
CC(=O)Nc1ccc(C(=O)N2CCCCC2c2nc(N)ncc2-c2ccc(Cl)cc2)cc1,0.549861188,test,butina,24,1.4740962258200003,0.7409241758500003,0.7623018222600001,0.35757157273999984
CC(=O)Nc1ccc(C(=O)N2CCCCC2c2nc(N)ncc2-c2cccc(Cl)c2)cc1,0.584331224,test,butina,24,1.1876958060300007,0.75165039752,0.7544684022100003,0.29966465371999995
Cc1ncsc1C(=O)N1CCCCC1c1nc(N(C)C)ncc1-c1cccc(Cl)c1,0.021602716,test,butina,24,1.06892831655,0.5742484833199998,0.9083335253500002,0.4684601079499998
COc1ccc([C@H]2CN(C(C)=O)[C@@H]3CCCN(Cc4cccc(F)c4)[C@H]23)cc1,0.594060901,test,butina,24,1.1404268740300005,0.8926078101900002,0.5548432257099999,0.9460602517900003
Cc1nnc(-c2ccc3occ(-c4ccc(S(C)=O)cc4)c3c2)o1,1.077985291,test,butina,24,0.8417975628800001,0.52816058033,0.42402659074,0.5326022166799997
Cc1ncsc1C(=O)N1CCCCC1c1nc(N)ncc1-c1cccc(C(F)(F)F)c1,0.86254877,test,butina,24,1.01201203615,0.7886519260400001,0.8226912476099996,0.6357625473299998
O=S(=O)(c1cccc2cnccc12)N1CCCNCC1,1.844321821,test,butina,24,0.7366594907299997,1.2895395213700007,1.2296585759300005,1.4999983692900005
O=C(Nc1nc2cccc(-c3ccc(CN4CCS(=O)(=O)CC4)cc3)n2n1)C1CC1,1.601853652,test,butina,24,0.8633467941900003,0.7223695620699998,0.55655644834,0.7793653274999999
COc1nn(C)cc1C(=O)Nc1cccc2cnccc12,1.58945809,test,butina,24,0.7643526278600001,0.8558385582200002,1.0653096023000002,1.3215986276700005
O=S(=O)(c1cccc2c(O)nccc12)N1CCCNCC1,1.990813743,test,butina,24,0.7718299640899998,1.1080506896400002,1.08472097043,1.4684398708600006
CC(=O)Nc1ncc(CN2CCCC[C@@H]2C)s1,1.923109252,test,butina,24,1.2440537984200002,1.2624996127399999,1.0800015224800001,1.4633881642500004
CCOc1cc(CC(=O)N[C@@H](CC(C)C)c2ccccc2N2CCCCC2)ccc1C(=O)O,-0.063486258,test,butina,24,0.6992427840199998,0.6665767858099998,0.50964749897,0.31200896962999997
Cc1[nH]nc2c1C1(CCCCC1)CC(=O)N2,1.284633733,test,butina,24,0.6874723927900003,1.0015191059700002,0.8651189567500002,1.5105838699000005
Cc1oc2ccccc2c1CNc1nnc(-c2ccncc2)o1,-0.172630727,test,butina,24,0.99995846535,0.57695414164,0.72122060956,0.6016025687199998
COCCNC(=O)c1ccnc(C2CCNCC2)c1,2.0,test,butina,24,1.02214270288,1.3703582132900005,1.06725641669,1.6739780581899992
Cc1cc(N2CCCC2)nc(C2CCCN(C)C2)n1,1.861522463,test,butina,24,1.25636186448,1.25086623422,1.05928806076,1.5693490741499994
O=C1NCCSc2c1sc1ccc(O)cc21,1.164679941,test,butina,24,0.9959258941000003,1.0452476282599996,0.53098652482,0.9009159369200003
CC1(C)Cc2cc(NC(=O)c3cnn4cccnc34)c(OCC3CC3)nc2O1,0.38219721,test,butina,24,0.9666322513399999,0.6348780243899999,0.9179419048300003,0.8136979348000003
O=C(NC1CCNCC1)c1ccc2[nH]ncc2c1,1.92695435,test,butina,24,1.2286542289600006,1.1385970739400002,0.9878001588200007,1.6003911685300003
COc1ccc(OC[C@@H]2c3cc(OC)c(OC)cc3CCN2C(=O)c2cccc(Cl)c2)cc1,0.232233521,test,butina,24,0.8118289048900003,0.8145183920700001,0.3657989517000002,0.46331997192999963
CC(C)[C@H](CO)Nc1nc(Nc2cc(N)cc(Cl)c2)c2ncn(C(C)C)c2n1,-0.099086932,test,butina,24,0.9470096949400005,0.9060439758799997,0.5322967055499997,0.22978845599999992
O=C(NC1CCNCC1)c1ccc2cn[nH]c2c1,1.70808081,test,butina,24,1.1726512303300005,1.1056722458300003,0.9883535349800002,1.60316642081
O=C(Nc1cccc2c(=O)cc(-c3nnn[nH]3)oc12)c1ccc(OCCCCc2ccccc2)cc1,0.77224834,test,butina,24,0.4746735597000001,0.06641627656999999,0.41469221927,-0.004171734740000025
CC(=O)Nc1ncc(C(=O)O)s1,1.854123782,test,butina,24,1.32227564983,1.2556001300100004,1.1851408316500005,1.0767327407000002
COc1cc2nc(-c3cc(F)ccc3O)nc(N[C@@H]3CNC[C@H]3C(C)(C)O)c2cc1OC.Cl,-0.823908741,test,butina,24,0.5349054581699998,0.6399139637899998,0.5147021382399998,0.21836852626999978
