SMILES,ppb_h,dset,group,fold,fingerprint,molbert,molformer,physchem
CNc1cc(Nc2cccn(-c3ccccn3)c2=O)nn2c(C(=O)N[C@@H]3C[C@@H]3F)cnc12,0.991226076,train,random,0,,,,
CCOc1cc2nn(CCC(C)(C)O)cc2cc1NC(=O)c1cccc(C(F)F)n1,0.099680641,train,random,0,,,,
CN(c1ncc(F)cn1)[C@H]1CCCNC1,2.0,train,random,0,,,,
CC(C)(Oc1ccc(-c2cnc(N)c(-c3ccc(Cl)cc3)c2)cc1)C(=O)O,-1.158015195,train,random,0,,,,
CC#CC(=O)N[C@H]1CCCN(c2c(F)cc(C(N)=O)c3[nH]c(C)c(C)c23)C1,0.163856803,train,random,0,,,,
C=CC(=O)N1CCC[C@@H](n2nc(-c3ccc(Oc4ccccc4)cc3)c3c(N)ncnc32)C1,0.62603,train,random,0,,,,
CC(C)NC(=O)COc1cccc(-c2nc(Nc3ccc4[nH]ncc4c3)c3ccccc3n2)c1,-1.384078213,train,random,0,,,,
CCS(=O)(=O)N1CC(CC#N)(n2cc(-c3ncnc4[nH]ccc34)cn2)C1,1.378597739,train,random,0,,,,
COc1ccc(S(=O)(=O)N2CCC(N3CCC(C)CC3)CC2)cc1,1.729799023,train,random,0,,,,
Cc1c[nH]c2nccc(Oc3c(F)cc(Nc4cc(Cl)nc(N)n4)cc3F)c12,-1.22184875,train,random,0,,,,
CCCc1cc(N2CCc3c(nc(C4CC4)n3C)C2)n2ncnc2n1,1.677187053,train,random,0,,,,
Fc1ccc(-c2ccc3c(c2)[nH]c2ccncc23)cn1,0.653405491,train,random,0,,,,
Nc1c(F)ccc2cnc(-n3ccc4ccncc43)cc12,0.713910354,train,random,0,,,,
C=CC(=O)N1C[C@H](Nc2ncnc3[nH]ccc23)CC[C@@H]1C,1.828227965,train,random,0,,,,
C=CC(=O)N1CCC(CNc2ncnc(N)c2-c2ccc(Oc3ccccc3)cc2)CC1,0.752995432,train,random,0,,,,
Cc1c(-c2c(F)cc(C(N)=O)c3[nH]c4c(c23)CC[C@H](C(C)(C)O)C4)cccc1-n1c(=O)c2cccc(F)c2n(C)c1=O,0.436162647,train,random,0,,,,
N#CC[C@H](C1CCCC1)n1cc(-c2ncnc3[nH]ccc23)cn1,0.630986911,train,random,0,,,,
CC(C)(C)c1ccc(-c2nc3n(c(=O)c2C#N)CCS3)cc1,0.731266349,train,random,0,,,,
C=CC(=O)Nc1cccc(Oc2nc(Nc3ccc(N4CCN(C)CC4)cc3)nc3ccsc23)c1,-0.049635146,train,random,0,,,,
C=CC(=O)N1CCC([C@@H]2CCNc3c(C(N)=O)c(-c4ccc(Oc5ccccc5)cc4)nn32)CC1,0.968996327,train,random,0,,,,
C=CC(=O)N1CCC[C@H](n2c(=O)n(-c3ccc(Oc4ccccc4)cc3)c3c(N)ncnc32)C1,0.983851719,train,random,0,,,,
CC(C)(C=C(C#N)C(=O)N1CCC[C@@H](n2nc(-c3ccc(Oc4ccccc4)cc3F)c3c(N)ncnc32)C1)N1CCN(C2COC2)CC1,0.276231958,train,random,0,,,,
CC#CC(=O)N1CC[C@@H](n2cc(-c3ccc(Oc4c(F)cccc4F)cc3)c3c(N)n[nH]c(=O)c32)C1,-0.073143291,train,random,0,,,,
COc1ccccc1-c1cc(NC(=O)c2cccc(N3CCNC3=O)c2)[nH]n1,-0.397940009,train,random,0,,,,
Nc1ncc(-c2cccc(C(F)(F)F)c2)c(C2CCCCN2C(=O)c2ccccc2)n1,-0.04431225,train,random,0,,,,
O=C(Nc1cccc(-c2nncn2C2CC2)c1)c1cc(-n2cnc(C3CC3)c2)ccn1,0.262925469,train,random,0,,,,
Fc1ccccc1-c1c[nH]nc1C1CCCN1Cc1ccc2ncccc2c1,0.545801757,train,random,0,,,,
Cc1nccc(-c2cn(Cc3ccccc3)c3cnccc23)n1,1.122707254,train,random,0,,,,
CCc1nc(C)cn2nc(-c3cc(=O)n4cc(C5CCN(C)CC5)cc(C)c4n3)cc12,0.868232868,train,random,0,,,,
Cc1c(Cl)ccc2cc3n(c12)[C@@H](C)CNC3=O,0.328379603,train,random,0,,,,
Cc1nnc(CN(C)CC(C)Oc2ccc(Cl)c(Cl)c2)n1C,0.926290987,train,random,0,,,,
COc1nn(C)cc1C(=O)Nc1cccc(-c2cnc3n2CCC3)c1,0.866877814,train,random,0,,,,
COc1cc(F)ccc1-c1ncnc(Nc2cccc(C[S@@](C)(=N)=O)c2)n1,1.594922663,train,random,0,,,,
Cc1ncc(CN2CC[C@@H](Nc3cncc(Cl)n3)[C@@H](C)C2)s1,1.205461507,train,random,0,,,,
Cc1ccc(C(=O)N2CCC(Cc3ccccc3-c3ccccc3)(C(=O)N(C)C)CC2)s1,-0.293282218,train,random,0,,,,
CCc1nc2c(C)cc(N3CCN(CC(=O)N4CC(O)C4)CC3)cn2c1N(C)c1nc(-c2ccc(F)cc2)c(C#N)s1,-0.204728421,train,random,0,,,,
C[C@@H]1CCN(C(=O)CC#N)C[C@@H]1N(C)c1ncnc2[nH]ccc12,1.991815076,train,random,0,,,,
CC(=O)Nc1ccc(C(=O)N2CCCCC2c2nc(N)ncc2-c2ccc(Cl)cc2)cc1,0.596926814,train,random,0,,,,
CC(=O)Nc1ccc(C(=O)N2CCCCC2c2nc(N)ncc2-c2cccc(Cl)c2)cc1,0.520483533,train,random,0,,,,
O=C1CN(c2ccc(Nc3nccc(C(F)(F)F)n3)cn2)CCN1,1.543819805,train,random,0,,,,
O=C1NCCN(C(=O)c2ccc3nccn3c2)C1c1ccccc1C(F)(F)F,1.851001366,train,random,0,,,,
Cc1cc(F)ccc1C1C(=O)NCCN1C(=O)c1ccc2nccn2c1,1.78096503,train,random,0,,,,
C[C@H]1CN(C(=O)CC(c2ccccc2)c2ccccc2)C[C@@H](C)O1,1.188253327,train,random,0,,,,
CN1[C@H]2CC[C@@H]1C[C@@H](OC(c1ccccc1)c1ccccc1)C2,1.106122874,train,random,0,,,,
CC(C)(C)C(=O)N1CCC(Cc2ccc(-c3cccs3)cc2)(C(=O)N2CCCC2)CC1,-0.1837587,train,random,0,,,,
OC[C@H](Nc1cncc(-c2ccc3[nH]ncc3n2)c1)c1ccccc1,1.017826038,train,random,0,,,,
Cc1ncsc1C(=O)N1CCCCC1c1nc(N(C)C)ncc1-c1cccc(Cl)c1,-0.083019953,train,random,0,,,,
CC(=O)N1CCN(c2nc(C(F)(F)F)nc3sc(C)c(C)c23)CC1,0.13481437,train,random,0,,,,
COc1ccccc1C(=O)Nc1ccc2cc[nH]c2c1,0.505149978,train,random,0,,,,
c1ccc(Oc2cccc(CN(CCN3CCOCC3)Cc3cccnc3)c2)cc1,-0.222573178,train,random,0,,,,
Cc1c(C(=O)NCCCN(C)C)sc2ncnc(Nc3ccc(F)cc3OC(C)C)c12,0.741821047,train,random,0,,,,
OCC1CCCCN1Cc1ccc(-c2ccccc2)cc1,1.368007805,train,random,0,,,,
Nc1ncc(C(=O)NC2CN(C(=O)C3CC3)C2)c2ccc(-c3cccc(F)c3)nc12,0.623352682,train,random,0,,,,
CC1(C)CC(Oc2ccc(-c3ccc(-c4cn[nH]c4)cc3O)nn2)CC(C)(C)N1,1.199947058,train,random,0,,,,
Cc1ncsc1C(=O)N1CCCCC1c1nc(N)ncc1-c1cccc(C(F)(F)F)c1,0.615318657,train,random,0,,,,
O=C(Nc1ccc2ccccc2n1)c1ccc(N2CCOC2=O)cc1,0.449015316,train,random,0,,,,
O=S(=O)(c1cccc2cnccc12)N1CCCNCC1,1.892077899,train,random,0,,,,
C=CC(=O)Nc1cccc(Oc2nc(Nc3ccc(N4CCN(C)CC4)cc3)nc3ccoc23)c1,0.146128036,train,random,0,,,,
CCN1CCN(S(=O)(=O)Cc2ccc(Cl)c(Cl)c2)CC1,1.249124949,train,random,0,,,,
O=C(Nc1nc2cccc(-c3ccc(CN4CCS(=O)(=O)CC4)cc3)n2n1)C1CC1,1.681349797,train,random,0,,,,
CCn1c(CO)nn(-c2cc(O[C@@H](C)C(F)(F)F)c(C(=O)Nc3c(F)cccc3Cl)cc2F)c1=O,0.975753389,train,random,0,,,,
CCN(C/C=C\c1ccc(C2CCCCC2)c(Cl)c1)C1CCCCC1,-0.853871964,train,random,0,,,,
NCCN1CCN(C/C=C/C(=O)N2CCC[C@@H](n3nc(-c4ccc(Oc5ccccc5)cc4)c4c(N)ncnc43)C2)CC1,0.699837726,train,random,0,,,,
CC/C(=C(\c1ccccc1)c1ccc(OCCN(C)C)cc1)c1ccccc1,-0.580044252,train,random,0,,,,
COc1nn(C)cc1C(=O)Nc1cccc2cnccc12,1.504729052,train,random,0,,,,
CNC(=O)C1(Cc2ccc(-c3ccncc3)cc2)CCN(Cc2cccc(F)c2)C1,1.10503305,train,random,0,,,,
Cc1ncc(CN2CCC(Nc3ccc4nnnn4n3)C(C)C2)s1,1.652285029,train,random,0,,,,
Cc1nc(Nc2nccs2)cc(C2CN(c3ncccn3)C2)n1,0.444669231,train,random,0,,,,
COc1ccc(Nc2c(C#N)cnc3cc(OC)c(OC)cc23)cc1Cl,-0.033858267,train,random,0,,,,
COc1ccc(CCCN2CCN(c3cnn(C)c3)C(=O)C2)cc1F,1.343408594,train,random,0,,,,
CN(Cc1ccccc1)C1(C(=O)N2CCNC(=O)CC2)Cc2ccccc2C1,0.904931827,train,random,0,,,,
Cc1c(F)cccc1NC(=O)CN1[C@H]2CCCC(=O)N[C@@]2(C)C[C@H]1Cc1ccccc1,0.595275712,train,random,0,,,,
CCC1=C(C)CN(C(=O)NCCc2ccc(S(=O)(=O)NC(=O)N[C@H]3CC[C@H](C)CC3)cc2)C1=O,-1.180456064,train,random,0,,,,
Cc1ccc(NC(=O)CN2[C@H]3CCCC(=O)N[C@@]3(C)C[C@H]2Cc2ccccc2)cc1F,-0.137272472,train,random,0,,,,
COCC(=O)N1CCC(Cc2ccccc2-c2cccc(F)c2)(C(=O)NC(C)C)CC1,0.596597096,train,random,0,,,,
COc1ccc(CNC(=O)c2sc3nc(C)cc(C)c3c2N)cc1,-0.356547324,train,random,0,,,,
Cc1cnc(C(=O)NCCc2ccc(S(=O)(=O)NC(=O)NC3CCCCC3)cc2)cn1,0.01745073,train,random,0,,,,
CNC(=O)C1(Cc2ccc(-c3cccnc3)cc2)CCN(Cc2ccc(F)cc2)C1,1.021602716,train,random,0,,,,
CNC(=O)C1(Cc2ccc(-c3cccnc3)cc2)CCN(Cc2cccc(F)c2)C1,0.829753919,train,random,0,,,,
CC(=O)Nc1ncc(CN2CCCC[C@@H]2C)s1,2.0,train,random,0,,,,
O=C1CCCC[C@@H]2[C@H](C[C@@H](Cc3ccccc3F)N2C(=O)c2cccc3ncccc23)N1,1.277998644,train,random,0,,,,
CCOc1cc(CC(=O)N[C@@H](CC(C)C)c2ccccc2N2CCCCC2)ccc1C(=O)O,0.106870544,train,random,0,,,,
CC(O)(C#Cc1ccc2c(c1)N(c1nc(N)ncc1Cl)CC2)c1nccs1,-0.122628654,train,random,0,,,,
COCCc1noc(CN2CC(c3ccccc3)(c3ccccc3)CCC2=O)n1,1.167051359,train,random,0,,,,
Cc1[nH]nc2c1C1(CCCCC1)CC(=O)N2,1.323066376,train,random,0,,,,
Cc1oc2ccccc2c1CNc1nnc(-c2ccncc2)o1,0.717254313,train,random,0,,,,
O=C(Nc1cccc2ncccc12)[C@H]1CCCN(S(=O)(=O)c2ccccc2)C1,1.222560409,train,random,0,,,,
C[C@@H]1Cc2ccccc2N1C(=O)Cn1nc(-c2cccc3ncccc23)oc1=O,0.224014811,train,random,0,,,,
Nc1ncnc2c1c(-c1cnc3[nH]ccc3c1)nn2C1CCCC1,0.862608364,train,random,0,,,,
O=C(Nc1cnccc1-c1ccc(Cl)cc1)c1ccnc(NC(=O)C2CC2)c1,0.369957607,train,random,0,,,,
CN1C(N)=N[C@](C)(c2cc(NC(=O)c3ccc(F)cn3)ccc2F)CS1(=O)=O,1.560468571,train,random,0,,,,
CC1CN(C(=O)c2cccnc2N2CCOCC2)CC(c2ccccc2)O1,1.573185017,train,random,0,,,,
Cc1cc(Nc2cnccn2)cc(C2CCCN(CC(=O)N3CCCC3)C2)n1,1.642246824,train,random,0,,,,
Cc1cccnc1Nc1cccc(C2CCCN(CC(=O)Nc3nccs3)C2)n1,0.180699201,train,random,0,,,,
CC1(C)CC(=O)C2=C(C1)NC(=O)CC2c1ccc(Br)cc1,1.159236233,train,random,0,,,,
CN1CCN(S(=O)(=O)c2ccc(-c3cnc(N)c(C(=O)Nc4cccnc4)n3)cc2)CC1,1.078638038,train,random,0,,,,
CNC(=O)C1(Cc2ccc(-c3cccnc3)cc2)CCN(Cc2ccccc2Cl)C1,0.387567779,train,random,0,,,,
Cc1cc(N2CCCC2c2cc(CCC(=O)O)cc(C)n2)ncn1,2.0,train,random,0,,,,
CCCNC(=O)NS(=O)(=O)c1ccc(Cl)cc1,0.969835093,train,random,0,,,,
O=C(CN1CCCC(c2cccc(Cc3cccc(F)c3)n2)C1)N1CCCC1,1.062130535,train,random,0,,,,
COc1cc2ncnc(Nc3cccc(O)c3)c2cc1OC,0.994317153,train,random,0,,,,
COCCNC(=O)c1ccnc(C2CCNCC2)c1,2.0,train,random,0,,,,
COc1nc2sc(C(=O)NC3CC3)c(N)c2c(C)c1Cl,0.245512668,train,random,0,,,,
CC1(CNC(=O)c2cncc(C3CCNCC3)n2)CCCO1,1.988550039,train,random,0,,,,
Cc1cc(N2CCCC2)nc(C2CCCN(C)C2)n1,2.0,train,random,0,,,,
O=C1NCCSc2c1sc1ccc(O)cc21,0.891593204,train,random,0,,,,
CCn1cc(C(=O)O)c(=O)c2c(N)c(F)c(NC3CCCCC3)cc21,0.427486109,train,random,0,,,,
C[C@H]1CN(C2COC2)CCN1c1ccc(Nc2cc(-c3ccnc(N4CCn5c(cc6c5CC(C)(C)C6)C4=O)c3CO)cn(C)c2=O)nc1,1.209139536,train,random,0,,,,
C=CC(=O)Nc1cccc(Nc2nc(Nc3ccc(Oc4ccnc(C(=O)NC)c4)cc3)ncc2F)c1,-0.403402904,train,random,0,,,,
CC#CC(=O)N1CCC[C@@H]1c1nc(-c2ccc(C(=O)Nc3ccccn3)cc2)c2c(N)nccn12,0.975868182,train,random,0,,,,
CC(=O)NCCNc1cc(Cl)nn2c(-c3cccc(S(=O)(=O)N(C)C)c3)c(C)nc12,0.681693392,train,random,0,,,,
CNC(=O)c1cccc(NC(=O)N2CCC(Oc3ccccc3Cl)CC2)c1,1.068760828,train,random,0,,,,
COc1ccc(OCC(=O)Nc2cccc(Cl)c2N2CCN(C(C)=O)CC2)cc1,0.700790221,train,random,0,,,,
c1ccc(-c2ccc(CN3CCCCCCC3)cc2)cc1,-0.614393726,train,random,0,,,,
CC(=O)N1CCN(c2c(Cl)cccc2NC(=O)COc2ccccc2Cl)CC1,0.256958153,train,random,0,,,,
Cc1ccc(Oc2ccc(Cl)cc2NC(=O)CN(C)CC(=O)N(C)C)cc1,-0.053056729,train,random,0,,,,
CC1(C)Cc2cc(NC(=O)c3cnn4cccnc34)c(OCC3CC3)nc2O1,-0.199970641,train,random,0,,,,
N#Cc1cc(F)c(NS(=O)(=O)c2c[nH]c3cc(Cl)ccc23)cc1F,-0.026872146,train,random,0,,,,
CCCc1nc2nc(C)c(NS(=O)(=O)c3ccc(C4CCCCC4)cc3)c(O)n2n1,-0.218963061,train,random,0,,,,
COc1ccc([C@H]2c3[nH]c4ccc(Cl)cc4c3CCN2C(=O)Oc2ccc(Cl)cc2)cc1,1.51293775,train,random,0,,,,
CC(=O)Nc1ccc(O)cc1,1.887859133,train,random,0,,,,
Cc1cccc(/C=N/Nc2cc(N3CCOCC3)nc(OCCc3ccccn3)n2)c1,-0.548213564,train,random,0,,,,
CCn1c(=O)oc2cc(NC(=O)c3ccc(C(C)(C)C)cc3)ccc21,0.21005085,train,random,0,,,,
COc1ccc(OC[C@@H]2c3cc(OC)c(OC)cc3CCN2C(=O)c2cccc(Cl)c2)cc1,-0.116906641,train,random,0,,,,
N#Cc1ccc(COc2cccc(C3CCN(Cc4nc5ccc(C(=O)O)cc5n4C[C@@H]4CCO4)CC3)n2)c(F)c1,0.402433346,train,random,0,,,,
CC(C)[C@H](CO)Nc1nc(Nc2cc(N)cc(Cl)c2)c2ncn(C(C)C)c2n1,-0.061980903,train,random,0,,,,
CC(C)(C)OC(=O)N1CCCC1C(=O)N1CCC(C(=O)N[C@@H](Cc2c[nH]c3ccccc23)C(=O)O)CC1,1.691832676,train,random,0,,,,
O=C(Nc1cccc2c(=O)cc(-c3nnn[nH]3)oc12)c1ccc(OCCCCc2ccccc2)cc1,0.582744966,train,random,0,,,,
CC(=O)Nc1ncc(C(=O)O)s1,1.81935965,train,random,0,,,,
Cc1cccc(-c2nc(C34CCC(C(N)=O)(CC3)CC4)[nH]c2-c2ccc3c(c2)OCO3)n1,1.02011257,train,random,0,,,,
COc1cc2nc(-c3cc(F)ccc3O)nc(N[C@@H]3CNC[C@H]3C(C)(C)O)c2cc1OC.Cl,-1.119186408,train,random,0,,,,
CC(C)[C@@](C)(O)[C@@H]1CN(c2nc(-c3n[nH]c4ncccc34)c(F)cc2Cl)CCN1,1.302460808,train,random,0,,,,
Cc1nnc(-c2ccc(N3CCC(Oc4cc(F)ccc4Cl)CC3)nn2)o1,0.161068385,train,random,0,,,,
Cc1cn2nc(-c3cc(=O)n4cc(N5CCNC6(CC6)C5)ccc4n3)cc(C)c2n1,0.985246791,train,random,0,,,,
CCCS(=O)(=O)Nc1ccc(F)c(C(=O)c2c[nH]c3ncc(-c4ccc(Cl)cc4)cc23)c1F,-1.59345982,train,random,0,,,,
CN(C(=O)c1cc(N2CCNC2=O)ccc1F)C1CCNC1,1.885728632,train,random,0,,,,
NCC1CCCC1NC(=O)c1cc(N2CCNC2=O)ccc1F,1.87495702,train,random,0,,,,
Cn1c(-c2n[nH]c3c2CCCC3)nnc1N1CCC2(CNC(=O)C2)C1,1.792986685,train,random,0,,,,
O=C(NCCc1ccccc1)c1ccc(NC(=O)N2CCCCc3ccccc32)cc1,0.075911761,train,random,0,,,,
CC(C)(C)c1ccc(C(O)CN2CCC(O)(c3ccc4c(c3)OCO4)CC2)cc1,0.779018972,train,random,0,,,,
NC[C@H]1CC[C@@H](C(=O)Nc2ccc3[nH]ncc3c2)O1,1.981999714,train,random,0,,,,
CN(C(=O)c1cc(N2CCNC2=O)ccc1F)C1CCC(N)CC1,1.828717885,train,random,0,,,,
NC1CCCC1C(=O)N1CCC(c2c[nH]c3ncccc23)CC1,1.71701274,train,random,0,,,,
NC1CCCC(C(=O)Nc2ccc3[nH]ncc3c2)C1,2.0,train,random,0,,,,
NC1CC(NC(=O)c2ccc(-c3cn[nH]c3)cn2)C12CCC2,1.709702344,train,random,0,,,,
NC1CCC(C(=O)N2CCC(c3c[nH]c4ncccc34)CC2)C1,1.917395215,train,random,0,,,,
NC1CCCC(C(=O)N2CCC(c3c[nH]c4ncccc34)CC2)C1,1.752816431,train,random,0,,,,
O=C(NC12CCCC1NCC2)c1ccc(-c2cn[nH]c2)cc1,2.0,train,random,0,,,,
Cc1nc2cc(C(=O)NC34CCCC3NCC4)ccc2c(=O)[nH]1,1.866494097,train,random,0,,,,
O=C(Nc1ccc(CN2CCCCC2)cc1)c1ccnc2[nH]cnc12,1.767526899,train,random,0,,,,
CCc1c[nH]c2ncnc(N3CCC(CN4CCN(C)CC4)CC3)c12,1.728012707,train,random,0,,,,
NC(=O)c1cnc(N2CCc3[nH]nc(C(F)(F)F)c3C2)c(Cl)c1,0.986009932,train,random,0,,,,
NC1CCCC(C(=O)Nc2cccc(N3CCNC3=O)c2)C1,1.763113391,train,random,0,,,,
CC1CC(N)CCN1C(=O)c1cc(N2CCNC2=O)c(F)cc1F,1.833504094,train,random,0,,,,
c1sc(NCC2CCCO2)nc1C12CC3CC(CC(C3)C1)C2,-1.096910013,train,random,0,,,,
CC(C)(O)CCn1cc2cc(NC(=O)c3cccc(C(F)(F)F)n3)c(C(C)(C)O)cc2n1,1.015611205,test,random,0,0.69679213352,0.34667368061,0.36594938094999996,0.24357466202999997
COc1ccc(Cl)cc1C(=O)NCCc1ccc(S(=O)(=O)NC(=O)NC2CCCCC2)cc1,-0.91721463,test,random,0,0.19416613114000011,0.11727217827000004,0.40164271323,-0.045706931209999954
CCn1c(-c2nonc2N)nc2cnc(Oc3cccc(NC(=O)c4ccc(OCCN5CCOCC5)cc4)c3)cc21,-0.449771647,test,random,0,0.4323321169300002,0.30956673351999975,0.47282197927999997,0.10523968999
COc1cc2c(cc1OC)CC(=O)N(CCCN(C)C[C@H]1Cc3cc(OC)c(OC)cc31)CC2,1.730984039,test,random,0,0.9583123821800001,0.39869712403,0.5067852725500002,0.25633428118999985
Cn1cc(Nc2nccc(N3CC4CCC(C3)N4C(=O)[C@@H]3CC3(F)F)n2)cn1,1.642995934,test,random,0,1.25504528494,0.9338789205299999,0.9651998562699999,1.5661299093100005
[2H]C([2H])([2H])NC(=O)c1nnc(NC(=O)C2CC2)cc1Nc1cccc(-c2ncn(C)n2)c1OC,1.186566481,test,random,0,0.8518929829699999,0.4505354472200002,0.54725406671,0.9122080072400006
Nc1n[nH]cc1-c1cc(Cl)ccc1Oc1cc(F)c(S(=O)(=O)Nc2cscn2)cc1Cl,-0.354577731,test,random,0,0.16714033675000003,-0.06015509209,0.34402622127,-0.2619345792499999
Cn1cc(-c2cn3nccc3c(-c3cnn([C@]4(CC#N)C[C@@H](C#N)C4)c3)n2)cn1,1.559583476,test,random,0,0.7017053043599998,0.5510625258300001,0.6596162285300002,1.3856799578999996
O=C(c1ccc(Oc2ccccc2)cc1Cl)c1c[nH]c2ncnc(N[C@@H]3CC[C@@H](CO)OC3)c12,-0.467245621,test,random,0,0.8669721306800006,0.33715941714999986,0.16143590322000004,0.50277815309
CC#CC(=O)N1CC[C@@H](n2c(=O)n(-c3ccc(Oc4ccccc4)cc3)c3c(N)ncnc32)C1,0.935859798,test,random,0,0.6066306070399999,0.7227917921800002,0.7257154029900005,0.9123477147799995
C=CC(=O)Nc1cccc(Oc2nc(Nc3ccc(N4CCN(C)CC4)c(F)c3)nc3[nH]ccc23)c1,0.039414119,test,random,0,0.6761904402400001,0.22722949008999996,0.33308371281000004,0.0087635788
C[C@@H]1c2nnn(-c3ncc(F)cn3)c2CCN1C(=O)c1cccc(C(F)(F)F)c1Cl,0.969089603,test,random,0,0.7329988893100006,0.6243058551700004,0.6588188937400001,0.3709307895400001
Nc1ncnc2c1c(-c1ccc(Oc3ccccc3)cc1)nn2[C@@H]1CCCNC1,0.956648579,test,random,0,0.85933042174,0.5489076391800001,0.6529341286899999,0.5968420710200002
CN(C)C(=O)C1(Cc2ccccc2-c2ccccc2)CCN(C(=O)C2CCCO2)CC1,0.902546779,test,random,0,0.45721325196999985,0.3969803600699999,0.5676336697200001,0.7315435083999996
O=C1NCCN(C(=O)c2ccncc2)C1c1ccccc1Cl,1.876996793,test,random,0,1.4118053081199997,1.2922910806800008,1.35509387605,1.386133918200001
OCC1CCCCN1Cc1ccc(Cl)c(Cl)c1,1.390069186,test,random,0,0.90943215711,1.3182814332300004,0.7289047745699999,0.8111850054000002
COc1ccc([C@H]2CN(C(C)=O)[C@@H]3CCCN(Cc4cccc(F)c4)[C@H]23)cc1,0.595385981,test,random,0,0.8072282829899997,0.49411182660999997,0.5320595567500003,0.86915856587
Cc1nnc(-c2ccc3occ(-c4ccc(S(C)=O)cc4)c3c2)o1,0.193402903,test,random,0,0.5850347436700001,0.48911684884,0.49760867138000014,0.51648149706
O=C(CCNC(=O)c1ccc(OC(F)(F)F)cc1)N[C@@H]1CCCc2ccccc21,0.526080692,test,random,0,0.5989868551800002,0.5228831289400001,0.6351953018500001,0.3195560197599998
Cn1c(C2CC2)nc2c1CCN(c1ncnc3ccsc13)C2,1.237065953,test,random,0,0.7691942114000001,1.1770850970500002,0.9805473703000003,0.5329097427100001
Cc1noc(C(C)C)c1C(=O)N1CC(C)OC(c2ccccc2)C1,1.180469962,test,random,0,1.1085820156499997,1.0217839361,1.16127963499,0.6573196462900002
O=S(=O)(c1cccc2c(O)nccc12)N1CCCNCC1,1.850223373,test,random,0,1.5664393350299988,1.3206879787100005,1.32396138485,1.7882233738499989
CN(C)C(=O)C1(Cc2ccccc2-c2cccc(F)c2)CCN(C(=O)C2CC=CCC2)CC1,-0.104025268,test,random,0,0.6050497114999999,0.2886061581799999,0.5546791979400001,0.3999666725600002
C#C[C@@](C)(CC)NC(=O)c1cc(F)cnc1NC1CC(F)(F)C1,0.671265433,test,random,0,1.2043435642400002,1.2361390263800005,0.9076231099000002,0.5979930348299999
Cn1cc(Nc2nc(N)nc(-c3cccc(-n4ccc5cc(C6CC6)cc(F)c5c4=O)c3CO)n2)cn1,0.850401148,test,random,0,0.8284914419500001,0.4659116844500002,0.5887734456600001,0.2889885771099999
CCCCNC(=O)NS(=O)(=O)c1ccc(C)cc1,0.439332694,test,random,0,0.7273817794300003,1.0274712058200004,0.79973403583,1.3692972954600002
CN(C)C(=O)C1(Cc2ccccc2-c2ccccc2)CCN(C(=O)c2cnn(C)c2)CC1,1.041353202,test,random,0,0.5554720551999998,0.5209267817500002,0.48131524659000036,0.7502006796899998
Cc1cc(C)c2c(N)c(C(=O)NCc3ccc(Cl)cc3)sc2n1,-0.370590401,test,random,0,0.3650971310900002,0.45624465002000014,0.1758732732,0.16031603865000008
C=CC(=O)N(C)CCOc1c(N)ncnc1-c1cc(F)cc(NC(=O)c2ccc(C3CC3)cc2F)c1C,0.838502776,test,random,0,0.8402687750400005,0.31075476296999993,0.29296768931,0.2815419326999998
Cc1c[nH]c(=O)n1-c1ccc(C(=O)Nc2ccc3ccccc3n2)cc1,0.639386869,test,random,0,0.8021558038400001,0.63030988409,0.7521374416400003,0.5266505574500002
CCC(=O)N1CCN(c2ccc(Cl)cc2NC(=O)COc2ccccc2)CC1,0.250420002,test,random,0,0.54004831252,0.4489100070799998,0.45728606031000013,0.4567680712099995
COc1cc2c(cc1OC)CN(CCc1ccc(NC(=O)c3cccc4c(O)c5cccc(OC)c5nc34)cc1)CC2,-1.207608311,test,random,0,0.8397312717300001,0.09587170559999995,0.24686552592999994,0.13218275714
NC(=O)C1(Cc2ccc(-c3ccncc3)cc2)CCN(C(=O)Cc2cccc(F)c2)CC1,1.006508828,test,random,0,0.9610213872600005,0.8004603448599998,0.6310862709400002,0.67427710174
O=C(NC1CCNCC1)c1ccc2[nH]ncc2c1,1.842696589,test,random,0,1.7025836776700003,1.6817607121400007,1.2419814998500005,1.75844089328
O=C(NC1CCNCC1)c1ccc2cn[nH]c2c1,2.0,test,random,0,1.5594384231400007,1.7185812225600008,1.2704479270700006,1.7561907572699997
Cc1ccc(OCC2(O)CCN(CC3(O)CCN(c4ccccc4C)CC3)CC2)cc1,-0.040481623,test,random,0,0.49074977265000025,0.37916419125999995,0.49440900978,0.5696002073700003
O=C(Nc1cccc(N2CCNC2=O)c1)C1NCC12CCCC2,1.718202645,test,random,0,1.5086369327100002,1.4246935382199997,1.3628491682800001,1.7127482698600003
Cc1nnc(-c2ccc(N3CCC(Oc4ccccc4C(F)(F)F)CC3)nn2)s1,-0.906578315,test,random,0,0.8808468137,0.7233955827199998,0.3508900099499999,0.32112566711
CNc1nc(C)cc(C(=O)Nc2ccc3[nH]ncc3c2)n1,1.493625323,test,random,0,1.0743954342500004,1.0877942517700006,1.1990619052200002,1.0759393933800008
CNc1cc(Nc2cccn(-c3ccccn3)c2=O)nn2c(C(=O)N[C@@H]3C[C@@H]3F)cnc12,0.991226076,train,random,1,,,,
CCOc1cc2nn(CCC(C)(C)O)cc2cc1NC(=O)c1cccc(C(F)F)n1,0.099680641,train,random,1,,,,
CN(c1ncc(F)cn1)[C@H]1CCCNC1,2.0,train,random,1,,,,
CC(C)(Oc1ccc(-c2cnc(N)c(-c3ccc(Cl)cc3)c2)cc1)C(=O)O,-1.158015195,train,random,1,,,,
CC(C)(O)CCn1cc2cc(NC(=O)c3cccc(C(F)(F)F)n3)c(C(C)(C)O)cc2n1,1.015611205,train,random,1,,,,
COc1ccc(Cl)cc1C(=O)NCCc1ccc(S(=O)(=O)NC(=O)NC2CCCCC2)cc1,-0.91721463,train,random,1,,,,
C=CC(=O)N1CCC[C@@H](n2nc(-c3ccc(Oc4ccccc4)cc3)c3c(N)ncnc32)C1,0.62603,train,random,1,,,,
CC(C)NC(=O)COc1cccc(-c2nc(Nc3ccc4[nH]ncc4c3)c3ccccc3n2)c1,-1.384078213,train,random,1,,,,
COc1ccc(S(=O)(=O)N2CCC(N3CCC(C)CC3)CC2)cc1,1.729799023,train,random,1,,,,
CCn1c(-c2nonc2N)nc2cnc(Oc3cccc(NC(=O)c4ccc(OCCN5CCOCC5)cc4)c3)cc21,-0.449771647,train,random,1,,,,
Cc1c[nH]c2nccc(Oc3c(F)cc(Nc4cc(Cl)nc(N)n4)cc3F)c12,-1.22184875,train,random,1,,,,
COc1cc2c(cc1OC)CC(=O)N(CCCN(C)C[C@H]1Cc3cc(OC)c(OC)cc31)CC2,1.730984039,train,random,1,,,,
CCCc1cc(N2CCc3c(nc(C4CC4)n3C)C2)n2ncnc2n1,1.677187053,train,random,1,,,,
Nc1c(F)ccc2cnc(-n3ccc4ccncc43)cc12,0.713910354,train,random,1,,,,
C=CC(=O)N1C[C@H](Nc2ncnc3[nH]ccc23)CC[C@@H]1C,1.828227965,train,random,1,,,,
Cn1cc(Nc2nccc(N3CC4CCC(C3)N4C(=O)[C@@H]3CC3(F)F)n2)cn1,1.642995934,train,random,1,,,,
[2H]C([2H])([2H])NC(=O)c1nnc(NC(=O)C2CC2)cc1Nc1cccc(-c2ncn(C)n2)c1OC,1.186566481,train,random,1,,,,
Nc1n[nH]cc1-c1cc(Cl)ccc1Oc1cc(F)c(S(=O)(=O)Nc2cscn2)cc1Cl,-0.354577731,train,random,1,,,,
Cc1c(-c2c(F)cc(C(N)=O)c3[nH]c4c(c23)CC[C@H](C(C)(C)O)C4)cccc1-n1c(=O)c2cccc(F)c2n(C)c1=O,0.436162647,train,random,1,,,,
Cn1cc(-c2cn3nccc3c(-c3cnn([C@]4(CC#N)C[C@@H](C#N)C4)c3)n2)cn1,1.559583476,train,random,1,,,,
O=C(c1ccc(Oc2ccccc2)cc1Cl)c1c[nH]c2ncnc(N[C@@H]3CC[C@@H](CO)OC3)c12,-0.467245621,train,random,1,,,,
N#CC[C@H](C1CCCC1)n1cc(-c2ncnc3[nH]ccc23)cn1,0.630986911,train,random,1,,,,
C=CC(=O)Nc1cccc(Oc2nc(Nc3ccc(N4CCN(C)CC4)cc3)nc3ccsc23)c1,-0.049635146,train,random,1,,,,
CC#CC(=O)N1CC[C@@H](n2c(=O)n(-c3ccc(Oc4ccccc4)cc3)c3c(N)ncnc32)C1,0.935859798,train,random,1,,,,
C=CC(=O)N1CCC[C@H](n2c(=O)n(-c3ccc(Oc4ccccc4)cc3)c3c(N)ncnc32)C1,0.983851719,train,random,1,,,,
CC(C)(C=C(C#N)C(=O)N1CCC[C@@H](n2nc(-c3ccc(Oc4ccccc4)cc3F)c3c(N)ncnc32)C1)N1CCN(C2COC2)CC1,0.276231958,train,random,1,,,,
CC#CC(=O)N1CC[C@@H](n2cc(-c3ccc(Oc4c(F)cccc4F)cc3)c3c(N)n[nH]c(=O)c32)C1,-0.073143291,train,random,1,,,,
C=CC(=O)Nc1cccc(Oc2nc(Nc3ccc(N4CCN(C)CC4)c(F)c3)nc3[nH]ccc23)c1,0.039414119,train,random,1,,,,
C[C@@H]1c2nnn(-c3ncc(F)cn3)c2CCN1C(=O)c1cccc(C(F)(F)F)c1Cl,0.969089603,train,random,1,,,,
COc1ccccc1-c1cc(NC(=O)c2cccc(N3CCNC3=O)c2)[nH]n1,-0.397940009,train,random,1,,,,
Nc1ncc(-c2cccc(C(F)(F)F)c2)c(C2CCCCN2C(=O)c2ccccc2)n1,-0.04431225,train,random,1,,,,
O=C(Nc1cccc(-c2nncn2C2CC2)c1)c1cc(-n2cnc(C3CC3)c2)ccn1,0.262925469,train,random,1,,,,
Cc1nccc(-c2cn(Cc3ccccc3)c3cnccc23)n1,1.122707254,train,random,1,,,,
Cc1c(Cl)ccc2cc3n(c12)[C@@H](C)CNC3=O,0.328379603,train,random,1,,,,
Nc1ncnc2c1c(-c1ccc(Oc3ccccc3)cc1)nn2[C@@H]1CCCNC1,0.956648579,train,random,1,,,,
Cc1nnc(CN(C)CC(C)Oc2ccc(Cl)c(Cl)c2)n1C,0.926290987,train,random,1,,,,
COc1nn(C)cc1C(=O)Nc1cccc(-c2cnc3n2CCC3)c1,0.866877814,train,random,1,,,,
COc1cc(F)ccc1-c1ncnc(Nc2cccc(C[S@@](C)(=N)=O)c2)n1,1.594922663,train,random,1,,,,
Cc1ccc(C(=O)N2CCC(Cc3ccccc3-c3ccccc3)(C(=O)N(C)C)CC2)s1,-0.293282218,train,random,1,,,,
CCc1nc2c(C)cc(N3CCN(CC(=O)N4CC(O)C4)CC3)cn2c1N(C)c1nc(-c2ccc(F)cc2)c(C#N)s1,-0.204728421,train,random,1,,,,
CN(C)C(=O)C1(Cc2ccccc2-c2ccccc2)CCN(C(=O)C2CCCO2)CC1,0.902546779,train,random,1,,,,
CC(=O)Nc1ccc(C(=O)N2CCCCC2c2nc(N)ncc2-c2ccc(Cl)cc2)cc1,0.596926814,train,random,1,,,,
O=C1CN(c2ccc(Nc3nccc(C(F)(F)F)n3)cn2)CCN1,1.543819805,train,random,1,,,,
O=C1NCCN(C(=O)c2ccc3nccn3c2)C1c1ccccc1C(F)(F)F,1.851001366,train,random,1,,,,
O=C1NCCN(C(=O)c2ccncc2)C1c1ccccc1Cl,1.876996793,train,random,1,,,,
C[C@H]1CN(C(=O)CC(c2ccccc2)c2ccccc2)C[C@@H](C)O1,1.188253327,train,random,1,,,,
CN1[C@H]2CC[C@@H]1C[C@@H](OC(c1ccccc1)c1ccccc1)C2,1.106122874,train,random,1,,,,
CC(C)(C)C(=O)N1CCC(Cc2ccc(-c3cccs3)cc2)(C(=O)N2CCCC2)CC1,-0.1837587,train,random,1,,,,
OC[C@H](Nc1cncc(-c2ccc3[nH]ncc3n2)c1)c1ccccc1,1.017826038,train,random,1,,,,
OCC1CCCCN1Cc1ccc(Cl)c(Cl)c1,1.390069186,train,random,1,,,,
CC(=O)N1CCN(c2nc(C(F)(F)F)nc3sc(C)c(C)c23)CC1,0.13481437,train,random,1,,,,
COc1ccccc1C(=O)Nc1ccc2cc[nH]c2c1,0.505149978,train,random,1,,,,
COc1ccc([C@H]2CN(C(C)=O)[C@@H]3CCCN(Cc4cccc(F)c4)[C@H]23)cc1,0.595385981,train,random,1,,,,
Cc1c(C(=O)NCCCN(C)C)sc2ncnc(Nc3ccc(F)cc3OC(C)C)c12,0.741821047,train,random,1,,,,
OCC1CCCCN1Cc1ccc(-c2ccccc2)cc1,1.368007805,train,random,1,,,,
Nc1ncc(C(=O)NC2CN(C(=O)C3CC3)C2)c2ccc(-c3cccc(F)c3)nc12,0.623352682,train,random,1,,,,
CC1(C)CC(Oc2ccc(-c3ccc(-c4cn[nH]c4)cc3O)nn2)CC(C)(C)N1,1.199947058,train,random,1,,,,
Cc1nnc(-c2ccc3occ(-c4ccc(S(C)=O)cc4)c3c2)o1,0.193402903,train,random,1,,,,
Cc1ncsc1C(=O)N1CCCCC1c1nc(N)ncc1-c1cccc(C(F)(F)F)c1,0.615318657,train,random,1,,,,
O=C(Nc1ccc2ccccc2n1)c1ccc(N2CCOC2=O)cc1,0.449015316,train,random,1,,,,
O=C(CCNC(=O)c1ccc(OC(F)(F)F)cc1)N[C@@H]1CCCc2ccccc21,0.526080692,train,random,1,,,,
C=CC(=O)Nc1cccc(Oc2nc(Nc3ccc(N4CCN(C)CC4)cc3)nc3ccoc23)c1,0.146128036,train,random,1,,,,
CCN1CCN(S(=O)(=O)Cc2ccc(Cl)c(Cl)c2)CC1,1.249124949,train,random,1,,,,
O=C(Nc1nc2cccc(-c3ccc(CN4CCS(=O)(=O)CC4)cc3)n2n1)C1CC1,1.681349797,train,random,1,,,,
CCN(C/C=C\c1ccc(C2CCCCC2)c(Cl)c1)C1CCCCC1,-0.853871964,train,random,1,,,,
Cn1c(C2CC2)nc2c1CCN(c1ncnc3ccsc13)C2,1.237065953,train,random,1,,,,
CC/C(=C(\c1ccccc1)c1ccc(OCCN(C)C)cc1)c1ccccc1,-0.580044252,train,random,1,,,,
COc1nn(C)cc1C(=O)Nc1cccc2cnccc12,1.504729052,train,random,1,,,,
CNC(=O)C1(Cc2ccc(-c3ccncc3)cc2)CCN(Cc2cccc(F)c2)C1,1.10503305,train,random,1,,,,
Cc1ncc(CN2CCC(Nc3ccc4nnnn4n3)C(C)C2)s1,1.652285029,train,random,1,,,,
Cc1nc(Nc2nccs2)cc(C2CN(c3ncccn3)C2)n1,0.444669231,train,random,1,,,,
COc1ccc(Nc2c(C#N)cnc3cc(OC)c(OC)cc23)cc1Cl,-0.033858267,train,random,1,,,,
COc1ccc(CCCN2CCN(c3cnn(C)c3)C(=O)C2)cc1F,1.343408594,train,random,1,,,,
Cc1noc(C(C)C)c1C(=O)N1CC(C)OC(c2ccccc2)C1,1.180469962,train,random,1,,,,
CN(Cc1ccccc1)C1(C(=O)N2CCNC(=O)CC2)Cc2ccccc2C1,0.904931827,train,random,1,,,,
Cc1c(F)cccc1NC(=O)CN1[C@H]2CCCC(=O)N[C@@]2(C)C[C@H]1Cc1ccccc1,0.595275712,train,random,1,,,,
CCC1=C(C)CN(C(=O)NCCc2ccc(S(=O)(=O)NC(=O)N[C@H]3CC[C@H](C)CC3)cc2)C1=O,-1.180456064,train,random,1,,,,
O=S(=O)(c1cccc2c(O)nccc12)N1CCCNCC1,1.850223373,train,random,1,,,,
Cc1ccc(NC(=O)CN2[C@H]3CCCC(=O)N[C@@]3(C)C[C@H]2Cc2ccccc2)cc1F,-0.137272472,train,random,1,,,,
CN(C)C(=O)C1(Cc2ccccc2-c2cccc(F)c2)CCN(C(=O)C2CC=CCC2)CC1,-0.104025268,train,random,1,,,,
COCC(=O)N1CCC(Cc2ccccc2-c2cccc(F)c2)(C(=O)NC(C)C)CC1,0.596597096,train,random,1,,,,
COc1ccc(CNC(=O)c2sc3nc(C)cc(C)c3c2N)cc1,-0.356547324,train,random,1,,,,
C#C[C@@](C)(CC)NC(=O)c1cc(F)cnc1NC1CC(F)(F)C1,0.671265433,train,random,1,,,,
Cn1cc(Nc2nc(N)nc(-c3cccc(-n4ccc5cc(C6CC6)cc(F)c5c4=O)c3CO)n2)cn1,0.850401148,train,random,1,,,,
Cc1cnc(C(=O)NCCc2ccc(S(=O)(=O)NC(=O)NC3CCCCC3)cc2)cn1,0.01745073,train,random,1,,,,
CNC(=O)C1(Cc2ccc(-c3cccnc3)cc2)CCN(Cc2ccc(F)cc2)C1,1.021602716,train,random,1,,,,
CNC(=O)C1(Cc2ccc(-c3cccnc3)cc2)CCN(Cc2cccc(F)c2)C1,0.829753919,train,random,1,,,,
O=C1CCCC[C@@H]2[C@H](C[C@@H](Cc3ccccc3F)N2C(=O)c2cccc3ncccc23)N1,1.277998644,train,random,1,,,,
CCOc1cc(CC(=O)N[C@@H](CC(C)C)c2ccccc2N2CCCCC2)ccc1C(=O)O,0.106870544,train,random,1,,,,
CC(O)(C#Cc1ccc2c(c1)N(c1nc(N)ncc1Cl)CC2)c1nccs1,-0.122628654,train,random,1,,,,
Cc1[nH]nc2c1C1(CCCCC1)CC(=O)N2,1.323066376,train,random,1,,,,
O=C(Nc1cccc2ncccc12)[C@H]1CCCN(S(=O)(=O)c2ccccc2)C1,1.222560409,train,random,1,,,,
C[C@@H]1Cc2ccccc2N1C(=O)Cn1nc(-c2cccc3ncccc23)oc1=O,0.224014811,train,random,1,,,,
O=C(Nc1cnccc1-c1ccc(Cl)cc1)c1ccnc(NC(=O)C2CC2)c1,0.369957607,train,random,1,,,,
CC1CN(C(=O)c2cccnc2N2CCOCC2)CC(c2ccccc2)O1,1.573185017,train,random,1,,,,
CCCCNC(=O)NS(=O)(=O)c1ccc(C)cc1,0.439332694,train,random,1,,,,
Cc1cc(Nc2cnccn2)cc(C2CCCN(CC(=O)N3CCCC3)C2)n1,1.642246824,train,random,1,,,,
CN(C)C(=O)C1(Cc2ccccc2-c2ccccc2)CCN(C(=O)c2cnn(C)c2)CC1,1.041353202,train,random,1,,,,
CN1CCN(S(=O)(=O)c2ccc(-c3cnc(N)c(C(=O)Nc4cccnc4)n3)cc2)CC1,1.078638038,train,random,1,,,,
Cc1cc(N2CCCC2c2cc(CCC(=O)O)cc(C)n2)ncn1,2.0,train,random,1,,,,
CCCNC(=O)NS(=O)(=O)c1ccc(Cl)cc1,0.969835093,train,random,1,,,,
O=C(CN1CCCC(c2cccc(Cc3cccc(F)c3)n2)C1)N1CCCC1,1.062130535,train,random,1,,,,
Cc1cc(C)c2c(N)c(C(=O)NCc3ccc(Cl)cc3)sc2n1,-0.370590401,train,random,1,,,,
COCCNC(=O)c1ccnc(C2CCNCC2)c1,2.0,train,random,1,,,,
COc1nc2sc(C(=O)NC3CC3)c(N)c2c(C)c1Cl,0.245512668,train,random,1,,,,
Cc1cc(N2CCCC2)nc(C2CCCN(C)C2)n1,2.0,train,random,1,,,,
O=C1NCCSc2c1sc1ccc(O)cc21,0.891593204,train,random,1,,,,
CCn1cc(C(=O)O)c(=O)c2c(N)c(F)c(NC3CCCCC3)cc21,0.427486109,train,random,1,,,,
C[C@H]1CN(C2COC2)CCN1c1ccc(Nc2cc(-c3ccnc(N4CCn5c(cc6c5CC(C)(C)C6)C4=O)c3CO)cn(C)c2=O)nc1,1.209139536,train,random,1,,,,
C=CC(=O)Nc1cccc(Nc2nc(Nc3ccc(Oc4ccnc(C(=O)NC)c4)cc3)ncc2F)c1,-0.403402904,train,random,1,,,,
C=CC(=O)N(C)CCOc1c(N)ncnc1-c1cc(F)cc(NC(=O)c2ccc(C3CC3)cc2F)c1C,0.838502776,train,random,1,,,,
CC(=O)NCCNc1cc(Cl)nn2c(-c3cccc(S(=O)(=O)N(C)C)c3)c(C)nc12,0.681693392,train,random,1,,,,
Cc1c[nH]c(=O)n1-c1ccc(C(=O)Nc2ccc3ccccc3n2)cc1,0.639386869,train,random,1,,,,
CNC(=O)c1cccc(NC(=O)N2CCC(Oc3ccccc3Cl)CC2)c1,1.068760828,train,random,1,,,,
COc1ccc(OCC(=O)Nc2cccc(Cl)c2N2CCN(C(C)=O)CC2)cc1,0.700790221,train,random,1,,,,
CC(=O)N1CCN(c2c(Cl)cccc2NC(=O)COc2ccccc2Cl)CC1,0.256958153,train,random,1,,,,
CCC(=O)N1CCN(c2ccc(Cl)cc2NC(=O)COc2ccccc2)CC1,0.250420002,train,random,1,,,,
CC1(C)Cc2cc(NC(=O)c3cnn4cccnc34)c(OCC3CC3)nc2O1,-0.199970641,train,random,1,,,,
N#Cc1cc(F)c(NS(=O)(=O)c2c[nH]c3cc(Cl)ccc23)cc1F,-0.026872146,train,random,1,,,,
COc1cc2c(cc1OC)CN(CCc1ccc(NC(=O)c3cccc4c(O)c5cccc(OC)c5nc34)cc1)CC2,-1.207608311,train,random,1,,,,
CCCc1nc2nc(C)c(NS(=O)(=O)c3ccc(C4CCCCC4)cc3)c(O)n2n1,-0.218963061,train,random,1,,,,
COc1ccc([C@H]2c3[nH]c4ccc(Cl)cc4c3CCN2C(=O)Oc2ccc(Cl)cc2)cc1,1.51293775,train,random,1,,,,
NC(=O)C1(Cc2ccc(-c3ccncc3)cc2)CCN(C(=O)Cc2cccc(F)c2)CC1,1.006508828,train,random,1,,,,
CC(=O)Nc1ccc(O)cc1,1.887859133,train,random,1,,,,
O=C(NC1CCNCC1)c1ccc2[nH]ncc2c1,1.842696589,train,random,1,,,,
Cc1cccc(/C=N/Nc2cc(N3CCOCC3)nc(OCCc3ccccn3)n2)c1,-0.548213564,train,random,1,,,,
COc1ccc(OC[C@@H]2c3cc(OC)c(OC)cc3CCN2C(=O)c2cccc(Cl)c2)cc1,-0.116906641,train,random,1,,,,
N#Cc1ccc(COc2cccc(C3CCN(Cc4nc5ccc(C(=O)O)cc5n4C[C@@H]4CCO4)CC3)n2)c(F)c1,0.402433346,train,random,1,,,,
CC(C)[C@H](CO)Nc1nc(Nc2cc(N)cc(Cl)c2)c2ncn(C(C)C)c2n1,-0.061980903,train,random,1,,,,
O=C(NC1CCNCC1)c1ccc2cn[nH]c2c1,2.0,train,random,1,,,,
CC(C)(C)OC(=O)N1CCCC1C(=O)N1CCC(C(=O)N[C@@H](Cc2c[nH]c3ccccc23)C(=O)O)CC1,1.691832676,train,random,1,,,,
Cc1cccc(-c2nc(C34CCC(C(N)=O)(CC3)CC4)[nH]c2-c2ccc3c(c2)OCO3)n1,1.02011257,train,random,1,,,,
COc1cc2nc(-c3cc(F)ccc3O)nc(N[C@@H]3CNC[C@H]3C(C)(C)O)c2cc1OC.Cl,-1.119186408,train,random,1,,,,
CC(C)[C@@](C)(O)[C@@H]1CN(c2nc(-c3n[nH]c4ncccc34)c(F)cc2Cl)CCN1,1.302460808,train,random,1,,,,
Cc1nnc(-c2ccc(N3CCC(Oc4cc(F)ccc4Cl)CC3)nn2)o1,0.161068385,train,random,1,,,,
Cc1cn2nc(-c3cc(=O)n4cc(N5CCNC6(CC6)C5)ccc4n3)cc(C)c2n1,0.985246791,train,random,1,,,,
CCCS(=O)(=O)Nc1ccc(F)c(C(=O)c2c[nH]c3ncc(-c4ccc(Cl)cc4)cc23)c1F,-1.59345982,train,random,1,,,,
Cc1ccc(OCC2(O)CCN(CC3(O)CCN(c4ccccc4C)CC3)CC2)cc1,-0.040481623,train,random,1,,,,
CN(C(=O)c1cc(N2CCNC2=O)ccc1F)C1CCNC1,1.885728632,train,random,1,,,,
O=C(Nc1cccc(N2CCNC2=O)c1)C1NCC12CCCC2,1.718202645,train,random,1,,,,
Cc1nnc(-c2ccc(N3CCC(Oc4ccccc4C(F)(F)F)CC3)nn2)s1,-0.906578315,train,random,1,,,,
O=C(NCCc1ccccc1)c1ccc(NC(=O)N2CCCCc3ccccc32)cc1,0.075911761,train,random,1,,,,
NC[C@H]1CC[C@@H](C(=O)Nc2ccc3[nH]ncc3c2)O1,1.981999714,train,random,1,,,,
CN(C(=O)c1cc(N2CCNC2=O)ccc1F)C1CCC(N)CC1,1.828717885,train,random,1,,,,
NC1CCCC1C(=O)N1CCC(c2c[nH]c3ncccc23)CC1,1.71701274,train,random,1,,,,
NC1CCCC(C(=O)Nc2ccc3[nH]ncc3c2)C1,2.0,train,random,1,,,,
NC1CCC(C(=O)N2CCC(c3c[nH]c4ncccc34)CC2)C1,1.917395215,train,random,1,,,,
NC1CCCC(C(=O)N2CCC(c3c[nH]c4ncccc34)CC2)C1,1.752816431,train,random,1,,,,
Cc1nc2cc(C(=O)NC34CCCC3NCC4)ccc2c(=O)[nH]1,1.866494097,train,random,1,,,,
CNc1nc(C)cc(C(=O)Nc2ccc3[nH]ncc3c2)n1,1.493625323,train,random,1,,,,
O=C(Nc1ccc(CN2CCCCC2)cc1)c1ccnc2[nH]cnc12,1.767526899,train,random,1,,,,
CCc1c[nH]c2ncnc(N3CCC(CN4CCN(C)CC4)CC3)c12,1.728012707,train,random,1,,,,
NC(=O)c1cnc(N2CCc3[nH]nc(C(F)(F)F)c3C2)c(Cl)c1,0.986009932,train,random,1,,,,
NC1CCCC(C(=O)Nc2cccc(N3CCNC3=O)c2)C1,1.763113391,train,random,1,,,,
CC1CC(N)CCN1C(=O)c1cc(N2CCNC2=O)c(F)cc1F,1.833504094,train,random,1,,,,
CC#CC(=O)N[C@H]1CCCN(c2c(F)cc(C(N)=O)c3[nH]c(C)c(C)c23)C1,0.163856803,test,random,1,1.2395856653900004,0.7690448151700002,0.6449581591000001,1.3112164566900004
CCS(=O)(=O)N1CC(CC#N)(n2cc(-c3ncnc4[nH]ccc34)cn2)C1,1.378597739,test,random,1,0.8743826682699999,1.0798454013800003,0.6201470477400002,1.1942905971299997
Fc1ccc(-c2ccc3c(c2)[nH]c2ccncc23)cn1,0.653405491,test,random,1,1.1538120482600003,0.7870195107700003,0.8009151815699999,0.7769140119300004
C=CC(=O)N1CCC(CNc2ncnc(N)c2-c2ccc(Oc3ccccc3)cc2)CC1,0.752995432,test,random,1,0.5586779681500001,0.3545826488599998,0.28054901002999993,0.36401768191
CC(C)(C)c1ccc(-c2nc3n(c(=O)c2C#N)CCS3)cc1,0.731266349,test,random,1,0.5366206584499998,0.6476818137800002,0.40338344655,0.4504997527300001
C=CC(=O)N1CCC([C@@H]2CCNc3c(C(N)=O)c(-c4ccc(Oc5ccccc5)cc4)nn32)CC1,0.968996327,test,random,1,0.7687671055500003,0.45639559860000034,0.26317169198999996,0.37682379410999983
Fc1ccccc1-c1c[nH]nc1C1CCCN1Cc1ccc2ncccc2c1,0.545801757,test,random,1,0.6114159798500002,0.6204311318499999,0.7394881437499998,0.05157427136000001
CCc1nc(C)cn2nc(-c3cc(=O)n4cc(C5CCN(C)CC5)cc(C)c4n3)cc12,0.868232868,test,random,1,1.1133549149699997,0.6753914252300003,0.9482529773300005,0.7338416942000007
Cc1ncc(CN2CC[C@@H](Nc3cncc(Cl)n3)[C@@H](C)C2)s1,1.205461507,test,random,1,0.8922604333299998,0.83152672292,0.7056028507400001,0.7434758110499999
C[C@@H]1CCN(C(=O)CC#N)C[C@@H]1N(C)c1ncnc2[nH]ccc12,1.991815076,test,random,1,1.0729533057699996,1.12146579494,0.9086027192200004,1.7215145424500002
CC(=O)Nc1ccc(C(=O)N2CCCCC2c2nc(N)ncc2-c2cccc(Cl)c2)cc1,0.520483533,test,random,1,0.5641625265700003,0.47700063319999997,0.46008508649999996,0.3940686200099999
Cc1cc(F)ccc1C1C(=O)NCCN1C(=O)c1ccc2nccn2c1,1.78096503,test,random,1,1.443656566540001,1.1741097384200005,1.31432721307,1.58111364675
Cc1ncsc1C(=O)N1CCCCC1c1nc(N(C)C)ncc1-c1cccc(Cl)c1,-0.083019953,test,random,1,0.5620908992800007,0.4565409933199999,0.8921097523400001,0.3911252439
c1ccc(Oc2cccc(CN(CCN3CCOCC3)Cc3cccnc3)c2)cc1,-0.222573178,test,random,1,0.34371354736,0.4263869307500001,0.5647486325100002,0.6470411613900001
O=S(=O)(c1cccc2cnccc12)N1CCCNCC1,1.892077899,test,random,1,1.4270719212100011,1.4533754900500007,1.49314537224,1.5955913915500013
CCn1c(CO)nn(-c2cc(O[C@@H](C)C(F)(F)F)c(C(=O)Nc3c(F)cccc3Cl)cc2F)c1=O,0.975753389,test,random,1,0.57844360222,0.3661046197499999,0.2639249270399999,0.09251652309000001
NCCN1CCN(C/C=C/C(=O)N2CCC[C@@H](n3nc(-c4ccc(Oc5ccccc5)cc4)c4c(N)ncnc43)C2)CC1,0.699837726,test,random,1,0.6233960658100003,0.3737646607900001,0.39171884472,0.3372258409800001
CC(=O)Nc1ncc(CN2CCCC[C@@H]2C)s1,2.0,test,random,1,1.15171801333,1.20296878291,0.7921004535699998,1.615708847900001
COCCc1noc(CN2CC(c3ccccc3)(c3ccccc3)CCC2=O)n1,1.167051359,test,random,1,0.51290011011,0.64676487398,0.89905322201,0.9141471361000005
Cc1oc2ccccc2c1CNc1nnc(-c2ccncc2)o1,0.717254313,test,random,1,0.7864502655699996,0.6129614203300005,0.5115636940400001,0.5301758908499999
Nc1ncnc2c1c(-c1cnc3[nH]ccc3c1)nn2C1CCCC1,0.862608364,test,random,1,1.26740688361,1.1679650497700005,0.91116703964,0.6277953232100002
CN1C(N)=N[C@](C)(c2cc(NC(=O)c3ccc(F)cn3)ccc2F)CS1(=O)=O,1.560468571,test,random,1,0.9139898488700001,0.6804117256300001,0.7439091346900001,1.0363268955999998
Cc1cccnc1Nc1cccc(C2CCCN(CC(=O)Nc3nccs3)C2)n1,0.180699201,test,random,1,0.8171261855700002,0.6407536006200002,0.9890317999600003,0.4397471216500002
CC1(C)CC(=O)C2=C(C1)NC(=O)CC2c1ccc(Br)cc1,1.159236233,test,random,1,1.3332764469000005,0.6639908374599998,0.7849428881500004,0.6897838908899999
CNC(=O)C1(Cc2ccc(-c3cccnc3)cc2)CCN(Cc2ccccc2Cl)C1,0.387567779,test,random,1,0.9898693113700004,0.66292901715,0.73718489429,0.3561670062
COc1cc2ncnc(Nc3cccc(O)c3)c2cc1OC,0.994317153,test,random,1,0.3047053265699999,0.4117821327599998,0.31973664463999985,0.49484350944999983
CC1(CNC(=O)c2cncc(C3CCNCC3)n2)CCCO1,1.988550039,test,random,1,1.6973224191299994,1.7871663111200002,1.5725038251699994,1.8089438873599997
CC#CC(=O)N1CCC[C@@H]1c1nc(-c2ccc(C(=O)Nc3ccccn3)cc2)c2c(N)nccn12,0.975868182,test,random,1,0.5584098619100001,0.5107167368000002,0.6821015722200001,0.44273852310999984
c1ccc(-c2ccc(CN3CCCCCCC3)cc2)cc1,-0.614393726,test,random,1,1.0662149124200002,0.7871658025000001,0.18105716145000006,0.16373940163
Cc1ccc(Oc2ccc(Cl)cc2NC(=O)CN(C)CC(=O)N(C)C)cc1,-0.053056729,test,random,1,0.23565417234999994,0.37254187802000005,0.5555024528400002,0.43446277230999997
CCn1c(=O)oc2cc(NC(=O)c3ccc(C(C)(C)C)cc3)ccc21,0.21005085,test,random,1,1.0933222428500007,0.6082629878200002,0.6522768851100003,0.44300974036
O=C(Nc1cccc2c(=O)cc(-c3nnn[nH]3)oc12)c1ccc(OCCCCc2ccccc2)cc1,0.582744966,test,random,1,-0.06618353183000003,-0.12945873838,0.19640400724999996,-0.29639011222
CC(=O)Nc1ncc(C(=O)O)s1,1.81935965,test,random,1,0.8397306019600005,1.1518285770800007,0.8390532311200007,1.2163742951600012
NCC1CCCC1NC(=O)c1cc(N2CCNC2=O)ccc1F,1.87495702,test,random,1,1.2250758701300004,1.6362149236000014,1.5110760351400006,1.77629122734
Cn1c(-c2n[nH]c3c2CCCC3)nnc1N1CCC2(CNC(=O)C2)C1,1.792986685,test,random,1,0.8927700284199999,1.3501133386899997,1.2772730727999997,1.5815687240700007
CC(C)(C)c1ccc(C(O)CN2CCC(O)(c3ccc4c(c3)OCO4)CC2)cc1,0.779018972,test,random,1,1.0264049726500009,0.40947348631000013,0.6828952229700002,0.7158176608200005
NC1CC(NC(=O)c2ccc(-c3cn[nH]c3)cn2)C12CCC2,1.709702344,test,random,1,1.0200393027699999,1.3315913941900002,1.70687654137,1.7202759452400003
O=C(NC12CCCC1NCC2)c1ccc(-c2cn[nH]c2)cc1,2.0,test,random,1,1.1583312582199998,1.4022876463100014,1.20263175245,1.7216931410400003
c1sc(NCC2CCCO2)nc1C12CC3CC(CC(C3)C1)C2,-1.096910013,test,random,1,1.0903424643900004,1.3040672526300003,0.5775217265900002,0.5375414355800001
CNc1cc(Nc2cccn(-c3ccccn3)c2=O)nn2c(C(=O)N[C@@H]3C[C@@H]3F)cnc12,0.991226076,train,random,2,,,,
CCOc1cc2nn(CCC(C)(C)O)cc2cc1NC(=O)c1cccc(C(F)F)n1,0.099680641,train,random,2,,,,
CC(C)(O)CCn1cc2cc(NC(=O)c3cccc(C(F)(F)F)n3)c(C(C)(C)O)cc2n1,1.015611205,train,random,2,,,,
CC#CC(=O)N[C@H]1CCCN(c2c(F)cc(C(N)=O)c3[nH]c(C)c(C)c23)C1,0.163856803,train,random,2,,,,
COc1ccc(Cl)cc1C(=O)NCCc1ccc(S(=O)(=O)NC(=O)NC2CCCCC2)cc1,-0.91721463,train,random,2,,,,
CC(C)NC(=O)COc1cccc(-c2nc(Nc3ccc4[nH]ncc4c3)c3ccccc3n2)c1,-1.384078213,train,random,2,,,,
CCS(=O)(=O)N1CC(CC#N)(n2cc(-c3ncnc4[nH]ccc34)cn2)C1,1.378597739,train,random,2,,,,
CCn1c(-c2nonc2N)nc2cnc(Oc3cccc(NC(=O)c4ccc(OCCN5CCOCC5)cc4)c3)cc21,-0.449771647,train,random,2,,,,
COc1cc2c(cc1OC)CC(=O)N(CCCN(C)C[C@H]1Cc3cc(OC)c(OC)cc31)CC2,1.730984039,train,random,2,,,,
CCCc1cc(N2CCc3c(nc(C4CC4)n3C)C2)n2ncnc2n1,1.677187053,train,random,2,,,,
Fc1ccc(-c2ccc3c(c2)[nH]c2ccncc23)cn1,0.653405491,train,random,2,,,,
Cn1cc(Nc2nccc(N3CC4CCC(C3)N4C(=O)[C@@H]3CC3(F)F)n2)cn1,1.642995934,train,random,2,,,,
[2H]C([2H])([2H])NC(=O)c1nnc(NC(=O)C2CC2)cc1Nc1cccc(-c2ncn(C)n2)c1OC,1.186566481,train,random,2,,,,
C=CC(=O)N1CCC(CNc2ncnc(N)c2-c2ccc(Oc3ccccc3)cc2)CC1,0.752995432,train,random,2,,,,
Nc1n[nH]cc1-c1cc(Cl)ccc1Oc1cc(F)c(S(=O)(=O)Nc2cscn2)cc1Cl,-0.354577731,train,random,2,,,,
Cc1c(-c2c(F)cc(C(N)=O)c3[nH]c4c(c23)CC[C@H](C(C)(C)O)C4)cccc1-n1c(=O)c2cccc(F)c2n(C)c1=O,0.436162647,train,random,2,,,,
Cn1cc(-c2cn3nccc3c(-c3cnn([C@]4(CC#N)C[C@@H](C#N)C4)c3)n2)cn1,1.559583476,train,random,2,,,,
O=C(c1ccc(Oc2ccccc2)cc1Cl)c1c[nH]c2ncnc(N[C@@H]3CC[C@@H](CO)OC3)c12,-0.467245621,train,random,2,,,,
N#CC[C@H](C1CCCC1)n1cc(-c2ncnc3[nH]ccc23)cn1,0.630986911,train,random,2,,,,
CC(C)(C)c1ccc(-c2nc3n(c(=O)c2C#N)CCS3)cc1,0.731266349,train,random,2,,,,
CC#CC(=O)N1CC[C@@H](n2c(=O)n(-c3ccc(Oc4ccccc4)cc3)c3c(N)ncnc32)C1,0.935859798,train,random,2,,,,
C=CC(=O)N1CCC([C@@H]2CCNc3c(C(N)=O)c(-c4ccc(Oc5ccccc5)cc4)nn32)CC1,0.968996327,train,random,2,,,,
C=CC(=O)N1CCC[C@H](n2c(=O)n(-c3ccc(Oc4ccccc4)cc3)c3c(N)ncnc32)C1,0.983851719,train,random,2,,,,
CC(C)(C=C(C#N)C(=O)N1CCC[C@@H](n2nc(-c3ccc(Oc4ccccc4)cc3F)c3c(N)ncnc32)C1)N1CCN(C2COC2)CC1,0.276231958,train,random,2,,,,
CC#CC(=O)N1CC[C@@H](n2cc(-c3ccc(Oc4c(F)cccc4F)cc3)c3c(N)n[nH]c(=O)c32)C1,-0.073143291,train,random,2,,,,
C=CC(=O)Nc1cccc(Oc2nc(Nc3ccc(N4CCN(C)CC4)c(F)c3)nc3[nH]ccc23)c1,0.039414119,train,random,2,,,,
C[C@@H]1c2nnn(-c3ncc(F)cn3)c2CCN1C(=O)c1cccc(C(F)(F)F)c1Cl,0.969089603,train,random,2,,,,
O=C(Nc1cccc(-c2nncn2C2CC2)c1)c1cc(-n2cnc(C3CC3)c2)ccn1,0.262925469,train,random,2,,,,
Fc1ccccc1-c1c[nH]nc1C1CCCN1Cc1ccc2ncccc2c1,0.545801757,train,random,2,,,,
Cc1nccc(-c2cn(Cc3ccccc3)c3cnccc23)n1,1.122707254,train,random,2,,,,
CCc1nc(C)cn2nc(-c3cc(=O)n4cc(C5CCN(C)CC5)cc(C)c4n3)cc12,0.868232868,train,random,2,,,,
Cc1c(Cl)ccc2cc3n(c12)[C@@H](C)CNC3=O,0.328379603,train,random,2,,,,
Nc1ncnc2c1c(-c1ccc(Oc3ccccc3)cc1)nn2[C@@H]1CCCNC1,0.956648579,train,random,2,,,,
Cc1nnc(CN(C)CC(C)Oc2ccc(Cl)c(Cl)c2)n1C,0.926290987,train,random,2,,,,
COc1nn(C)cc1C(=O)Nc1cccc(-c2cnc3n2CCC3)c1,0.866877814,train,random,2,,,,
COc1cc(F)ccc1-c1ncnc(Nc2cccc(C[S@@](C)(=N)=O)c2)n1,1.594922663,train,random,2,,,,
Cc1ncc(CN2CC[C@@H](Nc3cncc(Cl)n3)[C@@H](C)C2)s1,1.205461507,train,random,2,,,,
Cc1ccc(C(=O)N2CCC(Cc3ccccc3-c3ccccc3)(C(=O)N(C)C)CC2)s1,-0.293282218,train,random,2,,,,
CCc1nc2c(C)cc(N3CCN(CC(=O)N4CC(O)C4)CC3)cn2c1N(C)c1nc(-c2ccc(F)cc2)c(C#N)s1,-0.204728421,train,random,2,,,,
C[C@@H]1CCN(C(=O)CC#N)C[C@@H]1N(C)c1ncnc2[nH]ccc12,1.991815076,train,random,2,,,,
CN(C)C(=O)C1(Cc2ccccc2-c2ccccc2)CCN(C(=O)C2CCCO2)CC1,0.902546779,train,random,2,,,,
CC(=O)Nc1ccc(C(=O)N2CCCCC2c2nc(N)ncc2-c2cccc(Cl)c2)cc1,0.520483533,train,random,2,,,,
O=C1CN(c2ccc(Nc3nccc(C(F)(F)F)n3)cn2)CCN1,1.543819805,train,random,2,,,,
O=C1NCCN(C(=O)c2ccc3nccn3c2)C1c1ccccc1C(F)(F)F,1.851001366,train,random,2,,,,
Cc1cc(F)ccc1C1C(=O)NCCN1C(=O)c1ccc2nccn2c1,1.78096503,train,random,2,,,,
O=C1NCCN(C(=O)c2ccncc2)C1c1ccccc1Cl,1.876996793,train,random,2,,,,
CC(C)(C)C(=O)N1CCC(Cc2ccc(-c3cccs3)cc2)(C(=O)N2CCCC2)CC1,-0.1837587,train,random,2,,,,
OC[C@H](Nc1cncc(-c2ccc3[nH]ncc3n2)c1)c1ccccc1,1.017826038,train,random,2,,,,
Cc1ncsc1C(=O)N1CCCCC1c1nc(N(C)C)ncc1-c1cccc(Cl)c1,-0.083019953,train,random,2,,,,
OCC1CCCCN1Cc1ccc(Cl)c(Cl)c1,1.390069186,train,random,2,,,,
COc1ccccc1C(=O)Nc1ccc2cc[nH]c2c1,0.505149978,train,random,2,,,,
c1ccc(Oc2cccc(CN(CCN3CCOCC3)Cc3cccnc3)c2)cc1,-0.222573178,train,random,2,,,,
COc1ccc([C@H]2CN(C(C)=O)[C@@H]3CCCN(Cc4cccc(F)c4)[C@H]23)cc1,0.595385981,train,random,2,,,,
Cc1c(C(=O)NCCCN(C)C)sc2ncnc(Nc3ccc(F)cc3OC(C)C)c12,0.741821047,train,random,2,,,,
OCC1CCCCN1Cc1ccc(-c2ccccc2)cc1,1.368007805,train,random,2,,,,
Nc1ncc(C(=O)NC2CN(C(=O)C3CC3)C2)c2ccc(-c3cccc(F)c3)nc12,0.623352682,train,random,2,,,,
CC1(C)CC(Oc2ccc(-c3ccc(-c4cn[nH]c4)cc3O)nn2)CC(C)(C)N1,1.199947058,train,random,2,,,,
Cc1nnc(-c2ccc3occ(-c4ccc(S(C)=O)cc4)c3c2)o1,0.193402903,train,random,2,,,,
O=C(Nc1ccc2ccccc2n1)c1ccc(N2CCOC2=O)cc1,0.449015316,train,random,2,,,,
O=C(CCNC(=O)c1ccc(OC(F)(F)F)cc1)N[C@@H]1CCCc2ccccc21,0.526080692,train,random,2,,,,
O=S(=O)(c1cccc2cnccc12)N1CCCNCC1,1.892077899,train,random,2,,,,
C=CC(=O)Nc1cccc(Oc2nc(Nc3ccc(N4CCN(C)CC4)cc3)nc3ccoc23)c1,0.146128036,train,random,2,,,,
CCN1CCN(S(=O)(=O)Cc2ccc(Cl)c(Cl)c2)CC1,1.249124949,train,random,2,,,,
O=C(Nc1nc2cccc(-c3ccc(CN4CCS(=O)(=O)CC4)cc3)n2n1)C1CC1,1.681349797,train,random,2,,,,
CCn1c(CO)nn(-c2cc(O[C@@H](C)C(F)(F)F)c(C(=O)Nc3c(F)cccc3Cl)cc2F)c1=O,0.975753389,train,random,2,,,,
CCN(C/C=C\c1ccc(C2CCCCC2)c(Cl)c1)C1CCCCC1,-0.853871964,train,random,2,,,,
NCCN1CCN(C/C=C/C(=O)N2CCC[C@@H](n3nc(-c4ccc(Oc5ccccc5)cc4)c4c(N)ncnc43)C2)CC1,0.699837726,train,random,2,,,,
Cn1c(C2CC2)nc2c1CCN(c1ncnc3ccsc13)C2,1.237065953,train,random,2,,,,
CC/C(=C(\c1ccccc1)c1ccc(OCCN(C)C)cc1)c1ccccc1,-0.580044252,train,random,2,,,,
CNC(=O)C1(Cc2ccc(-c3ccncc3)cc2)CCN(Cc2cccc(F)c2)C1,1.10503305,train,random,2,,,,
Cc1ncc(CN2CCC(Nc3ccc4nnnn4n3)C(C)C2)s1,1.652285029,train,random,2,,,,
Cc1nc(Nc2nccs2)cc(C2CN(c3ncccn3)C2)n1,0.444669231,train,random,2,,,,
Cc1noc(C(C)C)c1C(=O)N1CC(C)OC(c2ccccc2)C1,1.180469962,train,random,2,,,,
Cc1c(F)cccc1NC(=O)CN1[C@H]2CCCC(=O)N[C@@]2(C)C[C@H]1Cc1ccccc1,0.595275712,train,random,2,,,,
CCC1=C(C)CN(C(=O)NCCc2ccc(S(=O)(=O)NC(=O)N[C@H]3CC[C@H](C)CC3)cc2)C1=O,-1.180456064,train,random,2,,,,
O=S(=O)(c1cccc2c(O)nccc12)N1CCCNCC1,1.850223373,train,random,2,,,,
Cc1ccc(NC(=O)CN2[C@H]3CCCC(=O)N[C@@]3(C)C[C@H]2Cc2ccccc2)cc1F,-0.137272472,train,random,2,,,,
CN(C)C(=O)C1(Cc2ccccc2-c2cccc(F)c2)CCN(C(=O)C2CC=CCC2)CC1,-0.104025268,train,random,2,,,,
COCC(=O)N1CCC(Cc2ccccc2-c2cccc(F)c2)(C(=O)NC(C)C)CC1,0.596597096,train,random,2,,,,
COc1ccc(CNC(=O)c2sc3nc(C)cc(C)c3c2N)cc1,-0.356547324,train,random,2,,,,
C#C[C@@](C)(CC)NC(=O)c1cc(F)cnc1NC1CC(F)(F)C1,0.671265433,train,random,2,,,,
Cn1cc(Nc2nc(N)nc(-c3cccc(-n4ccc5cc(C6CC6)cc(F)c5c4=O)c3CO)n2)cn1,0.850401148,train,random,2,,,,
Cc1cnc(C(=O)NCCc2ccc(S(=O)(=O)NC(=O)NC3CCCCC3)cc2)cn1,0.01745073,train,random,2,,,,
CNC(=O)C1(Cc2ccc(-c3cccnc3)cc2)CCN(Cc2ccc(F)cc2)C1,1.021602716,train,random,2,,,,
CC(=O)Nc1ncc(CN2CCCC[C@@H]2C)s1,2.0,train,random,2,,,,
COCCc1noc(CN2CC(c3ccccc3)(c3ccccc3)CCC2=O)n1,1.167051359,train,random,2,,,,
Cc1oc2ccccc2c1CNc1nnc(-c2ccncc2)o1,0.717254313,train,random,2,,,,
O=C(Nc1cccc2ncccc12)[C@H]1CCCN(S(=O)(=O)c2ccccc2)C1,1.222560409,train,random,2,,,,
C[C@@H]1Cc2ccccc2N1C(=O)Cn1nc(-c2cccc3ncccc23)oc1=O,0.224014811,train,random,2,,,,
Nc1ncnc2c1c(-c1cnc3[nH]ccc3c1)nn2C1CCCC1,0.862608364,train,random,2,,,,
O=C(Nc1cnccc1-c1ccc(Cl)cc1)c1ccnc(NC(=O)C2CC2)c1,0.369957607,train,random,2,,,,
CN1C(N)=N[C@](C)(c2cc(NC(=O)c3ccc(F)cn3)ccc2F)CS1(=O)=O,1.560468571,train,random,2,,,,
CC1CN(C(=O)c2cccnc2N2CCOCC2)CC(c2ccccc2)O1,1.573185017,train,random,2,,,,
CCCCNC(=O)NS(=O)(=O)c1ccc(C)cc1,0.439332694,train,random,2,,,,
Cc1cc(Nc2cnccn2)cc(C2CCCN(CC(=O)N3CCCC3)C2)n1,1.642246824,train,random,2,,,,
Cc1cccnc1Nc1cccc(C2CCCN(CC(=O)Nc3nccs3)C2)n1,0.180699201,train,random,2,,,,
CN(C)C(=O)C1(Cc2ccccc2-c2ccccc2)CCN(C(=O)c2cnn(C)c2)CC1,1.041353202,train,random,2,,,,
CC1(C)CC(=O)C2=C(C1)NC(=O)CC2c1ccc(Br)cc1,1.159236233,train,random,2,,,,
CNC(=O)C1(Cc2ccc(-c3cccnc3)cc2)CCN(Cc2ccccc2Cl)C1,0.387567779,train,random,2,,,,
Cc1cc(N2CCCC2c2cc(CCC(=O)O)cc(C)n2)ncn1,2.0,train,random,2,,,,
COc1cc2ncnc(Nc3cccc(O)c3)c2cc1OC,0.994317153,train,random,2,,,,
Cc1cc(C)c2c(N)c(C(=O)NCc3ccc(Cl)cc3)sc2n1,-0.370590401,train,random,2,,,,
CC1(CNC(=O)c2cncc(C3CCNCC3)n2)CCCO1,1.988550039,train,random,2,,,,
Cc1cc(N2CCCC2)nc(C2CCCN(C)C2)n1,2.0,train,random,2,,,,
O=C1NCCSc2c1sc1ccc(O)cc21,0.891593204,train,random,2,,,,
CCn1cc(C(=O)O)c(=O)c2c(N)c(F)c(NC3CCCCC3)cc21,0.427486109,train,random,2,,,,
C[C@H]1CN(C2COC2)CCN1c1ccc(Nc2cc(-c3ccnc(N4CCn5c(cc6c5CC(C)(C)C6)C4=O)c3CO)cn(C)c2=O)nc1,1.209139536,train,random,2,,,,
C=CC(=O)Nc1cccc(Nc2nc(Nc3ccc(Oc4ccnc(C(=O)NC)c4)cc3)ncc2F)c1,-0.403402904,train,random,2,,,,
C=CC(=O)N(C)CCOc1c(N)ncnc1-c1cc(F)cc(NC(=O)c2ccc(C3CC3)cc2F)c1C,0.838502776,train,random,2,,,,
CC#CC(=O)N1CCC[C@@H]1c1nc(-c2ccc(C(=O)Nc3ccccn3)cc2)c2c(N)nccn12,0.975868182,train,random,2,,,,
Cc1c[nH]c(=O)n1-c1ccc(C(=O)Nc2ccc3ccccc3n2)cc1,0.639386869,train,random,2,,,,
c1ccc(-c2ccc(CN3CCCCCCC3)cc2)cc1,-0.614393726,train,random,2,,,,
CC(=O)N1CCN(c2c(Cl)cccc2NC(=O)COc2ccccc2Cl)CC1,0.256958153,train,random,2,,,,
CCC(=O)N1CCN(c2ccc(Cl)cc2NC(=O)COc2ccccc2)CC1,0.250420002,train,random,2,,,,
Cc1ccc(Oc2ccc(Cl)cc2NC(=O)CN(C)CC(=O)N(C)C)cc1,-0.053056729,train,random,2,,,,
CC1(C)Cc2cc(NC(=O)c3cnn4cccnc34)c(OCC3CC3)nc2O1,-0.199970641,train,random,2,,,,
N#Cc1cc(F)c(NS(=O)(=O)c2c[nH]c3cc(Cl)ccc23)cc1F,-0.026872146,train,random,2,,,,
COc1cc2c(cc1OC)CN(CCc1ccc(NC(=O)c3cccc4c(O)c5cccc(OC)c5nc34)cc1)CC2,-1.207608311,train,random,2,,,,
CCCc1nc2nc(C)c(NS(=O)(=O)c3ccc(C4CCCCC4)cc3)c(O)n2n1,-0.218963061,train,random,2,,,,
NC(=O)C1(Cc2ccc(-c3ccncc3)cc2)CCN(C(=O)Cc2cccc(F)c2)CC1,1.006508828,train,random,2,,,,
O=C(NC1CCNCC1)c1ccc2[nH]ncc2c1,1.842696589,train,random,2,,,,
Cc1cccc(/C=N/Nc2cc(N3CCOCC3)nc(OCCc3ccccn3)n2)c1,-0.548213564,train,random,2,,,,
CCn1c(=O)oc2cc(NC(=O)c3ccc(C(C)(C)C)cc3)ccc21,0.21005085,train,random,2,,,,
COc1ccc(OC[C@@H]2c3cc(OC)c(OC)cc3CCN2C(=O)c2cccc(Cl)c2)cc1,-0.116906641,train,random,2,,,,
CC(C)[C@H](CO)Nc1nc(Nc2cc(N)cc(Cl)c2)c2ncn(C(C)C)c2n1,-0.061980903,train,random,2,,,,
O=C(NC1CCNCC1)c1ccc2cn[nH]c2c1,2.0,train,random,2,,,,
CC(C)(C)OC(=O)N1CCCC1C(=O)N1CCC(C(=O)N[C@@H](Cc2c[nH]c3ccccc23)C(=O)O)CC1,1.691832676,train,random,2,,,,
O=C(Nc1cccc2c(=O)cc(-c3nnn[nH]3)oc12)c1ccc(OCCCCc2ccccc2)cc1,0.582744966,train,random,2,,,,
CC(=O)Nc1ncc(C(=O)O)s1,1.81935965,train,random,2,,,,
Cc1cccc(-c2nc(C34CCC(C(N)=O)(CC3)CC4)[nH]c2-c2ccc3c(c2)OCO3)n1,1.02011257,train,random,2,,,,
COc1cc2nc(-c3cc(F)ccc3O)nc(N[C@@H]3CNC[C@H]3C(C)(C)O)c2cc1OC.Cl,-1.119186408,train,random,2,,,,
CC(C)[C@@](C)(O)[C@@H]1CN(c2nc(-c3n[nH]c4ncccc34)c(F)cc2Cl)CCN1,1.302460808,train,random,2,,,,
Cc1nnc(-c2ccc(N3CCC(Oc4cc(F)ccc4Cl)CC3)nn2)o1,0.161068385,train,random,2,,,,
CCCS(=O)(=O)Nc1ccc(F)c(C(=O)c2c[nH]c3ncc(-c4ccc(Cl)cc4)cc23)c1F,-1.59345982,train,random,2,,,,
Cc1ccc(OCC2(O)CCN(CC3(O)CCN(c4ccccc4C)CC3)CC2)cc1,-0.040481623,train,random,2,,,,
O=C(Nc1cccc(N2CCNC2=O)c1)C1NCC12CCCC2,1.718202645,train,random,2,,,,
NCC1CCCC1NC(=O)c1cc(N2CCNC2=O)ccc1F,1.87495702,train,random,2,,,,
Cn1c(-c2n[nH]c3c2CCCC3)nnc1N1CCC2(CNC(=O)C2)C1,1.792986685,train,random,2,,,,
Cc1nnc(-c2ccc(N3CCC(Oc4ccccc4C(F)(F)F)CC3)nn2)s1,-0.906578315,train,random,2,,,,
O=C(NCCc1ccccc1)c1ccc(NC(=O)N2CCCCc3ccccc32)cc1,0.075911761,train,random,2,,,,
CC(C)(C)c1ccc(C(O)CN2CCC(O)(c3ccc4c(c3)OCO4)CC2)cc1,0.779018972,train,random,2,,,,
NC[C@H]1CC[C@@H](C(=O)Nc2ccc3[nH]ncc3c2)O1,1.981999714,train,random,2,,,,
CN(C(=O)c1cc(N2CCNC2=O)ccc1F)C1CCC(N)CC1,1.828717885,train,random,2,,,,
NC1CCCC1C(=O)N1CCC(c2c[nH]c3ncccc23)CC1,1.71701274,train,random,2,,,,
NC1CCCC(C(=O)Nc2ccc3[nH]ncc3c2)C1,2.0,train,random,2,,,,
NC1CC(NC(=O)c2ccc(-c3cn[nH]c3)cn2)C12CCC2,1.709702344,train,random,2,,,,
NC1CCC(C(=O)N2CCC(c3c[nH]c4ncccc34)CC2)C1,1.917395215,train,random,2,,,,
O=C(NC12CCCC1NCC2)c1ccc(-c2cn[nH]c2)cc1,2.0,train,random,2,,,,
Cc1nc2cc(C(=O)NC34CCCC3NCC4)ccc2c(=O)[nH]1,1.866494097,train,random,2,,,,
CNc1nc(C)cc(C(=O)Nc2ccc3[nH]ncc3c2)n1,1.493625323,train,random,2,,,,
O=C(Nc1ccc(CN2CCCCC2)cc1)c1ccnc2[nH]cnc12,1.767526899,train,random,2,,,,
NC(=O)c1cnc(N2CCc3[nH]nc(C(F)(F)F)c3C2)c(Cl)c1,0.986009932,train,random,2,,,,
NC1CCCC(C(=O)Nc2cccc(N3CCNC3=O)c2)C1,1.763113391,train,random,2,,,,
CC1CC(N)CCN1C(=O)c1cc(N2CCNC2=O)c(F)cc1F,1.833504094,train,random,2,,,,
c1sc(NCC2CCCO2)nc1C12CC3CC(CC(C3)C1)C2,-1.096910013,train,random,2,,,,
CN(c1ncc(F)cn1)[C@H]1CCCNC1,2.0,test,random,2,1.4552792655100006,1.3935343093299997,1.1843700433099997,1.8609118599499996
CC(C)(Oc1ccc(-c2cnc(N)c(-c3ccc(Cl)cc3)c2)cc1)C(=O)O,-1.158015195,test,random,2,0.15211628490000006,0.2159063739899999,0.31234604307999997,0.005675373429999974
C=CC(=O)N1CCC[C@@H](n2nc(-c3ccc(Oc4ccccc4)cc3)c3c(N)ncnc32)C1,0.62603,test,random,2,0.76118917482,0.6388821391299999,0.6000911308100002,0.70804111651
COc1ccc(S(=O)(=O)N2CCC(N3CCC(C)CC3)CC2)cc1,1.729799023,test,random,2,0.5702640984300003,1.0344420004100003,0.3519700066200002,1.5461198994399996
Cc1c[nH]c2nccc(Oc3c(F)cc(Nc4cc(Cl)nc(N)n4)cc3F)c12,-1.22184875,test,random,2,0.60145611503,0.30834988482999987,0.38964460397999995,0.14211863476000006
Nc1c(F)ccc2cnc(-n3ccc4ccncc43)cc12,0.713910354,test,random,2,0.9445904522799999,0.6114717917700001,0.6354074917700001,0.67723877507
C=CC(=O)N1C[C@H](Nc2ncnc3[nH]ccc23)CC[C@@H]1C,1.828227965,test,random,2,0.8764642325199999,1.3898641239599996,1.0487760750100004,1.9312687911099997
C=CC(=O)Nc1cccc(Oc2nc(Nc3ccc(N4CCN(C)CC4)cc3)nc3ccsc23)c1,-0.049635146,test,random,2,0.18927639943000008,0.21442390889000001,-0.06886891238999993,-0.23938473959000006
COc1ccccc1-c1cc(NC(=O)c2cccc(N3CCNC3=O)c2)[nH]n1,-0.397940009,test,random,2,1.4302488190100002,0.8083360058000002,0.6688561613800001,0.8830881340600003
Nc1ncc(-c2cccc(C(F)(F)F)c2)c(C2CCCCN2C(=O)c2ccccc2)n1,-0.04431225,test,random,2,0.7217257737299998,0.6712229475199999,0.9194317531200003,0.18937300091999984
CC(=O)Nc1ccc(C(=O)N2CCCCC2c2nc(N)ncc2-c2ccc(Cl)cc2)cc1,0.596926814,test,random,2,0.6636867009099994,0.5362822343699993,0.47448799133999986,0.30761373394999997
C[C@H]1CN(C(=O)CC(c2ccccc2)c2ccccc2)C[C@@H](C)O1,1.188253327,test,random,2,0.90875708593,0.6567694753400001,0.7917948436700007,0.8497830960400001
CN1[C@H]2CC[C@@H]1C[C@@H](OC(c1ccccc1)c1ccccc1)C2,1.106122874,test,random,2,0.9618938229800004,0.6646324746300002,0.4072868097100001,0.3932495914000001
CC(=O)N1CCN(c2nc(C(F)(F)F)nc3sc(C)c(C)c23)CC1,0.13481437,test,random,2,0.76234817379,1.0739687104800002,0.20500317606999996,0.3152149154000001
Cc1ncsc1C(=O)N1CCCCC1c1nc(N)ncc1-c1cccc(C(F)(F)F)c1,0.615318657,test,random,2,0.4881894485799998,0.2687525018299998,0.6311073980599999,0.028678601010000023
COc1nn(C)cc1C(=O)Nc1cccc2cnccc12,1.504729052,test,random,2,0.7344070728900002,0.9949301044400007,0.9207171651600004,1.1854456791000008
COc1ccc(Nc2c(C#N)cnc3cc(OC)c(OC)cc23)cc1Cl,-0.033858267,test,random,2,0.6709957864899998,0.3729247684099999,0.3370663812600001,-0.03144314948000001
COc1ccc(CCCN2CCN(c3cnn(C)c3)C(=O)C2)cc1F,1.343408594,test,random,2,0.7817661087699999,1.2250061796800014,0.7114459143700002,1.108986042680001
CN(Cc1ccccc1)C1(C(=O)N2CCNC(=O)CC2)Cc2ccccc2C1,0.904931827,test,random,2,1.45757343063,1.0868272797500007,1.0245212128200005,1.5964696799399996
CNC(=O)C1(Cc2ccc(-c3cccnc3)cc2)CCN(Cc2cccc(F)c2)C1,0.829753919,test,random,2,0.9003932436100003,0.90610850735,0.7978230452099999,0.9814552697700004
O=C1CCCC[C@@H]2[C@H](C[C@@H](Cc3ccccc3F)N2C(=O)c2cccc3ncccc23)N1,1.277998644,test,random,2,0.9062273687000002,0.4425229308800004,0.9162733422200005,0.45984051185000036
CCOc1cc(CC(=O)N[C@@H](CC(C)C)c2ccccc2N2CCCCC2)ccc1C(=O)O,0.106870544,test,random,2,0.009708968330000017,0.27276333224999993,0.7254771120700003,-0.10057853872000003
CC(O)(C#Cc1ccc2c(c1)N(c1nc(N)ncc1Cl)CC2)c1nccs1,-0.122628654,test,random,2,0.76722567594,0.59490848988,0.67809918795,0.48111787268
Cc1[nH]nc2c1C1(CCCCC1)CC(=O)N2,1.323066376,test,random,2,1.0771644924800001,1.2488988035800004,0.9772925392400008,1.8048990674299994
CN1CCN(S(=O)(=O)c2ccc(-c3cnc(N)c(C(=O)Nc4cccnc4)n3)cc2)CC1,1.078638038,test,random,2,0.8154001518999999,0.6477798297600004,0.8146428877500002,0.98595163036
CCCNC(=O)NS(=O)(=O)c1ccc(Cl)cc1,0.969835093,test,random,2,0.30113467909000013,0.7220708237800001,0.5190175448799998,0.9876044629900009
O=C(CN1CCCC(c2cccc(Cc3cccc(F)c3)n2)C1)N1CCCC1,1.062130535,test,random,2,0.8768071194399998,0.8675836850600008,0.9100908535300002,0.7854355579900006
COCCNC(=O)c1ccnc(C2CCNCC2)c1,2.0,test,random,2,1.5193780218400001,1.6576150217299999,0.9729128887500004,1.4238438986700004
COc1nc2sc(C(=O)NC3CC3)c(N)c2c(C)c1Cl,0.245512668,test,random,2,0.5733227005099999,0.6796455282600001,0.15515751451000004,0.9621329997700007
CC(=O)NCCNc1cc(Cl)nn2c(-c3cccc(S(=O)(=O)N(C)C)c3)c(C)nc12,0.681693392,test,random,2,0.4025000183400001,0.6253966438700002,0.15374506392999998,0.8253687782600002
CNC(=O)c1cccc(NC(=O)N2CCC(Oc3ccccc3Cl)CC2)c1,1.068760828,test,random,2,0.46803570535,0.36573783724999986,0.35735202325,0.39105265261
COc1ccc(OCC(=O)Nc2cccc(Cl)c2N2CCN(C(C)=O)CC2)cc1,0.700790221,test,random,2,0.2608603052499998,0.36703284026999966,0.31934744978,0.3207695485499997
COc1ccc([C@H]2c3[nH]c4ccc(Cl)cc4c3CCN2C(=O)Oc2ccc(Cl)cc2)cc1,1.51293775,test,random,2,0.49157503974000016,-0.10229900663000001,-0.08673500279999997,-0.11978216166000002
CC(=O)Nc1ccc(O)cc1,1.887859133,test,random,2,0.83888635925,1.0700861489400004,0.6506595540400002,1.4539481163799999
N#Cc1ccc(COc2cccc(C3CCN(Cc4nc5ccc(C(=O)O)cc5n4C[C@@H]4CCO4)CC3)n2)c(F)c1,0.402433346,test,random,2,1.0562599941600002,0.32501042648999984,0.2813645118999999,-0.26784316524
Cc1cn2nc(-c3cc(=O)n4cc(N5CCNC6(CC6)C5)ccc4n3)cc(C)c2n1,0.985246791,test,random,2,1.4895170888700011,0.8749025753400005,0.9222720991799999,1.4363925498399999
CN(C(=O)c1cc(N2CCNC2=O)ccc1F)C1CCNC1,1.885728632,test,random,2,1.763885580920001,1.670222528260001,1.3655097162000005,1.8424481137700002
NC1CCCC(C(=O)N2CCC(c3c[nH]c4ncccc34)CC2)C1,1.752816431,test,random,2,1.6938563787200003,1.6427898653,1.8216731253199998,1.6958832453500003
CCc1c[nH]c2ncnc(N3CCC(CN4CCN(C)CC4)CC3)c12,1.728012707,test,random,2,1.2121186124300003,1.1437067485300003,1.1520787040000007,1.7171950862800003
CN(c1ncc(F)cn1)[C@H]1CCCNC1,2.0,train,random,3,,,,
CC(C)(Oc1ccc(-c2cnc(N)c(-c3ccc(Cl)cc3)c2)cc1)C(=O)O,-1.158015195,train,random,3,,,,
CC(C)(O)CCn1cc2cc(NC(=O)c3cccc(C(F)(F)F)n3)c(C(C)(C)O)cc2n1,1.015611205,train,random,3,,,,
CC#CC(=O)N[C@H]1CCCN(c2c(F)cc(C(N)=O)c3[nH]c(C)c(C)c23)C1,0.163856803,train,random,3,,,,
COc1ccc(Cl)cc1C(=O)NCCc1ccc(S(=O)(=O)NC(=O)NC2CCCCC2)cc1,-0.91721463,train,random,3,,,,
C=CC(=O)N1CCC[C@@H](n2nc(-c3ccc(Oc4ccccc4)cc3)c3c(N)ncnc32)C1,0.62603,train,random,3,,,,
CCS(=O)(=O)N1CC(CC#N)(n2cc(-c3ncnc4[nH]ccc34)cn2)C1,1.378597739,train,random,3,,,,
COc1ccc(S(=O)(=O)N2CCC(N3CCC(C)CC3)CC2)cc1,1.729799023,train,random,3,,,,
CCn1c(-c2nonc2N)nc2cnc(Oc3cccc(NC(=O)c4ccc(OCCN5CCOCC5)cc4)c3)cc21,-0.449771647,train,random,3,,,,
Cc1c[nH]c2nccc(Oc3c(F)cc(Nc4cc(Cl)nc(N)n4)cc3F)c12,-1.22184875,train,random,3,,,,
COc1cc2c(cc1OC)CC(=O)N(CCCN(C)C[C@H]1Cc3cc(OC)c(OC)cc31)CC2,1.730984039,train,random,3,,,,
Fc1ccc(-c2ccc3c(c2)[nH]c2ccncc23)cn1,0.653405491,train,random,3,,,,
Nc1c(F)ccc2cnc(-n3ccc4ccncc43)cc12,0.713910354,train,random,3,,,,
C=CC(=O)N1C[C@H](Nc2ncnc3[nH]ccc23)CC[C@@H]1C,1.828227965,train,random,3,,,,
Cn1cc(Nc2nccc(N3CC4CCC(C3)N4C(=O)[C@@H]3CC3(F)F)n2)cn1,1.642995934,train,random,3,,,,
[2H]C([2H])([2H])NC(=O)c1nnc(NC(=O)C2CC2)cc1Nc1cccc(-c2ncn(C)n2)c1OC,1.186566481,train,random,3,,,,
C=CC(=O)N1CCC(CNc2ncnc(N)c2-c2ccc(Oc3ccccc3)cc2)CC1,0.752995432,train,random,3,,,,
Nc1n[nH]cc1-c1cc(Cl)ccc1Oc1cc(F)c(S(=O)(=O)Nc2cscn2)cc1Cl,-0.354577731,train,random,3,,,,
Cc1c(-c2c(F)cc(C(N)=O)c3[nH]c4c(c23)CC[C@H](C(C)(C)O)C4)cccc1-n1c(=O)c2cccc(F)c2n(C)c1=O,0.436162647,train,random,3,,,,
Cn1cc(-c2cn3nccc3c(-c3cnn([C@]4(CC#N)C[C@@H](C#N)C4)c3)n2)cn1,1.559583476,train,random,3,,,,
O=C(c1ccc(Oc2ccccc2)cc1Cl)c1c[nH]c2ncnc(N[C@@H]3CC[C@@H](CO)OC3)c12,-0.467245621,train,random,3,,,,
CC(C)(C)c1ccc(-c2nc3n(c(=O)c2C#N)CCS3)cc1,0.731266349,train,random,3,,,,
C=CC(=O)Nc1cccc(Oc2nc(Nc3ccc(N4CCN(C)CC4)cc3)nc3ccsc23)c1,-0.049635146,train,random,3,,,,
CC#CC(=O)N1CC[C@@H](n2c(=O)n(-c3ccc(Oc4ccccc4)cc3)c3c(N)ncnc32)C1,0.935859798,train,random,3,,,,
C=CC(=O)N1CCC([C@@H]2CCNc3c(C(N)=O)c(-c4ccc(Oc5ccccc5)cc4)nn32)CC1,0.968996327,train,random,3,,,,
C=CC(=O)N1CCC[C@H](n2c(=O)n(-c3ccc(Oc4ccccc4)cc3)c3c(N)ncnc32)C1,0.983851719,train,random,3,,,,
C=CC(=O)Nc1cccc(Oc2nc(Nc3ccc(N4CCN(C)CC4)c(F)c3)nc3[nH]ccc23)c1,0.039414119,train,random,3,,,,
C[C@@H]1c2nnn(-c3ncc(F)cn3)c2CCN1C(=O)c1cccc(C(F)(F)F)c1Cl,0.969089603,train,random,3,,,,
COc1ccccc1-c1cc(NC(=O)c2cccc(N3CCNC3=O)c2)[nH]n1,-0.397940009,train,random,3,,,,
Nc1ncc(-c2cccc(C(F)(F)F)c2)c(C2CCCCN2C(=O)c2ccccc2)n1,-0.04431225,train,random,3,,,,
O=C(Nc1cccc(-c2nncn2C2CC2)c1)c1cc(-n2cnc(C3CC3)c2)ccn1,0.262925469,train,random,3,,,,
Fc1ccccc1-c1c[nH]nc1C1CCCN1Cc1ccc2ncccc2c1,0.545801757,train,random,3,,,,
Cc1nccc(-c2cn(Cc3ccccc3)c3cnccc23)n1,1.122707254,train,random,3,,,,
CCc1nc(C)cn2nc(-c3cc(=O)n4cc(C5CCN(C)CC5)cc(C)c4n3)cc12,0.868232868,train,random,3,,,,
Cc1c(Cl)ccc2cc3n(c12)[C@@H](C)CNC3=O,0.328379603,train,random,3,,,,
Nc1ncnc2c1c(-c1ccc(Oc3ccccc3)cc1)nn2[C@@H]1CCCNC1,0.956648579,train,random,3,,,,
COc1cc(F)ccc1-c1ncnc(Nc2cccc(C[S@@](C)(=N)=O)c2)n1,1.594922663,train,random,3,,,,
Cc1ncc(CN2CC[C@@H](Nc3cncc(Cl)n3)[C@@H](C)C2)s1,1.205461507,train,random,3,,,,
C[C@@H]1CCN(C(=O)CC#N)C[C@@H]1N(C)c1ncnc2[nH]ccc12,1.991815076,train,random,3,,,,
CN(C)C(=O)C1(Cc2ccccc2-c2ccccc2)CCN(C(=O)C2CCCO2)CC1,0.902546779,train,random,3,,,,
CC(=O)Nc1ccc(C(=O)N2CCCCC2c2nc(N)ncc2-c2ccc(Cl)cc2)cc1,0.596926814,train,random,3,,,,
CC(=O)Nc1ccc(C(=O)N2CCCCC2c2nc(N)ncc2-c2cccc(Cl)c2)cc1,0.520483533,train,random,3,,,,
O=C1CN(c2ccc(Nc3nccc(C(F)(F)F)n3)cn2)CCN1,1.543819805,train,random,3,,,,
Cc1cc(F)ccc1C1C(=O)NCCN1C(=O)c1ccc2nccn2c1,1.78096503,train,random,3,,,,
O=C1NCCN(C(=O)c2ccncc2)C1c1ccccc1Cl,1.876996793,train,random,3,,,,
C[C@H]1CN(C(=O)CC(c2ccccc2)c2ccccc2)C[C@@H](C)O1,1.188253327,train,random,3,,,,
CN1[C@H]2CC[C@@H]1C[C@@H](OC(c1ccccc1)c1ccccc1)C2,1.106122874,train,random,3,,,,
CC(C)(C)C(=O)N1CCC(Cc2ccc(-c3cccs3)cc2)(C(=O)N2CCCC2)CC1,-0.1837587,train,random,3,,,,
Cc1ncsc1C(=O)N1CCCCC1c1nc(N(C)C)ncc1-c1cccc(Cl)c1,-0.083019953,train,random,3,,,,
OCC1CCCCN1Cc1ccc(Cl)c(Cl)c1,1.390069186,train,random,3,,,,
CC(=O)N1CCN(c2nc(C(F)(F)F)nc3sc(C)c(C)c23)CC1,0.13481437,train,random,3,,,,
COc1ccccc1C(=O)Nc1ccc2cc[nH]c2c1,0.505149978,train,random,3,,,,
c1ccc(Oc2cccc(CN(CCN3CCOCC3)Cc3cccnc3)c2)cc1,-0.222573178,train,random,3,,,,
COc1ccc([C@H]2CN(C(C)=O)[C@@H]3CCCN(Cc4cccc(F)c4)[C@H]23)cc1,0.595385981,train,random,3,,,,
Cc1c(C(=O)NCCCN(C)C)sc2ncnc(Nc3ccc(F)cc3OC(C)C)c12,0.741821047,train,random,3,,,,
CC1(C)CC(Oc2ccc(-c3ccc(-c4cn[nH]c4)cc3O)nn2)CC(C)(C)N1,1.199947058,train,random,3,,,,
Cc1nnc(-c2ccc3occ(-c4ccc(S(C)=O)cc4)c3c2)o1,0.193402903,train,random,3,,,,
Cc1ncsc1C(=O)N1CCCCC1c1nc(N)ncc1-c1cccc(C(F)(F)F)c1,0.615318657,train,random,3,,,,
O=C(CCNC(=O)c1ccc(OC(F)(F)F)cc1)N[C@@H]1CCCc2ccccc21,0.526080692,train,random,3,,,,
O=S(=O)(c1cccc2cnccc12)N1CCCNCC1,1.892077899,train,random,3,,,,
CCN1CCN(S(=O)(=O)Cc2ccc(Cl)c(Cl)c2)CC1,1.249124949,train,random,3,,,,
CCn1c(CO)nn(-c2cc(O[C@@H](C)C(F)(F)F)c(C(=O)Nc3c(F)cccc3Cl)cc2F)c1=O,0.975753389,train,random,3,,,,
NCCN1CCN(C/C=C/C(=O)N2CCC[C@@H](n3nc(-c4ccc(Oc5ccccc5)cc4)c4c(N)ncnc43)C2)CC1,0.699837726,train,random,3,,,,
Cn1c(C2CC2)nc2c1CCN(c1ncnc3ccsc13)C2,1.237065953,train,random,3,,,,
CC/C(=C(\c1ccccc1)c1ccc(OCCN(C)C)cc1)c1ccccc1,-0.580044252,train,random,3,,,,
COc1nn(C)cc1C(=O)Nc1cccc2cnccc12,1.504729052,train,random,3,,,,
Cc1ncc(CN2CCC(Nc3ccc4nnnn4n3)C(C)C2)s1,1.652285029,train,random,3,,,,
Cc1nc(Nc2nccs2)cc(C2CN(c3ncccn3)C2)n1,0.444669231,train,random,3,,,,
COc1ccc(Nc2c(C#N)cnc3cc(OC)c(OC)cc23)cc1Cl,-0.033858267,train,random,3,,,,
COc1ccc(CCCN2CCN(c3cnn(C)c3)C(=O)C2)cc1F,1.343408594,train,random,3,,,,
Cc1noc(C(C)C)c1C(=O)N1CC(C)OC(c2ccccc2)C1,1.180469962,train,random,3,,,,
CN(Cc1ccccc1)C1(C(=O)N2CCNC(=O)CC2)Cc2ccccc2C1,0.904931827,train,random,3,,,,
CCC1=C(C)CN(C(=O)NCCc2ccc(S(=O)(=O)NC(=O)N[C@H]3CC[C@H](C)CC3)cc2)C1=O,-1.180456064,train,random,3,,,,
O=S(=O)(c1cccc2c(O)nccc12)N1CCCNCC1,1.850223373,train,random,3,,,,
Cc1ccc(NC(=O)CN2[C@H]3CCCC(=O)N[C@@]3(C)C[C@H]2Cc2ccccc2)cc1F,-0.137272472,train,random,3,,,,
CN(C)C(=O)C1(Cc2ccccc2-c2cccc(F)c2)CCN(C(=O)C2CC=CCC2)CC1,-0.104025268,train,random,3,,,,
C#C[C@@](C)(CC)NC(=O)c1cc(F)cnc1NC1CC(F)(F)C1,0.671265433,train,random,3,,,,
Cn1cc(Nc2nc(N)nc(-c3cccc(-n4ccc5cc(C6CC6)cc(F)c5c4=O)c3CO)n2)cn1,0.850401148,train,random,3,,,,
Cc1cnc(C(=O)NCCc2ccc(S(=O)(=O)NC(=O)NC3CCCCC3)cc2)cn1,0.01745073,train,random,3,,,,
CNC(=O)C1(Cc2ccc(-c3cccnc3)cc2)CCN(Cc2ccc(F)cc2)C1,1.021602716,train,random,3,,,,
CNC(=O)C1(Cc2ccc(-c3cccnc3)cc2)CCN(Cc2cccc(F)c2)C1,0.829753919,train,random,3,,,,
CC(=O)Nc1ncc(CN2CCCC[C@@H]2C)s1,2.0,train,random,3,,,,
O=C1CCCC[C@@H]2[C@H](C[C@@H](Cc3ccccc3F)N2C(=O)c2cccc3ncccc23)N1,1.277998644,train,random,3,,,,
CCOc1cc(CC(=O)N[C@@H](CC(C)C)c2ccccc2N2CCCCC2)ccc1C(=O)O,0.106870544,train,random,3,,,,
CC(O)(C#Cc1ccc2c(c1)N(c1nc(N)ncc1Cl)CC2)c1nccs1,-0.122628654,train,random,3,,,,
COCCc1noc(CN2CC(c3ccccc3)(c3ccccc3)CCC2=O)n1,1.167051359,train,random,3,,,,
Cc1[nH]nc2c1C1(CCCCC1)CC(=O)N2,1.323066376,train,random,3,,,,
Cc1oc2ccccc2c1CNc1nnc(-c2ccncc2)o1,0.717254313,train,random,3,,,,
O=C(Nc1cccc2ncccc12)[C@H]1CCCN(S(=O)(=O)c2ccccc2)C1,1.222560409,train,random,3,,,,
Nc1ncnc2c1c(-c1cnc3[nH]ccc3c1)nn2C1CCCC1,0.862608364,train,random,3,,,,
CN1C(N)=N[C@](C)(c2cc(NC(=O)c3ccc(F)cn3)ccc2F)CS1(=O)=O,1.560468571,train,random,3,,,,
CC1CN(C(=O)c2cccnc2N2CCOCC2)CC(c2ccccc2)O1,1.573185017,train,random,3,,,,
CCCCNC(=O)NS(=O)(=O)c1ccc(C)cc1,0.439332694,train,random,3,,,,
Cc1cc(Nc2cnccn2)cc(C2CCCN(CC(=O)N3CCCC3)C2)n1,1.642246824,train,random,3,,,,
Cc1cccnc1Nc1cccc(C2CCCN(CC(=O)Nc3nccs3)C2)n1,0.180699201,train,random,3,,,,
CN(C)C(=O)C1(Cc2ccccc2-c2ccccc2)CCN(C(=O)c2cnn(C)c2)CC1,1.041353202,train,random,3,,,,
CC1(C)CC(=O)C2=C(C1)NC(=O)CC2c1ccc(Br)cc1,1.159236233,train,random,3,,,,
CN1CCN(S(=O)(=O)c2ccc(-c3cnc(N)c(C(=O)Nc4cccnc4)n3)cc2)CC1,1.078638038,train,random,3,,,,
CNC(=O)C1(Cc2ccc(-c3cccnc3)cc2)CCN(Cc2ccccc2Cl)C1,0.387567779,train,random,3,,,,
Cc1cc(N2CCCC2c2cc(CCC(=O)O)cc(C)n2)ncn1,2.0,train,random,3,,,,
CCCNC(=O)NS(=O)(=O)c1ccc(Cl)cc1,0.969835093,train,random,3,,,,
O=C(CN1CCCC(c2cccc(Cc3cccc(F)c3)n2)C1)N1CCCC1,1.062130535,train,random,3,,,,
COc1cc2ncnc(Nc3cccc(O)c3)c2cc1OC,0.994317153,train,random,3,,,,
Cc1cc(C)c2c(N)c(C(=O)NCc3ccc(Cl)cc3)sc2n1,-0.370590401,train,random,3,,,,
COCCNC(=O)c1ccnc(C2CCNCC2)c1,2.0,train,random,3,,,,
COc1nc2sc(C(=O)NC3CC3)c(N)c2c(C)c1Cl,0.245512668,train,random,3,,,,
CC1(CNC(=O)c2cncc(C3CCNCC3)n2)CCCO1,1.988550039,train,random,3,,,,
Cc1cc(N2CCCC2)nc(C2CCCN(C)C2)n1,2.0,train,random,3,,,,
O=C1NCCSc2c1sc1ccc(O)cc21,0.891593204,train,random,3,,,,
C=CC(=O)N(C)CCOc1c(N)ncnc1-c1cc(F)cc(NC(=O)c2ccc(C3CC3)cc2F)c1C,0.838502776,train,random,3,,,,
CC#CC(=O)N1CCC[C@@H]1c1nc(-c2ccc(C(=O)Nc3ccccn3)cc2)c2c(N)nccn12,0.975868182,train,random,3,,,,
CC(=O)NCCNc1cc(Cl)nn2c(-c3cccc(S(=O)(=O)N(C)C)c3)c(C)nc12,0.681693392,train,random,3,,,,
Cc1c[nH]c(=O)n1-c1ccc(C(=O)Nc2ccc3ccccc3n2)cc1,0.639386869,train,random,3,,,,
CNC(=O)c1cccc(NC(=O)N2CCC(Oc3ccccc3Cl)CC2)c1,1.068760828,train,random,3,,,,
COc1ccc(OCC(=O)Nc2cccc(Cl)c2N2CCN(C(C)=O)CC2)cc1,0.700790221,train,random,3,,,,
c1ccc(-c2ccc(CN3CCCCCCC3)cc2)cc1,-0.614393726,train,random,3,,,,
CC(=O)N1CCN(c2c(Cl)cccc2NC(=O)COc2ccccc2Cl)CC1,0.256958153,train,random,3,,,,
CCC(=O)N1CCN(c2ccc(Cl)cc2NC(=O)COc2ccccc2)CC1,0.250420002,train,random,3,,,,
Cc1ccc(Oc2ccc(Cl)cc2NC(=O)CN(C)CC(=O)N(C)C)cc1,-0.053056729,train,random,3,,,,
N#Cc1cc(F)c(NS(=O)(=O)c2c[nH]c3cc(Cl)ccc23)cc1F,-0.026872146,train,random,3,,,,
COc1cc2c(cc1OC)CN(CCc1ccc(NC(=O)c3cccc4c(O)c5cccc(OC)c5nc34)cc1)CC2,-1.207608311,train,random,3,,,,
CCCc1nc2nc(C)c(NS(=O)(=O)c3ccc(C4CCCCC4)cc3)c(O)n2n1,-0.218963061,train,random,3,,,,
COc1ccc([C@H]2c3[nH]c4ccc(Cl)cc4c3CCN2C(=O)Oc2ccc(Cl)cc2)cc1,1.51293775,train,random,3,,,,
NC(=O)C1(Cc2ccc(-c3ccncc3)cc2)CCN(C(=O)Cc2cccc(F)c2)CC1,1.006508828,train,random,3,,,,
CC(=O)Nc1ccc(O)cc1,1.887859133,train,random,3,,,,
O=C(NC1CCNCC1)c1ccc2[nH]ncc2c1,1.842696589,train,random,3,,,,
Cc1cccc(/C=N/Nc2cc(N3CCOCC3)nc(OCCc3ccccn3)n2)c1,-0.548213564,train,random,3,,,,
CCn1c(=O)oc2cc(NC(=O)c3ccc(C(C)(C)C)cc3)ccc21,0.21005085,train,random,3,,,,
COc1ccc(OC[C@@H]2c3cc(OC)c(OC)cc3CCN2C(=O)c2cccc(Cl)c2)cc1,-0.116906641,train,random,3,,,,
N#Cc1ccc(COc2cccc(C3CCN(Cc4nc5ccc(C(=O)O)cc5n4C[C@@H]4CCO4)CC3)n2)c(F)c1,0.402433346,train,random,3,,,,
CC(C)[C@H](CO)Nc1nc(Nc2cc(N)cc(Cl)c2)c2ncn(C(C)C)c2n1,-0.061980903,train,random,3,,,,
O=C(NC1CCNCC1)c1ccc2cn[nH]c2c1,2.0,train,random,3,,,,
CC(C)(C)OC(=O)N1CCCC1C(=O)N1CCC(C(=O)N[C@@H](Cc2c[nH]c3ccccc23)C(=O)O)CC1,1.691832676,train,random,3,,,,
O=C(Nc1cccc2c(=O)cc(-c3nnn[nH]3)oc12)c1ccc(OCCCCc2ccccc2)cc1,0.582744966,train,random,3,,,,
CC(=O)Nc1ncc(C(=O)O)s1,1.81935965,train,random,3,,,,
Cc1cn2nc(-c3cc(=O)n4cc(N5CCNC6(CC6)C5)ccc4n3)cc(C)c2n1,0.985246791,train,random,3,,,,
Cc1ccc(OCC2(O)CCN(CC3(O)CCN(c4ccccc4C)CC3)CC2)cc1,-0.040481623,train,random,3,,,,
CN(C(=O)c1cc(N2CCNC2=O)ccc1F)C1CCNC1,1.885728632,train,random,3,,,,
O=C(Nc1cccc(N2CCNC2=O)c1)C1NCC12CCCC2,1.718202645,train,random,3,,,,
NCC1CCCC1NC(=O)c1cc(N2CCNC2=O)ccc1F,1.87495702,train,random,3,,,,
Cn1c(-c2n[nH]c3c2CCCC3)nnc1N1CCC2(CNC(=O)C2)C1,1.792986685,train,random,3,,,,
Cc1nnc(-c2ccc(N3CCC(Oc4ccccc4C(F)(F)F)CC3)nn2)s1,-0.906578315,train,random,3,,,,
O=C(NCCc1ccccc1)c1ccc(NC(=O)N2CCCCc3ccccc32)cc1,0.075911761,train,random,3,,,,
CC(C)(C)c1ccc(C(O)CN2CCC(O)(c3ccc4c(c3)OCO4)CC2)cc1,0.779018972,train,random,3,,,,
NC[C@H]1CC[C@@H](C(=O)Nc2ccc3[nH]ncc3c2)O1,1.981999714,train,random,3,,,,
CN(C(=O)c1cc(N2CCNC2=O)ccc1F)C1CCC(N)CC1,1.828717885,train,random,3,,,,
NC1CCCC(C(=O)Nc2ccc3[nH]ncc3c2)C1,2.0,train,random,3,,,,
NC1CC(NC(=O)c2ccc(-c3cn[nH]c3)cn2)C12CCC2,1.709702344,train,random,3,,,,
NC1CCCC(C(=O)N2CCC(c3c[nH]c4ncccc34)CC2)C1,1.752816431,train,random,3,,,,
O=C(NC12CCCC1NCC2)c1ccc(-c2cn[nH]c2)cc1,2.0,train,random,3,,,,
CNc1nc(C)cc(C(=O)Nc2ccc3[nH]ncc3c2)n1,1.493625323,train,random,3,,,,
O=C(Nc1ccc(CN2CCCCC2)cc1)c1ccnc2[nH]cnc12,1.767526899,train,random,3,,,,
CCc1c[nH]c2ncnc(N3CCC(CN4CCN(C)CC4)CC3)c12,1.728012707,train,random,3,,,,
NC(=O)c1cnc(N2CCc3[nH]nc(C(F)(F)F)c3C2)c(Cl)c1,0.986009932,train,random,3,,,,
c1sc(NCC2CCCO2)nc1C12CC3CC(CC(C3)C1)C2,-1.096910013,train,random,3,,,,
CNc1cc(Nc2cccn(-c3ccccn3)c2=O)nn2c(C(=O)N[C@@H]3C[C@@H]3F)cnc12,0.991226076,test,random,3,1.0031945305799996,0.7860325444599998,0.9217514738200001,0.9932990726099993
CCOc1cc2nn(CCC(C)(C)O)cc2cc1NC(=O)c1cccc(C(F)F)n1,0.099680641,test,random,3,0.8873479565800002,0.6149615158299999,0.9448685385100005,0.47942449392
CC(C)NC(=O)COc1cccc(-c2nc(Nc3ccc4[nH]ncc4c3)c3ccccc3n2)c1,-1.384078213,test,random,3,0.70705932387,0.3973206520999999,0.3728737267900001,0.31438700778999984
CCCc1cc(N2CCc3c(nc(C4CC4)n3C)C2)n2ncnc2n1,1.677187053,test,random,3,1.03662884464,0.9947390331400005,1.06286278927,1.4971087848000004
N#CC[C@H](C1CCCC1)n1cc(-c2ncnc3[nH]ccc23)cn1,0.630986911,test,random,3,1.36391907389,1.45766808978,0.71541129566,0.8610941029700006
CC(C)(C=C(C#N)C(=O)N1CCC[C@@H](n2nc(-c3ccc(Oc4ccccc4)cc3F)c3c(N)ncnc32)C1)N1CCN(C2COC2)CC1,0.276231958,test,random,3,0.6658072933699998,0.3665426993699997,0.5644586228699998,0.20164283373
CC#CC(=O)N1CC[C@@H](n2cc(-c3ccc(Oc4c(F)cccc4F)cc3)c3c(N)n[nH]c(=O)c32)C1,-0.073143291,test,random,3,0.8842535508000001,0.6229418906100002,0.8000309259700003,0.5744822040800001
Cc1nnc(CN(C)CC(C)Oc2ccc(Cl)c(Cl)c2)n1C,0.926290987,test,random,3,0.46451661341,0.5160977418700002,0.5589839884600003,0.5839873265600002
COc1nn(C)cc1C(=O)Nc1cccc(-c2cnc3n2CCC3)c1,0.866877814,test,random,3,1.08237514105,1.0995585932500005,1.0137083018900004,1.2921044231800005
Cc1ccc(C(=O)N2CCC(Cc3ccccc3-c3ccccc3)(C(=O)N(C)C)CC2)s1,-0.293282218,test,random,3,0.6034249369200002,0.3397585195999999,0.4936479909100001,0.03267695918
CCc1nc2c(C)cc(N3CCN(CC(=O)N4CC(O)C4)CC3)cn2c1N(C)c1nc(-c2ccc(F)cc2)c(C#N)s1,-0.204728421,test,random,3,0.9275798214000004,0.3788519302799999,0.6786546752400001,0.2592710938
O=C1NCCN(C(=O)c2ccc3nccn3c2)C1c1ccccc1C(F)(F)F,1.851001366,test,random,3,1.4163759961100002,1.2086089180600004,1.3089063952500002,1.30471840012
OC[C@H](Nc1cncc(-c2ccc3[nH]ncc3n2)c1)c1ccccc1,1.017826038,test,random,3,1.0955398753899996,0.8306708589399999,0.8983590344500005,0.7655042927600008
OCC1CCCCN1Cc1ccc(-c2ccccc2)cc1,1.368007805,test,random,3,0.7767855690999997,0.7149209811200002,0.5729753023300002,0.8181044969400001
Nc1ncc(C(=O)NC2CN(C(=O)C3CC3)C2)c2ccc(-c3cccc(F)c3)nc12,0.623352682,test,random,3,0.6640844484000001,0.7999481751100004,0.5998533054700002,1.1020069056399997
O=C(Nc1ccc2ccccc2n1)c1ccc(N2CCOC2=O)cc1,0.449015316,test,random,3,0.8227825610300006,0.7663390254500001,0.61110942766,0.46008636240999984
C=CC(=O)Nc1cccc(Oc2nc(Nc3ccc(N4CCN(C)CC4)cc3)nc3ccoc23)c1,0.146128036,test,random,3,0.31354296244,0.25415513119,0.14292561825000002,0.10558780022
O=C(Nc1nc2cccc(-c3ccc(CN4CCS(=O)(=O)CC4)cc3)n2n1)C1CC1,1.681349797,test,random,3,0.8888696113200002,0.63521707063,1.07692449785,1.1903721000899998
CCN(C/C=C\c1ccc(C2CCCCC2)c(Cl)c1)C1CCCCC1,-0.853871964,test,random,3,0.9651372974099997,0.45635159312000007,0.0833068016,-0.06671149027999998
CNC(=O)C1(Cc2ccc(-c3ccncc3)cc2)CCN(Cc2cccc(F)c2)C1,1.10503305,test,random,3,0.8947220799599995,0.8043712793299999,0.7906100393099997,0.8753180454699997
Cc1c(F)cccc1NC(=O)CN1[C@H]2CCCC(=O)N[C@@]2(C)C[C@H]1Cc1ccccc1,0.595275712,test,random,3,0.6692682014300005,0.34953453734000006,0.6253392429600005,0.41825049046000023
COCC(=O)N1CCC(Cc2ccccc2-c2cccc(F)c2)(C(=O)NC(C)C)CC1,0.596597096,test,random,3,0.5356700636599999,0.6734996690399997,0.56546557173,0.6516936015300001
COc1ccc(CNC(=O)c2sc3nc(C)cc(C)c3c2N)cc1,-0.356547324,test,random,3,0.3409174579499997,0.11074452893000009,0.4017601567699999,0.31082523293999964
C[C@@H]1Cc2ccccc2N1C(=O)Cn1nc(-c2cccc3ncccc23)oc1=O,0.224014811,test,random,3,0.79000076008,0.7408195578700001,0.7132480102500002,0.7609328942400004
O=C(Nc1cnccc1-c1ccc(Cl)cc1)c1ccnc(NC(=O)C2CC2)c1,0.369957607,test,random,3,0.7121006062000003,0.5192685927899999,0.78228705649,0.34244681394000004
CCn1cc(C(=O)O)c(=O)c2c(N)c(F)c(NC3CCCCC3)cc21,0.427486109,test,random,3,0.9374718485700002,0.7049609610700002,0.5332217170600003,0.64563618002
C[C@H]1CN(C2COC2)CCN1c1ccc(Nc2cc(-c3ccnc(N4CCn5c(cc6c5CC(C)(C)C6)C4=O)c3CO)cn(C)c2=O)nc1,1.209139536,test,random,3,1.1302439140999996,0.6727069672099999,0.7557846120300001,0.3376360028799999
C=CC(=O)Nc1cccc(Nc2nc(Nc3ccc(Oc4ccnc(C(=O)NC)c4)cc3)ncc2F)c1,-0.403402904,test,random,3,0.5185178315100001,0.32186373172999977,0.4736957222700001,-0.08963423123000001
CC1(C)Cc2cc(NC(=O)c3cnn4cccnc34)c(OCC3CC3)nc2O1,-0.199970641,test,random,3,1.01983145054,0.7737354036900005,0.9560122315499998,0.8791349364200001
Cc1cccc(-c2nc(C34CCC(C(N)=O)(CC3)CC4)[nH]c2-c2ccc3c(c2)OCO3)n1,1.02011257,test,random,3,0.9365217224200008,0.6579709323100001,0.38510092061,0.2999705901
COc1cc2nc(-c3cc(F)ccc3O)nc(N[C@@H]3CNC[C@H]3C(C)(C)O)c2cc1OC.Cl,-1.119186408,test,random,3,1.13264093334,0.6430833117400004,0.32098963555999993,0.5863321599699999
CC(C)[C@@](C)(O)[C@@H]1CN(c2nc(-c3n[nH]c4ncccc34)c(F)cc2Cl)CCN1,1.302460808,test,random,3,1.0455573428000005,0.77577439095,1.17578147539,0.70717523698
Cc1nnc(-c2ccc(N3CCC(Oc4cc(F)ccc4Cl)CC3)nn2)o1,0.161068385,test,random,3,0.6332875892800001,0.5837344733299998,0.33152406691999997,0.53361158451
CCCS(=O)(=O)Nc1ccc(F)c(C(=O)c2c[nH]c3ncc(-c4ccc(Cl)cc4)cc23)c1F,-1.59345982,test,random,3,0.70571804352,0.25084448606999993,0.5501178687700001,0.016587397629999993
NC1CCCC1C(=O)N1CCC(c2c[nH]c3ncccc23)CC1,1.71701274,test,random,3,1.4578519206500011,1.5312944045100016,1.7437288330600007,1.754038319320001
NC1CCC(C(=O)N2CCC(c3c[nH]c4ncccc34)CC2)C1,1.917395215,test,random,3,1.3485436152300005,1.6739179479300008,1.7639786185100008,1.7495947343600016
Cc1nc2cc(C(=O)NC34CCCC3NCC4)ccc2c(=O)[nH]1,1.866494097,test,random,3,1.49905816776,1.46852037207,1.19119650748,1.5558399051800003
NC1CCCC(C(=O)Nc2cccc(N3CCNC3=O)c2)C1,1.763113391,test,random,3,1.480907517040001,1.6813603779600002,1.678641061300001,1.8460892757599994
CC1CC(N)CCN1C(=O)c1cc(N2CCNC2=O)c(F)cc1F,1.833504094,test,random,3,1.6108826531300002,1.61147805871,1.4994771329100005,1.7590821489500008
CNc1cc(Nc2cccn(-c3ccccn3)c2=O)nn2c(C(=O)N[C@@H]3C[C@@H]3F)cnc12,0.991226076,train,random,4,,,,
CCOc1cc2nn(CCC(C)(C)O)cc2cc1NC(=O)c1cccc(C(F)F)n1,0.099680641,train,random,4,,,,
CN(c1ncc(F)cn1)[C@H]1CCCNC1,2.0,train,random,4,,,,
CC(C)(Oc1ccc(-c2cnc(N)c(-c3ccc(Cl)cc3)c2)cc1)C(=O)O,-1.158015195,train,random,4,,,,
CC(C)(O)CCn1cc2cc(NC(=O)c3cccc(C(F)(F)F)n3)c(C(C)(C)O)cc2n1,1.015611205,train,random,4,,,,
CC#CC(=O)N[C@H]1CCCN(c2c(F)cc(C(N)=O)c3[nH]c(C)c(C)c23)C1,0.163856803,train,random,4,,,,
COc1ccc(Cl)cc1C(=O)NCCc1ccc(S(=O)(=O)NC(=O)NC2CCCCC2)cc1,-0.91721463,train,random,4,,,,
C=CC(=O)N1CCC[C@@H](n2nc(-c3ccc(Oc4ccccc4)cc3)c3c(N)ncnc32)C1,0.62603,train,random,4,,,,
CC(C)NC(=O)COc1cccc(-c2nc(Nc3ccc4[nH]ncc4c3)c3ccccc3n2)c1,-1.384078213,train,random,4,,,,
CCS(=O)(=O)N1CC(CC#N)(n2cc(-c3ncnc4[nH]ccc34)cn2)C1,1.378597739,train,random,4,,,,
COc1ccc(S(=O)(=O)N2CCC(N3CCC(C)CC3)CC2)cc1,1.729799023,train,random,4,,,,
CCn1c(-c2nonc2N)nc2cnc(Oc3cccc(NC(=O)c4ccc(OCCN5CCOCC5)cc4)c3)cc21,-0.449771647,train,random,4,,,,
Cc1c[nH]c2nccc(Oc3c(F)cc(Nc4cc(Cl)nc(N)n4)cc3F)c12,-1.22184875,train,random,4,,,,
COc1cc2c(cc1OC)CC(=O)N(CCCN(C)C[C@H]1Cc3cc(OC)c(OC)cc31)CC2,1.730984039,train,random,4,,,,
CCCc1cc(N2CCc3c(nc(C4CC4)n3C)C2)n2ncnc2n1,1.677187053,train,random,4,,,,
Fc1ccc(-c2ccc3c(c2)[nH]c2ccncc23)cn1,0.653405491,train,random,4,,,,
Nc1c(F)ccc2cnc(-n3ccc4ccncc43)cc12,0.713910354,train,random,4,,,,
C=CC(=O)N1C[C@H](Nc2ncnc3[nH]ccc23)CC[C@@H]1C,1.828227965,train,random,4,,,,
Cn1cc(Nc2nccc(N3CC4CCC(C3)N4C(=O)[C@@H]3CC3(F)F)n2)cn1,1.642995934,train,random,4,,,,
[2H]C([2H])([2H])NC(=O)c1nnc(NC(=O)C2CC2)cc1Nc1cccc(-c2ncn(C)n2)c1OC,1.186566481,train,random,4,,,,
C=CC(=O)N1CCC(CNc2ncnc(N)c2-c2ccc(Oc3ccccc3)cc2)CC1,0.752995432,train,random,4,,,,
Nc1n[nH]cc1-c1cc(Cl)ccc1Oc1cc(F)c(S(=O)(=O)Nc2cscn2)cc1Cl,-0.354577731,train,random,4,,,,
Cn1cc(-c2cn3nccc3c(-c3cnn([C@]4(CC#N)C[C@@H](C#N)C4)c3)n2)cn1,1.559583476,train,random,4,,,,
O=C(c1ccc(Oc2ccccc2)cc1Cl)c1c[nH]c2ncnc(N[C@@H]3CC[C@@H](CO)OC3)c12,-0.467245621,train,random,4,,,,
N#CC[C@H](C1CCCC1)n1cc(-c2ncnc3[nH]ccc23)cn1,0.630986911,train,random,4,,,,
CC(C)(C)c1ccc(-c2nc3n(c(=O)c2C#N)CCS3)cc1,0.731266349,train,random,4,,,,
C=CC(=O)Nc1cccc(Oc2nc(Nc3ccc(N4CCN(C)CC4)cc3)nc3ccsc23)c1,-0.049635146,train,random,4,,,,
CC#CC(=O)N1CC[C@@H](n2c(=O)n(-c3ccc(Oc4ccccc4)cc3)c3c(N)ncnc32)C1,0.935859798,train,random,4,,,,
C=CC(=O)N1CCC([C@@H]2CCNc3c(C(N)=O)c(-c4ccc(Oc5ccccc5)cc4)nn32)CC1,0.968996327,train,random,4,,,,
CC(C)(C=C(C#N)C(=O)N1CCC[C@@H](n2nc(-c3ccc(Oc4ccccc4)cc3F)c3c(N)ncnc32)C1)N1CCN(C2COC2)CC1,0.276231958,train,random,4,,,,
CC#CC(=O)N1CC[C@@H](n2cc(-c3ccc(Oc4c(F)cccc4F)cc3)c3c(N)n[nH]c(=O)c32)C1,-0.073143291,train,random,4,,,,
C=CC(=O)Nc1cccc(Oc2nc(Nc3ccc(N4CCN(C)CC4)c(F)c3)nc3[nH]ccc23)c1,0.039414119,train,random,4,,,,
C[C@@H]1c2nnn(-c3ncc(F)cn3)c2CCN1C(=O)c1cccc(C(F)(F)F)c1Cl,0.969089603,train,random,4,,,,
COc1ccccc1-c1cc(NC(=O)c2cccc(N3CCNC3=O)c2)[nH]n1,-0.397940009,train,random,4,,,,
Nc1ncc(-c2cccc(C(F)(F)F)c2)c(C2CCCCN2C(=O)c2ccccc2)n1,-0.04431225,train,random,4,,,,
Fc1ccccc1-c1c[nH]nc1C1CCCN1Cc1ccc2ncccc2c1,0.545801757,train,random,4,,,,
CCc1nc(C)cn2nc(-c3cc(=O)n4cc(C5CCN(C)CC5)cc(C)c4n3)cc12,0.868232868,train,random,4,,,,
Nc1ncnc2c1c(-c1ccc(Oc3ccccc3)cc1)nn2[C@@H]1CCCNC1,0.956648579,train,random,4,,,,
Cc1nnc(CN(C)CC(C)Oc2ccc(Cl)c(Cl)c2)n1C,0.926290987,train,random,4,,,,
COc1nn(C)cc1C(=O)Nc1cccc(-c2cnc3n2CCC3)c1,0.866877814,train,random,4,,,,
Cc1ncc(CN2CC[C@@H](Nc3cncc(Cl)n3)[C@@H](C)C2)s1,1.205461507,train,random,4,,,,
Cc1ccc(C(=O)N2CCC(Cc3ccccc3-c3ccccc3)(C(=O)N(C)C)CC2)s1,-0.293282218,train,random,4,,,,
CCc1nc2c(C)cc(N3CCN(CC(=O)N4CC(O)C4)CC3)cn2c1N(C)c1nc(-c2ccc(F)cc2)c(C#N)s1,-0.204728421,train,random,4,,,,
C[C@@H]1CCN(C(=O)CC#N)C[C@@H]1N(C)c1ncnc2[nH]ccc12,1.991815076,train,random,4,,,,
CN(C)C(=O)C1(Cc2ccccc2-c2ccccc2)CCN(C(=O)C2CCCO2)CC1,0.902546779,train,random,4,,,,
CC(=O)Nc1ccc(C(=O)N2CCCCC2c2nc(N)ncc2-c2ccc(Cl)cc2)cc1,0.596926814,train,random,4,,,,
CC(=O)Nc1ccc(C(=O)N2CCCCC2c2nc(N)ncc2-c2cccc(Cl)c2)cc1,0.520483533,train,random,4,,,,
O=C1NCCN(C(=O)c2ccc3nccn3c2)C1c1ccccc1C(F)(F)F,1.851001366,train,random,4,,,,
Cc1cc(F)ccc1C1C(=O)NCCN1C(=O)c1ccc2nccn2c1,1.78096503,train,random,4,,,,
O=C1NCCN(C(=O)c2ccncc2)C1c1ccccc1Cl,1.876996793,train,random,4,,,,
C[C@H]1CN(C(=O)CC(c2ccccc2)c2ccccc2)C[C@@H](C)O1,1.188253327,train,random,4,,,,
CN1[C@H]2CC[C@@H]1C[C@@H](OC(c1ccccc1)c1ccccc1)C2,1.106122874,train,random,4,,,,
OC[C@H](Nc1cncc(-c2ccc3[nH]ncc3n2)c1)c1ccccc1,1.017826038,train,random,4,,,,
Cc1ncsc1C(=O)N1CCCCC1c1nc(N(C)C)ncc1-c1cccc(Cl)c1,-0.083019953,train,random,4,,,,
OCC1CCCCN1Cc1ccc(Cl)c(Cl)c1,1.390069186,train,random,4,,,,
CC(=O)N1CCN(c2nc(C(F)(F)F)nc3sc(C)c(C)c23)CC1,0.13481437,train,random,4,,,,
c1ccc(Oc2cccc(CN(CCN3CCOCC3)Cc3cccnc3)c2)cc1,-0.222573178,train,random,4,,,,
COc1ccc([C@H]2CN(C(C)=O)[C@@H]3CCCN(Cc4cccc(F)c4)[C@H]23)cc1,0.595385981,train,random,4,,,,
OCC1CCCCN1Cc1ccc(-c2ccccc2)cc1,1.368007805,train,random,4,,,,
Nc1ncc(C(=O)NC2CN(C(=O)C3CC3)C2)c2ccc(-c3cccc(F)c3)nc12,0.623352682,train,random,4,,,,
Cc1nnc(-c2ccc3occ(-c4ccc(S(C)=O)cc4)c3c2)o1,0.193402903,train,random,4,,,,
Cc1ncsc1C(=O)N1CCCCC1c1nc(N)ncc1-c1cccc(C(F)(F)F)c1,0.615318657,train,random,4,,,,
O=C(Nc1ccc2ccccc2n1)c1ccc(N2CCOC2=O)cc1,0.449015316,train,random,4,,,,
O=C(CCNC(=O)c1ccc(OC(F)(F)F)cc1)N[C@@H]1CCCc2ccccc21,0.526080692,train,random,4,,,,
O=S(=O)(c1cccc2cnccc12)N1CCCNCC1,1.892077899,train,random,4,,,,
C=CC(=O)Nc1cccc(Oc2nc(Nc3ccc(N4CCN(C)CC4)cc3)nc3ccoc23)c1,0.146128036,train,random,4,,,,
O=C(Nc1nc2cccc(-c3ccc(CN4CCS(=O)(=O)CC4)cc3)n2n1)C1CC1,1.681349797,train,random,4,,,,
CCn1c(CO)nn(-c2cc(O[C@@H](C)C(F)(F)F)c(C(=O)Nc3c(F)cccc3Cl)cc2F)c1=O,0.975753389,train,random,4,,,,
CCN(C/C=C\c1ccc(C2CCCCC2)c(Cl)c1)C1CCCCC1,-0.853871964,train,random,4,,,,
NCCN1CCN(C/C=C/C(=O)N2CCC[C@@H](n3nc(-c4ccc(Oc5ccccc5)cc4)c4c(N)ncnc43)C2)CC1,0.699837726,train,random,4,,,,
Cn1c(C2CC2)nc2c1CCN(c1ncnc3ccsc13)C2,1.237065953,train,random,4,,,,
COc1nn(C)cc1C(=O)Nc1cccc2cnccc12,1.504729052,train,random,4,,,,
CNC(=O)C1(Cc2ccc(-c3ccncc3)cc2)CCN(Cc2cccc(F)c2)C1,1.10503305,train,random,4,,,,
COc1ccc(Nc2c(C#N)cnc3cc(OC)c(OC)cc23)cc1Cl,-0.033858267,train,random,4,,,,
COc1ccc(CCCN2CCN(c3cnn(C)c3)C(=O)C2)cc1F,1.343408594,train,random,4,,,,
Cc1noc(C(C)C)c1C(=O)N1CC(C)OC(c2ccccc2)C1,1.180469962,train,random,4,,,,
CN(Cc1ccccc1)C1(C(=O)N2CCNC(=O)CC2)Cc2ccccc2C1,0.904931827,train,random,4,,,,
Cc1c(F)cccc1NC(=O)CN1[C@H]2CCCC(=O)N[C@@]2(C)C[C@H]1Cc1ccccc1,0.595275712,train,random,4,,,,
O=S(=O)(c1cccc2c(O)nccc12)N1CCCNCC1,1.850223373,train,random,4,,,,
CN(C)C(=O)C1(Cc2ccccc2-c2cccc(F)c2)CCN(C(=O)C2CC=CCC2)CC1,-0.104025268,train,random,4,,,,
COCC(=O)N1CCC(Cc2ccccc2-c2cccc(F)c2)(C(=O)NC(C)C)CC1,0.596597096,train,random,4,,,,
COc1ccc(CNC(=O)c2sc3nc(C)cc(C)c3c2N)cc1,-0.356547324,train,random,4,,,,
C#C[C@@](C)(CC)NC(=O)c1cc(F)cnc1NC1CC(F)(F)C1,0.671265433,train,random,4,,,,
Cn1cc(Nc2nc(N)nc(-c3cccc(-n4ccc5cc(C6CC6)cc(F)c5c4=O)c3CO)n2)cn1,0.850401148,train,random,4,,,,
CNC(=O)C1(Cc2ccc(-c3cccnc3)cc2)CCN(Cc2cccc(F)c2)C1,0.829753919,train,random,4,,,,
CC(=O)Nc1ncc(CN2CCCC[C@@H]2C)s1,2.0,train,random,4,,,,
O=C1CCCC[C@@H]2[C@H](C[C@@H](Cc3ccccc3F)N2C(=O)c2cccc3ncccc23)N1,1.277998644,train,random,4,,,,
CCOc1cc(CC(=O)N[C@@H](CC(C)C)c2ccccc2N2CCCCC2)ccc1C(=O)O,0.106870544,train,random,4,,,,
CC(O)(C#Cc1ccc2c(c1)N(c1nc(N)ncc1Cl)CC2)c1nccs1,-0.122628654,train,random,4,,,,
COCCc1noc(CN2CC(c3ccccc3)(c3ccccc3)CCC2=O)n1,1.167051359,train,random,4,,,,
Cc1[nH]nc2c1C1(CCCCC1)CC(=O)N2,1.323066376,train,random,4,,,,
Cc1oc2ccccc2c1CNc1nnc(-c2ccncc2)o1,0.717254313,train,random,4,,,,
C[C@@H]1Cc2ccccc2N1C(=O)Cn1nc(-c2cccc3ncccc23)oc1=O,0.224014811,train,random,4,,,,
Nc1ncnc2c1c(-c1cnc3[nH]ccc3c1)nn2C1CCCC1,0.862608364,train,random,4,,,,
O=C(Nc1cnccc1-c1ccc(Cl)cc1)c1ccnc(NC(=O)C2CC2)c1,0.369957607,train,random,4,,,,
CN1C(N)=N[C@](C)(c2cc(NC(=O)c3ccc(F)cn3)ccc2F)CS1(=O)=O,1.560468571,train,random,4,,,,
CCCCNC(=O)NS(=O)(=O)c1ccc(C)cc1,0.439332694,train,random,4,,,,
Cc1cccnc1Nc1cccc(C2CCCN(CC(=O)Nc3nccs3)C2)n1,0.180699201,train,random,4,,,,
CN(C)C(=O)C1(Cc2ccccc2-c2ccccc2)CCN(C(=O)c2cnn(C)c2)CC1,1.041353202,train,random,4,,,,
CC1(C)CC(=O)C2=C(C1)NC(=O)CC2c1ccc(Br)cc1,1.159236233,train,random,4,,,,
CN1CCN(S(=O)(=O)c2ccc(-c3cnc(N)c(C(=O)Nc4cccnc4)n3)cc2)CC1,1.078638038,train,random,4,,,,
CNC(=O)C1(Cc2ccc(-c3cccnc3)cc2)CCN(Cc2ccccc2Cl)C1,0.387567779,train,random,4,,,,
CCCNC(=O)NS(=O)(=O)c1ccc(Cl)cc1,0.969835093,train,random,4,,,,
O=C(CN1CCCC(c2cccc(Cc3cccc(F)c3)n2)C1)N1CCCC1,1.062130535,train,random,4,,,,
COc1cc2ncnc(Nc3cccc(O)c3)c2cc1OC,0.994317153,train,random,4,,,,
Cc1cc(C)c2c(N)c(C(=O)NCc3ccc(Cl)cc3)sc2n1,-0.370590401,train,random,4,,,,
COCCNC(=O)c1ccnc(C2CCNCC2)c1,2.0,train,random,4,,,,
COc1nc2sc(C(=O)NC3CC3)c(N)c2c(C)c1Cl,0.245512668,train,random,4,,,,
CC1(CNC(=O)c2cncc(C3CCNCC3)n2)CCCO1,1.988550039,train,random,4,,,,
CCn1cc(C(=O)O)c(=O)c2c(N)c(F)c(NC3CCCCC3)cc21,0.427486109,train,random,4,,,,
C[C@H]1CN(C2COC2)CCN1c1ccc(Nc2cc(-c3ccnc(N4CCn5c(cc6c5CC(C)(C)C6)C4=O)c3CO)cn(C)c2=O)nc1,1.209139536,train,random,4,,,,
C=CC(=O)Nc1cccc(Nc2nc(Nc3ccc(Oc4ccnc(C(=O)NC)c4)cc3)ncc2F)c1,-0.403402904,train,random,4,,,,
C=CC(=O)N(C)CCOc1c(N)ncnc1-c1cc(F)cc(NC(=O)c2ccc(C3CC3)cc2F)c1C,0.838502776,train,random,4,,,,
CC#CC(=O)N1CCC[C@@H]1c1nc(-c2ccc(C(=O)Nc3ccccn3)cc2)c2c(N)nccn12,0.975868182,train,random,4,,,,
CC(=O)NCCNc1cc(Cl)nn2c(-c3cccc(S(=O)(=O)N(C)C)c3)c(C)nc12,0.681693392,train,random,4,,,,
Cc1c[nH]c(=O)n1-c1ccc(C(=O)Nc2ccc3ccccc3n2)cc1,0.639386869,train,random,4,,,,
CNC(=O)c1cccc(NC(=O)N2CCC(Oc3ccccc3Cl)CC2)c1,1.068760828,train,random,4,,,,
COc1ccc(OCC(=O)Nc2cccc(Cl)c2N2CCN(C(C)=O)CC2)cc1,0.700790221,train,random,4,,,,
c1ccc(-c2ccc(CN3CCCCCCC3)cc2)cc1,-0.614393726,train,random,4,,,,
CCC(=O)N1CCN(c2ccc(Cl)cc2NC(=O)COc2ccccc2)CC1,0.250420002,train,random,4,,,,
Cc1ccc(Oc2ccc(Cl)cc2NC(=O)CN(C)CC(=O)N(C)C)cc1,-0.053056729,train,random,4,,,,
CC1(C)Cc2cc(NC(=O)c3cnn4cccnc34)c(OCC3CC3)nc2O1,-0.199970641,train,random,4,,,,
COc1cc2c(cc1OC)CN(CCc1ccc(NC(=O)c3cccc4c(O)c5cccc(OC)c5nc34)cc1)CC2,-1.207608311,train,random,4,,,,
COc1ccc([C@H]2c3[nH]c4ccc(Cl)cc4c3CCN2C(=O)Oc2ccc(Cl)cc2)cc1,1.51293775,train,random,4,,,,
NC(=O)C1(Cc2ccc(-c3ccncc3)cc2)CCN(C(=O)Cc2cccc(F)c2)CC1,1.006508828,train,random,4,,,,
CC(=O)Nc1ccc(O)cc1,1.887859133,train,random,4,,,,
O=C(NC1CCNCC1)c1ccc2[nH]ncc2c1,1.842696589,train,random,4,,,,
CCn1c(=O)oc2cc(NC(=O)c3ccc(C(C)(C)C)cc3)ccc21,0.21005085,train,random,4,,,,
N#Cc1ccc(COc2cccc(C3CCN(Cc4nc5ccc(C(=O)O)cc5n4C[C@@H]4CCO4)CC3)n2)c(F)c1,0.402433346,train,random,4,,,,
O=C(NC1CCNCC1)c1ccc2cn[nH]c2c1,2.0,train,random,4,,,,
O=C(Nc1cccc2c(=O)cc(-c3nnn[nH]3)oc12)c1ccc(OCCCCc2ccccc2)cc1,0.582744966,train,random,4,,,,
CC(=O)Nc1ncc(C(=O)O)s1,1.81935965,train,random,4,,,,
Cc1cccc(-c2nc(C34CCC(C(N)=O)(CC3)CC4)[nH]c2-c2ccc3c(c2)OCO3)n1,1.02011257,train,random,4,,,,
COc1cc2nc(-c3cc(F)ccc3O)nc(N[C@@H]3CNC[C@H]3C(C)(C)O)c2cc1OC.Cl,-1.119186408,train,random,4,,,,
CC(C)[C@@](C)(O)[C@@H]1CN(c2nc(-c3n[nH]c4ncccc34)c(F)cc2Cl)CCN1,1.302460808,train,random,4,,,,
Cc1nnc(-c2ccc(N3CCC(Oc4cc(F)ccc4Cl)CC3)nn2)o1,0.161068385,train,random,4,,,,
Cc1cn2nc(-c3cc(=O)n4cc(N5CCNC6(CC6)C5)ccc4n3)cc(C)c2n1,0.985246791,train,random,4,,,,
CCCS(=O)(=O)Nc1ccc(F)c(C(=O)c2c[nH]c3ncc(-c4ccc(Cl)cc4)cc23)c1F,-1.59345982,train,random,4,,,,
Cc1ccc(OCC2(O)CCN(CC3(O)CCN(c4ccccc4C)CC3)CC2)cc1,-0.040481623,train,random,4,,,,
CN(C(=O)c1cc(N2CCNC2=O)ccc1F)C1CCNC1,1.885728632,train,random,4,,,,
O=C(Nc1cccc(N2CCNC2=O)c1)C1NCC12CCCC2,1.718202645,train,random,4,,,,
NCC1CCCC1NC(=O)c1cc(N2CCNC2=O)ccc1F,1.87495702,train,random,4,,,,
Cn1c(-c2n[nH]c3c2CCCC3)nnc1N1CCC2(CNC(=O)C2)C1,1.792986685,train,random,4,,,,
Cc1nnc(-c2ccc(N3CCC(Oc4ccccc4C(F)(F)F)CC3)nn2)s1,-0.906578315,train,random,4,,,,
CC(C)(C)c1ccc(C(O)CN2CCC(O)(c3ccc4c(c3)OCO4)CC2)cc1,0.779018972,train,random,4,,,,
NC1CCCC1C(=O)N1CCC(c2c[nH]c3ncccc23)CC1,1.71701274,train,random,4,,,,
NC1CC(NC(=O)c2ccc(-c3cn[nH]c3)cn2)C12CCC2,1.709702344,train,random,4,,,,
NC1CCC(C(=O)N2CCC(c3c[nH]c4ncccc34)CC2)C1,1.917395215,train,random,4,,,,
NC1CCCC(C(=O)N2CCC(c3c[nH]c4ncccc34)CC2)C1,1.752816431,train,random,4,,,,
O=C(NC12CCCC1NCC2)c1ccc(-c2cn[nH]c2)cc1,2.0,train,random,4,,,,
Cc1nc2cc(C(=O)NC34CCCC3NCC4)ccc2c(=O)[nH]1,1.866494097,train,random,4,,,,
CNc1nc(C)cc(C(=O)Nc2ccc3[nH]ncc3c2)n1,1.493625323,train,random,4,,,,
CCc1c[nH]c2ncnc(N3CCC(CN4CCN(C)CC4)CC3)c12,1.728012707,train,random,4,,,,
NC1CCCC(C(=O)Nc2cccc(N3CCNC3=O)c2)C1,1.763113391,train,random,4,,,,
CC1CC(N)CCN1C(=O)c1cc(N2CCNC2=O)c(F)cc1F,1.833504094,train,random,4,,,,
c1sc(NCC2CCCO2)nc1C12CC3CC(CC(C3)C1)C2,-1.096910013,train,random,4,,,,
Cc1c(-c2c(F)cc(C(N)=O)c3[nH]c4c(c23)CC[C@H](C(C)(C)O)C4)cccc1-n1c(=O)c2cccc(F)c2n(C)c1=O,0.436162647,test,random,4,0.8649762471200004,0.5138472821700001,0.42312783892000005,0.47566004692999997
C=CC(=O)N1CCC[C@H](n2c(=O)n(-c3ccc(Oc4ccccc4)cc3)c3c(N)ncnc32)C1,0.983851719,test,random,4,0.7921343806300001,0.7443450173399999,0.6563762876300003,0.5807147581800003
O=C(Nc1cccc(-c2nncn2C2CC2)c1)c1cc(-n2cnc(C3CC3)c2)ccn1,0.262925469,test,random,4,0.7317633654500004,0.8926122102800004,1.1071315843800003,0.6037895086200005
Cc1nccc(-c2cn(Cc3ccccc3)c3cnccc23)n1,1.122707254,test,random,4,0.6672698314600004,0.8313011129500003,0.8959208145100003,0.5822102818
Cc1c(Cl)ccc2cc3n(c12)[C@@H](C)CNC3=O,0.328379603,test,random,4,1.20234326433,1.10573670489,0.5488972065300001,0.8113101891700006
COc1cc(F)ccc1-c1ncnc(Nc2cccc(C[S@@](C)(=N)=O)c2)n1,1.594922663,test,random,4,0.07822621943000002,0.3225357411799999,0.7611006630400002,0.03811621786000001
O=C1CN(c2ccc(Nc3nccc(C(F)(F)F)n3)cn2)CCN1,1.543819805,test,random,4,1.00611649707,1.3078318275500005,0.95825490688,1.3618085858500002
CC(C)(C)C(=O)N1CCC(Cc2ccc(-c3cccs3)cc2)(C(=O)N2CCCC2)CC1,-0.1837587,test,random,4,0.6071108622400001,0.4766215802300001,0.53185785388,-0.03852470632999998
COc1ccccc1C(=O)Nc1ccc2cc[nH]c2c1,0.505149978,test,random,4,0.47368848155000004,0.67617468758,0.69126861022,0.4779814752200003
Cc1c(C(=O)NCCCN(C)C)sc2ncnc(Nc3ccc(F)cc3OC(C)C)c12,0.741821047,test,random,4,0.22227177155000014,-0.14234366810999985,0.35069274640000003,-0.20448829189999998
CC1(C)CC(Oc2ccc(-c3ccc(-c4cn[nH]c4)cc3O)nn2)CC(C)(C)N1,1.199947058,test,random,4,1.0057143698500002,0.36354163883999996,0.9183687086900001,0.64706663884
CCN1CCN(S(=O)(=O)Cc2ccc(Cl)c(Cl)c2)CC1,1.249124949,test,random,4,0.78649359337,1.32470735652,0.7589168901,1.4576049944800002
CC/C(=C(\c1ccccc1)c1ccc(OCCN(C)C)cc1)c1ccccc1,-0.580044252,test,random,4,0.5959786455300001,-0.09826503776999998,0.4169635653699999,-0.22272310346999977
Cc1ncc(CN2CCC(Nc3ccc4nnnn4n3)C(C)C2)s1,1.652285029,test,random,4,0.9052265029000001,1.3007749670899995,0.8795809527100001,1.70953248763
Cc1nc(Nc2nccs2)cc(C2CN(c3ncccn3)C2)n1,0.444669231,test,random,4,0.43128333809000013,1.1239337003700003,1.0332650725699997,1.3666735115500006
CCC1=C(C)CN(C(=O)NCCc2ccc(S(=O)(=O)NC(=O)N[C@H]3CC[C@H](C)CC3)cc2)C1=O,-1.180456064,test,random,4,0.8254049189200003,0.8718723242500002,0.7266491012300004,0.27356800290999994
Cc1ccc(NC(=O)CN2[C@H]3CCCC(=O)N[C@@]3(C)C[C@H]2Cc2ccccc2)cc1F,-0.137272472,test,random,4,0.9620991272400008,0.7725607564300004,0.85082567181,0.6948171336800008
Cc1cnc(C(=O)NCCc2ccc(S(=O)(=O)NC(=O)NC3CCCCC3)cc2)cn1,0.01745073,test,random,4,1.1325774040499998,0.6497785118300005,0.5529205121100003,0.9696908708500002
CNC(=O)C1(Cc2ccc(-c3cccnc3)cc2)CCN(Cc2ccc(F)cc2)C1,1.021602716,test,random,4,0.7134379711999996,0.7565223558099998,0.7125541865899998,0.8592372191400005
O=C(Nc1cccc2ncccc12)[C@H]1CCCN(S(=O)(=O)c2ccccc2)C1,1.222560409,test,random,4,1.03587764676,0.7752637252599999,0.9877819485400003,0.32995032560000004
CC1CN(C(=O)c2cccnc2N2CCOCC2)CC(c2ccccc2)O1,1.573185017,test,random,4,0.7887300708900002,0.97246778783,1.42451937515,1.4274764808799998
Cc1cc(Nc2cnccn2)cc(C2CCCN(CC(=O)N3CCCC3)C2)n1,1.642246824,test,random,4,0.8114120686700004,0.9468429490000004,1.0466091255999996,1.1904585118000004
Cc1cc(N2CCCC2c2cc(CCC(=O)O)cc(C)n2)ncn1,2.0,test,random,4,0.74339467599,1.0574800966100002,1.0891956872600002,1.0755790838000001
Cc1cc(N2CCCC2)nc(C2CCCN(C)C2)n1,2.0,test,random,4,0.9338727828400002,1.4877298831800008,1.3106983182299998,1.79230626353
O=C1NCCSc2c1sc1ccc(O)cc21,0.891593204,test,random,4,1.4435247561300002,0.9294170707699999,0.79617004009,1.3748263833000005
CC(=O)N1CCN(c2c(Cl)cccc2NC(=O)COc2ccccc2Cl)CC1,0.256958153,test,random,4,0.5548289110499998,0.46585435282000015,0.33478649557999973,0.3546646110099996
N#Cc1cc(F)c(NS(=O)(=O)c2c[nH]c3cc(Cl)ccc23)cc1F,-0.026872146,test,random,4,0.5290125487900003,0.30329424558000007,0.88755169052,-0.045866716719999985
CCCc1nc2nc(C)c(NS(=O)(=O)c3ccc(C4CCCCC4)cc3)c(O)n2n1,-0.218963061,test,random,4,0.6433118104600003,0.5018215880100001,0.6758094671200001,0.10471307654000006
Cc1cccc(/C=N/Nc2cc(N3CCOCC3)nc(OCCc3ccccn3)n2)c1,-0.548213564,test,random,4,0.38264405424000025,0.4524996790100001,0.5093096740099999,0.38734925151999994
COc1ccc(OC[C@@H]2c3cc(OC)c(OC)cc3CCN2C(=O)c2cccc(Cl)c2)cc1,-0.116906641,test,random,4,0.5441283550400001,0.6579021749300002,0.4108471578100001,0.20069142685999997
CC(C)[C@H](CO)Nc1nc(Nc2cc(N)cc(Cl)c2)c2ncn(C(C)C)c2n1,-0.061980903,test,random,4,0.8644265359700006,0.6632753299000004,0.2898035813599999,-0.028052992860000025
CC(C)(C)OC(=O)N1CCCC1C(=O)N1CCC(C(=O)N[C@@H](Cc2c[nH]c3ccccc23)C(=O)O)CC1,1.691832676,test,random,4,0.5705497933000001,0.7771179023700001,0.7722565816200003,0.5438441773600001
O=C(NCCc1ccccc1)c1ccc(NC(=O)N2CCCCc3ccccc32)cc1,0.075911761,test,random,4,0.70117510431,0.43634287276999983,0.42332900301000026,0.08590795178
NC[C@H]1CC[C@@H](C(=O)Nc2ccc3[nH]ncc3c2)O1,1.981999714,test,random,4,1.3268878758200011,1.5363525036199999,1.3637895333000005,1.7643934292300003
CN(C(=O)c1cc(N2CCNC2=O)ccc1F)C1CCC(N)CC1,1.828717885,test,random,4,1.7766476574300003,1.6526712361399998,1.3607583687800002,1.7967785480499998
NC1CCCC(C(=O)Nc2ccc3[nH]ncc3c2)C1,2.0,test,random,4,1.4272228750400004,1.3771414615000004,1.5947396047200004,1.8230783870799998
O=C(Nc1ccc(CN2CCCCC2)cc1)c1ccnc2[nH]cnc12,1.767526899,test,random,4,0.8048824719900003,0.8506615960500001,0.7494481907699998,0.5398041129000002
NC(=O)c1cnc(N2CCc3[nH]nc(C(F)(F)F)c3C2)c(Cl)c1,0.986009932,test,random,4,1.03042124822,1.19649229825,1.13661619163,1.43767755398
CNc1cc(Nc2cccn(-c3ccccn3)c2=O)nn2c(C(=O)N[C@@H]3C[C@@H]3F)cnc12,0.991226076,train,butina,0,,,,
CN(c1ncc(F)cn1)[C@H]1CCCNC1,2.0,train,butina,0,,,,
CC(C)(Oc1ccc(-c2cnc(N)c(-c3ccc(Cl)cc3)c2)cc1)C(=O)O,-1.158015195,train,butina,0,,,,
CC#CC(=O)N[C@H]1CCCN(c2c(F)cc(C(N)=O)c3[nH]c(C)c(C)c23)C1,0.163856803,train,butina,0,,,,
COc1ccc(Cl)cc1C(=O)NCCc1ccc(S(=O)(=O)NC(=O)NC2CCCCC2)cc1,-0.91721463,train,butina,0,,,,
C=CC(=O)N1CCC[C@@H](n2nc(-c3ccc(Oc4ccccc4)cc3)c3c(N)ncnc32)C1,0.62603,train,butina,0,,,,
CC(C)NC(=O)COc1cccc(-c2nc(Nc3ccc4[nH]ncc4c3)c3ccccc3n2)c1,-1.384078213,train,butina,0,,,,
CCS(=O)(=O)N1CC(CC#N)(n2cc(-c3ncnc4[nH]ccc34)cn2)C1,1.378597739,train,butina,0,,,,
COc1ccc(S(=O)(=O)N2CCC(N3CCC(C)CC3)CC2)cc1,1.729799023,train,butina,0,,,,
COc1cc2c(cc1OC)CC(=O)N(CCCN(C)C[C@H]1Cc3cc(OC)c(OC)cc31)CC2,1.730984039,train,butina,0,,,,
CCCc1cc(N2CCc3c(nc(C4CC4)n3C)C2)n2ncnc2n1,1.677187053,train,butina,0,,,,
Fc1ccc(-c2ccc3c(c2)[nH]c2ccncc23)cn1,0.653405491,train,butina,0,,,,
Nc1c(F)ccc2cnc(-n3ccc4ccncc43)cc12,0.713910354,train,butina,0,,,,
C=CC(=O)N1C[C@H](Nc2ncnc3[nH]ccc23)CC[C@@H]1C,1.828227965,train,butina,0,,,,
[2H]C([2H])([2H])NC(=O)c1nnc(NC(=O)C2CC2)cc1Nc1cccc(-c2ncn(C)n2)c1OC,1.186566481,train,butina,0,,,,
C=CC(=O)N1CCC(CNc2ncnc(N)c2-c2ccc(Oc3ccccc3)cc2)CC1,0.752995432,train,butina,0,,,,
Nc1n[nH]cc1-c1cc(Cl)ccc1Oc1cc(F)c(S(=O)(=O)Nc2cscn2)cc1Cl,-0.354577731,train,butina,0,,,,
Cn1cc(-c2cn3nccc3c(-c3cnn([C@]4(CC#N)C[C@@H](C#N)C4)c3)n2)cn1,1.559583476,train,butina,0,,,,
O=C(c1ccc(Oc2ccccc2)cc1Cl)c1c[nH]c2ncnc(N[C@@H]3CC[C@@H](CO)OC3)c12,-0.467245621,train,butina,0,,,,
N#CC[C@H](C1CCCC1)n1cc(-c2ncnc3[nH]ccc23)cn1,0.630986911,train,butina,0,,,,
CC(C)(C)c1ccc(-c2nc3n(c(=O)c2C#N)CCS3)cc1,0.731266349,train,butina,0,,,,
C=CC(=O)Nc1cccc(Oc2nc(Nc3ccc(N4CCN(C)CC4)cc3)nc3ccsc23)c1,-0.049635146,train,butina,0,,,,
CC#CC(=O)N1CC[C@@H](n2c(=O)n(-c3ccc(Oc4ccccc4)cc3)c3c(N)ncnc32)C1,0.935859798,train,butina,0,,,,
C=CC(=O)N1CCC([C@@H]2CCNc3c(C(N)=O)c(-c4ccc(Oc5ccccc5)cc4)nn32)CC1,0.968996327,train,butina,0,,,,
C=CC(=O)N1CCC[C@H](n2c(=O)n(-c3ccc(Oc4ccccc4)cc3)c3c(N)ncnc32)C1,0.983851719,train,butina,0,,,,
CC(C)(C=C(C#N)C(=O)N1CCC[C@@H](n2nc(-c3ccc(Oc4ccccc4)cc3F)c3c(N)ncnc32)C1)N1CCN(C2COC2)CC1,0.276231958,train,butina,0,,,,
CC#CC(=O)N1CC[C@@H](n2cc(-c3ccc(Oc4c(F)cccc4F)cc3)c3c(N)n[nH]c(=O)c32)C1,-0.073143291,train,butina,0,,,,
C=CC(=O)Nc1cccc(Oc2nc(Nc3ccc(N4CCN(C)CC4)c(F)c3)nc3[nH]ccc23)c1,0.039414119,train,butina,0,,,,
C[C@@H]1c2nnn(-c3ncc(F)cn3)c2CCN1C(=O)c1cccc(C(F)(F)F)c1Cl,0.969089603,train,butina,0,,,,
COc1ccccc1-c1cc(NC(=O)c2cccc(N3CCNC3=O)c2)[nH]n1,-0.397940009,train,butina,0,,,,
O=C(Nc1cccc(-c2nncn2C2CC2)c1)c1cc(-n2cnc(C3CC3)c2)ccn1,0.262925469,train,butina,0,,,,
Fc1ccccc1-c1c[nH]nc1C1CCCN1Cc1ccc2ncccc2c1,0.545801757,train,butina,0,,,,
Cc1nccc(-c2cn(Cc3ccccc3)c3cnccc23)n1,1.122707254,train,butina,0,,,,
CCc1nc(C)cn2nc(-c3cc(=O)n4cc(C5CCN(C)CC5)cc(C)c4n3)cc12,0.868232868,train,butina,0,,,,
Cc1c(Cl)ccc2cc3n(c12)[C@@H](C)CNC3=O,0.328379603,train,butina,0,,,,
Nc1ncnc2c1c(-c1ccc(Oc3ccccc3)cc1)nn2[C@@H]1CCCNC1,0.956648579,train,butina,0,,,,
Cc1nnc(CN(C)CC(C)Oc2ccc(Cl)c(Cl)c2)n1C,0.926290987,train,butina,0,,,,
COc1nn(C)cc1C(=O)Nc1cccc(-c2cnc3n2CCC3)c1,0.866877814,train,butina,0,,,,
COc1cc(F)ccc1-c1ncnc(Nc2cccc(C[S@@](C)(=N)=O)c2)n1,1.594922663,train,butina,0,,,,
CCc1nc2c(C)cc(N3CCN(CC(=O)N4CC(O)C4)CC3)cn2c1N(C)c1nc(-c2ccc(F)cc2)c(C#N)s1,-0.204728421,train,butina,0,,,,
C[C@@H]1CCN(C(=O)CC#N)C[C@@H]1N(C)c1ncnc2[nH]ccc12,1.991815076,train,butina,0,,,,
O=C1CN(c2ccc(Nc3nccc(C(F)(F)F)n3)cn2)CCN1,1.543819805,train,butina,0,,,,
O=C1NCCN(C(=O)c2ccc3nccn3c2)C1c1ccccc1C(F)(F)F,1.851001366,train,butina,0,,,,
Cc1cc(F)ccc1C1C(=O)NCCN1C(=O)c1ccc2nccn2c1,1.78096503,train,butina,0,,,,
O=C1NCCN(C(=O)c2ccncc2)C1c1ccccc1Cl,1.876996793,train,butina,0,,,,
C[C@H]1CN(C(=O)CC(c2ccccc2)c2ccccc2)C[C@@H](C)O1,1.188253327,train,butina,0,,,,
CN1[C@H]2CC[C@@H]1C[C@@H](OC(c1ccccc1)c1ccccc1)C2,1.106122874,train,butina,0,,,,
OC[C@H](Nc1cncc(-c2ccc3[nH]ncc3n2)c1)c1ccccc1,1.017826038,train,butina,0,,,,
CC(=O)N1CCN(c2nc(C(F)(F)F)nc3sc(C)c(C)c23)CC1,0.13481437,train,butina,0,,,,
COc1ccccc1C(=O)Nc1ccc2cc[nH]c2c1,0.505149978,train,butina,0,,,,
c1ccc(Oc2cccc(CN(CCN3CCOCC3)Cc3cccnc3)c2)cc1,-0.222573178,train,butina,0,,,,
COc1ccc([C@H]2CN(C(C)=O)[C@@H]3CCCN(Cc4cccc(F)c4)[C@H]23)cc1,0.595385981,train,butina,0,,,,
Cc1c(C(=O)NCCCN(C)C)sc2ncnc(Nc3ccc(F)cc3OC(C)C)c12,0.741821047,train,butina,0,,,,
Nc1ncc(C(=O)NC2CN(C(=O)C3CC3)C2)c2ccc(-c3cccc(F)c3)nc12,0.623352682,train,butina,0,,,,
CC1(C)CC(Oc2ccc(-c3ccc(-c4cn[nH]c4)cc3O)nn2)CC(C)(C)N1,1.199947058,train,butina,0,,,,
Cc1nnc(-c2ccc3occ(-c4ccc(S(C)=O)cc4)c3c2)o1,0.193402903,train,butina,0,,,,
O=C(Nc1ccc2ccccc2n1)c1ccc(N2CCOC2=O)cc1,0.449015316,train,butina,0,,,,
O=C(CCNC(=O)c1ccc(OC(F)(F)F)cc1)N[C@@H]1CCCc2ccccc21,0.526080692,train,butina,0,,,,
O=S(=O)(c1cccc2cnccc12)N1CCCNCC1,1.892077899,train,butina,0,,,,
C=CC(=O)Nc1cccc(Oc2nc(Nc3ccc(N4CCN(C)CC4)cc3)nc3ccoc23)c1,0.146128036,train,butina,0,,,,
CCN1CCN(S(=O)(=O)Cc2ccc(Cl)c(Cl)c2)CC1,1.249124949,train,butina,0,,,,
O=C(Nc1nc2cccc(-c3ccc(CN4CCS(=O)(=O)CC4)cc3)n2n1)C1CC1,1.681349797,train,butina,0,,,,
NCCN1CCN(C/C=C/C(=O)N2CCC[C@@H](n3nc(-c4ccc(Oc5ccccc5)cc4)c4c(N)ncnc43)C2)CC1,0.699837726,train,butina,0,,,,
Cn1c(C2CC2)nc2c1CCN(c1ncnc3ccsc13)C2,1.237065953,train,butina,0,,,,
COc1nn(C)cc1C(=O)Nc1cccc2cnccc12,1.504729052,train,butina,0,,,,
COc1ccc(Nc2c(C#N)cnc3cc(OC)c(OC)cc23)cc1Cl,-0.033858267,train,butina,0,,,,
COc1ccc(CCCN2CCN(c3cnn(C)c3)C(=O)C2)cc1F,1.343408594,train,butina,0,,,,
Cc1noc(C(C)C)c1C(=O)N1CC(C)OC(c2ccccc2)C1,1.180469962,train,butina,0,,,,
Cc1c(F)cccc1NC(=O)CN1[C@H]2CCCC(=O)N[C@@]2(C)C[C@H]1Cc1ccccc1,0.595275712,train,butina,0,,,,
CCC1=C(C)CN(C(=O)NCCc2ccc(S(=O)(=O)NC(=O)N[C@H]3CC[C@H](C)CC3)cc2)C1=O,-1.180456064,train,butina,0,,,,
O=S(=O)(c1cccc2c(O)nccc12)N1CCCNCC1,1.850223373,train,butina,0,,,,
Cc1ccc(NC(=O)CN2[C@H]3CCCC(=O)N[C@@]3(C)C[C@H]2Cc2ccccc2)cc1F,-0.137272472,train,butina,0,,,,
COc1ccc(CNC(=O)c2sc3nc(C)cc(C)c3c2N)cc1,-0.356547324,train,butina,0,,,,
Cn1cc(Nc2nc(N)nc(-c3cccc(-n4ccc5cc(C6CC6)cc(F)c5c4=O)c3CO)n2)cn1,0.850401148,train,butina,0,,,,
Cc1cnc(C(=O)NCCc2ccc(S(=O)(=O)NC(=O)NC3CCCCC3)cc2)cn1,0.01745073,train,butina,0,,,,
O=C1CCCC[C@@H]2[C@H](C[C@@H](Cc3ccccc3F)N2C(=O)c2cccc3ncccc23)N1,1.277998644,train,butina,0,,,,
CCOc1cc(CC(=O)N[C@@H](CC(C)C)c2ccccc2N2CCCCC2)ccc1C(=O)O,0.106870544,train,butina,0,,,,
CC(O)(C#Cc1ccc2c(c1)N(c1nc(N)ncc1Cl)CC2)c1nccs1,-0.122628654,train,butina,0,,,,
COCCc1noc(CN2CC(c3ccccc3)(c3ccccc3)CCC2=O)n1,1.167051359,train,butina,0,,,,
Cc1[nH]nc2c1C1(CCCCC1)CC(=O)N2,1.323066376,train,butina,0,,,,
O=C(Nc1cccc2ncccc12)[C@H]1CCCN(S(=O)(=O)c2ccccc2)C1,1.222560409,train,butina,0,,,,
C[C@@H]1Cc2ccccc2N1C(=O)Cn1nc(-c2cccc3ncccc23)oc1=O,0.224014811,train,butina,0,,,,
Nc1ncnc2c1c(-c1cnc3[nH]ccc3c1)nn2C1CCCC1,0.862608364,train,butina,0,,,,
O=C(Nc1cnccc1-c1ccc(Cl)cc1)c1ccnc(NC(=O)C2CC2)c1,0.369957607,train,butina,0,,,,
CN1C(N)=N[C@](C)(c2cc(NC(=O)c3ccc(F)cn3)ccc2F)CS1(=O)=O,1.560468571,train,butina,0,,,,
CC1CN(C(=O)c2cccnc2N2CCOCC2)CC(c2ccccc2)O1,1.573185017,train,butina,0,,,,
CCCCNC(=O)NS(=O)(=O)c1ccc(C)cc1,0.439332694,train,butina,0,,,,
CC1(C)CC(=O)C2=C(C1)NC(=O)CC2c1ccc(Br)cc1,1.159236233,train,butina,0,,,,
CN1CCN(S(=O)(=O)c2ccc(-c3cnc(N)c(C(=O)Nc4cccnc4)n3)cc2)CC1,1.078638038,train,butina,0,,,,
CNC(=O)C1(Cc2ccc(-c3cccnc3)cc2)CCN(Cc2ccccc2Cl)C1,0.387567779,train,butina,0,,,,
Cc1cc(N2CCCC2c2cc(CCC(=O)O)cc(C)n2)ncn1,2.0,train,butina,0,,,,
CCCNC(=O)NS(=O)(=O)c1ccc(Cl)cc1,0.969835093,train,butina,0,,,,
O=C(CN1CCCC(c2cccc(Cc3cccc(F)c3)n2)C1)N1CCCC1,1.062130535,train,butina,0,,,,
COc1cc2ncnc(Nc3cccc(O)c3)c2cc1OC,0.994317153,train,butina,0,,,,
Cc1cc(C)c2c(N)c(C(=O)NCc3ccc(Cl)cc3)sc2n1,-0.370590401,train,butina,0,,,,
COCCNC(=O)c1ccnc(C2CCNCC2)c1,2.0,train,butina,0,,,,
COc1nc2sc(C(=O)NC3CC3)c(N)c2c(C)c1Cl,0.245512668,train,butina,0,,,,
CC1(CNC(=O)c2cncc(C3CCNCC3)n2)CCCO1,1.988550039,train,butina,0,,,,
O=C1NCCSc2c1sc1ccc(O)cc21,0.891593204,train,butina,0,,,,
CCn1cc(C(=O)O)c(=O)c2c(N)c(F)c(NC3CCCCC3)cc21,0.427486109,train,butina,0,,,,
C[C@H]1CN(C2COC2)CCN1c1ccc(Nc2cc(-c3ccnc(N4CCn5c(cc6c5CC(C)(C)C6)C4=O)c3CO)cn(C)c2=O)nc1,1.209139536,train,butina,0,,,,
C=CC(=O)Nc1cccc(Nc2nc(Nc3ccc(Oc4ccnc(C(=O)NC)c4)cc3)ncc2F)c1,-0.403402904,train,butina,0,,,,
C=CC(=O)N(C)CCOc1c(N)ncnc1-c1cc(F)cc(NC(=O)c2ccc(C3CC3)cc2F)c1C,0.838502776,train,butina,0,,,,
CC#CC(=O)N1CCC[C@@H]1c1nc(-c2ccc(C(=O)Nc3ccccn3)cc2)c2c(N)nccn12,0.975868182,train,butina,0,,,,
CC(=O)NCCNc1cc(Cl)nn2c(-c3cccc(S(=O)(=O)N(C)C)c3)c(C)nc12,0.681693392,train,butina,0,,,,
Cc1c[nH]c(=O)n1-c1ccc(C(=O)Nc2ccc3ccccc3n2)cc1,0.639386869,train,butina,0,,,,
CNC(=O)c1cccc(NC(=O)N2CCC(Oc3ccccc3Cl)CC2)c1,1.068760828,train,butina,0,,,,
COc1ccc(OCC(=O)Nc2cccc(Cl)c2N2CCN(C(C)=O)CC2)cc1,0.700790221,train,butina,0,,,,
CC(=O)N1CCN(c2c(Cl)cccc2NC(=O)COc2ccccc2Cl)CC1,0.256958153,train,butina,0,,,,
CCC(=O)N1CCN(c2ccc(Cl)cc2NC(=O)COc2ccccc2)CC1,0.250420002,train,butina,0,,,,
Cc1ccc(Oc2ccc(Cl)cc2NC(=O)CN(C)CC(=O)N(C)C)cc1,-0.053056729,train,butina,0,,,,
CC1(C)Cc2cc(NC(=O)c3cnn4cccnc34)c(OCC3CC3)nc2O1,-0.199970641,train,butina,0,,,,
N#Cc1cc(F)c(NS(=O)(=O)c2c[nH]c3cc(Cl)ccc23)cc1F,-0.026872146,train,butina,0,,,,
COc1cc2c(cc1OC)CN(CCc1ccc(NC(=O)c3cccc4c(O)c5cccc(OC)c5nc34)cc1)CC2,-1.207608311,train,butina,0,,,,
CCCc1nc2nc(C)c(NS(=O)(=O)c3ccc(C4CCCCC4)cc3)c(O)n2n1,-0.218963061,train,butina,0,,,,
CC(=O)Nc1ccc(O)cc1,1.887859133,train,butina,0,,,,
O=C(NC1CCNCC1)c1ccc2[nH]ncc2c1,1.842696589,train,butina,0,,,,
Cc1cccc(/C=N/Nc2cc(N3CCOCC3)nc(OCCc3ccccn3)n2)c1,-0.548213564,train,butina,0,,,,
COc1ccc(OC[C@@H]2c3cc(OC)c(OC)cc3CCN2C(=O)c2cccc(Cl)c2)cc1,-0.116906641,train,butina,0,,,,
N#Cc1ccc(COc2cccc(C3CCN(Cc4nc5ccc(C(=O)O)cc5n4C[C@@H]4CCO4)CC3)n2)c(F)c1,0.402433346,train,butina,0,,,,
CC(C)[C@H](CO)Nc1nc(Nc2cc(N)cc(Cl)c2)c2ncn(C(C)C)c2n1,-0.061980903,train,butina,0,,,,
O=C(NC1CCNCC1)c1ccc2cn[nH]c2c1,2.0,train,butina,0,,,,
Cc1cccc(-c2nc(C34CCC(C(N)=O)(CC3)CC4)[nH]c2-c2ccc3c(c2)OCO3)n1,1.02011257,train,butina,0,,,,
CC(C)[C@@](C)(O)[C@@H]1CN(c2nc(-c3n[nH]c4ncccc34)c(F)cc2Cl)CCN1,1.302460808,train,butina,0,,,,
Cc1nnc(-c2ccc(N3CCC(Oc4cc(F)ccc4Cl)CC3)nn2)o1,0.161068385,train,butina,0,,,,
Cc1cn2nc(-c3cc(=O)n4cc(N5CCNC6(CC6)C5)ccc4n3)cc(C)c2n1,0.985246791,train,butina,0,,,,
CCCS(=O)(=O)Nc1ccc(F)c(C(=O)c2c[nH]c3ncc(-c4ccc(Cl)cc4)cc23)c1F,-1.59345982,train,butina,0,,,,
Cc1ccc(OCC2(O)CCN(CC3(O)CCN(c4ccccc4C)CC3)CC2)cc1,-0.040481623,train,butina,0,,,,
CN(C(=O)c1cc(N2CCNC2=O)ccc1F)C1CCNC1,1.885728632,train,butina,0,,,,
O=C(Nc1cccc(N2CCNC2=O)c1)C1NCC12CCCC2,1.718202645,train,butina,0,,,,
NCC1CCCC1NC(=O)c1cc(N2CCNC2=O)ccc1F,1.87495702,train,butina,0,,,,
Cn1c(-c2n[nH]c3c2CCCC3)nnc1N1CCC2(CNC(=O)C2)C1,1.792986685,train,butina,0,,,,
Cc1nnc(-c2ccc(N3CCC(Oc4ccccc4C(F)(F)F)CC3)nn2)s1,-0.906578315,train,butina,0,,,,
O=C(NCCc1ccccc1)c1ccc(NC(=O)N2CCCCc3ccccc32)cc1,0.075911761,train,butina,0,,,,
CC(C)(C)c1ccc(C(O)CN2CCC(O)(c3ccc4c(c3)OCO4)CC2)cc1,0.779018972,train,butina,0,,,,
NC[C@H]1CC[C@@H](C(=O)Nc2ccc3[nH]ncc3c2)O1,1.981999714,train,butina,0,,,,
CN(C(=O)c1cc(N2CCNC2=O)ccc1F)C1CCC(N)CC1,1.828717885,train,butina,0,,,,
NC1CCCC1C(=O)N1CCC(c2c[nH]c3ncccc23)CC1,1.71701274,train,butina,0,,,,
NC1CCCC(C(=O)Nc2ccc3[nH]ncc3c2)C1,2.0,train,butina,0,,,,
NC1CC(NC(=O)c2ccc(-c3cn[nH]c3)cn2)C12CCC2,1.709702344,train,butina,0,,,,
NC1CCC(C(=O)N2CCC(c3c[nH]c4ncccc34)CC2)C1,1.917395215,train,butina,0,,,,
NC1CCCC(C(=O)N2CCC(c3c[nH]c4ncccc34)CC2)C1,1.752816431,train,butina,0,,,,
O=C(NC12CCCC1NCC2)c1ccc(-c2cn[nH]c2)cc1,2.0,train,butina,0,,,,
Cc1nc2cc(C(=O)NC34CCCC3NCC4)ccc2c(=O)[nH]1,1.866494097,train,butina,0,,,,
CNc1nc(C)cc(C(=O)Nc2ccc3[nH]ncc3c2)n1,1.493625323,train,butina,0,,,,
CCc1c[nH]c2ncnc(N3CCC(CN4CCN(C)CC4)CC3)c12,1.728012707,train,butina,0,,,,
NC1CCCC(C(=O)Nc2cccc(N3CCNC3=O)c2)C1,1.763113391,train,butina,0,,,,
CC1CC(N)CCN1C(=O)c1cc(N2CCNC2=O)c(F)cc1F,1.833504094,train,butina,0,,,,
c1sc(NCC2CCCO2)nc1C12CC3CC(CC(C3)C1)C2,-1.096910013,train,butina,0,,,,
CCOc1cc2nn(CCC(C)(C)O)cc2cc1NC(=O)c1cccc(C(F)F)n1,0.099680641,test,butina,0,0.9180689876599996,0.5012658597700002,0.4530906120200001,0.2982109892599999
CC(C)(O)CCn1cc2cc(NC(=O)c3cccc(C(F)(F)F)n3)c(C(C)(C)O)cc2n1,1.015611205,test,butina,0,1.0992548172499996,0.49442488585000016,0.7889147184700002,0.09760541344
CCn1c(-c2nonc2N)nc2cnc(Oc3cccc(NC(=O)c4ccc(OCCN5CCOCC5)cc4)c3)cc21,-0.449771647,test,butina,0,0.24301894036999996,0.22937819022,0.19252217623000006,0.4760701574099999
Cc1c[nH]c2nccc(Oc3c(F)cc(Nc4cc(Cl)nc(N)n4)cc3F)c12,-1.22184875,test,butina,0,0.5721150382100001,0.1644807120500001,0.4102926126700001,0.023157502679999983
Cn1cc(Nc2nccc(N3CC4CCC(C3)N4C(=O)[C@@H]3CC3(F)F)n2)cn1,1.642995934,test,butina,0,1.1584269125299995,1.21082362437,1.2109711512700003,1.6329050481400005
Cc1c(-c2c(F)cc(C(N)=O)c3[nH]c4c(c23)CC[C@H](C(C)(C)O)C4)cccc1-n1c(=O)c2cccc(F)c2n(C)c1=O,0.436162647,test,butina,0,0.7656271252800003,0.2745086632199999,0.6038782237500001,0.12148765572000006
Nc1ncc(-c2cccc(C(F)(F)F)c2)c(C2CCCCN2C(=O)c2ccccc2)n1,-0.04431225,test,butina,0,0.8575198551299998,0.55871646543,0.78759416168,0.2780415344099999
Cc1ncc(CN2CC[C@@H](Nc3cncc(Cl)n3)[C@@H](C)C2)s1,1.205461507,test,butina,0,0.6104528673500002,0.8875140553099995,0.7226818843799998,0.29958355982000007
Cc1ccc(C(=O)N2CCC(Cc3ccccc3-c3ccccc3)(C(=O)N(C)C)CC2)s1,-0.293282218,test,butina,0,0.5945942955000004,0.4242596572199999,0.67854658281,0.2526965742299999
CN(C)C(=O)C1(Cc2ccccc2-c2ccccc2)CCN(C(=O)C2CCCO2)CC1,0.902546779,test,butina,0,0.7321567731200002,0.61405725149,0.9256621879199995,0.8392111684700001
CC(=O)Nc1ccc(C(=O)N2CCCCC2c2nc(N)ncc2-c2ccc(Cl)cc2)cc1,0.596926814,test,butina,0,0.8482856834600001,0.5198466071500001,0.33585953139000013,0.23612827653000001
CC(=O)Nc1ccc(C(=O)N2CCCCC2c2nc(N)ncc2-c2cccc(Cl)c2)cc1,0.520483533,test,butina,0,0.8753075960500002,0.4566170981000001,0.22124473350999993,0.22872030702
CC(C)(C)C(=O)N1CCC(Cc2ccc(-c3cccs3)cc2)(C(=O)N2CCCC2)CC1,-0.1837587,test,butina,0,0.70905961008,0.6955790286899999,0.8441117408700001,0.20572816356
Cc1ncsc1C(=O)N1CCCCC1c1nc(N(C)C)ncc1-c1cccc(Cl)c1,-0.083019953,test,butina,0,0.5174338946,0.46568500177999994,1.0541942767000003,0.22771288488
OCC1CCCCN1Cc1ccc(Cl)c(Cl)c1,1.390069186,test,butina,0,0.8665264556600002,1.1868582972900001,1.16174542941,0.6330891698800002
OCC1CCCCN1Cc1ccc(-c2ccccc2)cc1,1.368007805,test,butina,0,0.88540933021,0.93277079149,0.5967107962600002,0.7817117057600003
Cc1ncsc1C(=O)N1CCCCC1c1nc(N)ncc1-c1cccc(C(F)(F)F)c1,0.615318657,test,butina,0,0.6038561223900003,0.49640215629999995,0.71696036052,0.005481405639999975
CCn1c(CO)nn(-c2cc(O[C@@H](C)C(F)(F)F)c(C(=O)Nc3c(F)cccc3Cl)cc2F)c1=O,0.975753389,test,butina,0,0.6865226996700002,0.4890290219000001,0.32193645188,0.23595968158999991
CCN(C/C=C\c1ccc(C2CCCCC2)c(Cl)c1)C1CCCCC1,-0.853871964,test,butina,0,1.2586639038000003,0.6010210010000001,0.21911755202000002,0.09803650378999997
CC/C(=C(\c1ccccc1)c1ccc(OCCN(C)C)cc1)c1ccccc1,-0.580044252,test,butina,0,0.48478720963000016,-0.03574960158,0.28336763595,0.03035087510000003
CNC(=O)C1(Cc2ccc(-c3ccncc3)cc2)CCN(Cc2cccc(F)c2)C1,1.10503305,test,butina,0,0.6148095499300004,0.4865498639800002,0.5837774851200003,0.7520870245499998
Cc1ncc(CN2CCC(Nc3ccc4nnnn4n3)C(C)C2)s1,1.652285029,test,butina,0,0.6962563624000002,1.0950985285799997,0.6305209938899999,1.63108522256
Cc1nc(Nc2nccs2)cc(C2CN(c3ncccn3)C2)n1,0.444669231,test,butina,0,0.5406123731500003,1.08380833144,0.8863261755500004,1.2973739606400008
CN(Cc1ccccc1)C1(C(=O)N2CCNC(=O)CC2)Cc2ccccc2C1,0.904931827,test,butina,0,1.52908230318,0.8816862434200001,1.12320921271,1.4269986797599998
CN(C)C(=O)C1(Cc2ccccc2-c2cccc(F)c2)CCN(C(=O)C2CC=CCC2)CC1,-0.104025268,test,butina,0,0.8132431401000004,0.6821474152600004,0.8191480084799998,0.48454812074000037
COCC(=O)N1CCC(Cc2ccccc2-c2cccc(F)c2)(C(=O)NC(C)C)CC1,0.596597096,test,butina,0,0.6648840342600003,0.5521714890400001,0.5271456537199999,0.6169876031000002
C#C[C@@](C)(CC)NC(=O)c1cc(F)cnc1NC1CC(F)(F)C1,0.671265433,test,butina,0,1.42979766369,1.03694498777,0.99446784107,0.6659338591900004
CNC(=O)C1(Cc2ccc(-c3cccnc3)cc2)CCN(Cc2ccc(F)cc2)C1,1.021602716,test,butina,0,0.6180896089900003,0.48601048454000007,0.5328187545800002,0.7413023686499999
CNC(=O)C1(Cc2ccc(-c3cccnc3)cc2)CCN(Cc2cccc(F)c2)C1,0.829753919,test,butina,0,0.6146602962400002,0.4925627710300002,0.5127653119900002,0.7476337657599998
CC(=O)Nc1ncc(CN2CCCC[C@@H]2C)s1,2.0,test,butina,0,0.9521845917100004,0.9805037872999998,0.6303008350600003,1.6170843899999996
Cc1oc2ccccc2c1CNc1nnc(-c2ccncc2)o1,0.717254313,test,butina,0,0.6612049925600002,0.5644293147300001,0.7260107751600003,0.3898589948000001
Cc1cc(Nc2cnccn2)cc(C2CCCN(CC(=O)N3CCCC3)C2)n1,1.642246824,test,butina,0,0.9018726565800006,0.95635155643,0.8980647628099999,1.3829566852900002
Cc1cccnc1Nc1cccc(C2CCCN(CC(=O)Nc3nccs3)C2)n1,0.180699201,test,butina,0,0.6114142178500004,0.4120734428200001,0.5963350031100001,0.18165363314999997
CN(C)C(=O)C1(Cc2ccccc2-c2ccccc2)CCN(C(=O)c2cnn(C)c2)CC1,1.041353202,test,butina,0,0.9405004883599998,0.6929618632500001,1.01555223323,0.85188028824
Cc1cc(N2CCCC2)nc(C2CCCN(C)C2)n1,2.0,test,butina,0,1.0746519419700002,1.4252432542400002,1.4246667223000002,1.7868305672899998
c1ccc(-c2ccc(CN3CCCCCCC3)cc2)cc1,-0.614393726,test,butina,0,0.88662011799,0.9484081582599998,0.2293013128699999,0.3838857343700002
COc1ccc([C@H]2c3[nH]c4ccc(Cl)cc4c3CCN2C(=O)Oc2ccc(Cl)cc2)cc1,1.51293775,test,butina,0,0.58720207546,0.07201508069,0.14700071048000007,-0.16152465551999995
NC(=O)C1(Cc2ccc(-c3ccncc3)cc2)CCN(C(=O)Cc2cccc(F)c2)CC1,1.006508828,test,butina,0,0.8993742448400001,0.71568921446,0.4741622159700001,0.78300718262
CCn1c(=O)oc2cc(NC(=O)c3ccc(C(C)(C)C)cc3)ccc21,0.21005085,test,butina,0,1.1523769447399999,0.6241813247900001,0.83249921341,0.51216335166
CC(C)(C)OC(=O)N1CCCC1C(=O)N1CCC(C(=O)N[C@@H](Cc2c[nH]c3ccccc23)C(=O)O)CC1,1.691832676,test,butina,0,0.9708996504399997,0.6756234744900002,1.1538239902000007,0.31235407303999985
O=C(Nc1cccc2c(=O)cc(-c3nnn[nH]3)oc12)c1ccc(OCCCCc2ccccc2)cc1,0.582744966,test,butina,0,0.12454299444999999,0.04651984091,0.3825667798699999,-0.0773243355
CC(=O)Nc1ncc(C(=O)O)s1,1.81935965,test,butina,0,0.86374095486,1.2549013215000007,0.5939222658400003,1.3337920684100013
COc1cc2nc(-c3cc(F)ccc3O)nc(N[C@@H]3CNC[C@H]3C(C)(C)O)c2cc1OC.Cl,-1.119186408,test,butina,0,0.8634468735700003,0.6463266003800002,0.30605437171,0.52764449217
O=C(Nc1ccc(CN2CCCCC2)cc1)c1ccnc2[nH]cnc12,1.767526899,test,butina,0,0.9362941462200004,0.93669691741,1.1137218344199997,0.6835514867499998
NC(=O)c1cnc(N2CCc3[nH]nc(C(F)(F)F)c3C2)c(Cl)c1,0.986009932,test,butina,0,0.9385847259900004,1.34536059273,0.7886220761799998,1.3546301010900004
CNc1cc(Nc2cccn(-c3ccccn3)c2=O)nn2c(C(=O)N[C@@H]3C[C@@H]3F)cnc12,0.991226076,train,butina,1,,,,
CCOc1cc2nn(CCC(C)(C)O)cc2cc1NC(=O)c1cccc(C(F)F)n1,0.099680641,train,butina,1,,,,
CN(c1ncc(F)cn1)[C@H]1CCCNC1,2.0,train,butina,1,,,,
CC(C)(Oc1ccc(-c2cnc(N)c(-c3ccc(Cl)cc3)c2)cc1)C(=O)O,-1.158015195,train,butina,1,,,,
CC(C)(O)CCn1cc2cc(NC(=O)c3cccc(C(F)(F)F)n3)c(C(C)(C)O)cc2n1,1.015611205,train,butina,1,,,,
CC#CC(=O)N[C@H]1CCCN(c2c(F)cc(C(N)=O)c3[nH]c(C)c(C)c23)C1,0.163856803,train,butina,1,,,,
CC(C)NC(=O)COc1cccc(-c2nc(Nc3ccc4[nH]ncc4c3)c3ccccc3n2)c1,-1.384078213,train,butina,1,,,,
CCS(=O)(=O)N1CC(CC#N)(n2cc(-c3ncnc4[nH]ccc34)cn2)C1,1.378597739,train,butina,1,,,,
COc1ccc(S(=O)(=O)N2CCC(N3CCC(C)CC3)CC2)cc1,1.729799023,train,butina,1,,,,
CCn1c(-c2nonc2N)nc2cnc(Oc3cccc(NC(=O)c4ccc(OCCN5CCOCC5)cc4)c3)cc21,-0.449771647,train,butina,1,,,,
Cc1c[nH]c2nccc(Oc3c(F)cc(Nc4cc(Cl)nc(N)n4)cc3F)c12,-1.22184875,train,butina,1,,,,
COc1cc2c(cc1OC)CC(=O)N(CCCN(C)C[C@H]1Cc3cc(OC)c(OC)cc31)CC2,1.730984039,train,butina,1,,,,
CCCc1cc(N2CCc3c(nc(C4CC4)n3C)C2)n2ncnc2n1,1.677187053,train,butina,1,,,,
Fc1ccc(-c2ccc3c(c2)[nH]c2ccncc23)cn1,0.653405491,train,butina,1,,,,
Nc1c(F)ccc2cnc(-n3ccc4ccncc43)cc12,0.713910354,train,butina,1,,,,
C=CC(=O)N1C[C@H](Nc2ncnc3[nH]ccc23)CC[C@@H]1C,1.828227965,train,butina,1,,,,
Cn1cc(Nc2nccc(N3CC4CCC(C3)N4C(=O)[C@@H]3CC3(F)F)n2)cn1,1.642995934,train,butina,1,,,,
[2H]C([2H])([2H])NC(=O)c1nnc(NC(=O)C2CC2)cc1Nc1cccc(-c2ncn(C)n2)c1OC,1.186566481,train,butina,1,,,,
Nc1n[nH]cc1-c1cc(Cl)ccc1Oc1cc(F)c(S(=O)(=O)Nc2cscn2)cc1Cl,-0.354577731,train,butina,1,,,,
Cc1c(-c2c(F)cc(C(N)=O)c3[nH]c4c(c23)CC[C@H](C(C)(C)O)C4)cccc1-n1c(=O)c2cccc(F)c2n(C)c1=O,0.436162647,train,butina,1,,,,
Cn1cc(-c2cn3nccc3c(-c3cnn([C@]4(CC#N)C[C@@H](C#N)C4)c3)n2)cn1,1.559583476,train,butina,1,,,,
O=C(c1ccc(Oc2ccccc2)cc1Cl)c1c[nH]c2ncnc(N[C@@H]3CC[C@@H](CO)OC3)c12,-0.467245621,train,butina,1,,,,
N#CC[C@H](C1CCCC1)n1cc(-c2ncnc3[nH]ccc23)cn1,0.630986911,train,butina,1,,,,
CC(C)(C)c1ccc(-c2nc3n(c(=O)c2C#N)CCS3)cc1,0.731266349,train,butina,1,,,,
C=CC(=O)Nc1cccc(Oc2nc(Nc3ccc(N4CCN(C)CC4)cc3)nc3ccsc23)c1,-0.049635146,train,butina,1,,,,
C=CC(=O)Nc1cccc(Oc2nc(Nc3ccc(N4CCN(C)CC4)c(F)c3)nc3[nH]ccc23)c1,0.039414119,train,butina,1,,,,
C[C@@H]1c2nnn(-c3ncc(F)cn3)c2CCN1C(=O)c1cccc(C(F)(F)F)c1Cl,0.969089603,train,butina,1,,,,
COc1ccccc1-c1cc(NC(=O)c2cccc(N3CCNC3=O)c2)[nH]n1,-0.397940009,train,butina,1,,,,
Nc1ncc(-c2cccc(C(F)(F)F)c2)c(C2CCCCN2C(=O)c2ccccc2)n1,-0.04431225,train,butina,1,,,,
O=C(Nc1cccc(-c2nncn2C2CC2)c1)c1cc(-n2cnc(C3CC3)c2)ccn1,0.262925469,train,butina,1,,,,
Fc1ccccc1-c1c[nH]nc1C1CCCN1Cc1ccc2ncccc2c1,0.545801757,train,butina,1,,,,
CCc1nc(C)cn2nc(-c3cc(=O)n4cc(C5CCN(C)CC5)cc(C)c4n3)cc12,0.868232868,train,butina,1,,,,
Cc1c(Cl)ccc2cc3n(c12)[C@@H](C)CNC3=O,0.328379603,train,butina,1,,,,
COc1nn(C)cc1C(=O)Nc1cccc(-c2cnc3n2CCC3)c1,0.866877814,train,butina,1,,,,
Cc1ncc(CN2CC[C@@H](Nc3cncc(Cl)n3)[C@@H](C)C2)s1,1.205461507,train,butina,1,,,,
Cc1ccc(C(=O)N2CCC(Cc3ccccc3-c3ccccc3)(C(=O)N(C)C)CC2)s1,-0.293282218,train,butina,1,,,,
CCc1nc2c(C)cc(N3CCN(CC(=O)N4CC(O)C4)CC3)cn2c1N(C)c1nc(-c2ccc(F)cc2)c(C#N)s1,-0.204728421,train,butina,1,,,,
C[C@@H]1CCN(C(=O)CC#N)C[C@@H]1N(C)c1ncnc2[nH]ccc12,1.991815076,train,butina,1,,,,
CN(C)C(=O)C1(Cc2ccccc2-c2ccccc2)CCN(C(=O)C2CCCO2)CC1,0.902546779,train,butina,1,,,,
CC(=O)Nc1ccc(C(=O)N2CCCCC2c2nc(N)ncc2-c2ccc(Cl)cc2)cc1,0.596926814,train,butina,1,,,,
CC(=O)Nc1ccc(C(=O)N2CCCCC2c2nc(N)ncc2-c2cccc(Cl)c2)cc1,0.520483533,train,butina,1,,,,
C[C@H]1CN(C(=O)CC(c2ccccc2)c2ccccc2)C[C@@H](C)O1,1.188253327,train,butina,1,,,,
CN1[C@H]2CC[C@@H]1C[C@@H](OC(c1ccccc1)c1ccccc1)C2,1.106122874,train,butina,1,,,,
CC(C)(C)C(=O)N1CCC(Cc2ccc(-c3cccs3)cc2)(C(=O)N2CCCC2)CC1,-0.1837587,train,butina,1,,,,
OC[C@H](Nc1cncc(-c2ccc3[nH]ncc3n2)c1)c1ccccc1,1.017826038,train,butina,1,,,,
Cc1ncsc1C(=O)N1CCCCC1c1nc(N(C)C)ncc1-c1cccc(Cl)c1,-0.083019953,train,butina,1,,,,
OCC1CCCCN1Cc1ccc(Cl)c(Cl)c1,1.390069186,train,butina,1,,,,
CC(=O)N1CCN(c2nc(C(F)(F)F)nc3sc(C)c(C)c23)CC1,0.13481437,train,butina,1,,,,
COc1ccccc1C(=O)Nc1ccc2cc[nH]c2c1,0.505149978,train,butina,1,,,,
c1ccc(Oc2cccc(CN(CCN3CCOCC3)Cc3cccnc3)c2)cc1,-0.222573178,train,butina,1,,,,
COc1ccc([C@H]2CN(C(C)=O)[C@@H]3CCCN(Cc4cccc(F)c4)[C@H]23)cc1,0.595385981,train,butina,1,,,,
Cc1c(C(=O)NCCCN(C)C)sc2ncnc(Nc3ccc(F)cc3OC(C)C)c12,0.741821047,train,butina,1,,,,
OCC1CCCCN1Cc1ccc(-c2ccccc2)cc1,1.368007805,train,butina,1,,,,
CC1(C)CC(Oc2ccc(-c3ccc(-c4cn[nH]c4)cc3O)nn2)CC(C)(C)N1,1.199947058,train,butina,1,,,,
Cc1nnc(-c2ccc3occ(-c4ccc(S(C)=O)cc4)c3c2)o1,0.193402903,train,butina,1,,,,
Cc1ncsc1C(=O)N1CCCCC1c1nc(N)ncc1-c1cccc(C(F)(F)F)c1,0.615318657,train,butina,1,,,,
O=C(CCNC(=O)c1ccc(OC(F)(F)F)cc1)N[C@@H]1CCCc2ccccc21,0.526080692,train,butina,1,,,,
C=CC(=O)Nc1cccc(Oc2nc(Nc3ccc(N4CCN(C)CC4)cc3)nc3ccoc23)c1,0.146128036,train,butina,1,,,,
CCN1CCN(S(=O)(=O)Cc2ccc(Cl)c(Cl)c2)CC1,1.249124949,train,butina,1,,,,
O=C(Nc1nc2cccc(-c3ccc(CN4CCS(=O)(=O)CC4)cc3)n2n1)C1CC1,1.681349797,train,butina,1,,,,
CCn1c(CO)nn(-c2cc(O[C@@H](C)C(F)(F)F)c(C(=O)Nc3c(F)cccc3Cl)cc2F)c1=O,0.975753389,train,butina,1,,,,
CCN(C/C=C\c1ccc(C2CCCCC2)c(Cl)c1)C1CCCCC1,-0.853871964,train,butina,1,,,,
Cn1c(C2CC2)nc2c1CCN(c1ncnc3ccsc13)C2,1.237065953,train,butina,1,,,,
CC/C(=C(\c1ccccc1)c1ccc(OCCN(C)C)cc1)c1ccccc1,-0.580044252,train,butina,1,,,,
COc1nn(C)cc1C(=O)Nc1cccc2cnccc12,1.504729052,train,butina,1,,,,
CNC(=O)C1(Cc2ccc(-c3ccncc3)cc2)CCN(Cc2cccc(F)c2)C1,1.10503305,train,butina,1,,,,
Cc1ncc(CN2CCC(Nc3ccc4nnnn4n3)C(C)C2)s1,1.652285029,train,butina,1,,,,
Cc1nc(Nc2nccs2)cc(C2CN(c3ncccn3)C2)n1,0.444669231,train,butina,1,,,,
COc1ccc(CCCN2CCN(c3cnn(C)c3)C(=O)C2)cc1F,1.343408594,train,butina,1,,,,
Cc1noc(C(C)C)c1C(=O)N1CC(C)OC(c2ccccc2)C1,1.180469962,train,butina,1,,,,
CN(Cc1ccccc1)C1(C(=O)N2CCNC(=O)CC2)Cc2ccccc2C1,0.904931827,train,butina,1,,,,
Cc1c(F)cccc1NC(=O)CN1[C@H]2CCCC(=O)N[C@@]2(C)C[C@H]1Cc1ccccc1,0.595275712,train,butina,1,,,,
Cc1ccc(NC(=O)CN2[C@H]3CCCC(=O)N[C@@]3(C)C[C@H]2Cc2ccccc2)cc1F,-0.137272472,train,butina,1,,,,
CN(C)C(=O)C1(Cc2ccccc2-c2cccc(F)c2)CCN(C(=O)C2CC=CCC2)CC1,-0.104025268,train,butina,1,,,,
COCC(=O)N1CCC(Cc2ccccc2-c2cccc(F)c2)(C(=O)NC(C)C)CC1,0.596597096,train,butina,1,,,,
C#C[C@@](C)(CC)NC(=O)c1cc(F)cnc1NC1CC(F)(F)C1,0.671265433,train,butina,1,,,,
Cn1cc(Nc2nc(N)nc(-c3cccc(-n4ccc5cc(C6CC6)cc(F)c5c4=O)c3CO)n2)cn1,0.850401148,train,butina,1,,,,
CNC(=O)C1(Cc2ccc(-c3cccnc3)cc2)CCN(Cc2ccc(F)cc2)C1,1.021602716,train,butina,1,,,,
CNC(=O)C1(Cc2ccc(-c3cccnc3)cc2)CCN(Cc2cccc(F)c2)C1,0.829753919,train,butina,1,,,,
CC(=O)Nc1ncc(CN2CCCC[C@@H]2C)s1,2.0,train,butina,1,,,,
O=C1CCCC[C@@H]2[C@H](C[C@@H](Cc3ccccc3F)N2C(=O)c2cccc3ncccc23)N1,1.277998644,train,butina,1,,,,
CCOc1cc(CC(=O)N[C@@H](CC(C)C)c2ccccc2N2CCCCC2)ccc1C(=O)O,0.106870544,train,butina,1,,,,
COCCc1noc(CN2CC(c3ccccc3)(c3ccccc3)CCC2=O)n1,1.167051359,train,butina,1,,,,
Cc1[nH]nc2c1C1(CCCCC1)CC(=O)N2,1.323066376,train,butina,1,,,,
Cc1oc2ccccc2c1CNc1nnc(-c2ccncc2)o1,0.717254313,train,butina,1,,,,
O=C(Nc1cccc2ncccc12)[C@H]1CCCN(S(=O)(=O)c2ccccc2)C1,1.222560409,train,butina,1,,,,
O=C(Nc1cnccc1-c1ccc(Cl)cc1)c1ccnc(NC(=O)C2CC2)c1,0.369957607,train,butina,1,,,,
CN1C(N)=N[C@](C)(c2cc(NC(=O)c3ccc(F)cn3)ccc2F)CS1(=O)=O,1.560468571,train,butina,1,,,,
CC1CN(C(=O)c2cccnc2N2CCOCC2)CC(c2ccccc2)O1,1.573185017,train,butina,1,,,,
Cc1cc(Nc2cnccn2)cc(C2CCCN(CC(=O)N3CCCC3)C2)n1,1.642246824,train,butina,1,,,,
Cc1cccnc1Nc1cccc(C2CCCN(CC(=O)Nc3nccs3)C2)n1,0.180699201,train,butina,1,,,,
CN(C)C(=O)C1(Cc2ccccc2-c2ccccc2)CCN(C(=O)c2cnn(C)c2)CC1,1.041353202,train,butina,1,,,,
CC1(C)CC(=O)C2=C(C1)NC(=O)CC2c1ccc(Br)cc1,1.159236233,train,butina,1,,,,
CN1CCN(S(=O)(=O)c2ccc(-c3cnc(N)c(C(=O)Nc4cccnc4)n3)cc2)CC1,1.078638038,train,butina,1,,,,
CNC(=O)C1(Cc2ccc(-c3cccnc3)cc2)CCN(Cc2ccccc2Cl)C1,0.387567779,train,butina,1,,,,
Cc1cc(N2CCCC2c2cc(CCC(=O)O)cc(C)n2)ncn1,2.0,train,butina,1,,,,
O=C(CN1CCCC(c2cccc(Cc3cccc(F)c3)n2)C1)N1CCCC1,1.062130535,train,butina,1,,,,
COCCNC(=O)c1ccnc(C2CCNCC2)c1,2.0,train,butina,1,,,,
CC1(CNC(=O)c2cncc(C3CCNCC3)n2)CCCO1,1.988550039,train,butina,1,,,,
Cc1cc(N2CCCC2)nc(C2CCCN(C)C2)n1,2.0,train,butina,1,,,,
O=C1NCCSc2c1sc1ccc(O)cc21,0.891593204,train,butina,1,,,,
C[C@H]1CN(C2COC2)CCN1c1ccc(Nc2cc(-c3ccnc(N4CCn5c(cc6c5CC(C)(C)C6)C4=O)c3CO)cn(C)c2=O)nc1,1.209139536,train,butina,1,,,,
C=CC(=O)Nc1cccc(Nc2nc(Nc3ccc(Oc4ccnc(C(=O)NC)c4)cc3)ncc2F)c1,-0.403402904,train,butina,1,,,,
C=CC(=O)N(C)CCOc1c(N)ncnc1-c1cc(F)cc(NC(=O)c2ccc(C3CC3)cc2F)c1C,0.838502776,train,butina,1,,,,
CNC(=O)c1cccc(NC(=O)N2CCC(Oc3ccccc3Cl)CC2)c1,1.068760828,train,butina,1,,,,
c1ccc(-c2ccc(CN3CCCCCCC3)cc2)cc1,-0.614393726,train,butina,1,,,,
Cc1ccc(Oc2ccc(Cl)cc2NC(=O)CN(C)CC(=O)N(C)C)cc1,-0.053056729,train,butina,1,,,,
CC1(C)Cc2cc(NC(=O)c3cnn4cccnc34)c(OCC3CC3)nc2O1,-0.199970641,train,butina,1,,,,
N#Cc1cc(F)c(NS(=O)(=O)c2c[nH]c3cc(Cl)ccc23)cc1F,-0.026872146,train,butina,1,,,,
COc1cc2c(cc1OC)CN(CCc1ccc(NC(=O)c3cccc4c(O)c5cccc(OC)c5nc34)cc1)CC2,-1.207608311,train,butina,1,,,,
COc1ccc([C@H]2c3[nH]c4ccc(Cl)cc4c3CCN2C(=O)Oc2ccc(Cl)cc2)cc1,1.51293775,train,butina,1,,,,
NC(=O)C1(Cc2ccc(-c3ccncc3)cc2)CCN(C(=O)Cc2cccc(F)c2)CC1,1.006508828,train,butina,1,,,,
CC(=O)Nc1ccc(O)cc1,1.887859133,train,butina,1,,,,
O=C(NC1CCNCC1)c1ccc2[nH]ncc2c1,1.842696589,train,butina,1,,,,
CCn1c(=O)oc2cc(NC(=O)c3ccc(C(C)(C)C)cc3)ccc21,0.21005085,train,butina,1,,,,
COc1ccc(OC[C@@H]2c3cc(OC)c(OC)cc3CCN2C(=O)c2cccc(Cl)c2)cc1,-0.116906641,train,butina,1,,,,
N#Cc1ccc(COc2cccc(C3CCN(Cc4nc5ccc(C(=O)O)cc5n4C[C@@H]4CCO4)CC3)n2)c(F)c1,0.402433346,train,butina,1,,,,
O=C(NC1CCNCC1)c1ccc2cn[nH]c2c1,2.0,train,butina,1,,,,
CC(C)(C)OC(=O)N1CCCC1C(=O)N1CCC(C(=O)N[C@@H](Cc2c[nH]c3ccccc23)C(=O)O)CC1,1.691832676,train,butina,1,,,,
O=C(Nc1cccc2c(=O)cc(-c3nnn[nH]3)oc12)c1ccc(OCCCCc2ccccc2)cc1,0.582744966,train,butina,1,,,,
CC(=O)Nc1ncc(C(=O)O)s1,1.81935965,train,butina,1,,,,
Cc1cccc(-c2nc(C34CCC(C(N)=O)(CC3)CC4)[nH]c2-c2ccc3c(c2)OCO3)n1,1.02011257,train,butina,1,,,,
COc1cc2nc(-c3cc(F)ccc3O)nc(N[C@@H]3CNC[C@H]3C(C)(C)O)c2cc1OC.Cl,-1.119186408,train,butina,1,,,,
CC(C)[C@@](C)(O)[C@@H]1CN(c2nc(-c3n[nH]c4ncccc34)c(F)cc2Cl)CCN1,1.302460808,train,butina,1,,,,
Cc1nnc(-c2ccc(N3CCC(Oc4cc(F)ccc4Cl)CC3)nn2)o1,0.161068385,train,butina,1,,,,
Cc1cn2nc(-c3cc(=O)n4cc(N5CCNC6(CC6)C5)ccc4n3)cc(C)c2n1,0.985246791,train,butina,1,,,,
Cc1ccc(OCC2(O)CCN(CC3(O)CCN(c4ccccc4C)CC3)CC2)cc1,-0.040481623,train,butina,1,,,,
CN(C(=O)c1cc(N2CCNC2=O)ccc1F)C1CCNC1,1.885728632,train,butina,1,,,,
O=C(Nc1cccc(N2CCNC2=O)c1)C1NCC12CCCC2,1.718202645,train,butina,1,,,,
NCC1CCCC1NC(=O)c1cc(N2CCNC2=O)ccc1F,1.87495702,train,butina,1,,,,
Cc1nnc(-c2ccc(N3CCC(Oc4ccccc4C(F)(F)F)CC3)nn2)s1,-0.906578315,train,butina,1,,,,
O=C(NCCc1ccccc1)c1ccc(NC(=O)N2CCCCc3ccccc32)cc1,0.075911761,train,butina,1,,,,
NC[C@H]1CC[C@@H](C(=O)Nc2ccc3[nH]ncc3c2)O1,1.981999714,train,butina,1,,,,
CN(C(=O)c1cc(N2CCNC2=O)ccc1F)C1CCC(N)CC1,1.828717885,train,butina,1,,,,
NC1CCCC1C(=O)N1CCC(c2c[nH]c3ncccc23)CC1,1.71701274,train,butina,1,,,,
NC1CCCC(C(=O)Nc2ccc3[nH]ncc3c2)C1,2.0,train,butina,1,,,,
NC1CC(NC(=O)c2ccc(-c3cn[nH]c3)cn2)C12CCC2,1.709702344,train,butina,1,,,,
NC1CCC(C(=O)N2CCC(c3c[nH]c4ncccc34)CC2)C1,1.917395215,train,butina,1,,,,
NC1CCCC(C(=O)N2CCC(c3c[nH]c4ncccc34)CC2)C1,1.752816431,train,butina,1,,,,
O=C(NC12CCCC1NCC2)c1ccc(-c2cn[nH]c2)cc1,2.0,train,butina,1,,,,
Cc1nc2cc(C(=O)NC34CCCC3NCC4)ccc2c(=O)[nH]1,1.866494097,train,butina,1,,,,
CNc1nc(C)cc(C(=O)Nc2ccc3[nH]ncc3c2)n1,1.493625323,train,butina,1,,,,
O=C(Nc1ccc(CN2CCCCC2)cc1)c1ccnc2[nH]cnc12,1.767526899,train,butina,1,,,,
CCc1c[nH]c2ncnc(N3CCC(CN4CCN(C)CC4)CC3)c12,1.728012707,train,butina,1,,,,
NC(=O)c1cnc(N2CCc3[nH]nc(C(F)(F)F)c3C2)c(Cl)c1,0.986009932,train,butina,1,,,,
NC1CCCC(C(=O)Nc2cccc(N3CCNC3=O)c2)C1,1.763113391,train,butina,1,,,,
CC1CC(N)CCN1C(=O)c1cc(N2CCNC2=O)c(F)cc1F,1.833504094,train,butina,1,,,,
c1sc(NCC2CCCO2)nc1C12CC3CC(CC(C3)C1)C2,-1.096910013,train,butina,1,,,,
COc1ccc(Cl)cc1C(=O)NCCc1ccc(S(=O)(=O)NC(=O)NC2CCCCC2)cc1,-0.91721463,test,butina,1,0.7448019811500001,0.31685722680999995,0.5472585489699999,0.5982247431300001
C=CC(=O)N1CCC[C@@H](n2nc(-c3ccc(Oc4ccccc4)cc3)c3c(N)ncnc32)C1,0.62603,test,butina,1,0.2179798878,0.06741699553000002,0.3107718401799999,0.21656171369999988
C=CC(=O)N1CCC(CNc2ncnc(N)c2-c2ccc(Oc3ccccc3)cc2)CC1,0.752995432,test,butina,1,0.13917096278999996,-0.13168028888000002,0.3836045631500001,0.26341551264999996
CC#CC(=O)N1CC[C@@H](n2c(=O)n(-c3ccc(Oc4ccccc4)cc3)c3c(N)ncnc32)C1,0.935859798,test,butina,1,0.34533717076000003,0.23303947928999993,0.48120096431,0.9774888687100004
C=CC(=O)N1CCC([C@@H]2CCNc3c(C(N)=O)c(-c4ccc(Oc5ccccc5)cc4)nn32)CC1,0.968996327,test,butina,1,0.34535285496,0.21656133961999996,0.45171064347000006,0.6459807026900002
C=CC(=O)N1CCC[C@H](n2c(=O)n(-c3ccc(Oc4ccccc4)cc3)c3c(N)ncnc32)C1,0.983851719,test,butina,1,0.3971272760800002,0.2285739428399999,0.4383321192800001,0.6572968063500003
CC(C)(C=C(C#N)C(=O)N1CCC[C@@H](n2nc(-c3ccc(Oc4ccccc4)cc3F)c3c(N)ncnc32)C1)N1CCN(C2COC2)CC1,0.276231958,test,butina,1,-0.008755364569999983,0.012921772249999961,0.45739189760000004,0.23703730862999997
CC#CC(=O)N1CC[C@@H](n2cc(-c3ccc(Oc4c(F)cccc4F)cc3)c3c(N)n[nH]c(=O)c32)C1,-0.073143291,test,butina,1,0.18602452998999985,0.041065291770000005,0.5759365885800004,0.39681702958000015
Cc1nccc(-c2cn(Cc3ccccc3)c3cnccc23)n1,1.122707254,test,butina,1,0.8013890365200004,0.6391054244200001,0.9060895662399999,0.42027531265000023
Nc1ncnc2c1c(-c1ccc(Oc3ccccc3)cc1)nn2[C@@H]1CCCNC1,0.956648579,test,butina,1,0.21816640115999994,-0.08347934672000001,0.5315544290499999,0.23346367756999992
Cc1nnc(CN(C)CC(C)Oc2ccc(Cl)c(Cl)c2)n1C,0.926290987,test,butina,1,0.2660454848099999,0.5092591969000001,0.8619590018000004,0.6648463369600003
COc1cc(F)ccc1-c1ncnc(Nc2cccc(C[S@@](C)(=N)=O)c2)n1,1.594922663,test,butina,1,0.2682628099500001,0.5739365791100002,0.65692075705,0.11733681465999997
O=C1CN(c2ccc(Nc3nccc(C(F)(F)F)n3)cn2)CCN1,1.543819805,test,butina,1,1.1185994317200008,1.2560589207800001,0.9706470475100002,1.46532923359
O=C1NCCN(C(=O)c2ccc3nccn3c2)C1c1ccccc1C(F)(F)F,1.851001366,test,butina,1,1.03904306904,0.8290597031999998,1.2555622531900001,1.2044481862200003
Cc1cc(F)ccc1C1C(=O)NCCN1C(=O)c1ccc2nccn2c1,1.78096503,test,butina,1,0.9659868338500003,0.8547605837400002,1.3961453007300009,1.27463512867
O=C1NCCN(C(=O)c2ccncc2)C1c1ccccc1Cl,1.876996793,test,butina,1,1.2436816540400004,0.9897218891400001,1.30459540087,1.3713387996500008
Nc1ncc(C(=O)NC2CN(C(=O)C3CC3)C2)c2ccc(-c3cccc(F)c3)nc12,0.623352682,test,butina,1,0.5729805160600001,0.8324515147900006,0.6279223102,1.0131892128900002
O=C(Nc1ccc2ccccc2n1)c1ccc(N2CCOC2=O)cc1,0.449015316,test,butina,1,0.8142887644200001,0.8065500359599997,0.8537615288500002,0.5269713963800001
O=S(=O)(c1cccc2cnccc12)N1CCCNCC1,1.892077899,test,butina,1,1.1049015843900003,1.1593347530700004,1.15403234667,1.5612505595400004
NCCN1CCN(C/C=C/C(=O)N2CCC[C@@H](n3nc(-c4ccc(Oc5ccccc5)cc4)c4c(N)ncnc43)C2)CC1,0.699837726,test,butina,1,-0.07358160338999997,-0.03387730068999999,0.45437919824000006,0.6508224173000002
COc1ccc(Nc2c(C#N)cnc3cc(OC)c(OC)cc23)cc1Cl,-0.033858267,test,butina,1,0.41999154766,-0.16678459797000003,0.20968438689000007,-0.11304433623000003
CCC1=C(C)CN(C(=O)NCCc2ccc(S(=O)(=O)NC(=O)N[C@H]3CC[C@H](C)CC3)cc2)C1=O,-1.180456064,test,butina,1,1.4378401479499998,0.9723921543900004,0.9039355353200004,1.0085238722000003
O=S(=O)(c1cccc2c(O)nccc12)N1CCCNCC1,1.850223373,test,butina,1,1.0852261073900002,1.1481499116200005,1.1064218112400002,1.5764571441900004
COc1ccc(CNC(=O)c2sc3nc(C)cc(C)c3c2N)cc1,-0.356547324,test,butina,1,0.40919697396000015,0.5212518054799999,0.5026695629800002,0.38626119881
Cc1cnc(C(=O)NCCc2ccc(S(=O)(=O)NC(=O)NC3CCCCC3)cc2)cn1,0.01745073,test,butina,1,1.4723862632200002,0.6842731019000001,0.8082682190399997,1.2730871368199999
CC(O)(C#Cc1ccc2c(c1)N(c1nc(N)ncc1Cl)CC2)c1nccs1,-0.122628654,test,butina,1,0.7997533759700006,0.5403956249800002,0.6638987043400003,0.46910268897
C[C@@H]1Cc2ccccc2N1C(=O)Cn1nc(-c2cccc3ncccc23)oc1=O,0.224014811,test,butina,1,0.72267489692,0.7167323100100004,0.6894399652300004,0.8645260417100008
Nc1ncnc2c1c(-c1cnc3[nH]ccc3c1)nn2C1CCCC1,0.862608364,test,butina,1,1.4661111896700003,1.10932307997,0.8089737168200004,0.57791406086
CCCCNC(=O)NS(=O)(=O)c1ccc(C)cc1,0.439332694,test,butina,1,1.1582601153599998,1.0458076527400002,0.6660598258200002,1.6257795253900003
CCCNC(=O)NS(=O)(=O)c1ccc(Cl)cc1,0.969835093,test,butina,1,1.0084297461800005,1.0702620611300002,0.7072764036500004,1.4568772174000002
COc1cc2ncnc(Nc3cccc(O)c3)c2cc1OC,0.994317153,test,butina,1,0.38984418598000004,-0.03378848250999998,0.484883997,0.37850964436999995
Cc1cc(C)c2c(N)c(C(=O)NCc3ccc(Cl)cc3)sc2n1,-0.370590401,test,butina,1,0.97165091991,0.5518732755500001,0.4682871828100001,0.3598123964399999
COc1nc2sc(C(=O)NC3CC3)c(N)c2c(C)c1Cl,0.245512668,test,butina,1,1.0372913061000002,0.8605067551500004,0.8412327967000002,1.3692275146200004
CCn1cc(C(=O)O)c(=O)c2c(N)c(F)c(NC3CCCCC3)cc21,0.427486109,test,butina,1,0.8438917755299994,0.8146701081500002,0.4947766579400002,0.8812314152400004
CC#CC(=O)N1CCC[C@@H]1c1nc(-c2ccc(C(=O)Nc3ccccn3)cc2)c2c(N)nccn12,0.975868182,test,butina,1,1.0236004764900002,0.4365215269600002,0.88215273628,0.5849554032500002
CC(=O)NCCNc1cc(Cl)nn2c(-c3cccc(S(=O)(=O)N(C)C)c3)c(C)nc12,0.681693392,test,butina,1,0.6264258300600003,0.6705868750899999,0.5101277594500001,1.0634044705800008
Cc1c[nH]c(=O)n1-c1ccc(C(=O)Nc2ccc3ccccc3n2)cc1,0.639386869,test,butina,1,0.85000749377,0.6983306916900002,0.8794595316899998,0.7944477202600007
COc1ccc(OCC(=O)Nc2cccc(Cl)c2N2CCN(C(C)=O)CC2)cc1,0.700790221,test,butina,1,0.32797211143,0.35517117760999994,0.54800406546,0.34867591673999987
CC(=O)N1CCN(c2c(Cl)cccc2NC(=O)COc2ccccc2Cl)CC1,0.256958153,test,butina,1,0.7792967357200001,0.32631268853999984,0.37320348331,0.3539336933899999
CCC(=O)N1CCN(c2ccc(Cl)cc2NC(=O)COc2ccccc2)CC1,0.250420002,test,butina,1,0.12904970639000005,0.29175225997999993,0.38577723529,0.3484494194999998
CCCc1nc2nc(C)c(NS(=O)(=O)c3ccc(C4CCCCC4)cc3)c(O)n2n1,-0.218963061,test,butina,1,1.3534071783299992,0.72342035967,0.81338328831,0.266623244
Cc1cccc(/C=N/Nc2cc(N3CCOCC3)nc(OCCc3ccccn3)n2)c1,-0.548213564,test,butina,1,0.5827344911900001,0.27570523802999986,0.71145421796,0.60836923705
CC(C)[C@H](CO)Nc1nc(Nc2cc(N)cc(Cl)c2)c2ncn(C(C)C)c2n1,-0.061980903,test,butina,1,1.07177600668,0.8119579588200001,0.10330245636,0.14580671065
CCCS(=O)(=O)Nc1ccc(F)c(C(=O)c2c[nH]c3ncc(-c4ccc(Cl)cc4)cc23)c1F,-1.59345982,test,butina,1,0.7656922890700001,0.37714190372000017,0.5194496961300002,-0.16624134277999997
Cn1c(-c2n[nH]c3c2CCCC3)nnc1N1CCC2(CNC(=O)C2)C1,1.792986685,test,butina,1,0.7948327906800003,1.29142517073,1.1372589811100005,1.6167367141500006
CC(C)(C)c1ccc(C(O)CN2CCC(O)(c3ccc4c(c3)OCO4)CC2)cc1,0.779018972,test,butina,1,0.7610916546700001,0.42720199850999996,0.4795779124800002,0.45555432899999987
CNc1cc(Nc2cccn(-c3ccccn3)c2=O)nn2c(C(=O)N[C@@H]3C[C@@H]3F)cnc12,0.991226076,train,butina,2,,,,
CCOc1cc2nn(CCC(C)(C)O)cc2cc1NC(=O)c1cccc(C(F)F)n1,0.099680641,train,butina,2,,,,
CN(c1ncc(F)cn1)[C@H]1CCCNC1,2.0,train,butina,2,,,,
CC(C)(Oc1ccc(-c2cnc(N)c(-c3ccc(Cl)cc3)c2)cc1)C(=O)O,-1.158015195,train,butina,2,,,,
CC(C)(O)CCn1cc2cc(NC(=O)c3cccc(C(F)(F)F)n3)c(C(C)(C)O)cc2n1,1.015611205,train,butina,2,,,,
CC#CC(=O)N[C@H]1CCCN(c2c(F)cc(C(N)=O)c3[nH]c(C)c(C)c23)C1,0.163856803,train,butina,2,,,,
COc1ccc(Cl)cc1C(=O)NCCc1ccc(S(=O)(=O)NC(=O)NC2CCCCC2)cc1,-0.91721463,train,butina,2,,,,
C=CC(=O)N1CCC[C@@H](n2nc(-c3ccc(Oc4ccccc4)cc3)c3c(N)ncnc32)C1,0.62603,train,butina,2,,,,
CCS(=O)(=O)N1CC(CC#N)(n2cc(-c3ncnc4[nH]ccc34)cn2)C1,1.378597739,train,butina,2,,,,
COc1ccc(S(=O)(=O)N2CCC(N3CCC(C)CC3)CC2)cc1,1.729799023,train,butina,2,,,,
CCn1c(-c2nonc2N)nc2cnc(Oc3cccc(NC(=O)c4ccc(OCCN5CCOCC5)cc4)c3)cc21,-0.449771647,train,butina,2,,,,
Cc1c[nH]c2nccc(Oc3c(F)cc(Nc4cc(Cl)nc(N)n4)cc3F)c12,-1.22184875,train,butina,2,,,,
COc1cc2c(cc1OC)CC(=O)N(CCCN(C)C[C@H]1Cc3cc(OC)c(OC)cc31)CC2,1.730984039,train,butina,2,,,,
CCCc1cc(N2CCc3c(nc(C4CC4)n3C)C2)n2ncnc2n1,1.677187053,train,butina,2,,,,
Cn1cc(Nc2nccc(N3CC4CCC(C3)N4C(=O)[C@@H]3CC3(F)F)n2)cn1,1.642995934,train,butina,2,,,,
[2H]C([2H])([2H])NC(=O)c1nnc(NC(=O)C2CC2)cc1Nc1cccc(-c2ncn(C)n2)c1OC,1.186566481,train,butina,2,,,,
C=CC(=O)N1CCC(CNc2ncnc(N)c2-c2ccc(Oc3ccccc3)cc2)CC1,0.752995432,train,butina,2,,,,
Nc1n[nH]cc1-c1cc(Cl)ccc1Oc1cc(F)c(S(=O)(=O)Nc2cscn2)cc1Cl,-0.354577731,train,butina,2,,,,
Cc1c(-c2c(F)cc(C(N)=O)c3[nH]c4c(c23)CC[C@H](C(C)(C)O)C4)cccc1-n1c(=O)c2cccc(F)c2n(C)c1=O,0.436162647,train,butina,2,,,,
O=C(c1ccc(Oc2ccccc2)cc1Cl)c1c[nH]c2ncnc(N[C@@H]3CC[C@@H](CO)OC3)c12,-0.467245621,train,butina,2,,,,
N#CC[C@H](C1CCCC1)n1cc(-c2ncnc3[nH]ccc23)cn1,0.630986911,train,butina,2,,,,
CC#CC(=O)N1CC[C@@H](n2c(=O)n(-c3ccc(Oc4ccccc4)cc3)c3c(N)ncnc32)C1,0.935859798,train,butina,2,,,,
C=CC(=O)N1CCC([C@@H]2CCNc3c(C(N)=O)c(-c4ccc(Oc5ccccc5)cc4)nn32)CC1,0.968996327,train,butina,2,,,,
C=CC(=O)N1CCC[C@H](n2c(=O)n(-c3ccc(Oc4ccccc4)cc3)c3c(N)ncnc32)C1,0.983851719,train,butina,2,,,,
CC(C)(C=C(C#N)C(=O)N1CCC[C@@H](n2nc(-c3ccc(Oc4ccccc4)cc3F)c3c(N)ncnc32)C1)N1CCN(C2COC2)CC1,0.276231958,train,butina,2,,,,
CC#CC(=O)N1CC[C@@H](n2cc(-c3ccc(Oc4c(F)cccc4F)cc3)c3c(N)n[nH]c(=O)c32)C1,-0.073143291,train,butina,2,,,,
C[C@@H]1c2nnn(-c3ncc(F)cn3)c2CCN1C(=O)c1cccc(C(F)(F)F)c1Cl,0.969089603,train,butina,2,,,,
COc1ccccc1-c1cc(NC(=O)c2cccc(N3CCNC3=O)c2)[nH]n1,-0.397940009,train,butina,2,,,,
Nc1ncc(-c2cccc(C(F)(F)F)c2)c(C2CCCCN2C(=O)c2ccccc2)n1,-0.04431225,train,butina,2,,,,
O=C(Nc1cccc(-c2nncn2C2CC2)c1)c1cc(-n2cnc(C3CC3)c2)ccn1,0.262925469,train,butina,2,,,,
Cc1nccc(-c2cn(Cc3ccccc3)c3cnccc23)n1,1.122707254,train,butina,2,,,,
CCc1nc(C)cn2nc(-c3cc(=O)n4cc(C5CCN(C)CC5)cc(C)c4n3)cc12,0.868232868,train,butina,2,,,,
Cc1c(Cl)ccc2cc3n(c12)[C@@H](C)CNC3=O,0.328379603,train,butina,2,,,,
Nc1ncnc2c1c(-c1ccc(Oc3ccccc3)cc1)nn2[C@@H]1CCCNC1,0.956648579,train,butina,2,,,,
Cc1nnc(CN(C)CC(C)Oc2ccc(Cl)c(Cl)c2)n1C,0.926290987,train,butina,2,,,,
COc1cc(F)ccc1-c1ncnc(Nc2cccc(C[S@@](C)(=N)=O)c2)n1,1.594922663,train,butina,2,,,,
Cc1ncc(CN2CC[C@@H](Nc3cncc(Cl)n3)[C@@H](C)C2)s1,1.205461507,train,butina,2,,,,
Cc1ccc(C(=O)N2CCC(Cc3ccccc3-c3ccccc3)(C(=O)N(C)C)CC2)s1,-0.293282218,train,butina,2,,,,
CCc1nc2c(C)cc(N3CCN(CC(=O)N4CC(O)C4)CC3)cn2c1N(C)c1nc(-c2ccc(F)cc2)c(C#N)s1,-0.204728421,train,butina,2,,,,
CN(C)C(=O)C1(Cc2ccccc2-c2ccccc2)CCN(C(=O)C2CCCO2)CC1,0.902546779,train,butina,2,,,,
CC(=O)Nc1ccc(C(=O)N2CCCCC2c2nc(N)ncc2-c2ccc(Cl)cc2)cc1,0.596926814,train,butina,2,,,,
CC(=O)Nc1ccc(C(=O)N2CCCCC2c2nc(N)ncc2-c2cccc(Cl)c2)cc1,0.520483533,train,butina,2,,,,
O=C1CN(c2ccc(Nc3nccc(C(F)(F)F)n3)cn2)CCN1,1.543819805,train,butina,2,,,,
O=C1NCCN(C(=O)c2ccc3nccn3c2)C1c1ccccc1C(F)(F)F,1.851001366,train,butina,2,,,,
Cc1cc(F)ccc1C1C(=O)NCCN1C(=O)c1ccc2nccn2c1,1.78096503,train,butina,2,,,,
O=C1NCCN(C(=O)c2ccncc2)C1c1ccccc1Cl,1.876996793,train,butina,2,,,,
C[C@H]1CN(C(=O)CC(c2ccccc2)c2ccccc2)C[C@@H](C)O1,1.188253327,train,butina,2,,,,
CN1[C@H]2CC[C@@H]1C[C@@H](OC(c1ccccc1)c1ccccc1)C2,1.106122874,train,butina,2,,,,
CC(C)(C)C(=O)N1CCC(Cc2ccc(-c3cccs3)cc2)(C(=O)N2CCCC2)CC1,-0.1837587,train,butina,2,,,,
OC[C@H](Nc1cncc(-c2ccc3[nH]ncc3n2)c1)c1ccccc1,1.017826038,train,butina,2,,,,
Cc1ncsc1C(=O)N1CCCCC1c1nc(N(C)C)ncc1-c1cccc(Cl)c1,-0.083019953,train,butina,2,,,,
OCC1CCCCN1Cc1ccc(Cl)c(Cl)c1,1.390069186,train,butina,2,,,,
COc1ccccc1C(=O)Nc1ccc2cc[nH]c2c1,0.505149978,train,butina,2,,,,
COc1ccc([C@H]2CN(C(C)=O)[C@@H]3CCCN(Cc4cccc(F)c4)[C@H]23)cc1,0.595385981,train,butina,2,,,,
Cc1c(C(=O)NCCCN(C)C)sc2ncnc(Nc3ccc(F)cc3OC(C)C)c12,0.741821047,train,butina,2,,,,
OCC1CCCCN1Cc1ccc(-c2ccccc2)cc1,1.368007805,train,butina,2,,,,
Nc1ncc(C(=O)NC2CN(C(=O)C3CC3)C2)c2ccc(-c3cccc(F)c3)nc12,0.623352682,train,butina,2,,,,
CC1(C)CC(Oc2ccc(-c3ccc(-c4cn[nH]c4)cc3O)nn2)CC(C)(C)N1,1.199947058,train,butina,2,,,,
Cc1nnc(-c2ccc3occ(-c4ccc(S(C)=O)cc4)c3c2)o1,0.193402903,train,butina,2,,,,
Cc1ncsc1C(=O)N1CCCCC1c1nc(N)ncc1-c1cccc(C(F)(F)F)c1,0.615318657,train,butina,2,,,,
O=C(Nc1ccc2ccccc2n1)c1ccc(N2CCOC2=O)cc1,0.449015316,train,butina,2,,,,
O=C(CCNC(=O)c1ccc(OC(F)(F)F)cc1)N[C@@H]1CCCc2ccccc21,0.526080692,train,butina,2,,,,
O=S(=O)(c1cccc2cnccc12)N1CCCNCC1,1.892077899,train,butina,2,,,,
O=C(Nc1nc2cccc(-c3ccc(CN4CCS(=O)(=O)CC4)cc3)n2n1)C1CC1,1.681349797,train,butina,2,,,,
CCn1c(CO)nn(-c2cc(O[C@@H](C)C(F)(F)F)c(C(=O)Nc3c(F)cccc3Cl)cc2F)c1=O,0.975753389,train,butina,2,,,,
CCN(C/C=C\c1ccc(C2CCCCC2)c(Cl)c1)C1CCCCC1,-0.853871964,train,butina,2,,,,
NCCN1CCN(C/C=C/C(=O)N2CCC[C@@H](n3nc(-c4ccc(Oc5ccccc5)cc4)c4c(N)ncnc43)C2)CC1,0.699837726,train,butina,2,,,,
Cn1c(C2CC2)nc2c1CCN(c1ncnc3ccsc13)C2,1.237065953,train,butina,2,,,,
CC/C(=C(\c1ccccc1)c1ccc(OCCN(C)C)cc1)c1ccccc1,-0.580044252,train,butina,2,,,,
CNC(=O)C1(Cc2ccc(-c3ccncc3)cc2)CCN(Cc2cccc(F)c2)C1,1.10503305,train,butina,2,,,,
Cc1ncc(CN2CCC(Nc3ccc4nnnn4n3)C(C)C2)s1,1.652285029,train,butina,2,,,,
Cc1nc(Nc2nccs2)cc(C2CN(c3ncccn3)C2)n1,0.444669231,train,butina,2,,,,
COc1ccc(Nc2c(C#N)cnc3cc(OC)c(OC)cc23)cc1Cl,-0.033858267,train,butina,2,,,,
Cc1noc(C(C)C)c1C(=O)N1CC(C)OC(c2ccccc2)C1,1.180469962,train,butina,2,,,,
CN(Cc1ccccc1)C1(C(=O)N2CCNC(=O)CC2)Cc2ccccc2C1,0.904931827,train,butina,2,,,,
Cc1c(F)cccc1NC(=O)CN1[C@H]2CCCC(=O)N[C@@]2(C)C[C@H]1Cc1ccccc1,0.595275712,train,butina,2,,,,
CCC1=C(C)CN(C(=O)NCCc2ccc(S(=O)(=O)NC(=O)N[C@H]3CC[C@H](C)CC3)cc2)C1=O,-1.180456064,train,butina,2,,,,
O=S(=O)(c1cccc2c(O)nccc12)N1CCCNCC1,1.850223373,train,butina,2,,,,
Cc1ccc(NC(=O)CN2[C@H]3CCCC(=O)N[C@@]3(C)C[C@H]2Cc2ccccc2)cc1F,-0.137272472,train,butina,2,,,,
CN(C)C(=O)C1(Cc2ccccc2-c2cccc(F)c2)CCN(C(=O)C2CC=CCC2)CC1,-0.104025268,train,butina,2,,,,
COCC(=O)N1CCC(Cc2ccccc2-c2cccc(F)c2)(C(=O)NC(C)C)CC1,0.596597096,train,butina,2,,,,
COc1ccc(CNC(=O)c2sc3nc(C)cc(C)c3c2N)cc1,-0.356547324,train,butina,2,,,,
C#C[C@@](C)(CC)NC(=O)c1cc(F)cnc1NC1CC(F)(F)C1,0.671265433,train,butina,2,,,,
Cn1cc(Nc2nc(N)nc(-c3cccc(-n4ccc5cc(C6CC6)cc(F)c5c4=O)c3CO)n2)cn1,0.850401148,train,butina,2,,,,
Cc1cnc(C(=O)NCCc2ccc(S(=O)(=O)NC(=O)NC3CCCCC3)cc2)cn1,0.01745073,train,butina,2,,,,
CNC(=O)C1(Cc2ccc(-c3cccnc3)cc2)CCN(Cc2ccc(F)cc2)C1,1.021602716,train,butina,2,,,,
CNC(=O)C1(Cc2ccc(-c3cccnc3)cc2)CCN(Cc2cccc(F)c2)C1,0.829753919,train,butina,2,,,,
CC(=O)Nc1ncc(CN2CCCC[C@@H]2C)s1,2.0,train,butina,2,,,,
CC(O)(C#Cc1ccc2c(c1)N(c1nc(N)ncc1Cl)CC2)c1nccs1,-0.122628654,train,butina,2,,,,
COCCc1noc(CN2CC(c3ccccc3)(c3ccccc3)CCC2=O)n1,1.167051359,train,butina,2,,,,
Cc1[nH]nc2c1C1(CCCCC1)CC(=O)N2,1.323066376,train,butina,2,,,,
Cc1oc2ccccc2c1CNc1nnc(-c2ccncc2)o1,0.717254313,train,butina,2,,,,
C[C@@H]1Cc2ccccc2N1C(=O)Cn1nc(-c2cccc3ncccc23)oc1=O,0.224014811,train,butina,2,,,,
Nc1ncnc2c1c(-c1cnc3[nH]ccc3c1)nn2C1CCCC1,0.862608364,train,butina,2,,,,
O=C(Nc1cnccc1-c1ccc(Cl)cc1)c1ccnc(NC(=O)C2CC2)c1,0.369957607,train,butina,2,,,,
CC1CN(C(=O)c2cccnc2N2CCOCC2)CC(c2ccccc2)O1,1.573185017,train,butina,2,,,,
CCCCNC(=O)NS(=O)(=O)c1ccc(C)cc1,0.439332694,train,butina,2,,,,
Cc1cc(Nc2cnccn2)cc(C2CCCN(CC(=O)N3CCCC3)C2)n1,1.642246824,train,butina,2,,,,
Cc1cccnc1Nc1cccc(C2CCCN(CC(=O)Nc3nccs3)C2)n1,0.180699201,train,butina,2,,,,
CN(C)C(=O)C1(Cc2ccccc2-c2ccccc2)CCN(C(=O)c2cnn(C)c2)CC1,1.041353202,train,butina,2,,,,
CN1CCN(S(=O)(=O)c2ccc(-c3cnc(N)c(C(=O)Nc4cccnc4)n3)cc2)CC1,1.078638038,train,butina,2,,,,
Cc1cc(N2CCCC2c2cc(CCC(=O)O)cc(C)n2)ncn1,2.0,train,butina,2,,,,
CCCNC(=O)NS(=O)(=O)c1ccc(Cl)cc1,0.969835093,train,butina,2,,,,
O=C(CN1CCCC(c2cccc(Cc3cccc(F)c3)n2)C1)N1CCCC1,1.062130535,train,butina,2,,,,
COc1cc2ncnc(Nc3cccc(O)c3)c2cc1OC,0.994317153,train,butina,2,,,,
Cc1cc(C)c2c(N)c(C(=O)NCc3ccc(Cl)cc3)sc2n1,-0.370590401,train,butina,2,,,,
COCCNC(=O)c1ccnc(C2CCNCC2)c1,2.0,train,butina,2,,,,
COc1nc2sc(C(=O)NC3CC3)c(N)c2c(C)c1Cl,0.245512668,train,butina,2,,,,
CC1(CNC(=O)c2cncc(C3CCNCC3)n2)CCCO1,1.988550039,train,butina,2,,,,
Cc1cc(N2CCCC2)nc(C2CCCN(C)C2)n1,2.0,train,butina,2,,,,
CCn1cc(C(=O)O)c(=O)c2c(N)c(F)c(NC3CCCCC3)cc21,0.427486109,train,butina,2,,,,
C[C@H]1CN(C2COC2)CCN1c1ccc(Nc2cc(-c3ccnc(N4CCn5c(cc6c5CC(C)(C)C6)C4=O)c3CO)cn(C)c2=O)nc1,1.209139536,train,butina,2,,,,
C=CC(=O)N(C)CCOc1c(N)ncnc1-c1cc(F)cc(NC(=O)c2ccc(C3CC3)cc2F)c1C,0.838502776,train,butina,2,,,,
CC#CC(=O)N1CCC[C@@H]1c1nc(-c2ccc(C(=O)Nc3ccccn3)cc2)c2c(N)nccn12,0.975868182,train,butina,2,,,,
CC(=O)NCCNc1cc(Cl)nn2c(-c3cccc(S(=O)(=O)N(C)C)c3)c(C)nc12,0.681693392,train,butina,2,,,,
Cc1c[nH]c(=O)n1-c1ccc(C(=O)Nc2ccc3ccccc3n2)cc1,0.639386869,train,butina,2,,,,
COc1ccc(OCC(=O)Nc2cccc(Cl)c2N2CCN(C(C)=O)CC2)cc1,0.700790221,train,butina,2,,,,
c1ccc(-c2ccc(CN3CCCCCCC3)cc2)cc1,-0.614393726,train,butina,2,,,,
CC(=O)N1CCN(c2c(Cl)cccc2NC(=O)COc2ccccc2Cl)CC1,0.256958153,train,butina,2,,,,
CCC(=O)N1CCN(c2ccc(Cl)cc2NC(=O)COc2ccccc2)CC1,0.250420002,train,butina,2,,,,
Cc1ccc(Oc2ccc(Cl)cc2NC(=O)CN(C)CC(=O)N(C)C)cc1,-0.053056729,train,butina,2,,,,
CC1(C)Cc2cc(NC(=O)c3cnn4cccnc34)c(OCC3CC3)nc2O1,-0.199970641,train,butina,2,,,,
N#Cc1cc(F)c(NS(=O)(=O)c2c[nH]c3cc(Cl)ccc23)cc1F,-0.026872146,train,butina,2,,,,
COc1cc2c(cc1OC)CN(CCc1ccc(NC(=O)c3cccc4c(O)c5cccc(OC)c5nc34)cc1)CC2,-1.207608311,train,butina,2,,,,
CCCc1nc2nc(C)c(NS(=O)(=O)c3ccc(C4CCCCC4)cc3)c(O)n2n1,-0.218963061,train,butina,2,,,,
COc1ccc([C@H]2c3[nH]c4ccc(Cl)cc4c3CCN2C(=O)Oc2ccc(Cl)cc2)cc1,1.51293775,train,butina,2,,,,
NC(=O)C1(Cc2ccc(-c3ccncc3)cc2)CCN(C(=O)Cc2cccc(F)c2)CC1,1.006508828,train,butina,2,,,,
CC(=O)Nc1ccc(O)cc1,1.887859133,train,butina,2,,,,
O=C(NC1CCNCC1)c1ccc2[nH]ncc2c1,1.842696589,train,butina,2,,,,
Cc1cccc(/C=N/Nc2cc(N3CCOCC3)nc(OCCc3ccccn3)n2)c1,-0.548213564,train,butina,2,,,,
CCn1c(=O)oc2cc(NC(=O)c3ccc(C(C)(C)C)cc3)ccc21,0.21005085,train,butina,2,,,,
COc1ccc(OC[C@@H]2c3cc(OC)c(OC)cc3CCN2C(=O)c2cccc(Cl)c2)cc1,-0.116906641,train,butina,2,,,,
N#Cc1ccc(COc2cccc(C3CCN(Cc4nc5ccc(C(=O)O)cc5n4C[C@@H]4CCO4)CC3)n2)c(F)c1,0.402433346,train,butina,2,,,,
CC(C)[C@H](CO)Nc1nc(Nc2cc(N)cc(Cl)c2)c2ncn(C(C)C)c2n1,-0.061980903,train,butina,2,,,,
O=C(NC1CCNCC1)c1ccc2cn[nH]c2c1,2.0,train,butina,2,,,,
CC(C)(C)OC(=O)N1CCCC1C(=O)N1CCC(C(=O)N[C@@H](Cc2c[nH]c3ccccc23)C(=O)O)CC1,1.691832676,train,butina,2,,,,
O=C(Nc1cccc2c(=O)cc(-c3nnn[nH]3)oc12)c1ccc(OCCCCc2ccccc2)cc1,0.582744966,train,butina,2,,,,
CC(=O)Nc1ncc(C(=O)O)s1,1.81935965,train,butina,2,,,,
Cc1cccc(-c2nc(C34CCC(C(N)=O)(CC3)CC4)[nH]c2-c2ccc3c(c2)OCO3)n1,1.02011257,train,butina,2,,,,
COc1cc2nc(-c3cc(F)ccc3O)nc(N[C@@H]3CNC[C@H]3C(C)(C)O)c2cc1OC.Cl,-1.119186408,train,butina,2,,,,
CC(C)[C@@](C)(O)[C@@H]1CN(c2nc(-c3n[nH]c4ncccc34)c(F)cc2Cl)CCN1,1.302460808,train,butina,2,,,,
Cc1cn2nc(-c3cc(=O)n4cc(N5CCNC6(CC6)C5)ccc4n3)cc(C)c2n1,0.985246791,train,butina,2,,,,
CCCS(=O)(=O)Nc1ccc(F)c(C(=O)c2c[nH]c3ncc(-c4ccc(Cl)cc4)cc23)c1F,-1.59345982,train,butina,2,,,,
CN(C(=O)c1cc(N2CCNC2=O)ccc1F)C1CCNC1,1.885728632,train,butina,2,,,,
O=C(Nc1cccc(N2CCNC2=O)c1)C1NCC12CCCC2,1.718202645,train,butina,2,,,,
NCC1CCCC1NC(=O)c1cc(N2CCNC2=O)ccc1F,1.87495702,train,butina,2,,,,
Cn1c(-c2n[nH]c3c2CCCC3)nnc1N1CCC2(CNC(=O)C2)C1,1.792986685,train,butina,2,,,,
O=C(NCCc1ccccc1)c1ccc(NC(=O)N2CCCCc3ccccc32)cc1,0.075911761,train,butina,2,,,,
CC(C)(C)c1ccc(C(O)CN2CCC(O)(c3ccc4c(c3)OCO4)CC2)cc1,0.779018972,train,butina,2,,,,
NC[C@H]1CC[C@@H](C(=O)Nc2ccc3[nH]ncc3c2)O1,1.981999714,train,butina,2,,,,
CN(C(=O)c1cc(N2CCNC2=O)ccc1F)C1CCC(N)CC1,1.828717885,train,butina,2,,,,
NC1CCCC1C(=O)N1CCC(c2c[nH]c3ncccc23)CC1,1.71701274,train,butina,2,,,,
NC1CCCC(C(=O)Nc2ccc3[nH]ncc3c2)C1,2.0,train,butina,2,,,,
NC1CC(NC(=O)c2ccc(-c3cn[nH]c3)cn2)C12CCC2,1.709702344,train,butina,2,,,,
NC1CCC(C(=O)N2CCC(c3c[nH]c4ncccc34)CC2)C1,1.917395215,train,butina,2,,,,
NC1CCCC(C(=O)N2CCC(c3c[nH]c4ncccc34)CC2)C1,1.752816431,train,butina,2,,,,
O=C(NC12CCCC1NCC2)c1ccc(-c2cn[nH]c2)cc1,2.0,train,butina,2,,,,
Cc1nc2cc(C(=O)NC34CCCC3NCC4)ccc2c(=O)[nH]1,1.866494097,train,butina,2,,,,
CNc1nc(C)cc(C(=O)Nc2ccc3[nH]ncc3c2)n1,1.493625323,train,butina,2,,,,
O=C(Nc1ccc(CN2CCCCC2)cc1)c1ccnc2[nH]cnc12,1.767526899,train,butina,2,,,,
NC(=O)c1cnc(N2CCc3[nH]nc(C(F)(F)F)c3C2)c(Cl)c1,0.986009932,train,butina,2,,,,
NC1CCCC(C(=O)Nc2cccc(N3CCNC3=O)c2)C1,1.763113391,train,butina,2,,,,
CC1CC(N)CCN1C(=O)c1cc(N2CCNC2=O)c(F)cc1F,1.833504094,train,butina,2,,,,
CC(C)NC(=O)COc1cccc(-c2nc(Nc3ccc4[nH]ncc4c3)c3ccccc3n2)c1,-1.384078213,test,butina,2,0.8882435605200005,0.2593324135699998,0.3742967245800001,0.18428463525000002
Fc1ccc(-c2ccc3c(c2)[nH]c2ccncc23)cn1,0.653405491,test,butina,2,1.1230122163499998,0.8853466778800001,0.7620520845500001,0.55148501378
Nc1c(F)ccc2cnc(-n3ccc4ccncc43)cc12,0.713910354,test,butina,2,0.8944363675599996,0.7165486193099998,0.6420341181900001,0.6722870537899999
C=CC(=O)N1C[C@H](Nc2ncnc3[nH]ccc23)CC[C@@H]1C,1.828227965,test,butina,2,1.23914803658,1.4586174659500006,0.84321936631,1.8002661655300012
Cn1cc(-c2cn3nccc3c(-c3cnn([C@]4(CC#N)C[C@@H](C#N)C4)c3)n2)cn1,1.559583476,test,butina,2,0.9798031817199999,0.8412872420799999,0.5992797289,1.2849588973699997
CC(C)(C)c1ccc(-c2nc3n(c(=O)c2C#N)CCS3)cc1,0.731266349,test,butina,2,0.6100044644400001,0.79244857397,0.4439263249200001,0.3847996769900003
C=CC(=O)Nc1cccc(Oc2nc(Nc3ccc(N4CCN(C)CC4)cc3)nc3ccsc23)c1,-0.049635146,test,butina,2,0.61822738651,0.39385388360000007,0.38207914482000005,-0.16702343055000005
C=CC(=O)Nc1cccc(Oc2nc(Nc3ccc(N4CCN(C)CC4)c(F)c3)nc3[nH]ccc23)c1,0.039414119,test,butina,2,0.9059919583000002,0.31939361032999997,0.5700939946100003,0.08045579990999997
Fc1ccccc1-c1c[nH]nc1C1CCCN1Cc1ccc2ncccc2c1,0.545801757,test,butina,2,0.6265268946000002,0.70448416461,0.7982279501199998,-0.017256519769999965
COc1nn(C)cc1C(=O)Nc1cccc(-c2cnc3n2CCC3)c1,0.866877814,test,butina,2,1.0216428975500005,0.9250269785300003,0.9003781614900005,1.1950042891400008
C[C@@H]1CCN(C(=O)CC#N)C[C@@H]1N(C)c1ncnc2[nH]ccc12,1.991815076,test,butina,2,1.1028482084399995,1.1108319734299998,0.9080650884200001,1.7067566890300012
CC(=O)N1CCN(c2nc(C(F)(F)F)nc3sc(C)c(C)c23)CC1,0.13481437,test,butina,2,0.8478336209800004,1.1954998994400003,0.45192757849000026,0.45389802274
c1ccc(Oc2cccc(CN(CCN3CCOCC3)Cc3cccnc3)c2)cc1,-0.222573178,test,butina,2,0.78016818624,0.29322257857999984,0.5029636424199997,0.6767910474099997
C=CC(=O)Nc1cccc(Oc2nc(Nc3ccc(N4CCN(C)CC4)cc3)nc3ccoc23)c1,0.146128036,test,butina,2,0.7178659192900004,0.4828743669100002,0.5007826372299999,0.17827288340999992
CCN1CCN(S(=O)(=O)Cc2ccc(Cl)c(Cl)c2)CC1,1.249124949,test,butina,2,0.8244845025499999,1.3945348264700008,0.7100541883300001,1.4247701165300004
COc1nn(C)cc1C(=O)Nc1cccc2cnccc12,1.504729052,test,butina,2,0.7128724675300003,1.0025304734500005,1.089056880430001,1.4269090722600009
COc1ccc(CCCN2CCN(c3cnn(C)c3)C(=O)C2)cc1F,1.343408594,test,butina,2,0.8751971558899995,1.32295991357,0.8318364516400003,1.4420857593600005
O=C1CCCC[C@@H]2[C@H](C[C@@H](Cc3ccccc3F)N2C(=O)c2cccc3ncccc23)N1,1.277998644,test,butina,2,1.1072266590000004,0.43401848362,0.9604531319699998,0.5744870429000004
CCOc1cc(CC(=O)N[C@@H](CC(C)C)c2ccccc2N2CCCCC2)ccc1C(=O)O,0.106870544,test,butina,2,0.2493433626,0.37513981486,0.59407321619,-0.039260524449999994
O=C(Nc1cccc2ncccc12)[C@H]1CCCN(S(=O)(=O)c2ccccc2)C1,1.222560409,test,butina,2,1.1150786980999998,0.38281211123000014,0.7509688933700001,0.12429999247000004
CN1C(N)=N[C@](C)(c2cc(NC(=O)c3ccc(F)cn3)ccc2F)CS1(=O)=O,1.560468571,test,butina,2,0.8839857724999998,0.7554072485200003,0.7089811815299999,1.15478142978
CC1(C)CC(=O)C2=C(C1)NC(=O)CC2c1ccc(Br)cc1,1.159236233,test,butina,2,1.4051870166300011,0.6333619998500001,0.7939741567999999,0.5805140232300002
CNC(=O)C1(Cc2ccc(-c3cccnc3)cc2)CCN(Cc2ccccc2Cl)C1,0.387567779,test,butina,2,0.9285530978200004,0.6006552819699998,0.7799795614899998,0.52054591355
O=C1NCCSc2c1sc1ccc(O)cc21,0.891593204,test,butina,2,1.5837262858100007,1.3734916465600002,0.6849302046400001,1.255175074180001
C=CC(=O)Nc1cccc(Nc2nc(Nc3ccc(Oc4ccnc(C(=O)NC)c4)cc3)ncc2F)c1,-0.403402904,test,butina,2,0.8648061845299998,0.4380090609799999,0.51165310365,-0.1603248970199999
CNC(=O)c1cccc(NC(=O)N2CCC(Oc3ccccc3Cl)CC2)c1,1.068760828,test,butina,2,0.4770763822499999,0.4909191596100002,0.6838411260300004,0.3101398993699998
Cc1nnc(-c2ccc(N3CCC(Oc4cc(F)ccc4Cl)CC3)nn2)o1,0.161068385,test,butina,2,0.7879959070499999,0.54217517844,0.6916289749000002,0.59606184797
Cc1ccc(OCC2(O)CCN(CC3(O)CCN(c4ccccc4C)CC3)CC2)cc1,-0.040481623,test,butina,2,0.5589911156599999,0.5124100629300001,0.6014494754100003,0.8356090864900004
Cc1nnc(-c2ccc(N3CCC(Oc4ccccc4C(F)(F)F)CC3)nn2)s1,-0.906578315,test,butina,2,1.11632191674,0.7252534782199999,0.4212124888999999,0.4676927299300002
CCc1c[nH]c2ncnc(N3CCC(CN4CCN(C)CC4)CC3)c12,1.728012707,test,butina,2,1.0382515213999999,1.2286411783400002,1.1358531414000002,1.5953287492500001
c1sc(NCC2CCCO2)nc1C12CC3CC(CC(C3)C1)C2,-1.096910013,test,butina,2,1.1607440546000003,1.2693204129300002,0.8405947943200001,0.7459696431000001
CNc1cc(Nc2cccn(-c3ccccn3)c2=O)nn2c(C(=O)N[C@@H]3C[C@@H]3F)cnc12,0.991226076,train,butina,3,,,,
CCOc1cc2nn(CCC(C)(C)O)cc2cc1NC(=O)c1cccc(C(F)F)n1,0.099680641,train,butina,3,,,,
CN(c1ncc(F)cn1)[C@H]1CCCNC1,2.0,train,butina,3,,,,
CC(C)(Oc1ccc(-c2cnc(N)c(-c3ccc(Cl)cc3)c2)cc1)C(=O)O,-1.158015195,train,butina,3,,,,
CC(C)(O)CCn1cc2cc(NC(=O)c3cccc(C(F)(F)F)n3)c(C(C)(C)O)cc2n1,1.015611205,train,butina,3,,,,
COc1ccc(Cl)cc1C(=O)NCCc1ccc(S(=O)(=O)NC(=O)NC2CCCCC2)cc1,-0.91721463,train,butina,3,,,,
C=CC(=O)N1CCC[C@@H](n2nc(-c3ccc(Oc4ccccc4)cc3)c3c(N)ncnc32)C1,0.62603,train,butina,3,,,,
CC(C)NC(=O)COc1cccc(-c2nc(Nc3ccc4[nH]ncc4c3)c3ccccc3n2)c1,-1.384078213,train,butina,3,,,,
CCS(=O)(=O)N1CC(CC#N)(n2cc(-c3ncnc4[nH]ccc34)cn2)C1,1.378597739,train,butina,3,,,,
CCn1c(-c2nonc2N)nc2cnc(Oc3cccc(NC(=O)c4ccc(OCCN5CCOCC5)cc4)c3)cc21,-0.449771647,train,butina,3,,,,
Cc1c[nH]c2nccc(Oc3c(F)cc(Nc4cc(Cl)nc(N)n4)cc3F)c12,-1.22184875,train,butina,3,,,,
COc1cc2c(cc1OC)CC(=O)N(CCCN(C)C[C@H]1Cc3cc(OC)c(OC)cc31)CC2,1.730984039,train,butina,3,,,,
Fc1ccc(-c2ccc3c(c2)[nH]c2ccncc23)cn1,0.653405491,train,butina,3,,,,
Nc1c(F)ccc2cnc(-n3ccc4ccncc43)cc12,0.713910354,train,butina,3,,,,
C=CC(=O)N1C[C@H](Nc2ncnc3[nH]ccc23)CC[C@@H]1C,1.828227965,train,butina,3,,,,
Cn1cc(Nc2nccc(N3CC4CCC(C3)N4C(=O)[C@@H]3CC3(F)F)n2)cn1,1.642995934,train,butina,3,,,,
C=CC(=O)N1CCC(CNc2ncnc(N)c2-c2ccc(Oc3ccccc3)cc2)CC1,0.752995432,train,butina,3,,,,
Nc1n[nH]cc1-c1cc(Cl)ccc1Oc1cc(F)c(S(=O)(=O)Nc2cscn2)cc1Cl,-0.354577731,train,butina,3,,,,
Cc1c(-c2c(F)cc(C(N)=O)c3[nH]c4c(c23)CC[C@H](C(C)(C)O)C4)cccc1-n1c(=O)c2cccc(F)c2n(C)c1=O,0.436162647,train,butina,3,,,,
Cn1cc(-c2cn3nccc3c(-c3cnn([C@]4(CC#N)C[C@@H](C#N)C4)c3)n2)cn1,1.559583476,train,butina,3,,,,
O=C(c1ccc(Oc2ccccc2)cc1Cl)c1c[nH]c2ncnc(N[C@@H]3CC[C@@H](CO)OC3)c12,-0.467245621,train,butina,3,,,,
N#CC[C@H](C1CCCC1)n1cc(-c2ncnc3[nH]ccc23)cn1,0.630986911,train,butina,3,,,,
CC(C)(C)c1ccc(-c2nc3n(c(=O)c2C#N)CCS3)cc1,0.731266349,train,butina,3,,,,
C=CC(=O)Nc1cccc(Oc2nc(Nc3ccc(N4CCN(C)CC4)cc3)nc3ccsc23)c1,-0.049635146,train,butina,3,,,,
CC#CC(=O)N1CC[C@@H](n2c(=O)n(-c3ccc(Oc4ccccc4)cc3)c3c(N)ncnc32)C1,0.935859798,train,butina,3,,,,
C=CC(=O)N1CCC([C@@H]2CCNc3c(C(N)=O)c(-c4ccc(Oc5ccccc5)cc4)nn32)CC1,0.968996327,train,butina,3,,,,
C=CC(=O)N1CCC[C@H](n2c(=O)n(-c3ccc(Oc4ccccc4)cc3)c3c(N)ncnc32)C1,0.983851719,train,butina,3,,,,
CC(C)(C=C(C#N)C(=O)N1CCC[C@@H](n2nc(-c3ccc(Oc4ccccc4)cc3F)c3c(N)ncnc32)C1)N1CCN(C2COC2)CC1,0.276231958,train,butina,3,,,,
CC#CC(=O)N1CC[C@@H](n2cc(-c3ccc(Oc4c(F)cccc4F)cc3)c3c(N)n[nH]c(=O)c32)C1,-0.073143291,train,butina,3,,,,
C=CC(=O)Nc1cccc(Oc2nc(Nc3ccc(N4CCN(C)CC4)c(F)c3)nc3[nH]ccc23)c1,0.039414119,train,butina,3,,,,
C[C@@H]1c2nnn(-c3ncc(F)cn3)c2CCN1C(=O)c1cccc(C(F)(F)F)c1Cl,0.969089603,train,butina,3,,,,
Nc1ncc(-c2cccc(C(F)(F)F)c2)c(C2CCCCN2C(=O)c2ccccc2)n1,-0.04431225,train,butina,3,,,,
O=C(Nc1cccc(-c2nncn2C2CC2)c1)c1cc(-n2cnc(C3CC3)c2)ccn1,0.262925469,train,butina,3,,,,
Fc1ccccc1-c1c[nH]nc1C1CCCN1Cc1ccc2ncccc2c1,0.545801757,train,butina,3,,,,
Cc1nccc(-c2cn(Cc3ccccc3)c3cnccc23)n1,1.122707254,train,butina,3,,,,
Cc1c(Cl)ccc2cc3n(c12)[C@@H](C)CNC3=O,0.328379603,train,butina,3,,,,
Nc1ncnc2c1c(-c1ccc(Oc3ccccc3)cc1)nn2[C@@H]1CCCNC1,0.956648579,train,butina,3,,,,
Cc1nnc(CN(C)CC(C)Oc2ccc(Cl)c(Cl)c2)n1C,0.926290987,train,butina,3,,,,
COc1nn(C)cc1C(=O)Nc1cccc(-c2cnc3n2CCC3)c1,0.866877814,train,butina,3,,,,
COc1cc(F)ccc1-c1ncnc(Nc2cccc(C[S@@](C)(=N)=O)c2)n1,1.594922663,train,butina,3,,,,
Cc1ncc(CN2CC[C@@H](Nc3cncc(Cl)n3)[C@@H](C)C2)s1,1.205461507,train,butina,3,,,,
Cc1ccc(C(=O)N2CCC(Cc3ccccc3-c3ccccc3)(C(=O)N(C)C)CC2)s1,-0.293282218,train,butina,3,,,,
C[C@@H]1CCN(C(=O)CC#N)C[C@@H]1N(C)c1ncnc2[nH]ccc12,1.991815076,train,butina,3,,,,
CN(C)C(=O)C1(Cc2ccccc2-c2ccccc2)CCN(C(=O)C2CCCO2)CC1,0.902546779,train,butina,3,,,,
CC(=O)Nc1ccc(C(=O)N2CCCCC2c2nc(N)ncc2-c2ccc(Cl)cc2)cc1,0.596926814,train,butina,3,,,,
CC(=O)Nc1ccc(C(=O)N2CCCCC2c2nc(N)ncc2-c2cccc(Cl)c2)cc1,0.520483533,train,butina,3,,,,
O=C1CN(c2ccc(Nc3nccc(C(F)(F)F)n3)cn2)CCN1,1.543819805,train,butina,3,,,,
O=C1NCCN(C(=O)c2ccc3nccn3c2)C1c1ccccc1C(F)(F)F,1.851001366,train,butina,3,,,,
Cc1cc(F)ccc1C1C(=O)NCCN1C(=O)c1ccc2nccn2c1,1.78096503,train,butina,3,,,,
O=C1NCCN(C(=O)c2ccncc2)C1c1ccccc1Cl,1.876996793,train,butina,3,,,,
CC(C)(C)C(=O)N1CCC(Cc2ccc(-c3cccs3)cc2)(C(=O)N2CCCC2)CC1,-0.1837587,train,butina,3,,,,
Cc1ncsc1C(=O)N1CCCCC1c1nc(N(C)C)ncc1-c1cccc(Cl)c1,-0.083019953,train,butina,3,,,,
OCC1CCCCN1Cc1ccc(Cl)c(Cl)c1,1.390069186,train,butina,3,,,,
CC(=O)N1CCN(c2nc(C(F)(F)F)nc3sc(C)c(C)c23)CC1,0.13481437,train,butina,3,,,,
c1ccc(Oc2cccc(CN(CCN3CCOCC3)Cc3cccnc3)c2)cc1,-0.222573178,train,butina,3,,,,
COc1ccc([C@H]2CN(C(C)=O)[C@@H]3CCCN(Cc4cccc(F)c4)[C@H]23)cc1,0.595385981,train,butina,3,,,,
Cc1c(C(=O)NCCCN(C)C)sc2ncnc(Nc3ccc(F)cc3OC(C)C)c12,0.741821047,train,butina,3,,,,
OCC1CCCCN1Cc1ccc(-c2ccccc2)cc1,1.368007805,train,butina,3,,,,
Nc1ncc(C(=O)NC2CN(C(=O)C3CC3)C2)c2ccc(-c3cccc(F)c3)nc12,0.623352682,train,butina,3,,,,
CC1(C)CC(Oc2ccc(-c3ccc(-c4cn[nH]c4)cc3O)nn2)CC(C)(C)N1,1.199947058,train,butina,3,,,,
Cc1nnc(-c2ccc3occ(-c4ccc(S(C)=O)cc4)c3c2)o1,0.193402903,train,butina,3,,,,
Cc1ncsc1C(=O)N1CCCCC1c1nc(N)ncc1-c1cccc(C(F)(F)F)c1,0.615318657,train,butina,3,,,,
O=C(Nc1ccc2ccccc2n1)c1ccc(N2CCOC2=O)cc1,0.449015316,train,butina,3,,,,
O=S(=O)(c1cccc2cnccc12)N1CCCNCC1,1.892077899,train,butina,3,,,,
C=CC(=O)Nc1cccc(Oc2nc(Nc3ccc(N4CCN(C)CC4)cc3)nc3ccoc23)c1,0.146128036,train,butina,3,,,,
CCN1CCN(S(=O)(=O)Cc2ccc(Cl)c(Cl)c2)CC1,1.249124949,train,butina,3,,,,
CCn1c(CO)nn(-c2cc(O[C@@H](C)C(F)(F)F)c(C(=O)Nc3c(F)cccc3Cl)cc2F)c1=O,0.975753389,train,butina,3,,,,
CCN(C/C=C\c1ccc(C2CCCCC2)c(Cl)c1)C1CCCCC1,-0.853871964,train,butina,3,,,,
NCCN1CCN(C/C=C/C(=O)N2CCC[C@@H](n3nc(-c4ccc(Oc5ccccc5)cc4)c4c(N)ncnc43)C2)CC1,0.699837726,train,butina,3,,,,
CC/C(=C(\c1ccccc1)c1ccc(OCCN(C)C)cc1)c1ccccc1,-0.580044252,train,butina,3,,,,
COc1nn(C)cc1C(=O)Nc1cccc2cnccc12,1.504729052,train,butina,3,,,,
CNC(=O)C1(Cc2ccc(-c3ccncc3)cc2)CCN(Cc2cccc(F)c2)C1,1.10503305,train,butina,3,,,,
Cc1ncc(CN2CCC(Nc3ccc4nnnn4n3)C(C)C2)s1,1.652285029,train,butina,3,,,,
Cc1nc(Nc2nccs2)cc(C2CN(c3ncccn3)C2)n1,0.444669231,train,butina,3,,,,
COc1ccc(Nc2c(C#N)cnc3cc(OC)c(OC)cc23)cc1Cl,-0.033858267,train,butina,3,,,,
COc1ccc(CCCN2CCN(c3cnn(C)c3)C(=O)C2)cc1F,1.343408594,train,butina,3,,,,
CN(Cc1ccccc1)C1(C(=O)N2CCNC(=O)CC2)Cc2ccccc2C1,0.904931827,train,butina,3,,,,
Cc1c(F)cccc1NC(=O)CN1[C@H]2CCCC(=O)N[C@@]2(C)C[C@H]1Cc1ccccc1,0.595275712,train,butina,3,,,,
CCC1=C(C)CN(C(=O)NCCc2ccc(S(=O)(=O)NC(=O)N[C@H]3CC[C@H](C)CC3)cc2)C1=O,-1.180456064,train,butina,3,,,,
O=S(=O)(c1cccc2c(O)nccc12)N1CCCNCC1,1.850223373,train,butina,3,,,,
Cc1ccc(NC(=O)CN2[C@H]3CCCC(=O)N[C@@]3(C)C[C@H]2Cc2ccccc2)cc1F,-0.137272472,train,butina,3,,,,
CN(C)C(=O)C1(Cc2ccccc2-c2cccc(F)c2)CCN(C(=O)C2CC=CCC2)CC1,-0.104025268,train,butina,3,,,,
COCC(=O)N1CCC(Cc2ccccc2-c2cccc(F)c2)(C(=O)NC(C)C)CC1,0.596597096,train,butina,3,,,,
COc1ccc(CNC(=O)c2sc3nc(C)cc(C)c3c2N)cc1,-0.356547324,train,butina,3,,,,
C#C[C@@](C)(CC)NC(=O)c1cc(F)cnc1NC1CC(F)(F)C1,0.671265433,train,butina,3,,,,
Cc1cnc(C(=O)NCCc2ccc(S(=O)(=O)NC(=O)NC3CCCCC3)cc2)cn1,0.01745073,train,butina,3,,,,
CNC(=O)C1(Cc2ccc(-c3cccnc3)cc2)CCN(Cc2ccc(F)cc2)C1,1.021602716,train,butina,3,,,,
CNC(=O)C1(Cc2ccc(-c3cccnc3)cc2)CCN(Cc2cccc(F)c2)C1,0.829753919,train,butina,3,,,,
CC(=O)Nc1ncc(CN2CCCC[C@@H]2C)s1,2.0,train,butina,3,,,,
O=C1CCCC[C@@H]2[C@H](C[C@@H](Cc3ccccc3F)N2C(=O)c2cccc3ncccc23)N1,1.277998644,train,butina,3,,,,
CCOc1cc(CC(=O)N[C@@H](CC(C)C)c2ccccc2N2CCCCC2)ccc1C(=O)O,0.106870544,train,butina,3,,,,
CC(O)(C#Cc1ccc2c(c1)N(c1nc(N)ncc1Cl)CC2)c1nccs1,-0.122628654,train,butina,3,,,,
Cc1oc2ccccc2c1CNc1nnc(-c2ccncc2)o1,0.717254313,train,butina,3,,,,
O=C(Nc1cccc2ncccc12)[C@H]1CCCN(S(=O)(=O)c2ccccc2)C1,1.222560409,train,butina,3,,,,
C[C@@H]1Cc2ccccc2N1C(=O)Cn1nc(-c2cccc3ncccc23)oc1=O,0.224014811,train,butina,3,,,,
Nc1ncnc2c1c(-c1cnc3[nH]ccc3c1)nn2C1CCCC1,0.862608364,train,butina,3,,,,
O=C(Nc1cnccc1-c1ccc(Cl)cc1)c1ccnc(NC(=O)C2CC2)c1,0.369957607,train,butina,3,,,,
CN1C(N)=N[C@](C)(c2cc(NC(=O)c3ccc(F)cn3)ccc2F)CS1(=O)=O,1.560468571,train,butina,3,,,,
CCCCNC(=O)NS(=O)(=O)c1ccc(C)cc1,0.439332694,train,butina,3,,,,
Cc1cc(Nc2cnccn2)cc(C2CCCN(CC(=O)N3CCCC3)C2)n1,1.642246824,train,butina,3,,,,
Cc1cccnc1Nc1cccc(C2CCCN(CC(=O)Nc3nccs3)C2)n1,0.180699201,train,butina,3,,,,
CN(C)C(=O)C1(Cc2ccccc2-c2ccccc2)CCN(C(=O)c2cnn(C)c2)CC1,1.041353202,train,butina,3,,,,
CC1(C)CC(=O)C2=C(C1)NC(=O)CC2c1ccc(Br)cc1,1.159236233,train,butina,3,,,,
CNC(=O)C1(Cc2ccc(-c3cccnc3)cc2)CCN(Cc2ccccc2Cl)C1,0.387567779,train,butina,3,,,,
Cc1cc(N2CCCC2c2cc(CCC(=O)O)cc(C)n2)ncn1,2.0,train,butina,3,,,,
CCCNC(=O)NS(=O)(=O)c1ccc(Cl)cc1,0.969835093,train,butina,3,,,,
COc1cc2ncnc(Nc3cccc(O)c3)c2cc1OC,0.994317153,train,butina,3,,,,
Cc1cc(C)c2c(N)c(C(=O)NCc3ccc(Cl)cc3)sc2n1,-0.370590401,train,butina,3,,,,
COc1nc2sc(C(=O)NC3CC3)c(N)c2c(C)c1Cl,0.245512668,train,butina,3,,,,
Cc1cc(N2CCCC2)nc(C2CCCN(C)C2)n1,2.0,train,butina,3,,,,
O=C1NCCSc2c1sc1ccc(O)cc21,0.891593204,train,butina,3,,,,
CCn1cc(C(=O)O)c(=O)c2c(N)c(F)c(NC3CCCCC3)cc21,0.427486109,train,butina,3,,,,
C=CC(=O)Nc1cccc(Nc2nc(Nc3ccc(Oc4ccnc(C(=O)NC)c4)cc3)ncc2F)c1,-0.403402904,train,butina,3,,,,
CC#CC(=O)N1CCC[C@@H]1c1nc(-c2ccc(C(=O)Nc3ccccn3)cc2)c2c(N)nccn12,0.975868182,train,butina,3,,,,
CC(=O)NCCNc1cc(Cl)nn2c(-c3cccc(S(=O)(=O)N(C)C)c3)c(C)nc12,0.681693392,train,butina,3,,,,
Cc1c[nH]c(=O)n1-c1ccc(C(=O)Nc2ccc3ccccc3n2)cc1,0.639386869,train,butina,3,,,,
CNC(=O)c1cccc(NC(=O)N2CCC(Oc3ccccc3Cl)CC2)c1,1.068760828,train,butina,3,,,,
COc1ccc(OCC(=O)Nc2cccc(Cl)c2N2CCN(C(C)=O)CC2)cc1,0.700790221,train,butina,3,,,,
c1ccc(-c2ccc(CN3CCCCCCC3)cc2)cc1,-0.614393726,train,butina,3,,,,
CC(=O)N1CCN(c2c(Cl)cccc2NC(=O)COc2ccccc2Cl)CC1,0.256958153,train,butina,3,,,,
CCC(=O)N1CCN(c2ccc(Cl)cc2NC(=O)COc2ccccc2)CC1,0.250420002,train,butina,3,,,,
N#Cc1cc(F)c(NS(=O)(=O)c2c[nH]c3cc(Cl)ccc23)cc1F,-0.026872146,train,butina,3,,,,
CCCc1nc2nc(C)c(NS(=O)(=O)c3ccc(C4CCCCC4)cc3)c(O)n2n1,-0.218963061,train,butina,3,,,,
COc1ccc([C@H]2c3[nH]c4ccc(Cl)cc4c3CCN2C(=O)Oc2ccc(Cl)cc2)cc1,1.51293775,train,butina,3,,,,
NC(=O)C1(Cc2ccc(-c3ccncc3)cc2)CCN(C(=O)Cc2cccc(F)c2)CC1,1.006508828,train,butina,3,,,,
CC(=O)Nc1ccc(O)cc1,1.887859133,train,butina,3,,,,
Cc1cccc(/C=N/Nc2cc(N3CCOCC3)nc(OCCc3ccccn3)n2)c1,-0.548213564,train,butina,3,,,,
CCn1c(=O)oc2cc(NC(=O)c3ccc(C(C)(C)C)cc3)ccc21,0.21005085,train,butina,3,,,,
COc1ccc(OC[C@@H]2c3cc(OC)c(OC)cc3CCN2C(=O)c2cccc(Cl)c2)cc1,-0.116906641,train,butina,3,,,,
N#Cc1ccc(COc2cccc(C3CCN(Cc4nc5ccc(C(=O)O)cc5n4C[C@@H]4CCO4)CC3)n2)c(F)c1,0.402433346,train,butina,3,,,,
CC(C)[C@H](CO)Nc1nc(Nc2cc(N)cc(Cl)c2)c2ncn(C(C)C)c2n1,-0.061980903,train,butina,3,,,,
CC(C)(C)OC(=O)N1CCCC1C(=O)N1CCC(C(=O)N[C@@H](Cc2c[nH]c3ccccc23)C(=O)O)CC1,1.691832676,train,butina,3,,,,
O=C(Nc1cccc2c(=O)cc(-c3nnn[nH]3)oc12)c1ccc(OCCCCc2ccccc2)cc1,0.582744966,train,butina,3,,,,
CC(=O)Nc1ncc(C(=O)O)s1,1.81935965,train,butina,3,,,,
Cc1cccc(-c2nc(C34CCC(C(N)=O)(CC3)CC4)[nH]c2-c2ccc3c(c2)OCO3)n1,1.02011257,train,butina,3,,,,
COc1cc2nc(-c3cc(F)ccc3O)nc(N[C@@H]3CNC[C@H]3C(C)(C)O)c2cc1OC.Cl,-1.119186408,train,butina,3,,,,
CC(C)[C@@](C)(O)[C@@H]1CN(c2nc(-c3n[nH]c4ncccc34)c(F)cc2Cl)CCN1,1.302460808,train,butina,3,,,,
Cc1nnc(-c2ccc(N3CCC(Oc4cc(F)ccc4Cl)CC3)nn2)o1,0.161068385,train,butina,3,,,,
CCCS(=O)(=O)Nc1ccc(F)c(C(=O)c2c[nH]c3ncc(-c4ccc(Cl)cc4)cc23)c1F,-1.59345982,train,butina,3,,,,
Cc1ccc(OCC2(O)CCN(CC3(O)CCN(c4ccccc4C)CC3)CC2)cc1,-0.040481623,train,butina,3,,,,
CN(C(=O)c1cc(N2CCNC2=O)ccc1F)C1CCNC1,1.885728632,train,butina,3,,,,
Cn1c(-c2n[nH]c3c2CCCC3)nnc1N1CCC2(CNC(=O)C2)C1,1.792986685,train,butina,3,,,,
Cc1nnc(-c2ccc(N3CCC(Oc4ccccc4C(F)(F)F)CC3)nn2)s1,-0.906578315,train,butina,3,,,,
CC(C)(C)c1ccc(C(O)CN2CCC(O)(c3ccc4c(c3)OCO4)CC2)cc1,0.779018972,train,butina,3,,,,
NC1CC(NC(=O)c2ccc(-c3cn[nH]c3)cn2)C12CCC2,1.709702344,train,butina,3,,,,
O=C(NC12CCCC1NCC2)c1ccc(-c2cn[nH]c2)cc1,2.0,train,butina,3,,,,
Cc1nc2cc(C(=O)NC34CCCC3NCC4)ccc2c(=O)[nH]1,1.866494097,train,butina,3,,,,
O=C(Nc1ccc(CN2CCCCC2)cc1)c1ccnc2[nH]cnc12,1.767526899,train,butina,3,,,,
CCc1c[nH]c2ncnc(N3CCC(CN4CCN(C)CC4)CC3)c12,1.728012707,train,butina,3,,,,
NC(=O)c1cnc(N2CCc3[nH]nc(C(F)(F)F)c3C2)c(Cl)c1,0.986009932,train,butina,3,,,,
c1sc(NCC2CCCO2)nc1C12CC3CC(CC(C3)C1)C2,-1.096910013,train,butina,3,,,,
CC#CC(=O)N[C@H]1CCCN(c2c(F)cc(C(N)=O)c3[nH]c(C)c(C)c23)C1,0.163856803,test,butina,3,0.9386505199000006,0.8586987635700001,0.5727559669300002,1.0945026478800004
COc1ccc(S(=O)(=O)N2CCC(N3CCC(C)CC3)CC2)cc1,1.729799023,test,butina,3,0.8964428946900003,1.0668967338800004,0.5474974022700001,1.424055188610001
CCCc1cc(N2CCc3c(nc(C4CC4)n3C)C2)n2ncnc2n1,1.677187053,test,butina,3,1.0983071447500004,1.1135039511900002,1.0536165244600004,1.4966373001400006
[2H]C([2H])([2H])NC(=O)c1nnc(NC(=O)C2CC2)cc1Nc1cccc(-c2ncn(C)n2)c1OC,1.186566481,test,butina,3,0.8342859101400003,0.45966131945000016,0.5642391555800002,0.9618605376500002
COc1ccccc1-c1cc(NC(=O)c2cccc(N3CCNC3=O)c2)[nH]n1,-0.397940009,test,butina,3,1.2752036663800004,0.6057485922899999,0.7257424785600002,0.9480424210600005
CCc1nc(C)cn2nc(-c3cc(=O)n4cc(C5CCN(C)CC5)cc(C)c4n3)cc12,0.868232868,test,butina,3,1.0084688752400006,0.6115160464200002,0.6966570875100004,0.6168858001800004
CCc1nc2c(C)cc(N3CCN(CC(=O)N4CC(O)C4)CC3)cn2c1N(C)c1nc(-c2ccc(F)cc2)c(C#N)s1,-0.204728421,test,butina,3,0.4636484007300004,0.15753598562999996,0.4596087039100001,0.18698105616999994
C[C@H]1CN(C(=O)CC(c2ccccc2)c2ccccc2)C[C@@H](C)O1,1.188253327,test,butina,3,0.8849662857400006,0.5483325780400002,0.6513931045100003,0.6918385381800003
CN1[C@H]2CC[C@@H]1C[C@@H](OC(c1ccccc1)c1ccccc1)C2,1.106122874,test,butina,3,1.0580453569200001,0.6426561243600001,0.5333769997199999,0.41407352274
OC[C@H](Nc1cncc(-c2ccc3[nH]ncc3n2)c1)c1ccccc1,1.017826038,test,butina,3,0.7658447287799999,0.7900255025400003,0.7635621735000001,0.9821973935800004
COc1ccccc1C(=O)Nc1ccc2cc[nH]c2c1,0.505149978,test,butina,3,0.7647488589400002,0.9121564242100001,0.6430811009700003,0.64087487841
O=C(CCNC(=O)c1ccc(OC(F)(F)F)cc1)N[C@@H]1CCCc2ccccc21,0.526080692,test,butina,3,0.55170893767,0.6554894825300004,0.51112214134,0.22539233540999992
O=C(Nc1nc2cccc(-c3ccc(CN4CCS(=O)(=O)CC4)cc3)n2n1)C1CC1,1.681349797,test,butina,3,0.8725818780500005,0.7126866826799997,0.7360292545699998,1.1830780088500001
Cn1c(C2CC2)nc2c1CCN(c1ncnc3ccsc13)C2,1.237065953,test,butina,3,0.5559455170500005,0.7194335224700003,0.7614081047200006,1.3269171507700006
Cc1noc(C(C)C)c1C(=O)N1CC(C)OC(c2ccccc2)C1,1.180469962,test,butina,3,0.7470628968700004,0.5631252322300001,0.9581245801800002,0.5615406184300002
Cn1cc(Nc2nc(N)nc(-c3cccc(-n4ccc5cc(C6CC6)cc(F)c5c4=O)c3CO)n2)cn1,0.850401148,test,butina,3,0.8451706874900001,0.37554018742000017,0.4849447902600001,0.2498964273899999
COCCc1noc(CN2CC(c3ccccc3)(c3ccccc3)CCC2=O)n1,1.167051359,test,butina,3,0.7743132191300001,0.5032176070900002,0.76638571553,0.8646095821900002
Cc1[nH]nc2c1C1(CCCCC1)CC(=O)N2,1.323066376,test,butina,3,1.0653509860600012,1.2384434489200002,0.8067693920000005,1.6831486508900002
CC1CN(C(=O)c2cccnc2N2CCOCC2)CC(c2ccccc2)O1,1.573185017,test,butina,3,0.6094753041000002,0.6124098549799997,1.3271370052299998,1.35640812638
CN1CCN(S(=O)(=O)c2ccc(-c3cnc(N)c(C(=O)Nc4cccnc4)n3)cc2)CC1,1.078638038,test,butina,3,0.40500703683000006,0.8611490873900002,0.8256412596800002,1.00164810434
O=C(CN1CCCC(c2cccc(Cc3cccc(F)c3)n2)C1)N1CCCC1,1.062130535,test,butina,3,0.9166910612100005,1.01855486045,0.6674995973300001,0.7385865263900001
COCCNC(=O)c1ccnc(C2CCNCC2)c1,2.0,test,butina,3,1.0955798697500005,1.4136380374999995,0.7262284817500004,1.3926804919100002
CC1(CNC(=O)c2cncc(C3CCNCC3)n2)CCCO1,1.988550039,test,butina,3,1.27339641656,1.37041431423,1.3850421593699997,1.741148234149999
C[C@H]1CN(C2COC2)CCN1c1ccc(Nc2cc(-c3ccnc(N4CCn5c(cc6c5CC(C)(C)C6)C4=O)c3CO)cn(C)c2=O)nc1,1.209139536,test,butina,3,0.7910783110200004,0.6784479036799996,0.7380888810500003,0.32670701276999986
C=CC(=O)N(C)CCOc1c(N)ncnc1-c1cc(F)cc(NC(=O)c2ccc(C3CC3)cc2F)c1C,0.838502776,test,butina,3,0.60818532107,0.12556407624000013,0.3202628529999999,0.2971542615899998
Cc1ccc(Oc2ccc(Cl)cc2NC(=O)CN(C)CC(=O)N(C)C)cc1,-0.053056729,test,butina,3,0.17367843145000003,0.38906721352000007,0.3101633822899999,0.5334220734599999
CC1(C)Cc2cc(NC(=O)c3cnn4cccnc34)c(OCC3CC3)nc2O1,-0.199970641,test,butina,3,0.5255904189100002,0.5763936352200003,0.8393748436899999,1.0114646355600008
COc1cc2c(cc1OC)CN(CCc1ccc(NC(=O)c3cccc4c(O)c5cccc(OC)c5nc34)cc1)CC2,-1.207608311,test,butina,3,1.0016552392100007,0.21403011767999988,0.32004771145000005,-0.016388158439999995
O=C(NC1CCNCC1)c1ccc2[nH]ncc2c1,1.842696589,test,butina,3,1.2762536768200006,1.39696109219,1.1463033240400002,1.5483003906899997
O=C(NC1CCNCC1)c1ccc2cn[nH]c2c1,2.0,test,butina,3,1.2227942706700008,1.4557104066799997,1.0202730455500004,1.5561103819599997
Cc1cn2nc(-c3cc(=O)n4cc(N5CCNC6(CC6)C5)ccc4n3)cc(C)c2n1,0.985246791,test,butina,3,0.8797216973200003,0.78958272587,0.7897040099500005,1.4494223596799998
O=C(Nc1cccc(N2CCNC2=O)c1)C1NCC12CCCC2,1.718202645,test,butina,3,1.21159703094,1.29070435777,1.1413967954500004,1.668841853389999
NCC1CCCC1NC(=O)c1cc(N2CCNC2=O)ccc1F,1.87495702,test,butina,3,1.3067797778700003,1.4209769005000001,1.2755654317400005,1.6652778276499993
O=C(NCCc1ccccc1)c1ccc(NC(=O)N2CCCCc3ccccc32)cc1,0.075911761,test,butina,3,0.6235650465100001,0.37676704218000007,0.5705981171200001,0.03681146396000001
NC[C@H]1CC[C@@H](C(=O)Nc2ccc3[nH]ncc3c2)O1,1.981999714,test,butina,3,0.7496681532400002,1.1447696030300005,1.05682094386,1.6700745981899994
CN(C(=O)c1cc(N2CCNC2=O)ccc1F)C1CCC(N)CC1,1.828717885,test,butina,3,1.4683926580599995,1.34337731789,0.8950791945600004,1.7314788028199992
NC1CCCC1C(=O)N1CCC(c2c[nH]c3ncccc23)CC1,1.71701274,test,butina,3,1.2262639671700004,1.3205502302399994,1.5084594203000004,1.7314802667499993
NC1CCCC(C(=O)Nc2ccc3[nH]ncc3c2)C1,2.0,test,butina,3,0.8676017382400005,1.1095790611200003,1.3135482445400006,1.7742609764399992
NC1CCC(C(=O)N2CCC(c3c[nH]c4ncccc34)CC2)C1,1.917395215,test,butina,3,1.1243612070100004,1.28099588159,1.2965767540600004,1.7294352801799997
NC1CCCC(C(=O)N2CCC(c3c[nH]c4ncccc34)CC2)C1,1.752816431,test,butina,3,1.1428586135200005,1.1658243007800002,1.3831213444699997,1.6171939988300001
CNc1nc(C)cc(C(=O)Nc2ccc3[nH]ncc3c2)n1,1.493625323,test,butina,3,0.8314076181200002,1.0159439685300002,0.9211804875900002,1.2882546160400006
NC1CCCC(C(=O)Nc2cccc(N3CCNC3=O)c2)C1,1.763113391,test,butina,3,1.2790526714000001,1.3654413547199997,1.4012726906100008,1.7850649839699992
CC1CC(N)CCN1C(=O)c1cc(N2CCNC2=O)c(F)cc1F,1.833504094,test,butina,3,1.3858426683700003,1.1913752241500004,1.1136417135899999,1.714402928549999
CCOc1cc2nn(CCC(C)(C)O)cc2cc1NC(=O)c1cccc(C(F)F)n1,0.099680641,train,butina,4,,,,
CC(C)(O)CCn1cc2cc(NC(=O)c3cccc(C(F)(F)F)n3)c(C(C)(C)O)cc2n1,1.015611205,train,butina,4,,,,
CC#CC(=O)N[C@H]1CCCN(c2c(F)cc(C(N)=O)c3[nH]c(C)c(C)c23)C1,0.163856803,train,butina,4,,,,
COc1ccc(Cl)cc1C(=O)NCCc1ccc(S(=O)(=O)NC(=O)NC2CCCCC2)cc1,-0.91721463,train,butina,4,,,,
C=CC(=O)N1CCC[C@@H](n2nc(-c3ccc(Oc4ccccc4)cc3)c3c(N)ncnc32)C1,0.62603,train,butina,4,,,,
CC(C)NC(=O)COc1cccc(-c2nc(Nc3ccc4[nH]ncc4c3)c3ccccc3n2)c1,-1.384078213,train,butina,4,,,,
COc1ccc(S(=O)(=O)N2CCC(N3CCC(C)CC3)CC2)cc1,1.729799023,train,butina,4,,,,
CCn1c(-c2nonc2N)nc2cnc(Oc3cccc(NC(=O)c4ccc(OCCN5CCOCC5)cc4)c3)cc21,-0.449771647,train,butina,4,,,,
Cc1c[nH]c2nccc(Oc3c(F)cc(Nc4cc(Cl)nc(N)n4)cc3F)c12,-1.22184875,train,butina,4,,,,
CCCc1cc(N2CCc3c(nc(C4CC4)n3C)C2)n2ncnc2n1,1.677187053,train,butina,4,,,,
Fc1ccc(-c2ccc3c(c2)[nH]c2ccncc23)cn1,0.653405491,train,butina,4,,,,
Nc1c(F)ccc2cnc(-n3ccc4ccncc43)cc12,0.713910354,train,butina,4,,,,
C=CC(=O)N1C[C@H](Nc2ncnc3[nH]ccc23)CC[C@@H]1C,1.828227965,train,butina,4,,,,
Cn1cc(Nc2nccc(N3CC4CCC(C3)N4C(=O)[C@@H]3CC3(F)F)n2)cn1,1.642995934,train,butina,4,,,,
[2H]C([2H])([2H])NC(=O)c1nnc(NC(=O)C2CC2)cc1Nc1cccc(-c2ncn(C)n2)c1OC,1.186566481,train,butina,4,,,,
C=CC(=O)N1CCC(CNc2ncnc(N)c2-c2ccc(Oc3ccccc3)cc2)CC1,0.752995432,train,butina,4,,,,
Cc1c(-c2c(F)cc(C(N)=O)c3[nH]c4c(c23)CC[C@H](C(C)(C)O)C4)cccc1-n1c(=O)c2cccc(F)c2n(C)c1=O,0.436162647,train,butina,4,,,,
Cn1cc(-c2cn3nccc3c(-c3cnn([C@]4(CC#N)C[C@@H](C#N)C4)c3)n2)cn1,1.559583476,train,butina,4,,,,
CC(C)(C)c1ccc(-c2nc3n(c(=O)c2C#N)CCS3)cc1,0.731266349,train,butina,4,,,,
C=CC(=O)Nc1cccc(Oc2nc(Nc3ccc(N4CCN(C)CC4)cc3)nc3ccsc23)c1,-0.049635146,train,butina,4,,,,
CC#CC(=O)N1CC[C@@H](n2c(=O)n(-c3ccc(Oc4ccccc4)cc3)c3c(N)ncnc32)C1,0.935859798,train,butina,4,,,,
C=CC(=O)N1CCC([C@@H]2CCNc3c(C(N)=O)c(-c4ccc(Oc5ccccc5)cc4)nn32)CC1,0.968996327,train,butina,4,,,,
C=CC(=O)N1CCC[C@H](n2c(=O)n(-c3ccc(Oc4ccccc4)cc3)c3c(N)ncnc32)C1,0.983851719,train,butina,4,,,,
CC(C)(C=C(C#N)C(=O)N1CCC[C@@H](n2nc(-c3ccc(Oc4ccccc4)cc3F)c3c(N)ncnc32)C1)N1CCN(C2COC2)CC1,0.276231958,train,butina,4,,,,
CC#CC(=O)N1CC[C@@H](n2cc(-c3ccc(Oc4c(F)cccc4F)cc3)c3c(N)n[nH]c(=O)c32)C1,-0.073143291,train,butina,4,,,,
C=CC(=O)Nc1cccc(Oc2nc(Nc3ccc(N4CCN(C)CC4)c(F)c3)nc3[nH]ccc23)c1,0.039414119,train,butina,4,,,,
COc1ccccc1-c1cc(NC(=O)c2cccc(N3CCNC3=O)c2)[nH]n1,-0.397940009,train,butina,4,,,,
Nc1ncc(-c2cccc(C(F)(F)F)c2)c(C2CCCCN2C(=O)c2ccccc2)n1,-0.04431225,train,butina,4,,,,
Fc1ccccc1-c1c[nH]nc1C1CCCN1Cc1ccc2ncccc2c1,0.545801757,train,butina,4,,,,
Cc1nccc(-c2cn(Cc3ccccc3)c3cnccc23)n1,1.122707254,train,butina,4,,,,
CCc1nc(C)cn2nc(-c3cc(=O)n4cc(C5CCN(C)CC5)cc(C)c4n3)cc12,0.868232868,train,butina,4,,,,
Nc1ncnc2c1c(-c1ccc(Oc3ccccc3)cc1)nn2[C@@H]1CCCNC1,0.956648579,train,butina,4,,,,
Cc1nnc(CN(C)CC(C)Oc2ccc(Cl)c(Cl)c2)n1C,0.926290987,train,butina,4,,,,
COc1nn(C)cc1C(=O)Nc1cccc(-c2cnc3n2CCC3)c1,0.866877814,train,butina,4,,,,
COc1cc(F)ccc1-c1ncnc(Nc2cccc(C[S@@](C)(=N)=O)c2)n1,1.594922663,train,butina,4,,,,
Cc1ncc(CN2CC[C@@H](Nc3cncc(Cl)n3)[C@@H](C)C2)s1,1.205461507,train,butina,4,,,,
Cc1ccc(C(=O)N2CCC(Cc3ccccc3-c3ccccc3)(C(=O)N(C)C)CC2)s1,-0.293282218,train,butina,4,,,,
CCc1nc2c(C)cc(N3CCN(CC(=O)N4CC(O)C4)CC3)cn2c1N(C)c1nc(-c2ccc(F)cc2)c(C#N)s1,-0.204728421,train,butina,4,,,,
C[C@@H]1CCN(C(=O)CC#N)C[C@@H]1N(C)c1ncnc2[nH]ccc12,1.991815076,train,butina,4,,,,
CN(C)C(=O)C1(Cc2ccccc2-c2ccccc2)CCN(C(=O)C2CCCO2)CC1,0.902546779,train,butina,4,,,,
CC(=O)Nc1ccc(C(=O)N2CCCCC2c2nc(N)ncc2-c2ccc(Cl)cc2)cc1,0.596926814,train,butina,4,,,,
CC(=O)Nc1ccc(C(=O)N2CCCCC2c2nc(N)ncc2-c2cccc(Cl)c2)cc1,0.520483533,train,butina,4,,,,
O=C1CN(c2ccc(Nc3nccc(C(F)(F)F)n3)cn2)CCN1,1.543819805,train,butina,4,,,,
O=C1NCCN(C(=O)c2ccc3nccn3c2)C1c1ccccc1C(F)(F)F,1.851001366,train,butina,4,,,,
Cc1cc(F)ccc1C1C(=O)NCCN1C(=O)c1ccc2nccn2c1,1.78096503,train,butina,4,,,,
O=C1NCCN(C(=O)c2ccncc2)C1c1ccccc1Cl,1.876996793,train,butina,4,,,,
C[C@H]1CN(C(=O)CC(c2ccccc2)c2ccccc2)C[C@@H](C)O1,1.188253327,train,butina,4,,,,
CN1[C@H]2CC[C@@H]1C[C@@H](OC(c1ccccc1)c1ccccc1)C2,1.106122874,train,butina,4,,,,
CC(C)(C)C(=O)N1CCC(Cc2ccc(-c3cccs3)cc2)(C(=O)N2CCCC2)CC1,-0.1837587,train,butina,4,,,,
OC[C@H](Nc1cncc(-c2ccc3[nH]ncc3n2)c1)c1ccccc1,1.017826038,train,butina,4,,,,
Cc1ncsc1C(=O)N1CCCCC1c1nc(N(C)C)ncc1-c1cccc(Cl)c1,-0.083019953,train,butina,4,,,,
OCC1CCCCN1Cc1ccc(Cl)c(Cl)c1,1.390069186,train,butina,4,,,,
CC(=O)N1CCN(c2nc(C(F)(F)F)nc3sc(C)c(C)c23)CC1,0.13481437,train,butina,4,,,,
COc1ccccc1C(=O)Nc1ccc2cc[nH]c2c1,0.505149978,train,butina,4,,,,
c1ccc(Oc2cccc(CN(CCN3CCOCC3)Cc3cccnc3)c2)cc1,-0.222573178,train,butina,4,,,,
OCC1CCCCN1Cc1ccc(-c2ccccc2)cc1,1.368007805,train,butina,4,,,,
Nc1ncc(C(=O)NC2CN(C(=O)C3CC3)C2)c2ccc(-c3cccc(F)c3)nc12,0.623352682,train,butina,4,,,,
Cc1ncsc1C(=O)N1CCCCC1c1nc(N)ncc1-c1cccc(C(F)(F)F)c1,0.615318657,train,butina,4,,,,
O=C(Nc1ccc2ccccc2n1)c1ccc(N2CCOC2=O)cc1,0.449015316,train,butina,4,,,,
O=C(CCNC(=O)c1ccc(OC(F)(F)F)cc1)N[C@@H]1CCCc2ccccc21,0.526080692,train,butina,4,,,,
O=S(=O)(c1cccc2cnccc12)N1CCCNCC1,1.892077899,train,butina,4,,,,
C=CC(=O)Nc1cccc(Oc2nc(Nc3ccc(N4CCN(C)CC4)cc3)nc3ccoc23)c1,0.146128036,train,butina,4,,,,
CCN1CCN(S(=O)(=O)Cc2ccc(Cl)c(Cl)c2)CC1,1.249124949,train,butina,4,,,,
O=C(Nc1nc2cccc(-c3ccc(CN4CCS(=O)(=O)CC4)cc3)n2n1)C1CC1,1.681349797,train,butina,4,,,,
CCn1c(CO)nn(-c2cc(O[C@@H](C)C(F)(F)F)c(C(=O)Nc3c(F)cccc3Cl)cc2F)c1=O,0.975753389,train,butina,4,,,,
CCN(C/C=C\c1ccc(C2CCCCC2)c(Cl)c1)C1CCCCC1,-0.853871964,train,butina,4,,,,
NCCN1CCN(C/C=C/C(=O)N2CCC[C@@H](n3nc(-c4ccc(Oc5ccccc5)cc4)c4c(N)ncnc43)C2)CC1,0.699837726,train,butina,4,,,,
Cn1c(C2CC2)nc2c1CCN(c1ncnc3ccsc13)C2,1.237065953,train,butina,4,,,,
CC/C(=C(\c1ccccc1)c1ccc(OCCN(C)C)cc1)c1ccccc1,-0.580044252,train,butina,4,,,,
COc1nn(C)cc1C(=O)Nc1cccc2cnccc12,1.504729052,train,butina,4,,,,
CNC(=O)C1(Cc2ccc(-c3ccncc3)cc2)CCN(Cc2cccc(F)c2)C1,1.10503305,train,butina,4,,,,
Cc1ncc(CN2CCC(Nc3ccc4nnnn4n3)C(C)C2)s1,1.652285029,train,butina,4,,,,
Cc1nc(Nc2nccs2)cc(C2CN(c3ncccn3)C2)n1,0.444669231,train,butina,4,,,,
COc1ccc(Nc2c(C#N)cnc3cc(OC)c(OC)cc23)cc1Cl,-0.033858267,train,butina,4,,,,
COc1ccc(CCCN2CCN(c3cnn(C)c3)C(=O)C2)cc1F,1.343408594,train,butina,4,,,,
Cc1noc(C(C)C)c1C(=O)N1CC(C)OC(c2ccccc2)C1,1.180469962,train,butina,4,,,,
CN(Cc1ccccc1)C1(C(=O)N2CCNC(=O)CC2)Cc2ccccc2C1,0.904931827,train,butina,4,,,,
CCC1=C(C)CN(C(=O)NCCc2ccc(S(=O)(=O)NC(=O)N[C@H]3CC[C@H](C)CC3)cc2)C1=O,-1.180456064,train,butina,4,,,,
O=S(=O)(c1cccc2c(O)nccc12)N1CCCNCC1,1.850223373,train,butina,4,,,,
CN(C)C(=O)C1(Cc2ccccc2-c2cccc(F)c2)CCN(C(=O)C2CC=CCC2)CC1,-0.104025268,train,butina,4,,,,
COCC(=O)N1CCC(Cc2ccccc2-c2cccc(F)c2)(C(=O)NC(C)C)CC1,0.596597096,train,butina,4,,,,
COc1ccc(CNC(=O)c2sc3nc(C)cc(C)c3c2N)cc1,-0.356547324,train,butina,4,,,,
C#C[C@@](C)(CC)NC(=O)c1cc(F)cnc1NC1CC(F)(F)C1,0.671265433,train,butina,4,,,,
Cn1cc(Nc2nc(N)nc(-c3cccc(-n4ccc5cc(C6CC6)cc(F)c5c4=O)c3CO)n2)cn1,0.850401148,train,butina,4,,,,
Cc1cnc(C(=O)NCCc2ccc(S(=O)(=O)NC(=O)NC3CCCCC3)cc2)cn1,0.01745073,train,butina,4,,,,
CNC(=O)C1(Cc2ccc(-c3cccnc3)cc2)CCN(Cc2ccc(F)cc2)C1,1.021602716,train,butina,4,,,,
CNC(=O)C1(Cc2ccc(-c3cccnc3)cc2)CCN(Cc2cccc(F)c2)C1,0.829753919,train,butina,4,,,,
CC(=O)Nc1ncc(CN2CCCC[C@@H]2C)s1,2.0,train,butina,4,,,,
O=C1CCCC[C@@H]2[C@H](C[C@@H](Cc3ccccc3F)N2C(=O)c2cccc3ncccc23)N1,1.277998644,train,butina,4,,,,
CCOc1cc(CC(=O)N[C@@H](CC(C)C)c2ccccc2N2CCCCC2)ccc1C(=O)O,0.106870544,train,butina,4,,,,
CC(O)(C#Cc1ccc2c(c1)N(c1nc(N)ncc1Cl)CC2)c1nccs1,-0.122628654,train,butina,4,,,,
COCCc1noc(CN2CC(c3ccccc3)(c3ccccc3)CCC2=O)n1,1.167051359,train,butina,4,,,,
Cc1[nH]nc2c1C1(CCCCC1)CC(=O)N2,1.323066376,train,butina,4,,,,
Cc1oc2ccccc2c1CNc1nnc(-c2ccncc2)o1,0.717254313,train,butina,4,,,,
O=C(Nc1cccc2ncccc12)[C@H]1CCCN(S(=O)(=O)c2ccccc2)C1,1.222560409,train,butina,4,,,,
C[C@@H]1Cc2ccccc2N1C(=O)Cn1nc(-c2cccc3ncccc23)oc1=O,0.224014811,train,butina,4,,,,
Nc1ncnc2c1c(-c1cnc3[nH]ccc3c1)nn2C1CCCC1,0.862608364,train,butina,4,,,,
CN1C(N)=N[C@](C)(c2cc(NC(=O)c3ccc(F)cn3)ccc2F)CS1(=O)=O,1.560468571,train,butina,4,,,,
CC1CN(C(=O)c2cccnc2N2CCOCC2)CC(c2ccccc2)O1,1.573185017,train,butina,4,,,,
CCCCNC(=O)NS(=O)(=O)c1ccc(C)cc1,0.439332694,train,butina,4,,,,
Cc1cc(Nc2cnccn2)cc(C2CCCN(CC(=O)N3CCCC3)C2)n1,1.642246824,train,butina,4,,,,
Cc1cccnc1Nc1cccc(C2CCCN(CC(=O)Nc3nccs3)C2)n1,0.180699201,train,butina,4,,,,
CN(C)C(=O)C1(Cc2ccccc2-c2ccccc2)CCN(C(=O)c2cnn(C)c2)CC1,1.041353202,train,butina,4,,,,
CC1(C)CC(=O)C2=C(C1)NC(=O)CC2c1ccc(Br)cc1,1.159236233,train,butina,4,,,,
CN1CCN(S(=O)(=O)c2ccc(-c3cnc(N)c(C(=O)Nc4cccnc4)n3)cc2)CC1,1.078638038,train,butina,4,,,,
CNC(=O)C1(Cc2ccc(-c3cccnc3)cc2)CCN(Cc2ccccc2Cl)C1,0.387567779,train,butina,4,,,,
CCCNC(=O)NS(=O)(=O)c1ccc(Cl)cc1,0.969835093,train,butina,4,,,,
O=C(CN1CCCC(c2cccc(Cc3cccc(F)c3)n2)C1)N1CCCC1,1.062130535,train,butina,4,,,,
COc1cc2ncnc(Nc3cccc(O)c3)c2cc1OC,0.994317153,train,butina,4,,,,
Cc1cc(C)c2c(N)c(C(=O)NCc3ccc(Cl)cc3)sc2n1,-0.370590401,train,butina,4,,,,
COCCNC(=O)c1ccnc(C2CCNCC2)c1,2.0,train,butina,4,,,,
COc1nc2sc(C(=O)NC3CC3)c(N)c2c(C)c1Cl,0.245512668,train,butina,4,,,,
CC1(CNC(=O)c2cncc(C3CCNCC3)n2)CCCO1,1.988550039,train,butina,4,,,,
Cc1cc(N2CCCC2)nc(C2CCCN(C)C2)n1,2.0,train,butina,4,,,,
O=C1NCCSc2c1sc1ccc(O)cc21,0.891593204,train,butina,4,,,,
CCn1cc(C(=O)O)c(=O)c2c(N)c(F)c(NC3CCCCC3)cc21,0.427486109,train,butina,4,,,,
C[C@H]1CN(C2COC2)CCN1c1ccc(Nc2cc(-c3ccnc(N4CCn5c(cc6c5CC(C)(C)C6)C4=O)c3CO)cn(C)c2=O)nc1,1.209139536,train,butina,4,,,,
C=CC(=O)Nc1cccc(Nc2nc(Nc3ccc(Oc4ccnc(C(=O)NC)c4)cc3)ncc2F)c1,-0.403402904,train,butina,4,,,,
C=CC(=O)N(C)CCOc1c(N)ncnc1-c1cc(F)cc(NC(=O)c2ccc(C3CC3)cc2F)c1C,0.838502776,train,butina,4,,,,
CC#CC(=O)N1CCC[C@@H]1c1nc(-c2ccc(C(=O)Nc3ccccn3)cc2)c2c(N)nccn12,0.975868182,train,butina,4,,,,
CC(=O)NCCNc1cc(Cl)nn2c(-c3cccc(S(=O)(=O)N(C)C)c3)c(C)nc12,0.681693392,train,butina,4,,,,
Cc1c[nH]c(=O)n1-c1ccc(C(=O)Nc2ccc3ccccc3n2)cc1,0.639386869,train,butina,4,,,,
CNC(=O)c1cccc(NC(=O)N2CCC(Oc3ccccc3Cl)CC2)c1,1.068760828,train,butina,4,,,,
COc1ccc(OCC(=O)Nc2cccc(Cl)c2N2CCN(C(C)=O)CC2)cc1,0.700790221,train,butina,4,,,,
c1ccc(-c2ccc(CN3CCCCCCC3)cc2)cc1,-0.614393726,train,butina,4,,,,
CC(=O)N1CCN(c2c(Cl)cccc2NC(=O)COc2ccccc2Cl)CC1,0.256958153,train,butina,4,,,,
CCC(=O)N1CCN(c2ccc(Cl)cc2NC(=O)COc2ccccc2)CC1,0.250420002,train,butina,4,,,,
Cc1ccc(Oc2ccc(Cl)cc2NC(=O)CN(C)CC(=O)N(C)C)cc1,-0.053056729,train,butina,4,,,,
CC1(C)Cc2cc(NC(=O)c3cnn4cccnc34)c(OCC3CC3)nc2O1,-0.199970641,train,butina,4,,,,
COc1cc2c(cc1OC)CN(CCc1ccc(NC(=O)c3cccc4c(O)c5cccc(OC)c5nc34)cc1)CC2,-1.207608311,train,butina,4,,,,
CCCc1nc2nc(C)c(NS(=O)(=O)c3ccc(C4CCCCC4)cc3)c(O)n2n1,-0.218963061,train,butina,4,,,,
COc1ccc([C@H]2c3[nH]c4ccc(Cl)cc4c3CCN2C(=O)Oc2ccc(Cl)cc2)cc1,1.51293775,train,butina,4,,,,
NC(=O)C1(Cc2ccc(-c3ccncc3)cc2)CCN(C(=O)Cc2cccc(F)c2)CC1,1.006508828,train,butina,4,,,,
O=C(NC1CCNCC1)c1ccc2[nH]ncc2c1,1.842696589,train,butina,4,,,,
Cc1cccc(/C=N/Nc2cc(N3CCOCC3)nc(OCCc3ccccn3)n2)c1,-0.548213564,train,butina,4,,,,
CCn1c(=O)oc2cc(NC(=O)c3ccc(C(C)(C)C)cc3)ccc21,0.21005085,train,butina,4,,,,
CC(C)[C@H](CO)Nc1nc(Nc2cc(N)cc(Cl)c2)c2ncn(C(C)C)c2n1,-0.061980903,train,butina,4,,,,
O=C(NC1CCNCC1)c1ccc2cn[nH]c2c1,2.0,train,butina,4,,,,
CC(C)(C)OC(=O)N1CCCC1C(=O)N1CCC(C(=O)N[C@@H](Cc2c[nH]c3ccccc23)C(=O)O)CC1,1.691832676,train,butina,4,,,,
O=C(Nc1cccc2c(=O)cc(-c3nnn[nH]3)oc12)c1ccc(OCCCCc2ccccc2)cc1,0.582744966,train,butina,4,,,,
CC(=O)Nc1ncc(C(=O)O)s1,1.81935965,train,butina,4,,,,
COc1cc2nc(-c3cc(F)ccc3O)nc(N[C@@H]3CNC[C@H]3C(C)(C)O)c2cc1OC.Cl,-1.119186408,train,butina,4,,,,
Cc1nnc(-c2ccc(N3CCC(Oc4cc(F)ccc4Cl)CC3)nn2)o1,0.161068385,train,butina,4,,,,
Cc1cn2nc(-c3cc(=O)n4cc(N5CCNC6(CC6)C5)ccc4n3)cc(C)c2n1,0.985246791,train,butina,4,,,,
CCCS(=O)(=O)Nc1ccc(F)c(C(=O)c2c[nH]c3ncc(-c4ccc(Cl)cc4)cc23)c1F,-1.59345982,train,butina,4,,,,
Cc1ccc(OCC2(O)CCN(CC3(O)CCN(c4ccccc4C)CC3)CC2)cc1,-0.040481623,train,butina,4,,,,
O=C(Nc1cccc(N2CCNC2=O)c1)C1NCC12CCCC2,1.718202645,train,butina,4,,,,
NCC1CCCC1NC(=O)c1cc(N2CCNC2=O)ccc1F,1.87495702,train,butina,4,,,,
Cn1c(-c2n[nH]c3c2CCCC3)nnc1N1CCC2(CNC(=O)C2)C1,1.792986685,train,butina,4,,,,
Cc1nnc(-c2ccc(N3CCC(Oc4ccccc4C(F)(F)F)CC3)nn2)s1,-0.906578315,train,butina,4,,,,
O=C(NCCc1ccccc1)c1ccc(NC(=O)N2CCCCc3ccccc32)cc1,0.075911761,train,butina,4,,,,
CC(C)(C)c1ccc(C(O)CN2CCC(O)(c3ccc4c(c3)OCO4)CC2)cc1,0.779018972,train,butina,4,,,,
NC[C@H]1CC[C@@H](C(=O)Nc2ccc3[nH]ncc3c2)O1,1.981999714,train,butina,4,,,,
CN(C(=O)c1cc(N2CCNC2=O)ccc1F)C1CCC(N)CC1,1.828717885,train,butina,4,,,,
NC1CCCC1C(=O)N1CCC(c2c[nH]c3ncccc23)CC1,1.71701274,train,butina,4,,,,
NC1CCCC(C(=O)Nc2ccc3[nH]ncc3c2)C1,2.0,train,butina,4,,,,
NC1CCC(C(=O)N2CCC(c3c[nH]c4ncccc34)CC2)C1,1.917395215,train,butina,4,,,,
NC1CCCC(C(=O)N2CCC(c3c[nH]c4ncccc34)CC2)C1,1.752816431,train,butina,4,,,,
CNc1nc(C)cc(C(=O)Nc2ccc3[nH]ncc3c2)n1,1.493625323,train,butina,4,,,,
O=C(Nc1ccc(CN2CCCCC2)cc1)c1ccnc2[nH]cnc12,1.767526899,train,butina,4,,,,
CCc1c[nH]c2ncnc(N3CCC(CN4CCN(C)CC4)CC3)c12,1.728012707,train,butina,4,,,,
NC(=O)c1cnc(N2CCc3[nH]nc(C(F)(F)F)c3C2)c(Cl)c1,0.986009932,train,butina,4,,,,
NC1CCCC(C(=O)Nc2cccc(N3CCNC3=O)c2)C1,1.763113391,train,butina,4,,,,
CC1CC(N)CCN1C(=O)c1cc(N2CCNC2=O)c(F)cc1F,1.833504094,train,butina,4,,,,
c1sc(NCC2CCCO2)nc1C12CC3CC(CC(C3)C1)C2,-1.096910013,train,butina,4,,,,
CNc1cc(Nc2cccn(-c3ccccn3)c2=O)nn2c(C(=O)N[C@@H]3C[C@@H]3F)cnc12,0.991226076,test,butina,4,0.79009652659,0.6235422938400003,0.83843899389,1.2048159415099995
CN(c1ncc(F)cn1)[C@H]1CCCNC1,2.0,test,butina,4,1.4417587346000005,1.5823198586600007,0.9358246857800003,1.7018088278499997
CC(C)(Oc1ccc(-c2cnc(N)c(-c3ccc(Cl)cc3)c2)cc1)C(=O)O,-1.158015195,test,butina,4,0.27211592935,0.25905412768999997,0.48303753941000027,0.03286949143000002
CCS(=O)(=O)N1CC(CC#N)(n2cc(-c3ncnc4[nH]ccc34)cn2)C1,1.378597739,test,butina,4,1.3348822743599995,0.9779898650999997,0.8378509744899998,1.4353671929900005
COc1cc2c(cc1OC)CC(=O)N(CCCN(C)C[C@H]1Cc3cc(OC)c(OC)cc31)CC2,1.730984039,test,butina,4,0.7878487348299998,0.7905710167,0.2527325058999998,0.13422597953000007
Nc1n[nH]cc1-c1cc(Cl)ccc1Oc1cc(F)c(S(=O)(=O)Nc2cscn2)cc1Cl,-0.354577731,test,butina,4,0.6061966030799999,0.05368515393999997,0.29705319164999994,-0.28470798742
O=C(c1ccc(Oc2ccccc2)cc1Cl)c1c[nH]c2ncnc(N[C@@H]3CC[C@@H](CO)OC3)c12,-0.467245621,test,butina,4,1.1063366010700004,0.37456392762000007,0.26941762850999995,0.40851025152
N#CC[C@H](C1CCCC1)n1cc(-c2ncnc3[nH]ccc23)cn1,0.630986911,test,butina,4,1.39389901847,1.2625253423,0.75957420242,0.7894702854100001
C[C@@H]1c2nnn(-c3ncc(F)cn3)c2CCN1C(=O)c1cccc(C(F)(F)F)c1Cl,0.969089603,test,butina,4,0.7883292957099998,0.7101702001599999,0.7336501456400003,0.5745598433600001
O=C(Nc1cccc(-c2nncn2C2CC2)c1)c1cc(-n2cnc(C3CC3)c2)ccn1,0.262925469,test,butina,4,0.8363767944099999,0.6632591110899996,1.1756303479299999,0.65269619152
Cc1c(Cl)ccc2cc3n(c12)[C@@H](C)CNC3=O,0.328379603,test,butina,4,1.420061336490001,1.2203157876700004,0.4635686237200001,0.9232495754200003
COc1ccc([C@H]2CN(C(C)=O)[C@@H]3CCCN(Cc4cccc(F)c4)[C@H]23)cc1,0.595385981,test,butina,4,0.9549621521499998,0.8284117527799998,0.50653596872,0.8367383927600004
Cc1c(C(=O)NCCCN(C)C)sc2ncnc(Nc3ccc(F)cc3OC(C)C)c12,0.741821047,test,butina,4,0.5370042607100003,-0.023230985430000007,0.16570806307000002,-0.026175225399999995
CC1(C)CC(Oc2ccc(-c3ccc(-c4cn[nH]c4)cc3O)nn2)CC(C)(C)N1,1.199947058,test,butina,4,0.6747212290300003,0.31915425218,0.69887625241,0.18340262994000006
Cc1nnc(-c2ccc3occ(-c4ccc(S(C)=O)cc4)c3c2)o1,0.193402903,test,butina,4,0.6832958367200002,0.6846076266600001,0.3186844812699998,0.4663889134700003
Cc1c(F)cccc1NC(=O)CN1[C@H]2CCCC(=O)N[C@@]2(C)C[C@H]1Cc1ccccc1,0.595275712,test,butina,4,1.1590876823199994,0.7293564810200003,0.6790784010600003,0.6050052573400001
Cc1ccc(NC(=O)CN2[C@H]3CCCC(=O)N[C@@]3(C)C[C@H]2Cc2ccccc2)cc1F,-0.137272472,test,butina,4,1.18399296335,0.8681744392099993,0.7148331765300001,0.5604296684300001
O=C(Nc1cnccc1-c1ccc(Cl)cc1)c1ccnc(NC(=O)C2CC2)c1,0.369957607,test,butina,4,0.9370080716899996,0.24277129667000005,0.8789722968400006,0.37894911877999987
Cc1cc(N2CCCC2c2cc(CCC(=O)O)cc(C)n2)ncn1,2.0,test,butina,4,0.7282586474200001,1.2676909163099999,0.9719637152300001,1.1347056769100003
N#Cc1cc(F)c(NS(=O)(=O)c2c[nH]c3cc(Cl)ccc23)cc1F,-0.026872146,test,butina,4,1.0707658736800003,0.6324090813000002,0.9569030773100003,0.5076349387800001
CC(=O)Nc1ccc(O)cc1,1.887859133,test,butina,4,0.8679079065,1.03057434585,0.54630725352,1.40138799041
COc1ccc(OC[C@@H]2c3cc(OC)c(OC)cc3CCN2C(=O)c2cccc(Cl)c2)cc1,-0.116906641,test,butina,4,0.59537730224,0.40599092160000017,0.27629132502999987,0.08361675209999998
N#Cc1ccc(COc2cccc(C3CCN(Cc4nc5ccc(C(=O)O)cc5n4C[C@@H]4CCO4)CC3)n2)c(F)c1,0.402433346,test,butina,4,0.7464735789499999,0.20295477544999996,0.2381401221599998,0.13141393965000003
Cc1cccc(-c2nc(C34CCC(C(N)=O)(CC3)CC4)[nH]c2-c2ccc3c(c2)OCO3)n1,1.02011257,test,butina,4,1.0878364867500006,0.4478492750800001,0.28207673472999995,0.36318329106999997
CC(C)[C@@](C)(O)[C@@H]1CN(c2nc(-c3n[nH]c4ncccc34)c(F)cc2Cl)CCN1,1.302460808,test,butina,4,1.352030151780001,0.7336290148799998,1.1216801588099992,0.3127742302899999
CN(C(=O)c1cc(N2CCNC2=O)ccc1F)C1CCNC1,1.885728632,test,butina,4,1.6960316877600012,1.6022104604699998,1.587674638890001,1.8445985350200016
NC1CC(NC(=O)c2ccc(-c3cn[nH]c3)cn2)C12CCC2,1.709702344,test,butina,4,1.2633024729400002,1.3182473925599998,1.6759962622799995,1.7100803207100008
O=C(NC12CCCC1NCC2)c1ccc(-c2cn[nH]c2)cc1,2.0,test,butina,4,1.2550502227400002,1.16234833094,1.0246858907400005,1.7292871247200008
Cc1nc2cc(C(=O)NC34CCCC3NCC4)ccc2c(=O)[nH]1,1.866494097,test,butina,4,1.3586538940500013,1.4362564285800001,1.2930110470899996,1.6603725824000015
CNc1cc(Nc2cccn(-c3ccccn3)c2=O)nn2c(C(=O)N[C@@H]3C[C@@H]3F)cnc12,0.991226076,train,random,5,,,,
CN(c1ncc(F)cn1)[C@H]1CCCNC1,2.0,train,random,5,,,,
CC(C)(O)CCn1cc2cc(NC(=O)c3cccc(C(F)(F)F)n3)c(C(C)(C)O)cc2n1,1.015611205,train,random,5,,,,
CC#CC(=O)N[C@H]1CCCN(c2c(F)cc(C(N)=O)c3[nH]c(C)c(C)c23)C1,0.163856803,train,random,5,,,,
COc1ccc(Cl)cc1C(=O)NCCc1ccc(S(=O)(=O)NC(=O)NC2CCCCC2)cc1,-0.91721463,train,random,5,,,,
C=CC(=O)N1CCC[C@@H](n2nc(-c3ccc(Oc4ccccc4)cc3)c3c(N)ncnc32)C1,0.62603,train,random,5,,,,
CC(C)NC(=O)COc1cccc(-c2nc(Nc3ccc4[nH]ncc4c3)c3ccccc3n2)c1,-1.384078213,train,random,5,,,,
CCS(=O)(=O)N1CC(CC#N)(n2cc(-c3ncnc4[nH]ccc34)cn2)C1,1.378597739,train,random,5,,,,
COc1ccc(S(=O)(=O)N2CCC(N3CCC(C)CC3)CC2)cc1,1.729799023,train,random,5,,,,
CCn1c(-c2nonc2N)nc2cnc(Oc3cccc(NC(=O)c4ccc(OCCN5CCOCC5)cc4)c3)cc21,-0.449771647,train,random,5,,,,
Cc1c[nH]c2nccc(Oc3c(F)cc(Nc4cc(Cl)nc(N)n4)cc3F)c12,-1.22184875,train,random,5,,,,
CCCc1cc(N2CCc3c(nc(C4CC4)n3C)C2)n2ncnc2n1,1.677187053,train,random,5,,,,
Nc1c(F)ccc2cnc(-n3ccc4ccncc43)cc12,0.713910354,train,random,5,,,,
[2H]C([2H])([2H])NC(=O)c1nnc(NC(=O)C2CC2)cc1Nc1cccc(-c2ncn(C)n2)c1OC,1.186566481,train,random,5,,,,
C=CC(=O)N1CCC(CNc2ncnc(N)c2-c2ccc(Oc3ccccc3)cc2)CC1,0.752995432,train,random,5,,,,
Nc1n[nH]cc1-c1cc(Cl)ccc1Oc1cc(F)c(S(=O)(=O)Nc2cscn2)cc1Cl,-0.354577731,train,random,5,,,,
Cn1cc(-c2cn3nccc3c(-c3cnn([C@]4(CC#N)C[C@@H](C#N)C4)c3)n2)cn1,1.559583476,train,random,5,,,,
O=C(c1ccc(Oc2ccccc2)cc1Cl)c1c[nH]c2ncnc(N[C@@H]3CC[C@@H](CO)OC3)c12,-0.467245621,train,random,5,,,,
CC(C)(C)c1ccc(-c2nc3n(c(=O)c2C#N)CCS3)cc1,0.731266349,train,random,5,,,,
C=CC(=O)Nc1cccc(Oc2nc(Nc3ccc(N4CCN(C)CC4)cc3)nc3ccsc23)c1,-0.049635146,train,random,5,,,,
CC#CC(=O)N1CC[C@@H](n2c(=O)n(-c3ccc(Oc4ccccc4)cc3)c3c(N)ncnc32)C1,0.935859798,train,random,5,,,,
C=CC(=O)N1CCC([C@@H]2CCNc3c(C(N)=O)c(-c4ccc(Oc5ccccc5)cc4)nn32)CC1,0.968996327,train,random,5,,,,
CC(C)(C=C(C#N)C(=O)N1CCC[C@@H](n2nc(-c3ccc(Oc4ccccc4)cc3F)c3c(N)ncnc32)C1)N1CCN(C2COC2)CC1,0.276231958,train,random,5,,,,
CC#CC(=O)N1CC[C@@H](n2cc(-c3ccc(Oc4c(F)cccc4F)cc3)c3c(N)n[nH]c(=O)c32)C1,-0.073143291,train,random,5,,,,
C=CC(=O)Nc1cccc(Oc2nc(Nc3ccc(N4CCN(C)CC4)c(F)c3)nc3[nH]ccc23)c1,0.039414119,train,random,5,,,,
C[C@@H]1c2nnn(-c3ncc(F)cn3)c2CCN1C(=O)c1cccc(C(F)(F)F)c1Cl,0.969089603,train,random,5,,,,
COc1ccccc1-c1cc(NC(=O)c2cccc(N3CCNC3=O)c2)[nH]n1,-0.397940009,train,random,5,,,,
Nc1ncc(-c2cccc(C(F)(F)F)c2)c(C2CCCCN2C(=O)c2ccccc2)n1,-0.04431225,train,random,5,,,,
Fc1ccccc1-c1c[nH]nc1C1CCCN1Cc1ccc2ncccc2c1,0.545801757,train,random,5,,,,
Cc1nccc(-c2cn(Cc3ccccc3)c3cnccc23)n1,1.122707254,train,random,5,,,,
CCc1nc(C)cn2nc(-c3cc(=O)n4cc(C5CCN(C)CC5)cc(C)c4n3)cc12,0.868232868,train,random,5,,,,
Cc1c(Cl)ccc2cc3n(c12)[C@@H](C)CNC3=O,0.328379603,train,random,5,,,,
Nc1ncnc2c1c(-c1ccc(Oc3ccccc3)cc1)nn2[C@@H]1CCCNC1,0.956648579,train,random,5,,,,
COc1nn(C)cc1C(=O)Nc1cccc(-c2cnc3n2CCC3)c1,0.866877814,train,random,5,,,,
COc1cc(F)ccc1-c1ncnc(Nc2cccc(C[S@@](C)(=N)=O)c2)n1,1.594922663,train,random,5,,,,
Cc1ncc(CN2CC[C@@H](Nc3cncc(Cl)n3)[C@@H](C)C2)s1,1.205461507,train,random,5,,,,
Cc1ccc(C(=O)N2CCC(Cc3ccccc3-c3ccccc3)(C(=O)N(C)C)CC2)s1,-0.293282218,train,random,5,,,,
CCc1nc2c(C)cc(N3CCN(CC(=O)N4CC(O)C4)CC3)cn2c1N(C)c1nc(-c2ccc(F)cc2)c(C#N)s1,-0.204728421,train,random,5,,,,
C[C@@H]1CCN(C(=O)CC#N)C[C@@H]1N(C)c1ncnc2[nH]ccc12,1.991815076,train,random,5,,,,
CN(C)C(=O)C1(Cc2ccccc2-c2ccccc2)CCN(C(=O)C2CCCO2)CC1,0.902546779,train,random,5,,,,
O=C1CN(c2ccc(Nc3nccc(C(F)(F)F)n3)cn2)CCN1,1.543819805,train,random,5,,,,
O=C1NCCN(C(=O)c2ccc3nccn3c2)C1c1ccccc1C(F)(F)F,1.851001366,train,random,5,,,,
Cc1cc(F)ccc1C1C(=O)NCCN1C(=O)c1ccc2nccn2c1,1.78096503,train,random,5,,,,
C[C@H]1CN(C(=O)CC(c2ccccc2)c2ccccc2)C[C@@H](C)O1,1.188253327,train,random,5,,,,
CN1[C@H]2CC[C@@H]1C[C@@H](OC(c1ccccc1)c1ccccc1)C2,1.106122874,train,random,5,,,,
OC[C@H](Nc1cncc(-c2ccc3[nH]ncc3n2)c1)c1ccccc1,1.017826038,train,random,5,,,,
Cc1ncsc1C(=O)N1CCCCC1c1nc(N(C)C)ncc1-c1cccc(Cl)c1,-0.083019953,train,random,5,,,,
OCC1CCCCN1Cc1ccc(Cl)c(Cl)c1,1.390069186,train,random,5,,,,
CC(=O)N1CCN(c2nc(C(F)(F)F)nc3sc(C)c(C)c23)CC1,0.13481437,train,random,5,,,,
c1ccc(Oc2cccc(CN(CCN3CCOCC3)Cc3cccnc3)c2)cc1,-0.222573178,train,random,5,,,,
COc1ccc([C@H]2CN(C(C)=O)[C@@H]3CCCN(Cc4cccc(F)c4)[C@H]23)cc1,0.595385981,train,random,5,,,,
Cc1c(C(=O)NCCCN(C)C)sc2ncnc(Nc3ccc(F)cc3OC(C)C)c12,0.741821047,train,random,5,,,,
OCC1CCCCN1Cc1ccc(-c2ccccc2)cc1,1.368007805,train,random,5,,,,
Nc1ncc(C(=O)NC2CN(C(=O)C3CC3)C2)c2ccc(-c3cccc(F)c3)nc12,0.623352682,train,random,5,,,,
CC1(C)CC(Oc2ccc(-c3ccc(-c4cn[nH]c4)cc3O)nn2)CC(C)(C)N1,1.199947058,train,random,5,,,,
Cc1nnc(-c2ccc3occ(-c4ccc(S(C)=O)cc4)c3c2)o1,0.193402903,train,random,5,,,,
Cc1ncsc1C(=O)N1CCCCC1c1nc(N)ncc1-c1cccc(C(F)(F)F)c1,0.615318657,train,random,5,,,,
O=C(Nc1ccc2ccccc2n1)c1ccc(N2CCOC2=O)cc1,0.449015316,train,random,5,,,,
O=C(CCNC(=O)c1ccc(OC(F)(F)F)cc1)N[C@@H]1CCCc2ccccc21,0.526080692,train,random,5,,,,
O=S(=O)(c1cccc2cnccc12)N1CCCNCC1,1.892077899,train,random,5,,,,
C=CC(=O)Nc1cccc(Oc2nc(Nc3ccc(N4CCN(C)CC4)cc3)nc3ccoc23)c1,0.146128036,train,random,5,,,,
CCN1CCN(S(=O)(=O)Cc2ccc(Cl)c(Cl)c2)CC1,1.249124949,train,random,5,,,,
CCn1c(CO)nn(-c2cc(O[C@@H](C)C(F)(F)F)c(C(=O)Nc3c(F)cccc3Cl)cc2F)c1=O,0.975753389,train,random,5,,,,
CCN(C/C=C\c1ccc(C2CCCCC2)c(Cl)c1)C1CCCCC1,-0.853871964,train,random,5,,,,
NCCN1CCN(C/C=C/C(=O)N2CCC[C@@H](n3nc(-c4ccc(Oc5ccccc5)cc4)c4c(N)ncnc43)C2)CC1,0.699837726,train,random,5,,,,
Cn1c(C2CC2)nc2c1CCN(c1ncnc3ccsc13)C2,1.237065953,train,random,5,,,,
COc1nn(C)cc1C(=O)Nc1cccc2cnccc12,1.504729052,train,random,5,,,,
CNC(=O)C1(Cc2ccc(-c3ccncc3)cc2)CCN(Cc2cccc(F)c2)C1,1.10503305,train,random,5,,,,
Cc1ncc(CN2CCC(Nc3ccc4nnnn4n3)C(C)C2)s1,1.652285029,train,random,5,,,,
Cc1nc(Nc2nccs2)cc(C2CN(c3ncccn3)C2)n1,0.444669231,train,random,5,,,,
COc1ccc(Nc2c(C#N)cnc3cc(OC)c(OC)cc23)cc1Cl,-0.033858267,train,random,5,,,,
COc1ccc(CCCN2CCN(c3cnn(C)c3)C(=O)C2)cc1F,1.343408594,train,random,5,,,,
CN(Cc1ccccc1)C1(C(=O)N2CCNC(=O)CC2)Cc2ccccc2C1,0.904931827,train,random,5,,,,
Cc1c(F)cccc1NC(=O)CN1[C@H]2CCCC(=O)N[C@@]2(C)C[C@H]1Cc1ccccc1,0.595275712,train,random,5,,,,
CCC1=C(C)CN(C(=O)NCCc2ccc(S(=O)(=O)NC(=O)N[C@H]3CC[C@H](C)CC3)cc2)C1=O,-1.180456064,train,random,5,,,,
O=S(=O)(c1cccc2c(O)nccc12)N1CCCNCC1,1.850223373,train,random,5,,,,
Cc1ccc(NC(=O)CN2[C@H]3CCCC(=O)N[C@@]3(C)C[C@H]2Cc2ccccc2)cc1F,-0.137272472,train,random,5,,,,
COCC(=O)N1CCC(Cc2ccccc2-c2cccc(F)c2)(C(=O)NC(C)C)CC1,0.596597096,train,random,5,,,,
COc1ccc(CNC(=O)c2sc3nc(C)cc(C)c3c2N)cc1,-0.356547324,train,random,5,,,,
Cn1cc(Nc2nc(N)nc(-c3cccc(-n4ccc5cc(C6CC6)cc(F)c5c4=O)c3CO)n2)cn1,0.850401148,train,random,5,,,,
Cc1cnc(C(=O)NCCc2ccc(S(=O)(=O)NC(=O)NC3CCCCC3)cc2)cn1,0.01745073,train,random,5,,,,
CNC(=O)C1(Cc2ccc(-c3cccnc3)cc2)CCN(Cc2ccc(F)cc2)C1,1.021602716,train,random,5,,,,
CNC(=O)C1(Cc2ccc(-c3cccnc3)cc2)CCN(Cc2cccc(F)c2)C1,0.829753919,train,random,5,,,,
CC(=O)Nc1ncc(CN2CCCC[C@@H]2C)s1,2.0,train,random,5,,,,
CCOc1cc(CC(=O)N[C@@H](CC(C)C)c2ccccc2N2CCCCC2)ccc1C(=O)O,0.106870544,train,random,5,,,,
CC(O)(C#Cc1ccc2c(c1)N(c1nc(N)ncc1Cl)CC2)c1nccs1,-0.122628654,train,random,5,,,,
COCCc1noc(CN2CC(c3ccccc3)(c3ccccc3)CCC2=O)n1,1.167051359,train,random,5,,,,
Cc1oc2ccccc2c1CNc1nnc(-c2ccncc2)o1,0.717254313,train,random,5,,,,
C[C@@H]1Cc2ccccc2N1C(=O)Cn1nc(-c2cccc3ncccc23)oc1=O,0.224014811,train,random,5,,,,
Nc1ncnc2c1c(-c1cnc3[nH]ccc3c1)nn2C1CCCC1,0.862608364,train,random,5,,,,
O=C(Nc1cnccc1-c1ccc(Cl)cc1)c1ccnc(NC(=O)C2CC2)c1,0.369957607,train,random,5,,,,
CN1C(N)=N[C@](C)(c2cc(NC(=O)c3ccc(F)cn3)ccc2F)CS1(=O)=O,1.560468571,train,random,5,,,,
CCCCNC(=O)NS(=O)(=O)c1ccc(C)cc1,0.439332694,train,random,5,,,,
Cc1cc(Nc2cnccn2)cc(C2CCCN(CC(=O)N3CCCC3)C2)n1,1.642246824,train,random,5,,,,
Cc1cccnc1Nc1cccc(C2CCCN(CC(=O)Nc3nccs3)C2)n1,0.180699201,train,random,5,,,,
CC1(C)CC(=O)C2=C(C1)NC(=O)CC2c1ccc(Br)cc1,1.159236233,train,random,5,,,,
CN1CCN(S(=O)(=O)c2ccc(-c3cnc(N)c(C(=O)Nc4cccnc4)n3)cc2)CC1,1.078638038,train,random,5,,,,
CNC(=O)C1(Cc2ccc(-c3cccnc3)cc2)CCN(Cc2ccccc2Cl)C1,0.387567779,train,random,5,,,,
Cc1cc(N2CCCC2c2cc(CCC(=O)O)cc(C)n2)ncn1,2.0,train,random,5,,,,
CCCNC(=O)NS(=O)(=O)c1ccc(Cl)cc1,0.969835093,train,random,5,,,,
O=C(CN1CCCC(c2cccc(Cc3cccc(F)c3)n2)C1)N1CCCC1,1.062130535,train,random,5,,,,
Cc1cc(C)c2c(N)c(C(=O)NCc3ccc(Cl)cc3)sc2n1,-0.370590401,train,random,5,,,,
COCCNC(=O)c1ccnc(C2CCNCC2)c1,2.0,train,random,5,,,,
COc1nc2sc(C(=O)NC3CC3)c(N)c2c(C)c1Cl,0.245512668,train,random,5,,,,
Cc1cc(N2CCCC2)nc(C2CCCN(C)C2)n1,2.0,train,random,5,,,,
O=C1NCCSc2c1sc1ccc(O)cc21,0.891593204,train,random,5,,,,
CCn1cc(C(=O)O)c(=O)c2c(N)c(F)c(NC3CCCCC3)cc21,0.427486109,train,random,5,,,,
C[C@H]1CN(C2COC2)CCN1c1ccc(Nc2cc(-c3ccnc(N4CCn5c(cc6c5CC(C)(C)C6)C4=O)c3CO)cn(C)c2=O)nc1,1.209139536,train,random,5,,,,
C=CC(=O)Nc1cccc(Nc2nc(Nc3ccc(Oc4ccnc(C(=O)NC)c4)cc3)ncc2F)c1,-0.403402904,train,random,5,,,,
CC#CC(=O)N1CCC[C@@H]1c1nc(-c2ccc(C(=O)Nc3ccccn3)cc2)c2c(N)nccn12,0.975868182,train,random,5,,,,
CC(=O)NCCNc1cc(Cl)nn2c(-c3cccc(S(=O)(=O)N(C)C)c3)c(C)nc12,0.681693392,train,random,5,,,,
Cc1c[nH]c(=O)n1-c1ccc(C(=O)Nc2ccc3ccccc3n2)cc1,0.639386869,train,random,5,,,,
COc1ccc(OCC(=O)Nc2cccc(Cl)c2N2CCN(C(C)=O)CC2)cc1,0.700790221,train,random,5,,,,
c1ccc(-c2ccc(CN3CCCCCCC3)cc2)cc1,-0.614393726,train,random,5,,,,
CC(=O)N1CCN(c2c(Cl)cccc2NC(=O)COc2ccccc2Cl)CC1,0.256958153,train,random,5,,,,
CCC(=O)N1CCN(c2ccc(Cl)cc2NC(=O)COc2ccccc2)CC1,0.250420002,train,random,5,,,,
Cc1ccc(Oc2ccc(Cl)cc2NC(=O)CN(C)CC(=O)N(C)C)cc1,-0.053056729,train,random,5,,,,
CC1(C)Cc2cc(NC(=O)c3cnn4cccnc34)c(OCC3CC3)nc2O1,-0.199970641,train,random,5,,,,
N#Cc1cc(F)c(NS(=O)(=O)c2c[nH]c3cc(Cl)ccc23)cc1F,-0.026872146,train,random,5,,,,
COc1cc2c(cc1OC)CN(CCc1ccc(NC(=O)c3cccc4c(O)c5cccc(OC)c5nc34)cc1)CC2,-1.207608311,train,random,5,,,,
COc1ccc([C@H]2c3[nH]c4ccc(Cl)cc4c3CCN2C(=O)Oc2ccc(Cl)cc2)cc1,1.51293775,train,random,5,,,,
NC(=O)C1(Cc2ccc(-c3ccncc3)cc2)CCN(C(=O)Cc2cccc(F)c2)CC1,1.006508828,train,random,5,,,,
CC(=O)Nc1ccc(O)cc1,1.887859133,train,random,5,,,,
Cc1cccc(/C=N/Nc2cc(N3CCOCC3)nc(OCCc3ccccn3)n2)c1,-0.548213564,train,random,5,,,,
CCn1c(=O)oc2cc(NC(=O)c3ccc(C(C)(C)C)cc3)ccc21,0.21005085,train,random,5,,,,
N#Cc1ccc(COc2cccc(C3CCN(Cc4nc5ccc(C(=O)O)cc5n4C[C@@H]4CCO4)CC3)n2)c(F)c1,0.402433346,train,random,5,,,,
CC(C)[C@H](CO)Nc1nc(Nc2cc(N)cc(Cl)c2)c2ncn(C(C)C)c2n1,-0.061980903,train,random,5,,,,
O=C(NC1CCNCC1)c1ccc2cn[nH]c2c1,2.0,train,random,5,,,,
CC(C)(C)OC(=O)N1CCCC1C(=O)N1CCC(C(=O)N[C@@H](Cc2c[nH]c3ccccc23)C(=O)O)CC1,1.691832676,train,random,5,,,,
O=C(Nc1cccc2c(=O)cc(-c3nnn[nH]3)oc12)c1ccc(OCCCCc2ccccc2)cc1,0.582744966,train,random,5,,,,
CC(=O)Nc1ncc(C(=O)O)s1,1.81935965,train,random,5,,,,
Cc1cccc(-c2nc(C34CCC(C(N)=O)(CC3)CC4)[nH]c2-c2ccc3c(c2)OCO3)n1,1.02011257,train,random,5,,,,
COc1cc2nc(-c3cc(F)ccc3O)nc(N[C@@H]3CNC[C@H]3C(C)(C)O)c2cc1OC.Cl,-1.119186408,train,random,5,,,,
CC(C)[C@@](C)(O)[C@@H]1CN(c2nc(-c3n[nH]c4ncccc34)c(F)cc2Cl)CCN1,1.302460808,train,random,5,,,,
CCCS(=O)(=O)Nc1ccc(F)c(C(=O)c2c[nH]c3ncc(-c4ccc(Cl)cc4)cc23)c1F,-1.59345982,train,random,5,,,,
Cc1ccc(OCC2(O)CCN(CC3(O)CCN(c4ccccc4C)CC3)CC2)cc1,-0.040481623,train,random,5,,,,
CN(C(=O)c1cc(N2CCNC2=O)ccc1F)C1CCNC1,1.885728632,train,random,5,,,,
O=C(Nc1cccc(N2CCNC2=O)c1)C1NCC12CCCC2,1.718202645,train,random,5,,,,
Cn1c(-c2n[nH]c3c2CCCC3)nnc1N1CCC2(CNC(=O)C2)C1,1.792986685,train,random,5,,,,
O=C(NCCc1ccccc1)c1ccc(NC(=O)N2CCCCc3ccccc32)cc1,0.075911761,train,random,5,,,,
CC(C)(C)c1ccc(C(O)CN2CCC(O)(c3ccc4c(c3)OCO4)CC2)cc1,0.779018972,train,random,5,,,,
NC[C@H]1CC[C@@H](C(=O)Nc2ccc3[nH]ncc3c2)O1,1.981999714,train,random,5,,,,
CN(C(=O)c1cc(N2CCNC2=O)ccc1F)C1CCC(N)CC1,1.828717885,train,random,5,,,,
NC1CC(NC(=O)c2ccc(-c3cn[nH]c3)cn2)C12CCC2,1.709702344,train,random,5,,,,
NC1CCC(C(=O)N2CCC(c3c[nH]c4ncccc34)CC2)C1,1.917395215,train,random,5,,,,
NC1CCCC(C(=O)N2CCC(c3c[nH]c4ncccc34)CC2)C1,1.752816431,train,random,5,,,,
O=C(NC12CCCC1NCC2)c1ccc(-c2cn[nH]c2)cc1,2.0,train,random,5,,,,
Cc1nc2cc(C(=O)NC34CCCC3NCC4)ccc2c(=O)[nH]1,1.866494097,train,random,5,,,,
CNc1nc(C)cc(C(=O)Nc2ccc3[nH]ncc3c2)n1,1.493625323,train,random,5,,,,
O=C(Nc1ccc(CN2CCCCC2)cc1)c1ccnc2[nH]cnc12,1.767526899,train,random,5,,,,
CCc1c[nH]c2ncnc(N3CCC(CN4CCN(C)CC4)CC3)c12,1.728012707,train,random,5,,,,
NC(=O)c1cnc(N2CCc3[nH]nc(C(F)(F)F)c3C2)c(Cl)c1,0.986009932,train,random,5,,,,
NC1CCCC(C(=O)Nc2cccc(N3CCNC3=O)c2)C1,1.763113391,train,random,5,,,,
CC1CC(N)CCN1C(=O)c1cc(N2CCNC2=O)c(F)cc1F,1.833504094,train,random,5,,,,
c1sc(NCC2CCCO2)nc1C12CC3CC(CC(C3)C1)C2,-1.096910013,train,random,5,,,,
CCOc1cc2nn(CCC(C)(C)O)cc2cc1NC(=O)c1cccc(C(F)F)n1,0.099680641,test,random,5,0.7528795346799998,0.61669236808,0.9079749692599998,0.4032158375299999
CC(C)(Oc1ccc(-c2cnc(N)c(-c3ccc(Cl)cc3)c2)cc1)C(=O)O,-1.158015195,test,random,5,0.35296652121000016,0.28508106650999987,0.41049939582000017,0.2619658730700001
COc1cc2c(cc1OC)CC(=O)N(CCCN(C)C[C@H]1Cc3cc(OC)c(OC)cc31)CC2,1.730984039,test,random,5,0.7267463181800001,0.6302818911800001,0.33335695042999997,0.14998691968000005
Fc1ccc(-c2ccc3c(c2)[nH]c2ccncc23)cn1,0.653405491,test,random,5,1.1268214097199996,0.7435831889400001,0.69089952448,0.7293567169300004
C=CC(=O)N1C[C@H](Nc2ncnc3[nH]ccc23)CC[C@@H]1C,1.828227965,test,random,5,1.13404600035,1.4155813888699997,1.3488511219000001,1.8799680536800003
Cn1cc(Nc2nccc(N3CC4CCC(C3)N4C(=O)[C@@H]3CC3(F)F)n2)cn1,1.642995934,test,random,5,1.1880228846100003,1.20585915058,1.00060802846,1.46513621678
Cc1c(-c2c(F)cc(C(N)=O)c3[nH]c4c(c23)CC[C@H](C(C)(C)O)C4)cccc1-n1c(=O)c2cccc(F)c2n(C)c1=O,0.436162647,test,random,5,0.6278482584100002,0.2998315557499999,0.62126683915,0.20662894766
N#CC[C@H](C1CCCC1)n1cc(-c2ncnc3[nH]ccc23)cn1,0.630986911,test,random,5,1.3107436677200002,1.3190869351600003,0.7964073759000001,0.7338194964700006
C=CC(=O)N1CCC[C@H](n2c(=O)n(-c3ccc(Oc4ccccc4)cc3)c3c(N)ncnc32)C1,0.983851719,test,random,5,0.6967915506799999,0.7311197996400002,0.6432723206000003,0.62818930412
O=C(Nc1cccc(-c2nncn2C2CC2)c1)c1cc(-n2cnc(C3CC3)c2)ccn1,0.262925469,test,random,5,0.9076503988599999,0.71727075628,1.0990614883400007,0.68440535957
Cc1nnc(CN(C)CC(C)Oc2ccc(Cl)c(Cl)c2)n1C,0.926290987,test,random,5,0.6327734737199999,0.7300525618800006,0.5523607867000002,0.58464673057
CC(=O)Nc1ccc(C(=O)N2CCCCC2c2nc(N)ncc2-c2ccc(Cl)cc2)cc1,0.596926814,test,random,5,0.8346221489400004,0.33232228375999995,0.4346067991100002,0.1713916193199998
CC(=O)Nc1ccc(C(=O)N2CCCCC2c2nc(N)ncc2-c2cccc(Cl)c2)cc1,0.520483533,test,random,5,0.6845819376900003,0.32653205556,0.3904527771400002,0.1929834904999998
O=C1NCCN(C(=O)c2ccncc2)C1c1ccccc1Cl,1.876996793,test,random,5,1.4274447309400005,1.1197919618100003,1.4501653854399998,1.4920847319600008
CC(C)(C)C(=O)N1CCC(Cc2ccc(-c3cccs3)cc2)(C(=O)N2CCCC2)CC1,-0.1837587,test,random,5,0.7457796903600001,0.6555659739099999,0.6030508740200001,0.18960801641999978
COc1ccccc1C(=O)Nc1ccc2cc[nH]c2c1,0.505149978,test,random,5,0.9606452852500003,0.7121070782900002,0.75351027058,0.5595268483499999
O=C(Nc1nc2cccc(-c3ccc(CN4CCS(=O)(=O)CC4)cc3)n2n1)C1CC1,1.681349797,test,random,5,0.8482369895499999,0.54637942852,0.9236980057000003,1.1385514769200002
CC/C(=C(\c1ccccc1)c1ccc(OCCN(C)C)cc1)c1ccccc1,-0.580044252,test,random,5,0.44116810790000005,0.13371374803,0.31953595177,-0.023084951889999972
Cc1noc(C(C)C)c1C(=O)N1CC(C)OC(c2ccccc2)C1,1.180469962,test,random,5,0.8699752880199995,0.9337797848600001,1.2180335574200003,0.7831908928200002
CN(C)C(=O)C1(Cc2ccccc2-c2cccc(F)c2)CCN(C(=O)C2CC=CCC2)CC1,-0.104025268,test,random,5,0.71918821911,0.6105810341600002,0.7317749956600003,0.41362736713999987
C#C[C@@](C)(CC)NC(=O)c1cc(F)cnc1NC1CC(F)(F)C1,0.671265433,test,random,5,1.19797704069,1.13649085326,0.9405420123899999,0.5552449576600003
O=C1CCCC[C@@H]2[C@H](C[C@@H](Cc3ccccc3F)N2C(=O)c2cccc3ncccc23)N1,1.277998644,test,random,5,0.9521371218500001,0.5570269218400001,0.8122736017,0.5269818972300002
Cc1[nH]nc2c1C1(CCCCC1)CC(=O)N2,1.323066376,test,random,5,1.2279619539200004,1.3607861563300006,0.9430715655999999,1.8698086582099998
O=C(Nc1cccc2ncccc12)[C@H]1CCCN(S(=O)(=O)c2ccccc2)C1,1.222560409,test,random,5,0.8894329400700002,0.52733047541,0.7585500551899999,0.3821993005200001
CC1CN(C(=O)c2cccnc2N2CCOCC2)CC(c2ccccc2)O1,1.573185017,test,random,5,0.6698300792699999,0.9958031350199996,1.3409319152100008,1.4512824650500002
CN(C)C(=O)C1(Cc2ccccc2-c2ccccc2)CCN(C(=O)c2cnn(C)c2)CC1,1.041353202,test,random,5,0.5795942979999998,0.5233970990899999,0.74986901428,0.7672838464599997
COc1cc2ncnc(Nc3cccc(O)c3)c2cc1OC,0.994317153,test,random,5,0.48761542408,0.5081551604300004,0.18651551231000008,0.5144911202500001
CC1(CNC(=O)c2cncc(C3CCNCC3)n2)CCCO1,1.988550039,test,random,5,1.5919167328400001,1.6517090652199995,1.3668962897800006,1.8148731164699996
C=CC(=O)N(C)CCOc1c(N)ncnc1-c1cc(F)cc(NC(=O)c2ccc(C3CC3)cc2F)c1C,0.838502776,test,random,5,0.7946352806000005,0.3269955258599999,0.4888076679200001,0.1818685880300001
CNC(=O)c1cccc(NC(=O)N2CCC(Oc3ccccc3Cl)CC2)c1,1.068760828,test,random,5,0.6519056528200001,0.39648933243,0.37649633683000006,0.35460201386
CCCc1nc2nc(C)c(NS(=O)(=O)c3ccc(C4CCCCC4)cc3)c(O)n2n1,-0.218963061,test,random,5,0.7338246271599997,0.3931486485,0.6650393696000001,0.3376235591100001
O=C(NC1CCNCC1)c1ccc2[nH]ncc2c1,1.842696589,test,random,5,1.8827484804599997,1.86876341935,1.37428061864,1.9539758518400003
COc1ccc(OC[C@@H]2c3cc(OC)c(OC)cc3CCN2C(=O)c2cccc(Cl)c2)cc1,-0.116906641,test,random,5,0.3073791199299998,0.3468663183899999,0.22259942037999994,0.09473745121000002
Cc1nnc(-c2ccc(N3CCC(Oc4cc(F)ccc4Cl)CC3)nn2)o1,0.161068385,test,random,5,0.7958303213100002,0.62503886393,0.74930780735,0.4982929408199999
Cc1cn2nc(-c3cc(=O)n4cc(N5CCNC6(CC6)C5)ccc4n3)cc(C)c2n1,0.985246791,test,random,5,0.9951493332900008,0.6370153911600002,0.9453130876700002,1.31854016381
NCC1CCCC1NC(=O)c1cc(N2CCNC2=O)ccc1F,1.87495702,test,random,5,1.7062016883800004,1.63947556971,1.5390400854100006,1.7795177455900002
Cc1nnc(-c2ccc(N3CCC(Oc4ccccc4C(F)(F)F)CC3)nn2)s1,-0.906578315,test,random,5,1.0174716733700004,0.6764138406199999,0.36891786479000005,0.39744787748000016
NC1CCCC1C(=O)N1CCC(c2c[nH]c3ncccc23)CC1,1.71701274,test,random,5,1.4539306227300006,1.741405106860001,1.64346168486,1.8327632810499999
NC1CCCC(C(=O)Nc2ccc3[nH]ncc3c2)C1,2.0,test,random,5,1.5134045000800007,1.5828805692699999,1.6958792026999998,1.8995107387799999
CCOc1cc2nn(CCC(C)(C)O)cc2cc1NC(=O)c1cccc(C(F)F)n1,0.099680641,train,random,6,,,,
CN(c1ncc(F)cn1)[C@H]1CCCNC1,2.0,train,random,6,,,,
CC(C)(Oc1ccc(-c2cnc(N)c(-c3ccc(Cl)cc3)c2)cc1)C(=O)O,-1.158015195,train,random,6,,,,
CC(C)(O)CCn1cc2cc(NC(=O)c3cccc(C(F)(F)F)n3)c(C(C)(C)O)cc2n1,1.015611205,train,random,6,,,,
CC(C)NC(=O)COc1cccc(-c2nc(Nc3ccc4[nH]ncc4c3)c3ccccc3n2)c1,-1.384078213,train,random,6,,,,
CCS(=O)(=O)N1CC(CC#N)(n2cc(-c3ncnc4[nH]ccc34)cn2)C1,1.378597739,train,random,6,,,,
COc1ccc(S(=O)(=O)N2CCC(N3CCC(C)CC3)CC2)cc1,1.729799023,train,random,6,,,,
Cc1c[nH]c2nccc(Oc3c(F)cc(Nc4cc(Cl)nc(N)n4)cc3F)c12,-1.22184875,train,random,6,,,,
COc1cc2c(cc1OC)CC(=O)N(CCCN(C)C[C@H]1Cc3cc(OC)c(OC)cc31)CC2,1.730984039,train,random,6,,,,
CCCc1cc(N2CCc3c(nc(C4CC4)n3C)C2)n2ncnc2n1,1.677187053,train,random,6,,,,
Fc1ccc(-c2ccc3c(c2)[nH]c2ccncc23)cn1,0.653405491,train,random,6,,,,
Nc1c(F)ccc2cnc(-n3ccc4ccncc43)cc12,0.713910354,train,random,6,,,,
C=CC(=O)N1C[C@H](Nc2ncnc3[nH]ccc23)CC[C@@H]1C,1.828227965,train,random,6,,,,
Cn1cc(Nc2nccc(N3CC4CCC(C3)N4C(=O)[C@@H]3CC3(F)F)n2)cn1,1.642995934,train,random,6,,,,
[2H]C([2H])([2H])NC(=O)c1nnc(NC(=O)C2CC2)cc1Nc1cccc(-c2ncn(C)n2)c1OC,1.186566481,train,random,6,,,,
C=CC(=O)N1CCC(CNc2ncnc(N)c2-c2ccc(Oc3ccccc3)cc2)CC1,0.752995432,train,random,6,,,,
Nc1n[nH]cc1-c1cc(Cl)ccc1Oc1cc(F)c(S(=O)(=O)Nc2cscn2)cc1Cl,-0.354577731,train,random,6,,,,
Cc1c(-c2c(F)cc(C(N)=O)c3[nH]c4c(c23)CC[C@H](C(C)(C)O)C4)cccc1-n1c(=O)c2cccc(F)c2n(C)c1=O,0.436162647,train,random,6,,,,
Cn1cc(-c2cn3nccc3c(-c3cnn([C@]4(CC#N)C[C@@H](C#N)C4)c3)n2)cn1,1.559583476,train,random,6,,,,
O=C(c1ccc(Oc2ccccc2)cc1Cl)c1c[nH]c2ncnc(N[C@@H]3CC[C@@H](CO)OC3)c12,-0.467245621,train,random,6,,,,
N#CC[C@H](C1CCCC1)n1cc(-c2ncnc3[nH]ccc23)cn1,0.630986911,train,random,6,,,,
CC(C)(C)c1ccc(-c2nc3n(c(=O)c2C#N)CCS3)cc1,0.731266349,train,random,6,,,,
C=CC(=O)Nc1cccc(Oc2nc(Nc3ccc(N4CCN(C)CC4)cc3)nc3ccsc23)c1,-0.049635146,train,random,6,,,,
CC#CC(=O)N1CC[C@@H](n2c(=O)n(-c3ccc(Oc4ccccc4)cc3)c3c(N)ncnc32)C1,0.935859798,train,random,6,,,,
C=CC(=O)N1CCC([C@@H]2CCNc3c(C(N)=O)c(-c4ccc(Oc5ccccc5)cc4)nn32)CC1,0.968996327,train,random,6,,,,
C=CC(=O)N1CCC[C@H](n2c(=O)n(-c3ccc(Oc4ccccc4)cc3)c3c(N)ncnc32)C1,0.983851719,train,random,6,,,,
CC(C)(C=C(C#N)C(=O)N1CCC[C@@H](n2nc(-c3ccc(Oc4ccccc4)cc3F)c3c(N)ncnc32)C1)N1CCN(C2COC2)CC1,0.276231958,train,random,6,,,,
CC#CC(=O)N1CC[C@@H](n2cc(-c3ccc(Oc4c(F)cccc4F)cc3)c3c(N)n[nH]c(=O)c32)C1,-0.073143291,train,random,6,,,,
C[C@@H]1c2nnn(-c3ncc(F)cn3)c2CCN1C(=O)c1cccc(C(F)(F)F)c1Cl,0.969089603,train,random,6,,,,
COc1ccccc1-c1cc(NC(=O)c2cccc(N3CCNC3=O)c2)[nH]n1,-0.397940009,train,random,6,,,,
Nc1ncc(-c2cccc(C(F)(F)F)c2)c(C2CCCCN2C(=O)c2ccccc2)n1,-0.04431225,train,random,6,,,,
O=C(Nc1cccc(-c2nncn2C2CC2)c1)c1cc(-n2cnc(C3CC3)c2)ccn1,0.262925469,train,random,6,,,,
Fc1ccccc1-c1c[nH]nc1C1CCCN1Cc1ccc2ncccc2c1,0.545801757,train,random,6,,,,
Cc1nccc(-c2cn(Cc3ccccc3)c3cnccc23)n1,1.122707254,train,random,6,,,,
Cc1c(Cl)ccc2cc3n(c12)[C@@H](C)CNC3=O,0.328379603,train,random,6,,,,
Nc1ncnc2c1c(-c1ccc(Oc3ccccc3)cc1)nn2[C@@H]1CCCNC1,0.956648579,train,random,6,,,,
Cc1nnc(CN(C)CC(C)Oc2ccc(Cl)c(Cl)c2)n1C,0.926290987,train,random,6,,,,
COc1nn(C)cc1C(=O)Nc1cccc(-c2cnc3n2CCC3)c1,0.866877814,train,random,6,,,,
Cc1ncc(CN2CC[C@@H](Nc3cncc(Cl)n3)[C@@H](C)C2)s1,1.205461507,train,random,6,,,,
Cc1ccc(C(=O)N2CCC(Cc3ccccc3-c3ccccc3)(C(=O)N(C)C)CC2)s1,-0.293282218,train,random,6,,,,
CCc1nc2c(C)cc(N3CCN(CC(=O)N4CC(O)C4)CC3)cn2c1N(C)c1nc(-c2ccc(F)cc2)c(C#N)s1,-0.204728421,train,random,6,,,,
C[C@@H]1CCN(C(=O)CC#N)C[C@@H]1N(C)c1ncnc2[nH]ccc12,1.991815076,train,random,6,,,,
CN(C)C(=O)C1(Cc2ccccc2-c2ccccc2)CCN(C(=O)C2CCCO2)CC1,0.902546779,train,random,6,,,,
CC(=O)Nc1ccc(C(=O)N2CCCCC2c2nc(N)ncc2-c2ccc(Cl)cc2)cc1,0.596926814,train,random,6,,,,
CC(=O)Nc1ccc(C(=O)N2CCCCC2c2nc(N)ncc2-c2cccc(Cl)c2)cc1,0.520483533,train,random,6,,,,
O=C1CN(c2ccc(Nc3nccc(C(F)(F)F)n3)cn2)CCN1,1.543819805,train,random,6,,,,
Cc1cc(F)ccc1C1C(=O)NCCN1C(=O)c1ccc2nccn2c1,1.78096503,train,random,6,,,,
O=C1NCCN(C(=O)c2ccncc2)C1c1ccccc1Cl,1.876996793,train,random,6,,,,
CN1[C@H]2CC[C@@H]1C[C@@H](OC(c1ccccc1)c1ccccc1)C2,1.106122874,train,random,6,,,,
CC(C)(C)C(=O)N1CCC(Cc2ccc(-c3cccs3)cc2)(C(=O)N2CCCC2)CC1,-0.1837587,train,random,6,,,,
OC[C@H](Nc1cncc(-c2ccc3[nH]ncc3n2)c1)c1ccccc1,1.017826038,train,random,6,,,,
Cc1ncsc1C(=O)N1CCCCC1c1nc(N(C)C)ncc1-c1cccc(Cl)c1,-0.083019953,train,random,6,,,,
OCC1CCCCN1Cc1ccc(Cl)c(Cl)c1,1.390069186,train,random,6,,,,
COc1ccccc1C(=O)Nc1ccc2cc[nH]c2c1,0.505149978,train,random,6,,,,
COc1ccc([C@H]2CN(C(C)=O)[C@@H]3CCCN(Cc4cccc(F)c4)[C@H]23)cc1,0.595385981,train,random,6,,,,
Cc1c(C(=O)NCCCN(C)C)sc2ncnc(Nc3ccc(F)cc3OC(C)C)c12,0.741821047,train,random,6,,,,
Nc1ncc(C(=O)NC2CN(C(=O)C3CC3)C2)c2ccc(-c3cccc(F)c3)nc12,0.623352682,train,random,6,,,,
Cc1nnc(-c2ccc3occ(-c4ccc(S(C)=O)cc4)c3c2)o1,0.193402903,train,random,6,,,,
Cc1ncsc1C(=O)N1CCCCC1c1nc(N)ncc1-c1cccc(C(F)(F)F)c1,0.615318657,train,random,6,,,,
O=C(Nc1ccc2ccccc2n1)c1ccc(N2CCOC2=O)cc1,0.449015316,train,random,6,,,,
O=S(=O)(c1cccc2cnccc12)N1CCCNCC1,1.892077899,train,random,6,,,,
C=CC(=O)Nc1cccc(Oc2nc(Nc3ccc(N4CCN(C)CC4)cc3)nc3ccoc23)c1,0.146128036,train,random,6,,,,
CCN1CCN(S(=O)(=O)Cc2ccc(Cl)c(Cl)c2)CC1,1.249124949,train,random,6,,,,
O=C(Nc1nc2cccc(-c3ccc(CN4CCS(=O)(=O)CC4)cc3)n2n1)C1CC1,1.681349797,train,random,6,,,,
CCn1c(CO)nn(-c2cc(O[C@@H](C)C(F)(F)F)c(C(=O)Nc3c(F)cccc3Cl)cc2F)c1=O,0.975753389,train,random,6,,,,
CCN(C/C=C\c1ccc(C2CCCCC2)c(Cl)c1)C1CCCCC1,-0.853871964,train,random,6,,,,
NCCN1CCN(C/C=C/C(=O)N2CCC[C@@H](n3nc(-c4ccc(Oc5ccccc5)cc4)c4c(N)ncnc43)C2)CC1,0.699837726,train,random,6,,,,
Cn1c(C2CC2)nc2c1CCN(c1ncnc3ccsc13)C2,1.237065953,train,random,6,,,,
CC/C(=C(\c1ccccc1)c1ccc(OCCN(C)C)cc1)c1ccccc1,-0.580044252,train,random,6,,,,
COc1nn(C)cc1C(=O)Nc1cccc2cnccc12,1.504729052,train,random,6,,,,
CNC(=O)C1(Cc2ccc(-c3ccncc3)cc2)CCN(Cc2cccc(F)c2)C1,1.10503305,train,random,6,,,,
Cc1ncc(CN2CCC(Nc3ccc4nnnn4n3)C(C)C2)s1,1.652285029,train,random,6,,,,
Cc1nc(Nc2nccs2)cc(C2CN(c3ncccn3)C2)n1,0.444669231,train,random,6,,,,
COc1ccc(CCCN2CCN(c3cnn(C)c3)C(=O)C2)cc1F,1.343408594,train,random,6,,,,
Cc1noc(C(C)C)c1C(=O)N1CC(C)OC(c2ccccc2)C1,1.180469962,train,random,6,,,,
CN(Cc1ccccc1)C1(C(=O)N2CCNC(=O)CC2)Cc2ccccc2C1,0.904931827,train,random,6,,,,
Cc1c(F)cccc1NC(=O)CN1[C@H]2CCCC(=O)N[C@@]2(C)C[C@H]1Cc1ccccc1,0.595275712,train,random,6,,,,
CCC1=C(C)CN(C(=O)NCCc2ccc(S(=O)(=O)NC(=O)N[C@H]3CC[C@H](C)CC3)cc2)C1=O,-1.180456064,train,random,6,,,,
O=S(=O)(c1cccc2c(O)nccc12)N1CCCNCC1,1.850223373,train,random,6,,,,
Cc1ccc(NC(=O)CN2[C@H]3CCCC(=O)N[C@@]3(C)C[C@H]2Cc2ccccc2)cc1F,-0.137272472,train,random,6,,,,
CN(C)C(=O)C1(Cc2ccccc2-c2cccc(F)c2)CCN(C(=O)C2CC=CCC2)CC1,-0.104025268,train,random,6,,,,
C#C[C@@](C)(CC)NC(=O)c1cc(F)cnc1NC1CC(F)(F)C1,0.671265433,train,random,6,,,,
Cc1cnc(C(=O)NCCc2ccc(S(=O)(=O)NC(=O)NC3CCCCC3)cc2)cn1,0.01745073,train,random,6,,,,
CNC(=O)C1(Cc2ccc(-c3cccnc3)cc2)CCN(Cc2ccc(F)cc2)C1,1.021602716,train,random,6,,,,
CNC(=O)C1(Cc2ccc(-c3cccnc3)cc2)CCN(Cc2cccc(F)c2)C1,0.829753919,train,random,6,,,,
O=C1CCCC[C@@H]2[C@H](C[C@@H](Cc3ccccc3F)N2C(=O)c2cccc3ncccc23)N1,1.277998644,train,random,6,,,,
CCOc1cc(CC(=O)N[C@@H](CC(C)C)c2ccccc2N2CCCCC2)ccc1C(=O)O,0.106870544,train,random,6,,,,
CC(O)(C#Cc1ccc2c(c1)N(c1nc(N)ncc1Cl)CC2)c1nccs1,-0.122628654,train,random,6,,,,
Cc1[nH]nc2c1C1(CCCCC1)CC(=O)N2,1.323066376,train,random,6,,,,
O=C(Nc1cccc2ncccc12)[C@H]1CCCN(S(=O)(=O)c2ccccc2)C1,1.222560409,train,random,6,,,,
Nc1ncnc2c1c(-c1cnc3[nH]ccc3c1)nn2C1CCCC1,0.862608364,train,random,6,,,,
O=C(Nc1cnccc1-c1ccc(Cl)cc1)c1ccnc(NC(=O)C2CC2)c1,0.369957607,train,random,6,,,,
CN1C(N)=N[C@](C)(c2cc(NC(=O)c3ccc(F)cn3)ccc2F)CS1(=O)=O,1.560468571,train,random,6,,,,
CC1CN(C(=O)c2cccnc2N2CCOCC2)CC(c2ccccc2)O1,1.573185017,train,random,6,,,,
CCCCNC(=O)NS(=O)(=O)c1ccc(C)cc1,0.439332694,train,random,6,,,,
CN(C)C(=O)C1(Cc2ccccc2-c2ccccc2)CCN(C(=O)c2cnn(C)c2)CC1,1.041353202,train,random,6,,,,
CC1(C)CC(=O)C2=C(C1)NC(=O)CC2c1ccc(Br)cc1,1.159236233,train,random,6,,,,
CNC(=O)C1(Cc2ccc(-c3cccnc3)cc2)CCN(Cc2ccccc2Cl)C1,0.387567779,train,random,6,,,,
Cc1cc(N2CCCC2c2cc(CCC(=O)O)cc(C)n2)ncn1,2.0,train,random,6,,,,
CCCNC(=O)NS(=O)(=O)c1ccc(Cl)cc1,0.969835093,train,random,6,,,,
O=C(CN1CCCC(c2cccc(Cc3cccc(F)c3)n2)C1)N1CCCC1,1.062130535,train,random,6,,,,
COc1cc2ncnc(Nc3cccc(O)c3)c2cc1OC,0.994317153,train,random,6,,,,
Cc1cc(C)c2c(N)c(C(=O)NCc3ccc(Cl)cc3)sc2n1,-0.370590401,train,random,6,,,,
COCCNC(=O)c1ccnc(C2CCNCC2)c1,2.0,train,random,6,,,,
COc1nc2sc(C(=O)NC3CC3)c(N)c2c(C)c1Cl,0.245512668,train,random,6,,,,
CC1(CNC(=O)c2cncc(C3CCNCC3)n2)CCCO1,1.988550039,train,random,6,,,,
CCn1cc(C(=O)O)c(=O)c2c(N)c(F)c(NC3CCCCC3)cc21,0.427486109,train,random,6,,,,
C=CC(=O)Nc1cccc(Nc2nc(Nc3ccc(Oc4ccnc(C(=O)NC)c4)cc3)ncc2F)c1,-0.403402904,train,random,6,,,,
C=CC(=O)N(C)CCOc1c(N)ncnc1-c1cc(F)cc(NC(=O)c2ccc(C3CC3)cc2F)c1C,0.838502776,train,random,6,,,,
CC#CC(=O)N1CCC[C@@H]1c1nc(-c2ccc(C(=O)Nc3ccccn3)cc2)c2c(N)nccn12,0.975868182,train,random,6,,,,
CC(=O)NCCNc1cc(Cl)nn2c(-c3cccc(S(=O)(=O)N(C)C)c3)c(C)nc12,0.681693392,train,random,6,,,,
Cc1c[nH]c(=O)n1-c1ccc(C(=O)Nc2ccc3ccccc3n2)cc1,0.639386869,train,random,6,,,,
CNC(=O)c1cccc(NC(=O)N2CCC(Oc3ccccc3Cl)CC2)c1,1.068760828,train,random,6,,,,
COc1ccc(OCC(=O)Nc2cccc(Cl)c2N2CCN(C(C)=O)CC2)cc1,0.700790221,train,random,6,,,,
CCC(=O)N1CCN(c2ccc(Cl)cc2NC(=O)COc2ccccc2)CC1,0.250420002,train,random,6,,,,
CC1(C)Cc2cc(NC(=O)c3cnn4cccnc34)c(OCC3CC3)nc2O1,-0.199970641,train,random,6,,,,
N#Cc1cc(F)c(NS(=O)(=O)c2c[nH]c3cc(Cl)ccc23)cc1F,-0.026872146,train,random,6,,,,
COc1cc2c(cc1OC)CN(CCc1ccc(NC(=O)c3cccc4c(O)c5cccc(OC)c5nc34)cc1)CC2,-1.207608311,train,random,6,,,,
CCCc1nc2nc(C)c(NS(=O)(=O)c3ccc(C4CCCCC4)cc3)c(O)n2n1,-0.218963061,train,random,6,,,,
NC(=O)C1(Cc2ccc(-c3ccncc3)cc2)CCN(C(=O)Cc2cccc(F)c2)CC1,1.006508828,train,random,6,,,,
O=C(NC1CCNCC1)c1ccc2[nH]ncc2c1,1.842696589,train,random,6,,,,
Cc1cccc(/C=N/Nc2cc(N3CCOCC3)nc(OCCc3ccccn3)n2)c1,-0.548213564,train,random,6,,,,
CCn1c(=O)oc2cc(NC(=O)c3ccc(C(C)(C)C)cc3)ccc21,0.21005085,train,random,6,,,,
COc1ccc(OC[C@@H]2c3cc(OC)c(OC)cc3CCN2C(=O)c2cccc(Cl)c2)cc1,-0.116906641,train,random,6,,,,
N#Cc1ccc(COc2cccc(C3CCN(Cc4nc5ccc(C(=O)O)cc5n4C[C@@H]4CCO4)CC3)n2)c(F)c1,0.402433346,train,random,6,,,,
CC(C)[C@H](CO)Nc1nc(Nc2cc(N)cc(Cl)c2)c2ncn(C(C)C)c2n1,-0.061980903,train,random,6,,,,
O=C(NC1CCNCC1)c1ccc2cn[nH]c2c1,2.0,train,random,6,,,,
CC(C)(C)OC(=O)N1CCCC1C(=O)N1CCC(C(=O)N[C@@H](Cc2c[nH]c3ccccc23)C(=O)O)CC1,1.691832676,train,random,6,,,,
O=C(Nc1cccc2c(=O)cc(-c3nnn[nH]3)oc12)c1ccc(OCCCCc2ccccc2)cc1,0.582744966,train,random,6,,,,
CC(=O)Nc1ncc(C(=O)O)s1,1.81935965,train,random,6,,,,
Cc1cccc(-c2nc(C34CCC(C(N)=O)(CC3)CC4)[nH]c2-c2ccc3c(c2)OCO3)n1,1.02011257,train,random,6,,,,
COc1cc2nc(-c3cc(F)ccc3O)nc(N[C@@H]3CNC[C@H]3C(C)(C)O)c2cc1OC.Cl,-1.119186408,train,random,6,,,,
CC(C)[C@@](C)(O)[C@@H]1CN(c2nc(-c3n[nH]c4ncccc34)c(F)cc2Cl)CCN1,1.302460808,train,random,6,,,,
Cc1nnc(-c2ccc(N3CCC(Oc4cc(F)ccc4Cl)CC3)nn2)o1,0.161068385,train,random,6,,,,
Cc1cn2nc(-c3cc(=O)n4cc(N5CCNC6(CC6)C5)ccc4n3)cc(C)c2n1,0.985246791,train,random,6,,,,
CCCS(=O)(=O)Nc1ccc(F)c(C(=O)c2c[nH]c3ncc(-c4ccc(Cl)cc4)cc23)c1F,-1.59345982,train,random,6,,,,
Cc1ccc(OCC2(O)CCN(CC3(O)CCN(c4ccccc4C)CC3)CC2)cc1,-0.040481623,train,random,6,,,,
CN(C(=O)c1cc(N2CCNC2=O)ccc1F)C1CCNC1,1.885728632,train,random,6,,,,
O=C(Nc1cccc(N2CCNC2=O)c1)C1NCC12CCCC2,1.718202645,train,random,6,,,,
NCC1CCCC1NC(=O)c1cc(N2CCNC2=O)ccc1F,1.87495702,train,random,6,,,,
Cc1nnc(-c2ccc(N3CCC(Oc4ccccc4C(F)(F)F)CC3)nn2)s1,-0.906578315,train,random,6,,,,
O=C(NCCc1ccccc1)c1ccc(NC(=O)N2CCCCc3ccccc32)cc1,0.075911761,train,random,6,,,,
CC(C)(C)c1ccc(C(O)CN2CCC(O)(c3ccc4c(c3)OCO4)CC2)cc1,0.779018972,train,random,6,,,,
NC[C@H]1CC[C@@H](C(=O)Nc2ccc3[nH]ncc3c2)O1,1.981999714,train,random,6,,,,
CN(C(=O)c1cc(N2CCNC2=O)ccc1F)C1CCC(N)CC1,1.828717885,train,random,6,,,,
NC1CCCC1C(=O)N1CCC(c2c[nH]c3ncccc23)CC1,1.71701274,train,random,6,,,,
NC1CCCC(C(=O)Nc2ccc3[nH]ncc3c2)C1,2.0,train,random,6,,,,
NC1CC(NC(=O)c2ccc(-c3cn[nH]c3)cn2)C12CCC2,1.709702344,train,random,6,,,,
NC1CCCC(C(=O)N2CCC(c3c[nH]c4ncccc34)CC2)C1,1.752816431,train,random,6,,,,
O=C(NC12CCCC1NCC2)c1ccc(-c2cn[nH]c2)cc1,2.0,train,random,6,,,,
Cc1nc2cc(C(=O)NC34CCCC3NCC4)ccc2c(=O)[nH]1,1.866494097,train,random,6,,,,
CNc1nc(C)cc(C(=O)Nc2ccc3[nH]ncc3c2)n1,1.493625323,train,random,6,,,,
CCc1c[nH]c2ncnc(N3CCC(CN4CCN(C)CC4)CC3)c12,1.728012707,train,random,6,,,,
NC1CCCC(C(=O)Nc2cccc(N3CCNC3=O)c2)C1,1.763113391,train,random,6,,,,
c1sc(NCC2CCCO2)nc1C12CC3CC(CC(C3)C1)C2,-1.096910013,train,random,6,,,,
CNc1cc(Nc2cccn(-c3ccccn3)c2=O)nn2c(C(=O)N[C@@H]3C[C@@H]3F)cnc12,0.991226076,test,random,6,0.11753465597,0.7170069079099999,0.6809296563899997,1.2223216885699992
CC#CC(=O)N[C@H]1CCCN(c2c(F)cc(C(N)=O)c3[nH]c(C)c(C)c23)C1,0.163856803,test,random,6,0.95102526758,0.7853954624300005,0.7542655152300003,1.45177450627
COc1ccc(Cl)cc1C(=O)NCCc1ccc(S(=O)(=O)NC(=O)NC2CCCCC2)cc1,-0.91721463,test,random,6,0.20418833324000016,0.05221063584999999,0.4341962219200001,0.05484407500000001
C=CC(=O)N1CCC[C@@H](n2nc(-c3ccc(Oc4ccccc4)cc3)c3c(N)ncnc32)C1,0.62603,test,random,6,0.7456472339000001,0.6959842286099996,0.6489647583999999,0.6685183196299999
CCn1c(-c2nonc2N)nc2cnc(Oc3cccc(NC(=O)c4ccc(OCCN5CCOCC5)cc4)c3)cc21,-0.449771647,test,random,6,0.3604658061199999,0.15343707335,0.44045337750999997,0.19414505956000003
C=CC(=O)Nc1cccc(Oc2nc(Nc3ccc(N4CCN(C)CC4)c(F)c3)nc3[nH]ccc23)c1,0.039414119,test,random,6,0.5933733291699999,0.14002000433000006,0.27896326255000004,0.12011462373000006
CCc1nc(C)cn2nc(-c3cc(=O)n4cc(C5CCN(C)CC5)cc(C)c4n3)cc12,0.868232868,test,random,6,0.8405779966900003,0.5162470596800001,0.7312813439199998,0.7240828266000002
COc1cc(F)ccc1-c1ncnc(Nc2cccc(C[S@@](C)(=N)=O)c2)n1,1.594922663,test,random,6,0.60622003007,0.23976099311999996,0.6929484122500003,0.17786917848000003
O=C1NCCN(C(=O)c2ccc3nccn3c2)C1c1ccccc1C(F)(F)F,1.851001366,test,random,6,1.6068653342199999,1.0212639318400003,1.3438174302100006,1.3480258907900002
C[C@H]1CN(C(=O)CC(c2ccccc2)c2ccccc2)C[C@@H](C)O1,1.188253327,test,random,6,0.9774742192599999,0.6002944686400002,0.5060239163899999,0.9367197398499998
CC(=O)N1CCN(c2nc(C(F)(F)F)nc3sc(C)c(C)c23)CC1,0.13481437,test,random,6,0.6023977791500005,1.0750755958600002,0.47757832224000013,0.39728092921999997
c1ccc(Oc2cccc(CN(CCN3CCOCC3)Cc3cccnc3)c2)cc1,-0.222573178,test,random,6,0.7903703096500001,0.4222722292600003,0.66333647937,0.6185578755800001
OCC1CCCCN1Cc1ccc(-c2ccccc2)cc1,1.368007805,test,random,6,1.0010115792300005,0.79532437756,0.5830661731,0.7244372964900004
CC1(C)CC(Oc2ccc(-c3ccc(-c4cn[nH]c4)cc3O)nn2)CC(C)(C)N1,1.199947058,test,random,6,0.8608065272500002,0.2351815153399999,0.3760515277799999,0.6040882055700002
O=C(CCNC(=O)c1ccc(OC(F)(F)F)cc1)N[C@@H]1CCCc2ccccc21,0.526080692,test,random,6,0.39323947390000025,0.40315923847999996,0.6401791468900002,0.31346440730999975
COc1ccc(Nc2c(C#N)cnc3cc(OC)c(OC)cc23)cc1Cl,-0.033858267,test,random,6,0.5887323187799999,0.054702976260000036,0.13244262167000012,0.29365892466
COCC(=O)N1CCC(Cc2ccccc2-c2cccc(F)c2)(C(=O)NC(C)C)CC1,0.596597096,test,random,6,0.45778550388999983,0.62798930641,0.5813002650400001,0.7059405382700003
COc1ccc(CNC(=O)c2sc3nc(C)cc(C)c3c2N)cc1,-0.356547324,test,random,6,0.07045008076999996,0.07181752499,0.37095421391999994,0.29794479652999994
Cn1cc(Nc2nc(N)nc(-c3cccc(-n4ccc5cc(C6CC6)cc(F)c5c4=O)c3CO)n2)cn1,0.850401148,test,random,6,0.97660768589,0.3990067951900001,0.6923572857099997,0.2860929574699998
CC(=O)Nc1ncc(CN2CCCC[C@@H]2C)s1,2.0,test,random,6,1.1817273665799999,1.08766446693,0.9456695781999994,1.6455748589600006
COCCc1noc(CN2CC(c3ccccc3)(c3ccccc3)CCC2=O)n1,1.167051359,test,random,6,0.8054743348700002,0.82125922231,0.5613098627,0.8642228559199999
Cc1oc2ccccc2c1CNc1nnc(-c2ccncc2)o1,0.717254313,test,random,6,0.6826541182700003,0.4631583065699999,0.8158426778100001,0.6720436385700004
C[C@@H]1Cc2ccccc2N1C(=O)Cn1nc(-c2cccc3ncccc23)oc1=O,0.224014811,test,random,6,0.5851768529300002,0.5797897301999999,0.53676997929,0.7012546166999999
Cc1cc(Nc2cnccn2)cc(C2CCCN(CC(=O)N3CCCC3)C2)n1,1.642246824,test,random,6,0.87952465035,1.1852049497000001,1.04258308661,1.412103867469999
Cc1cccnc1Nc1cccc(C2CCCN(CC(=O)Nc3nccs3)C2)n1,0.180699201,test,random,6,0.5472771498800002,0.7020532377800002,0.81278220355,0.39792190640000014
CN1CCN(S(=O)(=O)c2ccc(-c3cnc(N)c(C(=O)Nc4cccnc4)n3)cc2)CC1,1.078638038,test,random,6,0.30318573084000006,0.7426167412699999,0.8406069754899999,0.8985580614299997
Cc1cc(N2CCCC2)nc(C2CCCN(C)C2)n1,2.0,test,random,6,1.01117633563,1.4381171337499998,1.2054530901999998,1.7245260482900002
O=C1NCCSc2c1sc1ccc(O)cc21,0.891593204,test,random,6,1.3801814487600002,0.9672705766900003,0.5565317753000003,1.4445709948200005
C[C@H]1CN(C2COC2)CCN1c1ccc(Nc2cc(-c3ccnc(N4CCn5c(cc6c5CC(C)(C)C6)C4=O)c3CO)cn(C)c2=O)nc1,1.209139536,test,random,6,0.6000169949900003,0.5941714486499999,0.5699394196900002,0.3759659564599999
c1ccc(-c2ccc(CN3CCCCCCC3)cc2)cc1,-0.614393726,test,random,6,0.75365767956,0.6243751428100002,0.16964947223000013,-0.07133333326999994
CC(=O)N1CCN(c2c(Cl)cccc2NC(=O)COc2ccccc2Cl)CC1,0.256958153,test,random,6,0.6764766407599998,0.5166099619799998,0.2908619635499998,0.44116421186999943
Cc1ccc(Oc2ccc(Cl)cc2NC(=O)CN(C)CC(=O)N(C)C)cc1,-0.053056729,test,random,6,0.2922810791199999,0.5421476645100002,0.3117350536099999,0.6099431612999998
COc1ccc([C@H]2c3[nH]c4ccc(Cl)cc4c3CCN2C(=O)Oc2ccc(Cl)cc2)cc1,1.51293775,test,random,6,0.7784117190100001,-0.04728786627999997,0.06953686588000006,-0.37342656979999994
CC(=O)Nc1ccc(O)cc1,1.887859133,test,random,6,0.90557309748,1.18795889287,0.6724257566699999,1.5094155360199997
Cn1c(-c2n[nH]c3c2CCCC3)nnc1N1CCC2(CNC(=O)C2)C1,1.792986685,test,random,6,0.92850243304,1.4037989971399998,1.18988169501,1.5570260475000015
NC1CCC(C(=O)N2CCC(c3c[nH]c4ncccc34)CC2)C1,1.917395215,test,random,6,1.620388477810002,1.7110909606000009,1.65878904172,1.7332709581500019
O=C(Nc1ccc(CN2CCCCC2)cc1)c1ccnc2[nH]cnc12,1.767526899,test,random,6,0.8760631263499999,0.8647598372700004,1.1601573554999998,0.5870347609600001
NC(=O)c1cnc(N2CCc3[nH]nc(C(F)(F)F)c3C2)c(Cl)c1,0.986009932,test,random,6,1.10048674905,1.3326939674,1.1758821940399995,1.2307696617100004
CC1CC(N)CCN1C(=O)c1cc(N2CCNC2=O)c(F)cc1F,1.833504094,test,random,6,1.7052623476699997,1.3135352187500005,1.2025947122899998,1.7000617482999996
CNc1cc(Nc2cccn(-c3ccccn3)c2=O)nn2c(C(=O)N[C@@H]3C[C@@H]3F)cnc12,0.991226076,train,random,7,,,,
CCOc1cc2nn(CCC(C)(C)O)cc2cc1NC(=O)c1cccc(C(F)F)n1,0.099680641,train,random,7,,,,
CN(c1ncc(F)cn1)[C@H]1CCCNC1,2.0,train,random,7,,,,
CC(C)(Oc1ccc(-c2cnc(N)c(-c3ccc(Cl)cc3)c2)cc1)C(=O)O,-1.158015195,train,random,7,,,,
CC(C)(O)CCn1cc2cc(NC(=O)c3cccc(C(F)(F)F)n3)c(C(C)(C)O)cc2n1,1.015611205,train,random,7,,,,
CC#CC(=O)N[C@H]1CCCN(c2c(F)cc(C(N)=O)c3[nH]c(C)c(C)c23)C1,0.163856803,train,random,7,,,,
COc1ccc(Cl)cc1C(=O)NCCc1ccc(S(=O)(=O)NC(=O)NC2CCCCC2)cc1,-0.91721463,train,random,7,,,,
C=CC(=O)N1CCC[C@@H](n2nc(-c3ccc(Oc4ccccc4)cc3)c3c(N)ncnc32)C1,0.62603,train,random,7,,,,
CC(C)NC(=O)COc1cccc(-c2nc(Nc3ccc4[nH]ncc4c3)c3ccccc3n2)c1,-1.384078213,train,random,7,,,,
CCS(=O)(=O)N1CC(CC#N)(n2cc(-c3ncnc4[nH]ccc34)cn2)C1,1.378597739,train,random,7,,,,
CCn1c(-c2nonc2N)nc2cnc(Oc3cccc(NC(=O)c4ccc(OCCN5CCOCC5)cc4)c3)cc21,-0.449771647,train,random,7,,,,
Cc1c[nH]c2nccc(Oc3c(F)cc(Nc4cc(Cl)nc(N)n4)cc3F)c12,-1.22184875,train,random,7,,,,
COc1cc2c(cc1OC)CC(=O)N(CCCN(C)C[C@H]1Cc3cc(OC)c(OC)cc31)CC2,1.730984039,train,random,7,,,,
CCCc1cc(N2CCc3c(nc(C4CC4)n3C)C2)n2ncnc2n1,1.677187053,train,random,7,,,,
Fc1ccc(-c2ccc3c(c2)[nH]c2ccncc23)cn1,0.653405491,train,random,7,,,,
Nc1c(F)ccc2cnc(-n3ccc4ccncc43)cc12,0.713910354,train,random,7,,,,
C=CC(=O)N1C[C@H](Nc2ncnc3[nH]ccc23)CC[C@@H]1C,1.828227965,train,random,7,,,,
Cn1cc(Nc2nccc(N3CC4CCC(C3)N4C(=O)[C@@H]3CC3(F)F)n2)cn1,1.642995934,train,random,7,,,,
[2H]C([2H])([2H])NC(=O)c1nnc(NC(=O)C2CC2)cc1Nc1cccc(-c2ncn(C)n2)c1OC,1.186566481,train,random,7,,,,
C=CC(=O)N1CCC(CNc2ncnc(N)c2-c2ccc(Oc3ccccc3)cc2)CC1,0.752995432,train,random,7,,,,
Nc1n[nH]cc1-c1cc(Cl)ccc1Oc1cc(F)c(S(=O)(=O)Nc2cscn2)cc1Cl,-0.354577731,train,random,7,,,,
Cc1c(-c2c(F)cc(C(N)=O)c3[nH]c4c(c23)CC[C@H](C(C)(C)O)C4)cccc1-n1c(=O)c2cccc(F)c2n(C)c1=O,0.436162647,train,random,7,,,,
O=C(c1ccc(Oc2ccccc2)cc1Cl)c1c[nH]c2ncnc(N[C@@H]3CC[C@@H](CO)OC3)c12,-0.467245621,train,random,7,,,,
N#CC[C@H](C1CCCC1)n1cc(-c2ncnc3[nH]ccc23)cn1,0.630986911,train,random,7,,,,
CC(C)(C)c1ccc(-c2nc3n(c(=O)c2C#N)CCS3)cc1,0.731266349,train,random,7,,,,
C=CC(=O)Nc1cccc(Oc2nc(Nc3ccc(N4CCN(C)CC4)cc3)nc3ccsc23)c1,-0.049635146,train,random,7,,,,
C=CC(=O)N1CCC([C@@H]2CCNc3c(C(N)=O)c(-c4ccc(Oc5ccccc5)cc4)nn32)CC1,0.968996327,train,random,7,,,,
C=CC(=O)N1CCC[C@H](n2c(=O)n(-c3ccc(Oc4ccccc4)cc3)c3c(N)ncnc32)C1,0.983851719,train,random,7,,,,
CC#CC(=O)N1CC[C@@H](n2cc(-c3ccc(Oc4c(F)cccc4F)cc3)c3c(N)n[nH]c(=O)c32)C1,-0.073143291,train,random,7,,,,
C=CC(=O)Nc1cccc(Oc2nc(Nc3ccc(N4CCN(C)CC4)c(F)c3)nc3[nH]ccc23)c1,0.039414119,train,random,7,,,,
C[C@@H]1c2nnn(-c3ncc(F)cn3)c2CCN1C(=O)c1cccc(C(F)(F)F)c1Cl,0.969089603,train,random,7,,,,
COc1ccccc1-c1cc(NC(=O)c2cccc(N3CCNC3=O)c2)[nH]n1,-0.397940009,train,random,7,,,,
Nc1ncc(-c2cccc(C(F)(F)F)c2)c(C2CCCCN2C(=O)c2ccccc2)n1,-0.04431225,train,random,7,,,,
O=C(Nc1cccc(-c2nncn2C2CC2)c1)c1cc(-n2cnc(C3CC3)c2)ccn1,0.262925469,train,random,7,,,,
Fc1ccccc1-c1c[nH]nc1C1CCCN1Cc1ccc2ncccc2c1,0.545801757,train,random,7,,,,
Cc1nccc(-c2cn(Cc3ccccc3)c3cnccc23)n1,1.122707254,train,random,7,,,,
CCc1nc(C)cn2nc(-c3cc(=O)n4cc(C5CCN(C)CC5)cc(C)c4n3)cc12,0.868232868,train,random,7,,,,
Cc1c(Cl)ccc2cc3n(c12)[C@@H](C)CNC3=O,0.328379603,train,random,7,,,,
Nc1ncnc2c1c(-c1ccc(Oc3ccccc3)cc1)nn2[C@@H]1CCCNC1,0.956648579,train,random,7,,,,
Cc1nnc(CN(C)CC(C)Oc2ccc(Cl)c(Cl)c2)n1C,0.926290987,train,random,7,,,,
COc1cc(F)ccc1-c1ncnc(Nc2cccc(C[S@@](C)(=N)=O)c2)n1,1.594922663,train,random,7,,,,
CCc1nc2c(C)cc(N3CCN(CC(=O)N4CC(O)C4)CC3)cn2c1N(C)c1nc(-c2ccc(F)cc2)c(C#N)s1,-0.204728421,train,random,7,,,,
C[C@@H]1CCN(C(=O)CC#N)C[C@@H]1N(C)c1ncnc2[nH]ccc12,1.991815076,train,random,7,,,,
CC(=O)Nc1ccc(C(=O)N2CCCCC2c2nc(N)ncc2-c2ccc(Cl)cc2)cc1,0.596926814,train,random,7,,,,
CC(=O)Nc1ccc(C(=O)N2CCCCC2c2nc(N)ncc2-c2cccc(Cl)c2)cc1,0.520483533,train,random,7,,,,
O=C1NCCN(C(=O)c2ccc3nccn3c2)C1c1ccccc1C(F)(F)F,1.851001366,train,random,7,,,,
O=C1NCCN(C(=O)c2ccncc2)C1c1ccccc1Cl,1.876996793,train,random,7,,,,
C[C@H]1CN(C(=O)CC(c2ccccc2)c2ccccc2)C[C@@H](C)O1,1.188253327,train,random,7,,,,
CN1[C@H]2CC[C@@H]1C[C@@H](OC(c1ccccc1)c1ccccc1)C2,1.106122874,train,random,7,,,,
CC(C)(C)C(=O)N1CCC(Cc2ccc(-c3cccs3)cc2)(C(=O)N2CCCC2)CC1,-0.1837587,train,random,7,,,,
OC[C@H](Nc1cncc(-c2ccc3[nH]ncc3n2)c1)c1ccccc1,1.017826038,train,random,7,,,,
Cc1ncsc1C(=O)N1CCCCC1c1nc(N(C)C)ncc1-c1cccc(Cl)c1,-0.083019953,train,random,7,,,,
OCC1CCCCN1Cc1ccc(Cl)c(Cl)c1,1.390069186,train,random,7,,,,
CC(=O)N1CCN(c2nc(C(F)(F)F)nc3sc(C)c(C)c23)CC1,0.13481437,train,random,7,,,,
COc1ccccc1C(=O)Nc1ccc2cc[nH]c2c1,0.505149978,train,random,7,,,,
c1ccc(Oc2cccc(CN(CCN3CCOCC3)Cc3cccnc3)c2)cc1,-0.222573178,train,random,7,,,,
Cc1c(C(=O)NCCCN(C)C)sc2ncnc(Nc3ccc(F)cc3OC(C)C)c12,0.741821047,train,random,7,,,,
OCC1CCCCN1Cc1ccc(-c2ccccc2)cc1,1.368007805,train,random,7,,,,
Nc1ncc(C(=O)NC2CN(C(=O)C3CC3)C2)c2ccc(-c3cccc(F)c3)nc12,0.623352682,train,random,7,,,,
CC1(C)CC(Oc2ccc(-c3ccc(-c4cn[nH]c4)cc3O)nn2)CC(C)(C)N1,1.199947058,train,random,7,,,,
Cc1nnc(-c2ccc3occ(-c4ccc(S(C)=O)cc4)c3c2)o1,0.193402903,train,random,7,,,,
Cc1ncsc1C(=O)N1CCCCC1c1nc(N)ncc1-c1cccc(C(F)(F)F)c1,0.615318657,train,random,7,,,,
O=C(Nc1ccc2ccccc2n1)c1ccc(N2CCOC2=O)cc1,0.449015316,train,random,7,,,,
O=C(CCNC(=O)c1ccc(OC(F)(F)F)cc1)N[C@@H]1CCCc2ccccc21,0.526080692,train,random,7,,,,
C=CC(=O)Nc1cccc(Oc2nc(Nc3ccc(N4CCN(C)CC4)cc3)nc3ccoc23)c1,0.146128036,train,random,7,,,,
CCN1CCN(S(=O)(=O)Cc2ccc(Cl)c(Cl)c2)CC1,1.249124949,train,random,7,,,,
O=C(Nc1nc2cccc(-c3ccc(CN4CCS(=O)(=O)CC4)cc3)n2n1)C1CC1,1.681349797,train,random,7,,,,
NCCN1CCN(C/C=C/C(=O)N2CCC[C@@H](n3nc(-c4ccc(Oc5ccccc5)cc4)c4c(N)ncnc43)C2)CC1,0.699837726,train,random,7,,,,
Cn1c(C2CC2)nc2c1CCN(c1ncnc3ccsc13)C2,1.237065953,train,random,7,,,,
CC/C(=C(\c1ccccc1)c1ccc(OCCN(C)C)cc1)c1ccccc1,-0.580044252,train,random,7,,,,
COc1nn(C)cc1C(=O)Nc1cccc2cnccc12,1.504729052,train,random,7,,,,
Cc1ncc(CN2CCC(Nc3ccc4nnnn4n3)C(C)C2)s1,1.652285029,train,random,7,,,,
Cc1nc(Nc2nccs2)cc(C2CN(c3ncccn3)C2)n1,0.444669231,train,random,7,,,,
COc1ccc(Nc2c(C#N)cnc3cc(OC)c(OC)cc23)cc1Cl,-0.033858267,train,random,7,,,,
COc1ccc(CCCN2CCN(c3cnn(C)c3)C(=O)C2)cc1F,1.343408594,train,random,7,,,,
Cc1noc(C(C)C)c1C(=O)N1CC(C)OC(c2ccccc2)C1,1.180469962,train,random,7,,,,
CN(Cc1ccccc1)C1(C(=O)N2CCNC(=O)CC2)Cc2ccccc2C1,0.904931827,train,random,7,,,,
Cc1c(F)cccc1NC(=O)CN1[C@H]2CCCC(=O)N[C@@]2(C)C[C@H]1Cc1ccccc1,0.595275712,train,random,7,,,,
CCC1=C(C)CN(C(=O)NCCc2ccc(S(=O)(=O)NC(=O)N[C@H]3CC[C@H](C)CC3)cc2)C1=O,-1.180456064,train,random,7,,,,
O=S(=O)(c1cccc2c(O)nccc12)N1CCCNCC1,1.850223373,train,random,7,,,,
Cc1ccc(NC(=O)CN2[C@H]3CCCC(=O)N[C@@]3(C)C[C@H]2Cc2ccccc2)cc1F,-0.137272472,train,random,7,,,,
CN(C)C(=O)C1(Cc2ccccc2-c2cccc(F)c2)CCN(C(=O)C2CC=CCC2)CC1,-0.104025268,train,random,7,,,,
COCC(=O)N1CCC(Cc2ccccc2-c2cccc(F)c2)(C(=O)NC(C)C)CC1,0.596597096,train,random,7,,,,
COc1ccc(CNC(=O)c2sc3nc(C)cc(C)c3c2N)cc1,-0.356547324,train,random,7,,,,
C#C[C@@](C)(CC)NC(=O)c1cc(F)cnc1NC1CC(F)(F)C1,0.671265433,train,random,7,,,,
Cn1cc(Nc2nc(N)nc(-c3cccc(-n4ccc5cc(C6CC6)cc(F)c5c4=O)c3CO)n2)cn1,0.850401148,train,random,7,,,,
Cc1cnc(C(=O)NCCc2ccc(S(=O)(=O)NC(=O)NC3CCCCC3)cc2)cn1,0.01745073,train,random,7,,,,
CNC(=O)C1(Cc2ccc(-c3cccnc3)cc2)CCN(Cc2ccc(F)cc2)C1,1.021602716,train,random,7,,,,
CC(=O)Nc1ncc(CN2CCCC[C@@H]2C)s1,2.0,train,random,7,,,,
O=C1CCCC[C@@H]2[C@H](C[C@@H](Cc3ccccc3F)N2C(=O)c2cccc3ncccc23)N1,1.277998644,train,random,7,,,,
CCOc1cc(CC(=O)N[C@@H](CC(C)C)c2ccccc2N2CCCCC2)ccc1C(=O)O,0.106870544,train,random,7,,,,
CC(O)(C#Cc1ccc2c(c1)N(c1nc(N)ncc1Cl)CC2)c1nccs1,-0.122628654,train,random,7,,,,
COCCc1noc(CN2CC(c3ccccc3)(c3ccccc3)CCC2=O)n1,1.167051359,train,random,7,,,,
Cc1[nH]nc2c1C1(CCCCC1)CC(=O)N2,1.323066376,train,random,7,,,,
Cc1oc2ccccc2c1CNc1nnc(-c2ccncc2)o1,0.717254313,train,random,7,,,,
O=C(Nc1cccc2ncccc12)[C@H]1CCCN(S(=O)(=O)c2ccccc2)C1,1.222560409,train,random,7,,,,
C[C@@H]1Cc2ccccc2N1C(=O)Cn1nc(-c2cccc3ncccc23)oc1=O,0.224014811,train,random,7,,,,
Nc1ncnc2c1c(-c1cnc3[nH]ccc3c1)nn2C1CCCC1,0.862608364,train,random,7,,,,
CC1CN(C(=O)c2cccnc2N2CCOCC2)CC(c2ccccc2)O1,1.573185017,train,random,7,,,,
Cc1cc(Nc2cnccn2)cc(C2CCCN(CC(=O)N3CCCC3)C2)n1,1.642246824,train,random,7,,,,
Cc1cccnc1Nc1cccc(C2CCCN(CC(=O)Nc3nccs3)C2)n1,0.180699201,train,random,7,,,,
CN(C)C(=O)C1(Cc2ccccc2-c2ccccc2)CCN(C(=O)c2cnn(C)c2)CC1,1.041353202,train,random,7,,,,
CC1(C)CC(=O)C2=C(C1)NC(=O)CC2c1ccc(Br)cc1,1.159236233,train,random,7,,,,
CN1CCN(S(=O)(=O)c2ccc(-c3cnc(N)c(C(=O)Nc4cccnc4)n3)cc2)CC1,1.078638038,train,random,7,,,,
CNC(=O)C1(Cc2ccc(-c3cccnc3)cc2)CCN(Cc2ccccc2Cl)C1,0.387567779,train,random,7,,,,
O=C(CN1CCCC(c2cccc(Cc3cccc(F)c3)n2)C1)N1CCCC1,1.062130535,train,random,7,,,,
COc1cc2ncnc(Nc3cccc(O)c3)c2cc1OC,0.994317153,train,random,7,,,,
COc1nc2sc(C(=O)NC3CC3)c(N)c2c(C)c1Cl,0.245512668,train,random,7,,,,
CC1(CNC(=O)c2cncc(C3CCNCC3)n2)CCCO1,1.988550039,train,random,7,,,,
Cc1cc(N2CCCC2)nc(C2CCCN(C)C2)n1,2.0,train,random,7,,,,
O=C1NCCSc2c1sc1ccc(O)cc21,0.891593204,train,random,7,,,,
CCn1cc(C(=O)O)c(=O)c2c(N)c(F)c(NC3CCCCC3)cc21,0.427486109,train,random,7,,,,
C[C@H]1CN(C2COC2)CCN1c1ccc(Nc2cc(-c3ccnc(N4CCn5c(cc6c5CC(C)(C)C6)C4=O)c3CO)cn(C)c2=O)nc1,1.209139536,train,random,7,,,,
C=CC(=O)Nc1cccc(Nc2nc(Nc3ccc(Oc4ccnc(C(=O)NC)c4)cc3)ncc2F)c1,-0.403402904,train,random,7,,,,
C=CC(=O)N(C)CCOc1c(N)ncnc1-c1cc(F)cc(NC(=O)c2ccc(C3CC3)cc2F)c1C,0.838502776,train,random,7,,,,
CC#CC(=O)N1CCC[C@@H]1c1nc(-c2ccc(C(=O)Nc3ccccn3)cc2)c2c(N)nccn12,0.975868182,train,random,7,,,,
CC(=O)NCCNc1cc(Cl)nn2c(-c3cccc(S(=O)(=O)N(C)C)c3)c(C)nc12,0.681693392,train,random,7,,,,
CNC(=O)c1cccc(NC(=O)N2CCC(Oc3ccccc3Cl)CC2)c1,1.068760828,train,random,7,,,,
c1ccc(-c2ccc(CN3CCCCCCC3)cc2)cc1,-0.614393726,train,random,7,,,,
CC(=O)N1CCN(c2c(Cl)cccc2NC(=O)COc2ccccc2Cl)CC1,0.256958153,train,random,7,,,,
CCC(=O)N1CCN(c2ccc(Cl)cc2NC(=O)COc2ccccc2)CC1,0.250420002,train,random,7,,,,
Cc1ccc(Oc2ccc(Cl)cc2NC(=O)CN(C)CC(=O)N(C)C)cc1,-0.053056729,train,random,7,,,,
N#Cc1cc(F)c(NS(=O)(=O)c2c[nH]c3cc(Cl)ccc23)cc1F,-0.026872146,train,random,7,,,,
CCCc1nc2nc(C)c(NS(=O)(=O)c3ccc(C4CCCCC4)cc3)c(O)n2n1,-0.218963061,train,random,7,,,,
COc1ccc([C@H]2c3[nH]c4ccc(Cl)cc4c3CCN2C(=O)Oc2ccc(Cl)cc2)cc1,1.51293775,train,random,7,,,,
CC(=O)Nc1ccc(O)cc1,1.887859133,train,random,7,,,,
O=C(NC1CCNCC1)c1ccc2[nH]ncc2c1,1.842696589,train,random,7,,,,
Cc1cccc(/C=N/Nc2cc(N3CCOCC3)nc(OCCc3ccccn3)n2)c1,-0.548213564,train,random,7,,,,
COc1ccc(OC[C@@H]2c3cc(OC)c(OC)cc3CCN2C(=O)c2cccc(Cl)c2)cc1,-0.116906641,train,random,7,,,,
N#Cc1ccc(COc2cccc(C3CCN(Cc4nc5ccc(C(=O)O)cc5n4C[C@@H]4CCO4)CC3)n2)c(F)c1,0.402433346,train,random,7,,,,
CC(C)(C)OC(=O)N1CCCC1C(=O)N1CCC(C(=O)N[C@@H](Cc2c[nH]c3ccccc23)C(=O)O)CC1,1.691832676,train,random,7,,,,
O=C(Nc1cccc2c(=O)cc(-c3nnn[nH]3)oc12)c1ccc(OCCCCc2ccccc2)cc1,0.582744966,train,random,7,,,,
CC(=O)Nc1ncc(C(=O)O)s1,1.81935965,train,random,7,,,,
COc1cc2nc(-c3cc(F)ccc3O)nc(N[C@@H]3CNC[C@H]3C(C)(C)O)c2cc1OC.Cl,-1.119186408,train,random,7,,,,
Cc1nnc(-c2ccc(N3CCC(Oc4cc(F)ccc4Cl)CC3)nn2)o1,0.161068385,train,random,7,,,,
Cc1cn2nc(-c3cc(=O)n4cc(N5CCNC6(CC6)C5)ccc4n3)cc(C)c2n1,0.985246791,train,random,7,,,,
CCCS(=O)(=O)Nc1ccc(F)c(C(=O)c2c[nH]c3ncc(-c4ccc(Cl)cc4)cc23)c1F,-1.59345982,train,random,7,,,,
Cc1ccc(OCC2(O)CCN(CC3(O)CCN(c4ccccc4C)CC3)CC2)cc1,-0.040481623,train,random,7,,,,
CN(C(=O)c1cc(N2CCNC2=O)ccc1F)C1CCNC1,1.885728632,train,random,7,,,,
NCC1CCCC1NC(=O)c1cc(N2CCNC2=O)ccc1F,1.87495702,train,random,7,,,,
Cn1c(-c2n[nH]c3c2CCCC3)nnc1N1CCC2(CNC(=O)C2)C1,1.792986685,train,random,7,,,,
Cc1nnc(-c2ccc(N3CCC(Oc4ccccc4C(F)(F)F)CC3)nn2)s1,-0.906578315,train,random,7,,,,
O=C(NCCc1ccccc1)c1ccc(NC(=O)N2CCCCc3ccccc32)cc1,0.075911761,train,random,7,,,,
NC[C@H]1CC[C@@H](C(=O)Nc2ccc3[nH]ncc3c2)O1,1.981999714,train,random,7,,,,
NC1CCCC1C(=O)N1CCC(c2c[nH]c3ncccc23)CC1,1.71701274,train,random,7,,,,
NC1CCCC(C(=O)Nc2ccc3[nH]ncc3c2)C1,2.0,train,random,7,,,,
NC1CC(NC(=O)c2ccc(-c3cn[nH]c3)cn2)C12CCC2,1.709702344,train,random,7,,,,
NC1CCC(C(=O)N2CCC(c3c[nH]c4ncccc34)CC2)C1,1.917395215,train,random,7,,,,
O=C(NC12CCCC1NCC2)c1ccc(-c2cn[nH]c2)cc1,2.0,train,random,7,,,,
CNc1nc(C)cc(C(=O)Nc2ccc3[nH]ncc3c2)n1,1.493625323,train,random,7,,,,
O=C(Nc1ccc(CN2CCCCC2)cc1)c1ccnc2[nH]cnc12,1.767526899,train,random,7,,,,
CCc1c[nH]c2ncnc(N3CCC(CN4CCN(C)CC4)CC3)c12,1.728012707,train,random,7,,,,
NC(=O)c1cnc(N2CCc3[nH]nc(C(F)(F)F)c3C2)c(Cl)c1,0.986009932,train,random,7,,,,
NC1CCCC(C(=O)Nc2cccc(N3CCNC3=O)c2)C1,1.763113391,train,random,7,,,,
CC1CC(N)CCN1C(=O)c1cc(N2CCNC2=O)c(F)cc1F,1.833504094,train,random,7,,,,
COc1ccc(S(=O)(=O)N2CCC(N3CCC(C)CC3)CC2)cc1,1.729799023,test,random,7,0.7308221833999999,1.2034403992100007,0.51842135915,1.541418785400001
Cn1cc(-c2cn3nccc3c(-c3cnn([C@]4(CC#N)C[C@@H](C#N)C4)c3)n2)cn1,1.559583476,test,random,7,0.8435224694099998,0.7792233136700004,0.60620118173,1.2917525258499998
CC#CC(=O)N1CC[C@@H](n2c(=O)n(-c3ccc(Oc4ccccc4)cc3)c3c(N)ncnc32)C1,0.935859798,test,random,7,0.6433694992500001,0.5481724171000001,0.6161021438700001,0.6066831736
CC(C)(C=C(C#N)C(=O)N1CCC[C@@H](n2nc(-c3ccc(Oc4ccccc4)cc3F)c3c(N)ncnc32)C1)N1CCN(C2COC2)CC1,0.276231958,test,random,7,0.46180134764,0.3635858950499999,0.47517617937000006,0.31793668843999984
COc1nn(C)cc1C(=O)Nc1cccc(-c2cnc3n2CCC3)c1,0.866877814,test,random,7,0.8937044260699998,1.0144306065000004,0.8856292441700003,1.2928673984100008
Cc1ncc(CN2CC[C@@H](Nc3cncc(Cl)n3)[C@@H](C)C2)s1,1.205461507,test,random,7,0.9493075070099991,1.16890102657,0.78320931698,0.7910015500100002
Cc1ccc(C(=O)N2CCC(Cc3ccccc3-c3ccccc3)(C(=O)N(C)C)CC2)s1,-0.293282218,test,random,7,0.6012216184200004,0.31328819573999994,0.3960340204000001,0.08357479181999995
CN(C)C(=O)C1(Cc2ccccc2-c2ccccc2)CCN(C(=O)C2CCCO2)CC1,0.902546779,test,random,7,0.9646962470899997,0.4910239011700001,0.7601257054599997,0.7986708611599999
O=C1CN(c2ccc(Nc3nccc(C(F)(F)F)n3)cn2)CCN1,1.543819805,test,random,7,1.328827351070001,1.1370641496000002,0.8418410770099998,1.4504049332300002
Cc1cc(F)ccc1C1C(=O)NCCN1C(=O)c1ccc2nccn2c1,1.78096503,test,random,7,1.1623364395000007,1.2158077302500006,1.3428508656000009,1.4952519258900014
COc1ccc([C@H]2CN(C(C)=O)[C@@H]3CCCN(Cc4cccc(F)c4)[C@H]23)cc1,0.595385981,test,random,7,0.44988662229,0.6336509508300003,0.6274008182500004,0.9523715353999996
O=S(=O)(c1cccc2cnccc12)N1CCCNCC1,1.892077899,test,random,7,1.3837041194300013,1.279764458000001,1.3312895390100008,1.663609115140001
CCn1c(CO)nn(-c2cc(O[C@@H](C)C(F)(F)F)c(C(=O)Nc3c(F)cccc3Cl)cc2F)c1=O,0.975753389,test,random,7,0.66036684188,0.26973419428,0.18164923458999996,0.055296488149999996
CCN(C/C=C\c1ccc(C2CCCCC2)c(Cl)c1)C1CCCCC1,-0.853871964,test,random,7,1.0682143865600002,0.8991920062499998,0.08911362901000006,0.27525465324999987
CNC(=O)C1(Cc2ccc(-c3ccncc3)cc2)CCN(Cc2cccc(F)c2)C1,1.10503305,test,random,7,0.65039286984,0.6888293226299999,0.6928388664599997,0.8705429654199993
CNC(=O)C1(Cc2ccc(-c3cccnc3)cc2)CCN(Cc2cccc(F)c2)C1,0.829753919,test,random,7,0.6308832120399999,0.7139196597599998,0.6952863460899996,0.8286775140099997
O=C(Nc1cnccc1-c1ccc(Cl)cc1)c1ccnc(NC(=O)C2CC2)c1,0.369957607,test,random,7,0.90713626294,0.28321002807000006,0.6481946181000002,0.25754068309
CN1C(N)=N[C@](C)(c2cc(NC(=O)c3ccc(F)cn3)ccc2F)CS1(=O)=O,1.560468571,test,random,7,0.9452917238400002,0.6848540973300004,0.6408589438899998,1.1409990133299999
CCCCNC(=O)NS(=O)(=O)c1ccc(C)cc1,0.439332694,test,random,7,0.5573614419000004,0.7411647211500002,0.5544194468600003,1.3467011327099996
Cc1cc(N2CCCC2c2cc(CCC(=O)O)cc(C)n2)ncn1,2.0,test,random,7,0.9560027830900001,1.3915812348200003,1.3269969734600002,1.03388324252
CCCNC(=O)NS(=O)(=O)c1ccc(Cl)cc1,0.969835093,test,random,7,0.5508973310500003,0.7832235394300001,0.5997276575200002,1.3356234174000001
Cc1cc(C)c2c(N)c(C(=O)NCc3ccc(Cl)cc3)sc2n1,-0.370590401,test,random,7,0.7937945373699999,0.15025233087000006,0.17082117776999997,0.18574592950000007
COCCNC(=O)c1ccnc(C2CCNCC2)c1,2.0,test,random,7,1.3106174236600003,1.7791563476099999,1.0401716098100007,1.6257415989300006
Cc1c[nH]c(=O)n1-c1ccc(C(=O)Nc2ccc3ccccc3n2)cc1,0.639386869,test,random,7,0.8969827158700002,0.61357958531,0.6123122113800001,0.5479910006400001
COc1ccc(OCC(=O)Nc2cccc(Cl)c2N2CCN(C(C)=O)CC2)cc1,0.700790221,test,random,7,0.24140160465999988,0.30646130494999985,0.37536059258999993,0.06468020965000008
CC1(C)Cc2cc(NC(=O)c3cnn4cccnc34)c(OCC3CC3)nc2O1,-0.199970641,test,random,7,0.7865815899200003,0.8469469580399993,1.0309196000900005,0.78602370778
COc1cc2c(cc1OC)CN(CCc1ccc(NC(=O)c3cccc4c(O)c5cccc(OC)c5nc34)cc1)CC2,-1.207608311,test,random,7,0.81835775408,0.11132708835,0.08301418791,0.08766500185000002
NC(=O)C1(Cc2ccc(-c3ccncc3)cc2)CCN(C(=O)Cc2cccc(F)c2)CC1,1.006508828,test,random,7,0.6791637520700001,0.5668133033500002,0.4796389060999997,0.7393657951300001
CCn1c(=O)oc2cc(NC(=O)c3ccc(C(C)(C)C)cc3)ccc21,0.21005085,test,random,7,1.0306705452000005,0.6602364451500001,0.5146706134600002,0.61134172613
CC(C)[C@H](CO)Nc1nc(Nc2cc(N)cc(Cl)c2)c2ncn(C(C)C)c2n1,-0.061980903,test,random,7,0.5981833549900004,0.6715946660300003,0.18802031486,0.22762475502000004
O=C(NC1CCNCC1)c1ccc2cn[nH]c2c1,2.0,test,random,7,1.6278027024700008,1.7985109340500023,1.3147205294000002,1.780407969050002
Cc1cccc(-c2nc(C34CCC(C(N)=O)(CC3)CC4)[nH]c2-c2ccc3c(c2)OCO3)n1,1.02011257,test,random,7,0.8228398161500003,0.43735683709,0.3672189927,0.7035771004200001
CC(C)[C@@](C)(O)[C@@H]1CN(c2nc(-c3n[nH]c4ncccc34)c(F)cc2Cl)CCN1,1.302460808,test,random,7,1.0252219875200002,0.7635714405599999,0.9867462857599999,0.22345897748000002
O=C(Nc1cccc(N2CCNC2=O)c1)C1NCC12CCCC2,1.718202645,test,random,7,1.4236276891900008,1.55674773559,1.4839072840899996,1.7362736615700003
CC(C)(C)c1ccc(C(O)CN2CCC(O)(c3ccc4c(c3)OCO4)CC2)cc1,0.779018972,test,random,7,0.8341420110400002,0.5268269018100001,0.7175545995,0.7479349911799998
CN(C(=O)c1cc(N2CCNC2=O)ccc1F)C1CCC(N)CC1,1.828717885,test,random,7,1.6922746423699988,1.5891366254800001,1.11552496922,1.81424098771
NC1CCCC(C(=O)N2CCC(c3c[nH]c4ncccc34)CC2)C1,1.752816431,test,random,7,1.7631066245499993,1.5652496482599998,1.7605749151099994,1.4267656151700003
Cc1nc2cc(C(=O)NC34CCCC3NCC4)ccc2c(=O)[nH]1,1.866494097,test,random,7,1.3317412582900006,1.33801735553,1.3362183288100002,1.7251820393100001
c1sc(NCC2CCCO2)nc1C12CC3CC(CC(C3)C1)C2,-1.096910013,test,random,7,1.2876566111100005,1.3513970515300004,1.0315983563300002,0.732713117
CNc1cc(Nc2cccn(-c3ccccn3)c2=O)nn2c(C(=O)N[C@@H]3C[C@@H]3F)cnc12,0.991226076,train,random,8,,,,
CCOc1cc2nn(CCC(C)(C)O)cc2cc1NC(=O)c1cccc(C(F)F)n1,0.099680641,train,random,8,,,,
CC(C)(Oc1ccc(-c2cnc(N)c(-c3ccc(Cl)cc3)c2)cc1)C(=O)O,-1.158015195,train,random,8,,,,
CC#CC(=O)N[C@H]1CCCN(c2c(F)cc(C(N)=O)c3[nH]c(C)c(C)c23)C1,0.163856803,train,random,8,,,,
COc1ccc(Cl)cc1C(=O)NCCc1ccc(S(=O)(=O)NC(=O)NC2CCCCC2)cc1,-0.91721463,train,random,8,,,,
C=CC(=O)N1CCC[C@@H](n2nc(-c3ccc(Oc4ccccc4)cc3)c3c(N)ncnc32)C1,0.62603,train,random,8,,,,
CC(C)NC(=O)COc1cccc(-c2nc(Nc3ccc4[nH]ncc4c3)c3ccccc3n2)c1,-1.384078213,train,random,8,,,,
COc1ccc(S(=O)(=O)N2CCC(N3CCC(C)CC3)CC2)cc1,1.729799023,train,random,8,,,,
CCn1c(-c2nonc2N)nc2cnc(Oc3cccc(NC(=O)c4ccc(OCCN5CCOCC5)cc4)c3)cc21,-0.449771647,train,random,8,,,,
COc1cc2c(cc1OC)CC(=O)N(CCCN(C)C[C@H]1Cc3cc(OC)c(OC)cc31)CC2,1.730984039,train,random,8,,,,
CCCc1cc(N2CCc3c(nc(C4CC4)n3C)C2)n2ncnc2n1,1.677187053,train,random,8,,,,
Fc1ccc(-c2ccc3c(c2)[nH]c2ccncc23)cn1,0.653405491,train,random,8,,,,
Nc1c(F)ccc2cnc(-n3ccc4ccncc43)cc12,0.713910354,train,random,8,,,,
C=CC(=O)N1C[C@H](Nc2ncnc3[nH]ccc23)CC[C@@H]1C,1.828227965,train,random,8,,,,
Cn1cc(Nc2nccc(N3CC4CCC(C3)N4C(=O)[C@@H]3CC3(F)F)n2)cn1,1.642995934,train,random,8,,,,
C=CC(=O)N1CCC(CNc2ncnc(N)c2-c2ccc(Oc3ccccc3)cc2)CC1,0.752995432,train,random,8,,,,
Cc1c(-c2c(F)cc(C(N)=O)c3[nH]c4c(c23)CC[C@H](C(C)(C)O)C4)cccc1-n1c(=O)c2cccc(F)c2n(C)c1=O,0.436162647,train,random,8,,,,
Cn1cc(-c2cn3nccc3c(-c3cnn([C@]4(CC#N)C[C@@H](C#N)C4)c3)n2)cn1,1.559583476,train,random,8,,,,
O=C(c1ccc(Oc2ccccc2)cc1Cl)c1c[nH]c2ncnc(N[C@@H]3CC[C@@H](CO)OC3)c12,-0.467245621,train,random,8,,,,
N#CC[C@H](C1CCCC1)n1cc(-c2ncnc3[nH]ccc23)cn1,0.630986911,train,random,8,,,,
CC(C)(C)c1ccc(-c2nc3n(c(=O)c2C#N)CCS3)cc1,0.731266349,train,random,8,,,,
C=CC(=O)Nc1cccc(Oc2nc(Nc3ccc(N4CCN(C)CC4)cc3)nc3ccsc23)c1,-0.049635146,train,random,8,,,,
CC#CC(=O)N1CC[C@@H](n2c(=O)n(-c3ccc(Oc4ccccc4)cc3)c3c(N)ncnc32)C1,0.935859798,train,random,8,,,,
C=CC(=O)N1CCC([C@@H]2CCNc3c(C(N)=O)c(-c4ccc(Oc5ccccc5)cc4)nn32)CC1,0.968996327,train,random,8,,,,
C=CC(=O)N1CCC[C@H](n2c(=O)n(-c3ccc(Oc4ccccc4)cc3)c3c(N)ncnc32)C1,0.983851719,train,random,8,,,,
CC(C)(C=C(C#N)C(=O)N1CCC[C@@H](n2nc(-c3ccc(Oc4ccccc4)cc3F)c3c(N)ncnc32)C1)N1CCN(C2COC2)CC1,0.276231958,train,random,8,,,,
C=CC(=O)Nc1cccc(Oc2nc(Nc3ccc(N4CCN(C)CC4)c(F)c3)nc3[nH]ccc23)c1,0.039414119,train,random,8,,,,
C[C@@H]1c2nnn(-c3ncc(F)cn3)c2CCN1C(=O)c1cccc(C(F)(F)F)c1Cl,0.969089603,train,random,8,,,,
COc1ccccc1-c1cc(NC(=O)c2cccc(N3CCNC3=O)c2)[nH]n1,-0.397940009,train,random,8,,,,
O=C(Nc1cccc(-c2nncn2C2CC2)c1)c1cc(-n2cnc(C3CC3)c2)ccn1,0.262925469,train,random,8,,,,
CCc1nc(C)cn2nc(-c3cc(=O)n4cc(C5CCN(C)CC5)cc(C)c4n3)cc12,0.868232868,train,random,8,,,,
Cc1c(Cl)ccc2cc3n(c12)[C@@H](C)CNC3=O,0.328379603,train,random,8,,,,
Cc1nnc(CN(C)CC(C)Oc2ccc(Cl)c(Cl)c2)n1C,0.926290987,train,random,8,,,,
COc1nn(C)cc1C(=O)Nc1cccc(-c2cnc3n2CCC3)c1,0.866877814,train,random,8,,,,
COc1cc(F)ccc1-c1ncnc(Nc2cccc(C[S@@](C)(=N)=O)c2)n1,1.594922663,train,random,8,,,,
Cc1ncc(CN2CC[C@@H](Nc3cncc(Cl)n3)[C@@H](C)C2)s1,1.205461507,train,random,8,,,,
Cc1ccc(C(=O)N2CCC(Cc3ccccc3-c3ccccc3)(C(=O)N(C)C)CC2)s1,-0.293282218,train,random,8,,,,
CCc1nc2c(C)cc(N3CCN(CC(=O)N4CC(O)C4)CC3)cn2c1N(C)c1nc(-c2ccc(F)cc2)c(C#N)s1,-0.204728421,train,random,8,,,,
C[C@@H]1CCN(C(=O)CC#N)C[C@@H]1N(C)c1ncnc2[nH]ccc12,1.991815076,train,random,8,,,,
CN(C)C(=O)C1(Cc2ccccc2-c2ccccc2)CCN(C(=O)C2CCCO2)CC1,0.902546779,train,random,8,,,,
CC(=O)Nc1ccc(C(=O)N2CCCCC2c2nc(N)ncc2-c2ccc(Cl)cc2)cc1,0.596926814,train,random,8,,,,
CC(=O)Nc1ccc(C(=O)N2CCCCC2c2nc(N)ncc2-c2cccc(Cl)c2)cc1,0.520483533,train,random,8,,,,
O=C1CN(c2ccc(Nc3nccc(C(F)(F)F)n3)cn2)CCN1,1.543819805,train,random,8,,,,
O=C1NCCN(C(=O)c2ccc3nccn3c2)C1c1ccccc1C(F)(F)F,1.851001366,train,random,8,,,,
Cc1cc(F)ccc1C1C(=O)NCCN1C(=O)c1ccc2nccn2c1,1.78096503,train,random,8,,,,
O=C1NCCN(C(=O)c2ccncc2)C1c1ccccc1Cl,1.876996793,train,random,8,,,,
C[C@H]1CN(C(=O)CC(c2ccccc2)c2ccccc2)C[C@@H](C)O1,1.188253327,train,random,8,,,,
CN1[C@H]2CC[C@@H]1C[C@@H](OC(c1ccccc1)c1ccccc1)C2,1.106122874,train,random,8,,,,
CC(C)(C)C(=O)N1CCC(Cc2ccc(-c3cccs3)cc2)(C(=O)N2CCCC2)CC1,-0.1837587,train,random,8,,,,
OCC1CCCCN1Cc1ccc(Cl)c(Cl)c1,1.390069186,train,random,8,,,,
CC(=O)N1CCN(c2nc(C(F)(F)F)nc3sc(C)c(C)c23)CC1,0.13481437,train,random,8,,,,
COc1ccccc1C(=O)Nc1ccc2cc[nH]c2c1,0.505149978,train,random,8,,,,
c1ccc(Oc2cccc(CN(CCN3CCOCC3)Cc3cccnc3)c2)cc1,-0.222573178,train,random,8,,,,
COc1ccc([C@H]2CN(C(C)=O)[C@@H]3CCCN(Cc4cccc(F)c4)[C@H]23)cc1,0.595385981,train,random,8,,,,
Cc1c(C(=O)NCCCN(C)C)sc2ncnc(Nc3ccc(F)cc3OC(C)C)c12,0.741821047,train,random,8,,,,
OCC1CCCCN1Cc1ccc(-c2ccccc2)cc1,1.368007805,train,random,8,,,,
Nc1ncc(C(=O)NC2CN(C(=O)C3CC3)C2)c2ccc(-c3cccc(F)c3)nc12,0.623352682,train,random,8,,,,
CC1(C)CC(Oc2ccc(-c3ccc(-c4cn[nH]c4)cc3O)nn2)CC(C)(C)N1,1.199947058,train,random,8,,,,
Cc1ncsc1C(=O)N1CCCCC1c1nc(N)ncc1-c1cccc(C(F)(F)F)c1,0.615318657,train,random,8,,,,
O=C(Nc1ccc2ccccc2n1)c1ccc(N2CCOC2=O)cc1,0.449015316,train,random,8,,,,
O=C(CCNC(=O)c1ccc(OC(F)(F)F)cc1)N[C@@H]1CCCc2ccccc21,0.526080692,train,random,8,,,,
O=S(=O)(c1cccc2cnccc12)N1CCCNCC1,1.892077899,train,random,8,,,,
CCN1CCN(S(=O)(=O)Cc2ccc(Cl)c(Cl)c2)CC1,1.249124949,train,random,8,,,,
O=C(Nc1nc2cccc(-c3ccc(CN4CCS(=O)(=O)CC4)cc3)n2n1)C1CC1,1.681349797,train,random,8,,,,
CCn1c(CO)nn(-c2cc(O[C@@H](C)C(F)(F)F)c(C(=O)Nc3c(F)cccc3Cl)cc2F)c1=O,0.975753389,train,random,8,,,,
CCN(C/C=C\c1ccc(C2CCCCC2)c(Cl)c1)C1CCCCC1,-0.853871964,train,random,8,,,,
Cn1c(C2CC2)nc2c1CCN(c1ncnc3ccsc13)C2,1.237065953,train,random,8,,,,
CC/C(=C(\c1ccccc1)c1ccc(OCCN(C)C)cc1)c1ccccc1,-0.580044252,train,random,8,,,,
CNC(=O)C1(Cc2ccc(-c3ccncc3)cc2)CCN(Cc2cccc(F)c2)C1,1.10503305,train,random,8,,,,
Cc1ncc(CN2CCC(Nc3ccc4nnnn4n3)C(C)C2)s1,1.652285029,train,random,8,,,,
Cc1nc(Nc2nccs2)cc(C2CN(c3ncccn3)C2)n1,0.444669231,train,random,8,,,,
COc1ccc(Nc2c(C#N)cnc3cc(OC)c(OC)cc23)cc1Cl,-0.033858267,train,random,8,,,,
COc1ccc(CCCN2CCN(c3cnn(C)c3)C(=O)C2)cc1F,1.343408594,train,random,8,,,,
Cc1noc(C(C)C)c1C(=O)N1CC(C)OC(c2ccccc2)C1,1.180469962,train,random,8,,,,
CCC1=C(C)CN(C(=O)NCCc2ccc(S(=O)(=O)NC(=O)N[C@H]3CC[C@H](C)CC3)cc2)C1=O,-1.180456064,train,random,8,,,,
CN(C)C(=O)C1(Cc2ccccc2-c2cccc(F)c2)CCN(C(=O)C2CC=CCC2)CC1,-0.104025268,train,random,8,,,,
COCC(=O)N1CCC(Cc2ccccc2-c2cccc(F)c2)(C(=O)NC(C)C)CC1,0.596597096,train,random,8,,,,
COc1ccc(CNC(=O)c2sc3nc(C)cc(C)c3c2N)cc1,-0.356547324,train,random,8,,,,
C#C[C@@](C)(CC)NC(=O)c1cc(F)cnc1NC1CC(F)(F)C1,0.671265433,train,random,8,,,,
Cn1cc(Nc2nc(N)nc(-c3cccc(-n4ccc5cc(C6CC6)cc(F)c5c4=O)c3CO)n2)cn1,0.850401148,train,random,8,,,,
CNC(=O)C1(Cc2ccc(-c3cccnc3)cc2)CCN(Cc2ccc(F)cc2)C1,1.021602716,train,random,8,,,,
CNC(=O)C1(Cc2ccc(-c3cccnc3)cc2)CCN(Cc2cccc(F)c2)C1,0.829753919,train,random,8,,,,
CC(=O)Nc1ncc(CN2CCCC[C@@H]2C)s1,2.0,train,random,8,,,,
O=C1CCCC[C@@H]2[C@H](C[C@@H](Cc3ccccc3F)N2C(=O)c2cccc3ncccc23)N1,1.277998644,train,random,8,,,,
COCCc1noc(CN2CC(c3ccccc3)(c3ccccc3)CCC2=O)n1,1.167051359,train,random,8,,,,
Cc1[nH]nc2c1C1(CCCCC1)CC(=O)N2,1.323066376,train,random,8,,,,
Cc1oc2ccccc2c1CNc1nnc(-c2ccncc2)o1,0.717254313,train,random,8,,,,
O=C(Nc1cccc2ncccc12)[C@H]1CCCN(S(=O)(=O)c2ccccc2)C1,1.222560409,train,random,8,,,,
C[C@@H]1Cc2ccccc2N1C(=O)Cn1nc(-c2cccc3ncccc23)oc1=O,0.224014811,train,random,8,,,,
O=C(Nc1cnccc1-c1ccc(Cl)cc1)c1ccnc(NC(=O)C2CC2)c1,0.369957607,train,random,8,,,,
CN1C(N)=N[C@](C)(c2cc(NC(=O)c3ccc(F)cn3)ccc2F)CS1(=O)=O,1.560468571,train,random,8,,,,
CC1CN(C(=O)c2cccnc2N2CCOCC2)CC(c2ccccc2)O1,1.573185017,train,random,8,,,,
CCCCNC(=O)NS(=O)(=O)c1ccc(C)cc1,0.439332694,train,random,8,,,,
Cc1cc(Nc2cnccn2)cc(C2CCCN(CC(=O)N3CCCC3)C2)n1,1.642246824,train,random,8,,,,
Cc1cccnc1Nc1cccc(C2CCCN(CC(=O)Nc3nccs3)C2)n1,0.180699201,train,random,8,,,,
CN(C)C(=O)C1(Cc2ccccc2-c2ccccc2)CCN(C(=O)c2cnn(C)c2)CC1,1.041353202,train,random,8,,,,
CN1CCN(S(=O)(=O)c2ccc(-c3cnc(N)c(C(=O)Nc4cccnc4)n3)cc2)CC1,1.078638038,train,random,8,,,,
Cc1cc(N2CCCC2c2cc(CCC(=O)O)cc(C)n2)ncn1,2.0,train,random,8,,,,
CCCNC(=O)NS(=O)(=O)c1ccc(Cl)cc1,0.969835093,train,random,8,,,,
O=C(CN1CCCC(c2cccc(Cc3cccc(F)c3)n2)C1)N1CCCC1,1.062130535,train,random,8,,,,
COc1cc2ncnc(Nc3cccc(O)c3)c2cc1OC,0.994317153,train,random,8,,,,
Cc1cc(C)c2c(N)c(C(=O)NCc3ccc(Cl)cc3)sc2n1,-0.370590401,train,random,8,,,,
COCCNC(=O)c1ccnc(C2CCNCC2)c1,2.0,train,random,8,,,,
COc1nc2sc(C(=O)NC3CC3)c(N)c2c(C)c1Cl,0.245512668,train,random,8,,,,
CC1(CNC(=O)c2cncc(C3CCNCC3)n2)CCCO1,1.988550039,train,random,8,,,,
Cc1cc(N2CCCC2)nc(C2CCCN(C)C2)n1,2.0,train,random,8,,,,
O=C1NCCSc2c1sc1ccc(O)cc21,0.891593204,train,random,8,,,,
C[C@H]1CN(C2COC2)CCN1c1ccc(Nc2cc(-c3ccnc(N4CCn5c(cc6c5CC(C)(C)C6)C4=O)c3CO)cn(C)c2=O)nc1,1.209139536,train,random,8,,,,
C=CC(=O)N(C)CCOc1c(N)ncnc1-c1cc(F)cc(NC(=O)c2ccc(C3CC3)cc2F)c1C,0.838502776,train,random,8,,,,
Cc1c[nH]c(=O)n1-c1ccc(C(=O)Nc2ccc3ccccc3n2)cc1,0.639386869,train,random,8,,,,
CNC(=O)c1cccc(NC(=O)N2CCC(Oc3ccccc3Cl)CC2)c1,1.068760828,train,random,8,,,,
COc1ccc(OCC(=O)Nc2cccc(Cl)c2N2CCN(C(C)=O)CC2)cc1,0.700790221,train,random,8,,,,
c1ccc(-c2ccc(CN3CCCCCCC3)cc2)cc1,-0.614393726,train,random,8,,,,
CC(=O)N1CCN(c2c(Cl)cccc2NC(=O)COc2ccccc2Cl)CC1,0.256958153,train,random,8,,,,
CCC(=O)N1CCN(c2ccc(Cl)cc2NC(=O)COc2ccccc2)CC1,0.250420002,train,random,8,,,,
Cc1ccc(Oc2ccc(Cl)cc2NC(=O)CN(C)CC(=O)N(C)C)cc1,-0.053056729,train,random,8,,,,
CC1(C)Cc2cc(NC(=O)c3cnn4cccnc34)c(OCC3CC3)nc2O1,-0.199970641,train,random,8,,,,
N#Cc1cc(F)c(NS(=O)(=O)c2c[nH]c3cc(Cl)ccc23)cc1F,-0.026872146,train,random,8,,,,
COc1cc2c(cc1OC)CN(CCc1ccc(NC(=O)c3cccc4c(O)c5cccc(OC)c5nc34)cc1)CC2,-1.207608311,train,random,8,,,,
CCCc1nc2nc(C)c(NS(=O)(=O)c3ccc(C4CCCCC4)cc3)c(O)n2n1,-0.218963061,train,random,8,,,,
COc1ccc([C@H]2c3[nH]c4ccc(Cl)cc4c3CCN2C(=O)Oc2ccc(Cl)cc2)cc1,1.51293775,train,random,8,,,,
NC(=O)C1(Cc2ccc(-c3ccncc3)cc2)CCN(C(=O)Cc2cccc(F)c2)CC1,1.006508828,train,random,8,,,,
CC(=O)Nc1ccc(O)cc1,1.887859133,train,random,8,,,,
O=C(NC1CCNCC1)c1ccc2[nH]ncc2c1,1.842696589,train,random,8,,,,
CCn1c(=O)oc2cc(NC(=O)c3ccc(C(C)(C)C)cc3)ccc21,0.21005085,train,random,8,,,,
COc1ccc(OC[C@@H]2c3cc(OC)c(OC)cc3CCN2C(=O)c2cccc(Cl)c2)cc1,-0.116906641,train,random,8,,,,
CC(C)[C@H](CO)Nc1nc(Nc2cc(N)cc(Cl)c2)c2ncn(C(C)C)c2n1,-0.061980903,train,random,8,,,,
O=C(NC1CCNCC1)c1ccc2cn[nH]c2c1,2.0,train,random,8,,,,
CC(C)(C)OC(=O)N1CCCC1C(=O)N1CCC(C(=O)N[C@@H](Cc2c[nH]c3ccccc23)C(=O)O)CC1,1.691832676,train,random,8,,,,
CC(=O)Nc1ncc(C(=O)O)s1,1.81935965,train,random,8,,,,
Cc1cccc(-c2nc(C34CCC(C(N)=O)(CC3)CC4)[nH]c2-c2ccc3c(c2)OCO3)n1,1.02011257,train,random,8,,,,
CC(C)[C@@](C)(O)[C@@H]1CN(c2nc(-c3n[nH]c4ncccc34)c(F)cc2Cl)CCN1,1.302460808,train,random,8,,,,
Cc1nnc(-c2ccc(N3CCC(Oc4cc(F)ccc4Cl)CC3)nn2)o1,0.161068385,train,random,8,,,,
Cc1cn2nc(-c3cc(=O)n4cc(N5CCNC6(CC6)C5)ccc4n3)cc(C)c2n1,0.985246791,train,random,8,,,,
Cc1ccc(OCC2(O)CCN(CC3(O)CCN(c4ccccc4C)CC3)CC2)cc1,-0.040481623,train,random,8,,,,
CN(C(=O)c1cc(N2CCNC2=O)ccc1F)C1CCNC1,1.885728632,train,random,8,,,,
O=C(Nc1cccc(N2CCNC2=O)c1)C1NCC12CCCC2,1.718202645,train,random,8,,,,
NCC1CCCC1NC(=O)c1cc(N2CCNC2=O)ccc1F,1.87495702,train,random,8,,,,
Cn1c(-c2n[nH]c3c2CCCC3)nnc1N1CCC2(CNC(=O)C2)C1,1.792986685,train,random,8,,,,
Cc1nnc(-c2ccc(N3CCC(Oc4ccccc4C(F)(F)F)CC3)nn2)s1,-0.906578315,train,random,8,,,,
O=C(NCCc1ccccc1)c1ccc(NC(=O)N2CCCCc3ccccc32)cc1,0.075911761,train,random,8,,,,
CC(C)(C)c1ccc(C(O)CN2CCC(O)(c3ccc4c(c3)OCO4)CC2)cc1,0.779018972,train,random,8,,,,
NC[C@H]1CC[C@@H](C(=O)Nc2ccc3[nH]ncc3c2)O1,1.981999714,train,random,8,,,,
CN(C(=O)c1cc(N2CCNC2=O)ccc1F)C1CCC(N)CC1,1.828717885,train,random,8,,,,
NC1CCCC1C(=O)N1CCC(c2c[nH]c3ncccc23)CC1,1.71701274,train,random,8,,,,
NC1CCCC(C(=O)Nc2ccc3[nH]ncc3c2)C1,2.0,train,random,8,,,,
NC1CC(NC(=O)c2ccc(-c3cn[nH]c3)cn2)C12CCC2,1.709702344,train,random,8,,,,
NC1CCC(C(=O)N2CCC(c3c[nH]c4ncccc34)CC2)C1,1.917395215,train,random,8,,,,
NC1CCCC(C(=O)N2CCC(c3c[nH]c4ncccc34)CC2)C1,1.752816431,train,random,8,,,,
Cc1nc2cc(C(=O)NC34CCCC3NCC4)ccc2c(=O)[nH]1,1.866494097,train,random,8,,,,
O=C(Nc1ccc(CN2CCCCC2)cc1)c1ccnc2[nH]cnc12,1.767526899,train,random,8,,,,
CCc1c[nH]c2ncnc(N3CCC(CN4CCN(C)CC4)CC3)c12,1.728012707,train,random,8,,,,
NC(=O)c1cnc(N2CCc3[nH]nc(C(F)(F)F)c3C2)c(Cl)c1,0.986009932,train,random,8,,,,
CC1CC(N)CCN1C(=O)c1cc(N2CCNC2=O)c(F)cc1F,1.833504094,train,random,8,,,,
c1sc(NCC2CCCO2)nc1C12CC3CC(CC(C3)C1)C2,-1.096910013,train,random,8,,,,
CN(c1ncc(F)cn1)[C@H]1CCCNC1,2.0,test,random,8,1.5195945392,1.5997652865400003,1.2939214734400004,1.6718325357300006
CC(C)(O)CCn1cc2cc(NC(=O)c3cccc(C(F)(F)F)n3)c(C(C)(C)O)cc2n1,1.015611205,test,random,8,0.7227903680799997,0.4657604367299999,0.67834595888,0.35070972069999995
CCS(=O)(=O)N1CC(CC#N)(n2cc(-c3ncnc4[nH]ccc34)cn2)C1,1.378597739,test,random,8,1.0640518899499998,1.2550243498899996,0.77514137736,1.3717326526900004
Cc1c[nH]c2nccc(Oc3c(F)cc(Nc4cc(Cl)nc(N)n4)cc3F)c12,-1.22184875,test,random,8,0.8236734417700002,0.4444130691900001,0.6229409036100002,0.13333919836999997
[2H]C([2H])([2H])NC(=O)c1nnc(NC(=O)C2CC2)cc1Nc1cccc(-c2ncn(C)n2)c1OC,1.186566481,test,random,8,0.6905010983000004,0.7117392308800004,0.5775796235300001,1.0377367593299998
Nc1n[nH]cc1-c1cc(Cl)ccc1Oc1cc(F)c(S(=O)(=O)Nc2cscn2)cc1Cl,-0.354577731,test,random,8,0.6921040076800001,0.31787054555000005,0.4507557600199999,-0.08534893954999997
CC#CC(=O)N1CC[C@@H](n2cc(-c3ccc(Oc4c(F)cccc4F)cc3)c3c(N)n[nH]c(=O)c32)C1,-0.073143291,test,random,8,0.80292797982,0.6570748322799999,0.63101572908,0.45700302363999995
Nc1ncc(-c2cccc(C(F)(F)F)c2)c(C2CCCCN2C(=O)c2ccccc2)n1,-0.04431225,test,random,8,0.7179834236500002,0.7470945469000008,0.9386561110300002,0.41224335077000007
Fc1ccccc1-c1c[nH]nc1C1CCCN1Cc1ccc2ncccc2c1,0.545801757,test,random,8,0.86499838073,0.9824229696200001,0.8212226295899999,0.20634514109999982
Cc1nccc(-c2cn(Cc3ccccc3)c3cnccc23)n1,1.122707254,test,random,8,0.8603717625499999,0.7565549998600001,0.7636462311500005,0.5073880605900002
Nc1ncnc2c1c(-c1ccc(Oc3ccccc3)cc1)nn2[C@@H]1CCCNC1,0.956648579,test,random,8,0.8404477977699994,0.726584643,0.8070026334499998,0.67526217841
OC[C@H](Nc1cncc(-c2ccc3[nH]ncc3n2)c1)c1ccccc1,1.017826038,test,random,8,1.0384543232900005,0.9522374672600001,0.7354123850800004,0.7571327529900002
Cc1ncsc1C(=O)N1CCCCC1c1nc(N(C)C)ncc1-c1cccc(Cl)c1,-0.083019953,test,random,8,0.6000859872000003,0.4883747769000001,1.08075023425,0.22311912084999994
Cc1nnc(-c2ccc3occ(-c4ccc(S(C)=O)cc4)c3c2)o1,0.193402903,test,random,8,0.6528516239600001,0.5500599862099999,0.42974719205000034,0.3736339505000001
C=CC(=O)Nc1cccc(Oc2nc(Nc3ccc(N4CCN(C)CC4)cc3)nc3ccoc23)c1,0.146128036,test,random,8,0.16677985211000007,0.23694062406999994,0.13424438171999997,0.12168309649000005
NCCN1CCN(C/C=C/C(=O)N2CCC[C@@H](n3nc(-c4ccc(Oc5ccccc5)cc4)c4c(N)ncnc43)C2)CC1,0.699837726,test,random,8,0.5278037490700003,0.5953824102399998,0.63267450058,0.5126024367200002
COc1nn(C)cc1C(=O)Nc1cccc2cnccc12,1.504729052,test,random,8,0.7811056839000003,0.6960608302200002,0.8743501026500003,1.322230792400001
CN(Cc1ccccc1)C1(C(=O)N2CCNC(=O)CC2)Cc2ccccc2C1,0.904931827,test,random,8,1.2404796384400003,1.1626167522600006,1.18599363783,1.6168302954999993
Cc1c(F)cccc1NC(=O)CN1[C@H]2CCCC(=O)N[C@@]2(C)C[C@H]1Cc1ccccc1,0.595275712,test,random,8,1.1036735645699998,0.9025353086299995,0.7963060486700003,0.7981609700699994
O=S(=O)(c1cccc2c(O)nccc12)N1CCCNCC1,1.850223373,test,random,8,1.5705238303599989,1.3149871956399997,1.5202436578299996,1.5834408655799992
Cc1ccc(NC(=O)CN2[C@H]3CCCC(=O)N[C@@]3(C)C[C@H]2Cc2ccccc2)cc1F,-0.137272472,test,random,8,1.24385833071,0.9207183742999999,0.6896466185100002,0.8009907203799994
Cc1cnc(C(=O)NCCc2ccc(S(=O)(=O)NC(=O)NC3CCCCC3)cc2)cn1,0.01745073,test,random,8,0.8958797307699998,0.5018191255100001,0.5683774885300003,0.9111566180400006
CCOc1cc(CC(=O)N[C@@H](CC(C)C)c2ccccc2N2CCCCC2)ccc1C(=O)O,0.106870544,test,random,8,0.09613337660999997,0.5237244998300002,0.9165022129100001,0.07318505721000007
CC(O)(C#Cc1ccc2c(c1)N(c1nc(N)ncc1Cl)CC2)c1nccs1,-0.122628654,test,random,8,0.7705077096899998,0.52361319876,0.5605906375000003,0.35894703639000014
Nc1ncnc2c1c(-c1cnc3[nH]ccc3c1)nn2C1CCCC1,0.862608364,test,random,8,1.3049181101399996,0.9611285596000003,0.9451568723200002,0.47875932536000043
CC1(C)CC(=O)C2=C(C1)NC(=O)CC2c1ccc(Br)cc1,1.159236233,test,random,8,1.5144294124500004,0.76852406344,0.8512294815100002,0.51484407158
CNC(=O)C1(Cc2ccc(-c3cccnc3)cc2)CCN(Cc2ccccc2Cl)C1,0.387567779,test,random,8,0.84943430169,0.8232341011500001,0.8394739963900001,0.42663138212000007
CCn1cc(C(=O)O)c(=O)c2c(N)c(F)c(NC3CCCCC3)cc21,0.427486109,test,random,8,0.24204082061,0.6519391968600006,0.7411780124500004,0.6261557352900002
C=CC(=O)Nc1cccc(Nc2nc(Nc3ccc(Oc4ccnc(C(=O)NC)c4)cc3)ncc2F)c1,-0.403402904,test,random,8,0.31781293132999994,0.27238951788,0.5891253460500001,-0.23055556366000002
CC#CC(=O)N1CCC[C@@H]1c1nc(-c2ccc(C(=O)Nc3ccccn3)cc2)c2c(N)nccn12,0.975868182,test,random,8,0.5262982343100003,0.7607619821099999,0.87220457523,0.5350646571500002
CC(=O)NCCNc1cc(Cl)nn2c(-c3cccc(S(=O)(=O)N(C)C)c3)c(C)nc12,0.681693392,test,random,8,0.6061955617300002,0.4626714596699999,0.5869026477000001,0.9311463798000001
Cc1cccc(/C=N/Nc2cc(N3CCOCC3)nc(OCCc3ccccn3)n2)c1,-0.548213564,test,random,8,0.6311802010000003,0.5244160786900001,0.7019520687900003,0.5197049119500002
N#Cc1ccc(COc2cccc(C3CCN(Cc4nc5ccc(C(=O)O)cc5n4C[C@@H]4CCO4)CC3)n2)c(F)c1,0.402433346,test,random,8,0.4384747770499999,0.44004194610999986,0.41452485358999985,0.08053973825000002
O=C(Nc1cccc2c(=O)cc(-c3nnn[nH]3)oc12)c1ccc(OCCCCc2ccccc2)cc1,0.582744966,test,random,8,0.33603687838,0.19310262481999993,0.28805568831999984,0.036393030959999996
COc1cc2nc(-c3cc(F)ccc3O)nc(N[C@@H]3CNC[C@H]3C(C)(C)O)c2cc1OC.Cl,-1.119186408,test,random,8,1.1582700822400007,0.6778716451199999,0.3819679653499999,0.7254484851299998
CCCS(=O)(=O)Nc1ccc(F)c(C(=O)c2c[nH]c3ncc(-c4ccc(Cl)cc4)cc23)c1F,-1.59345982,test,random,8,0.8222815855199999,0.19844591430000003,0.6172395871599999,0.0012646959000000657
O=C(NC12CCCC1NCC2)c1ccc(-c2cn[nH]c2)cc1,2.0,test,random,8,1.5487413450299996,1.3388676700100004,1.3276841434600004,1.7789162211999994
CNc1nc(C)cc(C(=O)Nc2ccc3[nH]ncc3c2)n1,1.493625323,test,random,8,1.1638758227500001,1.0290525084100002,1.23605092378,1.1282225593600006
NC1CCCC(C(=O)Nc2cccc(N3CCNC3=O)c2)C1,1.763113391,test,random,8,1.6755240371500009,1.55123310039,1.6708480263199998,1.8988094890799996
CNc1cc(Nc2cccn(-c3ccccn3)c2=O)nn2c(C(=O)N[C@@H]3C[C@@H]3F)cnc12,0.991226076,train,random,9,,,,
CCOc1cc2nn(CCC(C)(C)O)cc2cc1NC(=O)c1cccc(C(F)F)n1,0.099680641,train,random,9,,,,
CN(c1ncc(F)cn1)[C@H]1CCCNC1,2.0,train,random,9,,,,
CC(C)(Oc1ccc(-c2cnc(N)c(-c3ccc(Cl)cc3)c2)cc1)C(=O)O,-1.158015195,train,random,9,,,,
CC(C)(O)CCn1cc2cc(NC(=O)c3cccc(C(F)(F)F)n3)c(C(C)(C)O)cc2n1,1.015611205,train,random,9,,,,
CC#CC(=O)N[C@H]1CCCN(c2c(F)cc(C(N)=O)c3[nH]c(C)c(C)c23)C1,0.163856803,train,random,9,,,,
COc1ccc(Cl)cc1C(=O)NCCc1ccc(S(=O)(=O)NC(=O)NC2CCCCC2)cc1,-0.91721463,train,random,9,,,,
C=CC(=O)N1CCC[C@@H](n2nc(-c3ccc(Oc4ccccc4)cc3)c3c(N)ncnc32)C1,0.62603,train,random,9,,,,
CCS(=O)(=O)N1CC(CC#N)(n2cc(-c3ncnc4[nH]ccc34)cn2)C1,1.378597739,train,random,9,,,,
COc1ccc(S(=O)(=O)N2CCC(N3CCC(C)CC3)CC2)cc1,1.729799023,train,random,9,,,,
CCn1c(-c2nonc2N)nc2cnc(Oc3cccc(NC(=O)c4ccc(OCCN5CCOCC5)cc4)c3)cc21,-0.449771647,train,random,9,,,,
Cc1c[nH]c2nccc(Oc3c(F)cc(Nc4cc(Cl)nc(N)n4)cc3F)c12,-1.22184875,train,random,9,,,,
COc1cc2c(cc1OC)CC(=O)N(CCCN(C)C[C@H]1Cc3cc(OC)c(OC)cc31)CC2,1.730984039,train,random,9,,,,
Fc1ccc(-c2ccc3c(c2)[nH]c2ccncc23)cn1,0.653405491,train,random,9,,,,
C=CC(=O)N1C[C@H](Nc2ncnc3[nH]ccc23)CC[C@@H]1C,1.828227965,train,random,9,,,,
Cn1cc(Nc2nccc(N3CC4CCC(C3)N4C(=O)[C@@H]3CC3(F)F)n2)cn1,1.642995934,train,random,9,,,,
[2H]C([2H])([2H])NC(=O)c1nnc(NC(=O)C2CC2)cc1Nc1cccc(-c2ncn(C)n2)c1OC,1.186566481,train,random,9,,,,
Nc1n[nH]cc1-c1cc(Cl)ccc1Oc1cc(F)c(S(=O)(=O)Nc2cscn2)cc1Cl,-0.354577731,train,random,9,,,,
Cc1c(-c2c(F)cc(C(N)=O)c3[nH]c4c(c23)CC[C@H](C(C)(C)O)C4)cccc1-n1c(=O)c2cccc(F)c2n(C)c1=O,0.436162647,train,random,9,,,,
Cn1cc(-c2cn3nccc3c(-c3cnn([C@]4(CC#N)C[C@@H](C#N)C4)c3)n2)cn1,1.559583476,train,random,9,,,,
N#CC[C@H](C1CCCC1)n1cc(-c2ncnc3[nH]ccc23)cn1,0.630986911,train,random,9,,,,
CC#CC(=O)N1CC[C@@H](n2c(=O)n(-c3ccc(Oc4ccccc4)cc3)c3c(N)ncnc32)C1,0.935859798,train,random,9,,,,
C=CC(=O)N1CCC[C@H](n2c(=O)n(-c3ccc(Oc4ccccc4)cc3)c3c(N)ncnc32)C1,0.983851719,train,random,9,,,,
CC(C)(C=C(C#N)C(=O)N1CCC[C@@H](n2nc(-c3ccc(Oc4ccccc4)cc3F)c3c(N)ncnc32)C1)N1CCN(C2COC2)CC1,0.276231958,train,random,9,,,,
CC#CC(=O)N1CC[C@@H](n2cc(-c3ccc(Oc4c(F)cccc4F)cc3)c3c(N)n[nH]c(=O)c32)C1,-0.073143291,train,random,9,,,,
C=CC(=O)Nc1cccc(Oc2nc(Nc3ccc(N4CCN(C)CC4)c(F)c3)nc3[nH]ccc23)c1,0.039414119,train,random,9,,,,
Nc1ncc(-c2cccc(C(F)(F)F)c2)c(C2CCCCN2C(=O)c2ccccc2)n1,-0.04431225,train,random,9,,,,
O=C(Nc1cccc(-c2nncn2C2CC2)c1)c1cc(-n2cnc(C3CC3)c2)ccn1,0.262925469,train,random,9,,,,
Fc1ccccc1-c1c[nH]nc1C1CCCN1Cc1ccc2ncccc2c1,0.545801757,train,random,9,,,,
Cc1nccc(-c2cn(Cc3ccccc3)c3cnccc23)n1,1.122707254,train,random,9,,,,
CCc1nc(C)cn2nc(-c3cc(=O)n4cc(C5CCN(C)CC5)cc(C)c4n3)cc12,0.868232868,train,random,9,,,,
Nc1ncnc2c1c(-c1ccc(Oc3ccccc3)cc1)nn2[C@@H]1CCCNC1,0.956648579,train,random,9,,,,
Cc1nnc(CN(C)CC(C)Oc2ccc(Cl)c(Cl)c2)n1C,0.926290987,train,random,9,,,,
COc1nn(C)cc1C(=O)Nc1cccc(-c2cnc3n2CCC3)c1,0.866877814,train,random,9,,,,
COc1cc(F)ccc1-c1ncnc(Nc2cccc(C[S@@](C)(=N)=O)c2)n1,1.594922663,train,random,9,,,,
Cc1ncc(CN2CC[C@@H](Nc3cncc(Cl)n3)[C@@H](C)C2)s1,1.205461507,train,random,9,,,,
Cc1ccc(C(=O)N2CCC(Cc3ccccc3-c3ccccc3)(C(=O)N(C)C)CC2)s1,-0.293282218,train,random,9,,,,
CN(C)C(=O)C1(Cc2ccccc2-c2ccccc2)CCN(C(=O)C2CCCO2)CC1,0.902546779,train,random,9,,,,
CC(=O)Nc1ccc(C(=O)N2CCCCC2c2nc(N)ncc2-c2ccc(Cl)cc2)cc1,0.596926814,train,random,9,,,,
CC(=O)Nc1ccc(C(=O)N2CCCCC2c2nc(N)ncc2-c2cccc(Cl)c2)cc1,0.520483533,train,random,9,,,,
O=C1CN(c2ccc(Nc3nccc(C(F)(F)F)n3)cn2)CCN1,1.543819805,train,random,9,,,,
O=C1NCCN(C(=O)c2ccc3nccn3c2)C1c1ccccc1C(F)(F)F,1.851001366,train,random,9,,,,
Cc1cc(F)ccc1C1C(=O)NCCN1C(=O)c1ccc2nccn2c1,1.78096503,train,random,9,,,,
O=C1NCCN(C(=O)c2ccncc2)C1c1ccccc1Cl,1.876996793,train,random,9,,,,
C[C@H]1CN(C(=O)CC(c2ccccc2)c2ccccc2)C[C@@H](C)O1,1.188253327,train,random,9,,,,
CC(C)(C)C(=O)N1CCC(Cc2ccc(-c3cccs3)cc2)(C(=O)N2CCCC2)CC1,-0.1837587,train,random,9,,,,
OC[C@H](Nc1cncc(-c2ccc3[nH]ncc3n2)c1)c1ccccc1,1.017826038,train,random,9,,,,
Cc1ncsc1C(=O)N1CCCCC1c1nc(N(C)C)ncc1-c1cccc(Cl)c1,-0.083019953,train,random,9,,,,
CC(=O)N1CCN(c2nc(C(F)(F)F)nc3sc(C)c(C)c23)CC1,0.13481437,train,random,9,,,,
COc1ccccc1C(=O)Nc1ccc2cc[nH]c2c1,0.505149978,train,random,9,,,,
c1ccc(Oc2cccc(CN(CCN3CCOCC3)Cc3cccnc3)c2)cc1,-0.222573178,train,random,9,,,,
COc1ccc([C@H]2CN(C(C)=O)[C@@H]3CCCN(Cc4cccc(F)c4)[C@H]23)cc1,0.595385981,train,random,9,,,,
OCC1CCCCN1Cc1ccc(-c2ccccc2)cc1,1.368007805,train,random,9,,,,
CC1(C)CC(Oc2ccc(-c3ccc(-c4cn[nH]c4)cc3O)nn2)CC(C)(C)N1,1.199947058,train,random,9,,,,
Cc1nnc(-c2ccc3occ(-c4ccc(S(C)=O)cc4)c3c2)o1,0.193402903,train,random,9,,,,
O=C(CCNC(=O)c1ccc(OC(F)(F)F)cc1)N[C@@H]1CCCc2ccccc21,0.526080692,train,random,9,,,,
O=S(=O)(c1cccc2cnccc12)N1CCCNCC1,1.892077899,train,random,9,,,,
C=CC(=O)Nc1cccc(Oc2nc(Nc3ccc(N4CCN(C)CC4)cc3)nc3ccoc23)c1,0.146128036,train,random,9,,,,
O=C(Nc1nc2cccc(-c3ccc(CN4CCS(=O)(=O)CC4)cc3)n2n1)C1CC1,1.681349797,train,random,9,,,,
CCn1c(CO)nn(-c2cc(O[C@@H](C)C(F)(F)F)c(C(=O)Nc3c(F)cccc3Cl)cc2F)c1=O,0.975753389,train,random,9,,,,
CCN(C/C=C\c1ccc(C2CCCCC2)c(Cl)c1)C1CCCCC1,-0.853871964,train,random,9,,,,
NCCN1CCN(C/C=C/C(=O)N2CCC[C@@H](n3nc(-c4ccc(Oc5ccccc5)cc4)c4c(N)ncnc43)C2)CC1,0.699837726,train,random,9,,,,
CC/C(=C(\c1ccccc1)c1ccc(OCCN(C)C)cc1)c1ccccc1,-0.580044252,train,random,9,,,,
COc1nn(C)cc1C(=O)Nc1cccc2cnccc12,1.504729052,train,random,9,,,,
CNC(=O)C1(Cc2ccc(-c3ccncc3)cc2)CCN(Cc2cccc(F)c2)C1,1.10503305,train,random,9,,,,
COc1ccc(Nc2c(C#N)cnc3cc(OC)c(OC)cc23)cc1Cl,-0.033858267,train,random,9,,,,
Cc1noc(C(C)C)c1C(=O)N1CC(C)OC(c2ccccc2)C1,1.180469962,train,random,9,,,,
CN(Cc1ccccc1)C1(C(=O)N2CCNC(=O)CC2)Cc2ccccc2C1,0.904931827,train,random,9,,,,
Cc1c(F)cccc1NC(=O)CN1[C@H]2CCCC(=O)N[C@@]2(C)C[C@H]1Cc1ccccc1,0.595275712,train,random,9,,,,
O=S(=O)(c1cccc2c(O)nccc12)N1CCCNCC1,1.850223373,train,random,9,,,,
Cc1ccc(NC(=O)CN2[C@H]3CCCC(=O)N[C@@]3(C)C[C@H]2Cc2ccccc2)cc1F,-0.137272472,train,random,9,,,,
CN(C)C(=O)C1(Cc2ccccc2-c2cccc(F)c2)CCN(C(=O)C2CC=CCC2)CC1,-0.104025268,train,random,9,,,,
COCC(=O)N1CCC(Cc2ccccc2-c2cccc(F)c2)(C(=O)NC(C)C)CC1,0.596597096,train,random,9,,,,
COc1ccc(CNC(=O)c2sc3nc(C)cc(C)c3c2N)cc1,-0.356547324,train,random,9,,,,
C#C[C@@](C)(CC)NC(=O)c1cc(F)cnc1NC1CC(F)(F)C1,0.671265433,train,random,9,,,,
Cn1cc(Nc2nc(N)nc(-c3cccc(-n4ccc5cc(C6CC6)cc(F)c5c4=O)c3CO)n2)cn1,0.850401148,train,random,9,,,,
Cc1cnc(C(=O)NCCc2ccc(S(=O)(=O)NC(=O)NC3CCCCC3)cc2)cn1,0.01745073,train,random,9,,,,
CNC(=O)C1(Cc2ccc(-c3cccnc3)cc2)CCN(Cc2cccc(F)c2)C1,0.829753919,train,random,9,,,,
CC(=O)Nc1ncc(CN2CCCC[C@@H]2C)s1,2.0,train,random,9,,,,
O=C1CCCC[C@@H]2[C@H](C[C@@H](Cc3ccccc3F)N2C(=O)c2cccc3ncccc23)N1,1.277998644,train,random,9,,,,
CCOc1cc(CC(=O)N[C@@H](CC(C)C)c2ccccc2N2CCCCC2)ccc1C(=O)O,0.106870544,train,random,9,,,,
CC(O)(C#Cc1ccc2c(c1)N(c1nc(N)ncc1Cl)CC2)c1nccs1,-0.122628654,train,random,9,,,,
COCCc1noc(CN2CC(c3ccccc3)(c3ccccc3)CCC2=O)n1,1.167051359,train,random,9,,,,
Cc1[nH]nc2c1C1(CCCCC1)CC(=O)N2,1.323066376,train,random,9,,,,
Cc1oc2ccccc2c1CNc1nnc(-c2ccncc2)o1,0.717254313,train,random,9,,,,
O=C(Nc1cccc2ncccc12)[C@H]1CCCN(S(=O)(=O)c2ccccc2)C1,1.222560409,train,random,9,,,,
C[C@@H]1Cc2ccccc2N1C(=O)Cn1nc(-c2cccc3ncccc23)oc1=O,0.224014811,train,random,9,,,,
Nc1ncnc2c1c(-c1cnc3[nH]ccc3c1)nn2C1CCCC1,0.862608364,train,random,9,,,,
O=C(Nc1cnccc1-c1ccc(Cl)cc1)c1ccnc(NC(=O)C2CC2)c1,0.369957607,train,random,9,,,,
CN1C(N)=N[C@](C)(c2cc(NC(=O)c3ccc(F)cn3)ccc2F)CS1(=O)=O,1.560468571,train,random,9,,,,
CC1CN(C(=O)c2cccnc2N2CCOCC2)CC(c2ccccc2)O1,1.573185017,train,random,9,,,,
CCCCNC(=O)NS(=O)(=O)c1ccc(C)cc1,0.439332694,train,random,9,,,,
Cc1cc(Nc2cnccn2)cc(C2CCCN(CC(=O)N3CCCC3)C2)n1,1.642246824,train,random,9,,,,
Cc1cccnc1Nc1cccc(C2CCCN(CC(=O)Nc3nccs3)C2)n1,0.180699201,train,random,9,,,,
CN(C)C(=O)C1(Cc2ccccc2-c2ccccc2)CCN(C(=O)c2cnn(C)c2)CC1,1.041353202,train,random,9,,,,
CC1(C)CC(=O)C2=C(C1)NC(=O)CC2c1ccc(Br)cc1,1.159236233,train,random,9,,,,
CN1CCN(S(=O)(=O)c2ccc(-c3cnc(N)c(C(=O)Nc4cccnc4)n3)cc2)CC1,1.078638038,train,random,9,,,,
CNC(=O)C1(Cc2ccc(-c3cccnc3)cc2)CCN(Cc2ccccc2Cl)C1,0.387567779,train,random,9,,,,
Cc1cc(N2CCCC2c2cc(CCC(=O)O)cc(C)n2)ncn1,2.0,train,random,9,,,,
CCCNC(=O)NS(=O)(=O)c1ccc(Cl)cc1,0.969835093,train,random,9,,,,
COc1cc2ncnc(Nc3cccc(O)c3)c2cc1OC,0.994317153,train,random,9,,,,
Cc1cc(C)c2c(N)c(C(=O)NCc3ccc(Cl)cc3)sc2n1,-0.370590401,train,random,9,,,,
COCCNC(=O)c1ccnc(C2CCNCC2)c1,2.0,train,random,9,,,,
CC1(CNC(=O)c2cncc(C3CCNCC3)n2)CCCO1,1.988550039,train,random,9,,,,
Cc1cc(N2CCCC2)nc(C2CCCN(C)C2)n1,2.0,train,random,9,,,,
O=C1NCCSc2c1sc1ccc(O)cc21,0.891593204,train,random,9,,,,
CCn1cc(C(=O)O)c(=O)c2c(N)c(F)c(NC3CCCCC3)cc21,0.427486109,train,random,9,,,,
C[C@H]1CN(C2COC2)CCN1c1ccc(Nc2cc(-c3ccnc(N4CCn5c(cc6c5CC(C)(C)C6)C4=O)c3CO)cn(C)c2=O)nc1,1.209139536,train,random,9,,,,
C=CC(=O)Nc1cccc(Nc2nc(Nc3ccc(Oc4ccnc(C(=O)NC)c4)cc3)ncc2F)c1,-0.403402904,train,random,9,,,,
C=CC(=O)N(C)CCOc1c(N)ncnc1-c1cc(F)cc(NC(=O)c2ccc(C3CC3)cc2F)c1C,0.838502776,train,random,9,,,,
CC#CC(=O)N1CCC[C@@H]1c1nc(-c2ccc(C(=O)Nc3ccccn3)cc2)c2c(N)nccn12,0.975868182,train,random,9,,,,
CC(=O)NCCNc1cc(Cl)nn2c(-c3cccc(S(=O)(=O)N(C)C)c3)c(C)nc12,0.681693392,train,random,9,,,,
Cc1c[nH]c(=O)n1-c1ccc(C(=O)Nc2ccc3ccccc3n2)cc1,0.639386869,train,random,9,,,,
CNC(=O)c1cccc(NC(=O)N2CCC(Oc3ccccc3Cl)CC2)c1,1.068760828,train,random,9,,,,
COc1ccc(OCC(=O)Nc2cccc(Cl)c2N2CCN(C(C)=O)CC2)cc1,0.700790221,train,random,9,,,,
c1ccc(-c2ccc(CN3CCCCCCC3)cc2)cc1,-0.614393726,train,random,9,,,,
CC(=O)N1CCN(c2c(Cl)cccc2NC(=O)COc2ccccc2Cl)CC1,0.256958153,train,random,9,,,,
Cc1ccc(Oc2ccc(Cl)cc2NC(=O)CN(C)CC(=O)N(C)C)cc1,-0.053056729,train,random,9,,,,
CC1(C)Cc2cc(NC(=O)c3cnn4cccnc34)c(OCC3CC3)nc2O1,-0.199970641,train,random,9,,,,
COc1cc2c(cc1OC)CN(CCc1ccc(NC(=O)c3cccc4c(O)c5cccc(OC)c5nc34)cc1)CC2,-1.207608311,train,random,9,,,,
CCCc1nc2nc(C)c(NS(=O)(=O)c3ccc(C4CCCCC4)cc3)c(O)n2n1,-0.218963061,train,random,9,,,,
COc1ccc([C@H]2c3[nH]c4ccc(Cl)cc4c3CCN2C(=O)Oc2ccc(Cl)cc2)cc1,1.51293775,train,random,9,,,,
NC(=O)C1(Cc2ccc(-c3ccncc3)cc2)CCN(C(=O)Cc2cccc(F)c2)CC1,1.006508828,train,random,9,,,,
CC(=O)Nc1ccc(O)cc1,1.887859133,train,random,9,,,,
O=C(NC1CCNCC1)c1ccc2[nH]ncc2c1,1.842696589,train,random,9,,,,
Cc1cccc(/C=N/Nc2cc(N3CCOCC3)nc(OCCc3ccccn3)n2)c1,-0.548213564,train,random,9,,,,
CCn1c(=O)oc2cc(NC(=O)c3ccc(C(C)(C)C)cc3)ccc21,0.21005085,train,random,9,,,,
COc1ccc(OC[C@@H]2c3cc(OC)c(OC)cc3CCN2C(=O)c2cccc(Cl)c2)cc1,-0.116906641,train,random,9,,,,
N#Cc1ccc(COc2cccc(C3CCN(Cc4nc5ccc(C(=O)O)cc5n4C[C@@H]4CCO4)CC3)n2)c(F)c1,0.402433346,train,random,9,,,,
CC(C)[C@H](CO)Nc1nc(Nc2cc(N)cc(Cl)c2)c2ncn(C(C)C)c2n1,-0.061980903,train,random,9,,,,
O=C(NC1CCNCC1)c1ccc2cn[nH]c2c1,2.0,train,random,9,,,,
O=C(Nc1cccc2c(=O)cc(-c3nnn[nH]3)oc12)c1ccc(OCCCCc2ccccc2)cc1,0.582744966,train,random,9,,,,
Cc1cccc(-c2nc(C34CCC(C(N)=O)(CC3)CC4)[nH]c2-c2ccc3c(c2)OCO3)n1,1.02011257,train,random,9,,,,
COc1cc2nc(-c3cc(F)ccc3O)nc(N[C@@H]3CNC[C@H]3C(C)(C)O)c2cc1OC.Cl,-1.119186408,train,random,9,,,,
CC(C)[C@@](C)(O)[C@@H]1CN(c2nc(-c3n[nH]c4ncccc34)c(F)cc2Cl)CCN1,1.302460808,train,random,9,,,,
Cc1nnc(-c2ccc(N3CCC(Oc4cc(F)ccc4Cl)CC3)nn2)o1,0.161068385,train,random,9,,,,
Cc1cn2nc(-c3cc(=O)n4cc(N5CCNC6(CC6)C5)ccc4n3)cc(C)c2n1,0.985246791,train,random,9,,,,
CCCS(=O)(=O)Nc1ccc(F)c(C(=O)c2c[nH]c3ncc(-c4ccc(Cl)cc4)cc23)c1F,-1.59345982,train,random,9,,,,
O=C(Nc1cccc(N2CCNC2=O)c1)C1NCC12CCCC2,1.718202645,train,random,9,,,,
NCC1CCCC1NC(=O)c1cc(N2CCNC2=O)ccc1F,1.87495702,train,random,9,,,,
Cn1c(-c2n[nH]c3c2CCCC3)nnc1N1CCC2(CNC(=O)C2)C1,1.792986685,train,random,9,,,,
Cc1nnc(-c2ccc(N3CCC(Oc4ccccc4C(F)(F)F)CC3)nn2)s1,-0.906578315,train,random,9,,,,
CC(C)(C)c1ccc(C(O)CN2CCC(O)(c3ccc4c(c3)OCO4)CC2)cc1,0.779018972,train,random,9,,,,
CN(C(=O)c1cc(N2CCNC2=O)ccc1F)C1CCC(N)CC1,1.828717885,train,random,9,,,,
NC1CCCC1C(=O)N1CCC(c2c[nH]c3ncccc23)CC1,1.71701274,train,random,9,,,,
NC1CCCC(C(=O)Nc2ccc3[nH]ncc3c2)C1,2.0,train,random,9,,,,
NC1CCC(C(=O)N2CCC(c3c[nH]c4ncccc34)CC2)C1,1.917395215,train,random,9,,,,
NC1CCCC(C(=O)N2CCC(c3c[nH]c4ncccc34)CC2)C1,1.752816431,train,random,9,,,,
O=C(NC12CCCC1NCC2)c1ccc(-c2cn[nH]c2)cc1,2.0,train,random,9,,,,
Cc1nc2cc(C(=O)NC34CCCC3NCC4)ccc2c(=O)[nH]1,1.866494097,train,random,9,,,,
CNc1nc(C)cc(C(=O)Nc2ccc3[nH]ncc3c2)n1,1.493625323,train,random,9,,,,
O=C(Nc1ccc(CN2CCCCC2)cc1)c1ccnc2[nH]cnc12,1.767526899,train,random,9,,,,
NC(=O)c1cnc(N2CCc3[nH]nc(C(F)(F)F)c3C2)c(Cl)c1,0.986009932,train,random,9,,,,
NC1CCCC(C(=O)Nc2cccc(N3CCNC3=O)c2)C1,1.763113391,train,random,9,,,,
CC1CC(N)CCN1C(=O)c1cc(N2CCNC2=O)c(F)cc1F,1.833504094,train,random,9,,,,
c1sc(NCC2CCCO2)nc1C12CC3CC(CC(C3)C1)C2,-1.096910013,train,random,9,,,,
CC(C)NC(=O)COc1cccc(-c2nc(Nc3ccc4[nH]ncc4c3)c3ccccc3n2)c1,-1.384078213,test,random,9,0.7115609729800003,0.17911793782999996,0.49828470774000033,0.007276480469999993
CCCc1cc(N2CCc3c(nc(C4CC4)n3C)C2)n2ncnc2n1,1.677187053,test,random,9,1.2638433155300006,1.0258208237200004,0.7783020748400001,1.5369395897800002
Nc1c(F)ccc2cnc(-n3ccc4ccncc43)cc12,0.713910354,test,random,9,0.8956857018800002,0.7763238224799999,0.6120345609700005,0.80626998391
C=CC(=O)N1CCC(CNc2ncnc(N)c2-c2ccc(Oc3ccccc3)cc2)CC1,0.752995432,test,random,9,0.6186430100100001,0.39706392527000006,0.23506970974999994,0.11098629909999996
O=C(c1ccc(Oc2ccccc2)cc1Cl)c1c[nH]c2ncnc(N[C@@H]3CC[C@@H](CO)OC3)c12,-0.467245621,test,random,9,0.6356139135300002,0.13263413776,0.12416357926999996,0.2826936328599999
CC(C)(C)c1ccc(-c2nc3n(c(=O)c2C#N)CCS3)cc1,0.731266349,test,random,9,0.42802535708000017,0.7323068934400002,0.4009357995799999,0.6912398955100002
C=CC(=O)Nc1cccc(Oc2nc(Nc3ccc(N4CCN(C)CC4)cc3)nc3ccsc23)c1,-0.049635146,test,random,9,0.15540263526000012,0.16615084442000008,0.13776010346000006,-0.22227542827000002
C=CC(=O)N1CCC([C@@H]2CCNc3c(C(N)=O)c(-c4ccc(Oc5ccccc5)cc4)nn32)CC1,0.968996327,test,random,9,1.1613317661100004,0.48247044030000025,0.55387548054,0.6032900988800002
C[C@@H]1c2nnn(-c3ncc(F)cn3)c2CCN1C(=O)c1cccc(C(F)(F)F)c1Cl,0.969089603,test,random,9,0.8610718067800001,0.8731395267300002,0.4594489999000001,0.43023779462
COc1ccccc1-c1cc(NC(=O)c2cccc(N3CCNC3=O)c2)[nH]n1,-0.397940009,test,random,9,1.3015351226100007,0.6967035532300002,0.7185180417400002,0.8050129163100002
Cc1c(Cl)ccc2cc3n(c12)[C@@H](C)CNC3=O,0.328379603,test,random,9,1.1249851640100004,1.24597568353,0.4674155408300003,0.70170588997
CCc1nc2c(C)cc(N3CCN(CC(=O)N4CC(O)C4)CC3)cn2c1N(C)c1nc(-c2ccc(F)cc2)c(C#N)s1,-0.204728421,test,random,9,0.5340208603600002,0.27627946429999994,0.33634476785999995,0.29569245750999995
C[C@@H]1CCN(C(=O)CC#N)C[C@@H]1N(C)c1ncnc2[nH]ccc12,1.991815076,test,random,9,1.2487945890499998,1.0555868274999998,0.9906596421,1.6779791428700002
CN1[C@H]2CC[C@@H]1C[C@@H](OC(c1ccccc1)c1ccccc1)C2,1.106122874,test,random,9,1.0249694180500004,0.6081889638600003,0.28522253779999995,0.36135749671000006
OCC1CCCCN1Cc1ccc(Cl)c(Cl)c1,1.390069186,test,random,9,1.0750691572000006,1.3916121678800004,0.8257459805100003,0.8948189845100002
Cc1c(C(=O)NCCCN(C)C)sc2ncnc(Nc3ccc(F)cc3OC(C)C)c12,0.741821047,test,random,9,0.4324513349299998,0.14128936670000003,0.003082810280000001,-0.13283067023
Nc1ncc(C(=O)NC2CN(C(=O)C3CC3)C2)c2ccc(-c3cccc(F)c3)nc12,0.623352682,test,random,9,0.5844148891600003,0.7891958826500002,0.48509454290000015,1.1612756140800002
Cc1ncsc1C(=O)N1CCCCC1c1nc(N)ncc1-c1cccc(C(F)(F)F)c1,0.615318657,test,random,9,0.08593835869000004,0.20280677185999987,0.41128016460000005,-0.09121628558000001
O=C(Nc1ccc2ccccc2n1)c1ccc(N2CCOC2=O)cc1,0.449015316,test,random,9,0.8895599670300004,0.9278279300400001,0.7486927732700004,0.7106893380100001
CCN1CCN(S(=O)(=O)Cc2ccc(Cl)c(Cl)c2)CC1,1.249124949,test,random,9,0.7499644852200003,1.2543186987600001,0.6471048678200003,1.5309616576300005
Cn1c(C2CC2)nc2c1CCN(c1ncnc3ccsc13)C2,1.237065953,test,random,9,0.6899383315800003,1.3309686659800004,0.9830994086100001,0.8066622275900001
Cc1ncc(CN2CCC(Nc3ccc4nnnn4n3)C(C)C2)s1,1.652285029,test,random,9,0.86988889346,1.1534585277,0.6672029747500002,1.6544355411600007
Cc1nc(Nc2nccs2)cc(C2CN(c3ncccn3)C2)n1,0.444669231,test,random,9,0.5450866313800001,1.2211699330600005,0.8236787950799996,1.1000337691300002
COc1ccc(CCCN2CCN(c3cnn(C)c3)C(=O)C2)cc1F,1.343408594,test,random,9,0.8533720434400006,1.4768247185000005,0.75945946163,1.2812187640300008
CCC1=C(C)CN(C(=O)NCCc2ccc(S(=O)(=O)NC(=O)N[C@H]3CC[C@H](C)CC3)cc2)C1=O,-1.180456064,test,random,9,0.6810492947200001,0.6005309415700001,0.6394076994200001,0.46729827570000027
CNC(=O)C1(Cc2ccc(-c3cccnc3)cc2)CCN(Cc2ccc(F)cc2)C1,1.021602716,test,random,9,0.8069085403099998,0.7853850808799998,0.7615125703299995,0.9017813174100003
O=C(CN1CCCC(c2cccc(Cc3cccc(F)c3)n2)C1)N1CCCC1,1.062130535,test,random,9,1.01818332784,0.9339293678199999,1.0811111140299998,0.8244900067400006
COc1nc2sc(C(=O)NC3CC3)c(N)c2c(C)c1Cl,0.245512668,test,random,9,0.52526580067,0.7049447076700004,0.5442307407500002,1.0348265764000006
CCC(=O)N1CCN(c2ccc(Cl)cc2NC(=O)COc2ccccc2)CC1,0.250420002,test,random,9,0.31713695259999997,0.46113674234999996,0.2947197237899999,0.5085331880099999
N#Cc1cc(F)c(NS(=O)(=O)c2c[nH]c3cc(Cl)ccc23)cc1F,-0.026872146,test,random,9,0.33268103407999994,0.46938787170000024,0.7462405145500002,0.27073604464999984
CC(C)(C)OC(=O)N1CCCC1C(=O)N1CCC(C(=O)N[C@@H](Cc2c[nH]c3ccccc23)C(=O)O)CC1,1.691832676,test,random,9,0.5481293668300001,0.6306920256600002,1.0982887838199997,0.6745665260300001
CC(=O)Nc1ncc(C(=O)O)s1,1.81935965,test,random,9,0.8814664839599997,1.3056295860200007,0.9093891219200007,1.2607144325300013
Cc1ccc(OCC2(O)CCN(CC3(O)CCN(c4ccccc4C)CC3)CC2)cc1,-0.040481623,test,random,9,0.43465048371000026,0.39451597192000043,0.35019882095,0.8186700300500002
CN(C(=O)c1cc(N2CCNC2=O)ccc1F)C1CCNC1,1.885728632,test,random,9,1.753823933160001,1.7188135118900005,1.4041994385300007,1.8350494782000006
O=C(NCCc1ccccc1)c1ccc(NC(=O)N2CCCCc3ccccc32)cc1,0.075911761,test,random,9,0.7959919737,0.38535203328000006,0.4212919661399999,-0.03661164449999996
NC[C@H]1CC[C@@H](C(=O)Nc2ccc3[nH]ncc3c2)O1,1.981999714,test,random,9,1.4520217794,1.47415153718,1.5138435417800002,1.82083650703
NC1CC(NC(=O)c2ccc(-c3cn[nH]c3)cn2)C12CCC2,1.709702344,test,random,9,1.20588313043,1.5614325850200004,1.78484630776,1.7287907408900003
CCc1c[nH]c2ncnc(N3CCC(CN4CCN(C)CC4)CC3)c12,1.728012707,test,random,9,1.1221863489100001,0.9041050334800004,1.12648265481,1.66232120842
CNc1cc(Nc2cccn(-c3ccccn3)c2=O)nn2c(C(=O)N[C@@H]3C[C@@H]3F)cnc12,0.991226076,train,butina,5,,,,
CN(c1ncc(F)cn1)[C@H]1CCCNC1,2.0,train,butina,5,,,,
COc1ccc(Cl)cc1C(=O)NCCc1ccc(S(=O)(=O)NC(=O)NC2CCCCC2)cc1,-0.91721463,train,butina,5,,,,
CC(C)NC(=O)COc1cccc(-c2nc(Nc3ccc4[nH]ncc4c3)c3ccccc3n2)c1,-1.384078213,train,butina,5,,,,
CCS(=O)(=O)N1CC(CC#N)(n2cc(-c3ncnc4[nH]ccc34)cn2)C1,1.378597739,train,butina,5,,,,
COc1ccc(S(=O)(=O)N2CCC(N3CCC(C)CC3)CC2)cc1,1.729799023,train,butina,5,,,,
CCn1c(-c2nonc2N)nc2cnc(Oc3cccc(NC(=O)c4ccc(OCCN5CCOCC5)cc4)c3)cc21,-0.449771647,train,butina,5,,,,
Cc1c[nH]c2nccc(Oc3c(F)cc(Nc4cc(Cl)nc(N)n4)cc3F)c12,-1.22184875,train,butina,5,,,,
COc1cc2c(cc1OC)CC(=O)N(CCCN(C)C[C@H]1Cc3cc(OC)c(OC)cc31)CC2,1.730984039,train,butina,5,,,,
CCCc1cc(N2CCc3c(nc(C4CC4)n3C)C2)n2ncnc2n1,1.677187053,train,butina,5,,,,
Fc1ccc(-c2ccc3c(c2)[nH]c2ccncc23)cn1,0.653405491,train,butina,5,,,,
Nc1c(F)ccc2cnc(-n3ccc4ccncc43)cc12,0.713910354,train,butina,5,,,,
C=CC(=O)N1C[C@H](Nc2ncnc3[nH]ccc23)CC[C@@H]1C,1.828227965,train,butina,5,,,,
Cn1cc(Nc2nccc(N3CC4CCC(C3)N4C(=O)[C@@H]3CC3(F)F)n2)cn1,1.642995934,train,butina,5,,,,
[2H]C([2H])([2H])NC(=O)c1nnc(NC(=O)C2CC2)cc1Nc1cccc(-c2ncn(C)n2)c1OC,1.186566481,train,butina,5,,,,
Nc1n[nH]cc1-c1cc(Cl)ccc1Oc1cc(F)c(S(=O)(=O)Nc2cscn2)cc1Cl,-0.354577731,train,butina,5,,,,
Cn1cc(-c2cn3nccc3c(-c3cnn([C@]4(CC#N)C[C@@H](C#N)C4)c3)n2)cn1,1.559583476,train,butina,5,,,,
O=C(c1ccc(Oc2ccccc2)cc1Cl)c1c[nH]c2ncnc(N[C@@H]3CC[C@@H](CO)OC3)c12,-0.467245621,train,butina,5,,,,
N#CC[C@H](C1CCCC1)n1cc(-c2ncnc3[nH]ccc23)cn1,0.630986911,train,butina,5,,,,
CC(C)(C)c1ccc(-c2nc3n(c(=O)c2C#N)CCS3)cc1,0.731266349,train,butina,5,,,,
C=CC(=O)Nc1cccc(Oc2nc(Nc3ccc(N4CCN(C)CC4)cc3)nc3ccsc23)c1,-0.049635146,train,butina,5,,,,
CC#CC(=O)N1CC[C@@H](n2cc(-c3ccc(Oc4c(F)cccc4F)cc3)c3c(N)n[nH]c(=O)c32)C1,-0.073143291,train,butina,5,,,,
C=CC(=O)Nc1cccc(Oc2nc(Nc3ccc(N4CCN(C)CC4)c(F)c3)nc3[nH]ccc23)c1,0.039414119,train,butina,5,,,,
C[C@@H]1c2nnn(-c3ncc(F)cn3)c2CCN1C(=O)c1cccc(C(F)(F)F)c1Cl,0.969089603,train,butina,5,,,,
COc1ccccc1-c1cc(NC(=O)c2cccc(N3CCNC3=O)c2)[nH]n1,-0.397940009,train,butina,5,,,,
Nc1ncc(-c2cccc(C(F)(F)F)c2)c(C2CCCCN2C(=O)c2ccccc2)n1,-0.04431225,train,butina,5,,,,
O=C(Nc1cccc(-c2nncn2C2CC2)c1)c1cc(-n2cnc(C3CC3)c2)ccn1,0.262925469,train,butina,5,,,,
Fc1ccccc1-c1c[nH]nc1C1CCCN1Cc1ccc2ncccc2c1,0.545801757,train,butina,5,,,,
Cc1nccc(-c2cn(Cc3ccccc3)c3cnccc23)n1,1.122707254,train,butina,5,,,,
Cc1c(Cl)ccc2cc3n(c12)[C@@H](C)CNC3=O,0.328379603,train,butina,5,,,,
Cc1nnc(CN(C)CC(C)Oc2ccc(Cl)c(Cl)c2)n1C,0.926290987,train,butina,5,,,,
COc1nn(C)cc1C(=O)Nc1cccc(-c2cnc3n2CCC3)c1,0.866877814,train,butina,5,,,,
CCc1nc2c(C)cc(N3CCN(CC(=O)N4CC(O)C4)CC3)cn2c1N(C)c1nc(-c2ccc(F)cc2)c(C#N)s1,-0.204728421,train,butina,5,,,,
C[C@@H]1CCN(C(=O)CC#N)C[C@@H]1N(C)c1ncnc2[nH]ccc12,1.991815076,train,butina,5,,,,
CC(=O)Nc1ccc(C(=O)N2CCCCC2c2nc(N)ncc2-c2ccc(Cl)cc2)cc1,0.596926814,train,butina,5,,,,
CC(=O)Nc1ccc(C(=O)N2CCCCC2c2nc(N)ncc2-c2cccc(Cl)c2)cc1,0.520483533,train,butina,5,,,,
O=C1CN(c2ccc(Nc3nccc(C(F)(F)F)n3)cn2)CCN1,1.543819805,train,butina,5,,,,
CN1[C@H]2CC[C@@H]1C[C@@H](OC(c1ccccc1)c1ccccc1)C2,1.106122874,train,butina,5,,,,
CC(C)(C)C(=O)N1CCC(Cc2ccc(-c3cccs3)cc2)(C(=O)N2CCCC2)CC1,-0.1837587,train,butina,5,,,,
OC[C@H](Nc1cncc(-c2ccc3[nH]ncc3n2)c1)c1ccccc1,1.017826038,train,butina,5,,,,
Cc1ncsc1C(=O)N1CCCCC1c1nc(N(C)C)ncc1-c1cccc(Cl)c1,-0.083019953,train,butina,5,,,,
CC(=O)N1CCN(c2nc(C(F)(F)F)nc3sc(C)c(C)c23)CC1,0.13481437,train,butina,5,,,,
c1ccc(Oc2cccc(CN(CCN3CCOCC3)Cc3cccnc3)c2)cc1,-0.222573178,train,butina,5,,,,
COc1ccc([C@H]2CN(C(C)=O)[C@@H]3CCCN(Cc4cccc(F)c4)[C@H]23)cc1,0.595385981,train,butina,5,,,,
Cc1c(C(=O)NCCCN(C)C)sc2ncnc(Nc3ccc(F)cc3OC(C)C)c12,0.741821047,train,butina,5,,,,
CC1(C)CC(Oc2ccc(-c3ccc(-c4cn[nH]c4)cc3O)nn2)CC(C)(C)N1,1.199947058,train,butina,5,,,,
Cc1nnc(-c2ccc3occ(-c4ccc(S(C)=O)cc4)c3c2)o1,0.193402903,train,butina,5,,,,
Cc1ncsc1C(=O)N1CCCCC1c1nc(N)ncc1-c1cccc(C(F)(F)F)c1,0.615318657,train,butina,5,,,,
O=S(=O)(c1cccc2cnccc12)N1CCCNCC1,1.892077899,train,butina,5,,,,
C=CC(=O)Nc1cccc(Oc2nc(Nc3ccc(N4CCN(C)CC4)cc3)nc3ccoc23)c1,0.146128036,train,butina,5,,,,
CCN1CCN(S(=O)(=O)Cc2ccc(Cl)c(Cl)c2)CC1,1.249124949,train,butina,5,,,,
O=C(Nc1nc2cccc(-c3ccc(CN4CCS(=O)(=O)CC4)cc3)n2n1)C1CC1,1.681349797,train,butina,5,,,,
CCn1c(CO)nn(-c2cc(O[C@@H](C)C(F)(F)F)c(C(=O)Nc3c(F)cccc3Cl)cc2F)c1=O,0.975753389,train,butina,5,,,,
Cn1c(C2CC2)nc2c1CCN(c1ncnc3ccsc13)C2,1.237065953,train,butina,5,,,,
CC/C(=C(\c1ccccc1)c1ccc(OCCN(C)C)cc1)c1ccccc1,-0.580044252,train,butina,5,,,,
COc1nn(C)cc1C(=O)Nc1cccc2cnccc12,1.504729052,train,butina,5,,,,
CNC(=O)C1(Cc2ccc(-c3ccncc3)cc2)CCN(Cc2cccc(F)c2)C1,1.10503305,train,butina,5,,,,
Cc1nc(Nc2nccs2)cc(C2CN(c3ncccn3)C2)n1,0.444669231,train,butina,5,,,,
COc1ccc(Nc2c(C#N)cnc3cc(OC)c(OC)cc23)cc1Cl,-0.033858267,train,butina,5,,,,
COc1ccc(CCCN2CCN(c3cnn(C)c3)C(=O)C2)cc1F,1.343408594,train,butina,5,,,,
CN(Cc1ccccc1)C1(C(=O)N2CCNC(=O)CC2)Cc2ccccc2C1,0.904931827,train,butina,5,,,,
Cc1c(F)cccc1NC(=O)CN1[C@H]2CCCC(=O)N[C@@]2(C)C[C@H]1Cc1ccccc1,0.595275712,train,butina,5,,,,
CCC1=C(C)CN(C(=O)NCCc2ccc(S(=O)(=O)NC(=O)N[C@H]3CC[C@H](C)CC3)cc2)C1=O,-1.180456064,train,butina,5,,,,
O=S(=O)(c1cccc2c(O)nccc12)N1CCCNCC1,1.850223373,train,butina,5,,,,
Cc1ccc(NC(=O)CN2[C@H]3CCCC(=O)N[C@@]3(C)C[C@H]2Cc2ccccc2)cc1F,-0.137272472,train,butina,5,,,,
COCC(=O)N1CCC(Cc2ccccc2-c2cccc(F)c2)(C(=O)NC(C)C)CC1,0.596597096,train,butina,5,,,,
COc1ccc(CNC(=O)c2sc3nc(C)cc(C)c3c2N)cc1,-0.356547324,train,butina,5,,,,
C#C[C@@](C)(CC)NC(=O)c1cc(F)cnc1NC1CC(F)(F)C1,0.671265433,train,butina,5,,,,
Cn1cc(Nc2nc(N)nc(-c3cccc(-n4ccc5cc(C6CC6)cc(F)c5c4=O)c3CO)n2)cn1,0.850401148,train,butina,5,,,,
Cc1cnc(C(=O)NCCc2ccc(S(=O)(=O)NC(=O)NC3CCCCC3)cc2)cn1,0.01745073,train,butina,5,,,,
CNC(=O)C1(Cc2ccc(-c3cccnc3)cc2)CCN(Cc2ccc(F)cc2)C1,1.021602716,train,butina,5,,,,
CNC(=O)C1(Cc2ccc(-c3cccnc3)cc2)CCN(Cc2cccc(F)c2)C1,0.829753919,train,butina,5,,,,
CC(=O)Nc1ncc(CN2CCCC[C@@H]2C)s1,2.0,train,butina,5,,,,
O=C1CCCC[C@@H]2[C@H](C[C@@H](Cc3ccccc3F)N2C(=O)c2cccc3ncccc23)N1,1.277998644,train,butina,5,,,,
CCOc1cc(CC(=O)N[C@@H](CC(C)C)c2ccccc2N2CCCCC2)ccc1C(=O)O,0.106870544,train,butina,5,,,,
CC(O)(C#Cc1ccc2c(c1)N(c1nc(N)ncc1Cl)CC2)c1nccs1,-0.122628654,train,butina,5,,,,
COCCc1noc(CN2CC(c3ccccc3)(c3ccccc3)CCC2=O)n1,1.167051359,train,butina,5,,,,
Cc1oc2ccccc2c1CNc1nnc(-c2ccncc2)o1,0.717254313,train,butina,5,,,,
O=C(Nc1cccc2ncccc12)[C@H]1CCCN(S(=O)(=O)c2ccccc2)C1,1.222560409,train,butina,5,,,,
O=C(Nc1cnccc1-c1ccc(Cl)cc1)c1ccnc(NC(=O)C2CC2)c1,0.369957607,train,butina,5,,,,
CN1C(N)=N[C@](C)(c2cc(NC(=O)c3ccc(F)cn3)ccc2F)CS1(=O)=O,1.560468571,train,butina,5,,,,
CCCCNC(=O)NS(=O)(=O)c1ccc(C)cc1,0.439332694,train,butina,5,,,,
Cc1cc(Nc2cnccn2)cc(C2CCCN(CC(=O)N3CCCC3)C2)n1,1.642246824,train,butina,5,,,,
Cc1cccnc1Nc1cccc(C2CCCN(CC(=O)Nc3nccs3)C2)n1,0.180699201,train,butina,5,,,,
CC1(C)CC(=O)C2=C(C1)NC(=O)CC2c1ccc(Br)cc1,1.159236233,train,butina,5,,,,
CN1CCN(S(=O)(=O)c2ccc(-c3cnc(N)c(C(=O)Nc4cccnc4)n3)cc2)CC1,1.078638038,train,butina,5,,,,
CNC(=O)C1(Cc2ccc(-c3cccnc3)cc2)CCN(Cc2ccccc2Cl)C1,0.387567779,train,butina,5,,,,
CCCNC(=O)NS(=O)(=O)c1ccc(Cl)cc1,0.969835093,train,butina,5,,,,
O=C(CN1CCCC(c2cccc(Cc3cccc(F)c3)n2)C1)N1CCCC1,1.062130535,train,butina,5,,,,
COc1cc2ncnc(Nc3cccc(O)c3)c2cc1OC,0.994317153,train,butina,5,,,,
Cc1cc(C)c2c(N)c(C(=O)NCc3ccc(Cl)cc3)sc2n1,-0.370590401,train,butina,5,,,,
COc1nc2sc(C(=O)NC3CC3)c(N)c2c(C)c1Cl,0.245512668,train,butina,5,,,,
CC1(CNC(=O)c2cncc(C3CCNCC3)n2)CCCO1,1.988550039,train,butina,5,,,,
O=C1NCCSc2c1sc1ccc(O)cc21,0.891593204,train,butina,5,,,,
CCn1cc(C(=O)O)c(=O)c2c(N)c(F)c(NC3CCCCC3)cc21,0.427486109,train,butina,5,,,,
C[C@H]1CN(C2COC2)CCN1c1ccc(Nc2cc(-c3ccnc(N4CCn5c(cc6c5CC(C)(C)C6)C4=O)c3CO)cn(C)c2=O)nc1,1.209139536,train,butina,5,,,,
C=CC(=O)Nc1cccc(Nc2nc(Nc3ccc(Oc4ccnc(C(=O)NC)c4)cc3)ncc2F)c1,-0.403402904,train,butina,5,,,,
C=CC(=O)N(C)CCOc1c(N)ncnc1-c1cc(F)cc(NC(=O)c2ccc(C3CC3)cc2F)c1C,0.838502776,train,butina,5,,,,
CC#CC(=O)N1CCC[C@@H]1c1nc(-c2ccc(C(=O)Nc3ccccn3)cc2)c2c(N)nccn12,0.975868182,train,butina,5,,,,
CC(=O)NCCNc1cc(Cl)nn2c(-c3cccc(S(=O)(=O)N(C)C)c3)c(C)nc12,0.681693392,train,butina,5,,,,
CNC(=O)c1cccc(NC(=O)N2CCC(Oc3ccccc3Cl)CC2)c1,1.068760828,train,butina,5,,,,
Cc1ccc(Oc2ccc(Cl)cc2NC(=O)CN(C)CC(=O)N(C)C)cc1,-0.053056729,train,butina,5,,,,
CC1(C)Cc2cc(NC(=O)c3cnn4cccnc34)c(OCC3CC3)nc2O1,-0.199970641,train,butina,5,,,,
N#Cc1cc(F)c(NS(=O)(=O)c2c[nH]c3cc(Cl)ccc23)cc1F,-0.026872146,train,butina,5,,,,
CCCc1nc2nc(C)c(NS(=O)(=O)c3ccc(C4CCCCC4)cc3)c(O)n2n1,-0.218963061,train,butina,5,,,,
COc1ccc([C@H]2c3[nH]c4ccc(Cl)cc4c3CCN2C(=O)Oc2ccc(Cl)cc2)cc1,1.51293775,train,butina,5,,,,
NC(=O)C1(Cc2ccc(-c3ccncc3)cc2)CCN(C(=O)Cc2cccc(F)c2)CC1,1.006508828,train,butina,5,,,,
CC(=O)Nc1ccc(O)cc1,1.887859133,train,butina,5,,,,
Cc1cccc(/C=N/Nc2cc(N3CCOCC3)nc(OCCc3ccccn3)n2)c1,-0.548213564,train,butina,5,,,,
CCn1c(=O)oc2cc(NC(=O)c3ccc(C(C)(C)C)cc3)ccc21,0.21005085,train,butina,5,,,,
COc1ccc(OC[C@@H]2c3cc(OC)c(OC)cc3CCN2C(=O)c2cccc(Cl)c2)cc1,-0.116906641,train,butina,5,,,,
N#Cc1ccc(COc2cccc(C3CCN(Cc4nc5ccc(C(=O)O)cc5n4C[C@@H]4CCO4)CC3)n2)c(F)c1,0.402433346,train,butina,5,,,,
CC(C)[C@H](CO)Nc1nc(Nc2cc(N)cc(Cl)c2)c2ncn(C(C)C)c2n1,-0.061980903,train,butina,5,,,,
O=C(Nc1cccc2c(=O)cc(-c3nnn[nH]3)oc12)c1ccc(OCCCCc2ccccc2)cc1,0.582744966,train,butina,5,,,,
CC(=O)Nc1ncc(C(=O)O)s1,1.81935965,train,butina,5,,,,
Cc1cccc(-c2nc(C34CCC(C(N)=O)(CC3)CC4)[nH]c2-c2ccc3c(c2)OCO3)n1,1.02011257,train,butina,5,,,,
COc1cc2nc(-c3cc(F)ccc3O)nc(N[C@@H]3CNC[C@H]3C(C)(C)O)c2cc1OC.Cl,-1.119186408,train,butina,5,,,,
CC(C)[C@@](C)(O)[C@@H]1CN(c2nc(-c3n[nH]c4ncccc34)c(F)cc2Cl)CCN1,1.302460808,train,butina,5,,,,
Cc1nnc(-c2ccc(N3CCC(Oc4cc(F)ccc4Cl)CC3)nn2)o1,0.161068385,train,butina,5,,,,
CCCS(=O)(=O)Nc1ccc(F)c(C(=O)c2c[nH]c3ncc(-c4ccc(Cl)cc4)cc23)c1F,-1.59345982,train,butina,5,,,,
Cc1ccc(OCC2(O)CCN(CC3(O)CCN(c4ccccc4C)CC3)CC2)cc1,-0.040481623,train,butina,5,,,,
O=C(Nc1cccc(N2CCNC2=O)c1)C1NCC12CCCC2,1.718202645,train,butina,5,,,,
NCC1CCCC1NC(=O)c1cc(N2CCNC2=O)ccc1F,1.87495702,train,butina,5,,,,
Cn1c(-c2n[nH]c3c2CCCC3)nnc1N1CCC2(CNC(=O)C2)C1,1.792986685,train,butina,5,,,,
Cc1nnc(-c2ccc(N3CCC(Oc4ccccc4C(F)(F)F)CC3)nn2)s1,-0.906578315,train,butina,5,,,,
CC(C)(C)c1ccc(C(O)CN2CCC(O)(c3ccc4c(c3)OCO4)CC2)cc1,0.779018972,train,butina,5,,,,
CN(C(=O)c1cc(N2CCNC2=O)ccc1F)C1CCC(N)CC1,1.828717885,train,butina,5,,,,
NC1CCCC1C(=O)N1CCC(c2c[nH]c3ncccc23)CC1,1.71701274,train,butina,5,,,,
NC1CCCC(C(=O)Nc2ccc3[nH]ncc3c2)C1,2.0,train,butina,5,,,,
NC1CCC(C(=O)N2CCC(c3c[nH]c4ncccc34)CC2)C1,1.917395215,train,butina,5,,,,
NC1CCCC(C(=O)N2CCC(c3c[nH]c4ncccc34)CC2)C1,1.752816431,train,butina,5,,,,
O=C(Nc1ccc(CN2CCCCC2)cc1)c1ccnc2[nH]cnc12,1.767526899,train,butina,5,,,,
CCc1c[nH]c2ncnc(N3CCC(CN4CCN(C)CC4)CC3)c12,1.728012707,train,butina,5,,,,
NC(=O)c1cnc(N2CCc3[nH]nc(C(F)(F)F)c3C2)c(Cl)c1,0.986009932,train,butina,5,,,,
NC1CCCC(C(=O)Nc2cccc(N3CCNC3=O)c2)C1,1.763113391,train,butina,5,,,,
CC1CC(N)CCN1C(=O)c1cc(N2CCNC2=O)c(F)cc1F,1.833504094,train,butina,5,,,,
c1sc(NCC2CCCO2)nc1C12CC3CC(CC(C3)C1)C2,-1.096910013,train,butina,5,,,,
CCOc1cc2nn(CCC(C)(C)O)cc2cc1NC(=O)c1cccc(C(F)F)n1,0.099680641,test,butina,5,0.9294563707300001,0.4395932032400001,0.5488312339600001,0.22989445805
CC(C)(Oc1ccc(-c2cnc(N)c(-c3ccc(Cl)cc3)c2)cc1)C(=O)O,-1.158015195,test,butina,5,0.20448869432000003,0.20220089843,0.4402102952000003,0.19329562336999997
CC(C)(O)CCn1cc2cc(NC(=O)c3cccc(C(F)(F)F)n3)c(C(C)(C)O)cc2n1,1.015611205,test,butina,5,1.1118938069300002,0.43100403952000016,0.5816535766100003,0.16998219935999997
CC#CC(=O)N[C@H]1CCCN(c2c(F)cc(C(N)=O)c3[nH]c(C)c(C)c23)C1,0.163856803,test,butina,5,0.7776227298800003,0.9270780047799999,0.8707877270400004,1.2032227361400003
C=CC(=O)N1CCC[C@@H](n2nc(-c3ccc(Oc4ccccc4)cc3)c3c(N)ncnc32)C1,0.62603,test,butina,5,0.36920504496999995,0.5633200430200002,0.34176464360000003,0.16932705365
C=CC(=O)N1CCC(CNc2ncnc(N)c2-c2ccc(Oc3ccccc3)cc2)CC1,0.752995432,test,butina,5,0.25706844292,0.21534993174999997,0.3823103866600001,0.07385746589000003
Cc1c(-c2c(F)cc(C(N)=O)c3[nH]c4c(c23)CC[C@H](C(C)(C)O)C4)cccc1-n1c(=O)c2cccc(F)c2n(C)c1=O,0.436162647,test,butina,5,0.6728842116100008,0.53996009879,0.46672686654,0.32295776980000007
CC#CC(=O)N1CC[C@@H](n2c(=O)n(-c3ccc(Oc4ccccc4)cc3)c3c(N)ncnc32)C1,0.935859798,test,butina,5,0.2764360764800001,0.6835275207999998,0.49482688409,0.7503136113499999
C=CC(=O)N1CCC([C@@H]2CCNc3c(C(N)=O)c(-c4ccc(Oc5ccccc5)cc4)nn32)CC1,0.968996327,test,butina,5,0.4409385997399999,0.25399073238,0.52099285859,0.5051986569500001
C=CC(=O)N1CCC[C@H](n2c(=O)n(-c3ccc(Oc4ccccc4)cc3)c3c(N)ncnc32)C1,0.983851719,test,butina,5,0.4756916651999999,0.67673877657,0.37596860293999995,0.4798338950800001
CC(C)(C=C(C#N)C(=O)N1CCC[C@@H](n2nc(-c3ccc(Oc4ccccc4)cc3F)c3c(N)ncnc32)C1)N1CCN(C2COC2)CC1,0.276231958,test,butina,5,0.09092584550999999,0.12710721778,0.3770811627499999,0.22638323042999997
CCc1nc(C)cn2nc(-c3cc(=O)n4cc(C5CCN(C)CC5)cc(C)c4n3)cc12,0.868232868,test,butina,5,0.6301964125200004,0.5987948419500003,0.7458100403800006,0.8613885359200001
Nc1ncnc2c1c(-c1ccc(Oc3ccccc3)cc1)nn2[C@@H]1CCCNC1,0.956648579,test,butina,5,0.4357837324100002,0.25149962414000004,0.4679001761900001,0.2552099626899999
COc1cc(F)ccc1-c1ncnc(Nc2cccc(C[S@@](C)(=N)=O)c2)n1,1.594922663,test,butina,5,0.44532469086000004,0.30588099016000003,0.6047507723800003,-0.011723713640000008
Cc1ncc(CN2CC[C@@H](Nc3cncc(Cl)n3)[C@@H](C)C2)s1,1.205461507,test,butina,5,0.6085138045900004,0.74833254907,0.7292311724100001,0.24691014785999996
Cc1ccc(C(=O)N2CCC(Cc3ccccc3-c3ccccc3)(C(=O)N(C)C)CC2)s1,-0.293282218,test,butina,5,0.4786095904200001,0.40731521561999984,0.5357780033700004,0.2506913190100001
CN(C)C(=O)C1(Cc2ccccc2-c2ccccc2)CCN(C(=O)C2CCCO2)CC1,0.902546779,test,butina,5,0.9327813742900001,0.6791767819600004,0.6869079848099999,0.6897797099700002
O=C1NCCN(C(=O)c2ccc3nccn3c2)C1c1ccccc1C(F)(F)F,1.851001366,test,butina,5,1.33715032081,0.9442383769700001,0.8628603801500002,1.2060543571599995
Cc1cc(F)ccc1C1C(=O)NCCN1C(=O)c1ccc2nccn2c1,1.78096503,test,butina,5,0.6160745417800003,1.1444329560700002,1.1803985544100004,1.2784088740800001
O=C1NCCN(C(=O)c2ccncc2)C1c1ccccc1Cl,1.876996793,test,butina,5,1.1183523372300002,1.1003453050800003,0.9799020157500007,1.3486529016300006
C[C@H]1CN(C(=O)CC(c2ccccc2)c2ccccc2)C[C@@H](C)O1,1.188253327,test,butina,5,1.1786964533399997,0.41946369700000025,0.57902565004,0.6707455974800003
OCC1CCCCN1Cc1ccc(Cl)c(Cl)c1,1.390069186,test,butina,5,0.96803301263,1.2840325662700003,0.6504038316200006,0.5987483628900003
COc1ccccc1C(=O)Nc1ccc2cc[nH]c2c1,0.505149978,test,butina,5,0.7913544177399997,0.7260982277999999,0.7504715387400005,0.44777543965
OCC1CCCCN1Cc1ccc(-c2ccccc2)cc1,1.368007805,test,butina,5,1.0199155962300002,1.00847570575,0.7145911189400003,0.6739257522000003
Nc1ncc(C(=O)NC2CN(C(=O)C3CC3)C2)c2ccc(-c3cccc(F)c3)nc12,0.623352682,test,butina,5,0.8152422713600004,0.9545676336000001,0.6130436938500002,1.07605691305
O=C(Nc1ccc2ccccc2n1)c1ccc(N2CCOC2=O)cc1,0.449015316,test,butina,5,1.0898342946,0.9565276897000007,0.6934025330300001,0.42006292414000024
O=C(CCNC(=O)c1ccc(OC(F)(F)F)cc1)N[C@@H]1CCCc2ccccc21,0.526080692,test,butina,5,0.7183637359200002,0.21176806177999993,0.69549690986,0.19370257865000004
CCN(C/C=C\c1ccc(C2CCCCC2)c(Cl)c1)C1CCCCC1,-0.853871964,test,butina,5,0.8696251421100003,0.5878094959000004,0.39841715459000016,0.25207926104
NCCN1CCN(C/C=C/C(=O)N2CCC[C@@H](n3nc(-c4ccc(Oc5ccccc5)cc4)c4c(N)ncnc43)C2)CC1,0.699837726,test,butina,5,0.26427985736000015,0.35009888137000006,0.39969293650999993,0.34455457158
Cc1ncc(CN2CCC(Nc3ccc4nnnn4n3)C(C)C2)s1,1.652285029,test,butina,5,0.6383498073800005,1.0002485467799997,0.5617385899300004,1.6401504484699998
Cc1noc(C(C)C)c1C(=O)N1CC(C)OC(c2ccccc2)C1,1.180469962,test,butina,5,0.5907944161100003,0.46645587176000025,1.0564877941500002,0.6041281627700005
CN(C)C(=O)C1(Cc2ccccc2-c2cccc(F)c2)CCN(C(=O)C2CC=CCC2)CC1,-0.104025268,test,butina,5,0.8940693904199999,0.6366465871400002,0.6664912404300003,0.5893941564500005
Cc1[nH]nc2c1C1(CCCCC1)CC(=O)N2,1.323066376,test,butina,5,1.0389821612600008,1.13217379996,0.6741540958500002,1.7795351855599997
C[C@@H]1Cc2ccccc2N1C(=O)Cn1nc(-c2cccc3ncccc23)oc1=O,0.224014811,test,butina,5,1.0267052502399998,0.7498112978399999,0.6800036139500003,0.5841406707900001
Nc1ncnc2c1c(-c1cnc3[nH]ccc3c1)nn2C1CCCC1,0.862608364,test,butina,5,1.0667966728899998,0.9854461964700004,0.603108393,0.49602446371000014
CC1CN(C(=O)c2cccnc2N2CCOCC2)CC(c2ccccc2)O1,1.573185017,test,butina,5,1.13285430098,0.6132355091100001,0.9894337246200005,1.4746827470600004
CN(C)C(=O)C1(Cc2ccccc2-c2ccccc2)CCN(C(=O)c2cnn(C)c2)CC1,1.041353202,test,butina,5,0.8556743939900002,0.6764876336000001,0.7123220409300004,0.80635441203
Cc1cc(N2CCCC2c2cc(CCC(=O)O)cc(C)n2)ncn1,2.0,test,butina,5,0.43537405861000034,1.1316638651499997,0.8450073303200001,0.9596561050700001
COCCNC(=O)c1ccnc(C2CCNCC2)c1,2.0,test,butina,5,0.8692119528100004,1.5068773852100008,1.0439648087900002,1.5775311032900003
Cc1cc(N2CCCC2)nc(C2CCCN(C)C2)n1,2.0,test,butina,5,0.6858333264100004,1.3448135502200003,1.0511582466499996,1.83014123661
Cc1c[nH]c(=O)n1-c1ccc(C(=O)Nc2ccc3ccccc3n2)cc1,0.639386869,test,butina,5,0.6832798657199999,0.6715794368500002,0.8543458848300002,0.5687978846200002
COc1ccc(OCC(=O)Nc2cccc(Cl)c2N2CCN(C(C)=O)CC2)cc1,0.700790221,test,butina,5,0.65554455847,0.5063596957000002,0.6418290391800006,0.1989336605000001
c1ccc(-c2ccc(CN3CCCCCCC3)cc2)cc1,-0.614393726,test,butina,5,1.0538039644900001,0.9454118702300005,0.33209880297999994,0.5608580393500002
CC(=O)N1CCN(c2c(Cl)cccc2NC(=O)COc2ccccc2Cl)CC1,0.256958153,test,butina,5,0.9431367199900006,0.41946223900000007,0.29909486039,0.21295192788000006
CCC(=O)N1CCN(c2ccc(Cl)cc2NC(=O)COc2ccccc2)CC1,0.250420002,test,butina,5,0.34444950718000006,0.3272062151099999,0.37988377834,0.3130720076199998
COc1cc2c(cc1OC)CN(CCc1ccc(NC(=O)c3cccc4c(O)c5cccc(OC)c5nc34)cc1)CC2,-1.207608311,test,butina,5,0.9455082920000005,0.28273434722000007,0.27208067053999996,0.04822429873000008
O=C(NC1CCNCC1)c1ccc2[nH]ncc2c1,1.842696589,test,butina,5,1.2333258601300003,1.5059766269400003,1.1159431420500008,1.6418425493800004
O=C(NC1CCNCC1)c1ccc2cn[nH]c2c1,2.0,test,butina,5,1.1837275656500004,1.5046716255800003,0.9778354466000002,1.6489674383800006
CC(C)(C)OC(=O)N1CCCC1C(=O)N1CCC(C(=O)N[C@@H](Cc2c[nH]c3ccccc23)C(=O)O)CC1,1.691832676,test,butina,5,0.5986324309800001,0.5935147674800001,0.7104018587899996,0.18113844889000005
Cc1cn2nc(-c3cc(=O)n4cc(N5CCNC6(CC6)C5)ccc4n3)cc(C)c2n1,0.985246791,test,butina,5,0.26519207012000007,0.7249574731700007,0.4859800526700003,1.2491806210899998
CN(C(=O)c1cc(N2CCNC2=O)ccc1F)C1CCNC1,1.885728632,test,butina,5,1.505271449140001,1.6939425995100006,1.3334158601600006,1.8387863367000006
O=C(NCCc1ccccc1)c1ccc(NC(=O)N2CCCCc3ccccc32)cc1,0.075911761,test,butina,5,0.9000044832599998,0.27229239674999994,0.7150722065900001,0.4566161047100003
NC[C@H]1CC[C@@H](C(=O)Nc2ccc3[nH]ncc3c2)O1,1.981999714,test,butina,5,1.2117573448000003,1.3902329424399997,1.00020264879,1.8744992015000002
NC1CC(NC(=O)c2ccc(-c3cn[nH]c3)cn2)C12CCC2,1.709702344,test,butina,5,1.0692280170399997,1.3909423853,1.2189013692699997,1.6870651893000008
O=C(NC12CCCC1NCC2)c1ccc(-c2cn[nH]c2)cc1,2.0,test,butina,5,1.0818104825400001,1.0100881618800002,1.1157962046099998,1.6820960154499998
Cc1nc2cc(C(=O)NC34CCCC3NCC4)ccc2c(=O)[nH]1,1.866494097,test,butina,5,0.6591164799900003,1.1808224281999997,0.5991389159300001,1.7820685759499997
CNc1nc(C)cc(C(=O)Nc2ccc3[nH]ncc3c2)n1,1.493625323,test,butina,5,0.6400057992900003,0.8748880348499998,0.9928641461900003,1.251672707000001
CCOc1cc2nn(CCC(C)(C)O)cc2cc1NC(=O)c1cccc(C(F)F)n1,0.099680641,train,butina,6,,,,
CN(c1ncc(F)cn1)[C@H]1CCCNC1,2.0,train,butina,6,,,,
CC(C)(Oc1ccc(-c2cnc(N)c(-c3ccc(Cl)cc3)c2)cc1)C(=O)O,-1.158015195,train,butina,6,,,,
CC(C)(O)CCn1cc2cc(NC(=O)c3cccc(C(F)(F)F)n3)c(C(C)(C)O)cc2n1,1.015611205,train,butina,6,,,,
CC#CC(=O)N[C@H]1CCCN(c2c(F)cc(C(N)=O)c3[nH]c(C)c(C)c23)C1,0.163856803,train,butina,6,,,,
C=CC(=O)N1CCC[C@@H](n2nc(-c3ccc(Oc4ccccc4)cc3)c3c(N)ncnc32)C1,0.62603,train,butina,6,,,,
CC(C)NC(=O)COc1cccc(-c2nc(Nc3ccc4[nH]ncc4c3)c3ccccc3n2)c1,-1.384078213,train,butina,6,,,,
CCS(=O)(=O)N1CC(CC#N)(n2cc(-c3ncnc4[nH]ccc34)cn2)C1,1.378597739,train,butina,6,,,,
COc1ccc(S(=O)(=O)N2CCC(N3CCC(C)CC3)CC2)cc1,1.729799023,train,butina,6,,,,
Cc1c[nH]c2nccc(Oc3c(F)cc(Nc4cc(Cl)nc(N)n4)cc3F)c12,-1.22184875,train,butina,6,,,,
COc1cc2c(cc1OC)CC(=O)N(CCCN(C)C[C@H]1Cc3cc(OC)c(OC)cc31)CC2,1.730984039,train,butina,6,,,,
CCCc1cc(N2CCc3c(nc(C4CC4)n3C)C2)n2ncnc2n1,1.677187053,train,butina,6,,,,
Fc1ccc(-c2ccc3c(c2)[nH]c2ccncc23)cn1,0.653405491,train,butina,6,,,,
Nc1c(F)ccc2cnc(-n3ccc4ccncc43)cc12,0.713910354,train,butina,6,,,,
C=CC(=O)N1C[C@H](Nc2ncnc3[nH]ccc23)CC[C@@H]1C,1.828227965,train,butina,6,,,,
Cn1cc(Nc2nccc(N3CC4CCC(C3)N4C(=O)[C@@H]3CC3(F)F)n2)cn1,1.642995934,train,butina,6,,,,
[2H]C([2H])([2H])NC(=O)c1nnc(NC(=O)C2CC2)cc1Nc1cccc(-c2ncn(C)n2)c1OC,1.186566481,train,butina,6,,,,
C=CC(=O)N1CCC(CNc2ncnc(N)c2-c2ccc(Oc3ccccc3)cc2)CC1,0.752995432,train,butina,6,,,,
Cc1c(-c2c(F)cc(C(N)=O)c3[nH]c4c(c23)CC[C@H](C(C)(C)O)C4)cccc1-n1c(=O)c2cccc(F)c2n(C)c1=O,0.436162647,train,butina,6,,,,
Cn1cc(-c2cn3nccc3c(-c3cnn([C@]4(CC#N)C[C@@H](C#N)C4)c3)n2)cn1,1.559583476,train,butina,6,,,,
O=C(c1ccc(Oc2ccccc2)cc1Cl)c1c[nH]c2ncnc(N[C@@H]3CC[C@@H](CO)OC3)c12,-0.467245621,train,butina,6,,,,
N#CC[C@H](C1CCCC1)n1cc(-c2ncnc3[nH]ccc23)cn1,0.630986911,train,butina,6,,,,
CC(C)(C)c1ccc(-c2nc3n(c(=O)c2C#N)CCS3)cc1,0.731266349,train,butina,6,,,,
C=CC(=O)Nc1cccc(Oc2nc(Nc3ccc(N4CCN(C)CC4)cc3)nc3ccsc23)c1,-0.049635146,train,butina,6,,,,
CC#CC(=O)N1CC[C@@H](n2c(=O)n(-c3ccc(Oc4ccccc4)cc3)c3c(N)ncnc32)C1,0.935859798,train,butina,6,,,,
C=CC(=O)N1CCC([C@@H]2CCNc3c(C(N)=O)c(-c4ccc(Oc5ccccc5)cc4)nn32)CC1,0.968996327,train,butina,6,,,,
C=CC(=O)N1CCC[C@H](n2c(=O)n(-c3ccc(Oc4ccccc4)cc3)c3c(N)ncnc32)C1,0.983851719,train,butina,6,,,,
CC(C)(C=C(C#N)C(=O)N1CCC[C@@H](n2nc(-c3ccc(Oc4ccccc4)cc3F)c3c(N)ncnc32)C1)N1CCN(C2COC2)CC1,0.276231958,train,butina,6,,,,
CC#CC(=O)N1CC[C@@H](n2cc(-c3ccc(Oc4c(F)cccc4F)cc3)c3c(N)n[nH]c(=O)c32)C1,-0.073143291,train,butina,6,,,,
C=CC(=O)Nc1cccc(Oc2nc(Nc3ccc(N4CCN(C)CC4)c(F)c3)nc3[nH]ccc23)c1,0.039414119,train,butina,6,,,,
C[C@@H]1c2nnn(-c3ncc(F)cn3)c2CCN1C(=O)c1cccc(C(F)(F)F)c1Cl,0.969089603,train,butina,6,,,,
Nc1ncc(-c2cccc(C(F)(F)F)c2)c(C2CCCCN2C(=O)c2ccccc2)n1,-0.04431225,train,butina,6,,,,
O=C(Nc1cccc(-c2nncn2C2CC2)c1)c1cc(-n2cnc(C3CC3)c2)ccn1,0.262925469,train,butina,6,,,,
CCc1nc(C)cn2nc(-c3cc(=O)n4cc(C5CCN(C)CC5)cc(C)c4n3)cc12,0.868232868,train,butina,6,,,,
Cc1c(Cl)ccc2cc3n(c12)[C@@H](C)CNC3=O,0.328379603,train,butina,6,,,,
Nc1ncnc2c1c(-c1ccc(Oc3ccccc3)cc1)nn2[C@@H]1CCCNC1,0.956648579,train,butina,6,,,,
COc1nn(C)cc1C(=O)Nc1cccc(-c2cnc3n2CCC3)c1,0.866877814,train,butina,6,,,,
COc1cc(F)ccc1-c1ncnc(Nc2cccc(C[S@@](C)(=N)=O)c2)n1,1.594922663,train,butina,6,,,,
Cc1ncc(CN2CC[C@@H](Nc3cncc(Cl)n3)[C@@H](C)C2)s1,1.205461507,train,butina,6,,,,
Cc1ccc(C(=O)N2CCC(Cc3ccccc3-c3ccccc3)(C(=O)N(C)C)CC2)s1,-0.293282218,train,butina,6,,,,
CCc1nc2c(C)cc(N3CCN(CC(=O)N4CC(O)C4)CC3)cn2c1N(C)c1nc(-c2ccc(F)cc2)c(C#N)s1,-0.204728421,train,butina,6,,,,
C[C@@H]1CCN(C(=O)CC#N)C[C@@H]1N(C)c1ncnc2[nH]ccc12,1.991815076,train,butina,6,,,,
CN(C)C(=O)C1(Cc2ccccc2-c2ccccc2)CCN(C(=O)C2CCCO2)CC1,0.902546779,train,butina,6,,,,
CC(=O)Nc1ccc(C(=O)N2CCCCC2c2nc(N)ncc2-c2ccc(Cl)cc2)cc1,0.596926814,train,butina,6,,,,
CC(=O)Nc1ccc(C(=O)N2CCCCC2c2nc(N)ncc2-c2cccc(Cl)c2)cc1,0.520483533,train,butina,6,,,,
O=C1NCCN(C(=O)c2ccc3nccn3c2)C1c1ccccc1C(F)(F)F,1.851001366,train,butina,6,,,,
Cc1cc(F)ccc1C1C(=O)NCCN1C(=O)c1ccc2nccn2c1,1.78096503,train,butina,6,,,,
O=C1NCCN(C(=O)c2ccncc2)C1c1ccccc1Cl,1.876996793,train,butina,6,,,,
C[C@H]1CN(C(=O)CC(c2ccccc2)c2ccccc2)C[C@@H](C)O1,1.188253327,train,butina,6,,,,
CN1[C@H]2CC[C@@H]1C[C@@H](OC(c1ccccc1)c1ccccc1)C2,1.106122874,train,butina,6,,,,
CC(C)(C)C(=O)N1CCC(Cc2ccc(-c3cccs3)cc2)(C(=O)N2CCCC2)CC1,-0.1837587,train,butina,6,,,,
OC[C@H](Nc1cncc(-c2ccc3[nH]ncc3n2)c1)c1ccccc1,1.017826038,train,butina,6,,,,
Cc1ncsc1C(=O)N1CCCCC1c1nc(N(C)C)ncc1-c1cccc(Cl)c1,-0.083019953,train,butina,6,,,,
OCC1CCCCN1Cc1ccc(Cl)c(Cl)c1,1.390069186,train,butina,6,,,,
CC(=O)N1CCN(c2nc(C(F)(F)F)nc3sc(C)c(C)c23)CC1,0.13481437,train,butina,6,,,,
COc1ccccc1C(=O)Nc1ccc2cc[nH]c2c1,0.505149978,train,butina,6,,,,
COc1ccc([C@H]2CN(C(C)=O)[C@@H]3CCCN(Cc4cccc(F)c4)[C@H]23)cc1,0.595385981,train,butina,6,,,,
Cc1c(C(=O)NCCCN(C)C)sc2ncnc(Nc3ccc(F)cc3OC(C)C)c12,0.741821047,train,butina,6,,,,
OCC1CCCCN1Cc1ccc(-c2ccccc2)cc1,1.368007805,train,butina,6,,,,
Nc1ncc(C(=O)NC2CN(C(=O)C3CC3)C2)c2ccc(-c3cccc(F)c3)nc12,0.623352682,train,butina,6,,,,
CC1(C)CC(Oc2ccc(-c3ccc(-c4cn[nH]c4)cc3O)nn2)CC(C)(C)N1,1.199947058,train,butina,6,,,,
Cc1nnc(-c2ccc3occ(-c4ccc(S(C)=O)cc4)c3c2)o1,0.193402903,train,butina,6,,,,
Cc1ncsc1C(=O)N1CCCCC1c1nc(N)ncc1-c1cccc(C(F)(F)F)c1,0.615318657,train,butina,6,,,,
O=C(Nc1ccc2ccccc2n1)c1ccc(N2CCOC2=O)cc1,0.449015316,train,butina,6,,,,
O=C(CCNC(=O)c1ccc(OC(F)(F)F)cc1)N[C@@H]1CCCc2ccccc21,0.526080692,train,butina,6,,,,
C=CC(=O)Nc1cccc(Oc2nc(Nc3ccc(N4CCN(C)CC4)cc3)nc3ccoc23)c1,0.146128036,train,butina,6,,,,
CCN1CCN(S(=O)(=O)Cc2ccc(Cl)c(Cl)c2)CC1,1.249124949,train,butina,6,,,,
O=C(Nc1nc2cccc(-c3ccc(CN4CCS(=O)(=O)CC4)cc3)n2n1)C1CC1,1.681349797,train,butina,6,,,,
CCN(C/C=C\c1ccc(C2CCCCC2)c(Cl)c1)C1CCCCC1,-0.853871964,train,butina,6,,,,
NCCN1CCN(C/C=C/C(=O)N2CCC[C@@H](n3nc(-c4ccc(Oc5ccccc5)cc4)c4c(N)ncnc43)C2)CC1,0.699837726,train,butina,6,,,,
Cn1c(C2CC2)nc2c1CCN(c1ncnc3ccsc13)C2,1.237065953,train,butina,6,,,,
CC/C(=C(\c1ccccc1)c1ccc(OCCN(C)C)cc1)c1ccccc1,-0.580044252,train,butina,6,,,,
COc1nn(C)cc1C(=O)Nc1cccc2cnccc12,1.504729052,train,butina,6,,,,
CNC(=O)C1(Cc2ccc(-c3ccncc3)cc2)CCN(Cc2cccc(F)c2)C1,1.10503305,train,butina,6,,,,
Cc1ncc(CN2CCC(Nc3ccc4nnnn4n3)C(C)C2)s1,1.652285029,train,butina,6,,,,
Cc1nc(Nc2nccs2)cc(C2CN(c3ncccn3)C2)n1,0.444669231,train,butina,6,,,,
COc1ccc(CCCN2CCN(c3cnn(C)c3)C(=O)C2)cc1F,1.343408594,train,butina,6,,,,
Cc1noc(C(C)C)c1C(=O)N1CC(C)OC(c2ccccc2)C1,1.180469962,train,butina,6,,,,
CN(Cc1ccccc1)C1(C(=O)N2CCNC(=O)CC2)Cc2ccccc2C1,0.904931827,train,butina,6,,,,
Cc1c(F)cccc1NC(=O)CN1[C@H]2CCCC(=O)N[C@@]2(C)C[C@H]1Cc1ccccc1,0.595275712,train,butina,6,,,,
Cc1ccc(NC(=O)CN2[C@H]3CCCC(=O)N[C@@]3(C)C[C@H]2Cc2ccccc2)cc1F,-0.137272472,train,butina,6,,,,
CN(C)C(=O)C1(Cc2ccccc2-c2cccc(F)c2)CCN(C(=O)C2CC=CCC2)CC1,-0.104025268,train,butina,6,,,,
COCC(=O)N1CCC(Cc2ccccc2-c2cccc(F)c2)(C(=O)NC(C)C)CC1,0.596597096,train,butina,6,,,,
C#C[C@@](C)(CC)NC(=O)c1cc(F)cnc1NC1CC(F)(F)C1,0.671265433,train,butina,6,,,,
Cn1cc(Nc2nc(N)nc(-c3cccc(-n4ccc5cc(C6CC6)cc(F)c5c4=O)c3CO)n2)cn1,0.850401148,train,butina,6,,,,
CNC(=O)C1(Cc2ccc(-c3cccnc3)cc2)CCN(Cc2ccc(F)cc2)C1,1.021602716,train,butina,6,,,,
CNC(=O)C1(Cc2ccc(-c3cccnc3)cc2)CCN(Cc2cccc(F)c2)C1,0.829753919,train,butina,6,,,,
CC(=O)Nc1ncc(CN2CCCC[C@@H]2C)s1,2.0,train,butina,6,,,,
CCOc1cc(CC(=O)N[C@@H](CC(C)C)c2ccccc2N2CCCCC2)ccc1C(=O)O,0.106870544,train,butina,6,,,,
COCCc1noc(CN2CC(c3ccccc3)(c3ccccc3)CCC2=O)n1,1.167051359,train,butina,6,,,,
Cc1[nH]nc2c1C1(CCCCC1)CC(=O)N2,1.323066376,train,butina,6,,,,
C[C@@H]1Cc2ccccc2N1C(=O)Cn1nc(-c2cccc3ncccc23)oc1=O,0.224014811,train,butina,6,,,,
Nc1ncnc2c1c(-c1cnc3[nH]ccc3c1)nn2C1CCCC1,0.862608364,train,butina,6,,,,
CC1CN(C(=O)c2cccnc2N2CCOCC2)CC(c2ccccc2)O1,1.573185017,train,butina,6,,,,
Cc1cc(Nc2cnccn2)cc(C2CCCN(CC(=O)N3CCCC3)C2)n1,1.642246824,train,butina,6,,,,
Cc1cccnc1Nc1cccc(C2CCCN(CC(=O)Nc3nccs3)C2)n1,0.180699201,train,butina,6,,,,
CN(C)C(=O)C1(Cc2ccccc2-c2ccccc2)CCN(C(=O)c2cnn(C)c2)CC1,1.041353202,train,butina,6,,,,
CC1(C)CC(=O)C2=C(C1)NC(=O)CC2c1ccc(Br)cc1,1.159236233,train,butina,6,,,,
CN1CCN(S(=O)(=O)c2ccc(-c3cnc(N)c(C(=O)Nc4cccnc4)n3)cc2)CC1,1.078638038,train,butina,6,,,,
CNC(=O)C1(Cc2ccc(-c3cccnc3)cc2)CCN(Cc2ccccc2Cl)C1,0.387567779,train,butina,6,,,,
Cc1cc(N2CCCC2c2cc(CCC(=O)O)cc(C)n2)ncn1,2.0,train,butina,6,,,,
O=C(CN1CCCC(c2cccc(Cc3cccc(F)c3)n2)C1)N1CCCC1,1.062130535,train,butina,6,,,,
COCCNC(=O)c1ccnc(C2CCNCC2)c1,2.0,train,butina,6,,,,
CC1(CNC(=O)c2cncc(C3CCNCC3)n2)CCCO1,1.988550039,train,butina,6,,,,
Cc1cc(N2CCCC2)nc(C2CCCN(C)C2)n1,2.0,train,butina,6,,,,
O=C1NCCSc2c1sc1ccc(O)cc21,0.891593204,train,butina,6,,,,
CCn1cc(C(=O)O)c(=O)c2c(N)c(F)c(NC3CCCCC3)cc21,0.427486109,train,butina,6,,,,
C[C@H]1CN(C2COC2)CCN1c1ccc(Nc2cc(-c3ccnc(N4CCn5c(cc6c5CC(C)(C)C6)C4=O)c3CO)cn(C)c2=O)nc1,1.209139536,train,butina,6,,,,
C=CC(=O)Nc1cccc(Nc2nc(Nc3ccc(Oc4ccnc(C(=O)NC)c4)cc3)ncc2F)c1,-0.403402904,train,butina,6,,,,
C=CC(=O)N(C)CCOc1c(N)ncnc1-c1cc(F)cc(NC(=O)c2ccc(C3CC3)cc2F)c1C,0.838502776,train,butina,6,,,,
CC#CC(=O)N1CCC[C@@H]1c1nc(-c2ccc(C(=O)Nc3ccccn3)cc2)c2c(N)nccn12,0.975868182,train,butina,6,,,,
CC(=O)NCCNc1cc(Cl)nn2c(-c3cccc(S(=O)(=O)N(C)C)c3)c(C)nc12,0.681693392,train,butina,6,,,,
Cc1c[nH]c(=O)n1-c1ccc(C(=O)Nc2ccc3ccccc3n2)cc1,0.639386869,train,butina,6,,,,
COc1ccc(OCC(=O)Nc2cccc(Cl)c2N2CCN(C(C)=O)CC2)cc1,0.700790221,train,butina,6,,,,
c1ccc(-c2ccc(CN3CCCCCCC3)cc2)cc1,-0.614393726,train,butina,6,,,,
CC(=O)N1CCN(c2c(Cl)cccc2NC(=O)COc2ccccc2Cl)CC1,0.256958153,train,butina,6,,,,
CCC(=O)N1CCN(c2ccc(Cl)cc2NC(=O)COc2ccccc2)CC1,0.250420002,train,butina,6,,,,
Cc1ccc(Oc2ccc(Cl)cc2NC(=O)CN(C)CC(=O)N(C)C)cc1,-0.053056729,train,butina,6,,,,
CC1(C)Cc2cc(NC(=O)c3cnn4cccnc34)c(OCC3CC3)nc2O1,-0.199970641,train,butina,6,,,,
N#Cc1cc(F)c(NS(=O)(=O)c2c[nH]c3cc(Cl)ccc23)cc1F,-0.026872146,train,butina,6,,,,
COc1cc2c(cc1OC)CN(CCc1ccc(NC(=O)c3cccc4c(O)c5cccc(OC)c5nc34)cc1)CC2,-1.207608311,train,butina,6,,,,
CCCc1nc2nc(C)c(NS(=O)(=O)c3ccc(C4CCCCC4)cc3)c(O)n2n1,-0.218963061,train,butina,6,,,,
COc1ccc([C@H]2c3[nH]c4ccc(Cl)cc4c3CCN2C(=O)Oc2ccc(Cl)cc2)cc1,1.51293775,train,butina,6,,,,
NC(=O)C1(Cc2ccc(-c3ccncc3)cc2)CCN(C(=O)Cc2cccc(F)c2)CC1,1.006508828,train,butina,6,,,,
CC(=O)Nc1ccc(O)cc1,1.887859133,train,butina,6,,,,
O=C(NC1CCNCC1)c1ccc2[nH]ncc2c1,1.842696589,train,butina,6,,,,
Cc1cccc(/C=N/Nc2cc(N3CCOCC3)nc(OCCc3ccccn3)n2)c1,-0.548213564,train,butina,6,,,,
CCn1c(=O)oc2cc(NC(=O)c3ccc(C(C)(C)C)cc3)ccc21,0.21005085,train,butina,6,,,,
N#Cc1ccc(COc2cccc(C3CCN(Cc4nc5ccc(C(=O)O)cc5n4C[C@@H]4CCO4)CC3)n2)c(F)c1,0.402433346,train,butina,6,,,,
O=C(NC1CCNCC1)c1ccc2cn[nH]c2c1,2.0,train,butina,6,,,,
CC(C)(C)OC(=O)N1CCCC1C(=O)N1CCC(C(=O)N[C@@H](Cc2c[nH]c3ccccc23)C(=O)O)CC1,1.691832676,train,butina,6,,,,
CC(=O)Nc1ncc(C(=O)O)s1,1.81935965,train,butina,6,,,,
Cc1cccc(-c2nc(C34CCC(C(N)=O)(CC3)CC4)[nH]c2-c2ccc3c(c2)OCO3)n1,1.02011257,train,butina,6,,,,
COc1cc2nc(-c3cc(F)ccc3O)nc(N[C@@H]3CNC[C@H]3C(C)(C)O)c2cc1OC.Cl,-1.119186408,train,butina,6,,,,
CC(C)[C@@](C)(O)[C@@H]1CN(c2nc(-c3n[nH]c4ncccc34)c(F)cc2Cl)CCN1,1.302460808,train,butina,6,,,,
Cc1nnc(-c2ccc(N3CCC(Oc4cc(F)ccc4Cl)CC3)nn2)o1,0.161068385,train,butina,6,,,,
Cc1cn2nc(-c3cc(=O)n4cc(N5CCNC6(CC6)C5)ccc4n3)cc(C)c2n1,0.985246791,train,butina,6,,,,
CCCS(=O)(=O)Nc1ccc(F)c(C(=O)c2c[nH]c3ncc(-c4ccc(Cl)cc4)cc23)c1F,-1.59345982,train,butina,6,,,,
CN(C(=O)c1cc(N2CCNC2=O)ccc1F)C1CCNC1,1.885728632,train,butina,6,,,,
Cn1c(-c2n[nH]c3c2CCCC3)nnc1N1CCC2(CNC(=O)C2)C1,1.792986685,train,butina,6,,,,
Cc1nnc(-c2ccc(N3CCC(Oc4ccccc4C(F)(F)F)CC3)nn2)s1,-0.906578315,train,butina,6,,,,
O=C(NCCc1ccccc1)c1ccc(NC(=O)N2CCCCc3ccccc32)cc1,0.075911761,train,butina,6,,,,
CC(C)(C)c1ccc(C(O)CN2CCC(O)(c3ccc4c(c3)OCO4)CC2)cc1,0.779018972,train,butina,6,,,,
NC[C@H]1CC[C@@H](C(=O)Nc2ccc3[nH]ncc3c2)O1,1.981999714,train,butina,6,,,,
NC1CCCC1C(=O)N1CCC(c2c[nH]c3ncccc23)CC1,1.71701274,train,butina,6,,,,
NC1CC(NC(=O)c2ccc(-c3cn[nH]c3)cn2)C12CCC2,1.709702344,train,butina,6,,,,
NC1CCC(C(=O)N2CCC(c3c[nH]c4ncccc34)CC2)C1,1.917395215,train,butina,6,,,,
O=C(NC12CCCC1NCC2)c1ccc(-c2cn[nH]c2)cc1,2.0,train,butina,6,,,,
Cc1nc2cc(C(=O)NC34CCCC3NCC4)ccc2c(=O)[nH]1,1.866494097,train,butina,6,,,,
CNc1nc(C)cc(C(=O)Nc2ccc3[nH]ncc3c2)n1,1.493625323,train,butina,6,,,,
O=C(Nc1ccc(CN2CCCCC2)cc1)c1ccnc2[nH]cnc12,1.767526899,train,butina,6,,,,
CCc1c[nH]c2ncnc(N3CCC(CN4CCN(C)CC4)CC3)c12,1.728012707,train,butina,6,,,,
NC(=O)c1cnc(N2CCc3[nH]nc(C(F)(F)F)c3C2)c(Cl)c1,0.986009932,train,butina,6,,,,
c1sc(NCC2CCCO2)nc1C12CC3CC(CC(C3)C1)C2,-1.096910013,train,butina,6,,,,
CNc1cc(Nc2cccn(-c3ccccn3)c2=O)nn2c(C(=O)N[C@@H]3C[C@@H]3F)cnc12,0.991226076,test,butina,6,0.62510044639,0.6103995936000006,0.6654994206900001,1.1937512277300004
COc1ccc(Cl)cc1C(=O)NCCc1ccc(S(=O)(=O)NC(=O)NC2CCCCC2)cc1,-0.91721463,test,butina,6,0.85169468709,-0.13251472595000002,0.6564859509100002,0.50185748698
CCn1c(-c2nonc2N)nc2cnc(Oc3cccc(NC(=O)c4ccc(OCCN5CCOCC5)cc4)c3)cc21,-0.449771647,test,butina,6,0.56392444999,0.40420222968999986,0.53961604495,0.2925003177099997
Nc1n[nH]cc1-c1cc(Cl)ccc1Oc1cc(F)c(S(=O)(=O)Nc2cscn2)cc1Cl,-0.354577731,test,butina,6,0.5126143379100001,-0.18656212125999996,0.35991727552,-0.6516756772900001
COc1ccccc1-c1cc(NC(=O)c2cccc(N3CCNC3=O)c2)[nH]n1,-0.397940009,test,butina,6,1.0015746955300002,0.6183438343200001,0.7821296317000004,0.8712141539700005
Fc1ccccc1-c1c[nH]nc1C1CCCN1Cc1ccc2ncccc2c1,0.545801757,test,butina,6,0.5038286179300002,0.6611616086700002,0.8063000225700004,-0.30525289632999997
Cc1nccc(-c2cn(Cc3ccccc3)c3cnccc23)n1,1.122707254,test,butina,6,0.7532990591000001,0.8799916726200001,0.6704788130599999,0.5097266924700002
Cc1nnc(CN(C)CC(C)Oc2ccc(Cl)c(Cl)c2)n1C,0.926290987,test,butina,6,0.7299272576000001,0.7255219782299999,0.6509228191199999,0.8078036996500008
O=C1CN(c2ccc(Nc3nccc(C(F)(F)F)n3)cn2)CCN1,1.543819805,test,butina,6,1.1370572202700004,1.0996924410800004,0.9361035410500003,1.4064703882799996
c1ccc(Oc2cccc(CN(CCN3CCOCC3)Cc3cccnc3)c2)cc1,-0.222573178,test,butina,6,0.44871140947,0.39227920827999996,0.5030213745899998,0.6342331122900003
O=S(=O)(c1cccc2cnccc12)N1CCCNCC1,1.892077899,test,butina,6,0.9806786558800005,1.2891347418000003,1.18509030218,1.64144481718
CCn1c(CO)nn(-c2cc(O[C@@H](C)C(F)(F)F)c(C(=O)Nc3c(F)cccc3Cl)cc2F)c1=O,0.975753389,test,butina,6,0.70063655141,0.20811692938000004,0.39556610356,0.22181297062999994
COc1ccc(Nc2c(C#N)cnc3cc(OC)c(OC)cc23)cc1Cl,-0.033858267,test,butina,6,0.6682522146400004,0.13233662173000002,0.30852109353999996,-0.1923396904599999
CCC1=C(C)CN(C(=O)NCCc2ccc(S(=O)(=O)NC(=O)N[C@H]3CC[C@H](C)CC3)cc2)C1=O,-1.180456064,test,butina,6,1.2722470681399998,0.6843922674999999,0.8223149026399998,0.7780259405400004
O=S(=O)(c1cccc2c(O)nccc12)N1CCCNCC1,1.850223373,test,butina,6,0.9475293895100003,0.97523696242,1.15812335042,1.5897711599799995
COc1ccc(CNC(=O)c2sc3nc(C)cc(C)c3c2N)cc1,-0.356547324,test,butina,6,0.7889770682000002,0.4212616620499998,0.22030968762999997,0.4983715209299999
Cc1cnc(C(=O)NCCc2ccc(S(=O)(=O)NC(=O)NC3CCCCC3)cc2)cn1,0.01745073,test,butina,6,1.2949137886400004,0.5103469885799999,0.9840416659700003,1.0705584071499998
O=C1CCCC[C@@H]2[C@H](C[C@@H](Cc3ccccc3F)N2C(=O)c2cccc3ncccc23)N1,1.277998644,test,butina,6,0.6882059065000002,0.6669215812600002,0.6790528201799999,0.46017810447000007
CC(O)(C#Cc1ccc2c(c1)N(c1nc(N)ncc1Cl)CC2)c1nccs1,-0.122628654,test,butina,6,0.7699575256600002,0.6184336108200003,0.82261911763,0.5537092848900005
Cc1oc2ccccc2c1CNc1nnc(-c2ccncc2)o1,0.717254313,test,butina,6,0.6597569164699999,0.5832905136100002,0.7239282901100001,0.42400452298000013
O=C(Nc1cccc2ncccc12)[C@H]1CCCN(S(=O)(=O)c2ccccc2)C1,1.222560409,test,butina,6,0.8696444634600003,0.70126365071,0.7852463099900002,0.6171363387500005
O=C(Nc1cnccc1-c1ccc(Cl)cc1)c1ccnc(NC(=O)C2CC2)c1,0.369957607,test,butina,6,0.94670866856,0.3430844861699997,0.9109328437199994,0.3070415240199998
CN1C(N)=N[C@](C)(c2cc(NC(=O)c3ccc(F)cn3)ccc2F)CS1(=O)=O,1.560468571,test,butina,6,0.9820253610300003,0.65457515136,0.8301396521700002,1.3271189046100005
CCCCNC(=O)NS(=O)(=O)c1ccc(C)cc1,0.439332694,test,butina,6,1.0230404193600005,0.7815826868900002,0.7079016284100003,1.4868912718400003
CCCNC(=O)NS(=O)(=O)c1ccc(Cl)cc1,0.969835093,test,butina,6,0.9961789259500006,1.0446890095300005,0.7495933572799998,1.4587468457500004
COc1cc2ncnc(Nc3cccc(O)c3)c2cc1OC,0.994317153,test,butina,6,0.5955371455299998,0.3386474130499999,0.15146503248,0.7950289023600002
Cc1cc(C)c2c(N)c(C(=O)NCc3ccc(Cl)cc3)sc2n1,-0.370590401,test,butina,6,0.8649157187300003,0.4752236442599998,0.20312516938000003,0.3599805735399999
COc1nc2sc(C(=O)NC3CC3)c(N)c2c(C)c1Cl,0.245512668,test,butina,6,1.06568455327,0.7574194561100004,0.3475255008900001,1.035297393900001
CNC(=O)c1cccc(NC(=O)N2CCC(Oc3ccccc3Cl)CC2)c1,1.068760828,test,butina,6,0.44915548674999994,0.46646011415999994,0.62798368919,0.45482580240000003
COc1ccc(OC[C@@H]2c3cc(OC)c(OC)cc3CCN2C(=O)c2cccc(Cl)c2)cc1,-0.116906641,test,butina,6,0.44152227497999996,0.44897195956000013,0.38109799979999986,0.04573916405000003
CC(C)[C@H](CO)Nc1nc(Nc2cc(N)cc(Cl)c2)c2ncn(C(C)C)c2n1,-0.061980903,test,butina,6,1.0476854237200006,0.4628791019000004,0.3328637996599999,0.11916927452999997
O=C(Nc1cccc2c(=O)cc(-c3nnn[nH]3)oc12)c1ccc(OCCCCc2ccccc2)cc1,0.582744966,test,butina,6,0.29873220336999984,-0.06158296448999993,0.23644460918999985,-0.20547228318
Cc1ccc(OCC2(O)CCN(CC3(O)CCN(c4ccccc4C)CC3)CC2)cc1,-0.040481623,test,butina,6,0.52357040857,0.6354465748999999,0.7472198029500003,0.8505085155500005
O=C(Nc1cccc(N2CCNC2=O)c1)C1NCC12CCCC2,1.718202645,test,butina,6,0.9692570786200002,1.366658844220001,1.1204828087,1.5972752880599999
NCC1CCCC1NC(=O)c1cc(N2CCNC2=O)ccc1F,1.87495702,test,butina,6,1.373507282699999,1.46038266924,1.3062194210100002,1.8058351824099992
CN(C(=O)c1cc(N2CCNC2=O)ccc1F)C1CCC(N)CC1,1.828717885,test,butina,6,1.6326965420699988,1.46867957418,1.06226532543,1.7962485600099989
NC1CCCC(C(=O)Nc2ccc3[nH]ncc3c2)C1,2.0,test,butina,6,1.68004513512,1.5447127494700001,1.6334898097899997,1.9090619868100003
NC1CCCC(C(=O)N2CCC(c3c[nH]c4ncccc34)CC2)C1,1.752816431,test,butina,6,1.7132878419499997,1.7211435079500002,1.6475566177799998,1.6913851604799999
NC1CCCC(C(=O)Nc2cccc(N3CCNC3=O)c2)C1,1.763113391,test,butina,6,1.0668431359800004,1.4558445411699998,1.52451309212,1.8070534400299993
CC1CC(N)CCN1C(=O)c1cc(N2CCNC2=O)c(F)cc1F,1.833504094,test,butina,6,1.5585451800199994,1.3404234983800007,1.3263701954700005,1.7593703359899993
CNc1cc(Nc2cccn(-c3ccccn3)c2=O)nn2c(C(=O)N[C@@H]3C[C@@H]3F)cnc12,0.991226076,train,butina,7,,,,
CCOc1cc2nn(CCC(C)(C)O)cc2cc1NC(=O)c1cccc(C(F)F)n1,0.099680641,train,butina,7,,,,
CC(C)(Oc1ccc(-c2cnc(N)c(-c3ccc(Cl)cc3)c2)cc1)C(=O)O,-1.158015195,train,butina,7,,,,
CC(C)(O)CCn1cc2cc(NC(=O)c3cccc(C(F)(F)F)n3)c(C(C)(C)O)cc2n1,1.015611205,train,butina,7,,,,
CC#CC(=O)N[C@H]1CCCN(c2c(F)cc(C(N)=O)c3[nH]c(C)c(C)c23)C1,0.163856803,train,butina,7,,,,
COc1ccc(Cl)cc1C(=O)NCCc1ccc(S(=O)(=O)NC(=O)NC2CCCCC2)cc1,-0.91721463,train,butina,7,,,,
C=CC(=O)N1CCC[C@@H](n2nc(-c3ccc(Oc4ccccc4)cc3)c3c(N)ncnc32)C1,0.62603,train,butina,7,,,,
COc1ccc(S(=O)(=O)N2CCC(N3CCC(C)CC3)CC2)cc1,1.729799023,train,butina,7,,,,
CCn1c(-c2nonc2N)nc2cnc(Oc3cccc(NC(=O)c4ccc(OCCN5CCOCC5)cc4)c3)cc21,-0.449771647,train,butina,7,,,,
CCCc1cc(N2CCc3c(nc(C4CC4)n3C)C2)n2ncnc2n1,1.677187053,train,butina,7,,,,
Fc1ccc(-c2ccc3c(c2)[nH]c2ccncc23)cn1,0.653405491,train,butina,7,,,,
Nc1c(F)ccc2cnc(-n3ccc4ccncc43)cc12,0.713910354,train,butina,7,,,,
[2H]C([2H])([2H])NC(=O)c1nnc(NC(=O)C2CC2)cc1Nc1cccc(-c2ncn(C)n2)c1OC,1.186566481,train,butina,7,,,,
C=CC(=O)N1CCC(CNc2ncnc(N)c2-c2ccc(Oc3ccccc3)cc2)CC1,0.752995432,train,butina,7,,,,
Nc1n[nH]cc1-c1cc(Cl)ccc1Oc1cc(F)c(S(=O)(=O)Nc2cscn2)cc1Cl,-0.354577731,train,butina,7,,,,
Cc1c(-c2c(F)cc(C(N)=O)c3[nH]c4c(c23)CC[C@H](C(C)(C)O)C4)cccc1-n1c(=O)c2cccc(F)c2n(C)c1=O,0.436162647,train,butina,7,,,,
CC(C)(C)c1ccc(-c2nc3n(c(=O)c2C#N)CCS3)cc1,0.731266349,train,butina,7,,,,
CC#CC(=O)N1CC[C@@H](n2c(=O)n(-c3ccc(Oc4ccccc4)cc3)c3c(N)ncnc32)C1,0.935859798,train,butina,7,,,,
C=CC(=O)N1CCC([C@@H]2CCNc3c(C(N)=O)c(-c4ccc(Oc5ccccc5)cc4)nn32)CC1,0.968996327,train,butina,7,,,,
C=CC(=O)N1CCC[C@H](n2c(=O)n(-c3ccc(Oc4ccccc4)cc3)c3c(N)ncnc32)C1,0.983851719,train,butina,7,,,,
CC(C)(C=C(C#N)C(=O)N1CCC[C@@H](n2nc(-c3ccc(Oc4ccccc4)cc3F)c3c(N)ncnc32)C1)N1CCN(C2COC2)CC1,0.276231958,train,butina,7,,,,
COc1ccccc1-c1cc(NC(=O)c2cccc(N3CCNC3=O)c2)[nH]n1,-0.397940009,train,butina,7,,,,
Nc1ncc(-c2cccc(C(F)(F)F)c2)c(C2CCCCN2C(=O)c2ccccc2)n1,-0.04431225,train,butina,7,,,,
Fc1ccccc1-c1c[nH]nc1C1CCCN1Cc1ccc2ncccc2c1,0.545801757,train,butina,7,,,,
Cc1nccc(-c2cn(Cc3ccccc3)c3cnccc23)n1,1.122707254,train,butina,7,,,,
CCc1nc(C)cn2nc(-c3cc(=O)n4cc(C5CCN(C)CC5)cc(C)c4n3)cc12,0.868232868,train,butina,7,,,,
Cc1c(Cl)ccc2cc3n(c12)[C@@H](C)CNC3=O,0.328379603,train,butina,7,,,,
Nc1ncnc2c1c(-c1ccc(Oc3ccccc3)cc1)nn2[C@@H]1CCCNC1,0.956648579,train,butina,7,,,,
Cc1nnc(CN(C)CC(C)Oc2ccc(Cl)c(Cl)c2)n1C,0.926290987,train,butina,7,,,,
COc1nn(C)cc1C(=O)Nc1cccc(-c2cnc3n2CCC3)c1,0.866877814,train,butina,7,,,,
COc1cc(F)ccc1-c1ncnc(Nc2cccc(C[S@@](C)(=N)=O)c2)n1,1.594922663,train,butina,7,,,,
Cc1ncc(CN2CC[C@@H](Nc3cncc(Cl)n3)[C@@H](C)C2)s1,1.205461507,train,butina,7,,,,
Cc1ccc(C(=O)N2CCC(Cc3ccccc3-c3ccccc3)(C(=O)N(C)C)CC2)s1,-0.293282218,train,butina,7,,,,
CCc1nc2c(C)cc(N3CCN(CC(=O)N4CC(O)C4)CC3)cn2c1N(C)c1nc(-c2ccc(F)cc2)c(C#N)s1,-0.204728421,train,butina,7,,,,
CN(C)C(=O)C1(Cc2ccccc2-c2ccccc2)CCN(C(=O)C2CCCO2)CC1,0.902546779,train,butina,7,,,,
CC(=O)Nc1ccc(C(=O)N2CCCCC2c2nc(N)ncc2-c2ccc(Cl)cc2)cc1,0.596926814,train,butina,7,,,,
CC(=O)Nc1ccc(C(=O)N2CCCCC2c2nc(N)ncc2-c2cccc(Cl)c2)cc1,0.520483533,train,butina,7,,,,
O=C1CN(c2ccc(Nc3nccc(C(F)(F)F)n3)cn2)CCN1,1.543819805,train,butina,7,,,,
O=C1NCCN(C(=O)c2ccc3nccn3c2)C1c1ccccc1C(F)(F)F,1.851001366,train,butina,7,,,,
Cc1cc(F)ccc1C1C(=O)NCCN1C(=O)c1ccc2nccn2c1,1.78096503,train,butina,7,,,,
O=C1NCCN(C(=O)c2ccncc2)C1c1ccccc1Cl,1.876996793,train,butina,7,,,,
C[C@H]1CN(C(=O)CC(c2ccccc2)c2ccccc2)C[C@@H](C)O1,1.188253327,train,butina,7,,,,
CN1[C@H]2CC[C@@H]1C[C@@H](OC(c1ccccc1)c1ccccc1)C2,1.106122874,train,butina,7,,,,
CC(C)(C)C(=O)N1CCC(Cc2ccc(-c3cccs3)cc2)(C(=O)N2CCCC2)CC1,-0.1837587,train,butina,7,,,,
OC[C@H](Nc1cncc(-c2ccc3[nH]ncc3n2)c1)c1ccccc1,1.017826038,train,butina,7,,,,
Cc1ncsc1C(=O)N1CCCCC1c1nc(N(C)C)ncc1-c1cccc(Cl)c1,-0.083019953,train,butina,7,,,,
OCC1CCCCN1Cc1ccc(Cl)c(Cl)c1,1.390069186,train,butina,7,,,,
CC(=O)N1CCN(c2nc(C(F)(F)F)nc3sc(C)c(C)c23)CC1,0.13481437,train,butina,7,,,,
COc1ccccc1C(=O)Nc1ccc2cc[nH]c2c1,0.505149978,train,butina,7,,,,
c1ccc(Oc2cccc(CN(CCN3CCOCC3)Cc3cccnc3)c2)cc1,-0.222573178,train,butina,7,,,,
COc1ccc([C@H]2CN(C(C)=O)[C@@H]3CCCN(Cc4cccc(F)c4)[C@H]23)cc1,0.595385981,train,butina,7,,,,
OCC1CCCCN1Cc1ccc(-c2ccccc2)cc1,1.368007805,train,butina,7,,,,
Nc1ncc(C(=O)NC2CN(C(=O)C3CC3)C2)c2ccc(-c3cccc(F)c3)nc12,0.623352682,train,butina,7,,,,
CC1(C)CC(Oc2ccc(-c3ccc(-c4cn[nH]c4)cc3O)nn2)CC(C)(C)N1,1.199947058,train,butina,7,,,,
Cc1nnc(-c2ccc3occ(-c4ccc(S(C)=O)cc4)c3c2)o1,0.193402903,train,butina,7,,,,
Cc1ncsc1C(=O)N1CCCCC1c1nc(N)ncc1-c1cccc(C(F)(F)F)c1,0.615318657,train,butina,7,,,,
O=C(Nc1ccc2ccccc2n1)c1ccc(N2CCOC2=O)cc1,0.449015316,train,butina,7,,,,
O=C(CCNC(=O)c1ccc(OC(F)(F)F)cc1)N[C@@H]1CCCc2ccccc21,0.526080692,train,butina,7,,,,
O=S(=O)(c1cccc2cnccc12)N1CCCNCC1,1.892077899,train,butina,7,,,,
CCN1CCN(S(=O)(=O)Cc2ccc(Cl)c(Cl)c2)CC1,1.249124949,train,butina,7,,,,
CCn1c(CO)nn(-c2cc(O[C@@H](C)C(F)(F)F)c(C(=O)Nc3c(F)cccc3Cl)cc2F)c1=O,0.975753389,train,butina,7,,,,
CCN(C/C=C\c1ccc(C2CCCCC2)c(Cl)c1)C1CCCCC1,-0.853871964,train,butina,7,,,,
NCCN1CCN(C/C=C/C(=O)N2CCC[C@@H](n3nc(-c4ccc(Oc5ccccc5)cc4)c4c(N)ncnc43)C2)CC1,0.699837726,train,butina,7,,,,
Cn1c(C2CC2)nc2c1CCN(c1ncnc3ccsc13)C2,1.237065953,train,butina,7,,,,
CC/C(=C(\c1ccccc1)c1ccc(OCCN(C)C)cc1)c1ccccc1,-0.580044252,train,butina,7,,,,
COc1nn(C)cc1C(=O)Nc1cccc2cnccc12,1.504729052,train,butina,7,,,,
CNC(=O)C1(Cc2ccc(-c3ccncc3)cc2)CCN(Cc2cccc(F)c2)C1,1.10503305,train,butina,7,,,,
Cc1ncc(CN2CCC(Nc3ccc4nnnn4n3)C(C)C2)s1,1.652285029,train,butina,7,,,,
Cc1nc(Nc2nccs2)cc(C2CN(c3ncccn3)C2)n1,0.444669231,train,butina,7,,,,
COc1ccc(Nc2c(C#N)cnc3cc(OC)c(OC)cc23)cc1Cl,-0.033858267,train,butina,7,,,,
COc1ccc(CCCN2CCN(c3cnn(C)c3)C(=O)C2)cc1F,1.343408594,train,butina,7,,,,
Cc1noc(C(C)C)c1C(=O)N1CC(C)OC(c2ccccc2)C1,1.180469962,train,butina,7,,,,
CN(Cc1ccccc1)C1(C(=O)N2CCNC(=O)CC2)Cc2ccccc2C1,0.904931827,train,butina,7,,,,
Cc1c(F)cccc1NC(=O)CN1[C@H]2CCCC(=O)N[C@@]2(C)C[C@H]1Cc1ccccc1,0.595275712,train,butina,7,,,,
CCC1=C(C)CN(C(=O)NCCc2ccc(S(=O)(=O)NC(=O)N[C@H]3CC[C@H](C)CC3)cc2)C1=O,-1.180456064,train,butina,7,,,,
O=S(=O)(c1cccc2c(O)nccc12)N1CCCNCC1,1.850223373,train,butina,7,,,,
Cc1ccc(NC(=O)CN2[C@H]3CCCC(=O)N[C@@]3(C)C[C@H]2Cc2ccccc2)cc1F,-0.137272472,train,butina,7,,,,
CN(C)C(=O)C1(Cc2ccccc2-c2cccc(F)c2)CCN(C(=O)C2CC=CCC2)CC1,-0.104025268,train,butina,7,,,,
COCC(=O)N1CCC(Cc2ccccc2-c2cccc(F)c2)(C(=O)NC(C)C)CC1,0.596597096,train,butina,7,,,,
COc1ccc(CNC(=O)c2sc3nc(C)cc(C)c3c2N)cc1,-0.356547324,train,butina,7,,,,
Cc1cnc(C(=O)NCCc2ccc(S(=O)(=O)NC(=O)NC3CCCCC3)cc2)cn1,0.01745073,train,butina,7,,,,
CNC(=O)C1(Cc2ccc(-c3cccnc3)cc2)CCN(Cc2ccc(F)cc2)C1,1.021602716,train,butina,7,,,,
CNC(=O)C1(Cc2ccc(-c3cccnc3)cc2)CCN(Cc2cccc(F)c2)C1,0.829753919,train,butina,7,,,,
O=C1CCCC[C@@H]2[C@H](C[C@@H](Cc3ccccc3F)N2C(=O)c2cccc3ncccc23)N1,1.277998644,train,butina,7,,,,
CCOc1cc(CC(=O)N[C@@H](CC(C)C)c2ccccc2N2CCCCC2)ccc1C(=O)O,0.106870544,train,butina,7,,,,
CC(O)(C#Cc1ccc2c(c1)N(c1nc(N)ncc1Cl)CC2)c1nccs1,-0.122628654,train,butina,7,,,,
COCCc1noc(CN2CC(c3ccccc3)(c3ccccc3)CCC2=O)n1,1.167051359,train,butina,7,,,,
Cc1[nH]nc2c1C1(CCCCC1)CC(=O)N2,1.323066376,train,butina,7,,,,
Cc1oc2ccccc2c1CNc1nnc(-c2ccncc2)o1,0.717254313,train,butina,7,,,,
O=C(Nc1cccc2ncccc12)[C@H]1CCCN(S(=O)(=O)c2ccccc2)C1,1.222560409,train,butina,7,,,,
C[C@@H]1Cc2ccccc2N1C(=O)Cn1nc(-c2cccc3ncccc23)oc1=O,0.224014811,train,butina,7,,,,
Nc1ncnc2c1c(-c1cnc3[nH]ccc3c1)nn2C1CCCC1,0.862608364,train,butina,7,,,,
O=C(Nc1cnccc1-c1ccc(Cl)cc1)c1ccnc(NC(=O)C2CC2)c1,0.369957607,train,butina,7,,,,
CN1C(N)=N[C@](C)(c2cc(NC(=O)c3ccc(F)cn3)ccc2F)CS1(=O)=O,1.560468571,train,butina,7,,,,
CC1CN(C(=O)c2cccnc2N2CCOCC2)CC(c2ccccc2)O1,1.573185017,train,butina,7,,,,
CCCCNC(=O)NS(=O)(=O)c1ccc(C)cc1,0.439332694,train,butina,7,,,,
Cc1cc(Nc2cnccn2)cc(C2CCCN(CC(=O)N3CCCC3)C2)n1,1.642246824,train,butina,7,,,,
Cc1cccnc1Nc1cccc(C2CCCN(CC(=O)Nc3nccs3)C2)n1,0.180699201,train,butina,7,,,,
CN(C)C(=O)C1(Cc2ccccc2-c2ccccc2)CCN(C(=O)c2cnn(C)c2)CC1,1.041353202,train,butina,7,,,,
CC1(C)CC(=O)C2=C(C1)NC(=O)CC2c1ccc(Br)cc1,1.159236233,train,butina,7,,,,
CN1CCN(S(=O)(=O)c2ccc(-c3cnc(N)c(C(=O)Nc4cccnc4)n3)cc2)CC1,1.078638038,train,butina,7,,,,
Cc1cc(N2CCCC2c2cc(CCC(=O)O)cc(C)n2)ncn1,2.0,train,butina,7,,,,
CCCNC(=O)NS(=O)(=O)c1ccc(Cl)cc1,0.969835093,train,butina,7,,,,
O=C(CN1CCCC(c2cccc(Cc3cccc(F)c3)n2)C1)N1CCCC1,1.062130535,train,butina,7,,,,
COc1cc2ncnc(Nc3cccc(O)c3)c2cc1OC,0.994317153,train,butina,7,,,,
Cc1cc(C)c2c(N)c(C(=O)NCc3ccc(Cl)cc3)sc2n1,-0.370590401,train,butina,7,,,,
COCCNC(=O)c1ccnc(C2CCNCC2)c1,2.0,train,butina,7,,,,
COc1nc2sc(C(=O)NC3CC3)c(N)c2c(C)c1Cl,0.245512668,train,butina,7,,,,
CC1(CNC(=O)c2cncc(C3CCNCC3)n2)CCCO1,1.988550039,train,butina,7,,,,
Cc1cc(N2CCCC2)nc(C2CCCN(C)C2)n1,2.0,train,butina,7,,,,
O=C1NCCSc2c1sc1ccc(O)cc21,0.891593204,train,butina,7,,,,
CCn1cc(C(=O)O)c(=O)c2c(N)c(F)c(NC3CCCCC3)cc21,0.427486109,train,butina,7,,,,
C[C@H]1CN(C2COC2)CCN1c1ccc(Nc2cc(-c3ccnc(N4CCn5c(cc6c5CC(C)(C)C6)C4=O)c3CO)cn(C)c2=O)nc1,1.209139536,train,butina,7,,,,
C=CC(=O)N(C)CCOc1c(N)ncnc1-c1cc(F)cc(NC(=O)c2ccc(C3CC3)cc2F)c1C,0.838502776,train,butina,7,,,,
CC#CC(=O)N1CCC[C@@H]1c1nc(-c2ccc(C(=O)Nc3ccccn3)cc2)c2c(N)nccn12,0.975868182,train,butina,7,,,,
CC(=O)NCCNc1cc(Cl)nn2c(-c3cccc(S(=O)(=O)N(C)C)c3)c(C)nc12,0.681693392,train,butina,7,,,,
Cc1c[nH]c(=O)n1-c1ccc(C(=O)Nc2ccc3ccccc3n2)cc1,0.639386869,train,butina,7,,,,
CNC(=O)c1cccc(NC(=O)N2CCC(Oc3ccccc3Cl)CC2)c1,1.068760828,train,butina,7,,,,
COc1ccc(OCC(=O)Nc2cccc(Cl)c2N2CCN(C(C)=O)CC2)cc1,0.700790221,train,butina,7,,,,
c1ccc(-c2ccc(CN3CCCCCCC3)cc2)cc1,-0.614393726,train,butina,7,,,,
CC(=O)N1CCN(c2c(Cl)cccc2NC(=O)COc2ccccc2Cl)CC1,0.256958153,train,butina,7,,,,
CCC(=O)N1CCN(c2ccc(Cl)cc2NC(=O)COc2ccccc2)CC1,0.250420002,train,butina,7,,,,
CC1(C)Cc2cc(NC(=O)c3cnn4cccnc34)c(OCC3CC3)nc2O1,-0.199970641,train,butina,7,,,,
N#Cc1cc(F)c(NS(=O)(=O)c2c[nH]c3cc(Cl)ccc23)cc1F,-0.026872146,train,butina,7,,,,
COc1cc2c(cc1OC)CN(CCc1ccc(NC(=O)c3cccc4c(O)c5cccc(OC)c5nc34)cc1)CC2,-1.207608311,train,butina,7,,,,
CCCc1nc2nc(C)c(NS(=O)(=O)c3ccc(C4CCCCC4)cc3)c(O)n2n1,-0.218963061,train,butina,7,,,,
NC(=O)C1(Cc2ccc(-c3ccncc3)cc2)CCN(C(=O)Cc2cccc(F)c2)CC1,1.006508828,train,butina,7,,,,
CC(=O)Nc1ccc(O)cc1,1.887859133,train,butina,7,,,,
O=C(NC1CCNCC1)c1ccc2[nH]ncc2c1,1.842696589,train,butina,7,,,,
Cc1cccc(/C=N/Nc2cc(N3CCOCC3)nc(OCCc3ccccn3)n2)c1,-0.548213564,train,butina,7,,,,
COc1ccc(OC[C@@H]2c3cc(OC)c(OC)cc3CCN2C(=O)c2cccc(Cl)c2)cc1,-0.116906641,train,butina,7,,,,
N#Cc1ccc(COc2cccc(C3CCN(Cc4nc5ccc(C(=O)O)cc5n4C[C@@H]4CCO4)CC3)n2)c(F)c1,0.402433346,train,butina,7,,,,
CC(C)[C@H](CO)Nc1nc(Nc2cc(N)cc(Cl)c2)c2ncn(C(C)C)c2n1,-0.061980903,train,butina,7,,,,
O=C(NC1CCNCC1)c1ccc2cn[nH]c2c1,2.0,train,butina,7,,,,
CC(C)(C)OC(=O)N1CCCC1C(=O)N1CCC(C(=O)N[C@@H](Cc2c[nH]c3ccccc23)C(=O)O)CC1,1.691832676,train,butina,7,,,,
O=C(Nc1cccc2c(=O)cc(-c3nnn[nH]3)oc12)c1ccc(OCCCCc2ccccc2)cc1,0.582744966,train,butina,7,,,,
COc1cc2nc(-c3cc(F)ccc3O)nc(N[C@@H]3CNC[C@H]3C(C)(C)O)c2cc1OC.Cl,-1.119186408,train,butina,7,,,,
CC(C)[C@@](C)(O)[C@@H]1CN(c2nc(-c3n[nH]c4ncccc34)c(F)cc2Cl)CCN1,1.302460808,train,butina,7,,,,
Cc1nnc(-c2ccc(N3CCC(Oc4cc(F)ccc4Cl)CC3)nn2)o1,0.161068385,train,butina,7,,,,
Cc1cn2nc(-c3cc(=O)n4cc(N5CCNC6(CC6)C5)ccc4n3)cc(C)c2n1,0.985246791,train,butina,7,,,,
CCCS(=O)(=O)Nc1ccc(F)c(C(=O)c2c[nH]c3ncc(-c4ccc(Cl)cc4)cc23)c1F,-1.59345982,train,butina,7,,,,
Cc1ccc(OCC2(O)CCN(CC3(O)CCN(c4ccccc4C)CC3)CC2)cc1,-0.040481623,train,butina,7,,,,
CN(C(=O)c1cc(N2CCNC2=O)ccc1F)C1CCNC1,1.885728632,train,butina,7,,,,
O=C(Nc1cccc(N2CCNC2=O)c1)C1NCC12CCCC2,1.718202645,train,butina,7,,,,
NCC1CCCC1NC(=O)c1cc(N2CCNC2=O)ccc1F,1.87495702,train,butina,7,,,,
Cn1c(-c2n[nH]c3c2CCCC3)nnc1N1CCC2(CNC(=O)C2)C1,1.792986685,train,butina,7,,,,
Cc1nnc(-c2ccc(N3CCC(Oc4ccccc4C(F)(F)F)CC3)nn2)s1,-0.906578315,train,butina,7,,,,
O=C(NCCc1ccccc1)c1ccc(NC(=O)N2CCCCc3ccccc32)cc1,0.075911761,train,butina,7,,,,
NC[C@H]1CC[C@@H](C(=O)Nc2ccc3[nH]ncc3c2)O1,1.981999714,train,butina,7,,,,
CN(C(=O)c1cc(N2CCNC2=O)ccc1F)C1CCC(N)CC1,1.828717885,train,butina,7,,,,
NC1CCCC1C(=O)N1CCC(c2c[nH]c3ncccc23)CC1,1.71701274,train,butina,7,,,,
NC1CCCC(C(=O)Nc2ccc3[nH]ncc3c2)C1,2.0,train,butina,7,,,,
NC1CC(NC(=O)c2ccc(-c3cn[nH]c3)cn2)C12CCC2,1.709702344,train,butina,7,,,,
NC1CCC(C(=O)N2CCC(c3c[nH]c4ncccc34)CC2)C1,1.917395215,train,butina,7,,,,
NC1CCCC(C(=O)N2CCC(c3c[nH]c4ncccc34)CC2)C1,1.752816431,train,butina,7,,,,
O=C(NC12CCCC1NCC2)c1ccc(-c2cn[nH]c2)cc1,2.0,train,butina,7,,,,
Cc1nc2cc(C(=O)NC34CCCC3NCC4)ccc2c(=O)[nH]1,1.866494097,train,butina,7,,,,
CNc1nc(C)cc(C(=O)Nc2ccc3[nH]ncc3c2)n1,1.493625323,train,butina,7,,,,
O=C(Nc1ccc(CN2CCCCC2)cc1)c1ccnc2[nH]cnc12,1.767526899,train,butina,7,,,,
CCc1c[nH]c2ncnc(N3CCC(CN4CCN(C)CC4)CC3)c12,1.728012707,train,butina,7,,,,
NC1CCCC(C(=O)Nc2cccc(N3CCNC3=O)c2)C1,1.763113391,train,butina,7,,,,
CC1CC(N)CCN1C(=O)c1cc(N2CCNC2=O)c(F)cc1F,1.833504094,train,butina,7,,,,
c1sc(NCC2CCCO2)nc1C12CC3CC(CC(C3)C1)C2,-1.096910013,train,butina,7,,,,
CN(c1ncc(F)cn1)[C@H]1CCCNC1,2.0,test,butina,7,1.3943035261300005,1.2202192667700005,0.9868502588000009,1.5509793891900003
CC(C)NC(=O)COc1cccc(-c2nc(Nc3ccc4[nH]ncc4c3)c3ccccc3n2)c1,-1.384078213,test,butina,7,1.0355859293900007,0.29396735511999994,0.7320313093300002,0.4019302946999999
CCS(=O)(=O)N1CC(CC#N)(n2cc(-c3ncnc4[nH]ccc34)cn2)C1,1.378597739,test,butina,7,1.0495099921600002,0.96427442793,0.67347876058,1.1655618528600002
Cc1c[nH]c2nccc(Oc3c(F)cc(Nc4cc(Cl)nc(N)n4)cc3F)c12,-1.22184875,test,butina,7,0.7714476982200001,0.1904480925300001,0.6149355107700001,0.29108982779
COc1cc2c(cc1OC)CC(=O)N(CCCN(C)C[C@H]1Cc3cc(OC)c(OC)cc31)CC2,1.730984039,test,butina,7,0.6866009796600001,0.42261400068000016,0.43435562101,0.07972545165
C=CC(=O)N1C[C@H](Nc2ncnc3[nH]ccc23)CC[C@@H]1C,1.828227965,test,butina,7,1.3732892284200005,1.2504899545600003,0.7149919240900001,1.831375467859999
Cn1cc(Nc2nccc(N3CC4CCC(C3)N4C(=O)[C@@H]3CC3(F)F)n2)cn1,1.642995934,test,butina,7,1.2007384596200004,0.9686261970299996,1.0822670468700002,1.4495749652100012
Cn1cc(-c2cn3nccc3c(-c3cnn([C@]4(CC#N)C[C@@H](C#N)C4)c3)n2)cn1,1.559583476,test,butina,7,0.3330268493100001,0.7230539946400002,0.6672251625400001,1.22757120414
O=C(c1ccc(Oc2ccccc2)cc1Cl)c1c[nH]c2ncnc(N[C@@H]3CC[C@@H](CO)OC3)c12,-0.467245621,test,butina,7,1.1324339435500002,0.38746649525999993,0.3670884712200001,0.5104313766399996
N#CC[C@H](C1CCCC1)n1cc(-c2ncnc3[nH]ccc23)cn1,0.630986911,test,butina,7,1.12307463719,0.9545488483300002,0.54282625244,0.6799083544400003
C=CC(=O)Nc1cccc(Oc2nc(Nc3ccc(N4CCN(C)CC4)cc3)nc3ccsc23)c1,-0.049635146,test,butina,7,0.20458758134000005,0.34626640666,0.31559955578000004,-0.3348468190900001
CC#CC(=O)N1CC[C@@H](n2cc(-c3ccc(Oc4c(F)cccc4F)cc3)c3c(N)n[nH]c(=O)c32)C1,-0.073143291,test,butina,7,0.8739242963100001,0.6490093524400001,0.7661860177200001,0.59501474111
C=CC(=O)Nc1cccc(Oc2nc(Nc3ccc(N4CCN(C)CC4)c(F)c3)nc3[nH]ccc23)c1,0.039414119,test,butina,7,1.0278899099600003,0.40389879134000006,0.3299378035100002,0.34857011162
C[C@@H]1c2nnn(-c3ncc(F)cn3)c2CCN1C(=O)c1cccc(C(F)(F)F)c1Cl,0.969089603,test,butina,7,0.7732162879700003,0.6571048142000003,0.5249924123900002,0.49813015692000007
O=C(Nc1cccc(-c2nncn2C2CC2)c1)c1cc(-n2cnc(C3CC3)c2)ccn1,0.262925469,test,butina,7,0.6647327094899999,0.50682399777,0.9558233450500002,0.7346409146900004
C[C@@H]1CCN(C(=O)CC#N)C[C@@H]1N(C)c1ncnc2[nH]ccc12,1.991815076,test,butina,7,1.3474386052300007,0.9925349095199999,0.8508200129200004,1.7395395343000004
Cc1c(C(=O)NCCCN(C)C)sc2ncnc(Nc3ccc(F)cc3OC(C)C)c12,0.741821047,test,butina,7,0.4515748946300001,0.25286963209,0.11642527082000001,-0.04928919438000001
C=CC(=O)Nc1cccc(Oc2nc(Nc3ccc(N4CCN(C)CC4)cc3)nc3ccoc23)c1,0.146128036,test,butina,7,0.5478871299600003,0.37938781937999994,0.35441243072999995,0.4104796146599999
O=C(Nc1nc2cccc(-c3ccc(CN4CCS(=O)(=O)CC4)cc3)n2n1)C1CC1,1.681349797,test,butina,7,0.8326278059,0.4019439996400002,1.0075269985300002,1.06326647022
C#C[C@@](C)(CC)NC(=O)c1cc(F)cnc1NC1CC(F)(F)C1,0.671265433,test,butina,7,1.2075715012400001,0.84765693203,0.58789485968,0.7303450272800001
Cn1cc(Nc2nc(N)nc(-c3cccc(-n4ccc5cc(C6CC6)cc(F)c5c4=O)c3CO)n2)cn1,0.850401148,test,butina,7,0.8292993849199998,0.51022454328,0.88278513314,0.5188709396500001
CC(=O)Nc1ncc(CN2CCCC[C@@H]2C)s1,2.0,test,butina,7,0.7669943461300002,0.9155817832500002,0.6330305814800001,1.6496545897600001
CNC(=O)C1(Cc2ccc(-c3cccnc3)cc2)CCN(Cc2ccccc2Cl)C1,0.387567779,test,butina,7,0.8737099474600001,0.7075738366899997,0.75291017656,0.7367618721799998
C=CC(=O)Nc1cccc(Nc2nc(Nc3ccc(Oc4ccnc(C(=O)NC)c4)cc3)ncc2F)c1,-0.403402904,test,butina,7,0.8604392203300003,0.5392444814299998,0.6732736123799999,0.28389018493
Cc1ccc(Oc2ccc(Cl)cc2NC(=O)CN(C)CC(=O)N(C)C)cc1,-0.053056729,test,butina,7,0.5137592604800001,0.5826023135499998,0.20446684842999993,0.6126287498999999
COc1ccc([C@H]2c3[nH]c4ccc(Cl)cc4c3CCN2C(=O)Oc2ccc(Cl)cc2)cc1,1.51293775,test,butina,7,1.1020306002900002,-0.028459481109999983,-0.07741894733999999,-0.35974487322000004
CCn1c(=O)oc2cc(NC(=O)c3ccc(C(C)(C)C)cc3)ccc21,0.21005085,test,butina,7,1.0475012887000004,0.6837053513600001,0.6660471871900003,0.49334901329000014
CC(=O)Nc1ncc(C(=O)O)s1,1.81935965,test,butina,7,0.48380389708000016,1.1746049855400003,0.7894978320500009,1.2958121136600014
Cc1cccc(-c2nc(C34CCC(C(N)=O)(CC3)CC4)[nH]c2-c2ccc3c(c2)OCO3)n1,1.02011257,test,butina,7,1.1238683399200007,0.4107090679200001,0.06800879926,0.35573923106999983
CC(C)(C)c1ccc(C(O)CN2CCC(O)(c3ccc4c(c3)OCO4)CC2)cc1,0.779018972,test,butina,7,0.7787878525300002,0.36307086923,0.4101986823299999,0.62572486976
NC(=O)c1cnc(N2CCc3[nH]nc(C(F)(F)F)c3C2)c(Cl)c1,0.986009932,test,butina,7,1.2512932840800006,1.11538785703,0.9986207091100003,1.28735342422
CNc1cc(Nc2cccn(-c3ccccn3)c2=O)nn2c(C(=O)N[C@@H]3C[C@@H]3F)cnc12,0.991226076,train,butina,8,,,,
CCOc1cc2nn(CCC(C)(C)O)cc2cc1NC(=O)c1cccc(C(F)F)n1,0.099680641,train,butina,8,,,,
CN(c1ncc(F)cn1)[C@H]1CCCNC1,2.0,train,butina,8,,,,
CC(C)(Oc1ccc(-c2cnc(N)c(-c3ccc(Cl)cc3)c2)cc1)C(=O)O,-1.158015195,train,butina,8,,,,
CC(C)(O)CCn1cc2cc(NC(=O)c3cccc(C(F)(F)F)n3)c(C(C)(C)O)cc2n1,1.015611205,train,butina,8,,,,
CC#CC(=O)N[C@H]1CCCN(c2c(F)cc(C(N)=O)c3[nH]c(C)c(C)c23)C1,0.163856803,train,butina,8,,,,
COc1ccc(Cl)cc1C(=O)NCCc1ccc(S(=O)(=O)NC(=O)NC2CCCCC2)cc1,-0.91721463,train,butina,8,,,,
C=CC(=O)N1CCC[C@@H](n2nc(-c3ccc(Oc4ccccc4)cc3)c3c(N)ncnc32)C1,0.62603,train,butina,8,,,,
CC(C)NC(=O)COc1cccc(-c2nc(Nc3ccc4[nH]ncc4c3)c3ccccc3n2)c1,-1.384078213,train,butina,8,,,,
CCS(=O)(=O)N1CC(CC#N)(n2cc(-c3ncnc4[nH]ccc34)cn2)C1,1.378597739,train,butina,8,,,,
CCn1c(-c2nonc2N)nc2cnc(Oc3cccc(NC(=O)c4ccc(OCCN5CCOCC5)cc4)c3)cc21,-0.449771647,train,butina,8,,,,
Cc1c[nH]c2nccc(Oc3c(F)cc(Nc4cc(Cl)nc(N)n4)cc3F)c12,-1.22184875,train,butina,8,,,,
COc1cc2c(cc1OC)CC(=O)N(CCCN(C)C[C@H]1Cc3cc(OC)c(OC)cc31)CC2,1.730984039,train,butina,8,,,,
Fc1ccc(-c2ccc3c(c2)[nH]c2ccncc23)cn1,0.653405491,train,butina,8,,,,
C=CC(=O)N1C[C@H](Nc2ncnc3[nH]ccc23)CC[C@@H]1C,1.828227965,train,butina,8,,,,
Cn1cc(Nc2nccc(N3CC4CCC(C3)N4C(=O)[C@@H]3CC3(F)F)n2)cn1,1.642995934,train,butina,8,,,,
C=CC(=O)N1CCC(CNc2ncnc(N)c2-c2ccc(Oc3ccccc3)cc2)CC1,0.752995432,train,butina,8,,,,
Nc1n[nH]cc1-c1cc(Cl)ccc1Oc1cc(F)c(S(=O)(=O)Nc2cscn2)cc1Cl,-0.354577731,train,butina,8,,,,
Cc1c(-c2c(F)cc(C(N)=O)c3[nH]c4c(c23)CC[C@H](C(C)(C)O)C4)cccc1-n1c(=O)c2cccc(F)c2n(C)c1=O,0.436162647,train,butina,8,,,,
Cn1cc(-c2cn3nccc3c(-c3cnn([C@]4(CC#N)C[C@@H](C#N)C4)c3)n2)cn1,1.559583476,train,butina,8,,,,
O=C(c1ccc(Oc2ccccc2)cc1Cl)c1c[nH]c2ncnc(N[C@@H]3CC[C@@H](CO)OC3)c12,-0.467245621,train,butina,8,,,,
N#CC[C@H](C1CCCC1)n1cc(-c2ncnc3[nH]ccc23)cn1,0.630986911,train,butina,8,,,,
CC(C)(C)c1ccc(-c2nc3n(c(=O)c2C#N)CCS3)cc1,0.731266349,train,butina,8,,,,
C=CC(=O)Nc1cccc(Oc2nc(Nc3ccc(N4CCN(C)CC4)cc3)nc3ccsc23)c1,-0.049635146,train,butina,8,,,,
CC#CC(=O)N1CC[C@@H](n2c(=O)n(-c3ccc(Oc4ccccc4)cc3)c3c(N)ncnc32)C1,0.935859798,train,butina,8,,,,
C=CC(=O)N1CCC([C@@H]2CCNc3c(C(N)=O)c(-c4ccc(Oc5ccccc5)cc4)nn32)CC1,0.968996327,train,butina,8,,,,
C=CC(=O)N1CCC[C@H](n2c(=O)n(-c3ccc(Oc4ccccc4)cc3)c3c(N)ncnc32)C1,0.983851719,train,butina,8,,,,
CC(C)(C=C(C#N)C(=O)N1CCC[C@@H](n2nc(-c3ccc(Oc4ccccc4)cc3F)c3c(N)ncnc32)C1)N1CCN(C2COC2)CC1,0.276231958,train,butina,8,,,,
CC#CC(=O)N1CC[C@@H](n2cc(-c3ccc(Oc4c(F)cccc4F)cc3)c3c(N)n[nH]c(=O)c32)C1,-0.073143291,train,butina,8,,,,
C=CC(=O)Nc1cccc(Oc2nc(Nc3ccc(N4CCN(C)CC4)c(F)c3)nc3[nH]ccc23)c1,0.039414119,train,butina,8,,,,
C[C@@H]1c2nnn(-c3ncc(F)cn3)c2CCN1C(=O)c1cccc(C(F)(F)F)c1Cl,0.969089603,train,butina,8,,,,
COc1ccccc1-c1cc(NC(=O)c2cccc(N3CCNC3=O)c2)[nH]n1,-0.397940009,train,butina,8,,,,
O=C(Nc1cccc(-c2nncn2C2CC2)c1)c1cc(-n2cnc(C3CC3)c2)ccn1,0.262925469,train,butina,8,,,,
Fc1ccccc1-c1c[nH]nc1C1CCCN1Cc1ccc2ncccc2c1,0.545801757,train,butina,8,,,,
Cc1nccc(-c2cn(Cc3ccccc3)c3cnccc23)n1,1.122707254,train,butina,8,,,,
CCc1nc(C)cn2nc(-c3cc(=O)n4cc(C5CCN(C)CC5)cc(C)c4n3)cc12,0.868232868,train,butina,8,,,,
Cc1c(Cl)ccc2cc3n(c12)[C@@H](C)CNC3=O,0.328379603,train,butina,8,,,,
Nc1ncnc2c1c(-c1ccc(Oc3ccccc3)cc1)nn2[C@@H]1CCCNC1,0.956648579,train,butina,8,,,,
Cc1nnc(CN(C)CC(C)Oc2ccc(Cl)c(Cl)c2)n1C,0.926290987,train,butina,8,,,,
COc1cc(F)ccc1-c1ncnc(Nc2cccc(C[S@@](C)(=N)=O)c2)n1,1.594922663,train,butina,8,,,,
Cc1ncc(CN2CC[C@@H](Nc3cncc(Cl)n3)[C@@H](C)C2)s1,1.205461507,train,butina,8,,,,
Cc1ccc(C(=O)N2CCC(Cc3ccccc3-c3ccccc3)(C(=O)N(C)C)CC2)s1,-0.293282218,train,butina,8,,,,
CCc1nc2c(C)cc(N3CCN(CC(=O)N4CC(O)C4)CC3)cn2c1N(C)c1nc(-c2ccc(F)cc2)c(C#N)s1,-0.204728421,train,butina,8,,,,
C[C@@H]1CCN(C(=O)CC#N)C[C@@H]1N(C)c1ncnc2[nH]ccc12,1.991815076,train,butina,8,,,,
CN(C)C(=O)C1(Cc2ccccc2-c2ccccc2)CCN(C(=O)C2CCCO2)CC1,0.902546779,train,butina,8,,,,
O=C1CN(c2ccc(Nc3nccc(C(F)(F)F)n3)cn2)CCN1,1.543819805,train,butina,8,,,,
O=C1NCCN(C(=O)c2ccc3nccn3c2)C1c1ccccc1C(F)(F)F,1.851001366,train,butina,8,,,,
Cc1cc(F)ccc1C1C(=O)NCCN1C(=O)c1ccc2nccn2c1,1.78096503,train,butina,8,,,,
O=C1NCCN(C(=O)c2ccncc2)C1c1ccccc1Cl,1.876996793,train,butina,8,,,,
C[C@H]1CN(C(=O)CC(c2ccccc2)c2ccccc2)C[C@@H](C)O1,1.188253327,train,butina,8,,,,
CC(C)(C)C(=O)N1CCC(Cc2ccc(-c3cccs3)cc2)(C(=O)N2CCCC2)CC1,-0.1837587,train,butina,8,,,,
OCC1CCCCN1Cc1ccc(Cl)c(Cl)c1,1.390069186,train,butina,8,,,,
CC(=O)N1CCN(c2nc(C(F)(F)F)nc3sc(C)c(C)c23)CC1,0.13481437,train,butina,8,,,,
COc1ccccc1C(=O)Nc1ccc2cc[nH]c2c1,0.505149978,train,butina,8,,,,
c1ccc(Oc2cccc(CN(CCN3CCOCC3)Cc3cccnc3)c2)cc1,-0.222573178,train,butina,8,,,,
Cc1c(C(=O)NCCCN(C)C)sc2ncnc(Nc3ccc(F)cc3OC(C)C)c12,0.741821047,train,butina,8,,,,
OCC1CCCCN1Cc1ccc(-c2ccccc2)cc1,1.368007805,train,butina,8,,,,
Nc1ncc(C(=O)NC2CN(C(=O)C3CC3)C2)c2ccc(-c3cccc(F)c3)nc12,0.623352682,train,butina,8,,,,
CC1(C)CC(Oc2ccc(-c3ccc(-c4cn[nH]c4)cc3O)nn2)CC(C)(C)N1,1.199947058,train,butina,8,,,,
Cc1nnc(-c2ccc3occ(-c4ccc(S(C)=O)cc4)c3c2)o1,0.193402903,train,butina,8,,,,
O=C(Nc1ccc2ccccc2n1)c1ccc(N2CCOC2=O)cc1,0.449015316,train,butina,8,,,,
O=C(CCNC(=O)c1ccc(OC(F)(F)F)cc1)N[C@@H]1CCCc2ccccc21,0.526080692,train,butina,8,,,,
O=S(=O)(c1cccc2cnccc12)N1CCCNCC1,1.892077899,train,butina,8,,,,
C=CC(=O)Nc1cccc(Oc2nc(Nc3ccc(N4CCN(C)CC4)cc3)nc3ccoc23)c1,0.146128036,train,butina,8,,,,
O=C(Nc1nc2cccc(-c3ccc(CN4CCS(=O)(=O)CC4)cc3)n2n1)C1CC1,1.681349797,train,butina,8,,,,
CCn1c(CO)nn(-c2cc(O[C@@H](C)C(F)(F)F)c(C(=O)Nc3c(F)cccc3Cl)cc2F)c1=O,0.975753389,train,butina,8,,,,
CCN(C/C=C\c1ccc(C2CCCCC2)c(Cl)c1)C1CCCCC1,-0.853871964,train,butina,8,,,,
NCCN1CCN(C/C=C/C(=O)N2CCC[C@@H](n3nc(-c4ccc(Oc5ccccc5)cc4)c4c(N)ncnc43)C2)CC1,0.699837726,train,butina,8,,,,
CNC(=O)C1(Cc2ccc(-c3ccncc3)cc2)CCN(Cc2cccc(F)c2)C1,1.10503305,train,butina,8,,,,
Cc1ncc(CN2CCC(Nc3ccc4nnnn4n3)C(C)C2)s1,1.652285029,train,butina,8,,,,
COc1ccc(Nc2c(C#N)cnc3cc(OC)c(OC)cc23)cc1Cl,-0.033858267,train,butina,8,,,,
COc1ccc(CCCN2CCN(c3cnn(C)c3)C(=O)C2)cc1F,1.343408594,train,butina,8,,,,
Cc1noc(C(C)C)c1C(=O)N1CC(C)OC(c2ccccc2)C1,1.180469962,train,butina,8,,,,
CN(Cc1ccccc1)C1(C(=O)N2CCNC(=O)CC2)Cc2ccccc2C1,0.904931827,train,butina,8,,,,
Cc1c(F)cccc1NC(=O)CN1[C@H]2CCCC(=O)N[C@@]2(C)C[C@H]1Cc1ccccc1,0.595275712,train,butina,8,,,,
CCC1=C(C)CN(C(=O)NCCc2ccc(S(=O)(=O)NC(=O)N[C@H]3CC[C@H](C)CC3)cc2)C1=O,-1.180456064,train,butina,8,,,,
O=S(=O)(c1cccc2c(O)nccc12)N1CCCNCC1,1.850223373,train,butina,8,,,,
Cc1ccc(NC(=O)CN2[C@H]3CCCC(=O)N[C@@]3(C)C[C@H]2Cc2ccccc2)cc1F,-0.137272472,train,butina,8,,,,
CN(C)C(=O)C1(Cc2ccccc2-c2cccc(F)c2)CCN(C(=O)C2CC=CCC2)CC1,-0.104025268,train,butina,8,,,,
COCC(=O)N1CCC(Cc2ccccc2-c2cccc(F)c2)(C(=O)NC(C)C)CC1,0.596597096,train,butina,8,,,,
COc1ccc(CNC(=O)c2sc3nc(C)cc(C)c3c2N)cc1,-0.356547324,train,butina,8,,,,
C#C[C@@](C)(CC)NC(=O)c1cc(F)cnc1NC1CC(F)(F)C1,0.671265433,train,butina,8,,,,
Cn1cc(Nc2nc(N)nc(-c3cccc(-n4ccc5cc(C6CC6)cc(F)c5c4=O)c3CO)n2)cn1,0.850401148,train,butina,8,,,,
Cc1cnc(C(=O)NCCc2ccc(S(=O)(=O)NC(=O)NC3CCCCC3)cc2)cn1,0.01745073,train,butina,8,,,,
CNC(=O)C1(Cc2ccc(-c3cccnc3)cc2)CCN(Cc2ccc(F)cc2)C1,1.021602716,train,butina,8,,,,
CNC(=O)C1(Cc2ccc(-c3cccnc3)cc2)CCN(Cc2cccc(F)c2)C1,0.829753919,train,butina,8,,,,
CC(=O)Nc1ncc(CN2CCCC[C@@H]2C)s1,2.0,train,butina,8,,,,
O=C1CCCC[C@@H]2[C@H](C[C@@H](Cc3ccccc3F)N2C(=O)c2cccc3ncccc23)N1,1.277998644,train,butina,8,,,,
CCOc1cc(CC(=O)N[C@@H](CC(C)C)c2ccccc2N2CCCCC2)ccc1C(=O)O,0.106870544,train,butina,8,,,,
CC(O)(C#Cc1ccc2c(c1)N(c1nc(N)ncc1Cl)CC2)c1nccs1,-0.122628654,train,butina,8,,,,
COCCc1noc(CN2CC(c3ccccc3)(c3ccccc3)CCC2=O)n1,1.167051359,train,butina,8,,,,
Cc1[nH]nc2c1C1(CCCCC1)CC(=O)N2,1.323066376,train,butina,8,,,,
Cc1oc2ccccc2c1CNc1nnc(-c2ccncc2)o1,0.717254313,train,butina,8,,,,
O=C(Nc1cccc2ncccc12)[C@H]1CCCN(S(=O)(=O)c2ccccc2)C1,1.222560409,train,butina,8,,,,
C[C@@H]1Cc2ccccc2N1C(=O)Cn1nc(-c2cccc3ncccc23)oc1=O,0.224014811,train,butina,8,,,,
Nc1ncnc2c1c(-c1cnc3[nH]ccc3c1)nn2C1CCCC1,0.862608364,train,butina,8,,,,
O=C(Nc1cnccc1-c1ccc(Cl)cc1)c1ccnc(NC(=O)C2CC2)c1,0.369957607,train,butina,8,,,,
CN1C(N)=N[C@](C)(c2cc(NC(=O)c3ccc(F)cn3)ccc2F)CS1(=O)=O,1.560468571,train,butina,8,,,,
CC1CN(C(=O)c2cccnc2N2CCOCC2)CC(c2ccccc2)O1,1.573185017,train,butina,8,,,,
CCCCNC(=O)NS(=O)(=O)c1ccc(C)cc1,0.439332694,train,butina,8,,,,
CN(C)C(=O)C1(Cc2ccccc2-c2ccccc2)CCN(C(=O)c2cnn(C)c2)CC1,1.041353202,train,butina,8,,,,
CC1(C)CC(=O)C2=C(C1)NC(=O)CC2c1ccc(Br)cc1,1.159236233,train,butina,8,,,,
CNC(=O)C1(Cc2ccc(-c3cccnc3)cc2)CCN(Cc2ccccc2Cl)C1,0.387567779,train,butina,8,,,,
Cc1cc(N2CCCC2c2cc(CCC(=O)O)cc(C)n2)ncn1,2.0,train,butina,8,,,,
CCCNC(=O)NS(=O)(=O)c1ccc(Cl)cc1,0.969835093,train,butina,8,,,,
COc1cc2ncnc(Nc3cccc(O)c3)c2cc1OC,0.994317153,train,butina,8,,,,
Cc1cc(C)c2c(N)c(C(=O)NCc3ccc(Cl)cc3)sc2n1,-0.370590401,train,butina,8,,,,
COCCNC(=O)c1ccnc(C2CCNCC2)c1,2.0,train,butina,8,,,,
COc1nc2sc(C(=O)NC3CC3)c(N)c2c(C)c1Cl,0.245512668,train,butina,8,,,,
Cc1cc(N2CCCC2)nc(C2CCCN(C)C2)n1,2.0,train,butina,8,,,,
O=C1NCCSc2c1sc1ccc(O)cc21,0.891593204,train,butina,8,,,,
CCn1cc(C(=O)O)c(=O)c2c(N)c(F)c(NC3CCCCC3)cc21,0.427486109,train,butina,8,,,,
C=CC(=O)Nc1cccc(Nc2nc(Nc3ccc(Oc4ccnc(C(=O)NC)c4)cc3)ncc2F)c1,-0.403402904,train,butina,8,,,,
CC#CC(=O)N1CCC[C@@H]1c1nc(-c2ccc(C(=O)Nc3ccccn3)cc2)c2c(N)nccn12,0.975868182,train,butina,8,,,,
CC(=O)NCCNc1cc(Cl)nn2c(-c3cccc(S(=O)(=O)N(C)C)c3)c(C)nc12,0.681693392,train,butina,8,,,,
Cc1c[nH]c(=O)n1-c1ccc(C(=O)Nc2ccc3ccccc3n2)cc1,0.639386869,train,butina,8,,,,
CNC(=O)c1cccc(NC(=O)N2CCC(Oc3ccccc3Cl)CC2)c1,1.068760828,train,butina,8,,,,
COc1ccc(OCC(=O)Nc2cccc(Cl)c2N2CCN(C(C)=O)CC2)cc1,0.700790221,train,butina,8,,,,
c1ccc(-c2ccc(CN3CCCCCCC3)cc2)cc1,-0.614393726,train,butina,8,,,,
CC(=O)N1CCN(c2c(Cl)cccc2NC(=O)COc2ccccc2Cl)CC1,0.256958153,train,butina,8,,,,
CCC(=O)N1CCN(c2ccc(Cl)cc2NC(=O)COc2ccccc2)CC1,0.250420002,train,butina,8,,,,
Cc1ccc(Oc2ccc(Cl)cc2NC(=O)CN(C)CC(=O)N(C)C)cc1,-0.053056729,train,butina,8,,,,
CC1(C)Cc2cc(NC(=O)c3cnn4cccnc34)c(OCC3CC3)nc2O1,-0.199970641,train,butina,8,,,,
COc1cc2c(cc1OC)CN(CCc1ccc(NC(=O)c3cccc4c(O)c5cccc(OC)c5nc34)cc1)CC2,-1.207608311,train,butina,8,,,,
COc1ccc([C@H]2c3[nH]c4ccc(Cl)cc4c3CCN2C(=O)Oc2ccc(Cl)cc2)cc1,1.51293775,train,butina,8,,,,
NC(=O)C1(Cc2ccc(-c3ccncc3)cc2)CCN(C(=O)Cc2cccc(F)c2)CC1,1.006508828,train,butina,8,,,,
CC(=O)Nc1ccc(O)cc1,1.887859133,train,butina,8,,,,
O=C(NC1CCNCC1)c1ccc2[nH]ncc2c1,1.842696589,train,butina,8,,,,
CCn1c(=O)oc2cc(NC(=O)c3ccc(C(C)(C)C)cc3)ccc21,0.21005085,train,butina,8,,,,
COc1ccc(OC[C@@H]2c3cc(OC)c(OC)cc3CCN2C(=O)c2cccc(Cl)c2)cc1,-0.116906641,train,butina,8,,,,
CC(C)[C@H](CO)Nc1nc(Nc2cc(N)cc(Cl)c2)c2ncn(C(C)C)c2n1,-0.061980903,train,butina,8,,,,
O=C(NC1CCNCC1)c1ccc2cn[nH]c2c1,2.0,train,butina,8,,,,
CC(C)(C)OC(=O)N1CCCC1C(=O)N1CCC(C(=O)N[C@@H](Cc2c[nH]c3ccccc23)C(=O)O)CC1,1.691832676,train,butina,8,,,,
O=C(Nc1cccc2c(=O)cc(-c3nnn[nH]3)oc12)c1ccc(OCCCCc2ccccc2)cc1,0.582744966,train,butina,8,,,,
CC(=O)Nc1ncc(C(=O)O)s1,1.81935965,train,butina,8,,,,
Cc1cccc(-c2nc(C34CCC(C(N)=O)(CC3)CC4)[nH]c2-c2ccc3c(c2)OCO3)n1,1.02011257,train,butina,8,,,,
Cc1nnc(-c2ccc(N3CCC(Oc4cc(F)ccc4Cl)CC3)nn2)o1,0.161068385,train,butina,8,,,,
Cc1cn2nc(-c3cc(=O)n4cc(N5CCNC6(CC6)C5)ccc4n3)cc(C)c2n1,0.985246791,train,butina,8,,,,
Cc1ccc(OCC2(O)CCN(CC3(O)CCN(c4ccccc4C)CC3)CC2)cc1,-0.040481623,train,butina,8,,,,
CN(C(=O)c1cc(N2CCNC2=O)ccc1F)C1CCNC1,1.885728632,train,butina,8,,,,
O=C(Nc1cccc(N2CCNC2=O)c1)C1NCC12CCCC2,1.718202645,train,butina,8,,,,
NCC1CCCC1NC(=O)c1cc(N2CCNC2=O)ccc1F,1.87495702,train,butina,8,,,,
Cn1c(-c2n[nH]c3c2CCCC3)nnc1N1CCC2(CNC(=O)C2)C1,1.792986685,train,butina,8,,,,
Cc1nnc(-c2ccc(N3CCC(Oc4ccccc4C(F)(F)F)CC3)nn2)s1,-0.906578315,train,butina,8,,,,
O=C(NCCc1ccccc1)c1ccc(NC(=O)N2CCCCc3ccccc32)cc1,0.075911761,train,butina,8,,,,
CC(C)(C)c1ccc(C(O)CN2CCC(O)(c3ccc4c(c3)OCO4)CC2)cc1,0.779018972,train,butina,8,,,,
NC[C@H]1CC[C@@H](C(=O)Nc2ccc3[nH]ncc3c2)O1,1.981999714,train,butina,8,,,,
CN(C(=O)c1cc(N2CCNC2=O)ccc1F)C1CCC(N)CC1,1.828717885,train,butina,8,,,,
NC1CCCC1C(=O)N1CCC(c2c[nH]c3ncccc23)CC1,1.71701274,train,butina,8,,,,
NC1CCCC(C(=O)Nc2ccc3[nH]ncc3c2)C1,2.0,train,butina,8,,,,
NC1CC(NC(=O)c2ccc(-c3cn[nH]c3)cn2)C12CCC2,1.709702344,train,butina,8,,,,
NC1CCC(C(=O)N2CCC(c3c[nH]c4ncccc34)CC2)C1,1.917395215,train,butina,8,,,,
NC1CCCC(C(=O)N2CCC(c3c[nH]c4ncccc34)CC2)C1,1.752816431,train,butina,8,,,,
O=C(NC12CCCC1NCC2)c1ccc(-c2cn[nH]c2)cc1,2.0,train,butina,8,,,,
Cc1nc2cc(C(=O)NC34CCCC3NCC4)ccc2c(=O)[nH]1,1.866494097,train,butina,8,,,,
CNc1nc(C)cc(C(=O)Nc2ccc3[nH]ncc3c2)n1,1.493625323,train,butina,8,,,,
O=C(Nc1ccc(CN2CCCCC2)cc1)c1ccnc2[nH]cnc12,1.767526899,train,butina,8,,,,
CCc1c[nH]c2ncnc(N3CCC(CN4CCN(C)CC4)CC3)c12,1.728012707,train,butina,8,,,,
NC(=O)c1cnc(N2CCc3[nH]nc(C(F)(F)F)c3C2)c(Cl)c1,0.986009932,train,butina,8,,,,
NC1CCCC(C(=O)Nc2cccc(N3CCNC3=O)c2)C1,1.763113391,train,butina,8,,,,
CC1CC(N)CCN1C(=O)c1cc(N2CCNC2=O)c(F)cc1F,1.833504094,train,butina,8,,,,
COc1ccc(S(=O)(=O)N2CCC(N3CCC(C)CC3)CC2)cc1,1.729799023,test,butina,8,0.68718202409,1.2193161918499997,0.5778879259500002,1.43701732521
CCCc1cc(N2CCc3c(nc(C4CC4)n3C)C2)n2ncnc2n1,1.677187053,test,butina,8,1.1252480487900003,1.2978405406400007,0.96646630374,1.58746445258
Nc1c(F)ccc2cnc(-n3ccc4ccncc43)cc12,0.713910354,test,butina,8,0.92663798877,0.6053364225600002,0.6130379070800002,0.8509189562200006
[2H]C([2H])([2H])NC(=O)c1nnc(NC(=O)C2CC2)cc1Nc1cccc(-c2ncn(C)n2)c1OC,1.186566481,test,butina,8,0.7258663976200002,0.6396767583200001,0.38339372204000005,0.8556645344300001
Nc1ncc(-c2cccc(C(F)(F)F)c2)c(C2CCCCN2C(=O)c2ccccc2)n1,-0.04431225,test,butina,8,0.81212890922,0.8527704879400001,0.8947629995500002,0.11187206691000004
COc1nn(C)cc1C(=O)Nc1cccc(-c2cnc3n2CCC3)c1,0.866877814,test,butina,8,0.8799982596000001,1.0032883679600004,0.8567857604000001,1.35697096298
CC(=O)Nc1ccc(C(=O)N2CCCCC2c2nc(N)ncc2-c2ccc(Cl)cc2)cc1,0.596926814,test,butina,8,0.8993816185300004,0.6515854716800001,0.46465739239000015,-0.03250811095999996
CC(=O)Nc1ccc(C(=O)N2CCCCC2c2nc(N)ncc2-c2cccc(Cl)c2)cc1,0.520483533,test,butina,8,0.8285551752599999,0.65975773939,0.5231550616999999,-0.018325476809999974
CN1[C@H]2CC[C@@H]1C[C@@H](OC(c1ccccc1)c1ccccc1)C2,1.106122874,test,butina,8,0.98237132618,0.8116716086399997,0.3941449691100001,0.33540918243000023
OC[C@H](Nc1cncc(-c2ccc3[nH]ncc3n2)c1)c1ccccc1,1.017826038,test,butina,8,1.0273317525300003,0.9749457259100001,0.7566482904100001,0.7402450263500002
Cc1ncsc1C(=O)N1CCCCC1c1nc(N(C)C)ncc1-c1cccc(Cl)c1,-0.083019953,test,butina,8,0.6591939178000003,0.6328528576300002,0.9924737772800006,-0.017800397659999995
COc1ccc([C@H]2CN(C(C)=O)[C@@H]3CCCN(Cc4cccc(F)c4)[C@H]23)cc1,0.595385981,test,butina,8,0.6599732171799998,0.6211398691900001,0.78760815528,0.86689672152
Cc1ncsc1C(=O)N1CCCCC1c1nc(N)ncc1-c1cccc(C(F)(F)F)c1,0.615318657,test,butina,8,0.7362560389399998,0.6135181301700002,0.5030276896899999,0.014758348880000011
CCN1CCN(S(=O)(=O)Cc2ccc(Cl)c(Cl)c2)CC1,1.249124949,test,butina,8,0.7270168984600002,1.1615775963800004,0.6587356739900002,1.4084083643400005
Cn1c(C2CC2)nc2c1CCN(c1ncnc3ccsc13)C2,1.237065953,test,butina,8,1.04053792207,1.2855968903500001,1.1067321243700003,0.9015099870500003
CC/C(=C(\c1ccccc1)c1ccc(OCCN(C)C)cc1)c1ccccc1,-0.580044252,test,butina,8,0.3982527543200001,0.03418765304999998,0.25614453374999996,-0.3130597826
COc1nn(C)cc1C(=O)Nc1cccc2cnccc12,1.504729052,test,butina,8,0.6895337937300003,0.9107563264400005,0.9429283334800002,1.4208560246000004
Cc1nc(Nc2nccs2)cc(C2CN(c3ncccn3)C2)n1,0.444669231,test,butina,8,0.8401591806799996,1.1517491404100006,1.1261769758900002,1.3329025461700001
Cc1cc(Nc2cnccn2)cc(C2CCCN(CC(=O)N3CCCC3)C2)n1,1.642246824,test,butina,8,1.12545340607,1.1883049376000003,0.7567313518100002,1.19658405748
Cc1cccnc1Nc1cccc(C2CCCN(CC(=O)Nc3nccs3)C2)n1,0.180699201,test,butina,8,0.9046127489099995,0.6967801699400004,0.9192792137400003,0.3777572532500001
CN1CCN(S(=O)(=O)c2ccc(-c3cnc(N)c(C(=O)Nc4cccnc4)n3)cc2)CC1,1.078638038,test,butina,8,0.8411894631800001,0.7604434228800007,0.8291089096000003,0.8664178347800001
O=C(CN1CCCC(c2cccc(Cc3cccc(F)c3)n2)C1)N1CCCC1,1.062130535,test,butina,8,1.0894864398399997,0.90695341308,1.1568341548200007,0.8781334954400002
CC1(CNC(=O)c2cncc(C3CCNCC3)n2)CCCO1,1.988550039,test,butina,8,1.6903506127199999,1.76683086533,1.6315350936500002,1.8743287118199996
C[C@H]1CN(C2COC2)CCN1c1ccc(Nc2cc(-c3ccnc(N4CCn5c(cc6c5CC(C)(C)C6)C4=O)c3CO)cn(C)c2=O)nc1,1.209139536,test,butina,8,0.8074501676499999,0.55318348921,0.6911665960600001,0.19885153972999997
C=CC(=O)N(C)CCOc1c(N)ncnc1-c1cc(F)cc(NC(=O)c2ccc(C3CC3)cc2F)c1C,0.838502776,test,butina,8,0.9151379481500004,0.35330937578999977,0.4602835536600001,0.06780413778
N#Cc1cc(F)c(NS(=O)(=O)c2c[nH]c3cc(Cl)ccc23)cc1F,-0.026872146,test,butina,8,0.5334091477000001,0.36645308013999994,0.7938629817500004,0.42506669342000003
CCCc1nc2nc(C)c(NS(=O)(=O)c3ccc(C4CCCCC4)cc3)c(O)n2n1,-0.218963061,test,butina,8,0.6773648790600001,0.5406859522400002,0.8295383617100001,0.5799996576500003
Cc1cccc(/C=N/Nc2cc(N3CCOCC3)nc(OCCc3ccccn3)n2)c1,-0.548213564,test,butina,8,0.71326893082,0.4310821521500003,0.45062341818000007,0.32870468163999994
N#Cc1ccc(COc2cccc(C3CCN(Cc4nc5ccc(C(=O)O)cc5n4C[C@@H]4CCO4)CC3)n2)c(F)c1,0.402433346,test,butina,8,0.8276930409300002,0.34774201513999997,0.25195296249000004,-0.05182966504999998
COc1cc2nc(-c3cc(F)ccc3O)nc(N[C@@H]3CNC[C@H]3C(C)(C)O)c2cc1OC.Cl,-1.119186408,test,butina,8,0.9210113038300001,0.45284369950999986,0.21367350203000002,0.4662286420999998
CC(C)[C@@](C)(O)[C@@H]1CN(c2nc(-c3n[nH]c4ncccc34)c(F)cc2Cl)CCN1,1.302460808,test,butina,8,1.20126129915,0.8693419177900004,1.0546584642899999,0.47004772638999986
CCCS(=O)(=O)Nc1ccc(F)c(C(=O)c2c[nH]c3ncc(-c4ccc(Cl)cc4)cc23)c1F,-1.59345982,test,butina,8,0.8710093903900002,0.26060400737999995,0.3852229087600001,-0.31748184537
c1sc(NCC2CCCO2)nc1C12CC3CC(CC(C3)C1)C2,-1.096910013,test,butina,8,0.9684031750100001,1.28170661417,0.9839428120500001,0.8456767733000007
CNc1cc(Nc2cccn(-c3ccccn3)c2=O)nn2c(C(=O)N[C@@H]3C[C@@H]3F)cnc12,0.991226076,train,butina,9,,,,
CCOc1cc2nn(CCC(C)(C)O)cc2cc1NC(=O)c1cccc(C(F)F)n1,0.099680641,train,butina,9,,,,
CN(c1ncc(F)cn1)[C@H]1CCCNC1,2.0,train,butina,9,,,,
CC(C)(Oc1ccc(-c2cnc(N)c(-c3ccc(Cl)cc3)c2)cc1)C(=O)O,-1.158015195,train,butina,9,,,,
CC(C)(O)CCn1cc2cc(NC(=O)c3cccc(C(F)(F)F)n3)c(C(C)(C)O)cc2n1,1.015611205,train,butina,9,,,,
CC#CC(=O)N[C@H]1CCCN(c2c(F)cc(C(N)=O)c3[nH]c(C)c(C)c23)C1,0.163856803,train,butina,9,,,,
COc1ccc(Cl)cc1C(=O)NCCc1ccc(S(=O)(=O)NC(=O)NC2CCCCC2)cc1,-0.91721463,train,butina,9,,,,
C=CC(=O)N1CCC[C@@H](n2nc(-c3ccc(Oc4ccccc4)cc3)c3c(N)ncnc32)C1,0.62603,train,butina,9,,,,
CC(C)NC(=O)COc1cccc(-c2nc(Nc3ccc4[nH]ncc4c3)c3ccccc3n2)c1,-1.384078213,train,butina,9,,,,
CCS(=O)(=O)N1CC(CC#N)(n2cc(-c3ncnc4[nH]ccc34)cn2)C1,1.378597739,train,butina,9,,,,
COc1ccc(S(=O)(=O)N2CCC(N3CCC(C)CC3)CC2)cc1,1.729799023,train,butina,9,,,,
CCn1c(-c2nonc2N)nc2cnc(Oc3cccc(NC(=O)c4ccc(OCCN5CCOCC5)cc4)c3)cc21,-0.449771647,train,butina,9,,,,
Cc1c[nH]c2nccc(Oc3c(F)cc(Nc4cc(Cl)nc(N)n4)cc3F)c12,-1.22184875,train,butina,9,,,,
COc1cc2c(cc1OC)CC(=O)N(CCCN(C)C[C@H]1Cc3cc(OC)c(OC)cc31)CC2,1.730984039,train,butina,9,,,,
CCCc1cc(N2CCc3c(nc(C4CC4)n3C)C2)n2ncnc2n1,1.677187053,train,butina,9,,,,
Nc1c(F)ccc2cnc(-n3ccc4ccncc43)cc12,0.713910354,train,butina,9,,,,
C=CC(=O)N1C[C@H](Nc2ncnc3[nH]ccc23)CC[C@@H]1C,1.828227965,train,butina,9,,,,
Cn1cc(Nc2nccc(N3CC4CCC(C3)N4C(=O)[C@@H]3CC3(F)F)n2)cn1,1.642995934,train,butina,9,,,,
[2H]C([2H])([2H])NC(=O)c1nnc(NC(=O)C2CC2)cc1Nc1cccc(-c2ncn(C)n2)c1OC,1.186566481,train,butina,9,,,,
C=CC(=O)N1CCC(CNc2ncnc(N)c2-c2ccc(Oc3ccccc3)cc2)CC1,0.752995432,train,butina,9,,,,
Nc1n[nH]cc1-c1cc(Cl)ccc1Oc1cc(F)c(S(=O)(=O)Nc2cscn2)cc1Cl,-0.354577731,train,butina,9,,,,
Cc1c(-c2c(F)cc(C(N)=O)c3[nH]c4c(c23)CC[C@H](C(C)(C)O)C4)cccc1-n1c(=O)c2cccc(F)c2n(C)c1=O,0.436162647,train,butina,9,,,,
Cn1cc(-c2cn3nccc3c(-c3cnn([C@]4(CC#N)C[C@@H](C#N)C4)c3)n2)cn1,1.559583476,train,butina,9,,,,
O=C(c1ccc(Oc2ccccc2)cc1Cl)c1c[nH]c2ncnc(N[C@@H]3CC[C@@H](CO)OC3)c12,-0.467245621,train,butina,9,,,,
N#CC[C@H](C1CCCC1)n1cc(-c2ncnc3[nH]ccc23)cn1,0.630986911,train,butina,9,,,,
C=CC(=O)Nc1cccc(Oc2nc(Nc3ccc(N4CCN(C)CC4)cc3)nc3ccsc23)c1,-0.049635146,train,butina,9,,,,
CC#CC(=O)N1CC[C@@H](n2c(=O)n(-c3ccc(Oc4ccccc4)cc3)c3c(N)ncnc32)C1,0.935859798,train,butina,9,,,,
C=CC(=O)N1CCC([C@@H]2CCNc3c(C(N)=O)c(-c4ccc(Oc5ccccc5)cc4)nn32)CC1,0.968996327,train,butina,9,,,,
C=CC(=O)N1CCC[C@H](n2c(=O)n(-c3ccc(Oc4ccccc4)cc3)c3c(N)ncnc32)C1,0.983851719,train,butina,9,,,,
CC(C)(C=C(C#N)C(=O)N1CCC[C@@H](n2nc(-c3ccc(Oc4ccccc4)cc3F)c3c(N)ncnc32)C1)N1CCN(C2COC2)CC1,0.276231958,train,butina,9,,,,
CC#CC(=O)N1CC[C@@H](n2cc(-c3ccc(Oc4c(F)cccc4F)cc3)c3c(N)n[nH]c(=O)c32)C1,-0.073143291,train,butina,9,,,,
C=CC(=O)Nc1cccc(Oc2nc(Nc3ccc(N4CCN(C)CC4)c(F)c3)nc3[nH]ccc23)c1,0.039414119,train,butina,9,,,,
C[C@@H]1c2nnn(-c3ncc(F)cn3)c2CCN1C(=O)c1cccc(C(F)(F)F)c1Cl,0.969089603,train,butina,9,,,,
COc1ccccc1-c1cc(NC(=O)c2cccc(N3CCNC3=O)c2)[nH]n1,-0.397940009,train,butina,9,,,,
Nc1ncc(-c2cccc(C(F)(F)F)c2)c(C2CCCCN2C(=O)c2ccccc2)n1,-0.04431225,train,butina,9,,,,
O=C(Nc1cccc(-c2nncn2C2CC2)c1)c1cc(-n2cnc(C3CC3)c2)ccn1,0.262925469,train,butina,9,,,,
Fc1ccccc1-c1c[nH]nc1C1CCCN1Cc1ccc2ncccc2c1,0.545801757,train,butina,9,,,,
Cc1nccc(-c2cn(Cc3ccccc3)c3cnccc23)n1,1.122707254,train,butina,9,,,,
CCc1nc(C)cn2nc(-c3cc(=O)n4cc(C5CCN(C)CC5)cc(C)c4n3)cc12,0.868232868,train,butina,9,,,,
Nc1ncnc2c1c(-c1ccc(Oc3ccccc3)cc1)nn2[C@@H]1CCCNC1,0.956648579,train,butina,9,,,,
Cc1nnc(CN(C)CC(C)Oc2ccc(Cl)c(Cl)c2)n1C,0.926290987,train,butina,9,,,,
COc1nn(C)cc1C(=O)Nc1cccc(-c2cnc3n2CCC3)c1,0.866877814,train,butina,9,,,,
COc1cc(F)ccc1-c1ncnc(Nc2cccc(C[S@@](C)(=N)=O)c2)n1,1.594922663,train,butina,9,,,,
Cc1ncc(CN2CC[C@@H](Nc3cncc(Cl)n3)[C@@H](C)C2)s1,1.205461507,train,butina,9,,,,
Cc1ccc(C(=O)N2CCC(Cc3ccccc3-c3ccccc3)(C(=O)N(C)C)CC2)s1,-0.293282218,train,butina,9,,,,
C[C@@H]1CCN(C(=O)CC#N)C[C@@H]1N(C)c1ncnc2[nH]ccc12,1.991815076,train,butina,9,,,,
CN(C)C(=O)C1(Cc2ccccc2-c2ccccc2)CCN(C(=O)C2CCCO2)CC1,0.902546779,train,butina,9,,,,
CC(=O)Nc1ccc(C(=O)N2CCCCC2c2nc(N)ncc2-c2ccc(Cl)cc2)cc1,0.596926814,train,butina,9,,,,
CC(=O)Nc1ccc(C(=O)N2CCCCC2c2nc(N)ncc2-c2cccc(Cl)c2)cc1,0.520483533,train,butina,9,,,,
O=C1CN(c2ccc(Nc3nccc(C(F)(F)F)n3)cn2)CCN1,1.543819805,train,butina,9,,,,
O=C1NCCN(C(=O)c2ccc3nccn3c2)C1c1ccccc1C(F)(F)F,1.851001366,train,butina,9,,,,
Cc1cc(F)ccc1C1C(=O)NCCN1C(=O)c1ccc2nccn2c1,1.78096503,train,butina,9,,,,
O=C1NCCN(C(=O)c2ccncc2)C1c1ccccc1Cl,1.876996793,train,butina,9,,,,
C[C@H]1CN(C(=O)CC(c2ccccc2)c2ccccc2)C[C@@H](C)O1,1.188253327,train,butina,9,,,,
CN1[C@H]2CC[C@@H]1C[C@@H](OC(c1ccccc1)c1ccccc1)C2,1.106122874,train,butina,9,,,,
OC[C@H](Nc1cncc(-c2ccc3[nH]ncc3n2)c1)c1ccccc1,1.017826038,train,butina,9,,,,
Cc1ncsc1C(=O)N1CCCCC1c1nc(N(C)C)ncc1-c1cccc(Cl)c1,-0.083019953,train,butina,9,,,,
OCC1CCCCN1Cc1ccc(Cl)c(Cl)c1,1.390069186,train,butina,9,,,,
COc1ccccc1C(=O)Nc1ccc2cc[nH]c2c1,0.505149978,train,butina,9,,,,
c1ccc(Oc2cccc(CN(CCN3CCOCC3)Cc3cccnc3)c2)cc1,-0.222573178,train,butina,9,,,,
COc1ccc([C@H]2CN(C(C)=O)[C@@H]3CCCN(Cc4cccc(F)c4)[C@H]23)cc1,0.595385981,train,butina,9,,,,
Cc1c(C(=O)NCCCN(C)C)sc2ncnc(Nc3ccc(F)cc3OC(C)C)c12,0.741821047,train,butina,9,,,,
OCC1CCCCN1Cc1ccc(-c2ccccc2)cc1,1.368007805,train,butina,9,,,,
Nc1ncc(C(=O)NC2CN(C(=O)C3CC3)C2)c2ccc(-c3cccc(F)c3)nc12,0.623352682,train,butina,9,,,,
Cc1ncsc1C(=O)N1CCCCC1c1nc(N)ncc1-c1cccc(C(F)(F)F)c1,0.615318657,train,butina,9,,,,
O=C(Nc1ccc2ccccc2n1)c1ccc(N2CCOC2=O)cc1,0.449015316,train,butina,9,,,,
O=C(CCNC(=O)c1ccc(OC(F)(F)F)cc1)N[C@@H]1CCCc2ccccc21,0.526080692,train,butina,9,,,,
O=S(=O)(c1cccc2cnccc12)N1CCCNCC1,1.892077899,train,butina,9,,,,
C=CC(=O)Nc1cccc(Oc2nc(Nc3ccc(N4CCN(C)CC4)cc3)nc3ccoc23)c1,0.146128036,train,butina,9,,,,
CCN1CCN(S(=O)(=O)Cc2ccc(Cl)c(Cl)c2)CC1,1.249124949,train,butina,9,,,,
O=C(Nc1nc2cccc(-c3ccc(CN4CCS(=O)(=O)CC4)cc3)n2n1)C1CC1,1.681349797,train,butina,9,,,,
CCn1c(CO)nn(-c2cc(O[C@@H](C)C(F)(F)F)c(C(=O)Nc3c(F)cccc3Cl)cc2F)c1=O,0.975753389,train,butina,9,,,,
CCN(C/C=C\c1ccc(C2CCCCC2)c(Cl)c1)C1CCCCC1,-0.853871964,train,butina,9,,,,
NCCN1CCN(C/C=C/C(=O)N2CCC[C@@H](n3nc(-c4ccc(Oc5ccccc5)cc4)c4c(N)ncnc43)C2)CC1,0.699837726,train,butina,9,,,,
Cn1c(C2CC2)nc2c1CCN(c1ncnc3ccsc13)C2,1.237065953,train,butina,9,,,,
CC/C(=C(\c1ccccc1)c1ccc(OCCN(C)C)cc1)c1ccccc1,-0.580044252,train,butina,9,,,,
COc1nn(C)cc1C(=O)Nc1cccc2cnccc12,1.504729052,train,butina,9,,,,
Cc1ncc(CN2CCC(Nc3ccc4nnnn4n3)C(C)C2)s1,1.652285029,train,butina,9,,,,
Cc1nc(Nc2nccs2)cc(C2CN(c3ncccn3)C2)n1,0.444669231,train,butina,9,,,,
COc1ccc(Nc2c(C#N)cnc3cc(OC)c(OC)cc23)cc1Cl,-0.033858267,train,butina,9,,,,
Cc1noc(C(C)C)c1C(=O)N1CC(C)OC(c2ccccc2)C1,1.180469962,train,butina,9,,,,
CCC1=C(C)CN(C(=O)NCCc2ccc(S(=O)(=O)NC(=O)N[C@H]3CC[C@H](C)CC3)cc2)C1=O,-1.180456064,train,butina,9,,,,
O=S(=O)(c1cccc2c(O)nccc12)N1CCCNCC1,1.850223373,train,butina,9,,,,
CN(C)C(=O)C1(Cc2ccccc2-c2cccc(F)c2)CCN(C(=O)C2CC=CCC2)CC1,-0.104025268,train,butina,9,,,,
COc1ccc(CNC(=O)c2sc3nc(C)cc(C)c3c2N)cc1,-0.356547324,train,butina,9,,,,
C#C[C@@](C)(CC)NC(=O)c1cc(F)cnc1NC1CC(F)(F)C1,0.671265433,train,butina,9,,,,
Cn1cc(Nc2nc(N)nc(-c3cccc(-n4ccc5cc(C6CC6)cc(F)c5c4=O)c3CO)n2)cn1,0.850401148,train,butina,9,,,,
Cc1cnc(C(=O)NCCc2ccc(S(=O)(=O)NC(=O)NC3CCCCC3)cc2)cn1,0.01745073,train,butina,9,,,,
CC(=O)Nc1ncc(CN2CCCC[C@@H]2C)s1,2.0,train,butina,9,,,,
O=C1CCCC[C@@H]2[C@H](C[C@@H](Cc3ccccc3F)N2C(=O)c2cccc3ncccc23)N1,1.277998644,train,butina,9,,,,
CC(O)(C#Cc1ccc2c(c1)N(c1nc(N)ncc1Cl)CC2)c1nccs1,-0.122628654,train,butina,9,,,,
Cc1[nH]nc2c1C1(CCCCC1)CC(=O)N2,1.323066376,train,butina,9,,,,
Cc1oc2ccccc2c1CNc1nnc(-c2ccncc2)o1,0.717254313,train,butina,9,,,,
O=C(Nc1cccc2ncccc12)[C@H]1CCCN(S(=O)(=O)c2ccccc2)C1,1.222560409,train,butina,9,,,,
C[C@@H]1Cc2ccccc2N1C(=O)Cn1nc(-c2cccc3ncccc23)oc1=O,0.224014811,train,butina,9,,,,
Nc1ncnc2c1c(-c1cnc3[nH]ccc3c1)nn2C1CCCC1,0.862608364,train,butina,9,,,,
O=C(Nc1cnccc1-c1ccc(Cl)cc1)c1ccnc(NC(=O)C2CC2)c1,0.369957607,train,butina,9,,,,
CN1C(N)=N[C@](C)(c2cc(NC(=O)c3ccc(F)cn3)ccc2F)CS1(=O)=O,1.560468571,train,butina,9,,,,
CC1CN(C(=O)c2cccnc2N2CCOCC2)CC(c2ccccc2)O1,1.573185017,train,butina,9,,,,
CCCCNC(=O)NS(=O)(=O)c1ccc(C)cc1,0.439332694,train,butina,9,,,,
Cc1cc(Nc2cnccn2)cc(C2CCCN(CC(=O)N3CCCC3)C2)n1,1.642246824,train,butina,9,,,,
Cc1cccnc1Nc1cccc(C2CCCN(CC(=O)Nc3nccs3)C2)n1,0.180699201,train,butina,9,,,,
CN(C)C(=O)C1(Cc2ccccc2-c2ccccc2)CCN(C(=O)c2cnn(C)c2)CC1,1.041353202,train,butina,9,,,,
CN1CCN(S(=O)(=O)c2ccc(-c3cnc(N)c(C(=O)Nc4cccnc4)n3)cc2)CC1,1.078638038,train,butina,9,,,,
CNC(=O)C1(Cc2ccc(-c3cccnc3)cc2)CCN(Cc2ccccc2Cl)C1,0.387567779,train,butina,9,,,,
Cc1cc(N2CCCC2c2cc(CCC(=O)O)cc(C)n2)ncn1,2.0,train,butina,9,,,,
CCCNC(=O)NS(=O)(=O)c1ccc(Cl)cc1,0.969835093,train,butina,9,,,,
O=C(CN1CCCC(c2cccc(Cc3cccc(F)c3)n2)C1)N1CCCC1,1.062130535,train,butina,9,,,,
COc1cc2ncnc(Nc3cccc(O)c3)c2cc1OC,0.994317153,train,butina,9,,,,
Cc1cc(C)c2c(N)c(C(=O)NCc3ccc(Cl)cc3)sc2n1,-0.370590401,train,butina,9,,,,
COCCNC(=O)c1ccnc(C2CCNCC2)c1,2.0,train,butina,9,,,,
COc1nc2sc(C(=O)NC3CC3)c(N)c2c(C)c1Cl,0.245512668,train,butina,9,,,,
CC1(CNC(=O)c2cncc(C3CCNCC3)n2)CCCO1,1.988550039,train,butina,9,,,,
Cc1cc(N2CCCC2)nc(C2CCCN(C)C2)n1,2.0,train,butina,9,,,,
C[C@H]1CN(C2COC2)CCN1c1ccc(Nc2cc(-c3ccnc(N4CCn5c(cc6c5CC(C)(C)C6)C4=O)c3CO)cn(C)c2=O)nc1,1.209139536,train,butina,9,,,,
C=CC(=O)Nc1cccc(Nc2nc(Nc3ccc(Oc4ccnc(C(=O)NC)c4)cc3)ncc2F)c1,-0.403402904,train,butina,9,,,,
C=CC(=O)N(C)CCOc1c(N)ncnc1-c1cc(F)cc(NC(=O)c2ccc(C3CC3)cc2F)c1C,0.838502776,train,butina,9,,,,
Cc1c[nH]c(=O)n1-c1ccc(C(=O)Nc2ccc3ccccc3n2)cc1,0.639386869,train,butina,9,,,,
CNC(=O)c1cccc(NC(=O)N2CCC(Oc3ccccc3Cl)CC2)c1,1.068760828,train,butina,9,,,,
COc1ccc(OCC(=O)Nc2cccc(Cl)c2N2CCN(C(C)=O)CC2)cc1,0.700790221,train,butina,9,,,,
c1ccc(-c2ccc(CN3CCCCCCC3)cc2)cc1,-0.614393726,train,butina,9,,,,
CC(=O)N1CCN(c2c(Cl)cccc2NC(=O)COc2ccccc2Cl)CC1,0.256958153,train,butina,9,,,,
CCC(=O)N1CCN(c2ccc(Cl)cc2NC(=O)COc2ccccc2)CC1,0.250420002,train,butina,9,,,,
Cc1ccc(Oc2ccc(Cl)cc2NC(=O)CN(C)CC(=O)N(C)C)cc1,-0.053056729,train,butina,9,,,,
N#Cc1cc(F)c(NS(=O)(=O)c2c[nH]c3cc(Cl)ccc23)cc1F,-0.026872146,train,butina,9,,,,
COc1cc2c(cc1OC)CN(CCc1ccc(NC(=O)c3cccc4c(O)c5cccc(OC)c5nc34)cc1)CC2,-1.207608311,train,butina,9,,,,
CCCc1nc2nc(C)c(NS(=O)(=O)c3ccc(C4CCCCC4)cc3)c(O)n2n1,-0.218963061,train,butina,9,,,,
COc1ccc([C@H]2c3[nH]c4ccc(Cl)cc4c3CCN2C(=O)Oc2ccc(Cl)cc2)cc1,1.51293775,train,butina,9,,,,
O=C(NC1CCNCC1)c1ccc2[nH]ncc2c1,1.842696589,train,butina,9,,,,
Cc1cccc(/C=N/Nc2cc(N3CCOCC3)nc(OCCc3ccccn3)n2)c1,-0.548213564,train,butina,9,,,,
CCn1c(=O)oc2cc(NC(=O)c3ccc(C(C)(C)C)cc3)ccc21,0.21005085,train,butina,9,,,,
COc1ccc(OC[C@@H]2c3cc(OC)c(OC)cc3CCN2C(=O)c2cccc(Cl)c2)cc1,-0.116906641,train,butina,9,,,,
N#Cc1ccc(COc2cccc(C3CCN(Cc4nc5ccc(C(=O)O)cc5n4C[C@@H]4CCO4)CC3)n2)c(F)c1,0.402433346,train,butina,9,,,,
CC(C)[C@H](CO)Nc1nc(Nc2cc(N)cc(Cl)c2)c2ncn(C(C)C)c2n1,-0.061980903,train,butina,9,,,,
O=C(NC1CCNCC1)c1ccc2cn[nH]c2c1,2.0,train,butina,9,,,,
CC(C)(C)OC(=O)N1CCCC1C(=O)N1CCC(C(=O)N[C@@H](Cc2c[nH]c3ccccc23)C(=O)O)CC1,1.691832676,train,butina,9,,,,
O=C(Nc1cccc2c(=O)cc(-c3nnn[nH]3)oc12)c1ccc(OCCCCc2ccccc2)cc1,0.582744966,train,butina,9,,,,
CC(=O)Nc1ncc(C(=O)O)s1,1.81935965,train,butina,9,,,,
Cc1cccc(-c2nc(C34CCC(C(N)=O)(CC3)CC4)[nH]c2-c2ccc3c(c2)OCO3)n1,1.02011257,train,butina,9,,,,
COc1cc2nc(-c3cc(F)ccc3O)nc(N[C@@H]3CNC[C@H]3C(C)(C)O)c2cc1OC.Cl,-1.119186408,train,butina,9,,,,
CC(C)[C@@](C)(O)[C@@H]1CN(c2nc(-c3n[nH]c4ncccc34)c(F)cc2Cl)CCN1,1.302460808,train,butina,9,,,,
Cc1cn2nc(-c3cc(=O)n4cc(N5CCNC6(CC6)C5)ccc4n3)cc(C)c2n1,0.985246791,train,butina,9,,,,
CCCS(=O)(=O)Nc1ccc(F)c(C(=O)c2c[nH]c3ncc(-c4ccc(Cl)cc4)cc23)c1F,-1.59345982,train,butina,9,,,,
Cc1ccc(OCC2(O)CCN(CC3(O)CCN(c4ccccc4C)CC3)CC2)cc1,-0.040481623,train,butina,9,,,,
CN(C(=O)c1cc(N2CCNC2=O)ccc1F)C1CCNC1,1.885728632,train,butina,9,,,,
O=C(Nc1cccc(N2CCNC2=O)c1)C1NCC12CCCC2,1.718202645,train,butina,9,,,,
NCC1CCCC1NC(=O)c1cc(N2CCNC2=O)ccc1F,1.87495702,train,butina,9,,,,
O=C(NCCc1ccccc1)c1ccc(NC(=O)N2CCCCc3ccccc32)cc1,0.075911761,train,butina,9,,,,
CC(C)(C)c1ccc(C(O)CN2CCC(O)(c3ccc4c(c3)OCO4)CC2)cc1,0.779018972,train,butina,9,,,,
NC[C@H]1CC[C@@H](C(=O)Nc2ccc3[nH]ncc3c2)O1,1.981999714,train,butina,9,,,,
CN(C(=O)c1cc(N2CCNC2=O)ccc1F)C1CCC(N)CC1,1.828717885,train,butina,9,,,,
NC1CCCC(C(=O)Nc2ccc3[nH]ncc3c2)C1,2.0,train,butina,9,,,,
NC1CC(NC(=O)c2ccc(-c3cn[nH]c3)cn2)C12CCC2,1.709702344,train,butina,9,,,,
NC1CCCC(C(=O)N2CCC(c3c[nH]c4ncccc34)CC2)C1,1.752816431,train,butina,9,,,,
O=C(NC12CCCC1NCC2)c1ccc(-c2cn[nH]c2)cc1,2.0,train,butina,9,,,,
Cc1nc2cc(C(=O)NC34CCCC3NCC4)ccc2c(=O)[nH]1,1.866494097,train,butina,9,,,,
CNc1nc(C)cc(C(=O)Nc2ccc3[nH]ncc3c2)n1,1.493625323,train,butina,9,,,,
NC(=O)c1cnc(N2CCc3[nH]nc(C(F)(F)F)c3C2)c(Cl)c1,0.986009932,train,butina,9,,,,
NC1CCCC(C(=O)Nc2cccc(N3CCNC3=O)c2)C1,1.763113391,train,butina,9,,,,
CC1CC(N)CCN1C(=O)c1cc(N2CCNC2=O)c(F)cc1F,1.833504094,train,butina,9,,,,
c1sc(NCC2CCCO2)nc1C12CC3CC(CC(C3)C1)C2,-1.096910013,train,butina,9,,,,
Fc1ccc(-c2ccc3c(c2)[nH]c2ccncc23)cn1,0.653405491,test,butina,9,1.0158178689300004,0.6867136265700001,0.4277008867700001,0.5557014509099999
CC(C)(C)c1ccc(-c2nc3n(c(=O)c2C#N)CCS3)cc1,0.731266349,test,butina,9,0.7692520574800004,0.72972538337,0.5050654782600003,0.47037885097
Cc1c(Cl)ccc2cc3n(c12)[C@@H](C)CNC3=O,0.328379603,test,butina,9,1.3094515234300002,1.3077177657700008,0.4198494529900003,1.1252870888000002
CCc1nc2c(C)cc(N3CCN(CC(=O)N4CC(O)C4)CC3)cn2c1N(C)c1nc(-c2ccc(F)cc2)c(C#N)s1,-0.204728421,test,butina,9,0.8491519065499997,0.3115220389199999,0.47893146146000004,0.3194102601399998
CC(C)(C)C(=O)N1CCC(Cc2ccc(-c3cccs3)cc2)(C(=O)N2CCCC2)CC1,-0.1837587,test,butina,9,0.4991470791000001,0.7272502213799997,0.4796533084900001,0.09251659396000003
CC(=O)N1CCN(c2nc(C(F)(F)F)nc3sc(C)c(C)c23)CC1,0.13481437,test,butina,9,0.84476008638,1.1398765758100007,0.5686568937500001,0.65895522607
CC1(C)CC(Oc2ccc(-c3ccc(-c4cn[nH]c4)cc3O)nn2)CC(C)(C)N1,1.199947058,test,butina,9,0.8145080679200004,0.63729905686,0.81595157654,0.5711729346000002
Cc1nnc(-c2ccc3occ(-c4ccc(S(C)=O)cc4)c3c2)o1,0.193402903,test,butina,9,0.6608737446900003,0.39367806797000016,0.49065222763,0.3127401627000001
CNC(=O)C1(Cc2ccc(-c3ccncc3)cc2)CCN(Cc2cccc(F)c2)C1,1.10503305,test,butina,9,0.5432974641800004,0.4550438568700001,0.47583079628999997,0.6866318117900003
COc1ccc(CCCN2CCN(c3cnn(C)c3)C(=O)C2)cc1F,1.343408594,test,butina,9,0.6944666062,1.3856705116200003,0.9015989403900003,1.08793368505
CN(Cc1ccccc1)C1(C(=O)N2CCNC(=O)CC2)Cc2ccccc2C1,0.904931827,test,butina,9,1.1322419797400003,0.8479957515100002,0.79026604462,1.5884633465999993
Cc1c(F)cccc1NC(=O)CN1[C@H]2CCCC(=O)N[C@@]2(C)C[C@H]1Cc1ccccc1,0.595275712,test,butina,9,1.21765807959,0.7994455675100001,0.50449865979,0.66480836172
Cc1ccc(NC(=O)CN2[C@H]3CCCC(=O)N[C@@]3(C)C[C@H]2Cc2ccccc2)cc1F,-0.137272472,test,butina,9,1.05740950197,0.8705367188099997,0.7938230394000003,0.66997548799
COCC(=O)N1CCC(Cc2ccccc2-c2cccc(F)c2)(C(=O)NC(C)C)CC1,0.596597096,test,butina,9,0.2692890727399999,0.37223213151,0.41468225366,0.6183099683300002
CNC(=O)C1(Cc2ccc(-c3cccnc3)cc2)CCN(Cc2ccc(F)cc2)C1,1.021602716,test,butina,9,0.5641812477300004,0.43308517013000025,0.53291620561,0.6566685155700004
CNC(=O)C1(Cc2ccc(-c3cccnc3)cc2)CCN(Cc2cccc(F)c2)C1,0.829753919,test,butina,9,0.6273922756400004,0.4731686346300002,0.4606981112600001,0.6748466487600004
CCOc1cc(CC(=O)N[C@@H](CC(C)C)c2ccccc2N2CCCCC2)ccc1C(=O)O,0.106870544,test,butina,9,0.10744385049000003,0.4867667156000001,0.42218810727000017,0.06775839955000004
COCCc1noc(CN2CC(c3ccccc3)(c3ccccc3)CCC2=O)n1,1.167051359,test,butina,9,0.5539715217600001,0.6227326387100001,0.7246903598400002,0.76668867927
CC1(C)CC(=O)C2=C(C1)NC(=O)CC2c1ccc(Br)cc1,1.159236233,test,butina,9,1.3915814653700003,0.7473250710400002,0.7402097582200003,0.6810758271000004
O=C1NCCSc2c1sc1ccc(O)cc21,0.891593204,test,butina,9,1.34195320689,1.01761557711,0.5668841004200003,1.1165544022400007
CCn1cc(C(=O)O)c(=O)c2c(N)c(F)c(NC3CCCCC3)cc21,0.427486109,test,butina,9,0.5506227398300004,0.6609904585500003,0.6594315389400001,0.3708025341499999
CC#CC(=O)N1CCC[C@@H]1c1nc(-c2ccc(C(=O)Nc3ccccn3)cc2)c2c(N)nccn12,0.975868182,test,butina,9,0.73942900188,0.6904943775300002,0.911416006,0.41161727930999986
CC(=O)NCCNc1cc(Cl)nn2c(-c3cccc(S(=O)(=O)N(C)C)c3)c(C)nc12,0.681693392,test,butina,9,0.54259450704,0.8079111227500007,0.38008756930999993,0.8266022293400002
CC1(C)Cc2cc(NC(=O)c3cnn4cccnc34)c(OCC3CC3)nc2O1,-0.199970641,test,butina,9,0.9302318221799999,0.8168663385800001,0.9504411019100003,1.0356438653300004
NC(=O)C1(Cc2ccc(-c3ccncc3)cc2)CCN(C(=O)Cc2cccc(F)c2)CC1,1.006508828,test,butina,9,0.69385958746,0.5418516471100002,0.47704402827,0.7420546593700004
CC(=O)Nc1ccc(O)cc1,1.887859133,test,butina,9,0.7751680794200003,1.0902698793800005,0.39313023152,1.4586777235200006
Cc1nnc(-c2ccc(N3CCC(Oc4cc(F)ccc4Cl)CC3)nn2)o1,0.161068385,test,butina,9,1.0143833151300006,0.6841603384700001,0.7913796667400003,0.6431354778200001
Cn1c(-c2n[nH]c3c2CCCC3)nnc1N1CCC2(CNC(=O)C2)C1,1.792986685,test,butina,9,0.6574874903200001,1.4123739255199999,1.3751173804500005,1.6083322617299998
Cc1nnc(-c2ccc(N3CCC(Oc4ccccc4C(F)(F)F)CC3)nn2)s1,-0.906578315,test,butina,9,1.2360239588600006,0.8447148953999998,0.5095013751600003,0.4945946209800001
NC1CCCC1C(=O)N1CCC(c2c[nH]c3ncccc23)CC1,1.71701274,test,butina,9,1.4307671991100006,1.6313246973100013,1.6921388493500005,1.8008612704300007
NC1CCC(C(=O)N2CCC(c3c[nH]c4ncccc34)CC2)C1,1.917395215,test,butina,9,1.467993978590001,1.6978429511800004,1.5439878928700004,1.7895039196800013
O=C(Nc1ccc(CN2CCCCC2)cc1)c1ccnc2[nH]cnc12,1.767526899,test,butina,9,0.3088956097600001,0.7958442699899999,0.9769991242500005,0.66066540808
CCc1c[nH]c2ncnc(N3CCC(CN4CCN(C)CC4)CC3)c12,1.728012707,test,butina,9,1.0830962881300001,1.27672563428,1.2705557759600006,1.6366425448200008
CCOc1cc2nn(CCC(C)(C)O)cc2cc1NC(=O)c1cccc(C(F)F)n1,0.099680641,train,random,10,,,,
CN(c1ncc(F)cn1)[C@H]1CCCNC1,2.0,train,random,10,,,,
CC(C)(Oc1ccc(-c2cnc(N)c(-c3ccc(Cl)cc3)c2)cc1)C(=O)O,-1.158015195,train,random,10,,,,
CC(C)(O)CCn1cc2cc(NC(=O)c3cccc(C(F)(F)F)n3)c(C(C)(C)O)cc2n1,1.015611205,train,random,10,,,,
COc1ccc(Cl)cc1C(=O)NCCc1ccc(S(=O)(=O)NC(=O)NC2CCCCC2)cc1,-0.91721463,train,random,10,,,,
C=CC(=O)N1CCC[C@@H](n2nc(-c3ccc(Oc4ccccc4)cc3)c3c(N)ncnc32)C1,0.62603,train,random,10,,,,
CC(C)NC(=O)COc1cccc(-c2nc(Nc3ccc4[nH]ncc4c3)c3ccccc3n2)c1,-1.384078213,train,random,10,,,,
CCS(=O)(=O)N1CC(CC#N)(n2cc(-c3ncnc4[nH]ccc34)cn2)C1,1.378597739,train,random,10,,,,
COc1ccc(S(=O)(=O)N2CCC(N3CCC(C)CC3)CC2)cc1,1.729799023,train,random,10,,,,
CCn1c(-c2nonc2N)nc2cnc(Oc3cccc(NC(=O)c4ccc(OCCN5CCOCC5)cc4)c3)cc21,-0.449771647,train,random,10,,,,
Cc1c[nH]c2nccc(Oc3c(F)cc(Nc4cc(Cl)nc(N)n4)cc3F)c12,-1.22184875,train,random,10,,,,
CCCc1cc(N2CCc3c(nc(C4CC4)n3C)C2)n2ncnc2n1,1.677187053,train,random,10,,,,
Fc1ccc(-c2ccc3c(c2)[nH]c2ccncc23)cn1,0.653405491,train,random,10,,,,
Nc1c(F)ccc2cnc(-n3ccc4ccncc43)cc12,0.713910354,train,random,10,,,,
[2H]C([2H])([2H])NC(=O)c1nnc(NC(=O)C2CC2)cc1Nc1cccc(-c2ncn(C)n2)c1OC,1.186566481,train,random,10,,,,
C=CC(=O)N1CCC(CNc2ncnc(N)c2-c2ccc(Oc3ccccc3)cc2)CC1,0.752995432,train,random,10,,,,
Nc1n[nH]cc1-c1cc(Cl)ccc1Oc1cc(F)c(S(=O)(=O)Nc2cscn2)cc1Cl,-0.354577731,train,random,10,,,,
Cc1c(-c2c(F)cc(C(N)=O)c3[nH]c4c(c23)CC[C@H](C(C)(C)O)C4)cccc1-n1c(=O)c2cccc(F)c2n(C)c1=O,0.436162647,train,random,10,,,,
O=C(c1ccc(Oc2ccccc2)cc1Cl)c1c[nH]c2ncnc(N[C@@H]3CC[C@@H](CO)OC3)c12,-0.467245621,train,random,10,,,,
N#CC[C@H](C1CCCC1)n1cc(-c2ncnc3[nH]ccc23)cn1,0.630986911,train,random,10,,,,
CC(C)(C)c1ccc(-c2nc3n(c(=O)c2C#N)CCS3)cc1,0.731266349,train,random,10,,,,
C=CC(=O)Nc1cccc(Oc2nc(Nc3ccc(N4CCN(C)CC4)cc3)nc3ccsc23)c1,-0.049635146,train,random,10,,,,
C=CC(=O)N1CCC([C@@H]2CCNc3c(C(N)=O)c(-c4ccc(Oc5ccccc5)cc4)nn32)CC1,0.968996327,train,random,10,,,,
C=CC(=O)N1CCC[C@H](n2c(=O)n(-c3ccc(Oc4ccccc4)cc3)c3c(N)ncnc32)C1,0.983851719,train,random,10,,,,
CC(C)(C=C(C#N)C(=O)N1CCC[C@@H](n2nc(-c3ccc(Oc4ccccc4)cc3F)c3c(N)ncnc32)C1)N1CCN(C2COC2)CC1,0.276231958,train,random,10,,,,
CC#CC(=O)N1CC[C@@H](n2cc(-c3ccc(Oc4c(F)cccc4F)cc3)c3c(N)n[nH]c(=O)c32)C1,-0.073143291,train,random,10,,,,
C=CC(=O)Nc1cccc(Oc2nc(Nc3ccc(N4CCN(C)CC4)c(F)c3)nc3[nH]ccc23)c1,0.039414119,train,random,10,,,,
C[C@@H]1c2nnn(-c3ncc(F)cn3)c2CCN1C(=O)c1cccc(C(F)(F)F)c1Cl,0.969089603,train,random,10,,,,
COc1ccccc1-c1cc(NC(=O)c2cccc(N3CCNC3=O)c2)[nH]n1,-0.397940009,train,random,10,,,,
Nc1ncc(-c2cccc(C(F)(F)F)c2)c(C2CCCCN2C(=O)c2ccccc2)n1,-0.04431225,train,random,10,,,,
O=C(Nc1cccc(-c2nncn2C2CC2)c1)c1cc(-n2cnc(C3CC3)c2)ccn1,0.262925469,train,random,10,,,,
Fc1ccccc1-c1c[nH]nc1C1CCCN1Cc1ccc2ncccc2c1,0.545801757,train,random,10,,,,
Cc1nccc(-c2cn(Cc3ccccc3)c3cnccc23)n1,1.122707254,train,random,10,,,,
Nc1ncnc2c1c(-c1ccc(Oc3ccccc3)cc1)nn2[C@@H]1CCCNC1,0.956648579,train,random,10,,,,
Cc1nnc(CN(C)CC(C)Oc2ccc(Cl)c(Cl)c2)n1C,0.926290987,train,random,10,,,,
COc1nn(C)cc1C(=O)Nc1cccc(-c2cnc3n2CCC3)c1,0.866877814,train,random,10,,,,
COc1cc(F)ccc1-c1ncnc(Nc2cccc(C[S@@](C)(=N)=O)c2)n1,1.594922663,train,random,10,,,,
Cc1ncc(CN2CC[C@@H](Nc3cncc(Cl)n3)[C@@H](C)C2)s1,1.205461507,train,random,10,,,,
Cc1ccc(C(=O)N2CCC(Cc3ccccc3-c3ccccc3)(C(=O)N(C)C)CC2)s1,-0.293282218,train,random,10,,,,
CCc1nc2c(C)cc(N3CCN(CC(=O)N4CC(O)C4)CC3)cn2c1N(C)c1nc(-c2ccc(F)cc2)c(C#N)s1,-0.204728421,train,random,10,,,,
CN(C)C(=O)C1(Cc2ccccc2-c2ccccc2)CCN(C(=O)C2CCCO2)CC1,0.902546779,train,random,10,,,,
CC(=O)Nc1ccc(C(=O)N2CCCCC2c2nc(N)ncc2-c2ccc(Cl)cc2)cc1,0.596926814,train,random,10,,,,
CC(=O)Nc1ccc(C(=O)N2CCCCC2c2nc(N)ncc2-c2cccc(Cl)c2)cc1,0.520483533,train,random,10,,,,
O=C1NCCN(C(=O)c2ccc3nccn3c2)C1c1ccccc1C(F)(F)F,1.851001366,train,random,10,,,,
Cc1cc(F)ccc1C1C(=O)NCCN1C(=O)c1ccc2nccn2c1,1.78096503,train,random,10,,,,
O=C1NCCN(C(=O)c2ccncc2)C1c1ccccc1Cl,1.876996793,train,random,10,,,,
C[C@H]1CN(C(=O)CC(c2ccccc2)c2ccccc2)C[C@@H](C)O1,1.188253327,train,random,10,,,,
CC(C)(C)C(=O)N1CCC(Cc2ccc(-c3cccs3)cc2)(C(=O)N2CCCC2)CC1,-0.1837587,train,random,10,,,,
OC[C@H](Nc1cncc(-c2ccc3[nH]ncc3n2)c1)c1ccccc1,1.017826038,train,random,10,,,,
Cc1ncsc1C(=O)N1CCCCC1c1nc(N(C)C)ncc1-c1cccc(Cl)c1,-0.083019953,train,random,10,,,,
OCC1CCCCN1Cc1ccc(Cl)c(Cl)c1,1.390069186,train,random,10,,,,
CC(=O)N1CCN(c2nc(C(F)(F)F)nc3sc(C)c(C)c23)CC1,0.13481437,train,random,10,,,,
c1ccc(Oc2cccc(CN(CCN3CCOCC3)Cc3cccnc3)c2)cc1,-0.222573178,train,random,10,,,,
COc1ccc([C@H]2CN(C(C)=O)[C@@H]3CCCN(Cc4cccc(F)c4)[C@H]23)cc1,0.595385981,train,random,10,,,,
Cc1c(C(=O)NCCCN(C)C)sc2ncnc(Nc3ccc(F)cc3OC(C)C)c12,0.741821047,train,random,10,,,,
OCC1CCCCN1Cc1ccc(-c2ccccc2)cc1,1.368007805,train,random,10,,,,
Nc1ncc(C(=O)NC2CN(C(=O)C3CC3)C2)c2ccc(-c3cccc(F)c3)nc12,0.623352682,train,random,10,,,,
CC1(C)CC(Oc2ccc(-c3ccc(-c4cn[nH]c4)cc3O)nn2)CC(C)(C)N1,1.199947058,train,random,10,,,,
Cc1nnc(-c2ccc3occ(-c4ccc(S(C)=O)cc4)c3c2)o1,0.193402903,train,random,10,,,,
Cc1ncsc1C(=O)N1CCCCC1c1nc(N)ncc1-c1cccc(C(F)(F)F)c1,0.615318657,train,random,10,,,,
O=C(Nc1ccc2ccccc2n1)c1ccc(N2CCOC2=O)cc1,0.449015316,train,random,10,,,,
O=S(=O)(c1cccc2cnccc12)N1CCCNCC1,1.892077899,train,random,10,,,,
C=CC(=O)Nc1cccc(Oc2nc(Nc3ccc(N4CCN(C)CC4)cc3)nc3ccoc23)c1,0.146128036,train,random,10,,,,
CCN1CCN(S(=O)(=O)Cc2ccc(Cl)c(Cl)c2)CC1,1.249124949,train,random,10,,,,
O=C(Nc1nc2cccc(-c3ccc(CN4CCS(=O)(=O)CC4)cc3)n2n1)C1CC1,1.681349797,train,random,10,,,,
CCn1c(CO)nn(-c2cc(O[C@@H](C)C(F)(F)F)c(C(=O)Nc3c(F)cccc3Cl)cc2F)c1=O,0.975753389,train,random,10,,,,
CCN(C/C=C\c1ccc(C2CCCCC2)c(Cl)c1)C1CCCCC1,-0.853871964,train,random,10,,,,
NCCN1CCN(C/C=C/C(=O)N2CCC[C@@H](n3nc(-c4ccc(Oc5ccccc5)cc4)c4c(N)ncnc43)C2)CC1,0.699837726,train,random,10,,,,
Cn1c(C2CC2)nc2c1CCN(c1ncnc3ccsc13)C2,1.237065953,train,random,10,,,,
CC/C(=C(\c1ccccc1)c1ccc(OCCN(C)C)cc1)c1ccccc1,-0.580044252,train,random,10,,,,
COc1nn(C)cc1C(=O)Nc1cccc2cnccc12,1.504729052,train,random,10,,,,
CNC(=O)C1(Cc2ccc(-c3ccncc3)cc2)CCN(Cc2cccc(F)c2)C1,1.10503305,train,random,10,,,,
Cc1ncc(CN2CCC(Nc3ccc4nnnn4n3)C(C)C2)s1,1.652285029,train,random,10,,,,
COc1ccc(Nc2c(C#N)cnc3cc(OC)c(OC)cc23)cc1Cl,-0.033858267,train,random,10,,,,
COc1ccc(CCCN2CCN(c3cnn(C)c3)C(=O)C2)cc1F,1.343408594,train,random,10,,,,
Cc1noc(C(C)C)c1C(=O)N1CC(C)OC(c2ccccc2)C1,1.180469962,train,random,10,,,,
CN(Cc1ccccc1)C1(C(=O)N2CCNC(=O)CC2)Cc2ccccc2C1,0.904931827,train,random,10,,,,
Cc1c(F)cccc1NC(=O)CN1[C@H]2CCCC(=O)N[C@@]2(C)C[C@H]1Cc1ccccc1,0.595275712,train,random,10,,,,
CCC1=C(C)CN(C(=O)NCCc2ccc(S(=O)(=O)NC(=O)N[C@H]3CC[C@H](C)CC3)cc2)C1=O,-1.180456064,train,random,10,,,,
O=S(=O)(c1cccc2c(O)nccc12)N1CCCNCC1,1.850223373,train,random,10,,,,
CN(C)C(=O)C1(Cc2ccccc2-c2cccc(F)c2)CCN(C(=O)C2CC=CCC2)CC1,-0.104025268,train,random,10,,,,
COc1ccc(CNC(=O)c2sc3nc(C)cc(C)c3c2N)cc1,-0.356547324,train,random,10,,,,
C#C[C@@](C)(CC)NC(=O)c1cc(F)cnc1NC1CC(F)(F)C1,0.671265433,train,random,10,,,,
Cn1cc(Nc2nc(N)nc(-c3cccc(-n4ccc5cc(C6CC6)cc(F)c5c4=O)c3CO)n2)cn1,0.850401148,train,random,10,,,,
CNC(=O)C1(Cc2ccc(-c3cccnc3)cc2)CCN(Cc2ccc(F)cc2)C1,1.021602716,train,random,10,,,,
CNC(=O)C1(Cc2ccc(-c3cccnc3)cc2)CCN(Cc2cccc(F)c2)C1,0.829753919,train,random,10,,,,
CC(=O)Nc1ncc(CN2CCCC[C@@H]2C)s1,2.0,train,random,10,,,,
CCOc1cc(CC(=O)N[C@@H](CC(C)C)c2ccccc2N2CCCCC2)ccc1C(=O)O,0.106870544,train,random,10,,,,
CC(O)(C#Cc1ccc2c(c1)N(c1nc(N)ncc1Cl)CC2)c1nccs1,-0.122628654,train,random,10,,,,
Cc1oc2ccccc2c1CNc1nnc(-c2ccncc2)o1,0.717254313,train,random,10,,,,
O=C(Nc1cccc2ncccc12)[C@H]1CCCN(S(=O)(=O)c2ccccc2)C1,1.222560409,train,random,10,,,,
C[C@@H]1Cc2ccccc2N1C(=O)Cn1nc(-c2cccc3ncccc23)oc1=O,0.224014811,train,random,10,,,,
O=C(Nc1cnccc1-c1ccc(Cl)cc1)c1ccnc(NC(=O)C2CC2)c1,0.369957607,train,random,10,,,,
CN1C(N)=N[C@](C)(c2cc(NC(=O)c3ccc(F)cn3)ccc2F)CS1(=O)=O,1.560468571,train,random,10,,,,
CC1CN(C(=O)c2cccnc2N2CCOCC2)CC(c2ccccc2)O1,1.573185017,train,random,10,,,,
Cc1cc(Nc2cnccn2)cc(C2CCCN(CC(=O)N3CCCC3)C2)n1,1.642246824,train,random,10,,,,
CN(C)C(=O)C1(Cc2ccccc2-c2ccccc2)CCN(C(=O)c2cnn(C)c2)CC1,1.041353202,train,random,10,,,,
CC1(C)CC(=O)C2=C(C1)NC(=O)CC2c1ccc(Br)cc1,1.159236233,train,random,10,,,,
CN1CCN(S(=O)(=O)c2ccc(-c3cnc(N)c(C(=O)Nc4cccnc4)n3)cc2)CC1,1.078638038,train,random,10,,,,
CNC(=O)C1(Cc2ccc(-c3cccnc3)cc2)CCN(Cc2ccccc2Cl)C1,0.387567779,train,random,10,,,,
Cc1cc(N2CCCC2c2cc(CCC(=O)O)cc(C)n2)ncn1,2.0,train,random,10,,,,
O=C(CN1CCCC(c2cccc(Cc3cccc(F)c3)n2)C1)N1CCCC1,1.062130535,train,random,10,,,,
COc1cc2ncnc(Nc3cccc(O)c3)c2cc1OC,0.994317153,train,random,10,,,,
Cc1cc(C)c2c(N)c(C(=O)NCc3ccc(Cl)cc3)sc2n1,-0.370590401,train,random,10,,,,
COCCNC(=O)c1ccnc(C2CCNCC2)c1,2.0,train,random,10,,,,
COc1nc2sc(C(=O)NC3CC3)c(N)c2c(C)c1Cl,0.245512668,train,random,10,,,,
O=C1NCCSc2c1sc1ccc(O)cc21,0.891593204,train,random,10,,,,
CCn1cc(C(=O)O)c(=O)c2c(N)c(F)c(NC3CCCCC3)cc21,0.427486109,train,random,10,,,,
C=CC(=O)Nc1cccc(Nc2nc(Nc3ccc(Oc4ccnc(C(=O)NC)c4)cc3)ncc2F)c1,-0.403402904,train,random,10,,,,
C=CC(=O)N(C)CCOc1c(N)ncnc1-c1cc(F)cc(NC(=O)c2ccc(C3CC3)cc2F)c1C,0.838502776,train,random,10,,,,
CC#CC(=O)N1CCC[C@@H]1c1nc(-c2ccc(C(=O)Nc3ccccn3)cc2)c2c(N)nccn12,0.975868182,train,random,10,,,,
CC(=O)NCCNc1cc(Cl)nn2c(-c3cccc(S(=O)(=O)N(C)C)c3)c(C)nc12,0.681693392,train,random,10,,,,
Cc1c[nH]c(=O)n1-c1ccc(C(=O)Nc2ccc3ccccc3n2)cc1,0.639386869,train,random,10,,,,
CNC(=O)c1cccc(NC(=O)N2CCC(Oc3ccccc3Cl)CC2)c1,1.068760828,train,random,10,,,,
COc1ccc(OCC(=O)Nc2cccc(Cl)c2N2CCN(C(C)=O)CC2)cc1,0.700790221,train,random,10,,,,
CC(=O)N1CCN(c2c(Cl)cccc2NC(=O)COc2ccccc2Cl)CC1,0.256958153,train,random,10,,,,
CCC(=O)N1CCN(c2ccc(Cl)cc2NC(=O)COc2ccccc2)CC1,0.250420002,train,random,10,,,,
Cc1ccc(Oc2ccc(Cl)cc2NC(=O)CN(C)CC(=O)N(C)C)cc1,-0.053056729,train,random,10,,,,
CC1(C)Cc2cc(NC(=O)c3cnn4cccnc34)c(OCC3CC3)nc2O1,-0.199970641,train,random,10,,,,
N#Cc1cc(F)c(NS(=O)(=O)c2c[nH]c3cc(Cl)ccc23)cc1F,-0.026872146,train,random,10,,,,
CCCc1nc2nc(C)c(NS(=O)(=O)c3ccc(C4CCCCC4)cc3)c(O)n2n1,-0.218963061,train,random,10,,,,
COc1ccc([C@H]2c3[nH]c4ccc(Cl)cc4c3CCN2C(=O)Oc2ccc(Cl)cc2)cc1,1.51293775,train,random,10,,,,
CC(=O)Nc1ccc(O)cc1,1.887859133,train,random,10,,,,
O=C(NC1CCNCC1)c1ccc2[nH]ncc2c1,1.842696589,train,random,10,,,,
Cc1cccc(/C=N/Nc2cc(N3CCOCC3)nc(OCCc3ccccn3)n2)c1,-0.548213564,train,random,10,,,,
CCn1c(=O)oc2cc(NC(=O)c3ccc(C(C)(C)C)cc3)ccc21,0.21005085,train,random,10,,,,
COc1ccc(OC[C@@H]2c3cc(OC)c(OC)cc3CCN2C(=O)c2cccc(Cl)c2)cc1,-0.116906641,train,random,10,,,,
N#Cc1ccc(COc2cccc(C3CCN(Cc4nc5ccc(C(=O)O)cc5n4C[C@@H]4CCO4)CC3)n2)c(F)c1,0.402433346,train,random,10,,,,
CC(C)[C@H](CO)Nc1nc(Nc2cc(N)cc(Cl)c2)c2ncn(C(C)C)c2n1,-0.061980903,train,random,10,,,,
O=C(NC1CCNCC1)c1ccc2cn[nH]c2c1,2.0,train,random,10,,,,
CC(C)(C)OC(=O)N1CCCC1C(=O)N1CCC(C(=O)N[C@@H](Cc2c[nH]c3ccccc23)C(=O)O)CC1,1.691832676,train,random,10,,,,
O=C(Nc1cccc2c(=O)cc(-c3nnn[nH]3)oc12)c1ccc(OCCCCc2ccccc2)cc1,0.582744966,train,random,10,,,,
COc1cc2nc(-c3cc(F)ccc3O)nc(N[C@@H]3CNC[C@H]3C(C)(C)O)c2cc1OC.Cl,-1.119186408,train,random,10,,,,
CC(C)[C@@](C)(O)[C@@H]1CN(c2nc(-c3n[nH]c4ncccc34)c(F)cc2Cl)CCN1,1.302460808,train,random,10,,,,
Cc1nnc(-c2ccc(N3CCC(Oc4cc(F)ccc4Cl)CC3)nn2)o1,0.161068385,train,random,10,,,,
Cc1cn2nc(-c3cc(=O)n4cc(N5CCNC6(CC6)C5)ccc4n3)cc(C)c2n1,0.985246791,train,random,10,,,,
Cc1ccc(OCC2(O)CCN(CC3(O)CCN(c4ccccc4C)CC3)CC2)cc1,-0.040481623,train,random,10,,,,
CN(C(=O)c1cc(N2CCNC2=O)ccc1F)C1CCNC1,1.885728632,train,random,10,,,,
O=C(Nc1cccc(N2CCNC2=O)c1)C1NCC12CCCC2,1.718202645,train,random,10,,,,
NCC1CCCC1NC(=O)c1cc(N2CCNC2=O)ccc1F,1.87495702,train,random,10,,,,
Cn1c(-c2n[nH]c3c2CCCC3)nnc1N1CCC2(CNC(=O)C2)C1,1.792986685,train,random,10,,,,
Cc1nnc(-c2ccc(N3CCC(Oc4ccccc4C(F)(F)F)CC3)nn2)s1,-0.906578315,train,random,10,,,,
O=C(NCCc1ccccc1)c1ccc(NC(=O)N2CCCCc3ccccc32)cc1,0.075911761,train,random,10,,,,
CC(C)(C)c1ccc(C(O)CN2CCC(O)(c3ccc4c(c3)OCO4)CC2)cc1,0.779018972,train,random,10,,,,
CN(C(=O)c1cc(N2CCNC2=O)ccc1F)C1CCC(N)CC1,1.828717885,train,random,10,,,,
NC1CCCC1C(=O)N1CCC(c2c[nH]c3ncccc23)CC1,1.71701274,train,random,10,,,,
NC1CCCC(C(=O)Nc2ccc3[nH]ncc3c2)C1,2.0,train,random,10,,,,
NC1CC(NC(=O)c2ccc(-c3cn[nH]c3)cn2)C12CCC2,1.709702344,train,random,10,,,,
NC1CCC(C(=O)N2CCC(c3c[nH]c4ncccc34)CC2)C1,1.917395215,train,random,10,,,,
O=C(NC12CCCC1NCC2)c1ccc(-c2cn[nH]c2)cc1,2.0,train,random,10,,,,
Cc1nc2cc(C(=O)NC34CCCC3NCC4)ccc2c(=O)[nH]1,1.866494097,train,random,10,,,,
CNc1nc(C)cc(C(=O)Nc2ccc3[nH]ncc3c2)n1,1.493625323,train,random,10,,,,
O=C(Nc1ccc(CN2CCCCC2)cc1)c1ccnc2[nH]cnc12,1.767526899,train,random,10,,,,
NC1CCCC(C(=O)Nc2cccc(N3CCNC3=O)c2)C1,1.763113391,train,random,10,,,,
CC1CC(N)CCN1C(=O)c1cc(N2CCNC2=O)c(F)cc1F,1.833504094,train,random,10,,,,
CNc1cc(Nc2cccn(-c3ccccn3)c2=O)nn2c(C(=O)N[C@@H]3C[C@@H]3F)cnc12,0.991226076,test,random,10,0.7902982276000003,0.4267540675999998,0.7698294863800003,1.1489452693299997
CC#CC(=O)N[C@H]1CCCN(c2c(F)cc(C(N)=O)c3[nH]c(C)c(C)c23)C1,0.163856803,test,random,10,1.2577345742300006,0.7481201766300002,0.5901580892900001,1.41392821651
COc1cc2c(cc1OC)CC(=O)N(CCCN(C)C[C@H]1Cc3cc(OC)c(OC)cc31)CC2,1.730984039,test,random,10,0.93130508865,0.4684468432999999,0.5030782776500002,0.042700884619999976
C=CC(=O)N1C[C@H](Nc2ncnc3[nH]ccc23)CC[C@@H]1C,1.828227965,test,random,10,1.3048331034700005,1.3711817407200002,0.84323884892,1.8562989392400002
Cn1cc(Nc2nccc(N3CC4CCC(C3)N4C(=O)[C@@H]3CC3(F)F)n2)cn1,1.642995934,test,random,10,1.14622539592,0.9953927852100002,1.11746642768,1.5512022768799993
Cn1cc(-c2cn3nccc3c(-c3cnn([C@]4(CC#N)C[C@@H](C#N)C4)c3)n2)cn1,1.559583476,test,random,10,0.8693184108899995,0.8350824678400004,0.6903889013300001,1.2877451763599999
CC#CC(=O)N1CC[C@@H](n2c(=O)n(-c3ccc(Oc4ccccc4)cc3)c3c(N)ncnc32)C1,0.935859798,test,random,10,0.79672317503,0.5827668730800002,0.6265424306300001,0.9786897408200004
CCc1nc(C)cn2nc(-c3cc(=O)n4cc(C5CCN(C)CC5)cc(C)c4n3)cc12,0.868232868,test,random,10,1.1417119326999998,0.5507004207400001,0.8632490678000002,0.8095353063700003
Cc1c(Cl)ccc2cc3n(c12)[C@@H](C)CNC3=O,0.328379603,test,random,10,1.1937287935500007,1.15733882419,0.6244819228300003,0.8763257805200007
C[C@@H]1CCN(C(=O)CC#N)C[C@@H]1N(C)c1ncnc2[nH]ccc12,1.991815076,test,random,10,1.1943181381299997,0.9459476896000001,0.9431447648100004,1.52314592392
O=C1CN(c2ccc(Nc3nccc(C(F)(F)F)n3)cn2)CCN1,1.543819805,test,random,10,1.365580429990001,1.3939037811300006,1.0578874340300002,1.3272618783800005
CN1[C@H]2CC[C@@H]1C[C@@H](OC(c1ccccc1)c1ccccc1)C2,1.106122874,test,random,10,0.8997263904400001,0.93432062115,0.44088711991,0.42589427056000007
COc1ccccc1C(=O)Nc1ccc2cc[nH]c2c1,0.505149978,test,random,10,0.7363064689300001,1.2072034196000008,0.6644257046900001,0.5710171186
O=C(CCNC(=O)c1ccc(OC(F)(F)F)cc1)N[C@@H]1CCCc2ccccc21,0.526080692,test,random,10,0.3048843930499998,0.55574673477,0.7148631783100007,0.2758578740999999
Cc1nc(Nc2nccs2)cc(C2CN(c3ncccn3)C2)n1,0.444669231,test,random,10,0.9604085246200001,1.2872466251300005,1.0500825902100004,1.5022405387900006
Cc1ccc(NC(=O)CN2[C@H]3CCCC(=O)N[C@@]3(C)C[C@H]2Cc2ccccc2)cc1F,-0.137272472,test,random,10,0.8536608150500004,0.6626217726000004,0.58921798932,0.5413088911800007
COCC(=O)N1CCC(Cc2ccccc2-c2cccc(F)c2)(C(=O)NC(C)C)CC1,0.596597096,test,random,10,0.40214321856999985,0.48906574625999966,0.5614987437,0.5066117847400001
Cc1cnc(C(=O)NCCc2ccc(S(=O)(=O)NC(=O)NC3CCCCC3)cc2)cn1,0.01745073,test,random,10,0.7563923368800008,0.17284808504000004,0.45381066352999994,1.3042302443799998
O=C1CCCC[C@@H]2[C@H](C[C@@H](Cc3ccccc3F)N2C(=O)c2cccc3ncccc23)N1,1.277998644,test,random,10,1.0626442762300004,0.5456841160600002,0.9556128172300002,0.6340161342100007
COCCc1noc(CN2CC(c3ccccc3)(c3ccccc3)CCC2=O)n1,1.167051359,test,random,10,0.5766673481500001,0.5706258852199999,0.8866870685600002,0.72862099811
Cc1[nH]nc2c1C1(CCCCC1)CC(=O)N2,1.323066376,test,random,10,1.3142032532000008,1.409193944640001,1.0182662082900007,1.8541338788499997
Nc1ncnc2c1c(-c1cnc3[nH]ccc3c1)nn2C1CCCC1,0.862608364,test,random,10,1.1878263211000006,0.9514698552500002,0.8222682698800006,0.6134126339500003
CCCCNC(=O)NS(=O)(=O)c1ccc(C)cc1,0.439332694,test,random,10,0.57764410894,1.1001150225100005,0.7070868178100007,1.73622855165
Cc1cccnc1Nc1cccc(C2CCCN(CC(=O)Nc3nccs3)C2)n1,0.180699201,test,random,10,1.0030303923199992,0.49457550359999997,0.9485946954800005,0.5119962005200002
CCCNC(=O)NS(=O)(=O)c1ccc(Cl)cc1,0.969835093,test,random,10,0.37927610572000026,1.1512506469600003,0.5661089011600002,1.6030716767400002
CC1(CNC(=O)c2cncc(C3CCNCC3)n2)CCCO1,1.988550039,test,random,10,1.7472323124600007,1.7449059615599989,1.4822823126900002,1.664923593659999
Cc1cc(N2CCCC2)nc(C2CCCN(C)C2)n1,2.0,test,random,10,1.3458504460399998,1.5421089869400004,1.4263848924899998,1.8592042378999998
C[C@H]1CN(C2COC2)CCN1c1ccc(Nc2cc(-c3ccnc(N4CCn5c(cc6c5CC(C)(C)C6)C4=O)c3CO)cn(C)c2=O)nc1,1.209139536,test,random,10,0.8718558005700003,0.7080739897100001,0.6265071485900002,0.12337408628999995
c1ccc(-c2ccc(CN3CCCCCCC3)cc2)cc1,-0.614393726,test,random,10,1.07509357632,1.152331003580001,0.12575863135,0.28442282175000005
COc1cc2c(cc1OC)CN(CCc1ccc(NC(=O)c3cccc4c(O)c5cccc(OC)c5nc34)cc1)CC2,-1.207608311,test,random,10,0.61359794315,0.10955924135000006,0.09170815973000002,0.03581226992
NC(=O)C1(Cc2ccc(-c3ccncc3)cc2)CCN(C(=O)Cc2cccc(F)c2)CC1,1.006508828,test,random,10,0.9310541891800003,0.6638358215600003,0.6152315775400004,0.7100140271800002
CC(=O)Nc1ncc(C(=O)O)s1,1.81935965,test,random,10,1.0029799915700002,1.3295298046900004,0.9687142710100001,1.5030715195200008
Cc1cccc(-c2nc(C34CCC(C(N)=O)(CC3)CC4)[nH]c2-c2ccc3c(c2)OCO3)n1,1.02011257,test,random,10,1.1077650519000006,0.28828135155999995,0.21859259700999992,0.5371323113800002
CCCS(=O)(=O)Nc1ccc(F)c(C(=O)c2c[nH]c3ncc(-c4ccc(Cl)cc4)cc23)c1F,-1.59345982,test,random,10,0.5969459620700001,0.10643897436,0.4199706728600001,0.02558672988000001
NC[C@H]1CC[C@@H](C(=O)Nc2ccc3[nH]ncc3c2)O1,1.981999714,test,random,10,1.545028539140001,1.4702597770900006,1.1568337746900004,1.6217492107499998
NC1CCCC(C(=O)N2CCC(c3c[nH]c4ncccc34)CC2)C1,1.752816431,test,random,10,1.6282635236700003,1.4156655275299999,1.7188595079299995,1.496383575380001
CCc1c[nH]c2ncnc(N3CCC(CN4CCN(C)CC4)CC3)c12,1.728012707,test,random,10,1.1798629318400002,0.7729020947799998,1.0019529817999997,1.5651903257399997
NC(=O)c1cnc(N2CCc3[nH]nc(C(F)(F)F)c3C2)c(Cl)c1,0.986009932,test,random,10,1.1370883889400003,1.3087652474100004,0.9858933430600001,1.6226465578400002
c1sc(NCC2CCCO2)nc1C12CC3CC(CC(C3)C1)C2,-1.096910013,test,random,10,0.8630179160800004,1.2614926462400005,1.0830372122900003,0.42204609242000024
CNc1cc(Nc2cccn(-c3ccccn3)c2=O)nn2c(C(=O)N[C@@H]3C[C@@H]3F)cnc12,0.991226076,train,random,11,,,,
CCOc1cc2nn(CCC(C)(C)O)cc2cc1NC(=O)c1cccc(C(F)F)n1,0.099680641,train,random,11,,,,
CC(C)(O)CCn1cc2cc(NC(=O)c3cccc(C(F)(F)F)n3)c(C(C)(C)O)cc2n1,1.015611205,train,random,11,,,,
CC#CC(=O)N[C@H]1CCCN(c2c(F)cc(C(N)=O)c3[nH]c(C)c(C)c23)C1,0.163856803,train,random,11,,,,
COc1ccc(Cl)cc1C(=O)NCCc1ccc(S(=O)(=O)NC(=O)NC2CCCCC2)cc1,-0.91721463,train,random,11,,,,
C=CC(=O)N1CCC[C@@H](n2nc(-c3ccc(Oc4ccccc4)cc3)c3c(N)ncnc32)C1,0.62603,train,random,11,,,,
CC(C)NC(=O)COc1cccc(-c2nc(Nc3ccc4[nH]ncc4c3)c3ccccc3n2)c1,-1.384078213,train,random,11,,,,
CCS(=O)(=O)N1CC(CC#N)(n2cc(-c3ncnc4[nH]ccc34)cn2)C1,1.378597739,train,random,11,,,,
COc1ccc(S(=O)(=O)N2CCC(N3CCC(C)CC3)CC2)cc1,1.729799023,train,random,11,,,,
CCn1c(-c2nonc2N)nc2cnc(Oc3cccc(NC(=O)c4ccc(OCCN5CCOCC5)cc4)c3)cc21,-0.449771647,train,random,11,,,,
Cc1c[nH]c2nccc(Oc3c(F)cc(Nc4cc(Cl)nc(N)n4)cc3F)c12,-1.22184875,train,random,11,,,,
COc1cc2c(cc1OC)CC(=O)N(CCCN(C)C[C@H]1Cc3cc(OC)c(OC)cc31)CC2,1.730984039,train,random,11,,,,
CCCc1cc(N2CCc3c(nc(C4CC4)n3C)C2)n2ncnc2n1,1.677187053,train,random,11,,,,
Fc1ccc(-c2ccc3c(c2)[nH]c2ccncc23)cn1,0.653405491,train,random,11,,,,
Nc1c(F)ccc2cnc(-n3ccc4ccncc43)cc12,0.713910354,train,random,11,,,,
C=CC(=O)N1C[C@H](Nc2ncnc3[nH]ccc23)CC[C@@H]1C,1.828227965,train,random,11,,,,
Cn1cc(Nc2nccc(N3CC4CCC(C3)N4C(=O)[C@@H]3CC3(F)F)n2)cn1,1.642995934,train,random,11,,,,
C=CC(=O)N1CCC(CNc2ncnc(N)c2-c2ccc(Oc3ccccc3)cc2)CC1,0.752995432,train,random,11,,,,
Nc1n[nH]cc1-c1cc(Cl)ccc1Oc1cc(F)c(S(=O)(=O)Nc2cscn2)cc1Cl,-0.354577731,train,random,11,,,,
Cc1c(-c2c(F)cc(C(N)=O)c3[nH]c4c(c23)CC[C@H](C(C)(C)O)C4)cccc1-n1c(=O)c2cccc(F)c2n(C)c1=O,0.436162647,train,random,11,,,,
Cn1cc(-c2cn3nccc3c(-c3cnn([C@]4(CC#N)C[C@@H](C#N)C4)c3)n2)cn1,1.559583476,train,random,11,,,,
N#CC[C@H](C1CCCC1)n1cc(-c2ncnc3[nH]ccc23)cn1,0.630986911,train,random,11,,,,
C=CC(=O)Nc1cccc(Oc2nc(Nc3ccc(N4CCN(C)CC4)cc3)nc3ccsc23)c1,-0.049635146,train,random,11,,,,
CC#CC(=O)N1CC[C@@H](n2c(=O)n(-c3ccc(Oc4ccccc4)cc3)c3c(N)ncnc32)C1,0.935859798,train,random,11,,,,
C=CC(=O)N1CCC([C@@H]2CCNc3c(C(N)=O)c(-c4ccc(Oc5ccccc5)cc4)nn32)CC1,0.968996327,train,random,11,,,,
C=CC(=O)N1CCC[C@H](n2c(=O)n(-c3ccc(Oc4ccccc4)cc3)c3c(N)ncnc32)C1,0.983851719,train,random,11,,,,
CC(C)(C=C(C#N)C(=O)N1CCC[C@@H](n2nc(-c3ccc(Oc4ccccc4)cc3F)c3c(N)ncnc32)C1)N1CCN(C2COC2)CC1,0.276231958,train,random,11,,,,
CC#CC(=O)N1CC[C@@H](n2cc(-c3ccc(Oc4c(F)cccc4F)cc3)c3c(N)n[nH]c(=O)c32)C1,-0.073143291,train,random,11,,,,
C=CC(=O)Nc1cccc(Oc2nc(Nc3ccc(N4CCN(C)CC4)c(F)c3)nc3[nH]ccc23)c1,0.039414119,train,random,11,,,,
C[C@@H]1c2nnn(-c3ncc(F)cn3)c2CCN1C(=O)c1cccc(C(F)(F)F)c1Cl,0.969089603,train,random,11,,,,
COc1ccccc1-c1cc(NC(=O)c2cccc(N3CCNC3=O)c2)[nH]n1,-0.397940009,train,random,11,,,,
Nc1ncc(-c2cccc(C(F)(F)F)c2)c(C2CCCCN2C(=O)c2ccccc2)n1,-0.04431225,train,random,11,,,,
O=C(Nc1cccc(-c2nncn2C2CC2)c1)c1cc(-n2cnc(C3CC3)c2)ccn1,0.262925469,train,random,11,,,,
Cc1nccc(-c2cn(Cc3ccccc3)c3cnccc23)n1,1.122707254,train,random,11,,,,
CCc1nc(C)cn2nc(-c3cc(=O)n4cc(C5CCN(C)CC5)cc(C)c4n3)cc12,0.868232868,train,random,11,,,,
Cc1c(Cl)ccc2cc3n(c12)[C@@H](C)CNC3=O,0.328379603,train,random,11,,,,
Nc1ncnc2c1c(-c1ccc(Oc3ccccc3)cc1)nn2[C@@H]1CCCNC1,0.956648579,train,random,11,,,,
COc1nn(C)cc1C(=O)Nc1cccc(-c2cnc3n2CCC3)c1,0.866877814,train,random,11,,,,
COc1cc(F)ccc1-c1ncnc(Nc2cccc(C[S@@](C)(=N)=O)c2)n1,1.594922663,train,random,11,,,,
CCc1nc2c(C)cc(N3CCN(CC(=O)N4CC(O)C4)CC3)cn2c1N(C)c1nc(-c2ccc(F)cc2)c(C#N)s1,-0.204728421,train,random,11,,,,
C[C@@H]1CCN(C(=O)CC#N)C[C@@H]1N(C)c1ncnc2[nH]ccc12,1.991815076,train,random,11,,,,
CN(C)C(=O)C1(Cc2ccccc2-c2ccccc2)CCN(C(=O)C2CCCO2)CC1,0.902546779,train,random,11,,,,
CC(=O)Nc1ccc(C(=O)N2CCCCC2c2nc(N)ncc2-c2ccc(Cl)cc2)cc1,0.596926814,train,random,11,,,,
CC(=O)Nc1ccc(C(=O)N2CCCCC2c2nc(N)ncc2-c2cccc(Cl)c2)cc1,0.520483533,train,random,11,,,,
O=C1CN(c2ccc(Nc3nccc(C(F)(F)F)n3)cn2)CCN1,1.543819805,train,random,11,,,,
O=C1NCCN(C(=O)c2ccc3nccn3c2)C1c1ccccc1C(F)(F)F,1.851001366,train,random,11,,,,
O=C1NCCN(C(=O)c2ccncc2)C1c1ccccc1Cl,1.876996793,train,random,11,,,,
CN1[C@H]2CC[C@@H]1C[C@@H](OC(c1ccccc1)c1ccccc1)C2,1.106122874,train,random,11,,,,
CC(C)(C)C(=O)N1CCC(Cc2ccc(-c3cccs3)cc2)(C(=O)N2CCCC2)CC1,-0.1837587,train,random,11,,,,
Cc1ncsc1C(=O)N1CCCCC1c1nc(N(C)C)ncc1-c1cccc(Cl)c1,-0.083019953,train,random,11,,,,
OCC1CCCCN1Cc1ccc(Cl)c(Cl)c1,1.390069186,train,random,11,,,,
CC(=O)N1CCN(c2nc(C(F)(F)F)nc3sc(C)c(C)c23)CC1,0.13481437,train,random,11,,,,
COc1ccccc1C(=O)Nc1ccc2cc[nH]c2c1,0.505149978,train,random,11,,,,
COc1ccc([C@H]2CN(C(C)=O)[C@@H]3CCCN(Cc4cccc(F)c4)[C@H]23)cc1,0.595385981,train,random,11,,,,
Cc1c(C(=O)NCCCN(C)C)sc2ncnc(Nc3ccc(F)cc3OC(C)C)c12,0.741821047,train,random,11,,,,
OCC1CCCCN1Cc1ccc(-c2ccccc2)cc1,1.368007805,train,random,11,,,,
CC1(C)CC(Oc2ccc(-c3ccc(-c4cn[nH]c4)cc3O)nn2)CC(C)(C)N1,1.199947058,train,random,11,,,,
Cc1nnc(-c2ccc3occ(-c4ccc(S(C)=O)cc4)c3c2)o1,0.193402903,train,random,11,,,,
Cc1ncsc1C(=O)N1CCCCC1c1nc(N)ncc1-c1cccc(C(F)(F)F)c1,0.615318657,train,random,11,,,,
O=C(CCNC(=O)c1ccc(OC(F)(F)F)cc1)N[C@@H]1CCCc2ccccc21,0.526080692,train,random,11,,,,
O=S(=O)(c1cccc2cnccc12)N1CCCNCC1,1.892077899,train,random,11,,,,
O=C(Nc1nc2cccc(-c3ccc(CN4CCS(=O)(=O)CC4)cc3)n2n1)C1CC1,1.681349797,train,random,11,,,,
CCn1c(CO)nn(-c2cc(O[C@@H](C)C(F)(F)F)c(C(=O)Nc3c(F)cccc3Cl)cc2F)c1=O,0.975753389,train,random,11,,,,
CCN(C/C=C\c1ccc(C2CCCCC2)c(Cl)c1)C1CCCCC1,-0.853871964,train,random,11,,,,
Cn1c(C2CC2)nc2c1CCN(c1ncnc3ccsc13)C2,1.237065953,train,random,11,,,,
CC/C(=C(\c1ccccc1)c1ccc(OCCN(C)C)cc1)c1ccccc1,-0.580044252,train,random,11,,,,
COc1nn(C)cc1C(=O)Nc1cccc2cnccc12,1.504729052,train,random,11,,,,
Cc1ncc(CN2CCC(Nc3ccc4nnnn4n3)C(C)C2)s1,1.652285029,train,random,11,,,,
Cc1nc(Nc2nccs2)cc(C2CN(c3ncccn3)C2)n1,0.444669231,train,random,11,,,,
COc1ccc(Nc2c(C#N)cnc3cc(OC)c(OC)cc23)cc1Cl,-0.033858267,train,random,11,,,,
COc1ccc(CCCN2CCN(c3cnn(C)c3)C(=O)C2)cc1F,1.343408594,train,random,11,,,,
Cc1noc(C(C)C)c1C(=O)N1CC(C)OC(c2ccccc2)C1,1.180469962,train,random,11,,,,
CN(Cc1ccccc1)C1(C(=O)N2CCNC(=O)CC2)Cc2ccccc2C1,0.904931827,train,random,11,,,,
Cc1c(F)cccc1NC(=O)CN1[C@H]2CCCC(=O)N[C@@]2(C)C[C@H]1Cc1ccccc1,0.595275712,train,random,11,,,,
CCC1=C(C)CN(C(=O)NCCc2ccc(S(=O)(=O)NC(=O)N[C@H]3CC[C@H](C)CC3)cc2)C1=O,-1.180456064,train,random,11,,,,
Cc1ccc(NC(=O)CN2[C@H]3CCCC(=O)N[C@@]3(C)C[C@H]2Cc2ccccc2)cc1F,-0.137272472,train,random,11,,,,
COCC(=O)N1CCC(Cc2ccccc2-c2cccc(F)c2)(C(=O)NC(C)C)CC1,0.596597096,train,random,11,,,,
COc1ccc(CNC(=O)c2sc3nc(C)cc(C)c3c2N)cc1,-0.356547324,train,random,11,,,,
C#C[C@@](C)(CC)NC(=O)c1cc(F)cnc1NC1CC(F)(F)C1,0.671265433,train,random,11,,,,
Cn1cc(Nc2nc(N)nc(-c3cccc(-n4ccc5cc(C6CC6)cc(F)c5c4=O)c3CO)n2)cn1,0.850401148,train,random,11,,,,
Cc1cnc(C(=O)NCCc2ccc(S(=O)(=O)NC(=O)NC3CCCCC3)cc2)cn1,0.01745073,train,random,11,,,,
CNC(=O)C1(Cc2ccc(-c3cccnc3)cc2)CCN(Cc2ccc(F)cc2)C1,1.021602716,train,random,11,,,,
CNC(=O)C1(Cc2ccc(-c3cccnc3)cc2)CCN(Cc2cccc(F)c2)C1,0.829753919,train,random,11,,,,
CC(=O)Nc1ncc(CN2CCCC[C@@H]2C)s1,2.0,train,random,11,,,,
O=C1CCCC[C@@H]2[C@H](C[C@@H](Cc3ccccc3F)N2C(=O)c2cccc3ncccc23)N1,1.277998644,train,random,11,,,,
CCOc1cc(CC(=O)N[C@@H](CC(C)C)c2ccccc2N2CCCCC2)ccc1C(=O)O,0.106870544,train,random,11,,,,
CC(O)(C#Cc1ccc2c(c1)N(c1nc(N)ncc1Cl)CC2)c1nccs1,-0.122628654,train,random,11,,,,
COCCc1noc(CN2CC(c3ccccc3)(c3ccccc3)CCC2=O)n1,1.167051359,train,random,11,,,,
Cc1[nH]nc2c1C1(CCCCC1)CC(=O)N2,1.323066376,train,random,11,,,,
Cc1oc2ccccc2c1CNc1nnc(-c2ccncc2)o1,0.717254313,train,random,11,,,,
C[C@@H]1Cc2ccccc2N1C(=O)Cn1nc(-c2cccc3ncccc23)oc1=O,0.224014811,train,random,11,,,,
Nc1ncnc2c1c(-c1cnc3[nH]ccc3c1)nn2C1CCCC1,0.862608364,train,random,11,,,,
O=C(Nc1cnccc1-c1ccc(Cl)cc1)c1ccnc(NC(=O)C2CC2)c1,0.369957607,train,random,11,,,,
CN1C(N)=N[C@](C)(c2cc(NC(=O)c3ccc(F)cn3)ccc2F)CS1(=O)=O,1.560468571,train,random,11,,,,
CC1CN(C(=O)c2cccnc2N2CCOCC2)CC(c2ccccc2)O1,1.573185017,train,random,11,,,,
CCCCNC(=O)NS(=O)(=O)c1ccc(C)cc1,0.439332694,train,random,11,,,,
Cc1cccnc1Nc1cccc(C2CCCN(CC(=O)Nc3nccs3)C2)n1,0.180699201,train,random,11,,,,
CN(C)C(=O)C1(Cc2ccccc2-c2ccccc2)CCN(C(=O)c2cnn(C)c2)CC1,1.041353202,train,random,11,,,,
CC1(C)CC(=O)C2=C(C1)NC(=O)CC2c1ccc(Br)cc1,1.159236233,train,random,11,,,,
CN1CCN(S(=O)(=O)c2ccc(-c3cnc(N)c(C(=O)Nc4cccnc4)n3)cc2)CC1,1.078638038,train,random,11,,,,
CNC(=O)C1(Cc2ccc(-c3cccnc3)cc2)CCN(Cc2ccccc2Cl)C1,0.387567779,train,random,11,,,,
CCCNC(=O)NS(=O)(=O)c1ccc(Cl)cc1,0.969835093,train,random,11,,,,
COc1cc2ncnc(Nc3cccc(O)c3)c2cc1OC,0.994317153,train,random,11,,,,
COCCNC(=O)c1ccnc(C2CCNCC2)c1,2.0,train,random,11,,,,
CC1(CNC(=O)c2cncc(C3CCNCC3)n2)CCCO1,1.988550039,train,random,11,,,,
Cc1cc(N2CCCC2)nc(C2CCCN(C)C2)n1,2.0,train,random,11,,,,
O=C1NCCSc2c1sc1ccc(O)cc21,0.891593204,train,random,11,,,,
CCn1cc(C(=O)O)c(=O)c2c(N)c(F)c(NC3CCCCC3)cc21,0.427486109,train,random,11,,,,
C[C@H]1CN(C2COC2)CCN1c1ccc(Nc2cc(-c3ccnc(N4CCn5c(cc6c5CC(C)(C)C6)C4=O)c3CO)cn(C)c2=O)nc1,1.209139536,train,random,11,,,,
C=CC(=O)Nc1cccc(Nc2nc(Nc3ccc(Oc4ccnc(C(=O)NC)c4)cc3)ncc2F)c1,-0.403402904,train,random,11,,,,
CC#CC(=O)N1CCC[C@@H]1c1nc(-c2ccc(C(=O)Nc3ccccn3)cc2)c2c(N)nccn12,0.975868182,train,random,11,,,,
CC(=O)NCCNc1cc(Cl)nn2c(-c3cccc(S(=O)(=O)N(C)C)c3)c(C)nc12,0.681693392,train,random,11,,,,
Cc1c[nH]c(=O)n1-c1ccc(C(=O)Nc2ccc3ccccc3n2)cc1,0.639386869,train,random,11,,,,
COc1ccc(OCC(=O)Nc2cccc(Cl)c2N2CCN(C(C)=O)CC2)cc1,0.700790221,train,random,11,,,,
c1ccc(-c2ccc(CN3CCCCCCC3)cc2)cc1,-0.614393726,train,random,11,,,,
CC(=O)N1CCN(c2c(Cl)cccc2NC(=O)COc2ccccc2Cl)CC1,0.256958153,train,random,11,,,,
CCC(=O)N1CCN(c2ccc(Cl)cc2NC(=O)COc2ccccc2)CC1,0.250420002,train,random,11,,,,
Cc1ccc(Oc2ccc(Cl)cc2NC(=O)CN(C)CC(=O)N(C)C)cc1,-0.053056729,train,random,11,,,,
CC1(C)Cc2cc(NC(=O)c3cnn4cccnc34)c(OCC3CC3)nc2O1,-0.199970641,train,random,11,,,,
COc1cc2c(cc1OC)CN(CCc1ccc(NC(=O)c3cccc4c(O)c5cccc(OC)c5nc34)cc1)CC2,-1.207608311,train,random,11,,,,
COc1ccc([C@H]2c3[nH]c4ccc(Cl)cc4c3CCN2C(=O)Oc2ccc(Cl)cc2)cc1,1.51293775,train,random,11,,,,
NC(=O)C1(Cc2ccc(-c3ccncc3)cc2)CCN(C(=O)Cc2cccc(F)c2)CC1,1.006508828,train,random,11,,,,
O=C(NC1CCNCC1)c1ccc2[nH]ncc2c1,1.842696589,train,random,11,,,,
Cc1cccc(/C=N/Nc2cc(N3CCOCC3)nc(OCCc3ccccn3)n2)c1,-0.548213564,train,random,11,,,,
CCn1c(=O)oc2cc(NC(=O)c3ccc(C(C)(C)C)cc3)ccc21,0.21005085,train,random,11,,,,
COc1ccc(OC[C@@H]2c3cc(OC)c(OC)cc3CCN2C(=O)c2cccc(Cl)c2)cc1,-0.116906641,train,random,11,,,,
CC(C)[C@H](CO)Nc1nc(Nc2cc(N)cc(Cl)c2)c2ncn(C(C)C)c2n1,-0.061980903,train,random,11,,,,
O=C(NC1CCNCC1)c1ccc2cn[nH]c2c1,2.0,train,random,11,,,,
CC(C)(C)OC(=O)N1CCCC1C(=O)N1CCC(C(=O)N[C@@H](Cc2c[nH]c3ccccc23)C(=O)O)CC1,1.691832676,train,random,11,,,,
O=C(Nc1cccc2c(=O)cc(-c3nnn[nH]3)oc12)c1ccc(OCCCCc2ccccc2)cc1,0.582744966,train,random,11,,,,
CC(=O)Nc1ncc(C(=O)O)s1,1.81935965,train,random,11,,,,
Cc1cccc(-c2nc(C34CCC(C(N)=O)(CC3)CC4)[nH]c2-c2ccc3c(c2)OCO3)n1,1.02011257,train,random,11,,,,
CC(C)[C@@](C)(O)[C@@H]1CN(c2nc(-c3n[nH]c4ncccc34)c(F)cc2Cl)CCN1,1.302460808,train,random,11,,,,
Cc1cn2nc(-c3cc(=O)n4cc(N5CCNC6(CC6)C5)ccc4n3)cc(C)c2n1,0.985246791,train,random,11,,,,
CCCS(=O)(=O)Nc1ccc(F)c(C(=O)c2c[nH]c3ncc(-c4ccc(Cl)cc4)cc23)c1F,-1.59345982,train,random,11,,,,
Cc1ccc(OCC2(O)CCN(CC3(O)CCN(c4ccccc4C)CC3)CC2)cc1,-0.040481623,train,random,11,,,,
CN(C(=O)c1cc(N2CCNC2=O)ccc1F)C1CCNC1,1.885728632,train,random,11,,,,
O=C(Nc1cccc(N2CCNC2=O)c1)C1NCC12CCCC2,1.718202645,train,random,11,,,,
NCC1CCCC1NC(=O)c1cc(N2CCNC2=O)ccc1F,1.87495702,train,random,11,,,,
Cn1c(-c2n[nH]c3c2CCCC3)nnc1N1CCC2(CNC(=O)C2)C1,1.792986685,train,random,11,,,,
Cc1nnc(-c2ccc(N3CCC(Oc4ccccc4C(F)(F)F)CC3)nn2)s1,-0.906578315,train,random,11,,,,
O=C(NCCc1ccccc1)c1ccc(NC(=O)N2CCCCc3ccccc32)cc1,0.075911761,train,random,11,,,,
CC(C)(C)c1ccc(C(O)CN2CCC(O)(c3ccc4c(c3)OCO4)CC2)cc1,0.779018972,train,random,11,,,,
NC[C@H]1CC[C@@H](C(=O)Nc2ccc3[nH]ncc3c2)O1,1.981999714,train,random,11,,,,
CN(C(=O)c1cc(N2CCNC2=O)ccc1F)C1CCC(N)CC1,1.828717885,train,random,11,,,,
NC1CCCC(C(=O)Nc2ccc3[nH]ncc3c2)C1,2.0,train,random,11,,,,
NC1CC(NC(=O)c2ccc(-c3cn[nH]c3)cn2)C12CCC2,1.709702344,train,random,11,,,,
NC1CCCC(C(=O)N2CCC(c3c[nH]c4ncccc34)CC2)C1,1.752816431,train,random,11,,,,
O=C(NC12CCCC1NCC2)c1ccc(-c2cn[nH]c2)cc1,2.0,train,random,11,,,,
Cc1nc2cc(C(=O)NC34CCCC3NCC4)ccc2c(=O)[nH]1,1.866494097,train,random,11,,,,
CCc1c[nH]c2ncnc(N3CCC(CN4CCN(C)CC4)CC3)c12,1.728012707,train,random,11,,,,
NC(=O)c1cnc(N2CCc3[nH]nc(C(F)(F)F)c3C2)c(Cl)c1,0.986009932,train,random,11,,,,
NC1CCCC(C(=O)Nc2cccc(N3CCNC3=O)c2)C1,1.763113391,train,random,11,,,,
CC1CC(N)CCN1C(=O)c1cc(N2CCNC2=O)c(F)cc1F,1.833504094,train,random,11,,,,
c1sc(NCC2CCCO2)nc1C12CC3CC(CC(C3)C1)C2,-1.096910013,train,random,11,,,,
CN(c1ncc(F)cn1)[C@H]1CCCNC1,2.0,test,random,11,1.3664470514600007,1.4457758435099999,0.96077687332,1.7369780294100001
CC(C)(Oc1ccc(-c2cnc(N)c(-c3ccc(Cl)cc3)c2)cc1)C(=O)O,-1.158015195,test,random,11,0.0709466896800001,0.3344846636900001,0.58211244357,-0.10337483278999991
[2H]C([2H])([2H])NC(=O)c1nnc(NC(=O)C2CC2)cc1Nc1cccc(-c2ncn(C)n2)c1OC,1.186566481,test,random,11,0.8653056768899999,0.7296745594599998,0.48293769644000006,0.99963606145
O=C(c1ccc(Oc2ccccc2)cc1Cl)c1c[nH]c2ncnc(N[C@@H]3CC[C@@H](CO)OC3)c12,-0.467245621,test,random,11,0.9079747069800003,0.37157413276,0.2053617879200001,0.3623989733899999
CC(C)(C)c1ccc(-c2nc3n(c(=O)c2C#N)CCS3)cc1,0.731266349,test,random,11,0.3232974757800001,0.7486369215200002,0.43540646505,0.4999968222899999
Fc1ccccc1-c1c[nH]nc1C1CCCN1Cc1ccc2ncccc2c1,0.545801757,test,random,11,0.8435448964599999,0.64456125588,0.5693500748,0.0013795794200000045
Cc1nnc(CN(C)CC(C)Oc2ccc(Cl)c(Cl)c2)n1C,0.926290987,test,random,11,0.5815991100899999,0.6297228792400003,0.2997949475999999,0.6800607364900002
Cc1ncc(CN2CC[C@@H](Nc3cncc(Cl)n3)[C@@H](C)C2)s1,1.205461507,test,random,11,1.0004461199199999,0.9875693096300003,1.0123301703600003,0.41562470367000015
Cc1ccc(C(=O)N2CCC(Cc3ccccc3-c3ccccc3)(C(=O)N(C)C)CC2)s1,-0.293282218,test,random,11,0.6116513291100003,0.5244039674300004,0.5399501152700003,0.1139107543899999
Cc1cc(F)ccc1C1C(=O)NCCN1C(=O)c1ccc2nccn2c1,1.78096503,test,random,11,1.3534937002400014,1.3504673522500006,1.46363716972,1.6051426955499997
C[C@H]1CN(C(=O)CC(c2ccccc2)c2ccccc2)C[C@@H](C)O1,1.188253327,test,random,11,0.94457020916,0.8207950739900001,0.54997959161,0.9025107299799999
OC[C@H](Nc1cncc(-c2ccc3[nH]ncc3n2)c1)c1ccccc1,1.017826038,test,random,11,0.9647769956800003,0.8310896944999999,0.6324827369499999,0.6541333193699999
c1ccc(Oc2cccc(CN(CCN3CCOCC3)Cc3cccnc3)c2)cc1,-0.222573178,test,random,11,0.5922186009700001,0.1827038803599999,0.49730352142999984,0.31804868016
Nc1ncc(C(=O)NC2CN(C(=O)C3CC3)C2)c2ccc(-c3cccc(F)c3)nc12,0.623352682,test,random,11,0.4713976028799998,0.8817855688600004,0.52879048078,1.06854694031
O=C(Nc1ccc2ccccc2n1)c1ccc(N2CCOC2=O)cc1,0.449015316,test,random,11,0.70276972976,0.7448394501000003,0.5243734393899998,0.46808593677999993
C=CC(=O)Nc1cccc(Oc2nc(Nc3ccc(N4CCN(C)CC4)cc3)nc3ccoc23)c1,0.146128036,test,random,11,0.20436874091999996,0.10227573023000001,0.012002954550000002,0.07207500958999997
CCN1CCN(S(=O)(=O)Cc2ccc(Cl)c(Cl)c2)CC1,1.249124949,test,random,11,1.0126150117400001,1.4138890294500002,0.7917741143900001,1.5050693759000005
NCCN1CCN(C/C=C/C(=O)N2CCC[C@@H](n3nc(-c4ccc(Oc5ccccc5)cc4)c4c(N)ncnc43)C2)CC1,0.699837726,test,random,11,0.49228878582000024,0.5528841622700003,0.6157028782500003,0.4125839593299998
CNC(=O)C1(Cc2ccc(-c3ccncc3)cc2)CCN(Cc2cccc(F)c2)C1,1.10503305,test,random,11,0.7188458607999997,0.8132379574699996,0.8016773293599997,0.8694832755799996
O=S(=O)(c1cccc2c(O)nccc12)N1CCCNCC1,1.850223373,test,random,11,1.504622606869999,1.4115454684799993,1.47043430373,1.7002671077199987
CN(C)C(=O)C1(Cc2ccccc2-c2cccc(F)c2)CCN(C(=O)C2CC=CCC2)CC1,-0.104025268,test,random,11,0.7797123124900002,0.6090209864000002,0.6882379846300006,0.31035665012
O=C(Nc1cccc2ncccc12)[C@H]1CCCN(S(=O)(=O)c2ccccc2)C1,1.222560409,test,random,11,0.9652552711800001,0.7167024999800001,0.7450224193300002,0.33962645032
Cc1cc(Nc2cnccn2)cc(C2CCCN(CC(=O)N3CCCC3)C2)n1,1.642246824,test,random,11,0.7019075742300003,0.8946646424799996,0.8587621161600002,1.34298573118
Cc1cc(N2CCCC2c2cc(CCC(=O)O)cc(C)n2)ncn1,2.0,test,random,11,0.5787503775800001,1.1720469931400002,1.1376568704100003,1.2432057117700004
O=C(CN1CCCC(c2cccc(Cc3cccc(F)c3)n2)C1)N1CCCC1,1.062130535,test,random,11,0.6925836417000001,0.8652875380700001,0.7242589936800004,0.75959386028
Cc1cc(C)c2c(N)c(C(=O)NCc3ccc(Cl)cc3)sc2n1,-0.370590401,test,random,11,0.36648539456999996,0.39808761293000017,0.32644082220000015,0.09714251651000007
COc1nc2sc(C(=O)NC3CC3)c(N)c2c(C)c1Cl,0.245512668,test,random,11,0.6277335249200002,0.6882910837600005,0.3466198431299999,1.1429443461100006
C=CC(=O)N(C)CCOc1c(N)ncnc1-c1cc(F)cc(NC(=O)c2ccc(C3CC3)cc2F)c1C,0.838502776,test,random,11,0.8951201497300001,0.34075113646999994,0.3871000238900003,0.23540017330999993
CNC(=O)c1cccc(NC(=O)N2CCC(Oc3ccccc3Cl)CC2)c1,1.068760828,test,random,11,0.40871968524999985,0.5477722153600003,0.4464976160300001,0.2859329125299999
N#Cc1cc(F)c(NS(=O)(=O)c2c[nH]c3cc(Cl)ccc23)cc1F,-0.026872146,test,random,11,0.2273098359900001,0.4458675640300002,0.9892635610500001,0.3328422141499998
CCCc1nc2nc(C)c(NS(=O)(=O)c3ccc(C4CCCCC4)cc3)c(O)n2n1,-0.218963061,test,random,11,0.5943013517600001,0.2579017556599999,0.8436010837200001,0.14382646641000008
CC(=O)Nc1ccc(O)cc1,1.887859133,test,random,11,0.7725582797400005,1.2003474220200006,0.54323553315,1.4574239186599993
N#Cc1ccc(COc2cccc(C3CCN(Cc4nc5ccc(C(=O)O)cc5n4C[C@@H]4CCO4)CC3)n2)c(F)c1,0.402433346,test,random,11,0.6896590712900003,0.36260151658000006,0.3740613557800001,0.015463206700000067
COc1cc2nc(-c3cc(F)ccc3O)nc(N[C@@H]3CNC[C@H]3C(C)(C)O)c2cc1OC.Cl,-1.119186408,test,random,11,0.8410519942499998,0.56383442895,0.4679005617699999,0.5790842272599998
Cc1nnc(-c2ccc(N3CCC(Oc4cc(F)ccc4Cl)CC3)nn2)o1,0.161068385,test,random,11,0.4331959734599999,0.3291927955699998,0.6957915476100002,0.3835115328699999
NC1CCCC1C(=O)N1CCC(c2c[nH]c3ncccc23)CC1,1.71701274,test,random,11,1.526325141160001,1.6168667115100004,1.7638056592500007,1.7479040527900014
NC1CCC(C(=O)N2CCC(c3c[nH]c4ncccc34)CC2)C1,1.917395215,test,random,11,1.571454805940001,1.6170578015000003,1.7348356493000003,1.755767387130001
CNc1nc(C)cc(C(=O)Nc2ccc3[nH]ncc3c2)n1,1.493625323,test,random,11,0.9310764182400003,0.7949424654699999,1.2762418070600001,1.2360615189900002
O=C(Nc1ccc(CN2CCCCC2)cc1)c1ccnc2[nH]cnc12,1.767526899,test,random,11,0.44276902123,0.8061330643300002,0.9767797076400003,0.5627996773499997
CNc1cc(Nc2cccn(-c3ccccn3)c2=O)nn2c(C(=O)N[C@@H]3C[C@@H]3F)cnc12,0.991226076,train,random,12,,,,
CCOc1cc2nn(CCC(C)(C)O)cc2cc1NC(=O)c1cccc(C(F)F)n1,0.099680641,train,random,12,,,,
CN(c1ncc(F)cn1)[C@H]1CCCNC1,2.0,train,random,12,,,,
CC(C)(Oc1ccc(-c2cnc(N)c(-c3ccc(Cl)cc3)c2)cc1)C(=O)O,-1.158015195,train,random,12,,,,
CC(C)(O)CCn1cc2cc(NC(=O)c3cccc(C(F)(F)F)n3)c(C(C)(C)O)cc2n1,1.015611205,train,random,12,,,,
CC#CC(=O)N[C@H]1CCCN(c2c(F)cc(C(N)=O)c3[nH]c(C)c(C)c23)C1,0.163856803,train,random,12,,,,
COc1ccc(Cl)cc1C(=O)NCCc1ccc(S(=O)(=O)NC(=O)NC2CCCCC2)cc1,-0.91721463,train,random,12,,,,
C=CC(=O)N1CCC[C@@H](n2nc(-c3ccc(Oc4ccccc4)cc3)c3c(N)ncnc32)C1,0.62603,train,random,12,,,,
CC(C)NC(=O)COc1cccc(-c2nc(Nc3ccc4[nH]ncc4c3)c3ccccc3n2)c1,-1.384078213,train,random,12,,,,
CCS(=O)(=O)N1CC(CC#N)(n2cc(-c3ncnc4[nH]ccc34)cn2)C1,1.378597739,train,random,12,,,,
COc1ccc(S(=O)(=O)N2CCC(N3CCC(C)CC3)CC2)cc1,1.729799023,train,random,12,,,,
CCn1c(-c2nonc2N)nc2cnc(Oc3cccc(NC(=O)c4ccc(OCCN5CCOCC5)cc4)c3)cc21,-0.449771647,train,random,12,,,,
COc1cc2c(cc1OC)CC(=O)N(CCCN(C)C[C@H]1Cc3cc(OC)c(OC)cc31)CC2,1.730984039,train,random,12,,,,
CCCc1cc(N2CCc3c(nc(C4CC4)n3C)C2)n2ncnc2n1,1.677187053,train,random,12,,,,
Fc1ccc(-c2ccc3c(c2)[nH]c2ccncc23)cn1,0.653405491,train,random,12,,,,
Nc1c(F)ccc2cnc(-n3ccc4ccncc43)cc12,0.713910354,train,random,12,,,,
C=CC(=O)N1C[C@H](Nc2ncnc3[nH]ccc23)CC[C@@H]1C,1.828227965,train,random,12,,,,
Cn1cc(Nc2nccc(N3CC4CCC(C3)N4C(=O)[C@@H]3CC3(F)F)n2)cn1,1.642995934,train,random,12,,,,
[2H]C([2H])([2H])NC(=O)c1nnc(NC(=O)C2CC2)cc1Nc1cccc(-c2ncn(C)n2)c1OC,1.186566481,train,random,12,,,,
C=CC(=O)N1CCC(CNc2ncnc(N)c2-c2ccc(Oc3ccccc3)cc2)CC1,0.752995432,train,random,12,,,,
Nc1n[nH]cc1-c1cc(Cl)ccc1Oc1cc(F)c(S(=O)(=O)Nc2cscn2)cc1Cl,-0.354577731,train,random,12,,,,
Cc1c(-c2c(F)cc(C(N)=O)c3[nH]c4c(c23)CC[C@H](C(C)(C)O)C4)cccc1-n1c(=O)c2cccc(F)c2n(C)c1=O,0.436162647,train,random,12,,,,
Cn1cc(-c2cn3nccc3c(-c3cnn([C@]4(CC#N)C[C@@H](C#N)C4)c3)n2)cn1,1.559583476,train,random,12,,,,
O=C(c1ccc(Oc2ccccc2)cc1Cl)c1c[nH]c2ncnc(N[C@@H]3CC[C@@H](CO)OC3)c12,-0.467245621,train,random,12,,,,
N#CC[C@H](C1CCCC1)n1cc(-c2ncnc3[nH]ccc23)cn1,0.630986911,train,random,12,,,,
CC(C)(C)c1ccc(-c2nc3n(c(=O)c2C#N)CCS3)cc1,0.731266349,train,random,12,,,,
C=CC(=O)Nc1cccc(Oc2nc(Nc3ccc(N4CCN(C)CC4)cc3)nc3ccsc23)c1,-0.049635146,train,random,12,,,,
CC#CC(=O)N1CC[C@@H](n2c(=O)n(-c3ccc(Oc4ccccc4)cc3)c3c(N)ncnc32)C1,0.935859798,train,random,12,,,,
C=CC(=O)N1CCC([C@@H]2CCNc3c(C(N)=O)c(-c4ccc(Oc5ccccc5)cc4)nn32)CC1,0.968996327,train,random,12,,,,
C=CC(=O)N1CCC[C@H](n2c(=O)n(-c3ccc(Oc4ccccc4)cc3)c3c(N)ncnc32)C1,0.983851719,train,random,12,,,,
CC(C)(C=C(C#N)C(=O)N1CCC[C@@H](n2nc(-c3ccc(Oc4ccccc4)cc3F)c3c(N)ncnc32)C1)N1CCN(C2COC2)CC1,0.276231958,train,random,12,,,,
C=CC(=O)Nc1cccc(Oc2nc(Nc3ccc(N4CCN(C)CC4)c(F)c3)nc3[nH]ccc23)c1,0.039414119,train,random,12,,,,
C[C@@H]1c2nnn(-c3ncc(F)cn3)c2CCN1C(=O)c1cccc(C(F)(F)F)c1Cl,0.969089603,train,random,12,,,,
Nc1ncc(-c2cccc(C(F)(F)F)c2)c(C2CCCCN2C(=O)c2ccccc2)n1,-0.04431225,train,random,12,,,,
O=C(Nc1cccc(-c2nncn2C2CC2)c1)c1cc(-n2cnc(C3CC3)c2)ccn1,0.262925469,train,random,12,,,,
Fc1ccccc1-c1c[nH]nc1C1CCCN1Cc1ccc2ncccc2c1,0.545801757,train,random,12,,,,
CCc1nc(C)cn2nc(-c3cc(=O)n4cc(C5CCN(C)CC5)cc(C)c4n3)cc12,0.868232868,train,random,12,,,,
Cc1c(Cl)ccc2cc3n(c12)[C@@H](C)CNC3=O,0.328379603,train,random,12,,,,
Nc1ncnc2c1c(-c1ccc(Oc3ccccc3)cc1)nn2[C@@H]1CCCNC1,0.956648579,train,random,12,,,,
Cc1nnc(CN(C)CC(C)Oc2ccc(Cl)c(Cl)c2)n1C,0.926290987,train,random,12,,,,
COc1cc(F)ccc1-c1ncnc(Nc2cccc(C[S@@](C)(=N)=O)c2)n1,1.594922663,train,random,12,,,,
Cc1ncc(CN2CC[C@@H](Nc3cncc(Cl)n3)[C@@H](C)C2)s1,1.205461507,train,random,12,,,,
Cc1ccc(C(=O)N2CCC(Cc3ccccc3-c3ccccc3)(C(=O)N(C)C)CC2)s1,-0.293282218,train,random,12,,,,
CCc1nc2c(C)cc(N3CCN(CC(=O)N4CC(O)C4)CC3)cn2c1N(C)c1nc(-c2ccc(F)cc2)c(C#N)s1,-0.204728421,train,random,12,,,,
C[C@@H]1CCN(C(=O)CC#N)C[C@@H]1N(C)c1ncnc2[nH]ccc12,1.991815076,train,random,12,,,,
CC(=O)Nc1ccc(C(=O)N2CCCCC2c2nc(N)ncc2-c2ccc(Cl)cc2)cc1,0.596926814,train,random,12,,,,
CC(=O)Nc1ccc(C(=O)N2CCCCC2c2nc(N)ncc2-c2cccc(Cl)c2)cc1,0.520483533,train,random,12,,,,
O=C1CN(c2ccc(Nc3nccc(C(F)(F)F)n3)cn2)CCN1,1.543819805,train,random,12,,,,
Cc1cc(F)ccc1C1C(=O)NCCN1C(=O)c1ccc2nccn2c1,1.78096503,train,random,12,,,,
O=C1NCCN(C(=O)c2ccncc2)C1c1ccccc1Cl,1.876996793,train,random,12,,,,
C[C@H]1CN(C(=O)CC(c2ccccc2)c2ccccc2)C[C@@H](C)O1,1.188253327,train,random,12,,,,
CN1[C@H]2CC[C@@H]1C[C@@H](OC(c1ccccc1)c1ccccc1)C2,1.106122874,train,random,12,,,,
CC(C)(C)C(=O)N1CCC(Cc2ccc(-c3cccs3)cc2)(C(=O)N2CCCC2)CC1,-0.1837587,train,random,12,,,,
OC[C@H](Nc1cncc(-c2ccc3[nH]ncc3n2)c1)c1ccccc1,1.017826038,train,random,12,,,,
CC(=O)N1CCN(c2nc(C(F)(F)F)nc3sc(C)c(C)c23)CC1,0.13481437,train,random,12,,,,
COc1ccccc1C(=O)Nc1ccc2cc[nH]c2c1,0.505149978,train,random,12,,,,
c1ccc(Oc2cccc(CN(CCN3CCOCC3)Cc3cccnc3)c2)cc1,-0.222573178,train,random,12,,,,
Cc1c(C(=O)NCCCN(C)C)sc2ncnc(Nc3ccc(F)cc3OC(C)C)c12,0.741821047,train,random,12,,,,
Nc1ncc(C(=O)NC2CN(C(=O)C3CC3)C2)c2ccc(-c3cccc(F)c3)nc12,0.623352682,train,random,12,,,,
CC1(C)CC(Oc2ccc(-c3ccc(-c4cn[nH]c4)cc3O)nn2)CC(C)(C)N1,1.199947058,train,random,12,,,,
Cc1ncsc1C(=O)N1CCCCC1c1nc(N)ncc1-c1cccc(C(F)(F)F)c1,0.615318657,train,random,12,,,,
O=C(Nc1ccc2ccccc2n1)c1ccc(N2CCOC2=O)cc1,0.449015316,train,random,12,,,,
O=C(CCNC(=O)c1ccc(OC(F)(F)F)cc1)N[C@@H]1CCCc2ccccc21,0.526080692,train,random,12,,,,
O=S(=O)(c1cccc2cnccc12)N1CCCNCC1,1.892077899,train,random,12,,,,
C=CC(=O)Nc1cccc(Oc2nc(Nc3ccc(N4CCN(C)CC4)cc3)nc3ccoc23)c1,0.146128036,train,random,12,,,,
CCN1CCN(S(=O)(=O)Cc2ccc(Cl)c(Cl)c2)CC1,1.249124949,train,random,12,,,,
O=C(Nc1nc2cccc(-c3ccc(CN4CCS(=O)(=O)CC4)cc3)n2n1)C1CC1,1.681349797,train,random,12,,,,
CCN(C/C=C\c1ccc(C2CCCCC2)c(Cl)c1)C1CCCCC1,-0.853871964,train,random,12,,,,
NCCN1CCN(C/C=C/C(=O)N2CCC[C@@H](n3nc(-c4ccc(Oc5ccccc5)cc4)c4c(N)ncnc43)C2)CC1,0.699837726,train,random,12,,,,
CC/C(=C(\c1ccccc1)c1ccc(OCCN(C)C)cc1)c1ccccc1,-0.580044252,train,random,12,,,,
CNC(=O)C1(Cc2ccc(-c3ccncc3)cc2)CCN(Cc2cccc(F)c2)C1,1.10503305,train,random,12,,,,
Cc1ncc(CN2CCC(Nc3ccc4nnnn4n3)C(C)C2)s1,1.652285029,train,random,12,,,,
Cc1nc(Nc2nccs2)cc(C2CN(c3ncccn3)C2)n1,0.444669231,train,random,12,,,,
COc1ccc(Nc2c(C#N)cnc3cc(OC)c(OC)cc23)cc1Cl,-0.033858267,train,random,12,,,,
COc1ccc(CCCN2CCN(c3cnn(C)c3)C(=O)C2)cc1F,1.343408594,train,random,12,,,,
CN(Cc1ccccc1)C1(C(=O)N2CCNC(=O)CC2)Cc2ccccc2C1,0.904931827,train,random,12,,,,
Cc1c(F)cccc1NC(=O)CN1[C@H]2CCCC(=O)N[C@@]2(C)C[C@H]1Cc1ccccc1,0.595275712,train,random,12,,,,
CCC1=C(C)CN(C(=O)NCCc2ccc(S(=O)(=O)NC(=O)N[C@H]3CC[C@H](C)CC3)cc2)C1=O,-1.180456064,train,random,12,,,,
O=S(=O)(c1cccc2c(O)nccc12)N1CCCNCC1,1.850223373,train,random,12,,,,
Cc1ccc(NC(=O)CN2[C@H]3CCCC(=O)N[C@@]3(C)C[C@H]2Cc2ccccc2)cc1F,-0.137272472,train,random,12,,,,
CN(C)C(=O)C1(Cc2ccccc2-c2cccc(F)c2)CCN(C(=O)C2CC=CCC2)CC1,-0.104025268,train,random,12,,,,
COCC(=O)N1CCC(Cc2ccccc2-c2cccc(F)c2)(C(=O)NC(C)C)CC1,0.596597096,train,random,12,,,,
COc1ccc(CNC(=O)c2sc3nc(C)cc(C)c3c2N)cc1,-0.356547324,train,random,12,,,,
C#C[C@@](C)(CC)NC(=O)c1cc(F)cnc1NC1CC(F)(F)C1,0.671265433,train,random,12,,,,
Cc1cnc(C(=O)NCCc2ccc(S(=O)(=O)NC(=O)NC3CCCCC3)cc2)cn1,0.01745073,train,random,12,,,,
CNC(=O)C1(Cc2ccc(-c3cccnc3)cc2)CCN(Cc2cccc(F)c2)C1,0.829753919,train,random,12,,,,
CC(=O)Nc1ncc(CN2CCCC[C@@H]2C)s1,2.0,train,random,12,,,,
O=C1CCCC[C@@H]2[C@H](C[C@@H](Cc3ccccc3F)N2C(=O)c2cccc3ncccc23)N1,1.277998644,train,random,12,,,,
CCOc1cc(CC(=O)N[C@@H](CC(C)C)c2ccccc2N2CCCCC2)ccc1C(=O)O,0.106870544,train,random,12,,,,
COCCc1noc(CN2CC(c3ccccc3)(c3ccccc3)CCC2=O)n1,1.167051359,train,random,12,,,,
Cc1[nH]nc2c1C1(CCCCC1)CC(=O)N2,1.323066376,train,random,12,,,,
Cc1oc2ccccc2c1CNc1nnc(-c2ccncc2)o1,0.717254313,train,random,12,,,,
O=C(Nc1cccc2ncccc12)[C@H]1CCCN(S(=O)(=O)c2ccccc2)C1,1.222560409,train,random,12,,,,
Nc1ncnc2c1c(-c1cnc3[nH]ccc3c1)nn2C1CCCC1,0.862608364,train,random,12,,,,
O=C(Nc1cnccc1-c1ccc(Cl)cc1)c1ccnc(NC(=O)C2CC2)c1,0.369957607,train,random,12,,,,
CC1CN(C(=O)c2cccnc2N2CCOCC2)CC(c2ccccc2)O1,1.573185017,train,random,12,,,,
CCCCNC(=O)NS(=O)(=O)c1ccc(C)cc1,0.439332694,train,random,12,,,,
Cc1cc(Nc2cnccn2)cc(C2CCCN(CC(=O)N3CCCC3)C2)n1,1.642246824,train,random,12,,,,
Cc1cccnc1Nc1cccc(C2CCCN(CC(=O)Nc3nccs3)C2)n1,0.180699201,train,random,12,,,,
CC1(C)CC(=O)C2=C(C1)NC(=O)CC2c1ccc(Br)cc1,1.159236233,train,random,12,,,,
CN1CCN(S(=O)(=O)c2ccc(-c3cnc(N)c(C(=O)Nc4cccnc4)n3)cc2)CC1,1.078638038,train,random,12,,,,
Cc1cc(N2CCCC2c2cc(CCC(=O)O)cc(C)n2)ncn1,2.0,train,random,12,,,,
CCCNC(=O)NS(=O)(=O)c1ccc(Cl)cc1,0.969835093,train,random,12,,,,
O=C(CN1CCCC(c2cccc(Cc3cccc(F)c3)n2)C1)N1CCCC1,1.062130535,train,random,12,,,,
Cc1cc(C)c2c(N)c(C(=O)NCc3ccc(Cl)cc3)sc2n1,-0.370590401,train,random,12,,,,
COc1nc2sc(C(=O)NC3CC3)c(N)c2c(C)c1Cl,0.245512668,train,random,12,,,,
CC1(CNC(=O)c2cncc(C3CCNCC3)n2)CCCO1,1.988550039,train,random,12,,,,
Cc1cc(N2CCCC2)nc(C2CCCN(C)C2)n1,2.0,train,random,12,,,,
O=C1NCCSc2c1sc1ccc(O)cc21,0.891593204,train,random,12,,,,
C[C@H]1CN(C2COC2)CCN1c1ccc(Nc2cc(-c3ccnc(N4CCn5c(cc6c5CC(C)(C)C6)C4=O)c3CO)cn(C)c2=O)nc1,1.209139536,train,random,12,,,,
C=CC(=O)Nc1cccc(Nc2nc(Nc3ccc(Oc4ccnc(C(=O)NC)c4)cc3)ncc2F)c1,-0.403402904,train,random,12,,,,
C=CC(=O)N(C)CCOc1c(N)ncnc1-c1cc(F)cc(NC(=O)c2ccc(C3CC3)cc2F)c1C,0.838502776,train,random,12,,,,
CC(=O)NCCNc1cc(Cl)nn2c(-c3cccc(S(=O)(=O)N(C)C)c3)c(C)nc12,0.681693392,train,random,12,,,,
Cc1c[nH]c(=O)n1-c1ccc(C(=O)Nc2ccc3ccccc3n2)cc1,0.639386869,train,random,12,,,,
CNC(=O)c1cccc(NC(=O)N2CCC(Oc3ccccc3Cl)CC2)c1,1.068760828,train,random,12,,,,
COc1ccc(OCC(=O)Nc2cccc(Cl)c2N2CCN(C(C)=O)CC2)cc1,0.700790221,train,random,12,,,,
c1ccc(-c2ccc(CN3CCCCCCC3)cc2)cc1,-0.614393726,train,random,12,,,,
CC(=O)N1CCN(c2c(Cl)cccc2NC(=O)COc2ccccc2Cl)CC1,0.256958153,train,random,12,,,,
CC1(C)Cc2cc(NC(=O)c3cnn4cccnc34)c(OCC3CC3)nc2O1,-0.199970641,train,random,12,,,,
N#Cc1cc(F)c(NS(=O)(=O)c2c[nH]c3cc(Cl)ccc23)cc1F,-0.026872146,train,random,12,,,,
COc1cc2c(cc1OC)CN(CCc1ccc(NC(=O)c3cccc4c(O)c5cccc(OC)c5nc34)cc1)CC2,-1.207608311,train,random,12,,,,
CCCc1nc2nc(C)c(NS(=O)(=O)c3ccc(C4CCCCC4)cc3)c(O)n2n1,-0.218963061,train,random,12,,,,
COc1ccc([C@H]2c3[nH]c4ccc(Cl)cc4c3CCN2C(=O)Oc2ccc(Cl)cc2)cc1,1.51293775,train,random,12,,,,
NC(=O)C1(Cc2ccc(-c3ccncc3)cc2)CCN(C(=O)Cc2cccc(F)c2)CC1,1.006508828,train,random,12,,,,
CC(=O)Nc1ccc(O)cc1,1.887859133,train,random,12,,,,
Cc1cccc(/C=N/Nc2cc(N3CCOCC3)nc(OCCc3ccccn3)n2)c1,-0.548213564,train,random,12,,,,
CCn1c(=O)oc2cc(NC(=O)c3ccc(C(C)(C)C)cc3)ccc21,0.21005085,train,random,12,,,,
N#Cc1ccc(COc2cccc(C3CCN(Cc4nc5ccc(C(=O)O)cc5n4C[C@@H]4CCO4)CC3)n2)c(F)c1,0.402433346,train,random,12,,,,
CC(C)[C@H](CO)Nc1nc(Nc2cc(N)cc(Cl)c2)c2ncn(C(C)C)c2n1,-0.061980903,train,random,12,,,,
O=C(NC1CCNCC1)c1ccc2cn[nH]c2c1,2.0,train,random,12,,,,
CC(=O)Nc1ncc(C(=O)O)s1,1.81935965,train,random,12,,,,
Cc1cccc(-c2nc(C34CCC(C(N)=O)(CC3)CC4)[nH]c2-c2ccc3c(c2)OCO3)n1,1.02011257,train,random,12,,,,
COc1cc2nc(-c3cc(F)ccc3O)nc(N[C@@H]3CNC[C@H]3C(C)(C)O)c2cc1OC.Cl,-1.119186408,train,random,12,,,,
Cc1nnc(-c2ccc(N3CCC(Oc4cc(F)ccc4Cl)CC3)nn2)o1,0.161068385,train,random,12,,,,
CCCS(=O)(=O)Nc1ccc(F)c(C(=O)c2c[nH]c3ncc(-c4ccc(Cl)cc4)cc23)c1F,-1.59345982,train,random,12,,,,
Cc1ccc(OCC2(O)CCN(CC3(O)CCN(c4ccccc4C)CC3)CC2)cc1,-0.040481623,train,random,12,,,,
O=C(Nc1cccc(N2CCNC2=O)c1)C1NCC12CCCC2,1.718202645,train,random,12,,,,
NCC1CCCC1NC(=O)c1cc(N2CCNC2=O)ccc1F,1.87495702,train,random,12,,,,
Cn1c(-c2n[nH]c3c2CCCC3)nnc1N1CCC2(CNC(=O)C2)C1,1.792986685,train,random,12,,,,
O=C(NCCc1ccccc1)c1ccc(NC(=O)N2CCCCc3ccccc32)cc1,0.075911761,train,random,12,,,,
CC(C)(C)c1ccc(C(O)CN2CCC(O)(c3ccc4c(c3)OCO4)CC2)cc1,0.779018972,train,random,12,,,,
NC[C@H]1CC[C@@H](C(=O)Nc2ccc3[nH]ncc3c2)O1,1.981999714,train,random,12,,,,
CN(C(=O)c1cc(N2CCNC2=O)ccc1F)C1CCC(N)CC1,1.828717885,train,random,12,,,,
NC1CCCC1C(=O)N1CCC(c2c[nH]c3ncccc23)CC1,1.71701274,train,random,12,,,,
NC1CCCC(C(=O)Nc2ccc3[nH]ncc3c2)C1,2.0,train,random,12,,,,
NC1CCC(C(=O)N2CCC(c3c[nH]c4ncccc34)CC2)C1,1.917395215,train,random,12,,,,
NC1CCCC(C(=O)N2CCC(c3c[nH]c4ncccc34)CC2)C1,1.752816431,train,random,12,,,,
O=C(NC12CCCC1NCC2)c1ccc(-c2cn[nH]c2)cc1,2.0,train,random,12,,,,
Cc1nc2cc(C(=O)NC34CCCC3NCC4)ccc2c(=O)[nH]1,1.866494097,train,random,12,,,,
CNc1nc(C)cc(C(=O)Nc2ccc3[nH]ncc3c2)n1,1.493625323,train,random,12,,,,
O=C(Nc1ccc(CN2CCCCC2)cc1)c1ccnc2[nH]cnc12,1.767526899,train,random,12,,,,
CCc1c[nH]c2ncnc(N3CCC(CN4CCN(C)CC4)CC3)c12,1.728012707,train,random,12,,,,
NC(=O)c1cnc(N2CCc3[nH]nc(C(F)(F)F)c3C2)c(Cl)c1,0.986009932,train,random,12,,,,
CC1CC(N)CCN1C(=O)c1cc(N2CCNC2=O)c(F)cc1F,1.833504094,train,random,12,,,,
c1sc(NCC2CCCO2)nc1C12CC3CC(CC(C3)C1)C2,-1.096910013,train,random,12,,,,
Cc1c[nH]c2nccc(Oc3c(F)cc(Nc4cc(Cl)nc(N)n4)cc3F)c12,-1.22184875,test,random,12,0.3103446179799999,0.17594464085999995,0.49384358066999995,0.12597957390000003
CC#CC(=O)N1CC[C@@H](n2cc(-c3ccc(Oc4c(F)cccc4F)cc3)c3c(N)n[nH]c(=O)c32)C1,-0.073143291,test,random,12,0.6922464119500004,0.5849201298100002,0.6430768374300002,0.33960920021
COc1ccccc1-c1cc(NC(=O)c2cccc(N3CCNC3=O)c2)[nH]n1,-0.397940009,test,random,12,1.2996219509900004,0.68072735567,0.7930041021500006,0.6087454968400001
Cc1nccc(-c2cn(Cc3ccccc3)c3cnccc23)n1,1.122707254,test,random,12,0.7598203129300001,0.7459112267600005,0.7983236142500002,0.42255322322999994
COc1nn(C)cc1C(=O)Nc1cccc(-c2cnc3n2CCC3)c1,0.866877814,test,random,12,0.9117128753900005,0.8300491502600004,0.9238756517000002,1.1878924512700002
CN(C)C(=O)C1(Cc2ccccc2-c2ccccc2)CCN(C(=O)C2CCCO2)CC1,0.902546779,test,random,12,0.29742815229999986,0.35502741643,0.7235819052499999,0.72803048753
O=C1NCCN(C(=O)c2ccc3nccn3c2)C1c1ccccc1C(F)(F)F,1.851001366,test,random,12,1.5101174631200005,1.1126909718600002,1.2860448281400003,1.3980906687999997
Cc1ncsc1C(=O)N1CCCCC1c1nc(N(C)C)ncc1-c1cccc(Cl)c1,-0.083019953,test,random,12,0.5854994909400001,0.40378681248000015,0.7430101800800003,0.22214591710999987
OCC1CCCCN1Cc1ccc(Cl)c(Cl)c1,1.390069186,test,random,12,0.9371427001899997,1.11306593862,0.6820801816800001,0.7937336667500005
COc1ccc([C@H]2CN(C(C)=O)[C@@H]3CCCN(Cc4cccc(F)c4)[C@H]23)cc1,0.595385981,test,random,12,0.8976013640000001,0.7666983989299997,0.4820361751500002,0.9395446764099994
OCC1CCCCN1Cc1ccc(-c2ccccc2)cc1,1.368007805,test,random,12,0.5621033039899997,0.7941167180999996,0.34050638343999995,0.8123193332800003
Cc1nnc(-c2ccc3occ(-c4ccc(S(C)=O)cc4)c3c2)o1,0.193402903,test,random,12,0.6681173677000001,0.5167765148100001,0.45971112215999993,0.5335429420600002
CCn1c(CO)nn(-c2cc(O[C@@H](C)C(F)(F)F)c(C(=O)Nc3c(F)cccc3Cl)cc2F)c1=O,0.975753389,test,random,12,0.6221191725,0.66542540152,0.19718001302,0.2600355944199999
Cn1c(C2CC2)nc2c1CCN(c1ncnc3ccsc13)C2,1.237065953,test,random,12,1.2387066949999994,1.16351709084,1.0033282623900002,0.9434861653700004
COc1nn(C)cc1C(=O)Nc1cccc2cnccc12,1.504729052,test,random,12,0.7994377718000004,0.8348163330500004,0.9079624715800004,1.3444278483000012
Cc1noc(C(C)C)c1C(=O)N1CC(C)OC(c2ccccc2)C1,1.180469962,test,random,12,1.15088116516,0.8743643293000004,1.31652286755,0.8013024583199999
Cn1cc(Nc2nc(N)nc(-c3cccc(-n4ccc5cc(C6CC6)cc(F)c5c4=O)c3CO)n2)cn1,0.850401148,test,random,12,0.9305208581300001,0.42539357503000014,0.6765988749300001,0.26625811275999983
CNC(=O)C1(Cc2ccc(-c3cccnc3)cc2)CCN(Cc2ccc(F)cc2)C1,1.021602716,test,random,12,0.6070055704899997,0.7763172531000002,0.7182129147899999,0.88656617726
CC(O)(C#Cc1ccc2c(c1)N(c1nc(N)ncc1Cl)CC2)c1nccs1,-0.122628654,test,random,12,0.6472489219100004,0.4928140615600002,0.8742150485500004,0.35779838257
C[C@@H]1Cc2ccccc2N1C(=O)Cn1nc(-c2cccc3ncccc23)oc1=O,0.224014811,test,random,12,0.76770337059,0.8239736992500003,0.7211448626500001,0.7014837885599998
CN1C(N)=N[C@](C)(c2cc(NC(=O)c3ccc(F)cn3)ccc2F)CS1(=O)=O,1.560468571,test,random,12,0.9207321176199998,0.7642594790599999,0.8243578179899999,1.3015694891299998
CN(C)C(=O)C1(Cc2ccccc2-c2ccccc2)CCN(C(=O)c2cnn(C)c2)CC1,1.041353202,test,random,12,0.45269909781999973,0.36354318910999994,0.6153067863500002,0.7758430437599998
CNC(=O)C1(Cc2ccc(-c3cccnc3)cc2)CCN(Cc2ccccc2Cl)C1,0.387567779,test,random,12,0.7578257658799998,0.6195067587900002,0.6229670234900001,0.5750162004300001
COc1cc2ncnc(Nc3cccc(O)c3)c2cc1OC,0.994317153,test,random,12,0.4752646553299998,0.5148557156300001,0.35394153335,0.7003138391200002
COCCNC(=O)c1ccnc(C2CCNCC2)c1,2.0,test,random,12,1.4463422560699999,1.5748078280000004,1.14435349216,1.4969993922400004
CCn1cc(C(=O)O)c(=O)c2c(N)c(F)c(NC3CCCCC3)cc21,0.427486109,test,random,12,0.6631924424600002,0.63837775554,0.6977251699999998,0.4791572006200003
CC#CC(=O)N1CCC[C@@H]1c1nc(-c2ccc(C(=O)Nc3ccccn3)cc2)c2c(N)nccn12,0.975868182,test,random,12,0.57668716275,0.52966512032,0.7750096878300003,0.5691362701700002
CCC(=O)N1CCN(c2ccc(Cl)cc2NC(=O)COc2ccccc2)CC1,0.250420002,test,random,12,0.3700317031699996,0.4866844908799999,0.37369511699000013,0.46112182132999974
Cc1ccc(Oc2ccc(Cl)cc2NC(=O)CN(C)CC(=O)N(C)C)cc1,-0.053056729,test,random,12,0.22075744577999995,0.40518891726,0.52817741741,0.5528431101500001
O=C(NC1CCNCC1)c1ccc2[nH]ncc2c1,1.842696589,test,random,12,1.8246188654699997,1.7934061371899999,1.5308761626399998,1.8033068334200004
COc1ccc(OC[C@@H]2c3cc(OC)c(OC)cc3CCN2C(=O)c2cccc(Cl)c2)cc1,-0.116906641,test,random,12,0.46993417517999986,0.6189843521100002,0.18924549865999998,0.24657526535999985
CC(C)(C)OC(=O)N1CCCC1C(=O)N1CCC(C(=O)N[C@@H](Cc2c[nH]c3ccccc23)C(=O)O)CC1,1.691832676,test,random,12,0.6381581883900003,0.3797928833600001,0.91027188897,0.005566575849999982
O=C(Nc1cccc2c(=O)cc(-c3nnn[nH]3)oc12)c1ccc(OCCCCc2ccccc2)cc1,0.582744966,test,random,12,0.22892188250999987,0.08544316265999999,0.18046303634999994,-0.12583916548
CC(C)[C@@](C)(O)[C@@H]1CN(c2nc(-c3n[nH]c4ncccc34)c(F)cc2Cl)CCN1,1.302460808,test,random,12,1.3428968848200007,0.7602195757700003,1.0601459709200003,0.6313679673200003
Cc1cn2nc(-c3cc(=O)n4cc(N5CCNC6(CC6)C5)ccc4n3)cc(C)c2n1,0.985246791,test,random,12,1.0173086437199998,0.6584571813300003,1.0460590202200002,1.43824528035
CN(C(=O)c1cc(N2CCNC2=O)ccc1F)C1CCNC1,1.885728632,test,random,12,1.6589622413900011,1.6751318344200008,1.3915136203400005,1.8442814533900005
Cc1nnc(-c2ccc(N3CCC(Oc4ccccc4C(F)(F)F)CC3)nn2)s1,-0.906578315,test,random,12,1.00493673665,0.7733790236299999,0.4780624149000001,0.4846133844299999
NC1CC(NC(=O)c2ccc(-c3cn[nH]c3)cn2)C12CCC2,1.709702344,test,random,12,1.1683605558000003,1.42494611029,1.59690674416,1.784184723870001
NC1CCCC(C(=O)Nc2cccc(N3CCNC3=O)c2)C1,1.763113391,test,random,12,1.6204419858600003,1.6707872940000004,1.6190377149600008,1.851657449230001
CNc1cc(Nc2cccn(-c3ccccn3)c2=O)nn2c(C(=O)N[C@@H]3C[C@@H]3F)cnc12,0.991226076,train,random,13,,,,
CCOc1cc2nn(CCC(C)(C)O)cc2cc1NC(=O)c1cccc(C(F)F)n1,0.099680641,train,random,13,,,,
CN(c1ncc(F)cn1)[C@H]1CCCNC1,2.0,train,random,13,,,,
CC(C)(Oc1ccc(-c2cnc(N)c(-c3ccc(Cl)cc3)c2)cc1)C(=O)O,-1.158015195,train,random,13,,,,
CC(C)(O)CCn1cc2cc(NC(=O)c3cccc(C(F)(F)F)n3)c(C(C)(C)O)cc2n1,1.015611205,train,random,13,,,,
CC#CC(=O)N[C@H]1CCCN(c2c(F)cc(C(N)=O)c3[nH]c(C)c(C)c23)C1,0.163856803,train,random,13,,,,
COc1ccc(Cl)cc1C(=O)NCCc1ccc(S(=O)(=O)NC(=O)NC2CCCCC2)cc1,-0.91721463,train,random,13,,,,
C=CC(=O)N1CCC[C@@H](n2nc(-c3ccc(Oc4ccccc4)cc3)c3c(N)ncnc32)C1,0.62603,train,random,13,,,,
CC(C)NC(=O)COc1cccc(-c2nc(Nc3ccc4[nH]ncc4c3)c3ccccc3n2)c1,-1.384078213,train,random,13,,,,
CCS(=O)(=O)N1CC(CC#N)(n2cc(-c3ncnc4[nH]ccc34)cn2)C1,1.378597739,train,random,13,,,,
Cc1c[nH]c2nccc(Oc3c(F)cc(Nc4cc(Cl)nc(N)n4)cc3F)c12,-1.22184875,train,random,13,,,,
COc1cc2c(cc1OC)CC(=O)N(CCCN(C)C[C@H]1Cc3cc(OC)c(OC)cc31)CC2,1.730984039,train,random,13,,,,
CCCc1cc(N2CCc3c(nc(C4CC4)n3C)C2)n2ncnc2n1,1.677187053,train,random,13,,,,
C=CC(=O)N1C[C@H](Nc2ncnc3[nH]ccc23)CC[C@@H]1C,1.828227965,train,random,13,,,,
Cn1cc(Nc2nccc(N3CC4CCC(C3)N4C(=O)[C@@H]3CC3(F)F)n2)cn1,1.642995934,train,random,13,,,,
[2H]C([2H])([2H])NC(=O)c1nnc(NC(=O)C2CC2)cc1Nc1cccc(-c2ncn(C)n2)c1OC,1.186566481,train,random,13,,,,
Nc1n[nH]cc1-c1cc(Cl)ccc1Oc1cc(F)c(S(=O)(=O)Nc2cscn2)cc1Cl,-0.354577731,train,random,13,,,,
Cn1cc(-c2cn3nccc3c(-c3cnn([C@]4(CC#N)C[C@@H](C#N)C4)c3)n2)cn1,1.559583476,train,random,13,,,,
O=C(c1ccc(Oc2ccccc2)cc1Cl)c1c[nH]c2ncnc(N[C@@H]3CC[C@@H](CO)OC3)c12,-0.467245621,train,random,13,,,,
N#CC[C@H](C1CCCC1)n1cc(-c2ncnc3[nH]ccc23)cn1,0.630986911,train,random,13,,,,
CC(C)(C)c1ccc(-c2nc3n(c(=O)c2C#N)CCS3)cc1,0.731266349,train,random,13,,,,
C=CC(=O)Nc1cccc(Oc2nc(Nc3ccc(N4CCN(C)CC4)cc3)nc3ccsc23)c1,-0.049635146,train,random,13,,,,
CC#CC(=O)N1CC[C@@H](n2c(=O)n(-c3ccc(Oc4ccccc4)cc3)c3c(N)ncnc32)C1,0.935859798,train,random,13,,,,
CC#CC(=O)N1CC[C@@H](n2cc(-c3ccc(Oc4c(F)cccc4F)cc3)c3c(N)n[nH]c(=O)c32)C1,-0.073143291,train,random,13,,,,
COc1ccccc1-c1cc(NC(=O)c2cccc(N3CCNC3=O)c2)[nH]n1,-0.397940009,train,random,13,,,,
Nc1ncc(-c2cccc(C(F)(F)F)c2)c(C2CCCCN2C(=O)c2ccccc2)n1,-0.04431225,train,random,13,,,,
O=C(Nc1cccc(-c2nncn2C2CC2)c1)c1cc(-n2cnc(C3CC3)c2)ccn1,0.262925469,train,random,13,,,,
Fc1ccccc1-c1c[nH]nc1C1CCCN1Cc1ccc2ncccc2c1,0.545801757,train,random,13,,,,
Cc1nccc(-c2cn(Cc3ccccc3)c3cnccc23)n1,1.122707254,train,random,13,,,,
CCc1nc(C)cn2nc(-c3cc(=O)n4cc(C5CCN(C)CC5)cc(C)c4n3)cc12,0.868232868,train,random,13,,,,
Cc1c(Cl)ccc2cc3n(c12)[C@@H](C)CNC3=O,0.328379603,train,random,13,,,,
Nc1ncnc2c1c(-c1ccc(Oc3ccccc3)cc1)nn2[C@@H]1CCCNC1,0.956648579,train,random,13,,,,
Cc1nnc(CN(C)CC(C)Oc2ccc(Cl)c(Cl)c2)n1C,0.926290987,train,random,13,,,,
COc1nn(C)cc1C(=O)Nc1cccc(-c2cnc3n2CCC3)c1,0.866877814,train,random,13,,,,
COc1cc(F)ccc1-c1ncnc(Nc2cccc(C[S@@](C)(=N)=O)c2)n1,1.594922663,train,random,13,,,,
Cc1ncc(CN2CC[C@@H](Nc3cncc(Cl)n3)[C@@H](C)C2)s1,1.205461507,train,random,13,,,,
Cc1ccc(C(=O)N2CCC(Cc3ccccc3-c3ccccc3)(C(=O)N(C)C)CC2)s1,-0.293282218,train,random,13,,,,
C[C@@H]1CCN(C(=O)CC#N)C[C@@H]1N(C)c1ncnc2[nH]ccc12,1.991815076,train,random,13,,,,
CN(C)C(=O)C1(Cc2ccccc2-c2ccccc2)CCN(C(=O)C2CCCO2)CC1,0.902546779,train,random,13,,,,
O=C1CN(c2ccc(Nc3nccc(C(F)(F)F)n3)cn2)CCN1,1.543819805,train,random,13,,,,
O=C1NCCN(C(=O)c2ccc3nccn3c2)C1c1ccccc1C(F)(F)F,1.851001366,train,random,13,,,,
Cc1cc(F)ccc1C1C(=O)NCCN1C(=O)c1ccc2nccn2c1,1.78096503,train,random,13,,,,
C[C@H]1CN(C(=O)CC(c2ccccc2)c2ccccc2)C[C@@H](C)O1,1.188253327,train,random,13,,,,
CN1[C@H]2CC[C@@H]1C[C@@H](OC(c1ccccc1)c1ccccc1)C2,1.106122874,train,random,13,,,,
OC[C@H](Nc1cncc(-c2ccc3[nH]ncc3n2)c1)c1ccccc1,1.017826038,train,random,13,,,,
Cc1ncsc1C(=O)N1CCCCC1c1nc(N(C)C)ncc1-c1cccc(Cl)c1,-0.083019953,train,random,13,,,,
OCC1CCCCN1Cc1ccc(Cl)c(Cl)c1,1.390069186,train,random,13,,,,
CC(=O)N1CCN(c2nc(C(F)(F)F)nc3sc(C)c(C)c23)CC1,0.13481437,train,random,13,,,,
COc1ccccc1C(=O)Nc1ccc2cc[nH]c2c1,0.505149978,train,random,13,,,,
c1ccc(Oc2cccc(CN(CCN3CCOCC3)Cc3cccnc3)c2)cc1,-0.222573178,train,random,13,,,,
COc1ccc([C@H]2CN(C(C)=O)[C@@H]3CCCN(Cc4cccc(F)c4)[C@H]23)cc1,0.595385981,train,random,13,,,,
Cc1c(C(=O)NCCCN(C)C)sc2ncnc(Nc3ccc(F)cc3OC(C)C)c12,0.741821047,train,random,13,,,,
OCC1CCCCN1Cc1ccc(-c2ccccc2)cc1,1.368007805,train,random,13,,,,
Nc1ncc(C(=O)NC2CN(C(=O)C3CC3)C2)c2ccc(-c3cccc(F)c3)nc12,0.623352682,train,random,13,,,,
Cc1nnc(-c2ccc3occ(-c4ccc(S(C)=O)cc4)c3c2)o1,0.193402903,train,random,13,,,,
O=C(Nc1ccc2ccccc2n1)c1ccc(N2CCOC2=O)cc1,0.449015316,train,random,13,,,,
O=C(CCNC(=O)c1ccc(OC(F)(F)F)cc1)N[C@@H]1CCCc2ccccc21,0.526080692,train,random,13,,,,
O=S(=O)(c1cccc2cnccc12)N1CCCNCC1,1.892077899,train,random,13,,,,
C=CC(=O)Nc1cccc(Oc2nc(Nc3ccc(N4CCN(C)CC4)cc3)nc3ccoc23)c1,0.146128036,train,random,13,,,,
CCN1CCN(S(=O)(=O)Cc2ccc(Cl)c(Cl)c2)CC1,1.249124949,train,random,13,,,,
CCn1c(CO)nn(-c2cc(O[C@@H](C)C(F)(F)F)c(C(=O)Nc3c(F)cccc3Cl)cc2F)c1=O,0.975753389,train,random,13,,,,
CCN(C/C=C\c1ccc(C2CCCCC2)c(Cl)c1)C1CCCCC1,-0.853871964,train,random,13,,,,
NCCN1CCN(C/C=C/C(=O)N2CCC[C@@H](n3nc(-c4ccc(Oc5ccccc5)cc4)c4c(N)ncnc43)C2)CC1,0.699837726,train,random,13,,,,
Cn1c(C2CC2)nc2c1CCN(c1ncnc3ccsc13)C2,1.237065953,train,random,13,,,,
CC/C(=C(\c1ccccc1)c1ccc(OCCN(C)C)cc1)c1ccccc1,-0.580044252,train,random,13,,,,
COc1nn(C)cc1C(=O)Nc1cccc2cnccc12,1.504729052,train,random,13,,,,
CNC(=O)C1(Cc2ccc(-c3ccncc3)cc2)CCN(Cc2cccc(F)c2)C1,1.10503305,train,random,13,,,,
Cc1nc(Nc2nccs2)cc(C2CN(c3ncccn3)C2)n1,0.444669231,train,random,13,,,,
COc1ccc(Nc2c(C#N)cnc3cc(OC)c(OC)cc23)cc1Cl,-0.033858267,train,random,13,,,,
Cc1noc(C(C)C)c1C(=O)N1CC(C)OC(c2ccccc2)C1,1.180469962,train,random,13,,,,
Cc1c(F)cccc1NC(=O)CN1[C@H]2CCCC(=O)N[C@@]2(C)C[C@H]1Cc1ccccc1,0.595275712,train,random,13,,,,
CCC1=C(C)CN(C(=O)NCCc2ccc(S(=O)(=O)NC(=O)N[C@H]3CC[C@H](C)CC3)cc2)C1=O,-1.180456064,train,random,13,,,,
O=S(=O)(c1cccc2c(O)nccc12)N1CCCNCC1,1.850223373,train,random,13,,,,
Cc1ccc(NC(=O)CN2[C@H]3CCCC(=O)N[C@@]3(C)C[C@H]2Cc2ccccc2)cc1F,-0.137272472,train,random,13,,,,
CN(C)C(=O)C1(Cc2ccccc2-c2cccc(F)c2)CCN(C(=O)C2CC=CCC2)CC1,-0.104025268,train,random,13,,,,
COCC(=O)N1CCC(Cc2ccccc2-c2cccc(F)c2)(C(=O)NC(C)C)CC1,0.596597096,train,random,13,,,,
C#C[C@@](C)(CC)NC(=O)c1cc(F)cnc1NC1CC(F)(F)C1,0.671265433,train,random,13,,,,
Cn1cc(Nc2nc(N)nc(-c3cccc(-n4ccc5cc(C6CC6)cc(F)c5c4=O)c3CO)n2)cn1,0.850401148,train,random,13,,,,
Cc1cnc(C(=O)NCCc2ccc(S(=O)(=O)NC(=O)NC3CCCCC3)cc2)cn1,0.01745073,train,random,13,,,,
CNC(=O)C1(Cc2ccc(-c3cccnc3)cc2)CCN(Cc2ccc(F)cc2)C1,1.021602716,train,random,13,,,,
CNC(=O)C1(Cc2ccc(-c3cccnc3)cc2)CCN(Cc2cccc(F)c2)C1,0.829753919,train,random,13,,,,
CC(=O)Nc1ncc(CN2CCCC[C@@H]2C)s1,2.0,train,random,13,,,,
O=C1CCCC[C@@H]2[C@H](C[C@@H](Cc3ccccc3F)N2C(=O)c2cccc3ncccc23)N1,1.277998644,train,random,13,,,,
CCOc1cc(CC(=O)N[C@@H](CC(C)C)c2ccccc2N2CCCCC2)ccc1C(=O)O,0.106870544,train,random,13,,,,
CC(O)(C#Cc1ccc2c(c1)N(c1nc(N)ncc1Cl)CC2)c1nccs1,-0.122628654,train,random,13,,,,
COCCc1noc(CN2CC(c3ccccc3)(c3ccccc3)CCC2=O)n1,1.167051359,train,random,13,,,,
Cc1[nH]nc2c1C1(CCCCC1)CC(=O)N2,1.323066376,train,random,13,,,,
Cc1oc2ccccc2c1CNc1nnc(-c2ccncc2)o1,0.717254313,train,random,13,,,,
O=C(Nc1cccc2ncccc12)[C@H]1CCCN(S(=O)(=O)c2ccccc2)C1,1.222560409,train,random,13,,,,
C[C@@H]1Cc2ccccc2N1C(=O)Cn1nc(-c2cccc3ncccc23)oc1=O,0.224014811,train,random,13,,,,
Nc1ncnc2c1c(-c1cnc3[nH]ccc3c1)nn2C1CCCC1,0.862608364,train,random,13,,,,
CN1C(N)=N[C@](C)(c2cc(NC(=O)c3ccc(F)cn3)ccc2F)CS1(=O)=O,1.560468571,train,random,13,,,,
CCCCNC(=O)NS(=O)(=O)c1ccc(C)cc1,0.439332694,train,random,13,,,,
Cc1cc(Nc2cnccn2)cc(C2CCCN(CC(=O)N3CCCC3)C2)n1,1.642246824,train,random,13,,,,
Cc1cccnc1Nc1cccc(C2CCCN(CC(=O)Nc3nccs3)C2)n1,0.180699201,train,random,13,,,,
CN(C)C(=O)C1(Cc2ccccc2-c2ccccc2)CCN(C(=O)c2cnn(C)c2)CC1,1.041353202,train,random,13,,,,
CN1CCN(S(=O)(=O)c2ccc(-c3cnc(N)c(C(=O)Nc4cccnc4)n3)cc2)CC1,1.078638038,train,random,13,,,,
CNC(=O)C1(Cc2ccc(-c3cccnc3)cc2)CCN(Cc2ccccc2Cl)C1,0.387567779,train,random,13,,,,
Cc1cc(N2CCCC2c2cc(CCC(=O)O)cc(C)n2)ncn1,2.0,train,random,13,,,,
CCCNC(=O)NS(=O)(=O)c1ccc(Cl)cc1,0.969835093,train,random,13,,,,
O=C(CN1CCCC(c2cccc(Cc3cccc(F)c3)n2)C1)N1CCCC1,1.062130535,train,random,13,,,,
COc1cc2ncnc(Nc3cccc(O)c3)c2cc1OC,0.994317153,train,random,13,,,,
Cc1cc(C)c2c(N)c(C(=O)NCc3ccc(Cl)cc3)sc2n1,-0.370590401,train,random,13,,,,
COCCNC(=O)c1ccnc(C2CCNCC2)c1,2.0,train,random,13,,,,
COc1nc2sc(C(=O)NC3CC3)c(N)c2c(C)c1Cl,0.245512668,train,random,13,,,,
CC1(CNC(=O)c2cncc(C3CCNCC3)n2)CCCO1,1.988550039,train,random,13,,,,
Cc1cc(N2CCCC2)nc(C2CCCN(C)C2)n1,2.0,train,random,13,,,,
O=C1NCCSc2c1sc1ccc(O)cc21,0.891593204,train,random,13,,,,
CCn1cc(C(=O)O)c(=O)c2c(N)c(F)c(NC3CCCCC3)cc21,0.427486109,train,random,13,,,,
C[C@H]1CN(C2COC2)CCN1c1ccc(Nc2cc(-c3ccnc(N4CCn5c(cc6c5CC(C)(C)C6)C4=O)c3CO)cn(C)c2=O)nc1,1.209139536,train,random,13,,,,
C=CC(=O)N(C)CCOc1c(N)ncnc1-c1cc(F)cc(NC(=O)c2ccc(C3CC3)cc2F)c1C,0.838502776,train,random,13,,,,
CC#CC(=O)N1CCC[C@@H]1c1nc(-c2ccc(C(=O)Nc3ccccn3)cc2)c2c(N)nccn12,0.975868182,train,random,13,,,,
CNC(=O)c1cccc(NC(=O)N2CCC(Oc3ccccc3Cl)CC2)c1,1.068760828,train,random,13,,,,
COc1ccc(OCC(=O)Nc2cccc(Cl)c2N2CCN(C(C)=O)CC2)cc1,0.700790221,train,random,13,,,,
c1ccc(-c2ccc(CN3CCCCCCC3)cc2)cc1,-0.614393726,train,random,13,,,,
CC(=O)N1CCN(c2c(Cl)cccc2NC(=O)COc2ccccc2Cl)CC1,0.256958153,train,random,13,,,,
CCC(=O)N1CCN(c2ccc(Cl)cc2NC(=O)COc2ccccc2)CC1,0.250420002,train,random,13,,,,
Cc1ccc(Oc2ccc(Cl)cc2NC(=O)CN(C)CC(=O)N(C)C)cc1,-0.053056729,train,random,13,,,,
CC1(C)Cc2cc(NC(=O)c3cnn4cccnc34)c(OCC3CC3)nc2O1,-0.199970641,train,random,13,,,,
N#Cc1cc(F)c(NS(=O)(=O)c2c[nH]c3cc(Cl)ccc23)cc1F,-0.026872146,train,random,13,,,,
COc1cc2c(cc1OC)CN(CCc1ccc(NC(=O)c3cccc4c(O)c5cccc(OC)c5nc34)cc1)CC2,-1.207608311,train,random,13,,,,
CCCc1nc2nc(C)c(NS(=O)(=O)c3ccc(C4CCCCC4)cc3)c(O)n2n1,-0.218963061,train,random,13,,,,
NC(=O)C1(Cc2ccc(-c3ccncc3)cc2)CCN(C(=O)Cc2cccc(F)c2)CC1,1.006508828,train,random,13,,,,
CC(=O)Nc1ccc(O)cc1,1.887859133,train,random,13,,,,
O=C(NC1CCNCC1)c1ccc2[nH]ncc2c1,1.842696589,train,random,13,,,,
CCn1c(=O)oc2cc(NC(=O)c3ccc(C(C)(C)C)cc3)ccc21,0.21005085,train,random,13,,,,
COc1ccc(OC[C@@H]2c3cc(OC)c(OC)cc3CCN2C(=O)c2cccc(Cl)c2)cc1,-0.116906641,train,random,13,,,,
N#Cc1ccc(COc2cccc(C3CCN(Cc4nc5ccc(C(=O)O)cc5n4C[C@@H]4CCO4)CC3)n2)c(F)c1,0.402433346,train,random,13,,,,
O=C(NC1CCNCC1)c1ccc2cn[nH]c2c1,2.0,train,random,13,,,,
CC(C)(C)OC(=O)N1CCCC1C(=O)N1CCC(C(=O)N[C@@H](Cc2c[nH]c3ccccc23)C(=O)O)CC1,1.691832676,train,random,13,,,,
O=C(Nc1cccc2c(=O)cc(-c3nnn[nH]3)oc12)c1ccc(OCCCCc2ccccc2)cc1,0.582744966,train,random,13,,,,
CC(=O)Nc1ncc(C(=O)O)s1,1.81935965,train,random,13,,,,
Cc1cccc(-c2nc(C34CCC(C(N)=O)(CC3)CC4)[nH]c2-c2ccc3c(c2)OCO3)n1,1.02011257,train,random,13,,,,
COc1cc2nc(-c3cc(F)ccc3O)nc(N[C@@H]3CNC[C@H]3C(C)(C)O)c2cc1OC.Cl,-1.119186408,train,random,13,,,,
CC(C)[C@@](C)(O)[C@@H]1CN(c2nc(-c3n[nH]c4ncccc34)c(F)cc2Cl)CCN1,1.302460808,train,random,13,,,,
Cc1nnc(-c2ccc(N3CCC(Oc4cc(F)ccc4Cl)CC3)nn2)o1,0.161068385,train,random,13,,,,
Cc1cn2nc(-c3cc(=O)n4cc(N5CCNC6(CC6)C5)ccc4n3)cc(C)c2n1,0.985246791,train,random,13,,,,
CCCS(=O)(=O)Nc1ccc(F)c(C(=O)c2c[nH]c3ncc(-c4ccc(Cl)cc4)cc23)c1F,-1.59345982,train,random,13,,,,
Cc1ccc(OCC2(O)CCN(CC3(O)CCN(c4ccccc4C)CC3)CC2)cc1,-0.040481623,train,random,13,,,,
CN(C(=O)c1cc(N2CCNC2=O)ccc1F)C1CCNC1,1.885728632,train,random,13,,,,
O=C(Nc1cccc(N2CCNC2=O)c1)C1NCC12CCCC2,1.718202645,train,random,13,,,,
Cc1nnc(-c2ccc(N3CCC(Oc4ccccc4C(F)(F)F)CC3)nn2)s1,-0.906578315,train,random,13,,,,
CC(C)(C)c1ccc(C(O)CN2CCC(O)(c3ccc4c(c3)OCO4)CC2)cc1,0.779018972,train,random,13,,,,
NC[C@H]1CC[C@@H](C(=O)Nc2ccc3[nH]ncc3c2)O1,1.981999714,train,random,13,,,,
CN(C(=O)c1cc(N2CCNC2=O)ccc1F)C1CCC(N)CC1,1.828717885,train,random,13,,,,
NC1CCCC1C(=O)N1CCC(c2c[nH]c3ncccc23)CC1,1.71701274,train,random,13,,,,
NC1CC(NC(=O)c2ccc(-c3cn[nH]c3)cn2)C12CCC2,1.709702344,train,random,13,,,,
NC1CCC(C(=O)N2CCC(c3c[nH]c4ncccc34)CC2)C1,1.917395215,train,random,13,,,,
NC1CCCC(C(=O)N2CCC(c3c[nH]c4ncccc34)CC2)C1,1.752816431,train,random,13,,,,
CNc1nc(C)cc(C(=O)Nc2ccc3[nH]ncc3c2)n1,1.493625323,train,random,13,,,,
O=C(Nc1ccc(CN2CCCCC2)cc1)c1ccnc2[nH]cnc12,1.767526899,train,random,13,,,,
CCc1c[nH]c2ncnc(N3CCC(CN4CCN(C)CC4)CC3)c12,1.728012707,train,random,13,,,,
NC(=O)c1cnc(N2CCc3[nH]nc(C(F)(F)F)c3C2)c(Cl)c1,0.986009932,train,random,13,,,,
NC1CCCC(C(=O)Nc2cccc(N3CCNC3=O)c2)C1,1.763113391,train,random,13,,,,
c1sc(NCC2CCCO2)nc1C12CC3CC(CC(C3)C1)C2,-1.096910013,train,random,13,,,,
COc1ccc(S(=O)(=O)N2CCC(N3CCC(C)CC3)CC2)cc1,1.729799023,test,random,13,0.5307312112100003,1.0499291250100002,0.6561841437000001,1.5053582256300007
CCn1c(-c2nonc2N)nc2cnc(Oc3cccc(NC(=O)c4ccc(OCCN5CCOCC5)cc4)c3)cc21,-0.449771647,test,random,13,0.3524279821599999,0.2752283730299998,0.29995451894999975,0.47757522329999985
Fc1ccc(-c2ccc3c(c2)[nH]c2ccncc23)cn1,0.653405491,test,random,13,1.1889994483400002,0.7402899172700004,0.6394406516600004,0.6917567140200002
Nc1c(F)ccc2cnc(-n3ccc4ccncc43)cc12,0.713910354,test,random,13,0.9801144617599999,0.7189462387999999,0.6329445607299999,0.8007323080100005
C=CC(=O)N1CCC(CNc2ncnc(N)c2-c2ccc(Oc3ccccc3)cc2)CC1,0.752995432,test,random,13,0.39369383157999993,0.3518881089999997,0.3478173916099998,0.2488105362299998
Cc1c(-c2c(F)cc(C(N)=O)c3[nH]c4c(c23)CC[C@H](C(C)(C)O)C4)cccc1-n1c(=O)c2cccc(F)c2n(C)c1=O,0.436162647,test,random,13,0.7655696508800005,0.4683219552600001,0.6026426738800001,0.33442047807999986
C=CC(=O)N1CCC([C@@H]2CCNc3c(C(N)=O)c(-c4ccc(Oc5ccccc5)cc4)nn32)CC1,0.968996327,test,random,13,0.6494504106600004,0.37827552163,0.43294523782999994,0.6163949740800001
C=CC(=O)N1CCC[C@H](n2c(=O)n(-c3ccc(Oc4ccccc4)cc3)c3c(N)ncnc32)C1,0.983851719,test,random,13,0.7485596413199996,0.7857615005299998,0.6141589793000004,0.7135300743099999
CC(C)(C=C(C#N)C(=O)N1CCC[C@@H](n2nc(-c3ccc(Oc4ccccc4)cc3F)c3c(N)ncnc32)C1)N1CCN(C2COC2)CC1,0.276231958,test,random,13,0.57349144901,0.49602456062,0.5452014452300001,0.4933475874399997
C=CC(=O)Nc1cccc(Oc2nc(Nc3ccc(N4CCN(C)CC4)c(F)c3)nc3[nH]ccc23)c1,0.039414119,test,random,13,0.55821010922,0.1919962278800001,0.29605403272999997,0.0335076881
C[C@@H]1c2nnn(-c3ncc(F)cn3)c2CCN1C(=O)c1cccc(C(F)(F)F)c1Cl,0.969089603,test,random,13,0.80432103335,0.8401463661299998,0.56640012217,0.5276722825900002
CCc1nc2c(C)cc(N3CCN(CC(=O)N4CC(O)C4)CC3)cn2c1N(C)c1nc(-c2ccc(F)cc2)c(C#N)s1,-0.204728421,test,random,13,0.6264481143200001,0.4218890433599999,0.4005397973500003,0.5231858944000001
CC(=O)Nc1ccc(C(=O)N2CCCCC2c2nc(N)ncc2-c2ccc(Cl)cc2)cc1,0.596926814,test,random,13,0.8454046193500001,0.3265583573399999,0.37804938954,-0.12654291572000015
CC(=O)Nc1ccc(C(=O)N2CCCCC2c2nc(N)ncc2-c2cccc(Cl)c2)cc1,0.520483533,test,random,13,0.5777092386100002,0.34238342389000004,0.33320545446999994,-0.1407232722100001
O=C1NCCN(C(=O)c2ccncc2)C1c1ccccc1Cl,1.876996793,test,random,13,1.2867586531600008,1.1674690295600003,1.2339223842800002,1.52476405986
CC(C)(C)C(=O)N1CCC(Cc2ccc(-c3cccs3)cc2)(C(=O)N2CCCC2)CC1,-0.1837587,test,random,13,0.7785986380200004,0.5115418879,0.5067846786799999,-0.16969733769000014
CC1(C)CC(Oc2ccc(-c3ccc(-c4cn[nH]c4)cc3O)nn2)CC(C)(C)N1,1.199947058,test,random,13,0.8315874000400002,0.28524938795999977,0.58338492014,0.51771345008
Cc1ncsc1C(=O)N1CCCCC1c1nc(N)ncc1-c1cccc(C(F)(F)F)c1,0.615318657,test,random,13,0.2043877729299998,0.21927586822999995,0.5317661427699999,-0.01714706207999999
O=C(Nc1nc2cccc(-c3ccc(CN4CCS(=O)(=O)CC4)cc3)n2n1)C1CC1,1.681349797,test,random,13,0.9876751554600002,0.52959459003,0.9826148008800001,1.0975081195900003
Cc1ncc(CN2CCC(Nc3ccc4nnnn4n3)C(C)C2)s1,1.652285029,test,random,13,0.9216330632999998,1.1608518546200002,0.8449865549799999,1.4997616413300006
COc1ccc(CCCN2CCN(c3cnn(C)c3)C(=O)C2)cc1F,1.343408594,test,random,13,0.8720098205300003,1.27518968662,0.7507723071000002,1.2324577071000002
CN(Cc1ccccc1)C1(C(=O)N2CCNC(=O)CC2)Cc2ccccc2C1,0.904931827,test,random,13,1.2025880447700001,0.87967696095,0.7643374249400001,1.4328723173600004
COc1ccc(CNC(=O)c2sc3nc(C)cc(C)c3c2N)cc1,-0.356547324,test,random,13,0.2862205389399999,0.010810434179999986,0.09765544947,0.2166546109399998
O=C(Nc1cnccc1-c1ccc(Cl)cc1)c1ccnc(NC(=O)C2CC2)c1,0.369957607,test,random,13,0.5087140963499999,0.17168114466999995,0.7979789060100003,0.10346068891000003
CC1CN(C(=O)c2cccnc2N2CCOCC2)CC(c2ccccc2)O1,1.573185017,test,random,13,1.0379633686999996,0.75081357724,1.2709516683900004,1.3530895007200001
CC1(C)CC(=O)C2=C(C1)NC(=O)CC2c1ccc(Br)cc1,1.159236233,test,random,13,1.3032630665000007,0.5751593669099999,0.5531550332600002,0.52247801109
C=CC(=O)Nc1cccc(Nc2nc(Nc3ccc(Oc4ccnc(C(=O)NC)c4)cc3)ncc2F)c1,-0.403402904,test,random,13,0.41620240977,0.21599255644999998,0.3479314880999999,-0.48100974964999993
CC(=O)NCCNc1cc(Cl)nn2c(-c3cccc(S(=O)(=O)N(C)C)c3)c(C)nc12,0.681693392,test,random,13,0.6980990782599998,0.6847811872299998,0.40626294210000025,0.7661721959000002
Cc1c[nH]c(=O)n1-c1ccc(C(=O)Nc2ccc3ccccc3n2)cc1,0.639386869,test,random,13,0.8355590917900005,0.54153133384,0.8568938245800005,0.6396063820700003
COc1ccc([C@H]2c3[nH]c4ccc(Cl)cc4c3CCN2C(=O)Oc2ccc(Cl)cc2)cc1,1.51293775,test,random,13,0.4583013494699997,-0.033974750559999996,-0.08255401102000003,-0.31198646513000017
Cc1cccc(/C=N/Nc2cc(N3CCOCC3)nc(OCCc3ccccn3)n2)c1,-0.548213564,test,random,13,0.50236147551,0.44962912387000004,0.7349805369400001,0.4437304189900001
CC(C)[C@H](CO)Nc1nc(Nc2cc(N)cc(Cl)c2)c2ncn(C(C)C)c2n1,-0.061980903,test,random,13,0.79864565051,0.6174722410500002,0.40544238120000003,0.5827048614400001
NCC1CCCC1NC(=O)c1cc(N2CCNC2=O)ccc1F,1.87495702,test,random,13,1.4287166649699998,1.5979378470900003,1.3801711031700008,1.80932665888
Cn1c(-c2n[nH]c3c2CCCC3)nnc1N1CCC2(CNC(=O)C2)C1,1.792986685,test,random,13,0.7731092262000004,1.2028045563599998,1.13223946174,1.5465568170000004
O=C(NCCc1ccccc1)c1ccc(NC(=O)N2CCCCc3ccccc32)cc1,0.075911761,test,random,13,0.5128801256100002,0.14418193084000006,0.2884966244699999,-0.12412790808999997
NC1CCCC(C(=O)Nc2ccc3[nH]ncc3c2)C1,2.0,test,random,13,1.6130867867000003,1.4459424839000006,1.5218159442199999,1.810196570899999
O=C(NC12CCCC1NCC2)c1ccc(-c2cn[nH]c2)cc1,2.0,test,random,13,1.3290311607200003,1.12007334546,1.0058669372900002,1.6764332231499999
Cc1nc2cc(C(=O)NC34CCCC3NCC4)ccc2c(=O)[nH]1,1.866494097,test,random,13,1.4135874931100005,1.12444137098,1.00806253227,1.5489406314299992
CC1CC(N)CCN1C(=O)c1cc(N2CCNC2=O)c(F)cc1F,1.833504094,test,random,13,1.6733141011500008,1.2566388364500003,1.3476192155700004,1.6609438219600003
CNc1cc(Nc2cccn(-c3ccccn3)c2=O)nn2c(C(=O)N[C@@H]3C[C@@H]3F)cnc12,0.991226076,train,random,14,,,,
CN(c1ncc(F)cn1)[C@H]1CCCNC1,2.0,train,random,14,,,,
CC(C)(Oc1ccc(-c2cnc(N)c(-c3ccc(Cl)cc3)c2)cc1)C(=O)O,-1.158015195,train,random,14,,,,
CC#CC(=O)N[C@H]1CCCN(c2c(F)cc(C(N)=O)c3[nH]c(C)c(C)c23)C1,0.163856803,train,random,14,,,,
COc1ccc(S(=O)(=O)N2CCC(N3CCC(C)CC3)CC2)cc1,1.729799023,train,random,14,,,,
CCn1c(-c2nonc2N)nc2cnc(Oc3cccc(NC(=O)c4ccc(OCCN5CCOCC5)cc4)c3)cc21,-0.449771647,train,random,14,,,,
Cc1c[nH]c2nccc(Oc3c(F)cc(Nc4cc(Cl)nc(N)n4)cc3F)c12,-1.22184875,train,random,14,,,,
COc1cc2c(cc1OC)CC(=O)N(CCCN(C)C[C@H]1Cc3cc(OC)c(OC)cc31)CC2,1.730984039,train,random,14,,,,
Fc1ccc(-c2ccc3c(c2)[nH]c2ccncc23)cn1,0.653405491,train,random,14,,,,
Nc1c(F)ccc2cnc(-n3ccc4ccncc43)cc12,0.713910354,train,random,14,,,,
C=CC(=O)N1C[C@H](Nc2ncnc3[nH]ccc23)CC[C@@H]1C,1.828227965,train,random,14,,,,
Cn1cc(Nc2nccc(N3CC4CCC(C3)N4C(=O)[C@@H]3CC3(F)F)n2)cn1,1.642995934,train,random,14,,,,
[2H]C([2H])([2H])NC(=O)c1nnc(NC(=O)C2CC2)cc1Nc1cccc(-c2ncn(C)n2)c1OC,1.186566481,train,random,14,,,,
C=CC(=O)N1CCC(CNc2ncnc(N)c2-c2ccc(Oc3ccccc3)cc2)CC1,0.752995432,train,random,14,,,,
Cc1c(-c2c(F)cc(C(N)=O)c3[nH]c4c(c23)CC[C@H](C(C)(C)O)C4)cccc1-n1c(=O)c2cccc(F)c2n(C)c1=O,0.436162647,train,random,14,,,,
Cn1cc(-c2cn3nccc3c(-c3cnn([C@]4(CC#N)C[C@@H](C#N)C4)c3)n2)cn1,1.559583476,train,random,14,,,,
O=C(c1ccc(Oc2ccccc2)cc1Cl)c1c[nH]c2ncnc(N[C@@H]3CC[C@@H](CO)OC3)c12,-0.467245621,train,random,14,,,,
CC(C)(C)c1ccc(-c2nc3n(c(=O)c2C#N)CCS3)cc1,0.731266349,train,random,14,,,,
CC#CC(=O)N1CC[C@@H](n2c(=O)n(-c3ccc(Oc4ccccc4)cc3)c3c(N)ncnc32)C1,0.935859798,train,random,14,,,,
C=CC(=O)N1CCC([C@@H]2CCNc3c(C(N)=O)c(-c4ccc(Oc5ccccc5)cc4)nn32)CC1,0.968996327,train,random,14,,,,
C=CC(=O)N1CCC[C@H](n2c(=O)n(-c3ccc(Oc4ccccc4)cc3)c3c(N)ncnc32)C1,0.983851719,train,random,14,,,,
CC(C)(C=C(C#N)C(=O)N1CCC[C@@H](n2nc(-c3ccc(Oc4ccccc4)cc3F)c3c(N)ncnc32)C1)N1CCN(C2COC2)CC1,0.276231958,train,random,14,,,,
CC#CC(=O)N1CC[C@@H](n2cc(-c3ccc(Oc4c(F)cccc4F)cc3)c3c(N)n[nH]c(=O)c32)C1,-0.073143291,train,random,14,,,,
C=CC(=O)Nc1cccc(Oc2nc(Nc3ccc(N4CCN(C)CC4)c(F)c3)nc3[nH]ccc23)c1,0.039414119,train,random,14,,,,
C[C@@H]1c2nnn(-c3ncc(F)cn3)c2CCN1C(=O)c1cccc(C(F)(F)F)c1Cl,0.969089603,train,random,14,,,,
COc1ccccc1-c1cc(NC(=O)c2cccc(N3CCNC3=O)c2)[nH]n1,-0.397940009,train,random,14,,,,
Fc1ccccc1-c1c[nH]nc1C1CCCN1Cc1ccc2ncccc2c1,0.545801757,train,random,14,,,,
Cc1nccc(-c2cn(Cc3ccccc3)c3cnccc23)n1,1.122707254,train,random,14,,,,
CCc1nc(C)cn2nc(-c3cc(=O)n4cc(C5CCN(C)CC5)cc(C)c4n3)cc12,0.868232868,train,random,14,,,,
Cc1c(Cl)ccc2cc3n(c12)[C@@H](C)CNC3=O,0.328379603,train,random,14,,,,
Cc1nnc(CN(C)CC(C)Oc2ccc(Cl)c(Cl)c2)n1C,0.926290987,train,random,14,,,,
COc1nn(C)cc1C(=O)Nc1cccc(-c2cnc3n2CCC3)c1,0.866877814,train,random,14,,,,
Cc1ncc(CN2CC[C@@H](Nc3cncc(Cl)n3)[C@@H](C)C2)s1,1.205461507,train,random,14,,,,
Cc1ccc(C(=O)N2CCC(Cc3ccccc3-c3ccccc3)(C(=O)N(C)C)CC2)s1,-0.293282218,train,random,14,,,,
CCc1nc2c(C)cc(N3CCN(CC(=O)N4CC(O)C4)CC3)cn2c1N(C)c1nc(-c2ccc(F)cc2)c(C#N)s1,-0.204728421,train,random,14,,,,
C[C@@H]1CCN(C(=O)CC#N)C[C@@H]1N(C)c1ncnc2[nH]ccc12,1.991815076,train,random,14,,,,
CN(C)C(=O)C1(Cc2ccccc2-c2ccccc2)CCN(C(=O)C2CCCO2)CC1,0.902546779,train,random,14,,,,
CC(=O)Nc1ccc(C(=O)N2CCCCC2c2nc(N)ncc2-c2ccc(Cl)cc2)cc1,0.596926814,train,random,14,,,,
CC(=O)Nc1ccc(C(=O)N2CCCCC2c2nc(N)ncc2-c2cccc(Cl)c2)cc1,0.520483533,train,random,14,,,,
O=C1CN(c2ccc(Nc3nccc(C(F)(F)F)n3)cn2)CCN1,1.543819805,train,random,14,,,,
O=C1NCCN(C(=O)c2ccc3nccn3c2)C1c1ccccc1C(F)(F)F,1.851001366,train,random,14,,,,
Cc1cc(F)ccc1C1C(=O)NCCN1C(=O)c1ccc2nccn2c1,1.78096503,train,random,14,,,,
O=C1NCCN(C(=O)c2ccncc2)C1c1ccccc1Cl,1.876996793,train,random,14,,,,
C[C@H]1CN(C(=O)CC(c2ccccc2)c2ccccc2)C[C@@H](C)O1,1.188253327,train,random,14,,,,
CN1[C@H]2CC[C@@H]1C[C@@H](OC(c1ccccc1)c1ccccc1)C2,1.106122874,train,random,14,,,,
CC(C)(C)C(=O)N1CCC(Cc2ccc(-c3cccs3)cc2)(C(=O)N2CCCC2)CC1,-0.1837587,train,random,14,,,,
OC[C@H](Nc1cncc(-c2ccc3[nH]ncc3n2)c1)c1ccccc1,1.017826038,train,random,14,,,,
Cc1ncsc1C(=O)N1CCCCC1c1nc(N(C)C)ncc1-c1cccc(Cl)c1,-0.083019953,train,random,14,,,,
OCC1CCCCN1Cc1ccc(Cl)c(Cl)c1,1.390069186,train,random,14,,,,
COc1ccccc1C(=O)Nc1ccc2cc[nH]c2c1,0.505149978,train,random,14,,,,
c1ccc(Oc2cccc(CN(CCN3CCOCC3)Cc3cccnc3)c2)cc1,-0.222573178,train,random,14,,,,
COc1ccc([C@H]2CN(C(C)=O)[C@@H]3CCCN(Cc4cccc(F)c4)[C@H]23)cc1,0.595385981,train,random,14,,,,
OCC1CCCCN1Cc1ccc(-c2ccccc2)cc1,1.368007805,train,random,14,,,,
Nc1ncc(C(=O)NC2CN(C(=O)C3CC3)C2)c2ccc(-c3cccc(F)c3)nc12,0.623352682,train,random,14,,,,
CC1(C)CC(Oc2ccc(-c3ccc(-c4cn[nH]c4)cc3O)nn2)CC(C)(C)N1,1.199947058,train,random,14,,,,
Cc1nnc(-c2ccc3occ(-c4ccc(S(C)=O)cc4)c3c2)o1,0.193402903,train,random,14,,,,
Cc1ncsc1C(=O)N1CCCCC1c1nc(N)ncc1-c1cccc(C(F)(F)F)c1,0.615318657,train,random,14,,,,
O=C(Nc1ccc2ccccc2n1)c1ccc(N2CCOC2=O)cc1,0.449015316,train,random,14,,,,
O=C(CCNC(=O)c1ccc(OC(F)(F)F)cc1)N[C@@H]1CCCc2ccccc21,0.526080692,train,random,14,,,,
C=CC(=O)Nc1cccc(Oc2nc(Nc3ccc(N4CCN(C)CC4)cc3)nc3ccoc23)c1,0.146128036,train,random,14,,,,
CCN1CCN(S(=O)(=O)Cc2ccc(Cl)c(Cl)c2)CC1,1.249124949,train,random,14,,,,
O=C(Nc1nc2cccc(-c3ccc(CN4CCS(=O)(=O)CC4)cc3)n2n1)C1CC1,1.681349797,train,random,14,,,,
CCn1c(CO)nn(-c2cc(O[C@@H](C)C(F)(F)F)c(C(=O)Nc3c(F)cccc3Cl)cc2F)c1=O,0.975753389,train,random,14,,,,
NCCN1CCN(C/C=C/C(=O)N2CCC[C@@H](n3nc(-c4ccc(Oc5ccccc5)cc4)c4c(N)ncnc43)C2)CC1,0.699837726,train,random,14,,,,
Cn1c(C2CC2)nc2c1CCN(c1ncnc3ccsc13)C2,1.237065953,train,random,14,,,,
COc1nn(C)cc1C(=O)Nc1cccc2cnccc12,1.504729052,train,random,14,,,,
CNC(=O)C1(Cc2ccc(-c3ccncc3)cc2)CCN(Cc2cccc(F)c2)C1,1.10503305,train,random,14,,,,
Cc1ncc(CN2CCC(Nc3ccc4nnnn4n3)C(C)C2)s1,1.652285029,train,random,14,,,,
Cc1nc(Nc2nccs2)cc(C2CN(c3ncccn3)C2)n1,0.444669231,train,random,14,,,,
COc1ccc(CCCN2CCN(c3cnn(C)c3)C(=O)C2)cc1F,1.343408594,train,random,14,,,,
Cc1noc(C(C)C)c1C(=O)N1CC(C)OC(c2ccccc2)C1,1.180469962,train,random,14,,,,
CN(Cc1ccccc1)C1(C(=O)N2CCNC(=O)CC2)Cc2ccccc2C1,0.904931827,train,random,14,,,,
O=S(=O)(c1cccc2c(O)nccc12)N1CCCNCC1,1.850223373,train,random,14,,,,
Cc1ccc(NC(=O)CN2[C@H]3CCCC(=O)N[C@@]3(C)C[C@H]2Cc2ccccc2)cc1F,-0.137272472,train,random,14,,,,
CN(C)C(=O)C1(Cc2ccccc2-c2cccc(F)c2)CCN(C(=O)C2CC=CCC2)CC1,-0.104025268,train,random,14,,,,
COCC(=O)N1CCC(Cc2ccccc2-c2cccc(F)c2)(C(=O)NC(C)C)CC1,0.596597096,train,random,14,,,,
COc1ccc(CNC(=O)c2sc3nc(C)cc(C)c3c2N)cc1,-0.356547324,train,random,14,,,,
Cn1cc(Nc2nc(N)nc(-c3cccc(-n4ccc5cc(C6CC6)cc(F)c5c4=O)c3CO)n2)cn1,0.850401148,train,random,14,,,,
Cc1cnc(C(=O)NCCc2ccc(S(=O)(=O)NC(=O)NC3CCCCC3)cc2)cn1,0.01745073,train,random,14,,,,
CNC(=O)C1(Cc2ccc(-c3cccnc3)cc2)CCN(Cc2ccc(F)cc2)C1,1.021602716,train,random,14,,,,
O=C1CCCC[C@@H]2[C@H](C[C@@H](Cc3ccccc3F)N2C(=O)c2cccc3ncccc23)N1,1.277998644,train,random,14,,,,
CC(O)(C#Cc1ccc2c(c1)N(c1nc(N)ncc1Cl)CC2)c1nccs1,-0.122628654,train,random,14,,,,
COCCc1noc(CN2CC(c3ccccc3)(c3ccccc3)CCC2=O)n1,1.167051359,train,random,14,,,,
Cc1[nH]nc2c1C1(CCCCC1)CC(=O)N2,1.323066376,train,random,14,,,,
O=C(Nc1cccc2ncccc12)[C@H]1CCCN(S(=O)(=O)c2ccccc2)C1,1.222560409,train,random,14,,,,
C[C@@H]1Cc2ccccc2N1C(=O)Cn1nc(-c2cccc3ncccc23)oc1=O,0.224014811,train,random,14,,,,
Nc1ncnc2c1c(-c1cnc3[nH]ccc3c1)nn2C1CCCC1,0.862608364,train,random,14,,,,
O=C(Nc1cnccc1-c1ccc(Cl)cc1)c1ccnc(NC(=O)C2CC2)c1,0.369957607,train,random,14,,,,
CN1C(N)=N[C@](C)(c2cc(NC(=O)c3ccc(F)cn3)ccc2F)CS1(=O)=O,1.560468571,train,random,14,,,,
CC1CN(C(=O)c2cccnc2N2CCOCC2)CC(c2ccccc2)O1,1.573185017,train,random,14,,,,
CCCCNC(=O)NS(=O)(=O)c1ccc(C)cc1,0.439332694,train,random,14,,,,
Cc1cc(Nc2cnccn2)cc(C2CCCN(CC(=O)N3CCCC3)C2)n1,1.642246824,train,random,14,,,,
Cc1cccnc1Nc1cccc(C2CCCN(CC(=O)Nc3nccs3)C2)n1,0.180699201,train,random,14,,,,
CN(C)C(=O)C1(Cc2ccccc2-c2ccccc2)CCN(C(=O)c2cnn(C)c2)CC1,1.041353202,train,random,14,,,,
CC1(C)CC(=O)C2=C(C1)NC(=O)CC2c1ccc(Br)cc1,1.159236233,train,random,14,,,,
CNC(=O)C1(Cc2ccc(-c3cccnc3)cc2)CCN(Cc2ccccc2Cl)C1,0.387567779,train,random,14,,,,
Cc1cc(N2CCCC2c2cc(CCC(=O)O)cc(C)n2)ncn1,2.0,train,random,14,,,,
CCCNC(=O)NS(=O)(=O)c1ccc(Cl)cc1,0.969835093,train,random,14,,,,
O=C(CN1CCCC(c2cccc(Cc3cccc(F)c3)n2)C1)N1CCCC1,1.062130535,train,random,14,,,,
COc1cc2ncnc(Nc3cccc(O)c3)c2cc1OC,0.994317153,train,random,14,,,,
Cc1cc(C)c2c(N)c(C(=O)NCc3ccc(Cl)cc3)sc2n1,-0.370590401,train,random,14,,,,
COCCNC(=O)c1ccnc(C2CCNCC2)c1,2.0,train,random,14,,,,
COc1nc2sc(C(=O)NC3CC3)c(N)c2c(C)c1Cl,0.245512668,train,random,14,,,,
CC1(CNC(=O)c2cncc(C3CCNCC3)n2)CCCO1,1.988550039,train,random,14,,,,
Cc1cc(N2CCCC2)nc(C2CCCN(C)C2)n1,2.0,train,random,14,,,,
CCn1cc(C(=O)O)c(=O)c2c(N)c(F)c(NC3CCCCC3)cc21,0.427486109,train,random,14,,,,
C[C@H]1CN(C2COC2)CCN1c1ccc(Nc2cc(-c3ccnc(N4CCn5c(cc6c5CC(C)(C)C6)C4=O)c3CO)cn(C)c2=O)nc1,1.209139536,train,random,14,,,,
C=CC(=O)Nc1cccc(Nc2nc(Nc3ccc(Oc4ccnc(C(=O)NC)c4)cc3)ncc2F)c1,-0.403402904,train,random,14,,,,
C=CC(=O)N(C)CCOc1c(N)ncnc1-c1cc(F)cc(NC(=O)c2ccc(C3CC3)cc2F)c1C,0.838502776,train,random,14,,,,
CC#CC(=O)N1CCC[C@@H]1c1nc(-c2ccc(C(=O)Nc3ccccn3)cc2)c2c(N)nccn12,0.975868182,train,random,14,,,,
CC(=O)NCCNc1cc(Cl)nn2c(-c3cccc(S(=O)(=O)N(C)C)c3)c(C)nc12,0.681693392,train,random,14,,,,
Cc1c[nH]c(=O)n1-c1ccc(C(=O)Nc2ccc3ccccc3n2)cc1,0.639386869,train,random,14,,,,
CNC(=O)c1cccc(NC(=O)N2CCC(Oc3ccccc3Cl)CC2)c1,1.068760828,train,random,14,,,,
c1ccc(-c2ccc(CN3CCCCCCC3)cc2)cc1,-0.614393726,train,random,14,,,,
CCC(=O)N1CCN(c2ccc(Cl)cc2NC(=O)COc2ccccc2)CC1,0.250420002,train,random,14,,,,
Cc1ccc(Oc2ccc(Cl)cc2NC(=O)CN(C)CC(=O)N(C)C)cc1,-0.053056729,train,random,14,,,,
N#Cc1cc(F)c(NS(=O)(=O)c2c[nH]c3cc(Cl)ccc23)cc1F,-0.026872146,train,random,14,,,,
COc1cc2c(cc1OC)CN(CCc1ccc(NC(=O)c3cccc4c(O)c5cccc(OC)c5nc34)cc1)CC2,-1.207608311,train,random,14,,,,
CCCc1nc2nc(C)c(NS(=O)(=O)c3ccc(C4CCCCC4)cc3)c(O)n2n1,-0.218963061,train,random,14,,,,
COc1ccc([C@H]2c3[nH]c4ccc(Cl)cc4c3CCN2C(=O)Oc2ccc(Cl)cc2)cc1,1.51293775,train,random,14,,,,
NC(=O)C1(Cc2ccc(-c3ccncc3)cc2)CCN(C(=O)Cc2cccc(F)c2)CC1,1.006508828,train,random,14,,,,
CC(=O)Nc1ccc(O)cc1,1.887859133,train,random,14,,,,
O=C(NC1CCNCC1)c1ccc2[nH]ncc2c1,1.842696589,train,random,14,,,,
Cc1cccc(/C=N/Nc2cc(N3CCOCC3)nc(OCCc3ccccn3)n2)c1,-0.548213564,train,random,14,,,,
COc1ccc(OC[C@@H]2c3cc(OC)c(OC)cc3CCN2C(=O)c2cccc(Cl)c2)cc1,-0.116906641,train,random,14,,,,
N#Cc1ccc(COc2cccc(C3CCN(Cc4nc5ccc(C(=O)O)cc5n4C[C@@H]4CCO4)CC3)n2)c(F)c1,0.402433346,train,random,14,,,,
CC(C)[C@H](CO)Nc1nc(Nc2cc(N)cc(Cl)c2)c2ncn(C(C)C)c2n1,-0.061980903,train,random,14,,,,
CC(C)(C)OC(=O)N1CCCC1C(=O)N1CCC(C(=O)N[C@@H](Cc2c[nH]c3ccccc23)C(=O)O)CC1,1.691832676,train,random,14,,,,
O=C(Nc1cccc2c(=O)cc(-c3nnn[nH]3)oc12)c1ccc(OCCCCc2ccccc2)cc1,0.582744966,train,random,14,,,,
CC(=O)Nc1ncc(C(=O)O)s1,1.81935965,train,random,14,,,,
Cc1cccc(-c2nc(C34CCC(C(N)=O)(CC3)CC4)[nH]c2-c2ccc3c(c2)OCO3)n1,1.02011257,train,random,14,,,,
COc1cc2nc(-c3cc(F)ccc3O)nc(N[C@@H]3CNC[C@H]3C(C)(C)O)c2cc1OC.Cl,-1.119186408,train,random,14,,,,
CC(C)[C@@](C)(O)[C@@H]1CN(c2nc(-c3n[nH]c4ncccc34)c(F)cc2Cl)CCN1,1.302460808,train,random,14,,,,
Cc1nnc(-c2ccc(N3CCC(Oc4cc(F)ccc4Cl)CC3)nn2)o1,0.161068385,train,random,14,,,,
Cc1cn2nc(-c3cc(=O)n4cc(N5CCNC6(CC6)C5)ccc4n3)cc(C)c2n1,0.985246791,train,random,14,,,,
CCCS(=O)(=O)Nc1ccc(F)c(C(=O)c2c[nH]c3ncc(-c4ccc(Cl)cc4)cc23)c1F,-1.59345982,train,random,14,,,,
CN(C(=O)c1cc(N2CCNC2=O)ccc1F)C1CCNC1,1.885728632,train,random,14,,,,
NCC1CCCC1NC(=O)c1cc(N2CCNC2=O)ccc1F,1.87495702,train,random,14,,,,
Cn1c(-c2n[nH]c3c2CCCC3)nnc1N1CCC2(CNC(=O)C2)C1,1.792986685,train,random,14,,,,
Cc1nnc(-c2ccc(N3CCC(Oc4ccccc4C(F)(F)F)CC3)nn2)s1,-0.906578315,train,random,14,,,,
O=C(NCCc1ccccc1)c1ccc(NC(=O)N2CCCCc3ccccc32)cc1,0.075911761,train,random,14,,,,
NC[C@H]1CC[C@@H](C(=O)Nc2ccc3[nH]ncc3c2)O1,1.981999714,train,random,14,,,,
NC1CCCC1C(=O)N1CCC(c2c[nH]c3ncccc23)CC1,1.71701274,train,random,14,,,,
NC1CCCC(C(=O)Nc2ccc3[nH]ncc3c2)C1,2.0,train,random,14,,,,
NC1CC(NC(=O)c2ccc(-c3cn[nH]c3)cn2)C12CCC2,1.709702344,train,random,14,,,,
NC1CCC(C(=O)N2CCC(c3c[nH]c4ncccc34)CC2)C1,1.917395215,train,random,14,,,,
NC1CCCC(C(=O)N2CCC(c3c[nH]c4ncccc34)CC2)C1,1.752816431,train,random,14,,,,
O=C(NC12CCCC1NCC2)c1ccc(-c2cn[nH]c2)cc1,2.0,train,random,14,,,,
Cc1nc2cc(C(=O)NC34CCCC3NCC4)ccc2c(=O)[nH]1,1.866494097,train,random,14,,,,
CNc1nc(C)cc(C(=O)Nc2ccc3[nH]ncc3c2)n1,1.493625323,train,random,14,,,,
O=C(Nc1ccc(CN2CCCCC2)cc1)c1ccnc2[nH]cnc12,1.767526899,train,random,14,,,,
CCc1c[nH]c2ncnc(N3CCC(CN4CCN(C)CC4)CC3)c12,1.728012707,train,random,14,,,,
NC(=O)c1cnc(N2CCc3[nH]nc(C(F)(F)F)c3C2)c(Cl)c1,0.986009932,train,random,14,,,,
NC1CCCC(C(=O)Nc2cccc(N3CCNC3=O)c2)C1,1.763113391,train,random,14,,,,
CC1CC(N)CCN1C(=O)c1cc(N2CCNC2=O)c(F)cc1F,1.833504094,train,random,14,,,,
c1sc(NCC2CCCO2)nc1C12CC3CC(CC(C3)C1)C2,-1.096910013,train,random,14,,,,
CCOc1cc2nn(CCC(C)(C)O)cc2cc1NC(=O)c1cccc(C(F)F)n1,0.099680641,test,random,14,0.71093045875,0.46121718118,0.8216028208199999,0.3725327805800002
CC(C)(O)CCn1cc2cc(NC(=O)c3cccc(C(F)(F)F)n3)c(C(C)(C)O)cc2n1,1.015611205,test,random,14,0.8402439237300006,0.4949478840099998,0.8666683369200002,0.4934145376800001
COc1ccc(Cl)cc1C(=O)NCCc1ccc(S(=O)(=O)NC(=O)NC2CCCCC2)cc1,-0.91721463,test,random,14,0.36734971109000014,0.24903343631,0.5376655116900004,0.19645880700000004
C=CC(=O)N1CCC[C@@H](n2nc(-c3ccc(Oc4ccccc4)cc3)c3c(N)ncnc32)C1,0.62603,test,random,14,0.7803864459199998,0.48325695091999976,0.5169727739299999,0.5351680006999999
CC(C)NC(=O)COc1cccc(-c2nc(Nc3ccc4[nH]ncc4c3)c3ccccc3n2)c1,-1.384078213,test,random,14,0.53953909919,0.32142078958999987,0.4633246975900002,0.14615924446000003
CCS(=O)(=O)N1CC(CC#N)(n2cc(-c3ncnc4[nH]ccc34)cn2)C1,1.378597739,test,random,14,1.0811868023499995,1.3080475725399998,0.8756964940100004,1.2421135955700002
CCCc1cc(N2CCc3c(nc(C4CC4)n3C)C2)n2ncnc2n1,1.677187053,test,random,14,1.21256730814,1.1485452842300001,0.9828222109600003,1.4343890015300014
Nc1n[nH]cc1-c1cc(Cl)ccc1Oc1cc(F)c(S(=O)(=O)Nc2cscn2)cc1Cl,-0.354577731,test,random,14,0.2754712575699999,-0.14175768957999996,0.29303387216999993,-0.3737693824099999
N#CC[C@H](C1CCCC1)n1cc(-c2ncnc3[nH]ccc23)cn1,0.630986911,test,random,14,1.3435415835799998,1.4360686365500002,0.7770222338699999,0.7980953487900001
C=CC(=O)Nc1cccc(Oc2nc(Nc3ccc(N4CCN(C)CC4)cc3)nc3ccsc23)c1,-0.049635146,test,random,14,0.26296393322,0.07071113017,0.12004952918,-0.17721383190999995
Nc1ncc(-c2cccc(C(F)(F)F)c2)c(C2CCCCN2C(=O)c2ccccc2)n1,-0.04431225,test,random,14,0.5920777208800001,0.53527320202,0.7831209306100003,0.5165371712000001
O=C(Nc1cccc(-c2nncn2C2CC2)c1)c1cc(-n2cnc(C3CC3)c2)ccn1,0.262925469,test,random,14,0.83705242842,0.9023406370200006,0.9495838173900002,0.5586687189200001
Nc1ncnc2c1c(-c1ccc(Oc3ccccc3)cc1)nn2[C@@H]1CCCNC1,0.956648579,test,random,14,0.87731297797,0.6329411143800001,0.74260441665,0.3986275195100001
COc1cc(F)ccc1-c1ncnc(Nc2cccc(C[S@@](C)(=N)=O)c2)n1,1.594922663,test,random,14,0.45634541094,0.3742993645299999,1.00075163394,0.22838933167
CC(=O)N1CCN(c2nc(C(F)(F)F)nc3sc(C)c(C)c23)CC1,0.13481437,test,random,14,0.7000867979600005,1.0193434052700003,0.31207754468,0.39137068643000006
Cc1c(C(=O)NCCCN(C)C)sc2ncnc(Nc3ccc(F)cc3OC(C)C)c12,0.741821047,test,random,14,0.43426030465000004,0.06946068389,0.3924034819400001,-0.026890306129999982
O=S(=O)(c1cccc2cnccc12)N1CCCNCC1,1.892077899,test,random,14,1.4569429670000005,1.3997820825200007,1.52509296731,1.6010106189699997
CCN(C/C=C\c1ccc(C2CCCCC2)c(Cl)c1)C1CCCCC1,-0.853871964,test,random,14,1.1828556855499996,0.8182830501199997,0.36933087769999995,0.22152867917000013
CC/C(=C(\c1ccccc1)c1ccc(OCCN(C)C)cc1)c1ccccc1,-0.580044252,test,random,14,0.5704617040600002,0.23715487565999996,0.53321334799,-0.023341923550000008
COc1ccc(Nc2c(C#N)cnc3cc(OC)c(OC)cc23)cc1Cl,-0.033858267,test,random,14,0.82726642724,0.41262032294,0.31044686060999993,0.07750767001999997
Cc1c(F)cccc1NC(=O)CN1[C@H]2CCCC(=O)N[C@@]2(C)C[C@H]1Cc1ccccc1,0.595275712,test,random,14,0.7634926018999997,0.4917575628000003,0.6149200661899998,0.2148501976500001
CCC1=C(C)CN(C(=O)NCCc2ccc(S(=O)(=O)NC(=O)N[C@H]3CC[C@H](C)CC3)cc2)C1=O,-1.180456064,test,random,14,0.6417255436400002,0.9101067282599997,0.6028709319300002,0.88357639426
C#C[C@@](C)(CC)NC(=O)c1cc(F)cnc1NC1CC(F)(F)C1,0.671265433,test,random,14,1.3310911092599995,0.9152755389799998,0.7036982818900002,1.2891588172200008
CNC(=O)C1(Cc2ccc(-c3cccnc3)cc2)CCN(Cc2cccc(F)c2)C1,0.829753919,test,random,14,0.9035076305600009,0.8554777553399998,0.70500037097,0.9822857077800006
CC(=O)Nc1ncc(CN2CCCC[C@@H]2C)s1,2.0,test,random,14,1.23489180754,1.1035685198,0.7261388389400003,1.6448508724699997
CCOc1cc(CC(=O)N[C@@H](CC(C)C)c2ccccc2N2CCCCC2)ccc1C(=O)O,0.106870544,test,random,14,0.28871884102,0.6577741995699999,1.1177595155400006,0.2491563008599999
Cc1oc2ccccc2c1CNc1nnc(-c2ccncc2)o1,0.717254313,test,random,14,0.6734733098300003,0.5248599378200002,0.6000328015800004,0.39368230018999983
CN1CCN(S(=O)(=O)c2ccc(-c3cnc(N)c(C(=O)Nc4cccnc4)n3)cc2)CC1,1.078638038,test,random,14,0.7829333736800003,0.6852528147000001,0.6928796346399999,0.8352868521900004
O=C1NCCSc2c1sc1ccc(O)cc21,0.891593204,test,random,14,1.0827888127700007,1.1027787696100007,0.5832616564000004,1.3185556635100009
COc1ccc(OCC(=O)Nc2cccc(Cl)c2N2CCN(C(C)=O)CC2)cc1,0.700790221,test,random,14,0.6348764461499999,0.48567695810999995,0.5868576098400002,0.27495070141
CC(=O)N1CCN(c2c(Cl)cccc2NC(=O)COc2ccccc2Cl)CC1,0.256958153,test,random,14,0.78469574477,0.5976385073599997,0.27746230071999994,0.21801154982000007
CC1(C)Cc2cc(NC(=O)c3cnn4cccnc34)c(OCC3CC3)nc2O1,-0.199970641,test,random,14,0.7934670622500002,0.7550543322500002,0.8383140720700004,0.9785631930100006
CCn1c(=O)oc2cc(NC(=O)c3ccc(C(C)(C)C)cc3)ccc21,0.21005085,test,random,14,1.0099446582400007,0.58454524668,0.8060434349300003,0.4536034931199999
O=C(NC1CCNCC1)c1ccc2cn[nH]c2c1,2.0,test,random,14,1.6899072092800014,1.7899754349200014,1.5437661483000003,1.7664381908400022
Cc1ccc(OCC2(O)CCN(CC3(O)CCN(c4ccccc4C)CC3)CC2)cc1,-0.040481623,test,random,14,0.4084205551400001,0.5985662798500002,0.44571053962000007,0.34396287837999984
O=C(Nc1cccc(N2CCNC2=O)c1)C1NCC12CCCC2,1.718202645,test,random,14,1.5070904198100001,1.5896906129599995,1.5789934449699998,1.7459734599999999
CC(C)(C)c1ccc(C(O)CN2CCC(O)(c3ccc4c(c3)OCO4)CC2)cc1,0.779018972,test,random,14,0.87249811654,0.5424591003399999,0.8509739165400003,0.6574851604799999
CN(C(=O)c1cc(N2CCNC2=O)ccc1F)C1CCC(N)CC1,1.828717885,test,random,14,1.7695781976899994,1.7130454177700003,1.0411299084800003,1.8149765578200001
CNc1cc(Nc2cccn(-c3ccccn3)c2=O)nn2c(C(=O)N[C@@H]3C[C@@H]3F)cnc12,0.991226076,train,butina,10,,,,
CCOc1cc2nn(CCC(C)(C)O)cc2cc1NC(=O)c1cccc(C(F)F)n1,0.099680641,train,butina,10,,,,
CN(c1ncc(F)cn1)[C@H]1CCCNC1,2.0,train,butina,10,,,,
CC(C)(O)CCn1cc2cc(NC(=O)c3cccc(C(F)(F)F)n3)c(C(C)(C)O)cc2n1,1.015611205,train,butina,10,,,,
COc1ccc(Cl)cc1C(=O)NCCc1ccc(S(=O)(=O)NC(=O)NC2CCCCC2)cc1,-0.91721463,train,butina,10,,,,
CCS(=O)(=O)N1CC(CC#N)(n2cc(-c3ncnc4[nH]ccc34)cn2)C1,1.378597739,train,butina,10,,,,
COc1ccc(S(=O)(=O)N2CCC(N3CCC(C)CC3)CC2)cc1,1.729799023,train,butina,10,,,,
CCn1c(-c2nonc2N)nc2cnc(Oc3cccc(NC(=O)c4ccc(OCCN5CCOCC5)cc4)c3)cc21,-0.449771647,train,butina,10,,,,
Cc1c[nH]c2nccc(Oc3c(F)cc(Nc4cc(Cl)nc(N)n4)cc3F)c12,-1.22184875,train,butina,10,,,,
COc1cc2c(cc1OC)CC(=O)N(CCCN(C)C[C@H]1Cc3cc(OC)c(OC)cc31)CC2,1.730984039,train,butina,10,,,,
CCCc1cc(N2CCc3c(nc(C4CC4)n3C)C2)n2ncnc2n1,1.677187053,train,butina,10,,,,
Fc1ccc(-c2ccc3c(c2)[nH]c2ccncc23)cn1,0.653405491,train,butina,10,,,,
Nc1c(F)ccc2cnc(-n3ccc4ccncc43)cc12,0.713910354,train,butina,10,,,,
C=CC(=O)N1C[C@H](Nc2ncnc3[nH]ccc23)CC[C@@H]1C,1.828227965,train,butina,10,,,,
Cn1cc(Nc2nccc(N3CC4CCC(C3)N4C(=O)[C@@H]3CC3(F)F)n2)cn1,1.642995934,train,butina,10,,,,
Nc1n[nH]cc1-c1cc(Cl)ccc1Oc1cc(F)c(S(=O)(=O)Nc2cscn2)cc1Cl,-0.354577731,train,butina,10,,,,
Cc1c(-c2c(F)cc(C(N)=O)c3[nH]c4c(c23)CC[C@H](C(C)(C)O)C4)cccc1-n1c(=O)c2cccc(F)c2n(C)c1=O,0.436162647,train,butina,10,,,,
O=C(c1ccc(Oc2ccccc2)cc1Cl)c1c[nH]c2ncnc(N[C@@H]3CC[C@@H](CO)OC3)c12,-0.467245621,train,butina,10,,,,
N#CC[C@H](C1CCCC1)n1cc(-c2ncnc3[nH]ccc23)cn1,0.630986911,train,butina,10,,,,
CC(C)(C)c1ccc(-c2nc3n(c(=O)c2C#N)CCS3)cc1,0.731266349,train,butina,10,,,,
C[C@@H]1c2nnn(-c3ncc(F)cn3)c2CCN1C(=O)c1cccc(C(F)(F)F)c1Cl,0.969089603,train,butina,10,,,,
COc1ccccc1-c1cc(NC(=O)c2cccc(N3CCNC3=O)c2)[nH]n1,-0.397940009,train,butina,10,,,,
Nc1ncc(-c2cccc(C(F)(F)F)c2)c(C2CCCCN2C(=O)c2ccccc2)n1,-0.04431225,train,butina,10,,,,
O=C(Nc1cccc(-c2nncn2C2CC2)c1)c1cc(-n2cnc(C3CC3)c2)ccn1,0.262925469,train,butina,10,,,,
Fc1ccccc1-c1c[nH]nc1C1CCCN1Cc1ccc2ncccc2c1,0.545801757,train,butina,10,,,,
Cc1nccc(-c2cn(Cc3ccccc3)c3cnccc23)n1,1.122707254,train,butina,10,,,,
CCc1nc(C)cn2nc(-c3cc(=O)n4cc(C5CCN(C)CC5)cc(C)c4n3)cc12,0.868232868,train,butina,10,,,,
Cc1c(Cl)ccc2cc3n(c12)[C@@H](C)CNC3=O,0.328379603,train,butina,10,,,,
Cc1nnc(CN(C)CC(C)Oc2ccc(Cl)c(Cl)c2)n1C,0.926290987,train,butina,10,,,,
COc1nn(C)cc1C(=O)Nc1cccc(-c2cnc3n2CCC3)c1,0.866877814,train,butina,10,,,,
COc1cc(F)ccc1-c1ncnc(Nc2cccc(C[S@@](C)(=N)=O)c2)n1,1.594922663,train,butina,10,,,,
Cc1ncc(CN2CC[C@@H](Nc3cncc(Cl)n3)[C@@H](C)C2)s1,1.205461507,train,butina,10,,,,
Cc1ccc(C(=O)N2CCC(Cc3ccccc3-c3ccccc3)(C(=O)N(C)C)CC2)s1,-0.293282218,train,butina,10,,,,
CCc1nc2c(C)cc(N3CCN(CC(=O)N4CC(O)C4)CC3)cn2c1N(C)c1nc(-c2ccc(F)cc2)c(C#N)s1,-0.204728421,train,butina,10,,,,
C[C@@H]1CCN(C(=O)CC#N)C[C@@H]1N(C)c1ncnc2[nH]ccc12,1.991815076,train,butina,10,,,,
CN(C)C(=O)C1(Cc2ccccc2-c2ccccc2)CCN(C(=O)C2CCCO2)CC1,0.902546779,train,butina,10,,,,
CC(=O)Nc1ccc(C(=O)N2CCCCC2c2nc(N)ncc2-c2ccc(Cl)cc2)cc1,0.596926814,train,butina,10,,,,
CC(=O)Nc1ccc(C(=O)N2CCCCC2c2nc(N)ncc2-c2cccc(Cl)c2)cc1,0.520483533,train,butina,10,,,,
O=C1NCCN(C(=O)c2ccc3nccn3c2)C1c1ccccc1C(F)(F)F,1.851001366,train,butina,10,,,,
Cc1cc(F)ccc1C1C(=O)NCCN1C(=O)c1ccc2nccn2c1,1.78096503,train,butina,10,,,,
O=C1NCCN(C(=O)c2ccncc2)C1c1ccccc1Cl,1.876996793,train,butina,10,,,,
C[C@H]1CN(C(=O)CC(c2ccccc2)c2ccccc2)C[C@@H](C)O1,1.188253327,train,butina,10,,,,
CN1[C@H]2CC[C@@H]1C[C@@H](OC(c1ccccc1)c1ccccc1)C2,1.106122874,train,butina,10,,,,
CC(C)(C)C(=O)N1CCC(Cc2ccc(-c3cccs3)cc2)(C(=O)N2CCCC2)CC1,-0.1837587,train,butina,10,,,,
OC[C@H](Nc1cncc(-c2ccc3[nH]ncc3n2)c1)c1ccccc1,1.017826038,train,butina,10,,,,
Cc1ncsc1C(=O)N1CCCCC1c1nc(N(C)C)ncc1-c1cccc(Cl)c1,-0.083019953,train,butina,10,,,,
OCC1CCCCN1Cc1ccc(Cl)c(Cl)c1,1.390069186,train,butina,10,,,,
CC(=O)N1CCN(c2nc(C(F)(F)F)nc3sc(C)c(C)c23)CC1,0.13481437,train,butina,10,,,,
COc1ccccc1C(=O)Nc1ccc2cc[nH]c2c1,0.505149978,train,butina,10,,,,
c1ccc(Oc2cccc(CN(CCN3CCOCC3)Cc3cccnc3)c2)cc1,-0.222573178,train,butina,10,,,,
COc1ccc([C@H]2CN(C(C)=O)[C@@H]3CCCN(Cc4cccc(F)c4)[C@H]23)cc1,0.595385981,train,butina,10,,,,
Cc1c(C(=O)NCCCN(C)C)sc2ncnc(Nc3ccc(F)cc3OC(C)C)c12,0.741821047,train,butina,10,,,,
OCC1CCCCN1Cc1ccc(-c2ccccc2)cc1,1.368007805,train,butina,10,,,,
CC1(C)CC(Oc2ccc(-c3ccc(-c4cn[nH]c4)cc3O)nn2)CC(C)(C)N1,1.199947058,train,butina,10,,,,
Cc1nnc(-c2ccc3occ(-c4ccc(S(C)=O)cc4)c3c2)o1,0.193402903,train,butina,10,,,,
Cc1ncsc1C(=O)N1CCCCC1c1nc(N)ncc1-c1cccc(C(F)(F)F)c1,0.615318657,train,butina,10,,,,
O=C(Nc1ccc2ccccc2n1)c1ccc(N2CCOC2=O)cc1,0.449015316,train,butina,10,,,,
O=C(CCNC(=O)c1ccc(OC(F)(F)F)cc1)N[C@@H]1CCCc2ccccc21,0.526080692,train,butina,10,,,,
O=S(=O)(c1cccc2cnccc12)N1CCCNCC1,1.892077899,train,butina,10,,,,
CCN1CCN(S(=O)(=O)Cc2ccc(Cl)c(Cl)c2)CC1,1.249124949,train,butina,10,,,,
O=C(Nc1nc2cccc(-c3ccc(CN4CCS(=O)(=O)CC4)cc3)n2n1)C1CC1,1.681349797,train,butina,10,,,,
CCN(C/C=C\c1ccc(C2CCCCC2)c(Cl)c1)C1CCCCC1,-0.853871964,train,butina,10,,,,
Cn1c(C2CC2)nc2c1CCN(c1ncnc3ccsc13)C2,1.237065953,train,butina,10,,,,
CC/C(=C(\c1ccccc1)c1ccc(OCCN(C)C)cc1)c1ccccc1,-0.580044252,train,butina,10,,,,
COc1nn(C)cc1C(=O)Nc1cccc2cnccc12,1.504729052,train,butina,10,,,,
CNC(=O)C1(Cc2ccc(-c3ccncc3)cc2)CCN(Cc2cccc(F)c2)C1,1.10503305,train,butina,10,,,,
Cc1ncc(CN2CCC(Nc3ccc4nnnn4n3)C(C)C2)s1,1.652285029,train,butina,10,,,,
Cc1nc(Nc2nccs2)cc(C2CN(c3ncccn3)C2)n1,0.444669231,train,butina,10,,,,
COc1ccc(Nc2c(C#N)cnc3cc(OC)c(OC)cc23)cc1Cl,-0.033858267,train,butina,10,,,,
Cc1noc(C(C)C)c1C(=O)N1CC(C)OC(c2ccccc2)C1,1.180469962,train,butina,10,,,,
Cc1c(F)cccc1NC(=O)CN1[C@H]2CCCC(=O)N[C@@]2(C)C[C@H]1Cc1ccccc1,0.595275712,train,butina,10,,,,
CCC1=C(C)CN(C(=O)NCCc2ccc(S(=O)(=O)NC(=O)N[C@H]3CC[C@H](C)CC3)cc2)C1=O,-1.180456064,train,butina,10,,,,
O=S(=O)(c1cccc2c(O)nccc12)N1CCCNCC1,1.850223373,train,butina,10,,,,
Cc1ccc(NC(=O)CN2[C@H]3CCCC(=O)N[C@@]3(C)C[C@H]2Cc2ccccc2)cc1F,-0.137272472,train,butina,10,,,,
CN(C)C(=O)C1(Cc2ccccc2-c2cccc(F)c2)CCN(C(=O)C2CC=CCC2)CC1,-0.104025268,train,butina,10,,,,
COCC(=O)N1CCC(Cc2ccccc2-c2cccc(F)c2)(C(=O)NC(C)C)CC1,0.596597096,train,butina,10,,,,
C#C[C@@](C)(CC)NC(=O)c1cc(F)cnc1NC1CC(F)(F)C1,0.671265433,train,butina,10,,,,
Cn1cc(Nc2nc(N)nc(-c3cccc(-n4ccc5cc(C6CC6)cc(F)c5c4=O)c3CO)n2)cn1,0.850401148,train,butina,10,,,,
Cc1cnc(C(=O)NCCc2ccc(S(=O)(=O)NC(=O)NC3CCCCC3)cc2)cn1,0.01745073,train,butina,10,,,,
CNC(=O)C1(Cc2ccc(-c3cccnc3)cc2)CCN(Cc2ccc(F)cc2)C1,1.021602716,train,butina,10,,,,
CNC(=O)C1(Cc2ccc(-c3cccnc3)cc2)CCN(Cc2cccc(F)c2)C1,0.829753919,train,butina,10,,,,
CC(=O)Nc1ncc(CN2CCCC[C@@H]2C)s1,2.0,train,butina,10,,,,
O=C1CCCC[C@@H]2[C@H](C[C@@H](Cc3ccccc3F)N2C(=O)c2cccc3ncccc23)N1,1.277998644,train,butina,10,,,,
CCOc1cc(CC(=O)N[C@@H](CC(C)C)c2ccccc2N2CCCCC2)ccc1C(=O)O,0.106870544,train,butina,10,,,,
CC(O)(C#Cc1ccc2c(c1)N(c1nc(N)ncc1Cl)CC2)c1nccs1,-0.122628654,train,butina,10,,,,
COCCc1noc(CN2CC(c3ccccc3)(c3ccccc3)CCC2=O)n1,1.167051359,train,butina,10,,,,
Cc1[nH]nc2c1C1(CCCCC1)CC(=O)N2,1.323066376,train,butina,10,,,,
Cc1oc2ccccc2c1CNc1nnc(-c2ccncc2)o1,0.717254313,train,butina,10,,,,
O=C(Nc1cccc2ncccc12)[C@H]1CCCN(S(=O)(=O)c2ccccc2)C1,1.222560409,train,butina,10,,,,
C[C@@H]1Cc2ccccc2N1C(=O)Cn1nc(-c2cccc3ncccc23)oc1=O,0.224014811,train,butina,10,,,,
O=C(Nc1cnccc1-c1ccc(Cl)cc1)c1ccnc(NC(=O)C2CC2)c1,0.369957607,train,butina,10,,,,
CN1C(N)=N[C@](C)(c2cc(NC(=O)c3ccc(F)cn3)ccc2F)CS1(=O)=O,1.560468571,train,butina,10,,,,
CC1CN(C(=O)c2cccnc2N2CCOCC2)CC(c2ccccc2)O1,1.573185017,train,butina,10,,,,
CCCCNC(=O)NS(=O)(=O)c1ccc(C)cc1,0.439332694,train,butina,10,,,,
Cc1cc(Nc2cnccn2)cc(C2CCCN(CC(=O)N3CCCC3)C2)n1,1.642246824,train,butina,10,,,,
Cc1cccnc1Nc1cccc(C2CCCN(CC(=O)Nc3nccs3)C2)n1,0.180699201,train,butina,10,,,,
CN(C)C(=O)C1(Cc2ccccc2-c2ccccc2)CCN(C(=O)c2cnn(C)c2)CC1,1.041353202,train,butina,10,,,,
CC1(C)CC(=O)C2=C(C1)NC(=O)CC2c1ccc(Br)cc1,1.159236233,train,butina,10,,,,
CN1CCN(S(=O)(=O)c2ccc(-c3cnc(N)c(C(=O)Nc4cccnc4)n3)cc2)CC1,1.078638038,train,butina,10,,,,
Cc1cc(N2CCCC2c2cc(CCC(=O)O)cc(C)n2)ncn1,2.0,train,butina,10,,,,
CCCNC(=O)NS(=O)(=O)c1ccc(Cl)cc1,0.969835093,train,butina,10,,,,
O=C(CN1CCCC(c2cccc(Cc3cccc(F)c3)n2)C1)N1CCCC1,1.062130535,train,butina,10,,,,
COc1cc2ncnc(Nc3cccc(O)c3)c2cc1OC,0.994317153,train,butina,10,,,,
COCCNC(=O)c1ccnc(C2CCNCC2)c1,2.0,train,butina,10,,,,
CC1(CNC(=O)c2cncc(C3CCNCC3)n2)CCCO1,1.988550039,train,butina,10,,,,
Cc1cc(N2CCCC2)nc(C2CCCN(C)C2)n1,2.0,train,butina,10,,,,
CCn1cc(C(=O)O)c(=O)c2c(N)c(F)c(NC3CCCCC3)cc21,0.427486109,train,butina,10,,,,
C[C@H]1CN(C2COC2)CCN1c1ccc(Nc2cc(-c3ccnc(N4CCn5c(cc6c5CC(C)(C)C6)C4=O)c3CO)cn(C)c2=O)nc1,1.209139536,train,butina,10,,,,
C=CC(=O)N(C)CCOc1c(N)ncnc1-c1cc(F)cc(NC(=O)c2ccc(C3CC3)cc2F)c1C,0.838502776,train,butina,10,,,,
CC#CC(=O)N1CCC[C@@H]1c1nc(-c2ccc(C(=O)Nc3ccccn3)cc2)c2c(N)nccn12,0.975868182,train,butina,10,,,,
Cc1c[nH]c(=O)n1-c1ccc(C(=O)Nc2ccc3ccccc3n2)cc1,0.639386869,train,butina,10,,,,
CNC(=O)c1cccc(NC(=O)N2CCC(Oc3ccccc3Cl)CC2)c1,1.068760828,train,butina,10,,,,
COc1ccc(OCC(=O)Nc2cccc(Cl)c2N2CCN(C(C)=O)CC2)cc1,0.700790221,train,butina,10,,,,
c1ccc(-c2ccc(CN3CCCCCCC3)cc2)cc1,-0.614393726,train,butina,10,,,,
CC(=O)N1CCN(c2c(Cl)cccc2NC(=O)COc2ccccc2Cl)CC1,0.256958153,train,butina,10,,,,
CCC(=O)N1CCN(c2ccc(Cl)cc2NC(=O)COc2ccccc2)CC1,0.250420002,train,butina,10,,,,
CC1(C)Cc2cc(NC(=O)c3cnn4cccnc34)c(OCC3CC3)nc2O1,-0.199970641,train,butina,10,,,,
N#Cc1cc(F)c(NS(=O)(=O)c2c[nH]c3cc(Cl)ccc23)cc1F,-0.026872146,train,butina,10,,,,
COc1cc2c(cc1OC)CN(CCc1ccc(NC(=O)c3cccc4c(O)c5cccc(OC)c5nc34)cc1)CC2,-1.207608311,train,butina,10,,,,
CCCc1nc2nc(C)c(NS(=O)(=O)c3ccc(C4CCCCC4)cc3)c(O)n2n1,-0.218963061,train,butina,10,,,,
NC(=O)C1(Cc2ccc(-c3ccncc3)cc2)CCN(C(=O)Cc2cccc(F)c2)CC1,1.006508828,train,butina,10,,,,
CC(=O)Nc1ccc(O)cc1,1.887859133,train,butina,10,,,,
O=C(NC1CCNCC1)c1ccc2[nH]ncc2c1,1.842696589,train,butina,10,,,,
Cc1cccc(/C=N/Nc2cc(N3CCOCC3)nc(OCCc3ccccn3)n2)c1,-0.548213564,train,butina,10,,,,
CCn1c(=O)oc2cc(NC(=O)c3ccc(C(C)(C)C)cc3)ccc21,0.21005085,train,butina,10,,,,
COc1ccc(OC[C@@H]2c3cc(OC)c(OC)cc3CCN2C(=O)c2cccc(Cl)c2)cc1,-0.116906641,train,butina,10,,,,
N#Cc1ccc(COc2cccc(C3CCN(Cc4nc5ccc(C(=O)O)cc5n4C[C@@H]4CCO4)CC3)n2)c(F)c1,0.402433346,train,butina,10,,,,
CC(C)[C@H](CO)Nc1nc(Nc2cc(N)cc(Cl)c2)c2ncn(C(C)C)c2n1,-0.061980903,train,butina,10,,,,
O=C(NC1CCNCC1)c1ccc2cn[nH]c2c1,2.0,train,butina,10,,,,
CC(C)(C)OC(=O)N1CCCC1C(=O)N1CCC(C(=O)N[C@@H](Cc2c[nH]c3ccccc23)C(=O)O)CC1,1.691832676,train,butina,10,,,,
O=C(Nc1cccc2c(=O)cc(-c3nnn[nH]3)oc12)c1ccc(OCCCCc2ccccc2)cc1,0.582744966,train,butina,10,,,,
CC(=O)Nc1ncc(C(=O)O)s1,1.81935965,train,butina,10,,,,
CC(C)[C@@](C)(O)[C@@H]1CN(c2nc(-c3n[nH]c4ncccc34)c(F)cc2Cl)CCN1,1.302460808,train,butina,10,,,,
Cc1nnc(-c2ccc(N3CCC(Oc4cc(F)ccc4Cl)CC3)nn2)o1,0.161068385,train,butina,10,,,,
Cc1cn2nc(-c3cc(=O)n4cc(N5CCNC6(CC6)C5)ccc4n3)cc(C)c2n1,0.985246791,train,butina,10,,,,
Cc1ccc(OCC2(O)CCN(CC3(O)CCN(c4ccccc4C)CC3)CC2)cc1,-0.040481623,train,butina,10,,,,
CN(C(=O)c1cc(N2CCNC2=O)ccc1F)C1CCNC1,1.885728632,train,butina,10,,,,
O=C(Nc1cccc(N2CCNC2=O)c1)C1NCC12CCCC2,1.718202645,train,butina,10,,,,
NCC1CCCC1NC(=O)c1cc(N2CCNC2=O)ccc1F,1.87495702,train,butina,10,,,,
Cc1nnc(-c2ccc(N3CCC(Oc4ccccc4C(F)(F)F)CC3)nn2)s1,-0.906578315,train,butina,10,,,,
O=C(NCCc1ccccc1)c1ccc(NC(=O)N2CCCCc3ccccc32)cc1,0.075911761,train,butina,10,,,,
CC(C)(C)c1ccc(C(O)CN2CCC(O)(c3ccc4c(c3)OCO4)CC2)cc1,0.779018972,train,butina,10,,,,
NC[C@H]1CC[C@@H](C(=O)Nc2ccc3[nH]ncc3c2)O1,1.981999714,train,butina,10,,,,
CN(C(=O)c1cc(N2CCNC2=O)ccc1F)C1CCC(N)CC1,1.828717885,train,butina,10,,,,
NC1CCCC1C(=O)N1CCC(c2c[nH]c3ncccc23)CC1,1.71701274,train,butina,10,,,,
NC1CCCC(C(=O)Nc2ccc3[nH]ncc3c2)C1,2.0,train,butina,10,,,,
NC1CC(NC(=O)c2ccc(-c3cn[nH]c3)cn2)C12CCC2,1.709702344,train,butina,10,,,,
NC1CCC(C(=O)N2CCC(c3c[nH]c4ncccc34)CC2)C1,1.917395215,train,butina,10,,,,
NC1CCCC(C(=O)N2CCC(c3c[nH]c4ncccc34)CC2)C1,1.752816431,train,butina,10,,,,
O=C(NC12CCCC1NCC2)c1ccc(-c2cn[nH]c2)cc1,2.0,train,butina,10,,,,
Cc1nc2cc(C(=O)NC34CCCC3NCC4)ccc2c(=O)[nH]1,1.866494097,train,butina,10,,,,
CNc1nc(C)cc(C(=O)Nc2ccc3[nH]ncc3c2)n1,1.493625323,train,butina,10,,,,
O=C(Nc1ccc(CN2CCCCC2)cc1)c1ccnc2[nH]cnc12,1.767526899,train,butina,10,,,,
NC1CCCC(C(=O)Nc2cccc(N3CCNC3=O)c2)C1,1.763113391,train,butina,10,,,,
CC1CC(N)CCN1C(=O)c1cc(N2CCNC2=O)c(F)cc1F,1.833504094,train,butina,10,,,,
CC(C)(Oc1ccc(-c2cnc(N)c(-c3ccc(Cl)cc3)c2)cc1)C(=O)O,-1.158015195,test,butina,10,0.5457111309600005,0.3393943248900002,0.28131328071,0.08040536782000006
CC#CC(=O)N[C@H]1CCCN(c2c(F)cc(C(N)=O)c3[nH]c(C)c(C)c23)C1,0.163856803,test,butina,10,1.2872029416200008,1.02885798989,0.7387356942400003,1.652490542230001
C=CC(=O)N1CCC[C@@H](n2nc(-c3ccc(Oc4ccccc4)cc3)c3c(N)ncnc32)C1,0.62603,test,butina,10,0.6912730561600001,0.5768075966,0.4656725537000001,0.33859283336999996
CC(C)NC(=O)COc1cccc(-c2nc(Nc3ccc4[nH]ncc4c3)c3ccccc3n2)c1,-1.384078213,test,butina,10,0.9490240101800002,0.40426308180000015,0.58199140794,-0.013398491499999988
[2H]C([2H])([2H])NC(=O)c1nnc(NC(=O)C2CC2)cc1Nc1cccc(-c2ncn(C)n2)c1OC,1.186566481,test,butina,10,0.7524864884400003,0.7887995330000005,0.47298524292999994,1.3492686369600009
C=CC(=O)N1CCC(CNc2ncnc(N)c2-c2ccc(Oc3ccccc3)cc2)CC1,0.752995432,test,butina,10,0.5696079712500002,0.2691821194299999,0.46402467460000013,0.4850704189500001
Cn1cc(-c2cn3nccc3c(-c3cnn([C@]4(CC#N)C[C@@H](C#N)C4)c3)n2)cn1,1.559583476,test,butina,10,0.98120355114,0.79942615222,0.61744643201,1.4493318350300002
C=CC(=O)Nc1cccc(Oc2nc(Nc3ccc(N4CCN(C)CC4)cc3)nc3ccsc23)c1,-0.049635146,test,butina,10,0.5471829141300002,0.3164715483499999,0.17313710244000005,-0.24020478481000004
CC#CC(=O)N1CC[C@@H](n2c(=O)n(-c3ccc(Oc4ccccc4)cc3)c3c(N)ncnc32)C1,0.935859798,test,butina,10,0.68665126889,0.6620678820300003,0.41915026663000027,0.9776234194899996
C=CC(=O)N1CCC([C@@H]2CCNc3c(C(N)=O)c(-c4ccc(Oc5ccccc5)cc4)nn32)CC1,0.968996327,test,butina,10,1.28373455172,0.4027781268699999,0.35675307210000007,0.4387097342
C=CC(=O)N1CCC[C@H](n2c(=O)n(-c3ccc(Oc4ccccc4)cc3)c3c(N)ncnc32)C1,0.983851719,test,butina,10,0.5982163220800001,0.6511114506300001,0.4503981257000003,0.5019356340899997
CC(C)(C=C(C#N)C(=O)N1CCC[C@@H](n2nc(-c3ccc(Oc4ccccc4)cc3F)c3c(N)ncnc32)C1)N1CCN(C2COC2)CC1,0.276231958,test,butina,10,0.4270639525500002,0.27383855801,0.45784734655000014,0.09560296712000003
CC#CC(=O)N1CC[C@@H](n2cc(-c3ccc(Oc4c(F)cccc4F)cc3)c3c(N)n[nH]c(=O)c32)C1,-0.073143291,test,butina,10,0.8260310065299998,0.6358676910000002,0.6309680171100005,0.2804132934999999
C=CC(=O)Nc1cccc(Oc2nc(Nc3ccc(N4CCN(C)CC4)c(F)c3)nc3[nH]ccc23)c1,0.039414119,test,butina,10,1.0128758867599998,0.26936531780999995,0.5871874722900002,0.14076146347999996
Nc1ncnc2c1c(-c1ccc(Oc3ccccc3)cc1)nn2[C@@H]1CCCNC1,0.956648579,test,butina,10,1.1682554527999998,0.6050799190600001,0.4870555052500002,0.40019707332999976
O=C1CN(c2ccc(Nc3nccc(C(F)(F)F)n3)cn2)CCN1,1.543819805,test,butina,10,1.2334031593700003,1.2463068256900005,1.02177757293,1.09596589559
Nc1ncc(C(=O)NC2CN(C(=O)C3CC3)C2)c2ccc(-c3cccc(F)c3)nc12,0.623352682,test,butina,10,0.7507777320400001,0.8279523975199997,0.6075758916800001,1.4168374658700005
C=CC(=O)Nc1cccc(Oc2nc(Nc3ccc(N4CCN(C)CC4)cc3)nc3ccoc23)c1,0.146128036,test,butina,10,0.6183240730500003,0.28072790264999986,0.33336289854,0.14688835267000003
CCn1c(CO)nn(-c2cc(O[C@@H](C)C(F)(F)F)c(C(=O)Nc3c(F)cccc3Cl)cc2F)c1=O,0.975753389,test,butina,10,0.6688197898500005,0.4377098386,0.27141436965999993,0.2778938889699998
NCCN1CCN(C/C=C/C(=O)N2CCC[C@@H](n3nc(-c4ccc(Oc5ccccc5)cc4)c4c(N)ncnc43)C2)CC1,0.699837726,test,butina,10,0.6076140639200005,0.5346484046200001,0.28590213226000005,0.12160922487
COc1ccc(CCCN2CCN(c3cnn(C)c3)C(=O)C2)cc1F,1.343408594,test,butina,10,0.8091313926800003,1.1704341915100005,0.8092175166000005,1.5259813702000002
CN(Cc1ccccc1)C1(C(=O)N2CCNC(=O)CC2)Cc2ccccc2C1,0.904931827,test,butina,10,1.2531333127300002,1.1865643533800003,0.6494712381100003,1.6058220785700004
COc1ccc(CNC(=O)c2sc3nc(C)cc(C)c3c2N)cc1,-0.356547324,test,butina,10,0.9213090197300001,0.4185255087300002,0.3461111509999999,0.46078404105
Nc1ncnc2c1c(-c1cnc3[nH]ccc3c1)nn2C1CCCC1,0.862608364,test,butina,10,1.2919718218100003,1.0177491176000002,0.8658852713799999,0.5536586302700002
CNC(=O)C1(Cc2ccc(-c3cccnc3)cc2)CCN(Cc2ccccc2Cl)C1,0.387567779,test,butina,10,0.9317620807700004,0.6393420904600002,0.7743020866699999,0.6098605211900001
Cc1cc(C)c2c(N)c(C(=O)NCc3ccc(Cl)cc3)sc2n1,-0.370590401,test,butina,10,0.8551014445,0.54418210752,0.5022681753700001,0.40169267899000005
COc1nc2sc(C(=O)NC3CC3)c(N)c2c(C)c1Cl,0.245512668,test,butina,10,0.92753659008,1.2664812141900001,0.5833802989100003,1.69114831948
O=C1NCCSc2c1sc1ccc(O)cc21,0.891593204,test,butina,10,1.4335229358700008,1.3780776945500006,0.6084340913199999,1.5967665926100016
C=CC(=O)Nc1cccc(Nc2nc(Nc3ccc(Oc4ccnc(C(=O)NC)c4)cc3)ncc2F)c1,-0.403402904,test,butina,10,0.6138839357200002,0.2866042683899999,0.37884106187000016,-0.23755140574
CC(=O)NCCNc1cc(Cl)nn2c(-c3cccc(S(=O)(=O)N(C)C)c3)c(C)nc12,0.681693392,test,butina,10,0.6593558614300001,0.7121645242800001,0.47844103184000003,0.9701983347699997
Cc1ccc(Oc2ccc(Cl)cc2NC(=O)CN(C)CC(=O)N(C)C)cc1,-0.053056729,test,butina,10,0.40610611785000017,0.48048955427,0.26146118030999993,0.24690067713999983
COc1ccc([C@H]2c3[nH]c4ccc(Cl)cc4c3CCN2C(=O)Oc2ccc(Cl)cc2)cc1,1.51293775,test,butina,10,1.1095989924200005,-0.03854684509999999,0.08129437856000006,-0.03118749315999999
Cc1cccc(-c2nc(C34CCC(C(N)=O)(CC3)CC4)[nH]c2-c2ccc3c(c2)OCO3)n1,1.02011257,test,butina,10,1.08832624652,0.38792636731,0.23094750730000005,0.43572242102
COc1cc2nc(-c3cc(F)ccc3O)nc(N[C@@H]3CNC[C@H]3C(C)(C)O)c2cc1OC.Cl,-1.119186408,test,butina,10,0.8638235992800004,0.4502338554700003,0.3603323299100001,0.5489544588400002
CCCS(=O)(=O)Nc1ccc(F)c(C(=O)c2c[nH]c3ncc(-c4ccc(Cl)cc4)cc23)c1F,-1.59345982,test,butina,10,0.8468477005000006,0.19196673611000004,0.4159901503700001,-0.02803250277999999
Cn1c(-c2n[nH]c3c2CCCC3)nnc1N1CCC2(CNC(=O)C2)C1,1.792986685,test,butina,10,0.8797129516199999,1.5429291439000008,1.3680203621499998,1.6089124315000007
CCc1c[nH]c2ncnc(N3CCC(CN4CCN(C)CC4)CC3)c12,1.728012707,test,butina,10,1.2819895904499998,1.1825271744399997,1.3297324722400001,1.7231167149500004
NC(=O)c1cnc(N2CCc3[nH]nc(C(F)(F)F)c3C2)c(Cl)c1,0.986009932,test,butina,10,1.0749043877400004,1.3788262102800002,1.16139423836,1.6667404309899998
c1sc(NCC2CCCO2)nc1C12CC3CC(CC(C3)C1)C2,-1.096910013,test,butina,10,1.01644129791,1.4001929680599998,0.8883427435600002,0.5598639663800001
CNc1cc(Nc2cccn(-c3ccccn3)c2=O)nn2c(C(=O)N[C@@H]3C[C@@H]3F)cnc12,0.991226076,train,butina,11,,,,
CCOc1cc2nn(CCC(C)(C)O)cc2cc1NC(=O)c1cccc(C(F)F)n1,0.099680641,train,butina,11,,,,
CC(C)(Oc1ccc(-c2cnc(N)c(-c3ccc(Cl)cc3)c2)cc1)C(=O)O,-1.158015195,train,butina,11,,,,
CC(C)(O)CCn1cc2cc(NC(=O)c3cccc(C(F)(F)F)n3)c(C(C)(C)O)cc2n1,1.015611205,train,butina,11,,,,
CC#CC(=O)N[C@H]1CCCN(c2c(F)cc(C(N)=O)c3[nH]c(C)c(C)c23)C1,0.163856803,train,butina,11,,,,
C=CC(=O)N1CCC[C@@H](n2nc(-c3ccc(Oc4ccccc4)cc3)c3c(N)ncnc32)C1,0.62603,train,butina,11,,,,
CC(C)NC(=O)COc1cccc(-c2nc(Nc3ccc4[nH]ncc4c3)c3ccccc3n2)c1,-1.384078213,train,butina,11,,,,
CCS(=O)(=O)N1CC(CC#N)(n2cc(-c3ncnc4[nH]ccc34)cn2)C1,1.378597739,train,butina,11,,,,
COc1ccc(S(=O)(=O)N2CCC(N3CCC(C)CC3)CC2)cc1,1.729799023,train,butina,11,,,,
CCn1c(-c2nonc2N)nc2cnc(Oc3cccc(NC(=O)c4ccc(OCCN5CCOCC5)cc4)c3)cc21,-0.449771647,train,butina,11,,,,
Cc1c[nH]c2nccc(Oc3c(F)cc(Nc4cc(Cl)nc(N)n4)cc3F)c12,-1.22184875,train,butina,11,,,,
Fc1ccc(-c2ccc3c(c2)[nH]c2ccncc23)cn1,0.653405491,train,butina,11,,,,
Nc1c(F)ccc2cnc(-n3ccc4ccncc43)cc12,0.713910354,train,butina,11,,,,
Cn1cc(Nc2nccc(N3CC4CCC(C3)N4C(=O)[C@@H]3CC3(F)F)n2)cn1,1.642995934,train,butina,11,,,,
[2H]C([2H])([2H])NC(=O)c1nnc(NC(=O)C2CC2)cc1Nc1cccc(-c2ncn(C)n2)c1OC,1.186566481,train,butina,11,,,,
C=CC(=O)N1CCC(CNc2ncnc(N)c2-c2ccc(Oc3ccccc3)cc2)CC1,0.752995432,train,butina,11,,,,
Nc1n[nH]cc1-c1cc(Cl)ccc1Oc1cc(F)c(S(=O)(=O)Nc2cscn2)cc1Cl,-0.354577731,train,butina,11,,,,
Cn1cc(-c2cn3nccc3c(-c3cnn([C@]4(CC#N)C[C@@H](C#N)C4)c3)n2)cn1,1.559583476,train,butina,11,,,,
O=C(c1ccc(Oc2ccccc2)cc1Cl)c1c[nH]c2ncnc(N[C@@H]3CC[C@@H](CO)OC3)c12,-0.467245621,train,butina,11,,,,
N#CC[C@H](C1CCCC1)n1cc(-c2ncnc3[nH]ccc23)cn1,0.630986911,train,butina,11,,,,
CC(C)(C)c1ccc(-c2nc3n(c(=O)c2C#N)CCS3)cc1,0.731266349,train,butina,11,,,,
C=CC(=O)Nc1cccc(Oc2nc(Nc3ccc(N4CCN(C)CC4)cc3)nc3ccsc23)c1,-0.049635146,train,butina,11,,,,
CC#CC(=O)N1CC[C@@H](n2c(=O)n(-c3ccc(Oc4ccccc4)cc3)c3c(N)ncnc32)C1,0.935859798,train,butina,11,,,,
C=CC(=O)N1CCC([C@@H]2CCNc3c(C(N)=O)c(-c4ccc(Oc5ccccc5)cc4)nn32)CC1,0.968996327,train,butina,11,,,,
C=CC(=O)N1CCC[C@H](n2c(=O)n(-c3ccc(Oc4ccccc4)cc3)c3c(N)ncnc32)C1,0.983851719,train,butina,11,,,,
CC(C)(C=C(C#N)C(=O)N1CCC[C@@H](n2nc(-c3ccc(Oc4ccccc4)cc3F)c3c(N)ncnc32)C1)N1CCN(C2COC2)CC1,0.276231958,train,butina,11,,,,
CC#CC(=O)N1CC[C@@H](n2cc(-c3ccc(Oc4c(F)cccc4F)cc3)c3c(N)n[nH]c(=O)c32)C1,-0.073143291,train,butina,11,,,,
C=CC(=O)Nc1cccc(Oc2nc(Nc3ccc(N4CCN(C)CC4)c(F)c3)nc3[nH]ccc23)c1,0.039414119,train,butina,11,,,,
C[C@@H]1c2nnn(-c3ncc(F)cn3)c2CCN1C(=O)c1cccc(C(F)(F)F)c1Cl,0.969089603,train,butina,11,,,,
Nc1ncc(-c2cccc(C(F)(F)F)c2)c(C2CCCCN2C(=O)c2ccccc2)n1,-0.04431225,train,butina,11,,,,
O=C(Nc1cccc(-c2nncn2C2CC2)c1)c1cc(-n2cnc(C3CC3)c2)ccn1,0.262925469,train,butina,11,,,,
Fc1ccccc1-c1c[nH]nc1C1CCCN1Cc1ccc2ncccc2c1,0.545801757,train,butina,11,,,,
Cc1nccc(-c2cn(Cc3ccccc3)c3cnccc23)n1,1.122707254,train,butina,11,,,,
CCc1nc(C)cn2nc(-c3cc(=O)n4cc(C5CCN(C)CC5)cc(C)c4n3)cc12,0.868232868,train,butina,11,,,,
Cc1c(Cl)ccc2cc3n(c12)[C@@H](C)CNC3=O,0.328379603,train,butina,11,,,,
Nc1ncnc2c1c(-c1ccc(Oc3ccccc3)cc1)nn2[C@@H]1CCCNC1,0.956648579,train,butina,11,,,,
COc1nn(C)cc1C(=O)Nc1cccc(-c2cnc3n2CCC3)c1,0.866877814,train,butina,11,,,,
COc1cc(F)ccc1-c1ncnc(Nc2cccc(C[S@@](C)(=N)=O)c2)n1,1.594922663,train,butina,11,,,,
Cc1ccc(C(=O)N2CCC(Cc3ccccc3-c3ccccc3)(C(=O)N(C)C)CC2)s1,-0.293282218,train,butina,11,,,,
CCc1nc2c(C)cc(N3CCN(CC(=O)N4CC(O)C4)CC3)cn2c1N(C)c1nc(-c2ccc(F)cc2)c(C#N)s1,-0.204728421,train,butina,11,,,,
CN(C)C(=O)C1(Cc2ccccc2-c2ccccc2)CCN(C(=O)C2CCCO2)CC1,0.902546779,train,butina,11,,,,
CC(=O)Nc1ccc(C(=O)N2CCCCC2c2nc(N)ncc2-c2ccc(Cl)cc2)cc1,0.596926814,train,butina,11,,,,
CC(=O)Nc1ccc(C(=O)N2CCCCC2c2nc(N)ncc2-c2cccc(Cl)c2)cc1,0.520483533,train,butina,11,,,,
O=C1CN(c2ccc(Nc3nccc(C(F)(F)F)n3)cn2)CCN1,1.543819805,train,butina,11,,,,
O=C1NCCN(C(=O)c2ccc3nccn3c2)C1c1ccccc1C(F)(F)F,1.851001366,train,butina,11,,,,
Cc1cc(F)ccc1C1C(=O)NCCN1C(=O)c1ccc2nccn2c1,1.78096503,train,butina,11,,,,
O=C1NCCN(C(=O)c2ccncc2)C1c1ccccc1Cl,1.876996793,train,butina,11,,,,
CN1[C@H]2CC[C@@H]1C[C@@H](OC(c1ccccc1)c1ccccc1)C2,1.106122874,train,butina,11,,,,
CC(C)(C)C(=O)N1CCC(Cc2ccc(-c3cccs3)cc2)(C(=O)N2CCCC2)CC1,-0.1837587,train,butina,11,,,,
Cc1ncsc1C(=O)N1CCCCC1c1nc(N(C)C)ncc1-c1cccc(Cl)c1,-0.083019953,train,butina,11,,,,
OCC1CCCCN1Cc1ccc(Cl)c(Cl)c1,1.390069186,train,butina,11,,,,
COc1ccccc1C(=O)Nc1ccc2cc[nH]c2c1,0.505149978,train,butina,11,,,,
c1ccc(Oc2cccc(CN(CCN3CCOCC3)Cc3cccnc3)c2)cc1,-0.222573178,train,butina,11,,,,
Cc1c(C(=O)NCCCN(C)C)sc2ncnc(Nc3ccc(F)cc3OC(C)C)c12,0.741821047,train,butina,11,,,,
OCC1CCCCN1Cc1ccc(-c2ccccc2)cc1,1.368007805,train,butina,11,,,,
Nc1ncc(C(=O)NC2CN(C(=O)C3CC3)C2)c2ccc(-c3cccc(F)c3)nc12,0.623352682,train,butina,11,,,,
CC1(C)CC(Oc2ccc(-c3ccc(-c4cn[nH]c4)cc3O)nn2)CC(C)(C)N1,1.199947058,train,butina,11,,,,
Cc1nnc(-c2ccc3occ(-c4ccc(S(C)=O)cc4)c3c2)o1,0.193402903,train,butina,11,,,,
Cc1ncsc1C(=O)N1CCCCC1c1nc(N)ncc1-c1cccc(C(F)(F)F)c1,0.615318657,train,butina,11,,,,
O=C(Nc1ccc2ccccc2n1)c1ccc(N2CCOC2=O)cc1,0.449015316,train,butina,11,,,,
O=C(CCNC(=O)c1ccc(OC(F)(F)F)cc1)N[C@@H]1CCCc2ccccc21,0.526080692,train,butina,11,,,,
O=S(=O)(c1cccc2cnccc12)N1CCCNCC1,1.892077899,train,butina,11,,,,
C=CC(=O)Nc1cccc(Oc2nc(Nc3ccc(N4CCN(C)CC4)cc3)nc3ccoc23)c1,0.146128036,train,butina,11,,,,
CCN1CCN(S(=O)(=O)Cc2ccc(Cl)c(Cl)c2)CC1,1.249124949,train,butina,11,,,,
CCn1c(CO)nn(-c2cc(O[C@@H](C)C(F)(F)F)c(C(=O)Nc3c(F)cccc3Cl)cc2F)c1=O,0.975753389,train,butina,11,,,,
CCN(C/C=C\c1ccc(C2CCCCC2)c(Cl)c1)C1CCCCC1,-0.853871964,train,butina,11,,,,
NCCN1CCN(C/C=C/C(=O)N2CCC[C@@H](n3nc(-c4ccc(Oc5ccccc5)cc4)c4c(N)ncnc43)C2)CC1,0.699837726,train,butina,11,,,,
CC/C(=C(\c1ccccc1)c1ccc(OCCN(C)C)cc1)c1ccccc1,-0.580044252,train,butina,11,,,,
COc1nn(C)cc1C(=O)Nc1cccc2cnccc12,1.504729052,train,butina,11,,,,
CNC(=O)C1(Cc2ccc(-c3ccncc3)cc2)CCN(Cc2cccc(F)c2)C1,1.10503305,train,butina,11,,,,
Cc1nc(Nc2nccs2)cc(C2CN(c3ncccn3)C2)n1,0.444669231,train,butina,11,,,,
COc1ccc(Nc2c(C#N)cnc3cc(OC)c(OC)cc23)cc1Cl,-0.033858267,train,butina,11,,,,
COc1ccc(CCCN2CCN(c3cnn(C)c3)C(=O)C2)cc1F,1.343408594,train,butina,11,,,,
CN(Cc1ccccc1)C1(C(=O)N2CCNC(=O)CC2)Cc2ccccc2C1,0.904931827,train,butina,11,,,,
Cc1c(F)cccc1NC(=O)CN1[C@H]2CCCC(=O)N[C@@]2(C)C[C@H]1Cc1ccccc1,0.595275712,train,butina,11,,,,
O=S(=O)(c1cccc2c(O)nccc12)N1CCCNCC1,1.850223373,train,butina,11,,,,
Cc1ccc(NC(=O)CN2[C@H]3CCCC(=O)N[C@@]3(C)C[C@H]2Cc2ccccc2)cc1F,-0.137272472,train,butina,11,,,,
CN(C)C(=O)C1(Cc2ccccc2-c2cccc(F)c2)CCN(C(=O)C2CC=CCC2)CC1,-0.104025268,train,butina,11,,,,
COCC(=O)N1CCC(Cc2ccccc2-c2cccc(F)c2)(C(=O)NC(C)C)CC1,0.596597096,train,butina,11,,,,
COc1ccc(CNC(=O)c2sc3nc(C)cc(C)c3c2N)cc1,-0.356547324,train,butina,11,,,,
C#C[C@@](C)(CC)NC(=O)c1cc(F)cnc1NC1CC(F)(F)C1,0.671265433,train,butina,11,,,,
CNC(=O)C1(Cc2ccc(-c3cccnc3)cc2)CCN(Cc2ccc(F)cc2)C1,1.021602716,train,butina,11,,,,
CNC(=O)C1(Cc2ccc(-c3cccnc3)cc2)CCN(Cc2cccc(F)c2)C1,0.829753919,train,butina,11,,,,
CC(=O)Nc1ncc(CN2CCCC[C@@H]2C)s1,2.0,train,butina,11,,,,
O=C1CCCC[C@@H]2[C@H](C[C@@H](Cc3ccccc3F)N2C(=O)c2cccc3ncccc23)N1,1.277998644,train,butina,11,,,,
CCOc1cc(CC(=O)N[C@@H](CC(C)C)c2ccccc2N2CCCCC2)ccc1C(=O)O,0.106870544,train,butina,11,,,,
CC(O)(C#Cc1ccc2c(c1)N(c1nc(N)ncc1Cl)CC2)c1nccs1,-0.122628654,train,butina,11,,,,
COCCc1noc(CN2CC(c3ccccc3)(c3ccccc3)CCC2=O)n1,1.167051359,train,butina,11,,,,
Cc1[nH]nc2c1C1(CCCCC1)CC(=O)N2,1.323066376,train,butina,11,,,,
O=C(Nc1cccc2ncccc12)[C@H]1CCCN(S(=O)(=O)c2ccccc2)C1,1.222560409,train,butina,11,,,,
C[C@@H]1Cc2ccccc2N1C(=O)Cn1nc(-c2cccc3ncccc23)oc1=O,0.224014811,train,butina,11,,,,
Nc1ncnc2c1c(-c1cnc3[nH]ccc3c1)nn2C1CCCC1,0.862608364,train,butina,11,,,,
O=C(Nc1cnccc1-c1ccc(Cl)cc1)c1ccnc(NC(=O)C2CC2)c1,0.369957607,train,butina,11,,,,
CN1C(N)=N[C@](C)(c2cc(NC(=O)c3ccc(F)cn3)ccc2F)CS1(=O)=O,1.560468571,train,butina,11,,,,
Cc1cc(Nc2cnccn2)cc(C2CCCN(CC(=O)N3CCCC3)C2)n1,1.642246824,train,butina,11,,,,
Cc1cccnc1Nc1cccc(C2CCCN(CC(=O)Nc3nccs3)C2)n1,0.180699201,train,butina,11,,,,
CN(C)C(=O)C1(Cc2ccccc2-c2ccccc2)CCN(C(=O)c2cnn(C)c2)CC1,1.041353202,train,butina,11,,,,
CNC(=O)C1(Cc2ccc(-c3cccnc3)cc2)CCN(Cc2ccccc2Cl)C1,0.387567779,train,butina,11,,,,
Cc1cc(N2CCCC2c2cc(CCC(=O)O)cc(C)n2)ncn1,2.0,train,butina,11,,,,
O=C(CN1CCCC(c2cccc(Cc3cccc(F)c3)n2)C1)N1CCCC1,1.062130535,train,butina,11,,,,
COc1cc2ncnc(Nc3cccc(O)c3)c2cc1OC,0.994317153,train,butina,11,,,,
Cc1cc(C)c2c(N)c(C(=O)NCc3ccc(Cl)cc3)sc2n1,-0.370590401,train,butina,11,,,,
COCCNC(=O)c1ccnc(C2CCNCC2)c1,2.0,train,butina,11,,,,
COc1nc2sc(C(=O)NC3CC3)c(N)c2c(C)c1Cl,0.245512668,train,butina,11,,,,
CC1(CNC(=O)c2cncc(C3CCNCC3)n2)CCCO1,1.988550039,train,butina,11,,,,
Cc1cc(N2CCCC2)nc(C2CCCN(C)C2)n1,2.0,train,butina,11,,,,
O=C1NCCSc2c1sc1ccc(O)cc21,0.891593204,train,butina,11,,,,
CCn1cc(C(=O)O)c(=O)c2c(N)c(F)c(NC3CCCCC3)cc21,0.427486109,train,butina,11,,,,
C[C@H]1CN(C2COC2)CCN1c1ccc(Nc2cc(-c3ccnc(N4CCn5c(cc6c5CC(C)(C)C6)C4=O)c3CO)cn(C)c2=O)nc1,1.209139536,train,butina,11,,,,
C=CC(=O)Nc1cccc(Nc2nc(Nc3ccc(Oc4ccnc(C(=O)NC)c4)cc3)ncc2F)c1,-0.403402904,train,butina,11,,,,
C=CC(=O)N(C)CCOc1c(N)ncnc1-c1cc(F)cc(NC(=O)c2ccc(C3CC3)cc2F)c1C,0.838502776,train,butina,11,,,,
CC#CC(=O)N1CCC[C@@H]1c1nc(-c2ccc(C(=O)Nc3ccccn3)cc2)c2c(N)nccn12,0.975868182,train,butina,11,,,,
CC(=O)NCCNc1cc(Cl)nn2c(-c3cccc(S(=O)(=O)N(C)C)c3)c(C)nc12,0.681693392,train,butina,11,,,,
Cc1c[nH]c(=O)n1-c1ccc(C(=O)Nc2ccc3ccccc3n2)cc1,0.639386869,train,butina,11,,,,
CNC(=O)c1cccc(NC(=O)N2CCC(Oc3ccccc3Cl)CC2)c1,1.068760828,train,butina,11,,,,
COc1ccc(OCC(=O)Nc2cccc(Cl)c2N2CCN(C(C)=O)CC2)cc1,0.700790221,train,butina,11,,,,
c1ccc(-c2ccc(CN3CCCCCCC3)cc2)cc1,-0.614393726,train,butina,11,,,,
CC(=O)N1CCN(c2c(Cl)cccc2NC(=O)COc2ccccc2Cl)CC1,0.256958153,train,butina,11,,,,
CCC(=O)N1CCN(c2ccc(Cl)cc2NC(=O)COc2ccccc2)CC1,0.250420002,train,butina,11,,,,
Cc1ccc(Oc2ccc(Cl)cc2NC(=O)CN(C)CC(=O)N(C)C)cc1,-0.053056729,train,butina,11,,,,
CC1(C)Cc2cc(NC(=O)c3cnn4cccnc34)c(OCC3CC3)nc2O1,-0.199970641,train,butina,11,,,,
COc1cc2c(cc1OC)CN(CCc1ccc(NC(=O)c3cccc4c(O)c5cccc(OC)c5nc34)cc1)CC2,-1.207608311,train,butina,11,,,,
CCCc1nc2nc(C)c(NS(=O)(=O)c3ccc(C4CCCCC4)cc3)c(O)n2n1,-0.218963061,train,butina,11,,,,
COc1ccc([C@H]2c3[nH]c4ccc(Cl)cc4c3CCN2C(=O)Oc2ccc(Cl)cc2)cc1,1.51293775,train,butina,11,,,,
NC(=O)C1(Cc2ccc(-c3ccncc3)cc2)CCN(C(=O)Cc2cccc(F)c2)CC1,1.006508828,train,butina,11,,,,
O=C(NC1CCNCC1)c1ccc2[nH]ncc2c1,1.842696589,train,butina,11,,,,
CCn1c(=O)oc2cc(NC(=O)c3ccc(C(C)(C)C)cc3)ccc21,0.21005085,train,butina,11,,,,
COc1ccc(OC[C@@H]2c3cc(OC)c(OC)cc3CCN2C(=O)c2cccc(Cl)c2)cc1,-0.116906641,train,butina,11,,,,
N#Cc1ccc(COc2cccc(C3CCN(Cc4nc5ccc(C(=O)O)cc5n4C[C@@H]4CCO4)CC3)n2)c(F)c1,0.402433346,train,butina,11,,,,
O=C(NC1CCNCC1)c1ccc2cn[nH]c2c1,2.0,train,butina,11,,,,
O=C(Nc1cccc2c(=O)cc(-c3nnn[nH]3)oc12)c1ccc(OCCCCc2ccccc2)cc1,0.582744966,train,butina,11,,,,
CC(=O)Nc1ncc(C(=O)O)s1,1.81935965,train,butina,11,,,,
Cc1cccc(-c2nc(C34CCC(C(N)=O)(CC3)CC4)[nH]c2-c2ccc3c(c2)OCO3)n1,1.02011257,train,butina,11,,,,
COc1cc2nc(-c3cc(F)ccc3O)nc(N[C@@H]3CNC[C@H]3C(C)(C)O)c2cc1OC.Cl,-1.119186408,train,butina,11,,,,
CC(C)[C@@](C)(O)[C@@H]1CN(c2nc(-c3n[nH]c4ncccc34)c(F)cc2Cl)CCN1,1.302460808,train,butina,11,,,,
Cc1nnc(-c2ccc(N3CCC(Oc4cc(F)ccc4Cl)CC3)nn2)o1,0.161068385,train,butina,11,,,,
Cc1cn2nc(-c3cc(=O)n4cc(N5CCNC6(CC6)C5)ccc4n3)cc(C)c2n1,0.985246791,train,butina,11,,,,
CCCS(=O)(=O)Nc1ccc(F)c(C(=O)c2c[nH]c3ncc(-c4ccc(Cl)cc4)cc23)c1F,-1.59345982,train,butina,11,,,,
CN(C(=O)c1cc(N2CCNC2=O)ccc1F)C1CCNC1,1.885728632,train,butina,11,,,,
Cn1c(-c2n[nH]c3c2CCCC3)nnc1N1CCC2(CNC(=O)C2)C1,1.792986685,train,butina,11,,,,
Cc1nnc(-c2ccc(N3CCC(Oc4ccccc4C(F)(F)F)CC3)nn2)s1,-0.906578315,train,butina,11,,,,
O=C(NCCc1ccccc1)c1ccc(NC(=O)N2CCCCc3ccccc32)cc1,0.075911761,train,butina,11,,,,
NC[C@H]1CC[C@@H](C(=O)Nc2ccc3[nH]ncc3c2)O1,1.981999714,train,butina,11,,,,
NC1CCCC1C(=O)N1CCC(c2c[nH]c3ncccc23)CC1,1.71701274,train,butina,11,,,,
NC1CC(NC(=O)c2ccc(-c3cn[nH]c3)cn2)C12CCC2,1.709702344,train,butina,11,,,,
NC1CCC(C(=O)N2CCC(c3c[nH]c4ncccc34)CC2)C1,1.917395215,train,butina,11,,,,
O=C(NC12CCCC1NCC2)c1ccc(-c2cn[nH]c2)cc1,2.0,train,butina,11,,,,
Cc1nc2cc(C(=O)NC34CCCC3NCC4)ccc2c(=O)[nH]1,1.866494097,train,butina,11,,,,
CNc1nc(C)cc(C(=O)Nc2ccc3[nH]ncc3c2)n1,1.493625323,train,butina,11,,,,
O=C(Nc1ccc(CN2CCCCC2)cc1)c1ccnc2[nH]cnc12,1.767526899,train,butina,11,,,,
CCc1c[nH]c2ncnc(N3CCC(CN4CCN(C)CC4)CC3)c12,1.728012707,train,butina,11,,,,
NC(=O)c1cnc(N2CCc3[nH]nc(C(F)(F)F)c3C2)c(Cl)c1,0.986009932,train,butina,11,,,,
c1sc(NCC2CCCO2)nc1C12CC3CC(CC(C3)C1)C2,-1.096910013,train,butina,11,,,,
CN(c1ncc(F)cn1)[C@H]1CCCNC1,2.0,test,butina,11,1.4140903161600002,1.4320587690600006,1.0292246055899998,1.74797104594
COc1ccc(Cl)cc1C(=O)NCCc1ccc(S(=O)(=O)NC(=O)NC2CCCCC2)cc1,-0.91721463,test,butina,11,0.6274465540700002,0.09968220504000001,0.41478798633,0.45890580671000003
COc1cc2c(cc1OC)CC(=O)N(CCCN(C)C[C@H]1Cc3cc(OC)c(OC)cc31)CC2,1.730984039,test,butina,11,0.6626226039400003,0.43479995863,0.6224457080700001,0.56681201719
CCCc1cc(N2CCc3c(nc(C4CC4)n3C)C2)n2ncnc2n1,1.677187053,test,butina,11,0.8076001131900002,0.9737634097400002,0.8018378709199997,1.4042734393200005
C=CC(=O)N1C[C@H](Nc2ncnc3[nH]ccc23)CC[C@@H]1C,1.828227965,test,butina,11,1.0223794121800003,1.1790484368000005,0.7518646679800001,1.8577784631099996
Cc1c(-c2c(F)cc(C(N)=O)c3[nH]c4c(c23)CC[C@H](C(C)(C)O)C4)cccc1-n1c(=O)c2cccc(F)c2n(C)c1=O,0.436162647,test,butina,11,0.7193366578599999,0.5939192599700001,0.6022132543000001,0.40965074378
COc1ccccc1-c1cc(NC(=O)c2cccc(N3CCNC3=O)c2)[nH]n1,-0.397940009,test,butina,11,1.3494043683500003,0.5153906029700001,0.8062085204500005,0.8210784110500002
Cc1nnc(CN(C)CC(C)Oc2ccc(Cl)c(Cl)c2)n1C,0.926290987,test,butina,11,0.30500858503999995,0.7082317760499999,0.37166801208000017,0.41444164244
Cc1ncc(CN2CC[C@@H](Nc3cncc(Cl)n3)[C@@H](C)C2)s1,1.205461507,test,butina,11,0.4868681415700001,0.9058339084500001,0.5326257074100001,0.40652690778
C[C@@H]1CCN(C(=O)CC#N)C[C@@H]1N(C)c1ncnc2[nH]ccc12,1.991815076,test,butina,11,1.1358426323400004,1.0688488629899995,0.6482284376800002,1.5829928085800007
C[C@H]1CN(C(=O)CC(c2ccccc2)c2ccccc2)C[C@@H](C)O1,1.188253327,test,butina,11,0.8125247143000003,0.6254304983600004,0.58389377277,0.7868790374400007
OC[C@H](Nc1cncc(-c2ccc3[nH]ncc3n2)c1)c1ccccc1,1.017826038,test,butina,11,0.9770998864200005,0.6652994621900002,0.6245660369200001,0.8240552644000005
CC(=O)N1CCN(c2nc(C(F)(F)F)nc3sc(C)c(C)c23)CC1,0.13481437,test,butina,11,0.6191959885800002,1.1262421595,0.24133678049,0.3571329009199998
COc1ccc([C@H]2CN(C(C)=O)[C@@H]3CCCN(Cc4cccc(F)c4)[C@H]23)cc1,0.595385981,test,butina,11,0.59512567668,0.6216626171699999,0.45419295291000006,0.7003545743700001
O=C(Nc1nc2cccc(-c3ccc(CN4CCS(=O)(=O)CC4)cc3)n2n1)C1CC1,1.681349797,test,butina,11,0.7363165386900001,0.6516345412400001,0.9669512675300003,1.0759713572800003
Cn1c(C2CC2)nc2c1CCN(c1ncnc3ccsc13)C2,1.237065953,test,butina,11,0.49947529692000026,1.1120124991900004,0.8267582595700003,0.47889153277999996
Cc1ncc(CN2CCC(Nc3ccc4nnnn4n3)C(C)C2)s1,1.652285029,test,butina,11,0.5337996709,1.1611127180800005,0.8885010313000004,1.4823247243500004
Cc1noc(C(C)C)c1C(=O)N1CC(C)OC(c2ccccc2)C1,1.180469962,test,butina,11,0.7468346871300003,0.79969536147,1.1324063772400004,0.7903914400900004
CCC1=C(C)CN(C(=O)NCCc2ccc(S(=O)(=O)NC(=O)N[C@H]3CC[C@H](C)CC3)cc2)C1=O,-1.180456064,test,butina,11,0.7740773145300001,0.75206252459,0.5367625147000002,0.60692994557
Cn1cc(Nc2nc(N)nc(-c3cccc(-n4ccc5cc(C6CC6)cc(F)c5c4=O)c3CO)n2)cn1,0.850401148,test,butina,11,1.08060971619,0.6137967519900001,0.7758581240100001,0.48219325571
Cc1cnc(C(=O)NCCc2ccc(S(=O)(=O)NC(=O)NC3CCCCC3)cc2)cn1,0.01745073,test,butina,11,1.1375121530500005,0.475699181,0.7568444144700003,1.2337768123200001
Cc1oc2ccccc2c1CNc1nnc(-c2ccncc2)o1,0.717254313,test,butina,11,0.71676100959,0.58715646167,0.5196142068799998,0.6329155755800003
CC1CN(C(=O)c2cccnc2N2CCOCC2)CC(c2ccccc2)O1,1.573185017,test,butina,11,0.6973210469300001,0.6947792997000002,1.3266270553200001,1.3571531070800003
CCCCNC(=O)NS(=O)(=O)c1ccc(C)cc1,0.439332694,test,butina,11,0.7385010635200001,0.7109312882799999,0.7035232667800002,1.6627501926
CC1(C)CC(=O)C2=C(C1)NC(=O)CC2c1ccc(Br)cc1,1.159236233,test,butina,11,1.0804393451600003,0.8933648444300001,0.3633519340799999,0.56235870977
CN1CCN(S(=O)(=O)c2ccc(-c3cnc(N)c(C(=O)Nc4cccnc4)n3)cc2)CC1,1.078638038,test,butina,11,0.6427824206600004,0.8666885970100006,0.8885808308300003,1.0873636390299994
CCCNC(=O)NS(=O)(=O)c1ccc(Cl)cc1,0.969835093,test,butina,11,0.5919065081399999,0.83061283315,0.6862454643,1.5584840525900006
N#Cc1cc(F)c(NS(=O)(=O)c2c[nH]c3cc(Cl)ccc23)cc1F,-0.026872146,test,butina,11,0.43146384437999996,0.57337097363,0.8895718118100007,0.5328340361400001
CC(=O)Nc1ccc(O)cc1,1.887859133,test,butina,11,0.8400641537999999,0.8983490726100005,0.5732290833600002,1.6063380605499995
Cc1cccc(/C=N/Nc2cc(N3CCOCC3)nc(OCCc3ccccn3)n2)c1,-0.548213564,test,butina,11,0.5074738223800004,0.6263657553299999,0.6016136410399998,0.5429676829900001
CC(C)[C@H](CO)Nc1nc(Nc2cc(N)cc(Cl)c2)c2ncn(C(C)C)c2n1,-0.061980903,test,butina,11,0.91585445071,0.37170720809,0.22069475389999998,-0.012173856939999964
CC(C)(C)OC(=O)N1CCCC1C(=O)N1CCC(C(=O)N[C@@H](Cc2c[nH]c3ccccc23)C(=O)O)CC1,1.691832676,test,butina,11,0.5356930289300003,0.6765872907699999,1.0745854600500004,0.6288063902800001
Cc1ccc(OCC2(O)CCN(CC3(O)CCN(c4ccccc4C)CC3)CC2)cc1,-0.040481623,test,butina,11,0.3489586245,0.33001370173999994,0.2677470429399999,0.5628547879199999
O=C(Nc1cccc(N2CCNC2=O)c1)C1NCC12CCCC2,1.718202645,test,butina,11,1.3238074589800004,1.4555794519899994,1.1839473502499998,1.7168013614299997
NCC1CCCC1NC(=O)c1cc(N2CCNC2=O)ccc1F,1.87495702,test,butina,11,1.3510020190200003,1.5497392003100003,1.40881544458,1.7940051024899994
CC(C)(C)c1ccc(C(O)CN2CCC(O)(c3ccc4c(c3)OCO4)CC2)cc1,0.779018972,test,butina,11,0.6719142244500002,0.41463284991999977,0.4191485802500003,0.5243438246200001
CN(C(=O)c1cc(N2CCNC2=O)ccc1F)C1CCC(N)CC1,1.828717885,test,butina,11,1.5628583548799992,1.5256226868899998,0.9904439448300003,1.7900141299299994
NC1CCCC(C(=O)Nc2ccc3[nH]ncc3c2)C1,2.0,test,butina,11,1.4722242870700004,1.2689188666999995,1.5775275822099997,1.8358982049400003
NC1CCCC(C(=O)N2CCC(c3c[nH]c4ncccc34)CC2)C1,1.752816431,test,butina,11,1.7309700450599999,1.42347742857,1.7400234265899994,1.4686889375
NC1CCCC(C(=O)Nc2cccc(N3CCNC3=O)c2)C1,1.763113391,test,butina,11,1.4992600989000004,1.3851570345600006,1.5520741572500003,1.7614619461399998
CC1CC(N)CCN1C(=O)c1cc(N2CCNC2=O)c(F)cc1F,1.833504094,test,butina,11,1.4881593465199998,1.3957212691000003,1.45207184393,1.6354799278599998
CCOc1cc2nn(CCC(C)(C)O)cc2cc1NC(=O)c1cccc(C(F)F)n1,0.099680641,train,butina,12,,,,
CN(c1ncc(F)cn1)[C@H]1CCCNC1,2.0,train,butina,12,,,,
CC(C)(Oc1ccc(-c2cnc(N)c(-c3ccc(Cl)cc3)c2)cc1)C(=O)O,-1.158015195,train,butina,12,,,,
CC(C)(O)CCn1cc2cc(NC(=O)c3cccc(C(F)(F)F)n3)c(C(C)(C)O)cc2n1,1.015611205,train,butina,12,,,,
CC#CC(=O)N[C@H]1CCCN(c2c(F)cc(C(N)=O)c3[nH]c(C)c(C)c23)C1,0.163856803,train,butina,12,,,,
COc1ccc(Cl)cc1C(=O)NCCc1ccc(S(=O)(=O)NC(=O)NC2CCCCC2)cc1,-0.91721463,train,butina,12,,,,
C=CC(=O)N1CCC[C@@H](n2nc(-c3ccc(Oc4ccccc4)cc3)c3c(N)ncnc32)C1,0.62603,train,butina,12,,,,
CC(C)NC(=O)COc1cccc(-c2nc(Nc3ccc4[nH]ncc4c3)c3ccccc3n2)c1,-1.384078213,train,butina,12,,,,
COc1ccc(S(=O)(=O)N2CCC(N3CCC(C)CC3)CC2)cc1,1.729799023,train,butina,12,,,,
Cc1c[nH]c2nccc(Oc3c(F)cc(Nc4cc(Cl)nc(N)n4)cc3F)c12,-1.22184875,train,butina,12,,,,
COc1cc2c(cc1OC)CC(=O)N(CCCN(C)C[C@H]1Cc3cc(OC)c(OC)cc31)CC2,1.730984039,train,butina,12,,,,
CCCc1cc(N2CCc3c(nc(C4CC4)n3C)C2)n2ncnc2n1,1.677187053,train,butina,12,,,,
Fc1ccc(-c2ccc3c(c2)[nH]c2ccncc23)cn1,0.653405491,train,butina,12,,,,
Nc1c(F)ccc2cnc(-n3ccc4ccncc43)cc12,0.713910354,train,butina,12,,,,
C=CC(=O)N1C[C@H](Nc2ncnc3[nH]ccc23)CC[C@@H]1C,1.828227965,train,butina,12,,,,
[2H]C([2H])([2H])NC(=O)c1nnc(NC(=O)C2CC2)cc1Nc1cccc(-c2ncn(C)n2)c1OC,1.186566481,train,butina,12,,,,
C=CC(=O)N1CCC(CNc2ncnc(N)c2-c2ccc(Oc3ccccc3)cc2)CC1,0.752995432,train,butina,12,,,,
Nc1n[nH]cc1-c1cc(Cl)ccc1Oc1cc(F)c(S(=O)(=O)Nc2cscn2)cc1Cl,-0.354577731,train,butina,12,,,,
Cc1c(-c2c(F)cc(C(N)=O)c3[nH]c4c(c23)CC[C@H](C(C)(C)O)C4)cccc1-n1c(=O)c2cccc(F)c2n(C)c1=O,0.436162647,train,butina,12,,,,
Cn1cc(-c2cn3nccc3c(-c3cnn([C@]4(CC#N)C[C@@H](C#N)C4)c3)n2)cn1,1.559583476,train,butina,12,,,,
O=C(c1ccc(Oc2ccccc2)cc1Cl)c1c[nH]c2ncnc(N[C@@H]3CC[C@@H](CO)OC3)c12,-0.467245621,train,butina,12,,,,
CC(C)(C)c1ccc(-c2nc3n(c(=O)c2C#N)CCS3)cc1,0.731266349,train,butina,12,,,,
C=CC(=O)Nc1cccc(Oc2nc(Nc3ccc(N4CCN(C)CC4)cc3)nc3ccsc23)c1,-0.049635146,train,butina,12,,,,
CC#CC(=O)N1CC[C@@H](n2c(=O)n(-c3ccc(Oc4ccccc4)cc3)c3c(N)ncnc32)C1,0.935859798,train,butina,12,,,,
C=CC(=O)N1CCC([C@@H]2CCNc3c(C(N)=O)c(-c4ccc(Oc5ccccc5)cc4)nn32)CC1,0.968996327,train,butina,12,,,,
C=CC(=O)N1CCC[C@H](n2c(=O)n(-c3ccc(Oc4ccccc4)cc3)c3c(N)ncnc32)C1,0.983851719,train,butina,12,,,,
CC(C)(C=C(C#N)C(=O)N1CCC[C@@H](n2nc(-c3ccc(Oc4ccccc4)cc3F)c3c(N)ncnc32)C1)N1CCN(C2COC2)CC1,0.276231958,train,butina,12,,,,
CC#CC(=O)N1CC[C@@H](n2cc(-c3ccc(Oc4c(F)cccc4F)cc3)c3c(N)n[nH]c(=O)c32)C1,-0.073143291,train,butina,12,,,,
C=CC(=O)Nc1cccc(Oc2nc(Nc3ccc(N4CCN(C)CC4)c(F)c3)nc3[nH]ccc23)c1,0.039414119,train,butina,12,,,,
C[C@@H]1c2nnn(-c3ncc(F)cn3)c2CCN1C(=O)c1cccc(C(F)(F)F)c1Cl,0.969089603,train,butina,12,,,,
COc1ccccc1-c1cc(NC(=O)c2cccc(N3CCNC3=O)c2)[nH]n1,-0.397940009,train,butina,12,,,,
O=C(Nc1cccc(-c2nncn2C2CC2)c1)c1cc(-n2cnc(C3CC3)c2)ccn1,0.262925469,train,butina,12,,,,
Fc1ccccc1-c1c[nH]nc1C1CCCN1Cc1ccc2ncccc2c1,0.545801757,train,butina,12,,,,
Cc1nccc(-c2cn(Cc3ccccc3)c3cnccc23)n1,1.122707254,train,butina,12,,,,
Nc1ncnc2c1c(-c1ccc(Oc3ccccc3)cc1)nn2[C@@H]1CCCNC1,0.956648579,train,butina,12,,,,
Cc1nnc(CN(C)CC(C)Oc2ccc(Cl)c(Cl)c2)n1C,0.926290987,train,butina,12,,,,
COc1nn(C)cc1C(=O)Nc1cccc(-c2cnc3n2CCC3)c1,0.866877814,train,butina,12,,,,
COc1cc(F)ccc1-c1ncnc(Nc2cccc(C[S@@](C)(=N)=O)c2)n1,1.594922663,train,butina,12,,,,
Cc1ncc(CN2CC[C@@H](Nc3cncc(Cl)n3)[C@@H](C)C2)s1,1.205461507,train,butina,12,,,,
Cc1ccc(C(=O)N2CCC(Cc3ccccc3-c3ccccc3)(C(=O)N(C)C)CC2)s1,-0.293282218,train,butina,12,,,,
CCc1nc2c(C)cc(N3CCN(CC(=O)N4CC(O)C4)CC3)cn2c1N(C)c1nc(-c2ccc(F)cc2)c(C#N)s1,-0.204728421,train,butina,12,,,,
C[C@@H]1CCN(C(=O)CC#N)C[C@@H]1N(C)c1ncnc2[nH]ccc12,1.991815076,train,butina,12,,,,
CN(C)C(=O)C1(Cc2ccccc2-c2ccccc2)CCN(C(=O)C2CCCO2)CC1,0.902546779,train,butina,12,,,,
O=C1CN(c2ccc(Nc3nccc(C(F)(F)F)n3)cn2)CCN1,1.543819805,train,butina,12,,,,
O=C1NCCN(C(=O)c2ccc3nccn3c2)C1c1ccccc1C(F)(F)F,1.851001366,train,butina,12,,,,
Cc1cc(F)ccc1C1C(=O)NCCN1C(=O)c1ccc2nccn2c1,1.78096503,train,butina,12,,,,
O=C1NCCN(C(=O)c2ccncc2)C1c1ccccc1Cl,1.876996793,train,butina,12,,,,
C[C@H]1CN(C(=O)CC(c2ccccc2)c2ccccc2)C[C@@H](C)O1,1.188253327,train,butina,12,,,,
CC(C)(C)C(=O)N1CCC(Cc2ccc(-c3cccs3)cc2)(C(=O)N2CCCC2)CC1,-0.1837587,train,butina,12,,,,
OC[C@H](Nc1cncc(-c2ccc3[nH]ncc3n2)c1)c1ccccc1,1.017826038,train,butina,12,,,,
OCC1CCCCN1Cc1ccc(Cl)c(Cl)c1,1.390069186,train,butina,12,,,,
CC(=O)N1CCN(c2nc(C(F)(F)F)nc3sc(C)c(C)c23)CC1,0.13481437,train,butina,12,,,,
c1ccc(Oc2cccc(CN(CCN3CCOCC3)Cc3cccnc3)c2)cc1,-0.222573178,train,butina,12,,,,
COc1ccc([C@H]2CN(C(C)=O)[C@@H]3CCCN(Cc4cccc(F)c4)[C@H]23)cc1,0.595385981,train,butina,12,,,,
Cc1c(C(=O)NCCCN(C)C)sc2ncnc(Nc3ccc(F)cc3OC(C)C)c12,0.741821047,train,butina,12,,,,
OCC1CCCCN1Cc1ccc(-c2ccccc2)cc1,1.368007805,train,butina,12,,,,
Nc1ncc(C(=O)NC2CN(C(=O)C3CC3)C2)c2ccc(-c3cccc(F)c3)nc12,0.623352682,train,butina,12,,,,
Cc1nnc(-c2ccc3occ(-c4ccc(S(C)=O)cc4)c3c2)o1,0.193402903,train,butina,12,,,,
O=C(CCNC(=O)c1ccc(OC(F)(F)F)cc1)N[C@@H]1CCCc2ccccc21,0.526080692,train,butina,12,,,,
C=CC(=O)Nc1cccc(Oc2nc(Nc3ccc(N4CCN(C)CC4)cc3)nc3ccoc23)c1,0.146128036,train,butina,12,,,,
CCN1CCN(S(=O)(=O)Cc2ccc(Cl)c(Cl)c2)CC1,1.249124949,train,butina,12,,,,
O=C(Nc1nc2cccc(-c3ccc(CN4CCS(=O)(=O)CC4)cc3)n2n1)C1CC1,1.681349797,train,butina,12,,,,
CCn1c(CO)nn(-c2cc(O[C@@H](C)C(F)(F)F)c(C(=O)Nc3c(F)cccc3Cl)cc2F)c1=O,0.975753389,train,butina,12,,,,
CCN(C/C=C\c1ccc(C2CCCCC2)c(Cl)c1)C1CCCCC1,-0.853871964,train,butina,12,,,,
NCCN1CCN(C/C=C/C(=O)N2CCC[C@@H](n3nc(-c4ccc(Oc5ccccc5)cc4)c4c(N)ncnc43)C2)CC1,0.699837726,train,butina,12,,,,
Cn1c(C2CC2)nc2c1CCN(c1ncnc3ccsc13)C2,1.237065953,train,butina,12,,,,
COc1nn(C)cc1C(=O)Nc1cccc2cnccc12,1.504729052,train,butina,12,,,,
CNC(=O)C1(Cc2ccc(-c3ccncc3)cc2)CCN(Cc2cccc(F)c2)C1,1.10503305,train,butina,12,,,,
Cc1ncc(CN2CCC(Nc3ccc4nnnn4n3)C(C)C2)s1,1.652285029,train,butina,12,,,,
Cc1nc(Nc2nccs2)cc(C2CN(c3ncccn3)C2)n1,0.444669231,train,butina,12,,,,
COc1ccc(Nc2c(C#N)cnc3cc(OC)c(OC)cc23)cc1Cl,-0.033858267,train,butina,12,,,,
COc1ccc(CCCN2CCN(c3cnn(C)c3)C(=O)C2)cc1F,1.343408594,train,butina,12,,,,
Cc1noc(C(C)C)c1C(=O)N1CC(C)OC(c2ccccc2)C1,1.180469962,train,butina,12,,,,
CN(Cc1ccccc1)C1(C(=O)N2CCNC(=O)CC2)Cc2ccccc2C1,0.904931827,train,butina,12,,,,
Cc1c(F)cccc1NC(=O)CN1[C@H]2CCCC(=O)N[C@@]2(C)C[C@H]1Cc1ccccc1,0.595275712,train,butina,12,,,,
CCC1=C(C)CN(C(=O)NCCc2ccc(S(=O)(=O)NC(=O)N[C@H]3CC[C@H](C)CC3)cc2)C1=O,-1.180456064,train,butina,12,,,,
Cc1ccc(NC(=O)CN2[C@H]3CCCC(=O)N[C@@]3(C)C[C@H]2Cc2ccccc2)cc1F,-0.137272472,train,butina,12,,,,
CN(C)C(=O)C1(Cc2ccccc2-c2cccc(F)c2)CCN(C(=O)C2CC=CCC2)CC1,-0.104025268,train,butina,12,,,,
COCC(=O)N1CCC(Cc2ccccc2-c2cccc(F)c2)(C(=O)NC(C)C)CC1,0.596597096,train,butina,12,,,,
COc1ccc(CNC(=O)c2sc3nc(C)cc(C)c3c2N)cc1,-0.356547324,train,butina,12,,,,
Cn1cc(Nc2nc(N)nc(-c3cccc(-n4ccc5cc(C6CC6)cc(F)c5c4=O)c3CO)n2)cn1,0.850401148,train,butina,12,,,,
Cc1cnc(C(=O)NCCc2ccc(S(=O)(=O)NC(=O)NC3CCCCC3)cc2)cn1,0.01745073,train,butina,12,,,,
CNC(=O)C1(Cc2ccc(-c3cccnc3)cc2)CCN(Cc2ccc(F)cc2)C1,1.021602716,train,butina,12,,,,
CNC(=O)C1(Cc2ccc(-c3cccnc3)cc2)CCN(Cc2cccc(F)c2)C1,0.829753919,train,butina,12,,,,
O=C1CCCC[C@@H]2[C@H](C[C@@H](Cc3ccccc3F)N2C(=O)c2cccc3ncccc23)N1,1.277998644,train,butina,12,,,,
CCOc1cc(CC(=O)N[C@@H](CC(C)C)c2ccccc2N2CCCCC2)ccc1C(=O)O,0.106870544,train,butina,12,,,,
COCCc1noc(CN2CC(c3ccccc3)(c3ccccc3)CCC2=O)n1,1.167051359,train,butina,12,,,,
Cc1oc2ccccc2c1CNc1nnc(-c2ccncc2)o1,0.717254313,train,butina,12,,,,
O=C(Nc1cccc2ncccc12)[C@H]1CCCN(S(=O)(=O)c2ccccc2)C1,1.222560409,train,butina,12,,,,
Nc1ncnc2c1c(-c1cnc3[nH]ccc3c1)nn2C1CCCC1,0.862608364,train,butina,12,,,,
CN1C(N)=N[C@](C)(c2cc(NC(=O)c3ccc(F)cn3)ccc2F)CS1(=O)=O,1.560468571,train,butina,12,,,,
CC1CN(C(=O)c2cccnc2N2CCOCC2)CC(c2ccccc2)O1,1.573185017,train,butina,12,,,,
CCCCNC(=O)NS(=O)(=O)c1ccc(C)cc1,0.439332694,train,butina,12,,,,
Cc1cc(Nc2cnccn2)cc(C2CCCN(CC(=O)N3CCCC3)C2)n1,1.642246824,train,butina,12,,,,
Cc1cccnc1Nc1cccc(C2CCCN(CC(=O)Nc3nccs3)C2)n1,0.180699201,train,butina,12,,,,
CN(C)C(=O)C1(Cc2ccccc2-c2ccccc2)CCN(C(=O)c2cnn(C)c2)CC1,1.041353202,train,butina,12,,,,
CC1(C)CC(=O)C2=C(C1)NC(=O)CC2c1ccc(Br)cc1,1.159236233,train,butina,12,,,,
CN1CCN(S(=O)(=O)c2ccc(-c3cnc(N)c(C(=O)Nc4cccnc4)n3)cc2)CC1,1.078638038,train,butina,12,,,,
CNC(=O)C1(Cc2ccc(-c3cccnc3)cc2)CCN(Cc2ccccc2Cl)C1,0.387567779,train,butina,12,,,,
Cc1cc(N2CCCC2c2cc(CCC(=O)O)cc(C)n2)ncn1,2.0,train,butina,12,,,,
CCCNC(=O)NS(=O)(=O)c1ccc(Cl)cc1,0.969835093,train,butina,12,,,,
O=C(CN1CCCC(c2cccc(Cc3cccc(F)c3)n2)C1)N1CCCC1,1.062130535,train,butina,12,,,,
COc1cc2ncnc(Nc3cccc(O)c3)c2cc1OC,0.994317153,train,butina,12,,,,
Cc1cc(C)c2c(N)c(C(=O)NCc3ccc(Cl)cc3)sc2n1,-0.370590401,train,butina,12,,,,
COCCNC(=O)c1ccnc(C2CCNCC2)c1,2.0,train,butina,12,,,,
COc1nc2sc(C(=O)NC3CC3)c(N)c2c(C)c1Cl,0.245512668,train,butina,12,,,,
CC1(CNC(=O)c2cncc(C3CCNCC3)n2)CCCO1,1.988550039,train,butina,12,,,,
Cc1cc(N2CCCC2)nc(C2CCCN(C)C2)n1,2.0,train,butina,12,,,,
O=C1NCCSc2c1sc1ccc(O)cc21,0.891593204,train,butina,12,,,,
CCn1cc(C(=O)O)c(=O)c2c(N)c(F)c(NC3CCCCC3)cc21,0.427486109,train,butina,12,,,,
C=CC(=O)Nc1cccc(Nc2nc(Nc3ccc(Oc4ccnc(C(=O)NC)c4)cc3)ncc2F)c1,-0.403402904,train,butina,12,,,,
C=CC(=O)N(C)CCOc1c(N)ncnc1-c1cc(F)cc(NC(=O)c2ccc(C3CC3)cc2F)c1C,0.838502776,train,butina,12,,,,
CC#CC(=O)N1CCC[C@@H]1c1nc(-c2ccc(C(=O)Nc3ccccn3)cc2)c2c(N)nccn12,0.975868182,train,butina,12,,,,
CC(=O)NCCNc1cc(Cl)nn2c(-c3cccc(S(=O)(=O)N(C)C)c3)c(C)nc12,0.681693392,train,butina,12,,,,
CNC(=O)c1cccc(NC(=O)N2CCC(Oc3ccccc3Cl)CC2)c1,1.068760828,train,butina,12,,,,
c1ccc(-c2ccc(CN3CCCCCCC3)cc2)cc1,-0.614393726,train,butina,12,,,,
Cc1ccc(Oc2ccc(Cl)cc2NC(=O)CN(C)CC(=O)N(C)C)cc1,-0.053056729,train,butina,12,,,,
CC1(C)Cc2cc(NC(=O)c3cnn4cccnc34)c(OCC3CC3)nc2O1,-0.199970641,train,butina,12,,,,
N#Cc1cc(F)c(NS(=O)(=O)c2c[nH]c3cc(Cl)ccc23)cc1F,-0.026872146,train,butina,12,,,,
COc1ccc([C@H]2c3[nH]c4ccc(Cl)cc4c3CCN2C(=O)Oc2ccc(Cl)cc2)cc1,1.51293775,train,butina,12,,,,
NC(=O)C1(Cc2ccc(-c3ccncc3)cc2)CCN(C(=O)Cc2cccc(F)c2)CC1,1.006508828,train,butina,12,,,,
CC(=O)Nc1ccc(O)cc1,1.887859133,train,butina,12,,,,
O=C(NC1CCNCC1)c1ccc2[nH]ncc2c1,1.842696589,train,butina,12,,,,
Cc1cccc(/C=N/Nc2cc(N3CCOCC3)nc(OCCc3ccccn3)n2)c1,-0.548213564,train,butina,12,,,,
CCn1c(=O)oc2cc(NC(=O)c3ccc(C(C)(C)C)cc3)ccc21,0.21005085,train,butina,12,,,,
COc1ccc(OC[C@@H]2c3cc(OC)c(OC)cc3CCN2C(=O)c2cccc(Cl)c2)cc1,-0.116906641,train,butina,12,,,,
N#Cc1ccc(COc2cccc(C3CCN(Cc4nc5ccc(C(=O)O)cc5n4C[C@@H]4CCO4)CC3)n2)c(F)c1,0.402433346,train,butina,12,,,,
CC(C)[C@H](CO)Nc1nc(Nc2cc(N)cc(Cl)c2)c2ncn(C(C)C)c2n1,-0.061980903,train,butina,12,,,,
O=C(NC1CCNCC1)c1ccc2cn[nH]c2c1,2.0,train,butina,12,,,,
CC(C)(C)OC(=O)N1CCCC1C(=O)N1CCC(C(=O)N[C@@H](Cc2c[nH]c3ccccc23)C(=O)O)CC1,1.691832676,train,butina,12,,,,
Cc1cccc(-c2nc(C34CCC(C(N)=O)(CC3)CC4)[nH]c2-c2ccc3c(c2)OCO3)n1,1.02011257,train,butina,12,,,,
COc1cc2nc(-c3cc(F)ccc3O)nc(N[C@@H]3CNC[C@H]3C(C)(C)O)c2cc1OC.Cl,-1.119186408,train,butina,12,,,,
Cc1nnc(-c2ccc(N3CCC(Oc4cc(F)ccc4Cl)CC3)nn2)o1,0.161068385,train,butina,12,,,,
CCCS(=O)(=O)Nc1ccc(F)c(C(=O)c2c[nH]c3ncc(-c4ccc(Cl)cc4)cc23)c1F,-1.59345982,train,butina,12,,,,
Cc1ccc(OCC2(O)CCN(CC3(O)CCN(c4ccccc4C)CC3)CC2)cc1,-0.040481623,train,butina,12,,,,
CN(C(=O)c1cc(N2CCNC2=O)ccc1F)C1CCNC1,1.885728632,train,butina,12,,,,
O=C(Nc1cccc(N2CCNC2=O)c1)C1NCC12CCCC2,1.718202645,train,butina,12,,,,
NCC1CCCC1NC(=O)c1cc(N2CCNC2=O)ccc1F,1.87495702,train,butina,12,,,,
Cn1c(-c2n[nH]c3c2CCCC3)nnc1N1CCC2(CNC(=O)C2)C1,1.792986685,train,butina,12,,,,
Cc1nnc(-c2ccc(N3CCC(Oc4ccccc4C(F)(F)F)CC3)nn2)s1,-0.906578315,train,butina,12,,,,
O=C(NCCc1ccccc1)c1ccc(NC(=O)N2CCCCc3ccccc32)cc1,0.075911761,train,butina,12,,,,
CC(C)(C)c1ccc(C(O)CN2CCC(O)(c3ccc4c(c3)OCO4)CC2)cc1,0.779018972,train,butina,12,,,,
NC[C@H]1CC[C@@H](C(=O)Nc2ccc3[nH]ncc3c2)O1,1.981999714,train,butina,12,,,,
CN(C(=O)c1cc(N2CCNC2=O)ccc1F)C1CCC(N)CC1,1.828717885,train,butina,12,,,,
NC1CCCC1C(=O)N1CCC(c2c[nH]c3ncccc23)CC1,1.71701274,train,butina,12,,,,
NC1CCCC(C(=O)Nc2ccc3[nH]ncc3c2)C1,2.0,train,butina,12,,,,
NC1CC(NC(=O)c2ccc(-c3cn[nH]c3)cn2)C12CCC2,1.709702344,train,butina,12,,,,
NC1CCC(C(=O)N2CCC(c3c[nH]c4ncccc34)CC2)C1,1.917395215,train,butina,12,,,,
NC1CCCC(C(=O)N2CCC(c3c[nH]c4ncccc34)CC2)C1,1.752816431,train,butina,12,,,,
O=C(NC12CCCC1NCC2)c1ccc(-c2cn[nH]c2)cc1,2.0,train,butina,12,,,,
Cc1nc2cc(C(=O)NC34CCCC3NCC4)ccc2c(=O)[nH]1,1.866494097,train,butina,12,,,,
CNc1nc(C)cc(C(=O)Nc2ccc3[nH]ncc3c2)n1,1.493625323,train,butina,12,,,,
CCc1c[nH]c2ncnc(N3CCC(CN4CCN(C)CC4)CC3)c12,1.728012707,train,butina,12,,,,
NC(=O)c1cnc(N2CCc3[nH]nc(C(F)(F)F)c3C2)c(Cl)c1,0.986009932,train,butina,12,,,,
NC1CCCC(C(=O)Nc2cccc(N3CCNC3=O)c2)C1,1.763113391,train,butina,12,,,,
CC1CC(N)CCN1C(=O)c1cc(N2CCNC2=O)c(F)cc1F,1.833504094,train,butina,12,,,,
c1sc(NCC2CCCO2)nc1C12CC3CC(CC(C3)C1)C2,-1.096910013,train,butina,12,,,,
CNc1cc(Nc2cccn(-c3ccccn3)c2=O)nn2c(C(=O)N[C@@H]3C[C@@H]3F)cnc12,0.991226076,test,butina,12,0.7557445167299996,0.54937636077,0.52355636501,1.3219188091900003
CCS(=O)(=O)N1CC(CC#N)(n2cc(-c3ncnc4[nH]ccc34)cn2)C1,1.378597739,test,butina,12,0.84365841684,1.2481902817100003,0.91942822311,1.3762769215000008
CCn1c(-c2nonc2N)nc2cnc(Oc3cccc(NC(=O)c4ccc(OCCN5CCOCC5)cc4)c3)cc21,-0.449771647,test,butina,12,0.17669811098000004,0.32216536510999993,0.2883396714299998,0.3484054665699998
Cn1cc(Nc2nccc(N3CC4CCC(C3)N4C(=O)[C@@H]3CC3(F)F)n2)cn1,1.642995934,test,butina,12,1.28194080779,1.09971031619,1.1952292507600002,1.6200897467400006
N#CC[C@H](C1CCCC1)n1cc(-c2ncnc3[nH]ccc23)cn1,0.630986911,test,butina,12,1.42060465156,1.20899970117,0.8230887893000001,0.5609526863500002
Nc1ncc(-c2cccc(C(F)(F)F)c2)c(C2CCCCN2C(=O)c2ccccc2)n1,-0.04431225,test,butina,12,0.8310539916499999,0.7660754489699998,0.8531308449599994,0.25942356623000007
CCc1nc(C)cn2nc(-c3cc(=O)n4cc(C5CCN(C)CC5)cc(C)c4n3)cc12,0.868232868,test,butina,12,1.2527824291299998,0.7720468218700001,0.8792833116,0.5881955407300004
Cc1c(Cl)ccc2cc3n(c12)[C@@H](C)CNC3=O,0.328379603,test,butina,12,1.32735788984,1.0616161476700003,0.6342690652200003,0.7517018603000003
CC(=O)Nc1ccc(C(=O)N2CCCCC2c2nc(N)ncc2-c2ccc(Cl)cc2)cc1,0.596926814,test,butina,12,1.1974735872099997,0.59338903742,0.5107754318499999,0.15983794988000002
CC(=O)Nc1ccc(C(=O)N2CCCCC2c2nc(N)ncc2-c2cccc(Cl)c2)cc1,0.520483533,test,butina,12,0.9817645523700002,0.64240755395,0.5123981051700001,0.16838635031
CN1[C@H]2CC[C@@H]1C[C@@H](OC(c1ccccc1)c1ccccc1)C2,1.106122874,test,butina,12,1.0940870118399997,0.7753110315400003,0.4343322662900003,0.45514919689999994
Cc1ncsc1C(=O)N1CCCCC1c1nc(N(C)C)ncc1-c1cccc(Cl)c1,-0.083019953,test,butina,12,0.7493479335200003,0.27645614127,1.0987762372600003,0.11541715612
COc1ccccc1C(=O)Nc1ccc2cc[nH]c2c1,0.505149978,test,butina,12,0.9748199448899997,0.58978544681,0.7868069209000005,0.6802960660900003
CC1(C)CC(Oc2ccc(-c3ccc(-c4cn[nH]c4)cc3O)nn2)CC(C)(C)N1,1.199947058,test,butina,12,1.0464517780500002,0.26469316538999993,0.6555472667400002,0.39226746924000006
Cc1ncsc1C(=O)N1CCCCC1c1nc(N)ncc1-c1cccc(C(F)(F)F)c1,0.615318657,test,butina,12,0.6779867680299999,0.3342023435800002,0.57687411436,0.08468471294
O=C(Nc1ccc2ccccc2n1)c1ccc(N2CCOC2=O)cc1,0.449015316,test,butina,12,0.8567027754999995,0.7791628585700003,0.8736680303700001,0.50256674539
O=S(=O)(c1cccc2cnccc12)N1CCCNCC1,1.892077899,test,butina,12,1.2021155502000005,1.3357913790400004,1.20867679673,1.6354454490900006
CC/C(=C(\c1ccccc1)c1ccc(OCCN(C)C)cc1)c1ccccc1,-0.580044252,test,butina,12,0.31552599375,0.03336284836,0.31025926689000005,-0.13581182733999997
O=S(=O)(c1cccc2c(O)nccc12)N1CCCNCC1,1.850223373,test,butina,12,1.1913905905900006,1.2670736614,1.0685366758600003,1.5989834962400005
C#C[C@@](C)(CC)NC(=O)c1cc(F)cnc1NC1CC(F)(F)C1,0.671265433,test,butina,12,1.3596555775200003,0.7056137342500004,0.8505009664700001,0.6880824644600001
CC(=O)Nc1ncc(CN2CCCC[C@@H]2C)s1,2.0,test,butina,12,1.2627308632800005,1.1825848402100003,0.7273936841800002,1.6804073168900002
CC(O)(C#Cc1ccc2c(c1)N(c1nc(N)ncc1Cl)CC2)c1nccs1,-0.122628654,test,butina,12,0.7470922704700003,0.5090887761600003,0.6566370434300001,0.35641545079000003
Cc1[nH]nc2c1C1(CCCCC1)CC(=O)N2,1.323066376,test,butina,12,1.0336217889200001,1.2429239109399999,1.1906781860099998,1.8481712187500003
C[C@@H]1Cc2ccccc2N1C(=O)Cn1nc(-c2cccc3ncccc23)oc1=O,0.224014811,test,butina,12,0.9460472455899999,0.8689535077900001,0.6281432018400002,0.70719009987
O=C(Nc1cnccc1-c1ccc(Cl)cc1)c1ccnc(NC(=O)C2CC2)c1,0.369957607,test,butina,12,0.81597371311,0.024816475589999984,0.7593780654099999,0.04804808349999999
C[C@H]1CN(C2COC2)CCN1c1ccc(Nc2cc(-c3ccnc(N4CCn5c(cc6c5CC(C)(C)C6)C4=O)c3CO)cn(C)c2=O)nc1,1.209139536,test,butina,12,0.8767401162,0.5597739432599999,0.5610650859300003,0.4029003512899999
Cc1c[nH]c(=O)n1-c1ccc(C(=O)Nc2ccc3ccccc3n2)cc1,0.639386869,test,butina,12,0.97303367037,0.7405752632599999,0.5464417629100002,0.6309338332500001
COc1ccc(OCC(=O)Nc2cccc(Cl)c2N2CCN(C(C)=O)CC2)cc1,0.700790221,test,butina,12,0.54303333174,0.61537236247,0.59636989849,0.3840903217499999
CC(=O)N1CCN(c2c(Cl)cccc2NC(=O)COc2ccccc2Cl)CC1,0.256958153,test,butina,12,0.85118943725,0.6081014411100002,0.28044221098,0.42888809790000015
CCC(=O)N1CCN(c2ccc(Cl)cc2NC(=O)COc2ccccc2)CC1,0.250420002,test,butina,12,0.28444832251,0.47681181380000004,0.3369390064099999,0.36361288688000004
COc1cc2c(cc1OC)CN(CCc1ccc(NC(=O)c3cccc4c(O)c5cccc(OC)c5nc34)cc1)CC2,-1.207608311,test,butina,12,1.0180875336200002,0.44560298932999975,0.17519177264,0.19042667507999997
CCCc1nc2nc(C)c(NS(=O)(=O)c3ccc(C4CCCCC4)cc3)c(O)n2n1,-0.218963061,test,butina,12,0.84370584716,0.5066847588800001,0.6019673442000001,0.24993778059
O=C(Nc1cccc2c(=O)cc(-c3nnn[nH]3)oc12)c1ccc(OCCCCc2ccccc2)cc1,0.582744966,test,butina,12,0.40491705709000037,0.0033642777199999864,0.22081116528999992,-0.22193900542999995
CC(=O)Nc1ncc(C(=O)O)s1,1.81935965,test,butina,12,0.8039104143700001,1.1118765302400004,0.98551323102,1.1494973148100012
CC(C)[C@@](C)(O)[C@@H]1CN(c2nc(-c3n[nH]c4ncccc34)c(F)cc2Cl)CCN1,1.302460808,test,butina,12,1.4734635185700002,0.6311269513800002,0.7550867259200001,0.43135260351
Cc1cn2nc(-c3cc(=O)n4cc(N5CCNC6(CC6)C5)ccc4n3)cc(C)c2n1,0.985246791,test,butina,12,0.7885966096800009,0.7806800170500003,0.7591190009299997,1.5057222534799999
O=C(Nc1ccc(CN2CCCCC2)cc1)c1ccnc2[nH]cnc12,1.767526899,test,butina,12,0.7007356036600001,1.0304187849999997,1.01379242507,0.6934908590800001
CNc1cc(Nc2cccn(-c3ccccn3)c2=O)nn2c(C(=O)N[C@@H]3C[C@@H]3F)cnc12,0.991226076,train,butina,13,,,,
CN(c1ncc(F)cn1)[C@H]1CCCNC1,2.0,train,butina,13,,,,
CC(C)(Oc1ccc(-c2cnc(N)c(-c3ccc(Cl)cc3)c2)cc1)C(=O)O,-1.158015195,train,butina,13,,,,
CC#CC(=O)N[C@H]1CCCN(c2c(F)cc(C(N)=O)c3[nH]c(C)c(C)c23)C1,0.163856803,train,butina,13,,,,
COc1ccc(Cl)cc1C(=O)NCCc1ccc(S(=O)(=O)NC(=O)NC2CCCCC2)cc1,-0.91721463,train,butina,13,,,,
C=CC(=O)N1CCC[C@@H](n2nc(-c3ccc(Oc4ccccc4)cc3)c3c(N)ncnc32)C1,0.62603,train,butina,13,,,,
CC(C)NC(=O)COc1cccc(-c2nc(Nc3ccc4[nH]ncc4c3)c3ccccc3n2)c1,-1.384078213,train,butina,13,,,,
CCS(=O)(=O)N1CC(CC#N)(n2cc(-c3ncnc4[nH]ccc34)cn2)C1,1.378597739,train,butina,13,,,,
COc1ccc(S(=O)(=O)N2CCC(N3CCC(C)CC3)CC2)cc1,1.729799023,train,butina,13,,,,
CCn1c(-c2nonc2N)nc2cnc(Oc3cccc(NC(=O)c4ccc(OCCN5CCOCC5)cc4)c3)cc21,-0.449771647,train,butina,13,,,,
Cc1c[nH]c2nccc(Oc3c(F)cc(Nc4cc(Cl)nc(N)n4)cc3F)c12,-1.22184875,train,butina,13,,,,
COc1cc2c(cc1OC)CC(=O)N(CCCN(C)C[C@H]1Cc3cc(OC)c(OC)cc31)CC2,1.730984039,train,butina,13,,,,
CCCc1cc(N2CCc3c(nc(C4CC4)n3C)C2)n2ncnc2n1,1.677187053,train,butina,13,,,,
Fc1ccc(-c2ccc3c(c2)[nH]c2ccncc23)cn1,0.653405491,train,butina,13,,,,
Nc1c(F)ccc2cnc(-n3ccc4ccncc43)cc12,0.713910354,train,butina,13,,,,
C=CC(=O)N1C[C@H](Nc2ncnc3[nH]ccc23)CC[C@@H]1C,1.828227965,train,butina,13,,,,
Cn1cc(Nc2nccc(N3CC4CCC(C3)N4C(=O)[C@@H]3CC3(F)F)n2)cn1,1.642995934,train,butina,13,,,,
[2H]C([2H])([2H])NC(=O)c1nnc(NC(=O)C2CC2)cc1Nc1cccc(-c2ncn(C)n2)c1OC,1.186566481,train,butina,13,,,,
C=CC(=O)N1CCC(CNc2ncnc(N)c2-c2ccc(Oc3ccccc3)cc2)CC1,0.752995432,train,butina,13,,,,
Nc1n[nH]cc1-c1cc(Cl)ccc1Oc1cc(F)c(S(=O)(=O)Nc2cscn2)cc1Cl,-0.354577731,train,butina,13,,,,
Cc1c(-c2c(F)cc(C(N)=O)c3[nH]c4c(c23)CC[C@H](C(C)(C)O)C4)cccc1-n1c(=O)c2cccc(F)c2n(C)c1=O,0.436162647,train,butina,13,,,,
Cn1cc(-c2cn3nccc3c(-c3cnn([C@]4(CC#N)C[C@@H](C#N)C4)c3)n2)cn1,1.559583476,train,butina,13,,,,
O=C(c1ccc(Oc2ccccc2)cc1Cl)c1c[nH]c2ncnc(N[C@@H]3CC[C@@H](CO)OC3)c12,-0.467245621,train,butina,13,,,,
N#CC[C@H](C1CCCC1)n1cc(-c2ncnc3[nH]ccc23)cn1,0.630986911,train,butina,13,,,,
CC(C)(C)c1ccc(-c2nc3n(c(=O)c2C#N)CCS3)cc1,0.731266349,train,butina,13,,,,
C=CC(=O)Nc1cccc(Oc2nc(Nc3ccc(N4CCN(C)CC4)cc3)nc3ccsc23)c1,-0.049635146,train,butina,13,,,,
CC#CC(=O)N1CC[C@@H](n2c(=O)n(-c3ccc(Oc4ccccc4)cc3)c3c(N)ncnc32)C1,0.935859798,train,butina,13,,,,
C=CC(=O)N1CCC([C@@H]2CCNc3c(C(N)=O)c(-c4ccc(Oc5ccccc5)cc4)nn32)CC1,0.968996327,train,butina,13,,,,
C=CC(=O)N1CCC[C@H](n2c(=O)n(-c3ccc(Oc4ccccc4)cc3)c3c(N)ncnc32)C1,0.983851719,train,butina,13,,,,
CC(C)(C=C(C#N)C(=O)N1CCC[C@@H](n2nc(-c3ccc(Oc4ccccc4)cc3F)c3c(N)ncnc32)C1)N1CCN(C2COC2)CC1,0.276231958,train,butina,13,,,,
CC#CC(=O)N1CC[C@@H](n2cc(-c3ccc(Oc4c(F)cccc4F)cc3)c3c(N)n[nH]c(=O)c32)C1,-0.073143291,train,butina,13,,,,
C=CC(=O)Nc1cccc(Oc2nc(Nc3ccc(N4CCN(C)CC4)c(F)c3)nc3[nH]ccc23)c1,0.039414119,train,butina,13,,,,
COc1ccccc1-c1cc(NC(=O)c2cccc(N3CCNC3=O)c2)[nH]n1,-0.397940009,train,butina,13,,,,
Nc1ncc(-c2cccc(C(F)(F)F)c2)c(C2CCCCN2C(=O)c2ccccc2)n1,-0.04431225,train,butina,13,,,,
Fc1ccccc1-c1c[nH]nc1C1CCCN1Cc1ccc2ncccc2c1,0.545801757,train,butina,13,,,,
Cc1nccc(-c2cn(Cc3ccccc3)c3cnccc23)n1,1.122707254,train,butina,13,,,,
CCc1nc(C)cn2nc(-c3cc(=O)n4cc(C5CCN(C)CC5)cc(C)c4n3)cc12,0.868232868,train,butina,13,,,,
Cc1c(Cl)ccc2cc3n(c12)[C@@H](C)CNC3=O,0.328379603,train,butina,13,,,,
Nc1ncnc2c1c(-c1ccc(Oc3ccccc3)cc1)nn2[C@@H]1CCCNC1,0.956648579,train,butina,13,,,,
Cc1nnc(CN(C)CC(C)Oc2ccc(Cl)c(Cl)c2)n1C,0.926290987,train,butina,13,,,,
COc1nn(C)cc1C(=O)Nc1cccc(-c2cnc3n2CCC3)c1,0.866877814,train,butina,13,,,,
Cc1ncc(CN2CC[C@@H](Nc3cncc(Cl)n3)[C@@H](C)C2)s1,1.205461507,train,butina,13,,,,
C[C@@H]1CCN(C(=O)CC#N)C[C@@H]1N(C)c1ncnc2[nH]ccc12,1.991815076,train,butina,13,,,,
CC(=O)Nc1ccc(C(=O)N2CCCCC2c2nc(N)ncc2-c2ccc(Cl)cc2)cc1,0.596926814,train,butina,13,,,,
CC(=O)Nc1ccc(C(=O)N2CCCCC2c2nc(N)ncc2-c2cccc(Cl)c2)cc1,0.520483533,train,butina,13,,,,
O=C1CN(c2ccc(Nc3nccc(C(F)(F)F)n3)cn2)CCN1,1.543819805,train,butina,13,,,,
C[C@H]1CN(C(=O)CC(c2ccccc2)c2ccccc2)C[C@@H](C)O1,1.188253327,train,butina,13,,,,
CN1[C@H]2CC[C@@H]1C[C@@H](OC(c1ccccc1)c1ccccc1)C2,1.106122874,train,butina,13,,,,
CC(C)(C)C(=O)N1CCC(Cc2ccc(-c3cccs3)cc2)(C(=O)N2CCCC2)CC1,-0.1837587,train,butina,13,,,,
OC[C@H](Nc1cncc(-c2ccc3[nH]ncc3n2)c1)c1ccccc1,1.017826038,train,butina,13,,,,
Cc1ncsc1C(=O)N1CCCCC1c1nc(N(C)C)ncc1-c1cccc(Cl)c1,-0.083019953,train,butina,13,,,,
CC(=O)N1CCN(c2nc(C(F)(F)F)nc3sc(C)c(C)c23)CC1,0.13481437,train,butina,13,,,,
COc1ccccc1C(=O)Nc1ccc2cc[nH]c2c1,0.505149978,train,butina,13,,,,
c1ccc(Oc2cccc(CN(CCN3CCOCC3)Cc3cccnc3)c2)cc1,-0.222573178,train,butina,13,,,,
COc1ccc([C@H]2CN(C(C)=O)[C@@H]3CCCN(Cc4cccc(F)c4)[C@H]23)cc1,0.595385981,train,butina,13,,,,
Nc1ncc(C(=O)NC2CN(C(=O)C3CC3)C2)c2ccc(-c3cccc(F)c3)nc12,0.623352682,train,butina,13,,,,
CC1(C)CC(Oc2ccc(-c3ccc(-c4cn[nH]c4)cc3O)nn2)CC(C)(C)N1,1.199947058,train,butina,13,,,,
Cc1ncsc1C(=O)N1CCCCC1c1nc(N)ncc1-c1cccc(C(F)(F)F)c1,0.615318657,train,butina,13,,,,
O=C(Nc1ccc2ccccc2n1)c1ccc(N2CCOC2=O)cc1,0.449015316,train,butina,13,,,,
O=C(CCNC(=O)c1ccc(OC(F)(F)F)cc1)N[C@@H]1CCCc2ccccc21,0.526080692,train,butina,13,,,,
O=S(=O)(c1cccc2cnccc12)N1CCCNCC1,1.892077899,train,butina,13,,,,
C=CC(=O)Nc1cccc(Oc2nc(Nc3ccc(N4CCN(C)CC4)cc3)nc3ccoc23)c1,0.146128036,train,butina,13,,,,
O=C(Nc1nc2cccc(-c3ccc(CN4CCS(=O)(=O)CC4)cc3)n2n1)C1CC1,1.681349797,train,butina,13,,,,
CCn1c(CO)nn(-c2cc(O[C@@H](C)C(F)(F)F)c(C(=O)Nc3c(F)cccc3Cl)cc2F)c1=O,0.975753389,train,butina,13,,,,
CCN(C/C=C\c1ccc(C2CCCCC2)c(Cl)c1)C1CCCCC1,-0.853871964,train,butina,13,,,,
NCCN1CCN(C/C=C/C(=O)N2CCC[C@@H](n3nc(-c4ccc(Oc5ccccc5)cc4)c4c(N)ncnc43)C2)CC1,0.699837726,train,butina,13,,,,
Cn1c(C2CC2)nc2c1CCN(c1ncnc3ccsc13)C2,1.237065953,train,butina,13,,,,
CC/C(=C(\c1ccccc1)c1ccc(OCCN(C)C)cc1)c1ccccc1,-0.580044252,train,butina,13,,,,
COc1nn(C)cc1C(=O)Nc1cccc2cnccc12,1.504729052,train,butina,13,,,,
CNC(=O)C1(Cc2ccc(-c3ccncc3)cc2)CCN(Cc2cccc(F)c2)C1,1.10503305,train,butina,13,,,,
Cc1ncc(CN2CCC(Nc3ccc4nnnn4n3)C(C)C2)s1,1.652285029,train,butina,13,,,,
COc1ccc(CCCN2CCN(c3cnn(C)c3)C(=O)C2)cc1F,1.343408594,train,butina,13,,,,
Cc1noc(C(C)C)c1C(=O)N1CC(C)OC(c2ccccc2)C1,1.180469962,train,butina,13,,,,
CN(Cc1ccccc1)C1(C(=O)N2CCNC(=O)CC2)Cc2ccccc2C1,0.904931827,train,butina,13,,,,
CCC1=C(C)CN(C(=O)NCCc2ccc(S(=O)(=O)NC(=O)N[C@H]3CC[C@H](C)CC3)cc2)C1=O,-1.180456064,train,butina,13,,,,
O=S(=O)(c1cccc2c(O)nccc12)N1CCCNCC1,1.850223373,train,butina,13,,,,
COCC(=O)N1CCC(Cc2ccccc2-c2cccc(F)c2)(C(=O)NC(C)C)CC1,0.596597096,train,butina,13,,,,
COc1ccc(CNC(=O)c2sc3nc(C)cc(C)c3c2N)cc1,-0.356547324,train,butina,13,,,,
C#C[C@@](C)(CC)NC(=O)c1cc(F)cnc1NC1CC(F)(F)C1,0.671265433,train,butina,13,,,,
Cn1cc(Nc2nc(N)nc(-c3cccc(-n4ccc5cc(C6CC6)cc(F)c5c4=O)c3CO)n2)cn1,0.850401148,train,butina,13,,,,
Cc1cnc(C(=O)NCCc2ccc(S(=O)(=O)NC(=O)NC3CCCCC3)cc2)cn1,0.01745073,train,butina,13,,,,
CNC(=O)C1(Cc2ccc(-c3cccnc3)cc2)CCN(Cc2ccc(F)cc2)C1,1.021602716,train,butina,13,,,,
CNC(=O)C1(Cc2ccc(-c3cccnc3)cc2)CCN(Cc2cccc(F)c2)C1,0.829753919,train,butina,13,,,,
CC(=O)Nc1ncc(CN2CCCC[C@@H]2C)s1,2.0,train,butina,13,,,,
O=C1CCCC[C@@H]2[C@H](C[C@@H](Cc3ccccc3F)N2C(=O)c2cccc3ncccc23)N1,1.277998644,train,butina,13,,,,
CC(O)(C#Cc1ccc2c(c1)N(c1nc(N)ncc1Cl)CC2)c1nccs1,-0.122628654,train,butina,13,,,,
COCCc1noc(CN2CC(c3ccccc3)(c3ccccc3)CCC2=O)n1,1.167051359,train,butina,13,,,,
Cc1[nH]nc2c1C1(CCCCC1)CC(=O)N2,1.323066376,train,butina,13,,,,
Cc1oc2ccccc2c1CNc1nnc(-c2ccncc2)o1,0.717254313,train,butina,13,,,,
O=C(Nc1cccc2ncccc12)[C@H]1CCCN(S(=O)(=O)c2ccccc2)C1,1.222560409,train,butina,13,,,,
C[C@@H]1Cc2ccccc2N1C(=O)Cn1nc(-c2cccc3ncccc23)oc1=O,0.224014811,train,butina,13,,,,
Nc1ncnc2c1c(-c1cnc3[nH]ccc3c1)nn2C1CCCC1,0.862608364,train,butina,13,,,,
O=C(Nc1cnccc1-c1ccc(Cl)cc1)c1ccnc(NC(=O)C2CC2)c1,0.369957607,train,butina,13,,,,
CN1C(N)=N[C@](C)(c2cc(NC(=O)c3ccc(F)cn3)ccc2F)CS1(=O)=O,1.560468571,train,butina,13,,,,
CC1CN(C(=O)c2cccnc2N2CCOCC2)CC(c2ccccc2)O1,1.573185017,train,butina,13,,,,
CCCCNC(=O)NS(=O)(=O)c1ccc(C)cc1,0.439332694,train,butina,13,,,,
CC1(C)CC(=O)C2=C(C1)NC(=O)CC2c1ccc(Br)cc1,1.159236233,train,butina,13,,,,
CN1CCN(S(=O)(=O)c2ccc(-c3cnc(N)c(C(=O)Nc4cccnc4)n3)cc2)CC1,1.078638038,train,butina,13,,,,
CNC(=O)C1(Cc2ccc(-c3cccnc3)cc2)CCN(Cc2ccccc2Cl)C1,0.387567779,train,butina,13,,,,
CCCNC(=O)NS(=O)(=O)c1ccc(Cl)cc1,0.969835093,train,butina,13,,,,
Cc1cc(C)c2c(N)c(C(=O)NCc3ccc(Cl)cc3)sc2n1,-0.370590401,train,butina,13,,,,
COc1nc2sc(C(=O)NC3CC3)c(N)c2c(C)c1Cl,0.245512668,train,butina,13,,,,
O=C1NCCSc2c1sc1ccc(O)cc21,0.891593204,train,butina,13,,,,
CCn1cc(C(=O)O)c(=O)c2c(N)c(F)c(NC3CCCCC3)cc21,0.427486109,train,butina,13,,,,
C[C@H]1CN(C2COC2)CCN1c1ccc(Nc2cc(-c3ccnc(N4CCn5c(cc6c5CC(C)(C)C6)C4=O)c3CO)cn(C)c2=O)nc1,1.209139536,train,butina,13,,,,
C=CC(=O)Nc1cccc(Nc2nc(Nc3ccc(Oc4ccnc(C(=O)NC)c4)cc3)ncc2F)c1,-0.403402904,train,butina,13,,,,
CC(=O)NCCNc1cc(Cl)nn2c(-c3cccc(S(=O)(=O)N(C)C)c3)c(C)nc12,0.681693392,train,butina,13,,,,
Cc1c[nH]c(=O)n1-c1ccc(C(=O)Nc2ccc3ccccc3n2)cc1,0.639386869,train,butina,13,,,,
COc1ccc(OCC(=O)Nc2cccc(Cl)c2N2CCN(C(C)=O)CC2)cc1,0.700790221,train,butina,13,,,,
CC(=O)N1CCN(c2c(Cl)cccc2NC(=O)COc2ccccc2Cl)CC1,0.256958153,train,butina,13,,,,
CCC(=O)N1CCN(c2ccc(Cl)cc2NC(=O)COc2ccccc2)CC1,0.250420002,train,butina,13,,,,
Cc1ccc(Oc2ccc(Cl)cc2NC(=O)CN(C)CC(=O)N(C)C)cc1,-0.053056729,train,butina,13,,,,
CC1(C)Cc2cc(NC(=O)c3cnn4cccnc34)c(OCC3CC3)nc2O1,-0.199970641,train,butina,13,,,,
N#Cc1cc(F)c(NS(=O)(=O)c2c[nH]c3cc(Cl)ccc23)cc1F,-0.026872146,train,butina,13,,,,
COc1cc2c(cc1OC)CN(CCc1ccc(NC(=O)c3cccc4c(O)c5cccc(OC)c5nc34)cc1)CC2,-1.207608311,train,butina,13,,,,
CCCc1nc2nc(C)c(NS(=O)(=O)c3ccc(C4CCCCC4)cc3)c(O)n2n1,-0.218963061,train,butina,13,,,,
COc1ccc([C@H]2c3[nH]c4ccc(Cl)cc4c3CCN2C(=O)Oc2ccc(Cl)cc2)cc1,1.51293775,train,butina,13,,,,
NC(=O)C1(Cc2ccc(-c3ccncc3)cc2)CCN(C(=O)Cc2cccc(F)c2)CC1,1.006508828,train,butina,13,,,,
CC(=O)Nc1ccc(O)cc1,1.887859133,train,butina,13,,,,
Cc1cccc(/C=N/Nc2cc(N3CCOCC3)nc(OCCc3ccccn3)n2)c1,-0.548213564,train,butina,13,,,,
CCn1c(=O)oc2cc(NC(=O)c3ccc(C(C)(C)C)cc3)ccc21,0.21005085,train,butina,13,,,,
CC(C)[C@H](CO)Nc1nc(Nc2cc(N)cc(Cl)c2)c2ncn(C(C)C)c2n1,-0.061980903,train,butina,13,,,,
CC(C)(C)OC(=O)N1CCCC1C(=O)N1CCC(C(=O)N[C@@H](Cc2c[nH]c3ccccc23)C(=O)O)CC1,1.691832676,train,butina,13,,,,
O=C(Nc1cccc2c(=O)cc(-c3nnn[nH]3)oc12)c1ccc(OCCCCc2ccccc2)cc1,0.582744966,train,butina,13,,,,
CC(=O)Nc1ncc(C(=O)O)s1,1.81935965,train,butina,13,,,,
Cc1cccc(-c2nc(C34CCC(C(N)=O)(CC3)CC4)[nH]c2-c2ccc3c(c2)OCO3)n1,1.02011257,train,butina,13,,,,
COc1cc2nc(-c3cc(F)ccc3O)nc(N[C@@H]3CNC[C@H]3C(C)(C)O)c2cc1OC.Cl,-1.119186408,train,butina,13,,,,
CC(C)[C@@](C)(O)[C@@H]1CN(c2nc(-c3n[nH]c4ncccc34)c(F)cc2Cl)CCN1,1.302460808,train,butina,13,,,,
Cc1nnc(-c2ccc(N3CCC(Oc4cc(F)ccc4Cl)CC3)nn2)o1,0.161068385,train,butina,13,,,,
Cc1cn2nc(-c3cc(=O)n4cc(N5CCNC6(CC6)C5)ccc4n3)cc(C)c2n1,0.985246791,train,butina,13,,,,
CCCS(=O)(=O)Nc1ccc(F)c(C(=O)c2c[nH]c3ncc(-c4ccc(Cl)cc4)cc23)c1F,-1.59345982,train,butina,13,,,,
Cc1ccc(OCC2(O)CCN(CC3(O)CCN(c4ccccc4C)CC3)CC2)cc1,-0.040481623,train,butina,13,,,,
CN(C(=O)c1cc(N2CCNC2=O)ccc1F)C1CCNC1,1.885728632,train,butina,13,,,,
O=C(Nc1cccc(N2CCNC2=O)c1)C1NCC12CCCC2,1.718202645,train,butina,13,,,,
NCC1CCCC1NC(=O)c1cc(N2CCNC2=O)ccc1F,1.87495702,train,butina,13,,,,
Cn1c(-c2n[nH]c3c2CCCC3)nnc1N1CCC2(CNC(=O)C2)C1,1.792986685,train,butina,13,,,,
Cc1nnc(-c2ccc(N3CCC(Oc4ccccc4C(F)(F)F)CC3)nn2)s1,-0.906578315,train,butina,13,,,,
O=C(NCCc1ccccc1)c1ccc(NC(=O)N2CCCCc3ccccc32)cc1,0.075911761,train,butina,13,,,,
CC(C)(C)c1ccc(C(O)CN2CCC(O)(c3ccc4c(c3)OCO4)CC2)cc1,0.779018972,train,butina,13,,,,
CN(C(=O)c1cc(N2CCNC2=O)ccc1F)C1CCC(N)CC1,1.828717885,train,butina,13,,,,
NC1CCCC1C(=O)N1CCC(c2c[nH]c3ncccc23)CC1,1.71701274,train,butina,13,,,,
NC1CCCC(C(=O)Nc2ccc3[nH]ncc3c2)C1,2.0,train,butina,13,,,,
NC1CC(NC(=O)c2ccc(-c3cn[nH]c3)cn2)C12CCC2,1.709702344,train,butina,13,,,,
NC1CCC(C(=O)N2CCC(c3c[nH]c4ncccc34)CC2)C1,1.917395215,train,butina,13,,,,
NC1CCCC(C(=O)N2CCC(c3c[nH]c4ncccc34)CC2)C1,1.752816431,train,butina,13,,,,
O=C(NC12CCCC1NCC2)c1ccc(-c2cn[nH]c2)cc1,2.0,train,butina,13,,,,
Cc1nc2cc(C(=O)NC34CCCC3NCC4)ccc2c(=O)[nH]1,1.866494097,train,butina,13,,,,
O=C(Nc1ccc(CN2CCCCC2)cc1)c1ccnc2[nH]cnc12,1.767526899,train,butina,13,,,,
CCc1c[nH]c2ncnc(N3CCC(CN4CCN(C)CC4)CC3)c12,1.728012707,train,butina,13,,,,
NC(=O)c1cnc(N2CCc3[nH]nc(C(F)(F)F)c3C2)c(Cl)c1,0.986009932,train,butina,13,,,,
NC1CCCC(C(=O)Nc2cccc(N3CCNC3=O)c2)C1,1.763113391,train,butina,13,,,,
CC1CC(N)CCN1C(=O)c1cc(N2CCNC2=O)c(F)cc1F,1.833504094,train,butina,13,,,,
c1sc(NCC2CCCO2)nc1C12CC3CC(CC(C3)C1)C2,-1.096910013,train,butina,13,,,,
CCOc1cc2nn(CCC(C)(C)O)cc2cc1NC(=O)c1cccc(C(F)F)n1,0.099680641,test,butina,13,0.7093378599800009,0.50022130087,0.5783865076900001,0.16668602930999998
CC(C)(O)CCn1cc2cc(NC(=O)c3cccc(C(F)(F)F)n3)c(C(C)(C)O)cc2n1,1.015611205,test,butina,13,0.9934221996700007,0.5899295973400001,0.18650716046000004,0.16625238621999996
C[C@@H]1c2nnn(-c3ncc(F)cn3)c2CCN1C(=O)c1cccc(C(F)(F)F)c1Cl,0.969089603,test,butina,13,0.9403924722200003,0.7289646204000002,0.3893047235100001,0.37754091990999994
O=C(Nc1cccc(-c2nncn2C2CC2)c1)c1cc(-n2cnc(C3CC3)c2)ccn1,0.262925469,test,butina,13,0.7953402382700002,0.8873885100300004,1.17823398659,0.6081106943200004
COc1cc(F)ccc1-c1ncnc(Nc2cccc(C[S@@](C)(=N)=O)c2)n1,1.594922663,test,butina,13,0.19901076472999993,0.1821688024099999,0.6433437454100003,0.05216820656999996
Cc1ccc(C(=O)N2CCC(Cc3ccccc3-c3ccccc3)(C(=O)N(C)C)CC2)s1,-0.293282218,test,butina,13,0.8041403082900002,0.4673798996700003,0.5748607022800002,0.09583221409
CCc1nc2c(C)cc(N3CCN(CC(=O)N4CC(O)C4)CC3)cn2c1N(C)c1nc(-c2ccc(F)cc2)c(C#N)s1,-0.204728421,test,butina,13,0.5892609779600002,0.31053011485999993,0.5018759002600003,0.10844812236999997
CN(C)C(=O)C1(Cc2ccccc2-c2ccccc2)CCN(C(=O)C2CCCO2)CC1,0.902546779,test,butina,13,0.7498688576099998,0.6399593589,0.7283698729700001,0.9071732908799998
O=C1NCCN(C(=O)c2ccc3nccn3c2)C1c1ccccc1C(F)(F)F,1.851001366,test,butina,13,1.2817315559200002,0.7826582520300005,1.2001278594800004,1.1134961414300002
Cc1cc(F)ccc1C1C(=O)NCCN1C(=O)c1ccc2nccn2c1,1.78096503,test,butina,13,1.1778813201500007,1.03392667823,1.4705531889099999,1.2636633277700002
O=C1NCCN(C(=O)c2ccncc2)C1c1ccccc1Cl,1.876996793,test,butina,13,1.1021736739200003,0.9766798687600002,1.2907942680099997,1.4735126785100001
OCC1CCCCN1Cc1ccc(Cl)c(Cl)c1,1.390069186,test,butina,13,0.6208753627600001,1.1144381016100002,0.4780244153100003,0.6904180633300002
Cc1c(C(=O)NCCCN(C)C)sc2ncnc(Nc3ccc(F)cc3OC(C)C)c12,0.741821047,test,butina,13,0.36848613006000003,-0.05996210521999999,0.1263006051,-0.12281481446999998
OCC1CCCCN1Cc1ccc(-c2ccccc2)cc1,1.368007805,test,butina,13,1.0074659570799995,0.9651072192300003,0.4978826010300002,0.7658364470300003
Cc1nnc(-c2ccc3occ(-c4ccc(S(C)=O)cc4)c3c2)o1,0.193402903,test,butina,13,0.5453461852200003,0.34928103773,0.40114914267999985,0.35518563014999993
CCN1CCN(S(=O)(=O)Cc2ccc(Cl)c(Cl)c2)CC1,1.249124949,test,butina,13,0.7635624858300001,1.1450476963300003,0.55273225925,1.39374521408
Cc1nc(Nc2nccs2)cc(C2CN(c3ncccn3)C2)n1,0.444669231,test,butina,13,0.6654004478100005,1.0990962517699996,0.9132757926299996,1.1371727272899999
COc1ccc(Nc2c(C#N)cnc3cc(OC)c(OC)cc23)cc1Cl,-0.033858267,test,butina,13,0.10391463028,0.025527099040000015,-0.016394148189999992,0.06717036544999999
Cc1c(F)cccc1NC(=O)CN1[C@H]2CCCC(=O)N[C@@]2(C)C[C@H]1Cc1ccccc1,0.595275712,test,butina,13,1.1745854603900003,0.8693914238799995,0.4945116177400002,0.8033477359399996
Cc1ccc(NC(=O)CN2[C@H]3CCCC(=O)N[C@@]3(C)C[C@H]2Cc2ccccc2)cc1F,-0.137272472,test,butina,13,1.0511815690900006,0.9223959280199998,0.7253655535499999,0.8149121486799996
CN(C)C(=O)C1(Cc2ccccc2-c2cccc(F)c2)CCN(C(=O)C2CC=CCC2)CC1,-0.104025268,test,butina,13,0.8829316081899998,0.68609206927,0.6414212234400002,0.5679965919100003
CCOc1cc(CC(=O)N[C@@H](CC(C)C)c2ccccc2N2CCCCC2)ccc1C(=O)O,0.106870544,test,butina,13,0.3370837480500001,0.49085214612999983,0.5265241291200002,0.13012303332000005
Cc1cc(Nc2cnccn2)cc(C2CCCN(CC(=O)N3CCCC3)C2)n1,1.642246824,test,butina,13,0.7988761786800004,0.9235278488999996,0.6973388356599999,1.3172772054100002
Cc1cccnc1Nc1cccc(C2CCCN(CC(=O)Nc3nccs3)C2)n1,0.180699201,test,butina,13,0.82356330154,0.63728198845,0.56304467023,0.3175892429199999
CN(C)C(=O)C1(Cc2ccccc2-c2ccccc2)CCN(C(=O)c2cnn(C)c2)CC1,1.041353202,test,butina,13,0.9832939650099994,0.6869978794400002,0.6555286822499998,0.86980201771
Cc1cc(N2CCCC2c2cc(CCC(=O)O)cc(C)n2)ncn1,2.0,test,butina,13,0.6397887025900003,0.9071375518999999,0.9075673388899997,0.8839547862500007
O=C(CN1CCCC(c2cccc(Cc3cccc(F)c3)n2)C1)N1CCCC1,1.062130535,test,butina,13,0.9173827751900001,0.7762740625400005,0.7076298401700001,0.8844262640700005
COc1cc2ncnc(Nc3cccc(O)c3)c2cc1OC,0.994317153,test,butina,13,0.33031037608999997,0.2681678134,-0.13369011944999995,0.43542906442999985
COCCNC(=O)c1ccnc(C2CCNCC2)c1,2.0,test,butina,13,1.05215887619,1.3092242696199998,0.9517096614799999,1.2948610763
CC1(CNC(=O)c2cncc(C3CCNCC3)n2)CCCO1,1.988550039,test,butina,13,1.4453831125399994,1.4578391359500003,1.1624404417300005,1.85245809511
Cc1cc(N2CCCC2)nc(C2CCCN(C)C2)n1,2.0,test,butina,13,0.9190856081900001,1.2157267239500003,1.1424534965400002,1.8122649490200002
C=CC(=O)N(C)CCOc1c(N)ncnc1-c1cc(F)cc(NC(=O)c2ccc(C3CC3)cc2F)c1C,0.838502776,test,butina,13,0.6464102943900006,0.19855716000999993,0.32585311415000007,0.10127381728000001
CC#CC(=O)N1CCC[C@@H]1c1nc(-c2ccc(C(=O)Nc3ccccn3)cc2)c2c(N)nccn12,0.975868182,test,butina,13,0.46522342507000025,0.72347164151,0.8858704145300003,0.4881320920299999
CNC(=O)c1cccc(NC(=O)N2CCC(Oc3ccccc3Cl)CC2)c1,1.068760828,test,butina,13,0.2290915931999999,0.3695672695700001,0.4566956749200002,0.3031100986599997
c1ccc(-c2ccc(CN3CCCCCCC3)cc2)cc1,-0.614393726,test,butina,13,0.9521527259199998,0.8021603225100002,0.37075287203000024,0.20895348340999995
O=C(NC1CCNCC1)c1ccc2[nH]ncc2c1,1.842696589,test,butina,13,1.2130429092599997,1.5199238083499993,0.9895231592599997,1.4501885965300003
COc1ccc(OC[C@@H]2c3cc(OC)c(OC)cc3CCN2C(=O)c2cccc(Cl)c2)cc1,-0.116906641,test,butina,13,0.34680640988999983,0.23695074538999986,0.3229867557699999,0.04990643647000005
N#Cc1ccc(COc2cccc(C3CCN(Cc4nc5ccc(C(=O)O)cc5n4C[C@@H]4CCO4)CC3)n2)c(F)c1,0.402433346,test,butina,13,0.60151037708,0.3622697304399999,0.06218602595000001,-0.03663778247999999
O=C(NC1CCNCC1)c1ccc2cn[nH]c2c1,2.0,test,butina,13,1.1077857878499997,1.5345435164099994,1.0482630483599997,1.44664081478
NC[C@H]1CC[C@@H](C(=O)Nc2ccc3[nH]ncc3c2)O1,1.981999714,test,butina,13,1.1921412598299996,1.39182870151,1.1781797826199996,1.8637571560599993
CNc1nc(C)cc(C(=O)Nc2ccc3[nH]ncc3c2)n1,1.493625323,test,butina,13,0.8348829062599998,0.8230317490700005,1.0130750103699997,1.1350432500100003
CNc1cc(Nc2cccn(-c3ccccn3)c2=O)nn2c(C(=O)N[C@@H]3C[C@@H]3F)cnc12,0.991226076,train,butina,14,,,,
CCOc1cc2nn(CCC(C)(C)O)cc2cc1NC(=O)c1cccc(C(F)F)n1,0.099680641,train,butina,14,,,,
CN(c1ncc(F)cn1)[C@H]1CCCNC1,2.0,train,butina,14,,,,
CC(C)(Oc1ccc(-c2cnc(N)c(-c3ccc(Cl)cc3)c2)cc1)C(=O)O,-1.158015195,train,butina,14,,,,
CC(C)(O)CCn1cc2cc(NC(=O)c3cccc(C(F)(F)F)n3)c(C(C)(C)O)cc2n1,1.015611205,train,butina,14,,,,
CC#CC(=O)N[C@H]1CCCN(c2c(F)cc(C(N)=O)c3[nH]c(C)c(C)c23)C1,0.163856803,train,butina,14,,,,
COc1ccc(Cl)cc1C(=O)NCCc1ccc(S(=O)(=O)NC(=O)NC2CCCCC2)cc1,-0.91721463,train,butina,14,,,,
C=CC(=O)N1CCC[C@@H](n2nc(-c3ccc(Oc4ccccc4)cc3)c3c(N)ncnc32)C1,0.62603,train,butina,14,,,,
CC(C)NC(=O)COc1cccc(-c2nc(Nc3ccc4[nH]ncc4c3)c3ccccc3n2)c1,-1.384078213,train,butina,14,,,,
CCS(=O)(=O)N1CC(CC#N)(n2cc(-c3ncnc4[nH]ccc34)cn2)C1,1.378597739,train,butina,14,,,,
CCn1c(-c2nonc2N)nc2cnc(Oc3cccc(NC(=O)c4ccc(OCCN5CCOCC5)cc4)c3)cc21,-0.449771647,train,butina,14,,,,
COc1cc2c(cc1OC)CC(=O)N(CCCN(C)C[C@H]1Cc3cc(OC)c(OC)cc31)CC2,1.730984039,train,butina,14,,,,
CCCc1cc(N2CCc3c(nc(C4CC4)n3C)C2)n2ncnc2n1,1.677187053,train,butina,14,,,,
C=CC(=O)N1C[C@H](Nc2ncnc3[nH]ccc23)CC[C@@H]1C,1.828227965,train,butina,14,,,,
Cn1cc(Nc2nccc(N3CC4CCC(C3)N4C(=O)[C@@H]3CC3(F)F)n2)cn1,1.642995934,train,butina,14,,,,
[2H]C([2H])([2H])NC(=O)c1nnc(NC(=O)C2CC2)cc1Nc1cccc(-c2ncn(C)n2)c1OC,1.186566481,train,butina,14,,,,
C=CC(=O)N1CCC(CNc2ncnc(N)c2-c2ccc(Oc3ccccc3)cc2)CC1,0.752995432,train,butina,14,,,,
Cc1c(-c2c(F)cc(C(N)=O)c3[nH]c4c(c23)CC[C@H](C(C)(C)O)C4)cccc1-n1c(=O)c2cccc(F)c2n(C)c1=O,0.436162647,train,butina,14,,,,
Cn1cc(-c2cn3nccc3c(-c3cnn([C@]4(CC#N)C[C@@H](C#N)C4)c3)n2)cn1,1.559583476,train,butina,14,,,,
N#CC[C@H](C1CCCC1)n1cc(-c2ncnc3[nH]ccc23)cn1,0.630986911,train,butina,14,,,,
C=CC(=O)Nc1cccc(Oc2nc(Nc3ccc(N4CCN(C)CC4)cc3)nc3ccsc23)c1,-0.049635146,train,butina,14,,,,
CC#CC(=O)N1CC[C@@H](n2c(=O)n(-c3ccc(Oc4ccccc4)cc3)c3c(N)ncnc32)C1,0.935859798,train,butina,14,,,,
C=CC(=O)N1CCC([C@@H]2CCNc3c(C(N)=O)c(-c4ccc(Oc5ccccc5)cc4)nn32)CC1,0.968996327,train,butina,14,,,,
C=CC(=O)N1CCC[C@H](n2c(=O)n(-c3ccc(Oc4ccccc4)cc3)c3c(N)ncnc32)C1,0.983851719,train,butina,14,,,,
CC(C)(C=C(C#N)C(=O)N1CCC[C@@H](n2nc(-c3ccc(Oc4ccccc4)cc3F)c3c(N)ncnc32)C1)N1CCN(C2COC2)CC1,0.276231958,train,butina,14,,,,
CC#CC(=O)N1CC[C@@H](n2cc(-c3ccc(Oc4c(F)cccc4F)cc3)c3c(N)n[nH]c(=O)c32)C1,-0.073143291,train,butina,14,,,,
C=CC(=O)Nc1cccc(Oc2nc(Nc3ccc(N4CCN(C)CC4)c(F)c3)nc3[nH]ccc23)c1,0.039414119,train,butina,14,,,,
C[C@@H]1c2nnn(-c3ncc(F)cn3)c2CCN1C(=O)c1cccc(C(F)(F)F)c1Cl,0.969089603,train,butina,14,,,,
COc1ccccc1-c1cc(NC(=O)c2cccc(N3CCNC3=O)c2)[nH]n1,-0.397940009,train,butina,14,,,,
Nc1ncc(-c2cccc(C(F)(F)F)c2)c(C2CCCCN2C(=O)c2ccccc2)n1,-0.04431225,train,butina,14,,,,
O=C(Nc1cccc(-c2nncn2C2CC2)c1)c1cc(-n2cnc(C3CC3)c2)ccn1,0.262925469,train,butina,14,,,,
CCc1nc(C)cn2nc(-c3cc(=O)n4cc(C5CCN(C)CC5)cc(C)c4n3)cc12,0.868232868,train,butina,14,,,,
Cc1c(Cl)ccc2cc3n(c12)[C@@H](C)CNC3=O,0.328379603,train,butina,14,,,,
Nc1ncnc2c1c(-c1ccc(Oc3ccccc3)cc1)nn2[C@@H]1CCCNC1,0.956648579,train,butina,14,,,,
Cc1nnc(CN(C)CC(C)Oc2ccc(Cl)c(Cl)c2)n1C,0.926290987,train,butina,14,,,,
COc1cc(F)ccc1-c1ncnc(Nc2cccc(C[S@@](C)(=N)=O)c2)n1,1.594922663,train,butina,14,,,,
Cc1ncc(CN2CC[C@@H](Nc3cncc(Cl)n3)[C@@H](C)C2)s1,1.205461507,train,butina,14,,,,
Cc1ccc(C(=O)N2CCC(Cc3ccccc3-c3ccccc3)(C(=O)N(C)C)CC2)s1,-0.293282218,train,butina,14,,,,
CCc1nc2c(C)cc(N3CCN(CC(=O)N4CC(O)C4)CC3)cn2c1N(C)c1nc(-c2ccc(F)cc2)c(C#N)s1,-0.204728421,train,butina,14,,,,
C[C@@H]1CCN(C(=O)CC#N)C[C@@H]1N(C)c1ncnc2[nH]ccc12,1.991815076,train,butina,14,,,,
CN(C)C(=O)C1(Cc2ccccc2-c2ccccc2)CCN(C(=O)C2CCCO2)CC1,0.902546779,train,butina,14,,,,
CC(=O)Nc1ccc(C(=O)N2CCCCC2c2nc(N)ncc2-c2ccc(Cl)cc2)cc1,0.596926814,train,butina,14,,,,
CC(=O)Nc1ccc(C(=O)N2CCCCC2c2nc(N)ncc2-c2cccc(Cl)c2)cc1,0.520483533,train,butina,14,,,,
O=C1CN(c2ccc(Nc3nccc(C(F)(F)F)n3)cn2)CCN1,1.543819805,train,butina,14,,,,
O=C1NCCN(C(=O)c2ccc3nccn3c2)C1c1ccccc1C(F)(F)F,1.851001366,train,butina,14,,,,
Cc1cc(F)ccc1C1C(=O)NCCN1C(=O)c1ccc2nccn2c1,1.78096503,train,butina,14,,,,
O=C1NCCN(C(=O)c2ccncc2)C1c1ccccc1Cl,1.876996793,train,butina,14,,,,
C[C@H]1CN(C(=O)CC(c2ccccc2)c2ccccc2)C[C@@H](C)O1,1.188253327,train,butina,14,,,,
CN1[C@H]2CC[C@@H]1C[C@@H](OC(c1ccccc1)c1ccccc1)C2,1.106122874,train,butina,14,,,,
OC[C@H](Nc1cncc(-c2ccc3[nH]ncc3n2)c1)c1ccccc1,1.017826038,train,butina,14,,,,
Cc1ncsc1C(=O)N1CCCCC1c1nc(N(C)C)ncc1-c1cccc(Cl)c1,-0.083019953,train,butina,14,,,,
OCC1CCCCN1Cc1ccc(Cl)c(Cl)c1,1.390069186,train,butina,14,,,,
CC(=O)N1CCN(c2nc(C(F)(F)F)nc3sc(C)c(C)c23)CC1,0.13481437,train,butina,14,,,,
COc1ccccc1C(=O)Nc1ccc2cc[nH]c2c1,0.505149978,train,butina,14,,,,
COc1ccc([C@H]2CN(C(C)=O)[C@@H]3CCCN(Cc4cccc(F)c4)[C@H]23)cc1,0.595385981,train,butina,14,,,,
Cc1c(C(=O)NCCCN(C)C)sc2ncnc(Nc3ccc(F)cc3OC(C)C)c12,0.741821047,train,butina,14,,,,
OCC1CCCCN1Cc1ccc(-c2ccccc2)cc1,1.368007805,train,butina,14,,,,
Nc1ncc(C(=O)NC2CN(C(=O)C3CC3)C2)c2ccc(-c3cccc(F)c3)nc12,0.623352682,train,butina,14,,,,
CC1(C)CC(Oc2ccc(-c3ccc(-c4cn[nH]c4)cc3O)nn2)CC(C)(C)N1,1.199947058,train,butina,14,,,,
Cc1nnc(-c2ccc3occ(-c4ccc(S(C)=O)cc4)c3c2)o1,0.193402903,train,butina,14,,,,
Cc1ncsc1C(=O)N1CCCCC1c1nc(N)ncc1-c1cccc(C(F)(F)F)c1,0.615318657,train,butina,14,,,,
O=C(Nc1ccc2ccccc2n1)c1ccc(N2CCOC2=O)cc1,0.449015316,train,butina,14,,,,
O=S(=O)(c1cccc2cnccc12)N1CCCNCC1,1.892077899,train,butina,14,,,,
C=CC(=O)Nc1cccc(Oc2nc(Nc3ccc(N4CCN(C)CC4)cc3)nc3ccoc23)c1,0.146128036,train,butina,14,,,,
CCN1CCN(S(=O)(=O)Cc2ccc(Cl)c(Cl)c2)CC1,1.249124949,train,butina,14,,,,
O=C(Nc1nc2cccc(-c3ccc(CN4CCS(=O)(=O)CC4)cc3)n2n1)C1CC1,1.681349797,train,butina,14,,,,
CCn1c(CO)nn(-c2cc(O[C@@H](C)C(F)(F)F)c(C(=O)Nc3c(F)cccc3Cl)cc2F)c1=O,0.975753389,train,butina,14,,,,
NCCN1CCN(C/C=C/C(=O)N2CCC[C@@H](n3nc(-c4ccc(Oc5ccccc5)cc4)c4c(N)ncnc43)C2)CC1,0.699837726,train,butina,14,,,,
Cn1c(C2CC2)nc2c1CCN(c1ncnc3ccsc13)C2,1.237065953,train,butina,14,,,,
CC/C(=C(\c1ccccc1)c1ccc(OCCN(C)C)cc1)c1ccccc1,-0.580044252,train,butina,14,,,,
Cc1ncc(CN2CCC(Nc3ccc4nnnn4n3)C(C)C2)s1,1.652285029,train,butina,14,,,,
Cc1nc(Nc2nccs2)cc(C2CN(c3ncccn3)C2)n1,0.444669231,train,butina,14,,,,
COc1ccc(Nc2c(C#N)cnc3cc(OC)c(OC)cc23)cc1Cl,-0.033858267,train,butina,14,,,,
COc1ccc(CCCN2CCN(c3cnn(C)c3)C(=O)C2)cc1F,1.343408594,train,butina,14,,,,
Cc1noc(C(C)C)c1C(=O)N1CC(C)OC(c2ccccc2)C1,1.180469962,train,butina,14,,,,
CN(Cc1ccccc1)C1(C(=O)N2CCNC(=O)CC2)Cc2ccccc2C1,0.904931827,train,butina,14,,,,
Cc1c(F)cccc1NC(=O)CN1[C@H]2CCCC(=O)N[C@@]2(C)C[C@H]1Cc1ccccc1,0.595275712,train,butina,14,,,,
CCC1=C(C)CN(C(=O)NCCc2ccc(S(=O)(=O)NC(=O)N[C@H]3CC[C@H](C)CC3)cc2)C1=O,-1.180456064,train,butina,14,,,,
O=S(=O)(c1cccc2c(O)nccc12)N1CCCNCC1,1.850223373,train,butina,14,,,,
Cc1ccc(NC(=O)CN2[C@H]3CCCC(=O)N[C@@]3(C)C[C@H]2Cc2ccccc2)cc1F,-0.137272472,train,butina,14,,,,
CN(C)C(=O)C1(Cc2ccccc2-c2cccc(F)c2)CCN(C(=O)C2CC=CCC2)CC1,-0.104025268,train,butina,14,,,,
COc1ccc(CNC(=O)c2sc3nc(C)cc(C)c3c2N)cc1,-0.356547324,train,butina,14,,,,
C#C[C@@](C)(CC)NC(=O)c1cc(F)cnc1NC1CC(F)(F)C1,0.671265433,train,butina,14,,,,
Cn1cc(Nc2nc(N)nc(-c3cccc(-n4ccc5cc(C6CC6)cc(F)c5c4=O)c3CO)n2)cn1,0.850401148,train,butina,14,,,,
Cc1cnc(C(=O)NCCc2ccc(S(=O)(=O)NC(=O)NC3CCCCC3)cc2)cn1,0.01745073,train,butina,14,,,,
CC(=O)Nc1ncc(CN2CCCC[C@@H]2C)s1,2.0,train,butina,14,,,,
CCOc1cc(CC(=O)N[C@@H](CC(C)C)c2ccccc2N2CCCCC2)ccc1C(=O)O,0.106870544,train,butina,14,,,,
CC(O)(C#Cc1ccc2c(c1)N(c1nc(N)ncc1Cl)CC2)c1nccs1,-0.122628654,train,butina,14,,,,
Cc1[nH]nc2c1C1(CCCCC1)CC(=O)N2,1.323066376,train,butina,14,,,,
Cc1oc2ccccc2c1CNc1nnc(-c2ccncc2)o1,0.717254313,train,butina,14,,,,
C[C@@H]1Cc2ccccc2N1C(=O)Cn1nc(-c2cccc3ncccc23)oc1=O,0.224014811,train,butina,14,,,,
Nc1ncnc2c1c(-c1cnc3[nH]ccc3c1)nn2C1CCCC1,0.862608364,train,butina,14,,,,
O=C(Nc1cnccc1-c1ccc(Cl)cc1)c1ccnc(NC(=O)C2CC2)c1,0.369957607,train,butina,14,,,,
CC1CN(C(=O)c2cccnc2N2CCOCC2)CC(c2ccccc2)O1,1.573185017,train,butina,14,,,,
CCCCNC(=O)NS(=O)(=O)c1ccc(C)cc1,0.439332694,train,butina,14,,,,
Cc1cc(Nc2cnccn2)cc(C2CCCN(CC(=O)N3CCCC3)C2)n1,1.642246824,train,butina,14,,,,
Cc1cccnc1Nc1cccc(C2CCCN(CC(=O)Nc3nccs3)C2)n1,0.180699201,train,butina,14,,,,
CN(C)C(=O)C1(Cc2ccccc2-c2ccccc2)CCN(C(=O)c2cnn(C)c2)CC1,1.041353202,train,butina,14,,,,
CC1(C)CC(=O)C2=C(C1)NC(=O)CC2c1ccc(Br)cc1,1.159236233,train,butina,14,,,,
CN1CCN(S(=O)(=O)c2ccc(-c3cnc(N)c(C(=O)Nc4cccnc4)n3)cc2)CC1,1.078638038,train,butina,14,,,,
CNC(=O)C1(Cc2ccc(-c3cccnc3)cc2)CCN(Cc2ccccc2Cl)C1,0.387567779,train,butina,14,,,,
Cc1cc(N2CCCC2c2cc(CCC(=O)O)cc(C)n2)ncn1,2.0,train,butina,14,,,,
CCCNC(=O)NS(=O)(=O)c1ccc(Cl)cc1,0.969835093,train,butina,14,,,,
O=C(CN1CCCC(c2cccc(Cc3cccc(F)c3)n2)C1)N1CCCC1,1.062130535,train,butina,14,,,,
COc1cc2ncnc(Nc3cccc(O)c3)c2cc1OC,0.994317153,train,butina,14,,,,
Cc1cc(C)c2c(N)c(C(=O)NCc3ccc(Cl)cc3)sc2n1,-0.370590401,train,butina,14,,,,
COCCNC(=O)c1ccnc(C2CCNCC2)c1,2.0,train,butina,14,,,,
COc1nc2sc(C(=O)NC3CC3)c(N)c2c(C)c1Cl,0.245512668,train,butina,14,,,,
CC1(CNC(=O)c2cncc(C3CCNCC3)n2)CCCO1,1.988550039,train,butina,14,,,,
Cc1cc(N2CCCC2)nc(C2CCCN(C)C2)n1,2.0,train,butina,14,,,,
O=C1NCCSc2c1sc1ccc(O)cc21,0.891593204,train,butina,14,,,,
C[C@H]1CN(C2COC2)CCN1c1ccc(Nc2cc(-c3ccnc(N4CCn5c(cc6c5CC(C)(C)C6)C4=O)c3CO)cn(C)c2=O)nc1,1.209139536,train,butina,14,,,,
C=CC(=O)Nc1cccc(Nc2nc(Nc3ccc(Oc4ccnc(C(=O)NC)c4)cc3)ncc2F)c1,-0.403402904,train,butina,14,,,,
C=CC(=O)N(C)CCOc1c(N)ncnc1-c1cc(F)cc(NC(=O)c2ccc(C3CC3)cc2F)c1C,0.838502776,train,butina,14,,,,
CC#CC(=O)N1CCC[C@@H]1c1nc(-c2ccc(C(=O)Nc3ccccn3)cc2)c2c(N)nccn12,0.975868182,train,butina,14,,,,
CC(=O)NCCNc1cc(Cl)nn2c(-c3cccc(S(=O)(=O)N(C)C)c3)c(C)nc12,0.681693392,train,butina,14,,,,
Cc1c[nH]c(=O)n1-c1ccc(C(=O)Nc2ccc3ccccc3n2)cc1,0.639386869,train,butina,14,,,,
CNC(=O)c1cccc(NC(=O)N2CCC(Oc3ccccc3Cl)CC2)c1,1.068760828,train,butina,14,,,,
COc1ccc(OCC(=O)Nc2cccc(Cl)c2N2CCN(C(C)=O)CC2)cc1,0.700790221,train,butina,14,,,,
c1ccc(-c2ccc(CN3CCCCCCC3)cc2)cc1,-0.614393726,train,butina,14,,,,
CC(=O)N1CCN(c2c(Cl)cccc2NC(=O)COc2ccccc2Cl)CC1,0.256958153,train,butina,14,,,,
CCC(=O)N1CCN(c2ccc(Cl)cc2NC(=O)COc2ccccc2)CC1,0.250420002,train,butina,14,,,,
Cc1ccc(Oc2ccc(Cl)cc2NC(=O)CN(C)CC(=O)N(C)C)cc1,-0.053056729,train,butina,14,,,,
N#Cc1cc(F)c(NS(=O)(=O)c2c[nH]c3cc(Cl)ccc23)cc1F,-0.026872146,train,butina,14,,,,
COc1cc2c(cc1OC)CN(CCc1ccc(NC(=O)c3cccc4c(O)c5cccc(OC)c5nc34)cc1)CC2,-1.207608311,train,butina,14,,,,
CCCc1nc2nc(C)c(NS(=O)(=O)c3ccc(C4CCCCC4)cc3)c(O)n2n1,-0.218963061,train,butina,14,,,,
COc1ccc([C@H]2c3[nH]c4ccc(Cl)cc4c3CCN2C(=O)Oc2ccc(Cl)cc2)cc1,1.51293775,train,butina,14,,,,
CC(=O)Nc1ccc(O)cc1,1.887859133,train,butina,14,,,,
O=C(NC1CCNCC1)c1ccc2[nH]ncc2c1,1.842696589,train,butina,14,,,,
Cc1cccc(/C=N/Nc2cc(N3CCOCC3)nc(OCCc3ccccn3)n2)c1,-0.548213564,train,butina,14,,,,
COc1ccc(OC[C@@H]2c3cc(OC)c(OC)cc3CCN2C(=O)c2cccc(Cl)c2)cc1,-0.116906641,train,butina,14,,,,
N#Cc1ccc(COc2cccc(C3CCN(Cc4nc5ccc(C(=O)O)cc5n4C[C@@H]4CCO4)CC3)n2)c(F)c1,0.402433346,train,butina,14,,,,
CC(C)[C@H](CO)Nc1nc(Nc2cc(N)cc(Cl)c2)c2ncn(C(C)C)c2n1,-0.061980903,train,butina,14,,,,
O=C(NC1CCNCC1)c1ccc2cn[nH]c2c1,2.0,train,butina,14,,,,
CC(C)(C)OC(=O)N1CCCC1C(=O)N1CCC(C(=O)N[C@@H](Cc2c[nH]c3ccccc23)C(=O)O)CC1,1.691832676,train,butina,14,,,,
O=C(Nc1cccc2c(=O)cc(-c3nnn[nH]3)oc12)c1ccc(OCCCCc2ccccc2)cc1,0.582744966,train,butina,14,,,,
CC(=O)Nc1ncc(C(=O)O)s1,1.81935965,train,butina,14,,,,
Cc1cccc(-c2nc(C34CCC(C(N)=O)(CC3)CC4)[nH]c2-c2ccc3c(c2)OCO3)n1,1.02011257,train,butina,14,,,,
COc1cc2nc(-c3cc(F)ccc3O)nc(N[C@@H]3CNC[C@H]3C(C)(C)O)c2cc1OC.Cl,-1.119186408,train,butina,14,,,,
CC(C)[C@@](C)(O)[C@@H]1CN(c2nc(-c3n[nH]c4ncccc34)c(F)cc2Cl)CCN1,1.302460808,train,butina,14,,,,
Cc1cn2nc(-c3cc(=O)n4cc(N5CCNC6(CC6)C5)ccc4n3)cc(C)c2n1,0.985246791,train,butina,14,,,,
CCCS(=O)(=O)Nc1ccc(F)c(C(=O)c2c[nH]c3ncc(-c4ccc(Cl)cc4)cc23)c1F,-1.59345982,train,butina,14,,,,
Cc1ccc(OCC2(O)CCN(CC3(O)CCN(c4ccccc4C)CC3)CC2)cc1,-0.040481623,train,butina,14,,,,
O=C(Nc1cccc(N2CCNC2=O)c1)C1NCC12CCCC2,1.718202645,train,butina,14,,,,
NCC1CCCC1NC(=O)c1cc(N2CCNC2=O)ccc1F,1.87495702,train,butina,14,,,,
Cn1c(-c2n[nH]c3c2CCCC3)nnc1N1CCC2(CNC(=O)C2)C1,1.792986685,train,butina,14,,,,
CC(C)(C)c1ccc(C(O)CN2CCC(O)(c3ccc4c(c3)OCO4)CC2)cc1,0.779018972,train,butina,14,,,,
NC[C@H]1CC[C@@H](C(=O)Nc2ccc3[nH]ncc3c2)O1,1.981999714,train,butina,14,,,,
CN(C(=O)c1cc(N2CCNC2=O)ccc1F)C1CCC(N)CC1,1.828717885,train,butina,14,,,,
NC1CCCC(C(=O)Nc2ccc3[nH]ncc3c2)C1,2.0,train,butina,14,,,,
NC1CCCC(C(=O)N2CCC(c3c[nH]c4ncccc34)CC2)C1,1.752816431,train,butina,14,,,,
CNc1nc(C)cc(C(=O)Nc2ccc3[nH]ncc3c2)n1,1.493625323,train,butina,14,,,,
O=C(Nc1ccc(CN2CCCCC2)cc1)c1ccnc2[nH]cnc12,1.767526899,train,butina,14,,,,
CCc1c[nH]c2ncnc(N3CCC(CN4CCN(C)CC4)CC3)c12,1.728012707,train,butina,14,,,,
NC(=O)c1cnc(N2CCc3[nH]nc(C(F)(F)F)c3C2)c(Cl)c1,0.986009932,train,butina,14,,,,
NC1CCCC(C(=O)Nc2cccc(N3CCNC3=O)c2)C1,1.763113391,train,butina,14,,,,
CC1CC(N)CCN1C(=O)c1cc(N2CCNC2=O)c(F)cc1F,1.833504094,train,butina,14,,,,
c1sc(NCC2CCCO2)nc1C12CC3CC(CC(C3)C1)C2,-1.096910013,train,butina,14,,,,
COc1ccc(S(=O)(=O)N2CCC(N3CCC(C)CC3)CC2)cc1,1.729799023,test,butina,14,0.8281724692099999,1.3512107427700002,0.68362084191,1.5457914908600001
Cc1c[nH]c2nccc(Oc3c(F)cc(Nc4cc(Cl)nc(N)n4)cc3F)c12,-1.22184875,test,butina,14,0.6398829686400003,0.5575329428900002,0.45207438645,0.07534239597999996
Fc1ccc(-c2ccc3c(c2)[nH]c2ccncc23)cn1,0.653405491,test,butina,14,1.0576763195399999,0.8181348242300001,0.8097517347500005,0.47862847491000005
Nc1c(F)ccc2cnc(-n3ccc4ccncc43)cc12,0.713910354,test,butina,14,0.9587456104799995,0.9701513826300004,0.6987379443800004,0.6828064906100003
Nc1n[nH]cc1-c1cc(Cl)ccc1Oc1cc(F)c(S(=O)(=O)Nc2cscn2)cc1Cl,-0.354577731,test,butina,14,0.4152197254200001,0.08751718587999999,0.3571202297800001,-0.2958132944100001
O=C(c1ccc(Oc2ccccc2)cc1Cl)c1c[nH]c2ncnc(N[C@@H]3CC[C@@H](CO)OC3)c12,-0.467245621,test,butina,14,0.8173767672400003,0.22493499956999993,0.21847521725999988,0.3732710716899998
CC(C)(C)c1ccc(-c2nc3n(c(=O)c2C#N)CCS3)cc1,0.731266349,test,butina,14,0.7369795363900002,0.40085647125,0.4958108339500001,0.3909749012100002
Fc1ccccc1-c1c[nH]nc1C1CCCN1Cc1ccc2ncccc2c1,0.545801757,test,butina,14,0.6861025260200003,0.4490233626,0.6393423909200002,0.028772878680000037
Cc1nccc(-c2cn(Cc3ccccc3)c3cnccc23)n1,1.122707254,test,butina,14,0.7067642904399999,1.06374029819,0.9424591731200003,0.3852760995100003
COc1nn(C)cc1C(=O)Nc1cccc(-c2cnc3n2CCC3)c1,0.866877814,test,butina,14,0.9821050999400001,0.90087220516,0.9298984779100001,1.4083949314300006
CC(C)(C)C(=O)N1CCC(Cc2ccc(-c3cccs3)cc2)(C(=O)N2CCCC2)CC1,-0.1837587,test,butina,14,0.6468382786,0.6839197128499999,0.6012512812200002,0.039248779120000014
c1ccc(Oc2cccc(CN(CCN3CCOCC3)Cc3cccnc3)c2)cc1,-0.222573178,test,butina,14,0.5445679502899999,0.3175756271699999,0.32694339007999984,0.23499926359999995
O=C(CCNC(=O)c1ccc(OC(F)(F)F)cc1)N[C@@H]1CCCc2ccccc21,0.526080692,test,butina,14,0.46687374583999974,0.3558497171399999,0.5440716785900004,0.4698107338800001
CCN(C/C=C\c1ccc(C2CCCCC2)c(Cl)c1)C1CCCCC1,-0.853871964,test,butina,14,1.2936615402800005,0.5235047601600001,0.15619740287999992,0.044880415539999954
COc1nn(C)cc1C(=O)Nc1cccc2cnccc12,1.504729052,test,butina,14,0.8346921573999998,0.8266810350300001,0.9182777571000003,1.5111926738000006
CNC(=O)C1(Cc2ccc(-c3ccncc3)cc2)CCN(Cc2cccc(F)c2)C1,1.10503305,test,butina,14,0.55785558442,0.44510682549000014,0.57505969813,0.6178563163900004
COCC(=O)N1CCC(Cc2ccccc2-c2cccc(F)c2)(C(=O)NC(C)C)CC1,0.596597096,test,butina,14,0.4060896315500001,0.42670738832999994,0.40100987164,0.5741868169500002
CNC(=O)C1(Cc2ccc(-c3cccnc3)cc2)CCN(Cc2ccc(F)cc2)C1,1.021602716,test,butina,14,0.2929821378500002,0.44684047797000004,0.56652642113,0.6231769869900005
CNC(=O)C1(Cc2ccc(-c3cccnc3)cc2)CCN(Cc2cccc(F)c2)C1,0.829753919,test,butina,14,0.5172180828100001,0.48304768586000013,0.51637013725,0.5951011479500002
O=C1CCCC[C@@H]2[C@H](C[C@@H](Cc3ccccc3F)N2C(=O)c2cccc3ncccc23)N1,1.277998644,test,butina,14,1.1118386115700005,0.40798534508999995,0.9220700179600001,0.5463026832500004
COCCc1noc(CN2CC(c3ccccc3)(c3ccccc3)CCC2=O)n1,1.167051359,test,butina,14,0.7249174241100004,0.71127523142,0.7084821233099998,0.8409279826799998
O=C(Nc1cccc2ncccc12)[C@H]1CCCN(S(=O)(=O)c2ccccc2)C1,1.222560409,test,butina,14,1.0249476504699997,0.4420689654299999,0.70428938975,0.31128371075999994
CN1C(N)=N[C@](C)(c2cc(NC(=O)c3ccc(F)cn3)ccc2F)CS1(=O)=O,1.560468571,test,butina,14,0.8781997748300003,0.8840407217300004,0.8107781865499999,1.0027887610800001
CCn1cc(C(=O)O)c(=O)c2c(N)c(F)c(NC3CCCCC3)cc21,0.427486109,test,butina,14,0.8127533045900003,0.7346115499600002,0.8282142765600004,0.65074713895
CC1(C)Cc2cc(NC(=O)c3cnn4cccnc34)c(OCC3CC3)nc2O1,-0.199970641,test,butina,14,0.7593441031800002,0.9617303231900004,0.99168621398,0.9683044425900004
NC(=O)C1(Cc2ccc(-c3ccncc3)cc2)CCN(C(=O)Cc2cccc(F)c2)CC1,1.006508828,test,butina,14,0.7464780602000001,0.5507714952400001,0.7236680203500001,0.69883738926
CCn1c(=O)oc2cc(NC(=O)c3ccc(C(C)(C)C)cc3)ccc21,0.21005085,test,butina,14,0.8863194605200007,0.4743105029000004,0.6613133899200002,0.6384407324499999
Cc1nnc(-c2ccc(N3CCC(Oc4cc(F)ccc4Cl)CC3)nn2)o1,0.161068385,test,butina,14,0.7364368942300004,0.8086356251200003,0.5490709167300004,0.6657773450000002
CN(C(=O)c1cc(N2CCNC2=O)ccc1F)C1CCNC1,1.885728632,test,butina,14,1.7422051815300024,1.720193922900001,1.2974722756800006,1.8446754781400014
Cc1nnc(-c2ccc(N3CCC(Oc4ccccc4C(F)(F)F)CC3)nn2)s1,-0.906578315,test,butina,14,1.0487091296400006,0.9404403293000008,0.38754412730000004,0.4976309931800001
O=C(NCCc1ccccc1)c1ccc(NC(=O)N2CCCCc3ccccc32)cc1,0.075911761,test,butina,14,0.28161089684999996,0.10881728496000002,0.37127208393000005,-0.013937409439999979
NC1CCCC1C(=O)N1CCC(c2c[nH]c3ncccc23)CC1,1.71701274,test,butina,14,1.435038635490001,1.6863807036500018,1.762614003580001,1.726609830570001
NC1CC(NC(=O)c2ccc(-c3cn[nH]c3)cn2)C12CCC2,1.709702344,test,butina,14,1.2061611570400004,1.3597921551800005,1.73780024712,1.6653404165899999
NC1CCC(C(=O)N2CCC(c3c[nH]c4ncccc34)CC2)C1,1.917395215,test,butina,14,1.463853612470001,1.694438425380001,1.6235493657500004,1.7222407146300012
O=C(NC12CCCC1NCC2)c1ccc(-c2cn[nH]c2)cc1,2.0,test,butina,14,1.4984930692000007,1.1523567202400005,1.43892591011,1.72062197416
Cc1nc2cc(C(=O)NC34CCCC3NCC4)ccc2c(=O)[nH]1,1.866494097,test,butina,14,1.6041408423400003,1.3446445250400003,1.3249114070000005,1.6509699212600006
CNc1cc(Nc2cccn(-c3ccccn3)c2=O)nn2c(C(=O)N[C@@H]3C[C@@H]3F)cnc12,0.991226076,train,random,15,,,,
CCOc1cc2nn(CCC(C)(C)O)cc2cc1NC(=O)c1cccc(C(F)F)n1,0.099680641,train,random,15,,,,
CN(c1ncc(F)cn1)[C@H]1CCCNC1,2.0,train,random,15,,,,
CC(C)(Oc1ccc(-c2cnc(N)c(-c3ccc(Cl)cc3)c2)cc1)C(=O)O,-1.158015195,train,random,15,,,,
CC(C)(O)CCn1cc2cc(NC(=O)c3cccc(C(F)(F)F)n3)c(C(C)(C)O)cc2n1,1.015611205,train,random,15,,,,
CC#CC(=O)N[C@H]1CCCN(c2c(F)cc(C(N)=O)c3[nH]c(C)c(C)c23)C1,0.163856803,train,random,15,,,,
COc1ccc(Cl)cc1C(=O)NCCc1ccc(S(=O)(=O)NC(=O)NC2CCCCC2)cc1,-0.91721463,train,random,15,,,,
C=CC(=O)N1CCC[C@@H](n2nc(-c3ccc(Oc4ccccc4)cc3)c3c(N)ncnc32)C1,0.62603,train,random,15,,,,
CC(C)NC(=O)COc1cccc(-c2nc(Nc3ccc4[nH]ncc4c3)c3ccccc3n2)c1,-1.384078213,train,random,15,,,,
CCS(=O)(=O)N1CC(CC#N)(n2cc(-c3ncnc4[nH]ccc34)cn2)C1,1.378597739,train,random,15,,,,
CCCc1cc(N2CCc3c(nc(C4CC4)n3C)C2)n2ncnc2n1,1.677187053,train,random,15,,,,
C=CC(=O)N1C[C@H](Nc2ncnc3[nH]ccc23)CC[C@@H]1C,1.828227965,train,random,15,,,,
Cn1cc(Nc2nccc(N3CC4CCC(C3)N4C(=O)[C@@H]3CC3(F)F)n2)cn1,1.642995934,train,random,15,,,,
[2H]C([2H])([2H])NC(=O)c1nnc(NC(=O)C2CC2)cc1Nc1cccc(-c2ncn(C)n2)c1OC,1.186566481,train,random,15,,,,
C=CC(=O)N1CCC(CNc2ncnc(N)c2-c2ccc(Oc3ccccc3)cc2)CC1,0.752995432,train,random,15,,,,
Nc1n[nH]cc1-c1cc(Cl)ccc1Oc1cc(F)c(S(=O)(=O)Nc2cscn2)cc1Cl,-0.354577731,train,random,15,,,,
Cc1c(-c2c(F)cc(C(N)=O)c3[nH]c4c(c23)CC[C@H](C(C)(C)O)C4)cccc1-n1c(=O)c2cccc(F)c2n(C)c1=O,0.436162647,train,random,15,,,,
Cn1cc(-c2cn3nccc3c(-c3cnn([C@]4(CC#N)C[C@@H](C#N)C4)c3)n2)cn1,1.559583476,train,random,15,,,,
O=C(c1ccc(Oc2ccccc2)cc1Cl)c1c[nH]c2ncnc(N[C@@H]3CC[C@@H](CO)OC3)c12,-0.467245621,train,random,15,,,,
N#CC[C@H](C1CCCC1)n1cc(-c2ncnc3[nH]ccc23)cn1,0.630986911,train,random,15,,,,
CC(C)(C)c1ccc(-c2nc3n(c(=O)c2C#N)CCS3)cc1,0.731266349,train,random,15,,,,
C=CC(=O)Nc1cccc(Oc2nc(Nc3ccc(N4CCN(C)CC4)cc3)nc3ccsc23)c1,-0.049635146,train,random,15,,,,
C=CC(=O)N1CCC([C@@H]2CCNc3c(C(N)=O)c(-c4ccc(Oc5ccccc5)cc4)nn32)CC1,0.968996327,train,random,15,,,,
CC(C)(C=C(C#N)C(=O)N1CCC[C@@H](n2nc(-c3ccc(Oc4ccccc4)cc3F)c3c(N)ncnc32)C1)N1CCN(C2COC2)CC1,0.276231958,train,random,15,,,,
C[C@@H]1c2nnn(-c3ncc(F)cn3)c2CCN1C(=O)c1cccc(C(F)(F)F)c1Cl,0.969089603,train,random,15,,,,
COc1ccccc1-c1cc(NC(=O)c2cccc(N3CCNC3=O)c2)[nH]n1,-0.397940009,train,random,15,,,,
O=C(Nc1cccc(-c2nncn2C2CC2)c1)c1cc(-n2cnc(C3CC3)c2)ccn1,0.262925469,train,random,15,,,,
Fc1ccccc1-c1c[nH]nc1C1CCCN1Cc1ccc2ncccc2c1,0.545801757,train,random,15,,,,
Cc1nccc(-c2cn(Cc3ccccc3)c3cnccc23)n1,1.122707254,train,random,15,,,,
CCc1nc(C)cn2nc(-c3cc(=O)n4cc(C5CCN(C)CC5)cc(C)c4n3)cc12,0.868232868,train,random,15,,,,
Cc1c(Cl)ccc2cc3n(c12)[C@@H](C)CNC3=O,0.328379603,train,random,15,,,,
Nc1ncnc2c1c(-c1ccc(Oc3ccccc3)cc1)nn2[C@@H]1CCCNC1,0.956648579,train,random,15,,,,
Cc1nnc(CN(C)CC(C)Oc2ccc(Cl)c(Cl)c2)n1C,0.926290987,train,random,15,,,,
COc1nn(C)cc1C(=O)Nc1cccc(-c2cnc3n2CCC3)c1,0.866877814,train,random,15,,,,
COc1cc(F)ccc1-c1ncnc(Nc2cccc(C[S@@](C)(=N)=O)c2)n1,1.594922663,train,random,15,,,,
Cc1ccc(C(=O)N2CCC(Cc3ccccc3-c3ccccc3)(C(=O)N(C)C)CC2)s1,-0.293282218,train,random,15,,,,
C[C@@H]1CCN(C(=O)CC#N)C[C@@H]1N(C)c1ncnc2[nH]ccc12,1.991815076,train,random,15,,,,
CN(C)C(=O)C1(Cc2ccccc2-c2ccccc2)CCN(C(=O)C2CCCO2)CC1,0.902546779,train,random,15,,,,
CC(=O)Nc1ccc(C(=O)N2CCCCC2c2nc(N)ncc2-c2ccc(Cl)cc2)cc1,0.596926814,train,random,15,,,,
O=C1NCCN(C(=O)c2ccc3nccn3c2)C1c1ccccc1C(F)(F)F,1.851001366,train,random,15,,,,
Cc1cc(F)ccc1C1C(=O)NCCN1C(=O)c1ccc2nccn2c1,1.78096503,train,random,15,,,,
O=C1NCCN(C(=O)c2ccncc2)C1c1ccccc1Cl,1.876996793,train,random,15,,,,
C[C@H]1CN(C(=O)CC(c2ccccc2)c2ccccc2)C[C@@H](C)O1,1.188253327,train,random,15,,,,
CN1[C@H]2CC[C@@H]1C[C@@H](OC(c1ccccc1)c1ccccc1)C2,1.106122874,train,random,15,,,,
CC(C)(C)C(=O)N1CCC(Cc2ccc(-c3cccs3)cc2)(C(=O)N2CCCC2)CC1,-0.1837587,train,random,15,,,,
OC[C@H](Nc1cncc(-c2ccc3[nH]ncc3n2)c1)c1ccccc1,1.017826038,train,random,15,,,,
Cc1ncsc1C(=O)N1CCCCC1c1nc(N(C)C)ncc1-c1cccc(Cl)c1,-0.083019953,train,random,15,,,,
OCC1CCCCN1Cc1ccc(Cl)c(Cl)c1,1.390069186,train,random,15,,,,
CC(=O)N1CCN(c2nc(C(F)(F)F)nc3sc(C)c(C)c23)CC1,0.13481437,train,random,15,,,,
COc1ccccc1C(=O)Nc1ccc2cc[nH]c2c1,0.505149978,train,random,15,,,,
c1ccc(Oc2cccc(CN(CCN3CCOCC3)Cc3cccnc3)c2)cc1,-0.222573178,train,random,15,,,,
Cc1c(C(=O)NCCCN(C)C)sc2ncnc(Nc3ccc(F)cc3OC(C)C)c12,0.741821047,train,random,15,,,,
OCC1CCCCN1Cc1ccc(-c2ccccc2)cc1,1.368007805,train,random,15,,,,
Nc1ncc(C(=O)NC2CN(C(=O)C3CC3)C2)c2ccc(-c3cccc(F)c3)nc12,0.623352682,train,random,15,,,,
CC1(C)CC(Oc2ccc(-c3ccc(-c4cn[nH]c4)cc3O)nn2)CC(C)(C)N1,1.199947058,train,random,15,,,,
Cc1nnc(-c2ccc3occ(-c4ccc(S(C)=O)cc4)c3c2)o1,0.193402903,train,random,15,,,,
O=C(Nc1ccc2ccccc2n1)c1ccc(N2CCOC2=O)cc1,0.449015316,train,random,15,,,,
O=C(CCNC(=O)c1ccc(OC(F)(F)F)cc1)N[C@@H]1CCCc2ccccc21,0.526080692,train,random,15,,,,
C=CC(=O)Nc1cccc(Oc2nc(Nc3ccc(N4CCN(C)CC4)cc3)nc3ccoc23)c1,0.146128036,train,random,15,,,,
CCN1CCN(S(=O)(=O)Cc2ccc(Cl)c(Cl)c2)CC1,1.249124949,train,random,15,,,,
O=C(Nc1nc2cccc(-c3ccc(CN4CCS(=O)(=O)CC4)cc3)n2n1)C1CC1,1.681349797,train,random,15,,,,
CCn1c(CO)nn(-c2cc(O[C@@H](C)C(F)(F)F)c(C(=O)Nc3c(F)cccc3Cl)cc2F)c1=O,0.975753389,train,random,15,,,,
CCN(C/C=C\c1ccc(C2CCCCC2)c(Cl)c1)C1CCCCC1,-0.853871964,train,random,15,,,,
NCCN1CCN(C/C=C/C(=O)N2CCC[C@@H](n3nc(-c4ccc(Oc5ccccc5)cc4)c4c(N)ncnc43)C2)CC1,0.699837726,train,random,15,,,,
Cn1c(C2CC2)nc2c1CCN(c1ncnc3ccsc13)C2,1.237065953,train,random,15,,,,
CC/C(=C(\c1ccccc1)c1ccc(OCCN(C)C)cc1)c1ccccc1,-0.580044252,train,random,15,,,,
Cc1ncc(CN2CCC(Nc3ccc4nnnn4n3)C(C)C2)s1,1.652285029,train,random,15,,,,
Cc1nc(Nc2nccs2)cc(C2CN(c3ncccn3)C2)n1,0.444669231,train,random,15,,,,
COc1ccc(Nc2c(C#N)cnc3cc(OC)c(OC)cc23)cc1Cl,-0.033858267,train,random,15,,,,
COc1ccc(CCCN2CCN(c3cnn(C)c3)C(=O)C2)cc1F,1.343408594,train,random,15,,,,
Cc1noc(C(C)C)c1C(=O)N1CC(C)OC(c2ccccc2)C1,1.180469962,train,random,15,,,,
CN(Cc1ccccc1)C1(C(=O)N2CCNC(=O)CC2)Cc2ccccc2C1,0.904931827,train,random,15,,,,
Cc1c(F)cccc1NC(=O)CN1[C@H]2CCCC(=O)N[C@@]2(C)C[C@H]1Cc1ccccc1,0.595275712,train,random,15,,,,
CCC1=C(C)CN(C(=O)NCCc2ccc(S(=O)(=O)NC(=O)N[C@H]3CC[C@H](C)CC3)cc2)C1=O,-1.180456064,train,random,15,,,,
O=S(=O)(c1cccc2c(O)nccc12)N1CCCNCC1,1.850223373,train,random,15,,,,
Cc1ccc(NC(=O)CN2[C@H]3CCCC(=O)N[C@@]3(C)C[C@H]2Cc2ccccc2)cc1F,-0.137272472,train,random,15,,,,
CN(C)C(=O)C1(Cc2ccccc2-c2cccc(F)c2)CCN(C(=O)C2CC=CCC2)CC1,-0.104025268,train,random,15,,,,
COCC(=O)N1CCC(Cc2ccccc2-c2cccc(F)c2)(C(=O)NC(C)C)CC1,0.596597096,train,random,15,,,,
COc1ccc(CNC(=O)c2sc3nc(C)cc(C)c3c2N)cc1,-0.356547324,train,random,15,,,,
C#C[C@@](C)(CC)NC(=O)c1cc(F)cnc1NC1CC(F)(F)C1,0.671265433,train,random,15,,,,
Cn1cc(Nc2nc(N)nc(-c3cccc(-n4ccc5cc(C6CC6)cc(F)c5c4=O)c3CO)n2)cn1,0.850401148,train,random,15,,,,
Cc1cnc(C(=O)NCCc2ccc(S(=O)(=O)NC(=O)NC3CCCCC3)cc2)cn1,0.01745073,train,random,15,,,,
CNC(=O)C1(Cc2ccc(-c3cccnc3)cc2)CCN(Cc2ccc(F)cc2)C1,1.021602716,train,random,15,,,,
CC(=O)Nc1ncc(CN2CCCC[C@@H]2C)s1,2.0,train,random,15,,,,
O=C1CCCC[C@@H]2[C@H](C[C@@H](Cc3ccccc3F)N2C(=O)c2cccc3ncccc23)N1,1.277998644,train,random,15,,,,
CCOc1cc(CC(=O)N[C@@H](CC(C)C)c2ccccc2N2CCCCC2)ccc1C(=O)O,0.106870544,train,random,15,,,,
CC(O)(C#Cc1ccc2c(c1)N(c1nc(N)ncc1Cl)CC2)c1nccs1,-0.122628654,train,random,15,,,,
COCCc1noc(CN2CC(c3ccccc3)(c3ccccc3)CCC2=O)n1,1.167051359,train,random,15,,,,
Cc1[nH]nc2c1C1(CCCCC1)CC(=O)N2,1.323066376,train,random,15,,,,
Cc1oc2ccccc2c1CNc1nnc(-c2ccncc2)o1,0.717254313,train,random,15,,,,
O=C(Nc1cccc2ncccc12)[C@H]1CCCN(S(=O)(=O)c2ccccc2)C1,1.222560409,train,random,15,,,,
C[C@@H]1Cc2ccccc2N1C(=O)Cn1nc(-c2cccc3ncccc23)oc1=O,0.224014811,train,random,15,,,,
Nc1ncnc2c1c(-c1cnc3[nH]ccc3c1)nn2C1CCCC1,0.862608364,train,random,15,,,,
CCCCNC(=O)NS(=O)(=O)c1ccc(C)cc1,0.439332694,train,random,15,,,,
Cc1cc(Nc2cnccn2)cc(C2CCCN(CC(=O)N3CCCC3)C2)n1,1.642246824,train,random,15,,,,
CC1(C)CC(=O)C2=C(C1)NC(=O)CC2c1ccc(Br)cc1,1.159236233,train,random,15,,,,
CN1CCN(S(=O)(=O)c2ccc(-c3cnc(N)c(C(=O)Nc4cccnc4)n3)cc2)CC1,1.078638038,train,random,15,,,,
CNC(=O)C1(Cc2ccc(-c3cccnc3)cc2)CCN(Cc2ccccc2Cl)C1,0.387567779,train,random,15,,,,
Cc1cc(N2CCCC2c2cc(CCC(=O)O)cc(C)n2)ncn1,2.0,train,random,15,,,,
CCCNC(=O)NS(=O)(=O)c1ccc(Cl)cc1,0.969835093,train,random,15,,,,
COc1cc2ncnc(Nc3cccc(O)c3)c2cc1OC,0.994317153,train,random,15,,,,
Cc1cc(C)c2c(N)c(C(=O)NCc3ccc(Cl)cc3)sc2n1,-0.370590401,train,random,15,,,,
COc1nc2sc(C(=O)NC3CC3)c(N)c2c(C)c1Cl,0.245512668,train,random,15,,,,
Cc1cc(N2CCCC2)nc(C2CCCN(C)C2)n1,2.0,train,random,15,,,,
O=C1NCCSc2c1sc1ccc(O)cc21,0.891593204,train,random,15,,,,
CCn1cc(C(=O)O)c(=O)c2c(N)c(F)c(NC3CCCCC3)cc21,0.427486109,train,random,15,,,,
C[C@H]1CN(C2COC2)CCN1c1ccc(Nc2cc(-c3ccnc(N4CCn5c(cc6c5CC(C)(C)C6)C4=O)c3CO)cn(C)c2=O)nc1,1.209139536,train,random,15,,,,
C=CC(=O)N(C)CCOc1c(N)ncnc1-c1cc(F)cc(NC(=O)c2ccc(C3CC3)cc2F)c1C,0.838502776,train,random,15,,,,
CC#CC(=O)N1CCC[C@@H]1c1nc(-c2ccc(C(=O)Nc3ccccn3)cc2)c2c(N)nccn12,0.975868182,train,random,15,,,,
CC(=O)NCCNc1cc(Cl)nn2c(-c3cccc(S(=O)(=O)N(C)C)c3)c(C)nc12,0.681693392,train,random,15,,,,
Cc1c[nH]c(=O)n1-c1ccc(C(=O)Nc2ccc3ccccc3n2)cc1,0.639386869,train,random,15,,,,
COc1ccc(OCC(=O)Nc2cccc(Cl)c2N2CCN(C(C)=O)CC2)cc1,0.700790221,train,random,15,,,,
c1ccc(-c2ccc(CN3CCCCCCC3)cc2)cc1,-0.614393726,train,random,15,,,,
CC(=O)N1CCN(c2c(Cl)cccc2NC(=O)COc2ccccc2Cl)CC1,0.256958153,train,random,15,,,,
Cc1ccc(Oc2ccc(Cl)cc2NC(=O)CN(C)CC(=O)N(C)C)cc1,-0.053056729,train,random,15,,,,
CC1(C)Cc2cc(NC(=O)c3cnn4cccnc34)c(OCC3CC3)nc2O1,-0.199970641,train,random,15,,,,
N#Cc1cc(F)c(NS(=O)(=O)c2c[nH]c3cc(Cl)ccc23)cc1F,-0.026872146,train,random,15,,,,
COc1cc2c(cc1OC)CN(CCc1ccc(NC(=O)c3cccc4c(O)c5cccc(OC)c5nc34)cc1)CC2,-1.207608311,train,random,15,,,,
CCCc1nc2nc(C)c(NS(=O)(=O)c3ccc(C4CCCCC4)cc3)c(O)n2n1,-0.218963061,train,random,15,,,,
COc1ccc([C@H]2c3[nH]c4ccc(Cl)cc4c3CCN2C(=O)Oc2ccc(Cl)cc2)cc1,1.51293775,train,random,15,,,,
NC(=O)C1(Cc2ccc(-c3ccncc3)cc2)CCN(C(=O)Cc2cccc(F)c2)CC1,1.006508828,train,random,15,,,,
CC(=O)Nc1ccc(O)cc1,1.887859133,train,random,15,,,,
O=C(NC1CCNCC1)c1ccc2[nH]ncc2c1,1.842696589,train,random,15,,,,
Cc1cccc(/C=N/Nc2cc(N3CCOCC3)nc(OCCc3ccccn3)n2)c1,-0.548213564,train,random,15,,,,
CCn1c(=O)oc2cc(NC(=O)c3ccc(C(C)(C)C)cc3)ccc21,0.21005085,train,random,15,,,,
N#Cc1ccc(COc2cccc(C3CCN(Cc4nc5ccc(C(=O)O)cc5n4C[C@@H]4CCO4)CC3)n2)c(F)c1,0.402433346,train,random,15,,,,
CC(C)[C@H](CO)Nc1nc(Nc2cc(N)cc(Cl)c2)c2ncn(C(C)C)c2n1,-0.061980903,train,random,15,,,,
O=C(NC1CCNCC1)c1ccc2cn[nH]c2c1,2.0,train,random,15,,,,
CC(C)(C)OC(=O)N1CCCC1C(=O)N1CCC(C(=O)N[C@@H](Cc2c[nH]c3ccccc23)C(=O)O)CC1,1.691832676,train,random,15,,,,
O=C(Nc1cccc2c(=O)cc(-c3nnn[nH]3)oc12)c1ccc(OCCCCc2ccccc2)cc1,0.582744966,train,random,15,,,,
CC(=O)Nc1ncc(C(=O)O)s1,1.81935965,train,random,15,,,,
COc1cc2nc(-c3cc(F)ccc3O)nc(N[C@@H]3CNC[C@H]3C(C)(C)O)c2cc1OC.Cl,-1.119186408,train,random,15,,,,
CC(C)[C@@](C)(O)[C@@H]1CN(c2nc(-c3n[nH]c4ncccc34)c(F)cc2Cl)CCN1,1.302460808,train,random,15,,,,
Cc1cn2nc(-c3cc(=O)n4cc(N5CCNC6(CC6)C5)ccc4n3)cc(C)c2n1,0.985246791,train,random,15,,,,
CCCS(=O)(=O)Nc1ccc(F)c(C(=O)c2c[nH]c3ncc(-c4ccc(Cl)cc4)cc23)c1F,-1.59345982,train,random,15,,,,
Cc1ccc(OCC2(O)CCN(CC3(O)CCN(c4ccccc4C)CC3)CC2)cc1,-0.040481623,train,random,15,,,,
CN(C(=O)c1cc(N2CCNC2=O)ccc1F)C1CCNC1,1.885728632,train,random,15,,,,
O=C(Nc1cccc(N2CCNC2=O)c1)C1NCC12CCCC2,1.718202645,train,random,15,,,,
Cn1c(-c2n[nH]c3c2CCCC3)nnc1N1CCC2(CNC(=O)C2)C1,1.792986685,train,random,15,,,,
Cc1nnc(-c2ccc(N3CCC(Oc4ccccc4C(F)(F)F)CC3)nn2)s1,-0.906578315,train,random,15,,,,
O=C(NCCc1ccccc1)c1ccc(NC(=O)N2CCCCc3ccccc32)cc1,0.075911761,train,random,15,,,,
CC(C)(C)c1ccc(C(O)CN2CCC(O)(c3ccc4c(c3)OCO4)CC2)cc1,0.779018972,train,random,15,,,,
CN(C(=O)c1cc(N2CCNC2=O)ccc1F)C1CCC(N)CC1,1.828717885,train,random,15,,,,
NC1CCCC1C(=O)N1CCC(c2c[nH]c3ncccc23)CC1,1.71701274,train,random,15,,,,
NC1CCCC(C(=O)Nc2ccc3[nH]ncc3c2)C1,2.0,train,random,15,,,,
NC1CC(NC(=O)c2ccc(-c3cn[nH]c3)cn2)C12CCC2,1.709702344,train,random,15,,,,
NC1CCCC(C(=O)N2CCC(c3c[nH]c4ncccc34)CC2)C1,1.752816431,train,random,15,,,,
O=C(NC12CCCC1NCC2)c1ccc(-c2cn[nH]c2)cc1,2.0,train,random,15,,,,
CNc1nc(C)cc(C(=O)Nc2ccc3[nH]ncc3c2)n1,1.493625323,train,random,15,,,,
O=C(Nc1ccc(CN2CCCCC2)cc1)c1ccnc2[nH]cnc12,1.767526899,train,random,15,,,,
CCc1c[nH]c2ncnc(N3CCC(CN4CCN(C)CC4)CC3)c12,1.728012707,train,random,15,,,,
NC(=O)c1cnc(N2CCc3[nH]nc(C(F)(F)F)c3C2)c(Cl)c1,0.986009932,train,random,15,,,,
NC1CCCC(C(=O)Nc2cccc(N3CCNC3=O)c2)C1,1.763113391,train,random,15,,,,
CC1CC(N)CCN1C(=O)c1cc(N2CCNC2=O)c(F)cc1F,1.833504094,train,random,15,,,,
c1sc(NCC2CCCO2)nc1C12CC3CC(CC(C3)C1)C2,-1.096910013,train,random,15,,,,
COc1ccc(S(=O)(=O)N2CCC(N3CCC(C)CC3)CC2)cc1,1.729799023,test,random,15,0.9654779806500001,1.0305637733400008,0.61428103439,1.4748856662800005
CCn1c(-c2nonc2N)nc2cnc(Oc3cccc(NC(=O)c4ccc(OCCN5CCOCC5)cc4)c3)cc21,-0.449771647,test,random,15,0.28838935417,0.14174269894000002,0.44812480900999974,0.3313274679099998
Cc1c[nH]c2nccc(Oc3c(F)cc(Nc4cc(Cl)nc(N)n4)cc3F)c12,-1.22184875,test,random,15,0.6546560837700001,0.18121566225000005,0.7123243461799998,0.20238535618999992
COc1cc2c(cc1OC)CC(=O)N(CCCN(C)C[C@H]1Cc3cc(OC)c(OC)cc31)CC2,1.730984039,test,random,15,0.8331648707799998,0.5629769873600001,0.13827307940999997,0.24296457060999976
Fc1ccc(-c2ccc3c(c2)[nH]c2ccncc23)cn1,0.653405491,test,random,15,1.2259114297400007,0.7737601324700003,0.9564147236999999,0.6382979283199998
Nc1c(F)ccc2cnc(-n3ccc4ccncc43)cc12,0.713910354,test,random,15,0.93298188883,0.7215424442200005,0.8891420937000004,0.9039313849500007
CC#CC(=O)N1CC[C@@H](n2c(=O)n(-c3ccc(Oc4ccccc4)cc3)c3c(N)ncnc32)C1,0.935859798,test,random,15,0.6897447699399996,0.5116174851800002,0.5356568078599999,0.8442995177500002
C=CC(=O)N1CCC[C@H](n2c(=O)n(-c3ccc(Oc4ccccc4)cc3)c3c(N)ncnc32)C1,0.983851719,test,random,15,0.6687854295899995,0.63708908084,0.5995641652499999,0.7558626904600001
CC#CC(=O)N1CC[C@@H](n2cc(-c3ccc(Oc4c(F)cccc4F)cc3)c3c(N)n[nH]c(=O)c32)C1,-0.073143291,test,random,15,0.8642429467400007,0.57320605304,0.54101703887,0.50711305404
C=CC(=O)Nc1cccc(Oc2nc(Nc3ccc(N4CCN(C)CC4)c(F)c3)nc3[nH]ccc23)c1,0.039414119,test,random,15,0.6410474640700002,0.25630463368,0.27810662223999993,-0.013115194420000016
Nc1ncc(-c2cccc(C(F)(F)F)c2)c(C2CCCCN2C(=O)c2ccccc2)n1,-0.04431225,test,random,15,0.5718749807999999,0.6876396003599997,0.79368833959,0.36159550102999993
Cc1ncc(CN2CC[C@@H](Nc3cncc(Cl)n3)[C@@H](C)C2)s1,1.205461507,test,random,15,1.1772115209200003,0.9933219544699999,0.8071378896500002,0.5132334131299998
CCc1nc2c(C)cc(N3CCN(CC(=O)N4CC(O)C4)CC3)cn2c1N(C)c1nc(-c2ccc(F)cc2)c(C#N)s1,-0.204728421,test,random,15,0.7219705985200001,0.2631889515899999,0.75839734144,0.3786471117399999
CC(=O)Nc1ccc(C(=O)N2CCCCC2c2nc(N)ncc2-c2cccc(Cl)c2)cc1,0.520483533,test,random,15,0.5420933992000001,0.5952422576899998,0.29944383922999995,0.4736729639399999
O=C1CN(c2ccc(Nc3nccc(C(F)(F)F)n3)cn2)CCN1,1.543819805,test,random,15,1.2399123521400006,1.1173294736100006,1.0974069882400002,1.1931358194800006
COc1ccc([C@H]2CN(C(C)=O)[C@@H]3CCCN(Cc4cccc(F)c4)[C@H]23)cc1,0.595385981,test,random,15,0.8616330554000001,0.72714153649,0.7154237914199999,0.8306371766699998
Cc1ncsc1C(=O)N1CCCCC1c1nc(N)ncc1-c1cccc(C(F)(F)F)c1,0.615318657,test,random,15,0.43321547202999994,0.38813910547999997,0.8687579058300001,0.18093851731000002
O=S(=O)(c1cccc2cnccc12)N1CCCNCC1,1.892077899,test,random,15,1.348040719110001,1.3212841815800007,1.2435111014300007,1.69946978661
COc1nn(C)cc1C(=O)Nc1cccc2cnccc12,1.504729052,test,random,15,0.8244699447300001,0.7688107529500006,0.7707904698100003,1.2290427037300014
CNC(=O)C1(Cc2ccc(-c3ccncc3)cc2)CCN(Cc2cccc(F)c2)C1,1.10503305,test,random,15,0.7915227606199998,0.76492263041,0.8647597626299998,0.8630703508499998
CNC(=O)C1(Cc2ccc(-c3cccnc3)cc2)CCN(Cc2cccc(F)c2)C1,0.829753919,test,random,15,0.7193285829899998,0.8173440580299999,0.8530101586100003,0.8478122991599994
O=C(Nc1cnccc1-c1ccc(Cl)cc1)c1ccnc(NC(=O)C2CC2)c1,0.369957607,test,random,15,0.7382902754299999,0.35508899051999987,0.67823793421,0.36751679967000006
CN1C(N)=N[C@](C)(c2cc(NC(=O)c3ccc(F)cn3)ccc2F)CS1(=O)=O,1.560468571,test,random,15,0.8952823605200002,0.8847733273300001,0.8656228443800005,1.33867250646
CC1CN(C(=O)c2cccnc2N2CCOCC2)CC(c2ccccc2)O1,1.573185017,test,random,15,0.9239916540500002,0.7737995577700001,1.1428576055600006,1.4414306339099996
Cc1cccnc1Nc1cccc(C2CCCN(CC(=O)Nc3nccs3)C2)n1,0.180699201,test,random,15,0.8179640818499995,0.7177715545599994,1.28699502994,0.26457975144
CN(C)C(=O)C1(Cc2ccccc2-c2ccccc2)CCN(C(=O)c2cnn(C)c2)CC1,1.041353202,test,random,15,0.4911409070299997,0.5370128834900001,0.6551450754799998,0.7293947357200002
O=C(CN1CCCC(c2cccc(Cc3cccc(F)c3)n2)C1)N1CCCC1,1.062130535,test,random,15,0.9468781318999993,1.1284118693699996,1.1758529875200003,0.70156224568
COCCNC(=O)c1ccnc(C2CCNCC2)c1,2.0,test,random,15,1.2497602232000005,1.4198895787600005,0.7910547549700001,1.3593010337600004
CC1(CNC(=O)c2cncc(C3CCNCC3)n2)CCCO1,1.988550039,test,random,15,1.3884087735600001,1.5477212763800006,1.4739482866199998,1.69478371277
C=CC(=O)Nc1cccc(Nc2nc(Nc3ccc(Oc4ccnc(C(=O)NC)c4)cc3)ncc2F)c1,-0.403402904,test,random,15,0.5872082217399999,0.2746871900199999,0.5159864339799998,-0.20824298155999993
CNC(=O)c1cccc(NC(=O)N2CCC(Oc3ccccc3Cl)CC2)c1,1.068760828,test,random,15,0.5670110721800001,0.35963369887999996,0.36023547024,0.35317220106999997
CCC(=O)N1CCN(c2ccc(Cl)cc2NC(=O)COc2ccccc2)CC1,0.250420002,test,random,15,0.35953741374000003,0.38728440047999996,0.31909386554999997,0.40901455239999973
COc1ccc(OC[C@@H]2c3cc(OC)c(OC)cc3CCN2C(=O)c2cccc(Cl)c2)cc1,-0.116906641,test,random,15,0.37818778666000014,0.44304903768,0.17766514431999994,0.06925661416
Cc1cccc(-c2nc(C34CCC(C(N)=O)(CC3)CC4)[nH]c2-c2ccc3c(c2)OCO3)n1,1.02011257,test,random,15,1.0818156886300003,0.43659330475000013,0.22358070808000008,0.4559573046300002
Cc1nnc(-c2ccc(N3CCC(Oc4cc(F)ccc4Cl)CC3)nn2)o1,0.161068385,test,random,15,0.5541147875,0.46790423745000004,0.36225468284999995,0.29693855514000006
NCC1CCCC1NC(=O)c1cc(N2CCNC2=O)ccc1F,1.87495702,test,random,15,1.5399836318600004,1.675225372720001,1.5851984402000008,1.8076158870100005
NC[C@H]1CC[C@@H](C(=O)Nc2ccc3[nH]ncc3c2)O1,1.981999714,test,random,15,1.29578498239,1.4946466383099997,1.1671689976200004,1.7260117238099997
NC1CCC(C(=O)N2CCC(c3c[nH]c4ncccc34)CC2)C1,1.917395215,test,random,15,1.614601454940001,1.682248735810001,1.6240259323100008,1.7507893673200017
Cc1nc2cc(C(=O)NC34CCCC3NCC4)ccc2c(=O)[nH]1,1.866494097,test,random,15,1.6303317913400006,1.3748269180600008,0.9339054021499998,1.5964099204299997
CNc1cc(Nc2cccn(-c3ccccn3)c2=O)nn2c(C(=O)N[C@@H]3C[C@@H]3F)cnc12,0.991226076,train,random,16,,,,
CCOc1cc2nn(CCC(C)(C)O)cc2cc1NC(=O)c1cccc(C(F)F)n1,0.099680641,train,random,16,,,,
CN(c1ncc(F)cn1)[C@H]1CCCNC1,2.0,train,random,16,,,,
CC(C)(Oc1ccc(-c2cnc(N)c(-c3ccc(Cl)cc3)c2)cc1)C(=O)O,-1.158015195,train,random,16,,,,
CC#CC(=O)N[C@H]1CCCN(c2c(F)cc(C(N)=O)c3[nH]c(C)c(C)c23)C1,0.163856803,train,random,16,,,,
COc1ccc(Cl)cc1C(=O)NCCc1ccc(S(=O)(=O)NC(=O)NC2CCCCC2)cc1,-0.91721463,train,random,16,,,,
CC(C)NC(=O)COc1cccc(-c2nc(Nc3ccc4[nH]ncc4c3)c3ccccc3n2)c1,-1.384078213,train,random,16,,,,
CCS(=O)(=O)N1CC(CC#N)(n2cc(-c3ncnc4[nH]ccc34)cn2)C1,1.378597739,train,random,16,,,,
COc1ccc(S(=O)(=O)N2CCC(N3CCC(C)CC3)CC2)cc1,1.729799023,train,random,16,,,,
CCn1c(-c2nonc2N)nc2cnc(Oc3cccc(NC(=O)c4ccc(OCCN5CCOCC5)cc4)c3)cc21,-0.449771647,train,random,16,,,,
Cc1c[nH]c2nccc(Oc3c(F)cc(Nc4cc(Cl)nc(N)n4)cc3F)c12,-1.22184875,train,random,16,,,,
COc1cc2c(cc1OC)CC(=O)N(CCCN(C)C[C@H]1Cc3cc(OC)c(OC)cc31)CC2,1.730984039,train,random,16,,,,
CCCc1cc(N2CCc3c(nc(C4CC4)n3C)C2)n2ncnc2n1,1.677187053,train,random,16,,,,
Fc1ccc(-c2ccc3c(c2)[nH]c2ccncc23)cn1,0.653405491,train,random,16,,,,
Nc1c(F)ccc2cnc(-n3ccc4ccncc43)cc12,0.713910354,train,random,16,,,,
C=CC(=O)N1C[C@H](Nc2ncnc3[nH]ccc23)CC[C@@H]1C,1.828227965,train,random,16,,,,
Cn1cc(Nc2nccc(N3CC4CCC(C3)N4C(=O)[C@@H]3CC3(F)F)n2)cn1,1.642995934,train,random,16,,,,
C=CC(=O)N1CCC(CNc2ncnc(N)c2-c2ccc(Oc3ccccc3)cc2)CC1,0.752995432,train,random,16,,,,
Nc1n[nH]cc1-c1cc(Cl)ccc1Oc1cc(F)c(S(=O)(=O)Nc2cscn2)cc1Cl,-0.354577731,train,random,16,,,,
Cc1c(-c2c(F)cc(C(N)=O)c3[nH]c4c(c23)CC[C@H](C(C)(C)O)C4)cccc1-n1c(=O)c2cccc(F)c2n(C)c1=O,0.436162647,train,random,16,,,,
Cn1cc(-c2cn3nccc3c(-c3cnn([C@]4(CC#N)C[C@@H](C#N)C4)c3)n2)cn1,1.559583476,train,random,16,,,,
O=C(c1ccc(Oc2ccccc2)cc1Cl)c1c[nH]c2ncnc(N[C@@H]3CC[C@@H](CO)OC3)c12,-0.467245621,train,random,16,,,,
N#CC[C@H](C1CCCC1)n1cc(-c2ncnc3[nH]ccc23)cn1,0.630986911,train,random,16,,,,
C=CC(=O)Nc1cccc(Oc2nc(Nc3ccc(N4CCN(C)CC4)cc3)nc3ccsc23)c1,-0.049635146,train,random,16,,,,
CC#CC(=O)N1CC[C@@H](n2c(=O)n(-c3ccc(Oc4ccccc4)cc3)c3c(N)ncnc32)C1,0.935859798,train,random,16,,,,
C=CC(=O)N1CCC[C@H](n2c(=O)n(-c3ccc(Oc4ccccc4)cc3)c3c(N)ncnc32)C1,0.983851719,train,random,16,,,,
CC(C)(C=C(C#N)C(=O)N1CCC[C@@H](n2nc(-c3ccc(Oc4ccccc4)cc3F)c3c(N)ncnc32)C1)N1CCN(C2COC2)CC1,0.276231958,train,random,16,,,,
CC#CC(=O)N1CC[C@@H](n2cc(-c3ccc(Oc4c(F)cccc4F)cc3)c3c(N)n[nH]c(=O)c32)C1,-0.073143291,train,random,16,,,,
C=CC(=O)Nc1cccc(Oc2nc(Nc3ccc(N4CCN(C)CC4)c(F)c3)nc3[nH]ccc23)c1,0.039414119,train,random,16,,,,
Nc1ncc(-c2cccc(C(F)(F)F)c2)c(C2CCCCN2C(=O)c2ccccc2)n1,-0.04431225,train,random,16,,,,
O=C(Nc1cccc(-c2nncn2C2CC2)c1)c1cc(-n2cnc(C3CC3)c2)ccn1,0.262925469,train,random,16,,,,
Fc1ccccc1-c1c[nH]nc1C1CCCN1Cc1ccc2ncccc2c1,0.545801757,train,random,16,,,,
CCc1nc(C)cn2nc(-c3cc(=O)n4cc(C5CCN(C)CC5)cc(C)c4n3)cc12,0.868232868,train,random,16,,,,
Cc1c(Cl)ccc2cc3n(c12)[C@@H](C)CNC3=O,0.328379603,train,random,16,,,,
Nc1ncnc2c1c(-c1ccc(Oc3ccccc3)cc1)nn2[C@@H]1CCCNC1,0.956648579,train,random,16,,,,
Cc1nnc(CN(C)CC(C)Oc2ccc(Cl)c(Cl)c2)n1C,0.926290987,train,random,16,,,,
COc1nn(C)cc1C(=O)Nc1cccc(-c2cnc3n2CCC3)c1,0.866877814,train,random,16,,,,
COc1cc(F)ccc1-c1ncnc(Nc2cccc(C[S@@](C)(=N)=O)c2)n1,1.594922663,train,random,16,,,,
Cc1ncc(CN2CC[C@@H](Nc3cncc(Cl)n3)[C@@H](C)C2)s1,1.205461507,train,random,16,,,,
CCc1nc2c(C)cc(N3CCN(CC(=O)N4CC(O)C4)CC3)cn2c1N(C)c1nc(-c2ccc(F)cc2)c(C#N)s1,-0.204728421,train,random,16,,,,
C[C@@H]1CCN(C(=O)CC#N)C[C@@H]1N(C)c1ncnc2[nH]ccc12,1.991815076,train,random,16,,,,
CN(C)C(=O)C1(Cc2ccccc2-c2ccccc2)CCN(C(=O)C2CCCO2)CC1,0.902546779,train,random,16,,,,
CC(=O)Nc1ccc(C(=O)N2CCCCC2c2nc(N)ncc2-c2cccc(Cl)c2)cc1,0.520483533,train,random,16,,,,
O=C1CN(c2ccc(Nc3nccc(C(F)(F)F)n3)cn2)CCN1,1.543819805,train,random,16,,,,
O=C1NCCN(C(=O)c2ccc3nccn3c2)C1c1ccccc1C(F)(F)F,1.851001366,train,random,16,,,,
Cc1cc(F)ccc1C1C(=O)NCCN1C(=O)c1ccc2nccn2c1,1.78096503,train,random,16,,,,
O=C1NCCN(C(=O)c2ccncc2)C1c1ccccc1Cl,1.876996793,train,random,16,,,,
C[C@H]1CN(C(=O)CC(c2ccccc2)c2ccccc2)C[C@@H](C)O1,1.188253327,train,random,16,,,,
CN1[C@H]2CC[C@@H]1C[C@@H](OC(c1ccccc1)c1ccccc1)C2,1.106122874,train,random,16,,,,
CC(C)(C)C(=O)N1CCC(Cc2ccc(-c3cccs3)cc2)(C(=O)N2CCCC2)CC1,-0.1837587,train,random,16,,,,
OC[C@H](Nc1cncc(-c2ccc3[nH]ncc3n2)c1)c1ccccc1,1.017826038,train,random,16,,,,
Cc1ncsc1C(=O)N1CCCCC1c1nc(N(C)C)ncc1-c1cccc(Cl)c1,-0.083019953,train,random,16,,,,
COc1ccccc1C(=O)Nc1ccc2cc[nH]c2c1,0.505149978,train,random,16,,,,
c1ccc(Oc2cccc(CN(CCN3CCOCC3)Cc3cccnc3)c2)cc1,-0.222573178,train,random,16,,,,
COc1ccc([C@H]2CN(C(C)=O)[C@@H]3CCCN(Cc4cccc(F)c4)[C@H]23)cc1,0.595385981,train,random,16,,,,
Cc1c(C(=O)NCCCN(C)C)sc2ncnc(Nc3ccc(F)cc3OC(C)C)c12,0.741821047,train,random,16,,,,
OCC1CCCCN1Cc1ccc(-c2ccccc2)cc1,1.368007805,train,random,16,,,,
Nc1ncc(C(=O)NC2CN(C(=O)C3CC3)C2)c2ccc(-c3cccc(F)c3)nc12,0.623352682,train,random,16,,,,
CC1(C)CC(Oc2ccc(-c3ccc(-c4cn[nH]c4)cc3O)nn2)CC(C)(C)N1,1.199947058,train,random,16,,,,
Cc1nnc(-c2ccc3occ(-c4ccc(S(C)=O)cc4)c3c2)o1,0.193402903,train,random,16,,,,
Cc1ncsc1C(=O)N1CCCCC1c1nc(N)ncc1-c1cccc(C(F)(F)F)c1,0.615318657,train,random,16,,,,
O=C(Nc1ccc2ccccc2n1)c1ccc(N2CCOC2=O)cc1,0.449015316,train,random,16,,,,
O=S(=O)(c1cccc2cnccc12)N1CCCNCC1,1.892077899,train,random,16,,,,
C=CC(=O)Nc1cccc(Oc2nc(Nc3ccc(N4CCN(C)CC4)cc3)nc3ccoc23)c1,0.146128036,train,random,16,,,,
CCN1CCN(S(=O)(=O)Cc2ccc(Cl)c(Cl)c2)CC1,1.249124949,train,random,16,,,,
O=C(Nc1nc2cccc(-c3ccc(CN4CCS(=O)(=O)CC4)cc3)n2n1)C1CC1,1.681349797,train,random,16,,,,
CCn1c(CO)nn(-c2cc(O[C@@H](C)C(F)(F)F)c(C(=O)Nc3c(F)cccc3Cl)cc2F)c1=O,0.975753389,train,random,16,,,,
CCN(C/C=C\c1ccc(C2CCCCC2)c(Cl)c1)C1CCCCC1,-0.853871964,train,random,16,,,,
NCCN1CCN(C/C=C/C(=O)N2CCC[C@@H](n3nc(-c4ccc(Oc5ccccc5)cc4)c4c(N)ncnc43)C2)CC1,0.699837726,train,random,16,,,,
CC/C(=C(\c1ccccc1)c1ccc(OCCN(C)C)cc1)c1ccccc1,-0.580044252,train,random,16,,,,
COc1nn(C)cc1C(=O)Nc1cccc2cnccc12,1.504729052,train,random,16,,,,
CNC(=O)C1(Cc2ccc(-c3ccncc3)cc2)CCN(Cc2cccc(F)c2)C1,1.10503305,train,random,16,,,,
Cc1nc(Nc2nccs2)cc(C2CN(c3ncccn3)C2)n1,0.444669231,train,random,16,,,,
COc1ccc(Nc2c(C#N)cnc3cc(OC)c(OC)cc23)cc1Cl,-0.033858267,train,random,16,,,,
COc1ccc(CCCN2CCN(c3cnn(C)c3)C(=O)C2)cc1F,1.343408594,train,random,16,,,,
CN(Cc1ccccc1)C1(C(=O)N2CCNC(=O)CC2)Cc2ccccc2C1,0.904931827,train,random,16,,,,
Cc1c(F)cccc1NC(=O)CN1[C@H]2CCCC(=O)N[C@@]2(C)C[C@H]1Cc1ccccc1,0.595275712,train,random,16,,,,
Cc1ccc(NC(=O)CN2[C@H]3CCCC(=O)N[C@@]3(C)C[C@H]2Cc2ccccc2)cc1F,-0.137272472,train,random,16,,,,
CN(C)C(=O)C1(Cc2ccccc2-c2cccc(F)c2)CCN(C(=O)C2CC=CCC2)CC1,-0.104025268,train,random,16,,,,
COCC(=O)N1CCC(Cc2ccccc2-c2cccc(F)c2)(C(=O)NC(C)C)CC1,0.596597096,train,random,16,,,,
C#C[C@@](C)(CC)NC(=O)c1cc(F)cnc1NC1CC(F)(F)C1,0.671265433,train,random,16,,,,
Cn1cc(Nc2nc(N)nc(-c3cccc(-n4ccc5cc(C6CC6)cc(F)c5c4=O)c3CO)n2)cn1,0.850401148,train,random,16,,,,
Cc1cnc(C(=O)NCCc2ccc(S(=O)(=O)NC(=O)NC3CCCCC3)cc2)cn1,0.01745073,train,random,16,,,,
CNC(=O)C1(Cc2ccc(-c3cccnc3)cc2)CCN(Cc2ccc(F)cc2)C1,1.021602716,train,random,16,,,,
CNC(=O)C1(Cc2ccc(-c3cccnc3)cc2)CCN(Cc2cccc(F)c2)C1,0.829753919,train,random,16,,,,
CC(=O)Nc1ncc(CN2CCCC[C@@H]2C)s1,2.0,train,random,16,,,,
O=C1CCCC[C@@H]2[C@H](C[C@@H](Cc3ccccc3F)N2C(=O)c2cccc3ncccc23)N1,1.277998644,train,random,16,,,,
CCOc1cc(CC(=O)N[C@@H](CC(C)C)c2ccccc2N2CCCCC2)ccc1C(=O)O,0.106870544,train,random,16,,,,
CC(O)(C#Cc1ccc2c(c1)N(c1nc(N)ncc1Cl)CC2)c1nccs1,-0.122628654,train,random,16,,,,
COCCc1noc(CN2CC(c3ccccc3)(c3ccccc3)CCC2=O)n1,1.167051359,train,random,16,,,,
Cc1oc2ccccc2c1CNc1nnc(-c2ccncc2)o1,0.717254313,train,random,16,,,,
O=C(Nc1cccc2ncccc12)[C@H]1CCCN(S(=O)(=O)c2ccccc2)C1,1.222560409,train,random,16,,,,
C[C@@H]1Cc2ccccc2N1C(=O)Cn1nc(-c2cccc3ncccc23)oc1=O,0.224014811,train,random,16,,,,
Nc1ncnc2c1c(-c1cnc3[nH]ccc3c1)nn2C1CCCC1,0.862608364,train,random,16,,,,
O=C(Nc1cnccc1-c1ccc(Cl)cc1)c1ccnc(NC(=O)C2CC2)c1,0.369957607,train,random,16,,,,
CN1C(N)=N[C@](C)(c2cc(NC(=O)c3ccc(F)cn3)ccc2F)CS1(=O)=O,1.560468571,train,random,16,,,,
CC1CN(C(=O)c2cccnc2N2CCOCC2)CC(c2ccccc2)O1,1.573185017,train,random,16,,,,
CCCCNC(=O)NS(=O)(=O)c1ccc(C)cc1,0.439332694,train,random,16,,,,
Cc1cc(Nc2cnccn2)cc(C2CCCN(CC(=O)N3CCCC3)C2)n1,1.642246824,train,random,16,,,,
Cc1cccnc1Nc1cccc(C2CCCN(CC(=O)Nc3nccs3)C2)n1,0.180699201,train,random,16,,,,
CN(C)C(=O)C1(Cc2ccccc2-c2ccccc2)CCN(C(=O)c2cnn(C)c2)CC1,1.041353202,train,random,16,,,,
CN1CCN(S(=O)(=O)c2ccc(-c3cnc(N)c(C(=O)Nc4cccnc4)n3)cc2)CC1,1.078638038,train,random,16,,,,
CNC(=O)C1(Cc2ccc(-c3cccnc3)cc2)CCN(Cc2ccccc2Cl)C1,0.387567779,train,random,16,,,,
CCCNC(=O)NS(=O)(=O)c1ccc(Cl)cc1,0.969835093,train,random,16,,,,
O=C(CN1CCCC(c2cccc(Cc3cccc(F)c3)n2)C1)N1CCCC1,1.062130535,train,random,16,,,,
COc1cc2ncnc(Nc3cccc(O)c3)c2cc1OC,0.994317153,train,random,16,,,,
Cc1cc(C)c2c(N)c(C(=O)NCc3ccc(Cl)cc3)sc2n1,-0.370590401,train,random,16,,,,
COCCNC(=O)c1ccnc(C2CCNCC2)c1,2.0,train,random,16,,,,
COc1nc2sc(C(=O)NC3CC3)c(N)c2c(C)c1Cl,0.245512668,train,random,16,,,,
CC1(CNC(=O)c2cncc(C3CCNCC3)n2)CCCO1,1.988550039,train,random,16,,,,
Cc1cc(N2CCCC2)nc(C2CCCN(C)C2)n1,2.0,train,random,16,,,,
O=C1NCCSc2c1sc1ccc(O)cc21,0.891593204,train,random,16,,,,
C=CC(=O)Nc1cccc(Nc2nc(Nc3ccc(Oc4ccnc(C(=O)NC)c4)cc3)ncc2F)c1,-0.403402904,train,random,16,,,,
C=CC(=O)N(C)CCOc1c(N)ncnc1-c1cc(F)cc(NC(=O)c2ccc(C3CC3)cc2F)c1C,0.838502776,train,random,16,,,,
CC#CC(=O)N1CCC[C@@H]1c1nc(-c2ccc(C(=O)Nc3ccccn3)cc2)c2c(N)nccn12,0.975868182,train,random,16,,,,
Cc1c[nH]c(=O)n1-c1ccc(C(=O)Nc2ccc3ccccc3n2)cc1,0.639386869,train,random,16,,,,
CNC(=O)c1cccc(NC(=O)N2CCC(Oc3ccccc3Cl)CC2)c1,1.068760828,train,random,16,,,,
COc1ccc(OCC(=O)Nc2cccc(Cl)c2N2CCN(C(C)=O)CC2)cc1,0.700790221,train,random,16,,,,
CC(=O)N1CCN(c2c(Cl)cccc2NC(=O)COc2ccccc2Cl)CC1,0.256958153,train,random,16,,,,
CCC(=O)N1CCN(c2ccc(Cl)cc2NC(=O)COc2ccccc2)CC1,0.250420002,train,random,16,,,,
Cc1ccc(Oc2ccc(Cl)cc2NC(=O)CN(C)CC(=O)N(C)C)cc1,-0.053056729,train,random,16,,,,
CC1(C)Cc2cc(NC(=O)c3cnn4cccnc34)c(OCC3CC3)nc2O1,-0.199970641,train,random,16,,,,
N#Cc1cc(F)c(NS(=O)(=O)c2c[nH]c3cc(Cl)ccc23)cc1F,-0.026872146,train,random,16,,,,
COc1cc2c(cc1OC)CN(CCc1ccc(NC(=O)c3cccc4c(O)c5cccc(OC)c5nc34)cc1)CC2,-1.207608311,train,random,16,,,,
CCCc1nc2nc(C)c(NS(=O)(=O)c3ccc(C4CCCCC4)cc3)c(O)n2n1,-0.218963061,train,random,16,,,,
CCn1c(=O)oc2cc(NC(=O)c3ccc(C(C)(C)C)cc3)ccc21,0.21005085,train,random,16,,,,
COc1ccc(OC[C@@H]2c3cc(OC)c(OC)cc3CCN2C(=O)c2cccc(Cl)c2)cc1,-0.116906641,train,random,16,,,,
N#Cc1ccc(COc2cccc(C3CCN(Cc4nc5ccc(C(=O)O)cc5n4C[C@@H]4CCO4)CC3)n2)c(F)c1,0.402433346,train,random,16,,,,
O=C(NC1CCNCC1)c1ccc2cn[nH]c2c1,2.0,train,random,16,,,,
CC(C)(C)OC(=O)N1CCCC1C(=O)N1CCC(C(=O)N[C@@H](Cc2c[nH]c3ccccc23)C(=O)O)CC1,1.691832676,train,random,16,,,,
Cc1cccc(-c2nc(C34CCC(C(N)=O)(CC3)CC4)[nH]c2-c2ccc3c(c2)OCO3)n1,1.02011257,train,random,16,,,,
COc1cc2nc(-c3cc(F)ccc3O)nc(N[C@@H]3CNC[C@H]3C(C)(C)O)c2cc1OC.Cl,-1.119186408,train,random,16,,,,
CC(C)[C@@](C)(O)[C@@H]1CN(c2nc(-c3n[nH]c4ncccc34)c(F)cc2Cl)CCN1,1.302460808,train,random,16,,,,
Cc1nnc(-c2ccc(N3CCC(Oc4cc(F)ccc4Cl)CC3)nn2)o1,0.161068385,train,random,16,,,,
Cc1cn2nc(-c3cc(=O)n4cc(N5CCNC6(CC6)C5)ccc4n3)cc(C)c2n1,0.985246791,train,random,16,,,,
CCCS(=O)(=O)Nc1ccc(F)c(C(=O)c2c[nH]c3ncc(-c4ccc(Cl)cc4)cc23)c1F,-1.59345982,train,random,16,,,,
CN(C(=O)c1cc(N2CCNC2=O)ccc1F)C1CCNC1,1.885728632,train,random,16,,,,
O=C(Nc1cccc(N2CCNC2=O)c1)C1NCC12CCCC2,1.718202645,train,random,16,,,,
NCC1CCCC1NC(=O)c1cc(N2CCNC2=O)ccc1F,1.87495702,train,random,16,,,,
Cn1c(-c2n[nH]c3c2CCCC3)nnc1N1CCC2(CNC(=O)C2)C1,1.792986685,train,random,16,,,,
Cc1nnc(-c2ccc(N3CCC(Oc4ccccc4C(F)(F)F)CC3)nn2)s1,-0.906578315,train,random,16,,,,
O=C(NCCc1ccccc1)c1ccc(NC(=O)N2CCCCc3ccccc32)cc1,0.075911761,train,random,16,,,,
CC(C)(C)c1ccc(C(O)CN2CCC(O)(c3ccc4c(c3)OCO4)CC2)cc1,0.779018972,train,random,16,,,,
NC[C@H]1CC[C@@H](C(=O)Nc2ccc3[nH]ncc3c2)O1,1.981999714,train,random,16,,,,
CN(C(=O)c1cc(N2CCNC2=O)ccc1F)C1CCC(N)CC1,1.828717885,train,random,16,,,,
NC1CCCC(C(=O)Nc2ccc3[nH]ncc3c2)C1,2.0,train,random,16,,,,
NC1CCC(C(=O)N2CCC(c3c[nH]c4ncccc34)CC2)C1,1.917395215,train,random,16,,,,
NC1CCCC(C(=O)N2CCC(c3c[nH]c4ncccc34)CC2)C1,1.752816431,train,random,16,,,,
Cc1nc2cc(C(=O)NC34CCCC3NCC4)ccc2c(=O)[nH]1,1.866494097,train,random,16,,,,
CNc1nc(C)cc(C(=O)Nc2ccc3[nH]ncc3c2)n1,1.493625323,train,random,16,,,,
O=C(Nc1ccc(CN2CCCCC2)cc1)c1ccnc2[nH]cnc12,1.767526899,train,random,16,,,,
NC(=O)c1cnc(N2CCc3[nH]nc(C(F)(F)F)c3C2)c(Cl)c1,0.986009932,train,random,16,,,,
NC1CCCC(C(=O)Nc2cccc(N3CCNC3=O)c2)C1,1.763113391,train,random,16,,,,
CC1CC(N)CCN1C(=O)c1cc(N2CCNC2=O)c(F)cc1F,1.833504094,train,random,16,,,,
c1sc(NCC2CCCO2)nc1C12CC3CC(CC(C3)C1)C2,-1.096910013,train,random,16,,,,
CC(C)(O)CCn1cc2cc(NC(=O)c3cccc(C(F)(F)F)n3)c(C(C)(C)O)cc2n1,1.015611205,test,random,16,0.8868570814800004,0.48107526576000004,0.2560541276300001,0.23353297950999985
C=CC(=O)N1CCC[C@@H](n2nc(-c3ccc(Oc4ccccc4)cc3)c3c(N)ncnc32)C1,0.62603,test,random,16,0.7885723653099999,0.6382717781599999,0.58495656328,0.37611467378999985
[2H]C([2H])([2H])NC(=O)c1nnc(NC(=O)C2CC2)cc1Nc1cccc(-c2ncn(C)n2)c1OC,1.186566481,test,random,16,0.8990554376799996,0.42515536524000025,0.5733450026200001,0.9713837688999999
CC(C)(C)c1ccc(-c2nc3n(c(=O)c2C#N)CCS3)cc1,0.731266349,test,random,16,0.3871560126300004,0.6999078981500001,0.4458181055900001,0.6240895482200004
C=CC(=O)N1CCC([C@@H]2CCNc3c(C(N)=O)c(-c4ccc(Oc5ccccc5)cc4)nn32)CC1,0.968996327,test,random,16,1.1455714673600008,0.5944673087099998,0.5048667093200001,0.4437770690599999
C[C@@H]1c2nnn(-c3ncc(F)cn3)c2CCN1C(=O)c1cccc(C(F)(F)F)c1Cl,0.969089603,test,random,16,0.7796758411999997,0.8719074016900005,0.5847767079,0.45348912097999994
COc1ccccc1-c1cc(NC(=O)c2cccc(N3CCNC3=O)c2)[nH]n1,-0.397940009,test,random,16,1.2773498358600006,0.5779896731300002,0.8938600726100009,0.7914234798000004
Cc1nccc(-c2cn(Cc3ccccc3)c3cnccc23)n1,1.122707254,test,random,16,0.6266786935800003,0.7893982622899998,0.7578337702400003,0.45351061039
Cc1ccc(C(=O)N2CCC(Cc3ccccc3-c3ccccc3)(C(=O)N(C)C)CC2)s1,-0.293282218,test,random,16,0.5150354600500003,0.48439351741000025,0.4267086841200002,-0.028498376829999995
CC(=O)Nc1ccc(C(=O)N2CCCCC2c2nc(N)ncc2-c2ccc(Cl)cc2)cc1,0.596926814,test,random,16,0.42694719785,0.38622324383999973,0.30151907689000007,0.3393834564599999
OCC1CCCCN1Cc1ccc(Cl)c(Cl)c1,1.390069186,test,random,16,1.0685861685900002,1.1086054000400003,0.68162926849,0.9522400685000004
CC(=O)N1CCN(c2nc(C(F)(F)F)nc3sc(C)c(C)c23)CC1,0.13481437,test,random,16,0.5145603735200003,1.0762561196900007,0.3597246424499999,0.7232043723700003
O=C(CCNC(=O)c1ccc(OC(F)(F)F)cc1)N[C@@H]1CCCc2ccccc21,0.526080692,test,random,16,0.3148539452699999,0.5058817568700001,0.7284715350700001,0.3642946197799998
Cn1c(C2CC2)nc2c1CCN(c1ncnc3ccsc13)C2,1.237065953,test,random,16,0.7278570024499998,1.1170762875700002,0.9878923037000004,0.8783520350100004
Cc1ncc(CN2CCC(Nc3ccc4nnnn4n3)C(C)C2)s1,1.652285029,test,random,16,0.7609309535900002,1.3447912861700007,1.0099397219200004,1.611145714869999
Cc1noc(C(C)C)c1C(=O)N1CC(C)OC(c2ccccc2)C1,1.180469962,test,random,16,0.9725743206799998,0.9061104636700005,1.2550092607000003,0.7331136819200001
CCC1=C(C)CN(C(=O)NCCc2ccc(S(=O)(=O)NC(=O)N[C@H]3CC[C@H](C)CC3)cc2)C1=O,-1.180456064,test,random,16,0.5931785833600004,0.7895712268200004,0.38483368309000004,0.6694398498600006
O=S(=O)(c1cccc2c(O)nccc12)N1CCCNCC1,1.850223373,test,random,16,1.663022344919999,1.3490110635400003,1.3396746150700003,1.6105872853999994
COc1ccc(CNC(=O)c2sc3nc(C)cc(C)c3c2N)cc1,-0.356547324,test,random,16,0.14105729687,0.1469765579,0.31986252018999983,0.2249930554099998
Cc1[nH]nc2c1C1(CCCCC1)CC(=O)N2,1.323066376,test,random,16,1.1152009619299996,1.10367136182,0.8089750736899997,1.7860445219899992
CC1(C)CC(=O)C2=C(C1)NC(=O)CC2c1ccc(Br)cc1,1.159236233,test,random,16,1.1650319564400007,0.8380672541700004,0.61940434242,0.4371058975800002
Cc1cc(N2CCCC2c2cc(CCC(=O)O)cc(C)n2)ncn1,2.0,test,random,16,0.9676854028399997,1.1072117382900004,1.2250934852200002,1.0333491522100007
CCn1cc(C(=O)O)c(=O)c2c(N)c(F)c(NC3CCCCC3)cc21,0.427486109,test,random,16,0.6758952351200003,0.6543961316800003,0.4804024651500003,0.6378742482899998
C[C@H]1CN(C2COC2)CCN1c1ccc(Nc2cc(-c3ccnc(N4CCn5c(cc6c5CC(C)(C)C6)C4=O)c3CO)cn(C)c2=O)nc1,1.209139536,test,random,16,0.81173895924,0.5744662936600001,0.7314722794500003,0.33977594480999995
CC(=O)NCCNc1cc(Cl)nn2c(-c3cccc(S(=O)(=O)N(C)C)c3)c(C)nc12,0.681693392,test,random,16,0.6048315667300002,0.7695372904300001,0.34754530232000014,0.7755726862000002
c1ccc(-c2ccc(CN3CCCCCCC3)cc2)cc1,-0.614393726,test,random,16,0.9181652123200003,0.9615656464900004,0.13903235139000003,0.33360570381000004
COc1ccc([C@H]2c3[nH]c4ccc(Cl)cc4c3CCN2C(=O)Oc2ccc(Cl)cc2)cc1,1.51293775,test,random,16,0.54742860904,0.10884670740000002,0.03958546802,-0.21849550806000015
NC(=O)C1(Cc2ccc(-c3ccncc3)cc2)CCN(C(=O)Cc2cccc(F)c2)CC1,1.006508828,test,random,16,1.00184037459,0.7757486240399999,0.6385899841500001,0.7585777935700004
CC(=O)Nc1ccc(O)cc1,1.887859133,test,random,16,0.7816937832800004,0.9536981410000004,0.4345470421799999,1.2542982437100008
O=C(NC1CCNCC1)c1ccc2[nH]ncc2c1,1.842696589,test,random,16,1.8650595703099997,1.81247354604,1.4565992890100004,1.8184892396199999
Cc1cccc(/C=N/Nc2cc(N3CCOCC3)nc(OCCc3ccccn3)n2)c1,-0.548213564,test,random,16,0.42014115844999994,0.5260713564199999,0.6630541118800002,0.6808646717000002
CC(C)[C@H](CO)Nc1nc(Nc2cc(N)cc(Cl)c2)c2ncn(C(C)C)c2n1,-0.061980903,test,random,16,0.7805566954199996,0.6186771600900003,0.3131980499699998,-0.004605639689999993
O=C(Nc1cccc2c(=O)cc(-c3nnn[nH]3)oc12)c1ccc(OCCCCc2ccccc2)cc1,0.582744966,test,random,16,0.2733623867199999,-0.07528685408000003,0.14745896876,-0.31339563467
CC(=O)Nc1ncc(C(=O)O)s1,1.81935965,test,random,16,0.8666452330800002,1.1309124024000008,0.9111086231900003,1.1509850430000006
Cc1ccc(OCC2(O)CCN(CC3(O)CCN(c4ccccc4C)CC3)CC2)cc1,-0.040481623,test,random,16,0.42681960511999995,0.4924777573299999,0.5150862053699998,0.7230736890800001
NC1CCCC1C(=O)N1CCC(c2c[nH]c3ncccc23)CC1,1.71701274,test,random,16,1.6188897814500007,1.6322836693400007,1.71157831048,1.8371299020400007
NC1CC(NC(=O)c2ccc(-c3cn[nH]c3)cn2)C12CCC2,1.709702344,test,random,16,1.1013629736199995,1.29473761816,1.605458131939999,1.6895184964899992
O=C(NC12CCCC1NCC2)c1ccc(-c2cn[nH]c2)cc1,2.0,test,random,16,1.3227224421200003,1.1604303008000003,1.2490815600600007,1.7404451414599984
CCc1c[nH]c2ncnc(N3CCC(CN4CCN(C)CC4)CC3)c12,1.728012707,test,random,16,1.3156984968899998,1.2223740065099995,1.1350321755199995,1.6048379834100004
CCOc1cc2nn(CCC(C)(C)O)cc2cc1NC(=O)c1cccc(C(F)F)n1,0.099680641,train,random,17,,,,
CC(C)(Oc1ccc(-c2cnc(N)c(-c3ccc(Cl)cc3)c2)cc1)C(=O)O,-1.158015195,train,random,17,,,,
CC(C)(O)CCn1cc2cc(NC(=O)c3cccc(C(F)(F)F)n3)c(C(C)(C)O)cc2n1,1.015611205,train,random,17,,,,
CC#CC(=O)N[C@H]1CCCN(c2c(F)cc(C(N)=O)c3[nH]c(C)c(C)c23)C1,0.163856803,train,random,17,,,,
C=CC(=O)N1CCC[C@@H](n2nc(-c3ccc(Oc4ccccc4)cc3)c3c(N)ncnc32)C1,0.62603,train,random,17,,,,
CC(C)NC(=O)COc1cccc(-c2nc(Nc3ccc4[nH]ncc4c3)c3ccccc3n2)c1,-1.384078213,train,random,17,,,,
CCS(=O)(=O)N1CC(CC#N)(n2cc(-c3ncnc4[nH]ccc34)cn2)C1,1.378597739,train,random,17,,,,
COc1ccc(S(=O)(=O)N2CCC(N3CCC(C)CC3)CC2)cc1,1.729799023,train,random,17,,,,
CCn1c(-c2nonc2N)nc2cnc(Oc3cccc(NC(=O)c4ccc(OCCN5CCOCC5)cc4)c3)cc21,-0.449771647,train,random,17,,,,
Cc1c[nH]c2nccc(Oc3c(F)cc(Nc4cc(Cl)nc(N)n4)cc3F)c12,-1.22184875,train,random,17,,,,
COc1cc2c(cc1OC)CC(=O)N(CCCN(C)C[C@H]1Cc3cc(OC)c(OC)cc31)CC2,1.730984039,train,random,17,,,,
CCCc1cc(N2CCc3c(nc(C4CC4)n3C)C2)n2ncnc2n1,1.677187053,train,random,17,,,,
Fc1ccc(-c2ccc3c(c2)[nH]c2ccncc23)cn1,0.653405491,train,random,17,,,,
Nc1c(F)ccc2cnc(-n3ccc4ccncc43)cc12,0.713910354,train,random,17,,,,
C=CC(=O)N1C[C@H](Nc2ncnc3[nH]ccc23)CC[C@@H]1C,1.828227965,train,random,17,,,,
Cn1cc(Nc2nccc(N3CC4CCC(C3)N4C(=O)[C@@H]3CC3(F)F)n2)cn1,1.642995934,train,random,17,,,,
[2H]C([2H])([2H])NC(=O)c1nnc(NC(=O)C2CC2)cc1Nc1cccc(-c2ncn(C)n2)c1OC,1.186566481,train,random,17,,,,
Nc1n[nH]cc1-c1cc(Cl)ccc1Oc1cc(F)c(S(=O)(=O)Nc2cscn2)cc1Cl,-0.354577731,train,random,17,,,,
Cc1c(-c2c(F)cc(C(N)=O)c3[nH]c4c(c23)CC[C@H](C(C)(C)O)C4)cccc1-n1c(=O)c2cccc(F)c2n(C)c1=O,0.436162647,train,random,17,,,,
O=C(c1ccc(Oc2ccccc2)cc1Cl)c1c[nH]c2ncnc(N[C@@H]3CC[C@@H](CO)OC3)c12,-0.467245621,train,random,17,,,,
CC(C)(C)c1ccc(-c2nc3n(c(=O)c2C#N)CCS3)cc1,0.731266349,train,random,17,,,,
C=CC(=O)Nc1cccc(Oc2nc(Nc3ccc(N4CCN(C)CC4)cc3)nc3ccsc23)c1,-0.049635146,train,random,17,,,,
CC#CC(=O)N1CC[C@@H](n2c(=O)n(-c3ccc(Oc4ccccc4)cc3)c3c(N)ncnc32)C1,0.935859798,train,random,17,,,,
C=CC(=O)N1CCC([C@@H]2CCNc3c(C(N)=O)c(-c4ccc(Oc5ccccc5)cc4)nn32)CC1,0.968996327,train,random,17,,,,
C=CC(=O)N1CCC[C@H](n2c(=O)n(-c3ccc(Oc4ccccc4)cc3)c3c(N)ncnc32)C1,0.983851719,train,random,17,,,,
CC(C)(C=C(C#N)C(=O)N1CCC[C@@H](n2nc(-c3ccc(Oc4ccccc4)cc3F)c3c(N)ncnc32)C1)N1CCN(C2COC2)CC1,0.276231958,train,random,17,,,,
CC#CC(=O)N1CC[C@@H](n2cc(-c3ccc(Oc4c(F)cccc4F)cc3)c3c(N)n[nH]c(=O)c32)C1,-0.073143291,train,random,17,,,,
C=CC(=O)Nc1cccc(Oc2nc(Nc3ccc(N4CCN(C)CC4)c(F)c3)nc3[nH]ccc23)c1,0.039414119,train,random,17,,,,
C[C@@H]1c2nnn(-c3ncc(F)cn3)c2CCN1C(=O)c1cccc(C(F)(F)F)c1Cl,0.969089603,train,random,17,,,,
COc1ccccc1-c1cc(NC(=O)c2cccc(N3CCNC3=O)c2)[nH]n1,-0.397940009,train,random,17,,,,
Nc1ncc(-c2cccc(C(F)(F)F)c2)c(C2CCCCN2C(=O)c2ccccc2)n1,-0.04431225,train,random,17,,,,
O=C(Nc1cccc(-c2nncn2C2CC2)c1)c1cc(-n2cnc(C3CC3)c2)ccn1,0.262925469,train,random,17,,,,
Fc1ccccc1-c1c[nH]nc1C1CCCN1Cc1ccc2ncccc2c1,0.545801757,train,random,17,,,,
Cc1nccc(-c2cn(Cc3ccccc3)c3cnccc23)n1,1.122707254,train,random,17,,,,
CCc1nc(C)cn2nc(-c3cc(=O)n4cc(C5CCN(C)CC5)cc(C)c4n3)cc12,0.868232868,train,random,17,,,,
Nc1ncnc2c1c(-c1ccc(Oc3ccccc3)cc1)nn2[C@@H]1CCCNC1,0.956648579,train,random,17,,,,
Cc1nnc(CN(C)CC(C)Oc2ccc(Cl)c(Cl)c2)n1C,0.926290987,train,random,17,,,,
COc1cc(F)ccc1-c1ncnc(Nc2cccc(C[S@@](C)(=N)=O)c2)n1,1.594922663,train,random,17,,,,
Cc1ncc(CN2CC[C@@H](Nc3cncc(Cl)n3)[C@@H](C)C2)s1,1.205461507,train,random,17,,,,
Cc1ccc(C(=O)N2CCC(Cc3ccccc3-c3ccccc3)(C(=O)N(C)C)CC2)s1,-0.293282218,train,random,17,,,,
CCc1nc2c(C)cc(N3CCN(CC(=O)N4CC(O)C4)CC3)cn2c1N(C)c1nc(-c2ccc(F)cc2)c(C#N)s1,-0.204728421,train,random,17,,,,
C[C@@H]1CCN(C(=O)CC#N)C[C@@H]1N(C)c1ncnc2[nH]ccc12,1.991815076,train,random,17,,,,
CN(C)C(=O)C1(Cc2ccccc2-c2ccccc2)CCN(C(=O)C2CCCO2)CC1,0.902546779,train,random,17,,,,
CC(=O)Nc1ccc(C(=O)N2CCCCC2c2nc(N)ncc2-c2ccc(Cl)cc2)cc1,0.596926814,train,random,17,,,,
CC(=O)Nc1ccc(C(=O)N2CCCCC2c2nc(N)ncc2-c2cccc(Cl)c2)cc1,0.520483533,train,random,17,,,,
O=C1CN(c2ccc(Nc3nccc(C(F)(F)F)n3)cn2)CCN1,1.543819805,train,random,17,,,,
O=C1NCCN(C(=O)c2ccc3nccn3c2)C1c1ccccc1C(F)(F)F,1.851001366,train,random,17,,,,
CN1[C@H]2CC[C@@H]1C[C@@H](OC(c1ccccc1)c1ccccc1)C2,1.106122874,train,random,17,,,,
OC[C@H](Nc1cncc(-c2ccc3[nH]ncc3n2)c1)c1ccccc1,1.017826038,train,random,17,,,,
Cc1ncsc1C(=O)N1CCCCC1c1nc(N(C)C)ncc1-c1cccc(Cl)c1,-0.083019953,train,random,17,,,,
OCC1CCCCN1Cc1ccc(Cl)c(Cl)c1,1.390069186,train,random,17,,,,
CC(=O)N1CCN(c2nc(C(F)(F)F)nc3sc(C)c(C)c23)CC1,0.13481437,train,random,17,,,,
COc1ccccc1C(=O)Nc1ccc2cc[nH]c2c1,0.505149978,train,random,17,,,,
COc1ccc([C@H]2CN(C(C)=O)[C@@H]3CCCN(Cc4cccc(F)c4)[C@H]23)cc1,0.595385981,train,random,17,,,,
Cc1c(C(=O)NCCCN(C)C)sc2ncnc(Nc3ccc(F)cc3OC(C)C)c12,0.741821047,train,random,17,,,,
OCC1CCCCN1Cc1ccc(-c2ccccc2)cc1,1.368007805,train,random,17,,,,
Nc1ncc(C(=O)NC2CN(C(=O)C3CC3)C2)c2ccc(-c3cccc(F)c3)nc12,0.623352682,train,random,17,,,,
CC1(C)CC(Oc2ccc(-c3ccc(-c4cn[nH]c4)cc3O)nn2)CC(C)(C)N1,1.199947058,train,random,17,,,,
Cc1nnc(-c2ccc3occ(-c4ccc(S(C)=O)cc4)c3c2)o1,0.193402903,train,random,17,,,,
Cc1ncsc1C(=O)N1CCCCC1c1nc(N)ncc1-c1cccc(C(F)(F)F)c1,0.615318657,train,random,17,,,,
O=C(Nc1ccc2ccccc2n1)c1ccc(N2CCOC2=O)cc1,0.449015316,train,random,17,,,,
O=C(CCNC(=O)c1ccc(OC(F)(F)F)cc1)N[C@@H]1CCCc2ccccc21,0.526080692,train,random,17,,,,
O=S(=O)(c1cccc2cnccc12)N1CCCNCC1,1.892077899,train,random,17,,,,
C=CC(=O)Nc1cccc(Oc2nc(Nc3ccc(N4CCN(C)CC4)cc3)nc3ccoc23)c1,0.146128036,train,random,17,,,,
CCN1CCN(S(=O)(=O)Cc2ccc(Cl)c(Cl)c2)CC1,1.249124949,train,random,17,,,,
O=C(Nc1nc2cccc(-c3ccc(CN4CCS(=O)(=O)CC4)cc3)n2n1)C1CC1,1.681349797,train,random,17,,,,
CCn1c(CO)nn(-c2cc(O[C@@H](C)C(F)(F)F)c(C(=O)Nc3c(F)cccc3Cl)cc2F)c1=O,0.975753389,train,random,17,,,,
CCN(C/C=C\c1ccc(C2CCCCC2)c(Cl)c1)C1CCCCC1,-0.853871964,train,random,17,,,,
Cn1c(C2CC2)nc2c1CCN(c1ncnc3ccsc13)C2,1.237065953,train,random,17,,,,
CC/C(=C(\c1ccccc1)c1ccc(OCCN(C)C)cc1)c1ccccc1,-0.580044252,train,random,17,,,,
COc1nn(C)cc1C(=O)Nc1cccc2cnccc12,1.504729052,train,random,17,,,,
CNC(=O)C1(Cc2ccc(-c3ccncc3)cc2)CCN(Cc2cccc(F)c2)C1,1.10503305,train,random,17,,,,
Cc1ncc(CN2CCC(Nc3ccc4nnnn4n3)C(C)C2)s1,1.652285029,train,random,17,,,,
Cc1nc(Nc2nccs2)cc(C2CN(c3ncccn3)C2)n1,0.444669231,train,random,17,,,,
COc1ccc(CCCN2CCN(c3cnn(C)c3)C(=O)C2)cc1F,1.343408594,train,random,17,,,,
Cc1noc(C(C)C)c1C(=O)N1CC(C)OC(c2ccccc2)C1,1.180469962,train,random,17,,,,
CN(Cc1ccccc1)C1(C(=O)N2CCNC(=O)CC2)Cc2ccccc2C1,0.904931827,train,random,17,,,,
Cc1c(F)cccc1NC(=O)CN1[C@H]2CCCC(=O)N[C@@]2(C)C[C@H]1Cc1ccccc1,0.595275712,train,random,17,,,,
CCC1=C(C)CN(C(=O)NCCc2ccc(S(=O)(=O)NC(=O)N[C@H]3CC[C@H](C)CC3)cc2)C1=O,-1.180456064,train,random,17,,,,
O=S(=O)(c1cccc2c(O)nccc12)N1CCCNCC1,1.850223373,train,random,17,,,,
Cc1ccc(NC(=O)CN2[C@H]3CCCC(=O)N[C@@]3(C)C[C@H]2Cc2ccccc2)cc1F,-0.137272472,train,random,17,,,,
CN(C)C(=O)C1(Cc2ccccc2-c2cccc(F)c2)CCN(C(=O)C2CC=CCC2)CC1,-0.104025268,train,random,17,,,,
COCC(=O)N1CCC(Cc2ccccc2-c2cccc(F)c2)(C(=O)NC(C)C)CC1,0.596597096,train,random,17,,,,
COc1ccc(CNC(=O)c2sc3nc(C)cc(C)c3c2N)cc1,-0.356547324,train,random,17,,,,
C#C[C@@](C)(CC)NC(=O)c1cc(F)cnc1NC1CC(F)(F)C1,0.671265433,train,random,17,,,,
Cc1cnc(C(=O)NCCc2ccc(S(=O)(=O)NC(=O)NC3CCCCC3)cc2)cn1,0.01745073,train,random,17,,,,
CNC(=O)C1(Cc2ccc(-c3cccnc3)cc2)CCN(Cc2ccc(F)cc2)C1,1.021602716,train,random,17,,,,
CNC(=O)C1(Cc2ccc(-c3cccnc3)cc2)CCN(Cc2cccc(F)c2)C1,0.829753919,train,random,17,,,,
CCOc1cc(CC(=O)N[C@@H](CC(C)C)c2ccccc2N2CCCCC2)ccc1C(=O)O,0.106870544,train,random,17,,,,
CC(O)(C#Cc1ccc2c(c1)N(c1nc(N)ncc1Cl)CC2)c1nccs1,-0.122628654,train,random,17,,,,
COCCc1noc(CN2CC(c3ccccc3)(c3ccccc3)CCC2=O)n1,1.167051359,train,random,17,,,,
Cc1[nH]nc2c1C1(CCCCC1)CC(=O)N2,1.323066376,train,random,17,,,,
O=C(Nc1cccc2ncccc12)[C@H]1CCCN(S(=O)(=O)c2ccccc2)C1,1.222560409,train,random,17,,,,
C[C@@H]1Cc2ccccc2N1C(=O)Cn1nc(-c2cccc3ncccc23)oc1=O,0.224014811,train,random,17,,,,
O=C(Nc1cnccc1-c1ccc(Cl)cc1)c1ccnc(NC(=O)C2CC2)c1,0.369957607,train,random,17,,,,
CN1C(N)=N[C@](C)(c2cc(NC(=O)c3ccc(F)cn3)ccc2F)CS1(=O)=O,1.560468571,train,random,17,,,,
CC1CN(C(=O)c2cccnc2N2CCOCC2)CC(c2ccccc2)O1,1.573185017,train,random,17,,,,
Cc1cccnc1Nc1cccc(C2CCCN(CC(=O)Nc3nccs3)C2)n1,0.180699201,train,random,17,,,,
CN(C)C(=O)C1(Cc2ccccc2-c2ccccc2)CCN(C(=O)c2cnn(C)c2)CC1,1.041353202,train,random,17,,,,
CC1(C)CC(=O)C2=C(C1)NC(=O)CC2c1ccc(Br)cc1,1.159236233,train,random,17,,,,
CNC(=O)C1(Cc2ccc(-c3cccnc3)cc2)CCN(Cc2ccccc2Cl)C1,0.387567779,train,random,17,,,,
Cc1cc(N2CCCC2c2cc(CCC(=O)O)cc(C)n2)ncn1,2.0,train,random,17,,,,
CCCNC(=O)NS(=O)(=O)c1ccc(Cl)cc1,0.969835093,train,random,17,,,,
O=C(CN1CCCC(c2cccc(Cc3cccc(F)c3)n2)C1)N1CCCC1,1.062130535,train,random,17,,,,
COc1cc2ncnc(Nc3cccc(O)c3)c2cc1OC,0.994317153,train,random,17,,,,
Cc1cc(C)c2c(N)c(C(=O)NCc3ccc(Cl)cc3)sc2n1,-0.370590401,train,random,17,,,,
COCCNC(=O)c1ccnc(C2CCNCC2)c1,2.0,train,random,17,,,,
CC1(CNC(=O)c2cncc(C3CCNCC3)n2)CCCO1,1.988550039,train,random,17,,,,
O=C1NCCSc2c1sc1ccc(O)cc21,0.891593204,train,random,17,,,,
CCn1cc(C(=O)O)c(=O)c2c(N)c(F)c(NC3CCCCC3)cc21,0.427486109,train,random,17,,,,
C[C@H]1CN(C2COC2)CCN1c1ccc(Nc2cc(-c3ccnc(N4CCn5c(cc6c5CC(C)(C)C6)C4=O)c3CO)cn(C)c2=O)nc1,1.209139536,train,random,17,,,,
C=CC(=O)Nc1cccc(Nc2nc(Nc3ccc(Oc4ccnc(C(=O)NC)c4)cc3)ncc2F)c1,-0.403402904,train,random,17,,,,
C=CC(=O)N(C)CCOc1c(N)ncnc1-c1cc(F)cc(NC(=O)c2ccc(C3CC3)cc2F)c1C,0.838502776,train,random,17,,,,
CC(=O)NCCNc1cc(Cl)nn2c(-c3cccc(S(=O)(=O)N(C)C)c3)c(C)nc12,0.681693392,train,random,17,,,,
Cc1c[nH]c(=O)n1-c1ccc(C(=O)Nc2ccc3ccccc3n2)cc1,0.639386869,train,random,17,,,,
CNC(=O)c1cccc(NC(=O)N2CCC(Oc3ccccc3Cl)CC2)c1,1.068760828,train,random,17,,,,
COc1ccc(OCC(=O)Nc2cccc(Cl)c2N2CCN(C(C)=O)CC2)cc1,0.700790221,train,random,17,,,,
c1ccc(-c2ccc(CN3CCCCCCC3)cc2)cc1,-0.614393726,train,random,17,,,,
CCC(=O)N1CCN(c2ccc(Cl)cc2NC(=O)COc2ccccc2)CC1,0.250420002,train,random,17,,,,
Cc1ccc(Oc2ccc(Cl)cc2NC(=O)CN(C)CC(=O)N(C)C)cc1,-0.053056729,train,random,17,,,,
CC1(C)Cc2cc(NC(=O)c3cnn4cccnc34)c(OCC3CC3)nc2O1,-0.199970641,train,random,17,,,,
COc1cc2c(cc1OC)CN(CCc1ccc(NC(=O)c3cccc4c(O)c5cccc(OC)c5nc34)cc1)CC2,-1.207608311,train,random,17,,,,
CCCc1nc2nc(C)c(NS(=O)(=O)c3ccc(C4CCCCC4)cc3)c(O)n2n1,-0.218963061,train,random,17,,,,
COc1ccc([C@H]2c3[nH]c4ccc(Cl)cc4c3CCN2C(=O)Oc2ccc(Cl)cc2)cc1,1.51293775,train,random,17,,,,
NC(=O)C1(Cc2ccc(-c3ccncc3)cc2)CCN(C(=O)Cc2cccc(F)c2)CC1,1.006508828,train,random,17,,,,
CC(=O)Nc1ccc(O)cc1,1.887859133,train,random,17,,,,
O=C(NC1CCNCC1)c1ccc2[nH]ncc2c1,1.842696589,train,random,17,,,,
Cc1cccc(/C=N/Nc2cc(N3CCOCC3)nc(OCCc3ccccn3)n2)c1,-0.548213564,train,random,17,,,,
COc1ccc(OC[C@@H]2c3cc(OC)c(OC)cc3CCN2C(=O)c2cccc(Cl)c2)cc1,-0.116906641,train,random,17,,,,
CC(C)[C@H](CO)Nc1nc(Nc2cc(N)cc(Cl)c2)c2ncn(C(C)C)c2n1,-0.061980903,train,random,17,,,,
O=C(NC1CCNCC1)c1ccc2cn[nH]c2c1,2.0,train,random,17,,,,
CC(C)(C)OC(=O)N1CCCC1C(=O)N1CCC(C(=O)N[C@@H](Cc2c[nH]c3ccccc23)C(=O)O)CC1,1.691832676,train,random,17,,,,
O=C(Nc1cccc2c(=O)cc(-c3nnn[nH]3)oc12)c1ccc(OCCCCc2ccccc2)cc1,0.582744966,train,random,17,,,,
CC(=O)Nc1ncc(C(=O)O)s1,1.81935965,train,random,17,,,,
Cc1cccc(-c2nc(C34CCC(C(N)=O)(CC3)CC4)[nH]c2-c2ccc3c(c2)OCO3)n1,1.02011257,train,random,17,,,,
COc1cc2nc(-c3cc(F)ccc3O)nc(N[C@@H]3CNC[C@H]3C(C)(C)O)c2cc1OC.Cl,-1.119186408,train,random,17,,,,
Cc1nnc(-c2ccc(N3CCC(Oc4cc(F)ccc4Cl)CC3)nn2)o1,0.161068385,train,random,17,,,,
Cc1cn2nc(-c3cc(=O)n4cc(N5CCNC6(CC6)C5)ccc4n3)cc(C)c2n1,0.985246791,train,random,17,,,,
CCCS(=O)(=O)Nc1ccc(F)c(C(=O)c2c[nH]c3ncc(-c4ccc(Cl)cc4)cc23)c1F,-1.59345982,train,random,17,,,,
Cc1ccc(OCC2(O)CCN(CC3(O)CCN(c4ccccc4C)CC3)CC2)cc1,-0.040481623,train,random,17,,,,
CN(C(=O)c1cc(N2CCNC2=O)ccc1F)C1CCNC1,1.885728632,train,random,17,,,,
NCC1CCCC1NC(=O)c1cc(N2CCNC2=O)ccc1F,1.87495702,train,random,17,,,,
Cc1nnc(-c2ccc(N3CCC(Oc4ccccc4C(F)(F)F)CC3)nn2)s1,-0.906578315,train,random,17,,,,
CC(C)(C)c1ccc(C(O)CN2CCC(O)(c3ccc4c(c3)OCO4)CC2)cc1,0.779018972,train,random,17,,,,
NC[C@H]1CC[C@@H](C(=O)Nc2ccc3[nH]ncc3c2)O1,1.981999714,train,random,17,,,,
CN(C(=O)c1cc(N2CCNC2=O)ccc1F)C1CCC(N)CC1,1.828717885,train,random,17,,,,
NC1CCCC1C(=O)N1CCC(c2c[nH]c3ncccc23)CC1,1.71701274,train,random,17,,,,
NC1CC(NC(=O)c2ccc(-c3cn[nH]c3)cn2)C12CCC2,1.709702344,train,random,17,,,,
NC1CCC(C(=O)N2CCC(c3c[nH]c4ncccc34)CC2)C1,1.917395215,train,random,17,,,,
O=C(NC12CCCC1NCC2)c1ccc(-c2cn[nH]c2)cc1,2.0,train,random,17,,,,
Cc1nc2cc(C(=O)NC34CCCC3NCC4)ccc2c(=O)[nH]1,1.866494097,train,random,17,,,,
CCc1c[nH]c2ncnc(N3CCC(CN4CCN(C)CC4)CC3)c12,1.728012707,train,random,17,,,,
NC(=O)c1cnc(N2CCc3[nH]nc(C(F)(F)F)c3C2)c(Cl)c1,0.986009932,train,random,17,,,,
NC1CCCC(C(=O)Nc2cccc(N3CCNC3=O)c2)C1,1.763113391,train,random,17,,,,
c1sc(NCC2CCCO2)nc1C12CC3CC(CC(C3)C1)C2,-1.096910013,train,random,17,,,,
CNc1cc(Nc2cccn(-c3ccccn3)c2=O)nn2c(C(=O)N[C@@H]3C[C@@H]3F)cnc12,0.991226076,test,random,17,0.16850319617999998,0.3654559226400002,0.5937724597800003,0.9612779519300004
CN(c1ncc(F)cn1)[C@H]1CCCNC1,2.0,test,random,17,1.4805263068100007,1.4345128407700003,1.18101505367,1.6986170679000003
COc1ccc(Cl)cc1C(=O)NCCc1ccc(S(=O)(=O)NC(=O)NC2CCCCC2)cc1,-0.91721463,test,random,17,0.20517611412999995,-0.11145959882999995,0.4935093768699999,0.15677374095000002
C=CC(=O)N1CCC(CNc2ncnc(N)c2-c2ccc(Oc3ccccc3)cc2)CC1,0.752995432,test,random,17,0.4709601640000002,0.2558877036099999,0.28183042394999996,0.3733794450900001
Cn1cc(-c2cn3nccc3c(-c3cnn([C@]4(CC#N)C[C@@H](C#N)C4)c3)n2)cn1,1.559583476,test,random,17,0.9275526031399995,0.6950367066500004,0.39903784623,1.246292721539999
N#CC[C@H](C1CCCC1)n1cc(-c2ncnc3[nH]ccc23)cn1,0.630986911,test,random,17,1.45228579456,1.3213315668999999,0.5958091618600001,0.7394627316000004
Cc1c(Cl)ccc2cc3n(c12)[C@@H](C)CNC3=O,0.328379603,test,random,17,0.9583211312500007,1.0742161219500002,0.7722408720400005,0.7338358152000006
COc1nn(C)cc1C(=O)Nc1cccc(-c2cnc3n2CCC3)c1,0.866877814,test,random,17,1.1668287159900008,0.9068057308300004,0.8149395858900005,1.3691205897099996
Cc1cc(F)ccc1C1C(=O)NCCN1C(=O)c1ccc2nccn2c1,1.78096503,test,random,17,1.1726000752600008,1.1830971846499998,1.3148476085400005,1.6550879539499996
O=C1NCCN(C(=O)c2ccncc2)C1c1ccccc1Cl,1.876996793,test,random,17,1.28543154536,1.1581052011000004,1.2889081554100001,1.4398683709500006
C[C@H]1CN(C(=O)CC(c2ccccc2)c2ccccc2)C[C@@H](C)O1,1.188253327,test,random,17,1.1119723371099999,0.6363442034699999,0.7919063473,0.9329080542900001
CC(C)(C)C(=O)N1CCC(Cc2ccc(-c3cccs3)cc2)(C(=O)N2CCCC2)CC1,-0.1837587,test,random,17,0.7610423604000002,0.6026132692700001,0.6636461407900002,0.21397837941999978
c1ccc(Oc2cccc(CN(CCN3CCOCC3)Cc3cccnc3)c2)cc1,-0.222573178,test,random,17,0.5250085926300003,0.18816752842000006,0.5747379346700003,0.5333955174100001
NCCN1CCN(C/C=C/C(=O)N2CCC[C@@H](n3nc(-c4ccc(Oc5ccccc5)cc4)c4c(N)ncnc43)C2)CC1,0.699837726,test,random,17,0.5027735366,0.3343957026,0.3079144376099999,0.4285617499099999
COc1ccc(Nc2c(C#N)cnc3cc(OC)c(OC)cc23)cc1Cl,-0.033858267,test,random,17,0.7881032076300002,0.35141110100000006,0.020932789779999995,0.012198434739999993
Cn1cc(Nc2nc(N)nc(-c3cccc(-n4ccc5cc(C6CC6)cc(F)c5c4=O)c3CO)n2)cn1,0.850401148,test,random,17,0.8471174917800003,0.32837425745999993,0.4965121481900001,0.26636849022
CC(=O)Nc1ncc(CN2CCCC[C@@H]2C)s1,2.0,test,random,17,1.4911071280599992,1.2926500538999997,0.6651815506500002,1.5323627114900007
O=C1CCCC[C@@H]2[C@H](C[C@@H](Cc3ccccc3F)N2C(=O)c2cccc3ncccc23)N1,1.277998644,test,random,17,1.0552303361999993,0.48468440654000006,0.8867602969500001,0.6218799703200001
Cc1oc2ccccc2c1CNc1nnc(-c2ccncc2)o1,0.717254313,test,random,17,0.6161102381000003,0.5800397706299999,0.69852245448,0.4802278829699999
Nc1ncnc2c1c(-c1cnc3[nH]ccc3c1)nn2C1CCCC1,0.862608364,test,random,17,1.1705981432700006,0.9611408924599998,0.6226199433100001,0.5463788067500001
CCCCNC(=O)NS(=O)(=O)c1ccc(C)cc1,0.439332694,test,random,17,0.67588249684,0.7877580200200001,0.6135200992700001,1.4826273028
Cc1cc(Nc2cnccn2)cc(C2CCCN(CC(=O)N3CCCC3)C2)n1,1.642246824,test,random,17,0.8554980787499994,1.06231527671,0.8527347222699998,1.2979781290799997
CN1CCN(S(=O)(=O)c2ccc(-c3cnc(N)c(C(=O)Nc4cccnc4)n3)cc2)CC1,1.078638038,test,random,17,0.2595235775400001,0.5088157060700002,0.8543513727000002,0.9401372963699997
COc1nc2sc(C(=O)NC3CC3)c(N)c2c(C)c1Cl,0.245512668,test,random,17,0.6577371655200004,0.8350517403900001,0.39871449483,1.16077321496
Cc1cc(N2CCCC2)nc(C2CCCN(C)C2)n1,2.0,test,random,17,0.8436019411300001,1.3493952122400006,1.0589563560500002,1.7390585522000006
CC#CC(=O)N1CCC[C@@H]1c1nc(-c2ccc(C(=O)Nc3ccccn3)cc2)c2c(N)nccn12,0.975868182,test,random,17,0.6968624683400004,0.40062888848,0.8246922672699999,0.32292033560999994
CC(=O)N1CCN(c2c(Cl)cccc2NC(=O)COc2ccccc2Cl)CC1,0.256958153,test,random,17,0.8107467182200003,0.47001244059999986,0.3398507098599998,0.44139489783999963
N#Cc1cc(F)c(NS(=O)(=O)c2c[nH]c3cc(Cl)ccc23)cc1F,-0.026872146,test,random,17,0.5133394563800002,0.5739044032600003,0.7892802276700003,0.4459191384899999
CCn1c(=O)oc2cc(NC(=O)c3ccc(C(C)(C)C)cc3)ccc21,0.21005085,test,random,17,0.9357690114100002,0.5987532201300002,0.70665686978,0.3918615508800002
N#Cc1ccc(COc2cccc(C3CCN(Cc4nc5ccc(C(=O)O)cc5n4C[C@@H]4CCO4)CC3)n2)c(F)c1,0.402433346,test,random,17,0.8822317642699999,0.26714840768000003,0.08670625395000002,-0.025628464989999954
CC(C)[C@@](C)(O)[C@@H]1CN(c2nc(-c3n[nH]c4ncccc34)c(F)cc2Cl)CCN1,1.302460808,test,random,17,0.8439029724400006,0.68504938346,0.9181303701000002,0.24339262811999995
O=C(Nc1cccc(N2CCNC2=O)c1)C1NCC12CCCC2,1.718202645,test,random,17,1.4420826786300003,1.5885156562500007,1.3908173632199998,1.7501941672499988
Cn1c(-c2n[nH]c3c2CCCC3)nnc1N1CCC2(CNC(=O)C2)C1,1.792986685,test,random,17,0.5734981976000003,1.3945343426000003,1.2199121569300002,1.5469900571000001
O=C(NCCc1ccccc1)c1ccc(NC(=O)N2CCCCc3ccccc32)cc1,0.075911761,test,random,17,0.7419738919400003,0.18864747085,0.4187100533500002,-0.023911956129999995
NC1CCCC(C(=O)Nc2ccc3[nH]ncc3c2)C1,2.0,test,random,17,1.53434932771,1.3520374115500007,1.5791894317500004,1.8277700116
NC1CCCC(C(=O)N2CCC(c3c[nH]c4ncccc34)CC2)C1,1.752816431,test,random,17,1.6407899197300002,1.4597284695400001,1.5883286273000004,1.6871253071300012
CNc1nc(C)cc(C(=O)Nc2ccc3[nH]ncc3c2)n1,1.493625323,test,random,17,0.7655904223199999,1.1670966642100007,1.1372947374700004,1.4876178929400004
O=C(Nc1ccc(CN2CCCCC2)cc1)c1ccnc2[nH]cnc12,1.767526899,test,random,17,0.85534623746,0.8682515050400003,0.8672892255800001,0.6422666749900001
CC1CC(N)CCN1C(=O)c1cc(N2CCNC2=O)c(F)cc1F,1.833504094,test,random,17,1.5418115295200008,1.3902733582599995,1.2403790964899999,1.7684818213000006
CNc1cc(Nc2cccn(-c3ccccn3)c2=O)nn2c(C(=O)N[C@@H]3C[C@@H]3F)cnc12,0.991226076,train,random,18,,,,
CCOc1cc2nn(CCC(C)(C)O)cc2cc1NC(=O)c1cccc(C(F)F)n1,0.099680641,train,random,18,,,,
CN(c1ncc(F)cn1)[C@H]1CCCNC1,2.0,train,random,18,,,,
CC(C)(O)CCn1cc2cc(NC(=O)c3cccc(C(F)(F)F)n3)c(C(C)(C)O)cc2n1,1.015611205,train,random,18,,,,
CC#CC(=O)N[C@H]1CCCN(c2c(F)cc(C(N)=O)c3[nH]c(C)c(C)c23)C1,0.163856803,train,random,18,,,,
COc1ccc(Cl)cc1C(=O)NCCc1ccc(S(=O)(=O)NC(=O)NC2CCCCC2)cc1,-0.91721463,train,random,18,,,,
C=CC(=O)N1CCC[C@@H](n2nc(-c3ccc(Oc4ccccc4)cc3)c3c(N)ncnc32)C1,0.62603,train,random,18,,,,
CC(C)NC(=O)COc1cccc(-c2nc(Nc3ccc4[nH]ncc4c3)c3ccccc3n2)c1,-1.384078213,train,random,18,,,,
CCS(=O)(=O)N1CC(CC#N)(n2cc(-c3ncnc4[nH]ccc34)cn2)C1,1.378597739,train,random,18,,,,
COc1ccc(S(=O)(=O)N2CCC(N3CCC(C)CC3)CC2)cc1,1.729799023,train,random,18,,,,
CCn1c(-c2nonc2N)nc2cnc(Oc3cccc(NC(=O)c4ccc(OCCN5CCOCC5)cc4)c3)cc21,-0.449771647,train,random,18,,,,
Cc1c[nH]c2nccc(Oc3c(F)cc(Nc4cc(Cl)nc(N)n4)cc3F)c12,-1.22184875,train,random,18,,,,
COc1cc2c(cc1OC)CC(=O)N(CCCN(C)C[C@H]1Cc3cc(OC)c(OC)cc31)CC2,1.730984039,train,random,18,,,,
Fc1ccc(-c2ccc3c(c2)[nH]c2ccncc23)cn1,0.653405491,train,random,18,,,,
Nc1c(F)ccc2cnc(-n3ccc4ccncc43)cc12,0.713910354,train,random,18,,,,
C=CC(=O)N1C[C@H](Nc2ncnc3[nH]ccc23)CC[C@@H]1C,1.828227965,train,random,18,,,,
[2H]C([2H])([2H])NC(=O)c1nnc(NC(=O)C2CC2)cc1Nc1cccc(-c2ncn(C)n2)c1OC,1.186566481,train,random,18,,,,
C=CC(=O)N1CCC(CNc2ncnc(N)c2-c2ccc(Oc3ccccc3)cc2)CC1,0.752995432,train,random,18,,,,
Cn1cc(-c2cn3nccc3c(-c3cnn([C@]4(CC#N)C[C@@H](C#N)C4)c3)n2)cn1,1.559583476,train,random,18,,,,
O=C(c1ccc(Oc2ccccc2)cc1Cl)c1c[nH]c2ncnc(N[C@@H]3CC[C@@H](CO)OC3)c12,-0.467245621,train,random,18,,,,
N#CC[C@H](C1CCCC1)n1cc(-c2ncnc3[nH]ccc23)cn1,0.630986911,train,random,18,,,,
CC(C)(C)c1ccc(-c2nc3n(c(=O)c2C#N)CCS3)cc1,0.731266349,train,random,18,,,,
CC#CC(=O)N1CC[C@@H](n2c(=O)n(-c3ccc(Oc4ccccc4)cc3)c3c(N)ncnc32)C1,0.935859798,train,random,18,,,,
C=CC(=O)N1CCC([C@@H]2CCNc3c(C(N)=O)c(-c4ccc(Oc5ccccc5)cc4)nn32)CC1,0.968996327,train,random,18,,,,
C=CC(=O)N1CCC[C@H](n2c(=O)n(-c3ccc(Oc4ccccc4)cc3)c3c(N)ncnc32)C1,0.983851719,train,random,18,,,,
CC(C)(C=C(C#N)C(=O)N1CCC[C@@H](n2nc(-c3ccc(Oc4ccccc4)cc3F)c3c(N)ncnc32)C1)N1CCN(C2COC2)CC1,0.276231958,train,random,18,,,,
CC#CC(=O)N1CC[C@@H](n2cc(-c3ccc(Oc4c(F)cccc4F)cc3)c3c(N)n[nH]c(=O)c32)C1,-0.073143291,train,random,18,,,,
C=CC(=O)Nc1cccc(Oc2nc(Nc3ccc(N4CCN(C)CC4)c(F)c3)nc3[nH]ccc23)c1,0.039414119,train,random,18,,,,
C[C@@H]1c2nnn(-c3ncc(F)cn3)c2CCN1C(=O)c1cccc(C(F)(F)F)c1Cl,0.969089603,train,random,18,,,,
COc1ccccc1-c1cc(NC(=O)c2cccc(N3CCNC3=O)c2)[nH]n1,-0.397940009,train,random,18,,,,
Nc1ncc(-c2cccc(C(F)(F)F)c2)c(C2CCCCN2C(=O)c2ccccc2)n1,-0.04431225,train,random,18,,,,
O=C(Nc1cccc(-c2nncn2C2CC2)c1)c1cc(-n2cnc(C3CC3)c2)ccn1,0.262925469,train,random,18,,,,
Fc1ccccc1-c1c[nH]nc1C1CCCN1Cc1ccc2ncccc2c1,0.545801757,train,random,18,,,,
Cc1nccc(-c2cn(Cc3ccccc3)c3cnccc23)n1,1.122707254,train,random,18,,,,
Cc1c(Cl)ccc2cc3n(c12)[C@@H](C)CNC3=O,0.328379603,train,random,18,,,,
Cc1nnc(CN(C)CC(C)Oc2ccc(Cl)c(Cl)c2)n1C,0.926290987,train,random,18,,,,
COc1nn(C)cc1C(=O)Nc1cccc(-c2cnc3n2CCC3)c1,0.866877814,train,random,18,,,,
Cc1ncc(CN2CC[C@@H](Nc3cncc(Cl)n3)[C@@H](C)C2)s1,1.205461507,train,random,18,,,,
Cc1ccc(C(=O)N2CCC(Cc3ccccc3-c3ccccc3)(C(=O)N(C)C)CC2)s1,-0.293282218,train,random,18,,,,
CCc1nc2c(C)cc(N3CCN(CC(=O)N4CC(O)C4)CC3)cn2c1N(C)c1nc(-c2ccc(F)cc2)c(C#N)s1,-0.204728421,train,random,18,,,,
CC(=O)Nc1ccc(C(=O)N2CCCCC2c2nc(N)ncc2-c2ccc(Cl)cc2)cc1,0.596926814,train,random,18,,,,
CC(=O)Nc1ccc(C(=O)N2CCCCC2c2nc(N)ncc2-c2cccc(Cl)c2)cc1,0.520483533,train,random,18,,,,
O=C1CN(c2ccc(Nc3nccc(C(F)(F)F)n3)cn2)CCN1,1.543819805,train,random,18,,,,
Cc1cc(F)ccc1C1C(=O)NCCN1C(=O)c1ccc2nccn2c1,1.78096503,train,random,18,,,,
O=C1NCCN(C(=O)c2ccncc2)C1c1ccccc1Cl,1.876996793,train,random,18,,,,
C[C@H]1CN(C(=O)CC(c2ccccc2)c2ccccc2)C[C@@H](C)O1,1.188253327,train,random,18,,,,
CC(C)(C)C(=O)N1CCC(Cc2ccc(-c3cccs3)cc2)(C(=O)N2CCCC2)CC1,-0.1837587,train,random,18,,,,
OC[C@H](Nc1cncc(-c2ccc3[nH]ncc3n2)c1)c1ccccc1,1.017826038,train,random,18,,,,
OCC1CCCCN1Cc1ccc(Cl)c(Cl)c1,1.390069186,train,random,18,,,,
CC(=O)N1CCN(c2nc(C(F)(F)F)nc3sc(C)c(C)c23)CC1,0.13481437,train,random,18,,,,
c1ccc(Oc2cccc(CN(CCN3CCOCC3)Cc3cccnc3)c2)cc1,-0.222573178,train,random,18,,,,
COc1ccc([C@H]2CN(C(C)=O)[C@@H]3CCCN(Cc4cccc(F)c4)[C@H]23)cc1,0.595385981,train,random,18,,,,
OCC1CCCCN1Cc1ccc(-c2ccccc2)cc1,1.368007805,train,random,18,,,,
CC1(C)CC(Oc2ccc(-c3ccc(-c4cn[nH]c4)cc3O)nn2)CC(C)(C)N1,1.199947058,train,random,18,,,,
Cc1ncsc1C(=O)N1CCCCC1c1nc(N)ncc1-c1cccc(C(F)(F)F)c1,0.615318657,train,random,18,,,,
O=C(CCNC(=O)c1ccc(OC(F)(F)F)cc1)N[C@@H]1CCCc2ccccc21,0.526080692,train,random,18,,,,
O=S(=O)(c1cccc2cnccc12)N1CCCNCC1,1.892077899,train,random,18,,,,
CCN1CCN(S(=O)(=O)Cc2ccc(Cl)c(Cl)c2)CC1,1.249124949,train,random,18,,,,
O=C(Nc1nc2cccc(-c3ccc(CN4CCS(=O)(=O)CC4)cc3)n2n1)C1CC1,1.681349797,train,random,18,,,,
CCn1c(CO)nn(-c2cc(O[C@@H](C)C(F)(F)F)c(C(=O)Nc3c(F)cccc3Cl)cc2F)c1=O,0.975753389,train,random,18,,,,
NCCN1CCN(C/C=C/C(=O)N2CCC[C@@H](n3nc(-c4ccc(Oc5ccccc5)cc4)c4c(N)ncnc43)C2)CC1,0.699837726,train,random,18,,,,
Cn1c(C2CC2)nc2c1CCN(c1ncnc3ccsc13)C2,1.237065953,train,random,18,,,,
COc1nn(C)cc1C(=O)Nc1cccc2cnccc12,1.504729052,train,random,18,,,,
CNC(=O)C1(Cc2ccc(-c3ccncc3)cc2)CCN(Cc2cccc(F)c2)C1,1.10503305,train,random,18,,,,
Cc1ncc(CN2CCC(Nc3ccc4nnnn4n3)C(C)C2)s1,1.652285029,train,random,18,,,,
Cc1nc(Nc2nccs2)cc(C2CN(c3ncccn3)C2)n1,0.444669231,train,random,18,,,,
COc1ccc(Nc2c(C#N)cnc3cc(OC)c(OC)cc23)cc1Cl,-0.033858267,train,random,18,,,,
Cc1noc(C(C)C)c1C(=O)N1CC(C)OC(c2ccccc2)C1,1.180469962,train,random,18,,,,
CN(Cc1ccccc1)C1(C(=O)N2CCNC(=O)CC2)Cc2ccccc2C1,0.904931827,train,random,18,,,,
Cc1c(F)cccc1NC(=O)CN1[C@H]2CCCC(=O)N[C@@]2(C)C[C@H]1Cc1ccccc1,0.595275712,train,random,18,,,,
CCC1=C(C)CN(C(=O)NCCc2ccc(S(=O)(=O)NC(=O)N[C@H]3CC[C@H](C)CC3)cc2)C1=O,-1.180456064,train,random,18,,,,
O=S(=O)(c1cccc2c(O)nccc12)N1CCCNCC1,1.850223373,train,random,18,,,,
CN(C)C(=O)C1(Cc2ccccc2-c2cccc(F)c2)CCN(C(=O)C2CC=CCC2)CC1,-0.104025268,train,random,18,,,,
COc1ccc(CNC(=O)c2sc3nc(C)cc(C)c3c2N)cc1,-0.356547324,train,random,18,,,,
C#C[C@@](C)(CC)NC(=O)c1cc(F)cnc1NC1CC(F)(F)C1,0.671265433,train,random,18,,,,
Cn1cc(Nc2nc(N)nc(-c3cccc(-n4ccc5cc(C6CC6)cc(F)c5c4=O)c3CO)n2)cn1,0.850401148,train,random,18,,,,
CNC(=O)C1(Cc2ccc(-c3cccnc3)cc2)CCN(Cc2ccc(F)cc2)C1,1.021602716,train,random,18,,,,
CNC(=O)C1(Cc2ccc(-c3cccnc3)cc2)CCN(Cc2cccc(F)c2)C1,0.829753919,train,random,18,,,,
CC(=O)Nc1ncc(CN2CCCC[C@@H]2C)s1,2.0,train,random,18,,,,
O=C1CCCC[C@@H]2[C@H](C[C@@H](Cc3ccccc3F)N2C(=O)c2cccc3ncccc23)N1,1.277998644,train,random,18,,,,
CCOc1cc(CC(=O)N[C@@H](CC(C)C)c2ccccc2N2CCCCC2)ccc1C(=O)O,0.106870544,train,random,18,,,,
COCCc1noc(CN2CC(c3ccccc3)(c3ccccc3)CCC2=O)n1,1.167051359,train,random,18,,,,
Cc1[nH]nc2c1C1(CCCCC1)CC(=O)N2,1.323066376,train,random,18,,,,
Cc1oc2ccccc2c1CNc1nnc(-c2ccncc2)o1,0.717254313,train,random,18,,,,
O=C(Nc1cccc2ncccc12)[C@H]1CCCN(S(=O)(=O)c2ccccc2)C1,1.222560409,train,random,18,,,,
C[C@@H]1Cc2ccccc2N1C(=O)Cn1nc(-c2cccc3ncccc23)oc1=O,0.224014811,train,random,18,,,,
Nc1ncnc2c1c(-c1cnc3[nH]ccc3c1)nn2C1CCCC1,0.862608364,train,random,18,,,,
O=C(Nc1cnccc1-c1ccc(Cl)cc1)c1ccnc(NC(=O)C2CC2)c1,0.369957607,train,random,18,,,,
CN1C(N)=N[C@](C)(c2cc(NC(=O)c3ccc(F)cn3)ccc2F)CS1(=O)=O,1.560468571,train,random,18,,,,
CC1CN(C(=O)c2cccnc2N2CCOCC2)CC(c2ccccc2)O1,1.573185017,train,random,18,,,,
CCCCNC(=O)NS(=O)(=O)c1ccc(C)cc1,0.439332694,train,random,18,,,,
Cc1cc(Nc2cnccn2)cc(C2CCCN(CC(=O)N3CCCC3)C2)n1,1.642246824,train,random,18,,,,
Cc1cccnc1Nc1cccc(C2CCCN(CC(=O)Nc3nccs3)C2)n1,0.180699201,train,random,18,,,,
CN(C)C(=O)C1(Cc2ccccc2-c2ccccc2)CCN(C(=O)c2cnn(C)c2)CC1,1.041353202,train,random,18,,,,
CC1(C)CC(=O)C2=C(C1)NC(=O)CC2c1ccc(Br)cc1,1.159236233,train,random,18,,,,
CN1CCN(S(=O)(=O)c2ccc(-c3cnc(N)c(C(=O)Nc4cccnc4)n3)cc2)CC1,1.078638038,train,random,18,,,,
CNC(=O)C1(Cc2ccc(-c3cccnc3)cc2)CCN(Cc2ccccc2Cl)C1,0.387567779,train,random,18,,,,
Cc1cc(N2CCCC2c2cc(CCC(=O)O)cc(C)n2)ncn1,2.0,train,random,18,,,,
O=C(CN1CCCC(c2cccc(Cc3cccc(F)c3)n2)C1)N1CCCC1,1.062130535,train,random,18,,,,
COc1cc2ncnc(Nc3cccc(O)c3)c2cc1OC,0.994317153,train,random,18,,,,
Cc1cc(C)c2c(N)c(C(=O)NCc3ccc(Cl)cc3)sc2n1,-0.370590401,train,random,18,,,,
COCCNC(=O)c1ccnc(C2CCNCC2)c1,2.0,train,random,18,,,,
COc1nc2sc(C(=O)NC3CC3)c(N)c2c(C)c1Cl,0.245512668,train,random,18,,,,
CC1(CNC(=O)c2cncc(C3CCNCC3)n2)CCCO1,1.988550039,train,random,18,,,,
Cc1cc(N2CCCC2)nc(C2CCCN(C)C2)n1,2.0,train,random,18,,,,
CCn1cc(C(=O)O)c(=O)c2c(N)c(F)c(NC3CCCCC3)cc21,0.427486109,train,random,18,,,,
C[C@H]1CN(C2COC2)CCN1c1ccc(Nc2cc(-c3ccnc(N4CCn5c(cc6c5CC(C)(C)C6)C4=O)c3CO)cn(C)c2=O)nc1,1.209139536,train,random,18,,,,
C=CC(=O)Nc1cccc(Nc2nc(Nc3ccc(Oc4ccnc(C(=O)NC)c4)cc3)ncc2F)c1,-0.403402904,train,random,18,,,,
CC#CC(=O)N1CCC[C@@H]1c1nc(-c2ccc(C(=O)Nc3ccccn3)cc2)c2c(N)nccn12,0.975868182,train,random,18,,,,
CC(=O)NCCNc1cc(Cl)nn2c(-c3cccc(S(=O)(=O)N(C)C)c3)c(C)nc12,0.681693392,train,random,18,,,,
Cc1c[nH]c(=O)n1-c1ccc(C(=O)Nc2ccc3ccccc3n2)cc1,0.639386869,train,random,18,,,,
CNC(=O)c1cccc(NC(=O)N2CCC(Oc3ccccc3Cl)CC2)c1,1.068760828,train,random,18,,,,
c1ccc(-c2ccc(CN3CCCCCCC3)cc2)cc1,-0.614393726,train,random,18,,,,
CC(=O)N1CCN(c2c(Cl)cccc2NC(=O)COc2ccccc2Cl)CC1,0.256958153,train,random,18,,,,
CCC(=O)N1CCN(c2ccc(Cl)cc2NC(=O)COc2ccccc2)CC1,0.250420002,train,random,18,,,,
N#Cc1cc(F)c(NS(=O)(=O)c2c[nH]c3cc(Cl)ccc23)cc1F,-0.026872146,train,random,18,,,,
COc1cc2c(cc1OC)CN(CCc1ccc(NC(=O)c3cccc4c(O)c5cccc(OC)c5nc34)cc1)CC2,-1.207608311,train,random,18,,,,
CCCc1nc2nc(C)c(NS(=O)(=O)c3ccc(C4CCCCC4)cc3)c(O)n2n1,-0.218963061,train,random,18,,,,
COc1ccc([C@H]2c3[nH]c4ccc(Cl)cc4c3CCN2C(=O)Oc2ccc(Cl)cc2)cc1,1.51293775,train,random,18,,,,
NC(=O)C1(Cc2ccc(-c3ccncc3)cc2)CCN(C(=O)Cc2cccc(F)c2)CC1,1.006508828,train,random,18,,,,
CC(=O)Nc1ccc(O)cc1,1.887859133,train,random,18,,,,
O=C(NC1CCNCC1)c1ccc2[nH]ncc2c1,1.842696589,train,random,18,,,,
Cc1cccc(/C=N/Nc2cc(N3CCOCC3)nc(OCCc3ccccn3)n2)c1,-0.548213564,train,random,18,,,,
CCn1c(=O)oc2cc(NC(=O)c3ccc(C(C)(C)C)cc3)ccc21,0.21005085,train,random,18,,,,
COc1ccc(OC[C@@H]2c3cc(OC)c(OC)cc3CCN2C(=O)c2cccc(Cl)c2)cc1,-0.116906641,train,random,18,,,,
N#Cc1ccc(COc2cccc(C3CCN(Cc4nc5ccc(C(=O)O)cc5n4C[C@@H]4CCO4)CC3)n2)c(F)c1,0.402433346,train,random,18,,,,
CC(C)[C@H](CO)Nc1nc(Nc2cc(N)cc(Cl)c2)c2ncn(C(C)C)c2n1,-0.061980903,train,random,18,,,,
CC(C)(C)OC(=O)N1CCCC1C(=O)N1CCC(C(=O)N[C@@H](Cc2c[nH]c3ccccc23)C(=O)O)CC1,1.691832676,train,random,18,,,,
O=C(Nc1cccc2c(=O)cc(-c3nnn[nH]3)oc12)c1ccc(OCCCCc2ccccc2)cc1,0.582744966,train,random,18,,,,
CC(=O)Nc1ncc(C(=O)O)s1,1.81935965,train,random,18,,,,
Cc1cccc(-c2nc(C34CCC(C(N)=O)(CC3)CC4)[nH]c2-c2ccc3c(c2)OCO3)n1,1.02011257,train,random,18,,,,
COc1cc2nc(-c3cc(F)ccc3O)nc(N[C@@H]3CNC[C@H]3C(C)(C)O)c2cc1OC.Cl,-1.119186408,train,random,18,,,,
CC(C)[C@@](C)(O)[C@@H]1CN(c2nc(-c3n[nH]c4ncccc34)c(F)cc2Cl)CCN1,1.302460808,train,random,18,,,,
Cc1nnc(-c2ccc(N3CCC(Oc4cc(F)ccc4Cl)CC3)nn2)o1,0.161068385,train,random,18,,,,
Cc1ccc(OCC2(O)CCN(CC3(O)CCN(c4ccccc4C)CC3)CC2)cc1,-0.040481623,train,random,18,,,,
O=C(Nc1cccc(N2CCNC2=O)c1)C1NCC12CCCC2,1.718202645,train,random,18,,,,
NCC1CCCC1NC(=O)c1cc(N2CCNC2=O)ccc1F,1.87495702,train,random,18,,,,
Cn1c(-c2n[nH]c3c2CCCC3)nnc1N1CCC2(CNC(=O)C2)C1,1.792986685,train,random,18,,,,
O=C(NCCc1ccccc1)c1ccc(NC(=O)N2CCCCc3ccccc32)cc1,0.075911761,train,random,18,,,,
CC(C)(C)c1ccc(C(O)CN2CCC(O)(c3ccc4c(c3)OCO4)CC2)cc1,0.779018972,train,random,18,,,,
NC[C@H]1CC[C@@H](C(=O)Nc2ccc3[nH]ncc3c2)O1,1.981999714,train,random,18,,,,
CN(C(=O)c1cc(N2CCNC2=O)ccc1F)C1CCC(N)CC1,1.828717885,train,random,18,,,,
NC1CCCC1C(=O)N1CCC(c2c[nH]c3ncccc23)CC1,1.71701274,train,random,18,,,,
NC1CCCC(C(=O)Nc2ccc3[nH]ncc3c2)C1,2.0,train,random,18,,,,
NC1CC(NC(=O)c2ccc(-c3cn[nH]c3)cn2)C12CCC2,1.709702344,train,random,18,,,,
NC1CCC(C(=O)N2CCC(c3c[nH]c4ncccc34)CC2)C1,1.917395215,train,random,18,,,,
NC1CCCC(C(=O)N2CCC(c3c[nH]c4ncccc34)CC2)C1,1.752816431,train,random,18,,,,
O=C(NC12CCCC1NCC2)c1ccc(-c2cn[nH]c2)cc1,2.0,train,random,18,,,,
Cc1nc2cc(C(=O)NC34CCCC3NCC4)ccc2c(=O)[nH]1,1.866494097,train,random,18,,,,
CNc1nc(C)cc(C(=O)Nc2ccc3[nH]ncc3c2)n1,1.493625323,train,random,18,,,,
O=C(Nc1ccc(CN2CCCCC2)cc1)c1ccnc2[nH]cnc12,1.767526899,train,random,18,,,,
CCc1c[nH]c2ncnc(N3CCC(CN4CCN(C)CC4)CC3)c12,1.728012707,train,random,18,,,,
NC(=O)c1cnc(N2CCc3[nH]nc(C(F)(F)F)c3C2)c(Cl)c1,0.986009932,train,random,18,,,,
NC1CCCC(C(=O)Nc2cccc(N3CCNC3=O)c2)C1,1.763113391,train,random,18,,,,
CC1CC(N)CCN1C(=O)c1cc(N2CCNC2=O)c(F)cc1F,1.833504094,train,random,18,,,,
CC(C)(Oc1ccc(-c2cnc(N)c(-c3ccc(Cl)cc3)c2)cc1)C(=O)O,-1.158015195,test,random,18,0.47107780366000024,0.38478411547000013,0.3859263498899999,0.3596283579999999
CCCc1cc(N2CCc3c(nc(C4CC4)n3C)C2)n2ncnc2n1,1.677187053,test,random,18,1.28146568564,1.31820057754,0.9199615346800004,1.40569069736
Cn1cc(Nc2nccc(N3CC4CCC(C3)N4C(=O)[C@@H]3CC3(F)F)n2)cn1,1.642995934,test,random,18,1.2171923827300002,1.17800005516,1.3403686016899998,1.4889547367
Nc1n[nH]cc1-c1cc(Cl)ccc1Oc1cc(F)c(S(=O)(=O)Nc2cscn2)cc1Cl,-0.354577731,test,random,18,0.42281975417000006,0.15984516795000003,0.32489640751000004,-0.12358262602999993
Cc1c(-c2c(F)cc(C(N)=O)c3[nH]c4c(c23)CC[C@H](C(C)(C)O)C4)cccc1-n1c(=O)c2cccc(F)c2n(C)c1=O,0.436162647,test,random,18,0.7061788696100001,0.6464006463399999,0.40480837211,0.10282309956000005
C=CC(=O)Nc1cccc(Oc2nc(Nc3ccc(N4CCN(C)CC4)cc3)nc3ccsc23)c1,-0.049635146,test,random,18,0.37576304571,0.26417964113,0.09218175380000002,-0.17646190175
CCc1nc(C)cn2nc(-c3cc(=O)n4cc(C5CCN(C)CC5)cc(C)c4n3)cc12,0.868232868,test,random,18,1.01488235376,0.8111045971400002,0.9059660739000006,0.7754803680900006
Nc1ncnc2c1c(-c1ccc(Oc3ccccc3)cc1)nn2[C@@H]1CCCNC1,0.956648579,test,random,18,0.9699928903000001,0.7027807460900002,0.50226413517,0.6382280805200001
COc1cc(F)ccc1-c1ncnc(Nc2cccc(C[S@@](C)(=N)=O)c2)n1,1.594922663,test,random,18,0.3009929040700002,0.35400320580999994,0.62703327995,0.3667155176200001
C[C@@H]1CCN(C(=O)CC#N)C[C@@H]1N(C)c1ncnc2[nH]ccc12,1.991815076,test,random,18,1.2676405729,1.3201165380399997,1.0011010408800005,1.6506442267700008
CN(C)C(=O)C1(Cc2ccccc2-c2ccccc2)CCN(C(=O)C2CCCO2)CC1,0.902546779,test,random,18,0.48529857745999977,0.6772503632200002,0.75546031922,0.8718999798000003
O=C1NCCN(C(=O)c2ccc3nccn3c2)C1c1ccccc1C(F)(F)F,1.851001366,test,random,18,1.6078529930100003,1.3053097291500004,1.2877501274000005,1.3676299939199996
CN1[C@H]2CC[C@@H]1C[C@@H](OC(c1ccccc1)c1ccccc1)C2,1.106122874,test,random,18,1.0934217638700003,0.7089470138000005,0.6522175529699998,0.6121937229500002
Cc1ncsc1C(=O)N1CCCCC1c1nc(N(C)C)ncc1-c1cccc(Cl)c1,-0.083019953,test,random,18,0.5855615750100003,0.4923610151900001,1.0575407084600001,0.3666320865299999
COc1ccccc1C(=O)Nc1ccc2cc[nH]c2c1,0.505149978,test,random,18,0.8648678684800001,0.8920125715100007,0.7006536756199999,0.47702887736000016
Cc1c(C(=O)NCCCN(C)C)sc2ncnc(Nc3ccc(F)cc3OC(C)C)c12,0.741821047,test,random,18,0.3768631483500001,-0.025229773490000024,0.12593206784000002,-0.10175101728999988
Nc1ncc(C(=O)NC2CN(C(=O)C3CC3)C2)c2ccc(-c3cccc(F)c3)nc12,0.623352682,test,random,18,0.66230923848,0.8113604015799999,0.36927348873,1.07843601022
Cc1nnc(-c2ccc3occ(-c4ccc(S(C)=O)cc4)c3c2)o1,0.193402903,test,random,18,0.6923811006499999,0.53708750415,0.5421559020500001,0.44155456446000024
O=C(Nc1ccc2ccccc2n1)c1ccc(N2CCOC2=O)cc1,0.449015316,test,random,18,0.8924849629399999,1.0244263410500005,0.6816975200300002,0.5004474644000002
C=CC(=O)Nc1cccc(Oc2nc(Nc3ccc(N4CCN(C)CC4)cc3)nc3ccoc23)c1,0.146128036,test,random,18,0.31944388185,0.15598194450000008,0.10945767167000002,-0.04058743618999999
CCN(C/C=C\c1ccc(C2CCCCC2)c(Cl)c1)C1CCCCC1,-0.853871964,test,random,18,1.1826338988900007,0.8734642519400002,0.65560464181,0.17144061671000002
CC/C(=C(\c1ccccc1)c1ccc(OCCN(C)C)cc1)c1ccccc1,-0.580044252,test,random,18,0.49339342751000004,0.02573953078000001,0.6198464842199999,0.05536316838000005
COc1ccc(CCCN2CCN(c3cnn(C)c3)C(=O)C2)cc1F,1.343408594,test,random,18,0.787113336,1.2824824893700002,0.8588085541699999,1.3744943083400005
Cc1ccc(NC(=O)CN2[C@H]3CCCC(=O)N[C@@]3(C)C[C@H]2Cc2ccccc2)cc1F,-0.137272472,test,random,18,0.8456191853300007,0.7635398820500008,0.6921338234400001,0.6640644388000009
COCC(=O)N1CCC(Cc2ccccc2-c2cccc(F)c2)(C(=O)NC(C)C)CC1,0.596597096,test,random,18,0.4862170948299998,0.5035577466600001,0.5664356410900001,0.80012667154
Cc1cnc(C(=O)NCCc2ccc(S(=O)(=O)NC(=O)NC3CCCCC3)cc2)cn1,0.01745073,test,random,18,0.49623478683,0.09190771095999997,0.7589902100900001,0.9053820959900004
CC(O)(C#Cc1ccc2c(c1)N(c1nc(N)ncc1Cl)CC2)c1nccs1,-0.122628654,test,random,18,0.8252672581200006,0.5348073466599998,0.6551127399,0.4577077515100004
CCCNC(=O)NS(=O)(=O)c1ccc(Cl)cc1,0.969835093,test,random,18,0.43138631860000026,0.7749993597800006,0.7485975418600003,1.0342350698800007
O=C1NCCSc2c1sc1ccc(O)cc21,0.891593204,test,random,18,1.4533660696100008,1.3139157382000008,0.70370191281,1.3741449128300007
C=CC(=O)N(C)CCOc1c(N)ncnc1-c1cc(F)cc(NC(=O)c2ccc(C3CC3)cc2F)c1C,0.838502776,test,random,18,0.6697575795400003,0.2714972939899999,0.37959767731,0.07041845179000002
COc1ccc(OCC(=O)Nc2cccc(Cl)c2N2CCN(C(C)=O)CC2)cc1,0.700790221,test,random,18,0.4931792693199999,0.4207704165599999,0.49757169610000007,0.11651400052000005
Cc1ccc(Oc2ccc(Cl)cc2NC(=O)CN(C)CC(=O)N(C)C)cc1,-0.053056729,test,random,18,0.30782343247,0.43840363943999994,0.72032151436,0.27062723684
CC1(C)Cc2cc(NC(=O)c3cnn4cccnc34)c(OCC3CC3)nc2O1,-0.199970641,test,random,18,0.94392608888,0.8633917860800004,0.9069769309300003,0.9225202451700006
O=C(NC1CCNCC1)c1ccc2cn[nH]c2c1,2.0,test,random,18,1.692238882440001,1.7676492899500018,1.50047906005,1.8018501395000024
Cc1cn2nc(-c3cc(=O)n4cc(N5CCNC6(CC6)C5)ccc4n3)cc(C)c2n1,0.985246791,test,random,18,1.376596954880001,1.0154575961300003,0.78127444413,1.3823070850299999
CCCS(=O)(=O)Nc1ccc(F)c(C(=O)c2c[nH]c3ncc(-c4ccc(Cl)cc4)cc23)c1F,-1.59345982,test,random,18,0.82545288774,0.28701435286,0.5765980847600002,0.046127194690000026
CN(C(=O)c1cc(N2CCNC2=O)ccc1F)C1CCNC1,1.885728632,test,random,18,1.7253800377200017,1.7085354074300005,1.4008117001900005,1.813503920410001
Cc1nnc(-c2ccc(N3CCC(Oc4ccccc4C(F)(F)F)CC3)nn2)s1,-0.906578315,test,random,18,0.7349155685700002,0.64676915775,0.37447671200000004,0.44404820519000004
c1sc(NCC2CCCO2)nc1C12CC3CC(CC(C3)C1)C2,-1.096910013,test,random,18,1.1093202313000001,1.423266527040001,0.6517289569900001,0.7672417124300003
CNc1cc(Nc2cccn(-c3ccccn3)c2=O)nn2c(C(=O)N[C@@H]3C[C@@H]3F)cnc12,0.991226076,train,random,19,,,,
CN(c1ncc(F)cn1)[C@H]1CCCNC1,2.0,train,random,19,,,,
CC(C)(Oc1ccc(-c2cnc(N)c(-c3ccc(Cl)cc3)c2)cc1)C(=O)O,-1.158015195,train,random,19,,,,
CC(C)(O)CCn1cc2cc(NC(=O)c3cccc(C(F)(F)F)n3)c(C(C)(C)O)cc2n1,1.015611205,train,random,19,,,,
COc1ccc(Cl)cc1C(=O)NCCc1ccc(S(=O)(=O)NC(=O)NC2CCCCC2)cc1,-0.91721463,train,random,19,,,,
C=CC(=O)N1CCC[C@@H](n2nc(-c3ccc(Oc4ccccc4)cc3)c3c(N)ncnc32)C1,0.62603,train,random,19,,,,
COc1ccc(S(=O)(=O)N2CCC(N3CCC(C)CC3)CC2)cc1,1.729799023,train,random,19,,,,
CCn1c(-c2nonc2N)nc2cnc(Oc3cccc(NC(=O)c4ccc(OCCN5CCOCC5)cc4)c3)cc21,-0.449771647,train,random,19,,,,
Cc1c[nH]c2nccc(Oc3c(F)cc(Nc4cc(Cl)nc(N)n4)cc3F)c12,-1.22184875,train,random,19,,,,
COc1cc2c(cc1OC)CC(=O)N(CCCN(C)C[C@H]1Cc3cc(OC)c(OC)cc31)CC2,1.730984039,train,random,19,,,,
CCCc1cc(N2CCc3c(nc(C4CC4)n3C)C2)n2ncnc2n1,1.677187053,train,random,19,,,,
Fc1ccc(-c2ccc3c(c2)[nH]c2ccncc23)cn1,0.653405491,train,random,19,,,,
Nc1c(F)ccc2cnc(-n3ccc4ccncc43)cc12,0.713910354,train,random,19,,,,
Cn1cc(Nc2nccc(N3CC4CCC(C3)N4C(=O)[C@@H]3CC3(F)F)n2)cn1,1.642995934,train,random,19,,,,
[2H]C([2H])([2H])NC(=O)c1nnc(NC(=O)C2CC2)cc1Nc1cccc(-c2ncn(C)n2)c1OC,1.186566481,train,random,19,,,,
C=CC(=O)N1CCC(CNc2ncnc(N)c2-c2ccc(Oc3ccccc3)cc2)CC1,0.752995432,train,random,19,,,,
Nc1n[nH]cc1-c1cc(Cl)ccc1Oc1cc(F)c(S(=O)(=O)Nc2cscn2)cc1Cl,-0.354577731,train,random,19,,,,
Cc1c(-c2c(F)cc(C(N)=O)c3[nH]c4c(c23)CC[C@H](C(C)(C)O)C4)cccc1-n1c(=O)c2cccc(F)c2n(C)c1=O,0.436162647,train,random,19,,,,
Cn1cc(-c2cn3nccc3c(-c3cnn([C@]4(CC#N)C[C@@H](C#N)C4)c3)n2)cn1,1.559583476,train,random,19,,,,
N#CC[C@H](C1CCCC1)n1cc(-c2ncnc3[nH]ccc23)cn1,0.630986911,train,random,19,,,,
CC(C)(C)c1ccc(-c2nc3n(c(=O)c2C#N)CCS3)cc1,0.731266349,train,random,19,,,,
C=CC(=O)Nc1cccc(Oc2nc(Nc3ccc(N4CCN(C)CC4)cc3)nc3ccsc23)c1,-0.049635146,train,random,19,,,,
CC#CC(=O)N1CC[C@@H](n2c(=O)n(-c3ccc(Oc4ccccc4)cc3)c3c(N)ncnc32)C1,0.935859798,train,random,19,,,,
C=CC(=O)N1CCC([C@@H]2CCNc3c(C(N)=O)c(-c4ccc(Oc5ccccc5)cc4)nn32)CC1,0.968996327,train,random,19,,,,
C=CC(=O)N1CCC[C@H](n2c(=O)n(-c3ccc(Oc4ccccc4)cc3)c3c(N)ncnc32)C1,0.983851719,train,random,19,,,,
CC#CC(=O)N1CC[C@@H](n2cc(-c3ccc(Oc4c(F)cccc4F)cc3)c3c(N)n[nH]c(=O)c32)C1,-0.073143291,train,random,19,,,,
C=CC(=O)Nc1cccc(Oc2nc(Nc3ccc(N4CCN(C)CC4)c(F)c3)nc3[nH]ccc23)c1,0.039414119,train,random,19,,,,
C[C@@H]1c2nnn(-c3ncc(F)cn3)c2CCN1C(=O)c1cccc(C(F)(F)F)c1Cl,0.969089603,train,random,19,,,,
COc1ccccc1-c1cc(NC(=O)c2cccc(N3CCNC3=O)c2)[nH]n1,-0.397940009,train,random,19,,,,
Nc1ncc(-c2cccc(C(F)(F)F)c2)c(C2CCCCN2C(=O)c2ccccc2)n1,-0.04431225,train,random,19,,,,
Cc1nccc(-c2cn(Cc3ccccc3)c3cnccc23)n1,1.122707254,train,random,19,,,,
CCc1nc(C)cn2nc(-c3cc(=O)n4cc(C5CCN(C)CC5)cc(C)c4n3)cc12,0.868232868,train,random,19,,,,
Cc1c(Cl)ccc2cc3n(c12)[C@@H](C)CNC3=O,0.328379603,train,random,19,,,,
Nc1ncnc2c1c(-c1ccc(Oc3ccccc3)cc1)nn2[C@@H]1CCCNC1,0.956648579,train,random,19,,,,
COc1nn(C)cc1C(=O)Nc1cccc(-c2cnc3n2CCC3)c1,0.866877814,train,random,19,,,,
COc1cc(F)ccc1-c1ncnc(Nc2cccc(C[S@@](C)(=N)=O)c2)n1,1.594922663,train,random,19,,,,
Cc1ncc(CN2CC[C@@H](Nc3cncc(Cl)n3)[C@@H](C)C2)s1,1.205461507,train,random,19,,,,
Cc1ccc(C(=O)N2CCC(Cc3ccccc3-c3ccccc3)(C(=O)N(C)C)CC2)s1,-0.293282218,train,random,19,,,,
CCc1nc2c(C)cc(N3CCN(CC(=O)N4CC(O)C4)CC3)cn2c1N(C)c1nc(-c2ccc(F)cc2)c(C#N)s1,-0.204728421,train,random,19,,,,
C[C@@H]1CCN(C(=O)CC#N)C[C@@H]1N(C)c1ncnc2[nH]ccc12,1.991815076,train,random,19,,,,
CN(C)C(=O)C1(Cc2ccccc2-c2ccccc2)CCN(C(=O)C2CCCO2)CC1,0.902546779,train,random,19,,,,
CC(=O)Nc1ccc(C(=O)N2CCCCC2c2nc(N)ncc2-c2ccc(Cl)cc2)cc1,0.596926814,train,random,19,,,,
CC(=O)Nc1ccc(C(=O)N2CCCCC2c2nc(N)ncc2-c2cccc(Cl)c2)cc1,0.520483533,train,random,19,,,,
O=C1CN(c2ccc(Nc3nccc(C(F)(F)F)n3)cn2)CCN1,1.543819805,train,random,19,,,,
O=C1NCCN(C(=O)c2ccc3nccn3c2)C1c1ccccc1C(F)(F)F,1.851001366,train,random,19,,,,
Cc1cc(F)ccc1C1C(=O)NCCN1C(=O)c1ccc2nccn2c1,1.78096503,train,random,19,,,,
O=C1NCCN(C(=O)c2ccncc2)C1c1ccccc1Cl,1.876996793,train,random,19,,,,
C[C@H]1CN(C(=O)CC(c2ccccc2)c2ccccc2)C[C@@H](C)O1,1.188253327,train,random,19,,,,
CN1[C@H]2CC[C@@H]1C[C@@H](OC(c1ccccc1)c1ccccc1)C2,1.106122874,train,random,19,,,,
CC(C)(C)C(=O)N1CCC(Cc2ccc(-c3cccs3)cc2)(C(=O)N2CCCC2)CC1,-0.1837587,train,random,19,,,,
Cc1ncsc1C(=O)N1CCCCC1c1nc(N(C)C)ncc1-c1cccc(Cl)c1,-0.083019953,train,random,19,,,,
OCC1CCCCN1Cc1ccc(Cl)c(Cl)c1,1.390069186,train,random,19,,,,
CC(=O)N1CCN(c2nc(C(F)(F)F)nc3sc(C)c(C)c23)CC1,0.13481437,train,random,19,,,,
COc1ccccc1C(=O)Nc1ccc2cc[nH]c2c1,0.505149978,train,random,19,,,,
c1ccc(Oc2cccc(CN(CCN3CCOCC3)Cc3cccnc3)c2)cc1,-0.222573178,train,random,19,,,,
COc1ccc([C@H]2CN(C(C)=O)[C@@H]3CCCN(Cc4cccc(F)c4)[C@H]23)cc1,0.595385981,train,random,19,,,,
Cc1c(C(=O)NCCCN(C)C)sc2ncnc(Nc3ccc(F)cc3OC(C)C)c12,0.741821047,train,random,19,,,,
Nc1ncc(C(=O)NC2CN(C(=O)C3CC3)C2)c2ccc(-c3cccc(F)c3)nc12,0.623352682,train,random,19,,,,
Cc1nnc(-c2ccc3occ(-c4ccc(S(C)=O)cc4)c3c2)o1,0.193402903,train,random,19,,,,
Cc1ncsc1C(=O)N1CCCCC1c1nc(N)ncc1-c1cccc(C(F)(F)F)c1,0.615318657,train,random,19,,,,
O=C(Nc1ccc2ccccc2n1)c1ccc(N2CCOC2=O)cc1,0.449015316,train,random,19,,,,
O=C(CCNC(=O)c1ccc(OC(F)(F)F)cc1)N[C@@H]1CCCc2ccccc21,0.526080692,train,random,19,,,,
O=S(=O)(c1cccc2cnccc12)N1CCCNCC1,1.892077899,train,random,19,,,,
C=CC(=O)Nc1cccc(Oc2nc(Nc3ccc(N4CCN(C)CC4)cc3)nc3ccoc23)c1,0.146128036,train,random,19,,,,
CCN(C/C=C\c1ccc(C2CCCCC2)c(Cl)c1)C1CCCCC1,-0.853871964,train,random,19,,,,
NCCN1CCN(C/C=C/C(=O)N2CCC[C@@H](n3nc(-c4ccc(Oc5ccccc5)cc4)c4c(N)ncnc43)C2)CC1,0.699837726,train,random,19,,,,
Cn1c(C2CC2)nc2c1CCN(c1ncnc3ccsc13)C2,1.237065953,train,random,19,,,,
CC/C(=C(\c1ccccc1)c1ccc(OCCN(C)C)cc1)c1ccccc1,-0.580044252,train,random,19,,,,
COc1nn(C)cc1C(=O)Nc1cccc2cnccc12,1.504729052,train,random,19,,,,
CNC(=O)C1(Cc2ccc(-c3ccncc3)cc2)CCN(Cc2cccc(F)c2)C1,1.10503305,train,random,19,,,,
Cc1ncc(CN2CCC(Nc3ccc4nnnn4n3)C(C)C2)s1,1.652285029,train,random,19,,,,
COc1ccc(Nc2c(C#N)cnc3cc(OC)c(OC)cc23)cc1Cl,-0.033858267,train,random,19,,,,
COc1ccc(CCCN2CCN(c3cnn(C)c3)C(=O)C2)cc1F,1.343408594,train,random,19,,,,
Cc1noc(C(C)C)c1C(=O)N1CC(C)OC(c2ccccc2)C1,1.180469962,train,random,19,,,,
CCC1=C(C)CN(C(=O)NCCc2ccc(S(=O)(=O)NC(=O)N[C@H]3CC[C@H](C)CC3)cc2)C1=O,-1.180456064,train,random,19,,,,
O=S(=O)(c1cccc2c(O)nccc12)N1CCCNCC1,1.850223373,train,random,19,,,,
Cc1ccc(NC(=O)CN2[C@H]3CCCC(=O)N[C@@]3(C)C[C@H]2Cc2ccccc2)cc1F,-0.137272472,train,random,19,,,,
COCC(=O)N1CCC(Cc2ccccc2-c2cccc(F)c2)(C(=O)NC(C)C)CC1,0.596597096,train,random,19,,,,
COc1ccc(CNC(=O)c2sc3nc(C)cc(C)c3c2N)cc1,-0.356547324,train,random,19,,,,
Cn1cc(Nc2nc(N)nc(-c3cccc(-n4ccc5cc(C6CC6)cc(F)c5c4=O)c3CO)n2)cn1,0.850401148,train,random,19,,,,
Cc1cnc(C(=O)NCCc2ccc(S(=O)(=O)NC(=O)NC3CCCCC3)cc2)cn1,0.01745073,train,random,19,,,,
CNC(=O)C1(Cc2ccc(-c3cccnc3)cc2)CCN(Cc2cccc(F)c2)C1,0.829753919,train,random,19,,,,
CC(=O)Nc1ncc(CN2CCCC[C@@H]2C)s1,2.0,train,random,19,,,,
O=C1CCCC[C@@H]2[C@H](C[C@@H](Cc3ccccc3F)N2C(=O)c2cccc3ncccc23)N1,1.277998644,train,random,19,,,,
CC(O)(C#Cc1ccc2c(c1)N(c1nc(N)ncc1Cl)CC2)c1nccs1,-0.122628654,train,random,19,,,,
Cc1[nH]nc2c1C1(CCCCC1)CC(=O)N2,1.323066376,train,random,19,,,,
Cc1oc2ccccc2c1CNc1nnc(-c2ccncc2)o1,0.717254313,train,random,19,,,,
Nc1ncnc2c1c(-c1cnc3[nH]ccc3c1)nn2C1CCCC1,0.862608364,train,random,19,,,,
O=C(Nc1cnccc1-c1ccc(Cl)cc1)c1ccnc(NC(=O)C2CC2)c1,0.369957607,train,random,19,,,,
CN1C(N)=N[C@](C)(c2cc(NC(=O)c3ccc(F)cn3)ccc2F)CS1(=O)=O,1.560468571,train,random,19,,,,
CC1CN(C(=O)c2cccnc2N2CCOCC2)CC(c2ccccc2)O1,1.573185017,train,random,19,,,,
CCCCNC(=O)NS(=O)(=O)c1ccc(C)cc1,0.439332694,train,random,19,,,,
Cc1cc(Nc2cnccn2)cc(C2CCCN(CC(=O)N3CCCC3)C2)n1,1.642246824,train,random,19,,,,
Cc1cccnc1Nc1cccc(C2CCCN(CC(=O)Nc3nccs3)C2)n1,0.180699201,train,random,19,,,,
CN(C)C(=O)C1(Cc2ccccc2-c2ccccc2)CCN(C(=O)c2cnn(C)c2)CC1,1.041353202,train,random,19,,,,
CC1(C)CC(=O)C2=C(C1)NC(=O)CC2c1ccc(Br)cc1,1.159236233,train,random,19,,,,
CN1CCN(S(=O)(=O)c2ccc(-c3cnc(N)c(C(=O)Nc4cccnc4)n3)cc2)CC1,1.078638038,train,random,19,,,,
Cc1cc(N2CCCC2c2cc(CCC(=O)O)cc(C)n2)ncn1,2.0,train,random,19,,,,
CCCNC(=O)NS(=O)(=O)c1ccc(Cl)cc1,0.969835093,train,random,19,,,,
O=C(CN1CCCC(c2cccc(Cc3cccc(F)c3)n2)C1)N1CCCC1,1.062130535,train,random,19,,,,
COCCNC(=O)c1ccnc(C2CCNCC2)c1,2.0,train,random,19,,,,
COc1nc2sc(C(=O)NC3CC3)c(N)c2c(C)c1Cl,0.245512668,train,random,19,,,,
CC1(CNC(=O)c2cncc(C3CCNCC3)n2)CCCO1,1.988550039,train,random,19,,,,
Cc1cc(N2CCCC2)nc(C2CCCN(C)C2)n1,2.0,train,random,19,,,,
O=C1NCCSc2c1sc1ccc(O)cc21,0.891593204,train,random,19,,,,
CCn1cc(C(=O)O)c(=O)c2c(N)c(F)c(NC3CCCCC3)cc21,0.427486109,train,random,19,,,,
C[C@H]1CN(C2COC2)CCN1c1ccc(Nc2cc(-c3ccnc(N4CCn5c(cc6c5CC(C)(C)C6)C4=O)c3CO)cn(C)c2=O)nc1,1.209139536,train,random,19,,,,
C=CC(=O)Nc1cccc(Nc2nc(Nc3ccc(Oc4ccnc(C(=O)NC)c4)cc3)ncc2F)c1,-0.403402904,train,random,19,,,,
C=CC(=O)N(C)CCOc1c(N)ncnc1-c1cc(F)cc(NC(=O)c2ccc(C3CC3)cc2F)c1C,0.838502776,train,random,19,,,,
CC#CC(=O)N1CCC[C@@H]1c1nc(-c2ccc(C(=O)Nc3ccccn3)cc2)c2c(N)nccn12,0.975868182,train,random,19,,,,
CC(=O)NCCNc1cc(Cl)nn2c(-c3cccc(S(=O)(=O)N(C)C)c3)c(C)nc12,0.681693392,train,random,19,,,,
CNC(=O)c1cccc(NC(=O)N2CCC(Oc3ccccc3Cl)CC2)c1,1.068760828,train,random,19,,,,
COc1ccc(OCC(=O)Nc2cccc(Cl)c2N2CCN(C(C)=O)CC2)cc1,0.700790221,train,random,19,,,,
c1ccc(-c2ccc(CN3CCCCCCC3)cc2)cc1,-0.614393726,train,random,19,,,,
CC(=O)N1CCN(c2c(Cl)cccc2NC(=O)COc2ccccc2Cl)CC1,0.256958153,train,random,19,,,,
CCC(=O)N1CCN(c2ccc(Cl)cc2NC(=O)COc2ccccc2)CC1,0.250420002,train,random,19,,,,
Cc1ccc(Oc2ccc(Cl)cc2NC(=O)CN(C)CC(=O)N(C)C)cc1,-0.053056729,train,random,19,,,,
CC1(C)Cc2cc(NC(=O)c3cnn4cccnc34)c(OCC3CC3)nc2O1,-0.199970641,train,random,19,,,,
N#Cc1cc(F)c(NS(=O)(=O)c2c[nH]c3cc(Cl)ccc23)cc1F,-0.026872146,train,random,19,,,,
COc1ccc([C@H]2c3[nH]c4ccc(Cl)cc4c3CCN2C(=O)Oc2ccc(Cl)cc2)cc1,1.51293775,train,random,19,,,,
NC(=O)C1(Cc2ccc(-c3ccncc3)cc2)CCN(C(=O)Cc2cccc(F)c2)CC1,1.006508828,train,random,19,,,,
CC(=O)Nc1ccc(O)cc1,1.887859133,train,random,19,,,,
O=C(NC1CCNCC1)c1ccc2[nH]ncc2c1,1.842696589,train,random,19,,,,
Cc1cccc(/C=N/Nc2cc(N3CCOCC3)nc(OCCc3ccccn3)n2)c1,-0.548213564,train,random,19,,,,
CCn1c(=O)oc2cc(NC(=O)c3ccc(C(C)(C)C)cc3)ccc21,0.21005085,train,random,19,,,,
COc1ccc(OC[C@@H]2c3cc(OC)c(OC)cc3CCN2C(=O)c2cccc(Cl)c2)cc1,-0.116906641,train,random,19,,,,
N#Cc1ccc(COc2cccc(C3CCN(Cc4nc5ccc(C(=O)O)cc5n4C[C@@H]4CCO4)CC3)n2)c(F)c1,0.402433346,train,random,19,,,,
CC(C)[C@H](CO)Nc1nc(Nc2cc(N)cc(Cl)c2)c2ncn(C(C)C)c2n1,-0.061980903,train,random,19,,,,
O=C(NC1CCNCC1)c1ccc2cn[nH]c2c1,2.0,train,random,19,,,,
O=C(Nc1cccc2c(=O)cc(-c3nnn[nH]3)oc12)c1ccc(OCCCCc2ccccc2)cc1,0.582744966,train,random,19,,,,
CC(=O)Nc1ncc(C(=O)O)s1,1.81935965,train,random,19,,,,
Cc1cccc(-c2nc(C34CCC(C(N)=O)(CC3)CC4)[nH]c2-c2ccc3c(c2)OCO3)n1,1.02011257,train,random,19,,,,
CC(C)[C@@](C)(O)[C@@H]1CN(c2nc(-c3n[nH]c4ncccc34)c(F)cc2Cl)CCN1,1.302460808,train,random,19,,,,
Cc1nnc(-c2ccc(N3CCC(Oc4cc(F)ccc4Cl)CC3)nn2)o1,0.161068385,train,random,19,,,,
Cc1cn2nc(-c3cc(=O)n4cc(N5CCNC6(CC6)C5)ccc4n3)cc(C)c2n1,0.985246791,train,random,19,,,,
CCCS(=O)(=O)Nc1ccc(F)c(C(=O)c2c[nH]c3ncc(-c4ccc(Cl)cc4)cc23)c1F,-1.59345982,train,random,19,,,,
Cc1ccc(OCC2(O)CCN(CC3(O)CCN(c4ccccc4C)CC3)CC2)cc1,-0.040481623,train,random,19,,,,
CN(C(=O)c1cc(N2CCNC2=O)ccc1F)C1CCNC1,1.885728632,train,random,19,,,,
O=C(Nc1cccc(N2CCNC2=O)c1)C1NCC12CCCC2,1.718202645,train,random,19,,,,
NCC1CCCC1NC(=O)c1cc(N2CCNC2=O)ccc1F,1.87495702,train,random,19,,,,
Cn1c(-c2n[nH]c3c2CCCC3)nnc1N1CCC2(CNC(=O)C2)C1,1.792986685,train,random,19,,,,
Cc1nnc(-c2ccc(N3CCC(Oc4ccccc4C(F)(F)F)CC3)nn2)s1,-0.906578315,train,random,19,,,,
O=C(NCCc1ccccc1)c1ccc(NC(=O)N2CCCCc3ccccc32)cc1,0.075911761,train,random,19,,,,
NC[C@H]1CC[C@@H](C(=O)Nc2ccc3[nH]ncc3c2)O1,1.981999714,train,random,19,,,,
NC1CCCC1C(=O)N1CCC(c2c[nH]c3ncccc23)CC1,1.71701274,train,random,19,,,,
NC1CCCC(C(=O)Nc2ccc3[nH]ncc3c2)C1,2.0,train,random,19,,,,
NC1CC(NC(=O)c2ccc(-c3cn[nH]c3)cn2)C12CCC2,1.709702344,train,random,19,,,,
NC1CCC(C(=O)N2CCC(c3c[nH]c4ncccc34)CC2)C1,1.917395215,train,random,19,,,,
NC1CCCC(C(=O)N2CCC(c3c[nH]c4ncccc34)CC2)C1,1.752816431,train,random,19,,,,
O=C(NC12CCCC1NCC2)c1ccc(-c2cn[nH]c2)cc1,2.0,train,random,19,,,,
Cc1nc2cc(C(=O)NC34CCCC3NCC4)ccc2c(=O)[nH]1,1.866494097,train,random,19,,,,
CNc1nc(C)cc(C(=O)Nc2ccc3[nH]ncc3c2)n1,1.493625323,train,random,19,,,,
O=C(Nc1ccc(CN2CCCCC2)cc1)c1ccnc2[nH]cnc12,1.767526899,train,random,19,,,,
CCc1c[nH]c2ncnc(N3CCC(CN4CCN(C)CC4)CC3)c12,1.728012707,train,random,19,,,,
CC1CC(N)CCN1C(=O)c1cc(N2CCNC2=O)c(F)cc1F,1.833504094,train,random,19,,,,
c1sc(NCC2CCCO2)nc1C12CC3CC(CC(C3)C1)C2,-1.096910013,train,random,19,,,,
CCOc1cc2nn(CCC(C)(C)O)cc2cc1NC(=O)c1cccc(C(F)F)n1,0.099680641,test,random,19,0.6375025515800005,0.6207330759700003,0.6988017980700001,0.47665988103
CC#CC(=O)N[C@H]1CCCN(c2c(F)cc(C(N)=O)c3[nH]c(C)c(C)c23)C1,0.163856803,test,random,19,1.2968486788100002,0.9182336733499998,0.7676111451200002,1.4533186682300003
CC(C)NC(=O)COc1cccc(-c2nc(Nc3ccc4[nH]ncc4c3)c3ccccc3n2)c1,-1.384078213,test,random,19,0.6790961911299999,0.43072552385999985,0.5233910453700001,0.07690805372000002
CCS(=O)(=O)N1CC(CC#N)(n2cc(-c3ncnc4[nH]ccc34)cn2)C1,1.378597739,test,random,19,0.87076535642,1.0314595350899998,0.7881313194699997,1.3506421363699996
C=CC(=O)N1C[C@H](Nc2ncnc3[nH]ccc23)CC[C@@H]1C,1.828227965,test,random,19,1.4811868000300006,1.5419712705100006,1.1838160395100001,1.89107650412
O=C(c1ccc(Oc2ccccc2)cc1Cl)c1c[nH]c2ncnc(N[C@@H]3CC[C@@H](CO)OC3)c12,-0.467245621,test,random,19,0.8544871202900001,0.5432758771699998,0.4214402061500002,0.43356302219
CC(C)(C=C(C#N)C(=O)N1CCC[C@@H](n2nc(-c3ccc(Oc4ccccc4)cc3F)c3c(N)ncnc32)C1)N1CCN(C2COC2)CC1,0.276231958,test,random,19,0.5797759235000001,0.49184027305000005,0.49813560936000006,0.3893831600200002
O=C(Nc1cccc(-c2nncn2C2CC2)c1)c1cc(-n2cnc(C3CC3)c2)ccn1,0.262925469,test,random,19,0.6588428621400001,0.6480264787600004,0.9375512425500004,0.6002748782200001
Fc1ccccc1-c1c[nH]nc1C1CCCN1Cc1ccc2ncccc2c1,0.545801757,test,random,19,0.7415859389300004,0.7882393910400001,0.64999062539,0.18697460498
Cc1nnc(CN(C)CC(C)Oc2ccc(Cl)c(Cl)c2)n1C,0.926290987,test,random,19,0.4881341547399999,0.7612537458700005,0.6092262718100002,0.5456239513300002
OC[C@H](Nc1cncc(-c2ccc3[nH]ncc3n2)c1)c1ccccc1,1.017826038,test,random,19,1.1249530173099997,0.8049717353600003,0.7695851559000002,0.7553178105600001
OCC1CCCCN1Cc1ccc(-c2ccccc2)cc1,1.368007805,test,random,19,0.8284111478700001,0.81558676699,0.42635967727000007,0.7550738385700001
CC1(C)CC(Oc2ccc(-c3ccc(-c4cn[nH]c4)cc3O)nn2)CC(C)(C)N1,1.199947058,test,random,19,1.041473430980001,0.4334632704200001,0.5626170088800002,0.5940032677700002
CCN1CCN(S(=O)(=O)Cc2ccc(Cl)c(Cl)c2)CC1,1.249124949,test,random,19,0.8708018541300002,1.3154197689900007,0.5521412678400001,1.49230652868
O=C(Nc1nc2cccc(-c3ccc(CN4CCS(=O)(=O)CC4)cc3)n2n1)C1CC1,1.681349797,test,random,19,0.8819174692799998,0.5256735257200003,1.04434194908,1.16495726139
CCn1c(CO)nn(-c2cc(O[C@@H](C)C(F)(F)F)c(C(=O)Nc3c(F)cccc3Cl)cc2F)c1=O,0.975753389,test,random,19,0.5153384880900004,0.25947578960000006,0.38321692581000016,0.4165663583800001
Cc1nc(Nc2nccs2)cc(C2CN(c3ncccn3)C2)n1,0.444669231,test,random,19,0.5325257648200004,1.29829290964,0.9334715102799995,1.2605269423100003
CN(Cc1ccccc1)C1(C(=O)N2CCNC(=O)CC2)Cc2ccccc2C1,0.904931827,test,random,19,1.2630356245800003,0.9702041312900002,0.77895299254,1.5237776591299999
Cc1c(F)cccc1NC(=O)CN1[C@H]2CCCC(=O)N[C@@]2(C)C[C@H]1Cc1ccccc1,0.595275712,test,random,19,0.8027086606199997,0.41694643970000006,0.5051957355000001,0.23417513055000025
CN(C)C(=O)C1(Cc2ccccc2-c2cccc(F)c2)CCN(C(=O)C2CC=CCC2)CC1,-0.104025268,test,random,19,0.69378540206,0.6405674408200001,0.5682458289700002,0.39014365187000016
C#C[C@@](C)(CC)NC(=O)c1cc(F)cnc1NC1CC(F)(F)C1,0.671265433,test,random,19,1.3277683065700003,1.1283419709900002,0.88932811939,0.5127038780700002
CNC(=O)C1(Cc2ccc(-c3cccnc3)cc2)CCN(Cc2ccc(F)cc2)C1,1.021602716,test,random,19,0.8282351710099999,0.7227785483000002,0.8490706733699998,0.92067645606
CCOc1cc(CC(=O)N[C@@H](CC(C)C)c2ccccc2N2CCCCC2)ccc1C(=O)O,0.106870544,test,random,19,0.12616868300000006,0.50469111688,0.6763047075,0.09702369354000005
COCCc1noc(CN2CC(c3ccccc3)(c3ccccc3)CCC2=O)n1,1.167051359,test,random,19,0.54193561098,0.6934823745500001,0.9133952036100003,0.73905525477
O=C(Nc1cccc2ncccc12)[C@H]1CCCN(S(=O)(=O)c2ccccc2)C1,1.222560409,test,random,19,1.1434721478600003,0.6870867590299998,0.9114248921000003,0.3830513024000002
C[C@@H]1Cc2ccccc2N1C(=O)Cn1nc(-c2cccc3ncccc23)oc1=O,0.224014811,test,random,19,0.9813844957300003,0.7306584039900004,0.7394478779399999,0.5901223686800002
CNC(=O)C1(Cc2ccc(-c3cccnc3)cc2)CCN(Cc2ccccc2Cl)C1,0.387567779,test,random,19,0.6587638997799999,0.7122620262400002,0.7618058573100001,0.7701427258200002
COc1cc2ncnc(Nc3cccc(O)c3)c2cc1OC,0.994317153,test,random,19,0.6985810650600002,0.6612822320999999,0.4885567385000001,0.37745348626999997
Cc1cc(C)c2c(N)c(C(=O)NCc3ccc(Cl)cc3)sc2n1,-0.370590401,test,random,19,0.4862663614600003,0.25552721723999994,0.2453670730000001,0.14030439011000007
Cc1c[nH]c(=O)n1-c1ccc(C(=O)Nc2ccc3ccccc3n2)cc1,0.639386869,test,random,19,1.0396963980700002,0.6269193628300003,0.7810994327300006,0.5254920298299999
COc1cc2c(cc1OC)CN(CCc1ccc(NC(=O)c3cccc4c(O)c5cccc(OC)c5nc34)cc1)CC2,-1.207608311,test,random,19,0.8749010751700006,0.11080235741000005,0.25061739697999996,0.08526665164999998
CCCc1nc2nc(C)c(NS(=O)(=O)c3ccc(C4CCCCC4)cc3)c(O)n2n1,-0.218963061,test,random,19,0.5867652765300002,0.3097910304800001,0.67474059757,0.04536957192
CC(C)(C)OC(=O)N1CCCC1C(=O)N1CCC(C(=O)N[C@@H](Cc2c[nH]c3ccccc23)C(=O)O)CC1,1.691832676,test,random,19,0.8541866191299999,0.6735425098600003,0.9287168408500003,0.12625337296000003
COc1cc2nc(-c3cc(F)ccc3O)nc(N[C@@H]3CNC[C@H]3C(C)(C)O)c2cc1OC.Cl,-1.119186408,test,random,19,0.6938619667200001,0.6863001073400006,0.20170479903999997,0.16115255277000007
CC(C)(C)c1ccc(C(O)CN2CCC(O)(c3ccc4c(c3)OCO4)CC2)cc1,0.779018972,test,random,19,0.7091188141500004,0.33887078574,0.5471812261700003,0.5199133785800003
CN(C(=O)c1cc(N2CCNC2=O)ccc1F)C1CCC(N)CC1,1.828717885,test,random,19,1.7563839816599995,1.6812276579100003,1.0493280288900002,1.8129439982600002
NC(=O)c1cnc(N2CCc3[nH]nc(C(F)(F)F)c3C2)c(Cl)c1,0.986009932,test,random,19,1.00294883356,1.3104748396399999,1.15170770445,1.40647014081
NC1CCCC(C(=O)Nc2cccc(N3CCNC3=O)c2)C1,1.763113391,test,random,19,1.6582265912,1.6842972889400003,1.6689452660599995,1.8814779827599994
CNc1cc(Nc2cccn(-c3ccccn3)c2=O)nn2c(C(=O)N[C@@H]3C[C@@H]3F)cnc12,0.991226076,train,butina,15,,,,
CCOc1cc2nn(CCC(C)(C)O)cc2cc1NC(=O)c1cccc(C(F)F)n1,0.099680641,train,butina,15,,,,
CN(c1ncc(F)cn1)[C@H]1CCCNC1,2.0,train,butina,15,,,,
CC(C)(Oc1ccc(-c2cnc(N)c(-c3ccc(Cl)cc3)c2)cc1)C(=O)O,-1.158015195,train,butina,15,,,,
CC(C)(O)CCn1cc2cc(NC(=O)c3cccc(C(F)(F)F)n3)c(C(C)(C)O)cc2n1,1.015611205,train,butina,15,,,,
COc1ccc(Cl)cc1C(=O)NCCc1ccc(S(=O)(=O)NC(=O)NC2CCCCC2)cc1,-0.91721463,train,butina,15,,,,
C=CC(=O)N1CCC[C@@H](n2nc(-c3ccc(Oc4ccccc4)cc3)c3c(N)ncnc32)C1,0.62603,train,butina,15,,,,
CCS(=O)(=O)N1CC(CC#N)(n2cc(-c3ncnc4[nH]ccc34)cn2)C1,1.378597739,train,butina,15,,,,
CCn1c(-c2nonc2N)nc2cnc(Oc3cccc(NC(=O)c4ccc(OCCN5CCOCC5)cc4)c3)cc21,-0.449771647,train,butina,15,,,,
Cc1c[nH]c2nccc(Oc3c(F)cc(Nc4cc(Cl)nc(N)n4)cc3F)c12,-1.22184875,train,butina,15,,,,
COc1cc2c(cc1OC)CC(=O)N(CCCN(C)C[C@H]1Cc3cc(OC)c(OC)cc31)CC2,1.730984039,train,butina,15,,,,
CCCc1cc(N2CCc3c(nc(C4CC4)n3C)C2)n2ncnc2n1,1.677187053,train,butina,15,,,,
Fc1ccc(-c2ccc3c(c2)[nH]c2ccncc23)cn1,0.653405491,train,butina,15,,,,
Nc1c(F)ccc2cnc(-n3ccc4ccncc43)cc12,0.713910354,train,butina,15,,,,
[2H]C([2H])([2H])NC(=O)c1nnc(NC(=O)C2CC2)cc1Nc1cccc(-c2ncn(C)n2)c1OC,1.186566481,train,butina,15,,,,
C=CC(=O)N1CCC(CNc2ncnc(N)c2-c2ccc(Oc3ccccc3)cc2)CC1,0.752995432,train,butina,15,,,,
Nc1n[nH]cc1-c1cc(Cl)ccc1Oc1cc(F)c(S(=O)(=O)Nc2cscn2)cc1Cl,-0.354577731,train,butina,15,,,,
Cc1c(-c2c(F)cc(C(N)=O)c3[nH]c4c(c23)CC[C@H](C(C)(C)O)C4)cccc1-n1c(=O)c2cccc(F)c2n(C)c1=O,0.436162647,train,butina,15,,,,
Cn1cc(-c2cn3nccc3c(-c3cnn([C@]4(CC#N)C[C@@H](C#N)C4)c3)n2)cn1,1.559583476,train,butina,15,,,,
O=C(c1ccc(Oc2ccccc2)cc1Cl)c1c[nH]c2ncnc(N[C@@H]3CC[C@@H](CO)OC3)c12,-0.467245621,train,butina,15,,,,
N#CC[C@H](C1CCCC1)n1cc(-c2ncnc3[nH]ccc23)cn1,0.630986911,train,butina,15,,,,
CC(C)(C)c1ccc(-c2nc3n(c(=O)c2C#N)CCS3)cc1,0.731266349,train,butina,15,,,,
C=CC(=O)Nc1cccc(Oc2nc(Nc3ccc(N4CCN(C)CC4)cc3)nc3ccsc23)c1,-0.049635146,train,butina,15,,,,
CC#CC(=O)N1CC[C@@H](n2c(=O)n(-c3ccc(Oc4ccccc4)cc3)c3c(N)ncnc32)C1,0.935859798,train,butina,15,,,,
C=CC(=O)N1CCC([C@@H]2CCNc3c(C(N)=O)c(-c4ccc(Oc5ccccc5)cc4)nn32)CC1,0.968996327,train,butina,15,,,,
C=CC(=O)N1CCC[C@H](n2c(=O)n(-c3ccc(Oc4ccccc4)cc3)c3c(N)ncnc32)C1,0.983851719,train,butina,15,,,,
CC(C)(C=C(C#N)C(=O)N1CCC[C@@H](n2nc(-c3ccc(Oc4ccccc4)cc3F)c3c(N)ncnc32)C1)N1CCN(C2COC2)CC1,0.276231958,train,butina,15,,,,
CC#CC(=O)N1CC[C@@H](n2cc(-c3ccc(Oc4c(F)cccc4F)cc3)c3c(N)n[nH]c(=O)c32)C1,-0.073143291,train,butina,15,,,,
C=CC(=O)Nc1cccc(Oc2nc(Nc3ccc(N4CCN(C)CC4)c(F)c3)nc3[nH]ccc23)c1,0.039414119,train,butina,15,,,,
C[C@@H]1c2nnn(-c3ncc(F)cn3)c2CCN1C(=O)c1cccc(C(F)(F)F)c1Cl,0.969089603,train,butina,15,,,,
COc1ccccc1-c1cc(NC(=O)c2cccc(N3CCNC3=O)c2)[nH]n1,-0.397940009,train,butina,15,,,,
Nc1ncc(-c2cccc(C(F)(F)F)c2)c(C2CCCCN2C(=O)c2ccccc2)n1,-0.04431225,train,butina,15,,,,
O=C(Nc1cccc(-c2nncn2C2CC2)c1)c1cc(-n2cnc(C3CC3)c2)ccn1,0.262925469,train,butina,15,,,,
Fc1ccccc1-c1c[nH]nc1C1CCCN1Cc1ccc2ncccc2c1,0.545801757,train,butina,15,,,,
Cc1nccc(-c2cn(Cc3ccccc3)c3cnccc23)n1,1.122707254,train,butina,15,,,,
CCc1nc(C)cn2nc(-c3cc(=O)n4cc(C5CCN(C)CC5)cc(C)c4n3)cc12,0.868232868,train,butina,15,,,,
Cc1c(Cl)ccc2cc3n(c12)[C@@H](C)CNC3=O,0.328379603,train,butina,15,,,,
Nc1ncnc2c1c(-c1ccc(Oc3ccccc3)cc1)nn2[C@@H]1CCCNC1,0.956648579,train,butina,15,,,,
Cc1nnc(CN(C)CC(C)Oc2ccc(Cl)c(Cl)c2)n1C,0.926290987,train,butina,15,,,,
COc1nn(C)cc1C(=O)Nc1cccc(-c2cnc3n2CCC3)c1,0.866877814,train,butina,15,,,,
COc1cc(F)ccc1-c1ncnc(Nc2cccc(C[S@@](C)(=N)=O)c2)n1,1.594922663,train,butina,15,,,,
Cc1ccc(C(=O)N2CCC(Cc3ccccc3-c3ccccc3)(C(=O)N(C)C)CC2)s1,-0.293282218,train,butina,15,,,,
CCc1nc2c(C)cc(N3CCN(CC(=O)N4CC(O)C4)CC3)cn2c1N(C)c1nc(-c2ccc(F)cc2)c(C#N)s1,-0.204728421,train,butina,15,,,,
CN(C)C(=O)C1(Cc2ccccc2-c2ccccc2)CCN(C(=O)C2CCCO2)CC1,0.902546779,train,butina,15,,,,
CC(=O)Nc1ccc(C(=O)N2CCCCC2c2nc(N)ncc2-c2ccc(Cl)cc2)cc1,0.596926814,train,butina,15,,,,
CC(=O)Nc1ccc(C(=O)N2CCCCC2c2nc(N)ncc2-c2cccc(Cl)c2)cc1,0.520483533,train,butina,15,,,,
O=C1CN(c2ccc(Nc3nccc(C(F)(F)F)n3)cn2)CCN1,1.543819805,train,butina,15,,,,
CN1[C@H]2CC[C@@H]1C[C@@H](OC(c1ccccc1)c1ccccc1)C2,1.106122874,train,butina,15,,,,
CC(C)(C)C(=O)N1CCC(Cc2ccc(-c3cccs3)cc2)(C(=O)N2CCCC2)CC1,-0.1837587,train,butina,15,,,,
OC[C@H](Nc1cncc(-c2ccc3[nH]ncc3n2)c1)c1ccccc1,1.017826038,train,butina,15,,,,
Cc1ncsc1C(=O)N1CCCCC1c1nc(N(C)C)ncc1-c1cccc(Cl)c1,-0.083019953,train,butina,15,,,,
OCC1CCCCN1Cc1ccc(Cl)c(Cl)c1,1.390069186,train,butina,15,,,,
COc1ccccc1C(=O)Nc1ccc2cc[nH]c2c1,0.505149978,train,butina,15,,,,
c1ccc(Oc2cccc(CN(CCN3CCOCC3)Cc3cccnc3)c2)cc1,-0.222573178,train,butina,15,,,,
COc1ccc([C@H]2CN(C(C)=O)[C@@H]3CCCN(Cc4cccc(F)c4)[C@H]23)cc1,0.595385981,train,butina,15,,,,
Cc1c(C(=O)NCCCN(C)C)sc2ncnc(Nc3ccc(F)cc3OC(C)C)c12,0.741821047,train,butina,15,,,,
OCC1CCCCN1Cc1ccc(-c2ccccc2)cc1,1.368007805,train,butina,15,,,,
CC1(C)CC(Oc2ccc(-c3ccc(-c4cn[nH]c4)cc3O)nn2)CC(C)(C)N1,1.199947058,train,butina,15,,,,
Cc1ncsc1C(=O)N1CCCCC1c1nc(N)ncc1-c1cccc(C(F)(F)F)c1,0.615318657,train,butina,15,,,,
O=C(Nc1ccc2ccccc2n1)c1ccc(N2CCOC2=O)cc1,0.449015316,train,butina,15,,,,
C=CC(=O)Nc1cccc(Oc2nc(Nc3ccc(N4CCN(C)CC4)cc3)nc3ccoc23)c1,0.146128036,train,butina,15,,,,
CCN1CCN(S(=O)(=O)Cc2ccc(Cl)c(Cl)c2)CC1,1.249124949,train,butina,15,,,,
O=C(Nc1nc2cccc(-c3ccc(CN4CCS(=O)(=O)CC4)cc3)n2n1)C1CC1,1.681349797,train,butina,15,,,,
CCn1c(CO)nn(-c2cc(O[C@@H](C)C(F)(F)F)c(C(=O)Nc3c(F)cccc3Cl)cc2F)c1=O,0.975753389,train,butina,15,,,,
NCCN1CCN(C/C=C/C(=O)N2CCC[C@@H](n3nc(-c4ccc(Oc5ccccc5)cc4)c4c(N)ncnc43)C2)CC1,0.699837726,train,butina,15,,,,
Cn1c(C2CC2)nc2c1CCN(c1ncnc3ccsc13)C2,1.237065953,train,butina,15,,,,
COc1nn(C)cc1C(=O)Nc1cccc2cnccc12,1.504729052,train,butina,15,,,,
CNC(=O)C1(Cc2ccc(-c3ccncc3)cc2)CCN(Cc2cccc(F)c2)C1,1.10503305,train,butina,15,,,,
Cc1nc(Nc2nccs2)cc(C2CN(c3ncccn3)C2)n1,0.444669231,train,butina,15,,,,
COc1ccc(Nc2c(C#N)cnc3cc(OC)c(OC)cc23)cc1Cl,-0.033858267,train,butina,15,,,,
COc1ccc(CCCN2CCN(c3cnn(C)c3)C(=O)C2)cc1F,1.343408594,train,butina,15,,,,
CN(Cc1ccccc1)C1(C(=O)N2CCNC(=O)CC2)Cc2ccccc2C1,0.904931827,train,butina,15,,,,
CCC1=C(C)CN(C(=O)NCCc2ccc(S(=O)(=O)NC(=O)N[C@H]3CC[C@H](C)CC3)cc2)C1=O,-1.180456064,train,butina,15,,,,
CN(C)C(=O)C1(Cc2ccccc2-c2cccc(F)c2)CCN(C(=O)C2CC=CCC2)CC1,-0.104025268,train,butina,15,,,,
COCC(=O)N1CCC(Cc2ccccc2-c2cccc(F)c2)(C(=O)NC(C)C)CC1,0.596597096,train,butina,15,,,,
COc1ccc(CNC(=O)c2sc3nc(C)cc(C)c3c2N)cc1,-0.356547324,train,butina,15,,,,
C#C[C@@](C)(CC)NC(=O)c1cc(F)cnc1NC1CC(F)(F)C1,0.671265433,train,butina,15,,,,
Cn1cc(Nc2nc(N)nc(-c3cccc(-n4ccc5cc(C6CC6)cc(F)c5c4=O)c3CO)n2)cn1,0.850401148,train,butina,15,,,,
Cc1cnc(C(=O)NCCc2ccc(S(=O)(=O)NC(=O)NC3CCCCC3)cc2)cn1,0.01745073,train,butina,15,,,,
CNC(=O)C1(Cc2ccc(-c3cccnc3)cc2)CCN(Cc2ccc(F)cc2)C1,1.021602716,train,butina,15,,,,
CNC(=O)C1(Cc2ccc(-c3cccnc3)cc2)CCN(Cc2cccc(F)c2)C1,0.829753919,train,butina,15,,,,
CC(=O)Nc1ncc(CN2CCCC[C@@H]2C)s1,2.0,train,butina,15,,,,
O=C1CCCC[C@@H]2[C@H](C[C@@H](Cc3ccccc3F)N2C(=O)c2cccc3ncccc23)N1,1.277998644,train,butina,15,,,,
CCOc1cc(CC(=O)N[C@@H](CC(C)C)c2ccccc2N2CCCCC2)ccc1C(=O)O,0.106870544,train,butina,15,,,,
CC(O)(C#Cc1ccc2c(c1)N(c1nc(N)ncc1Cl)CC2)c1nccs1,-0.122628654,train,butina,15,,,,
COCCc1noc(CN2CC(c3ccccc3)(c3ccccc3)CCC2=O)n1,1.167051359,train,butina,15,,,,
Cc1[nH]nc2c1C1(CCCCC1)CC(=O)N2,1.323066376,train,butina,15,,,,
Cc1oc2ccccc2c1CNc1nnc(-c2ccncc2)o1,0.717254313,train,butina,15,,,,
O=C(Nc1cccc2ncccc12)[C@H]1CCCN(S(=O)(=O)c2ccccc2)C1,1.222560409,train,butina,15,,,,
C[C@@H]1Cc2ccccc2N1C(=O)Cn1nc(-c2cccc3ncccc23)oc1=O,0.224014811,train,butina,15,,,,
Nc1ncnc2c1c(-c1cnc3[nH]ccc3c1)nn2C1CCCC1,0.862608364,train,butina,15,,,,
O=C(Nc1cnccc1-c1ccc(Cl)cc1)c1ccnc(NC(=O)C2CC2)c1,0.369957607,train,butina,15,,,,
CN1C(N)=N[C@](C)(c2cc(NC(=O)c3ccc(F)cn3)ccc2F)CS1(=O)=O,1.560468571,train,butina,15,,,,
CCCCNC(=O)NS(=O)(=O)c1ccc(C)cc1,0.439332694,train,butina,15,,,,
Cc1cc(Nc2cnccn2)cc(C2CCCN(CC(=O)N3CCCC3)C2)n1,1.642246824,train,butina,15,,,,
Cc1cccnc1Nc1cccc(C2CCCN(CC(=O)Nc3nccs3)C2)n1,0.180699201,train,butina,15,,,,
CN(C)C(=O)C1(Cc2ccccc2-c2ccccc2)CCN(C(=O)c2cnn(C)c2)CC1,1.041353202,train,butina,15,,,,
CC1(C)CC(=O)C2=C(C1)NC(=O)CC2c1ccc(Br)cc1,1.159236233,train,butina,15,,,,
CN1CCN(S(=O)(=O)c2ccc(-c3cnc(N)c(C(=O)Nc4cccnc4)n3)cc2)CC1,1.078638038,train,butina,15,,,,
CNC(=O)C1(Cc2ccc(-c3cccnc3)cc2)CCN(Cc2ccccc2Cl)C1,0.387567779,train,butina,15,,,,
Cc1cc(N2CCCC2c2cc(CCC(=O)O)cc(C)n2)ncn1,2.0,train,butina,15,,,,
CCCNC(=O)NS(=O)(=O)c1ccc(Cl)cc1,0.969835093,train,butina,15,,,,
O=C(CN1CCCC(c2cccc(Cc3cccc(F)c3)n2)C1)N1CCCC1,1.062130535,train,butina,15,,,,
COc1cc2ncnc(Nc3cccc(O)c3)c2cc1OC,0.994317153,train,butina,15,,,,
Cc1cc(C)c2c(N)c(C(=O)NCc3ccc(Cl)cc3)sc2n1,-0.370590401,train,butina,15,,,,
COCCNC(=O)c1ccnc(C2CCNCC2)c1,2.0,train,butina,15,,,,
COc1nc2sc(C(=O)NC3CC3)c(N)c2c(C)c1Cl,0.245512668,train,butina,15,,,,
Cc1cc(N2CCCC2)nc(C2CCCN(C)C2)n1,2.0,train,butina,15,,,,
C[C@H]1CN(C2COC2)CCN1c1ccc(Nc2cc(-c3ccnc(N4CCn5c(cc6c5CC(C)(C)C6)C4=O)c3CO)cn(C)c2=O)nc1,1.209139536,train,butina,15,,,,
C=CC(=O)Nc1cccc(Nc2nc(Nc3ccc(Oc4ccnc(C(=O)NC)c4)cc3)ncc2F)c1,-0.403402904,train,butina,15,,,,
CC#CC(=O)N1CCC[C@@H]1c1nc(-c2ccc(C(=O)Nc3ccccn3)cc2)c2c(N)nccn12,0.975868182,train,butina,15,,,,
CC(=O)NCCNc1cc(Cl)nn2c(-c3cccc(S(=O)(=O)N(C)C)c3)c(C)nc12,0.681693392,train,butina,15,,,,
Cc1c[nH]c(=O)n1-c1ccc(C(=O)Nc2ccc3ccccc3n2)cc1,0.639386869,train,butina,15,,,,
CNC(=O)c1cccc(NC(=O)N2CCC(Oc3ccccc3Cl)CC2)c1,1.068760828,train,butina,15,,,,
COc1ccc(OCC(=O)Nc2cccc(Cl)c2N2CCN(C(C)=O)CC2)cc1,0.700790221,train,butina,15,,,,
c1ccc(-c2ccc(CN3CCCCCCC3)cc2)cc1,-0.614393726,train,butina,15,,,,
CC(=O)N1CCN(c2c(Cl)cccc2NC(=O)COc2ccccc2Cl)CC1,0.256958153,train,butina,15,,,,
CCC(=O)N1CCN(c2ccc(Cl)cc2NC(=O)COc2ccccc2)CC1,0.250420002,train,butina,15,,,,
Cc1ccc(Oc2ccc(Cl)cc2NC(=O)CN(C)CC(=O)N(C)C)cc1,-0.053056729,train,butina,15,,,,
CC1(C)Cc2cc(NC(=O)c3cnn4cccnc34)c(OCC3CC3)nc2O1,-0.199970641,train,butina,15,,,,
COc1cc2c(cc1OC)CN(CCc1ccc(NC(=O)c3cccc4c(O)c5cccc(OC)c5nc34)cc1)CC2,-1.207608311,train,butina,15,,,,
CCCc1nc2nc(C)c(NS(=O)(=O)c3ccc(C4CCCCC4)cc3)c(O)n2n1,-0.218963061,train,butina,15,,,,
COc1ccc([C@H]2c3[nH]c4ccc(Cl)cc4c3CCN2C(=O)Oc2ccc(Cl)cc2)cc1,1.51293775,train,butina,15,,,,
NC(=O)C1(Cc2ccc(-c3ccncc3)cc2)CCN(C(=O)Cc2cccc(F)c2)CC1,1.006508828,train,butina,15,,,,
CC(=O)Nc1ccc(O)cc1,1.887859133,train,butina,15,,,,
O=C(NC1CCNCC1)c1ccc2[nH]ncc2c1,1.842696589,train,butina,15,,,,
Cc1cccc(/C=N/Nc2cc(N3CCOCC3)nc(OCCc3ccccn3)n2)c1,-0.548213564,train,butina,15,,,,
CCn1c(=O)oc2cc(NC(=O)c3ccc(C(C)(C)C)cc3)ccc21,0.21005085,train,butina,15,,,,
COc1ccc(OC[C@@H]2c3cc(OC)c(OC)cc3CCN2C(=O)c2cccc(Cl)c2)cc1,-0.116906641,train,butina,15,,,,
CC(C)[C@H](CO)Nc1nc(Nc2cc(N)cc(Cl)c2)c2ncn(C(C)C)c2n1,-0.061980903,train,butina,15,,,,
O=C(NC1CCNCC1)c1ccc2cn[nH]c2c1,2.0,train,butina,15,,,,
CC(C)(C)OC(=O)N1CCCC1C(=O)N1CCC(C(=O)N[C@@H](Cc2c[nH]c3ccccc23)C(=O)O)CC1,1.691832676,train,butina,15,,,,
CC(=O)Nc1ncc(C(=O)O)s1,1.81935965,train,butina,15,,,,
Cc1cccc(-c2nc(C34CCC(C(N)=O)(CC3)CC4)[nH]c2-c2ccc3c(c2)OCO3)n1,1.02011257,train,butina,15,,,,
CC(C)[C@@](C)(O)[C@@H]1CN(c2nc(-c3n[nH]c4ncccc34)c(F)cc2Cl)CCN1,1.302460808,train,butina,15,,,,
Cc1nnc(-c2ccc(N3CCC(Oc4cc(F)ccc4Cl)CC3)nn2)o1,0.161068385,train,butina,15,,,,
Cc1cn2nc(-c3cc(=O)n4cc(N5CCNC6(CC6)C5)ccc4n3)cc(C)c2n1,0.985246791,train,butina,15,,,,
CCCS(=O)(=O)Nc1ccc(F)c(C(=O)c2c[nH]c3ncc(-c4ccc(Cl)cc4)cc23)c1F,-1.59345982,train,butina,15,,,,
Cc1ccc(OCC2(O)CCN(CC3(O)CCN(c4ccccc4C)CC3)CC2)cc1,-0.040481623,train,butina,15,,,,
CN(C(=O)c1cc(N2CCNC2=O)ccc1F)C1CCNC1,1.885728632,train,butina,15,,,,
O=C(Nc1cccc(N2CCNC2=O)c1)C1NCC12CCCC2,1.718202645,train,butina,15,,,,
NCC1CCCC1NC(=O)c1cc(N2CCNC2=O)ccc1F,1.87495702,train,butina,15,,,,
Cc1nnc(-c2ccc(N3CCC(Oc4ccccc4C(F)(F)F)CC3)nn2)s1,-0.906578315,train,butina,15,,,,
NC[C@H]1CC[C@@H](C(=O)Nc2ccc3[nH]ncc3c2)O1,1.981999714,train,butina,15,,,,
CN(C(=O)c1cc(N2CCNC2=O)ccc1F)C1CCC(N)CC1,1.828717885,train,butina,15,,,,
NC1CCCC1C(=O)N1CCC(c2c[nH]c3ncccc23)CC1,1.71701274,train,butina,15,,,,
NC1CCCC(C(=O)Nc2ccc3[nH]ncc3c2)C1,2.0,train,butina,15,,,,
NC1CC(NC(=O)c2ccc(-c3cn[nH]c3)cn2)C12CCC2,1.709702344,train,butina,15,,,,
NC1CCC(C(=O)N2CCC(c3c[nH]c4ncccc34)CC2)C1,1.917395215,train,butina,15,,,,
NC1CCCC(C(=O)N2CCC(c3c[nH]c4ncccc34)CC2)C1,1.752816431,train,butina,15,,,,
O=C(NC12CCCC1NCC2)c1ccc(-c2cn[nH]c2)cc1,2.0,train,butina,15,,,,
Cc1nc2cc(C(=O)NC34CCCC3NCC4)ccc2c(=O)[nH]1,1.866494097,train,butina,15,,,,
CNc1nc(C)cc(C(=O)Nc2ccc3[nH]ncc3c2)n1,1.493625323,train,butina,15,,,,
O=C(Nc1ccc(CN2CCCCC2)cc1)c1ccnc2[nH]cnc12,1.767526899,train,butina,15,,,,
CCc1c[nH]c2ncnc(N3CCC(CN4CCN(C)CC4)CC3)c12,1.728012707,train,butina,15,,,,
NC(=O)c1cnc(N2CCc3[nH]nc(C(F)(F)F)c3C2)c(Cl)c1,0.986009932,train,butina,15,,,,
NC1CCCC(C(=O)Nc2cccc(N3CCNC3=O)c2)C1,1.763113391,train,butina,15,,,,
CC1CC(N)CCN1C(=O)c1cc(N2CCNC2=O)c(F)cc1F,1.833504094,train,butina,15,,,,
c1sc(NCC2CCCO2)nc1C12CC3CC(CC(C3)C1)C2,-1.096910013,train,butina,15,,,,
CC#CC(=O)N[C@H]1CCCN(c2c(F)cc(C(N)=O)c3[nH]c(C)c(C)c23)C1,0.163856803,test,butina,15,1.3041476312000002,1.1990273113699998,0.7269210616000004,1.3099405078100004
CC(C)NC(=O)COc1cccc(-c2nc(Nc3ccc4[nH]ncc4c3)c3ccccc3n2)c1,-1.384078213,test,butina,15,0.6891699834399999,0.36373207044,0.24817459248999998,-0.06906873603999997
COc1ccc(S(=O)(=O)N2CCC(N3CCC(C)CC3)CC2)cc1,1.729799023,test,butina,15,0.7813162920800006,0.7380277127699999,0.7815160594300002,1.4316152193200002
C=CC(=O)N1C[C@H](Nc2ncnc3[nH]ccc23)CC[C@@H]1C,1.828227965,test,butina,15,1.3010590426600004,1.4608719124599994,0.8073038945700004,1.7773880088500003
Cn1cc(Nc2nccc(N3CC4CCC(C3)N4C(=O)[C@@H]3CC3(F)F)n2)cn1,1.642995934,test,butina,15,1.1581285204399998,1.0168414214700008,0.9906499235599998,1.44672739915
Cc1ncc(CN2CC[C@@H](Nc3cncc(Cl)n3)[C@@H](C)C2)s1,1.205461507,test,butina,15,0.7476563153500004,0.7516498780000002,0.78980627558,0.5189332795400001
C[C@@H]1CCN(C(=O)CC#N)C[C@@H]1N(C)c1ncnc2[nH]ccc12,1.991815076,test,butina,15,1.2823272548400002,1.25068688319,1.0597337927500006,1.7056191497500002
O=C1NCCN(C(=O)c2ccc3nccn3c2)C1c1ccccc1C(F)(F)F,1.851001366,test,butina,15,1.3169173985000002,0.7382659207500002,1.1326078835400002,1.2063477834
Cc1cc(F)ccc1C1C(=O)NCCN1C(=O)c1ccc2nccn2c1,1.78096503,test,butina,15,1.2175190344500006,0.83298827264,1.0565146496800002,1.32637722418
O=C1NCCN(C(=O)c2ccncc2)C1c1ccccc1Cl,1.876996793,test,butina,15,1.2358242533600006,0.8761928258200004,1.1449251049799998,1.3982795200400002
C[C@H]1CN(C(=O)CC(c2ccccc2)c2ccccc2)C[C@@H](C)O1,1.188253327,test,butina,15,0.8162797060700006,0.76891456805,0.72648375741,0.7982401891500003
CC(=O)N1CCN(c2nc(C(F)(F)F)nc3sc(C)c(C)c23)CC1,0.13481437,test,butina,15,0.5791687040300002,0.6543783036599998,0.4502316944800001,0.36966453234999996
Nc1ncc(C(=O)NC2CN(C(=O)C3CC3)C2)c2ccc(-c3cccc(F)c3)nc12,0.623352682,test,butina,15,0.5396037057500004,0.69374602436,0.44521690308999995,1.1757700080799998
Cc1nnc(-c2ccc3occ(-c4ccc(S(C)=O)cc4)c3c2)o1,0.193402903,test,butina,15,0.7018720197900001,0.76927338425,0.3500316156999999,0.4413858399800001
O=C(CCNC(=O)c1ccc(OC(F)(F)F)cc1)N[C@@H]1CCCc2ccccc21,0.526080692,test,butina,15,0.4687558208700001,0.6114933195100007,0.6440135711800002,0.28483457346999996
O=S(=O)(c1cccc2cnccc12)N1CCCNCC1,1.892077899,test,butina,15,1.1931832267299998,1.0025680992900003,1.29304689042,1.5186280169199995
CCN(C/C=C\c1ccc(C2CCCCC2)c(Cl)c1)C1CCCCC1,-0.853871964,test,butina,15,1.0251705433800005,0.6816479395100007,0.18712294218999984,0.15442295476000006
CC/C(=C(\c1ccccc1)c1ccc(OCCN(C)C)cc1)c1ccccc1,-0.580044252,test,butina,15,0.3175934420499999,0.08042334928999999,0.34485314396,-0.16960861554000004
Cc1ncc(CN2CCC(Nc3ccc4nnnn4n3)C(C)C2)s1,1.652285029,test,butina,15,0.6654655562600001,1.16658859799,0.7134703854400002,1.4205857809200007
Cc1noc(C(C)C)c1C(=O)N1CC(C)OC(c2ccccc2)C1,1.180469962,test,butina,15,0.8226973080400006,0.58459850738,1.2262108853600002,0.7400226178500005
Cc1c(F)cccc1NC(=O)CN1[C@H]2CCCC(=O)N[C@@]2(C)C[C@H]1Cc1ccccc1,0.595275712,test,butina,15,1.0931307846300002,0.8558868186499999,0.65934081819,0.7587033556300001
O=S(=O)(c1cccc2c(O)nccc12)N1CCCNCC1,1.850223373,test,butina,15,1.2002045759799997,0.9632900777699999,1.2825015991500002,1.39954309397
Cc1ccc(NC(=O)CN2[C@H]3CCCC(=O)N[C@@]3(C)C[C@H]2Cc2ccccc2)cc1F,-0.137272472,test,butina,15,1.0405443025300003,0.8799884832799998,0.5202202872000001,0.7346520085499998
CC1CN(C(=O)c2cccnc2N2CCOCC2)CC(c2ccccc2)O1,1.573185017,test,butina,15,0.6558374080000005,0.3803955312899999,1.3385941413400002,1.3245596768399994
CC1(CNC(=O)c2cncc(C3CCNCC3)n2)CCCO1,1.988550039,test,butina,15,1.80200661037,1.7403707136199997,1.4652132443600003,1.9005797530200002
O=C1NCCSc2c1sc1ccc(O)cc21,0.891593204,test,butina,15,1.0179662769400002,1.32107437069,0.8031258938400002,1.3563725772100002
CCn1cc(C(=O)O)c(=O)c2c(N)c(F)c(NC3CCCCC3)cc21,0.427486109,test,butina,15,0.9389819959000004,0.5059076987100002,0.65229142669,0.5702626224100003
C=CC(=O)N(C)CCOc1c(N)ncnc1-c1cc(F)cc(NC(=O)c2ccc(C3CC3)cc2F)c1C,0.838502776,test,butina,15,1.1211833372800002,0.38597849597999984,0.3755330884700001,0.14047135879
N#Cc1cc(F)c(NS(=O)(=O)c2c[nH]c3cc(Cl)ccc23)cc1F,-0.026872146,test,butina,15,0.5414734410300001,0.2714470590900001,0.5352288323200001,0.18654989152999996
N#Cc1ccc(COc2cccc(C3CCN(Cc4nc5ccc(C(=O)O)cc5n4C[C@@H]4CCO4)CC3)n2)c(F)c1,0.402433346,test,butina,15,0.7247066124700002,0.23247370253999997,0.04341884044000004,-0.040613842709999994
O=C(Nc1cccc2c(=O)cc(-c3nnn[nH]3)oc12)c1ccc(OCCCCc2ccccc2)cc1,0.582744966,test,butina,15,0.36223533822999987,0.18344612956000003,0.21608680152999984,-0.12509183722999995
COc1cc2nc(-c3cc(F)ccc3O)nc(N[C@@H]3CNC[C@H]3C(C)(C)O)c2cc1OC.Cl,-1.119186408,test,butina,15,0.8632764135600004,0.56280709266,0.27512063289999983,0.5884286803899998
Cn1c(-c2n[nH]c3c2CCCC3)nnc1N1CCC2(CNC(=O)C2)C1,1.792986685,test,butina,15,0.7515396652500002,1.3825486556700002,1.18332232806,1.5720285519800004
O=C(NCCc1ccccc1)c1ccc(NC(=O)N2CCCCc3ccccc32)cc1,0.075911761,test,butina,15,0.31126325976999974,0.3632884332799998,0.5591485754400001,0.11547265104999997
CC(C)(C)c1ccc(C(O)CN2CCC(O)(c3ccc4c(c3)OCO4)CC2)cc1,0.779018972,test,butina,15,0.6786766128100002,0.6874093793600001,0.4373407694400003,0.7488906126599999
CCOc1cc2nn(CCC(C)(C)O)cc2cc1NC(=O)c1cccc(C(F)F)n1,0.099680641,train,butina,16,,,,
CC(C)(Oc1ccc(-c2cnc(N)c(-c3ccc(Cl)cc3)c2)cc1)C(=O)O,-1.158015195,train,butina,16,,,,
CC(C)(O)CCn1cc2cc(NC(=O)c3cccc(C(F)(F)F)n3)c(C(C)(C)O)cc2n1,1.015611205,train,butina,16,,,,
CC#CC(=O)N[C@H]1CCCN(c2c(F)cc(C(N)=O)c3[nH]c(C)c(C)c23)C1,0.163856803,train,butina,16,,,,
COc1ccc(Cl)cc1C(=O)NCCc1ccc(S(=O)(=O)NC(=O)NC2CCCCC2)cc1,-0.91721463,train,butina,16,,,,
C=CC(=O)N1CCC[C@@H](n2nc(-c3ccc(Oc4ccccc4)cc3)c3c(N)ncnc32)C1,0.62603,train,butina,16,,,,
CC(C)NC(=O)COc1cccc(-c2nc(Nc3ccc4[nH]ncc4c3)c3ccccc3n2)c1,-1.384078213,train,butina,16,,,,
COc1ccc(S(=O)(=O)N2CCC(N3CCC(C)CC3)CC2)cc1,1.729799023,train,butina,16,,,,
CCn1c(-c2nonc2N)nc2cnc(Oc3cccc(NC(=O)c4ccc(OCCN5CCOCC5)cc4)c3)cc21,-0.449771647,train,butina,16,,,,
Cc1c[nH]c2nccc(Oc3c(F)cc(Nc4cc(Cl)nc(N)n4)cc3F)c12,-1.22184875,train,butina,16,,,,
CCCc1cc(N2CCc3c(nc(C4CC4)n3C)C2)n2ncnc2n1,1.677187053,train,butina,16,,,,
C=CC(=O)N1C[C@H](Nc2ncnc3[nH]ccc23)CC[C@@H]1C,1.828227965,train,butina,16,,,,
Cn1cc(Nc2nccc(N3CC4CCC(C3)N4C(=O)[C@@H]3CC3(F)F)n2)cn1,1.642995934,train,butina,16,,,,
[2H]C([2H])([2H])NC(=O)c1nnc(NC(=O)C2CC2)cc1Nc1cccc(-c2ncn(C)n2)c1OC,1.186566481,train,butina,16,,,,
C=CC(=O)N1CCC(CNc2ncnc(N)c2-c2ccc(Oc3ccccc3)cc2)CC1,0.752995432,train,butina,16,,,,
Nc1n[nH]cc1-c1cc(Cl)ccc1Oc1cc(F)c(S(=O)(=O)Nc2cscn2)cc1Cl,-0.354577731,train,butina,16,,,,
Cc1c(-c2c(F)cc(C(N)=O)c3[nH]c4c(c23)CC[C@H](C(C)(C)O)C4)cccc1-n1c(=O)c2cccc(F)c2n(C)c1=O,0.436162647,train,butina,16,,,,
Cn1cc(-c2cn3nccc3c(-c3cnn([C@]4(CC#N)C[C@@H](C#N)C4)c3)n2)cn1,1.559583476,train,butina,16,,,,
O=C(c1ccc(Oc2ccccc2)cc1Cl)c1c[nH]c2ncnc(N[C@@H]3CC[C@@H](CO)OC3)c12,-0.467245621,train,butina,16,,,,
CC(C)(C)c1ccc(-c2nc3n(c(=O)c2C#N)CCS3)cc1,0.731266349,train,butina,16,,,,
C=CC(=O)Nc1cccc(Oc2nc(Nc3ccc(N4CCN(C)CC4)cc3)nc3ccsc23)c1,-0.049635146,train,butina,16,,,,
CC#CC(=O)N1CC[C@@H](n2c(=O)n(-c3ccc(Oc4ccccc4)cc3)c3c(N)ncnc32)C1,0.935859798,train,butina,16,,,,
C=CC(=O)N1CCC([C@@H]2CCNc3c(C(N)=O)c(-c4ccc(Oc5ccccc5)cc4)nn32)CC1,0.968996327,train,butina,16,,,,
C=CC(=O)N1CCC[C@H](n2c(=O)n(-c3ccc(Oc4ccccc4)cc3)c3c(N)ncnc32)C1,0.983851719,train,butina,16,,,,
CC(C)(C=C(C#N)C(=O)N1CCC[C@@H](n2nc(-c3ccc(Oc4ccccc4)cc3F)c3c(N)ncnc32)C1)N1CCN(C2COC2)CC1,0.276231958,train,butina,16,,,,
CC#CC(=O)N1CC[C@@H](n2cc(-c3ccc(Oc4c(F)cccc4F)cc3)c3c(N)n[nH]c(=O)c32)C1,-0.073143291,train,butina,16,,,,
C=CC(=O)Nc1cccc(Oc2nc(Nc3ccc(N4CCN(C)CC4)c(F)c3)nc3[nH]ccc23)c1,0.039414119,train,butina,16,,,,
C[C@@H]1c2nnn(-c3ncc(F)cn3)c2CCN1C(=O)c1cccc(C(F)(F)F)c1Cl,0.969089603,train,butina,16,,,,
COc1ccccc1-c1cc(NC(=O)c2cccc(N3CCNC3=O)c2)[nH]n1,-0.397940009,train,butina,16,,,,
Nc1ncc(-c2cccc(C(F)(F)F)c2)c(C2CCCCN2C(=O)c2ccccc2)n1,-0.04431225,train,butina,16,,,,
O=C(Nc1cccc(-c2nncn2C2CC2)c1)c1cc(-n2cnc(C3CC3)c2)ccn1,0.262925469,train,butina,16,,,,
Fc1ccccc1-c1c[nH]nc1C1CCCN1Cc1ccc2ncccc2c1,0.545801757,train,butina,16,,,,
Cc1nccc(-c2cn(Cc3ccccc3)c3cnccc23)n1,1.122707254,train,butina,16,,,,
CCc1nc(C)cn2nc(-c3cc(=O)n4cc(C5CCN(C)CC5)cc(C)c4n3)cc12,0.868232868,train,butina,16,,,,
Cc1c(Cl)ccc2cc3n(c12)[C@@H](C)CNC3=O,0.328379603,train,butina,16,,,,
Nc1ncnc2c1c(-c1ccc(Oc3ccccc3)cc1)nn2[C@@H]1CCCNC1,0.956648579,train,butina,16,,,,
Cc1nnc(CN(C)CC(C)Oc2ccc(Cl)c(Cl)c2)n1C,0.926290987,train,butina,16,,,,
COc1nn(C)cc1C(=O)Nc1cccc(-c2cnc3n2CCC3)c1,0.866877814,train,butina,16,,,,
COc1cc(F)ccc1-c1ncnc(Nc2cccc(C[S@@](C)(=N)=O)c2)n1,1.594922663,train,butina,16,,,,
Cc1ncc(CN2CC[C@@H](Nc3cncc(Cl)n3)[C@@H](C)C2)s1,1.205461507,train,butina,16,,,,
CCc1nc2c(C)cc(N3CCN(CC(=O)N4CC(O)C4)CC3)cn2c1N(C)c1nc(-c2ccc(F)cc2)c(C#N)s1,-0.204728421,train,butina,16,,,,
C[C@@H]1CCN(C(=O)CC#N)C[C@@H]1N(C)c1ncnc2[nH]ccc12,1.991815076,train,butina,16,,,,
CC(=O)Nc1ccc(C(=O)N2CCCCC2c2nc(N)ncc2-c2ccc(Cl)cc2)cc1,0.596926814,train,butina,16,,,,
CC(=O)Nc1ccc(C(=O)N2CCCCC2c2nc(N)ncc2-c2cccc(Cl)c2)cc1,0.520483533,train,butina,16,,,,
O=C1NCCN(C(=O)c2ccc3nccn3c2)C1c1ccccc1C(F)(F)F,1.851001366,train,butina,16,,,,
Cc1cc(F)ccc1C1C(=O)NCCN1C(=O)c1ccc2nccn2c1,1.78096503,train,butina,16,,,,
O=C1NCCN(C(=O)c2ccncc2)C1c1ccccc1Cl,1.876996793,train,butina,16,,,,
C[C@H]1CN(C(=O)CC(c2ccccc2)c2ccccc2)C[C@@H](C)O1,1.188253327,train,butina,16,,,,
CC(C)(C)C(=O)N1CCC(Cc2ccc(-c3cccs3)cc2)(C(=O)N2CCCC2)CC1,-0.1837587,train,butina,16,,,,
OC[C@H](Nc1cncc(-c2ccc3[nH]ncc3n2)c1)c1ccccc1,1.017826038,train,butina,16,,,,
Cc1ncsc1C(=O)N1CCCCC1c1nc(N(C)C)ncc1-c1cccc(Cl)c1,-0.083019953,train,butina,16,,,,
OCC1CCCCN1Cc1ccc(Cl)c(Cl)c1,1.390069186,train,butina,16,,,,
CC(=O)N1CCN(c2nc(C(F)(F)F)nc3sc(C)c(C)c23)CC1,0.13481437,train,butina,16,,,,
COc1ccccc1C(=O)Nc1ccc2cc[nH]c2c1,0.505149978,train,butina,16,,,,
c1ccc(Oc2cccc(CN(CCN3CCOCC3)Cc3cccnc3)c2)cc1,-0.222573178,train,butina,16,,,,
COc1ccc([C@H]2CN(C(C)=O)[C@@H]3CCCN(Cc4cccc(F)c4)[C@H]23)cc1,0.595385981,train,butina,16,,,,
Cc1c(C(=O)NCCCN(C)C)sc2ncnc(Nc3ccc(F)cc3OC(C)C)c12,0.741821047,train,butina,16,,,,
OCC1CCCCN1Cc1ccc(-c2ccccc2)cc1,1.368007805,train,butina,16,,,,
Nc1ncc(C(=O)NC2CN(C(=O)C3CC3)C2)c2ccc(-c3cccc(F)c3)nc12,0.623352682,train,butina,16,,,,
Cc1nnc(-c2ccc3occ(-c4ccc(S(C)=O)cc4)c3c2)o1,0.193402903,train,butina,16,,,,
Cc1ncsc1C(=O)N1CCCCC1c1nc(N)ncc1-c1cccc(C(F)(F)F)c1,0.615318657,train,butina,16,,,,
O=C(CCNC(=O)c1ccc(OC(F)(F)F)cc1)N[C@@H]1CCCc2ccccc21,0.526080692,train,butina,16,,,,
O=S(=O)(c1cccc2cnccc12)N1CCCNCC1,1.892077899,train,butina,16,,,,
C=CC(=O)Nc1cccc(Oc2nc(Nc3ccc(N4CCN(C)CC4)cc3)nc3ccoc23)c1,0.146128036,train,butina,16,,,,
CCN1CCN(S(=O)(=O)Cc2ccc(Cl)c(Cl)c2)CC1,1.249124949,train,butina,16,,,,
O=C(Nc1nc2cccc(-c3ccc(CN4CCS(=O)(=O)CC4)cc3)n2n1)C1CC1,1.681349797,train,butina,16,,,,
CCn1c(CO)nn(-c2cc(O[C@@H](C)C(F)(F)F)c(C(=O)Nc3c(F)cccc3Cl)cc2F)c1=O,0.975753389,train,butina,16,,,,
CCN(C/C=C\c1ccc(C2CCCCC2)c(Cl)c1)C1CCCCC1,-0.853871964,train,butina,16,,,,
NCCN1CCN(C/C=C/C(=O)N2CCC[C@@H](n3nc(-c4ccc(Oc5ccccc5)cc4)c4c(N)ncnc43)C2)CC1,0.699837726,train,butina,16,,,,
Cn1c(C2CC2)nc2c1CCN(c1ncnc3ccsc13)C2,1.237065953,train,butina,16,,,,
CC/C(=C(\c1ccccc1)c1ccc(OCCN(C)C)cc1)c1ccccc1,-0.580044252,train,butina,16,,,,
COc1nn(C)cc1C(=O)Nc1cccc2cnccc12,1.504729052,train,butina,16,,,,
CNC(=O)C1(Cc2ccc(-c3ccncc3)cc2)CCN(Cc2cccc(F)c2)C1,1.10503305,train,butina,16,,,,
Cc1ncc(CN2CCC(Nc3ccc4nnnn4n3)C(C)C2)s1,1.652285029,train,butina,16,,,,
COc1ccc(Nc2c(C#N)cnc3cc(OC)c(OC)cc23)cc1Cl,-0.033858267,train,butina,16,,,,
COc1ccc(CCCN2CCN(c3cnn(C)c3)C(=O)C2)cc1F,1.343408594,train,butina,16,,,,
Cc1noc(C(C)C)c1C(=O)N1CC(C)OC(c2ccccc2)C1,1.180469962,train,butina,16,,,,
CN(Cc1ccccc1)C1(C(=O)N2CCNC(=O)CC2)Cc2ccccc2C1,0.904931827,train,butina,16,,,,
Cc1c(F)cccc1NC(=O)CN1[C@H]2CCCC(=O)N[C@@]2(C)C[C@H]1Cc1ccccc1,0.595275712,train,butina,16,,,,
CCC1=C(C)CN(C(=O)NCCc2ccc(S(=O)(=O)NC(=O)N[C@H]3CC[C@H](C)CC3)cc2)C1=O,-1.180456064,train,butina,16,,,,
O=S(=O)(c1cccc2c(O)nccc12)N1CCCNCC1,1.850223373,train,butina,16,,,,
Cc1ccc(NC(=O)CN2[C@H]3CCCC(=O)N[C@@]3(C)C[C@H]2Cc2ccccc2)cc1F,-0.137272472,train,butina,16,,,,
COCC(=O)N1CCC(Cc2ccccc2-c2cccc(F)c2)(C(=O)NC(C)C)CC1,0.596597096,train,butina,16,,,,
COc1ccc(CNC(=O)c2sc3nc(C)cc(C)c3c2N)cc1,-0.356547324,train,butina,16,,,,
C#C[C@@](C)(CC)NC(=O)c1cc(F)cnc1NC1CC(F)(F)C1,0.671265433,train,butina,16,,,,
Cc1cnc(C(=O)NCCc2ccc(S(=O)(=O)NC(=O)NC3CCCCC3)cc2)cn1,0.01745073,train,butina,16,,,,
CNC(=O)C1(Cc2ccc(-c3cccnc3)cc2)CCN(Cc2ccc(F)cc2)C1,1.021602716,train,butina,16,,,,
CNC(=O)C1(Cc2ccc(-c3cccnc3)cc2)CCN(Cc2cccc(F)c2)C1,0.829753919,train,butina,16,,,,
O=C1CCCC[C@@H]2[C@H](C[C@@H](Cc3ccccc3F)N2C(=O)c2cccc3ncccc23)N1,1.277998644,train,butina,16,,,,
CCOc1cc(CC(=O)N[C@@H](CC(C)C)c2ccccc2N2CCCCC2)ccc1C(=O)O,0.106870544,train,butina,16,,,,
CC(O)(C#Cc1ccc2c(c1)N(c1nc(N)ncc1Cl)CC2)c1nccs1,-0.122628654,train,butina,16,,,,
Cc1oc2ccccc2c1CNc1nnc(-c2ccncc2)o1,0.717254313,train,butina,16,,,,
O=C(Nc1cccc2ncccc12)[C@H]1CCCN(S(=O)(=O)c2ccccc2)C1,1.222560409,train,butina,16,,,,
Nc1ncnc2c1c(-c1cnc3[nH]ccc3c1)nn2C1CCCC1,0.862608364,train,butina,16,,,,
O=C(Nc1cnccc1-c1ccc(Cl)cc1)c1ccnc(NC(=O)C2CC2)c1,0.369957607,train,butina,16,,,,
CN1C(N)=N[C@](C)(c2cc(NC(=O)c3ccc(F)cn3)ccc2F)CS1(=O)=O,1.560468571,train,butina,16,,,,
CC1CN(C(=O)c2cccnc2N2CCOCC2)CC(c2ccccc2)O1,1.573185017,train,butina,16,,,,
CCCCNC(=O)NS(=O)(=O)c1ccc(C)cc1,0.439332694,train,butina,16,,,,
CC1(C)CC(=O)C2=C(C1)NC(=O)CC2c1ccc(Br)cc1,1.159236233,train,butina,16,,,,
CNC(=O)C1(Cc2ccc(-c3cccnc3)cc2)CCN(Cc2ccccc2Cl)C1,0.387567779,train,butina,16,,,,
Cc1cc(N2CCCC2c2cc(CCC(=O)O)cc(C)n2)ncn1,2.0,train,butina,16,,,,
CCCNC(=O)NS(=O)(=O)c1ccc(Cl)cc1,0.969835093,train,butina,16,,,,
O=C(CN1CCCC(c2cccc(Cc3cccc(F)c3)n2)C1)N1CCCC1,1.062130535,train,butina,16,,,,
COc1cc2ncnc(Nc3cccc(O)c3)c2cc1OC,0.994317153,train,butina,16,,,,
Cc1cc(C)c2c(N)c(C(=O)NCc3ccc(Cl)cc3)sc2n1,-0.370590401,train,butina,16,,,,
COCCNC(=O)c1ccnc(C2CCNCC2)c1,2.0,train,butina,16,,,,
COc1nc2sc(C(=O)NC3CC3)c(N)c2c(C)c1Cl,0.245512668,train,butina,16,,,,
CC1(CNC(=O)c2cncc(C3CCNCC3)n2)CCCO1,1.988550039,train,butina,16,,,,
O=C1NCCSc2c1sc1ccc(O)cc21,0.891593204,train,butina,16,,,,
CCn1cc(C(=O)O)c(=O)c2c(N)c(F)c(NC3CCCCC3)cc21,0.427486109,train,butina,16,,,,
C[C@H]1CN(C2COC2)CCN1c1ccc(Nc2cc(-c3ccnc(N4CCn5c(cc6c5CC(C)(C)C6)C4=O)c3CO)cn(C)c2=O)nc1,1.209139536,train,butina,16,,,,
C=CC(=O)Nc1cccc(Nc2nc(Nc3ccc(Oc4ccnc(C(=O)NC)c4)cc3)ncc2F)c1,-0.403402904,train,butina,16,,,,
C=CC(=O)N(C)CCOc1c(N)ncnc1-c1cc(F)cc(NC(=O)c2ccc(C3CC3)cc2F)c1C,0.838502776,train,butina,16,,,,
CC#CC(=O)N1CCC[C@@H]1c1nc(-c2ccc(C(=O)Nc3ccccn3)cc2)c2c(N)nccn12,0.975868182,train,butina,16,,,,
CC(=O)NCCNc1cc(Cl)nn2c(-c3cccc(S(=O)(=O)N(C)C)c3)c(C)nc12,0.681693392,train,butina,16,,,,
CNC(=O)c1cccc(NC(=O)N2CCC(Oc3ccccc3Cl)CC2)c1,1.068760828,train,butina,16,,,,
COc1ccc(OCC(=O)Nc2cccc(Cl)c2N2CCN(C(C)=O)CC2)cc1,0.700790221,train,butina,16,,,,
c1ccc(-c2ccc(CN3CCCCCCC3)cc2)cc1,-0.614393726,train,butina,16,,,,
CC(=O)N1CCN(c2c(Cl)cccc2NC(=O)COc2ccccc2Cl)CC1,0.256958153,train,butina,16,,,,
CCC(=O)N1CCN(c2ccc(Cl)cc2NC(=O)COc2ccccc2)CC1,0.250420002,train,butina,16,,,,
Cc1ccc(Oc2ccc(Cl)cc2NC(=O)CN(C)CC(=O)N(C)C)cc1,-0.053056729,train,butina,16,,,,
CC1(C)Cc2cc(NC(=O)c3cnn4cccnc34)c(OCC3CC3)nc2O1,-0.199970641,train,butina,16,,,,
N#Cc1cc(F)c(NS(=O)(=O)c2c[nH]c3cc(Cl)ccc23)cc1F,-0.026872146,train,butina,16,,,,
COc1cc2c(cc1OC)CN(CCc1ccc(NC(=O)c3cccc4c(O)c5cccc(OC)c5nc34)cc1)CC2,-1.207608311,train,butina,16,,,,
CCCc1nc2nc(C)c(NS(=O)(=O)c3ccc(C4CCCCC4)cc3)c(O)n2n1,-0.218963061,train,butina,16,,,,
COc1ccc([C@H]2c3[nH]c4ccc(Cl)cc4c3CCN2C(=O)Oc2ccc(Cl)cc2)cc1,1.51293775,train,butina,16,,,,
NC(=O)C1(Cc2ccc(-c3ccncc3)cc2)CCN(C(=O)Cc2cccc(F)c2)CC1,1.006508828,train,butina,16,,,,
CC(=O)Nc1ccc(O)cc1,1.887859133,train,butina,16,,,,
O=C(NC1CCNCC1)c1ccc2[nH]ncc2c1,1.842696589,train,butina,16,,,,
Cc1cccc(/C=N/Nc2cc(N3CCOCC3)nc(OCCc3ccccn3)n2)c1,-0.548213564,train,butina,16,,,,
COc1ccc(OC[C@@H]2c3cc(OC)c(OC)cc3CCN2C(=O)c2cccc(Cl)c2)cc1,-0.116906641,train,butina,16,,,,
N#Cc1ccc(COc2cccc(C3CCN(Cc4nc5ccc(C(=O)O)cc5n4C[C@@H]4CCO4)CC3)n2)c(F)c1,0.402433346,train,butina,16,,,,
CC(C)[C@H](CO)Nc1nc(Nc2cc(N)cc(Cl)c2)c2ncn(C(C)C)c2n1,-0.061980903,train,butina,16,,,,
O=C(NC1CCNCC1)c1ccc2cn[nH]c2c1,2.0,train,butina,16,,,,
O=C(Nc1cccc2c(=O)cc(-c3nnn[nH]3)oc12)c1ccc(OCCCCc2ccccc2)cc1,0.582744966,train,butina,16,,,,
COc1cc2nc(-c3cc(F)ccc3O)nc(N[C@@H]3CNC[C@H]3C(C)(C)O)c2cc1OC.Cl,-1.119186408,train,butina,16,,,,
Cc1nnc(-c2ccc(N3CCC(Oc4cc(F)ccc4Cl)CC3)nn2)o1,0.161068385,train,butina,16,,,,
Cc1cn2nc(-c3cc(=O)n4cc(N5CCNC6(CC6)C5)ccc4n3)cc(C)c2n1,0.985246791,train,butina,16,,,,
CCCS(=O)(=O)Nc1ccc(F)c(C(=O)c2c[nH]c3ncc(-c4ccc(Cl)cc4)cc23)c1F,-1.59345982,train,butina,16,,,,
Cc1ccc(OCC2(O)CCN(CC3(O)CCN(c4ccccc4C)CC3)CC2)cc1,-0.040481623,train,butina,16,,,,
O=C(Nc1cccc(N2CCNC2=O)c1)C1NCC12CCCC2,1.718202645,train,butina,16,,,,
NCC1CCCC1NC(=O)c1cc(N2CCNC2=O)ccc1F,1.87495702,train,butina,16,,,,
Cn1c(-c2n[nH]c3c2CCCC3)nnc1N1CCC2(CNC(=O)C2)C1,1.792986685,train,butina,16,,,,
Cc1nnc(-c2ccc(N3CCC(Oc4ccccc4C(F)(F)F)CC3)nn2)s1,-0.906578315,train,butina,16,,,,
O=C(NCCc1ccccc1)c1ccc(NC(=O)N2CCCCc3ccccc32)cc1,0.075911761,train,butina,16,,,,
CC(C)(C)c1ccc(C(O)CN2CCC(O)(c3ccc4c(c3)OCO4)CC2)cc1,0.779018972,train,butina,16,,,,
NC[C@H]1CC[C@@H](C(=O)Nc2ccc3[nH]ncc3c2)O1,1.981999714,train,butina,16,,,,
CN(C(=O)c1cc(N2CCNC2=O)ccc1F)C1CCC(N)CC1,1.828717885,train,butina,16,,,,
NC1CCCC1C(=O)N1CCC(c2c[nH]c3ncccc23)CC1,1.71701274,train,butina,16,,,,
NC1CCCC(C(=O)Nc2ccc3[nH]ncc3c2)C1,2.0,train,butina,16,,,,
NC1CC(NC(=O)c2ccc(-c3cn[nH]c3)cn2)C12CCC2,1.709702344,train,butina,16,,,,
NC1CCC(C(=O)N2CCC(c3c[nH]c4ncccc34)CC2)C1,1.917395215,train,butina,16,,,,
NC1CCCC(C(=O)N2CCC(c3c[nH]c4ncccc34)CC2)C1,1.752816431,train,butina,16,,,,
O=C(NC12CCCC1NCC2)c1ccc(-c2cn[nH]c2)cc1,2.0,train,butina,16,,,,
Cc1nc2cc(C(=O)NC34CCCC3NCC4)ccc2c(=O)[nH]1,1.866494097,train,butina,16,,,,
CNc1nc(C)cc(C(=O)Nc2ccc3[nH]ncc3c2)n1,1.493625323,train,butina,16,,,,
CCc1c[nH]c2ncnc(N3CCC(CN4CCN(C)CC4)CC3)c12,1.728012707,train,butina,16,,,,
NC(=O)c1cnc(N2CCc3[nH]nc(C(F)(F)F)c3C2)c(Cl)c1,0.986009932,train,butina,16,,,,
NC1CCCC(C(=O)Nc2cccc(N3CCNC3=O)c2)C1,1.763113391,train,butina,16,,,,
CC1CC(N)CCN1C(=O)c1cc(N2CCNC2=O)c(F)cc1F,1.833504094,train,butina,16,,,,
c1sc(NCC2CCCO2)nc1C12CC3CC(CC(C3)C1)C2,-1.096910013,train,butina,16,,,,
CNc1cc(Nc2cccn(-c3ccccn3)c2=O)nn2c(C(=O)N[C@@H]3C[C@@H]3F)cnc12,0.991226076,test,butina,16,0.47823193593,0.5640221019100002,0.78373253533,1.0882419530299996
CN(c1ncc(F)cn1)[C@H]1CCCNC1,2.0,test,butina,16,1.5059754727900008,1.43566172462,0.9876141529400002,1.6699544093399998
CCS(=O)(=O)N1CC(CC#N)(n2cc(-c3ncnc4[nH]ccc34)cn2)C1,1.378597739,test,butina,16,1.1048061792900001,1.2285970803799995,0.7801641825699999,1.4236952112999992
COc1cc2c(cc1OC)CC(=O)N(CCCN(C)C[C@H]1Cc3cc(OC)c(OC)cc31)CC2,1.730984039,test,butina,16,0.6085553733200001,0.46699885222000004,0.49378383949000015,0.17234521225000005
Fc1ccc(-c2ccc3c(c2)[nH]c2ccncc23)cn1,0.653405491,test,butina,16,1.2597709150000005,0.78440731022,0.6147557892100002,0.5714310022699999
Nc1c(F)ccc2cnc(-n3ccc4ccncc43)cc12,0.713910354,test,butina,16,0.9270322121900004,0.5507149742999998,0.6073642046500002,0.62515440143
N#CC[C@H](C1CCCC1)n1cc(-c2ncnc3[nH]ccc23)cn1,0.630986911,test,butina,16,1.3459942359100001,1.2997840517699997,0.6051248336300001,0.6782432038900004
Cc1ccc(C(=O)N2CCC(Cc3ccccc3-c3ccccc3)(C(=O)N(C)C)CC2)s1,-0.293282218,test,butina,16,0.5250806232100003,0.35607061299000015,0.4204933483600001,0.16151097520000005
CN(C)C(=O)C1(Cc2ccccc2-c2ccccc2)CCN(C(=O)C2CCCO2)CC1,0.902546779,test,butina,16,0.7226866799500001,0.6026738113,0.6710393960900002,0.6768785893900001
O=C1CN(c2ccc(Nc3nccc(C(F)(F)F)n3)cn2)CCN1,1.543819805,test,butina,16,1.2433129394900007,1.3994647112900005,0.8601388821899997,1.1919544606100003
CN1[C@H]2CC[C@@H]1C[C@@H](OC(c1ccccc1)c1ccccc1)C2,1.106122874,test,butina,16,0.9502274345300001,0.6657606286700001,0.2859256264299999,0.63823734803
CC1(C)CC(Oc2ccc(-c3ccc(-c4cn[nH]c4)cc3O)nn2)CC(C)(C)N1,1.199947058,test,butina,16,0.9716050565300004,0.27836496362,0.8548457292000002,0.32462596242999986
O=C(Nc1ccc2ccccc2n1)c1ccc(N2CCOC2=O)cc1,0.449015316,test,butina,16,0.7716688710100003,1.01535430716,0.7445569777899999,0.49671995627000015
Cc1nc(Nc2nccs2)cc(C2CN(c3ncccn3)C2)n1,0.444669231,test,butina,16,0.38387851549000024,1.1820749267300008,0.9303028854600002,1.1180762963200002
CN(C)C(=O)C1(Cc2ccccc2-c2cccc(F)c2)CCN(C(=O)C2CC=CCC2)CC1,-0.104025268,test,butina,16,0.7070621836500002,0.47972972794,0.38113484115000007,0.41745587700000025
Cn1cc(Nc2nc(N)nc(-c3cccc(-n4ccc5cc(C6CC6)cc(F)c5c4=O)c3CO)n2)cn1,0.850401148,test,butina,16,1.0502693897700002,0.4266953611000001,0.6440959479999999,0.26434741398000006
CC(=O)Nc1ncc(CN2CCCC[C@@H]2C)s1,2.0,test,butina,16,1.1003055709100003,0.8579717130100002,0.6548785016900002,1.7540133495599997
COCCc1noc(CN2CC(c3ccccc3)(c3ccccc3)CCC2=O)n1,1.167051359,test,butina,16,0.5682278272600001,0.5032732910100003,0.6547056876100001,0.6908436837500002
Cc1[nH]nc2c1C1(CCCCC1)CC(=O)N2,1.323066376,test,butina,16,0.9411269261700005,1.0755056766700004,1.0766181157,1.7885125999899998
C[C@@H]1Cc2ccccc2N1C(=O)Cn1nc(-c2cccc3ncccc23)oc1=O,0.224014811,test,butina,16,0.7464194476400003,0.61733872871,0.47946453014,0.59080164168
Cc1cc(Nc2cnccn2)cc(C2CCCN(CC(=O)N3CCCC3)C2)n1,1.642246824,test,butina,16,1.07524617925,0.9818576671300001,0.8151963481400002,1.3668112501700003
Cc1cccnc1Nc1cccc(C2CCCN(CC(=O)Nc3nccs3)C2)n1,0.180699201,test,butina,16,0.7178471451100005,0.4981100745100004,0.6021131068000003,0.15933880014000001
CN(C)C(=O)C1(Cc2ccccc2-c2ccccc2)CCN(C(=O)c2cnn(C)c2)CC1,1.041353202,test,butina,16,0.8240869986300003,0.6416696537200001,0.6554564223100003,0.7279808873900002
CN1CCN(S(=O)(=O)c2ccc(-c3cnc(N)c(C(=O)Nc4cccnc4)n3)cc2)CC1,1.078638038,test,butina,16,0.23419136687999997,0.5123879883800001,0.7841586841200002,0.89044493373
Cc1cc(N2CCCC2)nc(C2CCCN(C)C2)n1,2.0,test,butina,16,1.0671788153700001,1.6134095594500002,1.3101716048900007,1.7846483982899997
Cc1c[nH]c(=O)n1-c1ccc(C(=O)Nc2ccc3ccccc3n2)cc1,0.639386869,test,butina,16,1.0493357466000006,0.7752460028400001,0.8252601528200003,0.5143954544100002
CCn1c(=O)oc2cc(NC(=O)c3ccc(C(C)(C)C)cc3)ccc21,0.21005085,test,butina,16,1.0259587959200007,0.5461575743400001,0.6680412916800005,0.41530858436
CC(C)(C)OC(=O)N1CCCC1C(=O)N1CCC(C(=O)N[C@@H](Cc2c[nH]c3ccccc23)C(=O)O)CC1,1.691832676,test,butina,16,0.7566984545800005,0.4339455460099999,1.0331117950800002,0.18375174283000004
CC(=O)Nc1ncc(C(=O)O)s1,1.81935965,test,butina,16,0.9099605069500006,1.1227548410600003,0.84379438752,1.373293092020001
Cc1cccc(-c2nc(C34CCC(C(N)=O)(CC3)CC4)[nH]c2-c2ccc3c(c2)OCO3)n1,1.02011257,test,butina,16,1.0405190689700003,0.4762967380400002,0.14782830207,0.49924740822000024
CC(C)[C@@](C)(O)[C@@H]1CN(c2nc(-c3n[nH]c4ncccc34)c(F)cc2Cl)CCN1,1.302460808,test,butina,16,1.17773298812,0.5078643067400003,0.8999234709400001,0.3254494502999997
CN(C(=O)c1cc(N2CCNC2=O)ccc1F)C1CCNC1,1.885728632,test,butina,16,1.6242963943300015,1.7100647424900002,1.2652631419400004,1.8450808281000004
O=C(Nc1ccc(CN2CCCCC2)cc1)c1ccnc2[nH]cnc12,1.767526899,test,butina,16,0.6266996702799997,1.0703534756499997,0.9916104809100001,0.7006954867600002
CNc1cc(Nc2cccn(-c3ccccn3)c2=O)nn2c(C(=O)N[C@@H]3C[C@@H]3F)cnc12,0.991226076,train,butina,17,,,,
CCOc1cc2nn(CCC(C)(C)O)cc2cc1NC(=O)c1cccc(C(F)F)n1,0.099680641,train,butina,17,,,,
CN(c1ncc(F)cn1)[C@H]1CCCNC1,2.0,train,butina,17,,,,
CC(C)(Oc1ccc(-c2cnc(N)c(-c3ccc(Cl)cc3)c2)cc1)C(=O)O,-1.158015195,train,butina,17,,,,
CC(C)(O)CCn1cc2cc(NC(=O)c3cccc(C(F)(F)F)n3)c(C(C)(C)O)cc2n1,1.015611205,train,butina,17,,,,
CC#CC(=O)N[C@H]1CCCN(c2c(F)cc(C(N)=O)c3[nH]c(C)c(C)c23)C1,0.163856803,train,butina,17,,,,
CC(C)NC(=O)COc1cccc(-c2nc(Nc3ccc4[nH]ncc4c3)c3ccccc3n2)c1,-1.384078213,train,butina,17,,,,
CCS(=O)(=O)N1CC(CC#N)(n2cc(-c3ncnc4[nH]ccc34)cn2)C1,1.378597739,train,butina,17,,,,
COc1ccc(S(=O)(=O)N2CCC(N3CCC(C)CC3)CC2)cc1,1.729799023,train,butina,17,,,,
Cc1c[nH]c2nccc(Oc3c(F)cc(Nc4cc(Cl)nc(N)n4)cc3F)c12,-1.22184875,train,butina,17,,,,
COc1cc2c(cc1OC)CC(=O)N(CCCN(C)C[C@H]1Cc3cc(OC)c(OC)cc31)CC2,1.730984039,train,butina,17,,,,
Fc1ccc(-c2ccc3c(c2)[nH]c2ccncc23)cn1,0.653405491,train,butina,17,,,,
Nc1c(F)ccc2cnc(-n3ccc4ccncc43)cc12,0.713910354,train,butina,17,,,,
C=CC(=O)N1C[C@H](Nc2ncnc3[nH]ccc23)CC[C@@H]1C,1.828227965,train,butina,17,,,,
Cn1cc(Nc2nccc(N3CC4CCC(C3)N4C(=O)[C@@H]3CC3(F)F)n2)cn1,1.642995934,train,butina,17,,,,
Nc1n[nH]cc1-c1cc(Cl)ccc1Oc1cc(F)c(S(=O)(=O)Nc2cscn2)cc1Cl,-0.354577731,train,butina,17,,,,
Cn1cc(-c2cn3nccc3c(-c3cnn([C@]4(CC#N)C[C@@H](C#N)C4)c3)n2)cn1,1.559583476,train,butina,17,,,,
O=C(c1ccc(Oc2ccccc2)cc1Cl)c1c[nH]c2ncnc(N[C@@H]3CC[C@@H](CO)OC3)c12,-0.467245621,train,butina,17,,,,
N#CC[C@H](C1CCCC1)n1cc(-c2ncnc3[nH]ccc23)cn1,0.630986911,train,butina,17,,,,
CC(C)(C)c1ccc(-c2nc3n(c(=O)c2C#N)CCS3)cc1,0.731266349,train,butina,17,,,,
C=CC(=O)Nc1cccc(Oc2nc(Nc3ccc(N4CCN(C)CC4)cc3)nc3ccsc23)c1,-0.049635146,train,butina,17,,,,
C=CC(=O)Nc1cccc(Oc2nc(Nc3ccc(N4CCN(C)CC4)c(F)c3)nc3[nH]ccc23)c1,0.039414119,train,butina,17,,,,
C[C@@H]1c2nnn(-c3ncc(F)cn3)c2CCN1C(=O)c1cccc(C(F)(F)F)c1Cl,0.969089603,train,butina,17,,,,
COc1ccccc1-c1cc(NC(=O)c2cccc(N3CCNC3=O)c2)[nH]n1,-0.397940009,train,butina,17,,,,
Nc1ncc(-c2cccc(C(F)(F)F)c2)c(C2CCCCN2C(=O)c2ccccc2)n1,-0.04431225,train,butina,17,,,,
O=C(Nc1cccc(-c2nncn2C2CC2)c1)c1cc(-n2cnc(C3CC3)c2)ccn1,0.262925469,train,butina,17,,,,
Fc1ccccc1-c1c[nH]nc1C1CCCN1Cc1ccc2ncccc2c1,0.545801757,train,butina,17,,,,
CCc1nc(C)cn2nc(-c3cc(=O)n4cc(C5CCN(C)CC5)cc(C)c4n3)cc12,0.868232868,train,butina,17,,,,
Cc1c(Cl)ccc2cc3n(c12)[C@@H](C)CNC3=O,0.328379603,train,butina,17,,,,
Cc1nnc(CN(C)CC(C)Oc2ccc(Cl)c(Cl)c2)n1C,0.926290987,train,butina,17,,,,
COc1nn(C)cc1C(=O)Nc1cccc(-c2cnc3n2CCC3)c1,0.866877814,train,butina,17,,,,
COc1cc(F)ccc1-c1ncnc(Nc2cccc(C[S@@](C)(=N)=O)c2)n1,1.594922663,train,butina,17,,,,
Cc1ncc(CN2CC[C@@H](Nc3cncc(Cl)n3)[C@@H](C)C2)s1,1.205461507,train,butina,17,,,,
Cc1ccc(C(=O)N2CCC(Cc3ccccc3-c3ccccc3)(C(=O)N(C)C)CC2)s1,-0.293282218,train,butina,17,,,,
C[C@@H]1CCN(C(=O)CC#N)C[C@@H]1N(C)c1ncnc2[nH]ccc12,1.991815076,train,butina,17,,,,
CN(C)C(=O)C1(Cc2ccccc2-c2ccccc2)CCN(C(=O)C2CCCO2)CC1,0.902546779,train,butina,17,,,,
CC(=O)Nc1ccc(C(=O)N2CCCCC2c2nc(N)ncc2-c2ccc(Cl)cc2)cc1,0.596926814,train,butina,17,,,,
CC(=O)Nc1ccc(C(=O)N2CCCCC2c2nc(N)ncc2-c2cccc(Cl)c2)cc1,0.520483533,train,butina,17,,,,
O=C1CN(c2ccc(Nc3nccc(C(F)(F)F)n3)cn2)CCN1,1.543819805,train,butina,17,,,,
O=C1NCCN(C(=O)c2ccc3nccn3c2)C1c1ccccc1C(F)(F)F,1.851001366,train,butina,17,,,,
Cc1cc(F)ccc1C1C(=O)NCCN1C(=O)c1ccc2nccn2c1,1.78096503,train,butina,17,,,,
O=C1NCCN(C(=O)c2ccncc2)C1c1ccccc1Cl,1.876996793,train,butina,17,,,,
C[C@H]1CN(C(=O)CC(c2ccccc2)c2ccccc2)C[C@@H](C)O1,1.188253327,train,butina,17,,,,
CN1[C@H]2CC[C@@H]1C[C@@H](OC(c1ccccc1)c1ccccc1)C2,1.106122874,train,butina,17,,,,
OC[C@H](Nc1cncc(-c2ccc3[nH]ncc3n2)c1)c1ccccc1,1.017826038,train,butina,17,,,,
Cc1ncsc1C(=O)N1CCCCC1c1nc(N(C)C)ncc1-c1cccc(Cl)c1,-0.083019953,train,butina,17,,,,
CC(=O)N1CCN(c2nc(C(F)(F)F)nc3sc(C)c(C)c23)CC1,0.13481437,train,butina,17,,,,
COc1ccccc1C(=O)Nc1ccc2cc[nH]c2c1,0.505149978,train,butina,17,,,,
c1ccc(Oc2cccc(CN(CCN3CCOCC3)Cc3cccnc3)c2)cc1,-0.222573178,train,butina,17,,,,
COc1ccc([C@H]2CN(C(C)=O)[C@@H]3CCCN(Cc4cccc(F)c4)[C@H]23)cc1,0.595385981,train,butina,17,,,,
Cc1c(C(=O)NCCCN(C)C)sc2ncnc(Nc3ccc(F)cc3OC(C)C)c12,0.741821047,train,butina,17,,,,
Nc1ncc(C(=O)NC2CN(C(=O)C3CC3)C2)c2ccc(-c3cccc(F)c3)nc12,0.623352682,train,butina,17,,,,
CC1(C)CC(Oc2ccc(-c3ccc(-c4cn[nH]c4)cc3O)nn2)CC(C)(C)N1,1.199947058,train,butina,17,,,,
Cc1nnc(-c2ccc3occ(-c4ccc(S(C)=O)cc4)c3c2)o1,0.193402903,train,butina,17,,,,
Cc1ncsc1C(=O)N1CCCCC1c1nc(N)ncc1-c1cccc(C(F)(F)F)c1,0.615318657,train,butina,17,,,,
O=C(Nc1ccc2ccccc2n1)c1ccc(N2CCOC2=O)cc1,0.449015316,train,butina,17,,,,
O=C(CCNC(=O)c1ccc(OC(F)(F)F)cc1)N[C@@H]1CCCc2ccccc21,0.526080692,train,butina,17,,,,
O=S(=O)(c1cccc2cnccc12)N1CCCNCC1,1.892077899,train,butina,17,,,,
C=CC(=O)Nc1cccc(Oc2nc(Nc3ccc(N4CCN(C)CC4)cc3)nc3ccoc23)c1,0.146128036,train,butina,17,,,,
CCN1CCN(S(=O)(=O)Cc2ccc(Cl)c(Cl)c2)CC1,1.249124949,train,butina,17,,,,
O=C(Nc1nc2cccc(-c3ccc(CN4CCS(=O)(=O)CC4)cc3)n2n1)C1CC1,1.681349797,train,butina,17,,,,
CCn1c(CO)nn(-c2cc(O[C@@H](C)C(F)(F)F)c(C(=O)Nc3c(F)cccc3Cl)cc2F)c1=O,0.975753389,train,butina,17,,,,
CCN(C/C=C\c1ccc(C2CCCCC2)c(Cl)c1)C1CCCCC1,-0.853871964,train,butina,17,,,,
CC/C(=C(\c1ccccc1)c1ccc(OCCN(C)C)cc1)c1ccccc1,-0.580044252,train,butina,17,,,,
COc1nn(C)cc1C(=O)Nc1cccc2cnccc12,1.504729052,train,butina,17,,,,
Cc1ncc(CN2CCC(Nc3ccc4nnnn4n3)C(C)C2)s1,1.652285029,train,butina,17,,,,
Cc1nc(Nc2nccs2)cc(C2CN(c3ncccn3)C2)n1,0.444669231,train,butina,17,,,,
COc1ccc(Nc2c(C#N)cnc3cc(OC)c(OC)cc23)cc1Cl,-0.033858267,train,butina,17,,,,
COc1ccc(CCCN2CCN(c3cnn(C)c3)C(=O)C2)cc1F,1.343408594,train,butina,17,,,,
Cc1noc(C(C)C)c1C(=O)N1CC(C)OC(c2ccccc2)C1,1.180469962,train,butina,17,,,,
Cc1c(F)cccc1NC(=O)CN1[C@H]2CCCC(=O)N[C@@]2(C)C[C@H]1Cc1ccccc1,0.595275712,train,butina,17,,,,
O=S(=O)(c1cccc2c(O)nccc12)N1CCCNCC1,1.850223373,train,butina,17,,,,
Cc1ccc(NC(=O)CN2[C@H]3CCCC(=O)N[C@@]3(C)C[C@H]2Cc2ccccc2)cc1F,-0.137272472,train,butina,17,,,,
CN(C)C(=O)C1(Cc2ccccc2-c2cccc(F)c2)CCN(C(=O)C2CC=CCC2)CC1,-0.104025268,train,butina,17,,,,
COc1ccc(CNC(=O)c2sc3nc(C)cc(C)c3c2N)cc1,-0.356547324,train,butina,17,,,,
Cn1cc(Nc2nc(N)nc(-c3cccc(-n4ccc5cc(C6CC6)cc(F)c5c4=O)c3CO)n2)cn1,0.850401148,train,butina,17,,,,
CC(=O)Nc1ncc(CN2CCCC[C@@H]2C)s1,2.0,train,butina,17,,,,
CCOc1cc(CC(=O)N[C@@H](CC(C)C)c2ccccc2N2CCCCC2)ccc1C(=O)O,0.106870544,train,butina,17,,,,
COCCc1noc(CN2CC(c3ccccc3)(c3ccccc3)CCC2=O)n1,1.167051359,train,butina,17,,,,
Cc1[nH]nc2c1C1(CCCCC1)CC(=O)N2,1.323066376,train,butina,17,,,,
O=C(Nc1cccc2ncccc12)[C@H]1CCCN(S(=O)(=O)c2ccccc2)C1,1.222560409,train,butina,17,,,,
C[C@@H]1Cc2ccccc2N1C(=O)Cn1nc(-c2cccc3ncccc23)oc1=O,0.224014811,train,butina,17,,,,
CN1C(N)=N[C@](C)(c2cc(NC(=O)c3ccc(F)cn3)ccc2F)CS1(=O)=O,1.560468571,train,butina,17,,,,
CC1CN(C(=O)c2cccnc2N2CCOCC2)CC(c2ccccc2)O1,1.573185017,train,butina,17,,,,
Cc1cc(Nc2cnccn2)cc(C2CCCN(CC(=O)N3CCCC3)C2)n1,1.642246824,train,butina,17,,,,
Cc1cccnc1Nc1cccc(C2CCCN(CC(=O)Nc3nccs3)C2)n1,0.180699201,train,butina,17,,,,
CN(C)C(=O)C1(Cc2ccccc2-c2ccccc2)CCN(C(=O)c2cnn(C)c2)CC1,1.041353202,train,butina,17,,,,
CN1CCN(S(=O)(=O)c2ccc(-c3cnc(N)c(C(=O)Nc4cccnc4)n3)cc2)CC1,1.078638038,train,butina,17,,,,
CNC(=O)C1(Cc2ccc(-c3cccnc3)cc2)CCN(Cc2ccccc2Cl)C1,0.387567779,train,butina,17,,,,
O=C(CN1CCCC(c2cccc(Cc3cccc(F)c3)n2)C1)N1CCCC1,1.062130535,train,butina,17,,,,
COc1cc2ncnc(Nc3cccc(O)c3)c2cc1OC,0.994317153,train,butina,17,,,,
Cc1cc(C)c2c(N)c(C(=O)NCc3ccc(Cl)cc3)sc2n1,-0.370590401,train,butina,17,,,,
COCCNC(=O)c1ccnc(C2CCNCC2)c1,2.0,train,butina,17,,,,
COc1nc2sc(C(=O)NC3CC3)c(N)c2c(C)c1Cl,0.245512668,train,butina,17,,,,
CC1(CNC(=O)c2cncc(C3CCNCC3)n2)CCCO1,1.988550039,train,butina,17,,,,
Cc1cc(N2CCCC2)nc(C2CCCN(C)C2)n1,2.0,train,butina,17,,,,
O=C1NCCSc2c1sc1ccc(O)cc21,0.891593204,train,butina,17,,,,
CCn1cc(C(=O)O)c(=O)c2c(N)c(F)c(NC3CCCCC3)cc21,0.427486109,train,butina,17,,,,
C[C@H]1CN(C2COC2)CCN1c1ccc(Nc2cc(-c3ccnc(N4CCn5c(cc6c5CC(C)(C)C6)C4=O)c3CO)cn(C)c2=O)nc1,1.209139536,train,butina,17,,,,
C=CC(=O)Nc1cccc(Nc2nc(Nc3ccc(Oc4ccnc(C(=O)NC)c4)cc3)ncc2F)c1,-0.403402904,train,butina,17,,,,
C=CC(=O)N(C)CCOc1c(N)ncnc1-c1cc(F)cc(NC(=O)c2ccc(C3CC3)cc2F)c1C,0.838502776,train,butina,17,,,,
CC#CC(=O)N1CCC[C@@H]1c1nc(-c2ccc(C(=O)Nc3ccccn3)cc2)c2c(N)nccn12,0.975868182,train,butina,17,,,,
Cc1c[nH]c(=O)n1-c1ccc(C(=O)Nc2ccc3ccccc3n2)cc1,0.639386869,train,butina,17,,,,
CNC(=O)c1cccc(NC(=O)N2CCC(Oc3ccccc3Cl)CC2)c1,1.068760828,train,butina,17,,,,
COc1ccc(OCC(=O)Nc2cccc(Cl)c2N2CCN(C(C)=O)CC2)cc1,0.700790221,train,butina,17,,,,
CC(=O)N1CCN(c2c(Cl)cccc2NC(=O)COc2ccccc2Cl)CC1,0.256958153,train,butina,17,,,,
CCC(=O)N1CCN(c2ccc(Cl)cc2NC(=O)COc2ccccc2)CC1,0.250420002,train,butina,17,,,,
N#Cc1cc(F)c(NS(=O)(=O)c2c[nH]c3cc(Cl)ccc23)cc1F,-0.026872146,train,butina,17,,,,
COc1cc2c(cc1OC)CN(CCc1ccc(NC(=O)c3cccc4c(O)c5cccc(OC)c5nc34)cc1)CC2,-1.207608311,train,butina,17,,,,
CCCc1nc2nc(C)c(NS(=O)(=O)c3ccc(C4CCCCC4)cc3)c(O)n2n1,-0.218963061,train,butina,17,,,,
COc1ccc([C@H]2c3[nH]c4ccc(Cl)cc4c3CCN2C(=O)Oc2ccc(Cl)cc2)cc1,1.51293775,train,butina,17,,,,
CC(=O)Nc1ccc(O)cc1,1.887859133,train,butina,17,,,,
O=C(NC1CCNCC1)c1ccc2[nH]ncc2c1,1.842696589,train,butina,17,,,,
Cc1cccc(/C=N/Nc2cc(N3CCOCC3)nc(OCCc3ccccn3)n2)c1,-0.548213564,train,butina,17,,,,
CCn1c(=O)oc2cc(NC(=O)c3ccc(C(C)(C)C)cc3)ccc21,0.21005085,train,butina,17,,,,
N#Cc1ccc(COc2cccc(C3CCN(Cc4nc5ccc(C(=O)O)cc5n4C[C@@H]4CCO4)CC3)n2)c(F)c1,0.402433346,train,butina,17,,,,
CC(C)[C@H](CO)Nc1nc(Nc2cc(N)cc(Cl)c2)c2ncn(C(C)C)c2n1,-0.061980903,train,butina,17,,,,
O=C(NC1CCNCC1)c1ccc2cn[nH]c2c1,2.0,train,butina,17,,,,
CC(C)(C)OC(=O)N1CCCC1C(=O)N1CCC(C(=O)N[C@@H](Cc2c[nH]c3ccccc23)C(=O)O)CC1,1.691832676,train,butina,17,,,,
O=C(Nc1cccc2c(=O)cc(-c3nnn[nH]3)oc12)c1ccc(OCCCCc2ccccc2)cc1,0.582744966,train,butina,17,,,,
CC(=O)Nc1ncc(C(=O)O)s1,1.81935965,train,butina,17,,,,
Cc1cccc(-c2nc(C34CCC(C(N)=O)(CC3)CC4)[nH]c2-c2ccc3c(c2)OCO3)n1,1.02011257,train,butina,17,,,,
COc1cc2nc(-c3cc(F)ccc3O)nc(N[C@@H]3CNC[C@H]3C(C)(C)O)c2cc1OC.Cl,-1.119186408,train,butina,17,,,,
CC(C)[C@@](C)(O)[C@@H]1CN(c2nc(-c3n[nH]c4ncccc34)c(F)cc2Cl)CCN1,1.302460808,train,butina,17,,,,
Cc1nnc(-c2ccc(N3CCC(Oc4cc(F)ccc4Cl)CC3)nn2)o1,0.161068385,train,butina,17,,,,
Cc1cn2nc(-c3cc(=O)n4cc(N5CCNC6(CC6)C5)ccc4n3)cc(C)c2n1,0.985246791,train,butina,17,,,,
CCCS(=O)(=O)Nc1ccc(F)c(C(=O)c2c[nH]c3ncc(-c4ccc(Cl)cc4)cc23)c1F,-1.59345982,train,butina,17,,,,
CN(C(=O)c1cc(N2CCNC2=O)ccc1F)C1CCNC1,1.885728632,train,butina,17,,,,
O=C(Nc1cccc(N2CCNC2=O)c1)C1NCC12CCCC2,1.718202645,train,butina,17,,,,
NCC1CCCC1NC(=O)c1cc(N2CCNC2=O)ccc1F,1.87495702,train,butina,17,,,,
Cn1c(-c2n[nH]c3c2CCCC3)nnc1N1CCC2(CNC(=O)C2)C1,1.792986685,train,butina,17,,,,
Cc1nnc(-c2ccc(N3CCC(Oc4ccccc4C(F)(F)F)CC3)nn2)s1,-0.906578315,train,butina,17,,,,
O=C(NCCc1ccccc1)c1ccc(NC(=O)N2CCCCc3ccccc32)cc1,0.075911761,train,butina,17,,,,
CC(C)(C)c1ccc(C(O)CN2CCC(O)(c3ccc4c(c3)OCO4)CC2)cc1,0.779018972,train,butina,17,,,,
NC[C@H]1CC[C@@H](C(=O)Nc2ccc3[nH]ncc3c2)O1,1.981999714,train,butina,17,,,,
CN(C(=O)c1cc(N2CCNC2=O)ccc1F)C1CCC(N)CC1,1.828717885,train,butina,17,,,,
NC1CCCC1C(=O)N1CCC(c2c[nH]c3ncccc23)CC1,1.71701274,train,butina,17,,,,
NC1CCCC(C(=O)Nc2ccc3[nH]ncc3c2)C1,2.0,train,butina,17,,,,
NC1CC(NC(=O)c2ccc(-c3cn[nH]c3)cn2)C12CCC2,1.709702344,train,butina,17,,,,
NC1CCC(C(=O)N2CCC(c3c[nH]c4ncccc34)CC2)C1,1.917395215,train,butina,17,,,,
NC1CCCC(C(=O)N2CCC(c3c[nH]c4ncccc34)CC2)C1,1.752816431,train,butina,17,,,,
O=C(NC12CCCC1NCC2)c1ccc(-c2cn[nH]c2)cc1,2.0,train,butina,17,,,,
Cc1nc2cc(C(=O)NC34CCCC3NCC4)ccc2c(=O)[nH]1,1.866494097,train,butina,17,,,,
CNc1nc(C)cc(C(=O)Nc2ccc3[nH]ncc3c2)n1,1.493625323,train,butina,17,,,,
O=C(Nc1ccc(CN2CCCCC2)cc1)c1ccnc2[nH]cnc12,1.767526899,train,butina,17,,,,
CCc1c[nH]c2ncnc(N3CCC(CN4CCN(C)CC4)CC3)c12,1.728012707,train,butina,17,,,,
NC1CCCC(C(=O)Nc2cccc(N3CCNC3=O)c2)C1,1.763113391,train,butina,17,,,,
CC1CC(N)CCN1C(=O)c1cc(N2CCNC2=O)c(F)cc1F,1.833504094,train,butina,17,,,,
c1sc(NCC2CCCO2)nc1C12CC3CC(CC(C3)C1)C2,-1.096910013,train,butina,17,,,,
COc1ccc(Cl)cc1C(=O)NCCc1ccc(S(=O)(=O)NC(=O)NC2CCCCC2)cc1,-0.91721463,test,butina,17,0.4957777070600002,0.14060045909000007,0.6075179553700003,0.45715546304000015
C=CC(=O)N1CCC[C@@H](n2nc(-c3ccc(Oc4ccccc4)cc3)c3c(N)ncnc32)C1,0.62603,test,butina,17,0.4688769090100001,0.45002450074999983,0.4670576448299999,0.27860348382999994
CCn1c(-c2nonc2N)nc2cnc(Oc3cccc(NC(=O)c4ccc(OCCN5CCOCC5)cc4)c3)cc21,-0.449771647,test,butina,17,0.32575665534,0.13233278765000006,0.48183305169999996,0.1879728591699999
CCCc1cc(N2CCc3c(nc(C4CC4)n3C)C2)n2ncnc2n1,1.677187053,test,butina,17,1.0753313271600005,1.1075220883100005,1.0719653998600003,1.5662624647200007
[2H]C([2H])([2H])NC(=O)c1nnc(NC(=O)C2CC2)cc1Nc1cccc(-c2ncn(C)n2)c1OC,1.186566481,test,butina,17,0.8891756051899999,0.7234584221000003,0.6459251312500001,0.935123744310001
C=CC(=O)N1CCC(CNc2ncnc(N)c2-c2ccc(Oc3ccccc3)cc2)CC1,0.752995432,test,butina,17,0.4648667747100002,0.16383958768999995,0.27993043472999984,0.09335726023000003
Cc1c(-c2c(F)cc(C(N)=O)c3[nH]c4c(c23)CC[C@H](C(C)(C)O)C4)cccc1-n1c(=O)c2cccc(F)c2n(C)c1=O,0.436162647,test,butina,17,0.7752231143300002,0.4734627385099999,0.5410254224,0.40133635084999986
CC#CC(=O)N1CC[C@@H](n2c(=O)n(-c3ccc(Oc4ccccc4)cc3)c3c(N)ncnc32)C1,0.935859798,test,butina,17,0.5690157670300002,0.5204571826199998,0.6679666521800003,0.9317136511800007
C=CC(=O)N1CCC([C@@H]2CCNc3c(C(N)=O)c(-c4ccc(Oc5ccccc5)cc4)nn32)CC1,0.968996327,test,butina,17,0.9018473638400002,0.5275659170199999,0.48389531291000004,0.45592189913999986
C=CC(=O)N1CCC[C@H](n2c(=O)n(-c3ccc(Oc4ccccc4)cc3)c3c(N)ncnc32)C1,0.983851719,test,butina,17,0.45400923807,0.4880254727399997,0.57355871207,0.6466852754000001
CC(C)(C=C(C#N)C(=O)N1CCC[C@@H](n2nc(-c3ccc(Oc4ccccc4)cc3F)c3c(N)ncnc32)C1)N1CCN(C2COC2)CC1,0.276231958,test,butina,17,0.29777394714999994,0.44612962007,0.6141127931200001,0.2991487250599999
CC#CC(=O)N1CC[C@@H](n2cc(-c3ccc(Oc4c(F)cccc4F)cc3)c3c(N)n[nH]c(=O)c32)C1,-0.073143291,test,butina,17,0.8778160686800003,0.42951743204000004,0.7009749966400003,0.35766754951999985
Cc1nccc(-c2cn(Cc3ccccc3)c3cnccc23)n1,1.122707254,test,butina,17,0.74144825136,0.7587809224500003,0.7919010622300001,0.3987612414200001
Nc1ncnc2c1c(-c1ccc(Oc3ccccc3)cc1)nn2[C@@H]1CCCNC1,0.956648579,test,butina,17,1.0304870650500009,0.40825257859000025,0.5146809515100002,0.35091750474000016
CCc1nc2c(C)cc(N3CCN(CC(=O)N4CC(O)C4)CC3)cn2c1N(C)c1nc(-c2ccc(F)cc2)c(C#N)s1,-0.204728421,test,butina,17,0.6355701023700002,0.36787869240000004,0.5652719757200001,0.4228178450600001
CC(C)(C)C(=O)N1CCC(Cc2ccc(-c3cccs3)cc2)(C(=O)N2CCCC2)CC1,-0.1837587,test,butina,17,0.7050721719100004,0.8332214945199999,0.4574374121899998,-0.054625001599999966
OCC1CCCCN1Cc1ccc(Cl)c(Cl)c1,1.390069186,test,butina,17,0.8971550466600001,1.1947888209800002,0.8063573678200001,0.73573431326
OCC1CCCCN1Cc1ccc(-c2ccccc2)cc1,1.368007805,test,butina,17,0.9204862181,1.07047034226,0.5830996676700001,0.7319219363500001
NCCN1CCN(C/C=C/C(=O)N2CCC[C@@H](n3nc(-c4ccc(Oc5ccccc5)cc4)c4c(N)ncnc43)C2)CC1,0.699837726,test,butina,17,0.41489043145,0.4826366380599999,0.6039366852400001,0.66237278038
Cn1c(C2CC2)nc2c1CCN(c1ncnc3ccsc13)C2,1.237065953,test,butina,17,1.00446134283,1.07841181542,0.8588983769099997,0.6865462547700001
CNC(=O)C1(Cc2ccc(-c3ccncc3)cc2)CCN(Cc2cccc(F)c2)C1,1.10503305,test,butina,17,0.6230303279700004,0.5682374493400001,0.44645032025000014,0.7209803712499998
CN(Cc1ccccc1)C1(C(=O)N2CCNC(=O)CC2)Cc2ccccc2C1,0.904931827,test,butina,17,1.3237640984800008,1.2402730912500002,0.7781212099300001,1.5676296836100014
CCC1=C(C)CN(C(=O)NCCc2ccc(S(=O)(=O)NC(=O)N[C@H]3CC[C@H](C)CC3)cc2)C1=O,-1.180456064,test,butina,17,0.8680716830000007,0.89778736441,0.8372997356200006,0.8901957587300009
COCC(=O)N1CCC(Cc2ccccc2-c2cccc(F)c2)(C(=O)NC(C)C)CC1,0.596597096,test,butina,17,0.3315031010999999,0.4021936648899997,0.38990229127999976,0.76386039207
C#C[C@@](C)(CC)NC(=O)c1cc(F)cnc1NC1CC(F)(F)C1,0.671265433,test,butina,17,1.0354634247400005,1.08434828233,1.06781201887,0.89660048145
Cc1cnc(C(=O)NCCc2ccc(S(=O)(=O)NC(=O)NC3CCCCC3)cc2)cn1,0.01745073,test,butina,17,1.2493356018300004,0.6475523198400002,0.98312769547,1.3993006916000001
CNC(=O)C1(Cc2ccc(-c3cccnc3)cc2)CCN(Cc2ccc(F)cc2)C1,1.021602716,test,butina,17,0.4350588946900005,0.54179069492,0.3930820935900001,0.6485232134500003
CNC(=O)C1(Cc2ccc(-c3cccnc3)cc2)CCN(Cc2cccc(F)c2)C1,0.829753919,test,butina,17,0.5710922463900004,0.515491685,0.34472320891,0.6758994711200002
O=C1CCCC[C@@H]2[C@H](C[C@@H](Cc3ccccc3F)N2C(=O)c2cccc3ncccc23)N1,1.277998644,test,butina,17,0.9714929118600004,0.7117157155700002,0.9468394404199999,0.4997419712500002
CC(O)(C#Cc1ccc2c(c1)N(c1nc(N)ncc1Cl)CC2)c1nccs1,-0.122628654,test,butina,17,0.6311424356800005,0.6113253213300002,0.6811938500300002,0.23564274944999997
Cc1oc2ccccc2c1CNc1nnc(-c2ccncc2)o1,0.717254313,test,butina,17,0.8521123470900005,0.62803513179,0.9305912443000003,0.29997802822
Nc1ncnc2c1c(-c1cnc3[nH]ccc3c1)nn2C1CCCC1,0.862608364,test,butina,17,1.1941168854300002,0.9675828509400003,0.6858423224999997,0.46362379057
O=C(Nc1cnccc1-c1ccc(Cl)cc1)c1ccnc(NC(=O)C2CC2)c1,0.369957607,test,butina,17,0.36385525691000004,0.18448617790999994,0.8512627138700004,0.38848981753999995
CCCCNC(=O)NS(=O)(=O)c1ccc(C)cc1,0.439332694,test,butina,17,0.9445199765200009,1.0664238364500003,0.6897073212800001,1.7218329958599992
CC1(C)CC(=O)C2=C(C1)NC(=O)CC2c1ccc(Br)cc1,1.159236233,test,butina,17,1.4459605609600001,1.0735131292800004,0.6199410105500003,0.6138096574600003
Cc1cc(N2CCCC2c2cc(CCC(=O)O)cc(C)n2)ncn1,2.0,test,butina,17,0.97795590952,1.1676123147300002,1.03349965594,0.7677419767200001
CCCNC(=O)NS(=O)(=O)c1ccc(Cl)cc1,0.969835093,test,butina,17,0.6547459059200001,1.2023578288400005,0.6775062876100002,1.6162371006199998
CC(=O)NCCNc1cc(Cl)nn2c(-c3cccc(S(=O)(=O)N(C)C)c3)c(C)nc12,0.681693392,test,butina,17,0.4034653088800001,0.5712896963599998,0.42112061844,1.0323851890600007
c1ccc(-c2ccc(CN3CCCCCCC3)cc2)cc1,-0.614393726,test,butina,17,0.9293359285299998,1.0571460768600003,0.34499450898,-0.09325862092999997
Cc1ccc(Oc2ccc(Cl)cc2NC(=O)CN(C)CC(=O)N(C)C)cc1,-0.053056729,test,butina,17,0.16997984272,0.20146719893999993,0.6890346830800002,0.5745986466399996
CC1(C)Cc2cc(NC(=O)c3cnn4cccnc34)c(OCC3CC3)nc2O1,-0.199970641,test,butina,17,0.8448558234700001,0.5630922192900001,1.1385823258600005,0.69355268416
NC(=O)C1(Cc2ccc(-c3ccncc3)cc2)CCN(C(=O)Cc2cccc(F)c2)CC1,1.006508828,test,butina,17,0.7610427998800001,0.6981652714100004,0.64113707422,0.7345175868999998
COc1ccc(OC[C@@H]2c3cc(OC)c(OC)cc3CCN2C(=O)c2cccc(Cl)c2)cc1,-0.116906641,test,butina,17,0.5839354075100001,0.6771459403400002,0.29982413961000004,0.12722644813000017
Cc1ccc(OCC2(O)CCN(CC3(O)CCN(c4ccccc4C)CC3)CC2)cc1,-0.040481623,test,butina,17,0.47009453701000015,0.6564650114600002,0.7412278806900002,0.5746498344800002
NC(=O)c1cnc(N2CCc3[nH]nc(C(F)(F)F)c3C2)c(Cl)c1,0.986009932,test,butina,17,1.08956360942,1.4707883166800002,1.10696484861,1.614702715
CNc1cc(Nc2cccn(-c3ccccn3)c2=O)nn2c(C(=O)N[C@@H]3C[C@@H]3F)cnc12,0.991226076,train,butina,18,,,,
CN(c1ncc(F)cn1)[C@H]1CCCNC1,2.0,train,butina,18,,,,
CC(C)(Oc1ccc(-c2cnc(N)c(-c3ccc(Cl)cc3)c2)cc1)C(=O)O,-1.158015195,train,butina,18,,,,
CC#CC(=O)N[C@H]1CCCN(c2c(F)cc(C(N)=O)c3[nH]c(C)c(C)c23)C1,0.163856803,train,butina,18,,,,
COc1ccc(Cl)cc1C(=O)NCCc1ccc(S(=O)(=O)NC(=O)NC2CCCCC2)cc1,-0.91721463,train,butina,18,,,,
C=CC(=O)N1CCC[C@@H](n2nc(-c3ccc(Oc4ccccc4)cc3)c3c(N)ncnc32)C1,0.62603,train,butina,18,,,,
CC(C)NC(=O)COc1cccc(-c2nc(Nc3ccc4[nH]ncc4c3)c3ccccc3n2)c1,-1.384078213,train,butina,18,,,,
CCS(=O)(=O)N1CC(CC#N)(n2cc(-c3ncnc4[nH]ccc34)cn2)C1,1.378597739,train,butina,18,,,,
COc1ccc(S(=O)(=O)N2CCC(N3CCC(C)CC3)CC2)cc1,1.729799023,train,butina,18,,,,
CCn1c(-c2nonc2N)nc2cnc(Oc3cccc(NC(=O)c4ccc(OCCN5CCOCC5)cc4)c3)cc21,-0.449771647,train,butina,18,,,,
Cc1c[nH]c2nccc(Oc3c(F)cc(Nc4cc(Cl)nc(N)n4)cc3F)c12,-1.22184875,train,butina,18,,,,
COc1cc2c(cc1OC)CC(=O)N(CCCN(C)C[C@H]1Cc3cc(OC)c(OC)cc31)CC2,1.730984039,train,butina,18,,,,
CCCc1cc(N2CCc3c(nc(C4CC4)n3C)C2)n2ncnc2n1,1.677187053,train,butina,18,,,,
Fc1ccc(-c2ccc3c(c2)[nH]c2ccncc23)cn1,0.653405491,train,butina,18,,,,
Nc1c(F)ccc2cnc(-n3ccc4ccncc43)cc12,0.713910354,train,butina,18,,,,
C=CC(=O)N1C[C@H](Nc2ncnc3[nH]ccc23)CC[C@@H]1C,1.828227965,train,butina,18,,,,
Cn1cc(Nc2nccc(N3CC4CCC(C3)N4C(=O)[C@@H]3CC3(F)F)n2)cn1,1.642995934,train,butina,18,,,,
[2H]C([2H])([2H])NC(=O)c1nnc(NC(=O)C2CC2)cc1Nc1cccc(-c2ncn(C)n2)c1OC,1.186566481,train,butina,18,,,,
C=CC(=O)N1CCC(CNc2ncnc(N)c2-c2ccc(Oc3ccccc3)cc2)CC1,0.752995432,train,butina,18,,,,
Nc1n[nH]cc1-c1cc(Cl)ccc1Oc1cc(F)c(S(=O)(=O)Nc2cscn2)cc1Cl,-0.354577731,train,butina,18,,,,
Cc1c(-c2c(F)cc(C(N)=O)c3[nH]c4c(c23)CC[C@H](C(C)(C)O)C4)cccc1-n1c(=O)c2cccc(F)c2n(C)c1=O,0.436162647,train,butina,18,,,,
N#CC[C@H](C1CCCC1)n1cc(-c2ncnc3[nH]ccc23)cn1,0.630986911,train,butina,18,,,,
C=CC(=O)Nc1cccc(Oc2nc(Nc3ccc(N4CCN(C)CC4)cc3)nc3ccsc23)c1,-0.049635146,train,butina,18,,,,
CC#CC(=O)N1CC[C@@H](n2c(=O)n(-c3ccc(Oc4ccccc4)cc3)c3c(N)ncnc32)C1,0.935859798,train,butina,18,,,,
C=CC(=O)N1CCC([C@@H]2CCNc3c(C(N)=O)c(-c4ccc(Oc5ccccc5)cc4)nn32)CC1,0.968996327,train,butina,18,,,,
C=CC(=O)N1CCC[C@H](n2c(=O)n(-c3ccc(Oc4ccccc4)cc3)c3c(N)ncnc32)C1,0.983851719,train,butina,18,,,,
CC(C)(C=C(C#N)C(=O)N1CCC[C@@H](n2nc(-c3ccc(Oc4ccccc4)cc3F)c3c(N)ncnc32)C1)N1CCN(C2COC2)CC1,0.276231958,train,butina,18,,,,
CC#CC(=O)N1CC[C@@H](n2cc(-c3ccc(Oc4c(F)cccc4F)cc3)c3c(N)n[nH]c(=O)c32)C1,-0.073143291,train,butina,18,,,,
C=CC(=O)Nc1cccc(Oc2nc(Nc3ccc(N4CCN(C)CC4)c(F)c3)nc3[nH]ccc23)c1,0.039414119,train,butina,18,,,,
O=C(Nc1cccc(-c2nncn2C2CC2)c1)c1cc(-n2cnc(C3CC3)c2)ccn1,0.262925469,train,butina,18,,,,
Fc1ccccc1-c1c[nH]nc1C1CCCN1Cc1ccc2ncccc2c1,0.545801757,train,butina,18,,,,
Cc1nccc(-c2cn(Cc3ccccc3)c3cnccc23)n1,1.122707254,train,butina,18,,,,
Nc1ncnc2c1c(-c1ccc(Oc3ccccc3)cc1)nn2[C@@H]1CCCNC1,0.956648579,train,butina,18,,,,
Cc1nnc(CN(C)CC(C)Oc2ccc(Cl)c(Cl)c2)n1C,0.926290987,train,butina,18,,,,
Cc1ncc(CN2CC[C@@H](Nc3cncc(Cl)n3)[C@@H](C)C2)s1,1.205461507,train,butina,18,,,,
Cc1ccc(C(=O)N2CCC(Cc3ccccc3-c3ccccc3)(C(=O)N(C)C)CC2)s1,-0.293282218,train,butina,18,,,,
CCc1nc2c(C)cc(N3CCN(CC(=O)N4CC(O)C4)CC3)cn2c1N(C)c1nc(-c2ccc(F)cc2)c(C#N)s1,-0.204728421,train,butina,18,,,,
C[C@@H]1CCN(C(=O)CC#N)C[C@@H]1N(C)c1ncnc2[nH]ccc12,1.991815076,train,butina,18,,,,
CN(C)C(=O)C1(Cc2ccccc2-c2ccccc2)CCN(C(=O)C2CCCO2)CC1,0.902546779,train,butina,18,,,,
O=C1CN(c2ccc(Nc3nccc(C(F)(F)F)n3)cn2)CCN1,1.543819805,train,butina,18,,,,
O=C1NCCN(C(=O)c2ccc3nccn3c2)C1c1ccccc1C(F)(F)F,1.851001366,train,butina,18,,,,
Cc1cc(F)ccc1C1C(=O)NCCN1C(=O)c1ccc2nccn2c1,1.78096503,train,butina,18,,,,
O=C1NCCN(C(=O)c2ccncc2)C1c1ccccc1Cl,1.876996793,train,butina,18,,,,
C[C@H]1CN(C(=O)CC(c2ccccc2)c2ccccc2)C[C@@H](C)O1,1.188253327,train,butina,18,,,,
CN1[C@H]2CC[C@@H]1C[C@@H](OC(c1ccccc1)c1ccccc1)C2,1.106122874,train,butina,18,,,,
CC(C)(C)C(=O)N1CCC(Cc2ccc(-c3cccs3)cc2)(C(=O)N2CCCC2)CC1,-0.1837587,train,butina,18,,,,
OC[C@H](Nc1cncc(-c2ccc3[nH]ncc3n2)c1)c1ccccc1,1.017826038,train,butina,18,,,,
OCC1CCCCN1Cc1ccc(Cl)c(Cl)c1,1.390069186,train,butina,18,,,,
CC(=O)N1CCN(c2nc(C(F)(F)F)nc3sc(C)c(C)c23)CC1,0.13481437,train,butina,18,,,,
COc1ccccc1C(=O)Nc1ccc2cc[nH]c2c1,0.505149978,train,butina,18,,,,
c1ccc(Oc2cccc(CN(CCN3CCOCC3)Cc3cccnc3)c2)cc1,-0.222573178,train,butina,18,,,,
OCC1CCCCN1Cc1ccc(-c2ccccc2)cc1,1.368007805,train,butina,18,,,,
Nc1ncc(C(=O)NC2CN(C(=O)C3CC3)C2)c2ccc(-c3cccc(F)c3)nc12,0.623352682,train,butina,18,,,,
CC1(C)CC(Oc2ccc(-c3ccc(-c4cn[nH]c4)cc3O)nn2)CC(C)(C)N1,1.199947058,train,butina,18,,,,
Cc1nnc(-c2ccc3occ(-c4ccc(S(C)=O)cc4)c3c2)o1,0.193402903,train,butina,18,,,,
O=C(Nc1ccc2ccccc2n1)c1ccc(N2CCOC2=O)cc1,0.449015316,train,butina,18,,,,
O=C(CCNC(=O)c1ccc(OC(F)(F)F)cc1)N[C@@H]1CCCc2ccccc21,0.526080692,train,butina,18,,,,
O=S(=O)(c1cccc2cnccc12)N1CCCNCC1,1.892077899,train,butina,18,,,,
C=CC(=O)Nc1cccc(Oc2nc(Nc3ccc(N4CCN(C)CC4)cc3)nc3ccoc23)c1,0.146128036,train,butina,18,,,,
CCn1c(CO)nn(-c2cc(O[C@@H](C)C(F)(F)F)c(C(=O)Nc3c(F)cccc3Cl)cc2F)c1=O,0.975753389,train,butina,18,,,,
CCN(C/C=C\c1ccc(C2CCCCC2)c(Cl)c1)C1CCCCC1,-0.853871964,train,butina,18,,,,
NCCN1CCN(C/C=C/C(=O)N2CCC[C@@H](n3nc(-c4ccc(Oc5ccccc5)cc4)c4c(N)ncnc43)C2)CC1,0.699837726,train,butina,18,,,,
Cn1c(C2CC2)nc2c1CCN(c1ncnc3ccsc13)C2,1.237065953,train,butina,18,,,,
CC/C(=C(\c1ccccc1)c1ccc(OCCN(C)C)cc1)c1ccccc1,-0.580044252,train,butina,18,,,,
CNC(=O)C1(Cc2ccc(-c3ccncc3)cc2)CCN(Cc2cccc(F)c2)C1,1.10503305,train,butina,18,,,,
Cc1ncc(CN2CCC(Nc3ccc4nnnn4n3)C(C)C2)s1,1.652285029,train,butina,18,,,,
Cc1nc(Nc2nccs2)cc(C2CN(c3ncccn3)C2)n1,0.444669231,train,butina,18,,,,
COc1ccc(CCCN2CCN(c3cnn(C)c3)C(=O)C2)cc1F,1.343408594,train,butina,18,,,,
Cc1noc(C(C)C)c1C(=O)N1CC(C)OC(c2ccccc2)C1,1.180469962,train,butina,18,,,,
CN(Cc1ccccc1)C1(C(=O)N2CCNC(=O)CC2)Cc2ccccc2C1,0.904931827,train,butina,18,,,,
Cc1c(F)cccc1NC(=O)CN1[C@H]2CCCC(=O)N[C@@]2(C)C[C@H]1Cc1ccccc1,0.595275712,train,butina,18,,,,
CCC1=C(C)CN(C(=O)NCCc2ccc(S(=O)(=O)NC(=O)N[C@H]3CC[C@H](C)CC3)cc2)C1=O,-1.180456064,train,butina,18,,,,
O=S(=O)(c1cccc2c(O)nccc12)N1CCCNCC1,1.850223373,train,butina,18,,,,
Cc1ccc(NC(=O)CN2[C@H]3CCCC(=O)N[C@@]3(C)C[C@H]2Cc2ccccc2)cc1F,-0.137272472,train,butina,18,,,,
CN(C)C(=O)C1(Cc2ccccc2-c2cccc(F)c2)CCN(C(=O)C2CC=CCC2)CC1,-0.104025268,train,butina,18,,,,
COCC(=O)N1CCC(Cc2ccccc2-c2cccc(F)c2)(C(=O)NC(C)C)CC1,0.596597096,train,butina,18,,,,
COc1ccc(CNC(=O)c2sc3nc(C)cc(C)c3c2N)cc1,-0.356547324,train,butina,18,,,,
C#C[C@@](C)(CC)NC(=O)c1cc(F)cnc1NC1CC(F)(F)C1,0.671265433,train,butina,18,,,,
Cn1cc(Nc2nc(N)nc(-c3cccc(-n4ccc5cc(C6CC6)cc(F)c5c4=O)c3CO)n2)cn1,0.850401148,train,butina,18,,,,
Cc1cnc(C(=O)NCCc2ccc(S(=O)(=O)NC(=O)NC3CCCCC3)cc2)cn1,0.01745073,train,butina,18,,,,
CNC(=O)C1(Cc2ccc(-c3cccnc3)cc2)CCN(Cc2ccc(F)cc2)C1,1.021602716,train,butina,18,,,,
CNC(=O)C1(Cc2ccc(-c3cccnc3)cc2)CCN(Cc2cccc(F)c2)C1,0.829753919,train,butina,18,,,,
CC(=O)Nc1ncc(CN2CCCC[C@@H]2C)s1,2.0,train,butina,18,,,,
O=C1CCCC[C@@H]2[C@H](C[C@@H](Cc3ccccc3F)N2C(=O)c2cccc3ncccc23)N1,1.277998644,train,butina,18,,,,
CC(O)(C#Cc1ccc2c(c1)N(c1nc(N)ncc1Cl)CC2)c1nccs1,-0.122628654,train,butina,18,,,,
COCCc1noc(CN2CC(c3ccccc3)(c3ccccc3)CCC2=O)n1,1.167051359,train,butina,18,,,,
Cc1[nH]nc2c1C1(CCCCC1)CC(=O)N2,1.323066376,train,butina,18,,,,
Cc1oc2ccccc2c1CNc1nnc(-c2ccncc2)o1,0.717254313,train,butina,18,,,,
O=C(Nc1cccc2ncccc12)[C@H]1CCCN(S(=O)(=O)c2ccccc2)C1,1.222560409,train,butina,18,,,,
C[C@@H]1Cc2ccccc2N1C(=O)Cn1nc(-c2cccc3ncccc23)oc1=O,0.224014811,train,butina,18,,,,
Nc1ncnc2c1c(-c1cnc3[nH]ccc3c1)nn2C1CCCC1,0.862608364,train,butina,18,,,,
O=C(Nc1cnccc1-c1ccc(Cl)cc1)c1ccnc(NC(=O)C2CC2)c1,0.369957607,train,butina,18,,,,
CC1CN(C(=O)c2cccnc2N2CCOCC2)CC(c2ccccc2)O1,1.573185017,train,butina,18,,,,
CCCCNC(=O)NS(=O)(=O)c1ccc(C)cc1,0.439332694,train,butina,18,,,,
Cc1cc(Nc2cnccn2)cc(C2CCCN(CC(=O)N3CCCC3)C2)n1,1.642246824,train,butina,18,,,,
Cc1cccnc1Nc1cccc(C2CCCN(CC(=O)Nc3nccs3)C2)n1,0.180699201,train,butina,18,,,,
CN(C)C(=O)C1(Cc2ccccc2-c2ccccc2)CCN(C(=O)c2cnn(C)c2)CC1,1.041353202,train,butina,18,,,,
CC1(C)CC(=O)C2=C(C1)NC(=O)CC2c1ccc(Br)cc1,1.159236233,train,butina,18,,,,
CN1CCN(S(=O)(=O)c2ccc(-c3cnc(N)c(C(=O)Nc4cccnc4)n3)cc2)CC1,1.078638038,train,butina,18,,,,
Cc1cc(N2CCCC2c2cc(CCC(=O)O)cc(C)n2)ncn1,2.0,train,butina,18,,,,
CCCNC(=O)NS(=O)(=O)c1ccc(Cl)cc1,0.969835093,train,butina,18,,,,
Cc1cc(C)c2c(N)c(C(=O)NCc3ccc(Cl)cc3)sc2n1,-0.370590401,train,butina,18,,,,
COCCNC(=O)c1ccnc(C2CCNCC2)c1,2.0,train,butina,18,,,,
COc1nc2sc(C(=O)NC3CC3)c(N)c2c(C)c1Cl,0.245512668,train,butina,18,,,,
CC1(CNC(=O)c2cncc(C3CCNCC3)n2)CCCO1,1.988550039,train,butina,18,,,,
Cc1cc(N2CCCC2)nc(C2CCCN(C)C2)n1,2.0,train,butina,18,,,,
O=C1NCCSc2c1sc1ccc(O)cc21,0.891593204,train,butina,18,,,,
CCn1cc(C(=O)O)c(=O)c2c(N)c(F)c(NC3CCCCC3)cc21,0.427486109,train,butina,18,,,,
C[C@H]1CN(C2COC2)CCN1c1ccc(Nc2cc(-c3ccnc(N4CCn5c(cc6c5CC(C)(C)C6)C4=O)c3CO)cn(C)c2=O)nc1,1.209139536,train,butina,18,,,,
C=CC(=O)Nc1cccc(Nc2nc(Nc3ccc(Oc4ccnc(C(=O)NC)c4)cc3)ncc2F)c1,-0.403402904,train,butina,18,,,,
C=CC(=O)N(C)CCOc1c(N)ncnc1-c1cc(F)cc(NC(=O)c2ccc(C3CC3)cc2F)c1C,0.838502776,train,butina,18,,,,
CC#CC(=O)N1CCC[C@@H]1c1nc(-c2ccc(C(=O)Nc3ccccn3)cc2)c2c(N)nccn12,0.975868182,train,butina,18,,,,
CC(=O)NCCNc1cc(Cl)nn2c(-c3cccc(S(=O)(=O)N(C)C)c3)c(C)nc12,0.681693392,train,butina,18,,,,
Cc1c[nH]c(=O)n1-c1ccc(C(=O)Nc2ccc3ccccc3n2)cc1,0.639386869,train,butina,18,,,,
c1ccc(-c2ccc(CN3CCCCCCC3)cc2)cc1,-0.614393726,train,butina,18,,,,
Cc1ccc(Oc2ccc(Cl)cc2NC(=O)CN(C)CC(=O)N(C)C)cc1,-0.053056729,train,butina,18,,,,
CC1(C)Cc2cc(NC(=O)c3cnn4cccnc34)c(OCC3CC3)nc2O1,-0.199970641,train,butina,18,,,,
N#Cc1cc(F)c(NS(=O)(=O)c2c[nH]c3cc(Cl)ccc23)cc1F,-0.026872146,train,butina,18,,,,
COc1cc2c(cc1OC)CN(CCc1ccc(NC(=O)c3cccc4c(O)c5cccc(OC)c5nc34)cc1)CC2,-1.207608311,train,butina,18,,,,
CCCc1nc2nc(C)c(NS(=O)(=O)c3ccc(C4CCCCC4)cc3)c(O)n2n1,-0.218963061,train,butina,18,,,,
COc1ccc([C@H]2c3[nH]c4ccc(Cl)cc4c3CCN2C(=O)Oc2ccc(Cl)cc2)cc1,1.51293775,train,butina,18,,,,
NC(=O)C1(Cc2ccc(-c3ccncc3)cc2)CCN(C(=O)Cc2cccc(F)c2)CC1,1.006508828,train,butina,18,,,,
CC(=O)Nc1ccc(O)cc1,1.887859133,train,butina,18,,,,
O=C(NC1CCNCC1)c1ccc2[nH]ncc2c1,1.842696589,train,butina,18,,,,
Cc1cccc(/C=N/Nc2cc(N3CCOCC3)nc(OCCc3ccccn3)n2)c1,-0.548213564,train,butina,18,,,,
CCn1c(=O)oc2cc(NC(=O)c3ccc(C(C)(C)C)cc3)ccc21,0.21005085,train,butina,18,,,,
COc1ccc(OC[C@@H]2c3cc(OC)c(OC)cc3CCN2C(=O)c2cccc(Cl)c2)cc1,-0.116906641,train,butina,18,,,,
N#Cc1ccc(COc2cccc(C3CCN(Cc4nc5ccc(C(=O)O)cc5n4C[C@@H]4CCO4)CC3)n2)c(F)c1,0.402433346,train,butina,18,,,,
CC(C)[C@H](CO)Nc1nc(Nc2cc(N)cc(Cl)c2)c2ncn(C(C)C)c2n1,-0.061980903,train,butina,18,,,,
O=C(NC1CCNCC1)c1ccc2cn[nH]c2c1,2.0,train,butina,18,,,,
CC(C)(C)OC(=O)N1CCCC1C(=O)N1CCC(C(=O)N[C@@H](Cc2c[nH]c3ccccc23)C(=O)O)CC1,1.691832676,train,butina,18,,,,
O=C(Nc1cccc2c(=O)cc(-c3nnn[nH]3)oc12)c1ccc(OCCCCc2ccccc2)cc1,0.582744966,train,butina,18,,,,
CC(=O)Nc1ncc(C(=O)O)s1,1.81935965,train,butina,18,,,,
Cc1cccc(-c2nc(C34CCC(C(N)=O)(CC3)CC4)[nH]c2-c2ccc3c(c2)OCO3)n1,1.02011257,train,butina,18,,,,
COc1cc2nc(-c3cc(F)ccc3O)nc(N[C@@H]3CNC[C@H]3C(C)(C)O)c2cc1OC.Cl,-1.119186408,train,butina,18,,,,
CC(C)[C@@](C)(O)[C@@H]1CN(c2nc(-c3n[nH]c4ncccc34)c(F)cc2Cl)CCN1,1.302460808,train,butina,18,,,,
CCCS(=O)(=O)Nc1ccc(F)c(C(=O)c2c[nH]c3ncc(-c4ccc(Cl)cc4)cc23)c1F,-1.59345982,train,butina,18,,,,
Cc1ccc(OCC2(O)CCN(CC3(O)CCN(c4ccccc4C)CC3)CC2)cc1,-0.040481623,train,butina,18,,,,
CN(C(=O)c1cc(N2CCNC2=O)ccc1F)C1CCNC1,1.885728632,train,butina,18,,,,
Cn1c(-c2n[nH]c3c2CCCC3)nnc1N1CCC2(CNC(=O)C2)C1,1.792986685,train,butina,18,,,,
O=C(NCCc1ccccc1)c1ccc(NC(=O)N2CCCCc3ccccc32)cc1,0.075911761,train,butina,18,,,,
CC(C)(C)c1ccc(C(O)CN2CCC(O)(c3ccc4c(c3)OCO4)CC2)cc1,0.779018972,train,butina,18,,,,
NC[C@H]1CC[C@@H](C(=O)Nc2ccc3[nH]ncc3c2)O1,1.981999714,train,butina,18,,,,
NC1CCCC1C(=O)N1CCC(c2c[nH]c3ncccc23)CC1,1.71701274,train,butina,18,,,,
NC1CC(NC(=O)c2ccc(-c3cn[nH]c3)cn2)C12CCC2,1.709702344,train,butina,18,,,,
NC1CCC(C(=O)N2CCC(c3c[nH]c4ncccc34)CC2)C1,1.917395215,train,butina,18,,,,
O=C(NC12CCCC1NCC2)c1ccc(-c2cn[nH]c2)cc1,2.0,train,butina,18,,,,
Cc1nc2cc(C(=O)NC34CCCC3NCC4)ccc2c(=O)[nH]1,1.866494097,train,butina,18,,,,
CNc1nc(C)cc(C(=O)Nc2ccc3[nH]ncc3c2)n1,1.493625323,train,butina,18,,,,
O=C(Nc1ccc(CN2CCCCC2)cc1)c1ccnc2[nH]cnc12,1.767526899,train,butina,18,,,,
NC(=O)c1cnc(N2CCc3[nH]nc(C(F)(F)F)c3C2)c(Cl)c1,0.986009932,train,butina,18,,,,
CCOc1cc2nn(CCC(C)(C)O)cc2cc1NC(=O)c1cccc(C(F)F)n1,0.099680641,test,butina,18,0.7404212494300003,0.2894559022100001,0.64632085451,0.24525682198999996
CC(C)(O)CCn1cc2cc(NC(=O)c3cccc(C(F)(F)F)n3)c(C(C)(C)O)cc2n1,1.015611205,test,butina,18,0.8647910253300002,0.47534571629000005,0.4838037977200002,0.44618278822000007
Cn1cc(-c2cn3nccc3c(-c3cnn([C@]4(CC#N)C[C@@H](C#N)C4)c3)n2)cn1,1.559583476,test,butina,18,0.7838863375200004,0.9177309028699996,0.6108698108600004,1.3637092264099997
O=C(c1ccc(Oc2ccccc2)cc1Cl)c1c[nH]c2ncnc(N[C@@H]3CC[C@@H](CO)OC3)c12,-0.467245621,test,butina,18,0.74484782878,0.12678777415000003,0.26253186499,0.26974821962999995
CC(C)(C)c1ccc(-c2nc3n(c(=O)c2C#N)CCS3)cc1,0.731266349,test,butina,18,0.7224815918500004,0.6487685602600002,0.23542465362999998,0.6190813857000003
C[C@@H]1c2nnn(-c3ncc(F)cn3)c2CCN1C(=O)c1cccc(C(F)(F)F)c1Cl,0.969089603,test,butina,18,0.7164790365099997,0.8978563963300006,0.6880786186400001,0.5428981884600003
COc1ccccc1-c1cc(NC(=O)c2cccc(N3CCNC3=O)c2)[nH]n1,-0.397940009,test,butina,18,1.15339164078,0.59413709775,0.7493617475400001,0.8812705682200003
Nc1ncc(-c2cccc(C(F)(F)F)c2)c(C2CCCCN2C(=O)c2ccccc2)n1,-0.04431225,test,butina,18,0.7942488037800003,0.6611150040500001,0.77833943497,0.17681457613000007
CCc1nc(C)cn2nc(-c3cc(=O)n4cc(C5CCN(C)CC5)cc(C)c4n3)cc12,0.868232868,test,butina,18,1.06864555907,0.6370263445600003,0.6689312025200003,0.5860527107500003
Cc1c(Cl)ccc2cc3n(c12)[C@@H](C)CNC3=O,0.328379603,test,butina,18,1.1134936541800002,1.0844307192500002,0.4760536086800002,1.136502241450001
COc1nn(C)cc1C(=O)Nc1cccc(-c2cnc3n2CCC3)c1,0.866877814,test,butina,18,0.7720446778600001,0.7738280597700001,0.90911518872,1.18753697739
COc1cc(F)ccc1-c1ncnc(Nc2cccc(C[S@@](C)(=N)=O)c2)n1,1.594922663,test,butina,18,0.37836471753000006,0.15759687974000003,0.6883437711600002,0.13426285973
CC(=O)Nc1ccc(C(=O)N2CCCCC2c2nc(N)ncc2-c2ccc(Cl)cc2)cc1,0.596926814,test,butina,18,1.2340379587200005,0.4162055776100001,0.40244598847999996,0.09725945083000004
CC(=O)Nc1ccc(C(=O)N2CCCCC2c2nc(N)ncc2-c2cccc(Cl)c2)cc1,0.520483533,test,butina,18,0.9453563789800005,0.42968884751,0.4162103618699999,0.07836123508000002
Cc1ncsc1C(=O)N1CCCCC1c1nc(N(C)C)ncc1-c1cccc(Cl)c1,-0.083019953,test,butina,18,0.78677578682,0.4047916851800001,0.9092552447699999,0.16433965992000002
COc1ccc([C@H]2CN(C(C)=O)[C@@H]3CCCN(Cc4cccc(F)c4)[C@H]23)cc1,0.595385981,test,butina,18,0.55478071492,0.6165758816200002,0.55557153994,0.84670799714
Cc1c(C(=O)NCCCN(C)C)sc2ncnc(Nc3ccc(F)cc3OC(C)C)c12,0.741821047,test,butina,18,0.26839339071999996,-0.17078081406999995,0.2548789226400001,-0.07305201157999999
Cc1ncsc1C(=O)N1CCCCC1c1nc(N)ncc1-c1cccc(C(F)(F)F)c1,0.615318657,test,butina,18,0.7313331748900002,0.5021295846900002,0.52117167205,0.09157708898000004
CCN1CCN(S(=O)(=O)Cc2ccc(Cl)c(Cl)c2)CC1,1.249124949,test,butina,18,0.9161785432499999,1.42434441851,0.6644968879400003,1.37274376311
O=C(Nc1nc2cccc(-c3ccc(CN4CCS(=O)(=O)CC4)cc3)n2n1)C1CC1,1.681349797,test,butina,18,0.8644608598000002,0.5744159748700001,0.7408354092900004,1.1890396293199992
COc1nn(C)cc1C(=O)Nc1cccc2cnccc12,1.504729052,test,butina,18,0.8413696413800003,0.942483577900001,1.1567544413800004,1.3774148254100007
COc1ccc(Nc2c(C#N)cnc3cc(OC)c(OC)cc23)cc1Cl,-0.033858267,test,butina,18,0.3759746986200001,0.17771897463999997,0.35793549089000004,-0.021002282669999945
CCOc1cc(CC(=O)N[C@@H](CC(C)C)c2ccccc2N2CCCCC2)ccc1C(=O)O,0.106870544,test,butina,18,0.23840287368999985,0.34866026985000004,0.7972559853100003,-0.11434586458999998
CN1C(N)=N[C@](C)(c2cc(NC(=O)c3ccc(F)cn3)ccc2F)CS1(=O)=O,1.560468571,test,butina,18,0.7668830593100003,0.8538418918900001,0.80231369305,1.16172130841
CNC(=O)C1(Cc2ccc(-c3cccnc3)cc2)CCN(Cc2ccccc2Cl)C1,0.387567779,test,butina,18,0.9195571098999998,0.6897384367199997,0.7800934039400002,0.7613701356299998
O=C(CN1CCCC(c2cccc(Cc3cccc(F)c3)n2)C1)N1CCCC1,1.062130535,test,butina,18,0.7141036105499999,0.9530489500299997,1.2769507195300003,0.8098914920300004
COc1cc2ncnc(Nc3cccc(O)c3)c2cc1OC,0.994317153,test,butina,18,0.28399343706999997,0.45256373277000006,0.2568653571899999,0.6019425802599999
CNC(=O)c1cccc(NC(=O)N2CCC(Oc3ccccc3Cl)CC2)c1,1.068760828,test,butina,18,0.6774979839499998,0.47871691106,0.7632534055900002,0.2926918167599999
COc1ccc(OCC(=O)Nc2cccc(Cl)c2N2CCN(C(C)=O)CC2)cc1,0.700790221,test,butina,18,0.5002890100600001,0.3855214992900002,0.4722030626000003,0.29824441023
CC(=O)N1CCN(c2c(Cl)cccc2NC(=O)COc2ccccc2Cl)CC1,0.256958153,test,butina,18,0.7247885238300001,0.46249631836,0.48382978002,0.19846091649999997
CCC(=O)N1CCN(c2ccc(Cl)cc2NC(=O)COc2ccccc2)CC1,0.250420002,test,butina,18,0.33635429574999987,0.3510179096400001,0.2876515124099999,0.22644954846000004
Cc1nnc(-c2ccc(N3CCC(Oc4cc(F)ccc4Cl)CC3)nn2)o1,0.161068385,test,butina,18,0.9175851669100001,0.6780534925200002,0.67707480466,0.47557179170999986
Cc1cn2nc(-c3cc(=O)n4cc(N5CCNC6(CC6)C5)ccc4n3)cc(C)c2n1,0.985246791,test,butina,18,0.9749139360100001,0.8370428118700002,0.5895698035100003,1.3263341679199996
O=C(Nc1cccc(N2CCNC2=O)c1)C1NCC12CCCC2,1.718202645,test,butina,18,1.1938739536300003,1.41450178915,1.28850613289,1.7404365322299995
NCC1CCCC1NC(=O)c1cc(N2CCNC2=O)ccc1F,1.87495702,test,butina,18,1.3901990977600003,1.36850847923,1.5009478797700004,1.8056806318799996
Cc1nnc(-c2ccc(N3CCC(Oc4ccccc4C(F)(F)F)CC3)nn2)s1,-0.906578315,test,butina,18,1.0369428894400006,0.68691969684,0.5641523119799998,0.3308622625
CN(C(=O)c1cc(N2CCNC2=O)ccc1F)C1CCC(N)CC1,1.828717885,test,butina,18,1.5678328978599994,1.4399863162499997,0.8897812403699997,1.7794580369399988
NC1CCCC(C(=O)Nc2ccc3[nH]ncc3c2)C1,2.0,test,butina,18,1.5236826824800005,1.31741975002,1.6275766234300004,1.918854476990001
NC1CCCC(C(=O)N2CCC(c3c[nH]c4ncccc34)CC2)C1,1.752816431,test,butina,18,1.7467765315,1.65425751202,1.7905262058499993,1.61579167718
CCc1c[nH]c2ncnc(N3CCC(CN4CCN(C)CC4)CC3)c12,1.728012707,test,butina,18,1.1865983901600003,1.23413321587,1.1648612861099998,1.5400261596999993
NC1CCCC(C(=O)Nc2cccc(N3CCNC3=O)c2)C1,1.763113391,test,butina,18,1.2835540857900005,1.4427970185500003,1.72436896715,1.86184357681
CC1CC(N)CCN1C(=O)c1cc(N2CCNC2=O)c(F)cc1F,1.833504094,test,butina,18,1.5170066979199999,1.4042601674100001,1.3538582323199997,1.7054767490799996
c1sc(NCC2CCCO2)nc1C12CC3CC(CC(C3)C1)C2,-1.096910013,test,butina,18,1.07630312065,1.1406444126499997,0.7990922382399998,0.74728719658
CNc1cc(Nc2cccn(-c3ccccn3)c2=O)nn2c(C(=O)N[C@@H]3C[C@@H]3F)cnc12,0.991226076,train,butina,19,,,,
CCOc1cc2nn(CCC(C)(C)O)cc2cc1NC(=O)c1cccc(C(F)F)n1,0.099680641,train,butina,19,,,,
CN(c1ncc(F)cn1)[C@H]1CCCNC1,2.0,train,butina,19,,,,
CC(C)(O)CCn1cc2cc(NC(=O)c3cccc(C(F)(F)F)n3)c(C(C)(C)O)cc2n1,1.015611205,train,butina,19,,,,
CC#CC(=O)N[C@H]1CCCN(c2c(F)cc(C(N)=O)c3[nH]c(C)c(C)c23)C1,0.163856803,train,butina,19,,,,
COc1ccc(Cl)cc1C(=O)NCCc1ccc(S(=O)(=O)NC(=O)NC2CCCCC2)cc1,-0.91721463,train,butina,19,,,,
C=CC(=O)N1CCC[C@@H](n2nc(-c3ccc(Oc4ccccc4)cc3)c3c(N)ncnc32)C1,0.62603,train,butina,19,,,,
CC(C)NC(=O)COc1cccc(-c2nc(Nc3ccc4[nH]ncc4c3)c3ccccc3n2)c1,-1.384078213,train,butina,19,,,,
CCS(=O)(=O)N1CC(CC#N)(n2cc(-c3ncnc4[nH]ccc34)cn2)C1,1.378597739,train,butina,19,,,,
COc1ccc(S(=O)(=O)N2CCC(N3CCC(C)CC3)CC2)cc1,1.729799023,train,butina,19,,,,
CCn1c(-c2nonc2N)nc2cnc(Oc3cccc(NC(=O)c4ccc(OCCN5CCOCC5)cc4)c3)cc21,-0.449771647,train,butina,19,,,,
COc1cc2c(cc1OC)CC(=O)N(CCCN(C)C[C@H]1Cc3cc(OC)c(OC)cc31)CC2,1.730984039,train,butina,19,,,,
CCCc1cc(N2CCc3c(nc(C4CC4)n3C)C2)n2ncnc2n1,1.677187053,train,butina,19,,,,
Fc1ccc(-c2ccc3c(c2)[nH]c2ccncc23)cn1,0.653405491,train,butina,19,,,,
Nc1c(F)ccc2cnc(-n3ccc4ccncc43)cc12,0.713910354,train,butina,19,,,,
C=CC(=O)N1C[C@H](Nc2ncnc3[nH]ccc23)CC[C@@H]1C,1.828227965,train,butina,19,,,,
Cn1cc(Nc2nccc(N3CC4CCC(C3)N4C(=O)[C@@H]3CC3(F)F)n2)cn1,1.642995934,train,butina,19,,,,
[2H]C([2H])([2H])NC(=O)c1nnc(NC(=O)C2CC2)cc1Nc1cccc(-c2ncn(C)n2)c1OC,1.186566481,train,butina,19,,,,
C=CC(=O)N1CCC(CNc2ncnc(N)c2-c2ccc(Oc3ccccc3)cc2)CC1,0.752995432,train,butina,19,,,,
Cc1c(-c2c(F)cc(C(N)=O)c3[nH]c4c(c23)CC[C@H](C(C)(C)O)C4)cccc1-n1c(=O)c2cccc(F)c2n(C)c1=O,0.436162647,train,butina,19,,,,
Cn1cc(-c2cn3nccc3c(-c3cnn([C@]4(CC#N)C[C@@H](C#N)C4)c3)n2)cn1,1.559583476,train,butina,19,,,,
O=C(c1ccc(Oc2ccccc2)cc1Cl)c1c[nH]c2ncnc(N[C@@H]3CC[C@@H](CO)OC3)c12,-0.467245621,train,butina,19,,,,
N#CC[C@H](C1CCCC1)n1cc(-c2ncnc3[nH]ccc23)cn1,0.630986911,train,butina,19,,,,
CC(C)(C)c1ccc(-c2nc3n(c(=O)c2C#N)CCS3)cc1,0.731266349,train,butina,19,,,,
CC#CC(=O)N1CC[C@@H](n2c(=O)n(-c3ccc(Oc4ccccc4)cc3)c3c(N)ncnc32)C1,0.935859798,train,butina,19,,,,
C=CC(=O)N1CCC([C@@H]2CCNc3c(C(N)=O)c(-c4ccc(Oc5ccccc5)cc4)nn32)CC1,0.968996327,train,butina,19,,,,
C=CC(=O)N1CCC[C@H](n2c(=O)n(-c3ccc(Oc4ccccc4)cc3)c3c(N)ncnc32)C1,0.983851719,train,butina,19,,,,
CC(C)(C=C(C#N)C(=O)N1CCC[C@@H](n2nc(-c3ccc(Oc4ccccc4)cc3F)c3c(N)ncnc32)C1)N1CCN(C2COC2)CC1,0.276231958,train,butina,19,,,,
CC#CC(=O)N1CC[C@@H](n2cc(-c3ccc(Oc4c(F)cccc4F)cc3)c3c(N)n[nH]c(=O)c32)C1,-0.073143291,train,butina,19,,,,
C[C@@H]1c2nnn(-c3ncc(F)cn3)c2CCN1C(=O)c1cccc(C(F)(F)F)c1Cl,0.969089603,train,butina,19,,,,
COc1ccccc1-c1cc(NC(=O)c2cccc(N3CCNC3=O)c2)[nH]n1,-0.397940009,train,butina,19,,,,
Nc1ncc(-c2cccc(C(F)(F)F)c2)c(C2CCCCN2C(=O)c2ccccc2)n1,-0.04431225,train,butina,19,,,,
Cc1nccc(-c2cn(Cc3ccccc3)c3cnccc23)n1,1.122707254,train,butina,19,,,,
CCc1nc(C)cn2nc(-c3cc(=O)n4cc(C5CCN(C)CC5)cc(C)c4n3)cc12,0.868232868,train,butina,19,,,,
Cc1c(Cl)ccc2cc3n(c12)[C@@H](C)CNC3=O,0.328379603,train,butina,19,,,,
Nc1ncnc2c1c(-c1ccc(Oc3ccccc3)cc1)nn2[C@@H]1CCCNC1,0.956648579,train,butina,19,,,,
COc1nn(C)cc1C(=O)Nc1cccc(-c2cnc3n2CCC3)c1,0.866877814,train,butina,19,,,,
COc1cc(F)ccc1-c1ncnc(Nc2cccc(C[S@@](C)(=N)=O)c2)n1,1.594922663,train,butina,19,,,,
Cc1ncc(CN2CC[C@@H](Nc3cncc(Cl)n3)[C@@H](C)C2)s1,1.205461507,train,butina,19,,,,
Cc1ccc(C(=O)N2CCC(Cc3ccccc3-c3ccccc3)(C(=O)N(C)C)CC2)s1,-0.293282218,train,butina,19,,,,
CCc1nc2c(C)cc(N3CCN(CC(=O)N4CC(O)C4)CC3)cn2c1N(C)c1nc(-c2ccc(F)cc2)c(C#N)s1,-0.204728421,train,butina,19,,,,
C[C@@H]1CCN(C(=O)CC#N)C[C@@H]1N(C)c1ncnc2[nH]ccc12,1.991815076,train,butina,19,,,,
CN(C)C(=O)C1(Cc2ccccc2-c2ccccc2)CCN(C(=O)C2CCCO2)CC1,0.902546779,train,butina,19,,,,
CC(=O)Nc1ccc(C(=O)N2CCCCC2c2nc(N)ncc2-c2ccc(Cl)cc2)cc1,0.596926814,train,butina,19,,,,
CC(=O)Nc1ccc(C(=O)N2CCCCC2c2nc(N)ncc2-c2cccc(Cl)c2)cc1,0.520483533,train,butina,19,,,,
O=C1CN(c2ccc(Nc3nccc(C(F)(F)F)n3)cn2)CCN1,1.543819805,train,butina,19,,,,
O=C1NCCN(C(=O)c2ccc3nccn3c2)C1c1ccccc1C(F)(F)F,1.851001366,train,butina,19,,,,
Cc1cc(F)ccc1C1C(=O)NCCN1C(=O)c1ccc2nccn2c1,1.78096503,train,butina,19,,,,
O=C1NCCN(C(=O)c2ccncc2)C1c1ccccc1Cl,1.876996793,train,butina,19,,,,
C[C@H]1CN(C(=O)CC(c2ccccc2)c2ccccc2)C[C@@H](C)O1,1.188253327,train,butina,19,,,,
CN1[C@H]2CC[C@@H]1C[C@@H](OC(c1ccccc1)c1ccccc1)C2,1.106122874,train,butina,19,,,,
CC(C)(C)C(=O)N1CCC(Cc2ccc(-c3cccs3)cc2)(C(=O)N2CCCC2)CC1,-0.1837587,train,butina,19,,,,
Cc1ncsc1C(=O)N1CCCCC1c1nc(N(C)C)ncc1-c1cccc(Cl)c1,-0.083019953,train,butina,19,,,,
OCC1CCCCN1Cc1ccc(Cl)c(Cl)c1,1.390069186,train,butina,19,,,,
CC(=O)N1CCN(c2nc(C(F)(F)F)nc3sc(C)c(C)c23)CC1,0.13481437,train,butina,19,,,,
COc1ccc([C@H]2CN(C(C)=O)[C@@H]3CCCN(Cc4cccc(F)c4)[C@H]23)cc1,0.595385981,train,butina,19,,,,
Cc1c(C(=O)NCCCN(C)C)sc2ncnc(Nc3ccc(F)cc3OC(C)C)c12,0.741821047,train,butina,19,,,,
OCC1CCCCN1Cc1ccc(-c2ccccc2)cc1,1.368007805,train,butina,19,,,,
Nc1ncc(C(=O)NC2CN(C(=O)C3CC3)C2)c2ccc(-c3cccc(F)c3)nc12,0.623352682,train,butina,19,,,,
CC1(C)CC(Oc2ccc(-c3ccc(-c4cn[nH]c4)cc3O)nn2)CC(C)(C)N1,1.199947058,train,butina,19,,,,
Cc1nnc(-c2ccc3occ(-c4ccc(S(C)=O)cc4)c3c2)o1,0.193402903,train,butina,19,,,,
Cc1ncsc1C(=O)N1CCCCC1c1nc(N)ncc1-c1cccc(C(F)(F)F)c1,0.615318657,train,butina,19,,,,
O=C(Nc1ccc2ccccc2n1)c1ccc(N2CCOC2=O)cc1,0.449015316,train,butina,19,,,,
O=C(CCNC(=O)c1ccc(OC(F)(F)F)cc1)N[C@@H]1CCCc2ccccc21,0.526080692,train,butina,19,,,,
O=S(=O)(c1cccc2cnccc12)N1CCCNCC1,1.892077899,train,butina,19,,,,
CCN1CCN(S(=O)(=O)Cc2ccc(Cl)c(Cl)c2)CC1,1.249124949,train,butina,19,,,,
O=C(Nc1nc2cccc(-c3ccc(CN4CCS(=O)(=O)CC4)cc3)n2n1)C1CC1,1.681349797,train,butina,19,,,,
CCN(C/C=C\c1ccc(C2CCCCC2)c(Cl)c1)C1CCCCC1,-0.853871964,train,butina,19,,,,
NCCN1CCN(C/C=C/C(=O)N2CCC[C@@H](n3nc(-c4ccc(Oc5ccccc5)cc4)c4c(N)ncnc43)C2)CC1,0.699837726,train,butina,19,,,,
Cn1c(C2CC2)nc2c1CCN(c1ncnc3ccsc13)C2,1.237065953,train,butina,19,,,,
CC/C(=C(\c1ccccc1)c1ccc(OCCN(C)C)cc1)c1ccccc1,-0.580044252,train,butina,19,,,,
COc1nn(C)cc1C(=O)Nc1cccc2cnccc12,1.504729052,train,butina,19,,,,
CNC(=O)C1(Cc2ccc(-c3ccncc3)cc2)CCN(Cc2cccc(F)c2)C1,1.10503305,train,butina,19,,,,
Cc1ncc(CN2CCC(Nc3ccc4nnnn4n3)C(C)C2)s1,1.652285029,train,butina,19,,,,
Cc1nc(Nc2nccs2)cc(C2CN(c3ncccn3)C2)n1,0.444669231,train,butina,19,,,,
COc1ccc(Nc2c(C#N)cnc3cc(OC)c(OC)cc23)cc1Cl,-0.033858267,train,butina,19,,,,
Cc1noc(C(C)C)c1C(=O)N1CC(C)OC(c2ccccc2)C1,1.180469962,train,butina,19,,,,
CN(Cc1ccccc1)C1(C(=O)N2CCNC(=O)CC2)Cc2ccccc2C1,0.904931827,train,butina,19,,,,
Cc1c(F)cccc1NC(=O)CN1[C@H]2CCCC(=O)N[C@@]2(C)C[C@H]1Cc1ccccc1,0.595275712,train,butina,19,,,,
CCC1=C(C)CN(C(=O)NCCc2ccc(S(=O)(=O)NC(=O)N[C@H]3CC[C@H](C)CC3)cc2)C1=O,-1.180456064,train,butina,19,,,,
O=S(=O)(c1cccc2c(O)nccc12)N1CCCNCC1,1.850223373,train,butina,19,,,,
Cc1ccc(NC(=O)CN2[C@H]3CCCC(=O)N[C@@]3(C)C[C@H]2Cc2ccccc2)cc1F,-0.137272472,train,butina,19,,,,
CN(C)C(=O)C1(Cc2ccccc2-c2cccc(F)c2)CCN(C(=O)C2CC=CCC2)CC1,-0.104025268,train,butina,19,,,,
COCC(=O)N1CCC(Cc2ccccc2-c2cccc(F)c2)(C(=O)NC(C)C)CC1,0.596597096,train,butina,19,,,,
C#C[C@@](C)(CC)NC(=O)c1cc(F)cnc1NC1CC(F)(F)C1,0.671265433,train,butina,19,,,,
Cn1cc(Nc2nc(N)nc(-c3cccc(-n4ccc5cc(C6CC6)cc(F)c5c4=O)c3CO)n2)cn1,0.850401148,train,butina,19,,,,
Cc1cnc(C(=O)NCCc2ccc(S(=O)(=O)NC(=O)NC3CCCCC3)cc2)cn1,0.01745073,train,butina,19,,,,
CNC(=O)C1(Cc2ccc(-c3cccnc3)cc2)CCN(Cc2ccc(F)cc2)C1,1.021602716,train,butina,19,,,,
CNC(=O)C1(Cc2ccc(-c3cccnc3)cc2)CCN(Cc2cccc(F)c2)C1,0.829753919,train,butina,19,,,,
CC(=O)Nc1ncc(CN2CCCC[C@@H]2C)s1,2.0,train,butina,19,,,,
O=C1CCCC[C@@H]2[C@H](C[C@@H](Cc3ccccc3F)N2C(=O)c2cccc3ncccc23)N1,1.277998644,train,butina,19,,,,
CCOc1cc(CC(=O)N[C@@H](CC(C)C)c2ccccc2N2CCCCC2)ccc1C(=O)O,0.106870544,train,butina,19,,,,
CC(O)(C#Cc1ccc2c(c1)N(c1nc(N)ncc1Cl)CC2)c1nccs1,-0.122628654,train,butina,19,,,,
COCCc1noc(CN2CC(c3ccccc3)(c3ccccc3)CCC2=O)n1,1.167051359,train,butina,19,,,,
Cc1[nH]nc2c1C1(CCCCC1)CC(=O)N2,1.323066376,train,butina,19,,,,
Cc1oc2ccccc2c1CNc1nnc(-c2ccncc2)o1,0.717254313,train,butina,19,,,,
C[C@@H]1Cc2ccccc2N1C(=O)Cn1nc(-c2cccc3ncccc23)oc1=O,0.224014811,train,butina,19,,,,
Nc1ncnc2c1c(-c1cnc3[nH]ccc3c1)nn2C1CCCC1,0.862608364,train,butina,19,,,,
O=C(Nc1cnccc1-c1ccc(Cl)cc1)c1ccnc(NC(=O)C2CC2)c1,0.369957607,train,butina,19,,,,
CN1C(N)=N[C@](C)(c2cc(NC(=O)c3ccc(F)cn3)ccc2F)CS1(=O)=O,1.560468571,train,butina,19,,,,
CC1CN(C(=O)c2cccnc2N2CCOCC2)CC(c2ccccc2)O1,1.573185017,train,butina,19,,,,
CCCCNC(=O)NS(=O)(=O)c1ccc(C)cc1,0.439332694,train,butina,19,,,,
Cc1cc(Nc2cnccn2)cc(C2CCCN(CC(=O)N3CCCC3)C2)n1,1.642246824,train,butina,19,,,,
Cc1cccnc1Nc1cccc(C2CCCN(CC(=O)Nc3nccs3)C2)n1,0.180699201,train,butina,19,,,,
CN(C)C(=O)C1(Cc2ccccc2-c2ccccc2)CCN(C(=O)c2cnn(C)c2)CC1,1.041353202,train,butina,19,,,,
CC1(C)CC(=O)C2=C(C1)NC(=O)CC2c1ccc(Br)cc1,1.159236233,train,butina,19,,,,
CN1CCN(S(=O)(=O)c2ccc(-c3cnc(N)c(C(=O)Nc4cccnc4)n3)cc2)CC1,1.078638038,train,butina,19,,,,
CNC(=O)C1(Cc2ccc(-c3cccnc3)cc2)CCN(Cc2ccccc2Cl)C1,0.387567779,train,butina,19,,,,
Cc1cc(N2CCCC2c2cc(CCC(=O)O)cc(C)n2)ncn1,2.0,train,butina,19,,,,
CCCNC(=O)NS(=O)(=O)c1ccc(Cl)cc1,0.969835093,train,butina,19,,,,
O=C(CN1CCCC(c2cccc(Cc3cccc(F)c3)n2)C1)N1CCCC1,1.062130535,train,butina,19,,,,
COc1cc2ncnc(Nc3cccc(O)c3)c2cc1OC,0.994317153,train,butina,19,,,,
CC1(CNC(=O)c2cncc(C3CCNCC3)n2)CCCO1,1.988550039,train,butina,19,,,,
Cc1cc(N2CCCC2)nc(C2CCCN(C)C2)n1,2.0,train,butina,19,,,,
O=C1NCCSc2c1sc1ccc(O)cc21,0.891593204,train,butina,19,,,,
CCn1cc(C(=O)O)c(=O)c2c(N)c(F)c(NC3CCCCC3)cc21,0.427486109,train,butina,19,,,,
C=CC(=O)N(C)CCOc1c(N)ncnc1-c1cc(F)cc(NC(=O)c2ccc(C3CC3)cc2F)c1C,0.838502776,train,butina,19,,,,
CC(=O)NCCNc1cc(Cl)nn2c(-c3cccc(S(=O)(=O)N(C)C)c3)c(C)nc12,0.681693392,train,butina,19,,,,
Cc1c[nH]c(=O)n1-c1ccc(C(=O)Nc2ccc3ccccc3n2)cc1,0.639386869,train,butina,19,,,,
CNC(=O)c1cccc(NC(=O)N2CCC(Oc3ccccc3Cl)CC2)c1,1.068760828,train,butina,19,,,,
COc1ccc(OCC(=O)Nc2cccc(Cl)c2N2CCN(C(C)=O)CC2)cc1,0.700790221,train,butina,19,,,,
c1ccc(-c2ccc(CN3CCCCCCC3)cc2)cc1,-0.614393726,train,butina,19,,,,
CC(=O)N1CCN(c2c(Cl)cccc2NC(=O)COc2ccccc2Cl)CC1,0.256958153,train,butina,19,,,,
CCC(=O)N1CCN(c2ccc(Cl)cc2NC(=O)COc2ccccc2)CC1,0.250420002,train,butina,19,,,,
Cc1ccc(Oc2ccc(Cl)cc2NC(=O)CN(C)CC(=O)N(C)C)cc1,-0.053056729,train,butina,19,,,,
CC1(C)Cc2cc(NC(=O)c3cnn4cccnc34)c(OCC3CC3)nc2O1,-0.199970641,train,butina,19,,,,
N#Cc1cc(F)c(NS(=O)(=O)c2c[nH]c3cc(Cl)ccc23)cc1F,-0.026872146,train,butina,19,,,,
NC(=O)C1(Cc2ccc(-c3ccncc3)cc2)CCN(C(=O)Cc2cccc(F)c2)CC1,1.006508828,train,butina,19,,,,
CCn1c(=O)oc2cc(NC(=O)c3ccc(C(C)(C)C)cc3)ccc21,0.21005085,train,butina,19,,,,
COc1ccc(OC[C@@H]2c3cc(OC)c(OC)cc3CCN2C(=O)c2cccc(Cl)c2)cc1,-0.116906641,train,butina,19,,,,
N#Cc1ccc(COc2cccc(C3CCN(Cc4nc5ccc(C(=O)O)cc5n4C[C@@H]4CCO4)CC3)n2)c(F)c1,0.402433346,train,butina,19,,,,
CC(C)(C)OC(=O)N1CCCC1C(=O)N1CCC(C(=O)N[C@@H](Cc2c[nH]c3ccccc23)C(=O)O)CC1,1.691832676,train,butina,19,,,,
O=C(Nc1cccc2c(=O)cc(-c3nnn[nH]3)oc12)c1ccc(OCCCCc2ccccc2)cc1,0.582744966,train,butina,19,,,,
CC(=O)Nc1ncc(C(=O)O)s1,1.81935965,train,butina,19,,,,
Cc1cccc(-c2nc(C34CCC(C(N)=O)(CC3)CC4)[nH]c2-c2ccc3c(c2)OCO3)n1,1.02011257,train,butina,19,,,,
COc1cc2nc(-c3cc(F)ccc3O)nc(N[C@@H]3CNC[C@H]3C(C)(C)O)c2cc1OC.Cl,-1.119186408,train,butina,19,,,,
CC(C)[C@@](C)(O)[C@@H]1CN(c2nc(-c3n[nH]c4ncccc34)c(F)cc2Cl)CCN1,1.302460808,train,butina,19,,,,
Cc1nnc(-c2ccc(N3CCC(Oc4cc(F)ccc4Cl)CC3)nn2)o1,0.161068385,train,butina,19,,,,
Cc1cn2nc(-c3cc(=O)n4cc(N5CCNC6(CC6)C5)ccc4n3)cc(C)c2n1,0.985246791,train,butina,19,,,,
Cc1ccc(OCC2(O)CCN(CC3(O)CCN(c4ccccc4C)CC3)CC2)cc1,-0.040481623,train,butina,19,,,,
CN(C(=O)c1cc(N2CCNC2=O)ccc1F)C1CCNC1,1.885728632,train,butina,19,,,,
O=C(Nc1cccc(N2CCNC2=O)c1)C1NCC12CCCC2,1.718202645,train,butina,19,,,,
NCC1CCCC1NC(=O)c1cc(N2CCNC2=O)ccc1F,1.87495702,train,butina,19,,,,
Cn1c(-c2n[nH]c3c2CCCC3)nnc1N1CCC2(CNC(=O)C2)C1,1.792986685,train,butina,19,,,,
Cc1nnc(-c2ccc(N3CCC(Oc4ccccc4C(F)(F)F)CC3)nn2)s1,-0.906578315,train,butina,19,,,,
O=C(NCCc1ccccc1)c1ccc(NC(=O)N2CCCCc3ccccc32)cc1,0.075911761,train,butina,19,,,,
CC(C)(C)c1ccc(C(O)CN2CCC(O)(c3ccc4c(c3)OCO4)CC2)cc1,0.779018972,train,butina,19,,,,
CN(C(=O)c1cc(N2CCNC2=O)ccc1F)C1CCC(N)CC1,1.828717885,train,butina,19,,,,
NC1CCCC(C(=O)Nc2ccc3[nH]ncc3c2)C1,2.0,train,butina,19,,,,
NC1CCCC(C(=O)N2CCC(c3c[nH]c4ncccc34)CC2)C1,1.752816431,train,butina,19,,,,
O=C(Nc1ccc(CN2CCCCC2)cc1)c1ccnc2[nH]cnc12,1.767526899,train,butina,19,,,,
CCc1c[nH]c2ncnc(N3CCC(CN4CCN(C)CC4)CC3)c12,1.728012707,train,butina,19,,,,
NC(=O)c1cnc(N2CCc3[nH]nc(C(F)(F)F)c3C2)c(Cl)c1,0.986009932,train,butina,19,,,,
NC1CCCC(C(=O)Nc2cccc(N3CCNC3=O)c2)C1,1.763113391,train,butina,19,,,,
CC1CC(N)CCN1C(=O)c1cc(N2CCNC2=O)c(F)cc1F,1.833504094,train,butina,19,,,,
c1sc(NCC2CCCO2)nc1C12CC3CC(CC(C3)C1)C2,-1.096910013,train,butina,19,,,,
CC(C)(Oc1ccc(-c2cnc(N)c(-c3ccc(Cl)cc3)c2)cc1)C(=O)O,-1.158015195,test,butina,19,0.46508078382999996,0.36324632378999994,0.48731438777,0.21223224744
Cc1c[nH]c2nccc(Oc3c(F)cc(Nc4cc(Cl)nc(N)n4)cc3F)c12,-1.22184875,test,butina,19,0.8619800900300001,0.4166633875000001,0.6691804435,0.21480169376
Nc1n[nH]cc1-c1cc(Cl)ccc1Oc1cc(F)c(S(=O)(=O)Nc2cscn2)cc1Cl,-0.354577731,test,butina,19,0.6048072320900001,0.24238594167999988,0.49063952839000047,-0.06487555387999996
C=CC(=O)Nc1cccc(Oc2nc(Nc3ccc(N4CCN(C)CC4)cc3)nc3ccsc23)c1,-0.049635146,test,butina,19,0.6391192071200001,0.45440840768000007,0.040309986110000036,-0.13869898940000003
C=CC(=O)Nc1cccc(Oc2nc(Nc3ccc(N4CCN(C)CC4)c(F)c3)nc3[nH]ccc23)c1,0.039414119,test,butina,19,1.04472284661,0.4123927394500002,0.4543276540999999,-0.30025453309999983
O=C(Nc1cccc(-c2nncn2C2CC2)c1)c1cc(-n2cnc(C3CC3)c2)ccn1,0.262925469,test,butina,19,0.62127113393,0.6825620078,1.14717130935,0.6737380069400003
Fc1ccccc1-c1c[nH]nc1C1CCCN1Cc1ccc2ncccc2c1,0.545801757,test,butina,19,0.7095421869700002,0.6641745628400001,0.6832320672700004,0.17664692631999995
Cc1nnc(CN(C)CC(C)Oc2ccc(Cl)c(Cl)c2)n1C,0.926290987,test,butina,19,0.73477159324,0.58829791211,0.54104785603,0.6929105092700003
OC[C@H](Nc1cncc(-c2ccc3[nH]ncc3n2)c1)c1ccccc1,1.017826038,test,butina,19,0.9702269470499999,0.8692161132200001,0.7304257728700001,0.9352821477900006
COc1ccccc1C(=O)Nc1ccc2cc[nH]c2c1,0.505149978,test,butina,19,0.95538418553,0.7108343541100001,0.4830832295200001,0.6590309586299999
c1ccc(Oc2cccc(CN(CCN3CCOCC3)Cc3cccnc3)c2)cc1,-0.222573178,test,butina,19,0.8226399322700003,0.45260007717999956,0.5767101141500003,0.9194696244100011
C=CC(=O)Nc1cccc(Oc2nc(Nc3ccc(N4CCN(C)CC4)cc3)nc3ccoc23)c1,0.146128036,test,butina,19,0.8236182296999999,0.4795208510500001,0.05031421440000001,0.21202861695999992
CCn1c(CO)nn(-c2cc(O[C@@H](C)C(F)(F)F)c(C(=O)Nc3c(F)cccc3Cl)cc2F)c1=O,0.975753389,test,butina,19,0.6180258952100003,0.29702426061,0.35944293208999994,0.4762299847499999
COc1ccc(CCCN2CCN(c3cnn(C)c3)C(=O)C2)cc1F,1.343408594,test,butina,19,1.06779571105,1.1821190088500004,0.8064732940900002,0.9669227816200002
COc1ccc(CNC(=O)c2sc3nc(C)cc(C)c3c2N)cc1,-0.356547324,test,butina,19,0.6459449241000002,0.4729630864700002,0.29424593393999987,0.3579711788
O=C(Nc1cccc2ncccc12)[C@H]1CCCN(S(=O)(=O)c2ccccc2)C1,1.222560409,test,butina,19,1.0735990609300001,0.74963454672,1.1581994041800001,0.49839019073000024
Cc1cc(C)c2c(N)c(C(=O)NCc3ccc(Cl)cc3)sc2n1,-0.370590401,test,butina,19,0.7901211874300001,0.5867387142000001,0.4432584220100004,0.31699771105999996
COCCNC(=O)c1ccnc(C2CCNCC2)c1,2.0,test,butina,19,1.1910108125200005,1.6368942280400003,0.9688139002599999,1.3152463499999998
COc1nc2sc(C(=O)NC3CC3)c(N)c2c(C)c1Cl,0.245512668,test,butina,19,0.9167611251900002,0.7861663354900004,0.4758578745100005,0.8783581784600009
C[C@H]1CN(C2COC2)CCN1c1ccc(Nc2cc(-c3ccnc(N4CCn5c(cc6c5CC(C)(C)C6)C4=O)c3CO)cn(C)c2=O)nc1,1.209139536,test,butina,19,0.66098706437,0.6838072761900001,0.6485713475700002,0.20131060548000002
C=CC(=O)Nc1cccc(Nc2nc(Nc3ccc(Oc4ccnc(C(=O)NC)c4)cc3)ncc2F)c1,-0.403402904,test,butina,19,0.7497035388400002,0.42783431934000005,0.5445608511500001,-0.4610998363099999
CC#CC(=O)N1CCC[C@@H]1c1nc(-c2ccc(C(=O)Nc3ccccn3)cc2)c2c(N)nccn12,0.975868182,test,butina,19,0.6468491819900002,0.6477008783000002,0.7854841962000003,0.5115180016099999
COc1cc2c(cc1OC)CN(CCc1ccc(NC(=O)c3cccc4c(O)c5cccc(OC)c5nc34)cc1)CC2,-1.207608311,test,butina,19,0.8683481714400001,0.035269749550000035,0.19268753923000007,0.055413538810000024
CCCc1nc2nc(C)c(NS(=O)(=O)c3ccc(C4CCCCC4)cc3)c(O)n2n1,-0.218963061,test,butina,19,0.6182097236900002,0.4709243079700002,0.6276860181900005,0.24117027610999997
COc1ccc([C@H]2c3[nH]c4ccc(Cl)cc4c3CCN2C(=O)Oc2ccc(Cl)cc2)cc1,1.51293775,test,butina,19,0.7821014779900003,0.21794673827,0.23090931802,0.06330143328000004
CC(=O)Nc1ccc(O)cc1,1.887859133,test,butina,19,0.8898631914700001,1.00092952184,0.49301013769999996,1.4780738710399992
O=C(NC1CCNCC1)c1ccc2[nH]ncc2c1,1.842696589,test,butina,19,1.1022478121700006,1.4336539641900006,1.1537248762100005,1.4777999722099995
Cc1cccc(/C=N/Nc2cc(N3CCOCC3)nc(OCCc3ccccn3)n2)c1,-0.548213564,test,butina,19,0.8363793515400001,0.5059831731300001,0.8024290532100001,0.6294872438600001
CC(C)[C@H](CO)Nc1nc(Nc2cc(N)cc(Cl)c2)c2ncn(C(C)C)c2n1,-0.061980903,test,butina,19,1.1006688393900004,0.6938325409600001,0.6328446046299999,0.48317855377
O=C(NC1CCNCC1)c1ccc2cn[nH]c2c1,2.0,test,butina,19,1.0775019605200005,1.47868770633,1.07176265373,1.4777999722099995
CCCS(=O)(=O)Nc1ccc(F)c(C(=O)c2c[nH]c3ncc(-c4ccc(Cl)cc4)cc23)c1F,-1.59345982,test,butina,19,0.7853940375200001,0.3977953580900001,0.5776109623300002,-0.0033131694099999887
NC[C@H]1CC[C@@H](C(=O)Nc2ccc3[nH]ncc3c2)O1,1.981999714,test,butina,19,1.0245306833799999,1.30948790398,1.0107296452500005,1.8699973207299994
NC1CCCC1C(=O)N1CCC(c2c[nH]c3ncccc23)CC1,1.71701274,test,butina,19,1.46504517843,1.644703204830001,1.6803217581900005,1.7514098733000014
NC1CC(NC(=O)c2ccc(-c3cn[nH]c3)cn2)C12CCC2,1.709702344,test,butina,19,0.9875280133200002,1.3155234306399999,1.4762641659200006,1.7239404685599995
NC1CCC(C(=O)N2CCC(c3c[nH]c4ncccc34)CC2)C1,1.917395215,test,butina,19,1.4665611247400003,1.6061135488600007,1.627910206850001,1.7448735004900018
O=C(NC12CCCC1NCC2)c1ccc(-c2cn[nH]c2)cc1,2.0,test,butina,19,1.0771740482400007,1.02897399923,0.7802111712200002,1.72637070387
Cc1nc2cc(C(=O)NC34CCCC3NCC4)ccc2c(=O)[nH]1,1.866494097,test,butina,19,1.0253081025200002,1.2537199775099999,1.0536416958300001,1.6985277976899993
CNc1nc(C)cc(C(=O)Nc2ccc3[nH]ncc3c2)n1,1.493625323,test,butina,19,0.8654227228000001,1.2725990721500005,1.13482969901,1.0999883436400006
CNc1cc(Nc2cccn(-c3ccccn3)c2=O)nn2c(C(=O)N[C@@H]3C[C@@H]3F)cnc12,0.991226076,train,random,20,,,,
CCOc1cc2nn(CCC(C)(C)O)cc2cc1NC(=O)c1cccc(C(F)F)n1,0.099680641,train,random,20,,,,
CN(c1ncc(F)cn1)[C@H]1CCCNC1,2.0,train,random,20,,,,
CC(C)(Oc1ccc(-c2cnc(N)c(-c3ccc(Cl)cc3)c2)cc1)C(=O)O,-1.158015195,train,random,20,,,,
C=CC(=O)N1CCC[C@@H](n2nc(-c3ccc(Oc4ccccc4)cc3)c3c(N)ncnc32)C1,0.62603,train,random,20,,,,
CC(C)NC(=O)COc1cccc(-c2nc(Nc3ccc4[nH]ncc4c3)c3ccccc3n2)c1,-1.384078213,train,random,20,,,,
CCS(=O)(=O)N1CC(CC#N)(n2cc(-c3ncnc4[nH]ccc34)cn2)C1,1.378597739,train,random,20,,,,
COc1ccc(S(=O)(=O)N2CCC(N3CCC(C)CC3)CC2)cc1,1.729799023,train,random,20,,,,
CCn1c(-c2nonc2N)nc2cnc(Oc3cccc(NC(=O)c4ccc(OCCN5CCOCC5)cc4)c3)cc21,-0.449771647,train,random,20,,,,
Cc1c[nH]c2nccc(Oc3c(F)cc(Nc4cc(Cl)nc(N)n4)cc3F)c12,-1.22184875,train,random,20,,,,
COc1cc2c(cc1OC)CC(=O)N(CCCN(C)C[C@H]1Cc3cc(OC)c(OC)cc31)CC2,1.730984039,train,random,20,,,,
CCCc1cc(N2CCc3c(nc(C4CC4)n3C)C2)n2ncnc2n1,1.677187053,train,random,20,,,,
Fc1ccc(-c2ccc3c(c2)[nH]c2ccncc23)cn1,0.653405491,train,random,20,,,,
Nc1c(F)ccc2cnc(-n3ccc4ccncc43)cc12,0.713910354,train,random,20,,,,
C=CC(=O)N1C[C@H](Nc2ncnc3[nH]ccc23)CC[C@@H]1C,1.828227965,train,random,20,,,,
[2H]C([2H])([2H])NC(=O)c1nnc(NC(=O)C2CC2)cc1Nc1cccc(-c2ncn(C)n2)c1OC,1.186566481,train,random,20,,,,
C=CC(=O)N1CCC(CNc2ncnc(N)c2-c2ccc(Oc3ccccc3)cc2)CC1,0.752995432,train,random,20,,,,
Nc1n[nH]cc1-c1cc(Cl)ccc1Oc1cc(F)c(S(=O)(=O)Nc2cscn2)cc1Cl,-0.354577731,train,random,20,,,,
O=C(c1ccc(Oc2ccccc2)cc1Cl)c1c[nH]c2ncnc(N[C@@H]3CC[C@@H](CO)OC3)c12,-0.467245621,train,random,20,,,,
N#CC[C@H](C1CCCC1)n1cc(-c2ncnc3[nH]ccc23)cn1,0.630986911,train,random,20,,,,
CC(C)(C)c1ccc(-c2nc3n(c(=O)c2C#N)CCS3)cc1,0.731266349,train,random,20,,,,
C=CC(=O)Nc1cccc(Oc2nc(Nc3ccc(N4CCN(C)CC4)cc3)nc3ccsc23)c1,-0.049635146,train,random,20,,,,
CC#CC(=O)N1CC[C@@H](n2c(=O)n(-c3ccc(Oc4ccccc4)cc3)c3c(N)ncnc32)C1,0.935859798,train,random,20,,,,
C=CC(=O)N1CCC([C@@H]2CCNc3c(C(N)=O)c(-c4ccc(Oc5ccccc5)cc4)nn32)CC1,0.968996327,train,random,20,,,,
C=CC(=O)N1CCC[C@H](n2c(=O)n(-c3ccc(Oc4ccccc4)cc3)c3c(N)ncnc32)C1,0.983851719,train,random,20,,,,
CC(C)(C=C(C#N)C(=O)N1CCC[C@@H](n2nc(-c3ccc(Oc4ccccc4)cc3F)c3c(N)ncnc32)C1)N1CCN(C2COC2)CC1,0.276231958,train,random,20,,,,
C=CC(=O)Nc1cccc(Oc2nc(Nc3ccc(N4CCN(C)CC4)c(F)c3)nc3[nH]ccc23)c1,0.039414119,train,random,20,,,,
COc1ccccc1-c1cc(NC(=O)c2cccc(N3CCNC3=O)c2)[nH]n1,-0.397940009,train,random,20,,,,
Nc1ncc(-c2cccc(C(F)(F)F)c2)c(C2CCCCN2C(=O)c2ccccc2)n1,-0.04431225,train,random,20,,,,
O=C(Nc1cccc(-c2nncn2C2CC2)c1)c1cc(-n2cnc(C3CC3)c2)ccn1,0.262925469,train,random,20,,,,
Fc1ccccc1-c1c[nH]nc1C1CCCN1Cc1ccc2ncccc2c1,0.545801757,train,random,20,,,,
Cc1nccc(-c2cn(Cc3ccccc3)c3cnccc23)n1,1.122707254,train,random,20,,,,
CCc1nc(C)cn2nc(-c3cc(=O)n4cc(C5CCN(C)CC5)cc(C)c4n3)cc12,0.868232868,train,random,20,,,,
Cc1c(Cl)ccc2cc3n(c12)[C@@H](C)CNC3=O,0.328379603,train,random,20,,,,
Cc1nnc(CN(C)CC(C)Oc2ccc(Cl)c(Cl)c2)n1C,0.926290987,train,random,20,,,,
COc1nn(C)cc1C(=O)Nc1cccc(-c2cnc3n2CCC3)c1,0.866877814,train,random,20,,,,
COc1cc(F)ccc1-c1ncnc(Nc2cccc(C[S@@](C)(=N)=O)c2)n1,1.594922663,train,random,20,,,,
Cc1ncc(CN2CC[C@@H](Nc3cncc(Cl)n3)[C@@H](C)C2)s1,1.205461507,train,random,20,,,,
Cc1ccc(C(=O)N2CCC(Cc3ccccc3-c3ccccc3)(C(=O)N(C)C)CC2)s1,-0.293282218,train,random,20,,,,
CCc1nc2c(C)cc(N3CCN(CC(=O)N4CC(O)C4)CC3)cn2c1N(C)c1nc(-c2ccc(F)cc2)c(C#N)s1,-0.204728421,train,random,20,,,,
CN(C)C(=O)C1(Cc2ccccc2-c2ccccc2)CCN(C(=O)C2CCCO2)CC1,0.902546779,train,random,20,,,,
CC(=O)Nc1ccc(C(=O)N2CCCCC2c2nc(N)ncc2-c2ccc(Cl)cc2)cc1,0.596926814,train,random,20,,,,
CC(=O)Nc1ccc(C(=O)N2CCCCC2c2nc(N)ncc2-c2cccc(Cl)c2)cc1,0.520483533,train,random,20,,,,
O=C1NCCN(C(=O)c2ccc3nccn3c2)C1c1ccccc1C(F)(F)F,1.851001366,train,random,20,,,,
O=C1NCCN(C(=O)c2ccncc2)C1c1ccccc1Cl,1.876996793,train,random,20,,,,
C[C@H]1CN(C(=O)CC(c2ccccc2)c2ccccc2)C[C@@H](C)O1,1.188253327,train,random,20,,,,
OC[C@H](Nc1cncc(-c2ccc3[nH]ncc3n2)c1)c1ccccc1,1.017826038,train,random,20,,,,
Cc1ncsc1C(=O)N1CCCCC1c1nc(N(C)C)ncc1-c1cccc(Cl)c1,-0.083019953,train,random,20,,,,
CC(=O)N1CCN(c2nc(C(F)(F)F)nc3sc(C)c(C)c23)CC1,0.13481437,train,random,20,,,,
COc1ccccc1C(=O)Nc1ccc2cc[nH]c2c1,0.505149978,train,random,20,,,,
c1ccc(Oc2cccc(CN(CCN3CCOCC3)Cc3cccnc3)c2)cc1,-0.222573178,train,random,20,,,,
COc1ccc([C@H]2CN(C(C)=O)[C@@H]3CCCN(Cc4cccc(F)c4)[C@H]23)cc1,0.595385981,train,random,20,,,,
Cc1c(C(=O)NCCCN(C)C)sc2ncnc(Nc3ccc(F)cc3OC(C)C)c12,0.741821047,train,random,20,,,,
Nc1ncc(C(=O)NC2CN(C(=O)C3CC3)C2)c2ccc(-c3cccc(F)c3)nc12,0.623352682,train,random,20,,,,
CC1(C)CC(Oc2ccc(-c3ccc(-c4cn[nH]c4)cc3O)nn2)CC(C)(C)N1,1.199947058,train,random,20,,,,
Cc1ncsc1C(=O)N1CCCCC1c1nc(N)ncc1-c1cccc(C(F)(F)F)c1,0.615318657,train,random,20,,,,
O=C(Nc1ccc2ccccc2n1)c1ccc(N2CCOC2=O)cc1,0.449015316,train,random,20,,,,
O=S(=O)(c1cccc2cnccc12)N1CCCNCC1,1.892077899,train,random,20,,,,
C=CC(=O)Nc1cccc(Oc2nc(Nc3ccc(N4CCN(C)CC4)cc3)nc3ccoc23)c1,0.146128036,train,random,20,,,,
CCN1CCN(S(=O)(=O)Cc2ccc(Cl)c(Cl)c2)CC1,1.249124949,train,random,20,,,,
O=C(Nc1nc2cccc(-c3ccc(CN4CCS(=O)(=O)CC4)cc3)n2n1)C1CC1,1.681349797,train,random,20,,,,
CCn1c(CO)nn(-c2cc(O[C@@H](C)C(F)(F)F)c(C(=O)Nc3c(F)cccc3Cl)cc2F)c1=O,0.975753389,train,random,20,,,,
CCN(C/C=C\c1ccc(C2CCCCC2)c(Cl)c1)C1CCCCC1,-0.853871964,train,random,20,,,,
NCCN1CCN(C/C=C/C(=O)N2CCC[C@@H](n3nc(-c4ccc(Oc5ccccc5)cc4)c4c(N)ncnc43)C2)CC1,0.699837726,train,random,20,,,,
Cn1c(C2CC2)nc2c1CCN(c1ncnc3ccsc13)C2,1.237065953,train,random,20,,,,
COc1nn(C)cc1C(=O)Nc1cccc2cnccc12,1.504729052,train,random,20,,,,
CNC(=O)C1(Cc2ccc(-c3ccncc3)cc2)CCN(Cc2cccc(F)c2)C1,1.10503305,train,random,20,,,,
Cc1ncc(CN2CCC(Nc3ccc4nnnn4n3)C(C)C2)s1,1.652285029,train,random,20,,,,
Cc1nc(Nc2nccs2)cc(C2CN(c3ncccn3)C2)n1,0.444669231,train,random,20,,,,
CN(Cc1ccccc1)C1(C(=O)N2CCNC(=O)CC2)Cc2ccccc2C1,0.904931827,train,random,20,,,,
Cc1c(F)cccc1NC(=O)CN1[C@H]2CCCC(=O)N[C@@]2(C)C[C@H]1Cc1ccccc1,0.595275712,train,random,20,,,,
CCC1=C(C)CN(C(=O)NCCc2ccc(S(=O)(=O)NC(=O)N[C@H]3CC[C@H](C)CC3)cc2)C1=O,-1.180456064,train,random,20,,,,
O=S(=O)(c1cccc2c(O)nccc12)N1CCCNCC1,1.850223373,train,random,20,,,,
CN(C)C(=O)C1(Cc2ccccc2-c2cccc(F)c2)CCN(C(=O)C2CC=CCC2)CC1,-0.104025268,train,random,20,,,,
COCC(=O)N1CCC(Cc2ccccc2-c2cccc(F)c2)(C(=O)NC(C)C)CC1,0.596597096,train,random,20,,,,
C#C[C@@](C)(CC)NC(=O)c1cc(F)cnc1NC1CC(F)(F)C1,0.671265433,train,random,20,,,,
Cn1cc(Nc2nc(N)nc(-c3cccc(-n4ccc5cc(C6CC6)cc(F)c5c4=O)c3CO)n2)cn1,0.850401148,train,random,20,,,,
CC(=O)Nc1ncc(CN2CCCC[C@@H]2C)s1,2.0,train,random,20,,,,
O=C1CCCC[C@@H]2[C@H](C[C@@H](Cc3ccccc3F)N2C(=O)c2cccc3ncccc23)N1,1.277998644,train,random,20,,,,
CCOc1cc(CC(=O)N[C@@H](CC(C)C)c2ccccc2N2CCCCC2)ccc1C(=O)O,0.106870544,train,random,20,,,,
CC(O)(C#Cc1ccc2c(c1)N(c1nc(N)ncc1Cl)CC2)c1nccs1,-0.122628654,train,random,20,,,,
Cc1[nH]nc2c1C1(CCCCC1)CC(=O)N2,1.323066376,train,random,20,,,,
Cc1oc2ccccc2c1CNc1nnc(-c2ccncc2)o1,0.717254313,train,random,20,,,,
O=C(Nc1cccc2ncccc12)[C@H]1CCCN(S(=O)(=O)c2ccccc2)C1,1.222560409,train,random,20,,,,
C[C@@H]1Cc2ccccc2N1C(=O)Cn1nc(-c2cccc3ncccc23)oc1=O,0.224014811,train,random,20,,,,
Nc1ncnc2c1c(-c1cnc3[nH]ccc3c1)nn2C1CCCC1,0.862608364,train,random,20,,,,
O=C(Nc1cnccc1-c1ccc(Cl)cc1)c1ccnc(NC(=O)C2CC2)c1,0.369957607,train,random,20,,,,
CC1CN(C(=O)c2cccnc2N2CCOCC2)CC(c2ccccc2)O1,1.573185017,train,random,20,,,,
CCCCNC(=O)NS(=O)(=O)c1ccc(C)cc1,0.439332694,train,random,20,,,,
Cc1cccnc1Nc1cccc(C2CCCN(CC(=O)Nc3nccs3)C2)n1,0.180699201,train,random,20,,,,
CN(C)C(=O)C1(Cc2ccccc2-c2ccccc2)CCN(C(=O)c2cnn(C)c2)CC1,1.041353202,train,random,20,,,,
CC1(C)CC(=O)C2=C(C1)NC(=O)CC2c1ccc(Br)cc1,1.159236233,train,random,20,,,,
CN1CCN(S(=O)(=O)c2ccc(-c3cnc(N)c(C(=O)Nc4cccnc4)n3)cc2)CC1,1.078638038,train,random,20,,,,
CNC(=O)C1(Cc2ccc(-c3cccnc3)cc2)CCN(Cc2ccccc2Cl)C1,0.387567779,train,random,20,,,,
Cc1cc(N2CCCC2c2cc(CCC(=O)O)cc(C)n2)ncn1,2.0,train,random,20,,,,
CCCNC(=O)NS(=O)(=O)c1ccc(Cl)cc1,0.969835093,train,random,20,,,,
O=C(CN1CCCC(c2cccc(Cc3cccc(F)c3)n2)C1)N1CCCC1,1.062130535,train,random,20,,,,
Cc1cc(C)c2c(N)c(C(=O)NCc3ccc(Cl)cc3)sc2n1,-0.370590401,train,random,20,,,,
COCCNC(=O)c1ccnc(C2CCNCC2)c1,2.0,train,random,20,,,,
COc1nc2sc(C(=O)NC3CC3)c(N)c2c(C)c1Cl,0.245512668,train,random,20,,,,
CC1(CNC(=O)c2cncc(C3CCNCC3)n2)CCCO1,1.988550039,train,random,20,,,,
Cc1cc(N2CCCC2)nc(C2CCCN(C)C2)n1,2.0,train,random,20,,,,
O=C1NCCSc2c1sc1ccc(O)cc21,0.891593204,train,random,20,,,,
CCn1cc(C(=O)O)c(=O)c2c(N)c(F)c(NC3CCCCC3)cc21,0.427486109,train,random,20,,,,
C[C@H]1CN(C2COC2)CCN1c1ccc(Nc2cc(-c3ccnc(N4CCn5c(cc6c5CC(C)(C)C6)C4=O)c3CO)cn(C)c2=O)nc1,1.209139536,train,random,20,,,,
C=CC(=O)Nc1cccc(Nc2nc(Nc3ccc(Oc4ccnc(C(=O)NC)c4)cc3)ncc2F)c1,-0.403402904,train,random,20,,,,
C=CC(=O)N(C)CCOc1c(N)ncnc1-c1cc(F)cc(NC(=O)c2ccc(C3CC3)cc2F)c1C,0.838502776,train,random,20,,,,
CC#CC(=O)N1CCC[C@@H]1c1nc(-c2ccc(C(=O)Nc3ccccn3)cc2)c2c(N)nccn12,0.975868182,train,random,20,,,,
CNC(=O)c1cccc(NC(=O)N2CCC(Oc3ccccc3Cl)CC2)c1,1.068760828,train,random,20,,,,
COc1ccc(OCC(=O)Nc2cccc(Cl)c2N2CCN(C(C)=O)CC2)cc1,0.700790221,train,random,20,,,,
c1ccc(-c2ccc(CN3CCCCCCC3)cc2)cc1,-0.614393726,train,random,20,,,,
CC(=O)N1CCN(c2c(Cl)cccc2NC(=O)COc2ccccc2Cl)CC1,0.256958153,train,random,20,,,,
CCC(=O)N1CCN(c2ccc(Cl)cc2NC(=O)COc2ccccc2)CC1,0.250420002,train,random,20,,,,
N#Cc1cc(F)c(NS(=O)(=O)c2c[nH]c3cc(Cl)ccc23)cc1F,-0.026872146,train,random,20,,,,
COc1cc2c(cc1OC)CN(CCc1ccc(NC(=O)c3cccc4c(O)c5cccc(OC)c5nc34)cc1)CC2,-1.207608311,train,random,20,,,,
CCCc1nc2nc(C)c(NS(=O)(=O)c3ccc(C4CCCCC4)cc3)c(O)n2n1,-0.218963061,train,random,20,,,,
NC(=O)C1(Cc2ccc(-c3ccncc3)cc2)CCN(C(=O)Cc2cccc(F)c2)CC1,1.006508828,train,random,20,,,,
CC(=O)Nc1ccc(O)cc1,1.887859133,train,random,20,,,,
O=C(NC1CCNCC1)c1ccc2[nH]ncc2c1,1.842696589,train,random,20,,,,
Cc1cccc(/C=N/Nc2cc(N3CCOCC3)nc(OCCc3ccccn3)n2)c1,-0.548213564,train,random,20,,,,
CCn1c(=O)oc2cc(NC(=O)c3ccc(C(C)(C)C)cc3)ccc21,0.21005085,train,random,20,,,,
COc1ccc(OC[C@@H]2c3cc(OC)c(OC)cc3CCN2C(=O)c2cccc(Cl)c2)cc1,-0.116906641,train,random,20,,,,
N#Cc1ccc(COc2cccc(C3CCN(Cc4nc5ccc(C(=O)O)cc5n4C[C@@H]4CCO4)CC3)n2)c(F)c1,0.402433346,train,random,20,,,,
CC(C)[C@H](CO)Nc1nc(Nc2cc(N)cc(Cl)c2)c2ncn(C(C)C)c2n1,-0.061980903,train,random,20,,,,
O=C(NC1CCNCC1)c1ccc2cn[nH]c2c1,2.0,train,random,20,,,,
CC(C)(C)OC(=O)N1CCCC1C(=O)N1CCC(C(=O)N[C@@H](Cc2c[nH]c3ccccc23)C(=O)O)CC1,1.691832676,train,random,20,,,,
O=C(Nc1cccc2c(=O)cc(-c3nnn[nH]3)oc12)c1ccc(OCCCCc2ccccc2)cc1,0.582744966,train,random,20,,,,
CC(=O)Nc1ncc(C(=O)O)s1,1.81935965,train,random,20,,,,
Cc1cccc(-c2nc(C34CCC(C(N)=O)(CC3)CC4)[nH]c2-c2ccc3c(c2)OCO3)n1,1.02011257,train,random,20,,,,
COc1cc2nc(-c3cc(F)ccc3O)nc(N[C@@H]3CNC[C@H]3C(C)(C)O)c2cc1OC.Cl,-1.119186408,train,random,20,,,,
CC(C)[C@@](C)(O)[C@@H]1CN(c2nc(-c3n[nH]c4ncccc34)c(F)cc2Cl)CCN1,1.302460808,train,random,20,,,,
Cc1cn2nc(-c3cc(=O)n4cc(N5CCNC6(CC6)C5)ccc4n3)cc(C)c2n1,0.985246791,train,random,20,,,,
CCCS(=O)(=O)Nc1ccc(F)c(C(=O)c2c[nH]c3ncc(-c4ccc(Cl)cc4)cc23)c1F,-1.59345982,train,random,20,,,,
Cc1ccc(OCC2(O)CCN(CC3(O)CCN(c4ccccc4C)CC3)CC2)cc1,-0.040481623,train,random,20,,,,
O=C(Nc1cccc(N2CCNC2=O)c1)C1NCC12CCCC2,1.718202645,train,random,20,,,,
NCC1CCCC1NC(=O)c1cc(N2CCNC2=O)ccc1F,1.87495702,train,random,20,,,,
Cn1c(-c2n[nH]c3c2CCCC3)nnc1N1CCC2(CNC(=O)C2)C1,1.792986685,train,random,20,,,,
Cc1nnc(-c2ccc(N3CCC(Oc4ccccc4C(F)(F)F)CC3)nn2)s1,-0.906578315,train,random,20,,,,
O=C(NCCc1ccccc1)c1ccc(NC(=O)N2CCCCc3ccccc32)cc1,0.075911761,train,random,20,,,,
CC(C)(C)c1ccc(C(O)CN2CCC(O)(c3ccc4c(c3)OCO4)CC2)cc1,0.779018972,train,random,20,,,,
CN(C(=O)c1cc(N2CCNC2=O)ccc1F)C1CCC(N)CC1,1.828717885,train,random,20,,,,
NC1CCCC1C(=O)N1CCC(c2c[nH]c3ncccc23)CC1,1.71701274,train,random,20,,,,
NC1CCCC(C(=O)Nc2ccc3[nH]ncc3c2)C1,2.0,train,random,20,,,,
NC1CC(NC(=O)c2ccc(-c3cn[nH]c3)cn2)C12CCC2,1.709702344,train,random,20,,,,
NC1CCC(C(=O)N2CCC(c3c[nH]c4ncccc34)CC2)C1,1.917395215,train,random,20,,,,
NC1CCCC(C(=O)N2CCC(c3c[nH]c4ncccc34)CC2)C1,1.752816431,train,random,20,,,,
O=C(NC12CCCC1NCC2)c1ccc(-c2cn[nH]c2)cc1,2.0,train,random,20,,,,
Cc1nc2cc(C(=O)NC34CCCC3NCC4)ccc2c(=O)[nH]1,1.866494097,train,random,20,,,,
CNc1nc(C)cc(C(=O)Nc2ccc3[nH]ncc3c2)n1,1.493625323,train,random,20,,,,
O=C(Nc1ccc(CN2CCCCC2)cc1)c1ccnc2[nH]cnc12,1.767526899,train,random,20,,,,
CCc1c[nH]c2ncnc(N3CCC(CN4CCN(C)CC4)CC3)c12,1.728012707,train,random,20,,,,
NC(=O)c1cnc(N2CCc3[nH]nc(C(F)(F)F)c3C2)c(Cl)c1,0.986009932,train,random,20,,,,
NC1CCCC(C(=O)Nc2cccc(N3CCNC3=O)c2)C1,1.763113391,train,random,20,,,,
CC1CC(N)CCN1C(=O)c1cc(N2CCNC2=O)c(F)cc1F,1.833504094,train,random,20,,,,
c1sc(NCC2CCCO2)nc1C12CC3CC(CC(C3)C1)C2,-1.096910013,train,random,20,,,,
CC(C)(O)CCn1cc2cc(NC(=O)c3cccc(C(F)(F)F)n3)c(C(C)(C)O)cc2n1,1.015611205,test,random,20,0.5583660655900001,0.3868326837000001,0.43815061482000045,0.12867161167000005
CC#CC(=O)N[C@H]1CCCN(c2c(F)cc(C(N)=O)c3[nH]c(C)c(C)c23)C1,0.163856803,test,random,20,1.2855784411500002,1.1481655080800004,0.6224368470600001,1.4793971706100002
COc1ccc(Cl)cc1C(=O)NCCc1ccc(S(=O)(=O)NC(=O)NC2CCCCC2)cc1,-0.91721463,test,random,20,0.07267048179000003,0.12003865275999999,0.5462706328100001,0.06859704866000005
Cn1cc(Nc2nccc(N3CC4CCC(C3)N4C(=O)[C@@H]3CC3(F)F)n2)cn1,1.642995934,test,random,20,1.00993576179,1.08571824473,1.27255285978,1.51803644726
Cc1c(-c2c(F)cc(C(N)=O)c3[nH]c4c(c23)CC[C@H](C(C)(C)O)C4)cccc1-n1c(=O)c2cccc(F)c2n(C)c1=O,0.436162647,test,random,20,1.0320129124100001,0.31257355294999994,0.54143695666,0.28553837832999995
Cn1cc(-c2cn3nccc3c(-c3cnn([C@]4(CC#N)C[C@@H](C#N)C4)c3)n2)cn1,1.559583476,test,random,20,0.5521669929900002,0.7719709543400001,0.8439443485700001,1.3030836096800007
CC#CC(=O)N1CC[C@@H](n2cc(-c3ccc(Oc4c(F)cccc4F)cc3)c3c(N)n[nH]c(=O)c32)C1,-0.073143291,test,random,20,0.9755491330899997,0.4885564733000001,0.7090530853500002,0.42430931439999986
C[C@@H]1c2nnn(-c3ncc(F)cn3)c2CCN1C(=O)c1cccc(C(F)(F)F)c1Cl,0.969089603,test,random,20,0.6689262144300002,0.7775000983500003,0.7523551348200003,0.6423731875500003
Nc1ncnc2c1c(-c1ccc(Oc3ccccc3)cc1)nn2[C@@H]1CCCNC1,0.956648579,test,random,20,0.8925644823899997,0.5417519205500003,0.48986551288999997,0.5455903071500003
C[C@@H]1CCN(C(=O)CC#N)C[C@@H]1N(C)c1ncnc2[nH]ccc12,1.991815076,test,random,20,1.2997956213499997,1.2555737685199997,0.9991666818800001,1.6930676990199998
O=C1CN(c2ccc(Nc3nccc(C(F)(F)F)n3)cn2)CCN1,1.543819805,test,random,20,1.0184938674600004,1.1932201421400006,0.9895362366500001,1.1837177915500003
Cc1cc(F)ccc1C1C(=O)NCCN1C(=O)c1ccc2nccn2c1,1.78096503,test,random,20,1.4894702559500006,1.1674606682800006,1.3327854072500005,1.6284786058200005
CN1[C@H]2CC[C@@H]1C[C@@H](OC(c1ccccc1)c1ccccc1)C2,1.106122874,test,random,20,1.0434310845000003,0.5697553774400003,0.28754634685999997,0.19081099494
CC(C)(C)C(=O)N1CCC(Cc2ccc(-c3cccs3)cc2)(C(=O)N2CCCC2)CC1,-0.1837587,test,random,20,0.7056170805200002,0.6141893646700003,0.5300288330699999,-0.07093748734999995
OCC1CCCCN1Cc1ccc(Cl)c(Cl)c1,1.390069186,test,random,20,0.8165809199700006,1.2857493622900003,0.74203851691,0.7449545828800003
OCC1CCCCN1Cc1ccc(-c2ccccc2)cc1,1.368007805,test,random,20,0.5365166410099999,0.7170894467299997,0.4396062908599998,0.7824607289700001
Cc1nnc(-c2ccc3occ(-c4ccc(S(C)=O)cc4)c3c2)o1,0.193402903,test,random,20,0.7040738090000004,0.49393564057,0.37688061860000005,0.29361051165
O=C(CCNC(=O)c1ccc(OC(F)(F)F)cc1)N[C@@H]1CCCc2ccccc21,0.526080692,test,random,20,0.5853796245100003,0.5850389814600001,0.6713027169499999,0.3008009199199998
CC/C(=C(\c1ccccc1)c1ccc(OCCN(C)C)cc1)c1ccccc1,-0.580044252,test,random,20,0.3521630243399999,-0.16569782025999996,0.24728152781999996,-0.6095319390899999
COc1ccc(Nc2c(C#N)cnc3cc(OC)c(OC)cc23)cc1Cl,-0.033858267,test,random,20,0.4897901621200002,0.27851671133999995,0.14036608909000006,-0.06319495388000002
COc1ccc(CCCN2CCN(c3cnn(C)c3)C(=O)C2)cc1F,1.343408594,test,random,20,0.6771769870100002,1.2473605949200006,0.7967500829300002,1.435016578870001
Cc1noc(C(C)C)c1C(=O)N1CC(C)OC(c2ccccc2)C1,1.180469962,test,random,20,1.0755484350099997,0.7018767211299999,1.5170734053600001,0.64087400151
Cc1ccc(NC(=O)CN2[C@H]3CCCC(=O)N[C@@]3(C)C[C@H]2Cc2ccccc2)cc1F,-0.137272472,test,random,20,0.9841571308900008,0.6771549891100005,0.4974425118000003,0.6502089653200009
COc1ccc(CNC(=O)c2sc3nc(C)cc(C)c3c2N)cc1,-0.356547324,test,random,20,0.24884878172999983,0.06525916210999998,0.31949257706999995,0.3286220325899998
Cc1cnc(C(=O)NCCc2ccc(S(=O)(=O)NC(=O)NC3CCCCC3)cc2)cn1,0.01745073,test,random,20,1.0945331362800004,0.48125816955000034,0.8287497449700002,0.9904101633300002
CNC(=O)C1(Cc2ccc(-c3cccnc3)cc2)CCN(Cc2ccc(F)cc2)C1,1.021602716,test,random,20,0.48526913811000033,0.80023505215,0.6385220459900005,0.7982818251000006
CNC(=O)C1(Cc2ccc(-c3cccnc3)cc2)CCN(Cc2cccc(F)c2)C1,0.829753919,test,random,20,0.7570003413100003,0.7866710537800005,0.6301338051500003,0.7827955448300006
COCCc1noc(CN2CC(c3ccccc3)(c3ccccc3)CCC2=O)n1,1.167051359,test,random,20,0.5824681922800002,0.6357973843000004,0.7171436205300004,0.8982236187700003
CN1C(N)=N[C@](C)(c2cc(NC(=O)c3ccc(F)cn3)ccc2F)CS1(=O)=O,1.560468571,test,random,20,0.7376178809400006,0.6435686923899999,0.8398040526800004,1.2008700250300002
Cc1cc(Nc2cnccn2)cc(C2CCCN(CC(=O)N3CCCC3)C2)n1,1.642246824,test,random,20,1.13632736719,1.1448504348100004,1.07424860622,1.5158802413199992
COc1cc2ncnc(Nc3cccc(O)c3)c2cc1OC,0.994317153,test,random,20,0.4480204500499999,0.37429871016000005,0.032431806810000005,0.4126524501300001
CC(=O)NCCNc1cc(Cl)nn2c(-c3cccc(S(=O)(=O)N(C)C)c3)c(C)nc12,0.681693392,test,random,20,0.5892485263500004,0.7069500181600001,0.34857520616000004,0.9131190411400003
Cc1c[nH]c(=O)n1-c1ccc(C(=O)Nc2ccc3ccccc3n2)cc1,0.639386869,test,random,20,1.08592172606,0.39145713286999995,0.79271339221,0.6716935346500001
Cc1ccc(Oc2ccc(Cl)cc2NC(=O)CN(C)CC(=O)N(C)C)cc1,-0.053056729,test,random,20,0.37800055110999986,0.3894440508199999,0.5153914464400001,0.47636100746000004
CC1(C)Cc2cc(NC(=O)c3cnn4cccnc34)c(OCC3CC3)nc2O1,-0.199970641,test,random,20,0.6933189980100005,0.6114232148400003,0.8315362609100002,0.87836627413
COc1ccc([C@H]2c3[nH]c4ccc(Cl)cc4c3CCN2C(=O)Oc2ccc(Cl)cc2)cc1,1.51293775,test,random,20,0.9090637040600004,0.07831838450000003,-0.025950212609999985,-0.49131593324999967
Cc1nnc(-c2ccc(N3CCC(Oc4cc(F)ccc4Cl)CC3)nn2)o1,0.161068385,test,random,20,0.4277794668800001,0.3323797699599998,0.54396898778,0.40229511060000034
CN(C(=O)c1cc(N2CCNC2=O)ccc1F)C1CCNC1,1.885728632,test,random,20,1.7252180259900018,1.6286961678100005,1.2966551206900008,1.843111365300001
NC[C@H]1CC[C@@H](C(=O)Nc2ccc3[nH]ncc3c2)O1,1.981999714,test,random,20,1.5143028985000007,1.3083594396999998,1.4581736081100005,1.8427247708400003
CCOc1cc2nn(CCC(C)(C)O)cc2cc1NC(=O)c1cccc(C(F)F)n1,0.099680641,train,random,21,,,,
CN(c1ncc(F)cn1)[C@H]1CCCNC1,2.0,train,random,21,,,,
CC(C)(Oc1ccc(-c2cnc(N)c(-c3ccc(Cl)cc3)c2)cc1)C(=O)O,-1.158015195,train,random,21,,,,
CC(C)(O)CCn1cc2cc(NC(=O)c3cccc(C(F)(F)F)n3)c(C(C)(C)O)cc2n1,1.015611205,train,random,21,,,,
CC#CC(=O)N[C@H]1CCCN(c2c(F)cc(C(N)=O)c3[nH]c(C)c(C)c23)C1,0.163856803,train,random,21,,,,
COc1ccc(Cl)cc1C(=O)NCCc1ccc(S(=O)(=O)NC(=O)NC2CCCCC2)cc1,-0.91721463,train,random,21,,,,
CC(C)NC(=O)COc1cccc(-c2nc(Nc3ccc4[nH]ncc4c3)c3ccccc3n2)c1,-1.384078213,train,random,21,,,,
COc1ccc(S(=O)(=O)N2CCC(N3CCC(C)CC3)CC2)cc1,1.729799023,train,random,21,,,,
CCn1c(-c2nonc2N)nc2cnc(Oc3cccc(NC(=O)c4ccc(OCCN5CCOCC5)cc4)c3)cc21,-0.449771647,train,random,21,,,,
Cc1c[nH]c2nccc(Oc3c(F)cc(Nc4cc(Cl)nc(N)n4)cc3F)c12,-1.22184875,train,random,21,,,,
CCCc1cc(N2CCc3c(nc(C4CC4)n3C)C2)n2ncnc2n1,1.677187053,train,random,21,,,,
Fc1ccc(-c2ccc3c(c2)[nH]c2ccncc23)cn1,0.653405491,train,random,21,,,,
C=CC(=O)N1C[C@H](Nc2ncnc3[nH]ccc23)CC[C@@H]1C,1.828227965,train,random,21,,,,
Cn1cc(Nc2nccc(N3CC4CCC(C3)N4C(=O)[C@@H]3CC3(F)F)n2)cn1,1.642995934,train,random,21,,,,
C=CC(=O)N1CCC(CNc2ncnc(N)c2-c2ccc(Oc3ccccc3)cc2)CC1,0.752995432,train,random,21,,,,
Nc1n[nH]cc1-c1cc(Cl)ccc1Oc1cc(F)c(S(=O)(=O)Nc2cscn2)cc1Cl,-0.354577731,train,random,21,,,,
Cc1c(-c2c(F)cc(C(N)=O)c3[nH]c4c(c23)CC[C@H](C(C)(C)O)C4)cccc1-n1c(=O)c2cccc(F)c2n(C)c1=O,0.436162647,train,random,21,,,,
Cn1cc(-c2cn3nccc3c(-c3cnn([C@]4(CC#N)C[C@@H](C#N)C4)c3)n2)cn1,1.559583476,train,random,21,,,,
O=C(c1ccc(Oc2ccccc2)cc1Cl)c1c[nH]c2ncnc(N[C@@H]3CC[C@@H](CO)OC3)c12,-0.467245621,train,random,21,,,,
N#CC[C@H](C1CCCC1)n1cc(-c2ncnc3[nH]ccc23)cn1,0.630986911,train,random,21,,,,
CC(C)(C)c1ccc(-c2nc3n(c(=O)c2C#N)CCS3)cc1,0.731266349,train,random,21,,,,
C=CC(=O)Nc1cccc(Oc2nc(Nc3ccc(N4CCN(C)CC4)cc3)nc3ccsc23)c1,-0.049635146,train,random,21,,,,
CC#CC(=O)N1CC[C@@H](n2c(=O)n(-c3ccc(Oc4ccccc4)cc3)c3c(N)ncnc32)C1,0.935859798,train,random,21,,,,
C=CC(=O)N1CCC([C@@H]2CCNc3c(C(N)=O)c(-c4ccc(Oc5ccccc5)cc4)nn32)CC1,0.968996327,train,random,21,,,,
C=CC(=O)N1CCC[C@H](n2c(=O)n(-c3ccc(Oc4ccccc4)cc3)c3c(N)ncnc32)C1,0.983851719,train,random,21,,,,
CC#CC(=O)N1CC[C@@H](n2cc(-c3ccc(Oc4c(F)cccc4F)cc3)c3c(N)n[nH]c(=O)c32)C1,-0.073143291,train,random,21,,,,
C=CC(=O)Nc1cccc(Oc2nc(Nc3ccc(N4CCN(C)CC4)c(F)c3)nc3[nH]ccc23)c1,0.039414119,train,random,21,,,,
C[C@@H]1c2nnn(-c3ncc(F)cn3)c2CCN1C(=O)c1cccc(C(F)(F)F)c1Cl,0.969089603,train,random,21,,,,
Nc1ncc(-c2cccc(C(F)(F)F)c2)c(C2CCCCN2C(=O)c2ccccc2)n1,-0.04431225,train,random,21,,,,
O=C(Nc1cccc(-c2nncn2C2CC2)c1)c1cc(-n2cnc(C3CC3)c2)ccn1,0.262925469,train,random,21,,,,
Fc1ccccc1-c1c[nH]nc1C1CCCN1Cc1ccc2ncccc2c1,0.545801757,train,random,21,,,,
Cc1nccc(-c2cn(Cc3ccccc3)c3cnccc23)n1,1.122707254,train,random,21,,,,
Cc1c(Cl)ccc2cc3n(c12)[C@@H](C)CNC3=O,0.328379603,train,random,21,,,,
Nc1ncnc2c1c(-c1ccc(Oc3ccccc3)cc1)nn2[C@@H]1CCCNC1,0.956648579,train,random,21,,,,
Cc1nnc(CN(C)CC(C)Oc2ccc(Cl)c(Cl)c2)n1C,0.926290987,train,random,21,,,,
COc1cc(F)ccc1-c1ncnc(Nc2cccc(C[S@@](C)(=N)=O)c2)n1,1.594922663,train,random,21,,,,
Cc1ncc(CN2CC[C@@H](Nc3cncc(Cl)n3)[C@@H](C)C2)s1,1.205461507,train,random,21,,,,
Cc1ccc(C(=O)N2CCC(Cc3ccccc3-c3ccccc3)(C(=O)N(C)C)CC2)s1,-0.293282218,train,random,21,,,,
C[C@@H]1CCN(C(=O)CC#N)C[C@@H]1N(C)c1ncnc2[nH]ccc12,1.991815076,train,random,21,,,,
CN(C)C(=O)C1(Cc2ccccc2-c2ccccc2)CCN(C(=O)C2CCCO2)CC1,0.902546779,train,random,21,,,,
CC(=O)Nc1ccc(C(=O)N2CCCCC2c2nc(N)ncc2-c2cccc(Cl)c2)cc1,0.520483533,train,random,21,,,,
O=C1CN(c2ccc(Nc3nccc(C(F)(F)F)n3)cn2)CCN1,1.543819805,train,random,21,,,,
Cc1cc(F)ccc1C1C(=O)NCCN1C(=O)c1ccc2nccn2c1,1.78096503,train,random,21,,,,
C[C@H]1CN(C(=O)CC(c2ccccc2)c2ccccc2)C[C@@H](C)O1,1.188253327,train,random,21,,,,
CN1[C@H]2CC[C@@H]1C[C@@H](OC(c1ccccc1)c1ccccc1)C2,1.106122874,train,random,21,,,,
CC(C)(C)C(=O)N1CCC(Cc2ccc(-c3cccs3)cc2)(C(=O)N2CCCC2)CC1,-0.1837587,train,random,21,,,,
OC[C@H](Nc1cncc(-c2ccc3[nH]ncc3n2)c1)c1ccccc1,1.017826038,train,random,21,,,,
OCC1CCCCN1Cc1ccc(Cl)c(Cl)c1,1.390069186,train,random,21,,,,
CC(=O)N1CCN(c2nc(C(F)(F)F)nc3sc(C)c(C)c23)CC1,0.13481437,train,random,21,,,,
COc1ccccc1C(=O)Nc1ccc2cc[nH]c2c1,0.505149978,train,random,21,,,,
c1ccc(Oc2cccc(CN(CCN3CCOCC3)Cc3cccnc3)c2)cc1,-0.222573178,train,random,21,,,,
COc1ccc([C@H]2CN(C(C)=O)[C@@H]3CCCN(Cc4cccc(F)c4)[C@H]23)cc1,0.595385981,train,random,21,,,,
OCC1CCCCN1Cc1ccc(-c2ccccc2)cc1,1.368007805,train,random,21,,,,
Nc1ncc(C(=O)NC2CN(C(=O)C3CC3)C2)c2ccc(-c3cccc(F)c3)nc12,0.623352682,train,random,21,,,,
CC1(C)CC(Oc2ccc(-c3ccc(-c4cn[nH]c4)cc3O)nn2)CC(C)(C)N1,1.199947058,train,random,21,,,,
Cc1nnc(-c2ccc3occ(-c4ccc(S(C)=O)cc4)c3c2)o1,0.193402903,train,random,21,,,,
Cc1ncsc1C(=O)N1CCCCC1c1nc(N)ncc1-c1cccc(C(F)(F)F)c1,0.615318657,train,random,21,,,,
O=C(Nc1ccc2ccccc2n1)c1ccc(N2CCOC2=O)cc1,0.449015316,train,random,21,,,,
O=C(CCNC(=O)c1ccc(OC(F)(F)F)cc1)N[C@@H]1CCCc2ccccc21,0.526080692,train,random,21,,,,
O=S(=O)(c1cccc2cnccc12)N1CCCNCC1,1.892077899,train,random,21,,,,
C=CC(=O)Nc1cccc(Oc2nc(Nc3ccc(N4CCN(C)CC4)cc3)nc3ccoc23)c1,0.146128036,train,random,21,,,,
CCN1CCN(S(=O)(=O)Cc2ccc(Cl)c(Cl)c2)CC1,1.249124949,train,random,21,,,,
CCn1c(CO)nn(-c2cc(O[C@@H](C)C(F)(F)F)c(C(=O)Nc3c(F)cccc3Cl)cc2F)c1=O,0.975753389,train,random,21,,,,
CCN(C/C=C\c1ccc(C2CCCCC2)c(Cl)c1)C1CCCCC1,-0.853871964,train,random,21,,,,
NCCN1CCN(C/C=C/C(=O)N2CCC[C@@H](n3nc(-c4ccc(Oc5ccccc5)cc4)c4c(N)ncnc43)C2)CC1,0.699837726,train,random,21,,,,
CC/C(=C(\c1ccccc1)c1ccc(OCCN(C)C)cc1)c1ccccc1,-0.580044252,train,random,21,,,,
COc1nn(C)cc1C(=O)Nc1cccc2cnccc12,1.504729052,train,random,21,,,,
CNC(=O)C1(Cc2ccc(-c3ccncc3)cc2)CCN(Cc2cccc(F)c2)C1,1.10503305,train,random,21,,,,
Cc1ncc(CN2CCC(Nc3ccc4nnnn4n3)C(C)C2)s1,1.652285029,train,random,21,,,,
Cc1nc(Nc2nccs2)cc(C2CN(c3ncccn3)C2)n1,0.444669231,train,random,21,,,,
COc1ccc(Nc2c(C#N)cnc3cc(OC)c(OC)cc23)cc1Cl,-0.033858267,train,random,21,,,,
COc1ccc(CCCN2CCN(c3cnn(C)c3)C(=O)C2)cc1F,1.343408594,train,random,21,,,,
Cc1noc(C(C)C)c1C(=O)N1CC(C)OC(c2ccccc2)C1,1.180469962,train,random,21,,,,
Cc1c(F)cccc1NC(=O)CN1[C@H]2CCCC(=O)N[C@@]2(C)C[C@H]1Cc1ccccc1,0.595275712,train,random,21,,,,
CCC1=C(C)CN(C(=O)NCCc2ccc(S(=O)(=O)NC(=O)N[C@H]3CC[C@H](C)CC3)cc2)C1=O,-1.180456064,train,random,21,,,,
O=S(=O)(c1cccc2c(O)nccc12)N1CCCNCC1,1.850223373,train,random,21,,,,
Cc1ccc(NC(=O)CN2[C@H]3CCCC(=O)N[C@@]3(C)C[C@H]2Cc2ccccc2)cc1F,-0.137272472,train,random,21,,,,
CN(C)C(=O)C1(Cc2ccccc2-c2cccc(F)c2)CCN(C(=O)C2CC=CCC2)CC1,-0.104025268,train,random,21,,,,
COc1ccc(CNC(=O)c2sc3nc(C)cc(C)c3c2N)cc1,-0.356547324,train,random,21,,,,
C#C[C@@](C)(CC)NC(=O)c1cc(F)cnc1NC1CC(F)(F)C1,0.671265433,train,random,21,,,,
Cn1cc(Nc2nc(N)nc(-c3cccc(-n4ccc5cc(C6CC6)cc(F)c5c4=O)c3CO)n2)cn1,0.850401148,train,random,21,,,,
Cc1cnc(C(=O)NCCc2ccc(S(=O)(=O)NC(=O)NC3CCCCC3)cc2)cn1,0.01745073,train,random,21,,,,
CNC(=O)C1(Cc2ccc(-c3cccnc3)cc2)CCN(Cc2ccc(F)cc2)C1,1.021602716,train,random,21,,,,
CNC(=O)C1(Cc2ccc(-c3cccnc3)cc2)CCN(Cc2cccc(F)c2)C1,0.829753919,train,random,21,,,,
CC(=O)Nc1ncc(CN2CCCC[C@@H]2C)s1,2.0,train,random,21,,,,
O=C1CCCC[C@@H]2[C@H](C[C@@H](Cc3ccccc3F)N2C(=O)c2cccc3ncccc23)N1,1.277998644,train,random,21,,,,
CCOc1cc(CC(=O)N[C@@H](CC(C)C)c2ccccc2N2CCCCC2)ccc1C(=O)O,0.106870544,train,random,21,,,,
CC(O)(C#Cc1ccc2c(c1)N(c1nc(N)ncc1Cl)CC2)c1nccs1,-0.122628654,train,random,21,,,,
COCCc1noc(CN2CC(c3ccccc3)(c3ccccc3)CCC2=O)n1,1.167051359,train,random,21,,,,
Cc1oc2ccccc2c1CNc1nnc(-c2ccncc2)o1,0.717254313,train,random,21,,,,
C[C@@H]1Cc2ccccc2N1C(=O)Cn1nc(-c2cccc3ncccc23)oc1=O,0.224014811,train,random,21,,,,
Nc1ncnc2c1c(-c1cnc3[nH]ccc3c1)nn2C1CCCC1,0.862608364,train,random,21,,,,
O=C(Nc1cnccc1-c1ccc(Cl)cc1)c1ccnc(NC(=O)C2CC2)c1,0.369957607,train,random,21,,,,
CN1C(N)=N[C@](C)(c2cc(NC(=O)c3ccc(F)cn3)ccc2F)CS1(=O)=O,1.560468571,train,random,21,,,,
Cc1cc(Nc2cnccn2)cc(C2CCCN(CC(=O)N3CCCC3)C2)n1,1.642246824,train,random,21,,,,
Cc1cccnc1Nc1cccc(C2CCCN(CC(=O)Nc3nccs3)C2)n1,0.180699201,train,random,21,,,,
CC1(C)CC(=O)C2=C(C1)NC(=O)CC2c1ccc(Br)cc1,1.159236233,train,random,21,,,,
CN1CCN(S(=O)(=O)c2ccc(-c3cnc(N)c(C(=O)Nc4cccnc4)n3)cc2)CC1,1.078638038,train,random,21,,,,
CNC(=O)C1(Cc2ccc(-c3cccnc3)cc2)CCN(Cc2ccccc2Cl)C1,0.387567779,train,random,21,,,,
Cc1cc(N2CCCC2c2cc(CCC(=O)O)cc(C)n2)ncn1,2.0,train,random,21,,,,
CCCNC(=O)NS(=O)(=O)c1ccc(Cl)cc1,0.969835093,train,random,21,,,,
COc1cc2ncnc(Nc3cccc(O)c3)c2cc1OC,0.994317153,train,random,21,,,,
COCCNC(=O)c1ccnc(C2CCNCC2)c1,2.0,train,random,21,,,,
CC1(CNC(=O)c2cncc(C3CCNCC3)n2)CCCO1,1.988550039,train,random,21,,,,
Cc1cc(N2CCCC2)nc(C2CCCN(C)C2)n1,2.0,train,random,21,,,,
O=C1NCCSc2c1sc1ccc(O)cc21,0.891593204,train,random,21,,,,
CCn1cc(C(=O)O)c(=O)c2c(N)c(F)c(NC3CCCCC3)cc21,0.427486109,train,random,21,,,,
C[C@H]1CN(C2COC2)CCN1c1ccc(Nc2cc(-c3ccnc(N4CCn5c(cc6c5CC(C)(C)C6)C4=O)c3CO)cn(C)c2=O)nc1,1.209139536,train,random,21,,,,
C=CC(=O)Nc1cccc(Nc2nc(Nc3ccc(Oc4ccnc(C(=O)NC)c4)cc3)ncc2F)c1,-0.403402904,train,random,21,,,,
CC#CC(=O)N1CCC[C@@H]1c1nc(-c2ccc(C(=O)Nc3ccccn3)cc2)c2c(N)nccn12,0.975868182,train,random,21,,,,
CC(=O)NCCNc1cc(Cl)nn2c(-c3cccc(S(=O)(=O)N(C)C)c3)c(C)nc12,0.681693392,train,random,21,,,,
Cc1c[nH]c(=O)n1-c1ccc(C(=O)Nc2ccc3ccccc3n2)cc1,0.639386869,train,random,21,,,,
COc1ccc(OCC(=O)Nc2cccc(Cl)c2N2CCN(C(C)=O)CC2)cc1,0.700790221,train,random,21,,,,
c1ccc(-c2ccc(CN3CCCCCCC3)cc2)cc1,-0.614393726,train,random,21,,,,
CC(=O)N1CCN(c2c(Cl)cccc2NC(=O)COc2ccccc2Cl)CC1,0.256958153,train,random,21,,,,
CCC(=O)N1CCN(c2ccc(Cl)cc2NC(=O)COc2ccccc2)CC1,0.250420002,train,random,21,,,,
Cc1ccc(Oc2ccc(Cl)cc2NC(=O)CN(C)CC(=O)N(C)C)cc1,-0.053056729,train,random,21,,,,
CC1(C)Cc2cc(NC(=O)c3cnn4cccnc34)c(OCC3CC3)nc2O1,-0.199970641,train,random,21,,,,
N#Cc1cc(F)c(NS(=O)(=O)c2c[nH]c3cc(Cl)ccc23)cc1F,-0.026872146,train,random,21,,,,
CCCc1nc2nc(C)c(NS(=O)(=O)c3ccc(C4CCCCC4)cc3)c(O)n2n1,-0.218963061,train,random,21,,,,
COc1ccc([C@H]2c3[nH]c4ccc(Cl)cc4c3CCN2C(=O)Oc2ccc(Cl)cc2)cc1,1.51293775,train,random,21,,,,
NC(=O)C1(Cc2ccc(-c3ccncc3)cc2)CCN(C(=O)Cc2cccc(F)c2)CC1,1.006508828,train,random,21,,,,
CC(=O)Nc1ccc(O)cc1,1.887859133,train,random,21,,,,
O=C(NC1CCNCC1)c1ccc2[nH]ncc2c1,1.842696589,train,random,21,,,,
Cc1cccc(/C=N/Nc2cc(N3CCOCC3)nc(OCCc3ccccn3)n2)c1,-0.548213564,train,random,21,,,,
CCn1c(=O)oc2cc(NC(=O)c3ccc(C(C)(C)C)cc3)ccc21,0.21005085,train,random,21,,,,
COc1ccc(OC[C@@H]2c3cc(OC)c(OC)cc3CCN2C(=O)c2cccc(Cl)c2)cc1,-0.116906641,train,random,21,,,,
N#Cc1ccc(COc2cccc(C3CCN(Cc4nc5ccc(C(=O)O)cc5n4C[C@@H]4CCO4)CC3)n2)c(F)c1,0.402433346,train,random,21,,,,
O=C(NC1CCNCC1)c1ccc2cn[nH]c2c1,2.0,train,random,21,,,,
CC(C)(C)OC(=O)N1CCCC1C(=O)N1CCC(C(=O)N[C@@H](Cc2c[nH]c3ccccc23)C(=O)O)CC1,1.691832676,train,random,21,,,,
CC(=O)Nc1ncc(C(=O)O)s1,1.81935965,train,random,21,,,,
Cc1cccc(-c2nc(C34CCC(C(N)=O)(CC3)CC4)[nH]c2-c2ccc3c(c2)OCO3)n1,1.02011257,train,random,21,,,,
COc1cc2nc(-c3cc(F)ccc3O)nc(N[C@@H]3CNC[C@H]3C(C)(C)O)c2cc1OC.Cl,-1.119186408,train,random,21,,,,
CC(C)[C@@](C)(O)[C@@H]1CN(c2nc(-c3n[nH]c4ncccc34)c(F)cc2Cl)CCN1,1.302460808,train,random,21,,,,
Cc1nnc(-c2ccc(N3CCC(Oc4cc(F)ccc4Cl)CC3)nn2)o1,0.161068385,train,random,21,,,,
Cc1cn2nc(-c3cc(=O)n4cc(N5CCNC6(CC6)C5)ccc4n3)cc(C)c2n1,0.985246791,train,random,21,,,,
CCCS(=O)(=O)Nc1ccc(F)c(C(=O)c2c[nH]c3ncc(-c4ccc(Cl)cc4)cc23)c1F,-1.59345982,train,random,21,,,,
Cc1ccc(OCC2(O)CCN(CC3(O)CCN(c4ccccc4C)CC3)CC2)cc1,-0.040481623,train,random,21,,,,
CN(C(=O)c1cc(N2CCNC2=O)ccc1F)C1CCNC1,1.885728632,train,random,21,,,,
O=C(Nc1cccc(N2CCNC2=O)c1)C1NCC12CCCC2,1.718202645,train,random,21,,,,
NCC1CCCC1NC(=O)c1cc(N2CCNC2=O)ccc1F,1.87495702,train,random,21,,,,
O=C(NCCc1ccccc1)c1ccc(NC(=O)N2CCCCc3ccccc32)cc1,0.075911761,train,random,21,,,,
CC(C)(C)c1ccc(C(O)CN2CCC(O)(c3ccc4c(c3)OCO4)CC2)cc1,0.779018972,train,random,21,,,,
NC[C@H]1CC[C@@H](C(=O)Nc2ccc3[nH]ncc3c2)O1,1.981999714,train,random,21,,,,
CN(C(=O)c1cc(N2CCNC2=O)ccc1F)C1CCC(N)CC1,1.828717885,train,random,21,,,,
NC1CCCC1C(=O)N1CCC(c2c[nH]c3ncccc23)CC1,1.71701274,train,random,21,,,,
NC1CC(NC(=O)c2ccc(-c3cn[nH]c3)cn2)C12CCC2,1.709702344,train,random,21,,,,
NC1CCCC(C(=O)N2CCC(c3c[nH]c4ncccc34)CC2)C1,1.752816431,train,random,21,,,,
O=C(NC12CCCC1NCC2)c1ccc(-c2cn[nH]c2)cc1,2.0,train,random,21,,,,
Cc1nc2cc(C(=O)NC34CCCC3NCC4)ccc2c(=O)[nH]1,1.866494097,train,random,21,,,,
CNc1nc(C)cc(C(=O)Nc2ccc3[nH]ncc3c2)n1,1.493625323,train,random,21,,,,
NC(=O)c1cnc(N2CCc3[nH]nc(C(F)(F)F)c3C2)c(Cl)c1,0.986009932,train,random,21,,,,
NC1CCCC(C(=O)Nc2cccc(N3CCNC3=O)c2)C1,1.763113391,train,random,21,,,,
CC1CC(N)CCN1C(=O)c1cc(N2CCNC2=O)c(F)cc1F,1.833504094,train,random,21,,,,
c1sc(NCC2CCCO2)nc1C12CC3CC(CC(C3)C1)C2,-1.096910013,train,random,21,,,,
CNc1cc(Nc2cccn(-c3ccccn3)c2=O)nn2c(C(=O)N[C@@H]3C[C@@H]3F)cnc12,0.991226076,test,random,21,0.7456320192900003,0.6349877405400001,0.7644139282100001,1.0418848035499997
C=CC(=O)N1CCC[C@@H](n2nc(-c3ccc(Oc4ccccc4)cc3)c3c(N)ncnc32)C1,0.62603,test,random,21,0.8123562625000001,0.7586399470099998,0.5174477038700003,0.6755119579300003
CCS(=O)(=O)N1CC(CC#N)(n2cc(-c3ncnc4[nH]ccc34)cn2)C1,1.378597739,test,random,21,0.8389644399399997,1.0347295945099995,0.8953916281900001,1.3054489898599995
COc1cc2c(cc1OC)CC(=O)N(CCCN(C)C[C@H]1Cc3cc(OC)c(OC)cc31)CC2,1.730984039,test,random,21,0.9490048493500001,0.49662612326000044,0.3700494924700001,0.16324433112999992
Nc1c(F)ccc2cnc(-n3ccc4ccncc43)cc12,0.713910354,test,random,21,1.0457608437500001,0.6189597338,0.7267651439400001,0.6940694992900004
[2H]C([2H])([2H])NC(=O)c1nnc(NC(=O)C2CC2)cc1Nc1cccc(-c2ncn(C)n2)c1OC,1.186566481,test,random,21,0.5657344001400003,0.6543587132400002,0.5322493902100002,0.93497278576
CC(C)(C=C(C#N)C(=O)N1CCC[C@@H](n2nc(-c3ccc(Oc4ccccc4)cc3F)c3c(N)ncnc32)C1)N1CCN(C2COC2)CC1,0.276231958,test,random,21,0.5407588330099999,0.6201571582400001,0.5629867328200002,0.37227660817
COc1ccccc1-c1cc(NC(=O)c2cccc(N3CCNC3=O)c2)[nH]n1,-0.397940009,test,random,21,1.3969238553300007,0.5669258934099999,0.77224291719,0.7179320972700003
CCc1nc(C)cn2nc(-c3cc(=O)n4cc(C5CCN(C)CC5)cc(C)c4n3)cc12,0.868232868,test,random,21,0.9179384384399997,0.6882062428600002,0.7410936735100003,0.6518392849400004
COc1nn(C)cc1C(=O)Nc1cccc(-c2cnc3n2CCC3)c1,0.866877814,test,random,21,1.2578246494200007,0.9356396175799999,1.01866335769,1.3541182720700002
CCc1nc2c(C)cc(N3CCN(CC(=O)N4CC(O)C4)CC3)cn2c1N(C)c1nc(-c2ccc(F)cc2)c(C#N)s1,-0.204728421,test,random,21,0.46724395296999993,0.38397248466999967,0.43602884854,0.33031661256999983
CC(=O)Nc1ccc(C(=O)N2CCCCC2c2nc(N)ncc2-c2ccc(Cl)cc2)cc1,0.596926814,test,random,21,1.0115139318300006,0.4516480553099995,0.5443749561899994,0.40376759925999955
O=C1NCCN(C(=O)c2ccc3nccn3c2)C1c1ccccc1C(F)(F)F,1.851001366,test,random,21,1.4969715471600002,0.9267912709699999,1.2766431280800006,1.5295737106100007
O=C1NCCN(C(=O)c2ccncc2)C1c1ccccc1Cl,1.876996793,test,random,21,1.5369373233400003,1.2568450755400007,1.2455557754200004,1.4245332694800006
Cc1ncsc1C(=O)N1CCCCC1c1nc(N(C)C)ncc1-c1cccc(Cl)c1,-0.083019953,test,random,21,0.5422177531,0.45510651436000016,0.9449057715900002,0.27446417865999995
Cc1c(C(=O)NCCCN(C)C)sc2ncnc(Nc3ccc(F)cc3OC(C)C)c12,0.741821047,test,random,21,0.92083108351,0.11488069685,0.44056359965999997,-0.03393884942000002
O=C(Nc1nc2cccc(-c3ccc(CN4CCS(=O)(=O)CC4)cc3)n2n1)C1CC1,1.681349797,test,random,21,0.7845621300399999,0.4703567915100002,0.8335969492099998,1.0784696672699996
Cn1c(C2CC2)nc2c1CCN(c1ncnc3ccsc13)C2,1.237065953,test,random,21,0.9637210611699998,1.1746502983099998,0.9006857206999999,0.7555414126199999
CN(Cc1ccccc1)C1(C(=O)N2CCNC(=O)CC2)Cc2ccccc2C1,0.904931827,test,random,21,1.1447658819700006,0.68267906408,0.7831449037700006,1.4470282620499995
COCC(=O)N1CCC(Cc2ccccc2-c2cccc(F)c2)(C(=O)NC(C)C)CC1,0.596597096,test,random,21,0.52996101804,0.6104235211899999,0.36089619189999994,0.52625951173
Cc1[nH]nc2c1C1(CCCCC1)CC(=O)N2,1.323066376,test,random,21,0.5820645691000003,1.44886843677,0.8658762569500005,1.7960030064599997
O=C(Nc1cccc2ncccc12)[C@H]1CCCN(S(=O)(=O)c2ccccc2)C1,1.222560409,test,random,21,0.8635213241500002,0.6252962734000002,0.8508642371999998,0.45860549038000015
CC1CN(C(=O)c2cccnc2N2CCOCC2)CC(c2ccccc2)O1,1.573185017,test,random,21,0.7672499570700002,0.6426749552000001,1.4554559777999998,1.4890787115599997
CCCCNC(=O)NS(=O)(=O)c1ccc(C)cc1,0.439332694,test,random,21,0.80883269256,0.9153940538400005,0.6583861872700004,1.4440099993000002
CN(C)C(=O)C1(Cc2ccccc2-c2ccccc2)CCN(C(=O)c2cnn(C)c2)CC1,1.041353202,test,random,21,0.6557507490799998,0.47962430204000017,0.7584688487400001,0.6592297606099998
O=C(CN1CCCC(c2cccc(Cc3cccc(F)c3)n2)C1)N1CCCC1,1.062130535,test,random,21,0.80048702104,0.8887962440299999,0.9143052159800006,0.5845421306100002
Cc1cc(C)c2c(N)c(C(=O)NCc3ccc(Cl)cc3)sc2n1,-0.370590401,test,random,21,0.4931365725100003,0.2540620163600001,0.2677621891899999,0.13090086975000007
COc1nc2sc(C(=O)NC3CC3)c(N)c2c(C)c1Cl,0.245512668,test,random,21,0.7773232505000002,0.8991989563000001,0.44110438220000014,1.118086560410001
C=CC(=O)N(C)CCOc1c(N)ncnc1-c1cc(F)cc(NC(=O)c2ccc(C3CC3)cc2F)c1C,0.838502776,test,random,21,0.8716891630100002,0.18606876311999992,0.4109035323200001,0.02634851177000003
CNC(=O)c1cccc(NC(=O)N2CCC(Oc3ccccc3Cl)CC2)c1,1.068760828,test,random,21,0.4562049999100001,0.35760186304999997,0.7382372302600004,0.3605679573399999
COc1cc2c(cc1OC)CN(CCc1ccc(NC(=O)c3cccc4c(O)c5cccc(OC)c5nc34)cc1)CC2,-1.207608311,test,random,21,0.7916098258800003,-0.01329119418,0.16160748871000005,-0.13951604854
CC(C)[C@H](CO)Nc1nc(Nc2cc(N)cc(Cl)c2)c2ncn(C(C)C)c2n1,-0.061980903,test,random,21,0.9334093478000001,0.4391675981200002,0.31869872727,0.05282130658000006
O=C(Nc1cccc2c(=O)cc(-c3nnn[nH]3)oc12)c1ccc(OCCCCc2ccccc2)cc1,0.582744966,test,random,21,0.07583366957,-0.12944770854999998,0.17608438730000006,-0.3160587109500001
Cn1c(-c2n[nH]c3c2CCCC3)nnc1N1CCC2(CNC(=O)C2)C1,1.792986685,test,random,21,0.5597085350900004,1.3331513034699995,1.24782994836,1.552216521530001
Cc1nnc(-c2ccc(N3CCC(Oc4ccccc4C(F)(F)F)CC3)nn2)s1,-0.906578315,test,random,21,1.2839150683200007,0.710923678,0.29063172461000003,0.24006453860999993
NC1CCCC(C(=O)Nc2ccc3[nH]ncc3c2)C1,2.0,test,random,21,1.2269054161900008,1.6009227397999999,1.6186898920499997,1.8669809565399995
NC1CCC(C(=O)N2CCC(c3c[nH]c4ncccc34)CC2)C1,1.917395215,test,random,21,1.568658413870001,1.6786109690600017,1.5163713358900006,1.713755636120001
O=C(Nc1ccc(CN2CCCCC2)cc1)c1ccnc2[nH]cnc12,1.767526899,test,random,21,0.35518047519000007,0.8205709905300002,1.0098169735200004,0.59415806292
CCc1c[nH]c2ncnc(N3CCC(CN4CCN(C)CC4)CC3)c12,1.728012707,test,random,21,1.1046505846999992,1.2181848757100007,1.0004196600700002,1.5967861278000006
CNc1cc(Nc2cccn(-c3ccccn3)c2=O)nn2c(C(=O)N[C@@H]3C[C@@H]3F)cnc12,0.991226076,train,random,22,,,,
CCOc1cc2nn(CCC(C)(C)O)cc2cc1NC(=O)c1cccc(C(F)F)n1,0.099680641,train,random,22,,,,
CN(c1ncc(F)cn1)[C@H]1CCCNC1,2.0,train,random,22,,,,
CC(C)(Oc1ccc(-c2cnc(N)c(-c3ccc(Cl)cc3)c2)cc1)C(=O)O,-1.158015195,train,random,22,,,,
CC(C)(O)CCn1cc2cc(NC(=O)c3cccc(C(F)(F)F)n3)c(C(C)(C)O)cc2n1,1.015611205,train,random,22,,,,
CC#CC(=O)N[C@H]1CCCN(c2c(F)cc(C(N)=O)c3[nH]c(C)c(C)c23)C1,0.163856803,train,random,22,,,,
COc1ccc(Cl)cc1C(=O)NCCc1ccc(S(=O)(=O)NC(=O)NC2CCCCC2)cc1,-0.91721463,train,random,22,,,,
C=CC(=O)N1CCC[C@@H](n2nc(-c3ccc(Oc4ccccc4)cc3)c3c(N)ncnc32)C1,0.62603,train,random,22,,,,
CC(C)NC(=O)COc1cccc(-c2nc(Nc3ccc4[nH]ncc4c3)c3ccccc3n2)c1,-1.384078213,train,random,22,,,,
CCS(=O)(=O)N1CC(CC#N)(n2cc(-c3ncnc4[nH]ccc34)cn2)C1,1.378597739,train,random,22,,,,
COc1ccc(S(=O)(=O)N2CCC(N3CCC(C)CC3)CC2)cc1,1.729799023,train,random,22,,,,
CCn1c(-c2nonc2N)nc2cnc(Oc3cccc(NC(=O)c4ccc(OCCN5CCOCC5)cc4)c3)cc21,-0.449771647,train,random,22,,,,
COc1cc2c(cc1OC)CC(=O)N(CCCN(C)C[C@H]1Cc3cc(OC)c(OC)cc31)CC2,1.730984039,train,random,22,,,,
CCCc1cc(N2CCc3c(nc(C4CC4)n3C)C2)n2ncnc2n1,1.677187053,train,random,22,,,,
Fc1ccc(-c2ccc3c(c2)[nH]c2ccncc23)cn1,0.653405491,train,random,22,,,,
Nc1c(F)ccc2cnc(-n3ccc4ccncc43)cc12,0.713910354,train,random,22,,,,
C=CC(=O)N1C[C@H](Nc2ncnc3[nH]ccc23)CC[C@@H]1C,1.828227965,train,random,22,,,,
Cn1cc(Nc2nccc(N3CC4CCC(C3)N4C(=O)[C@@H]3CC3(F)F)n2)cn1,1.642995934,train,random,22,,,,
[2H]C([2H])([2H])NC(=O)c1nnc(NC(=O)C2CC2)cc1Nc1cccc(-c2ncn(C)n2)c1OC,1.186566481,train,random,22,,,,
C=CC(=O)N1CCC(CNc2ncnc(N)c2-c2ccc(Oc3ccccc3)cc2)CC1,0.752995432,train,random,22,,,,
Nc1n[nH]cc1-c1cc(Cl)ccc1Oc1cc(F)c(S(=O)(=O)Nc2cscn2)cc1Cl,-0.354577731,train,random,22,,,,
Cc1c(-c2c(F)cc(C(N)=O)c3[nH]c4c(c23)CC[C@H](C(C)(C)O)C4)cccc1-n1c(=O)c2cccc(F)c2n(C)c1=O,0.436162647,train,random,22,,,,
Cn1cc(-c2cn3nccc3c(-c3cnn([C@]4(CC#N)C[C@@H](C#N)C4)c3)n2)cn1,1.559583476,train,random,22,,,,
O=C(c1ccc(Oc2ccccc2)cc1Cl)c1c[nH]c2ncnc(N[C@@H]3CC[C@@H](CO)OC3)c12,-0.467245621,train,random,22,,,,
N#CC[C@H](C1CCCC1)n1cc(-c2ncnc3[nH]ccc23)cn1,0.630986911,train,random,22,,,,
CC(C)(C)c1ccc(-c2nc3n(c(=O)c2C#N)CCS3)cc1,0.731266349,train,random,22,,,,
C=CC(=O)Nc1cccc(Oc2nc(Nc3ccc(N4CCN(C)CC4)cc3)nc3ccsc23)c1,-0.049635146,train,random,22,,,,
CC#CC(=O)N1CC[C@@H](n2c(=O)n(-c3ccc(Oc4ccccc4)cc3)c3c(N)ncnc32)C1,0.935859798,train,random,22,,,,
C=CC(=O)N1CCC[C@H](n2c(=O)n(-c3ccc(Oc4ccccc4)cc3)c3c(N)ncnc32)C1,0.983851719,train,random,22,,,,
CC(C)(C=C(C#N)C(=O)N1CCC[C@@H](n2nc(-c3ccc(Oc4ccccc4)cc3F)c3c(N)ncnc32)C1)N1CCN(C2COC2)CC1,0.276231958,train,random,22,,,,
CC#CC(=O)N1CC[C@@H](n2cc(-c3ccc(Oc4c(F)cccc4F)cc3)c3c(N)n[nH]c(=O)c32)C1,-0.073143291,train,random,22,,,,
C[C@@H]1c2nnn(-c3ncc(F)cn3)c2CCN1C(=O)c1cccc(C(F)(F)F)c1Cl,0.969089603,train,random,22,,,,
COc1ccccc1-c1cc(NC(=O)c2cccc(N3CCNC3=O)c2)[nH]n1,-0.397940009,train,random,22,,,,
O=C(Nc1cccc(-c2nncn2C2CC2)c1)c1cc(-n2cnc(C3CC3)c2)ccn1,0.262925469,train,random,22,,,,
Fc1ccccc1-c1c[nH]nc1C1CCCN1Cc1ccc2ncccc2c1,0.545801757,train,random,22,,,,
CCc1nc(C)cn2nc(-c3cc(=O)n4cc(C5CCN(C)CC5)cc(C)c4n3)cc12,0.868232868,train,random,22,,,,
Cc1c(Cl)ccc2cc3n(c12)[C@@H](C)CNC3=O,0.328379603,train,random,22,,,,
Nc1ncnc2c1c(-c1ccc(Oc3ccccc3)cc1)nn2[C@@H]1CCCNC1,0.956648579,train,random,22,,,,
COc1nn(C)cc1C(=O)Nc1cccc(-c2cnc3n2CCC3)c1,0.866877814,train,random,22,,,,
Cc1ncc(CN2CC[C@@H](Nc3cncc(Cl)n3)[C@@H](C)C2)s1,1.205461507,train,random,22,,,,
Cc1ccc(C(=O)N2CCC(Cc3ccccc3-c3ccccc3)(C(=O)N(C)C)CC2)s1,-0.293282218,train,random,22,,,,
CCc1nc2c(C)cc(N3CCN(CC(=O)N4CC(O)C4)CC3)cn2c1N(C)c1nc(-c2ccc(F)cc2)c(C#N)s1,-0.204728421,train,random,22,,,,
C[C@@H]1CCN(C(=O)CC#N)C[C@@H]1N(C)c1ncnc2[nH]ccc12,1.991815076,train,random,22,,,,
CN(C)C(=O)C1(Cc2ccccc2-c2ccccc2)CCN(C(=O)C2CCCO2)CC1,0.902546779,train,random,22,,,,
CC(=O)Nc1ccc(C(=O)N2CCCCC2c2nc(N)ncc2-c2ccc(Cl)cc2)cc1,0.596926814,train,random,22,,,,
CC(=O)Nc1ccc(C(=O)N2CCCCC2c2nc(N)ncc2-c2cccc(Cl)c2)cc1,0.520483533,train,random,22,,,,
O=C1CN(c2ccc(Nc3nccc(C(F)(F)F)n3)cn2)CCN1,1.543819805,train,random,22,,,,
O=C1NCCN(C(=O)c2ccc3nccn3c2)C1c1ccccc1C(F)(F)F,1.851001366,train,random,22,,,,
Cc1cc(F)ccc1C1C(=O)NCCN1C(=O)c1ccc2nccn2c1,1.78096503,train,random,22,,,,
O=C1NCCN(C(=O)c2ccncc2)C1c1ccccc1Cl,1.876996793,train,random,22,,,,
CN1[C@H]2CC[C@@H]1C[C@@H](OC(c1ccccc1)c1ccccc1)C2,1.106122874,train,random,22,,,,
CC(C)(C)C(=O)N1CCC(Cc2ccc(-c3cccs3)cc2)(C(=O)N2CCCC2)CC1,-0.1837587,train,random,22,,,,
OC[C@H](Nc1cncc(-c2ccc3[nH]ncc3n2)c1)c1ccccc1,1.017826038,train,random,22,,,,
Cc1ncsc1C(=O)N1CCCCC1c1nc(N(C)C)ncc1-c1cccc(Cl)c1,-0.083019953,train,random,22,,,,
OCC1CCCCN1Cc1ccc(Cl)c(Cl)c1,1.390069186,train,random,22,,,,
COc1ccccc1C(=O)Nc1ccc2cc[nH]c2c1,0.505149978,train,random,22,,,,
c1ccc(Oc2cccc(CN(CCN3CCOCC3)Cc3cccnc3)c2)cc1,-0.222573178,train,random,22,,,,
COc1ccc([C@H]2CN(C(C)=O)[C@@H]3CCCN(Cc4cccc(F)c4)[C@H]23)cc1,0.595385981,train,random,22,,,,
Cc1c(C(=O)NCCCN(C)C)sc2ncnc(Nc3ccc(F)cc3OC(C)C)c12,0.741821047,train,random,22,,,,
OCC1CCCCN1Cc1ccc(-c2ccccc2)cc1,1.368007805,train,random,22,,,,
CC1(C)CC(Oc2ccc(-c3ccc(-c4cn[nH]c4)cc3O)nn2)CC(C)(C)N1,1.199947058,train,random,22,,,,
Cc1nnc(-c2ccc3occ(-c4ccc(S(C)=O)cc4)c3c2)o1,0.193402903,train,random,22,,,,
O=C(CCNC(=O)c1ccc(OC(F)(F)F)cc1)N[C@@H]1CCCc2ccccc21,0.526080692,train,random,22,,,,
O=S(=O)(c1cccc2cnccc12)N1CCCNCC1,1.892077899,train,random,22,,,,
O=C(Nc1nc2cccc(-c3ccc(CN4CCS(=O)(=O)CC4)cc3)n2n1)C1CC1,1.681349797,train,random,22,,,,
CCn1c(CO)nn(-c2cc(O[C@@H](C)C(F)(F)F)c(C(=O)Nc3c(F)cccc3Cl)cc2F)c1=O,0.975753389,train,random,22,,,,
CCN(C/C=C\c1ccc(C2CCCCC2)c(Cl)c1)C1CCCCC1,-0.853871964,train,random,22,,,,
NCCN1CCN(C/C=C/C(=O)N2CCC[C@@H](n3nc(-c4ccc(Oc5ccccc5)cc4)c4c(N)ncnc43)C2)CC1,0.699837726,train,random,22,,,,
Cn1c(C2CC2)nc2c1CCN(c1ncnc3ccsc13)C2,1.237065953,train,random,22,,,,
CC/C(=C(\c1ccccc1)c1ccc(OCCN(C)C)cc1)c1ccccc1,-0.580044252,train,random,22,,,,
COc1nn(C)cc1C(=O)Nc1cccc2cnccc12,1.504729052,train,random,22,,,,
Cc1ncc(CN2CCC(Nc3ccc4nnnn4n3)C(C)C2)s1,1.652285029,train,random,22,,,,
Cc1nc(Nc2nccs2)cc(C2CN(c3ncccn3)C2)n1,0.444669231,train,random,22,,,,
COc1ccc(Nc2c(C#N)cnc3cc(OC)c(OC)cc23)cc1Cl,-0.033858267,train,random,22,,,,
COc1ccc(CCCN2CCN(c3cnn(C)c3)C(=O)C2)cc1F,1.343408594,train,random,22,,,,
Cc1noc(C(C)C)c1C(=O)N1CC(C)OC(c2ccccc2)C1,1.180469962,train,random,22,,,,
CN(Cc1ccccc1)C1(C(=O)N2CCNC(=O)CC2)Cc2ccccc2C1,0.904931827,train,random,22,,,,
CCC1=C(C)CN(C(=O)NCCc2ccc(S(=O)(=O)NC(=O)N[C@H]3CC[C@H](C)CC3)cc2)C1=O,-1.180456064,train,random,22,,,,
Cc1ccc(NC(=O)CN2[C@H]3CCCC(=O)N[C@@]3(C)C[C@H]2Cc2ccccc2)cc1F,-0.137272472,train,random,22,,,,
COCC(=O)N1CCC(Cc2ccccc2-c2cccc(F)c2)(C(=O)NC(C)C)CC1,0.596597096,train,random,22,,,,
COc1ccc(CNC(=O)c2sc3nc(C)cc(C)c3c2N)cc1,-0.356547324,train,random,22,,,,
C#C[C@@](C)(CC)NC(=O)c1cc(F)cnc1NC1CC(F)(F)C1,0.671265433,train,random,22,,,,
Cn1cc(Nc2nc(N)nc(-c3cccc(-n4ccc5cc(C6CC6)cc(F)c5c4=O)c3CO)n2)cn1,0.850401148,train,random,22,,,,
Cc1cnc(C(=O)NCCc2ccc(S(=O)(=O)NC(=O)NC3CCCCC3)cc2)cn1,0.01745073,train,random,22,,,,
CNC(=O)C1(Cc2ccc(-c3cccnc3)cc2)CCN(Cc2ccc(F)cc2)C1,1.021602716,train,random,22,,,,
CNC(=O)C1(Cc2ccc(-c3cccnc3)cc2)CCN(Cc2cccc(F)c2)C1,0.829753919,train,random,22,,,,
CC(=O)Nc1ncc(CN2CCCC[C@@H]2C)s1,2.0,train,random,22,,,,
O=C1CCCC[C@@H]2[C@H](C[C@@H](Cc3ccccc3F)N2C(=O)c2cccc3ncccc23)N1,1.277998644,train,random,22,,,,
CC(O)(C#Cc1ccc2c(c1)N(c1nc(N)ncc1Cl)CC2)c1nccs1,-0.122628654,train,random,22,,,,
COCCc1noc(CN2CC(c3ccccc3)(c3ccccc3)CCC2=O)n1,1.167051359,train,random,22,,,,
Cc1[nH]nc2c1C1(CCCCC1)CC(=O)N2,1.323066376,train,random,22,,,,
Cc1oc2ccccc2c1CNc1nnc(-c2ccncc2)o1,0.717254313,train,random,22,,,,
O=C(Nc1cccc2ncccc12)[C@H]1CCCN(S(=O)(=O)c2ccccc2)C1,1.222560409,train,random,22,,,,
C[C@@H]1Cc2ccccc2N1C(=O)Cn1nc(-c2cccc3ncccc23)oc1=O,0.224014811,train,random,22,,,,
Nc1ncnc2c1c(-c1cnc3[nH]ccc3c1)nn2C1CCCC1,0.862608364,train,random,22,,,,
CN1C(N)=N[C@](C)(c2cc(NC(=O)c3ccc(F)cn3)ccc2F)CS1(=O)=O,1.560468571,train,random,22,,,,
CC1CN(C(=O)c2cccnc2N2CCOCC2)CC(c2ccccc2)O1,1.573185017,train,random,22,,,,
CCCCNC(=O)NS(=O)(=O)c1ccc(C)cc1,0.439332694,train,random,22,,,,
Cc1cc(Nc2cnccn2)cc(C2CCCN(CC(=O)N3CCCC3)C2)n1,1.642246824,train,random,22,,,,
Cc1cccnc1Nc1cccc(C2CCCN(CC(=O)Nc3nccs3)C2)n1,0.180699201,train,random,22,,,,
CN(C)C(=O)C1(Cc2ccccc2-c2ccccc2)CCN(C(=O)c2cnn(C)c2)CC1,1.041353202,train,random,22,,,,
CC1(C)CC(=O)C2=C(C1)NC(=O)CC2c1ccc(Br)cc1,1.159236233,train,random,22,,,,
CNC(=O)C1(Cc2ccc(-c3cccnc3)cc2)CCN(Cc2ccccc2Cl)C1,0.387567779,train,random,22,,,,
Cc1cc(N2CCCC2c2cc(CCC(=O)O)cc(C)n2)ncn1,2.0,train,random,22,,,,
CCCNC(=O)NS(=O)(=O)c1ccc(Cl)cc1,0.969835093,train,random,22,,,,
O=C(CN1CCCC(c2cccc(Cc3cccc(F)c3)n2)C1)N1CCCC1,1.062130535,train,random,22,,,,
COc1cc2ncnc(Nc3cccc(O)c3)c2cc1OC,0.994317153,train,random,22,,,,
Cc1cc(C)c2c(N)c(C(=O)NCc3ccc(Cl)cc3)sc2n1,-0.370590401,train,random,22,,,,
COCCNC(=O)c1ccnc(C2CCNCC2)c1,2.0,train,random,22,,,,
COc1nc2sc(C(=O)NC3CC3)c(N)c2c(C)c1Cl,0.245512668,train,random,22,,,,
Cc1cc(N2CCCC2)nc(C2CCCN(C)C2)n1,2.0,train,random,22,,,,
O=C1NCCSc2c1sc1ccc(O)cc21,0.891593204,train,random,22,,,,
C=CC(=O)Nc1cccc(Nc2nc(Nc3ccc(Oc4ccnc(C(=O)NC)c4)cc3)ncc2F)c1,-0.403402904,train,random,22,,,,
C=CC(=O)N(C)CCOc1c(N)ncnc1-c1cc(F)cc(NC(=O)c2ccc(C3CC3)cc2F)c1C,0.838502776,train,random,22,,,,
CC#CC(=O)N1CCC[C@@H]1c1nc(-c2ccc(C(=O)Nc3ccccn3)cc2)c2c(N)nccn12,0.975868182,train,random,22,,,,
CC(=O)NCCNc1cc(Cl)nn2c(-c3cccc(S(=O)(=O)N(C)C)c3)c(C)nc12,0.681693392,train,random,22,,,,
Cc1c[nH]c(=O)n1-c1ccc(C(=O)Nc2ccc3ccccc3n2)cc1,0.639386869,train,random,22,,,,
CNC(=O)c1cccc(NC(=O)N2CCC(Oc3ccccc3Cl)CC2)c1,1.068760828,train,random,22,,,,
CC(=O)N1CCN(c2c(Cl)cccc2NC(=O)COc2ccccc2Cl)CC1,0.256958153,train,random,22,,,,
CCC(=O)N1CCN(c2ccc(Cl)cc2NC(=O)COc2ccccc2)CC1,0.250420002,train,random,22,,,,
Cc1ccc(Oc2ccc(Cl)cc2NC(=O)CN(C)CC(=O)N(C)C)cc1,-0.053056729,train,random,22,,,,
CC1(C)Cc2cc(NC(=O)c3cnn4cccnc34)c(OCC3CC3)nc2O1,-0.199970641,train,random,22,,,,
COc1cc2c(cc1OC)CN(CCc1ccc(NC(=O)c3cccc4c(O)c5cccc(OC)c5nc34)cc1)CC2,-1.207608311,train,random,22,,,,
CCCc1nc2nc(C)c(NS(=O)(=O)c3ccc(C4CCCCC4)cc3)c(O)n2n1,-0.218963061,train,random,22,,,,
COc1ccc([C@H]2c3[nH]c4ccc(Cl)cc4c3CCN2C(=O)Oc2ccc(Cl)cc2)cc1,1.51293775,train,random,22,,,,
NC(=O)C1(Cc2ccc(-c3ccncc3)cc2)CCN(C(=O)Cc2cccc(F)c2)CC1,1.006508828,train,random,22,,,,
CC(=O)Nc1ccc(O)cc1,1.887859133,train,random,22,,,,
O=C(NC1CCNCC1)c1ccc2[nH]ncc2c1,1.842696589,train,random,22,,,,
Cc1cccc(/C=N/Nc2cc(N3CCOCC3)nc(OCCc3ccccn3)n2)c1,-0.548213564,train,random,22,,,,
CCn1c(=O)oc2cc(NC(=O)c3ccc(C(C)(C)C)cc3)ccc21,0.21005085,train,random,22,,,,
COc1ccc(OC[C@@H]2c3cc(OC)c(OC)cc3CCN2C(=O)c2cccc(Cl)c2)cc1,-0.116906641,train,random,22,,,,
N#Cc1ccc(COc2cccc(C3CCN(Cc4nc5ccc(C(=O)O)cc5n4C[C@@H]4CCO4)CC3)n2)c(F)c1,0.402433346,train,random,22,,,,
CC(C)[C@H](CO)Nc1nc(Nc2cc(N)cc(Cl)c2)c2ncn(C(C)C)c2n1,-0.061980903,train,random,22,,,,
O=C(Nc1cccc2c(=O)cc(-c3nnn[nH]3)oc12)c1ccc(OCCCCc2ccccc2)cc1,0.582744966,train,random,22,,,,
CC(=O)Nc1ncc(C(=O)O)s1,1.81935965,train,random,22,,,,
Cc1cccc(-c2nc(C34CCC(C(N)=O)(CC3)CC4)[nH]c2-c2ccc3c(c2)OCO3)n1,1.02011257,train,random,22,,,,
CC(C)[C@@](C)(O)[C@@H]1CN(c2nc(-c3n[nH]c4ncccc34)c(F)cc2Cl)CCN1,1.302460808,train,random,22,,,,
Cc1nnc(-c2ccc(N3CCC(Oc4cc(F)ccc4Cl)CC3)nn2)o1,0.161068385,train,random,22,,,,
Cc1ccc(OCC2(O)CCN(CC3(O)CCN(c4ccccc4C)CC3)CC2)cc1,-0.040481623,train,random,22,,,,
CN(C(=O)c1cc(N2CCNC2=O)ccc1F)C1CCNC1,1.885728632,train,random,22,,,,
O=C(Nc1cccc(N2CCNC2=O)c1)C1NCC12CCCC2,1.718202645,train,random,22,,,,
Cn1c(-c2n[nH]c3c2CCCC3)nnc1N1CCC2(CNC(=O)C2)C1,1.792986685,train,random,22,,,,
Cc1nnc(-c2ccc(N3CCC(Oc4ccccc4C(F)(F)F)CC3)nn2)s1,-0.906578315,train,random,22,,,,
CC(C)(C)c1ccc(C(O)CN2CCC(O)(c3ccc4c(c3)OCO4)CC2)cc1,0.779018972,train,random,22,,,,
NC[C@H]1CC[C@@H](C(=O)Nc2ccc3[nH]ncc3c2)O1,1.981999714,train,random,22,,,,
CN(C(=O)c1cc(N2CCNC2=O)ccc1F)C1CCC(N)CC1,1.828717885,train,random,22,,,,
NC1CCCC1C(=O)N1CCC(c2c[nH]c3ncccc23)CC1,1.71701274,train,random,22,,,,
NC1CCCC(C(=O)Nc2ccc3[nH]ncc3c2)C1,2.0,train,random,22,,,,
NC1CCC(C(=O)N2CCC(c3c[nH]c4ncccc34)CC2)C1,1.917395215,train,random,22,,,,
NC1CCCC(C(=O)N2CCC(c3c[nH]c4ncccc34)CC2)C1,1.752816431,train,random,22,,,,
O=C(NC12CCCC1NCC2)c1ccc(-c2cn[nH]c2)cc1,2.0,train,random,22,,,,
CNc1nc(C)cc(C(=O)Nc2ccc3[nH]ncc3c2)n1,1.493625323,train,random,22,,,,
O=C(Nc1ccc(CN2CCCCC2)cc1)c1ccnc2[nH]cnc12,1.767526899,train,random,22,,,,
CCc1c[nH]c2ncnc(N3CCC(CN4CCN(C)CC4)CC3)c12,1.728012707,train,random,22,,,,
CC1CC(N)CCN1C(=O)c1cc(N2CCNC2=O)c(F)cc1F,1.833504094,train,random,22,,,,
Cc1c[nH]c2nccc(Oc3c(F)cc(Nc4cc(Cl)nc(N)n4)cc3F)c12,-1.22184875,test,random,22,0.6308642080700004,0.25393134128,0.60175684238,0.17863314361000007
C=CC(=O)N1CCC([C@@H]2CCNc3c(C(N)=O)c(-c4ccc(Oc5ccccc5)cc4)nn32)CC1,0.968996327,test,random,22,0.8344800823999999,0.55249190619,0.54550911627,0.5757499519899999
C=CC(=O)Nc1cccc(Oc2nc(Nc3ccc(N4CCN(C)CC4)c(F)c3)nc3[nH]ccc23)c1,0.039414119,test,random,22,0.46007628346000007,0.12921023101,0.4018527245700003,-0.15932617627999998
Nc1ncc(-c2cccc(C(F)(F)F)c2)c(C2CCCCN2C(=O)c2ccccc2)n1,-0.04431225,test,random,22,0.75280886546,0.6960525140199999,0.6329721226800001,0.5027268124800002
Cc1nccc(-c2cn(Cc3ccccc3)c3cnccc23)n1,1.122707254,test,random,22,0.7914601331300001,0.8199904740600005,0.8143448500999999,0.6612172059900001
Cc1nnc(CN(C)CC(C)Oc2ccc(Cl)c(Cl)c2)n1C,0.926290987,test,random,22,0.34794332246,0.59434072428,0.59184104949,0.3823253498900001
COc1cc(F)ccc1-c1ncnc(Nc2cccc(C[S@@](C)(=N)=O)c2)n1,1.594922663,test,random,22,0.46980510547999993,0.4730492609400002,0.7978144624400002,0.2365502369200001
C[C@H]1CN(C(=O)CC(c2ccccc2)c2ccccc2)C[C@@H](C)O1,1.188253327,test,random,22,1.1585551722199998,0.8130623713199998,0.64330011138,0.9728619774000002
CC(=O)N1CCN(c2nc(C(F)(F)F)nc3sc(C)c(C)c23)CC1,0.13481437,test,random,22,0.7497545860600003,1.2537876485500004,0.41430850018,0.5229992355400006
Nc1ncc(C(=O)NC2CN(C(=O)C3CC3)C2)c2ccc(-c3cccc(F)c3)nc12,0.623352682,test,random,22,0.6883455123100003,0.9249367881899999,0.44170816283000003,1.1790147557500001
Cc1ncsc1C(=O)N1CCCCC1c1nc(N)ncc1-c1cccc(C(F)(F)F)c1,0.615318657,test,random,22,0.37029024995,0.36089025738,0.2783810482299999,0.1500673352599999
O=C(Nc1ccc2ccccc2n1)c1ccc(N2CCOC2=O)cc1,0.449015316,test,random,22,0.9029976768800003,1.1356819934800007,0.52720217836,0.5420398325899997
C=CC(=O)Nc1cccc(Oc2nc(Nc3ccc(N4CCN(C)CC4)cc3)nc3ccoc23)c1,0.146128036,test,random,22,0.08513211114000006,0.016437746710000013,0.14993232264,0.041223731889999976
CCN1CCN(S(=O)(=O)Cc2ccc(Cl)c(Cl)c2)CC1,1.249124949,test,random,22,0.9256028469400001,1.4661621526400006,0.8067877868100001,1.2656413411
CNC(=O)C1(Cc2ccc(-c3ccncc3)cc2)CCN(Cc2cccc(F)c2)C1,1.10503305,test,random,22,0.949584364179999,0.7863323677799996,0.816516534399999,0.8431619011299993
Cc1c(F)cccc1NC(=O)CN1[C@H]2CCCC(=O)N[C@@]2(C)C[C@H]1Cc1ccccc1,0.595275712,test,random,22,0.7493673370799999,0.3625608325400001,0.56722042623,0.29017490477000035
O=S(=O)(c1cccc2c(O)nccc12)N1CCCNCC1,1.850223373,test,random,22,1.52556398694,1.4824045924499993,1.4040888077699998,1.6675840159799988
CN(C)C(=O)C1(Cc2ccccc2-c2cccc(F)c2)CCN(C(=O)C2CC=CCC2)CC1,-0.104025268,test,random,22,0.75343045401,0.55127209399,0.7706092104499997,0.39786694994
CCOc1cc(CC(=O)N[C@@H](CC(C)C)c2ccccc2N2CCCCC2)ccc1C(=O)O,0.106870544,test,random,22,0.22267749023,0.24900241521000005,0.4264122752199999,0.15832528355
O=C(Nc1cnccc1-c1ccc(Cl)cc1)c1ccnc(NC(=O)C2CC2)c1,0.369957607,test,random,22,0.9163886707199999,0.35320931644,0.7985263844099996,0.37988017404999996
CN1CCN(S(=O)(=O)c2ccc(-c3cnc(N)c(C(=O)Nc4cccnc4)n3)cc2)CC1,1.078638038,test,random,22,0.88006068284,0.7345371154700001,0.79172591025,1.0505905563300002
CC1(CNC(=O)c2cncc(C3CCNCC3)n2)CCCO1,1.988550039,test,random,22,1.6682083384700002,1.7734380579399995,1.56416013557,1.8936125043599998
CCn1cc(C(=O)O)c(=O)c2c(N)c(F)c(NC3CCCCC3)cc21,0.427486109,test,random,22,0.82532054437,0.8077244240499999,0.8442408109400003,0.6633020732800001
C[C@H]1CN(C2COC2)CCN1c1ccc(Nc2cc(-c3ccnc(N4CCn5c(cc6c5CC(C)(C)C6)C4=O)c3CO)cn(C)c2=O)nc1,1.209139536,test,random,22,1.0154052280100003,0.5719125194400003,0.7526483920999999,0.20468613338999997
COc1ccc(OCC(=O)Nc2cccc(Cl)c2N2CCN(C(C)=O)CC2)cc1,0.700790221,test,random,22,0.27165493526999984,0.3929569541499999,0.37548886305999984,0.18392981504000003
c1ccc(-c2ccc(CN3CCCCCCC3)cc2)cc1,-0.614393726,test,random,22,1.0464791134199998,1.0070033820600002,0.28774156545,0.37111182542999993
N#Cc1cc(F)c(NS(=O)(=O)c2c[nH]c3cc(Cl)ccc23)cc1F,-0.026872146,test,random,22,0.5297719419000004,0.6023513493900001,0.9735309114700005,0.33314021544999994
O=C(NC1CCNCC1)c1ccc2cn[nH]c2c1,2.0,test,random,22,1.674213321600002,1.7489276654700006,1.469228906850001,1.8439252622500024
CC(C)(C)OC(=O)N1CCCC1C(=O)N1CCC(C(=O)N[C@@H](Cc2c[nH]c3ccccc23)C(=O)O)CC1,1.691832676,test,random,22,1.0543730198699999,0.7110837277599998,0.9221377629499997,0.3904751451900001
COc1cc2nc(-c3cc(F)ccc3O)nc(N[C@@H]3CNC[C@H]3C(C)(C)O)c2cc1OC.Cl,-1.119186408,test,random,22,0.8651348817799999,0.4623986841900002,0.32628383118999976,0.37121045516999984
Cc1cn2nc(-c3cc(=O)n4cc(N5CCNC6(CC6)C5)ccc4n3)cc(C)c2n1,0.985246791,test,random,22,1.2395372385200008,0.8272569356800001,0.9676890632999999,1.4163001257200003
CCCS(=O)(=O)Nc1ccc(F)c(C(=O)c2c[nH]c3ncc(-c4ccc(Cl)cc4)cc23)c1F,-1.59345982,test,random,22,0.6991521779000002,0.5286570143300002,0.5890890317600004,0.07688212464999995
NCC1CCCC1NC(=O)c1cc(N2CCNC2=O)ccc1F,1.87495702,test,random,22,1.5328281164900008,1.6859378960000009,1.632686203410001,1.8347537064200004
O=C(NCCc1ccccc1)c1ccc(NC(=O)N2CCCCc3ccccc32)cc1,0.075911761,test,random,22,0.46343120971000024,0.29366869469999995,0.49657023116999993,0.07111407515999998
NC1CC(NC(=O)c2ccc(-c3cn[nH]c3)cn2)C12CCC2,1.709702344,test,random,22,1.4075682904200002,1.4564444772200003,1.629044457110001,1.7949626162499996
Cc1nc2cc(C(=O)NC34CCCC3NCC4)ccc2c(=O)[nH]1,1.866494097,test,random,22,1.3864463016800004,1.5263953311000003,1.3763617134000001,1.3535857384000005
NC(=O)c1cnc(N2CCc3[nH]nc(C(F)(F)F)c3C2)c(Cl)c1,0.986009932,test,random,22,1.17326711783,1.36747768946,1.14505559356,1.4087222170800002
NC1CCCC(C(=O)Nc2cccc(N3CCNC3=O)c2)C1,1.763113391,test,random,22,1.65647769189,1.7611844861900001,1.6389932966000007,1.8634537532600006
c1sc(NCC2CCCO2)nc1C12CC3CC(CC(C3)C1)C2,-1.096910013,test,random,22,1.19847858826,1.3462767946200003,0.9576176126600003,0.6777218762700002
CNc1cc(Nc2cccn(-c3ccccn3)c2=O)nn2c(C(=O)N[C@@H]3C[C@@H]3F)cnc12,0.991226076,train,random,23,,,,
CCOc1cc2nn(CCC(C)(C)O)cc2cc1NC(=O)c1cccc(C(F)F)n1,0.099680641,train,random,23,,,,
CN(c1ncc(F)cn1)[C@H]1CCCNC1,2.0,train,random,23,,,,
CC(C)(O)CCn1cc2cc(NC(=O)c3cccc(C(F)(F)F)n3)c(C(C)(C)O)cc2n1,1.015611205,train,random,23,,,,
CC#CC(=O)N[C@H]1CCCN(c2c(F)cc(C(N)=O)c3[nH]c(C)c(C)c23)C1,0.163856803,train,random,23,,,,
COc1ccc(Cl)cc1C(=O)NCCc1ccc(S(=O)(=O)NC(=O)NC2CCCCC2)cc1,-0.91721463,train,random,23,,,,
C=CC(=O)N1CCC[C@@H](n2nc(-c3ccc(Oc4ccccc4)cc3)c3c(N)ncnc32)C1,0.62603,train,random,23,,,,
CCS(=O)(=O)N1CC(CC#N)(n2cc(-c3ncnc4[nH]ccc34)cn2)C1,1.378597739,train,random,23,,,,
COc1ccc(S(=O)(=O)N2CCC(N3CCC(C)CC3)CC2)cc1,1.729799023,train,random,23,,,,
Cc1c[nH]c2nccc(Oc3c(F)cc(Nc4cc(Cl)nc(N)n4)cc3F)c12,-1.22184875,train,random,23,,,,
COc1cc2c(cc1OC)CC(=O)N(CCCN(C)C[C@H]1Cc3cc(OC)c(OC)cc31)CC2,1.730984039,train,random,23,,,,
Nc1c(F)ccc2cnc(-n3ccc4ccncc43)cc12,0.713910354,train,random,23,,,,
C=CC(=O)N1C[C@H](Nc2ncnc3[nH]ccc23)CC[C@@H]1C,1.828227965,train,random,23,,,,
Cn1cc(Nc2nccc(N3CC4CCC(C3)N4C(=O)[C@@H]3CC3(F)F)n2)cn1,1.642995934,train,random,23,,,,
[2H]C([2H])([2H])NC(=O)c1nnc(NC(=O)C2CC2)cc1Nc1cccc(-c2ncn(C)n2)c1OC,1.186566481,train,random,23,,,,
Nc1n[nH]cc1-c1cc(Cl)ccc1Oc1cc(F)c(S(=O)(=O)Nc2cscn2)cc1Cl,-0.354577731,train,random,23,,,,
Cc1c(-c2c(F)cc(C(N)=O)c3[nH]c4c(c23)CC[C@H](C(C)(C)O)C4)cccc1-n1c(=O)c2cccc(F)c2n(C)c1=O,0.436162647,train,random,23,,,,
Cn1cc(-c2cn3nccc3c(-c3cnn([C@]4(CC#N)C[C@@H](C#N)C4)c3)n2)cn1,1.559583476,train,random,23,,,,
N#CC[C@H](C1CCCC1)n1cc(-c2ncnc3[nH]ccc23)cn1,0.630986911,train,random,23,,,,
CC(C)(C)c1ccc(-c2nc3n(c(=O)c2C#N)CCS3)cc1,0.731266349,train,random,23,,,,
C=CC(=O)Nc1cccc(Oc2nc(Nc3ccc(N4CCN(C)CC4)cc3)nc3ccsc23)c1,-0.049635146,train,random,23,,,,
C=CC(=O)N1CCC([C@@H]2CCNc3c(C(N)=O)c(-c4ccc(Oc5ccccc5)cc4)nn32)CC1,0.968996327,train,random,23,,,,
CC(C)(C=C(C#N)C(=O)N1CCC[C@@H](n2nc(-c3ccc(Oc4ccccc4)cc3F)c3c(N)ncnc32)C1)N1CCN(C2COC2)CC1,0.276231958,train,random,23,,,,
CC#CC(=O)N1CC[C@@H](n2cc(-c3ccc(Oc4c(F)cccc4F)cc3)c3c(N)n[nH]c(=O)c32)C1,-0.073143291,train,random,23,,,,
C=CC(=O)Nc1cccc(Oc2nc(Nc3ccc(N4CCN(C)CC4)c(F)c3)nc3[nH]ccc23)c1,0.039414119,train,random,23,,,,
C[C@@H]1c2nnn(-c3ncc(F)cn3)c2CCN1C(=O)c1cccc(C(F)(F)F)c1Cl,0.969089603,train,random,23,,,,
COc1ccccc1-c1cc(NC(=O)c2cccc(N3CCNC3=O)c2)[nH]n1,-0.397940009,train,random,23,,,,
Nc1ncc(-c2cccc(C(F)(F)F)c2)c(C2CCCCN2C(=O)c2ccccc2)n1,-0.04431225,train,random,23,,,,
O=C(Nc1cccc(-c2nncn2C2CC2)c1)c1cc(-n2cnc(C3CC3)c2)ccn1,0.262925469,train,random,23,,,,
Cc1nccc(-c2cn(Cc3ccccc3)c3cnccc23)n1,1.122707254,train,random,23,,,,
CCc1nc(C)cn2nc(-c3cc(=O)n4cc(C5CCN(C)CC5)cc(C)c4n3)cc12,0.868232868,train,random,23,,,,
Cc1c(Cl)ccc2cc3n(c12)[C@@H](C)CNC3=O,0.328379603,train,random,23,,,,
Nc1ncnc2c1c(-c1ccc(Oc3ccccc3)cc1)nn2[C@@H]1CCCNC1,0.956648579,train,random,23,,,,
Cc1nnc(CN(C)CC(C)Oc2ccc(Cl)c(Cl)c2)n1C,0.926290987,train,random,23,,,,
COc1nn(C)cc1C(=O)Nc1cccc(-c2cnc3n2CCC3)c1,0.866877814,train,random,23,,,,
COc1cc(F)ccc1-c1ncnc(Nc2cccc(C[S@@](C)(=N)=O)c2)n1,1.594922663,train,random,23,,,,
CCc1nc2c(C)cc(N3CCN(CC(=O)N4CC(O)C4)CC3)cn2c1N(C)c1nc(-c2ccc(F)cc2)c(C#N)s1,-0.204728421,train,random,23,,,,
C[C@@H]1CCN(C(=O)CC#N)C[C@@H]1N(C)c1ncnc2[nH]ccc12,1.991815076,train,random,23,,,,
CC(=O)Nc1ccc(C(=O)N2CCCCC2c2nc(N)ncc2-c2ccc(Cl)cc2)cc1,0.596926814,train,random,23,,,,
CC(=O)Nc1ccc(C(=O)N2CCCCC2c2nc(N)ncc2-c2cccc(Cl)c2)cc1,0.520483533,train,random,23,,,,
O=C1CN(c2ccc(Nc3nccc(C(F)(F)F)n3)cn2)CCN1,1.543819805,train,random,23,,,,
O=C1NCCN(C(=O)c2ccc3nccn3c2)C1c1ccccc1C(F)(F)F,1.851001366,train,random,23,,,,
Cc1cc(F)ccc1C1C(=O)NCCN1C(=O)c1ccc2nccn2c1,1.78096503,train,random,23,,,,
O=C1NCCN(C(=O)c2ccncc2)C1c1ccccc1Cl,1.876996793,train,random,23,,,,
C[C@H]1CN(C(=O)CC(c2ccccc2)c2ccccc2)C[C@@H](C)O1,1.188253327,train,random,23,,,,
CN1[C@H]2CC[C@@H]1C[C@@H](OC(c1ccccc1)c1ccccc1)C2,1.106122874,train,random,23,,,,
CC(C)(C)C(=O)N1CCC(Cc2ccc(-c3cccs3)cc2)(C(=O)N2CCCC2)CC1,-0.1837587,train,random,23,,,,
OC[C@H](Nc1cncc(-c2ccc3[nH]ncc3n2)c1)c1ccccc1,1.017826038,train,random,23,,,,
Cc1ncsc1C(=O)N1CCCCC1c1nc(N(C)C)ncc1-c1cccc(Cl)c1,-0.083019953,train,random,23,,,,
OCC1CCCCN1Cc1ccc(Cl)c(Cl)c1,1.390069186,train,random,23,,,,
CC(=O)N1CCN(c2nc(C(F)(F)F)nc3sc(C)c(C)c23)CC1,0.13481437,train,random,23,,,,
COc1ccc([C@H]2CN(C(C)=O)[C@@H]3CCCN(Cc4cccc(F)c4)[C@H]23)cc1,0.595385981,train,random,23,,,,
Cc1c(C(=O)NCCCN(C)C)sc2ncnc(Nc3ccc(F)cc3OC(C)C)c12,0.741821047,train,random,23,,,,
OCC1CCCCN1Cc1ccc(-c2ccccc2)cc1,1.368007805,train,random,23,,,,
Nc1ncc(C(=O)NC2CN(C(=O)C3CC3)C2)c2ccc(-c3cccc(F)c3)nc12,0.623352682,train,random,23,,,,
Cc1nnc(-c2ccc3occ(-c4ccc(S(C)=O)cc4)c3c2)o1,0.193402903,train,random,23,,,,
Cc1ncsc1C(=O)N1CCCCC1c1nc(N)ncc1-c1cccc(C(F)(F)F)c1,0.615318657,train,random,23,,,,
O=C(Nc1ccc2ccccc2n1)c1ccc(N2CCOC2=O)cc1,0.449015316,train,random,23,,,,
O=C(CCNC(=O)c1ccc(OC(F)(F)F)cc1)N[C@@H]1CCCc2ccccc21,0.526080692,train,random,23,,,,
C=CC(=O)Nc1cccc(Oc2nc(Nc3ccc(N4CCN(C)CC4)cc3)nc3ccoc23)c1,0.146128036,train,random,23,,,,
CCN1CCN(S(=O)(=O)Cc2ccc(Cl)c(Cl)c2)CC1,1.249124949,train,random,23,,,,
O=C(Nc1nc2cccc(-c3ccc(CN4CCS(=O)(=O)CC4)cc3)n2n1)C1CC1,1.681349797,train,random,23,,,,
CCN(C/C=C\c1ccc(C2CCCCC2)c(Cl)c1)C1CCCCC1,-0.853871964,train,random,23,,,,
Cn1c(C2CC2)nc2c1CCN(c1ncnc3ccsc13)C2,1.237065953,train,random,23,,,,
CC/C(=C(\c1ccccc1)c1ccc(OCCN(C)C)cc1)c1ccccc1,-0.580044252,train,random,23,,,,
COc1nn(C)cc1C(=O)Nc1cccc2cnccc12,1.504729052,train,random,23,,,,
CNC(=O)C1(Cc2ccc(-c3ccncc3)cc2)CCN(Cc2cccc(F)c2)C1,1.10503305,train,random,23,,,,
COc1ccc(Nc2c(C#N)cnc3cc(OC)c(OC)cc23)cc1Cl,-0.033858267,train,random,23,,,,
COc1ccc(CCCN2CCN(c3cnn(C)c3)C(=O)C2)cc1F,1.343408594,train,random,23,,,,
Cc1noc(C(C)C)c1C(=O)N1CC(C)OC(c2ccccc2)C1,1.180469962,train,random,23,,,,
CN(Cc1ccccc1)C1(C(=O)N2CCNC(=O)CC2)Cc2ccccc2C1,0.904931827,train,random,23,,,,
Cc1c(F)cccc1NC(=O)CN1[C@H]2CCCC(=O)N[C@@]2(C)C[C@H]1Cc1ccccc1,0.595275712,train,random,23,,,,
CCC1=C(C)CN(C(=O)NCCc2ccc(S(=O)(=O)NC(=O)N[C@H]3CC[C@H](C)CC3)cc2)C1=O,-1.180456064,train,random,23,,,,
O=S(=O)(c1cccc2c(O)nccc12)N1CCCNCC1,1.850223373,train,random,23,,,,
Cc1ccc(NC(=O)CN2[C@H]3CCCC(=O)N[C@@]3(C)C[C@H]2Cc2ccccc2)cc1F,-0.137272472,train,random,23,,,,
CN(C)C(=O)C1(Cc2ccccc2-c2cccc(F)c2)CCN(C(=O)C2CC=CCC2)CC1,-0.104025268,train,random,23,,,,
COCC(=O)N1CCC(Cc2ccccc2-c2cccc(F)c2)(C(=O)NC(C)C)CC1,0.596597096,train,random,23,,,,
COc1ccc(CNC(=O)c2sc3nc(C)cc(C)c3c2N)cc1,-0.356547324,train,random,23,,,,
Cc1cnc(C(=O)NCCc2ccc(S(=O)(=O)NC(=O)NC3CCCCC3)cc2)cn1,0.01745073,train,random,23,,,,
CNC(=O)C1(Cc2ccc(-c3cccnc3)cc2)CCN(Cc2ccc(F)cc2)C1,1.021602716,train,random,23,,,,
CNC(=O)C1(Cc2ccc(-c3cccnc3)cc2)CCN(Cc2cccc(F)c2)C1,0.829753919,train,random,23,,,,
CC(=O)Nc1ncc(CN2CCCC[C@@H]2C)s1,2.0,train,random,23,,,,
O=C1CCCC[C@@H]2[C@H](C[C@@H](Cc3ccccc3F)N2C(=O)c2cccc3ncccc23)N1,1.277998644,train,random,23,,,,
CCOc1cc(CC(=O)N[C@@H](CC(C)C)c2ccccc2N2CCCCC2)ccc1C(=O)O,0.106870544,train,random,23,,,,
COCCc1noc(CN2CC(c3ccccc3)(c3ccccc3)CCC2=O)n1,1.167051359,train,random,23,,,,
Cc1[nH]nc2c1C1(CCCCC1)CC(=O)N2,1.323066376,train,random,23,,,,
Cc1oc2ccccc2c1CNc1nnc(-c2ccncc2)o1,0.717254313,train,random,23,,,,
O=C(Nc1cccc2ncccc12)[C@H]1CCCN(S(=O)(=O)c2ccccc2)C1,1.222560409,train,random,23,,,,
Nc1ncnc2c1c(-c1cnc3[nH]ccc3c1)nn2C1CCCC1,0.862608364,train,random,23,,,,
O=C(Nc1cnccc1-c1ccc(Cl)cc1)c1ccnc(NC(=O)C2CC2)c1,0.369957607,train,random,23,,,,
CN1C(N)=N[C@](C)(c2cc(NC(=O)c3ccc(F)cn3)ccc2F)CS1(=O)=O,1.560468571,train,random,23,,,,
CC1CN(C(=O)c2cccnc2N2CCOCC2)CC(c2ccccc2)O1,1.573185017,train,random,23,,,,
CCCCNC(=O)NS(=O)(=O)c1ccc(C)cc1,0.439332694,train,random,23,,,,
Cc1cc(Nc2cnccn2)cc(C2CCCN(CC(=O)N3CCCC3)C2)n1,1.642246824,train,random,23,,,,
CN(C)C(=O)C1(Cc2ccccc2-c2ccccc2)CCN(C(=O)c2cnn(C)c2)CC1,1.041353202,train,random,23,,,,
CC1(C)CC(=O)C2=C(C1)NC(=O)CC2c1ccc(Br)cc1,1.159236233,train,random,23,,,,
CN1CCN(S(=O)(=O)c2ccc(-c3cnc(N)c(C(=O)Nc4cccnc4)n3)cc2)CC1,1.078638038,train,random,23,,,,
Cc1cc(N2CCCC2c2cc(CCC(=O)O)cc(C)n2)ncn1,2.0,train,random,23,,,,
O=C(CN1CCCC(c2cccc(Cc3cccc(F)c3)n2)C1)N1CCCC1,1.062130535,train,random,23,,,,
COc1cc2ncnc(Nc3cccc(O)c3)c2cc1OC,0.994317153,train,random,23,,,,
Cc1cc(C)c2c(N)c(C(=O)NCc3ccc(Cl)cc3)sc2n1,-0.370590401,train,random,23,,,,
COCCNC(=O)c1ccnc(C2CCNCC2)c1,2.0,train,random,23,,,,
COc1nc2sc(C(=O)NC3CC3)c(N)c2c(C)c1Cl,0.245512668,train,random,23,,,,
CC1(CNC(=O)c2cncc(C3CCNCC3)n2)CCCO1,1.988550039,train,random,23,,,,
CCn1cc(C(=O)O)c(=O)c2c(N)c(F)c(NC3CCCCC3)cc21,0.427486109,train,random,23,,,,
C[C@H]1CN(C2COC2)CCN1c1ccc(Nc2cc(-c3ccnc(N4CCn5c(cc6c5CC(C)(C)C6)C4=O)c3CO)cn(C)c2=O)nc1,1.209139536,train,random,23,,,,
C=CC(=O)N(C)CCOc1c(N)ncnc1-c1cc(F)cc(NC(=O)c2ccc(C3CC3)cc2F)c1C,0.838502776,train,random,23,,,,
CC#CC(=O)N1CCC[C@@H]1c1nc(-c2ccc(C(=O)Nc3ccccn3)cc2)c2c(N)nccn12,0.975868182,train,random,23,,,,
CC(=O)NCCNc1cc(Cl)nn2c(-c3cccc(S(=O)(=O)N(C)C)c3)c(C)nc12,0.681693392,train,random,23,,,,
Cc1c[nH]c(=O)n1-c1ccc(C(=O)Nc2ccc3ccccc3n2)cc1,0.639386869,train,random,23,,,,
CNC(=O)c1cccc(NC(=O)N2CCC(Oc3ccccc3Cl)CC2)c1,1.068760828,train,random,23,,,,
COc1ccc(OCC(=O)Nc2cccc(Cl)c2N2CCN(C(C)=O)CC2)cc1,0.700790221,train,random,23,,,,
c1ccc(-c2ccc(CN3CCCCCCC3)cc2)cc1,-0.614393726,train,random,23,,,,
CC(=O)N1CCN(c2c(Cl)cccc2NC(=O)COc2ccccc2Cl)CC1,0.256958153,train,random,23,,,,
Cc1ccc(Oc2ccc(Cl)cc2NC(=O)CN(C)CC(=O)N(C)C)cc1,-0.053056729,train,random,23,,,,
CC1(C)Cc2cc(NC(=O)c3cnn4cccnc34)c(OCC3CC3)nc2O1,-0.199970641,train,random,23,,,,
N#Cc1cc(F)c(NS(=O)(=O)c2c[nH]c3cc(Cl)ccc23)cc1F,-0.026872146,train,random,23,,,,
COc1cc2c(cc1OC)CN(CCc1ccc(NC(=O)c3cccc4c(O)c5cccc(OC)c5nc34)cc1)CC2,-1.207608311,train,random,23,,,,
COc1ccc([C@H]2c3[nH]c4ccc(Cl)cc4c3CCN2C(=O)Oc2ccc(Cl)cc2)cc1,1.51293775,train,random,23,,,,
NC(=O)C1(Cc2ccc(-c3ccncc3)cc2)CCN(C(=O)Cc2cccc(F)c2)CC1,1.006508828,train,random,23,,,,
O=C(NC1CCNCC1)c1ccc2[nH]ncc2c1,1.842696589,train,random,23,,,,
COc1ccc(OC[C@@H]2c3cc(OC)c(OC)cc3CCN2C(=O)c2cccc(Cl)c2)cc1,-0.116906641,train,random,23,,,,
N#Cc1ccc(COc2cccc(C3CCN(Cc4nc5ccc(C(=O)O)cc5n4C[C@@H]4CCO4)CC3)n2)c(F)c1,0.402433346,train,random,23,,,,
CC(C)[C@H](CO)Nc1nc(Nc2cc(N)cc(Cl)c2)c2ncn(C(C)C)c2n1,-0.061980903,train,random,23,,,,
O=C(NC1CCNCC1)c1ccc2cn[nH]c2c1,2.0,train,random,23,,,,
CC(C)(C)OC(=O)N1CCCC1C(=O)N1CCC(C(=O)N[C@@H](Cc2c[nH]c3ccccc23)C(=O)O)CC1,1.691832676,train,random,23,,,,
O=C(Nc1cccc2c(=O)cc(-c3nnn[nH]3)oc12)c1ccc(OCCCCc2ccccc2)cc1,0.582744966,train,random,23,,,,
CC(=O)Nc1ncc(C(=O)O)s1,1.81935965,train,random,23,,,,
Cc1cccc(-c2nc(C34CCC(C(N)=O)(CC3)CC4)[nH]c2-c2ccc3c(c2)OCO3)n1,1.02011257,train,random,23,,,,
COc1cc2nc(-c3cc(F)ccc3O)nc(N[C@@H]3CNC[C@H]3C(C)(C)O)c2cc1OC.Cl,-1.119186408,train,random,23,,,,
CC(C)[C@@](C)(O)[C@@H]1CN(c2nc(-c3n[nH]c4ncccc34)c(F)cc2Cl)CCN1,1.302460808,train,random,23,,,,
Cc1nnc(-c2ccc(N3CCC(Oc4cc(F)ccc4Cl)CC3)nn2)o1,0.161068385,train,random,23,,,,
Cc1cn2nc(-c3cc(=O)n4cc(N5CCNC6(CC6)C5)ccc4n3)cc(C)c2n1,0.985246791,train,random,23,,,,
CCCS(=O)(=O)Nc1ccc(F)c(C(=O)c2c[nH]c3ncc(-c4ccc(Cl)cc4)cc23)c1F,-1.59345982,train,random,23,,,,
Cc1ccc(OCC2(O)CCN(CC3(O)CCN(c4ccccc4C)CC3)CC2)cc1,-0.040481623,train,random,23,,,,
CN(C(=O)c1cc(N2CCNC2=O)ccc1F)C1CCNC1,1.885728632,train,random,23,,,,
NCC1CCCC1NC(=O)c1cc(N2CCNC2=O)ccc1F,1.87495702,train,random,23,,,,
Cn1c(-c2n[nH]c3c2CCCC3)nnc1N1CCC2(CNC(=O)C2)C1,1.792986685,train,random,23,,,,
Cc1nnc(-c2ccc(N3CCC(Oc4ccccc4C(F)(F)F)CC3)nn2)s1,-0.906578315,train,random,23,,,,
O=C(NCCc1ccccc1)c1ccc(NC(=O)N2CCCCc3ccccc32)cc1,0.075911761,train,random,23,,,,
CC(C)(C)c1ccc(C(O)CN2CCC(O)(c3ccc4c(c3)OCO4)CC2)cc1,0.779018972,train,random,23,,,,
NC[C@H]1CC[C@@H](C(=O)Nc2ccc3[nH]ncc3c2)O1,1.981999714,train,random,23,,,,
NC1CCCC1C(=O)N1CCC(c2c[nH]c3ncccc23)CC1,1.71701274,train,random,23,,,,
NC1CCCC(C(=O)Nc2ccc3[nH]ncc3c2)C1,2.0,train,random,23,,,,
NC1CC(NC(=O)c2ccc(-c3cn[nH]c3)cn2)C12CCC2,1.709702344,train,random,23,,,,
NC1CCC(C(=O)N2CCC(c3c[nH]c4ncccc34)CC2)C1,1.917395215,train,random,23,,,,
NC1CCCC(C(=O)N2CCC(c3c[nH]c4ncccc34)CC2)C1,1.752816431,train,random,23,,,,
Cc1nc2cc(C(=O)NC34CCCC3NCC4)ccc2c(=O)[nH]1,1.866494097,train,random,23,,,,
CNc1nc(C)cc(C(=O)Nc2ccc3[nH]ncc3c2)n1,1.493625323,train,random,23,,,,
O=C(Nc1ccc(CN2CCCCC2)cc1)c1ccnc2[nH]cnc12,1.767526899,train,random,23,,,,
CCc1c[nH]c2ncnc(N3CCC(CN4CCN(C)CC4)CC3)c12,1.728012707,train,random,23,,,,
NC(=O)c1cnc(N2CCc3[nH]nc(C(F)(F)F)c3C2)c(Cl)c1,0.986009932,train,random,23,,,,
NC1CCCC(C(=O)Nc2cccc(N3CCNC3=O)c2)C1,1.763113391,train,random,23,,,,
CC1CC(N)CCN1C(=O)c1cc(N2CCNC2=O)c(F)cc1F,1.833504094,train,random,23,,,,
c1sc(NCC2CCCO2)nc1C12CC3CC(CC(C3)C1)C2,-1.096910013,train,random,23,,,,
CC(C)(Oc1ccc(-c2cnc(N)c(-c3ccc(Cl)cc3)c2)cc1)C(=O)O,-1.158015195,test,random,23,0.43865451033000014,0.42405926354000006,0.5345901110900001,0.10324139522000003
CC(C)NC(=O)COc1cccc(-c2nc(Nc3ccc4[nH]ncc4c3)c3ccccc3n2)c1,-1.384078213,test,random,23,0.7972795946000004,0.47636241640000015,0.4358288797400002,0.24648424691999982
CCn1c(-c2nonc2N)nc2cnc(Oc3cccc(NC(=O)c4ccc(OCCN5CCOCC5)cc4)c3)cc21,-0.449771647,test,random,23,0.5424834977600002,0.22579255918999983,0.4460869163600003,0.42093964021999997
CCCc1cc(N2CCc3c(nc(C4CC4)n3C)C2)n2ncnc2n1,1.677187053,test,random,23,1.2723801473499998,1.3009287322999996,0.9387223368700005,1.49801403217
Fc1ccc(-c2ccc3c(c2)[nH]c2ccncc23)cn1,0.653405491,test,random,23,1.2463483461000007,0.7035990039000001,0.8392566209200001,0.6990825235299998
C=CC(=O)N1CCC(CNc2ncnc(N)c2-c2ccc(Oc3ccccc3)cc2)CC1,0.752995432,test,random,23,0.6325510398700003,0.4982515281600003,0.60704501142,0.34146267369999983
O=C(c1ccc(Oc2ccccc2)cc1Cl)c1c[nH]c2ncnc(N[C@@H]3CC[C@@H](CO)OC3)c12,-0.467245621,test,random,23,0.8302529057299999,0.44626072114000015,0.08516490665,0.4794864238900001
CC#CC(=O)N1CC[C@@H](n2c(=O)n(-c3ccc(Oc4ccccc4)cc3)c3c(N)ncnc32)C1,0.935859798,test,random,23,0.6096380075,0.7230415906599998,0.51315576679,0.92102495131
C=CC(=O)N1CCC[C@H](n2c(=O)n(-c3ccc(Oc4ccccc4)cc3)c3c(N)ncnc32)C1,0.983851719,test,random,23,0.67148803414,0.85579651517,0.5020179814500002,0.67109432669
Fc1ccccc1-c1c[nH]nc1C1CCCN1Cc1ccc2ncccc2c1,0.545801757,test,random,23,0.86191826448,0.6797628720600001,0.8602625496700003,0.11407401056000004
Cc1ncc(CN2CC[C@@H](Nc3cncc(Cl)n3)[C@@H](C)C2)s1,1.205461507,test,random,23,0.8698664752400006,0.9185824593399997,0.8266536935400002,0.6617134946300003
Cc1ccc(C(=O)N2CCC(Cc3ccccc3-c3ccccc3)(C(=O)N(C)C)CC2)s1,-0.293282218,test,random,23,0.5947465510300003,0.38295968364000005,0.4086616022399998,-0.004199813409999984
CN(C)C(=O)C1(Cc2ccccc2-c2ccccc2)CCN(C(=O)C2CCCO2)CC1,0.902546779,test,random,23,0.5898317068000003,0.6903403774900001,0.9384808272400003,0.7926080266600001
COc1ccccc1C(=O)Nc1ccc2cc[nH]c2c1,0.505149978,test,random,23,0.69697716012,0.7534686053,0.8181535886000002,0.6152179196699998
c1ccc(Oc2cccc(CN(CCN3CCOCC3)Cc3cccnc3)c2)cc1,-0.222573178,test,random,23,0.8748177830800004,0.33773001872999997,0.7079463773900001,0.6962730962300003
CC1(C)CC(Oc2ccc(-c3ccc(-c4cn[nH]c4)cc3O)nn2)CC(C)(C)N1,1.199947058,test,random,23,0.9819835362100007,0.44966183988000014,0.7586571276300004,0.38495291944999993
O=S(=O)(c1cccc2cnccc12)N1CCCNCC1,1.892077899,test,random,23,1.5401815752300003,1.4280748646100003,1.4688331694800005,1.7474281470700006
CCn1c(CO)nn(-c2cc(O[C@@H](C)C(F)(F)F)c(C(=O)Nc3c(F)cccc3Cl)cc2F)c1=O,0.975753389,test,random,23,0.6739335743900005,0.33596866718999996,0.3336401191600001,0.2835262658199999
NCCN1CCN(C/C=C/C(=O)N2CCC[C@@H](n3nc(-c4ccc(Oc5ccccc5)cc4)c4c(N)ncnc43)C2)CC1,0.699837726,test,random,23,0.5897970322600001,0.5560309789899998,0.6449240125800002,0.6901667125399998
Cc1ncc(CN2CCC(Nc3ccc4nnnn4n3)C(C)C2)s1,1.652285029,test,random,23,0.8513319273400002,1.1795062654,0.8584524920100001,1.6607301846200002
Cc1nc(Nc2nccs2)cc(C2CN(c3ncccn3)C2)n1,0.444669231,test,random,23,0.8030297380799999,1.1331488510299996,0.77682552867,1.3613011661000005
C#C[C@@](C)(CC)NC(=O)c1cc(F)cnc1NC1CC(F)(F)C1,0.671265433,test,random,23,1.1108548251,0.9430265607699997,0.7971258564499999,0.5598851301800003
Cn1cc(Nc2nc(N)nc(-c3cccc(-n4ccc5cc(C6CC6)cc(F)c5c4=O)c3CO)n2)cn1,0.850401148,test,random,23,0.8591712612999998,0.33261056438000003,0.7527557084000003,0.30320449955999984
CC(O)(C#Cc1ccc2c(c1)N(c1nc(N)ncc1Cl)CC2)c1nccs1,-0.122628654,test,random,23,0.8552313455000004,0.5476573133700001,0.7060214626000004,0.22015490947999986
C[C@@H]1Cc2ccccc2N1C(=O)Cn1nc(-c2cccc3ncccc23)oc1=O,0.224014811,test,random,23,0.5813726273600002,0.8645963586200005,0.5837182301600002,0.6794479003200005
Cc1cccnc1Nc1cccc(C2CCCN(CC(=O)Nc3nccs3)C2)n1,0.180699201,test,random,23,0.9243424809799998,0.7457303841500001,0.98990927512,0.37534153801000003
CNC(=O)C1(Cc2ccc(-c3cccnc3)cc2)CCN(Cc2ccccc2Cl)C1,0.387567779,test,random,23,0.9386952427899999,0.7819303025400002,0.9223542432400003,0.6219080067600001
CCCNC(=O)NS(=O)(=O)c1ccc(Cl)cc1,0.969835093,test,random,23,0.3390371397100002,0.48434634641000024,0.49553646963000014,1.0940931722400002
Cc1cc(N2CCCC2)nc(C2CCCN(C)C2)n1,2.0,test,random,23,1.1631532084899998,1.51661837706,1.0865778403300004,1.7805673023300002
O=C1NCCSc2c1sc1ccc(O)cc21,0.891593204,test,random,23,1.26760004271,1.0452814344800003,0.5716827994700001,1.342019956890001
C=CC(=O)Nc1cccc(Nc2nc(Nc3ccc(Oc4ccnc(C(=O)NC)c4)cc3)ncc2F)c1,-0.403402904,test,random,23,0.70824532767,-0.07042978551,0.5478686287800002,-0.09787152629999993
CCC(=O)N1CCN(c2ccc(Cl)cc2NC(=O)COc2ccccc2)CC1,0.250420002,test,random,23,0.39558777651,0.43358087921999994,0.32219865733999997,0.4565364923799999
CCCc1nc2nc(C)c(NS(=O)(=O)c3ccc(C4CCCCC4)cc3)c(O)n2n1,-0.218963061,test,random,23,0.48853880004000033,0.21353174711999998,0.5445972307200004,0.21191496949000005
CC(=O)Nc1ccc(O)cc1,1.887859133,test,random,23,0.9539244958199999,1.04744901185,0.59188617649,1.6074180036599999
Cc1cccc(/C=N/Nc2cc(N3CCOCC3)nc(OCCc3ccccn3)n2)c1,-0.548213564,test,random,23,0.8487029579399997,0.5656629554100001,0.6085045898800001,0.5387119177100002
CCn1c(=O)oc2cc(NC(=O)c3ccc(C(C)(C)C)cc3)ccc21,0.21005085,test,random,23,0.7422351353800006,0.5983989251800002,0.68080774518,0.60597767548
O=C(Nc1cccc(N2CCNC2=O)c1)C1NCC12CCCC2,1.718202645,test,random,23,1.5183415039800006,1.6124318406699996,1.4017029633099998,1.699517996820001
CN(C(=O)c1cc(N2CCNC2=O)ccc1F)C1CCC(N)CC1,1.828717885,test,random,23,1.732977727719999,1.68577920655,1.1271160952499995,1.7906309785500003
O=C(NC12CCCC1NCC2)c1ccc(-c2cn[nH]c2)cc1,2.0,test,random,23,1.46890230839,1.2825477304400004,1.2093780573000006,1.69899615531
CNc1cc(Nc2cccn(-c3ccccn3)c2=O)nn2c(C(=O)N[C@@H]3C[C@@H]3F)cnc12,0.991226076,train,random,24,,,,
CC(C)(Oc1ccc(-c2cnc(N)c(-c3ccc(Cl)cc3)c2)cc1)C(=O)O,-1.158015195,train,random,24,,,,
CC(C)(O)CCn1cc2cc(NC(=O)c3cccc(C(F)(F)F)n3)c(C(C)(C)O)cc2n1,1.015611205,train,random,24,,,,
CC#CC(=O)N[C@H]1CCCN(c2c(F)cc(C(N)=O)c3[nH]c(C)c(C)c23)C1,0.163856803,train,random,24,,,,
COc1ccc(Cl)cc1C(=O)NCCc1ccc(S(=O)(=O)NC(=O)NC2CCCCC2)cc1,-0.91721463,train,random,24,,,,
C=CC(=O)N1CCC[C@@H](n2nc(-c3ccc(Oc4ccccc4)cc3)c3c(N)ncnc32)C1,0.62603,train,random,24,,,,
CC(C)NC(=O)COc1cccc(-c2nc(Nc3ccc4[nH]ncc4c3)c3ccccc3n2)c1,-1.384078213,train,random,24,,,,
CCS(=O)(=O)N1CC(CC#N)(n2cc(-c3ncnc4[nH]ccc34)cn2)C1,1.378597739,train,random,24,,,,
CCn1c(-c2nonc2N)nc2cnc(Oc3cccc(NC(=O)c4ccc(OCCN5CCOCC5)cc4)c3)cc21,-0.449771647,train,random,24,,,,
Cc1c[nH]c2nccc(Oc3c(F)cc(Nc4cc(Cl)nc(N)n4)cc3F)c12,-1.22184875,train,random,24,,,,
COc1cc2c(cc1OC)CC(=O)N(CCCN(C)C[C@H]1Cc3cc(OC)c(OC)cc31)CC2,1.730984039,train,random,24,,,,
CCCc1cc(N2CCc3c(nc(C4CC4)n3C)C2)n2ncnc2n1,1.677187053,train,random,24,,,,
Fc1ccc(-c2ccc3c(c2)[nH]c2ccncc23)cn1,0.653405491,train,random,24,,,,
Nc1c(F)ccc2cnc(-n3ccc4ccncc43)cc12,0.713910354,train,random,24,,,,
Cn1cc(Nc2nccc(N3CC4CCC(C3)N4C(=O)[C@@H]3CC3(F)F)n2)cn1,1.642995934,train,random,24,,,,
[2H]C([2H])([2H])NC(=O)c1nnc(NC(=O)C2CC2)cc1Nc1cccc(-c2ncn(C)n2)c1OC,1.186566481,train,random,24,,,,
C=CC(=O)N1CCC(CNc2ncnc(N)c2-c2ccc(Oc3ccccc3)cc2)CC1,0.752995432,train,random,24,,,,
Cc1c(-c2c(F)cc(C(N)=O)c3[nH]c4c(c23)CC[C@H](C(C)(C)O)C4)cccc1-n1c(=O)c2cccc(F)c2n(C)c1=O,0.436162647,train,random,24,,,,
Cn1cc(-c2cn3nccc3c(-c3cnn([C@]4(CC#N)C[C@@H](C#N)C4)c3)n2)cn1,1.559583476,train,random,24,,,,
O=C(c1ccc(Oc2ccccc2)cc1Cl)c1c[nH]c2ncnc(N[C@@H]3CC[C@@H](CO)OC3)c12,-0.467245621,train,random,24,,,,
CC#CC(=O)N1CC[C@@H](n2c(=O)n(-c3ccc(Oc4ccccc4)cc3)c3c(N)ncnc32)C1,0.935859798,train,random,24,,,,
C=CC(=O)N1CCC([C@@H]2CCNc3c(C(N)=O)c(-c4ccc(Oc5ccccc5)cc4)nn32)CC1,0.968996327,train,random,24,,,,
C=CC(=O)N1CCC[C@H](n2c(=O)n(-c3ccc(Oc4ccccc4)cc3)c3c(N)ncnc32)C1,0.983851719,train,random,24,,,,
CC(C)(C=C(C#N)C(=O)N1CCC[C@@H](n2nc(-c3ccc(Oc4ccccc4)cc3F)c3c(N)ncnc32)C1)N1CCN(C2COC2)CC1,0.276231958,train,random,24,,,,
CC#CC(=O)N1CC[C@@H](n2cc(-c3ccc(Oc4c(F)cccc4F)cc3)c3c(N)n[nH]c(=O)c32)C1,-0.073143291,train,random,24,,,,
C=CC(=O)Nc1cccc(Oc2nc(Nc3ccc(N4CCN(C)CC4)c(F)c3)nc3[nH]ccc23)c1,0.039414119,train,random,24,,,,
C[C@@H]1c2nnn(-c3ncc(F)cn3)c2CCN1C(=O)c1cccc(C(F)(F)F)c1Cl,0.969089603,train,random,24,,,,
COc1ccccc1-c1cc(NC(=O)c2cccc(N3CCNC3=O)c2)[nH]n1,-0.397940009,train,random,24,,,,
Nc1ncc(-c2cccc(C(F)(F)F)c2)c(C2CCCCN2C(=O)c2ccccc2)n1,-0.04431225,train,random,24,,,,
Fc1ccccc1-c1c[nH]nc1C1CCCN1Cc1ccc2ncccc2c1,0.545801757,train,random,24,,,,
Cc1nccc(-c2cn(Cc3ccccc3)c3cnccc23)n1,1.122707254,train,random,24,,,,
CCc1nc(C)cn2nc(-c3cc(=O)n4cc(C5CCN(C)CC5)cc(C)c4n3)cc12,0.868232868,train,random,24,,,,
Nc1ncnc2c1c(-c1ccc(Oc3ccccc3)cc1)nn2[C@@H]1CCCNC1,0.956648579,train,random,24,,,,
Cc1nnc(CN(C)CC(C)Oc2ccc(Cl)c(Cl)c2)n1C,0.926290987,train,random,24,,,,
COc1nn(C)cc1C(=O)Nc1cccc(-c2cnc3n2CCC3)c1,0.866877814,train,random,24,,,,
COc1cc(F)ccc1-c1ncnc(Nc2cccc(C[S@@](C)(=N)=O)c2)n1,1.594922663,train,random,24,,,,
Cc1ncc(CN2CC[C@@H](Nc3cncc(Cl)n3)[C@@H](C)C2)s1,1.205461507,train,random,24,,,,
Cc1ccc(C(=O)N2CCC(Cc3ccccc3-c3ccccc3)(C(=O)N(C)C)CC2)s1,-0.293282218,train,random,24,,,,
CCc1nc2c(C)cc(N3CCN(CC(=O)N4CC(O)C4)CC3)cn2c1N(C)c1nc(-c2ccc(F)cc2)c(C#N)s1,-0.204728421,train,random,24,,,,
C[C@@H]1CCN(C(=O)CC#N)C[C@@H]1N(C)c1ncnc2[nH]ccc12,1.991815076,train,random,24,,,,
CN(C)C(=O)C1(Cc2ccccc2-c2ccccc2)CCN(C(=O)C2CCCO2)CC1,0.902546779,train,random,24,,,,
CC(=O)Nc1ccc(C(=O)N2CCCCC2c2nc(N)ncc2-c2ccc(Cl)cc2)cc1,0.596926814,train,random,24,,,,
O=C1CN(c2ccc(Nc3nccc(C(F)(F)F)n3)cn2)CCN1,1.543819805,train,random,24,,,,
O=C1NCCN(C(=O)c2ccc3nccn3c2)C1c1ccccc1C(F)(F)F,1.851001366,train,random,24,,,,
Cc1cc(F)ccc1C1C(=O)NCCN1C(=O)c1ccc2nccn2c1,1.78096503,train,random,24,,,,
O=C1NCCN(C(=O)c2ccncc2)C1c1ccccc1Cl,1.876996793,train,random,24,,,,
C[C@H]1CN(C(=O)CC(c2ccccc2)c2ccccc2)C[C@@H](C)O1,1.188253327,train,random,24,,,,
CN1[C@H]2CC[C@@H]1C[C@@H](OC(c1ccccc1)c1ccccc1)C2,1.106122874,train,random,24,,,,
CC(C)(C)C(=O)N1CCC(Cc2ccc(-c3cccs3)cc2)(C(=O)N2CCCC2)CC1,-0.1837587,train,random,24,,,,
Cc1ncsc1C(=O)N1CCCCC1c1nc(N(C)C)ncc1-c1cccc(Cl)c1,-0.083019953,train,random,24,,,,
OCC1CCCCN1Cc1ccc(Cl)c(Cl)c1,1.390069186,train,random,24,,,,
CC(=O)N1CCN(c2nc(C(F)(F)F)nc3sc(C)c(C)c23)CC1,0.13481437,train,random,24,,,,
COc1ccccc1C(=O)Nc1ccc2cc[nH]c2c1,0.505149978,train,random,24,,,,
c1ccc(Oc2cccc(CN(CCN3CCOCC3)Cc3cccnc3)c2)cc1,-0.222573178,train,random,24,,,,
Cc1c(C(=O)NCCCN(C)C)sc2ncnc(Nc3ccc(F)cc3OC(C)C)c12,0.741821047,train,random,24,,,,
OCC1CCCCN1Cc1ccc(-c2ccccc2)cc1,1.368007805,train,random,24,,,,
Nc1ncc(C(=O)NC2CN(C(=O)C3CC3)C2)c2ccc(-c3cccc(F)c3)nc12,0.623352682,train,random,24,,,,
CC1(C)CC(Oc2ccc(-c3ccc(-c4cn[nH]c4)cc3O)nn2)CC(C)(C)N1,1.199947058,train,random,24,,,,
Cc1nnc(-c2ccc3occ(-c4ccc(S(C)=O)cc4)c3c2)o1,0.193402903,train,random,24,,,,
Cc1ncsc1C(=O)N1CCCCC1c1nc(N)ncc1-c1cccc(C(F)(F)F)c1,0.615318657,train,random,24,,,,
O=C(Nc1ccc2ccccc2n1)c1ccc(N2CCOC2=O)cc1,0.449015316,train,random,24,,,,
O=C(CCNC(=O)c1ccc(OC(F)(F)F)cc1)N[C@@H]1CCCc2ccccc21,0.526080692,train,random,24,,,,
O=S(=O)(c1cccc2cnccc12)N1CCCNCC1,1.892077899,train,random,24,,,,
C=CC(=O)Nc1cccc(Oc2nc(Nc3ccc(N4CCN(C)CC4)cc3)nc3ccoc23)c1,0.146128036,train,random,24,,,,
CCN1CCN(S(=O)(=O)Cc2ccc(Cl)c(Cl)c2)CC1,1.249124949,train,random,24,,,,
O=C(Nc1nc2cccc(-c3ccc(CN4CCS(=O)(=O)CC4)cc3)n2n1)C1CC1,1.681349797,train,random,24,,,,
CCn1c(CO)nn(-c2cc(O[C@@H](C)C(F)(F)F)c(C(=O)Nc3c(F)cccc3Cl)cc2F)c1=O,0.975753389,train,random,24,,,,
NCCN1CCN(C/C=C/C(=O)N2CCC[C@@H](n3nc(-c4ccc(Oc5ccccc5)cc4)c4c(N)ncnc43)C2)CC1,0.699837726,train,random,24,,,,
Cn1c(C2CC2)nc2c1CCN(c1ncnc3ccsc13)C2,1.237065953,train,random,24,,,,
CC/C(=C(\c1ccccc1)c1ccc(OCCN(C)C)cc1)c1ccccc1,-0.580044252,train,random,24,,,,
CNC(=O)C1(Cc2ccc(-c3ccncc3)cc2)CCN(Cc2cccc(F)c2)C1,1.10503305,train,random,24,,,,
Cc1ncc(CN2CCC(Nc3ccc4nnnn4n3)C(C)C2)s1,1.652285029,train,random,24,,,,
Cc1nc(Nc2nccs2)cc(C2CN(c3ncccn3)C2)n1,0.444669231,train,random,24,,,,
COc1ccc(Nc2c(C#N)cnc3cc(OC)c(OC)cc23)cc1Cl,-0.033858267,train,random,24,,,,
COc1ccc(CCCN2CCN(c3cnn(C)c3)C(=O)C2)cc1F,1.343408594,train,random,24,,,,
Cc1noc(C(C)C)c1C(=O)N1CC(C)OC(c2ccccc2)C1,1.180469962,train,random,24,,,,
CN(Cc1ccccc1)C1(C(=O)N2CCNC(=O)CC2)Cc2ccccc2C1,0.904931827,train,random,24,,,,
Cc1c(F)cccc1NC(=O)CN1[C@H]2CCCC(=O)N[C@@]2(C)C[C@H]1Cc1ccccc1,0.595275712,train,random,24,,,,
O=S(=O)(c1cccc2c(O)nccc12)N1CCCNCC1,1.850223373,train,random,24,,,,
Cc1ccc(NC(=O)CN2[C@H]3CCCC(=O)N[C@@]3(C)C[C@H]2Cc2ccccc2)cc1F,-0.137272472,train,random,24,,,,
CN(C)C(=O)C1(Cc2ccccc2-c2cccc(F)c2)CCN(C(=O)C2CC=CCC2)CC1,-0.104025268,train,random,24,,,,
COCC(=O)N1CCC(Cc2ccccc2-c2cccc(F)c2)(C(=O)NC(C)C)CC1,0.596597096,train,random,24,,,,
COc1ccc(CNC(=O)c2sc3nc(C)cc(C)c3c2N)cc1,-0.356547324,train,random,24,,,,
C#C[C@@](C)(CC)NC(=O)c1cc(F)cnc1NC1CC(F)(F)C1,0.671265433,train,random,24,,,,
Cn1cc(Nc2nc(N)nc(-c3cccc(-n4ccc5cc(C6CC6)cc(F)c5c4=O)c3CO)n2)cn1,0.850401148,train,random,24,,,,
Cc1cnc(C(=O)NCCc2ccc(S(=O)(=O)NC(=O)NC3CCCCC3)cc2)cn1,0.01745073,train,random,24,,,,
CNC(=O)C1(Cc2ccc(-c3cccnc3)cc2)CCN(Cc2ccc(F)cc2)C1,1.021602716,train,random,24,,,,
CNC(=O)C1(Cc2ccc(-c3cccnc3)cc2)CCN(Cc2cccc(F)c2)C1,0.829753919,train,random,24,,,,
CCOc1cc(CC(=O)N[C@@H](CC(C)C)c2ccccc2N2CCCCC2)ccc1C(=O)O,0.106870544,train,random,24,,,,
CC(O)(C#Cc1ccc2c(c1)N(c1nc(N)ncc1Cl)CC2)c1nccs1,-0.122628654,train,random,24,,,,
COCCc1noc(CN2CC(c3ccccc3)(c3ccccc3)CCC2=O)n1,1.167051359,train,random,24,,,,
Cc1[nH]nc2c1C1(CCCCC1)CC(=O)N2,1.323066376,train,random,24,,,,
O=C(Nc1cccc2ncccc12)[C@H]1CCCN(S(=O)(=O)c2ccccc2)C1,1.222560409,train,random,24,,,,
C[C@@H]1Cc2ccccc2N1C(=O)Cn1nc(-c2cccc3ncccc23)oc1=O,0.224014811,train,random,24,,,,
O=C(Nc1cnccc1-c1ccc(Cl)cc1)c1ccnc(NC(=O)C2CC2)c1,0.369957607,train,random,24,,,,
CN1C(N)=N[C@](C)(c2cc(NC(=O)c3ccc(F)cn3)ccc2F)CS1(=O)=O,1.560468571,train,random,24,,,,
CC1CN(C(=O)c2cccnc2N2CCOCC2)CC(c2ccccc2)O1,1.573185017,train,random,24,,,,
CCCCNC(=O)NS(=O)(=O)c1ccc(C)cc1,0.439332694,train,random,24,,,,
Cc1cc(Nc2cnccn2)cc(C2CCCN(CC(=O)N3CCCC3)C2)n1,1.642246824,train,random,24,,,,
Cc1cccnc1Nc1cccc(C2CCCN(CC(=O)Nc3nccs3)C2)n1,0.180699201,train,random,24,,,,
CN(C)C(=O)C1(Cc2ccccc2-c2ccccc2)CCN(C(=O)c2cnn(C)c2)CC1,1.041353202,train,random,24,,,,
CN1CCN(S(=O)(=O)c2ccc(-c3cnc(N)c(C(=O)Nc4cccnc4)n3)cc2)CC1,1.078638038,train,random,24,,,,
CNC(=O)C1(Cc2ccc(-c3cccnc3)cc2)CCN(Cc2ccccc2Cl)C1,0.387567779,train,random,24,,,,
CCCNC(=O)NS(=O)(=O)c1ccc(Cl)cc1,0.969835093,train,random,24,,,,
O=C(CN1CCCC(c2cccc(Cc3cccc(F)c3)n2)C1)N1CCCC1,1.062130535,train,random,24,,,,
COc1cc2ncnc(Nc3cccc(O)c3)c2cc1OC,0.994317153,train,random,24,,,,
Cc1cc(C)c2c(N)c(C(=O)NCc3ccc(Cl)cc3)sc2n1,-0.370590401,train,random,24,,,,
COc1nc2sc(C(=O)NC3CC3)c(N)c2c(C)c1Cl,0.245512668,train,random,24,,,,
CC1(CNC(=O)c2cncc(C3CCNCC3)n2)CCCO1,1.988550039,train,random,24,,,,
Cc1cc(N2CCCC2)nc(C2CCCN(C)C2)n1,2.0,train,random,24,,,,
O=C1NCCSc2c1sc1ccc(O)cc21,0.891593204,train,random,24,,,,
CCn1cc(C(=O)O)c(=O)c2c(N)c(F)c(NC3CCCCC3)cc21,0.427486109,train,random,24,,,,
C[C@H]1CN(C2COC2)CCN1c1ccc(Nc2cc(-c3ccnc(N4CCn5c(cc6c5CC(C)(C)C6)C4=O)c3CO)cn(C)c2=O)nc1,1.209139536,train,random,24,,,,
C=CC(=O)Nc1cccc(Nc2nc(Nc3ccc(Oc4ccnc(C(=O)NC)c4)cc3)ncc2F)c1,-0.403402904,train,random,24,,,,
C=CC(=O)N(C)CCOc1c(N)ncnc1-c1cc(F)cc(NC(=O)c2ccc(C3CC3)cc2F)c1C,0.838502776,train,random,24,,,,
CC(=O)NCCNc1cc(Cl)nn2c(-c3cccc(S(=O)(=O)N(C)C)c3)c(C)nc12,0.681693392,train,random,24,,,,
Cc1c[nH]c(=O)n1-c1ccc(C(=O)Nc2ccc3ccccc3n2)cc1,0.639386869,train,random,24,,,,
CNC(=O)c1cccc(NC(=O)N2CCC(Oc3ccccc3Cl)CC2)c1,1.068760828,train,random,24,,,,
COc1ccc(OCC(=O)Nc2cccc(Cl)c2N2CCN(C(C)=O)CC2)cc1,0.700790221,train,random,24,,,,
c1ccc(-c2ccc(CN3CCCCCCC3)cc2)cc1,-0.614393726,train,random,24,,,,
CCC(=O)N1CCN(c2ccc(Cl)cc2NC(=O)COc2ccccc2)CC1,0.250420002,train,random,24,,,,
Cc1ccc(Oc2ccc(Cl)cc2NC(=O)CN(C)CC(=O)N(C)C)cc1,-0.053056729,train,random,24,,,,
CC1(C)Cc2cc(NC(=O)c3cnn4cccnc34)c(OCC3CC3)nc2O1,-0.199970641,train,random,24,,,,
N#Cc1cc(F)c(NS(=O)(=O)c2c[nH]c3cc(Cl)ccc23)cc1F,-0.026872146,train,random,24,,,,
COc1cc2c(cc1OC)CN(CCc1ccc(NC(=O)c3cccc4c(O)c5cccc(OC)c5nc34)cc1)CC2,-1.207608311,train,random,24,,,,
CCCc1nc2nc(C)c(NS(=O)(=O)c3ccc(C4CCCCC4)cc3)c(O)n2n1,-0.218963061,train,random,24,,,,
COc1ccc([C@H]2c3[nH]c4ccc(Cl)cc4c3CCN2C(=O)Oc2ccc(Cl)cc2)cc1,1.51293775,train,random,24,,,,
CC(=O)Nc1ccc(O)cc1,1.887859133,train,random,24,,,,
Cc1cccc(/C=N/Nc2cc(N3CCOCC3)nc(OCCc3ccccn3)n2)c1,-0.548213564,train,random,24,,,,
CCn1c(=O)oc2cc(NC(=O)c3ccc(C(C)(C)C)cc3)ccc21,0.21005085,train,random,24,,,,
CC(C)[C@H](CO)Nc1nc(Nc2cc(N)cc(Cl)c2)c2ncn(C(C)C)c2n1,-0.061980903,train,random,24,,,,
O=C(NC1CCNCC1)c1ccc2cn[nH]c2c1,2.0,train,random,24,,,,
CC(C)(C)OC(=O)N1CCCC1C(=O)N1CCC(C(=O)N[C@@H](Cc2c[nH]c3ccccc23)C(=O)O)CC1,1.691832676,train,random,24,,,,
O=C(Nc1cccc2c(=O)cc(-c3nnn[nH]3)oc12)c1ccc(OCCCCc2ccccc2)cc1,0.582744966,train,random,24,,,,
COc1cc2nc(-c3cc(F)ccc3O)nc(N[C@@H]3CNC[C@H]3C(C)(C)O)c2cc1OC.Cl,-1.119186408,train,random,24,,,,
Cc1nnc(-c2ccc(N3CCC(Oc4cc(F)ccc4Cl)CC3)nn2)o1,0.161068385,train,random,24,,,,
Cc1cn2nc(-c3cc(=O)n4cc(N5CCNC6(CC6)C5)ccc4n3)cc(C)c2n1,0.985246791,train,random,24,,,,
CCCS(=O)(=O)Nc1ccc(F)c(C(=O)c2c[nH]c3ncc(-c4ccc(Cl)cc4)cc23)c1F,-1.59345982,train,random,24,,,,
CN(C(=O)c1cc(N2CCNC2=O)ccc1F)C1CCNC1,1.885728632,train,random,24,,,,
O=C(Nc1cccc(N2CCNC2=O)c1)C1NCC12CCCC2,1.718202645,train,random,24,,,,
NCC1CCCC1NC(=O)c1cc(N2CCNC2=O)ccc1F,1.87495702,train,random,24,,,,
Cn1c(-c2n[nH]c3c2CCCC3)nnc1N1CCC2(CNC(=O)C2)C1,1.792986685,train,random,24,,,,
Cc1nnc(-c2ccc(N3CCC(Oc4ccccc4C(F)(F)F)CC3)nn2)s1,-0.906578315,train,random,24,,,,
O=C(NCCc1ccccc1)c1ccc(NC(=O)N2CCCCc3ccccc32)cc1,0.075911761,train,random,24,,,,
NC[C@H]1CC[C@@H](C(=O)Nc2ccc3[nH]ncc3c2)O1,1.981999714,train,random,24,,,,
CN(C(=O)c1cc(N2CCNC2=O)ccc1F)C1CCC(N)CC1,1.828717885,train,random,24,,,,
NC1CCCC(C(=O)Nc2ccc3[nH]ncc3c2)C1,2.0,train,random,24,,,,
NC1CC(NC(=O)c2ccc(-c3cn[nH]c3)cn2)C12CCC2,1.709702344,train,random,24,,,,
NC1CCC(C(=O)N2CCC(c3c[nH]c4ncccc34)CC2)C1,1.917395215,train,random,24,,,,
O=C(NC12CCCC1NCC2)c1ccc(-c2cn[nH]c2)cc1,2.0,train,random,24,,,,
Cc1nc2cc(C(=O)NC34CCCC3NCC4)ccc2c(=O)[nH]1,1.866494097,train,random,24,,,,
O=C(Nc1ccc(CN2CCCCC2)cc1)c1ccnc2[nH]cnc12,1.767526899,train,random,24,,,,
CCc1c[nH]c2ncnc(N3CCC(CN4CCN(C)CC4)CC3)c12,1.728012707,train,random,24,,,,
NC(=O)c1cnc(N2CCc3[nH]nc(C(F)(F)F)c3C2)c(Cl)c1,0.986009932,train,random,24,,,,
NC1CCCC(C(=O)Nc2cccc(N3CCNC3=O)c2)C1,1.763113391,train,random,24,,,,
c1sc(NCC2CCCO2)nc1C12CC3CC(CC(C3)C1)C2,-1.096910013,train,random,24,,,,
CCOc1cc2nn(CCC(C)(C)O)cc2cc1NC(=O)c1cccc(C(F)F)n1,0.099680641,test,random,24,0.8276082717799995,0.4392960217100002,0.8356113854700001,0.34433251881
CN(c1ncc(F)cn1)[C@H]1CCCNC1,2.0,test,random,24,1.680800487249999,1.4317132115800004,0.9148387542199997,1.7077548713100006
COc1ccc(S(=O)(=O)N2CCC(N3CCC(C)CC3)CC2)cc1,1.729799023,test,random,24,0.9069931736400001,1.1409201850500001,0.35147463698000003,1.4902522675900007
C=CC(=O)N1C[C@H](Nc2ncnc3[nH]ccc23)CC[C@@H]1C,1.828227965,test,random,24,1.2024914629399999,1.3454827264199993,1.1685457772700003,1.9335845047799989
Nc1n[nH]cc1-c1cc(Cl)ccc1Oc1cc(F)c(S(=O)(=O)Nc2cscn2)cc1Cl,-0.354577731,test,random,24,0.4212033969000001,-0.19328341110999994,0.12295388516000007,-0.5859768718799999
N#CC[C@H](C1CCCC1)n1cc(-c2ncnc3[nH]ccc23)cn1,0.630986911,test,random,24,1.2971350159000001,1.4632272411699996,0.8439850826300003,0.6392023015699998
CC(C)(C)c1ccc(-c2nc3n(c(=O)c2C#N)CCS3)cc1,0.731266349,test,random,24,0.35765596162000013,0.5960422135500001,0.19325342557999986,0.5597181361300002
C=CC(=O)Nc1cccc(Oc2nc(Nc3ccc(N4CCN(C)CC4)cc3)nc3ccsc23)c1,-0.049635146,test,random,24,0.3476927025000001,0.33798710221999995,0.006038060279999997,-0.05491845434
O=C(Nc1cccc(-c2nncn2C2CC2)c1)c1cc(-n2cnc(C3CC3)c2)ccn1,0.262925469,test,random,24,0.7633620934700001,0.8051863129800002,1.1418494087499997,0.4572020522399999
Cc1c(Cl)ccc2cc3n(c12)[C@@H](C)CNC3=O,0.328379603,test,random,24,1.0832294217700005,1.0777290979500007,0.4972247039699999,0.8771503589000003
CC(=O)Nc1ccc(C(=O)N2CCCCC2c2nc(N)ncc2-c2cccc(Cl)c2)cc1,0.520483533,test,random,24,0.49241271069,0.42699266582,0.3968134870599998,0.36396479456999986
OC[C@H](Nc1cncc(-c2ccc3[nH]ncc3n2)c1)c1ccccc1,1.017826038,test,random,24,0.9221799072100003,0.9303098736600002,0.8395835015300004,0.7283080988900004
COc1ccc([C@H]2CN(C(C)=O)[C@@H]3CCCN(Cc4cccc(F)c4)[C@H]23)cc1,0.595385981,test,random,24,0.6627934025800002,0.7023759168400001,0.5781444319599999,0.8352772779399998
CCN(C/C=C\c1ccc(C2CCCCC2)c(Cl)c1)C1CCCCC1,-0.853871964,test,random,24,1.2440119669400003,0.6589461087900003,0.024256672830000024,-0.00746649184999999
COc1nn(C)cc1C(=O)Nc1cccc2cnccc12,1.504729052,test,random,24,0.8656377134399997,0.8848140230800005,1.0954728510600005,1.168653551300001
CCC1=C(C)CN(C(=O)NCCc2ccc(S(=O)(=O)NC(=O)N[C@H]3CC[C@H](C)CC3)cc2)C1=O,-1.180456064,test,random,24,0.32809994558000005,0.6458467763,0.6712537171500003,0.49396563084999995
CC(=O)Nc1ncc(CN2CCCC[C@@H]2C)s1,2.0,test,random,24,0.9759845039300002,0.9372561459700001,0.9259549934400002,1.6676239245600002
O=C1CCCC[C@@H]2[C@H](C[C@@H](Cc3ccccc3F)N2C(=O)c2cccc3ncccc23)N1,1.277998644,test,random,24,0.7909495690300004,0.53712568609,0.9216586413000004,0.4524205955600003
Cc1oc2ccccc2c1CNc1nnc(-c2ccncc2)o1,0.717254313,test,random,24,0.5877125608999999,0.28913535079999997,0.5857896421700003,0.47521258776999986
Nc1ncnc2c1c(-c1cnc3[nH]ccc3c1)nn2C1CCCC1,0.862608364,test,random,24,1.1658060897800004,1.1512302593100003,0.6733584056900002,0.45700218641
CC1(C)CC(=O)C2=C(C1)NC(=O)CC2c1ccc(Br)cc1,1.159236233,test,random,24,1.2456387922200005,0.63558346593,0.509136249,0.64042555851
Cc1cc(N2CCCC2c2cc(CCC(=O)O)cc(C)n2)ncn1,2.0,test,random,24,0.9311156889600001,1.0973844983199996,1.2343022588400006,1.1255160989300002
COCCNC(=O)c1ccnc(C2CCNCC2)c1,2.0,test,random,24,1.5505454269699999,1.5599209847700006,1.1308747334800007,1.4688318038300008
CC#CC(=O)N1CCC[C@@H]1c1nc(-c2ccc(C(=O)Nc3ccccn3)cc2)c2c(N)nccn12,0.975868182,test,random,24,0.6642335958900003,0.47624855158,0.7399422251600004,0.42963927487
CC(=O)N1CCN(c2c(Cl)cccc2NC(=O)COc2ccccc2Cl)CC1,0.256958153,test,random,24,0.8237017416400001,0.5773639646299997,0.29412082622999985,0.3473795321699996
NC(=O)C1(Cc2ccc(-c3ccncc3)cc2)CCN(C(=O)Cc2cccc(F)c2)CC1,1.006508828,test,random,24,0.89791206725,0.5543689822900002,0.71304492024,0.6966474493400001
O=C(NC1CCNCC1)c1ccc2[nH]ncc2c1,1.842696589,test,random,24,1.8246787004999996,1.7934147657700004,1.38900241611,1.7685688675199998
COc1ccc(OC[C@@H]2c3cc(OC)c(OC)cc3CCN2C(=O)c2cccc(Cl)c2)cc1,-0.116906641,test,random,24,0.36113541630999996,0.5668236292599999,0.3249564615699999,-0.022848610629999985
N#Cc1ccc(COc2cccc(C3CCN(Cc4nc5ccc(C(=O)O)cc5n4C[C@@H]4CCO4)CC3)n2)c(F)c1,0.402433346,test,random,24,1.0110454440800005,0.23916783195000002,0.22103380744000006,0.03116487782000002
CC(=O)Nc1ncc(C(=O)O)s1,1.81935965,test,random,24,0.7679451056800002,1.0418677759600008,0.6584773369000003,1.2363222696100014
Cc1cccc(-c2nc(C34CCC(C(N)=O)(CC3)CC4)[nH]c2-c2ccc3c(c2)OCO3)n1,1.02011257,test,random,24,0.8725272514999999,0.3462784001399999,0.1341098576,0.4358037731800003
CC(C)[C@@](C)(O)[C@@H]1CN(c2nc(-c3n[nH]c4ncccc34)c(F)cc2Cl)CCN1,1.302460808,test,random,24,1.443460481350001,0.7735652612100001,1.0617531543300007,0.4935504670200001
Cc1ccc(OCC2(O)CCN(CC3(O)CCN(c4ccccc4C)CC3)CC2)cc1,-0.040481623,test,random,24,0.40868742668000047,0.8529577453000001,0.4657356595900001,0.5991094018000002
CC(C)(C)c1ccc(C(O)CN2CCC(O)(c3ccc4c(c3)OCO4)CC2)cc1,0.779018972,test,random,24,0.76628791328,0.45844624013999996,0.38939391451999994,0.7917807078600003
NC1CCCC1C(=O)N1CCC(c2c[nH]c3ncccc23)CC1,1.71701274,test,random,24,1.4880113600900002,1.5938838151599999,1.7002693527699995,1.8101373214099998
NC1CCCC(C(=O)N2CCC(c3c[nH]c4ncccc34)CC2)C1,1.752816431,test,random,24,1.5919811167399995,1.4883336333300001,1.7777987560499993,1.3527186012499999
CNc1nc(C)cc(C(=O)Nc2ccc3[nH]ncc3c2)n1,1.493625323,test,random,24,1.06952014081,0.9157105470400002,1.1892113408600005,0.8847279577000003
CC1CC(N)CCN1C(=O)c1cc(N2CCNC2=O)c(F)cc1F,1.833504094,test,random,24,1.679306684890001,1.2998072686200002,1.5831132695300005,1.735489088540001
CNc1cc(Nc2cccn(-c3ccccn3)c2=O)nn2c(C(=O)N[C@@H]3C[C@@H]3F)cnc12,0.991226076,train,butina,20,,,,
CCOc1cc2nn(CCC(C)(C)O)cc2cc1NC(=O)c1cccc(C(F)F)n1,0.099680641,train,butina,20,,,,
CN(c1ncc(F)cn1)[C@H]1CCCNC1,2.0,train,butina,20,,,,
CC(C)(Oc1ccc(-c2cnc(N)c(-c3ccc(Cl)cc3)c2)cc1)C(=O)O,-1.158015195,train,butina,20,,,,
CC(C)(O)CCn1cc2cc(NC(=O)c3cccc(C(F)(F)F)n3)c(C(C)(C)O)cc2n1,1.015611205,train,butina,20,,,,
CC#CC(=O)N[C@H]1CCCN(c2c(F)cc(C(N)=O)c3[nH]c(C)c(C)c23)C1,0.163856803,train,butina,20,,,,
COc1ccc(Cl)cc1C(=O)NCCc1ccc(S(=O)(=O)NC(=O)NC2CCCCC2)cc1,-0.91721463,train,butina,20,,,,
C=CC(=O)N1CCC[C@@H](n2nc(-c3ccc(Oc4ccccc4)cc3)c3c(N)ncnc32)C1,0.62603,train,butina,20,,,,
CC(C)NC(=O)COc1cccc(-c2nc(Nc3ccc4[nH]ncc4c3)c3ccccc3n2)c1,-1.384078213,train,butina,20,,,,
CCS(=O)(=O)N1CC(CC#N)(n2cc(-c3ncnc4[nH]ccc34)cn2)C1,1.378597739,train,butina,20,,,,
COc1ccc(S(=O)(=O)N2CCC(N3CCC(C)CC3)CC2)cc1,1.729799023,train,butina,20,,,,
CCn1c(-c2nonc2N)nc2cnc(Oc3cccc(NC(=O)c4ccc(OCCN5CCOCC5)cc4)c3)cc21,-0.449771647,train,butina,20,,,,
COc1cc2c(cc1OC)CC(=O)N(CCCN(C)C[C@H]1Cc3cc(OC)c(OC)cc31)CC2,1.730984039,train,butina,20,,,,
Fc1ccc(-c2ccc3c(c2)[nH]c2ccncc23)cn1,0.653405491,train,butina,20,,,,
Nc1c(F)ccc2cnc(-n3ccc4ccncc43)cc12,0.713910354,train,butina,20,,,,
C=CC(=O)N1C[C@H](Nc2ncnc3[nH]ccc23)CC[C@@H]1C,1.828227965,train,butina,20,,,,
Cn1cc(Nc2nccc(N3CC4CCC(C3)N4C(=O)[C@@H]3CC3(F)F)n2)cn1,1.642995934,train,butina,20,,,,
[2H]C([2H])([2H])NC(=O)c1nnc(NC(=O)C2CC2)cc1Nc1cccc(-c2ncn(C)n2)c1OC,1.186566481,train,butina,20,,,,
C=CC(=O)N1CCC(CNc2ncnc(N)c2-c2ccc(Oc3ccccc3)cc2)CC1,0.752995432,train,butina,20,,,,
Nc1n[nH]cc1-c1cc(Cl)ccc1Oc1cc(F)c(S(=O)(=O)Nc2cscn2)cc1Cl,-0.354577731,train,butina,20,,,,
Cc1c(-c2c(F)cc(C(N)=O)c3[nH]c4c(c23)CC[C@H](C(C)(C)O)C4)cccc1-n1c(=O)c2cccc(F)c2n(C)c1=O,0.436162647,train,butina,20,,,,
O=C(c1ccc(Oc2ccccc2)cc1Cl)c1c[nH]c2ncnc(N[C@@H]3CC[C@@H](CO)OC3)c12,-0.467245621,train,butina,20,,,,
N#CC[C@H](C1CCCC1)n1cc(-c2ncnc3[nH]ccc23)cn1,0.630986911,train,butina,20,,,,
C=CC(=O)Nc1cccc(Oc2nc(Nc3ccc(N4CCN(C)CC4)cc3)nc3ccsc23)c1,-0.049635146,train,butina,20,,,,
CC#CC(=O)N1CC[C@@H](n2c(=O)n(-c3ccc(Oc4ccccc4)cc3)c3c(N)ncnc32)C1,0.935859798,train,butina,20,,,,
C=CC(=O)N1CCC([C@@H]2CCNc3c(C(N)=O)c(-c4ccc(Oc5ccccc5)cc4)nn32)CC1,0.968996327,train,butina,20,,,,
C=CC(=O)N1CCC[C@H](n2c(=O)n(-c3ccc(Oc4ccccc4)cc3)c3c(N)ncnc32)C1,0.983851719,train,butina,20,,,,
CC(C)(C=C(C#N)C(=O)N1CCC[C@@H](n2nc(-c3ccc(Oc4ccccc4)cc3F)c3c(N)ncnc32)C1)N1CCN(C2COC2)CC1,0.276231958,train,butina,20,,,,
CC#CC(=O)N1CC[C@@H](n2cc(-c3ccc(Oc4c(F)cccc4F)cc3)c3c(N)n[nH]c(=O)c32)C1,-0.073143291,train,butina,20,,,,
C=CC(=O)Nc1cccc(Oc2nc(Nc3ccc(N4CCN(C)CC4)c(F)c3)nc3[nH]ccc23)c1,0.039414119,train,butina,20,,,,
C[C@@H]1c2nnn(-c3ncc(F)cn3)c2CCN1C(=O)c1cccc(C(F)(F)F)c1Cl,0.969089603,train,butina,20,,,,
COc1ccccc1-c1cc(NC(=O)c2cccc(N3CCNC3=O)c2)[nH]n1,-0.397940009,train,butina,20,,,,
Nc1ncc(-c2cccc(C(F)(F)F)c2)c(C2CCCCN2C(=O)c2ccccc2)n1,-0.04431225,train,butina,20,,,,
O=C(Nc1cccc(-c2nncn2C2CC2)c1)c1cc(-n2cnc(C3CC3)c2)ccn1,0.262925469,train,butina,20,,,,
Cc1c(Cl)ccc2cc3n(c12)[C@@H](C)CNC3=O,0.328379603,train,butina,20,,,,
Nc1ncnc2c1c(-c1ccc(Oc3ccccc3)cc1)nn2[C@@H]1CCCNC1,0.956648579,train,butina,20,,,,
Cc1nnc(CN(C)CC(C)Oc2ccc(Cl)c(Cl)c2)n1C,0.926290987,train,butina,20,,,,
COc1cc(F)ccc1-c1ncnc(Nc2cccc(C[S@@](C)(=N)=O)c2)n1,1.594922663,train,butina,20,,,,
Cc1ncc(CN2CC[C@@H](Nc3cncc(Cl)n3)[C@@H](C)C2)s1,1.205461507,train,butina,20,,,,
Cc1ccc(C(=O)N2CCC(Cc3ccccc3-c3ccccc3)(C(=O)N(C)C)CC2)s1,-0.293282218,train,butina,20,,,,
C[C@@H]1CCN(C(=O)CC#N)C[C@@H]1N(C)c1ncnc2[nH]ccc12,1.991815076,train,butina,20,,,,
CN(C)C(=O)C1(Cc2ccccc2-c2ccccc2)CCN(C(=O)C2CCCO2)CC1,0.902546779,train,butina,20,,,,
CC(=O)Nc1ccc(C(=O)N2CCCCC2c2nc(N)ncc2-c2ccc(Cl)cc2)cc1,0.596926814,train,butina,20,,,,
CC(=O)Nc1ccc(C(=O)N2CCCCC2c2nc(N)ncc2-c2cccc(Cl)c2)cc1,0.520483533,train,butina,20,,,,
O=C1CN(c2ccc(Nc3nccc(C(F)(F)F)n3)cn2)CCN1,1.543819805,train,butina,20,,,,
O=C1NCCN(C(=O)c2ccc3nccn3c2)C1c1ccccc1C(F)(F)F,1.851001366,train,butina,20,,,,
Cc1cc(F)ccc1C1C(=O)NCCN1C(=O)c1ccc2nccn2c1,1.78096503,train,butina,20,,,,
O=C1NCCN(C(=O)c2ccncc2)C1c1ccccc1Cl,1.876996793,train,butina,20,,,,
C[C@H]1CN(C(=O)CC(c2ccccc2)c2ccccc2)C[C@@H](C)O1,1.188253327,train,butina,20,,,,
CN1[C@H]2CC[C@@H]1C[C@@H](OC(c1ccccc1)c1ccccc1)C2,1.106122874,train,butina,20,,,,
CC(C)(C)C(=O)N1CCC(Cc2ccc(-c3cccs3)cc2)(C(=O)N2CCCC2)CC1,-0.1837587,train,butina,20,,,,
OC[C@H](Nc1cncc(-c2ccc3[nH]ncc3n2)c1)c1ccccc1,1.017826038,train,butina,20,,,,
Cc1ncsc1C(=O)N1CCCCC1c1nc(N(C)C)ncc1-c1cccc(Cl)c1,-0.083019953,train,butina,20,,,,
COc1ccc([C@H]2CN(C(C)=O)[C@@H]3CCCN(Cc4cccc(F)c4)[C@H]23)cc1,0.595385981,train,butina,20,,,,
Cc1c(C(=O)NCCCN(C)C)sc2ncnc(Nc3ccc(F)cc3OC(C)C)c12,0.741821047,train,butina,20,,,,
Nc1ncc(C(=O)NC2CN(C(=O)C3CC3)C2)c2ccc(-c3cccc(F)c3)nc12,0.623352682,train,butina,20,,,,
CC1(C)CC(Oc2ccc(-c3ccc(-c4cn[nH]c4)cc3O)nn2)CC(C)(C)N1,1.199947058,train,butina,20,,,,
Cc1nnc(-c2ccc3occ(-c4ccc(S(C)=O)cc4)c3c2)o1,0.193402903,train,butina,20,,,,
Cc1ncsc1C(=O)N1CCCCC1c1nc(N)ncc1-c1cccc(C(F)(F)F)c1,0.615318657,train,butina,20,,,,
O=C(Nc1ccc2ccccc2n1)c1ccc(N2CCOC2=O)cc1,0.449015316,train,butina,20,,,,
O=C(CCNC(=O)c1ccc(OC(F)(F)F)cc1)N[C@@H]1CCCc2ccccc21,0.526080692,train,butina,20,,,,
O=S(=O)(c1cccc2cnccc12)N1CCCNCC1,1.892077899,train,butina,20,,,,
C=CC(=O)Nc1cccc(Oc2nc(Nc3ccc(N4CCN(C)CC4)cc3)nc3ccoc23)c1,0.146128036,train,butina,20,,,,
CCN1CCN(S(=O)(=O)Cc2ccc(Cl)c(Cl)c2)CC1,1.249124949,train,butina,20,,,,
O=C(Nc1nc2cccc(-c3ccc(CN4CCS(=O)(=O)CC4)cc3)n2n1)C1CC1,1.681349797,train,butina,20,,,,
CCn1c(CO)nn(-c2cc(O[C@@H](C)C(F)(F)F)c(C(=O)Nc3c(F)cccc3Cl)cc2F)c1=O,0.975753389,train,butina,20,,,,
CCN(C/C=C\c1ccc(C2CCCCC2)c(Cl)c1)C1CCCCC1,-0.853871964,train,butina,20,,,,
NCCN1CCN(C/C=C/C(=O)N2CCC[C@@H](n3nc(-c4ccc(Oc5ccccc5)cc4)c4c(N)ncnc43)C2)CC1,0.699837726,train,butina,20,,,,
CC/C(=C(\c1ccccc1)c1ccc(OCCN(C)C)cc1)c1ccccc1,-0.580044252,train,butina,20,,,,
CNC(=O)C1(Cc2ccc(-c3ccncc3)cc2)CCN(Cc2cccc(F)c2)C1,1.10503305,train,butina,20,,,,
Cc1ncc(CN2CCC(Nc3ccc4nnnn4n3)C(C)C2)s1,1.652285029,train,butina,20,,,,
Cc1nc(Nc2nccs2)cc(C2CN(c3ncccn3)C2)n1,0.444669231,train,butina,20,,,,
Cc1noc(C(C)C)c1C(=O)N1CC(C)OC(c2ccccc2)C1,1.180469962,train,butina,20,,,,
CN(Cc1ccccc1)C1(C(=O)N2CCNC(=O)CC2)Cc2ccccc2C1,0.904931827,train,butina,20,,,,
Cc1c(F)cccc1NC(=O)CN1[C@H]2CCCC(=O)N[C@@]2(C)C[C@H]1Cc1ccccc1,0.595275712,train,butina,20,,,,
CCC1=C(C)CN(C(=O)NCCc2ccc(S(=O)(=O)NC(=O)N[C@H]3CC[C@H](C)CC3)cc2)C1=O,-1.180456064,train,butina,20,,,,
O=S(=O)(c1cccc2c(O)nccc12)N1CCCNCC1,1.850223373,train,butina,20,,,,
Cc1ccc(NC(=O)CN2[C@H]3CCCC(=O)N[C@@]3(C)C[C@H]2Cc2ccccc2)cc1F,-0.137272472,train,butina,20,,,,
CN(C)C(=O)C1(Cc2ccccc2-c2cccc(F)c2)CCN(C(=O)C2CC=CCC2)CC1,-0.104025268,train,butina,20,,,,
COCC(=O)N1CCC(Cc2ccccc2-c2cccc(F)c2)(C(=O)NC(C)C)CC1,0.596597096,train,butina,20,,,,
COc1ccc(CNC(=O)c2sc3nc(C)cc(C)c3c2N)cc1,-0.356547324,train,butina,20,,,,
C#C[C@@](C)(CC)NC(=O)c1cc(F)cnc1NC1CC(F)(F)C1,0.671265433,train,butina,20,,,,
Cn1cc(Nc2nc(N)nc(-c3cccc(-n4ccc5cc(C6CC6)cc(F)c5c4=O)c3CO)n2)cn1,0.850401148,train,butina,20,,,,
Cc1cnc(C(=O)NCCc2ccc(S(=O)(=O)NC(=O)NC3CCCCC3)cc2)cn1,0.01745073,train,butina,20,,,,
CNC(=O)C1(Cc2ccc(-c3cccnc3)cc2)CCN(Cc2ccc(F)cc2)C1,1.021602716,train,butina,20,,,,
CNC(=O)C1(Cc2ccc(-c3cccnc3)cc2)CCN(Cc2cccc(F)c2)C1,0.829753919,train,butina,20,,,,
CC(=O)Nc1ncc(CN2CCCC[C@@H]2C)s1,2.0,train,butina,20,,,,
O=C1CCCC[C@@H]2[C@H](C[C@@H](Cc3ccccc3F)N2C(=O)c2cccc3ncccc23)N1,1.277998644,train,butina,20,,,,
CCOc1cc(CC(=O)N[C@@H](CC(C)C)c2ccccc2N2CCCCC2)ccc1C(=O)O,0.106870544,train,butina,20,,,,
CC(O)(C#Cc1ccc2c(c1)N(c1nc(N)ncc1Cl)CC2)c1nccs1,-0.122628654,train,butina,20,,,,
COCCc1noc(CN2CC(c3ccccc3)(c3ccccc3)CCC2=O)n1,1.167051359,train,butina,20,,,,
Cc1[nH]nc2c1C1(CCCCC1)CC(=O)N2,1.323066376,train,butina,20,,,,
Nc1ncnc2c1c(-c1cnc3[nH]ccc3c1)nn2C1CCCC1,0.862608364,train,butina,20,,,,
O=C(Nc1cnccc1-c1ccc(Cl)cc1)c1ccnc(NC(=O)C2CC2)c1,0.369957607,train,butina,20,,,,
CC1CN(C(=O)c2cccnc2N2CCOCC2)CC(c2ccccc2)O1,1.573185017,train,butina,20,,,,
CCCCNC(=O)NS(=O)(=O)c1ccc(C)cc1,0.439332694,train,butina,20,,,,
Cc1cc(Nc2cnccn2)cc(C2CCCN(CC(=O)N3CCCC3)C2)n1,1.642246824,train,butina,20,,,,
Cc1cccnc1Nc1cccc(C2CCCN(CC(=O)Nc3nccs3)C2)n1,0.180699201,train,butina,20,,,,
CN(C)C(=O)C1(Cc2ccccc2-c2ccccc2)CCN(C(=O)c2cnn(C)c2)CC1,1.041353202,train,butina,20,,,,
CC1(C)CC(=O)C2=C(C1)NC(=O)CC2c1ccc(Br)cc1,1.159236233,train,butina,20,,,,
CN1CCN(S(=O)(=O)c2ccc(-c3cnc(N)c(C(=O)Nc4cccnc4)n3)cc2)CC1,1.078638038,train,butina,20,,,,
CNC(=O)C1(Cc2ccc(-c3cccnc3)cc2)CCN(Cc2ccccc2Cl)C1,0.387567779,train,butina,20,,,,
Cc1cc(N2CCCC2c2cc(CCC(=O)O)cc(C)n2)ncn1,2.0,train,butina,20,,,,
CCCNC(=O)NS(=O)(=O)c1ccc(Cl)cc1,0.969835093,train,butina,20,,,,
O=C(CN1CCCC(c2cccc(Cc3cccc(F)c3)n2)C1)N1CCCC1,1.062130535,train,butina,20,,,,
Cc1cc(C)c2c(N)c(C(=O)NCc3ccc(Cl)cc3)sc2n1,-0.370590401,train,butina,20,,,,
COCCNC(=O)c1ccnc(C2CCNCC2)c1,2.0,train,butina,20,,,,
COc1nc2sc(C(=O)NC3CC3)c(N)c2c(C)c1Cl,0.245512668,train,butina,20,,,,
CC1(CNC(=O)c2cncc(C3CCNCC3)n2)CCCO1,1.988550039,train,butina,20,,,,
O=C1NCCSc2c1sc1ccc(O)cc21,0.891593204,train,butina,20,,,,
CCn1cc(C(=O)O)c(=O)c2c(N)c(F)c(NC3CCCCC3)cc21,0.427486109,train,butina,20,,,,
C[C@H]1CN(C2COC2)CCN1c1ccc(Nc2cc(-c3ccnc(N4CCn5c(cc6c5CC(C)(C)C6)C4=O)c3CO)cn(C)c2=O)nc1,1.209139536,train,butina,20,,,,
C=CC(=O)Nc1cccc(Nc2nc(Nc3ccc(Oc4ccnc(C(=O)NC)c4)cc3)ncc2F)c1,-0.403402904,train,butina,20,,,,
C=CC(=O)N(C)CCOc1c(N)ncnc1-c1cc(F)cc(NC(=O)c2ccc(C3CC3)cc2F)c1C,0.838502776,train,butina,20,,,,
CC#CC(=O)N1CCC[C@@H]1c1nc(-c2ccc(C(=O)Nc3ccccn3)cc2)c2c(N)nccn12,0.975868182,train,butina,20,,,,
Cc1c[nH]c(=O)n1-c1ccc(C(=O)Nc2ccc3ccccc3n2)cc1,0.639386869,train,butina,20,,,,
CNC(=O)c1cccc(NC(=O)N2CCC(Oc3ccccc3Cl)CC2)c1,1.068760828,train,butina,20,,,,
Cc1ccc(Oc2ccc(Cl)cc2NC(=O)CN(C)CC(=O)N(C)C)cc1,-0.053056729,train,butina,20,,,,
CC1(C)Cc2cc(NC(=O)c3cnn4cccnc34)c(OCC3CC3)nc2O1,-0.199970641,train,butina,20,,,,
N#Cc1cc(F)c(NS(=O)(=O)c2c[nH]c3cc(Cl)ccc23)cc1F,-0.026872146,train,butina,20,,,,
CCCc1nc2nc(C)c(NS(=O)(=O)c3ccc(C4CCCCC4)cc3)c(O)n2n1,-0.218963061,train,butina,20,,,,
COc1ccc([C@H]2c3[nH]c4ccc(Cl)cc4c3CCN2C(=O)Oc2ccc(Cl)cc2)cc1,1.51293775,train,butina,20,,,,
NC(=O)C1(Cc2ccc(-c3ccncc3)cc2)CCN(C(=O)Cc2cccc(F)c2)CC1,1.006508828,train,butina,20,,,,
CC(=O)Nc1ccc(O)cc1,1.887859133,train,butina,20,,,,
O=C(NC1CCNCC1)c1ccc2[nH]ncc2c1,1.842696589,train,butina,20,,,,
CCn1c(=O)oc2cc(NC(=O)c3ccc(C(C)(C)C)cc3)ccc21,0.21005085,train,butina,20,,,,
COc1ccc(OC[C@@H]2c3cc(OC)c(OC)cc3CCN2C(=O)c2cccc(Cl)c2)cc1,-0.116906641,train,butina,20,,,,
N#Cc1ccc(COc2cccc(C3CCN(Cc4nc5ccc(C(=O)O)cc5n4C[C@@H]4CCO4)CC3)n2)c(F)c1,0.402433346,train,butina,20,,,,
CC(C)[C@H](CO)Nc1nc(Nc2cc(N)cc(Cl)c2)c2ncn(C(C)C)c2n1,-0.061980903,train,butina,20,,,,
O=C(NC1CCNCC1)c1ccc2cn[nH]c2c1,2.0,train,butina,20,,,,
CC(C)(C)OC(=O)N1CCCC1C(=O)N1CCC(C(=O)N[C@@H](Cc2c[nH]c3ccccc23)C(=O)O)CC1,1.691832676,train,butina,20,,,,
CC(=O)Nc1ncc(C(=O)O)s1,1.81935965,train,butina,20,,,,
Cc1cccc(-c2nc(C34CCC(C(N)=O)(CC3)CC4)[nH]c2-c2ccc3c(c2)OCO3)n1,1.02011257,train,butina,20,,,,
COc1cc2nc(-c3cc(F)ccc3O)nc(N[C@@H]3CNC[C@H]3C(C)(C)O)c2cc1OC.Cl,-1.119186408,train,butina,20,,,,
CC(C)[C@@](C)(O)[C@@H]1CN(c2nc(-c3n[nH]c4ncccc34)c(F)cc2Cl)CCN1,1.302460808,train,butina,20,,,,
Cc1nnc(-c2ccc(N3CCC(Oc4cc(F)ccc4Cl)CC3)nn2)o1,0.161068385,train,butina,20,,,,
CCCS(=O)(=O)Nc1ccc(F)c(C(=O)c2c[nH]c3ncc(-c4ccc(Cl)cc4)cc23)c1F,-1.59345982,train,butina,20,,,,
Cc1ccc(OCC2(O)CCN(CC3(O)CCN(c4ccccc4C)CC3)CC2)cc1,-0.040481623,train,butina,20,,,,
CN(C(=O)c1cc(N2CCNC2=O)ccc1F)C1CCNC1,1.885728632,train,butina,20,,,,
O=C(Nc1cccc(N2CCNC2=O)c1)C1NCC12CCCC2,1.718202645,train,butina,20,,,,
NCC1CCCC1NC(=O)c1cc(N2CCNC2=O)ccc1F,1.87495702,train,butina,20,,,,
Cn1c(-c2n[nH]c3c2CCCC3)nnc1N1CCC2(CNC(=O)C2)C1,1.792986685,train,butina,20,,,,
Cc1nnc(-c2ccc(N3CCC(Oc4ccccc4C(F)(F)F)CC3)nn2)s1,-0.906578315,train,butina,20,,,,
O=C(NCCc1ccccc1)c1ccc(NC(=O)N2CCCCc3ccccc32)cc1,0.075911761,train,butina,20,,,,
CC(C)(C)c1ccc(C(O)CN2CCC(O)(c3ccc4c(c3)OCO4)CC2)cc1,0.779018972,train,butina,20,,,,
NC[C@H]1CC[C@@H](C(=O)Nc2ccc3[nH]ncc3c2)O1,1.981999714,train,butina,20,,,,
CN(C(=O)c1cc(N2CCNC2=O)ccc1F)C1CCC(N)CC1,1.828717885,train,butina,20,,,,
NC1CCCC(C(=O)Nc2ccc3[nH]ncc3c2)C1,2.0,train,butina,20,,,,
NC1CCCC(C(=O)N2CCC(c3c[nH]c4ncccc34)CC2)C1,1.752816431,train,butina,20,,,,
CNc1nc(C)cc(C(=O)Nc2ccc3[nH]ncc3c2)n1,1.493625323,train,butina,20,,,,
O=C(Nc1ccc(CN2CCCCC2)cc1)c1ccnc2[nH]cnc12,1.767526899,train,butina,20,,,,
CCc1c[nH]c2ncnc(N3CCC(CN4CCN(C)CC4)CC3)c12,1.728012707,train,butina,20,,,,
NC(=O)c1cnc(N2CCc3[nH]nc(C(F)(F)F)c3C2)c(Cl)c1,0.986009932,train,butina,20,,,,
NC1CCCC(C(=O)Nc2cccc(N3CCNC3=O)c2)C1,1.763113391,train,butina,20,,,,
CC1CC(N)CCN1C(=O)c1cc(N2CCNC2=O)c(F)cc1F,1.833504094,train,butina,20,,,,
c1sc(NCC2CCCO2)nc1C12CC3CC(CC(C3)C1)C2,-1.096910013,train,butina,20,,,,
Cc1c[nH]c2nccc(Oc3c(F)cc(Nc4cc(Cl)nc(N)n4)cc3F)c12,-1.22184875,test,butina,20,0.7511704022300001,0.012036830630000004,0.32349226107,0.11725719887000001
CCCc1cc(N2CCc3c(nc(C4CC4)n3C)C2)n2ncnc2n1,1.677187053,test,butina,20,1.16830805988,1.07949314107,0.9203925693399999,1.4547617570100007
Cn1cc(-c2cn3nccc3c(-c3cnn([C@]4(CC#N)C[C@@H](C#N)C4)c3)n2)cn1,1.559583476,test,butina,20,0.42308317757000014,0.8612927353000005,0.5529073863300001,1.3793367314700005
CC(C)(C)c1ccc(-c2nc3n(c(=O)c2C#N)CCS3)cc1,0.731266349,test,butina,20,0.7070518580600003,0.6002978352500001,0.3137616215599998,0.40669019787999994
Fc1ccccc1-c1c[nH]nc1C1CCCN1Cc1ccc2ncccc2c1,0.545801757,test,butina,20,0.8660781221400005,0.6679614291300002,0.4747263361100002,0.09026573731
Cc1nccc(-c2cn(Cc3ccccc3)c3cnccc23)n1,1.122707254,test,butina,20,0.7849900938100002,0.6919954774800003,0.8768838581699999,0.4721817607100002
CCc1nc(C)cn2nc(-c3cc(=O)n4cc(C5CCN(C)CC5)cc(C)c4n3)cc12,0.868232868,test,butina,20,0.8371745567299997,0.6617861230800003,0.9040775416200002,0.8062254690999999
COc1nn(C)cc1C(=O)Nc1cccc(-c2cnc3n2CCC3)c1,0.866877814,test,butina,20,0.8753726596499992,0.84493363314,0.9446156792700003,1.2056679154200005
CCc1nc2c(C)cc(N3CCN(CC(=O)N4CC(O)C4)CC3)cn2c1N(C)c1nc(-c2ccc(F)cc2)c(C#N)s1,-0.204728421,test,butina,20,0.5430000925800003,0.33577794841999975,0.5272098171999999,0.21450241271000003
OCC1CCCCN1Cc1ccc(Cl)c(Cl)c1,1.390069186,test,butina,20,0.8028513759300001,1.11933271474,0.77540300174,0.6972060365900004
CC(=O)N1CCN(c2nc(C(F)(F)F)nc3sc(C)c(C)c23)CC1,0.13481437,test,butina,20,0.6620532779600004,1.1974566812400007,0.45447396303000026,0.48465901520999993
COc1ccccc1C(=O)Nc1ccc2cc[nH]c2c1,0.505149978,test,butina,20,1.2654355148000007,0.61377198681,0.6340395936300002,0.5471715416900002
c1ccc(Oc2cccc(CN(CCN3CCOCC3)Cc3cccnc3)c2)cc1,-0.222573178,test,butina,20,0.5868681739000002,0.5317333568800002,0.7714616041400002,0.5339690128800001
OCC1CCCCN1Cc1ccc(-c2ccccc2)cc1,1.368007805,test,butina,20,0.8763011206200002,0.9299643805400004,0.58041264007,0.8498491335899998
Cn1c(C2CC2)nc2c1CCN(c1ncnc3ccsc13)C2,1.237065953,test,butina,20,0.6077521139800002,0.8978524170200004,0.8305092468400004,0.6516424166799999
COc1nn(C)cc1C(=O)Nc1cccc2cnccc12,1.504729052,test,butina,20,0.9381899844899998,1.1235072103700003,0.8769007141700004,1.3721463421900006
COc1ccc(Nc2c(C#N)cnc3cc(OC)c(OC)cc23)cc1Cl,-0.033858267,test,butina,20,0.6196026805399998,0.42779319058,0.08824844300000004,-0.03794998418000002
COc1ccc(CCCN2CCN(c3cnn(C)c3)C(=O)C2)cc1F,1.343408594,test,butina,20,1.01646367664,1.1365211078800004,0.8165170849200003,1.3707162156400003
Cc1oc2ccccc2c1CNc1nnc(-c2ccncc2)o1,0.717254313,test,butina,20,0.6123719490199999,0.6017452910000004,0.6640516390500001,0.4849829203100001
O=C(Nc1cccc2ncccc12)[C@H]1CCCN(S(=O)(=O)c2ccccc2)C1,1.222560409,test,butina,20,1.11207842631,0.7511605141499998,0.89370094302,0.37400953068
C[C@@H]1Cc2ccccc2N1C(=O)Cn1nc(-c2cccc3ncccc23)oc1=O,0.224014811,test,butina,20,0.9258156056000001,0.8488366432799999,0.5635266105500001,0.7076324447100001
CN1C(N)=N[C@](C)(c2cc(NC(=O)c3ccc(F)cn3)ccc2F)CS1(=O)=O,1.560468571,test,butina,20,0.8781740354699995,0.7846672821,0.9464253214599997,1.24700813357
COc1cc2ncnc(Nc3cccc(O)c3)c2cc1OC,0.994317153,test,butina,20,0.7552991504700002,0.39805087687,0.37469207047,0.39360460020000004
Cc1cc(N2CCCC2)nc(C2CCCN(C)C2)n1,2.0,test,butina,20,0.9379410335599999,1.44923634748,1.1976041566899998,1.7707272593099994
CC(=O)NCCNc1cc(Cl)nn2c(-c3cccc(S(=O)(=O)N(C)C)c3)c(C)nc12,0.681693392,test,butina,20,0.5883621167400002,0.5649914707699999,0.44665712299999993,0.6515447877499999
COc1ccc(OCC(=O)Nc2cccc(Cl)c2N2CCN(C(C)=O)CC2)cc1,0.700790221,test,butina,20,0.5611850880600001,0.7062224887200004,0.46587132185999997,0.37887686073
c1ccc(-c2ccc(CN3CCCCCCC3)cc2)cc1,-0.614393726,test,butina,20,0.7516896327199997,0.8179107602800001,0.03589699592000001,0.15013105301000002
CC(=O)N1CCN(c2c(Cl)cccc2NC(=O)COc2ccccc2Cl)CC1,0.256958153,test,butina,20,0.7447120113300002,0.4797667630299998,0.3234932621099999,0.53842683165
CCC(=O)N1CCN(c2ccc(Cl)cc2NC(=O)COc2ccccc2)CC1,0.250420002,test,butina,20,0.32951459497999985,0.38530263723,0.3112601783099998,0.5959289461699999
COc1cc2c(cc1OC)CN(CCc1ccc(NC(=O)c3cccc4c(O)c5cccc(OC)c5nc34)cc1)CC2,-1.207608311,test,butina,20,0.9003458575299997,-0.008145521609999998,0.28184755700999997,-0.17813349614000007
Cc1cccc(/C=N/Nc2cc(N3CCOCC3)nc(OCCc3ccccn3)n2)c1,-0.548213564,test,butina,20,0.5077372077599999,0.6570527553800001,0.6388316312000001,0.5207720750000002
O=C(Nc1cccc2c(=O)cc(-c3nnn[nH]3)oc12)c1ccc(OCCCCc2ccccc2)cc1,0.582744966,test,butina,20,0.39716151351000006,-0.07179618774999995,0.18879596481,-0.17253090744000002
Cc1cn2nc(-c3cc(=O)n4cc(N5CCNC6(CC6)C5)ccc4n3)cc(C)c2n1,0.985246791,test,butina,20,1.2336672660300005,0.7319147967100004,0.9479715367000006,1.36155628437
NC1CCCC1C(=O)N1CCC(c2c[nH]c3ncccc23)CC1,1.71701274,test,butina,20,1.4761016022800006,1.5930781028700005,1.5508852888000004,1.7308481819300012
NC1CC(NC(=O)c2ccc(-c3cn[nH]c3)cn2)C12CCC2,1.709702344,test,butina,20,1.16471213557,1.2778712484600006,1.3998567777500006,1.6571396207799995
NC1CCC(C(=O)N2CCC(c3c[nH]c4ncccc34)CC2)C1,1.917395215,test,butina,20,1.5089252120700007,1.5611635686200005,1.60118103015,1.7360422545100014
O=C(NC12CCCC1NCC2)c1ccc(-c2cn[nH]c2)cc1,2.0,test,butina,20,1.286321225,1.2415501547200007,1.0635296040799995,1.6295744716000002
Cc1nc2cc(C(=O)NC34CCCC3NCC4)ccc2c(=O)[nH]1,1.866494097,test,butina,20,1.2558671792900002,1.57265453447,1.11932296977,1.6396879596700003
CNc1cc(Nc2cccn(-c3ccccn3)c2=O)nn2c(C(=O)N[C@@H]3C[C@@H]3F)cnc12,0.991226076,train,butina,21,,,,
CN(c1ncc(F)cn1)[C@H]1CCCNC1,2.0,train,butina,21,,,,
COc1ccc(Cl)cc1C(=O)NCCc1ccc(S(=O)(=O)NC(=O)NC2CCCCC2)cc1,-0.91721463,train,butina,21,,,,
C=CC(=O)N1CCC[C@@H](n2nc(-c3ccc(Oc4ccccc4)cc3)c3c(N)ncnc32)C1,0.62603,train,butina,21,,,,
CC(C)NC(=O)COc1cccc(-c2nc(Nc3ccc4[nH]ncc4c3)c3ccccc3n2)c1,-1.384078213,train,butina,21,,,,
CCS(=O)(=O)N1CC(CC#N)(n2cc(-c3ncnc4[nH]ccc34)cn2)C1,1.378597739,train,butina,21,,,,
CCn1c(-c2nonc2N)nc2cnc(Oc3cccc(NC(=O)c4ccc(OCCN5CCOCC5)cc4)c3)cc21,-0.449771647,train,butina,21,,,,
Cc1c[nH]c2nccc(Oc3c(F)cc(Nc4cc(Cl)nc(N)n4)cc3F)c12,-1.22184875,train,butina,21,,,,
COc1cc2c(cc1OC)CC(=O)N(CCCN(C)C[C@H]1Cc3cc(OC)c(OC)cc31)CC2,1.730984039,train,butina,21,,,,
CCCc1cc(N2CCc3c(nc(C4CC4)n3C)C2)n2ncnc2n1,1.677187053,train,butina,21,,,,
C=CC(=O)N1C[C@H](Nc2ncnc3[nH]ccc23)CC[C@@H]1C,1.828227965,train,butina,21,,,,
[2H]C([2H])([2H])NC(=O)c1nnc(NC(=O)C2CC2)cc1Nc1cccc(-c2ncn(C)n2)c1OC,1.186566481,train,butina,21,,,,
C=CC(=O)N1CCC(CNc2ncnc(N)c2-c2ccc(Oc3ccccc3)cc2)CC1,0.752995432,train,butina,21,,,,
Nc1n[nH]cc1-c1cc(Cl)ccc1Oc1cc(F)c(S(=O)(=O)Nc2cscn2)cc1Cl,-0.354577731,train,butina,21,,,,
Cn1cc(-c2cn3nccc3c(-c3cnn([C@]4(CC#N)C[C@@H](C#N)C4)c3)n2)cn1,1.559583476,train,butina,21,,,,
O=C(c1ccc(Oc2ccccc2)cc1Cl)c1c[nH]c2ncnc(N[C@@H]3CC[C@@H](CO)OC3)c12,-0.467245621,train,butina,21,,,,
N#CC[C@H](C1CCCC1)n1cc(-c2ncnc3[nH]ccc23)cn1,0.630986911,train,butina,21,,,,
CC(C)(C)c1ccc(-c2nc3n(c(=O)c2C#N)CCS3)cc1,0.731266349,train,butina,21,,,,
CC#CC(=O)N1CC[C@@H](n2c(=O)n(-c3ccc(Oc4ccccc4)cc3)c3c(N)ncnc32)C1,0.935859798,train,butina,21,,,,
C=CC(=O)N1CCC([C@@H]2CCNc3c(C(N)=O)c(-c4ccc(Oc5ccccc5)cc4)nn32)CC1,0.968996327,train,butina,21,,,,
C=CC(=O)N1CCC[C@H](n2c(=O)n(-c3ccc(Oc4ccccc4)cc3)c3c(N)ncnc32)C1,0.983851719,train,butina,21,,,,
CC(C)(C=C(C#N)C(=O)N1CCC[C@@H](n2nc(-c3ccc(Oc4ccccc4)cc3F)c3c(N)ncnc32)C1)N1CCN(C2COC2)CC1,0.276231958,train,butina,21,,,,
CC#CC(=O)N1CC[C@@H](n2cc(-c3ccc(Oc4c(F)cccc4F)cc3)c3c(N)n[nH]c(=O)c32)C1,-0.073143291,train,butina,21,,,,
C[C@@H]1c2nnn(-c3ncc(F)cn3)c2CCN1C(=O)c1cccc(C(F)(F)F)c1Cl,0.969089603,train,butina,21,,,,
COc1ccccc1-c1cc(NC(=O)c2cccc(N3CCNC3=O)c2)[nH]n1,-0.397940009,train,butina,21,,,,
Nc1ncc(-c2cccc(C(F)(F)F)c2)c(C2CCCCN2C(=O)c2ccccc2)n1,-0.04431225,train,butina,21,,,,
O=C(Nc1cccc(-c2nncn2C2CC2)c1)c1cc(-n2cnc(C3CC3)c2)ccn1,0.262925469,train,butina,21,,,,
Fc1ccccc1-c1c[nH]nc1C1CCCN1Cc1ccc2ncccc2c1,0.545801757,train,butina,21,,,,
Cc1nccc(-c2cn(Cc3ccccc3)c3cnccc23)n1,1.122707254,train,butina,21,,,,
CCc1nc(C)cn2nc(-c3cc(=O)n4cc(C5CCN(C)CC5)cc(C)c4n3)cc12,0.868232868,train,butina,21,,,,
Cc1c(Cl)ccc2cc3n(c12)[C@@H](C)CNC3=O,0.328379603,train,butina,21,,,,
Nc1ncnc2c1c(-c1ccc(Oc3ccccc3)cc1)nn2[C@@H]1CCCNC1,0.956648579,train,butina,21,,,,
Cc1nnc(CN(C)CC(C)Oc2ccc(Cl)c(Cl)c2)n1C,0.926290987,train,butina,21,,,,
COc1nn(C)cc1C(=O)Nc1cccc(-c2cnc3n2CCC3)c1,0.866877814,train,butina,21,,,,
COc1cc(F)ccc1-c1ncnc(Nc2cccc(C[S@@](C)(=N)=O)c2)n1,1.594922663,train,butina,21,,,,
Cc1ncc(CN2CC[C@@H](Nc3cncc(Cl)n3)[C@@H](C)C2)s1,1.205461507,train,butina,21,,,,
Cc1ccc(C(=O)N2CCC(Cc3ccccc3-c3ccccc3)(C(=O)N(C)C)CC2)s1,-0.293282218,train,butina,21,,,,
CCc1nc2c(C)cc(N3CCN(CC(=O)N4CC(O)C4)CC3)cn2c1N(C)c1nc(-c2ccc(F)cc2)c(C#N)s1,-0.204728421,train,butina,21,,,,
C[C@@H]1CCN(C(=O)CC#N)C[C@@H]1N(C)c1ncnc2[nH]ccc12,1.991815076,train,butina,21,,,,
CN(C)C(=O)C1(Cc2ccccc2-c2ccccc2)CCN(C(=O)C2CCCO2)CC1,0.902546779,train,butina,21,,,,
CC(=O)Nc1ccc(C(=O)N2CCCCC2c2nc(N)ncc2-c2ccc(Cl)cc2)cc1,0.596926814,train,butina,21,,,,
CC(=O)Nc1ccc(C(=O)N2CCCCC2c2nc(N)ncc2-c2cccc(Cl)c2)cc1,0.520483533,train,butina,21,,,,
O=C1CN(c2ccc(Nc3nccc(C(F)(F)F)n3)cn2)CCN1,1.543819805,train,butina,21,,,,
O=C1NCCN(C(=O)c2ccc3nccn3c2)C1c1ccccc1C(F)(F)F,1.851001366,train,butina,21,,,,
Cc1cc(F)ccc1C1C(=O)NCCN1C(=O)c1ccc2nccn2c1,1.78096503,train,butina,21,,,,
O=C1NCCN(C(=O)c2ccncc2)C1c1ccccc1Cl,1.876996793,train,butina,21,,,,
C[C@H]1CN(C(=O)CC(c2ccccc2)c2ccccc2)C[C@@H](C)O1,1.188253327,train,butina,21,,,,
CN1[C@H]2CC[C@@H]1C[C@@H](OC(c1ccccc1)c1ccccc1)C2,1.106122874,train,butina,21,,,,
CC(C)(C)C(=O)N1CCC(Cc2ccc(-c3cccs3)cc2)(C(=O)N2CCCC2)CC1,-0.1837587,train,butina,21,,,,
OC[C@H](Nc1cncc(-c2ccc3[nH]ncc3n2)c1)c1ccccc1,1.017826038,train,butina,21,,,,
Cc1ncsc1C(=O)N1CCCCC1c1nc(N(C)C)ncc1-c1cccc(Cl)c1,-0.083019953,train,butina,21,,,,
OCC1CCCCN1Cc1ccc(Cl)c(Cl)c1,1.390069186,train,butina,21,,,,
CC(=O)N1CCN(c2nc(C(F)(F)F)nc3sc(C)c(C)c23)CC1,0.13481437,train,butina,21,,,,
COc1ccccc1C(=O)Nc1ccc2cc[nH]c2c1,0.505149978,train,butina,21,,,,
c1ccc(Oc2cccc(CN(CCN3CCOCC3)Cc3cccnc3)c2)cc1,-0.222573178,train,butina,21,,,,
COc1ccc([C@H]2CN(C(C)=O)[C@@H]3CCCN(Cc4cccc(F)c4)[C@H]23)cc1,0.595385981,train,butina,21,,,,
Cc1c(C(=O)NCCCN(C)C)sc2ncnc(Nc3ccc(F)cc3OC(C)C)c12,0.741821047,train,butina,21,,,,
OCC1CCCCN1Cc1ccc(-c2ccccc2)cc1,1.368007805,train,butina,21,,,,
Nc1ncc(C(=O)NC2CN(C(=O)C3CC3)C2)c2ccc(-c3cccc(F)c3)nc12,0.623352682,train,butina,21,,,,
CC1(C)CC(Oc2ccc(-c3ccc(-c4cn[nH]c4)cc3O)nn2)CC(C)(C)N1,1.199947058,train,butina,21,,,,
Cc1nnc(-c2ccc3occ(-c4ccc(S(C)=O)cc4)c3c2)o1,0.193402903,train,butina,21,,,,
Cc1ncsc1C(=O)N1CCCCC1c1nc(N)ncc1-c1cccc(C(F)(F)F)c1,0.615318657,train,butina,21,,,,
O=C(Nc1ccc2ccccc2n1)c1ccc(N2CCOC2=O)cc1,0.449015316,train,butina,21,,,,
O=C(CCNC(=O)c1ccc(OC(F)(F)F)cc1)N[C@@H]1CCCc2ccccc21,0.526080692,train,butina,21,,,,
CCN1CCN(S(=O)(=O)Cc2ccc(Cl)c(Cl)c2)CC1,1.249124949,train,butina,21,,,,
CCn1c(CO)nn(-c2cc(O[C@@H](C)C(F)(F)F)c(C(=O)Nc3c(F)cccc3Cl)cc2F)c1=O,0.975753389,train,butina,21,,,,
NCCN1CCN(C/C=C/C(=O)N2CCC[C@@H](n3nc(-c4ccc(Oc5ccccc5)cc4)c4c(N)ncnc43)C2)CC1,0.699837726,train,butina,21,,,,
Cn1c(C2CC2)nc2c1CCN(c1ncnc3ccsc13)C2,1.237065953,train,butina,21,,,,
CC/C(=C(\c1ccccc1)c1ccc(OCCN(C)C)cc1)c1ccccc1,-0.580044252,train,butina,21,,,,
COc1nn(C)cc1C(=O)Nc1cccc2cnccc12,1.504729052,train,butina,21,,,,
CNC(=O)C1(Cc2ccc(-c3ccncc3)cc2)CCN(Cc2cccc(F)c2)C1,1.10503305,train,butina,21,,,,
Cc1ncc(CN2CCC(Nc3ccc4nnnn4n3)C(C)C2)s1,1.652285029,train,butina,21,,,,
Cc1nc(Nc2nccs2)cc(C2CN(c3ncccn3)C2)n1,0.444669231,train,butina,21,,,,
COc1ccc(Nc2c(C#N)cnc3cc(OC)c(OC)cc23)cc1Cl,-0.033858267,train,butina,21,,,,
COc1ccc(CCCN2CCN(c3cnn(C)c3)C(=O)C2)cc1F,1.343408594,train,butina,21,,,,
Cc1noc(C(C)C)c1C(=O)N1CC(C)OC(c2ccccc2)C1,1.180469962,train,butina,21,,,,
CN(Cc1ccccc1)C1(C(=O)N2CCNC(=O)CC2)Cc2ccccc2C1,0.904931827,train,butina,21,,,,
Cc1c(F)cccc1NC(=O)CN1[C@H]2CCCC(=O)N[C@@]2(C)C[C@H]1Cc1ccccc1,0.595275712,train,butina,21,,,,
CCC1=C(C)CN(C(=O)NCCc2ccc(S(=O)(=O)NC(=O)N[C@H]3CC[C@H](C)CC3)cc2)C1=O,-1.180456064,train,butina,21,,,,
Cc1ccc(NC(=O)CN2[C@H]3CCCC(=O)N[C@@]3(C)C[C@H]2Cc2ccccc2)cc1F,-0.137272472,train,butina,21,,,,
CN(C)C(=O)C1(Cc2ccccc2-c2cccc(F)c2)CCN(C(=O)C2CC=CCC2)CC1,-0.104025268,train,butina,21,,,,
COCC(=O)N1CCC(Cc2ccccc2-c2cccc(F)c2)(C(=O)NC(C)C)CC1,0.596597096,train,butina,21,,,,
COc1ccc(CNC(=O)c2sc3nc(C)cc(C)c3c2N)cc1,-0.356547324,train,butina,21,,,,
Cn1cc(Nc2nc(N)nc(-c3cccc(-n4ccc5cc(C6CC6)cc(F)c5c4=O)c3CO)n2)cn1,0.850401148,train,butina,21,,,,
Cc1cnc(C(=O)NCCc2ccc(S(=O)(=O)NC(=O)NC3CCCCC3)cc2)cn1,0.01745073,train,butina,21,,,,
CNC(=O)C1(Cc2ccc(-c3cccnc3)cc2)CCN(Cc2ccc(F)cc2)C1,1.021602716,train,butina,21,,,,
CNC(=O)C1(Cc2ccc(-c3cccnc3)cc2)CCN(Cc2cccc(F)c2)C1,0.829753919,train,butina,21,,,,
CC(=O)Nc1ncc(CN2CCCC[C@@H]2C)s1,2.0,train,butina,21,,,,
O=C1CCCC[C@@H]2[C@H](C[C@@H](Cc3ccccc3F)N2C(=O)c2cccc3ncccc23)N1,1.277998644,train,butina,21,,,,
CCOc1cc(CC(=O)N[C@@H](CC(C)C)c2ccccc2N2CCCCC2)ccc1C(=O)O,0.106870544,train,butina,21,,,,
Cc1[nH]nc2c1C1(CCCCC1)CC(=O)N2,1.323066376,train,butina,21,,,,
Cc1oc2ccccc2c1CNc1nnc(-c2ccncc2)o1,0.717254313,train,butina,21,,,,
O=C(Nc1cccc2ncccc12)[C@H]1CCCN(S(=O)(=O)c2ccccc2)C1,1.222560409,train,butina,21,,,,
C[C@@H]1Cc2ccccc2N1C(=O)Cn1nc(-c2cccc3ncccc23)oc1=O,0.224014811,train,butina,21,,,,
Nc1ncnc2c1c(-c1cnc3[nH]ccc3c1)nn2C1CCCC1,0.862608364,train,butina,21,,,,
CN1C(N)=N[C@](C)(c2cc(NC(=O)c3ccc(F)cn3)ccc2F)CS1(=O)=O,1.560468571,train,butina,21,,,,
CC1CN(C(=O)c2cccnc2N2CCOCC2)CC(c2ccccc2)O1,1.573185017,train,butina,21,,,,
CCCCNC(=O)NS(=O)(=O)c1ccc(C)cc1,0.439332694,train,butina,21,,,,
Cc1cc(Nc2cnccn2)cc(C2CCCN(CC(=O)N3CCCC3)C2)n1,1.642246824,train,butina,21,,,,
Cc1cccnc1Nc1cccc(C2CCCN(CC(=O)Nc3nccs3)C2)n1,0.180699201,train,butina,21,,,,
CN(C)C(=O)C1(Cc2ccccc2-c2ccccc2)CCN(C(=O)c2cnn(C)c2)CC1,1.041353202,train,butina,21,,,,
CN1CCN(S(=O)(=O)c2ccc(-c3cnc(N)c(C(=O)Nc4cccnc4)n3)cc2)CC1,1.078638038,train,butina,21,,,,
CNC(=O)C1(Cc2ccc(-c3cccnc3)cc2)CCN(Cc2ccccc2Cl)C1,0.387567779,train,butina,21,,,,
Cc1cc(N2CCCC2c2cc(CCC(=O)O)cc(C)n2)ncn1,2.0,train,butina,21,,,,
CCCNC(=O)NS(=O)(=O)c1ccc(Cl)cc1,0.969835093,train,butina,21,,,,
O=C(CN1CCCC(c2cccc(Cc3cccc(F)c3)n2)C1)N1CCCC1,1.062130535,train,butina,21,,,,
COc1cc2ncnc(Nc3cccc(O)c3)c2cc1OC,0.994317153,train,butina,21,,,,
Cc1cc(C)c2c(N)c(C(=O)NCc3ccc(Cl)cc3)sc2n1,-0.370590401,train,butina,21,,,,
COCCNC(=O)c1ccnc(C2CCNCC2)c1,2.0,train,butina,21,,,,
COc1nc2sc(C(=O)NC3CC3)c(N)c2c(C)c1Cl,0.245512668,train,butina,21,,,,
Cc1cc(N2CCCC2)nc(C2CCCN(C)C2)n1,2.0,train,butina,21,,,,
CCn1cc(C(=O)O)c(=O)c2c(N)c(F)c(NC3CCCCC3)cc21,0.427486109,train,butina,21,,,,
C[C@H]1CN(C2COC2)CCN1c1ccc(Nc2cc(-c3ccnc(N4CCn5c(cc6c5CC(C)(C)C6)C4=O)c3CO)cn(C)c2=O)nc1,1.209139536,train,butina,21,,,,
CC(=O)NCCNc1cc(Cl)nn2c(-c3cccc(S(=O)(=O)N(C)C)c3)c(C)nc12,0.681693392,train,butina,21,,,,
Cc1c[nH]c(=O)n1-c1ccc(C(=O)Nc2ccc3ccccc3n2)cc1,0.639386869,train,butina,21,,,,
CNC(=O)c1cccc(NC(=O)N2CCC(Oc3ccccc3Cl)CC2)c1,1.068760828,train,butina,21,,,,
COc1ccc(OCC(=O)Nc2cccc(Cl)c2N2CCN(C(C)=O)CC2)cc1,0.700790221,train,butina,21,,,,
c1ccc(-c2ccc(CN3CCCCCCC3)cc2)cc1,-0.614393726,train,butina,21,,,,
CC(=O)N1CCN(c2c(Cl)cccc2NC(=O)COc2ccccc2Cl)CC1,0.256958153,train,butina,21,,,,
CCC(=O)N1CCN(c2ccc(Cl)cc2NC(=O)COc2ccccc2)CC1,0.250420002,train,butina,21,,,,
Cc1ccc(Oc2ccc(Cl)cc2NC(=O)CN(C)CC(=O)N(C)C)cc1,-0.053056729,train,butina,21,,,,
CC1(C)Cc2cc(NC(=O)c3cnn4cccnc34)c(OCC3CC3)nc2O1,-0.199970641,train,butina,21,,,,
N#Cc1cc(F)c(NS(=O)(=O)c2c[nH]c3cc(Cl)ccc23)cc1F,-0.026872146,train,butina,21,,,,
COc1cc2c(cc1OC)CN(CCc1ccc(NC(=O)c3cccc4c(O)c5cccc(OC)c5nc34)cc1)CC2,-1.207608311,train,butina,21,,,,
CCCc1nc2nc(C)c(NS(=O)(=O)c3ccc(C4CCCCC4)cc3)c(O)n2n1,-0.218963061,train,butina,21,,,,
COc1ccc([C@H]2c3[nH]c4ccc(Cl)cc4c3CCN2C(=O)Oc2ccc(Cl)cc2)cc1,1.51293775,train,butina,21,,,,
NC(=O)C1(Cc2ccc(-c3ccncc3)cc2)CCN(C(=O)Cc2cccc(F)c2)CC1,1.006508828,train,butina,21,,,,
CC(=O)Nc1ccc(O)cc1,1.887859133,train,butina,21,,,,
O=C(NC1CCNCC1)c1ccc2[nH]ncc2c1,1.842696589,train,butina,21,,,,
Cc1cccc(/C=N/Nc2cc(N3CCOCC3)nc(OCCc3ccccn3)n2)c1,-0.548213564,train,butina,21,,,,
CCn1c(=O)oc2cc(NC(=O)c3ccc(C(C)(C)C)cc3)ccc21,0.21005085,train,butina,21,,,,
COc1ccc(OC[C@@H]2c3cc(OC)c(OC)cc3CCN2C(=O)c2cccc(Cl)c2)cc1,-0.116906641,train,butina,21,,,,
CC(C)[C@H](CO)Nc1nc(Nc2cc(N)cc(Cl)c2)c2ncn(C(C)C)c2n1,-0.061980903,train,butina,21,,,,
O=C(NC1CCNCC1)c1ccc2cn[nH]c2c1,2.0,train,butina,21,,,,
CC(C)(C)OC(=O)N1CCCC1C(=O)N1CCC(C(=O)N[C@@H](Cc2c[nH]c3ccccc23)C(=O)O)CC1,1.691832676,train,butina,21,,,,
O=C(Nc1cccc2c(=O)cc(-c3nnn[nH]3)oc12)c1ccc(OCCCCc2ccccc2)cc1,0.582744966,train,butina,21,,,,
CC(=O)Nc1ncc(C(=O)O)s1,1.81935965,train,butina,21,,,,
Cc1cccc(-c2nc(C34CCC(C(N)=O)(CC3)CC4)[nH]c2-c2ccc3c(c2)OCO3)n1,1.02011257,train,butina,21,,,,
COc1cc2nc(-c3cc(F)ccc3O)nc(N[C@@H]3CNC[C@H]3C(C)(C)O)c2cc1OC.Cl,-1.119186408,train,butina,21,,,,
CC(C)[C@@](C)(O)[C@@H]1CN(c2nc(-c3n[nH]c4ncccc34)c(F)cc2Cl)CCN1,1.302460808,train,butina,21,,,,
Cc1cn2nc(-c3cc(=O)n4cc(N5CCNC6(CC6)C5)ccc4n3)cc(C)c2n1,0.985246791,train,butina,21,,,,
CCCS(=O)(=O)Nc1ccc(F)c(C(=O)c2c[nH]c3ncc(-c4ccc(Cl)cc4)cc23)c1F,-1.59345982,train,butina,21,,,,
Cc1ccc(OCC2(O)CCN(CC3(O)CCN(c4ccccc4C)CC3)CC2)cc1,-0.040481623,train,butina,21,,,,
O=C(Nc1cccc(N2CCNC2=O)c1)C1NCC12CCCC2,1.718202645,train,butina,21,,,,
NCC1CCCC1NC(=O)c1cc(N2CCNC2=O)ccc1F,1.87495702,train,butina,21,,,,
Cn1c(-c2n[nH]c3c2CCCC3)nnc1N1CCC2(CNC(=O)C2)C1,1.792986685,train,butina,21,,,,
O=C(NCCc1ccccc1)c1ccc(NC(=O)N2CCCCc3ccccc32)cc1,0.075911761,train,butina,21,,,,
CC(C)(C)c1ccc(C(O)CN2CCC(O)(c3ccc4c(c3)OCO4)CC2)cc1,0.779018972,train,butina,21,,,,
NC[C@H]1CC[C@@H](C(=O)Nc2ccc3[nH]ncc3c2)O1,1.981999714,train,butina,21,,,,
CN(C(=O)c1cc(N2CCNC2=O)ccc1F)C1CCC(N)CC1,1.828717885,train,butina,21,,,,
NC1CCCC1C(=O)N1CCC(c2c[nH]c3ncccc23)CC1,1.71701274,train,butina,21,,,,
NC1CCCC(C(=O)Nc2ccc3[nH]ncc3c2)C1,2.0,train,butina,21,,,,
NC1CC(NC(=O)c2ccc(-c3cn[nH]c3)cn2)C12CCC2,1.709702344,train,butina,21,,,,
NC1CCC(C(=O)N2CCC(c3c[nH]c4ncccc34)CC2)C1,1.917395215,train,butina,21,,,,
NC1CCCC(C(=O)N2CCC(c3c[nH]c4ncccc34)CC2)C1,1.752816431,train,butina,21,,,,
O=C(NC12CCCC1NCC2)c1ccc(-c2cn[nH]c2)cc1,2.0,train,butina,21,,,,
Cc1nc2cc(C(=O)NC34CCCC3NCC4)ccc2c(=O)[nH]1,1.866494097,train,butina,21,,,,
CNc1nc(C)cc(C(=O)Nc2ccc3[nH]ncc3c2)n1,1.493625323,train,butina,21,,,,
O=C(Nc1ccc(CN2CCCCC2)cc1)c1ccnc2[nH]cnc12,1.767526899,train,butina,21,,,,
NC(=O)c1cnc(N2CCc3[nH]nc(C(F)(F)F)c3C2)c(Cl)c1,0.986009932,train,butina,21,,,,
NC1CCCC(C(=O)Nc2cccc(N3CCNC3=O)c2)C1,1.763113391,train,butina,21,,,,
CC1CC(N)CCN1C(=O)c1cc(N2CCNC2=O)c(F)cc1F,1.833504094,train,butina,21,,,,
c1sc(NCC2CCCO2)nc1C12CC3CC(CC(C3)C1)C2,-1.096910013,train,butina,21,,,,
CCOc1cc2nn(CCC(C)(C)O)cc2cc1NC(=O)c1cccc(C(F)F)n1,0.099680641,test,butina,21,0.7862606163900001,0.5950074905999998,0.85559676061,0.41939843587000003
CC(C)(Oc1ccc(-c2cnc(N)c(-c3ccc(Cl)cc3)c2)cc1)C(=O)O,-1.158015195,test,butina,21,0.3312543008,0.29893293403999993,0.3430299016000001,0.16218410742
CC(C)(O)CCn1cc2cc(NC(=O)c3cccc(C(F)(F)F)n3)c(C(C)(C)O)cc2n1,1.015611205,test,butina,21,0.9805812511400002,0.63039621911,0.30523926577999994,0.43023202724000015
CC#CC(=O)N[C@H]1CCCN(c2c(F)cc(C(N)=O)c3[nH]c(C)c(C)c23)C1,0.163856803,test,butina,21,1.1845272887600005,1.03781595963,0.9649184301500005,1.3453262965499995
COc1ccc(S(=O)(=O)N2CCC(N3CCC(C)CC3)CC2)cc1,1.729799023,test,butina,21,0.8157033263500009,1.01700608265,0.7968694008300002,1.3447993687499997
Fc1ccc(-c2ccc3c(c2)[nH]c2ccncc23)cn1,0.653405491,test,butina,21,1.1888590424499998,0.8099948516200003,0.6780160137600001,0.56315746398
Nc1c(F)ccc2cnc(-n3ccc4ccncc43)cc12,0.713910354,test,butina,21,1.0793731309,0.7625433537199998,0.8557592427699997,0.67487366856
Cn1cc(Nc2nccc(N3CC4CCC(C3)N4C(=O)[C@@H]3CC3(F)F)n2)cn1,1.642995934,test,butina,21,1.3144892000300004,1.0476012190599995,0.75172859366,1.53866660449
Cc1c(-c2c(F)cc(C(N)=O)c3[nH]c4c(c23)CC[C@H](C(C)(C)O)C4)cccc1-n1c(=O)c2cccc(F)c2n(C)c1=O,0.436162647,test,butina,21,0.8001723530100004,0.4964036096300003,0.40750644163000016,-0.006686911170000003
C=CC(=O)Nc1cccc(Oc2nc(Nc3ccc(N4CCN(C)CC4)cc3)nc3ccsc23)c1,-0.049635146,test,butina,21,0.49705916042000003,0.17365615613000007,0.32962892040999997,-0.11308154946
C=CC(=O)Nc1cccc(Oc2nc(Nc3ccc(N4CCN(C)CC4)c(F)c3)nc3[nH]ccc23)c1,0.039414119,test,butina,21,0.7201222728000002,0.25396217137,0.35595732038,-0.19906576825999994
O=S(=O)(c1cccc2cnccc12)N1CCCNCC1,1.892077899,test,butina,21,1.3415441549000005,1.0500354898800004,1.1660903903,1.5623161989200005
C=CC(=O)Nc1cccc(Oc2nc(Nc3ccc(N4CCN(C)CC4)cc3)nc3ccoc23)c1,0.146128036,test,butina,21,0.48363120844,0.25443304834999997,0.24162534072,0.11404243720000007
O=C(Nc1nc2cccc(-c3ccc(CN4CCS(=O)(=O)CC4)cc3)n2n1)C1CC1,1.681349797,test,butina,21,0.8885943261700001,0.73641122808,0.6721744952200001,1.1026717248900004
CCN(C/C=C\c1ccc(C2CCCCC2)c(Cl)c1)C1CCCCC1,-0.853871964,test,butina,21,1.19232029167,0.49163887429000036,0.36821374359,0.0301111492
O=S(=O)(c1cccc2c(O)nccc12)N1CCCNCC1,1.850223373,test,butina,21,1.3699129752300008,1.0149413867100006,1.1228637015100003,1.5126177535900005
C#C[C@@](C)(CC)NC(=O)c1cc(F)cnc1NC1CC(F)(F)C1,0.671265433,test,butina,21,1.4416565731500006,0.90166315463,0.7727001642399998,0.56660811474
CC(O)(C#Cc1ccc2c(c1)N(c1nc(N)ncc1Cl)CC2)c1nccs1,-0.122628654,test,butina,21,0.48616450075000023,0.5410434111199999,0.6389996502200003,0.27275209068000006
COCCc1noc(CN2CC(c3ccccc3)(c3ccccc3)CCC2=O)n1,1.167051359,test,butina,21,0.5691390962900001,0.5739721489600002,0.57052460986,0.7951288763500003
O=C(Nc1cnccc1-c1ccc(Cl)cc1)c1ccnc(NC(=O)C2CC2)c1,0.369957607,test,butina,21,0.8006492453400003,0.31977409796999995,0.6387553393400003,0.48074728929000005
CC1(C)CC(=O)C2=C(C1)NC(=O)CC2c1ccc(Br)cc1,1.159236233,test,butina,21,1.317599408730001,0.74080489465,0.5051333453000002,0.5847595786800003
CC1(CNC(=O)c2cncc(C3CCNCC3)n2)CCCO1,1.988550039,test,butina,21,1.5764185614799997,1.6353418466299998,1.32672160697,1.8616853367899993
O=C1NCCSc2c1sc1ccc(O)cc21,0.891593204,test,butina,21,1.3908391424500002,1.2175053819900006,0.49782338513,1.441982442140001
C=CC(=O)Nc1cccc(Nc2nc(Nc3ccc(Oc4ccnc(C(=O)NC)c4)cc3)ncc2F)c1,-0.403402904,test,butina,21,0.5018459949200001,0.2250813138699999,0.5027656949700001,-0.47510104842999995
C=CC(=O)N(C)CCOc1c(N)ncnc1-c1cc(F)cc(NC(=O)c2ccc(C3CC3)cc2F)c1C,0.838502776,test,butina,21,0.9515218527700001,0.27073509170999993,0.5289451470199998,0.047006213379999974
CC#CC(=O)N1CCC[C@@H]1c1nc(-c2ccc(C(=O)Nc3ccccn3)cc2)c2c(N)nccn12,0.975868182,test,butina,21,0.5518968329499999,0.6767068781900002,0.9660609037600004,0.36198356600999987
N#Cc1ccc(COc2cccc(C3CCN(Cc4nc5ccc(C(=O)O)cc5n4C[C@@H]4CCO4)CC3)n2)c(F)c1,0.402433346,test,butina,21,1.0002539323600002,0.19888594269999996,0.29506393866999997,-0.054049413170000005
Cc1nnc(-c2ccc(N3CCC(Oc4cc(F)ccc4Cl)CC3)nn2)o1,0.161068385,test,butina,21,0.7766771070700006,0.6627507785300004,0.4454130382599997,0.7044041697300001
CN(C(=O)c1cc(N2CCNC2=O)ccc1F)C1CCNC1,1.885728632,test,butina,21,1.7160386305500015,1.6728353469500012,1.325721192750001,1.8502811042299998
Cc1nnc(-c2ccc(N3CCC(Oc4ccccc4C(F)(F)F)CC3)nn2)s1,-0.906578315,test,butina,21,1.2805360609600007,0.6393657568,0.2833767221299999,0.5555143492500002
CCc1c[nH]c2ncnc(N3CCC(CN4CCN(C)CC4)CC3)c12,1.728012707,test,butina,21,1.18600590555,1.21464833773,0.9543577583699997,1.5804772704399996
CNc1cc(Nc2cccn(-c3ccccn3)c2=O)nn2c(C(=O)N[C@@H]3C[C@@H]3F)cnc12,0.991226076,train,butina,22,,,,
CCOc1cc2nn(CCC(C)(C)O)cc2cc1NC(=O)c1cccc(C(F)F)n1,0.099680641,train,butina,22,,,,
CN(c1ncc(F)cn1)[C@H]1CCCNC1,2.0,train,butina,22,,,,
CC(C)(Oc1ccc(-c2cnc(N)c(-c3ccc(Cl)cc3)c2)cc1)C(=O)O,-1.158015195,train,butina,22,,,,
CC(C)(O)CCn1cc2cc(NC(=O)c3cccc(C(F)(F)F)n3)c(C(C)(C)O)cc2n1,1.015611205,train,butina,22,,,,
CC#CC(=O)N[C@H]1CCCN(c2c(F)cc(C(N)=O)c3[nH]c(C)c(C)c23)C1,0.163856803,train,butina,22,,,,
COc1ccc(Cl)cc1C(=O)NCCc1ccc(S(=O)(=O)NC(=O)NC2CCCCC2)cc1,-0.91721463,train,butina,22,,,,
C=CC(=O)N1CCC[C@@H](n2nc(-c3ccc(Oc4ccccc4)cc3)c3c(N)ncnc32)C1,0.62603,train,butina,22,,,,
CC(C)NC(=O)COc1cccc(-c2nc(Nc3ccc4[nH]ncc4c3)c3ccccc3n2)c1,-1.384078213,train,butina,22,,,,
CCS(=O)(=O)N1CC(CC#N)(n2cc(-c3ncnc4[nH]ccc34)cn2)C1,1.378597739,train,butina,22,,,,
COc1ccc(S(=O)(=O)N2CCC(N3CCC(C)CC3)CC2)cc1,1.729799023,train,butina,22,,,,
Cc1c[nH]c2nccc(Oc3c(F)cc(Nc4cc(Cl)nc(N)n4)cc3F)c12,-1.22184875,train,butina,22,,,,
CCCc1cc(N2CCc3c(nc(C4CC4)n3C)C2)n2ncnc2n1,1.677187053,train,butina,22,,,,
Fc1ccc(-c2ccc3c(c2)[nH]c2ccncc23)cn1,0.653405491,train,butina,22,,,,
Nc1c(F)ccc2cnc(-n3ccc4ccncc43)cc12,0.713910354,train,butina,22,,,,
Cn1cc(Nc2nccc(N3CC4CCC(C3)N4C(=O)[C@@H]3CC3(F)F)n2)cn1,1.642995934,train,butina,22,,,,
[2H]C([2H])([2H])NC(=O)c1nnc(NC(=O)C2CC2)cc1Nc1cccc(-c2ncn(C)n2)c1OC,1.186566481,train,butina,22,,,,
C=CC(=O)N1CCC(CNc2ncnc(N)c2-c2ccc(Oc3ccccc3)cc2)CC1,0.752995432,train,butina,22,,,,
Nc1n[nH]cc1-c1cc(Cl)ccc1Oc1cc(F)c(S(=O)(=O)Nc2cscn2)cc1Cl,-0.354577731,train,butina,22,,,,
Cc1c(-c2c(F)cc(C(N)=O)c3[nH]c4c(c23)CC[C@H](C(C)(C)O)C4)cccc1-n1c(=O)c2cccc(F)c2n(C)c1=O,0.436162647,train,butina,22,,,,
Cn1cc(-c2cn3nccc3c(-c3cnn([C@]4(CC#N)C[C@@H](C#N)C4)c3)n2)cn1,1.559583476,train,butina,22,,,,
N#CC[C@H](C1CCCC1)n1cc(-c2ncnc3[nH]ccc23)cn1,0.630986911,train,butina,22,,,,
CC(C)(C)c1ccc(-c2nc3n(c(=O)c2C#N)CCS3)cc1,0.731266349,train,butina,22,,,,
C=CC(=O)Nc1cccc(Oc2nc(Nc3ccc(N4CCN(C)CC4)cc3)nc3ccsc23)c1,-0.049635146,train,butina,22,,,,
CC#CC(=O)N1CC[C@@H](n2c(=O)n(-c3ccc(Oc4ccccc4)cc3)c3c(N)ncnc32)C1,0.935859798,train,butina,22,,,,
C=CC(=O)N1CCC([C@@H]2CCNc3c(C(N)=O)c(-c4ccc(Oc5ccccc5)cc4)nn32)CC1,0.968996327,train,butina,22,,,,
C=CC(=O)N1CCC[C@H](n2c(=O)n(-c3ccc(Oc4ccccc4)cc3)c3c(N)ncnc32)C1,0.983851719,train,butina,22,,,,
CC(C)(C=C(C#N)C(=O)N1CCC[C@@H](n2nc(-c3ccc(Oc4ccccc4)cc3F)c3c(N)ncnc32)C1)N1CCN(C2COC2)CC1,0.276231958,train,butina,22,,,,
C=CC(=O)Nc1cccc(Oc2nc(Nc3ccc(N4CCN(C)CC4)c(F)c3)nc3[nH]ccc23)c1,0.039414119,train,butina,22,,,,
C[C@@H]1c2nnn(-c3ncc(F)cn3)c2CCN1C(=O)c1cccc(C(F)(F)F)c1Cl,0.969089603,train,butina,22,,,,
COc1ccccc1-c1cc(NC(=O)c2cccc(N3CCNC3=O)c2)[nH]n1,-0.397940009,train,butina,22,,,,
Fc1ccccc1-c1c[nH]nc1C1CCCN1Cc1ccc2ncccc2c1,0.545801757,train,butina,22,,,,
Cc1nccc(-c2cn(Cc3ccccc3)c3cnccc23)n1,1.122707254,train,butina,22,,,,
CCc1nc(C)cn2nc(-c3cc(=O)n4cc(C5CCN(C)CC5)cc(C)c4n3)cc12,0.868232868,train,butina,22,,,,
Cc1c(Cl)ccc2cc3n(c12)[C@@H](C)CNC3=O,0.328379603,train,butina,22,,,,
Nc1ncnc2c1c(-c1ccc(Oc3ccccc3)cc1)nn2[C@@H]1CCCNC1,0.956648579,train,butina,22,,,,
COc1nn(C)cc1C(=O)Nc1cccc(-c2cnc3n2CCC3)c1,0.866877814,train,butina,22,,,,
COc1cc(F)ccc1-c1ncnc(Nc2cccc(C[S@@](C)(=N)=O)c2)n1,1.594922663,train,butina,22,,,,
Cc1ccc(C(=O)N2CCC(Cc3ccccc3-c3ccccc3)(C(=O)N(C)C)CC2)s1,-0.293282218,train,butina,22,,,,
CCc1nc2c(C)cc(N3CCN(CC(=O)N4CC(O)C4)CC3)cn2c1N(C)c1nc(-c2ccc(F)cc2)c(C#N)s1,-0.204728421,train,butina,22,,,,
CN(C)C(=O)C1(Cc2ccccc2-c2ccccc2)CCN(C(=O)C2CCCO2)CC1,0.902546779,train,butina,22,,,,
O=C1NCCN(C(=O)c2ccc3nccn3c2)C1c1ccccc1C(F)(F)F,1.851001366,train,butina,22,,,,
Cc1cc(F)ccc1C1C(=O)NCCN1C(=O)c1ccc2nccn2c1,1.78096503,train,butina,22,,,,
O=C1NCCN(C(=O)c2ccncc2)C1c1ccccc1Cl,1.876996793,train,butina,22,,,,
C[C@H]1CN(C(=O)CC(c2ccccc2)c2ccccc2)C[C@@H](C)O1,1.188253327,train,butina,22,,,,
CC(C)(C)C(=O)N1CCC(Cc2ccc(-c3cccs3)cc2)(C(=O)N2CCCC2)CC1,-0.1837587,train,butina,22,,,,
OCC1CCCCN1Cc1ccc(Cl)c(Cl)c1,1.390069186,train,butina,22,,,,
CC(=O)N1CCN(c2nc(C(F)(F)F)nc3sc(C)c(C)c23)CC1,0.13481437,train,butina,22,,,,
COc1ccccc1C(=O)Nc1ccc2cc[nH]c2c1,0.505149978,train,butina,22,,,,
c1ccc(Oc2cccc(CN(CCN3CCOCC3)Cc3cccnc3)c2)cc1,-0.222573178,train,butina,22,,,,
Cc1c(C(=O)NCCCN(C)C)sc2ncnc(Nc3ccc(F)cc3OC(C)C)c12,0.741821047,train,butina,22,,,,
OCC1CCCCN1Cc1ccc(-c2ccccc2)cc1,1.368007805,train,butina,22,,,,
Nc1ncc(C(=O)NC2CN(C(=O)C3CC3)C2)c2ccc(-c3cccc(F)c3)nc12,0.623352682,train,butina,22,,,,
Cc1nnc(-c2ccc3occ(-c4ccc(S(C)=O)cc4)c3c2)o1,0.193402903,train,butina,22,,,,
O=C(Nc1ccc2ccccc2n1)c1ccc(N2CCOC2=O)cc1,0.449015316,train,butina,22,,,,
O=C(CCNC(=O)c1ccc(OC(F)(F)F)cc1)N[C@@H]1CCCc2ccccc21,0.526080692,train,butina,22,,,,
O=S(=O)(c1cccc2cnccc12)N1CCCNCC1,1.892077899,train,butina,22,,,,
C=CC(=O)Nc1cccc(Oc2nc(Nc3ccc(N4CCN(C)CC4)cc3)nc3ccoc23)c1,0.146128036,train,butina,22,,,,
CCN1CCN(S(=O)(=O)Cc2ccc(Cl)c(Cl)c2)CC1,1.249124949,train,butina,22,,,,
O=C(Nc1nc2cccc(-c3ccc(CN4CCS(=O)(=O)CC4)cc3)n2n1)C1CC1,1.681349797,train,butina,22,,,,
CCN(C/C=C\c1ccc(C2CCCCC2)c(Cl)c1)C1CCCCC1,-0.853871964,train,butina,22,,,,
NCCN1CCN(C/C=C/C(=O)N2CCC[C@@H](n3nc(-c4ccc(Oc5ccccc5)cc4)c4c(N)ncnc43)C2)CC1,0.699837726,train,butina,22,,,,
Cn1c(C2CC2)nc2c1CCN(c1ncnc3ccsc13)C2,1.237065953,train,butina,22,,,,
COc1nn(C)cc1C(=O)Nc1cccc2cnccc12,1.504729052,train,butina,22,,,,
CNC(=O)C1(Cc2ccc(-c3ccncc3)cc2)CCN(Cc2cccc(F)c2)C1,1.10503305,train,butina,22,,,,
COc1ccc(Nc2c(C#N)cnc3cc(OC)c(OC)cc23)cc1Cl,-0.033858267,train,butina,22,,,,
COc1ccc(CCCN2CCN(c3cnn(C)c3)C(=O)C2)cc1F,1.343408594,train,butina,22,,,,
Cc1noc(C(C)C)c1C(=O)N1CC(C)OC(c2ccccc2)C1,1.180469962,train,butina,22,,,,
CN(Cc1ccccc1)C1(C(=O)N2CCNC(=O)CC2)Cc2ccccc2C1,0.904931827,train,butina,22,,,,
Cc1c(F)cccc1NC(=O)CN1[C@H]2CCCC(=O)N[C@@]2(C)C[C@H]1Cc1ccccc1,0.595275712,train,butina,22,,,,
CCC1=C(C)CN(C(=O)NCCc2ccc(S(=O)(=O)NC(=O)N[C@H]3CC[C@H](C)CC3)cc2)C1=O,-1.180456064,train,butina,22,,,,
O=S(=O)(c1cccc2c(O)nccc12)N1CCCNCC1,1.850223373,train,butina,22,,,,
Cc1ccc(NC(=O)CN2[C@H]3CCCC(=O)N[C@@]3(C)C[C@H]2Cc2ccccc2)cc1F,-0.137272472,train,butina,22,,,,
CN(C)C(=O)C1(Cc2ccccc2-c2cccc(F)c2)CCN(C(=O)C2CC=CCC2)CC1,-0.104025268,train,butina,22,,,,
COCC(=O)N1CCC(Cc2ccccc2-c2cccc(F)c2)(C(=O)NC(C)C)CC1,0.596597096,train,butina,22,,,,
COc1ccc(CNC(=O)c2sc3nc(C)cc(C)c3c2N)cc1,-0.356547324,train,butina,22,,,,
C#C[C@@](C)(CC)NC(=O)c1cc(F)cnc1NC1CC(F)(F)C1,0.671265433,train,butina,22,,,,
Cn1cc(Nc2nc(N)nc(-c3cccc(-n4ccc5cc(C6CC6)cc(F)c5c4=O)c3CO)n2)cn1,0.850401148,train,butina,22,,,,
Cc1cnc(C(=O)NCCc2ccc(S(=O)(=O)NC(=O)NC3CCCCC3)cc2)cn1,0.01745073,train,butina,22,,,,
CNC(=O)C1(Cc2ccc(-c3cccnc3)cc2)CCN(Cc2ccc(F)cc2)C1,1.021602716,train,butina,22,,,,
CNC(=O)C1(Cc2ccc(-c3cccnc3)cc2)CCN(Cc2cccc(F)c2)C1,0.829753919,train,butina,22,,,,
O=C1CCCC[C@@H]2[C@H](C[C@@H](Cc3ccccc3F)N2C(=O)c2cccc3ncccc23)N1,1.277998644,train,butina,22,,,,
CCOc1cc(CC(=O)N[C@@H](CC(C)C)c2ccccc2N2CCCCC2)ccc1C(=O)O,0.106870544,train,butina,22,,,,
CC(O)(C#Cc1ccc2c(c1)N(c1nc(N)ncc1Cl)CC2)c1nccs1,-0.122628654,train,butina,22,,,,
COCCc1noc(CN2CC(c3ccccc3)(c3ccccc3)CCC2=O)n1,1.167051359,train,butina,22,,,,
Cc1[nH]nc2c1C1(CCCCC1)CC(=O)N2,1.323066376,train,butina,22,,,,
Cc1oc2ccccc2c1CNc1nnc(-c2ccncc2)o1,0.717254313,train,butina,22,,,,
O=C(Nc1cccc2ncccc12)[C@H]1CCCN(S(=O)(=O)c2ccccc2)C1,1.222560409,train,butina,22,,,,
C[C@@H]1Cc2ccccc2N1C(=O)Cn1nc(-c2cccc3ncccc23)oc1=O,0.224014811,train,butina,22,,,,
Nc1ncnc2c1c(-c1cnc3[nH]ccc3c1)nn2C1CCCC1,0.862608364,train,butina,22,,,,
O=C(Nc1cnccc1-c1ccc(Cl)cc1)c1ccnc(NC(=O)C2CC2)c1,0.369957607,train,butina,22,,,,
CN1C(N)=N[C@](C)(c2cc(NC(=O)c3ccc(F)cn3)ccc2F)CS1(=O)=O,1.560468571,train,butina,22,,,,
CC1CN(C(=O)c2cccnc2N2CCOCC2)CC(c2ccccc2)O1,1.573185017,train,butina,22,,,,
CCCCNC(=O)NS(=O)(=O)c1ccc(C)cc1,0.439332694,train,butina,22,,,,
CN(C)C(=O)C1(Cc2ccccc2-c2ccccc2)CCN(C(=O)c2cnn(C)c2)CC1,1.041353202,train,butina,22,,,,
CC1(C)CC(=O)C2=C(C1)NC(=O)CC2c1ccc(Br)cc1,1.159236233,train,butina,22,,,,
CN1CCN(S(=O)(=O)c2ccc(-c3cnc(N)c(C(=O)Nc4cccnc4)n3)cc2)CC1,1.078638038,train,butina,22,,,,
CNC(=O)C1(Cc2ccc(-c3cccnc3)cc2)CCN(Cc2ccccc2Cl)C1,0.387567779,train,butina,22,,,,
Cc1cc(N2CCCC2c2cc(CCC(=O)O)cc(C)n2)ncn1,2.0,train,butina,22,,,,
CCCNC(=O)NS(=O)(=O)c1ccc(Cl)cc1,0.969835093,train,butina,22,,,,
O=C(CN1CCCC(c2cccc(Cc3cccc(F)c3)n2)C1)N1CCCC1,1.062130535,train,butina,22,,,,
COc1cc2ncnc(Nc3cccc(O)c3)c2cc1OC,0.994317153,train,butina,22,,,,
Cc1cc(C)c2c(N)c(C(=O)NCc3ccc(Cl)cc3)sc2n1,-0.370590401,train,butina,22,,,,
COCCNC(=O)c1ccnc(C2CCNCC2)c1,2.0,train,butina,22,,,,
COc1nc2sc(C(=O)NC3CC3)c(N)c2c(C)c1Cl,0.245512668,train,butina,22,,,,
CC1(CNC(=O)c2cncc(C3CCNCC3)n2)CCCO1,1.988550039,train,butina,22,,,,
Cc1cc(N2CCCC2)nc(C2CCCN(C)C2)n1,2.0,train,butina,22,,,,
O=C1NCCSc2c1sc1ccc(O)cc21,0.891593204,train,butina,22,,,,
CCn1cc(C(=O)O)c(=O)c2c(N)c(F)c(NC3CCCCC3)cc21,0.427486109,train,butina,22,,,,
C[C@H]1CN(C2COC2)CCN1c1ccc(Nc2cc(-c3ccnc(N4CCn5c(cc6c5CC(C)(C)C6)C4=O)c3CO)cn(C)c2=O)nc1,1.209139536,train,butina,22,,,,
C=CC(=O)Nc1cccc(Nc2nc(Nc3ccc(Oc4ccnc(C(=O)NC)c4)cc3)ncc2F)c1,-0.403402904,train,butina,22,,,,
C=CC(=O)N(C)CCOc1c(N)ncnc1-c1cc(F)cc(NC(=O)c2ccc(C3CC3)cc2F)c1C,0.838502776,train,butina,22,,,,
CC#CC(=O)N1CCC[C@@H]1c1nc(-c2ccc(C(=O)Nc3ccccn3)cc2)c2c(N)nccn12,0.975868182,train,butina,22,,,,
CC(=O)NCCNc1cc(Cl)nn2c(-c3cccc(S(=O)(=O)N(C)C)c3)c(C)nc12,0.681693392,train,butina,22,,,,
Cc1c[nH]c(=O)n1-c1ccc(C(=O)Nc2ccc3ccccc3n2)cc1,0.639386869,train,butina,22,,,,
COc1ccc(OCC(=O)Nc2cccc(Cl)c2N2CCN(C(C)=O)CC2)cc1,0.700790221,train,butina,22,,,,
c1ccc(-c2ccc(CN3CCCCCCC3)cc2)cc1,-0.614393726,train,butina,22,,,,
CC(=O)N1CCN(c2c(Cl)cccc2NC(=O)COc2ccccc2Cl)CC1,0.256958153,train,butina,22,,,,
CCC(=O)N1CCN(c2ccc(Cl)cc2NC(=O)COc2ccccc2)CC1,0.250420002,train,butina,22,,,,
Cc1ccc(Oc2ccc(Cl)cc2NC(=O)CN(C)CC(=O)N(C)C)cc1,-0.053056729,train,butina,22,,,,
CC1(C)Cc2cc(NC(=O)c3cnn4cccnc34)c(OCC3CC3)nc2O1,-0.199970641,train,butina,22,,,,
N#Cc1cc(F)c(NS(=O)(=O)c2c[nH]c3cc(Cl)ccc23)cc1F,-0.026872146,train,butina,22,,,,
COc1cc2c(cc1OC)CN(CCc1ccc(NC(=O)c3cccc4c(O)c5cccc(OC)c5nc34)cc1)CC2,-1.207608311,train,butina,22,,,,
CCCc1nc2nc(C)c(NS(=O)(=O)c3ccc(C4CCCCC4)cc3)c(O)n2n1,-0.218963061,train,butina,22,,,,
NC(=O)C1(Cc2ccc(-c3ccncc3)cc2)CCN(C(=O)Cc2cccc(F)c2)CC1,1.006508828,train,butina,22,,,,
CC(=O)Nc1ccc(O)cc1,1.887859133,train,butina,22,,,,
O=C(NC1CCNCC1)c1ccc2[nH]ncc2c1,1.842696589,train,butina,22,,,,
Cc1cccc(/C=N/Nc2cc(N3CCOCC3)nc(OCCc3ccccn3)n2)c1,-0.548213564,train,butina,22,,,,
CCn1c(=O)oc2cc(NC(=O)c3ccc(C(C)(C)C)cc3)ccc21,0.21005085,train,butina,22,,,,
COc1ccc(OC[C@@H]2c3cc(OC)c(OC)cc3CCN2C(=O)c2cccc(Cl)c2)cc1,-0.116906641,train,butina,22,,,,
N#Cc1ccc(COc2cccc(C3CCN(Cc4nc5ccc(C(=O)O)cc5n4C[C@@H]4CCO4)CC3)n2)c(F)c1,0.402433346,train,butina,22,,,,
O=C(NC1CCNCC1)c1ccc2cn[nH]c2c1,2.0,train,butina,22,,,,
O=C(Nc1cccc2c(=O)cc(-c3nnn[nH]3)oc12)c1ccc(OCCCCc2ccccc2)cc1,0.582744966,train,butina,22,,,,
Cc1cccc(-c2nc(C34CCC(C(N)=O)(CC3)CC4)[nH]c2-c2ccc3c(c2)OCO3)n1,1.02011257,train,butina,22,,,,
COc1cc2nc(-c3cc(F)ccc3O)nc(N[C@@H]3CNC[C@H]3C(C)(C)O)c2cc1OC.Cl,-1.119186408,train,butina,22,,,,
Cc1nnc(-c2ccc(N3CCC(Oc4cc(F)ccc4Cl)CC3)nn2)o1,0.161068385,train,butina,22,,,,
Cc1cn2nc(-c3cc(=O)n4cc(N5CCNC6(CC6)C5)ccc4n3)cc(C)c2n1,0.985246791,train,butina,22,,,,
Cc1ccc(OCC2(O)CCN(CC3(O)CCN(c4ccccc4C)CC3)CC2)cc1,-0.040481623,train,butina,22,,,,
CN(C(=O)c1cc(N2CCNC2=O)ccc1F)C1CCNC1,1.885728632,train,butina,22,,,,
O=C(Nc1cccc(N2CCNC2=O)c1)C1NCC12CCCC2,1.718202645,train,butina,22,,,,
NCC1CCCC1NC(=O)c1cc(N2CCNC2=O)ccc1F,1.87495702,train,butina,22,,,,
Cn1c(-c2n[nH]c3c2CCCC3)nnc1N1CCC2(CNC(=O)C2)C1,1.792986685,train,butina,22,,,,
Cc1nnc(-c2ccc(N3CCC(Oc4ccccc4C(F)(F)F)CC3)nn2)s1,-0.906578315,train,butina,22,,,,
O=C(NCCc1ccccc1)c1ccc(NC(=O)N2CCCCc3ccccc32)cc1,0.075911761,train,butina,22,,,,
NC[C@H]1CC[C@@H](C(=O)Nc2ccc3[nH]ncc3c2)O1,1.981999714,train,butina,22,,,,
CN(C(=O)c1cc(N2CCNC2=O)ccc1F)C1CCC(N)CC1,1.828717885,train,butina,22,,,,
NC1CCCC1C(=O)N1CCC(c2c[nH]c3ncccc23)CC1,1.71701274,train,butina,22,,,,
NC1CCCC(C(=O)Nc2ccc3[nH]ncc3c2)C1,2.0,train,butina,22,,,,
NC1CC(NC(=O)c2ccc(-c3cn[nH]c3)cn2)C12CCC2,1.709702344,train,butina,22,,,,
NC1CCC(C(=O)N2CCC(c3c[nH]c4ncccc34)CC2)C1,1.917395215,train,butina,22,,,,
NC1CCCC(C(=O)N2CCC(c3c[nH]c4ncccc34)CC2)C1,1.752816431,train,butina,22,,,,
O=C(NC12CCCC1NCC2)c1ccc(-c2cn[nH]c2)cc1,2.0,train,butina,22,,,,
Cc1nc2cc(C(=O)NC34CCCC3NCC4)ccc2c(=O)[nH]1,1.866494097,train,butina,22,,,,
CNc1nc(C)cc(C(=O)Nc2ccc3[nH]ncc3c2)n1,1.493625323,train,butina,22,,,,
O=C(Nc1ccc(CN2CCCCC2)cc1)c1ccnc2[nH]cnc12,1.767526899,train,butina,22,,,,
CCc1c[nH]c2ncnc(N3CCC(CN4CCN(C)CC4)CC3)c12,1.728012707,train,butina,22,,,,
NC(=O)c1cnc(N2CCc3[nH]nc(C(F)(F)F)c3C2)c(Cl)c1,0.986009932,train,butina,22,,,,
NC1CCCC(C(=O)Nc2cccc(N3CCNC3=O)c2)C1,1.763113391,train,butina,22,,,,
CC1CC(N)CCN1C(=O)c1cc(N2CCNC2=O)c(F)cc1F,1.833504094,train,butina,22,,,,
c1sc(NCC2CCCO2)nc1C12CC3CC(CC(C3)C1)C2,-1.096910013,train,butina,22,,,,
CCn1c(-c2nonc2N)nc2cnc(Oc3cccc(NC(=O)c4ccc(OCCN5CCOCC5)cc4)c3)cc21,-0.449771647,test,butina,22,0.3305864256799999,0.1442469759900001,0.18408179114999995,0.24638928801999982
COc1cc2c(cc1OC)CC(=O)N(CCCN(C)C[C@H]1Cc3cc(OC)c(OC)cc31)CC2,1.730984039,test,butina,22,0.3665200637500003,0.3489025956599999,0.82812877869,0.3719633920999999
C=CC(=O)N1C[C@H](Nc2ncnc3[nH]ccc23)CC[C@@H]1C,1.828227965,test,butina,22,1.2389780512999997,1.1878863453600002,0.6211688218400001,1.8255421182500007
O=C(c1ccc(Oc2ccccc2)cc1Cl)c1c[nH]c2ncnc(N[C@@H]3CC[C@@H](CO)OC3)c12,-0.467245621,test,butina,22,0.5737121119300003,0.1645998098,0.23473004292000005,0.15919337956000001
CC#CC(=O)N1CC[C@@H](n2cc(-c3ccc(Oc4c(F)cccc4F)cc3)c3c(N)n[nH]c(=O)c32)C1,-0.073143291,test,butina,22,0.8471928047099995,0.6097700659399998,0.7017435475,0.5565621935700001
Nc1ncc(-c2cccc(C(F)(F)F)c2)c(C2CCCCN2C(=O)c2ccccc2)n1,-0.04431225,test,butina,22,0.7662521630400003,0.7574380185899998,0.86582618857,0.14541466321000004
O=C(Nc1cccc(-c2nncn2C2CC2)c1)c1cc(-n2cnc(C3CC3)c2)ccn1,0.262925469,test,butina,22,0.853999421,0.8374407551400005,1.0063181731300004,0.6609970590100002
Cc1nnc(CN(C)CC(C)Oc2ccc(Cl)c(Cl)c2)n1C,0.926290987,test,butina,22,0.27756913887,0.6506358153200003,0.08789002540000002,0.30475779096
Cc1ncc(CN2CC[C@@H](Nc3cncc(Cl)n3)[C@@H](C)C2)s1,1.205461507,test,butina,22,0.45322347789999995,0.4591187216499999,0.30407843931999984,0.6328939137000003
C[C@@H]1CCN(C(=O)CC#N)C[C@@H]1N(C)c1ncnc2[nH]ccc12,1.991815076,test,butina,22,1.0641469871499998,1.04556018989,0.9381600664500007,1.7420205479799997
CC(=O)Nc1ccc(C(=O)N2CCCCC2c2nc(N)ncc2-c2ccc(Cl)cc2)cc1,0.596926814,test,butina,22,1.0487073141400005,0.43683545026,0.4930431312200003,0.058133000299999994
CC(=O)Nc1ccc(C(=O)N2CCCCC2c2nc(N)ncc2-c2cccc(Cl)c2)cc1,0.520483533,test,butina,22,1.0019968287000005,0.43696182429,0.39185220680000016,0.09290059374000008
O=C1CN(c2ccc(Nc3nccc(C(F)(F)F)n3)cn2)CCN1,1.543819805,test,butina,22,1.2071856555800007,1.4592761336300004,0.7677376358200003,1.2839769924800004
CN1[C@H]2CC[C@@H]1C[C@@H](OC(c1ccccc1)c1ccccc1)C2,1.106122874,test,butina,22,0.8037319518199999,0.7077959291100001,0.0010955212099999923,0.4990622050999999
OC[C@H](Nc1cncc(-c2ccc3[nH]ncc3n2)c1)c1ccccc1,1.017826038,test,butina,22,1.03633983136,0.8572556760400003,0.6816596389599999,0.7592453283100004
Cc1ncsc1C(=O)N1CCCCC1c1nc(N(C)C)ncc1-c1cccc(Cl)c1,-0.083019953,test,butina,22,0.46640630424,0.36496294184,1.0396817347000002,0.10565872057000002
COc1ccc([C@H]2CN(C(C)=O)[C@@H]3CCCN(Cc4cccc(F)c4)[C@H]23)cc1,0.595385981,test,butina,22,0.6371498669200002,0.35260003534000006,0.40405706467999974,0.61078212591
CC1(C)CC(Oc2ccc(-c3ccc(-c4cn[nH]c4)cc3O)nn2)CC(C)(C)N1,1.199947058,test,butina,22,0.7198371425400001,0.31723416455000003,0.6371368554,0.3170886203399998
Cc1ncsc1C(=O)N1CCCCC1c1nc(N)ncc1-c1cccc(C(F)(F)F)c1,0.615318657,test,butina,22,0.5154603832300001,0.5616732948700003,0.34964173496999995,-0.06344102629999994
CCn1c(CO)nn(-c2cc(O[C@@H](C)C(F)(F)F)c(C(=O)Nc3c(F)cccc3Cl)cc2F)c1=O,0.975753389,test,butina,22,0.36969717134000013,0.4997894127800002,0.2830264927100001,0.15872438466000002
CC/C(=C(\c1ccccc1)c1ccc(OCCN(C)C)cc1)c1ccccc1,-0.580044252,test,butina,22,0.38754529769,-0.12651663021999995,-0.0862748892499999,-0.3896185395100001
Cc1ncc(CN2CCC(Nc3ccc4nnnn4n3)C(C)C2)s1,1.652285029,test,butina,22,0.6142088290199998,0.9843205929499999,0.20632238576999984,1.5435080316900005
Cc1nc(Nc2nccs2)cc(C2CN(c3ncccn3)C2)n1,0.444669231,test,butina,22,0.5425619249900001,1.1660874424300003,0.6260457865299999,1.0862758218600002
CC(=O)Nc1ncc(CN2CCCC[C@@H]2C)s1,2.0,test,butina,22,0.70723778329,0.8263808335400005,0.3837317001499999,1.6253771102400003
Cc1cc(Nc2cnccn2)cc(C2CCCN(CC(=O)N3CCCC3)C2)n1,1.642246824,test,butina,22,0.97541386824,1.04185260284,0.7169490963500001,1.38103144239
Cc1cccnc1Nc1cccc(C2CCCN(CC(=O)Nc3nccs3)C2)n1,0.180699201,test,butina,22,0.6021929111400004,0.3432944065700002,0.46604564127,0.35910338999000013
CNC(=O)c1cccc(NC(=O)N2CCC(Oc3ccccc3Cl)CC2)c1,1.068760828,test,butina,22,0.06645969396000004,0.39314887738,0.22991840256999993,0.32575614328999974
COc1ccc([C@H]2c3[nH]c4ccc(Cl)cc4c3CCN2C(=O)Oc2ccc(Cl)cc2)cc1,1.51293775,test,butina,22,0.5543866517700003,-0.19423362323999996,-0.11657683341999996,-0.13700697019999994
CC(C)[C@H](CO)Nc1nc(Nc2cc(N)cc(Cl)c2)c2ncn(C(C)C)c2n1,-0.061980903,test,butina,22,0.61896093287,0.2316769304900001,0.19592055636000005,0.04510145880000001
CC(C)(C)OC(=O)N1CCCC1C(=O)N1CCC(C(=O)N[C@@H](Cc2c[nH]c3ccccc23)C(=O)O)CC1,1.691832676,test,butina,22,0.5754702971800003,0.35210259148999995,1.2207921615500006,0.07154696383
CC(=O)Nc1ncc(C(=O)O)s1,1.81935965,test,butina,22,0.6946357513199999,1.1181167840100006,0.5892166438900003,1.1087692939800011
CC(C)[C@@](C)(O)[C@@H]1CN(c2nc(-c3n[nH]c4ncccc34)c(F)cc2Cl)CCN1,1.302460808,test,butina,22,1.4333361132900009,0.46017405238,0.63490637813,0.43705895746000023
CCCS(=O)(=O)Nc1ccc(F)c(C(=O)c2c[nH]c3ncc(-c4ccc(Cl)cc4)cc23)c1F,-1.59345982,test,butina,22,0.7610584085800004,0.34267689143999985,0.4335410772900002,-0.23997397497
CC(C)(C)c1ccc(C(O)CN2CCC(O)(c3ccc4c(c3)OCO4)CC2)cc1,0.779018972,test,butina,22,0.6387260847700003,0.42964895815000015,0.9653454479899999,0.6249541250600003
CCOc1cc2nn(CCC(C)(C)O)cc2cc1NC(=O)c1cccc(C(F)F)n1,0.099680641,train,butina,23,,,,
CC(C)(Oc1ccc(-c2cnc(N)c(-c3ccc(Cl)cc3)c2)cc1)C(=O)O,-1.158015195,train,butina,23,,,,
CC(C)(O)CCn1cc2cc(NC(=O)c3cccc(C(F)(F)F)n3)c(C(C)(C)O)cc2n1,1.015611205,train,butina,23,,,,
CC#CC(=O)N[C@H]1CCCN(c2c(F)cc(C(N)=O)c3[nH]c(C)c(C)c23)C1,0.163856803,train,butina,23,,,,
COc1ccc(Cl)cc1C(=O)NCCc1ccc(S(=O)(=O)NC(=O)NC2CCCCC2)cc1,-0.91721463,train,butina,23,,,,
CCS(=O)(=O)N1CC(CC#N)(n2cc(-c3ncnc4[nH]ccc34)cn2)C1,1.378597739,train,butina,23,,,,
COc1ccc(S(=O)(=O)N2CCC(N3CCC(C)CC3)CC2)cc1,1.729799023,train,butina,23,,,,
CCn1c(-c2nonc2N)nc2cnc(Oc3cccc(NC(=O)c4ccc(OCCN5CCOCC5)cc4)c3)cc21,-0.449771647,train,butina,23,,,,
Cc1c[nH]c2nccc(Oc3c(F)cc(Nc4cc(Cl)nc(N)n4)cc3F)c12,-1.22184875,train,butina,23,,,,
COc1cc2c(cc1OC)CC(=O)N(CCCN(C)C[C@H]1Cc3cc(OC)c(OC)cc31)CC2,1.730984039,train,butina,23,,,,
CCCc1cc(N2CCc3c(nc(C4CC4)n3C)C2)n2ncnc2n1,1.677187053,train,butina,23,,,,
Fc1ccc(-c2ccc3c(c2)[nH]c2ccncc23)cn1,0.653405491,train,butina,23,,,,
Nc1c(F)ccc2cnc(-n3ccc4ccncc43)cc12,0.713910354,train,butina,23,,,,
C=CC(=O)N1C[C@H](Nc2ncnc3[nH]ccc23)CC[C@@H]1C,1.828227965,train,butina,23,,,,
Cn1cc(Nc2nccc(N3CC4CCC(C3)N4C(=O)[C@@H]3CC3(F)F)n2)cn1,1.642995934,train,butina,23,,,,
Cc1c(-c2c(F)cc(C(N)=O)c3[nH]c4c(c23)CC[C@H](C(C)(C)O)C4)cccc1-n1c(=O)c2cccc(F)c2n(C)c1=O,0.436162647,train,butina,23,,,,
Cn1cc(-c2cn3nccc3c(-c3cnn([C@]4(CC#N)C[C@@H](C#N)C4)c3)n2)cn1,1.559583476,train,butina,23,,,,
O=C(c1ccc(Oc2ccccc2)cc1Cl)c1c[nH]c2ncnc(N[C@@H]3CC[C@@H](CO)OC3)c12,-0.467245621,train,butina,23,,,,
N#CC[C@H](C1CCCC1)n1cc(-c2ncnc3[nH]ccc23)cn1,0.630986911,train,butina,23,,,,
CC(C)(C)c1ccc(-c2nc3n(c(=O)c2C#N)CCS3)cc1,0.731266349,train,butina,23,,,,
C=CC(=O)Nc1cccc(Oc2nc(Nc3ccc(N4CCN(C)CC4)cc3)nc3ccsc23)c1,-0.049635146,train,butina,23,,,,
CC#CC(=O)N1CC[C@@H](n2cc(-c3ccc(Oc4c(F)cccc4F)cc3)c3c(N)n[nH]c(=O)c32)C1,-0.073143291,train,butina,23,,,,
C=CC(=O)Nc1cccc(Oc2nc(Nc3ccc(N4CCN(C)CC4)c(F)c3)nc3[nH]ccc23)c1,0.039414119,train,butina,23,,,,
C[C@@H]1c2nnn(-c3ncc(F)cn3)c2CCN1C(=O)c1cccc(C(F)(F)F)c1Cl,0.969089603,train,butina,23,,,,
COc1ccccc1-c1cc(NC(=O)c2cccc(N3CCNC3=O)c2)[nH]n1,-0.397940009,train,butina,23,,,,
Nc1ncc(-c2cccc(C(F)(F)F)c2)c(C2CCCCN2C(=O)c2ccccc2)n1,-0.04431225,train,butina,23,,,,
O=C(Nc1cccc(-c2nncn2C2CC2)c1)c1cc(-n2cnc(C3CC3)c2)ccn1,0.262925469,train,butina,23,,,,
Fc1ccccc1-c1c[nH]nc1C1CCCN1Cc1ccc2ncccc2c1,0.545801757,train,butina,23,,,,
Cc1nccc(-c2cn(Cc3ccccc3)c3cnccc23)n1,1.122707254,train,butina,23,,,,
CCc1nc(C)cn2nc(-c3cc(=O)n4cc(C5CCN(C)CC5)cc(C)c4n3)cc12,0.868232868,train,butina,23,,,,
Cc1c(Cl)ccc2cc3n(c12)[C@@H](C)CNC3=O,0.328379603,train,butina,23,,,,
Cc1nnc(CN(C)CC(C)Oc2ccc(Cl)c(Cl)c2)n1C,0.926290987,train,butina,23,,,,
COc1nn(C)cc1C(=O)Nc1cccc(-c2cnc3n2CCC3)c1,0.866877814,train,butina,23,,,,
Cc1ncc(CN2CC[C@@H](Nc3cncc(Cl)n3)[C@@H](C)C2)s1,1.205461507,train,butina,23,,,,
CCc1nc2c(C)cc(N3CCN(CC(=O)N4CC(O)C4)CC3)cn2c1N(C)c1nc(-c2ccc(F)cc2)c(C#N)s1,-0.204728421,train,butina,23,,,,
C[C@@H]1CCN(C(=O)CC#N)C[C@@H]1N(C)c1ncnc2[nH]ccc12,1.991815076,train,butina,23,,,,
CC(=O)Nc1ccc(C(=O)N2CCCCC2c2nc(N)ncc2-c2ccc(Cl)cc2)cc1,0.596926814,train,butina,23,,,,
CC(=O)Nc1ccc(C(=O)N2CCCCC2c2nc(N)ncc2-c2cccc(Cl)c2)cc1,0.520483533,train,butina,23,,,,
O=C1CN(c2ccc(Nc3nccc(C(F)(F)F)n3)cn2)CCN1,1.543819805,train,butina,23,,,,
CN1[C@H]2CC[C@@H]1C[C@@H](OC(c1ccccc1)c1ccccc1)C2,1.106122874,train,butina,23,,,,
OC[C@H](Nc1cncc(-c2ccc3[nH]ncc3n2)c1)c1ccccc1,1.017826038,train,butina,23,,,,
Cc1ncsc1C(=O)N1CCCCC1c1nc(N(C)C)ncc1-c1cccc(Cl)c1,-0.083019953,train,butina,23,,,,
OCC1CCCCN1Cc1ccc(Cl)c(Cl)c1,1.390069186,train,butina,23,,,,
CC(=O)N1CCN(c2nc(C(F)(F)F)nc3sc(C)c(C)c23)CC1,0.13481437,train,butina,23,,,,
COc1ccccc1C(=O)Nc1ccc2cc[nH]c2c1,0.505149978,train,butina,23,,,,
c1ccc(Oc2cccc(CN(CCN3CCOCC3)Cc3cccnc3)c2)cc1,-0.222573178,train,butina,23,,,,
COc1ccc([C@H]2CN(C(C)=O)[C@@H]3CCCN(Cc4cccc(F)c4)[C@H]23)cc1,0.595385981,train,butina,23,,,,
Cc1c(C(=O)NCCCN(C)C)sc2ncnc(Nc3ccc(F)cc3OC(C)C)c12,0.741821047,train,butina,23,,,,
OCC1CCCCN1Cc1ccc(-c2ccccc2)cc1,1.368007805,train,butina,23,,,,
CC1(C)CC(Oc2ccc(-c3ccc(-c4cn[nH]c4)cc3O)nn2)CC(C)(C)N1,1.199947058,train,butina,23,,,,
Cc1ncsc1C(=O)N1CCCCC1c1nc(N)ncc1-c1cccc(C(F)(F)F)c1,0.615318657,train,butina,23,,,,
O=S(=O)(c1cccc2cnccc12)N1CCCNCC1,1.892077899,train,butina,23,,,,
C=CC(=O)Nc1cccc(Oc2nc(Nc3ccc(N4CCN(C)CC4)cc3)nc3ccoc23)c1,0.146128036,train,butina,23,,,,
CCN1CCN(S(=O)(=O)Cc2ccc(Cl)c(Cl)c2)CC1,1.249124949,train,butina,23,,,,
O=C(Nc1nc2cccc(-c3ccc(CN4CCS(=O)(=O)CC4)cc3)n2n1)C1CC1,1.681349797,train,butina,23,,,,
CCn1c(CO)nn(-c2cc(O[C@@H](C)C(F)(F)F)c(C(=O)Nc3c(F)cccc3Cl)cc2F)c1=O,0.975753389,train,butina,23,,,,
CCN(C/C=C\c1ccc(C2CCCCC2)c(Cl)c1)C1CCCCC1,-0.853871964,train,butina,23,,,,
Cn1c(C2CC2)nc2c1CCN(c1ncnc3ccsc13)C2,1.237065953,train,butina,23,,,,
CC/C(=C(\c1ccccc1)c1ccc(OCCN(C)C)cc1)c1ccccc1,-0.580044252,train,butina,23,,,,
COc1nn(C)cc1C(=O)Nc1cccc2cnccc12,1.504729052,train,butina,23,,,,
Cc1ncc(CN2CCC(Nc3ccc4nnnn4n3)C(C)C2)s1,1.652285029,train,butina,23,,,,
Cc1nc(Nc2nccs2)cc(C2CN(c3ncccn3)C2)n1,0.444669231,train,butina,23,,,,
COc1ccc(Nc2c(C#N)cnc3cc(OC)c(OC)cc23)cc1Cl,-0.033858267,train,butina,23,,,,
COc1ccc(CCCN2CCN(c3cnn(C)c3)C(=O)C2)cc1F,1.343408594,train,butina,23,,,,
CN(Cc1ccccc1)C1(C(=O)N2CCNC(=O)CC2)Cc2ccccc2C1,0.904931827,train,butina,23,,,,
CCC1=C(C)CN(C(=O)NCCc2ccc(S(=O)(=O)NC(=O)N[C@H]3CC[C@H](C)CC3)cc2)C1=O,-1.180456064,train,butina,23,,,,
O=S(=O)(c1cccc2c(O)nccc12)N1CCCNCC1,1.850223373,train,butina,23,,,,
COc1ccc(CNC(=O)c2sc3nc(C)cc(C)c3c2N)cc1,-0.356547324,train,butina,23,,,,
C#C[C@@](C)(CC)NC(=O)c1cc(F)cnc1NC1CC(F)(F)C1,0.671265433,train,butina,23,,,,
Cc1cnc(C(=O)NCCc2ccc(S(=O)(=O)NC(=O)NC3CCCCC3)cc2)cn1,0.01745073,train,butina,23,,,,
CC(=O)Nc1ncc(CN2CCCC[C@@H]2C)s1,2.0,train,butina,23,,,,
O=C1CCCC[C@@H]2[C@H](C[C@@H](Cc3ccccc3F)N2C(=O)c2cccc3ncccc23)N1,1.277998644,train,butina,23,,,,
CC(O)(C#Cc1ccc2c(c1)N(c1nc(N)ncc1Cl)CC2)c1nccs1,-0.122628654,train,butina,23,,,,
COCCc1noc(CN2CC(c3ccccc3)(c3ccccc3)CCC2=O)n1,1.167051359,train,butina,23,,,,
Cc1[nH]nc2c1C1(CCCCC1)CC(=O)N2,1.323066376,train,butina,23,,,,
Cc1oc2ccccc2c1CNc1nnc(-c2ccncc2)o1,0.717254313,train,butina,23,,,,
O=C(Nc1cccc2ncccc12)[C@H]1CCCN(S(=O)(=O)c2ccccc2)C1,1.222560409,train,butina,23,,,,
C[C@@H]1Cc2ccccc2N1C(=O)Cn1nc(-c2cccc3ncccc23)oc1=O,0.224014811,train,butina,23,,,,
O=C(Nc1cnccc1-c1ccc(Cl)cc1)c1ccnc(NC(=O)C2CC2)c1,0.369957607,train,butina,23,,,,
CN1C(N)=N[C@](C)(c2cc(NC(=O)c3ccc(F)cn3)ccc2F)CS1(=O)=O,1.560468571,train,butina,23,,,,
CCCCNC(=O)NS(=O)(=O)c1ccc(C)cc1,0.439332694,train,butina,23,,,,
Cc1cc(Nc2cnccn2)cc(C2CCCN(CC(=O)N3CCCC3)C2)n1,1.642246824,train,butina,23,,,,
Cc1cccnc1Nc1cccc(C2CCCN(CC(=O)Nc3nccs3)C2)n1,0.180699201,train,butina,23,,,,
CC1(C)CC(=O)C2=C(C1)NC(=O)CC2c1ccc(Br)cc1,1.159236233,train,butina,23,,,,
CNC(=O)C1(Cc2ccc(-c3cccnc3)cc2)CCN(Cc2ccccc2Cl)C1,0.387567779,train,butina,23,,,,
Cc1cc(N2CCCC2c2cc(CCC(=O)O)cc(C)n2)ncn1,2.0,train,butina,23,,,,
CCCNC(=O)NS(=O)(=O)c1ccc(Cl)cc1,0.969835093,train,butina,23,,,,
O=C(CN1CCCC(c2cccc(Cc3cccc(F)c3)n2)C1)N1CCCC1,1.062130535,train,butina,23,,,,
COc1cc2ncnc(Nc3cccc(O)c3)c2cc1OC,0.994317153,train,butina,23,,,,
Cc1cc(C)c2c(N)c(C(=O)NCc3ccc(Cl)cc3)sc2n1,-0.370590401,train,butina,23,,,,
COCCNC(=O)c1ccnc(C2CCNCC2)c1,2.0,train,butina,23,,,,
COc1nc2sc(C(=O)NC3CC3)c(N)c2c(C)c1Cl,0.245512668,train,butina,23,,,,
CC1(CNC(=O)c2cncc(C3CCNCC3)n2)CCCO1,1.988550039,train,butina,23,,,,
Cc1cc(N2CCCC2)nc(C2CCCN(C)C2)n1,2.0,train,butina,23,,,,
O=C1NCCSc2c1sc1ccc(O)cc21,0.891593204,train,butina,23,,,,
CCn1cc(C(=O)O)c(=O)c2c(N)c(F)c(NC3CCCCC3)cc21,0.427486109,train,butina,23,,,,
C=CC(=O)Nc1cccc(Nc2nc(Nc3ccc(Oc4ccnc(C(=O)NC)c4)cc3)ncc2F)c1,-0.403402904,train,butina,23,,,,
C=CC(=O)N(C)CCOc1c(N)ncnc1-c1cc(F)cc(NC(=O)c2ccc(C3CC3)cc2F)c1C,0.838502776,train,butina,23,,,,
CC#CC(=O)N1CCC[C@@H]1c1nc(-c2ccc(C(=O)Nc3ccccn3)cc2)c2c(N)nccn12,0.975868182,train,butina,23,,,,
CC(=O)NCCNc1cc(Cl)nn2c(-c3cccc(S(=O)(=O)N(C)C)c3)c(C)nc12,0.681693392,train,butina,23,,,,
CNC(=O)c1cccc(NC(=O)N2CCC(Oc3ccccc3Cl)CC2)c1,1.068760828,train,butina,23,,,,
COc1ccc(OCC(=O)Nc2cccc(Cl)c2N2CCN(C(C)=O)CC2)cc1,0.700790221,train,butina,23,,,,
c1ccc(-c2ccc(CN3CCCCCCC3)cc2)cc1,-0.614393726,train,butina,23,,,,
CC(=O)N1CCN(c2c(Cl)cccc2NC(=O)COc2ccccc2Cl)CC1,0.256958153,train,butina,23,,,,
CCC(=O)N1CCN(c2ccc(Cl)cc2NC(=O)COc2ccccc2)CC1,0.250420002,train,butina,23,,,,
COc1cc2c(cc1OC)CN(CCc1ccc(NC(=O)c3cccc4c(O)c5cccc(OC)c5nc34)cc1)CC2,-1.207608311,train,butina,23,,,,
CCCc1nc2nc(C)c(NS(=O)(=O)c3ccc(C4CCCCC4)cc3)c(O)n2n1,-0.218963061,train,butina,23,,,,
COc1ccc([C@H]2c3[nH]c4ccc(Cl)cc4c3CCN2C(=O)Oc2ccc(Cl)cc2)cc1,1.51293775,train,butina,23,,,,
CC(=O)Nc1ccc(O)cc1,1.887859133,train,butina,23,,,,
O=C(NC1CCNCC1)c1ccc2[nH]ncc2c1,1.842696589,train,butina,23,,,,
Cc1cccc(/C=N/Nc2cc(N3CCOCC3)nc(OCCc3ccccn3)n2)c1,-0.548213564,train,butina,23,,,,
CCn1c(=O)oc2cc(NC(=O)c3ccc(C(C)(C)C)cc3)ccc21,0.21005085,train,butina,23,,,,
COc1ccc(OC[C@@H]2c3cc(OC)c(OC)cc3CCN2C(=O)c2cccc(Cl)c2)cc1,-0.116906641,train,butina,23,,,,
N#Cc1ccc(COc2cccc(C3CCN(Cc4nc5ccc(C(=O)O)cc5n4C[C@@H]4CCO4)CC3)n2)c(F)c1,0.402433346,train,butina,23,,,,
CC(C)[C@H](CO)Nc1nc(Nc2cc(N)cc(Cl)c2)c2ncn(C(C)C)c2n1,-0.061980903,train,butina,23,,,,
O=C(NC1CCNCC1)c1ccc2cn[nH]c2c1,2.0,train,butina,23,,,,
CC(C)(C)OC(=O)N1CCCC1C(=O)N1CCC(C(=O)N[C@@H](Cc2c[nH]c3ccccc23)C(=O)O)CC1,1.691832676,train,butina,23,,,,
O=C(Nc1cccc2c(=O)cc(-c3nnn[nH]3)oc12)c1ccc(OCCCCc2ccccc2)cc1,0.582744966,train,butina,23,,,,
CC(=O)Nc1ncc(C(=O)O)s1,1.81935965,train,butina,23,,,,
COc1cc2nc(-c3cc(F)ccc3O)nc(N[C@@H]3CNC[C@H]3C(C)(C)O)c2cc1OC.Cl,-1.119186408,train,butina,23,,,,
CC(C)[C@@](C)(O)[C@@H]1CN(c2nc(-c3n[nH]c4ncccc34)c(F)cc2Cl)CCN1,1.302460808,train,butina,23,,,,
Cc1nnc(-c2ccc(N3CCC(Oc4cc(F)ccc4Cl)CC3)nn2)o1,0.161068385,train,butina,23,,,,
Cc1cn2nc(-c3cc(=O)n4cc(N5CCNC6(CC6)C5)ccc4n3)cc(C)c2n1,0.985246791,train,butina,23,,,,
CCCS(=O)(=O)Nc1ccc(F)c(C(=O)c2c[nH]c3ncc(-c4ccc(Cl)cc4)cc23)c1F,-1.59345982,train,butina,23,,,,
Cc1ccc(OCC2(O)CCN(CC3(O)CCN(c4ccccc4C)CC3)CC2)cc1,-0.040481623,train,butina,23,,,,
CN(C(=O)c1cc(N2CCNC2=O)ccc1F)C1CCNC1,1.885728632,train,butina,23,,,,
O=C(Nc1cccc(N2CCNC2=O)c1)C1NCC12CCCC2,1.718202645,train,butina,23,,,,
NCC1CCCC1NC(=O)c1cc(N2CCNC2=O)ccc1F,1.87495702,train,butina,23,,,,
Cc1nnc(-c2ccc(N3CCC(Oc4ccccc4C(F)(F)F)CC3)nn2)s1,-0.906578315,train,butina,23,,,,
CC(C)(C)c1ccc(C(O)CN2CCC(O)(c3ccc4c(c3)OCO4)CC2)cc1,0.779018972,train,butina,23,,,,
NC[C@H]1CC[C@@H](C(=O)Nc2ccc3[nH]ncc3c2)O1,1.981999714,train,butina,23,,,,
CN(C(=O)c1cc(N2CCNC2=O)ccc1F)C1CCC(N)CC1,1.828717885,train,butina,23,,,,
NC1CCCC1C(=O)N1CCC(c2c[nH]c3ncccc23)CC1,1.71701274,train,butina,23,,,,
NC1CCCC(C(=O)Nc2ccc3[nH]ncc3c2)C1,2.0,train,butina,23,,,,
NC1CC(NC(=O)c2ccc(-c3cn[nH]c3)cn2)C12CCC2,1.709702344,train,butina,23,,,,
NC1CCC(C(=O)N2CCC(c3c[nH]c4ncccc34)CC2)C1,1.917395215,train,butina,23,,,,
NC1CCCC(C(=O)N2CCC(c3c[nH]c4ncccc34)CC2)C1,1.752816431,train,butina,23,,,,
O=C(NC12CCCC1NCC2)c1ccc(-c2cn[nH]c2)cc1,2.0,train,butina,23,,,,
Cc1nc2cc(C(=O)NC34CCCC3NCC4)ccc2c(=O)[nH]1,1.866494097,train,butina,23,,,,
CNc1nc(C)cc(C(=O)Nc2ccc3[nH]ncc3c2)n1,1.493625323,train,butina,23,,,,
O=C(Nc1ccc(CN2CCCCC2)cc1)c1ccnc2[nH]cnc12,1.767526899,train,butina,23,,,,
CCc1c[nH]c2ncnc(N3CCC(CN4CCN(C)CC4)CC3)c12,1.728012707,train,butina,23,,,,
NC(=O)c1cnc(N2CCc3[nH]nc(C(F)(F)F)c3C2)c(Cl)c1,0.986009932,train,butina,23,,,,
NC1CCCC(C(=O)Nc2cccc(N3CCNC3=O)c2)C1,1.763113391,train,butina,23,,,,
CC1CC(N)CCN1C(=O)c1cc(N2CCNC2=O)c(F)cc1F,1.833504094,train,butina,23,,,,
c1sc(NCC2CCCO2)nc1C12CC3CC(CC(C3)C1)C2,-1.096910013,train,butina,23,,,,
CNc1cc(Nc2cccn(-c3ccccn3)c2=O)nn2c(C(=O)N[C@@H]3C[C@@H]3F)cnc12,0.991226076,test,butina,23,0.8608739220000001,0.3459829091099999,0.84979291921,1.16749649391
CN(c1ncc(F)cn1)[C@H]1CCCNC1,2.0,test,butina,23,1.3972816107200006,1.4688091374,1.0395984537900003,1.7399368979100007
C=CC(=O)N1CCC[C@@H](n2nc(-c3ccc(Oc4ccccc4)cc3)c3c(N)ncnc32)C1,0.62603,test,butina,23,0.33397279376999994,0.32732733751,0.17454389683999996,0.30025688809999984
CC(C)NC(=O)COc1cccc(-c2nc(Nc3ccc4[nH]ncc4c3)c3ccccc3n2)c1,-1.384078213,test,butina,23,0.5402924929400003,0.25339439439999994,0.28891346389,0.11493193751000011
[2H]C([2H])([2H])NC(=O)c1nnc(NC(=O)C2CC2)cc1Nc1cccc(-c2ncn(C)n2)c1OC,1.186566481,test,butina,23,0.85270074279,0.4222417618899999,0.4730949838600004,0.92534013718
C=CC(=O)N1CCC(CNc2ncnc(N)c2-c2ccc(Oc3ccccc3)cc2)CC1,0.752995432,test,butina,23,0.26001006196,0.17355519183,0.11487173869000002,0.010970000919999976
Nc1n[nH]cc1-c1cc(Cl)ccc1Oc1cc(F)c(S(=O)(=O)Nc2cscn2)cc1Cl,-0.354577731,test,butina,23,0.4488728112800002,0.01739624084000013,0.23703833729999996,-0.5026497340499999
CC#CC(=O)N1CC[C@@H](n2c(=O)n(-c3ccc(Oc4ccccc4)cc3)c3c(N)ncnc32)C1,0.935859798,test,butina,23,0.34933671306,0.4208214337499999,0.3093482786,0.8359525254599999
C=CC(=O)N1CCC([C@@H]2CCNc3c(C(N)=O)c(-c4ccc(Oc5ccccc5)cc4)nn32)CC1,0.968996327,test,butina,23,0.7624881388500003,0.4310761661699999,0.37877901801999997,0.2922518713699998
C=CC(=O)N1CCC[C@H](n2c(=O)n(-c3ccc(Oc4ccccc4)cc3)c3c(N)ncnc32)C1,0.983851719,test,butina,23,0.37239500295,0.40993264651000005,0.33729089942,0.46094833342999986
CC(C)(C=C(C#N)C(=O)N1CCC[C@@H](n2nc(-c3ccc(Oc4ccccc4)cc3F)c3c(N)ncnc32)C1)N1CCN(C2COC2)CC1,0.276231958,test,butina,23,0.11221027766000007,0.24417099496999992,0.24041580032999996,0.05867283187
Nc1ncnc2c1c(-c1ccc(Oc3ccccc3)cc1)nn2[C@@H]1CCCNC1,0.956648579,test,butina,23,0.5172045337600001,0.5068432213400003,0.2917382491499999,0.34030817795000007
COc1cc(F)ccc1-c1ncnc(Nc2cccc(C[S@@](C)(=N)=O)c2)n1,1.594922663,test,butina,23,0.5510860168699999,0.18193857507000005,0.4776311234300002,0.03673668853
Cc1ccc(C(=O)N2CCC(Cc3ccccc3-c3ccccc3)(C(=O)N(C)C)CC2)s1,-0.293282218,test,butina,23,0.7929697170800003,0.3896940271800001,0.39829320942,0.09261150587000001
CN(C)C(=O)C1(Cc2ccccc2-c2ccccc2)CCN(C(=O)C2CCCO2)CC1,0.902546779,test,butina,23,0.7282312521200002,0.5136532432500001,0.6912236562400002,0.7031754574000003
O=C1NCCN(C(=O)c2ccc3nccn3c2)C1c1ccccc1C(F)(F)F,1.851001366,test,butina,23,1.2894062978600003,0.8419495981,1.31214157776,1.2968483739200003
Cc1cc(F)ccc1C1C(=O)NCCN1C(=O)c1ccc2nccn2c1,1.78096503,test,butina,23,1.3463021853900003,1.09405016789,1.31954286888,1.49100659008
O=C1NCCN(C(=O)c2ccncc2)C1c1ccccc1Cl,1.876996793,test,butina,23,0.8775072158900001,1.1087044339900003,1.3663295048399997,1.4939485852800007
C[C@H]1CN(C(=O)CC(c2ccccc2)c2ccccc2)C[C@@H](C)O1,1.188253327,test,butina,23,0.99830483991,0.8255365103899999,0.6564567898099999,0.8676691925499996
CC(C)(C)C(=O)N1CCC(Cc2ccc(-c3cccs3)cc2)(C(=O)N2CCCC2)CC1,-0.1837587,test,butina,23,0.76671770994,0.6331520565900002,0.5404900505100002,0.16719886639999984
Nc1ncc(C(=O)NC2CN(C(=O)C3CC3)C2)c2ccc(-c3cccc(F)c3)nc12,0.623352682,test,butina,23,0.5053412016700002,0.6304388048299999,0.40533317365999993,1.0204042702000005
Cc1nnc(-c2ccc3occ(-c4ccc(S(C)=O)cc4)c3c2)o1,0.193402903,test,butina,23,0.7042811936700002,0.4594032500000002,0.28746067911000006,0.3713782107000001
O=C(Nc1ccc2ccccc2n1)c1ccc(N2CCOC2=O)cc1,0.449015316,test,butina,23,0.7546551239600002,0.69679087697,0.6531209205200004,0.5546555362499999
O=C(CCNC(=O)c1ccc(OC(F)(F)F)cc1)N[C@@H]1CCCc2ccccc21,0.526080692,test,butina,23,0.40201657098999993,0.43924322986,0.5964991508400002,0.40838794334999995
NCCN1CCN(C/C=C/C(=O)N2CCC[C@@H](n3nc(-c4ccc(Oc5ccccc5)cc4)c4c(N)ncnc43)C2)CC1,0.699837726,test,butina,23,0.29084478213,0.3505909659899998,0.3433844083999999,-0.015130341890000015
CNC(=O)C1(Cc2ccc(-c3ccncc3)cc2)CCN(Cc2cccc(F)c2)C1,1.10503305,test,butina,23,0.46269537906000013,0.6082744413600003,0.6090709508200005,0.73755680967
Cc1noc(C(C)C)c1C(=O)N1CC(C)OC(c2ccccc2)C1,1.180469962,test,butina,23,0.8098074909700003,0.7699052521799998,1.2566302987500002,0.7738896882600002
Cc1c(F)cccc1NC(=O)CN1[C@H]2CCCC(=O)N[C@@]2(C)C[C@H]1Cc1ccccc1,0.595275712,test,butina,23,1.0749308532000001,0.7237987661099998,0.7823560114100002,0.6434060108300003
Cc1ccc(NC(=O)CN2[C@H]3CCCC(=O)N[C@@]3(C)C[C@H]2Cc2ccccc2)cc1F,-0.137272472,test,butina,23,1.20599792198,0.7203027340700001,0.7981372597900002,0.6284954231300002
CN(C)C(=O)C1(Cc2ccccc2-c2cccc(F)c2)CCN(C(=O)C2CC=CCC2)CC1,-0.104025268,test,butina,23,0.6414986932500001,0.5181690318000001,0.4608674014700002,0.4145773818500002
COCC(=O)N1CCC(Cc2ccccc2-c2cccc(F)c2)(C(=O)NC(C)C)CC1,0.596597096,test,butina,23,0.5887805595500002,0.59323798002,0.5436744753300004,0.5394270453200002
Cn1cc(Nc2nc(N)nc(-c3cccc(-n4ccc5cc(C6CC6)cc(F)c5c4=O)c3CO)n2)cn1,0.850401148,test,butina,23,0.8159099359000004,0.33622181383,0.5224376590000002,0.15737644570000006
CNC(=O)C1(Cc2ccc(-c3cccnc3)cc2)CCN(Cc2ccc(F)cc2)C1,1.021602716,test,butina,23,0.5953344240000003,0.53322018883,0.6503453156100004,0.6543845457899998
CNC(=O)C1(Cc2ccc(-c3cccnc3)cc2)CCN(Cc2cccc(F)c2)C1,0.829753919,test,butina,23,0.5344345424200003,0.5892695202400002,0.5366205291300002,0.71331895996
CCOc1cc(CC(=O)N[C@@H](CC(C)C)c2ccccc2N2CCCCC2)ccc1C(=O)O,0.106870544,test,butina,23,0.14984115683000002,0.31467985497999984,0.7094305244399999,0.07981621173999996
Nc1ncnc2c1c(-c1cnc3[nH]ccc3c1)nn2C1CCCC1,0.862608364,test,butina,23,1.2087536029799995,1.0835922168800003,0.6988758925900003,0.5201682348200002
CC1CN(C(=O)c2cccnc2N2CCOCC2)CC(c2ccccc2)O1,1.573185017,test,butina,23,0.7768418488400002,0.37291016828,1.55740378771,1.3842034970999995
CN(C)C(=O)C1(Cc2ccccc2-c2ccccc2)CCN(C(=O)c2cnn(C)c2)CC1,1.041353202,test,butina,23,0.9525868938799998,0.50356648111,0.6665440538100004,0.6142327042000001
CN1CCN(S(=O)(=O)c2ccc(-c3cnc(N)c(C(=O)Nc4cccnc4)n3)cc2)CC1,1.078638038,test,butina,23,0.7688888939099998,0.4415588214399998,0.9096382818000001,1.07008012307
C[C@H]1CN(C2COC2)CCN1c1ccc(Nc2cc(-c3ccnc(N4CCn5c(cc6c5CC(C)(C)C6)C4=O)c3CO)cn(C)c2=O)nc1,1.209139536,test,butina,23,0.7720228100200001,0.5520335984800004,0.46303353207000003,0.065944609
Cc1c[nH]c(=O)n1-c1ccc(C(=O)Nc2ccc3ccccc3n2)cc1,0.639386869,test,butina,23,1.2791853283700003,0.5066663102500001,0.7924176516300002,0.5769635659700001
Cc1ccc(Oc2ccc(Cl)cc2NC(=O)CN(C)CC(=O)N(C)C)cc1,-0.053056729,test,butina,23,0.016167516890000004,0.41391662706,0.6487180784900002,0.4385898575499999
CC1(C)Cc2cc(NC(=O)c3cnn4cccnc34)c(OCC3CC3)nc2O1,-0.199970641,test,butina,23,0.7598674569899999,0.6026268242100002,1.0258186767100004,0.7450894525799999
N#Cc1cc(F)c(NS(=O)(=O)c2c[nH]c3cc(Cl)ccc23)cc1F,-0.026872146,test,butina,23,0.7916119769700003,0.5336291439499999,0.9881221021500001,0.1541497285200001
NC(=O)C1(Cc2ccc(-c3ccncc3)cc2)CCN(C(=O)Cc2cccc(F)c2)CC1,1.006508828,test,butina,23,0.59602226969,0.61188822754,0.595024079,0.59475624554
Cc1cccc(-c2nc(C34CCC(C(N)=O)(CC3)CC4)[nH]c2-c2ccc3c(c2)OCO3)n1,1.02011257,test,butina,23,1.0365521939100004,0.6309198417100003,0.19349218602,0.5800692264300004
Cn1c(-c2n[nH]c3c2CCCC3)nnc1N1CCC2(CNC(=O)C2)C1,1.792986685,test,butina,23,1.1625386101200004,1.2893990560799997,1.2082968490100003,1.5717673460500006
O=C(NCCc1ccccc1)c1ccc(NC(=O)N2CCCCc3ccccc32)cc1,0.075911761,test,butina,23,0.5012072613900002,0.2820012498299998,0.6055693992700001,0.18216526034000005
CNc1cc(Nc2cccn(-c3ccccn3)c2=O)nn2c(C(=O)N[C@@H]3C[C@@H]3F)cnc12,0.991226076,train,butina,24,,,,
CCOc1cc2nn(CCC(C)(C)O)cc2cc1NC(=O)c1cccc(C(F)F)n1,0.099680641,train,butina,24,,,,
CN(c1ncc(F)cn1)[C@H]1CCCNC1,2.0,train,butina,24,,,,
CC(C)(Oc1ccc(-c2cnc(N)c(-c3ccc(Cl)cc3)c2)cc1)C(=O)O,-1.158015195,train,butina,24,,,,
CC(C)(O)CCn1cc2cc(NC(=O)c3cccc(C(F)(F)F)n3)c(C(C)(C)O)cc2n1,1.015611205,train,butina,24,,,,
CC#CC(=O)N[C@H]1CCCN(c2c(F)cc(C(N)=O)c3[nH]c(C)c(C)c23)C1,0.163856803,train,butina,24,,,,
C=CC(=O)N1CCC[C@@H](n2nc(-c3ccc(Oc4ccccc4)cc3)c3c(N)ncnc32)C1,0.62603,train,butina,24,,,,
CC(C)NC(=O)COc1cccc(-c2nc(Nc3ccc4[nH]ncc4c3)c3ccccc3n2)c1,-1.384078213,train,butina,24,,,,
COc1ccc(S(=O)(=O)N2CCC(N3CCC(C)CC3)CC2)cc1,1.729799023,train,butina,24,,,,
CCn1c(-c2nonc2N)nc2cnc(Oc3cccc(NC(=O)c4ccc(OCCN5CCOCC5)cc4)c3)cc21,-0.449771647,train,butina,24,,,,
Cc1c[nH]c2nccc(Oc3c(F)cc(Nc4cc(Cl)nc(N)n4)cc3F)c12,-1.22184875,train,butina,24,,,,
COc1cc2c(cc1OC)CC(=O)N(CCCN(C)C[C@H]1Cc3cc(OC)c(OC)cc31)CC2,1.730984039,train,butina,24,,,,
CCCc1cc(N2CCc3c(nc(C4CC4)n3C)C2)n2ncnc2n1,1.677187053,train,butina,24,,,,
Fc1ccc(-c2ccc3c(c2)[nH]c2ccncc23)cn1,0.653405491,train,butina,24,,,,
Nc1c(F)ccc2cnc(-n3ccc4ccncc43)cc12,0.713910354,train,butina,24,,,,
C=CC(=O)N1C[C@H](Nc2ncnc3[nH]ccc23)CC[C@@H]1C,1.828227965,train,butina,24,,,,
Cn1cc(Nc2nccc(N3CC4CCC(C3)N4C(=O)[C@@H]3CC3(F)F)n2)cn1,1.642995934,train,butina,24,,,,
[2H]C([2H])([2H])NC(=O)c1nnc(NC(=O)C2CC2)cc1Nc1cccc(-c2ncn(C)n2)c1OC,1.186566481,train,butina,24,,,,
C=CC(=O)N1CCC(CNc2ncnc(N)c2-c2ccc(Oc3ccccc3)cc2)CC1,0.752995432,train,butina,24,,,,
Nc1n[nH]cc1-c1cc(Cl)ccc1Oc1cc(F)c(S(=O)(=O)Nc2cscn2)cc1Cl,-0.354577731,train,butina,24,,,,
Cc1c(-c2c(F)cc(C(N)=O)c3[nH]c4c(c23)CC[C@H](C(C)(C)O)C4)cccc1-n1c(=O)c2cccc(F)c2n(C)c1=O,0.436162647,train,butina,24,,,,
Cn1cc(-c2cn3nccc3c(-c3cnn([C@]4(CC#N)C[C@@H](C#N)C4)c3)n2)cn1,1.559583476,train,butina,24,,,,
O=C(c1ccc(Oc2ccccc2)cc1Cl)c1c[nH]c2ncnc(N[C@@H]3CC[C@@H](CO)OC3)c12,-0.467245621,train,butina,24,,,,
CC(C)(C)c1ccc(-c2nc3n(c(=O)c2C#N)CCS3)cc1,0.731266349,train,butina,24,,,,
C=CC(=O)Nc1cccc(Oc2nc(Nc3ccc(N4CCN(C)CC4)cc3)nc3ccsc23)c1,-0.049635146,train,butina,24,,,,
CC#CC(=O)N1CC[C@@H](n2c(=O)n(-c3ccc(Oc4ccccc4)cc3)c3c(N)ncnc32)C1,0.935859798,train,butina,24,,,,
C=CC(=O)N1CCC([C@@H]2CCNc3c(C(N)=O)c(-c4ccc(Oc5ccccc5)cc4)nn32)CC1,0.968996327,train,butina,24,,,,
C=CC(=O)N1CCC[C@H](n2c(=O)n(-c3ccc(Oc4ccccc4)cc3)c3c(N)ncnc32)C1,0.983851719,train,butina,24,,,,
CC(C)(C=C(C#N)C(=O)N1CCC[C@@H](n2nc(-c3ccc(Oc4ccccc4)cc3F)c3c(N)ncnc32)C1)N1CCN(C2COC2)CC1,0.276231958,train,butina,24,,,,
CC#CC(=O)N1CC[C@@H](n2cc(-c3ccc(Oc4c(F)cccc4F)cc3)c3c(N)n[nH]c(=O)c32)C1,-0.073143291,train,butina,24,,,,
C=CC(=O)Nc1cccc(Oc2nc(Nc3ccc(N4CCN(C)CC4)c(F)c3)nc3[nH]ccc23)c1,0.039414119,train,butina,24,,,,
Nc1ncc(-c2cccc(C(F)(F)F)c2)c(C2CCCCN2C(=O)c2ccccc2)n1,-0.04431225,train,butina,24,,,,
O=C(Nc1cccc(-c2nncn2C2CC2)c1)c1cc(-n2cnc(C3CC3)c2)ccn1,0.262925469,train,butina,24,,,,
Fc1ccccc1-c1c[nH]nc1C1CCCN1Cc1ccc2ncccc2c1,0.545801757,train,butina,24,,,,
Cc1nccc(-c2cn(Cc3ccccc3)c3cnccc23)n1,1.122707254,train,butina,24,,,,
CCc1nc(C)cn2nc(-c3cc(=O)n4cc(C5CCN(C)CC5)cc(C)c4n3)cc12,0.868232868,train,butina,24,,,,
Nc1ncnc2c1c(-c1ccc(Oc3ccccc3)cc1)nn2[C@@H]1CCCNC1,0.956648579,train,butina,24,,,,
Cc1nnc(CN(C)CC(C)Oc2ccc(Cl)c(Cl)c2)n1C,0.926290987,train,butina,24,,,,
COc1nn(C)cc1C(=O)Nc1cccc(-c2cnc3n2CCC3)c1,0.866877814,train,butina,24,,,,
COc1cc(F)ccc1-c1ncnc(Nc2cccc(C[S@@](C)(=N)=O)c2)n1,1.594922663,train,butina,24,,,,
Cc1ncc(CN2CC[C@@H](Nc3cncc(Cl)n3)[C@@H](C)C2)s1,1.205461507,train,butina,24,,,,
Cc1ccc(C(=O)N2CCC(Cc3ccccc3-c3ccccc3)(C(=O)N(C)C)CC2)s1,-0.293282218,train,butina,24,,,,
CCc1nc2c(C)cc(N3CCN(CC(=O)N4CC(O)C4)CC3)cn2c1N(C)c1nc(-c2ccc(F)cc2)c(C#N)s1,-0.204728421,train,butina,24,,,,
C[C@@H]1CCN(C(=O)CC#N)C[C@@H]1N(C)c1ncnc2[nH]ccc12,1.991815076,train,butina,24,,,,
CN(C)C(=O)C1(Cc2ccccc2-c2ccccc2)CCN(C(=O)C2CCCO2)CC1,0.902546779,train,butina,24,,,,
CC(=O)Nc1ccc(C(=O)N2CCCCC2c2nc(N)ncc2-c2ccc(Cl)cc2)cc1,0.596926814,train,butina,24,,,,
CC(=O)Nc1ccc(C(=O)N2CCCCC2c2nc(N)ncc2-c2cccc(Cl)c2)cc1,0.520483533,train,butina,24,,,,
O=C1CN(c2ccc(Nc3nccc(C(F)(F)F)n3)cn2)CCN1,1.543819805,train,butina,24,,,,
O=C1NCCN(C(=O)c2ccc3nccn3c2)C1c1ccccc1C(F)(F)F,1.851001366,train,butina,24,,,,
Cc1cc(F)ccc1C1C(=O)NCCN1C(=O)c1ccc2nccn2c1,1.78096503,train,butina,24,,,,
O=C1NCCN(C(=O)c2ccncc2)C1c1ccccc1Cl,1.876996793,train,butina,24,,,,
C[C@H]1CN(C(=O)CC(c2ccccc2)c2ccccc2)C[C@@H](C)O1,1.188253327,train,butina,24,,,,
CN1[C@H]2CC[C@@H]1C[C@@H](OC(c1ccccc1)c1ccccc1)C2,1.106122874,train,butina,24,,,,
CC(C)(C)C(=O)N1CCC(Cc2ccc(-c3cccs3)cc2)(C(=O)N2CCCC2)CC1,-0.1837587,train,butina,24,,,,
OC[C@H](Nc1cncc(-c2ccc3[nH]ncc3n2)c1)c1ccccc1,1.017826038,train,butina,24,,,,
Cc1ncsc1C(=O)N1CCCCC1c1nc(N(C)C)ncc1-c1cccc(Cl)c1,-0.083019953,train,butina,24,,,,
OCC1CCCCN1Cc1ccc(Cl)c(Cl)c1,1.390069186,train,butina,24,,,,
CC(=O)N1CCN(c2nc(C(F)(F)F)nc3sc(C)c(C)c23)CC1,0.13481437,train,butina,24,,,,
COc1ccccc1C(=O)Nc1ccc2cc[nH]c2c1,0.505149978,train,butina,24,,,,
c1ccc(Oc2cccc(CN(CCN3CCOCC3)Cc3cccnc3)c2)cc1,-0.222573178,train,butina,24,,,,
COc1ccc([C@H]2CN(C(C)=O)[C@@H]3CCCN(Cc4cccc(F)c4)[C@H]23)cc1,0.595385981,train,butina,24,,,,
OCC1CCCCN1Cc1ccc(-c2ccccc2)cc1,1.368007805,train,butina,24,,,,
Nc1ncc(C(=O)NC2CN(C(=O)C3CC3)C2)c2ccc(-c3cccc(F)c3)nc12,0.623352682,train,butina,24,,,,
CC1(C)CC(Oc2ccc(-c3ccc(-c4cn[nH]c4)cc3O)nn2)CC(C)(C)N1,1.199947058,train,butina,24,,,,
Cc1nnc(-c2ccc3occ(-c4ccc(S(C)=O)cc4)c3c2)o1,0.193402903,train,butina,24,,,,
Cc1ncsc1C(=O)N1CCCCC1c1nc(N)ncc1-c1cccc(C(F)(F)F)c1,0.615318657,train,butina,24,,,,
O=C(Nc1ccc2ccccc2n1)c1ccc(N2CCOC2=O)cc1,0.449015316,train,butina,24,,,,
O=C(CCNC(=O)c1ccc(OC(F)(F)F)cc1)N[C@@H]1CCCc2ccccc21,0.526080692,train,butina,24,,,,
O=S(=O)(c1cccc2cnccc12)N1CCCNCC1,1.892077899,train,butina,24,,,,
C=CC(=O)Nc1cccc(Oc2nc(Nc3ccc(N4CCN(C)CC4)cc3)nc3ccoc23)c1,0.146128036,train,butina,24,,,,
O=C(Nc1nc2cccc(-c3ccc(CN4CCS(=O)(=O)CC4)cc3)n2n1)C1CC1,1.681349797,train,butina,24,,,,
CCn1c(CO)nn(-c2cc(O[C@@H](C)C(F)(F)F)c(C(=O)Nc3c(F)cccc3Cl)cc2F)c1=O,0.975753389,train,butina,24,,,,
CCN(C/C=C\c1ccc(C2CCCCC2)c(Cl)c1)C1CCCCC1,-0.853871964,train,butina,24,,,,
NCCN1CCN(C/C=C/C(=O)N2CCC[C@@H](n3nc(-c4ccc(Oc5ccccc5)cc4)c4c(N)ncnc43)C2)CC1,0.699837726,train,butina,24,,,,
Cn1c(C2CC2)nc2c1CCN(c1ncnc3ccsc13)C2,1.237065953,train,butina,24,,,,
CC/C(=C(\c1ccccc1)c1ccc(OCCN(C)C)cc1)c1ccccc1,-0.580044252,train,butina,24,,,,
COc1nn(C)cc1C(=O)Nc1cccc2cnccc12,1.504729052,train,butina,24,,,,
CNC(=O)C1(Cc2ccc(-c3ccncc3)cc2)CCN(Cc2cccc(F)c2)C1,1.10503305,train,butina,24,,,,
Cc1ncc(CN2CCC(Nc3ccc4nnnn4n3)C(C)C2)s1,1.652285029,train,butina,24,,,,
Cc1nc(Nc2nccs2)cc(C2CN(c3ncccn3)C2)n1,0.444669231,train,butina,24,,,,
COc1ccc(Nc2c(C#N)cnc3cc(OC)c(OC)cc23)cc1Cl,-0.033858267,train,butina,24,,,,
COc1ccc(CCCN2CCN(c3cnn(C)c3)C(=O)C2)cc1F,1.343408594,train,butina,24,,,,
Cc1noc(C(C)C)c1C(=O)N1CC(C)OC(c2ccccc2)C1,1.180469962,train,butina,24,,,,
Cc1c(F)cccc1NC(=O)CN1[C@H]2CCCC(=O)N[C@@]2(C)C[C@H]1Cc1ccccc1,0.595275712,train,butina,24,,,,
O=S(=O)(c1cccc2c(O)nccc12)N1CCCNCC1,1.850223373,train,butina,24,,,,
Cc1ccc(NC(=O)CN2[C@H]3CCCC(=O)N[C@@]3(C)C[C@H]2Cc2ccccc2)cc1F,-0.137272472,train,butina,24,,,,
CN(C)C(=O)C1(Cc2ccccc2-c2cccc(F)c2)CCN(C(=O)C2CC=CCC2)CC1,-0.104025268,train,butina,24,,,,
COCC(=O)N1CCC(Cc2ccccc2-c2cccc(F)c2)(C(=O)NC(C)C)CC1,0.596597096,train,butina,24,,,,
C#C[C@@](C)(CC)NC(=O)c1cc(F)cnc1NC1CC(F)(F)C1,0.671265433,train,butina,24,,,,
Cn1cc(Nc2nc(N)nc(-c3cccc(-n4ccc5cc(C6CC6)cc(F)c5c4=O)c3CO)n2)cn1,0.850401148,train,butina,24,,,,
CNC(=O)C1(Cc2ccc(-c3cccnc3)cc2)CCN(Cc2ccc(F)cc2)C1,1.021602716,train,butina,24,,,,
CNC(=O)C1(Cc2ccc(-c3cccnc3)cc2)CCN(Cc2cccc(F)c2)C1,0.829753919,train,butina,24,,,,
CC(=O)Nc1ncc(CN2CCCC[C@@H]2C)s1,2.0,train,butina,24,,,,
CCOc1cc(CC(=O)N[C@@H](CC(C)C)c2ccccc2N2CCCCC2)ccc1C(=O)O,0.106870544,train,butina,24,,,,
CC(O)(C#Cc1ccc2c(c1)N(c1nc(N)ncc1Cl)CC2)c1nccs1,-0.122628654,train,butina,24,,,,
COCCc1noc(CN2CC(c3ccccc3)(c3ccccc3)CCC2=O)n1,1.167051359,train,butina,24,,,,
Cc1oc2ccccc2c1CNc1nnc(-c2ccncc2)o1,0.717254313,train,butina,24,,,,
O=C(Nc1cccc2ncccc12)[C@H]1CCCN(S(=O)(=O)c2ccccc2)C1,1.222560409,train,butina,24,,,,
C[C@@H]1Cc2ccccc2N1C(=O)Cn1nc(-c2cccc3ncccc23)oc1=O,0.224014811,train,butina,24,,,,
Nc1ncnc2c1c(-c1cnc3[nH]ccc3c1)nn2C1CCCC1,0.862608364,train,butina,24,,,,
O=C(Nc1cnccc1-c1ccc(Cl)cc1)c1ccnc(NC(=O)C2CC2)c1,0.369957607,train,butina,24,,,,
CN1C(N)=N[C@](C)(c2cc(NC(=O)c3ccc(F)cn3)ccc2F)CS1(=O)=O,1.560468571,train,butina,24,,,,
CC1CN(C(=O)c2cccnc2N2CCOCC2)CC(c2ccccc2)O1,1.573185017,train,butina,24,,,,
Cc1cc(Nc2cnccn2)cc(C2CCCN(CC(=O)N3CCCC3)C2)n1,1.642246824,train,butina,24,,,,
Cc1cccnc1Nc1cccc(C2CCCN(CC(=O)Nc3nccs3)C2)n1,0.180699201,train,butina,24,,,,
CN(C)C(=O)C1(Cc2ccccc2-c2ccccc2)CCN(C(=O)c2cnn(C)c2)CC1,1.041353202,train,butina,24,,,,
CC1(C)CC(=O)C2=C(C1)NC(=O)CC2c1ccc(Br)cc1,1.159236233,train,butina,24,,,,
CN1CCN(S(=O)(=O)c2ccc(-c3cnc(N)c(C(=O)Nc4cccnc4)n3)cc2)CC1,1.078638038,train,butina,24,,,,
COc1cc2ncnc(Nc3cccc(O)c3)c2cc1OC,0.994317153,train,butina,24,,,,
CC1(CNC(=O)c2cncc(C3CCNCC3)n2)CCCO1,1.988550039,train,butina,24,,,,
Cc1cc(N2CCCC2)nc(C2CCCN(C)C2)n1,2.0,train,butina,24,,,,
O=C1NCCSc2c1sc1ccc(O)cc21,0.891593204,train,butina,24,,,,
C[C@H]1CN(C2COC2)CCN1c1ccc(Nc2cc(-c3ccnc(N4CCn5c(cc6c5CC(C)(C)C6)C4=O)c3CO)cn(C)c2=O)nc1,1.209139536,train,butina,24,,,,
C=CC(=O)Nc1cccc(Nc2nc(Nc3ccc(Oc4ccnc(C(=O)NC)c4)cc3)ncc2F)c1,-0.403402904,train,butina,24,,,,
C=CC(=O)N(C)CCOc1c(N)ncnc1-c1cc(F)cc(NC(=O)c2ccc(C3CC3)cc2F)c1C,0.838502776,train,butina,24,,,,
CC#CC(=O)N1CCC[C@@H]1c1nc(-c2ccc(C(=O)Nc3ccccn3)cc2)c2c(N)nccn12,0.975868182,train,butina,24,,,,
CC(=O)NCCNc1cc(Cl)nn2c(-c3cccc(S(=O)(=O)N(C)C)c3)c(C)nc12,0.681693392,train,butina,24,,,,
Cc1c[nH]c(=O)n1-c1ccc(C(=O)Nc2ccc3ccccc3n2)cc1,0.639386869,train,butina,24,,,,
CNC(=O)c1cccc(NC(=O)N2CCC(Oc3ccccc3Cl)CC2)c1,1.068760828,train,butina,24,,,,
COc1ccc(OCC(=O)Nc2cccc(Cl)c2N2CCN(C(C)=O)CC2)cc1,0.700790221,train,butina,24,,,,
c1ccc(-c2ccc(CN3CCCCCCC3)cc2)cc1,-0.614393726,train,butina,24,,,,
CC(=O)N1CCN(c2c(Cl)cccc2NC(=O)COc2ccccc2Cl)CC1,0.256958153,train,butina,24,,,,
CCC(=O)N1CCN(c2ccc(Cl)cc2NC(=O)COc2ccccc2)CC1,0.250420002,train,butina,24,,,,
Cc1ccc(Oc2ccc(Cl)cc2NC(=O)CN(C)CC(=O)N(C)C)cc1,-0.053056729,train,butina,24,,,,
CC1(C)Cc2cc(NC(=O)c3cnn4cccnc34)c(OCC3CC3)nc2O1,-0.199970641,train,butina,24,,,,
N#Cc1cc(F)c(NS(=O)(=O)c2c[nH]c3cc(Cl)ccc23)cc1F,-0.026872146,train,butina,24,,,,
COc1cc2c(cc1OC)CN(CCc1ccc(NC(=O)c3cccc4c(O)c5cccc(OC)c5nc34)cc1)CC2,-1.207608311,train,butina,24,,,,
COc1ccc([C@H]2c3[nH]c4ccc(Cl)cc4c3CCN2C(=O)Oc2ccc(Cl)cc2)cc1,1.51293775,train,butina,24,,,,
NC(=O)C1(Cc2ccc(-c3ccncc3)cc2)CCN(C(=O)Cc2cccc(F)c2)CC1,1.006508828,train,butina,24,,,,
Cc1cccc(/C=N/Nc2cc(N3CCOCC3)nc(OCCc3ccccn3)n2)c1,-0.548213564,train,butina,24,,,,
N#Cc1ccc(COc2cccc(C3CCN(Cc4nc5ccc(C(=O)O)cc5n4C[C@@H]4CCO4)CC3)n2)c(F)c1,0.402433346,train,butina,24,,,,
CC(C)[C@H](CO)Nc1nc(Nc2cc(N)cc(Cl)c2)c2ncn(C(C)C)c2n1,-0.061980903,train,butina,24,,,,
CC(C)(C)OC(=O)N1CCCC1C(=O)N1CCC(C(=O)N[C@@H](Cc2c[nH]c3ccccc23)C(=O)O)CC1,1.691832676,train,butina,24,,,,
O=C(Nc1cccc2c(=O)cc(-c3nnn[nH]3)oc12)c1ccc(OCCCCc2ccccc2)cc1,0.582744966,train,butina,24,,,,
CC(=O)Nc1ncc(C(=O)O)s1,1.81935965,train,butina,24,,,,
Cc1cccc(-c2nc(C34CCC(C(N)=O)(CC3)CC4)[nH]c2-c2ccc3c(c2)OCO3)n1,1.02011257,train,butina,24,,,,
CC(C)[C@@](C)(O)[C@@H]1CN(c2nc(-c3n[nH]c4ncccc34)c(F)cc2Cl)CCN1,1.302460808,train,butina,24,,,,
Cc1nnc(-c2ccc(N3CCC(Oc4cc(F)ccc4Cl)CC3)nn2)o1,0.161068385,train,butina,24,,,,
Cc1cn2nc(-c3cc(=O)n4cc(N5CCNC6(CC6)C5)ccc4n3)cc(C)c2n1,0.985246791,train,butina,24,,,,
CCCS(=O)(=O)Nc1ccc(F)c(C(=O)c2c[nH]c3ncc(-c4ccc(Cl)cc4)cc23)c1F,-1.59345982,train,butina,24,,,,
CN(C(=O)c1cc(N2CCNC2=O)ccc1F)C1CCNC1,1.885728632,train,butina,24,,,,
Cn1c(-c2n[nH]c3c2CCCC3)nnc1N1CCC2(CNC(=O)C2)C1,1.792986685,train,butina,24,,,,
Cc1nnc(-c2ccc(N3CCC(Oc4ccccc4C(F)(F)F)CC3)nn2)s1,-0.906578315,train,butina,24,,,,
O=C(NCCc1ccccc1)c1ccc(NC(=O)N2CCCCc3ccccc32)cc1,0.075911761,train,butina,24,,,,
CC(C)(C)c1ccc(C(O)CN2CCC(O)(c3ccc4c(c3)OCO4)CC2)cc1,0.779018972,train,butina,24,,,,
NC1CCCC1C(=O)N1CCC(c2c[nH]c3ncccc23)CC1,1.71701274,train,butina,24,,,,
NC1CC(NC(=O)c2ccc(-c3cn[nH]c3)cn2)C12CCC2,1.709702344,train,butina,24,,,,
NC1CCC(C(=O)N2CCC(c3c[nH]c4ncccc34)CC2)C1,1.917395215,train,butina,24,,,,
O=C(NC12CCCC1NCC2)c1ccc(-c2cn[nH]c2)cc1,2.0,train,butina,24,,,,
Cc1nc2cc(C(=O)NC34CCCC3NCC4)ccc2c(=O)[nH]1,1.866494097,train,butina,24,,,,
CCc1c[nH]c2ncnc(N3CCC(CN4CCN(C)CC4)CC3)c12,1.728012707,train,butina,24,,,,
COc1ccc(Cl)cc1C(=O)NCCc1ccc(S(=O)(=O)NC(=O)NC2CCCCC2)cc1,-0.91721463,test,butina,24,0.62132759857,0.53299908773,0.6242857501100001,0.6438972772500002
CCS(=O)(=O)N1CC(CC#N)(n2cc(-c3ncnc4[nH]ccc34)cn2)C1,1.378597739,test,butina,24,1.19837432404,1.1686650733500001,0.7528978496100003,1.1757571228100006
N#CC[C@H](C1CCCC1)n1cc(-c2ncnc3[nH]ccc23)cn1,0.630986911,test,butina,24,1.5089443078999993,1.2856786687599995,0.6199527521700001,0.79210079658
C[C@@H]1c2nnn(-c3ncc(F)cn3)c2CCN1C(=O)c1cccc(C(F)(F)F)c1Cl,0.969089603,test,butina,24,0.81247762464,1.0156907109900002,0.7547772942900004,0.6485830255800002
COc1ccccc1-c1cc(NC(=O)c2cccc(N3CCNC3=O)c2)[nH]n1,-0.397940009,test,butina,24,1.12443940065,0.62248118646,0.6913937383300005,0.9194619686499999
Cc1c(Cl)ccc2cc3n(c12)[C@@H](C)CNC3=O,0.328379603,test,butina,24,1.09560636372,1.22046690966,0.44416086908,1.1686748252900006
Cc1c(C(=O)NCCCN(C)C)sc2ncnc(Nc3ccc(F)cc3OC(C)C)c12,0.741821047,test,butina,24,0.7802159517400004,-0.0606940412,0.37504453084000006,0.12567838112000013
CCN1CCN(S(=O)(=O)Cc2ccc(Cl)c(Cl)c2)CC1,1.249124949,test,butina,24,0.8722850646200001,1.4017218727800003,0.7473701563099999,1.4923387037299995
CN(Cc1ccccc1)C1(C(=O)N2CCNC(=O)CC2)Cc2ccccc2C1,0.904931827,test,butina,24,1.01055463001,1.2638556685200002,0.7771171447600002,1.544206426719999
CCC1=C(C)CN(C(=O)NCCc2ccc(S(=O)(=O)NC(=O)N[C@H]3CC[C@H](C)CC3)cc2)C1=O,-1.180456064,test,butina,24,1.27915375395,0.8790052780800002,0.7632822517200003,0.9232578116500004
COc1ccc(CNC(=O)c2sc3nc(C)cc(C)c3c2N)cc1,-0.356547324,test,butina,24,0.6491032687900002,0.44428265688000024,0.4905593909000001,0.40193880594000025
Cc1cnc(C(=O)NCCc2ccc(S(=O)(=O)NC(=O)NC3CCCCC3)cc2)cn1,0.01745073,test,butina,24,1.1395402237300005,0.7430190878799999,0.65284364272,0.9982254114399995
O=C1CCCC[C@@H]2[C@H](C[C@@H](Cc3ccccc3F)N2C(=O)c2cccc3ncccc23)N1,1.277998644,test,butina,24,1.0477000289600003,0.6928728337300001,0.9558253952100008,0.5703861157300001
Cc1[nH]nc2c1C1(CCCCC1)CC(=O)N2,1.323066376,test,butina,24,1.0671311548400002,1.3827965963199997,0.88171522256,1.8163186386999994
CCCCNC(=O)NS(=O)(=O)c1ccc(C)cc1,0.439332694,test,butina,24,0.9120371725099998,1.0068495516300004,0.6888999833999999,1.3350907055799999
CNC(=O)C1(Cc2ccc(-c3cccnc3)cc2)CCN(Cc2ccccc2Cl)C1,0.387567779,test,butina,24,0.9364508159200002,0.6321791384599998,0.8062739102400001,0.31397026719
Cc1cc(N2CCCC2c2cc(CCC(=O)O)cc(C)n2)ncn1,2.0,test,butina,24,1.1896431621699997,1.23372132807,1.1572320356200003,1.2920580137000008
CCCNC(=O)NS(=O)(=O)c1ccc(Cl)cc1,0.969835093,test,butina,24,0.8100312287199999,1.0597842784500004,0.67991131564,1.4090299871299996
O=C(CN1CCCC(c2cccc(Cc3cccc(F)c3)n2)C1)N1CCCC1,1.062130535,test,butina,24,0.8341671204100001,1.05526525529,0.65695344607,0.84173531028
Cc1cc(C)c2c(N)c(C(=O)NCc3ccc(Cl)cc3)sc2n1,-0.370590401,test,butina,24,0.5953882396400002,0.58863218384,0.3059992190099999,0.24381721823
COCCNC(=O)c1ccnc(C2CCNCC2)c1,2.0,test,butina,24,1.3026924750199997,1.648389947479999,0.9798847121600002,1.4696644902399998
COc1nc2sc(C(=O)NC3CC3)c(N)c2c(C)c1Cl,0.245512668,test,butina,24,0.9106508234199996,0.79060508892,0.6362386735600003,0.8051770709100006
CCn1cc(C(=O)O)c(=O)c2c(N)c(F)c(NC3CCCCC3)cc21,0.427486109,test,butina,24,0.6608959133400001,0.6660830786800004,0.5775660900200003,0.6951769791300001
CCCc1nc2nc(C)c(NS(=O)(=O)c3ccc(C4CCCCC4)cc3)c(O)n2n1,-0.218963061,test,butina,24,0.8934044073599994,0.29586830093,0.8844186987000004,0.6734286747100003
CC(=O)Nc1ccc(O)cc1,1.887859133,test,butina,24,0.9662816123000002,1.09815532616,0.6438544452800002,1.4689772208299996
O=C(NC1CCNCC1)c1ccc2[nH]ncc2c1,1.842696589,test,butina,24,1.3081422501900004,1.5126697197199999,1.0961448190100005,1.5131554074199993
CCn1c(=O)oc2cc(NC(=O)c3ccc(C(C)(C)C)cc3)ccc21,0.21005085,test,butina,24,0.8090353870100004,0.55624988023,0.78025975736,0.5673329998300002
COc1ccc(OC[C@@H]2c3cc(OC)c(OC)cc3CCN2C(=O)c2cccc(Cl)c2)cc1,-0.116906641,test,butina,24,0.64235693324,0.6442940206100001,0.52816210365,-0.07736907494999999
O=C(NC1CCNCC1)c1ccc2cn[nH]c2c1,2.0,test,butina,24,1.2774140772600002,1.5330461557299997,1.2093249432000004,1.5270627039899995
COc1cc2nc(-c3cc(F)ccc3O)nc(N[C@@H]3CNC[C@H]3C(C)(C)O)c2cc1OC.Cl,-1.119186408,test,butina,24,0.8586393661300002,0.6656707578300002,0.3723911222999998,0.7196456993400001
Cc1ccc(OCC2(O)CCN(CC3(O)CCN(c4ccccc4C)CC3)CC2)cc1,-0.040481623,test,butina,24,0.5955815573199997,0.30229936279,0.78298965149,0.8997594756100002
O=C(Nc1cccc(N2CCNC2=O)c1)C1NCC12CCCC2,1.718202645,test,butina,24,0.84033689641,1.4907079745300005,1.3106919911800003,1.8097578578299989
NCC1CCCC1NC(=O)c1cc(N2CCNC2=O)ccc1F,1.87495702,test,butina,24,1.23077534865,1.574853781999999,1.26691469357,1.8427348798399985
NC[C@H]1CC[C@@H](C(=O)Nc2ccc3[nH]ncc3c2)O1,1.981999714,test,butina,24,1.0543364796100005,1.4488060212499994,1.0605324243900003,1.867068395749999
CN(C(=O)c1cc(N2CCNC2=O)ccc1F)C1CCC(N)CC1,1.828717885,test,butina,24,1.4482137538599995,1.5697781573199998,1.2009899679200002,1.783605779409999
NC1CCCC(C(=O)Nc2ccc3[nH]ncc3c2)C1,2.0,test,butina,24,1.0767238116600006,1.2402266333200005,1.3527476286800004,1.856699381989999
NC1CCCC(C(=O)N2CCC(c3c[nH]c4ncccc34)CC2)C1,1.752816431,test,butina,24,1.7814953330099998,1.6155776345800001,1.70867115446,1.5917914526700003
CNc1nc(C)cc(C(=O)Nc2ccc3[nH]ncc3c2)n1,1.493625323,test,butina,24,0.8579599682900003,1.0579513446800002,1.0626091977700003,1.0599298950500005
O=C(Nc1ccc(CN2CCCCC2)cc1)c1ccnc2[nH]cnc12,1.767526899,test,butina,24,0.4729865975899999,0.85399813122,0.7460375400000003,0.6911336142500001
NC(=O)c1cnc(N2CCc3[nH]nc(C(F)(F)F)c3C2)c(Cl)c1,0.986009932,test,butina,24,0.8371457554400002,1.1253919768800003,1.1574256528499998,1.2152026252800001
NC1CCCC(C(=O)Nc2cccc(N3CCNC3=O)c2)C1,1.763113391,test,butina,24,1.1348127896499993,1.3599020391499999,1.43379981579,1.8332633676599992
CC1CC(N)CCN1C(=O)c1cc(N2CCNC2=O)c(F)cc1F,1.833504094,test,butina,24,1.3550021678500002,1.34675499223,1.3126820802800006,1.7994513987699998
c1sc(NCC2CCCO2)nc1C12CC3CC(CC(C3)C1)C2,-1.096910013,test,butina,24,1.2197262271999996,1.3993884727199997,1.13113679489,0.87486079612
