,Molecule ChEMBL ID,Smiles,Standard Value
45,CHEMBL198701,COc1ccc(Cl)c(Nc2ncnc3cc(OCCN4CCN(C(C)=O)CC4)cc(OC(C)C)c23)n1,4.630427875025024
46,CHEMBL199147,CCN(C(=O)Cc1ccc(S(C)(=O)=O)cc1)C1CCN(CCC(c2ccc(F)cc2)c2ccc(F)cc2)CC1,4.8401060944567575
47,CHEMBL2164689,N#CC1(NC(=O)[C@@H]2CCCC[C@H]2C(=O)N2CCc3[nH]c4ccc(C(F)(F)F)cc4c3C2)CC1,4.869818207979328
78,CHEMBL65877,CN(C)C(=N)c1ccc(C(=O)N2CCN(S(=O)(=O)c3ccc4cc(Br)ccc4c3)CC2)cc1,6.120014252078067
90,CHEMBL257176,N#Cc1cccnc1-c1ccc(C(=O)Nc2ccccc2N)cc1,4.550228353055094
91,CHEMBL570081,N=C(N)c1ccc2cc(C(=O)Nc3ccc4c(c3)OCO4)ccc2c1,4.650307523131937
92,CHEMBL2158466,CCCSc1nc(NC)ccc1C(=O)N[C@H]1C2CC3CC1C[C@](O)(C3)C2,4.670245853074124
93,CHEMBL398894,NS(=O)(=O)c1cccc(Nc2nccc(Nc3cccc4[nH]ncc34)n2)c1,4.710117365111817
94,CHEMBL334492,O=c1[nH][nH]c(=O)c2c1[nH]c1cc(Cl)cc(Cl)c12,4.7596678446896306
95,CHEMBL515854,COCCS(=O)(=O)c1ccc(Nc2nccc(-c3cnc(C)n3C(C)C)n2)cc1,4.790285164033242
150,CHEMBL145128,CNC(=O)[C@@H](NC(=O)[C@H](CC(C)C)[C@@H](Sc1ccccc1)C(=O)NO)C(C)(C)C,4.920123326290724
159,CHEMBL119426,CC(C)(C)Cn1c2ccccc2c2cc(NC(=O)N3CCOCC3)ccc21,2.0
229,CHEMBL1497967,CN(C(=O)c1ccco1)c1nnc(C23CC4CC(CC(C4)C2)C3)s1,3.4771212547196626
230,CHEMBL1374655,COc1ccc(-c2nnc(-c3ccccc3)o2)cc1,3.6127838567197355
231,CHEMBL1079175,NC1(c2ccc(-c3nc4ccn5c(=O)[nH]nc5c4cc3-c3ccccc3)cc2)CCC1,3.6720978579357175
253,CHEMBL98,O=C(CCCCCCC(=O)Nc1ccccc1)NO,6.090011024007147
264,CHEMBL1977402,Cc1cc(S(=O)(=O)Nc2nc(Nc3ccc(Cl)cc3)n[nH]2)c(S)cc1Cl,4.940018155007663
265,CHEMBL2036745,O=C(O)C[C@H]1CC[C@H](c2ccc(NC(=O)c3nnc(Nc4ccccc4F)o3)cc2)CC1,5.089905111439398
266,CHEMBL2042442,O=c1cc(-c2ccco2)[nH]c2ccccc12,5.059941888061955
267,CHEMBL473967,CC1(C)Oc2ncnc(N)c2N=C1c1ccc([C@H]2CC[C@H](CC(=O)O)CC2)cc1,5.0700378666077555
321,CHEMBL1369237,O=C(NNc1nc2ccccc2o1)c1ccccc1,5.109915863023793
322,CHEMBL2140607,CCn1c(-c2nonc2N)nc2c(C#CC(C)(C)O)ncc(OCC3CCCNC3)c21,5.130011949671904
323,CHEMBL1940111,COc1cccc(NC(=O)Cn2cc(Oc3ncnc4cc(OC)c(OCCN5CCCCC5)cc34)cn2)c1,5.150142161848558
334,CHEMBL2031236,Cc1ccc(NC(=O)c2cscn2)cc1-n1cnc2ccc(N3CCN(C)CC3)cc2c1=O,5.660011221289331
393,CHEMBL1321598,Nc1nnc(-c2ccccc2F)s1,5.49996186559619
394,CHEMBL2031164,O=C(N[C@@H](Cc1ccc(OCCNc2nc3ccccc3[nH]2)cc1)C(=O)O)c1c(Cl)cccc1Cl,5.510008512940234
395,CHEMBL1194325,O=C(O[C@H]1C[N+]2(CCCOc3ccccc3)CCC1CC2)C(O)(c1cccs1)c1cccs1,5.529943401658669
405,CHEMBL1643200,Cc1cc(CN2Cc3ccccc3C[C@H]2C(=O)Nc2ccc(Cl)cc2Cl)ccc1OCC(=O)O,5.539953841656397
406,CHEMBL396743,Cc1cc(C)c(C(=O)N[C@@H](CNC(=O)CO[C@@H]2C[C@@H](CNc3ccccn3)N(C(=O)OCc3ccccc3)C2)C(=O)O)c(C)c1,5.589949601325708
409,CHEMBL566277,CCSc1nc2c(N)ncnc2[nH]1,5.639984248041588
410,CHEMBL362902,Cc1ccc(NC(=O)c2ccnc(N3CCOCC3)c2)cc1Nc1ccnc(OCC(C)(C)CN(C)C)n1,5.690018780788695
411,CHEMBL130008,O=C(O)c1cc2c(F)cccc2n1Cc1ccc(Cl)c(Cl)c1,5.719993826367604
412,CHEMBL130936,O=C(O)c1cc2cc([N+](=O)[O-])ccc2n1Cc1ccc(Cl)c(Cl)c1,5.73996769675951
444,CHEMBL117563,Cc1cccc2c3cc(NC(=O)N4CCOCC4)ccc3n(C(C)C)c12,3.7075701760979363
454,CHEMBL1179325,CN(C)CCSc1nc2ccc(Br)cc2cc1-c1ccccc1,3.9777236052888476
473,CHEMBL100391,CN(C)CC(O)COc1ccc(Nc2ncc(Cl)c(Nc3ccccc3)n2)cc1,4.589949601325708
474,CHEMBL194499,CC(C)Oc1cc(OCC2CCCC2)cc(C(=O)Nc2ccc(C(=O)O)cn2)c1,4.65991620006985
475,CHEMBL96076,COc1ccc(CN2CCc3c([nH]c4ccccc34)C2)cc1OC,4.710117365111817
476,CHEMBL2086676,Cc1cc(COc2cnc(N3CCN(C(=O)OC(C)(C)C)CC3)nc2)ccn1,4.820201459485641
477,CHEMBL515839,Cc1ncc(-c2ccnc(Nc3ccc(S(=O)(=O)CC4CCCO4)cc3)n2)n1C(C)C,4.8401060944567575
495,CHEMBL1951011,Cc1c(Oc2ccc(S(C)(=O)=O)cc2F)ncnc1OC1CCN(C(=O)OC(C)C)CC1,3.4771212547196626
496,CHEMBL277535,c1ccc(-c2ccc(C(c3ccccc3)n3ccnc3)cc2)cc1,3.041392685158225
497,CHEMBL2010842,CN(C(=O)Cc1ccc(-n2cnnn2)cc1)C1CCN(Cc2nc3cc(F)ccc3s2)CC1,3.1760912590556813
500,CHEMBL1483,CCCSc1ccc2[nH]c(NC(=O)OC)nc2c1,3.2041199826559246
525,CHEMBL38688,c1ccc(Nc2ccccc2)cc1,5.2499317566341945
526,CHEMBL463978,Cc1c(Cl)cccc1S(=O)(=O)Nc1nc(CC(=O)N2CCN(C)CC2)cs1,6.040008636013542
596,CHEMBL2178735,Nc1ccc(C(=O)Nc2cccc(-c3nc(N4CCOCC4)c4oc5ncccc5c4n3)c2)cn1,2.6989700043360187
597,CHEMBL1292,CC(C)/N=c1\cc2n(-c3ccc(Cl)cc3)c3ccccc3nc-2cc1Nc1ccc(Cl)cc1,2.845098040014257
605,CHEMBL1940108,COc1cccc(NC(=O)Cn2cc(Oc3ncnc4cc(OC)c(OC)cc34)cn2)c1,3.462397997898956
606,CHEMBL1743245,Cc1ccccc1/N=N/c1ccc(NC(=O)c2ccnn2C)c(C)c1,3.505149978319906
611,CHEMBL296572,COc1cccc(-c2c[nH]c(-c3ccccc3)n2)c1,4.559906625036112
612,CHEMBL468970,Clc1ccc2c(c1Nc1ccnc(Nc3cc(N4CCOCC4)cc(N4CCOCC4)c3)n1)OCO2,4.489958479424835
616,CHEMBL170012,O=C(Nc1ccccc1)Nc1ccncc1,6.130011949671904
620,CHEMBL2071509,CC(C)C(NC(=O)c1cnoc1C(C)(C)C)C(=O)c1ccc(C#N)cc1,4.301029995663981
634,CHEMBL585,Nc1nc(N)c2nc(-c3ccccc3)c(N)nc2n1,4.9898945637187735
641,CHEMBL1688539,Fc1ccc(Nc2ncnc3ccccc23)cc1Cl,3.8920946026904804
644,CHEMBL199110,COc1cnc(Cl)c(Nc2ncnc3cc(OCCN4CCN(C(C)=O)CC4)cc(OC(C)C)c23)n1,4.350248018334163
662,CHEMBL2171990,CS(=O)(=O)c1ccc(N2CCN(C(=O)[C@@H]3CCCC[C@H]3C(=O)NCC#N)CC2)cc1,5.439963935920905
663,CHEMBL1170047,NC(=O)c1ccc(I)c([N+](=O)[O-])c1,5.6200318951262975
664,CHEMBL2338347,CS(=O)(=O)c1ccc([C@@H](CC2CCCC2)C(=O)Nc2cnc([C@H](O)CO)cn2)cc1Cl,5.6699673699085045
667,CHEMBL1835906,CCOC(=O)c1ccc(OCCC2CN(c3ccc(C)nn3)CCO2)cc1,4.198657086954422
683,CHEMBL114,CC(C)(C)NC(=O)[C@@H]1C[C@@H]2CCCC[C@@H]2CN1C[C@@H](O)[C@H](Cc1ccccc1)NC(=O)[C@H](CC(N)=O)NC(=O)c1ccc2ccccc2n1,4.559906625036112
684,CHEMBL2153176,CCCSc1ncccc1C(=O)NC1CCC(F)(F)CC1,4.780317312140151
685,CHEMBL1064,CCC(C)(C)C(=O)O[C@H]1C[C@@H](C)C=C2C=C[C@H](C)[C@H](CC[C@@H]3C[C@@H](O)CC(=O)O3)[C@H]21,3.3979400086720375
686,CHEMBL2023482,CCc1cc(NC(=O)Cc2ccc(Oc3ccnc4cc(OC)ccc34)cc2OC)no1,3.6232492903979003
689,CHEMBL1091644,C[C@]1(O)C[C@@H](c2nc(-c3ccc4ccc(-c5ccccc5)nc4c3)c3c(N)nccn32)C1,3.113943352306837
697,CHEMBL1480201,O=S(=O)(c1ccc(F)cc1)N1CCCN(c2nccc(C(F)(F)F)n2)CC1,2.9542425094393248
702,CHEMBL1186585,O=c1cc(CN2CCOCC2)occ1OCCCCCSc1ccnc2cc(C(F)(F)F)ccc12,4.889861721258188
709,CHEMBL549344,CCc1nc2c(N)nc3ccccc3c2n1CCCCNS(C)(=O)=O,5.729974285699556
710,CHEMBL2031237,Cc1ccc(NC(=O)c2cncs2)cc1-n1cnc2ccc(N3CCN(C)CC3)cc2c1=O,5.729974285699556
711,CHEMBL1587688,COc1ccc(Br)c2c1C(=O)CC2,5.880012838366771
744,CHEMBL1163767,O=C(c1ccc(F)cc1)C1CCN(C(=O)c2ccccc2OC(F)(F)F)CC1,5.159867847092567
745,CHEMBL2336319,COc1ccc(-c2ccc3c(N4CCOC[C@@H]4C)nc(N4CCOC[C@@H]4C)nc3n2)cc1C(C)O,5.20002926655377
746,CHEMBL1835909,CCOC(=O)c1ccc(OCC2CCN(c3ccc(C)nn3)C2)cc1,5.229937685907934
747,CHEMBL367586,CN(C(=O)Cc1ccccc1)C1CCN(CCC(c2ccccc2)c2ccccc2)CC1,5.229937685907934
748,CHEMBL254359,Nc1ccccc1NC(=O)c1ccc(N2CCOCC2)cc1,5.260071387985075
749,CHEMBL1399574,CCOc1ccc(NC(=O)CCc2c(C)nc3nc(C)nn3c2C)cc1,5.279894980011638
750,CHEMBL25630,COc1cc2c(Nc3ccc(Br)cc3F)ncnc2cc1OC/C=C/CN1CCCC1,5.380030247967831
811,CHEMBL430407,Cc1ccc(Oc2ccc(Nc3ncnc4cccc(O[C@@H](C)C(=O)N5CCOCC5)c34)cc2C)cn1,4.4996870826184034
815,CHEMBL1835912,CCOC(=O)c1ccc(OCCC2CCN(c3ccc(C)nn3)CC2)nc1,4.949877704036875
820,CHEMBL1091137,CC/C(=C(/c1ccc(O)cc1)c1ccc(/C=C/C(=O)O)cc1)c1ccccc1,3.0
822,CHEMBL2031224,COc1ccccc1C(=O)Nc1ccc(C)c(-n2cnc3ccc(N4CCN(C)CC4)cc3c2=O)c1,4.88024177589548
823,CHEMBL2023474,CCn1cc(NC(=O)Cc2ccc(Oc3ccnc4cc(F)ccc34)cc2OC)cn1,3.3010299956639813
824,CHEMBL578235,Cc1cc(Oc2ccnc(Nc3ccc(S(N)(=O)=O)cc3)c2)c(-c2ccccn2)nc1C,3.3979400086720375
825,CHEMBL1089168,O=C(NCCNC(=O)c1cn(-c2ccccc2)nc1C(F)(F)F)c1ccc(Cl)cn1,3.531478917042255
828,CHEMBL233447,O=C(NC1Cc2ccccc2N(CCO)C1=O)c1cc2cc(Cl)sc2[nH]1,4.139879086401237
849,CHEMBL193544,CN1CCC(Oc2cccc3ncnc(Nc4ccc(OCc5ccccn5)c(Cl)c4)c23)CC1,3.1760912590556813
853,CHEMBL495201,CS(=O)(=O)N1CC2(CCN(C(=O)Nc3cnc(-c4ccccc4)cn3)CC2)c2ccccc21,2.3010299956639813
854,CHEMBL205526,CC(C)Cn1c(=O)n(C)c(=O)c2c(SCCCO)c(Cc3cccc4ccccc34)sc21,2.3010299956639813
856,CHEMBL309573,COCCNS(=O)(=O)c1ccc(Nc2nccc(-c3cnc4ccccn34)n2)cc1,2.845098040014257
864,CHEMBL1669158,CCOc1cc(-c2cccc3c(=O)cc(N4CCOCC4)oc23)ccc1NC(=O)CN1CCOCC1,3.146128035678238
867,CHEMBL476518,Cc1ncc(-c2ccnc(Nc3ccc(N(C)C)cc3)n2)n1C(C)C,5.0
868,CHEMBL1313164,Cc1nc(CSc2ccc(Cl)cc2)cc(N2CCOCC2)n1,5.030194785356751
869,CHEMBL1485846,Oc1nc(-c2ccccc2)c(-c2ccccc2)o1,5.030194785356751
870,CHEMBL208197,CC(C)Oc1cc(O[C@H](C)c2ccccc2)cc(C(=O)Nc2ccc(C(=O)O)cn2)c1,5.049992856920142
871,CHEMBL488084,Cc1ncc(-c2ccnc(Nc3ccc(C(N)=O)cc3)n2)n1C(C)C,5.130011949671904
898,CHEMBL2164690,CC(C)c1ccc2[nH]c3c(c2c1)CN(C(=O)[C@@H]1CCCC[C@H]1C(=O)NC1(C#N)CC1)CC3,4.920123326290724
899,CHEMBL399772,Cc1cc(C)cc(-c2[nH]c3sc(C(C)(C)C(=O)N4C5CCC4CC5)cc3c2CCN2CCN(CC(=O)N3CCOCC3)CC2)c1,4.940018155007663
900,CHEMBL179877,CCN(C(=O)Cc1ccc(S(N)(=O)=O)cc1)C1CCN(CCC(c2ccccc2)c2ccccc2)CC1,4.949877704036875
901,CHEMBL2031241,Cc1ccc(C(=O)Nc2nccs2)cc1-n1cnc2ccc(N3CCN(C)CC3)cc2c1=O,4.9599948383284165
902,CHEMBL249982,Cc1cc(C)cc(-c2[nH]c3sc(C(C)(C)C(=O)N4C5CCC4CC5)cc3c2CCN2CCC(C(=O)N3CCOCC3)CC2)c1,4.9599948383284165
903,CHEMBL212731,CCN(C(=O)Cc1ccc(S(C)(=O)=O)cc1)C1CCN(CC[C@H](c2ccc(S(C)(=O)=O)cc2)c2cccc(F)c2)CC1,5.369957607346053
904,CHEMBL81624,COc1cc(C(=O)NS(=O)(=O)c2ccccc2)ccc1Cn1ncc2ccc(NC(=O)CC3CCCC3)cc21,5.400019635065158
945,CHEMBL1778370,COC[C@H](C)Oc1cc(Oc2cccc(F)c2)cc(C(=O)Nc2ccc(C(=O)O)cn2)c1,6.140004950619449
1006,CHEMBL1090123,CSc1nc(N)n2nc(-c3ccco3)nc2n1,5.1801258751640535
1007,CHEMBL413997,C[C@H](Oc1cccc2ncnc(Nc3ccc4c(cnn4Cc4ccccn4)c3)c12)C(=O)N1CCOCC1,5.220108088040055
1008,CHEMBL1534607,CCC(C)(C)NC(=O)Cc1ccc(C)cc1,5.380030247967831
1044,CHEMBL126519,CCCc1c(O)c(O)c(C(=O)O)c2cc(Cc3ccccc3)c(C)cc12,5.310055737750892
1045,CHEMBL2178943,Cc1nc(C)c(-c2ccc([C@H]3CC[C@H](CC(=O)O)CC3)c(Cl)c2)nc1C(N)=O,5.319938439980309
1046,CHEMBL386253,COc1cc2c(Nc3cc(CC(=O)Nc4cccc(F)c4)[nH]n3)ncnc2cc1OCCCNCCO,5.340047317661393
1047,CHEMBL393717,O=C(NCC12CC3CC(CC(C3)C1)C2)c1cc(N2CCNCC2)ccc1Cl,5.35005409357903
1048,CHEMBL318021,CC(CCc1cccc(OCc2ccc3ccccc3n2)c1)CC(=O)O,5.3600250891893975
1049,CHEMBL443809,CS(=O)(=O)n1c2ccccc2c2cc(NC(=O)N3CCOCC3)ccc21,5.400019635065158
1050,CHEMBL2036742,O=C(O)Cc1cccc(-c2ccc(NC(=O)c3nnc(Nc4ccccc4F)o3)cc2)c1,5.409933123331294
1094,CHEMBL461914,NC(=O)Nc1sc(-c2ccccc2)cc1C(=O)Nc1ccccc1,2.7781512503836434
1119,CHEMBL85752,CC(C)Cn1c(=O)n(C)c(=O)c2c(SCCCO)n(Cc3cccc4ccccc34)cc21,3.361727836017593
1120,CHEMBL419716,O=C(NCc1ccc(C(=O)Nc2ccccc2O)cc1)OCc1cccnc1,3.5440680443502757
1121,CHEMBL185658,CC(=O)Nc1ccc(CNc2[nH]nc3cccc(Oc4ccc(S(C)(=O)=O)cc4)c23)cc1,3.6334684555795866
1122,CHEMBL1082152,Cn1cc(C2=C(c3cccc(NCC(O)CO)c3)C(=O)NC2=O)c2cc(F)ccc21,3.6434526764861874
1123,CHEMBL2325704,CS(=O)(=O)C1(c2cc(N3CCOCC3)nc(-c3cccc4[nH]ccc34)n2)CC1,3.662757831681574
1124,CHEMBL2036594,COc1cccc(Nc2nnc(C(=O)Nc3ccc(N4CCOCC4)nc3)o2)c1,3.662757831681574
1125,CHEMBL264961,CNC(=O)c1ccc(CN2CCC(c3ccc(C(=O)Nc4ccccc4N)cc3)CC2)cc1,3.681241237375587
1130,CHEMBL180334,CN(C(=O)Cc1ccc(F)cc1)C1CCN(CCC(c2ccccc2)c2ccccc2)CC1,5.109915863023793
1131,CHEMBL215022,O=C(Cc1cc(Nc2ncnc3cc(OCCCN4CCC[C@@H]4CO)ccc23)n[nH]1)Nc1cccc(F)c1F,5.150142161848558
1132,CHEMBL1389402,Cc1onc(CO)c1C(=O)Nc1nccs1,5.159867847092567
1140,CHEMBL2325719,Cc1ccc2[nH]ccc2c1-c1nc(N2CCOCC2)cc(C2(S(C)(=O)=O)CC2)n1,4.980003371583746
1141,CHEMBL2336324,C[C@H]1COCCN1c1nc(N2CCOC[C@@H]2C)c2ccc(-c3ccc4nc[nH]c(=O)c4c3)nc2n1,5.019946681678842
1142,CHEMBL1944690,O=c1[nH]c2c(O)ccc([C@@H](O)CNCCc3cccc(CNCCc4ccccc4Cl)c3)c2s1,5.0700378666077555
1143,CHEMBL254165,Nc1ccccc1NC(=O)c1ccc(C2CCN(Cc3ccccc3)CC2)cc1,5.089905111439398
1144,CHEMBL373003,Cc1c(Br)sc2nc(O)c(-c3ccccc3)c(O)c12,3.591064607026499
1151,CHEMBL496942,Cn1c(=O)n(Cc2ccc(C(=O)O)cc2)c(=O)c2cc(C#CCc3ccccc3)ccc21,3.4771212547196626
1152,CHEMBL2036733,Cc1cccc(Nc2nnc(C(=O)Nc3ccc(N4CCOCC4)nc3)o2)c1,3.681241237375587
1153,CHEMBL2325699,CS(=O)(=O)C1(c2cc(N3CC4CCC(C3)O4)nc(-c3cccc4[nH]ccc34)n2)CC1,3.690196080028514
1161,CHEMBL304087,COc1cc(NC(=O)Nc2cccc(CNC(=O)O[C@H]3CCOC3)c2)ccc1-c1cnco1,3.113943352306837
1162,CHEMBL1448393,CCOC(=O)c1ccccc1-c1csc(NS(=O)(=O)c2ccc(Cl)cc2)n1,3.146128035678238
1163,CHEMBL183843,COc1ccc(C(=O)Nc2cccc(NC(=O)c3cccc(N(C)C)c3)c2)cc1OC,3.146128035678238
1164,CHEMBL31733,COc1cc2ncc(C#N)c(Nc3ccc(Oc4ccccc4)cc3)c2cc1OC,3.146128035678238
1165,CHEMBL2325708,CC(C)S(=O)(=O)C1(c2cc(N3CCOCC3)nc(-c3cccc4[nH]ccc34)n2)CC1,3.1760912590556813
1166,CHEMBL403594,CNC(=O)[C@@H](C)Oc1cccc2ncnc(Nc3ccc(OCc4ccccn4)c(Cl)c3)c12,3.2041199826559246
1167,CHEMBL1200139,CC(=O)N1CCC(n2cc(-c3cnc(N)c(-c4nc5ccccc5o4)c3)cn2)CC1,3.230448921378274
1168,CHEMBL2325705,CS(=O)(=O)C1(c2cc(N3CCOCC3)nc(-c3cccc4[nH]ccc34)n2)CCOCC1,3.255272505103306
1169,CHEMBL2147032,O=C1COC2(CCN(S(=O)(=O)c3ccc(-c4ccc5cccnc5c4)cc3)CC2)CN1C1CC1,3.278753600952829
1170,CHEMBL1940259,COc1cccc(NC(=O)Cc2ccc(Oc3ncnc4cc(OC)c(OC)cc34)cc2)c1,3.3010299956639813
1171,CHEMBL1865824,Cc1ccc(C(=O)C2CCN(S(=O)(=O)c3c(C)noc3C)CC2)cc1,3.322219294733919
1172,CHEMBL249927,O=C(CO)N1CCC[C@@H]1COc1cccc2ncnc(Nc3ccc(OCc4ccccn4)c(Cl)c3)c12,3.342422680822206
1173,CHEMBL430503,CN(C)C(=O)[C@H](Cc1ccccc1)NC(=O)c1cc2cc(Cl)ccc2[nH]1,3.4149733479708178
1183,CHEMBL249772,Cc1cc(C)cc(-c2[nH]c3sc(C(C)(C)C(=O)N4C5CCC4CC5)cc3c2CCN2CCC(CC(=O)N3CCOCC3)CC2)c1,3.278753600952829
1184,CHEMBL471584,N#Cc1nc(NC2CCCCC2)c(N)c(N2CCOCC2)n1,3.505149978319906
1185,CHEMBL256668,C[C@H](CO)Nc1nc(SCc2cccc(F)c2F)nc2[nH]c(=O)cnc12,3.5440680443502757
1188,CHEMBL1824369,N#Cc1ccccc1COc1cc(OCCCN2CCCC2)ccc1C(=O)Nc1cccc(O)c1,5.560026248912893
1189,CHEMBL524165,O=C(c1cc(Cc2n[nH]c(=O)c3ccccc23)ccc1F)N1CCN(C(=O)C2CCOC2)CC1,5.580012112529424
1190,CHEMBL359810,Cc1c(-c2ccccc2F)c(=O)n(C[C@H](N)c2ccccc2)c(=O)n1Cc1c(F)cccc1F,5.610021024664145
1196,CHEMBL385049,COc1cc2c(Nc3cc(CC(=O)Nc4cccc(F)c4F)[nH]n3)ncnc2cc1OCCCN1CCC[C@@H]1CO,5.909983694939844
1197,CHEMBL1951904,CCN(C(=O)Cc1ccc(S(C)(=O)=O)cc1)C1CCN(CCC(c2ccccc2)C2CCN(Cc3ccccc3)CC2)CC1,5.9500239065233265
1198,CHEMBL1934418,Cc1ccc(S(=O)(=O)Nc2c(C(=O)N[C@@H](C)C(C)(C)C)c(C)nn2C2CCSCC2)cc1,5.9599948383284165
1216,CHEMBL357203,CNC(=O)[C@@H](NC(=O)[C@H](CC(C)C)[C@H](OCc1cc2c(O)nc(C)nc2cc1Br)C(=O)NO)C(C)(C)C,5.660011221289331
1217,CHEMBL1645494,CNC(=O)Cc1ccc2c(=O)cc(-c3cccnc3)[nH]c2c1,5.660011221289331
1218,CHEMBL453053,NC(=O)Nc1sc(-c2ccc(CNC3CCCC3)cc2)cc1C(N)=O,5.679972694277419
1220,CHEMBL1834385,Nc1nccc(-c2ccccc2)n1,5.7599698575543075
1224,CHEMBL429682,C[C@H](CO)Nc1nc(SCc2cccc(F)c2F)nc2nc(NS(C)(=O)=O)sc12,5.920018916028915
1227,CHEMBL247479,CN(C)CCOc1ccc(-c2oc3ncnc(NC[C@@H]4CCCO4)c3c2-c2ccccc2)cc1,4.8401060944567575
1228,CHEMBL235789,O=C(NCC12CC3CC(CC(C3)C1)C2)c1cc(CN2CCNCC2)ccc1Cl,4.869818207979328
1234,CHEMBL510436,Cc1ncc(-c2ccnc(Nc3ccc(C(=O)N(C)C)c(F)c3)n2)n1C(C)C,5.119915410257991
1235,CHEMBL2036576,CN1CCN(c2ccc(NC(=O)c3nnc(Nc4ccccc4F)o3)cn2)CC1,4.9599948383284165
1236,CHEMBL2325725,CN(C)C(=O)c1cc(-c2nc(N3CCOCC3)cc(C3(S(C)(=O)=O)CC3)n2)c2cc[nH]c2c1,5.0
1237,CHEMBL249771,Cc1cc(C)cc(-c2[nH]c3sc(C(C)(C)C(=O)N4C5CCC4CC5)cc3c2CCN2CCC(CNC(=O)N3CCOCC3)CC2)c1,5.049992856920142
1272,CHEMBL1809070,COc1cc(N2CCN(C(=O)[C@H](C)O)CC2)ccc1Nc1ncc(Cl)c(-c2cnc3ccccn23)n1,3.1760912590556813
1273,CHEMBL1199945,COCC(=O)N1CCC(n2cc(-c3cnc(N)c(-c4nc5ccccc5o4)c3)cn2)CC1,3.278753600952829
1274,CHEMBL535038,COc1cc2nccc(Nc3ccc(Oc4ccccc4)cc3)c2cc1OC,3.4149733479708178
1275,CHEMBL387019,COc1cc2c(NC(=O)Nc3ccccc3Cl)ncnc2cc1OCC1CCN(C)CC1,2.4771212547196626
1276,CHEMBL2325983,NC1(C(=O)NC(c2ccc(Cl)cc2)C2CC2)CCN(c2ncnc3[nH]ccc23)CC1,4.489958479424835
1277,CHEMBL329493,CN(C)C(=O)[C@H](O)[C@H](Cc1ccccc1)NC(=O)c1cc2cc(Br)ccc2[nH]1,4.4996870826184034
1278,CHEMBL71917,CC(C)OC(=O)c1cn(Cc2c(F)cccc2F)c2sc(-c3ccc(NC(=O)C(C)C)cc3)c(CN(C)Cc3ccccc3)c2c1=O,4.57978359661681
1279,CHEMBL471579,CC(C)Nc1nc(C#N)nc(N2CCOCC2)c1N,4.589949601325708
1280,CHEMBL484555,COCCNS(=O)(=O)c1ccc(Nc2nccc(-c3cnc(C)n3C3CCCC3)n2)cc1,4.729974285699556
1281,CHEMBL403877,C[C@H](CO)Nc1nc(SCc2cccc(F)c2F)nc2[nH]c(=O)c(=O)[nH]c12,4.790285164033242
1282,CHEMBL1221659,Cc1cc(N)nc(CCNC(=O)c2ccc(C#N)cc2)c1,4.810232517995084
1283,CHEMBL172450,COc1ccc(Cl)c(Nc2ncnc3cc(OCCCN4CCOCC4)c(OC)cc23)c1,4.859738566197147
1296,CHEMBL256725,COc1cc(Nc2nccc(Nc3c(Cl)ccc4c3OCO4)n2)cc(OC)c1OC,3.7323937598229686
1297,CHEMBL455429,Cc1ncc(-c2nc(Nc3ccc(C(N)=O)c(F)c3)ncc2F)n1C(C)C,3.7781512503836434
1298,CHEMBL1163680,O=C(c1ccc(F)cc1)C1CCN(C(=O)c2cc(F)cc(F)c2)CC1,3.7781512503836434
1299,CHEMBL2177155,CN1CCN(S(=O)(=O)c2ccc(-c3cnc(N)c(C(=O)Nc4cccnc4)n3)c(C(F)(F)F)c2)CC1,3.792391689498254
1300,CHEMBL413742,CCCCC(CC)CNC(=O)c1ccc2c(c1)c(Cc1ccc(C(=O)NS(=O)(=O)c3ccccc3C)cc1OC)cn2C,3.8129133566428557
1301,CHEMBL2086681,CC(C)(C)OC(=O)N1CCN(c2ncc(OCc3ccncc3S(C)(=O)=O)cn2)CC1,3.838849090737255
1302,CHEMBL574238,CCCCCCCCc1ccc(NC(=O)[C@H]2NCC[C@@H]2O)cc1,3.838849090737255
1303,CHEMBL1080479,Cc1cc(NC(=O)Nc2cccc(-c3ncn(C)c3-c3cc4c(N)ncnc4s3)c2)on1,3.8573324964312685
1304,CHEMBL1975242,O=C(Nc1nc2c(=O)[nH]cnc2s1)c1ccccc1,3.8692317197309762
1305,CHEMBL280713,O=C(O)c1ccccc1Cn1nnc(-c2cccc(OCc3ccc4ccccc4n3)c2)n1,3.8920946026904804
1306,CHEMBL1163569,O=C(c1ccc(F)cc1)C1CCN(C(=O)c2ccc(Cl)cc2Cl)CC1,3.8920946026904804
1307,CHEMBL454616,Cc1ccc(NC(=O)c2cccc(N(C)S(C)(=O)=O)c2)cc1NC(=O)c1ccc2ncccc2c1,3.8976270912904414
1308,CHEMBL303646,O=C(N1CCC(c2ccncc2)CC1)N1CCN(S(=O)(=O)c2ccc(Cl)cc2)CC1,3.9395192526186187
1309,CHEMBL2010830,CCN(C(=O)Cc1ccc(S(C)(=O)=O)cc1)C1CCN(Cc2ccc(C(F)(F)F)cc2)CC1,3.949390006644913
1310,CHEMBL1809196,COc1cc(N2CCN(C(C)=O)CC2)ccc1Nc1ncc(C(F)(F)F)c(-c2cnc3ccccn23)n1,3.949390006644913
1311,CHEMBL117922,CN(C)S(=O)(=O)n1c2ccccc2c2cc(NC(=O)CCc3ccncc3)ccc21,3.9777236052888476
1312,CHEMBL2010841,Cc1nc(-c2ccc(CN3CCC(N(C)C(=O)Cc4ccc(-n5cnnn5)cc4)CC3)cc2)no1,4.008600171761918
1313,CHEMBL465955,C[C@@H]1CN(CC2(C(N)=O)CC2)CCN1S(=O)(=O)c1ccc(C(C)(O)C(F)(F)F)cc1,4.02938377768521
1314,CHEMBL428774,CN(C)C(=O)COc1cccc2ncnc(Nc3ccc4c(cnn4Cc4ccccn4)c3)c12,4.02938377768521
1315,CHEMBL218712,CN(C)C(=O)[C@H](Cc1ccccc1)NC(=O)c1cc2ccsc2[nH]1,4.060697840353612
1316,CHEMBL232433,C[S+]([O-])CCN1C(=O)C(NC(=O)c2cc3cc(Cl)sc3[nH]2)Cc2ccccc21,4.060697840353612
1317,CHEMBL1784339,Cc1cc(F)ccc1CCC1CCN(S(=O)(=O)CC2(N(O)C=O)CCOCC2)CC1,4.139879086401237
1318,CHEMBL185328,Cc1ccc(NC(=O)c2ccnc(N3CCOCC3)c2)cc1Nc1ccnc(Cl)n1,4.17897694729317
1319,CHEMBL331019,O=C(CSc1ccncc1)Nc1ccc(C(=O)c2ccccc2)cc1,4.230448921378274
1320,CHEMBL1089517,COCCOc1nc(N)c2[nH]c(=O)n(Cc3cccc(CC(=O)OC)c3)c2n1,4.3404441148401185
1331,CHEMBL194102,O=C(O)c1ccc(NC(=O)c2cc(OCc3ccccc3)cc(OCc3ccccc3)c2)nc1,3.5563025007672873
1332,CHEMBL437501,CC(C)C[C@H](N[C@@H](c1ccc(-c2ccc(S(C)(=O)=O)cc2)cc1)C(F)(F)F)C(=O)NCC#N,3.6020599913279625
1333,CHEMBL403313,CN(C)S(=O)(=O)NC(=O)CCCc1c(-c2ccc(F)cc2)[nH]c2ccc(C#N)cc12,3.681241237375587
1350,CHEMBL253741,COc1cc(Nc2cc(Nc3c(Cl)ccc4c3OCO4)ncn2)cc(OC)c1OC,3.3979400086720375
1353,CHEMBL2158835,O=C(O)[C@H](Cc1ccccc1)N1CCC(CN2CCC(Oc3ccc(Cl)c(Cl)c3)CC2)CC1,4.1303337684950066
1354,CHEMBL213874,COc1cc2ncnc(Nc3cccc(Cl)c3F)c2cc1OCC1CCN(C)CC1,4.17897694729317
1364,CHEMBL296442,Cc1cc(C)cc(-c2[nH]c3ccc(C(C)(C)C(=O)N4C5CCC4CC5)cc3c2CCN(C)CCCCc2ccncc2)c1,2.9542425094393248
1367,CHEMBL2336331,C[C@@H]1CN(c2nc(N3CCOC[C@@H]3C)c3ccc(-c4ccccc4)nc3n2)C[C@H](C)O1,4.820201459485641
1368,CHEMBL455428,CNC(=O)c1ccc(Nc2nccc(-c3cnc(C)n3C(C)C)n2)cc1F,4.850033257689769
1387,CHEMBL563886,CCc1cc(C(=O)N[C@@H](Cc2cccc(Cl)c2)C(=O)NCC#N)n(C)n1,4.559906625036112
1388,CHEMBL487274,Cc1cc2n[nH]c(=O)n2c2ccccc12,4.620136054973758
1389,CHEMBL181858,C=CCN(C(=O)NCc1ccc(OC)cc1)C1CCN(CCC(c2ccccc2)c2ccccc2)CC1,4.729974285699556
1390,CHEMBL572823,COc1cc(Nc2cc(Oc3cccnc3C)ccn2)cc(OC)c1OC,4.780317312140151
1410,CHEMBL218468,CC(C)Cn1c(=O)n(C)c(=O)c2c(C(=O)N3CC[C@@H](O)C3)c(Cc3ccnc4ccc(F)cc34)sc21,5.940018155007663
1424,CHEMBL1796296,O=C(NCc1ccncc1)c1ccc(Oc2ccc(C#CC3(O)CN4CCC3CC4)cc2)cc1,5.4300750555519395
1425,CHEMBL526925,Cn1cnc(-c2ccccc2)c1/C=C/c1ccnc(N)n1,5.449940988773338
1427,CHEMBL1778355,COC[C@H](C)Oc1cc(O[C@@H](C)Cc2ccccc2OC)cc(C(=O)Nc2ccc(C(=O)O)cn2)c1,5.769967801329442
1446,CHEMBL209522,Nc1ncnc2c1nc(Sc1nc3cccc(Cl)c3s1)n2CCO,3.3010299956639813
1462,CHEMBL319136,CN(C)C(=O)[C@H](O)[C@H](Cc1ccccc1)NC(=O)c1cc2cc(Cl)ccc2[nH]1,4.359835482339888
1471,CHEMBL212899,c1csc(-c2n[nH]c3c2Cc2ccccc2-3)c1,2.7781512503836434
1473,CHEMBL231836,O=C(N[C@@H]1Cc2ccccc2N(C[C@H](O)CO)C1=O)c1cc2cc(Cl)sc2[nH]1,4.089905111439398
1475,CHEMBL477568,CC(=O)N1CCN(c2ccc(Nc3nccc(-c4cnc(C)n4C(C)C)n3)cc2)CC1,5.169968173996892
1521,CHEMBL2158772,Cc1ccccc1C[C@@H](C(=O)O)N1CCC(CN2CCC(Oc3ccc(Cl)c(Cl)c3)CC2)CC1,4.089905111439398
1522,CHEMBL2010851,CN(C(=O)Cc1ccc(S(C)(=O)=O)cc1)[C@@H]1CCN(Cc2ccc(C(F)(F)F)cc2)C[C@@H]1F,4.110589710299249
1556,CHEMBL158732,O=C(Cc1ccc2ccccc2c1)Nc1cc(-c2ccc(Cl)cc2)n[nH]1,2.6989700043360187
1557,CHEMBL202198,CCN(CCO)CCCOc1cc2ncnc(Nc3ncc(CC(=O)Nc4cccc(F)c4)s3)c2cc1OC,2.7781512503836434
1558,CHEMBL516615,NC(=O)Nc1sc(-c2ccccc2)cc1C(=O)NCc1ccccc1,2.9030899869919438
1577,CHEMBL1079588,CCn1cnc(-c2ccccc2)c1-c1nc2c(N)ncnc2s1,5.229937685907934
1580,CHEMBL93029,O=C1NC(=O)C2(CCc3ccccc3C2)N1,5.35005409357903
1599,CHEMBL399779,Cc1cc(C)cc(-c2[nH]c3sc(C(C)(C)C(=O)N4C5CCC4CC5)cc3c2[C@H](C)CNC(=O)N2CCC(c3ccncc3)CC2)c1,2.7781512503836434
1600,CHEMBL318910,CN(C)C(=O)[C@H](Cc1ccccc1)NC(=O)c1cc2cc(Br)ccc2[nH]1,3.0
1609,CHEMBL147149,CNC(=O)[C@@H](NC(=O)[C@H](CC(C)C)[C@H](Sc1ccc2c(c1)CCC(=O)N2C)C(=O)NO)C(C)(C)C,5.599992177584098
1610,CHEMBL254370,CC[C@@H](Nc1c(Nc2cccc(C(=O)N(C)C)c2O)c(=O)c1=O)c1ccccc1,5.810030786405839
1611,CHEMBL198497,CCN(C(=O)Cc1ccc(S(C)(=O)=O)cc1)C1CCN(CCC(c2ccccc2)c2ccc(NC(C)=O)cc2)CC1,5.839980557678342
1627,CHEMBL232627,O=C(O)CN1C(=O)C(NC(=O)c2cc3sc(Cl)c(Cl)c3[nH]2)Cc2ccccc21,5.769967801329442
1696,CHEMBL144101,CNC(=O)[C@@H](NC(=O)[C@H](CC(C)C)[C@H](OCc1cc2ccccc2n(C)c1=O)C(=O)NO)C(C)(C)C,5.4300750555519395
1697,CHEMBL207130,COc1cc2ncnc(Nc3cccc(Cl)c3F)c2cc1CN(C)C1(C(N)=O)CCN(C)CC1,5.449940988773338
1698,CHEMBL2070942,CC(C)(C)c1csc(N2CCN(C(=O)[C@@H]3CCCC[C@H]3C(=O)NC3(C#N)CC3)CC2)n1,5.449940988773338
1699,CHEMBL517534,O=C(Nc1nccs1)[C@H](CC1CCOCC1)c1ccc(S(=O)(=O)C2CC2)cc1,5.4699692094999595
1700,CHEMBL382054,COc1cc2c(Nc3ncc(CNS(=O)(=O)c4cccc(F)c4)s3)ncnc2cc1OCCCN1CCC(CO)CC1,5.480006942957151
1701,CHEMBL70824,CN(C)CCCN(C)S(=O)(=O)c1ccc(Nc2nccc(-c3cnc4ccccn34)n2)cc1,5.489958479424835
1702,CHEMBL182682,COc1ccc(CC(=O)N(C)C2CCN(CCC(c3ccccc3)c3ccccc3)CC2)cc1OC,5.510008512940234
1703,CHEMBL1835903,CCOC(=O)c1ccc(OCCC2CN(c3ccc(C)nn3)C2)cc1,5.539953841656397
1704,CHEMBL2058997,CNc1nc2ccc(NC(C)=O)cc2s1,5.539953841656397
1705,CHEMBL60066,O=C(Nc1ccc(F)cc1)c1ccc(Cl)[n+]([O-])c1,5.549983611159689
1706,CHEMBL515311,Cc1ncc(-c2ccnc(Nc3ccc(N4CCN(C(=O)[C@H](C)O)CC4)cc3)n2)n1C(C)C,5.560026248912893
1707,CHEMBL2010831,CN(C(=O)Cc1ccc(S(C)(=O)=O)cc1)C1CCN(Cc2ccc(C(F)(F)F)cc2)CC1,5.560026248912893
1708,CHEMBL478409,COCCNS(=O)(=O)c1ccc(Nc2nccc(-c3cnc(C)n3C(C)C)n2)cc1,5.560026248912893
1709,CHEMBL212761,CC(C)(C)NC(=O)Nc1ccc(-c2c(N)nc(N)nc2COCc2ccccc2)cc1,5.63002085111341
1710,CHEMBL1721484,Cc1ccnc(NC(=O)CSc2ccccn2)c1,5.639984248041588
1711,CHEMBL2178579,O=C(Nc1ccc(Cl)c(S(=O)(=O)N2CCNCC2)c1O)Nc1cccc(F)c1Cl,5.660011221289331
1712,CHEMBL93215,COc1ccc(Br)c(C=O)c1O,5.6699673699085045
1713,CHEMBL1643194,Cc1cc(CN2Cc3ccccc3C2C(=O)Nc2ccc(Cl)cc2Cl)ccc1OCC(=O)O,5.679972694277419
1714,CHEMBL1683934,O=C(Nc1ccccc1-c1ccccc1)OC1CCN(CCCCCCCCCNC[C@H](O)c2ccc(O)c3[nH]c(=O)ccc23)CC1,5.719993826367604
1715,CHEMBL181913,CN(C(=O)Cc1ccc(S(N)(=O)=O)cc1)C1CCN(CCC(c2ccccc2)c2ccccc2)CC1,5.810030786405839
1716,CHEMBL1940310,CC(=O)N1CCC(NC(=O)c2ccc(Oc3ccc(C#C[C@]4(O)CN5CCC4CC5)cc3)cc2)CC1,5.810030786405839
1717,CHEMBL101473,Cc1cnc(Nc2ccc(OCC(O)CN(C)C)cc2)nc1Nc1ccccc1,5.859978441642021
1718,CHEMBL28148,COc1cc2c(Nc3ccc(Cl)cc3F)ncnc2cc1OC/C=C/CN1CCCC1,5.880012838366771
1719,CHEMBL1934415,Cc1ccc(S(=O)(=O)Nc2c(C(=O)N[C@@H](C)C(C)(C)C)c(C)nn2C2CCCCC2)cc1,5.940018155007663
1720,CHEMBL144188,CNC(=O)[C@@H](NC(=O)[C@H](CC(C)C)[C@H](OCc1cccc2cccnc12)C(=O)NO)C(C)(C)C,6.0
1721,CHEMBL214940,COc1cc2c(Nc3cc(CC(=O)Nc4cccc(F)c4F)[nH]n3)ncnc2cc1OCCCN1CCC[C@H]1CO,6.0
1733,CHEMBL261454,c1ccc(-c2n[nH]cc2-c2ccnc3ccccc23)nc1,4.419955748489758
1734,CHEMBL1163672,O=C(c1ccc(F)cc1)C1CCN(C(=O)c2cccc(Cl)c2)CC1,4.459392487759231
1735,CHEMBL208330,CC(C)Cn1c(=O)n(C)c(=O)c2c(C(=O)N(C)C)c(Cc3ccccc3C(F)(F)F)sc21,4.480006942957151
1736,CHEMBL256995,C[C@@H](Oc1cccc2ncnc(Nc3ccc4c(cnn4Cc4cscn4)c3)c12)C(=O)N(C)C,4.640481436970422
1742,CHEMBL184271,COc1cc2ncnc(Nc3cc(NC(=O)c4ccnc(N5CCOCC5)c4)ccc3C)c2cc1OCCN1CCOCC1,4.820201459485641
1754,CHEMBL164315,C#CCN(Cc1ccc2nc(CO)nc(O)c2c1)c1ccc(C(=O)NCc2cccc([N+](=O)[O-])c2)cc1,2.6020599913279625
1755,CHEMBL187857,CSc1nccc(Nc2cc(NC(=O)c3cc(F)cc(N4CCOCC4)c3)ccc2C)n1,2.845098040014257
1761,CHEMBL404327,C[C@@H](Oc1cccc2ncnc(Nc3ccc4c(cnn4Cc4cscn4)c3)c12)C(=O)N1CCOCC1,5.1801258751640535
1762,CHEMBL515515,CN(C)CCCNS(=O)(=O)c1ccc(Nc2nccc(-c3cnc4cccnn34)n2)cc1,5.20002926655377
1763,CHEMBL1076330,Cn1cnc(-c2ccccc2)c1-c1nc2c(N)ncnc2s1,5.210050849875137
1764,CHEMBL382823,COCCN(Cc1cc2c(Nc3cccc(Cl)c3F)ncnc2cc1OC)[C@@H](C)C(N)=O,5.220108088040055
1767,CHEMBL2178941,Cc1nc(C)c(-c2ccc([C@H]3CC[C@H](CCC(=O)O)CC3)cc2)nc1C(N)=O,5.299942900022767
1768,CHEMBL2178946,Cc1nc(C)c(-c2ccc([C@H]3CC[C@@H](CC(=O)O)CC3)c(Cl)c2)nc1C(N)=O,5.299942900022767
1769,CHEMBL294286,CCn1c2ccccc2c2cc(NC(=O)CN(C)C)ccc21,5.340047317661393
1770,CHEMBL458547,COCCNS(=O)(=O)c1ccc(Nc2nccc(-c3c(C)nc(C)n3C)n2)cc1,5.340047317661393
1772,CHEMBL1481633,Cc1ccccc1C(=O)NC1CCN(Cc2ccccc2)CC1,5.390051496458987
1787,CHEMBL1669154,O=C(CN1CCOCC1)Nc1ccc(-c2cccc3c(=O)cc(N4CCOCC4)oc23)cc1OCC1CC1,3.1760912590556813
1790,CHEMBL1796283,Cc1ccc(Oc2ccc(C(=O)NCCc3ccncc3)cc2)cc1,3.5440680443502757
1791,CHEMBL483332,C[C@H](CN(C)C)Oc1cccc2ncnc(Nc3ccc(OCc4cnccn4)c(Cl)c3)c12,3.6532125137753435
1792,CHEMBL2036732,O=C(Nc1ccc(N2CCOCC2)nc1)c1nnc(Nc2cccc(OCc3cccnc3)c2)o1,3.662757831681574
1797,CHEMBL561426,CSc1nc(N)nc(-c2ccccc2)n1,4.380211241711606
1798,CHEMBL429760,Cc1ccc(Oc2ccc(Nc3ncnc4cccc(O[C@@H](C)C(=O)N(C)C)c34)cc2C)cn1,4.419955748489758
1799,CHEMBL551060,Cc1nc(C)c(C(=O)N[C@@H](Cc2cccc(Cl)c2)C(=O)NCC#N)s1,4.7596678446896306
1800,CHEMBL1824381,O=C(Nc1cccc(O)c1)c1ccc(OCCCN2CCCC2)cc1OC1CCCC1,4.770115294787102
1801,CHEMBL111471,CC(C)Oc1cccc(NC(=O)c2ccc3cc(C(=N)N)ccc3c2)c1,4.810232517995084
1802,CHEMBL1809077,COc1ccc(N2CCNCC2)cc1Nc1ncc(Cl)c(-c2cnc3ccccn23)n1,4.8401060944567575
1803,CHEMBL1165028,O=C(NCCSCc1ccccc1)c1ccccc1,4.859738566197147
1804,CHEMBL1835913,CCOC(=O)c1ccc(OCCC2CCN(c3ccc(C)nn3)CC2)cn1,4.88024177589548
1805,CHEMBL2207665,Cn1cc(C(=O)NC[C@@H](O)CN2CCC(Oc3ccc(Cl)c(Cl)c3)CC2)c(C(F)(F)F)cc1=O,4.910090545594068
1806,CHEMBL325639,CC(C)n1c2ccccc2c2c(F)c(NC(=O)N3CCOCC3)c(F)cc21,3.662757831681574
1834,CHEMBL233033,CNC(=O)CCN1C(=O)C(NC(=O)c2cc3cc(Cl)sc3[nH]2)Cc2ccccc21,4.209515014542631
1835,CHEMBL485619,COCCNS(=O)(=O)c1ccc(Nc2nccc(-c3cnc(C)n3CC(C)C)n2)cc1,4.2405492482825995
1836,CHEMBL194137,CC(C)Oc1cc(OCCCc2ccccc2)cc(C(=O)Nc2ccc(C(=O)O)cn2)c1,4.260071387985075
1837,CHEMBL453222,COCCOc1ccc(-c2cc(C(N)=O)c(NC(N)=O)s2)cc1,4.281033367247727
1838,CHEMBL1097828,O=C(NC1C2CC3CC(C2)CC1C3)[C@H]1CCCN1Cc1ccc(Cl)cc1,4.330413773349191
1840,CHEMBL404405,OC1CCN(CCOc2n[nH]c3ncnc(Nc4ccc(OCc5ccccn5)c(Cl)c4)c23)CC1,4.139879086401237
1843,CHEMBL600569,CC(=O)N(C1=C(NCCO)C(=O)c2ccccc2C1=O)c1cccc(Br)c1,4.068185861746161
1844,CHEMBL488238,CNC(=O)c1cc(-c2ccccc2)sc1NC(N)=O,4.079181246047625
1855,CHEMBL1619466,COc1ccc(-c2nc3n(c2Br)CCC3)cc1,4.399673721481038
1856,CHEMBL258282,CN1CCN(CCOc2n[nH]c3ncnc(Nc4ccc(OCc5ccccn5)c(Cl)c4)c23)CC1,4.419955748489758
1857,CHEMBL234952,O=C(NC1Cc2ccccc2N(C[C@@H](O)CO)C1=O)c1cc2cc(Cl)ccc2[nH]1,4.65991620006985
1858,CHEMBL1398535,N#Cc1cnn(-c2ccccc2)c1NC(=O)c1ccccc1F,4.680335513414564
1859,CHEMBL383593,COc1ccc(Cl)c(Nc2ncnc3cc(OCCCN4CCN(C(C)=O)CC4)cc(OC(C)C)c23)n1,4.699837725867246
1860,CHEMBL1762533,COc1ccnc(N(C)c2ccnc(Nc3cc(N4CCOCC4)cc(N4CCOCC4)c3)n2)c1,4.710117365111817
1861,CHEMBL2325740,COCCC(NC(=O)C1(N)CCN(c2ncnc3[nH]ccc23)CC1)c1ccc(Cl)cc1,4.720159303405957
1862,CHEMBL36643,COC(=O)COc1ccc(C(=O)Nc2ccc(F)cc2)cn1,4.740362689494244
1863,CHEMBL485602,COCCN(C)S(=O)(=O)c1ccc(Nc2nccc(-c3cnc(C)n3C)n2)cc1,4.749736315569061
1864,CHEMBL2094541,COc1cc(OC)nc(-n2ncc(Cl)c(Cl)c2=O)n1,4.850033257689769
1865,CHEMBL197714,CCN(C(=O)Cc1ccc(S(C)(=O)=O)cc1)C1CCN(CCC(c2ccccc2)c2ccc(C)cc2)CC1,4.88024177589548
1934,CHEMBL2036778,CCN1CCC[C@@H](C(=O)N2CCN(C(=O)Nc3ccc(Cl)c(Cl)c3)CC2)C1,6.019988159591286
1935,CHEMBL1288009,COc1ccc(-c2cc3c(N[C@H]4CCCNC4)ncc(C(N)=O)c3s2)cc1,6.019988159591286
1936,CHEMBL1084327,O=C(O)CC(=O)N[C@@H]1c2ccccc2C[C@H]1NC(=O)c1cc2sc(Cl)c(Cl)c2[nH]1,6.070000903802345
1991,CHEMBL477786,Cc1ncc(-c2ccnc(Nc3ccc(N4CCN(C(=O)CO)CC4)cc3)n2)n1C(C)C,5.20002926655377
1992,CHEMBL2346975,CC(=O)N1CCN(CCOc2ccc(C3(O)CCN(c4ccc5nnc(C(F)(F)F)n5n4)CC3)cc2)CC1,5.229937685907934
2004,CHEMBL398295,CCCSc1nc(N[C@@H]2C[C@H]2c2ccccc2)c2nnn([C@@H]3C[C@H](O)[C@@H](O)[C@H]3O)c2n1,3.041392685158225
2005,CHEMBL1809223,COc1cc(N2CCN(C(C)=O)CC2)ccc1Nc1ncc(Cl)c(-c2cnc3cc(N4CCCC4)ccn23)n1,3.146128035678238
2006,CHEMBL357815,COc1cc2c(Nc3ccc(Cl)cc3F)ncnc2cc1OCCn1ccnn1,3.1760912590556813
2007,CHEMBL1089224,CCCCOc1nc(N)c2[nH]c(=O)n(Cc3cccc(CC(=O)OC)c3)c2n1,3.255272505103306
2008,CHEMBL181326,O=C(NCC(=O)N(CCO)c1ccccc1)c1cc2cc(Cl)ccc2[nH]1,3.255272505103306
2009,CHEMBL1163486,O=C(c1ccc(F)cc1)C1CCN(C(=O)c2ccc(Cl)c(Cl)c2)CC1,2.9030899869919438
2084,CHEMBL1084762,O=C(O)C[C@@H]1c2ccccc2C[C@H]1NC(=O)c1cc2sc(Cl)c(Cl)c2[nH]1,6.180011119057718
2085,CHEMBL427212,COc1cc2c(Nc3cnc(NC(=O)c4ccccc4)nc3)ncnc2cc1OC[C@@H](O)CN1CCCCC1,6.180011119057718
2135,CHEMBL1257599,CNc1ncnc2c(CNc3cc(NC(=O)c4ccc5c(c4)OCCO5)ccc3C)cccc12,3.9684829485539352
2136,CHEMBL517544,COc1cc2ncc(C(N)=O)c(Nc3cccc(Cl)c3)c2cc1OC,4.0
2157,CHEMBL325486,CS(=O)(=O)n1c2ccccc2c2cc(NC(=O)CCc3ccncc3)ccc21,4.359835482339888
2161,CHEMBL317410,O=C(N[C@@H](Cc1ccccc1)C(=O)N1CCC(O)CC1)c1cc2cc(Cl)ccc2[nH]1,3.7075701760979363
2180,CHEMBL2181753,CCN(Cc1cc(C(F)(F)F)ccc1-c1cc(CC(=O)O)ccc1OC)C(=O)NCc1ccccc1,6.140004950619449
2181,CHEMBL263655,Cn1sc(NCc2ccccc2)nc1=O,6.180011119057718
2182,CHEMBL100979,Cc1nc2ccccn2c1-c1ccnc(N)n1,6.180011119057718
2183,CHEMBL1951905,CCN(C(=O)Cc1ccc(S(C)(=O)=O)cc1)C1CCN(CCC(c2ccccc2)C2CCN(C(C)=O)CC2)CC1,6.180011119057718
2184,CHEMBL363659,Cc1nc(-c2c(C)n(Cc3c(F)cccc3F)c(=O)n(C[C@H](N)c3ccccc3)c2=O)cs1,6.180011119057718
2190,CHEMBL515001,Cc1ncc(-c2nc(Nc3ccc(N4CCOCC4)cc3)ncc2F)n1C(C)C,5.0700378666077555
2191,CHEMBL216053,COc1cc2c(Nc3cc(CC(=O)Nc4cccc(F)c4F)[nH]n3)ncnc2cc1OCCCN(CCO)CC(C)C,5.119915410257991
2198,CHEMBL176410,O=[N+]([O-])c1ccc(CCl)cc1,5.700011062322113
2216,CHEMBL87388,COc1ccc(Cn2cc3c(=O)n(C)c(=O)n(CC(C)C)c3c2)cc1,4.230448921378274
2217,CHEMBL291514,COc1cc2ncnc(Nc3ccc(F)c(Cl)c3)c2cc1OCCCN1CCCCC1,4.301029995663981
2218,CHEMBL2325707,CN1CCC(c2cc(N3CCOCC3)nc(-c3cccc4[nH]ccc34)n2)(S(C)(=O)=O)CC1,4.330413773349191
2230,CHEMBL1907763,COc1cc2c(Nc3ccc(Cl)cc3F)ncnc2cc1OC[C@@H]1CCCN(C)C1,5.229937685907934
2231,CHEMBL203295,COc1cc(OC2CCN(C)CC2)c2c(Nc3ccc(F)c(Cl)c3)ncnc2c1,3.322219294733919
2232,CHEMBL1809051,COc1cc(OC2CN(C(C)=O)C2)ccc1Nc1ncc(Cl)c(-c2cnc3ccccn23)n1,3.230448921378274
2235,CHEMBL1669156,COc1cc(-c2cccc3c(=O)cc(N4CCOCC4)oc23)ccc1NC(=O)CN1CCOCC1,4.12057393120585
2249,CHEMBL198114,CCN(C(=O)Cc1ccc(S(C)(=O)=O)cc1)C1CCN(CCC(c2ccccc2)c2ccc(NS(C)(=O)=O)cc2)CC1,5.2400497721126476
2250,CHEMBL379866,CC(C)c1nnc2ccc(-c3ocnc3-c3cc(F)ccc3F)cn12,5.269979676645324
2251,CHEMBL372361,CSc1ccc(OCc2ccccc2)c(C(=O)Nc2ccc(C(=O)O)cn2)c1,5.299942900022767
2256,CHEMBL44227,Oc1ccc(-c2nc3ccc(O)cc3s2)cc1,4.439332693830263
2263,CHEMBL111775,O=C(CCOCCc1ccccc1)NCCNCCc1ccc(O)c2nc(O)sc12,6.180011119057718
2322,CHEMBL1163741,O=C(c1ccc(F)cc1)C1CCN(C(=O)c2ccccc2Cl)CC1,4.459392487759231
2360,CHEMBL1762538,Cc1ccc(CO)cc1N(C)c1ccnc(Nc2cc(N3CCCOCC3)cc(N3CCOCC3)c2)n1,4.9599948383284165
2361,CHEMBL574621,COc1cc(Nc2cc(Oc3cccnc3)ccn2)cc(OC)c1OC,4.9698816437465
2362,CHEMBL1461445,Cc1sc2ncnc(SCC(=O)N3CCCC3)c2c1C,5.0
2363,CHEMBL370552,CCN(C(=O)Cc1ccc(S(C)(=O)=O)cc1)C1CCN(CCC(c2ccccc2)c2ccc(NC(=O)C(C)(C)C)cc2)CC1,5.0
2364,CHEMBL215203,O=C(Cc1cc(Nc2ncnc3cc(OCCCN4CCC[C@@H]4CO)ccc23)n[nH]1)Nc1cccc(F)c1,5.00987563371216
2365,CHEMBL1778360,C[C@@H](Cc1ccccc1)Oc1cc(OC2CCOCC2)cc(C(=O)Nc2ccc(C(=O)O)cn2)c1,5.019946681678842
2366,CHEMBL2010834,CNC(=O)c1ccc(CC(=O)N(C)C2CCN(Cc3ccc(C(F)(F)F)cc3)CC2)cc1,5.030194785356751
2367,CHEMBL1165632,N#Cc1ccc(C(=O)N2CCC(C(=O)c3ccc(F)cc3)CC2)cc1,5.089905111439398
2368,CHEMBL1165588,N#Cc1ccccc1C(=O)N1CCC(C(=O)c2ccc(F)cc2)CC1,5.130011949671904
2369,CHEMBL1835910,CCOC(=O)c1ccc(OCC2CN(c3ccc(C)nn3)C2)cc1,5.150142161848558
2411,CHEMBL387265,COc1cc2ncnc(Nc3cccc(Cl)c3F)c2cc1OC1CCN(S(C)(=O)=O)CC1,3.7634279935629373
2412,CHEMBL195128,CC(C)Oc1cc(OCc2ccccc2)cc(C(=O)Nc2ccc(C(=O)O)cn2)c1,4.0
2418,CHEMBL396724,O=C(N[C@H]1Cc2ccccc2N(C[C@H](O)CO)C1=O)c1cc2cc(Cl)sc2[nH]1,4.209515014542631
2455,CHEMBL354145,COc1cc2c(Nc3c(Cl)ccc4c3OCO4)ncnc2cc1OCc1ccnc(C#N)c1,4.008600171761918
2474,CHEMBL217899,CCc1nn(C2CCCC2)c2c1CCn1c(-c3cccs3)nnc1-2,4.350248018334163
2487,CHEMBL2325735,CS(=O)(=O)NCC(NC(=O)C1(N)CCN(c2ncnc3[nH]ccc23)CC1)c1ccc(Cl)cc1,4.459392487759231
2488,CHEMBL183492,C=CCN(C(=O)Nc1ccccc1)C1CCN(CCC(c2ccccc2)c2ccccc2)CC1,4.459392487759231
2489,CHEMBL2031227,Cc1ccc(NC(=O)c2ccc(C#N)cc2)cc1-n1cnc2ccc(N3CCN(C)CC3)cc2c1=O,4.510545010206612
2490,CHEMBL455427,Cc1ncc(-c2ccnc(Nc3ccc(C(N)=O)c(F)c3)n2)n1C(C)C,4.519827993775719
2491,CHEMBL399857,Cc1cc(C)cc(-c2[nH]c3sc(C(C)(C)C(=O)N4C5CCC4CC5)cc3c2CCN2CCC(C(=O)N3CCOCC3)C(C)C2)c1,4.519827993775719
2499,CHEMBL2164684,N#CC1(NC(=O)[C@@H]2CCCC[C@H]2C(=O)N2CCc3[nH]c4cc(F)ccc4c3C2)CC1,5.729974285699556
2500,CHEMBL2035033,NC1(c2ccc(-c3c(-c4ccccc4)ccn4ccnc34)cc2)CCC1,5.73996769675951
2501,CHEMBL1736763,N#Cc1cnn(-c2ccccc2)c1NC(=O)CN1CCOCC1,6.01000297412706
2502,CHEMBL384054,COc1cc2c(Nc3cc(CC(=O)Nc4cccc(F)c4F)[nH]n3)ncnc2cc1OCCCN1CCC(CCO)CC1,6.080012847107928
2514,CHEMBL1566034,O=C1CN(C(=O)c2ccco2)c2ccccc2N1,5.4300750555519395
2517,CHEMBL255170,Cc1ccc(Oc2ccc(Nc3ncnc4[nH]nc(OCCN5CCC(O)CC5)c34)cc2Cl)cn1,4.450249108319361
2518,CHEMBL497854,Cc1cc(CNc2ncc(Br)c(Nc3cc(C4CC4)[nH]n3)n2)on1,4.640481436970422
2568,CHEMBL186531,Cc1ccc(NC(=O)c2cc(F)cc(N3CCOCC3)c2)cc1NC(=O)c1ccc(OCc2ccccn2)cc1,2.6020599913279625
2569,CHEMBL224769,Cc1ccc([N+](=O)[O-])cc1S(=O)(=O)n1ccc(-c2c(C)nc3ccc(Br)cn23)n1,2.6020599913279625
2581,CHEMBL208487,CC(C)Cn1c(=O)n(C)c(=O)c2c(C(=O)N3CC[C@@H](O)C3)c(Cc3ccccc3C(F)(F)F)sc21,5.73996769675951
2582,CHEMBL2088098,Cc1cc(CNc2nccc(Nc3cc(C)[nH]n3)n2)on1,5.909983694939844
2583,CHEMBL1916085,Cc1ccc(S(=O)(=O)Nc2c(C(=O)N(C)C3CCCCC3)cnn2-c2ccccc2)cc1,5.9500239065233265
2584,CHEMBL1916283,Cc1ccc(S(=O)(=O)Nc2c(C(=O)N[C@H](C)C(C)(C)C)c(C)nn2-c2ccccc2)cc1,6.0
2585,CHEMBL99689,CN(C)CC(O)COc1ccc(Nc2nccc(Nc3ccccc3C#N)n2)cc1,6.040008636013542
2591,CHEMBL1098973,O=C(O)c1csc(NC(=O)C(CC2CCCC2)c2ccc(Cl)c(Cl)c2)n1,4.540329474790874
2592,CHEMBL1835907,CCOC(=O)c1ccc(OCCC2(C#N)CCN(c3ccc(C)nn3)CC2)cc1,4.770115294787102
2593,CHEMBL2086658,CC(C)(C)OC(=O)N1CCC(c2ncc(OCc3ccc(S(C)(=O)=O)cc3)cn2)CC1,4.790285164033242
2628,CHEMBL407848,Cn1c(C#N)ccc1-c1cc(F)c2c(c1)C(C)(C)C(=O)N2,3.7323937598229686
2634,CHEMBL1916084,Cc1ccc(S(=O)(=O)Nc2c(C(=O)NC3CCCCC3)cnn2-c2ccccc2)cc1,5.690018780788695
2635,CHEMBL451462,Cc1ncc(-c2nc(Nc3ccc(C(=O)N4CCN(C)CC4)cc3)ncc2F)n1C(C)C,4.7596678446896306
2641,CHEMBL509406,Cc1ncc(-c2nc(Nc3ccc(C(=O)NC4CCN(C)CC4)c(F)c3)ncc2F)n1C(C)C,5.439963935920905
2684,CHEMBL379601,COc1cc2ncnc(Nc3cccc(Cl)c3F)c2cc1CN(C)CC(N)=O,4.12057393120585
2689,CHEMBL2023119,CCn1cc(NC(=O)Cc2ccc(Oc3ccnc4ccc(OC)cc34)cc2OC)cn1,3.8512583487190755
2690,CHEMBL1669157,O=C(CN1CCOCC1)Nc1ccc(-c2cccc3c(=O)cc(N4CCOCC4)oc23)cc1O,3.8573324964312685
2691,CHEMBL251578,Cc1cc(C)cc(-c2[nH]c3sc(C(C)(C)C(=O)N4C5CCC4CC5)cc3c2CCN2CCC(N3CCOCC3)CC2)c1,3.8573324964312685
2692,CHEMBL256784,C[C@H](Oc1cccc2ncnc(Nc3ccc4c(cnn4Cc4cccc(F)c4)c3)c12)C(=O)N(C)C,3.90848501887865
2693,CHEMBL214478,COc1cc2ncnc(Nc3cc(Cl)ccc3F)c2cc1OC1CCN(CC(N)=O)CC1,3.949390006644913
2694,CHEMBL183261,C=CCN(C(=O)NCc1cccc(C)c1)C1CCN(CCC(c2ccccc2)c2ccccc2)CC1,3.9590413923210934
2695,CHEMBL509599,NC(=O)Nc1sc(-c2ccc(OC(F)(F)F)cc2)cc1C(N)=O,4.041392685158225
2696,CHEMBL1164745,O=C(c1ccc(F)cc1)C1CCN(C(=O)c2cccc(OC(F)(F)F)c2)CC1,4.041392685158225
2697,CHEMBL114427,CNC(=O)[C@H](Cc1ccccc1)NC(=O)[C@H](CC(C)C)[C@H](CSc1ccccc1)C(=O)NO,4.049218022670182
2698,CHEMBL1762536,Cc1ccc(CO)cc1N(C)c1ccnc(Nc2cc(N3CCCC3)cc(N3CCOCC3)c2)n1,4.060697840353612
2699,CHEMBL402553,Clc1cc(Nc2ncnc3[nH]nc(OCCN4CCCC4)c23)ccc1OCc1ccccn1,4.079181246047625
2700,CHEMBL1630123,CN1CCN(CC(=O)Nc2ccc(-c3cccn4c(=O)cc(N5CCOCC5)nc34)c3sc4ccccc4c23)CC1,3.7323937598229686
2730,CHEMBL444884,NC(=O)c1sc(-c2ccc(Cl)cc2)cc1N,3.7403626894942437
2731,CHEMBL1270569,CS(=O)(=O)c1cccc(Nc2nccc(Nc3cccc4c3OCO4)n2)c1,3.7708520116421442
2732,CHEMBL15845,Oc1cc(-c2ccccc2)nc2ccc(Cl)cc12,3.7708520116421442
2733,CHEMBL402584,Fc1ccc(Nc2nccc(Nc3c(Cl)ccc4c3OCO4)n2)cc1,3.792391689498254
2734,CHEMBL73189,Cc1nc2ccccn2c1-c1ccnc(Nc2cccc(Cl)c2)n1,3.8129133566428557
2768,CHEMBL3144586,O=c1c2ccccc2[nH]n1CCc1ccccc1,5.73996769675951
2769,CHEMBL2137932,CC(O)(C(=O)c1ccccc1)c1ccccc1,5.830010935936118
2770,CHEMBL2178945,Cc1nc(C)c(-c2ccc([C@H]3CC[C@@H](CC(=O)O)CC3)c(F)c2)nc1C(N)=O,5.880012838366771
2771,CHEMBL1778369,COC[C@H](C)Oc1cc(Oc2ccc(Cl)cc2)cc(C(=O)Nc2ccc(C(=O)O)cn2)c1,5.889973638403996
2772,CHEMBL371688,COc1ccc(Cl)c(Nc2ncnc3cc(OCCN4CCN(C)CC4)cc(OC(C)C)c23)n1,6.0
2782,CHEMBL401349,Cc1cc(C)cc(-c2[nH]c3sc(C(C)(C)C(=O)N4C5CCC4CC5)cc3c2CCN2CCN(CC(=O)N3CCCC3)CC2)c1,4.570542939881897
2783,CHEMBL1079590,CC(C)Cn1cnc(-c2ccccc2)c1-c1nc2c(N)ncnc2s1,4.850033257689769
2784,CHEMBL380454,COc1cc2ncnc(Nc3cccc(Cl)c3F)c2cc1CN1CC[C@H](C(N)=O)C1,4.889861721258188
2798,CHEMBL255245,Nc1ccccc1NC(=O)c1ccc(-c2ncc(CN3CCC3)cc2Cl)cc1,6.130011949671904
2799,CHEMBL216105,CN1CCC(COc2cc(OC3CCOCC3)c3c(Nc4c(Cl)ccc5c4OCO5)ncnc3c2)CC1,6.140004950619449
2816,CHEMBL450061,CC(C)CNc1nc(C#N)nc(N2CCOCC2)c1N,4.850033257689769
2817,CHEMBL1538691,Cc1cnc(NC(=O)CSc2nnc(C)s2)s1,4.850033257689769
2828,CHEMBL1712280,c1ccc(N2CC3COc4ccccc4C3=N2)cc1,2.3010299956639813
2829,CHEMBL1809201,COc1cc(N2CCN(C(C)=O)CC2)ccc1Nc1ncc(Cl)c(-c2cnc3c(N)cccn23)n1,2.9542425094393248
2830,CHEMBL264502,Cc1nc(COc2ccc(C(=O)Nc3cc(NC(=O)c4cccc(N5CCOCC5)c4)ccc3C)cc2)cs1,3.0
2831,CHEMBL213007,COc1cc2ncnc(Nc3cc(Cl)ccc3F)c2cc1OC1CCN(S(C)(=O)=O)CC1,3.0
2987,CHEMBL1916282,Cc1ccc(S(=O)(=O)Nc2c(C(=O)N[C@@H](C)C(C)(C)C)c(C)nn2-c2ccccc2)cc1,6.01000297412706
2988,CHEMBL1784338,Cc1cc(CCC2CCN(S(=O)(=O)CC3(N(O)C=O)CCOCC3)CC2)c(C)cn1,6.040008636013542
2989,CHEMBL1807823,O=c1[nH]c2c(O)ccc([C@@H](O)CNCCSCCCNCCc3ccccc3)c2s1,6.0600175425316
2990,CHEMBL2030800,CNc1cccc(CCOc2ccc(C[C@H](NC(=O)c3c(F)cccc3Cl)C(=O)O)cc2)n1,6.090011024007147
3067,CHEMBL443831,COc1ccccc1Oc1coc2cc(O)ccc2c1=O,4.110589710299249
3068,CHEMBL2078754,CN1CCC(n2cc(-c3cnc(N)c(-c4nc5ccc(F)cc5o4)c3)cn2)CC1,4.1303337684950066
3069,CHEMBL1718768,CCn1c(SCC(=O)Nc2c(C#N)cnn2-c2ccccc2)nnc1-c1cccs1,4.14921911265538
3070,CHEMBL453655,CNC(=O)c1ccc(Nc2ncc(F)c(-c3cnc(C)n3C(C)C)n2)cc1,4.14921911265538
3071,CHEMBL56942,COc1cc(OC)cc(-c2cc3cnc(N)nc3nc2N)c1,4.198657086954422
3072,CHEMBL2010836,CN(C(=O)Cc1ccc(-n2cnnn2)cc1)C1CCN(Cc2ccc(C(F)(F)F)cc2)CC1,4.250420002308894
3073,CHEMBL471951,N#Cc1nc(N2CCCCC2)c(N)c(N2CCOCC2)n1,4.350248018334163
3082,CHEMBL1270773,CS(=O)(=O)c1cccc(Nc2nccc(Nc3cccc4ncoc34)n2)c1,3.7481880270062002
3083,CHEMBL2036577,CC(=O)N1CCN(c2ccc(NC(=O)c3nnc(Nc4ccccc4F)o3)cc2)CC1,3.792391689498254
3084,CHEMBL516601,COc1cc2ncc(C(N)=O)c(Nc3ccc(C)cc3F)c2cc1OC,3.8129133566428557
3085,CHEMBL409493,Nc1ccccc1NC(=O)c1ccc(C2CCN(Cc3ccc(C(=O)NC4CC4)cc3)CC2)cc1,3.8195439355418688
3086,CHEMBL208812,CC(C)C(=O)Nc1ccc(-c2sc3c(c2CN(C)Cc2ccccc2)c(=O)c(C(=O)c2ccccc2)cn3Cc2c(F)cccc2F)cc1,3.832508912706236
3087,CHEMBL140642,CC(O)(C(=O)Nc1ccc2c(c1)-c1ccccc1S2(=O)=O)C(F)(F)F,3.8808135922807914
3088,CHEMBL257196,C[C@@H](Oc1cccc2ncnc(Nc3ccc4c(cnn4Cc4cscn4)c3)c12)C(N)=O,3.9395192526186187
3089,CHEMBL2023488,COc1cc(Oc2ccnc3cc(OC)c(OC)cc23)ccc1CC(=O)Nc1cn(C)nc1C,3.949390006644913
3090,CHEMBL185327,COc1cc2ncnc(Nc3cc(NC(=O)c4ccccc4)ccc3Cl)c2cc1OC,4.0
3091,CHEMBL206783,COc1cc2ncnc(Nc3cccc(Cl)c3F)c2cc1CN1CCCC[C@@H]1C(N)=O,4.0
3092,CHEMBL510101,COc1ccc(CNCc2ccc(-c3cc(C(N)=O)c(NC(N)=O)s3)cc2)cc1,4.060697840353612
3121,CHEMBL1645490,O=c1cc(-c2cccnc2)[nH]c2ccccc12,6.130011949671904
3131,CHEMBL322640,CN(C)CC(O)COc1ccc(Nc2cc(Nc3cc(Cl)ccc3Cl)ncn2)cc1,4.800029359244134
3134,CHEMBL140689,CCn1c(=O)ccc2cnc(Nc3ccc(OC)c(OC)c3)nc21,3.2041199826559246
3135,CHEMBL1549615,COc1cc2cc(-c3ccc(O)cc3O)nc(C)c2cc1OC,3.0791812460476247
3136,CHEMBL1200147,Nc1ncc(-c2cnn(C3CCN(C(=O)CO)CC3)c2)cc1-c1nc2ccccc2o1,3.3010299956639813
3141,CHEMBL1199988,Nc1ncc(-c2cnn(C3CCNCC3)c2)cc1-c1nc2ccccc2o1,3.361727836017593
3142,CHEMBL168563,Cc1cc(C)cc(-c2[nH]c3ccc(C(C)(C)C(=O)N4CC5CCC4CC5)cc3c2[C@H](C)CNCCc2ccc3[nH]nnc3c2)c1,3.380211241711606
3168,CHEMBL282308,CO[C@]1(c2cc(F)cc(S(=O)(=O)c3ccc(/C(C)=N/O)cc3)c2)CCO[C@@H](C)C1,3.6720978579357175
3189,CHEMBL274642,NC1=NN(c2cccc(C(F)(F)F)c2)CC1,6.159988050381987
3216,CHEMBL2010846,CO[C@@H]1CN(Cc2ccc(C(F)(F)F)cc2)CC[C@@H]1N(C)C(=O)Cc1ccc(-n2cnnn2)cc1,4.88024177589548
3217,CHEMBL473386,CC1(C)Oc2ncnc(N)c2N=C1c1ccc(C23CC4CC(CC(CC(=O)O)(C4)C2)C3)cc1,4.899820502427096
3218,CHEMBL1582947,COc1ccc(-c2cnn(C3CCS(=O)(=O)C3)c2N)cc1,4.910090545594068
3234,CHEMBL2145265,CCn1c2ccccc2c2cc(NC(=O)N3CCCCC3)ccc21,2.9030899869919438
3235,CHEMBL1732984,O=S(=O)(CC(c1ccccc1)N1CCCCC1)c1ccc(Cl)cc1,2.9542425094393248
3286,CHEMBL1199987,Nc1ncc(-c2cnn(C3CCOCC3)c2)cc1-c1nc2ccccc2o1,3.57978359661681
3287,CHEMBL2088112,CCc1cc(Nc2nc(NCc3cc(-c4ccccn4)no3)ncc2Br)n[nH]1,3.57978359661681
3288,CHEMBL69023,O=C(N1CCN(c2ccncc2Cl)CC1)N1CCN(S(=O)(=O)c2ccc(C(F)(F)F)cc2)CC1,3.591064607026499
3289,CHEMBL256363,C[C@@H](Oc1cccc2ncnc(Nc3ccc4c(cnn4Cc4ccccn4)c3)c12)C(N)=O,3.6020599913279625
3290,CHEMBL436968,CC(C)Oc1cc(OCCN2CCOCC2)cc2ncnc(Nc3c(Cl)ccc4c3OCO4)c12,3.6434526764861874
3291,CHEMBL2030006,O=c1cc(-c2ccc(O)cc2)[nH]c2ccccc12,3.6720978579357175
3317,CHEMBL365458,Oc1cccc2nc(-c3ccccc3)cc(O)c12,3.6989700043360187
3318,CHEMBL1809063,COc1cc(N2CCN(CC(=O)N(C)C)CC2)ccc1Nc1ncc(Cl)c(-c2cnc3ccccn23)n1,3.6989700043360187
3346,CHEMBL1328239,CSc1ccn(Cc2ccc(Cl)cc2)c(=O)n1,4.920123326290724
3347,CHEMBL379153,CC(C)Oc1cc(O[C@@H](C)c2ccccc2)cc(C(=O)Nc2ccc(C(=O)O)cn2)c1,4.949877704036875
3348,CHEMBL2069324,N#CC1(NC(=O)[C@@H]2CCCC[C@H]2C(=O)N2CCN(c3nc(-c4ccccc4)cs3)CC2)CC1,4.980003371583746
3349,CHEMBL1785015,Cc1ccc(-c2nn(C(C)C)c3ncnc(N)c23)cc1,4.9898945637187735
3350,CHEMBL276154,COc1cc2ncnc(Nc3ccc(F)c(Cl)c3)c2cc1OC1CCN(C)CC1,5.0
3351,CHEMBL478407,Cc1ncc(-c2ccnc(Nc3ccc(F)cc3)n2)n1C(C)C,5.030194785356751
3352,CHEMBL401351,CC(=O)NC1CCN(C(=O)CN2CCN(CCc3c(-c4cc(C)cc(C)c4)[nH]c4sc(C(C)(C)C(=O)N5C6CCC5CC6)cc34)CC2)C1,5.030194785356751
3353,CHEMBL214798,COc1cc2ncnc(Nc3cccc(Cl)c3F)c2cc1OC1CCN(C)CC1,5.089905111439398
3361,CHEMBL1079428,Cn1cnc(-c2ccccc2)c1-c1cc2c(N)ncnc2s1,4.929929560084588
3362,CHEMBL197525,COc1ccc(Nc2ncnc3cccc(OC4CCN(C)CC4)c23)cc1Cl,4.940018155007663
3364,CHEMBL281066,CCC(CC)CNC(=O)c1ccc2c(c1)c(Cc1ccc(C(=O)NS(=O)(=O)c3ccccc3C)cc1OC)cn2C,4.980003371583746
3367,CHEMBL250389,COC1CCN(C(=O)C2CCN(CCc3c(-c4cc(C)cc(C)c4)[nH]c4sc(C(C)(C)C(=O)N5C6CCC5CC6)cc34)CC2)CC1,4.469822015978163
3368,CHEMBL595122,CCS(=O)(=O)c1ccc(Oc2cc3nc(-c4ccccn4)[nH]c3cc2CN2C(=O)CCC2=O)cc1,4.480006942957151
3369,CHEMBL1672434,C[C@H]1C[C@@H](NS(=O)(=O)c2cc(Br)ccc2Br)CN1C#N,4.4996870826184034
3370,CHEMBL256996,C[C@H](Oc1cccc2ncnc(Nc3ccc4c(cnn4Cc4cscn4)c3)c12)C(=O)N(C)C,4.630427875025024
3371,CHEMBL1951908,CCN(C(=O)Cc1ccc(S(C)(=O)=O)cc1)C1CCN(CC[C@@H](c2ccccc2)C2CCN(S(=O)(=O)C(F)(F)F)CC2)CC1,4.749736315569061
3390,CHEMBL113690,CCCCn1c(Cc2cc(OC)c(OC)c(OC)c2)nc2c(N)ncnc21,4.929929560084588
3392,CHEMBL1200211,c1ccc2oc(-c3cncc(-c4cnn(C5CCNCC5)c4)c3)nc2c1,4.940018155007663
3394,CHEMBL1333251,CC(=O)Nc1nc(-c2cccs2)cs1,5.0
3395,CHEMBL401193,Cc1cc(C)cc(-c2[nH]c3sc(C(C)(C)C(=O)N4C5CCC4CC5)cc3c2CCN2CCN(CC(=O)N(C)C)CC2)c1,5.0
3397,CHEMBL1645501,CC(=O)c1ccc2[nH]c(-c3cccnc3)cc(=O)c2c1,5.100025730107863
3399,CHEMBL314260,Cc1cc(C)cc(-c2[nH]c3ccc(C(C)(C)C(=O)N4CC5CCC4CC5)cc3c2[C@H](C)CNCCc2ccncc2)c1,5.119915410257991
3400,CHEMBL1951894,CCN(C(=O)Cc1ccc(S(C)(=O)=O)cc1)C1CCN(CCC(c2ccccc2)N2CCN(c3cccc(F)c3)CC2)CC1,5.159867847092567
3424,CHEMBL1346348,O=C(c1scc2c1CCCC2)N1CCCCC1,5.940018155007663
3425,CHEMBL2107760,COc1ccccc1Oc1c(NS(=O)(=O)/C=C/c2ccccc2)nc(-c2ncccn2)nc1OC,5.9500239065233265
3426,CHEMBL370826,CCN(C(=O)Cc1ccc(S(C)(=O)=O)cc1)C1CCN(CCC(c2ccc(NC(C)=O)cc2)c2cccc(F)c2)CC1,5.9599948383284165
3427,CHEMBL244213,O=C(c1ccc(F)cc1)C(O)c1ccc(F)cc1,5.970021265828366
3428,CHEMBL1447534,Nc1cccc(S(=O)(=O)Nc2ccccc2)c1,6.01000297412706
3429,CHEMBL1089518,CCCCOc1nc(N)c2[nH]c(=O)n(Cc3cccc(CC(=O)O)c3)c2n1,6.029992175377847
3430,CHEMBL131885,CS(=O)(=O)c1ccc2c(c1)cc(C(=O)O)n2Cc1ccc(Cl)c(Cl)c1,6.040008636013542
3431,CHEMBL2036775,CC(C)N1CCO[C@@H](CN2CCN(C(=O)Nc3ccc(Cl)c(Cl)c3)CC2)C1,6.049992856920142
3466,CHEMBL257178,N#Cc1ccc2[nH]c(-c3ccc(F)cc3)c(CCCC(=O)NS(=O)(=O)C(F)(F)F)c2c1,5.489958479424835
3467,CHEMBL92974,O=C1NCNC1(c1ccccc1)c1ccccc1,5.49996186559619
3468,CHEMBL448483,C[C@H](NC1=NC(=O)C(C)(C(F)(F)F)S1)c1ccccc1F,5.529943401658669
3469,CHEMBL1770733,Nc1cc(-c2ccccc2)ncn1,5.569958818096594
3470,CHEMBL1704805,O=C(c1ccccc1)C1CCN(C(=O)c2ccco2)CC1,5.63002085111341
3471,CHEMBL1784355,O=CN(O)C1(CS(=O)(=O)N2CCN(c3ccc(F)cc3)CC2)CCC1,5.690018780788695
3472,CHEMBL1824376,O=C(Nc1cccc(O)c1)c1ccc(OCCCN2CCCC2)cc1OCc1ccccn1,5.710032699065754
3473,CHEMBL2113324,COc1ccc(Cn2c(CCc3c[nH]c4ccccc34)nnc2[C@@H](Cc2c[nH]c3ccccc23)NC(=O)C2CCNCC2)c(OC)c1,5.73996769675951
3474,CHEMBL1522303,Nc1n[nH]c(S(=O)(=O)CCCc2ccccc2)n1,5.7599698575543075
3475,CHEMBL211003,CNC(=O)[C@@H](C)N(C)Cc1cc2c(Nc3cccc(Cl)c3F)ncnc2cc1OC,5.810030786405839
3476,CHEMBL346528,Oc1cc(-c2ccccc2)nc2ccnn12,5.909983694939844
3478,CHEMBL215657,CC(C)(C)CNCCn1c(Sc2nc3cccc(Cl)c3s2)nc2c(N)ncnc21,2.6989700043360187
3479,CHEMBL2088096,COc1cc(CCc2cc(Nc3ccnc(NCc4cc(C)no4)n3)n[nH]2)cc(OC)c1,2.7781512503836434
3480,CHEMBL178737,O=C1NC(=O)C(c2cnc3ccccn23)=C1c1cn2c3c(cccc13)CN(C(=O)N1CCOCC1)CC2,2.7781512503836434
3481,CHEMBL223147,CCN1C(=O)C(C)(C)c2cc3[nH]c4c(c3cc21)CCCc1c(C)n[nH]c1-4,2.845098040014257
3552,CHEMBL442283,COC1CCN(C(=O)C2CCN(CCc3c(-c4cc(C)cc(C)c4)[nH]c4sc(C(C)(C)C(=O)N5C6CCC5CC6)cc34)CC2)C1,4.850033257689769
3553,CHEMBL1762547,CCN(c1ccnc(Nc2cc(N3CCOCC3)cc(N3CCOCC3)c2)n1)c1cc(CO)ccc1C,4.859738566197147
3557,CHEMBL188313,Clc1cccc(CNc2[nH]nc3cccc(Oc4ccccc4)c23)c1,3.113943352306837
3568,CHEMBL150826,COCCOc1cc2nncc(Nc3cc(O)c(Cl)cc3F)c2cc1OC,2.0
3569,CHEMBL91428,COc1cc2ncnc(Nc3cc4ccccc4cn3)c2cc1OC,2.4771212547196626
3585,CHEMBL397688,O=C(NC1Cc2ccccc2N(CC(CO)CO)C1=O)c1cc2cc(Cl)sc2[nH]1,3.505149978319906
3586,CHEMBL379905,COC[C@@H](C(N)=O)N(C)Cc1cc2c(Nc3cccc(Cl)c3F)ncnc2cc1OC,3.57978359661681
3587,CHEMBL1669159,CC(C)Oc1cc(-c2cccc3c(=O)cc(N4CCOCC4)oc23)ccc1NC(=O)CN1CCOCC1,3.6020599913279625
3588,CHEMBL2042444,CCc1ccc(-c2cc(=O)c3ccccc3[nH]2)cc1,3.6020599913279625
3589,CHEMBL585367,Cc1ccc(Oc2ccnc(Nc3ccc(S(N)(=O)=O)cc3)c2)c(C)n1,3.6232492903979003
3590,CHEMBL1079773,Nc1ncnc2sc(-c3c(-c4ccccc4)ncn3Cc3ccccc3N3CCOCC3)nc12,3.6434526764861874
3600,CHEMBL184052,COc1cc2ncnc(Nc3cc(NC(=O)c4cccc(N5CCOCC5)c4)ccc3C)c2cc1OC,4.161368002234975
3602,CHEMBL1164911,O=C(c1ccc(F)cc1)C1CCN(C(=O)c2ccc(F)cc2Cl)CC1,4.161368002234975
3627,CHEMBL233034,O=C(CN1C(=O)C(NC(=O)c2cc3cc(Cl)sc3[nH]2)Cc2ccccc21)NO,4.17897694729317
3636,CHEMBL573287,COc1ccc(Nc2cc(Oc3cc(C)c(C)nc3-c3ccccn3)ccn2)cc1,3.113943352306837
3637,CHEMBL514980,CN(CCOc1ccccc1-c1cc(C(N)=O)c(NC(N)=O)s1)Cc1ccccc1,3.1760912590556813
3638,CHEMBL2035020,NC1(c2ccc(-c3nn4ccccc4c3-c3ccccc3)cc2)CCC1,5.169968173996892
3639,CHEMBL87785,Cc1cc(C)cc(-c2[nH]c3ccc(C(C)(C)C(=O)N4C5CCC4CC5)cc3c2[C@H](C)CNCCc2ccncc2)c1,5.169968173996892
3640,CHEMBL205133,Nc1c(C(=O)c2cccc(OC[C@H](O)CO)c2)cnn1-c1ccc(F)cc1,5.210050849875137
3641,CHEMBL424899,COc1cc2c(Nc3cc(CC(=O)Nc4cccc(F)c4)[nH]n3)ncnc2cc1OCCCN1CCC[C@@H]1CO,5.210050849875137
3642,CHEMBL1916263,CCC(CC)NC(=O)c1cn(-c2ccccc2)nc1NS(=O)(=O)c1ccc(C)cc1,5.2400497721126476
3643,CHEMBL1527751,Oc1ncnc2scc(-c3ccsc3)c12,5.2499317566341945
3644,CHEMBL134072,O=C(O)c1cc2ccc(F)cc2n1Cc1ccc(Cl)c(Cl)c1,5.260071387985075
3645,CHEMBL300940,COc1cc(C(=O)O)ccc1Cn1ccc2ccc(NC(=O)OC3CCCC3)cc21,5.269979676645324
3646,CHEMBL208292,COc1cc2ncnc(Nc3cccc(Cl)c3F)c2cc1CN1CCC[C@@H]1C(N)=O,5.290034611362518
3647,CHEMBL478828,COc1ccc(Nc2nccc(-c3cnc(C)n3C(C)C)n2)cc1,5.319938439980309
3648,CHEMBL377772,COc1cc2ncnc(Nc3cccc(Cl)c3F)c2cc1CN1CCC[C@H]1CC(N)=O,5.369957607346053
3649,CHEMBL2031234,Cc1ccc(NC(=O)c2cccnc2)cc1-n1cnc2ccc(N3CCN(C)CC3)cc2c1=O,5.400019635065158
3689,CHEMBL325424,Cc1cccc(-c2ccc3c(c2)c(C(=O)C(=O)O)cn3Cc2ccc(C(C)(C)C)cc2)c1,5.560026248912893
3690,CHEMBL508129,CNC(=O)c1ccc(Nc2nccc(-c3cnc(C)n3C(C)C)n2)cc1,5.729974285699556
3691,CHEMBL244521,CC(C)c1nc2ccc(-c3ccc(F)cc3)cc2c(=O)n1C[C@H]1CCCN(C(C)C)C1,5.729974285699556
3692,CHEMBL1762539,Cc1ccc(CO)cc1N(C)c1ccnc(Nc2cc(N3CCOCC3)cc(N3CCN(C)CC3)c2)n1,5.899984562549391
3696,CHEMBL1080303,Cn1cnc(-c2cccc(NC(=O)Nc3cc(C(F)(F)F)ccc3F)c2)c1-c1cc2c(N)ncnc2s1,2.6989700043360187
3697,CHEMBL1806525,COc1cc(N2CCN(C(C)=O)CC2)ccc1Nc1ncc(C#N)c(-c2cnc3ccccn23)n1,2.9542425094393248
3698,CHEMBL2094499,COc1ccccc1NC(=O)c1cc2ccccc2cc1O,2.9542425094393248
3712,CHEMBL402339,COc1cc(Nc2ncnc3[nH]nc(OCCN4CCC(O)CC4)c23)ccc1OCc1cccc(F)c1,3.7481880270062002
3713,CHEMBL403672,COc1cc(Nc2ncnc(Nc3c(Cl)ccc4c3OCO4)n2)cc(OC)c1OC,3.792391689498254
3714,CHEMBL457016,COCCNS(=O)(=O)c1ccc(Nc2nccc(-c3cnc4cccnn34)n2)cc1,3.8573324964312685
3715,CHEMBL402507,Cc1ccc(Oc2ccc(Nc3ncnc4cccc(O[C@H](C)C(=O)N5CCOCC5)c34)cc2C)cn1,3.8808135922807914
3716,CHEMBL327151,O=C(CCc1ccncc1)Nc1ccc(C(=O)c2ccccc2)cc1,3.90848501887865
3717,CHEMBL1896341,Cc1ccc(CNC(=O)C2CCCN2S(=O)(=O)c2ccc(F)cc2)cc1,3.949390006644913
3718,CHEMBL561652,C[C@@H](CO)Oc1cc(Oc2ccc(S(C)(=O)=O)cc2)cc(C(=O)Nc2nccs2)c1,3.9684829485539352
3719,CHEMBL2171018,COc1cccc(C(=O)NCCN2CCC(Oc3ccc(Cl)c(Cl)c3)CC2)c1,3.9777236052888476
3720,CHEMBL2086678,COc1cnccc1COc1cnc(N2CCN(C(=O)OC(C)(C)C)CC2)nc1,4.049218022670182
3721,CHEMBL1762527,COc1ccc(C)c(N(C)c2ccnc(Nc3cc(N4CCOCC4)cc(N4CCOCC4)c3)n2)c1,4.060697840353612
3722,CHEMBL363462,COc1cc2ncnc(Nc3cc(NC(=O)c4ccnc(N5CCOCC5)c4)ccc3C)c2cc1OCCN(C(C)C)C(C)C,5.380030247967831
3734,CHEMBL517130,COc1cc2ncnc(Nc3ccc(F)c(Cl)c3)c2cc1CN(C)[C@H](C)C(N)=O,4.190331698170292
3735,CHEMBL2036736,O=C(Nc1nnc(C(=O)Nc2ccc(N3CCOCC3)cc2)o1)c1ccc(Cl)cc1,4.230448921378274
3740,CHEMBL262434,COc1cc2c(Nc3cc(CC(=O)Nc4cc(F)cc(F)c4)[nH]n3)ncnc2cc1OCCCN1CCC(CO)CC1,5.330007700872759
3761,CHEMBL436511,CN1CCC(Oc2cccc3ncnc(Nc4ccc(OCc5cnccn5)c(Cl)c4)c23)CC1,4.089905111439398
3762,CHEMBL2086675,CC(C)(C)OC(=O)N1CCN(c2ncc(OCc3ccncc3)cn2)CC1,4.350248018334163
3769,CHEMBL1824388,O=C(Nc1cccnc1)c1ccc(OCCCN2CCCC2)cc1OCc1ccccc1,5.319938439980309
3800,CHEMBL66761,O=c1[nH]nc(Cc2ccccc2)c2ccccc12,4.389166084364533
3801,CHEMBL183406,CN(C(=O)NCc1ccccc1)C1CCN(CCC(c2ccccc2)c2ccccc2)CC1,4.409933123331294
3802,CHEMBL256117,Nc1ccccc1NC(=O)c1ccc(-c2ncc(CN3CCCCC3)s2)cc1,4.419955748489758
3803,CHEMBL401875,Nc1ccccc1NC(=O)c1ccc(N2CCN(Cc3ccccc3)CC2)cc1,4.450249108319361
3804,CHEMBL1602482,O=C(c1ccccc1)C1CCN(C(=O)c2ccc(Cl)cc2)CC1,4.459392487759231
3826,CHEMBL57990,COc1cc2ncnc(Nc3ccc(F)c(Cl)c3)c2cc1OCCCN(C)C,6.109983294819893
3827,CHEMBL1951912,CCN(C(=O)Cc1ccc(S(C)(=O)=O)cc1)C1CCN(CC[C@@H](c2cccc(F)c2)C2CCN(S(C)(=O)=O)CC2)CC1,6.130011949671904
3828,CHEMBL2036738,O=C(Nc1ccc(N2CCOCC2)cc1)c1nnc(NC(=O)C2(c3ccc(Cl)cc3)CCC2)o1,4.820201459485641
3829,CHEMBL2078875,NC(=O)Nc1sc(-c2ccc(Cl)c(Cl)c2)cc1C(=O)N[C@H]1CCCNC1,4.820201459485641
3830,CHEMBL194337,CN1CCC(Oc2cccc3ncnc(Nc4ccc(OCc5ccccn5)cc4)c23)CC1,4.889861721258188
3831,CHEMBL346217,N=C(N)Nc1nc(-c2cccc(O)c2)cs1,4.899820502427096
3832,CHEMBL2059910,CNC(=O)Nc1nc2ccc(-c3cncc(S(=O)(=O)NC(C)(C)C)c3)cn2n1,4.940018155007663
3833,CHEMBL1940295,CC[C@@H](C)NC(=O)c1ccc(Oc2ccc(C#C[C@]3(O)CN4CCC3CC4)cc2)cc1,5.049992856920142
3847,CHEMBL565755,CCOc1ccc2nc(N)sc2c1,5.929980590515514
3848,CHEMBL190660,O=C(c1cccs1)C(O)c1cccs1,6.029992175377847
3850,CHEMBL1645496,O=c1cc(-c2cccnc2)[nH]c2cc(C(O)c3ccccc3)ccc12,5.459995256047391
3897,CHEMBL483321,COCC(=O)NC/C=C/c1ccc2ncnc(Nc3ccc(Oc4ccc(C)nc4)c(C)c3)c2c1,3.041392685158225
3906,CHEMBL360120,CN(C(=O)Cc1ccc(Cl)c(Cl)c1)C1CCN(CCC(c2ccccc2)c2ccccc2)CC1,3.7481880270062002
3907,CHEMBL214637,CCCN(CCO)CCCOc1ccc2c(Nc3cc(CC(=O)Nc4cccc(F)c4F)[nH]n3)ncnc2c1,3.7634279935629373
3908,CHEMBL249789,OC[C@H]1C[C@@H](n2nnc3c(N[C@@H]4C[C@H]4c4ccc(F)c(F)c4)nc(SCCC(F)(F)F)nc32)[C@H](O)[C@@H]1O,3.8573324964312685
3909,CHEMBL2010844,CN(C(=O)Cc1ccc(-n2cnnn2)cc1)[C@H]1CCN(Cc2ccc(C(F)(F)F)cc2)C[C@H]1F,3.90848501887865
3910,CHEMBL111660,CCc1ccc(NC(=O)c2ccc3cc(C(=N)N)ccc3c2)cc1,3.929418925714293
3911,CHEMBL476578,CC(=O)N[C@@H]1CCN(c2ccc(Nc3ncc(F)c(-c4cnc(C)n4C(C)C)n3)cc2)C1,3.9395192526186187
3912,CHEMBL1079589,Nc1ncnc2sc(-c3c(-c4ccccc4)ncn3CC3CCCCC3)nc12,4.021189299069938
3913,CHEMBL101779,COc1ccc(Nc2cc(Nc3ccc(OCC(O)CN(C)C)cc3)ncn2)cc1,4.079181246047625
3914,CHEMBL452790,NC(=O)Nc1sc(-c2ccc(OCCOCC3CC3)cc2)cc1C(N)=O,3.690196080028514
3915,CHEMBL398159,CCC(O)CN1C(=O)C(NC(=O)c2cc3cc(Cl)sc3[nH]2)Cc2ccccc21,3.690196080028514
3916,CHEMBL256060,C[C@H](Oc1cccc2ncnc(Nc3ccc(OCc4ccccn4)c(Cl)c3)c12)C(=O)N(C)CCO,3.690196080028514
3917,CHEMBL81642,COc1cc(C(=O)NS(=O)(=O)c2ccccc2)ccc1Cn1ccc2ccc(NC(=O)OC3CCCC3)cc21,3.7075701760979363
3922,CHEMBL494505,CCC(=O)N1CCN(C(=O)c2cc(Cc3n[nH]c(=O)c4ccccc34)ccc2F)CC1,5.400019635065158
3943,CHEMBL2086689,C[C@@H]1CN(c2ncc(F)cn2)CCN1c1ncc(OCc2ccncc2C#N)cn1,2.845098040014257
3944,CHEMBL520003,CNS(=O)(=O)c1ccc(Nc2nccc(-c3cnc4cccnn34)n2)cc1,2.845098040014257
3948,CHEMBL1809061,COc1cc(N2CCNCC2)ccc1Nc1ncc(Cl)c(-c2cnc3ccccn23)n1,4.1702617153949575
3950,CHEMBL115405,O=C(NNC(=O)c1ccccc1)c1ccccc1,5.260071387985075
3968,CHEMBL133839,O=C(O)c1cc2cc(Cl)ccc2n1Cc1ccc(Cl)c(Cl)c1,4.910090545594068
3969,CHEMBL2147316,COc1cnc(-c2ccccc2C(F)(F)CNC(=O)c2ccc(COCC(F)(F)F)nc2)cn1,4.929929560084588
3970,CHEMBL384684,C[C@H](NC1=NC(=O)[C@](C)(C(F)(F)F)S1)c1ccccc1F,4.940018155007663
3971,CHEMBL2059005,CCCSc1nc2ccc(NC(=O)CCNC(N)=O)cc2s1,4.9698816437465
3972,CHEMBL496995,O=C1NC(=O)/C(=C/c2ccc(Cl)cc2)S1,5.03981055414835
3973,CHEMBL409494,Nc1ccccc1NC(=O)c1ccc(C2CCN(CCC(=O)Nc3ccccc3F)CC2)cc1,5.049992856920142
3974,CHEMBL1707308,O=C(Cn1cnc2ccccc21)c1ccc(Br)cc1,5.109915863023793
4109,CHEMBL1720929,CC(C)(C)OC(=O)N1CCC[C@H]1C(=O)Nc1ccc(Br)cc1,4.3692158574101425
4110,CHEMBL507177,NC(=O)Nc1sc(-c2ccccc2)cc1C(=O)N1CCOCC1,4.429752280002408
4111,CHEMBL572629,Cc1nc(-c2ccccc2)c(-c2ccc(CN3CCC(n4c(=O)[nH]c5ccccc54)CC3)cc2)[nH]c1=O,4.439332693830263
4112,CHEMBL560493,NCc1ccc(NC(=O)c2cc(Nc3ncccn3)c3cc(/C(N)=N/O)ccc3c2)cc1,4.450249108319361
4113,CHEMBL372860,CC(C)Oc1cc(OCCc2ccccc2)cc(C(=O)Nc2ccc(C(=O)O)cn2)c1,4.459392487759231
4114,CHEMBL1163965,O=C(c1ccc(F)cc1)C1CCN(C(=O)c2ccccc2F)CC1,4.480006942957151
4124,CHEMBL339670,N#Cc1c(C(=O)O)n(Cc2ccc(Cl)c(Cl)c2)c2ccccc12,6.090011024007147
4147,CHEMBL384699,COc1cc2ncnc(Nc3cc(Cl)ccc3F)c2cc1OCCCN1CCOCC1,5.510008512940234
4148,CHEMBL1778365,COC[C@H](C)Oc1cc(Oc2ccccc2)cc(C(=O)Nc2ccc(C(=O)O)cn2)c1,5.639984248041588
4149,CHEMBL1997966,CC(c1ccccc1)n1cnc2ccccc2c1=O,5.6699673699085045
4150,CHEMBL179858,CN(C(=O)Cc1ccc(S(=O)(=O)N(C)C)cc1)C1CCN(CCC(c2ccccc2)c2ccccc2)CC1,5.690018780788695
4151,CHEMBL427245,Clc1ccc(CN2CCC(Nc3ccc4[nH]ncc4c3)C2)cc1,5.790003520390489
4152,CHEMBL1778356,COC[C@H](C)Oc1cc(O[C@@H](C)Cc2cc(F)cc(F)c2)cc(C(=O)Nc2ccc(C(=O)O)cn2)c1,5.810030786405839
4153,CHEMBL360425,CS(=O)(=O)Nc1cccc(NC(=O)CN2CCN(C(=O)C[C@H](N)Cc3ccc(F)c(F)c3)[C@H](Cc3ccccc3)C2)c1,5.820004306808318
4154,CHEMBL171264,Cc1ccccc1NC(=O)Nc1ccncc1,5.859978441642021
4155,CHEMBL59019,CC(=O)Nc1ccc(Br)cc1,5.920018916028915
4156,CHEMBL457888,Cc1ncc(-c2ccnc(Nc3ccc(S(=O)(=O)CCCN4CCOCC4)cc3)n2)n1C(C)C,5.929980590515514
4177,CHEMBL459236,CCn1c(=O)ccc2cc(COc3cc(F)cc(C4(OC)CCOCC4)c3)ccc21,3.230448921378274
4178,CHEMBL2086672,C[C@@H]1CN(C(=O)OC(C)(C)C)CCN1c1ncc(OCc2ccc(S(C)(=O)=O)cc2F)cn1,3.342422680822206
4179,CHEMBL188705,COc1ccc(OC)c(CNc2[nH]nc3cccc(Oc4ccc(S(C)(=O)=O)cc4)c23)c1,3.342422680822206
4180,CHEMBL1809048,COc1cc(N2CCCN(C(C)=O)CC2)ccc1Nc1ncc(Cl)c(-c2cnc3ccccn23)n1,3.380211241711606
4181,CHEMBL256783,C[C@@H](Oc1cccc2ncnc(Nc3ccc4c(cnn4Cc4cccc(F)c4)c3)c12)C(=O)N(C)C,3.4149733479708178
4182,CHEMBL1762157,CC1(C)C(=O)N(c2ccc(SC(F)(F)F)cc2)C(=O)N1Cc1ccnc(N2CCOCC2)c1,3.4771212547196626
4183,CHEMBL214857,COCCN1CCC(Oc2cc3c(Nc4cccc(Cl)c4F)ncnc3cc2OC)CC1,3.5440680443502757
4192,CHEMBL62788,NC(=O)c1ccccc1NC(=O)Nc1ccc(Cl)c(Cl)c1,3.1760912590556813
4193,CHEMBL401212,Cc1cc(C)cc(-c2[nH]c3sc(C(C)(C)C(=O)N4C5CCC4CC5)cc3c2CN2CCN(CC(=O)N3CCCC3)CC2)c1,3.230448921378274
4194,CHEMBL1809045,COc1cc(C2CCN(C(C)=O)CC2)ccc1Nc1ncc(Cl)c(-c2cnc3ccccn23)n1,3.342422680822206
4195,CHEMBL1200076,Nc1ncc(-c2cnn(CCO)c2)cc1-c1nc2ccccc2o1,3.4913616938342726
4196,CHEMBL1770477,CCOc1ccc2oc(C(=O)NC(CCSC)c3nc4ncccc4[nH]3)c(C)c2c1,3.5440680443502757
4204,CHEMBL233238,O=C(CN1C(=O)C(NC(=O)c2cc3cc(Cl)sc3[nH]2)Cc2ccccc21)NC(CO)CO,4.230448921378274
4205,CHEMBL1796294,CNC(=O)c1ccc(Oc2ccc(C(=O)NCc3ccncc3)cc2)cc1,4.269512944217916
4206,CHEMBL452791,COCCOCCOc1ccc(-c2cc(C(N)=O)c(NC(N)=O)s2)cc1,4.320146286111054
4207,CHEMBL2023350,Cc1nn(C2CCN(C)CC2)cc1-c1cnc(N)c(-c2nc3ccccc3o2)c1,4.330413773349191
4208,CHEMBL99737,Nc1cccc(NC(=O)c2ccc(CNC(=O)OCc3cccnc3)cc2)c1,4.3404441148401185
4230,CHEMBL2059909,CC(C)(C)NS(=O)(=O)c1cncc(-c2ccc3nc(N)nn3c2)c1,4.800029359244134
4232,CHEMBL182940,CCN(C(=O)NCc1cccc(C)c1)C1CCN(CCC(c2ccccc2)c2ccccc2)CC1,4.850033257689769
4233,CHEMBL2031157,O=C(N[C@@H](Cc1ccc(C#CCCNc2ccccn2)cc1)C(=O)O)c1c(Cl)cccc1Cl,4.88024177589548
4240,CHEMBL1624252,COc1ccc(-c2csc(N(CCCN3CCOCC3)C(=O)c3ccco3)n2)cc1,3.041392685158225
4241,CHEMBL1809197,COc1cc(N2CCN(C(C)=O)CC2)ccc1Nc1ncc(OC)c(-c2cnc3ccccn23)n1,3.113943352306837
4242,CHEMBL491758,Fc1cnc(Nc2ccccc2)nc1Nc1ccccc1,3.113943352306837
4243,CHEMBL1271081,CS(=O)(=O)c1cccc(Nc2nccc(N(CC#N)c3c(Cl)ccc4c3OCO4)n2)c1,3.113943352306837
4244,CHEMBL2036746,O=C(Nc1ccc(N2CCOCC2)cc1)c1nnc(Nc2ccccc2)o1,3.230448921378274
4245,CHEMBL232432,COCCN1C(=O)C(NC(=O)c2cc3cc(Cl)sc3[nH]2)Cc2ccccc21,3.278753600952829
4246,CHEMBL233656,O=C(NC1Cc2ccccc2N(CCO)C1=O)c1cc2cc(Cl)ccc2[nH]1,3.3010299956639813
4247,CHEMBL2088094,CCCc1cc(Nc2nc(NCc3cc(C)no3)ncc2Br)n[nH]1,3.4313637641589874
4248,CHEMBL181610,Nc1nc(N)c(C(=O)Nc2ccccn2)nc1Cl,3.6532125137753435
4250,CHEMBL104166,N=C(N)c1ccc2cc(C(=O)Nc3ccc(CN)cc3)cc(Nc3ncccn3)c2c1,5.1801258751640535
4251,CHEMBL11009,Cc1cc(C)cc(-c2[nH]c3ccccc3c2CCNCCCCc2ccncc2)c1,5.20002926655377
4252,CHEMBL452021,CN(C)CCOc1ccc(-c2cc(C(N)=O)c(NC(N)=O)s2)cc1,5.260071387985075
4253,CHEMBL374643,COc1ccc(Cn2c(CCc3c[nH]c4ccccc34)nnc2[C@@H](Cc2c[nH]c3ccccc23)NC(=O)C(C)(C)N)cc1,5.260071387985075
4254,CHEMBL234951,O=C(NC1Cc2ccccc2N(C[C@@H](O)CO)C1=O)c1cc2cc(Cl)sc2[nH]1,5.269979676645324
4255,CHEMBL1916271,CCN(C(=O)c1cnn(-c2ccccc2)c1NS(=O)(=O)c1ccc(-c2cnco2)cc1)C1CCCCC1,5.310055737750892
4256,CHEMBL1576727,COc1ccc(C(=O)C2CCN(C(=O)c3ccc(F)cc3)CC2)cc1,5.310055737750892
4257,CHEMBL344319,Cc1c(CCC(=O)O)c[nH]c1/C=C1\C(=O)Nc2ccccc21,5.319938439980309
4258,CHEMBL29611,COc1cc2cc(O)nc(C)c2cc1OC,5.319938439980309
4259,CHEMBL215559,COCCN1CCC(Oc2cc3c(Nc4cc(Cl)ccc4F)ncnc3cc2OC)CC1,5.319938439980309
4260,CHEMBL368473,Cn1c(=O)c2nc(-c3cccnc3)[nH]c2n(C)c1=O,5.340047317661393
4261,CHEMBL1443334,O=C(NC1CCN(C(=O)c2cccs2)CC1)c1ccccc1,5.220108088040055
4265,CHEMBL281470,COc1ccc(-c2[nH]nc3c2C(=O)c2ccccc2-3)cc1,2.4771212547196626
4274,CHEMBL1079324,C[C@@H]1CN(c2nc(N3CCOCC3)c3ccc(Nc4ccccc4)nc3n2)C[C@H](C)O1,3.146128035678238
4295,CHEMBL504977,N=C1S/C(=C/c2ccco2)C(=O)N1c1nccs1,5.260071387985075
4296,CHEMBL1778359,COCC(C)(C)Oc1cc(O[C@@H](C)Cc2ccccc2)cc(C(=O)Nc2ccc(C(=O)O)cn2)c1,5.279894980011638
4357,CHEMBL425601,COc1cc2ncnc(Nc3cccc(Cl)c3F)c2cc1CN(C)C1(C(N)=O)CN(C(C)C)C1,4.409933123331294
4358,CHEMBL1720347,Cc1nc2nc(-c3cccnc3)nn2c(O)c1Cc1ccccc1,4.469822015978163
4359,CHEMBL443571,COc1ccc(-c2cc(N)c(C(N)=O)s2)cc1,4.489958479424835
4360,CHEMBL519422,CCn1c(-c2ccnc(Nc3ccc(C(=O)NC)cc3)n2)cnc1C,4.550228353055094
4361,CHEMBL1796290,O=C(NCc1ccncc1)c1ccc(OCCc2ccccc2)cc1,4.550228353055094
4362,CHEMBL1560828,CCc1cccc2c(C#N)cn(CC(=O)NCCOC)c12,4.570542939881897
4363,CHEMBL279072,COc1cc2c(Nc3ccc(Br)cc3F)ncnc2cc1OCCCN1CCN(C)CC1,4.620136054973758
4364,CHEMBL2325737,NC1(C(=O)NC(CO)c2ccc(Cl)cc2)CCN(c2ncnc3[nH]ccc23)CC1,4.670245853074124
4365,CHEMBL207718,COc1cc2ncnc(Nc3cccc(Cl)c3F)c2cc1CN(C)C1(C(N)=O)CN(C)C1,4.710117365111817
4366,CHEMBL435384,CCn1c2ccccc2c2cc(N(C)C(=O)CCc3ccncc3)ccc21,4.740362689494244
4371,CHEMBL234950,O=C(NC1Cc2ccccc2N(CCCO)C1=O)c1cc2cc(Cl)sc2[nH]1,3.6434526764861874
4375,CHEMBL488257,CNC(=O)c1ccc(Nc2nccc(-c3cnc(C)n3C3CCCC3)n2)cc1,4.389166084364533
4376,CHEMBL445162,CS(=O)(=O)c1cccc(Nc2nccc(Nc3c(Cl)ccc4c3OCO4)n2)c1,4.480006942957151
4390,CHEMBL298700,CCN(CC)C(=O)c1ccc2[nH]c(-c3cc(C)cc(C)c3)c(CCNCCCCc3ccncc3)c2c1,5.940018155007663
4391,CHEMBL1778368,COC[C@H](C)Oc1cc(Oc2cccc(Cl)c2)cc(C(=O)Nc2ccc(C(=O)O)cn2)c1,6.070000903802345
4392,CHEMBL129958,O=C(O)c1cc2ccccc2n1Cc1cccc(Cl)c1,6.080012847107928
4408,CHEMBL1951898,CCN(C(=O)Cc1ccc(S(C)(=O)=O)cc1)C1CCN(CC[C@@H](c2ccccc2)N2CCN(S(=O)(=O)C(F)(F)F)CC2)CC1,5.459995256047391
4409,CHEMBL2036757,O=C(Nc1ccc(Cl)c(Cl)c1)N1CCN(C[C@@H]2CCCN(C3CC3)C2)CC1,5.459995256047391
4410,CHEMBL402011,C[C@@H](Oc1cccc2ncnc(Nc3ccc4c(cnn4Cc4ccccn4)c3)c12)C(=O)N(C)C,5.4699692094999595
4411,CHEMBL1645493,CNC(=O)c1ccc2c(=O)cc(-c3cccnc3)[nH]c2c1,5.489958479424835
4412,CHEMBL1605804,Cc1ccnc2nc(C(=O)Nc3nccs3)nn12,5.529943401658669
4413,CHEMBL1940286,COc1ccc(CNC(=O)c2ccc(Oc3ccc(C#C[C@]4(O)CN5CCC4CC5)cc3)cc2)nc1,5.539953841656397
4414,CHEMBL1762541,Cc1ccc(CO)cc1N(C)c1ccnc(Nc2cc(CN3CCOCC3)cc(N3CCOCC3)c2)n1,5.569958818096594
4415,CHEMBL1486187,FC(F)(F)c1nnc2ccc(NCc3cccnc3)nn12,5.580012112529424
4416,CHEMBL100913,Oc1ccc(-c2ccc(C3(O)CN4CCC3CC4)cc2)cc1,5.639984248041588
4417,CHEMBL2164679,C[C@H](C#N)NC(=O)[C@@H]1CCCC[C@H]1C(=O)N1CCc2[nH]c3ccc(F)cc3c2C1,5.660011221289331
4418,CHEMBL1951899,CCN(C(=O)Cc1ccc(S(C)(=O)=O)cc1)C1CCN(CC[C@@H](c2ccccc2)N2CCN(S(=O)(=O)CC(F)(F)F)CC2)CC1,5.690018780788695
4419,CHEMBL182266,CN(C(=O)c1ccncc1)C1CCN(CCC(c2ccccc2)c2ccccc2)CC1,5.729974285699556
4420,CHEMBL383246,COc1cc2ncnc(Nc3cccc(Cl)c3F)c2cc1CN(C)C1(C(N)=O)CCN(C(C)C)CC1,5.73996769675951
4421,CHEMBL2169908,Cc1noc2cc(N3CCN(C(=O)[C@@H]4CCCC[C@H]4C(=O)NC4(C#N)CC4)[C@H](C)C3)ccc12,5.780029127337339
4436,CHEMBL207028,NC(=O)c1sc(-c2ccccc2)cc1N,4.589949601325708
4437,CHEMBL208118,COc1cc2ncnc(Nc3cccc(Cl)c3F)c2cc1CN(C)[C@H](C)C(N)=O,4.620136054973758
4438,CHEMBL207687,COc1cc2ncnc(Nc3cccc(Cl)c3F)c2cc1CN(C)[C@@H](C)C(N)=O,4.630427875025024
4439,CHEMBL1329874,Clc1ccc(-c2nnc3cccc(Cl)n23)c(Cl)c1,4.720159303405957
4440,CHEMBL2158771,N#Cc1ccc(C[C@@H](C(=O)O)N2CCC(CN3CCC(Oc4ccc(Cl)c(Cl)c4)CC3)CC2)cc1,4.729974285699556
4441,CHEMBL402986,C[C@H](CO)Nc1nc(SCc2ccccc2)nc2[nH]c(=O)sc12,4.729974285699556
4442,CHEMBL2088091,Cc1cc(CNc2ncc(Br)c(Nc3cc(C)[nH]n3)n2)on1,4.790285164033242
4452,CHEMBL2036568,O=C(Nc1ccc(N2CCOCC2)c(F)c1)c1nnc(Nc2ccccc2F)o1,3.113943352306837
4453,CHEMBL325475,CCn1c2ccccc2c2cc(NC(=O)CCc3ccncc3)ccc21,3.3010299956639813
4476,CHEMBL72548,CN(C)CCNS(=O)(=O)c1ccc(Nc2nccc(-c3cnc4ccccn34)n2)cc1,4.489958479424835
4510,CHEMBL268100,C#CCN(Cc1ccc2nc(C)nc(O)c2c1)c1ccc(C(=O)NCc2cccc(C#N)c2)cc1,2.3010299956639813
4537,CHEMBL256362,Cc1ccc(Oc2ccc(Nc3ncnc4cccc(O[C@H](C)C(=O)N(C)C)c34)cc2C)cn1,4.359835482339888
4538,CHEMBL1163803,CCN(C(=O)NCc1c(F)cccc1F)C1CCN(CCC(c2ccccc2)c2ccccc2)CC1,4.380211241711606
4539,CHEMBL453651,CNC(=O)c1ccc(Nc2nccc(-c3cnc(COC)n3C(C)C)n2)cc1,4.389166084364533
4540,CHEMBL39058,COc1ccc(C(=O)Nc2c(Cl)cncc2Cl)c2cccnc12,4.65991620006985
4555,CHEMBL2087086,C[C@@H]1CN(c2nc(C(F)(F)F)no2)CCN1c1ncc(OCc2ccncc2C#N)cn1,3.681241237375587
4559,CHEMBL2325696,C[C@H]1COCCN1c1cc(C2(S(C)(=O)=O)CC2)nc(-c2cccc3[nH]ccc23)n1,4.949877704036875
4560,CHEMBL215322,CCN(CCO)CCCOc1ccc2c(Nc3cc(CC(=O)Nc4cccc(F)c4F)[nH]n3)ncnc2c1,4.9698816437465
4561,CHEMBL453862,Cc1ncc(-c2nc(Nc3ccc(C(=O)N(C)C)cc3)ncc2F)n1C(C)C,5.0
4562,CHEMBL1927251,Nc1n[nH]c2ncc3c(c12)CCCCCC3,5.00987563371216
4563,CHEMBL215495,CCCN(CCO)CCCOc1ccc2c(Nc3cc(CC(=O)Nc4cccc(F)c4)[nH]n3)ncnc2c1,5.049992856920142
4564,CHEMBL560993,Cc1c(Cc2ccc3ccccc3n2)c2cc(F)ccc2n1CC(=O)O,5.049992856920142
4565,CHEMBL476577,CC(=O)NC1CN(c2ccc(Nc3ncc(F)c(-c4cnc(C)n4C(C)C)n3)cc2)C1,5.07990446766672
4566,CHEMBL1835918,Cc1ccc(N2CC(COc3ccc(-c4noc(C)n4)cc3)C2)nn1,5.109915863023793
4600,CHEMBL2316589,CC(C)CC(C(=O)NCC(=O)CNS(=O)(=O)c1ccccn1)c1cccc(-c2ccccc2)c1,3.0791812460476247
4601,CHEMBL233657,O=C(NC1Cc2ccccc2N(CC(CO)CO)C1=O)c1cc2sc(Cl)c(Cl)c2[nH]1,3.0791812460476247
4602,CHEMBL257410,CNC(=O)[C@@H](C)Oc1cccc2ncnc(Nc3ccc4c(cnn4Cc4nccs4)c3)c12,3.113943352306837
4603,CHEMBL1809055,COc1cc(C(=O)N2CCOCC2)ccc1Nc1ncc(Cl)c(-c2cnc3ccccn23)n1,3.2041199826559246
4604,CHEMBL178468,CC(C)Cc1nc(-c2ccccc2)c(-c2ccc(CN3CCC(n4c(O)nc5ccccc54)CC3)cc2)nc1O,3.2041199826559246
4605,CHEMBL1078499,C[C@@H]1CN(c2nc(N3CCOCC3)c3ccc(-c4ccccc4)nc3n2)C[C@H](C)O1,3.255272505103306
4606,CHEMBL184685,COc1cc2ncnc(Nc3cc(NC(=O)c4ccccc4)c(Cl)cc3F)c2cc1OC,3.278753600952829
4607,CHEMBL403569,O=C(CO)N1CCC[C@H]1COc1cccc2ncnc(Nc3ccc(OCc4ccccn4)c(Cl)c3)c12,3.278753600952829
4608,CHEMBL1857945,CN(C)CCNc1cc(-c2ccccc2)nc2cc(-c3ccc(F)cc3)nn12,3.322219294733919
4609,CHEMBL194436,O=C(Nc1ccc(Cl)c(COc2cccnc2)c1)c1cc(F)cc(N2CCOCC2)c1,3.342422680822206
4610,CHEMBL2147033,O=C1COC2(CCN(S(=O)(=O)c3ccc(-c4ccc5cnccc5c4)cc3)CC2)CN1C1CC1,3.342422680822206
4611,CHEMBL1669170,O=C(CN1CCOCC1)Nc1ccc(-c2cccc3c(=O)cc(N4CCOCC4)oc23)cc1-c1ccccc1,3.342422680822206
4612,CHEMBL402798,Cc1ccc(Oc2ccc(Nc3ncnc4cccc(O[C@H](C)C(=O)N5CCOCC5)c34)cc2Cl)cn1,3.361727836017593
4613,CHEMBL73243,COCCCNS(=O)(=O)c1ccc(Nc2nccc(-c3cnc4ccccn34)n2)cc1,3.380211241711606
4614,CHEMBL1829763,C[C@@H](c1ccc(-c2ccc(F)cc2F)cc1)N1CC[C@](CCO)(c2ccc(F)cc2)OC1=O,3.3979400086720375
4615,CHEMBL1809198,COc1cc(N2CCN(C(C)=O)CC2)ccc1Nc1ncc(Cl)c(-c2cnc3c(F)cccn23)n1,3.4471580313422194
4616,CHEMBL214848,CCN(CCO)CCCOc1cc2ncnc(Nc3cc(CC(=O)Nc4cccc(F)c4F)[nH]n3)c2cc1OC,3.4771212547196626
4617,CHEMBL394526,O=C(NC1Cc2ccccc2N(C[C@@H](O)CO)C1=O)c1cc2sc(Cl)c(Cl)c2[nH]1,3.4771212547196626
4618,CHEMBL20403,COC1(c2cc(F)cc(OCc3ccc4c(ccc(=O)n4C)c3)c2)CCOCC1,3.505149978319906
4619,CHEMBL381115,COc1ccc(I)c(Sc2nc3c(N)ncnc3n2CCNCC(C)(C)C)c1,3.6020599913279625
4620,CHEMBL553,C#Cc1cccc(Nc2ncnc3cc(OCCOC)c(OCCOC)cc23)c1,3.6232492903979003
4621,CHEMBL271668,Cc1ccc(Oc2ccc(Nc3ncnc4cccc(O[C@H](C)C(=O)NCCO)c34)cc2C)cn1,3.6232492903979003
4622,CHEMBL1669161,C=CCOc1cc(-c2cccc3c(=O)cc(N4CCOCC4)oc23)ccc1NC(=O)CN1CCOCC1,3.6720978579357175
4623,CHEMBL2086653,CC(C)(C)OC(=O)N1CCN(c2cnc(OCc3ccc(S(C)(=O)=O)cc3)cn2)CC1,3.6720978579357175
4635,CHEMBL433068,Cc1nc(C)c(-c2ccnc(Nc3ccc(N(C)C)c(Cl)c3)n2)s1,3.113943352306837
4636,CHEMBL2036587,O=C(Nc1ccc(N2CCOCC2)nc1)c1nnc(Nc2ccccc2)o1,3.278753600952829
4637,CHEMBL1796282,Cc1ccc(Oc2ccc(C(=O)N(C)Cc3ccncc3)cc2)cc1,3.278753600952829
4638,CHEMBL455651,CNC(=O)c1ccc(Nc2ncc(F)c(-c3cnc(C)n3C(C)C)n2)cc1F,3.6127838567197355
4640,CHEMBL233035,O=C(CN1C(=O)C(NC(=O)c2cc3cc(Cl)sc3[nH]2)Cc2ccccc21)NCCO,4.14921911265538
4641,CHEMBL1809050,COc1cc(OC2CCNCC2)ccc1Nc1ncc(Cl)c(-c2cnc3ccccn23)n1,4.489958479424835
4642,CHEMBL257198,C[C@H](Oc1cccc2ncnc(Nc3ccc4c(cnn4Cc4nccs4)c3)c12)C(=O)N(C)C,4.4996870826184034
4643,CHEMBL1762548,Cc1ccc(CO)cc1N(c1ccnc(Nc2cc(N3CCOCC3)cc(N3CCOCC3)c2)n1)C(C)C,4.510545010206612
4644,CHEMBL1347755,Cc1cc2oc(=O)cc(Cn3ccnc3)c2cc1C,4.5301996982030825
4645,CHEMBL48616,Cc1cc(C)cc(-c2[nH]c3ccc(C(C)(C)C(=O)N4C5CCC4CC5)cc3c2CCNCCCCc2ccncc2)c1,4.550228353055094
4646,CHEMBL1669155,CC1(COc2cc(-c3cccc4c(=O)cc(N5CCOCC5)oc34)ccc2NC(=O)CN2CCOCC2)COC1,4.559906625036112
4662,CHEMBL382435,CCN(C(=O)Cc1ccc(S(C)(=O)=O)cc1)C1CCN(CC[C@H](c2ccc(S(C)(=O)=O)cc2)c2cc(F)cc(Cl)c2)CC1,5.4300750555519395
4663,CHEMBL383760,CNC(=O)[C@H]1CCCN1Cc1cc2c(Nc3cccc(Cl)c3F)ncnc2cc1OC,5.449940988773338
4664,CHEMBL2152586,NC(=O)c1ccccc1Oc1ccccc1,5.449940988773338
4671,CHEMBL455468,Cc1ncc(-c2ccnc(Nc3ccc(C(=O)NC4CCN(C)CC4)cc3)n2)n1C(C)C,5.940018155007663
4682,CHEMBL476993,Cc1ncc(-c2nc(Nc3ccc(N4CCN(C(=O)CO)CC4)cc3)ncc2F)n1C(C)C,5.20002926655377
4703,CHEMBL233446,N#CCN1C(=O)C(NC(=O)c2cc3cc(Cl)sc3[nH]2)Cc2ccccc21,2.7781512503836434
4715,CHEMBL311709,COc1cc(-c2nn[nH]n2)ccc1Cn1ncc2ccc(NC(=O)OC3CCCC3)cc21,4.640481436970422
4716,CHEMBL1824608,O=C(Nc1ccccc1)c1ccc(OCCCN2CCCC2)cc1OCc1cccc(F)c1,4.650307523131937
4717,CHEMBL1809046,COc1cc(C2CCNCC2)ccc1Nc1ncc(Cl)c(-c2cnc3ccccn23)n1,4.650307523131937
4718,CHEMBL300791,COc1cc2ncnc(Nc3ccc(F)c(Cl)c3)c2cc1OCCN1CCN(C)CC1,4.810232517995084
4719,CHEMBL339099,O=C(O)c1cc2c(Cl)cccc2n1Cc1ccc(Cl)c(Cl)c1,4.820201459485641
4762,CHEMBL1778354,COC[C@H](C)Oc1cc(O[C@@H](C)Cc2ccc(F)cc2)cc(C(=O)Nc2ccc(C(=O)O)cn2)c1,6.099991233544684
4799,CHEMBL257197,C[C@@H](Oc1cccc2ncnc(Nc3ccc4c(cnn4Cc4nccs4)c3)c12)C(=O)N(C)C,4.469822015978163
4800,CHEMBL231835,O=C(N[C@H]1Cc2ccccc2N(C[C@@H](O)CO)C1=O)c1cc2cc(Cl)sc2[nH]1,4.550228353055094
4801,CHEMBL484738,Cc1ncc(-c2ccnc(Nc3ccc(S(N)(=O)=O)cc3)n2)n1C,4.559906625036112
4847,CHEMBL256364,CNC(=O)[C@@H](C)Oc1cccc2ncnc(Nc3ccc4c(cnn4Cc4ccccn4)c3)c12,3.7781512503836434
4848,CHEMBL2335132,O=c1cc(-c2ccc3c(c2)OCO3)[nH]c2ccccc12,3.792391689498254
4849,CHEMBL2086667,CC(C)(C)OC(=O)N1C[C@@H]2CC[C@H]1CN2c1ncc(OCc2ccc(S(C)(=O)=O)cc2)cn1,3.8512583487190755
4850,CHEMBL271012,C[C@H](CO)Nc1nc(SCc2ccccc2F)nc2[nH]c(=O)sc12,3.90848501887865
4851,CHEMBL2023483,COc1ccc2c(Oc3ccc(CC(=O)Nc4n[nH]c(C)c4C)c(OC)c3)ccnc2c1,3.9190780923760737
4852,CHEMBL439344,CC(C)Oc1cc(O[C@H](C)Cc2ccccc2)cc(C(=O)Nc2ccc(C(=O)O)cn2)c1,3.929418925714293
4853,CHEMBL2325713,CS(=O)(=O)C1(c2cc(N3CCOCC3)nc(-c3ccccc3)n2)CC1,3.949390006644913
4854,CHEMBL412083,CCNC(=O)c1ccc(CN2CCC(c3ccc(C(=O)Nc4ccccc4N)cc3)CC2)cc1,3.9590413923210934
4856,CHEMBL257477,COCCN(C)C(=O)[C@@H](C)Oc1cccc2ncnc(Nc3ccc(Oc4ccc(C)nc4)c(C)c3)c12,4.049218022670182
4857,CHEMBL1164649,O=C(c1ccc(F)cc1)C1CCN(C(=O)c2ccc(OC(F)(F)F)cc2)CC1,4.060697840353612
4858,CHEMBL1809047,COc1cc(N2CCNC(=O)C2)ccc1Nc1ncc(Cl)c(-c2cnc3ccccn23)n1,3.690196080028514
4859,CHEMBL1809195,COc1cc(N2CCN(C(C)=O)CC2)ccc1Nc1ncc(C)c(-c2cnc3ccccn23)n1,3.6989700043360187
4860,CHEMBL2325733,NC1(C(=O)NC(CS(N)(=O)=O)c2ccc(Cl)cc2)CCN(c2ncnc3[nH]ccc23)CC1,3.716003343634799
4861,CHEMBL46740,Cc1c(-c2ccc(O)cc2)n(Cc2ccc(OCCN3CCCCCC3)cc2)c2ccc(O)cc12,3.716003343634799
4892,CHEMBL1762526,Cc1ccc(C)c(N(C)c2ccnc(Nc3cc(N4CCOCC4)cc(N4CCOCC4)c3)n2)c1,3.7708520116421442
4893,CHEMBL216749,COc1cc2c(NC(=O)Nc3c(Cl)cccc3Cl)ncnc2cc1OCC1CCN(C)CC1,4.0
4896,CHEMBL2331605,C[C@@H]1CN(c2nc(N3CCOC[C@@H]3C)c3ncc(-c4ccccc4)nc3n2)C[C@H](C)O1,4.110589710299249
4897,CHEMBL2325697,C[C@@H]1COCCN1c1cc(C2(S(C)(=O)=O)CC2)nc(-c2cccc3[nH]ccc23)n1,4.14921911265538
4898,CHEMBL2086688,C[C@@H]1CN(C(=O)OCC(F)F)CCN1c1ncc(OCc2ccncc2C#N)cn1,4.161368002234975
4899,CHEMBL1762546,Cc1ccc(CO)cc1N(C)c1ccnc(Nc2cc(N3CCOCC3)cc(S(C)(=O)=O)c2)n1,4.198657086954422
4900,CHEMBL2208434,O=C(NC[C@@H](O)CN1CCC(Oc2ccc(Cl)c(Cl)c2)CC1)c1cc(=O)[nH]c2ccccc12,4.198657086954422
4901,CHEMBL425300,Cc1cnc(NC(=O)Cc2ccccc2)s1,4.230448921378274
4902,CHEMBL499864,Cn1cnc(-c2ccccc2)c1C#Cc1ccnc(N)n1,4.230448921378274
4903,CHEMBL324028,O=C(Nc1ccc2c(c1)c1ccccc1n2C1CCOC1)N1CCOCC1,4.281033367247727
4904,CHEMBL442591,COc1cc2ncc(C(N)=O)c(Nc3ccccc3F)c2cc1OC,4.3404441148401185
4905,CHEMBL1870155,O=C(NC1CCCCC1)c1cccnc1Sc1ccccc1,4.359835482339888
4906,CHEMBL575492,COc1ccccc1Nc1cc(Oc2cc(C)c(C)nc2-c2ccccn2)ccn1,4.359835482339888
4915,CHEMBL1796287,CNC(=O)c1ccc(Oc2ccc(C)cc2)cc1,4.0
4930,CHEMBL428777,C[C@@H](Oc1cccc2ncnc(Nc3ccc(OCc4ccccn4)c(Cl)c3)c12)C(=O)N(C)C,3.792391689498254
4931,CHEMBL2036731,O=C(Nc1ccc(N2CCOCC2)nc1)c1nnc(Nc2cccc(OCc3ccccn3)c2)o1,3.7993405494535817
4932,CHEMBL574415,COc1cc(Nc2cc(Oc3ccc(C)nc3C)ccn2)cc(OC)c1OC,3.832508912706236
4933,CHEMBL250687,CCCSc1nc(N[C@@H]2C[C@H]2c2ccccc2)c2nnn([C@@H]3C[C@H](CO)[C@@H](O)[C@H]3O)c2n1,3.9590413923210934
4934,CHEMBL490512,O=C(CCc1ccccc1)c1ccccc1,3.9912260756924947
4992,CHEMBL2030807,CNc1cccc(CCOc2ccc(C[C@H](NC(=O)c3c(Cl)cccc3Cl)C(=O)O)cc2)n1,6.180011119057718
4995,CHEMBL1770476,CCOc1ccc2oc(C(=O)NC(CCSC)c3nc4cnccc4[nH]3)c(C)c2c1,4.021189299069938
4996,CHEMBL478408,Cc1ncc(-c2ccnc(Nc3ccc(Cl)cc3)n2)n1C(C)C,4.02938377768521
4997,CHEMBL118973,Cn1c2ccccc2c2cc(NC(=O)CCc3ccncc3)ccc21,4.041392685158225
4998,CHEMBL1824368,O=C(Nc1cccc(O)c1)c1ccc(OCCCN2CCCC2)cc1OCc1ccccc1F,4.041392685158225
4999,CHEMBL2036567,O=C(Nc1ccc(N2CCOCC2)cc1)c1nnc(Nc2ccccc2F)o1,3.716003343634799
5012,CHEMBL180685,CN(C(=O)Cc1ccc(Br)cc1)C1CCN(CCC(c2ccccc2)c2ccccc2)CC1,4.3404441148401185
5016,CHEMBL418226,CCc1cc(OCc2ccc(-c3ccccc3-c3nn[nH]n3)cc2)c2c(n1)CCCC2,4.3692158574101425
5017,CHEMBL1213071,Cc1onc(C(N)=O)c1C(=O)Nc1nccs1,4.489958479424835
5018,CHEMBL573735,COc1cc(Nc2cc(Oc3ccc(C)nc3)ccn2)cc(OC)c1OC,4.4996870826184034
5019,CHEMBL256711,Nc1ccccc1NC(=O)c1ccc(-c2nccs2)cc1,4.5301996982030825
5029,CHEMBL30728,COc1cc2c(Nc3ccc(Cc4ccccc4)cc3)c(C#N)cnc2cc1OCCCN1CCOCC1,2.7781512503836434
5041,CHEMBL75791,Nc1nc(Nc2ccc(Cl)cc2)cc(-c2ccccc2)n1,3.342422680822206
5042,CHEMBL233658,O=C(NC1Cc2ccccc2N(CC(CO)CO)C1=O)c1cc2cc(Cl)ccc2[nH]1,3.4313637641589874
5043,CHEMBL199118,CCN(C(=O)Cc1ccc(S(C)(=O)=O)cc1)C1CCN(CCC(c2ccccc2)c2ccc(NC(=O)Cc3ccccc3)cc2)CC1,3.4471580313422194
5044,CHEMBL1796281,COc1cccc(CNC(=O)c2ccc(Oc3ccc(C)cc3)cc2)c1,3.6720978579357175
5045,CHEMBL250130,C[C@H](COc1cccc2ncnc(Nc3ccc(OCc4ccccn4)c(Cl)c3)c12)N(C)C(=O)CO,4.14921911265538
5046,CHEMBL317462,OC1(C#Cc2ccc(-c3ccccc3)cc2)CN2CCC1CC2,4.1702617153949575
5047,CHEMBL1824371,O=C(Nc1cccc(O)c1)c1ccc(OCCCN2CCCC2)cc1OCc1cccc(F)c1,4.1702617153949575
5048,CHEMBL1630130,O=C(CCN1CCCCC1)Nc1ccc(-c2cccn3c(=O)cc(N4CCOCC4)nc23)c2sc3ccccc3c12,4.220108088040055
5081,CHEMBL205783,COc1cc(OC2CCOCC2)c2c(Nc3ccc(F)c(Cl)c3)ncnc2c1,2.0
5082,CHEMBL417222,C#CCN(Cc1ccc2nc(C)nc(O)c2c1)c1ccc(S(=O)(=O)c2ccccc2)cc1,2.0
5083,CHEMBL439425,C[C@@H](Oc1cccc2ncnc(Nc3ccc4c(cnn4Cc4cccc(F)c4)c3)c12)C(=O)N1CCOCC1,2.4771212547196626
5084,CHEMBL233445,COC(=O)CN1C(=O)C(NC(=O)c2cc3cc(Cl)sc3[nH]2)Cc2ccccc21,2.6020599913279625
5085,CHEMBL201197,COc1cc2c(Nc3ncc(CC(=O)Nc4cccc(F)c4F)s3)ncnc2cc1OCCCN1CCC[C@H]1CO,2.7781512503836434
5086,CHEMBL371888,COc1cc2ncnc(Nc3ccc(OCc4ccccn4)c(C)c3)c2cc1OC,2.9542425094393248
5087,CHEMBL370657,Cn1c(-c2ccccc2C(F)(F)F)nnc1C12CCC(c3noc(-c4ccc(F)cc4)n3)(CC1)CC2,2.9542425094393248
5157,CHEMBL1951909,CCN(C(=O)Cc1ccc(S(C)(=O)=O)cc1)C1CCN(CC[C@@H](c2cc(F)cc(F)c2)N2CCN(S(C)(=O)=O)CC2)CC1,6.099991233544684
5158,CHEMBL147797,CNC(=O)[C@@H](NC(=O)[C@H](CC(C)C)[C@H](Sc1ccc(OC)c(OC)c1)C(=O)NO)C(C)(C)C,6.109983294819893
5159,CHEMBL1916274,Cc1ccc(S(=O)(=O)Nc2c(C(=O)NC3CCCCC3)c(C)nn2-c2ccccc2)cc1,6.149988456491476
5160,CHEMBL1072,CCCCNc1cc(C(=O)O)cc(S(N)(=O)=O)c1Oc1ccccc1,6.159988050381987
5188,CHEMBL2000853,O=c1cc(-c2ccccc2)[nH]c2c(Cl)cccc12,4.489958479424835
5218,CHEMBL1323607,COc1ccc(NC(=O)c2cc(C)no2)cc1,5.20002926655377
5220,CHEMBL2010839,CN(C(=O)Cc1ccc(-n2cnnn2)cc1)C1CCN(Cc2ccc(C(F)(F)F)nc2)CC1,5.260071387985075
5262,CHEMBL562743,CC(=O)Nc1nc2c(s1)C(=O)NCCC2,6.130011949671904
5263,CHEMBL1778366,COC[C@H](C)Oc1cc(Oc2cccc(OC)c2)cc(C(=O)Nc2ccc(C(=O)O)cn2)c1,6.16999753706657
5308,CHEMBL2177607,O=C(O)c1ccc(-n2ncc(C(=O)NC3C4CC5CC(C4)CC3C5)c2C(F)(F)F)cc1,6.099991233544684
5327,CHEMBL1762528,CN(c1cccc(CO)c1)c1ccnc(Nc2cc(N3CCOCC3)cc(N3CCOCC3)c2)n1,5.529943401658669
5328,CHEMBL130598,Nc1ccc2c(c1)cc(C(=O)O)n2Cc1ccc(Cl)c(Cl)c1,5.539953841656397
5329,CHEMBL1835904,CCOC(=O)c1ccc(COCC2CCN(c3ccc(C)nn3)CC2)cc1,5.6699673699085045
5330,CHEMBL1934270,Cc1ccc(S(=O)(=O)Nc2c(C(=O)N[C@@H](C)C(C)(C)C)c(C)nn2C(C)(C)C)cc1,5.710032699065754
5331,CHEMBL1079772,Nc1ncnc2sc(-c3c(-c4ccccc4)ncn3C[C@H]3CCCO3)nc12,5.719993826367604
5332,CHEMBL2153302,CCCOc1nc(N2CCC[C@@H](CC(=O)O)C2)ccc1C(=O)NC1CCCCC1,5.73996769675951
5333,CHEMBL49739,NC(=O)COc1ccc(OCCNCC(O)COc2ccccc2)cc1,5.820004306808318
5334,CHEMBL256115,CCCNCc1cnc(-c2ccc(C(=O)Nc3ccccc3N)cc2)s1,5.830010935936118
5335,CHEMBL1951893,CCN(C(=O)Cc1ccc(S(C)(=O)=O)cc1)C1CCN(CCC(c2ccccc2)N2CCN(c3ccccc3)CC2)CC1,5.839980557678342
5372,CHEMBL1536248,CC(C)(C)C(O)C(Cc1ccccc1Cl)n1cncn1,5.599992177584098
5439,CHEMBL257830,N#Cc1ccc2[nH]c(-c3ccc(F)cc3)c(CCCC(=O)NS(N)(=O)=O)c2c1,4.429752280002408
5440,CHEMBL1762522,Cc1ccccc1N(C)c1ccnc(Nc2cc(N3CCOCC3)cc(N3CCOCC3)c2)n1,4.489958479424835
5441,CHEMBL150817,COCCOc1cc2nccc(Nc3ccc(Cl)cc3F)c2cc1OC,4.5301996982030825
5450,CHEMBL485425,CNS(=O)(=O)c1ccc(Nc2nccc(-c3cnc(C)n3C)n2)cc1,3.4313637641589874
5451,CHEMBL195431,CC(C)Oc1cc(OCCC2CCCC2)cc(C(=O)Nc2ccc(C(=O)O)cn2)c1,3.4471580313422194
5452,CHEMBL2023118,CCn1cc(NC(=O)Cc2ccc(Oc3ccnc4cc(OC)ccc34)cc2OC)cn1,3.505149978319906
5483,CHEMBL2036737,CC(C)(C(=O)Nc1nnc(C(=O)Nc2ccc(N3CCOCC3)cc2)o1)c1ccc(Cl)cc1,5.299942900022767
5484,CHEMBL2158792,Cc1cc(OC2CCN(CC3CCN([C@@](C)(Cc4ccc(F)cc4)C(=O)O)CC3)CC2)ccc1Cl,5.310055737750892
5485,CHEMBL2163582,N#CC1(NC(=O)[C@@H]2CCCC[C@H]2C(=O)N2CCc3[nH]c4c(Cl)cccc4c3C2)CC1,5.330007700872759
5486,CHEMBL1824377,O=C(Nc1cccc(O)c1)c1ccc(OCCCN2CCCC2)cc1OCc1cscn1,5.340047317661393
5487,CHEMBL15706,COc1cccc2c(O)cc(-c3ccccc3)nc12,5.35005409357903
5488,CHEMBL215634,O=C(Cc1ccccc1)Nc1ccccc1O,5.390051496458987
5534,CHEMBL2031238,Cc1ccc(NC(=O)c2ccoc2)cc1-n1cnc2ccc(N3CCN(C)CC3)cc2c1=O,6.109983294819893
5554,CHEMBL119489,CN(C)c1cccc2c(S(N)(=O)=O)cccc12,4.3692158574101425
5555,CHEMBL84597,CC(C)n1c(=O)n(C)c(=O)c2cn(Cc3cccc4ccccc34)cc21,4.3692158574101425
5556,CHEMBL2111886,C[C@@H](O)C(=O)N1CC=C(c2c(F)cc(N3C[C@H](COc4ccon4)OC3=O)cc2F)CC1,4.399673721481038
5557,CHEMBL380035,O=[N+]([O-])c1cc2c(O)c(-c3ccccc3)c(O)nc2cc1Cl,4.469822015978163
5558,CHEMBL472618,N#Cc1nc(NC2CCCC2)c(N)c(N2CCOCC2)n1,4.550228353055094
5559,CHEMBL1164652,Cc1ncc(-c2ccnc(Nc3ccccc3)n2)n1C(C)C,4.550228353055094
5560,CHEMBL238620,COc1ccc(C(=O)CS(=O)(=O)c2ccccc2)cc1,4.729974285699556
5561,CHEMBL1683446,C[C@@H](C[C@@](C)(CS(=O)(=O)N1CCN(CCc2ccc(Cl)cc2Cl)CC1)N(O)C=O)c1ncc(F)cn1,4.740362689494244
5562,CHEMBL2036755,O=C(Nc1ccc(Cl)c(Cl)c1)N1CCN(C[C@@H]2CCCN(CCc3ccccc3)C2)CC1,4.780317312140151
5563,CHEMBL191239,CC(C)Oc1cc(OCc2ccccc2F)cc(C(=O)Nc2ccc(C(=O)O)cn2)c1,4.790285164033242
5564,CHEMBL1809062,COc1cc(N2CCN(CCO)CC2)ccc1Nc1ncc(Cl)c(-c2cnc3ccccn23)n1,4.820201459485641
5565,CHEMBL382565,NC(=O)c1cc(-c2ccccc2)sc1N,4.8401060944567575
5566,CHEMBL300429,CC(=O)Nc1ccc(-c2ccccc2)cc1,4.899820502427096
5569,CHEMBL271705,Clc1cc(Nc2ncnc3[nH]nc(OCCN4CCOCC4)c23)ccc1OCc1ccccn1,3.3010299956639813
5570,CHEMBL117368,Nc1ccc2cccc(Nc3ncccn3)c2n1,4.429752280002408
5571,CHEMBL411799,COc1cc(Nc2ncnc3cccc(O[C@H](C)C(=O)N4CCOCC4)c23)ccc1Oc1ccc(C)nc1,4.570542939881897
5572,CHEMBL380673,CC(C)Cn1c(=O)n(C)c(=O)c2c(C(=O)N3CCC3)c(Cc3ccccc3C(F)(F)F)sc21,4.620136054973758
5573,CHEMBL183293,CN(C(=O)Cc1ccc(Cl)cc1)C1CCN(CCC(c2ccccc2)c2ccccc2)CC1,4.630427875025024
5574,CHEMBL2336321,CNC(=O)c1cc(-c2ccc3c(N4CCOC[C@@H]4C)nc(N4CCOC[C@@H]4C)nc3n2)ccc1OC,4.640481436970422
5575,CHEMBL339851,O=C(O)c1cc2cc(C(F)(F)F)ccc2n1Cc1ccc(Cl)c(Cl)c1,4.710117365111817
5576,CHEMBL1411716,CSc1ccc(C(=O)C(C)(C)N2CCOCC2)cc1,4.720159303405957
5577,CHEMBL470916,N#Cc1nc(N2CCCC2)c(N)c(N2CCOCC2)n1,4.770115294787102
5578,CHEMBL2088108,Cc1cc(Nc2ccnc(NCc3cc(C4CC4)no3)n2)n[nH]1,4.800029359244134
5579,CHEMBL257478,Cc1ccc(Oc2ccc(Nc3ncnc4cccc(O[C@H](C)C(=O)N(C)CCO)c34)cc2C)cn1,4.800029359244134
5580,CHEMBL250770,Cc1cc(C)cc(-c2[nH]c3sc(C(C)(C)C(=O)N4C5CCC4CC5)cc3c2C(=O)CN2CCN(CC(=O)N3CCCC3)CC2)c1,4.850033257689769
5583,CHEMBL2036575,O=C(Nc1ccc(N2CC[S+]([O-])CC2)nc1)c1nnc(Nc2ccccc2F)o1,3.3979400086720375
5584,CHEMBL1738764,Cc1ccc(CO)cc1N(c1ccnc(Nc2cc(N3CCOCC3)cc(S(C)(=O)=O)c2)n1)C(C)C,3.113943352306837
5585,CHEMBL1809049,COc1cc(OC2CCN(C(C)=O)CC2)ccc1Nc1ncc(Cl)c(-c2cnc3ccccn23)n1,3.230448921378274
5586,CHEMBL382667,COc1cc2c(Nc3cnc(NC(=O)c4ccc(F)c(Cl)c4)nc3)ncnc2cc1OCCCN1CCOCC1,3.146128035678238
5587,CHEMBL218714,CN(C)C(=O)[C@H](Cc1ccccc1)NC(=O)c1cc2cc(Cl)sc2[nH]1,3.1760912590556813
5593,CHEMBL1164246,O=C(c1ccc(F)cc1)C1CCN(C(=O)c2ccc(Cl)c(C(F)(F)F)c2)CC1,3.041392685158225
5617,CHEMBL1809058,COc1cc(N2CC3CNCC(C2)O3)ccc1Nc1ncc(Cl)c(-c2cnc3ccccn23)n1,4.399673721481038
5618,CHEMBL1333820,O=C(NCc1ccccc1)c1cccn(Cc2ccccc2)c1=O,4.419955748489758
5619,CHEMBL425209,COc1ccc(Cl)c(Nc2ncnc3cc(OCCN4CCOCC4)cc(OC(C)C)c23)n1,4.429752280002408
5620,CHEMBL2326624,COc1cccc2c1c(NS(=O)(=O)c1ccc(Cl)s1)nn2Cc1cccc(CNC(=O)[C@@H]2COCCN2)c1,4.439332693830263
5625,CHEMBL572878,Cc1cc(Nc2cc(N3CCN(C)CC3)nc(Sc3ccc(NC(=O)C4CC4)cc3)n2)n[nH]1,3.662757831681574
5638,CHEMBL412142,Cc1cnc(-c2cnc(NCCNc3ccc(C#N)cn3)nc2-c2ccc(Cl)cc2Cl)[nH]1,2.6020599913279625
5639,CHEMBL274713,CCCSc1nc(N[C@@H]2C[C@H]2c2ccccc2)c2nnn([C@@H]3C[C@H](OCCO)[C@@H](O)[C@H]3O)c2n1,3.0
5650,CHEMBL1645462,Cc1c(NC(=O)OC[C@@H]2COCCN2)cn2ncnc(Nc3ccc4c(cnn4Cc4cccc(F)c4)c3)c12,3.230448921378274
5663,CHEMBL1539144,COc1cc(S(N)(=O)=O)c(OC)cc1N,4.9698816437465
5664,CHEMBL1796297,O=C(NCc1ccncc1)c1ccc(Oc2ccc(C#C[C@@]3(O)CN4CCC3CC4)cc2)cc1,5.030194785356751
5665,CHEMBL2325743,C[C@H](NC(=O)C1(N)CCN(c2ncnc3[nH]ccc23)CC1)c1ccc(Cl)cc1,5.03981055414835
5666,CHEMBL1433131,Clc1cccc(Cl)c1-c1nnc2cccc(Cl)n12,5.059941888061955
5667,CHEMBL289959,c1ccc(Nc2ncnc3ccccc23)cc1,5.119915410257991
5668,CHEMBL370152,O=C(O)c1c(Sc2ccccc2)c2cc(Cl)ccc2n1Cc1ccc(Cl)cc1,5.119915410257991
5669,CHEMBL1426965,FC(F)(F)c1nnc2ccc(N3CCCCCC3)nn12,5.119915410257991
5670,CHEMBL12,CN1C(=O)CN=C(c2ccccc2)c2cc(Cl)ccc21,5.139879086401237
5672,CHEMBL1209431,Nc1nccc(/C=C/c2ccccc2)n1,5.279894980011638
5673,CHEMBL1164653,O=C(c1ccc(F)cc1)C1CCN(C(=O)c2ccc(Cl)cc2)CC1,4.1003705451175625
5674,CHEMBL1580660,O=S(=O)(Nc1nc(-c2sccc2Cl)cs1)c1cc(Cl)ccc1Cl,5.1801258751640535
5675,CHEMBL1523435,O=C(Nc1ccccc1C(F)(F)F)N1CCN(c2ccccn2)CC1,5.279894980011638
5685,CHEMBL1445556,Cc1ccc(Nc2nc(C)nc3c2oc2ccccc23)cc1,2.6989700043360187
5716,CHEMBL161349,C#CCN(Cc1ccc2nc(CSc3nccc(O)n3)nc(O)c2c1)c1ccc(C(=O)NCc2cccc([N+](=O)[O-])c2)cc1,2.3010299956639813
5717,CHEMBL395707,CSCCN1C(=O)C(NC(=O)c2cc3cc(Cl)sc3[nH]2)Cc2ccccc21,2.4771212547196626
5718,CHEMBL249584,OC[C@H]1C[C@@H](n2nnc3c(N[C@@H]4C[C@H]4c4ccccc4)nc(SCCC(F)(F)F)nc32)[C@H](O)[C@@H]1O,2.4771212547196626
5719,CHEMBL518981,COc1cc2c(Nc3ncc(CC(=O)Nc4ccccc4)s3)ncnc2cc1OCCCN1CCOCC1,2.6020599913279625
5720,CHEMBL534044,COc1cc(-c2cnc(N)c(-c3nc4ccccc4[nH]3)c2)cc(OC)c1OC,2.6989700043360187
5721,CHEMBL31108,COc1cc2ncnc(Nc3ccc4c(ccn4Cc4ccccc4)c3)c2cc1OC,2.7781512503836434
5722,CHEMBL2036573,O=C(Nc1ccc(N2CCCCC2)cc1)c1nnc(Nc2ccccc2F)o1,2.845098040014257
5723,CHEMBL1270280,CN(c1ccnc(Nc2cc(N3CCOCC3)nc(N3CCOCC3)c2)n1)c1cccc2[nH]ncc12,2.9030899869919438
5742,CHEMBL92623,c1ccc(-c2cnn3cc(-c4ccncc4)cnc23)cc1,2.9542425094393248
5747,CHEMBL2325995,NC1(C(=O)NC(CCCN2CCOCC2)c2ccc(Cl)cc2)CCN(c2ncnc3[nH]ccc23)CC1,6.149988456491476
5748,CHEMBL170,C=C[C@H]1CN2CC[C@H]1C[C@H]2[C@H](O)c1ccnc2ccc(OC)cc12,6.159988050381987
5805,CHEMBL1784357,O=CN(O)C1(CS(=O)(=O)N2CCN(c3ccc(F)cc3)CC2)CCOCC1,6.140004950619449
5806,CHEMBL269692,O=C(NCc1ccc(C(=O)NO)cc1)OCc1cccnc1,6.140004950619449
5807,CHEMBL2031169,O=C(N[C@@H](Cc1ccc(OCCc2ccc3c(n2)NCCO3)cc1)C(=O)O)c1c(Cl)cccc1Cl,6.149988456491476
5815,CHEMBL1223244,Cc1cc2n[nH]c(=O)n2c2cc(-c3ccc([S+](C)[O-])cc3)ccc12,3.278753600952829
5816,CHEMBL116210,CC(=O)n1c2ccccc2c2cc(NC(=O)CCc3ccncc3)ccc21,3.322219294733919
5817,CHEMBL2042445,CCCCOc1ccc(-c2cc(=O)c3ccccc3[nH]2)cc1,3.2041199826559246
5818,CHEMBL184721,Cc1ccc(NC(=O)c2cccc(N3CCOCC3)c2)cc1NC(=O)c1ccc(OCc2ccccn2)cc1,3.146128035678238
5822,CHEMBL383723,CNC(=O)Nc1cc(-c2ccccc2)sc1C(N)=O,3.041392685158225
5823,CHEMBL192625,Cc1ccc(C(=O)C(=O)c2ccc(C)cc2)cc1,3.322219294733919
5824,CHEMBL1271187,c1cc(Nc2ccnc(Nc3cc(N4CCOCC4)cc(N4CCOCC4)c3)n2)c2cn[nH]c2c1,3.3979400086720375
5825,CHEMBL55424,COc1cc2ncnc(Nc3ccc(F)c(Cl)c3)c2cc1OCCCn1ccnc1,3.3979400086720375
5826,CHEMBL300846,COc1cc(C(=O)NS(=O)(=O)c2ccccc2C)ccc1Cc1c[nH]c2ccc(NC(=O)CC3CCCC3)cc12,3.4471580313422194
5827,CHEMBL2036581,COc1ccc(NC(=O)c2nnc(Nc3ccccc3F)o2)cn1,3.5185139398778875
5828,CHEMBL327504,CN(C)C(=O)[C@H](Cc1ccccc1)NC(=O)c1cc2cc(F)ccc2[nH]1,3.5563025007672873
5838,CHEMBL1940269,CCn1ccc(NC(=O)Cc2ccc(Oc3ncnc4cc(OC)c(OC)cc34)cc2)n1,4.510545010206612
5844,CHEMBL1650273,Nc1nc(-c2ccc(Cl)cc2)cs1,4.920123326290724
5848,CHEMBL1388876,O=S(=O)(Nc1ccccn1)c1ccc(C2CCCCC2)cc1,3.4471580313422194
5854,CHEMBL2364624,O=C(O)C[C@H]1CC[C@H](c2ccc(-c3ccc(Nc4ccc(C(F)(F)F)nc4)cn3)cc2)CC1,3.041392685158225
5857,CHEMBL373013,COc1cc2c(Nc3ncc(CC(=O)Nc4cccc(F)c4)s3)ncnc2cc1OCCCNCCO,2.6020599913279625
5858,CHEMBL381434,CC(C)COc1cc(OC(C)C)cc(C(=O)Nc2ccc(C(=O)O)cn2)c1,5.279894980011638
5873,CHEMBL434063,CN(CCOc1ccc(C[C@H](Nc2ccccc2C(=O)c2ccccc2)C(=O)O)cc1)c1ccccn1,5.340047317661393
5874,CHEMBL2031225,COc1cccc(C(=O)Nc2ccc(C)c(-n3cnc4ccc(N5CCN(C)CC5)cc4c3=O)c2)c1,5.340047317661393
5931,CHEMBL1075,CCOC(=O)Nc1ccc2c(c1)N(C(=O)CCN1CCOCC1)c1ccccc1S2,4.920123326290724
5932,CHEMBL1365670,Cc1nc(O)c2cc(-c3ccccc3)sc2n1,3.255272505103306
5933,CHEMBL1563607,Cc1onc(-c2ccccc2)c1C(=O)OCC(=O)c1ccccc1,3.3010299956639813
5934,CHEMBL1940103,COc1cc2ncnc(Nc3cnn(CC(=O)Nc4cccc(F)c4)c3)c2cc1OC,3.3010299956639813
5935,CHEMBL2177173,CN1CCN(S(=O)(=O)c2ccc(-c3cnc(N)c(C(=O)Nc4cnccc4CN4CCCC4)n3)cc2)CC1,3.4471580313422194
5954,CHEMBL249697,Cc1ccc2nc(NCCN)c3ncc(C)n3c2c1,5.390051496458987
5964,CHEMBL1221922,Nc1nc2cc(Cl)ccc2n1CCCO,6.120014252078067
6029,CHEMBL2325736,CS(=O)(=O)NCCC(NC(=O)C1(N)CCN(c2ncnc3[nH]ccc23)CC1)c1ccc(Cl)cc1,4.929929560084588
6032,CHEMBL381721,COc1cc2c(Nc3ncc(CC(=O)Nc4cccc(F)c4)s3)ncnc2cc1OCCCN1CCN(C)CC1,3.255272505103306
6033,CHEMBL440727,COc1cc2ncnc(Nc3cc(O)c(C)cc3F)c2cc1OC,3.342422680822206
6044,CHEMBL1503091,CCOc1ccc(NCC(=O)c2ccc(C)cc2)cc1,3.0791812460476247
6045,CHEMBL298019,CCOC(=O)c1ccc(OCCC2CCN(c3ccc(C)nn3)CC2)cc1,3.146128035678238
6046,CHEMBL153843,O=C(Nc1cccc(C(F)(F)F)c1)c1ccccc1NCc1ccncc1,2.4771212547196626
6048,CHEMBL2036593,O=C(Nc1ccc(N2CCOCC2)nc1)c1nnc(Nc2ccc(Cl)cc2)o1,3.0
6096,CHEMBL2079588,CNC(=O)c1cc(COc2nnc(Nc3ccc(Cl)cc3)c3ccoc23)ccn1,2.4771212547196626
6097,CHEMBL103667,Cc1ccc(-n2nc(C(C)(C)C)cc2NC(=O)Nc2ccc(OCCN3CCOCC3)c3ccccc23)cc1,2.7781512503836434
6099,CHEMBL1762534,COc1cccc(N(C)c2ccnc(Nc3cc(N4CCOCC4)cc(N4CCOCC4)c3)n2)n1,4.190331698170292
6101,CHEMBL1940315,O=C(NC1CCCS(=O)(=O)C1)c1ccc(Oc2ccc(C#C[C@]3(O)CN4CCC3CC4)cc2)cc1,5.210050849875137
6102,CHEMBL2364611,Cc1cccc(-c2nn3c(c2-c2ccnc4ccc(C(N)=O)cc24)CCC3)n1,5.260071387985075
6106,CHEMBL408963,Cc1ccc(CCCO)c(NCc2ccc3nc(NCCCN4CCOCC4)n(Cc4nc(C)ccc4O)c3c2)c1,3.568201724066995
6139,CHEMBL255863,Cc1cn(-c2cc(NC(=O)c3ccc(C)c(Nc4nccc(-c5cccnc5)n4)c3)cc(C(F)(F)F)c2)cn1,3.041392685158225
6141,CHEMBL377300,Cc1cc2c(F)c(Oc3ncnn4cc(OC[C@@H](C)O)c(C)c34)ccc2[nH]1,3.113943352306837
6143,CHEMBL103355,Cc1ccc(F)c(Nc2ccnc(Nc3ccc(S(N)(=O)=O)cc3)n2)c1,3.6434526764861874
6153,CHEMBL586702,FC(F)c1nc2ccccc2n1-c1nc(N2CCOCC2)nc(N2CCOCC2)n1,2.845098040014257
6158,CHEMBL193240,O=C(Nc1c(Cl)cncc1Cl)c1ccc(OC(F)F)c(OCC2CC2)c1,3.041392685158225
6160,CHEMBL539163,Cn1c(C#N)ccc1-c1ccc2c(c1)C(C)(C)OC(=S)N2,3.5563025007672873
6166,CHEMBL1762550,Cc1ccc(CO)cc1N(C)c1ccnc(Nc2cc(N3CCOCC3)nc(N3CCOCC3)c2)n1,4.599883072073688
6167,CHEMBL514201,C[C@@H]1CN(Cc2ccc(F)cc2)[C@@H](C)CN1C(=O)c1cc2c(C(=O)C(=O)N(C)C)cn(C)c2cc1Cl,4.720159303405957
6168,CHEMBL2018954,COc1ccc(COc2nc(Br)cnc2NS(=O)(=O)c2ccc(C)cc2)cc1OCCN(C)C,4.889861721258188
6169,CHEMBL1401353,Cc1cccc(NS(=O)(=O)c2cccc3nonc23)c1,4.910090545594068
6173,CHEMBL1963502,C[C@@H](Nc1ncnc2[nH]c(-c3ccc(O)cc3)cc12)c1ccccc1,4.459392487759231
6176,CHEMBL2030451,CS(=O)(=O)Cc1cc(N2CCOCC2)nc(-c2ccc(NC(=O)Nc3ccc(F)cc3)cc2)n1,2.9030899869919438
6184,CHEMBL1338822,CCOc1ccc(NC(=O)Nc2ccc3snnc3c2)cc1,3.041392685158225
6208,CHEMBL2325986,CC(NC(=O)C1(N)CCN(c2ncnc3[nH]ccc23)CC1)c1ccccc1,4.9898945637187735
6250,CHEMBL48082,Nc1nccc(-c2c[nH]c3ccccc23)n1,5.7599698575543075
6251,CHEMBL3144987,CC(C)(C)c1cc(=O)n(-c2ccccc2)[nH]1,5.84997191232885
6252,CHEMBL597424,O=C1NC(=O)C(Cc2cccc(Oc3ccccc3)c2)S1,5.529943401658669
6271,CHEMBL598194,NC1(C(=O)NCc2ccc(Cl)cc2)CCN(c2ncnc3[nH]ccc23)CC1,5.1801258751640535
6272,CHEMBL327027,c1ccc(-c2c[nH]c(-c3ccccc3)n2)cc1,5.1801258751640535
6305,CHEMBL341324,CCN(CC)C(=O)Cc1csc(NS(=O)(=O)c2cccc(Cl)c2C)n1,4.60959440922522
6320,CHEMBL384304,COc1ccc(F)c(F)c1C(=O)c1cnc(NC2CCN(S(C)(=O)=O)CC2)nc1N,3.4771212547196626
6343,CHEMBL1282,CC(C)Cn1cnc2c(N)nc3ccccc3c21,4.800029359244134
6344,CHEMBL1940115,COc1cccc(NC(=O)Cn2cc(Oc3ccnc4cc(OC)c(OC)cc34)cn2)c1,4.820201459485641
6346,CHEMBL2322888,Cc1c(Cl)c(C(F)(F)F)nn1CC(=O)N1CCN(c2ccc(F)cc2)CC1,3.278753600952829
6347,CHEMBL1703687,O=C(c1ccc(F)cc1)C1CCN(C(=S)Nc2ccc(F)cc2)CC1,3.3979400086720375
6361,CHEMBL447571,Cc1ccc(/C=C2\SC(O)=NC2=O)cc1,4.929929560084588
6362,CHEMBL251388,Cc1cc(C)cc(-c2[nH]c3sc(C(C)(C)C(=O)N4C5CCC4CC5)cc3c2CCN2CCC(C(=O)N3CCCC(O)C3)CC2)c1,4.940018155007663
6363,CHEMBL203567,Nc1c(C(=O)c2cccc(OC[C@@H](O)CO)c2)cnn1-c1ccc(F)cc1,5.030194785356751
6364,CHEMBL317629,CN(C)CC(O)COc1ccc(Nc2nccc(Nc3cccc(Cl)c3)n2)cc1,5.07990446766672
6365,CHEMBL59956,NC(=O)c1ccccc1OCc1ccccc1,5.100025730107863
6400,CHEMBL206955,COc1cc2ncnc(Nc3ccc(F)c(Cl)c3)c2cc1CN1CCC[C@@H]1C(N)=O,3.7075701760979363
6401,CHEMBL550904,CC(C)Oc1cc(Oc2ccc(S(C)(=O)=O)cc2)cc(C(=O)Nc2nccs2)c1,3.716003343634799
6405,CHEMBL1444771,Cc1ccc(-c2nnc(-c3ccccc3)o2)cc1,3.792391689498254
6417,CHEMBL374656,CN(C)C(=O)[C@H](Cc1ccccc1)NC(=O)c1cc2sccc2[nH]1,4.230448921378274
6418,CHEMBL526098,Cc1cccc(NS(=O)(=O)c2ccc(-c3ccc(C#N)cc3)cc2)n1,4.2405492482825995
6419,CHEMBL471578,N#Cc1nc(Nc2ccccc2)c(N)c(N2CCOCC2)n1,4.290034611362518
6437,CHEMBL1085086,O=C(O)CCCS(=O)(=O)C[C@@H]1c2ccccc2C[C@H]1NC(=O)c1cc2sc(Cl)c(Cl)c2[nH]1,4.17897694729317
6438,CHEMBL2346968,Fc1ccc(CN2CCN(c3ccc4nnc(C(F)(F)F)n4n3)CC2)cc1,4.190331698170292
6446,CHEMBL1164556,Cc1ccc(C(=O)N2CCC(C(=O)c3ccc(F)cc3)CC2)cc1,4.309630167425898
6487,CHEMBL1498995,CNc1ncc(C(=O)c2ccccc2)s1,5.859978441642021
6489,CHEMBL621,O=c1n(CCCN2CCN(c3cccc(Cl)c3)CC2)nc2ccccn12,5.9500239065233265
6504,CHEMBL1594958,CNC(=O)N1c2ccccc2C=Cc2ccccc21,5.580012112529424
6505,CHEMBL491,CC(C)(O)C(=O)Nc1ccc([N+](=O)[O-])c(C(F)(F)F)c1,5.660011221289331
6506,CHEMBL2163583,Cc1cccc2c3c([nH]c12)CCN(C(=O)[C@@H]1CCCC[C@H]1C(=O)NC1(C#N)CC1)C3,5.710032699065754
6523,CHEMBL495841,N#Cc1ccc(-c2ccc(S(=O)(=O)Nc3cccc(N)n3)cc2)cc1,3.113943352306837
6524,CHEMBL2086662,C[C@H]1CN(c2ncc(OCc3ccc(S(C)(=O)=O)cc3)cn2)CCN1C(=O)OC(C)(C)C,3.342422680822206
6525,CHEMBL1589344,CC(=O)Nc1nc(-c2ccc(Br)s2)cs1,3.342422680822206
6526,CHEMBL31741,O=c1[nH]c2cc(Cl)ccc2c(O)c1-c1cccc(Oc2ccccc2)c1,3.3979400086720375
6527,CHEMBL223402,O=C(Nc1ccccc1F)N[C@H]1N=C(c2ccccc2)c2ccccc2NC1=O,3.4149733479708178
6547,CHEMBL2035037,Cn1cnc2c(-c3ccc(C4(N)CCC4)cc3)c(-c3ccccc3)ccc21,5.279894980011638
6573,CHEMBL1372855,O=C(Cc1ccccc1)Nc1ccc(N2CCCC2)cc1,3.041392685158225
6574,CHEMBL2036588,O=C(Nc1ccc(N2CCOCC2)nc1)c1nnc(Nc2cccc(F)c2)o1,3.278753600952829
6575,CHEMBL2144380,COc1ccc(-c2csc(NC(=O)c3c(C)noc3C)n2)cc1OC,3.3010299956639813
6576,CHEMBL2062774,CCOc1noc2cc(OCCC3CCN(c4ccc(C)nn4)CC3)ccc12,3.462397997898956
6602,CHEMBL319165,CN(C)C(=O)[C@H](Cc1ccccc1)NC(=O)c1cc2ccccc2[nH]1,4.110589710299249
6604,CHEMBL2023800,CCn1cc(NC(=O)Cc2ccc(Oc3ccnc4cc(OC)c(OC)cc34)cn2)cn1,4.198657086954422
6619,CHEMBL507142,CNC(=O)c1ccc(Nc2nccc(-c3cnc(C4CC4)n3C(C)C)n2)cc1,3.9912260756924947
6620,CHEMBL1824364,O=C(Nc1cccc(O)c1)c1ccc(OCCCN2CCCC2)cc1OCc1ccc(F)cc1,3.6989700043360187
6623,CHEMBL1561012,O=C(Nc1nc[nH]n1)c1cccc(F)c1,5.1801258751640535
6624,CHEMBL2163581,CS(=O)(=O)c1ccc2[nH]c3c(c2c1)CN(C(=O)[C@@H]1CCCC[C@H]1C(=O)NC1(C#N)CC1)CC3,5.279894980011638
6625,CHEMBL249295,CN1CCN([C@H]2C[C@@H](c3nc(-c4ccc5ccc(-c6ccccc6)nc5c4)c4c(N)nccn43)C2)CC1,5.310055737750892
6642,CHEMBL401352,CC(=O)N1CCN(CC(O)CN2CCN(CCc3c(-c4cc(C)cc(C)c4)[nH]c4sc(C(C)(C)C(=O)N5C6CCC5CC6)cc34)CC2)CC1,5.330007700872759
6645,CHEMBL1796285,Cc1ccc(Oc2ccc(C(=O)NCCO)cc2)cc1,5.409933123331294
6653,CHEMBL2017974,Nc1cc(C(F)(F)F)c(-c2cc(N3CCOCC3)nc(N3CCOCC3)n2)cn1,4.899820502427096
6659,CHEMBL2325730,NC(=O)C(NC(=O)C1(N)CCN(c2ncnc3[nH]ccc23)CC1)c1ccc(Cl)cc1,5.660011221289331
6660,CHEMBL1351571,Nc1ccc(OCc2ccccc2)cc1,5.6699673699085045
6661,CHEMBL107955,CCOC(=O)N1CCN(C(=O)[C@H](Cc2cccc(C(=N)N)c2)NS(=O)(=O)c2c(C(C)C)cc(C(C)C)cc2C(C)C)CC1,5.839980557678342
6662,CHEMBL2164682,N#CC1(NC(=O)[C@@H]2CCCC[C@H]2C(=O)N2CCc3[nH]c4ccccc4c3C2)CC1,5.9599948383284165
6663,CHEMBL2153175,CCCSc1ncccc1C(=O)N(C)C1CCCCC1,5.980003371583746
6664,CHEMBL1899709,Cc1[nH]c2ccccc2c1CC#N,6.01000297412706
6689,CHEMBL224554,c1ccc(-c2nc[nH]c2-c2ccccc2)cc1,4.359835482339888
6690,CHEMBL2023801,CCc1[nH]nc(NC(=O)Cc2ncc(Oc3ccnc4cc(OC)c(OC)cc34)cc2OC)c1C,4.570542939881897
6694,CHEMBL2023479,COc1ccc2nccc(Oc3ccc(CC(=O)Nc4noc(C)c4C)c(OC)c3)c2c1,3.146128035678238
6695,CHEMBL2086660,C[C@@H]1CN(C(=O)OC(C)(C)C)CCN1c1ncc(OCc2ccc(S(C)(=O)=O)cc2)cn1,3.230448921378274
6696,CHEMBL1775179,CC(C)OC(=O)N1CCC(Oc2ncnc3c2cnn3-c2ccc(S(C)(=O)=O)cc2F)CC1,3.322219294733919
6697,CHEMBL1469049,CCOC(=O)Cc1csc(NC(=O)Nc2ccc(Cl)cc2)n1,3.4149733479708178
6698,CHEMBL2086684,C[C@@H]1CN(C(=O)OC(C)(C)C)CCN1c1ncc(OCc2ccncc2C#N)cn1,4.380211241711606
6699,CHEMBL1491421,CC(C)(C)c1cc2nc3c(c(O)n2n1)CN(Cc1ccccc1)C3=O,4.399673721481038
6700,CHEMBL1213085,Cc1ccccc1-n1c(Cn2nc(-c3ccc(O)c(F)c3)c3c(N)ncnc32)nc2cccc(C)c2c1=O,4.399673721481038
6701,CHEMBL2035018,NC1(c2ccc(-c3nn4cccc4cc3-c3ccccc3)cc2)CCC1,4.419955748489758
6713,CHEMBL1092581,CNC(=O)c1c(-c2ccc(F)cc2)oc2cc(N(CCO)S(C)(=O)=O)c(C3CC3)cc12,4.780317312140151
6714,CHEMBL393037,COc1ccc(OC)c(NC(=O)Cc2cccs2)c1,4.869818207979328
6724,CHEMBL247828,CC(C)N1C(=O)[C@H](NC(=O)[C@@H](Cc2ccccc2OC(F)(F)F)NC(=O)OC(C)(C)C)CCc2ccccc21,3.6989700043360187
6739,CHEMBL2163349,CS(=O)(=O)c1ccc2c3c([nH]c2c1)CCN(C(=O)[C@@H]1CCCC[C@H]1C(=O)NC1(C#N)CC1)C3,5.9599948383284165
6740,CHEMBL191528,CCOc1ccc2ccc(=O)oc2c1,6.0
6741,CHEMBL308150,O=C(O)COc1ccc(OCCNC[C@H](O)COc2ccccc2)cc1,6.01000297412706
6742,CHEMBL1472408,Nc1nnc(Cc2ccccc2)s1,6.080012847107928
6771,CHEMBL438536,Cc1cc(Nc2ncnc3[nH]nc(OCCN4CCC(O)CC4)c23)ccc1OCc1cccc(F)c1,3.832508912706236
6772,CHEMBL1484,COC(=O)C1=C(C)NC(C)=C(C(=O)OCCN(C)Cc2ccccc2)C1c1cccc([N+](=O)[O-])c1,3.8692317197309762
6773,CHEMBL47875,Oc1ccc(-c2nc3ccccc3s2)cc1,3.8976270912904414
6774,CHEMBL1422545,COc1ccc(S(=O)(=O)Nc2ccccn2)cc1,5.5199591807520685
6775,CHEMBL1824609,O=C(Nc1ccccc1)c1ccc(OCCCN2CCCC2)cc1OCc1cccnc1,5.599992177584098
6779,CHEMBL2035017,NC1(c2ccc(-c3nc4ccccc4cc3-c3ccccc3)cc2)CCC1,5.459995256047391
6782,CHEMBL2158534,CC1(c2nc(N3CCOCC3)ncc2C(=O)N[C@H]2C3CC4CC2C[C@](O)(C4)C3)CC1,5.610021024664145
6783,CHEMBL2158840,O=C(O)[C@H](Cc1cccc(F)c1)N1CCC(CN2CCC(Oc3ccc(Cl)c(Cl)c3)CC2)CC1,5.6200318951262975
6784,CHEMBL2031221,Cc1ccc(NC(=O)c2cccc(N3CCOCC3)c2)cc1-n1cnc2ccc(N3CCN(C)CC3)cc2c1=O,5.63002085111341
6785,CHEMBL2346972,Fc1ccc(CN2CCN(C3=Nn4c(nnc4C(F)(F)F)CC3)CC2)cc1,5.719993826367604
6789,CHEMBL1800250,Cc1cc(O)nc(SCC(=O)c2ccccc2)n1,5.84997191232885
6802,CHEMBL1778371,COC[C@H](C)Oc1cc(Oc2cccc(N(C)C)c2)cc(C(=O)Nc2ccc(C(=O)O)cn2)c1,6.130011949671904
6803,CHEMBL1824382,O=C(Nc1ccccc1)c1ccc(OCCCN2CCCC2)cc1OCc1ccccc1,4.790285164033242
6804,CHEMBL115523,O=C(Nc1ccccc1)c1ccccc1,4.88024177589548
6805,CHEMBL1201295,Cc1ccc(C(=O)Oc2ccc(C(O)CNC(C)(C)C)cc2OC(=O)c2ccc(C)cc2)cc1,4.910090545594068
6842,CHEMBL1411769,Clc1ccc2c(c1)Nc1ccccc1S2,2.845098040014257
6843,CHEMBL217903,CN(C)C(=O)[C@H](Cc1ccccc1)NC(=O)c1cc2cc(Br)sc2[nH]1,2.9542425094393248
6844,CHEMBL2023485,CCc1cc(NC(=O)Cc2ccc(Oc3ccnc4cc(OC)c(OC)cc34)cc2OC)n[nH]1,4.041392685158225
6861,CHEMBL2030446,C[C@H]1COCCN1c1cc(CS(C)(=O)=O)nc(-c2ccc3[nH]ccc3c2)n1,5.279894980011638
6862,CHEMBL2030443,CS(=O)(=O)Cc1cc(N2CCOCC2)nc(-c2cccc(CO)c2)n1,5.290034611362518
6863,CHEMBL2172003,COc1cc(N2CCN(C(=O)[C@@H]3CCCC[C@H]3C(=O)NC3(C#N)CC3)[C@H](C)C2)ccc1C1CC1,5.310055737750892
6864,CHEMBL218006,C[C@H](NC1=NC(=O)[C@@](C)(C(F)(F)F)S1)c1ccccc1F,5.340047317661393
6866,CHEMBL281266,O=C1NC(=O)C(Cc2ccc3ccccc3c2)S1,5.400019635065158
6883,CHEMBL203725,CN1CCC(Oc2cccc3ncnc(Nc4ccc(F)c(Cl)c4)c23)CC1,4.260071387985075
6884,CHEMBL1724349,Cc1cccc(C)c1NC(=O)N1CCC(C(=O)c2ccc(F)cc2)CC1,4.269512944217916
6885,CHEMBL1270378,CN(c1ccnc(Nc2cc(N3CCOCC3)nc(N3CCOCC3)n2)n1)c1cccc2[nH]ncc12,4.281033367247727
6886,CHEMBL2110662,CCC[C@@H]1O[C@@H]2C[C@H]3[C@@H]4CCC5=CC(=O)C=C[C@]5(C)[C@H]4[C@@H](O)C[C@]3(C)[C@]2(C(=O)CO)O1,4.290034611362518
6887,CHEMBL1796280,Cc1ccc(Oc2ccc(C(=O)NCc3ccccc3)cc2)cc1,4.309630167425898
6888,CHEMBL1796292,COc1cc(Oc2ccc(C(=O)NCc3ccncc3)cc2)ccc1[N+](=O)[O-],4.330413773349191
6889,CHEMBL1809207,COc1cc(N2CCN(C(C)=O)CC2)ccc1Nc1ncc(Cl)c(-c2cnc3cc(CO)ccn23)n1,4.359835482339888
6905,CHEMBL1951022,Cc1nc(S(C)(=O)=O)ccc1Nc1ncnc(OC2CCN(C(=O)OC(C)C)CC2)c1C,4.089905111439398
6906,CHEMBL31815,C=CC(=O)Nc1ccc2ncnc(Nc3cccc(C)c3)c2c1,4.220108088040055
6907,CHEMBL1831214,NC(=O)Nc1cc(-c2ccccc2)sc1C(N)=O,4.230448921378274
6953,CHEMBL2164371,O=C(NCc1ccc(OC(F)(F)F)cc1)C1c2ccccc2C(=O)N1C1CCOCC1,4.920123326290724
6954,CHEMBL1940105,COc1cc2ncnc(Nc3cnn(CC(=O)Nc4ccc(N(C)C)cc4)c3)c2cc1OC,4.929929560084588
6955,CHEMBL384260,COc1cc(OC2CCN(C)CC2)c2c(Nc3cccc4c3OCO4)ncnc2c1,4.9599948383284165
6956,CHEMBL484571,CN(C)CCNS(=O)(=O)c1ccc(Nc2nccc(-c3cnc4cccnn34)n2)cc1,4.9698816437465
6958,CHEMBL48380,CCN(CC)C(=O)C(C)(C)c1ccc2[nH]c(-c3cc(C)cc(C)c3)c(CCNCCCCc3ccncc3)c2c1,5.150142161848558
6996,CHEMBL397192,O=C(NC1Cc2ccccc2N(CC(=O)N2CCC(O)CC2)C1=O)c1cc2cc(Cl)sc2[nH]1,2.0
6997,CHEMBL1270671,CS(=O)(=O)c1cccc(Nc2nccc(Nc3cccc4ccoc34)n2)c1,3.7323937598229686
6998,CHEMBL258313,C[C@@H](Oc1cccc2ncnc(Nc3ccc(OCc4ccccn4)c(Cl)c3)c12)C(=O)N(C)CCO,3.7481880270062002
6999,CHEMBL1824363,O=C(Nc1cccc(O)c1)c1ccc(OCCCN2CCCC2)cc1OCc1ccccc1,3.8195439355418688
7000,CHEMBL1580743,O=S(=O)(Cc1cc(-c2ccccc2)no1)c1ccccc1,3.8195439355418688
7001,CHEMBL496574,CS(=O)(=O)Nc1cccc(Nc2nccc(Nc3c(Cl)ccc4c3OCO4)n2)c1,3.8573324964312685
7002,CHEMBL149444,COc1ccc(S(=O)(=O)Nc2ccc(/C=C/C(=O)Nc3ccccc3N)cc2)cc1OC,3.8920946026904804
7003,CHEMBL182407,N#Cc1c(C2CCCNC2)cc(-c2c(O)cccc2OCC2CC2)nc1N,3.90848501887865
7005,CHEMBL413987,C[C@@H](CN(C)C(=O)CO)Oc1cccc2ncnc(Nc3ccc(OCc4ccccn4)c(Cl)c3)c12,3.949390006644913
7007,CHEMBL205816,CC(C)Oc1cc(O[C@@H](C)Cc2ccccc2)cc(C(=O)Nc2ccc(C(=O)O)cn2)c1,3.9590413923210934
7008,CHEMBL1372620,Cc1ccc(C(=O)N2CCC(C(=O)c3c(C)cc(C)cc3C)CC2)cc1,3.9684829485539352
7019,CHEMBL1940309,CS(=O)(=O)N1CCC(NC(=O)c2ccc(Oc3ccc(C#C[C@]4(O)CN5CCC4CC5)cc3)cc2)CC1,4.9599948383284165
7020,CHEMBL1173655,CN(C)C/C=C/C(=O)Nc1cc2c(Nc3ccc(F)c(Cl)c3)ncnc2cc1O[C@H]1CCOC1,4.9698816437465
7021,CHEMBL256575,C[C@@H](Oc1cccc2ncnc(Nc3ccc4c(cnn4Cc4ccccn4)c3)c12)C(=O)N1CCCC1,5.03981055414835
7023,CHEMBL130873,COc1cc(C(=O)NS(=O)(=O)c2ccccc2C)ccc1Cc1cn(C)c2ccc(C(=O)NCCc3ccccc3)cc12,5.159867847092567
7073,CHEMBL2088260,COc1cc(CCc2cc(Nc3ccnc(NCc4cc(C)on4)n3)n[nH]2)cc(OC)c1,3.6334684555795866
7074,CHEMBL1520286,CCC(=O)Nc1c(C#N)c2nc3ccccc3nc2n1-c1ccccc1C,4.1303337684950066
7075,CHEMBL1940268,CCc1cc(NC(=O)Cc2ccc(Oc3ncnc4cc(OC)c(OC)cc34)cc2)n[nH]1,4.161368002234975
7076,CHEMBL260135,Nc1n[nH]c2nnc(-c3ccccc3)c(-c3ccccc3)c12,4.198657086954422
7077,CHEMBL1499127,O=C(c1nnsc1S(=O)(=O)c1ccc(Cl)cc1)N1CCOCC1,4.230448921378274
7078,CHEMBL2023495,CCn1cc(NC(=O)Cc2ncc(Oc3ccnc4cc(OC)ccc34)cc2OC)cn1,4.2405492482825995
7083,CHEMBL2086677,Cc1cnccc1COc1cnc(N2CCN(C(=O)OC(C)(C)C)CC2)nc1,3.568201724066995
7086,CHEMBL1598353,O=C(NC1CCCC1)C1CCCN(S(=O)(=O)c2cccc3cccnc23)C1,3.9395192526186187
7087,CHEMBL1289494,COc1cc2nccc(Oc3ccc(NC(=O)Nc4cc(C)on4)c(Cl)c3)c2cc1OC,3.9684829485539352
7088,CHEMBL2023898,COC(=O)N[C@H](C(=O)N1CCC[C@H]1c1ncc(-c2ccc(-c3ccc(-c4cnc([C@@H]5CCCN5C(=O)[C@@H](NC(=O)OC)C(C)C)[nH]4)cc3)cc2)[nH]1)C(C)C,4.008600171761918
7089,CHEMBL2030449,CS(=O)(=O)Cc1cc(N2CCOCC2)nc(-c2ccc(NS(C)(=O)=O)cc2)n1,4.049218022670182
7090,CHEMBL1270670,CS(=O)(=O)c1cccc(Nc2nccc(Nc3c(Cl)ccc4ccoc34)n2)c1,4.060697840353612
7091,CHEMBL2164677,N#CCNC(=O)[C@@H]1CCCC[C@H]1C(=O)N1CCc2[nH]c3ccc(F)cc3c2C1,4.068185861746161
7098,CHEMBL2177157,CN1CCN(S(=O)(=O)c2ccc(-c3cnc(N)c(C(=O)Nc4cccnc4)n3)cc2F)CC1,3.4313637641589874
7099,CHEMBL1269858,CN(c1ccnc(Nc2cc(N3CCOCC3)cc(N3CCOCC3)c2)n1)c1cccc2[nH]ncc12,3.949390006644913
7107,CHEMBL2088100,Cc1cc(CNc2nccc(Nc3cc(CCc4ccccc4)[nH]n3)n2)on1,4.429752280002408
7108,CHEMBL1460133,O=C(c1ccc(Cl)cc1)C1CCN(C(=O)c2ccccc2)CC1,4.469822015978163
7109,CHEMBL1439795,O=S(=O)(c1cccc(-c2cn3cccnc3n2)c1)N1CCOCC1,4.599883072073688
7110,CHEMBL1922094,Cc1c(CN2CCN(C(=O)[C@H](C)O)CC2)sc2c(N3CCOCC3)nc(-c3cnc(N)nc3)nc12,4.599883072073688
7111,CHEMBL1834184,CCC(=O)N[C@H]1CC[C@@H](C(=O)N(C)c2ccc(-c3nc4ccccc4o3)cc2)C1,4.65991620006985
7112,CHEMBL2029359,CS(=O)(=O)Cc1cc(N2CCOCC2)nc(-c2cnc3[nH]ccc3c2)n1,4.680335513414564
7113,CHEMBL1405389,COc1ccc2oc(=O)c(C(C)=O)cc2c1,4.690196080028514
7114,CHEMBL2057372,CC(C)(C)NS(=O)(=O)c1cncc(-c2ccc3nc(NC(=O)NCC(=O)N4CCOCC4)nn3c2)c1,4.729974285699556
7115,CHEMBL1968894,Cc1cc2c(C)cc(=O)[nH]c2cc1N,4.740362689494244
7116,CHEMBL2031461,Cc1ccc(C(=O)Nc2ccon2)cc1-n1cnc2ccc(N3CCN(C)CC3)cc2c1=O,4.7596678446896306
7117,CHEMBL565079,Cc1cccc(C[C@H](NC(=O)c2cc(C(C)(C)C)nn2C)C(=O)NCC#N)c1,4.800029359244134
7118,CHEMBL257167,NC(=O)Nc1sc(-c2ccc(F)cc2)cc1C(N)=O,4.8299466959416355
7119,CHEMBL2158841,O=C(O)[C@H](Cc1ccc(F)cc1)N1CCC(CN2CCC(Oc3ccc(Cl)c(Cl)c3)CC2)CC1,4.859738566197147
7120,CHEMBL655,Cc1ncc2n1-c1ccc(Cl)cc1C(c1ccccc1F)=NC2,4.859738566197147
7121,CHEMBL14762,CC[C@H](CO)Nc1nc(NCc2ccccc2)c2ncn(C(C)C)c2n1,4.869818207979328
7122,CHEMBL2164681,CC(C)(C)[C@@H](C#N)NC(=O)[C@@H]1CCCC[C@H]1C(=O)N1CCc2[nH]c3ccc(F)cc3c2C1,4.869818207979328
7123,CHEMBL1321641,N#Cc1nc(N2CCOCC2)nc(N2CCOCC2)n1,4.889861721258188
7124,CHEMBL253969,NC(=O)c1c(OCc2c(F)cc(Br)cc2F)nsc1NC(=O)NCCCCN1CCCC1,4.889861721258188
7130,CHEMBL2030439,O=S(=O)(Cc1cc(N2CCOCC2)nc(-c2ccccn2)n1)c1ccc(F)cc1,5.439963935920905
7133,CHEMBL383322,CCOCc1nc2c(N)nc3ccccc3c2n1CC(C)(C)O,5.6200318951262975
7141,CHEMBL1940316,O=C(NC1CCS(=O)(=O)C1)c1ccc(Oc2ccc(C#C[C@]3(O)CN4CCC3CC4)cc2)cc1,5.190051417759206
7149,CHEMBL2086691,C[C@@H]1CN(c2noc(C3CC3)n2)CCN1c1ncc(OCc2ccncc2C#N)cn1,3.681241237375587
7153,CHEMBL2346970,OC1(c2ccc(F)cc2)CCN(c2ccc3nnc(C(F)(F)F)n3n2)CC1,3.2041199826559246
7217,CHEMBL2023477,COc1cc(Oc2ccnc3cc(OC)c(OC)cc23)ccc1CC(=O)Nc1noc(C)c1C,4.2405492482825995
7222,CHEMBL387125,CON(C)C(=O)c1c(Cn2c(C)nc(Cl)c2Cl)sc2c1c(=O)n(C)c(=O)n2CC(C)C,5.710032699065754
7223,CHEMBL249966,CC(C)(C)Cn1c(CN2C(=O)CC3(CCNCC3)C2=O)cc2cnc(C#N)nc21,5.7599698575543075
7224,CHEMBL2164668,N#CC1(NC(=O)[C@@H]2CCCC[C@H]2C(=O)N2CCc3oc4ccccc4c3C2)CC1,5.7599698575543075
7225,CHEMBL1835908,CCOC(=O)c1ccc(CCN2CCN(c3ccc(C)nn3)CC2)cc1,5.859978441642021
7227,CHEMBL217464,CN1CCC(Oc2cc(OCCF)cc3ncnc(Nc4c(Cl)ccc5c4OCO5)c23)CC1,5.880012838366771
7228,CHEMBL1173055,CNCc1ccc(-c2[nH]c3cc(F)cc4c3c2CCNC4=O)cc1,5.929980590515514
7234,CHEMBL24137,COc1cc2c(Nc3ccc(Cl)cc3F)ncnc2cc1OCCCN1CCOCC1,4.3404441148401185
7249,CHEMBL1614705,O=C(CO)N1CCC(c2[nH]nc(-c3ccc(Cl)cc3F)c2-c2ccncn2)CC1,3.8920946026904804
7264,CHEMBL181502,CN(C(=O)C1CCC1)C1CCN(CCC(c2ccccc2)c2ccccc2)CC1,5.449940988773338
7265,CHEMBL472210,CCn1c2nc(=O)n(C)c(=O)c-2cc2ccccc21,5.510008512940234
7266,CHEMBL179128,Cc1cn(C[C@H]2CN(c3ccc(C4=CCS(=O)(=O)CC4)c(F)c3)C(=O)O2)nn1,5.569958818096594
7267,CHEMBL1888044,FC(F)(F)c1nnc2ccc(N3CCCC3)nn12,5.6200318951262975
7268,CHEMBL207235,COc1cc2ncnc(Nc3cccc(Cl)c3F)c2cc1CN1C[C@H](OC)C[C@@H]1C(N)=O,5.639984248041588
7269,CHEMBL1940306,CS(=O)(=O)c1ccc(Oc2ccc(C#C[C@]3(O)CN4CCC3CC4)cc2)cc1,5.660011221289331
7276,CHEMBL2158775,COc1ccccc1C[C@@H](C(=O)O)N1CCC(CN2CCC(Oc3ccc(Cl)c(Cl)c3)CC2)CC1,5.419955748489758
7277,CHEMBL263664,NC1(Cc2ccc(Cl)cc2)CCN(c2ncnc3[nH]ccc23)CC1,5.529943401658669
7279,CHEMBL90846,O=C(Nc1nccs1)c1ccccc1,5.6200318951262975
7282,CHEMBL1340091,O=S(=O)(Nc1ccc(S(=O)(=O)Nc2nccs2)cc1)c1ccc2c(c1)OCCO2,2.845098040014257
7283,CHEMBL239513,O=C(COc1ccccc1)c1ccccc1,5.229937685907934
7290,CHEMBL1090173,O=C(CO)N1CCC(c2n[nH]c(-c3ccc(Cl)cc3)c2-c2ccncn2)CC1,4.780317312140151
7291,CHEMBL2325642,O=S(=O)(Nc1ncns1)c1cc(F)c(Oc2ccc(Cl)cc2-c2ccnn2C2CNC2)cc1F,4.399673721481038
7292,CHEMBL1311211,N#Cc1cnn(-c2ccccc2)c1NC(=O)CN1CCN(c2ccccc2)CC1,4.399673721481038
7293,CHEMBL1770471,CSCCC(NC(=O)c1sccc1Cl)c1nc2ccccc2[nH]1,4.409933123331294
7294,CHEMBL1889452,CC1C(=O)Nc2ccccc2N1C(=O)c1ccccc1,4.60959440922522
7295,CHEMBL2036753,O=C(Nc1ccc(Cl)c(Cl)c1)N1CCN(C[C@@H]2CCCN(Cc3ccccc3)C2)CC1,4.630427875025024
7302,CHEMBL1824605,N#Cc1ccccc1COc1cc(OCCCN2CCCC2)ccc1C(=O)Nc1ccccc1,4.540329474790874
7303,CHEMBL509881,Cc1ncc(-c2nc(Nc3ccc(C(N)=O)cc3)ncc2F)n1C(C)C,4.559906625036112
7304,CHEMBL205776,CN1CCN(CCCOc2cc(OC3CCOCC3)c3c(Nc4ccc(F)c(Cl)c4)ncnc3c2)CC1,4.57978359661681
7305,CHEMBL325245,COc1cc2ncnc(NCc3ccccc3)c2cc1OC,4.589949601325708
7306,CHEMBL562462,CC(C)c1cc(C(=O)N[C@@H](Cc2cccc(Cl)c2)C(=O)NCC#N)n(C)n1,4.680335513414564
7307,CHEMBL229948,O=C(Nc1ccccc1O)c1cc([N+](=O)[O-])ccc1Cl,4.729974285699556
7310,CHEMBL2036584,O=C(Nc1ccc(Oc2cccnc2)nc1)c1nnc(Nc2ccccc2F)o1,4.889861721258188
7311,CHEMBL2325698,CC[C@@H]1COCCN1c1cc(C2(S(C)(=O)=O)CC2)nc(-c2cccc3[nH]ccc23)n1,4.899820502427096
7314,CHEMBL2030448,CS(=O)(=O)Cc1cc(N2CC3CCC(C2)O3)nc(-c2ccc3[nH]ccc3c2)n1,3.1760912590556813
7315,CHEMBL372733,CCN(C(=O)Cc1ccc(S(C)(=O)=O)cc1)C1CCN(CCC(c2ccccc2)c2ccc(NS(=O)(=O)Cc3ccccc3)cc2)CC1,3.361727836017593
7316,CHEMBL1351893,CCCc1c(C(=O)Nc2ccc(F)cc2C)cnn1-c1ccccc1,3.4913616938342726
7317,CHEMBL515415,CC1(C)Oc2ncnc(N)c2N=C1c1ccc(C23CCC(C(=O)O)(CC2)CC3)cc1,3.505149978319906
7318,CHEMBL1270976,CN(c1ccnc(Nc2cccc(S(C)(=O)=O)c2)n1)c1c(Cl)ccc2c1OCO2,3.5440680443502757
7319,CHEMBL282625,N=C(N)c1cc2c(/C=C/c3ccc4c(c3)OCO4)cccc2s1,3.5563025007672873
7348,CHEMBL256994,CNC(=O)[C@@H](C)Oc1cccc2ncnc(Nc3ccc4c(cnn4Cc4cccc(F)c4)c3)c12,2.3010299956639813
7415,CHEMBL1741329,Cc1ccn2c(NC(=O)c3ccccc3)c(-c3cccs3)nc2c1,3.041392685158225
7416,CHEMBL1809224,COc1cc(N2CCN(C(C)=O)CC2)ccc1Nc1ncc(Cl)c(-c2cnc3ccc(F)cn23)n1,3.113943352306837
7417,CHEMBL1082410,CNC(=O)c1ccc(N2C(=S)N(c3ccc(C#N)c(C(F)(F)F)c3)C(=O)C23CCC3)cc1F,3.2041199826559246
7418,CHEMBL2010853,CN(C(=O)Cc1ccc(S(C)(=O)=O)cc1)[C@@H]1CCN(Cc2nc3cc(F)ccc3s2)C[C@@H]1F,3.255272505103306
7419,CHEMBL595,CCc1ccc(CCOc2ccc(CC3SC(=O)NC3=O)cc2)nc1,3.3010299956639813
7420,CHEMBL1331821,COc1ccc2c(c1)Sc1ccccc1N2,3.380211241711606
7421,CHEMBL2036589,O=C(Nc1ccc(N2CCOCC2)nc1)c1nnc(Nc2ccc(F)cc2)o1,3.4149733479708178
7424,CHEMBL1809060,COc1cc(N2CC3COCC(C2)N3)ccc1Nc1ncc(Cl)c(-c2cnc3ccccn23)n1,3.4149733479708178
7436,CHEMBL2163589,N#CC1(NC(=O)[C@@H]2CCCC[C@H]2C(=O)N2CCc3[nH]c4c(OC(F)(F)F)cccc4c3C2)CC1,5.089905111439398
7445,CHEMBL212689,CCN(C(=O)Cc1ccc(S(C)(=O)=O)cc1)C1CCN(CC[C@H](c2ccc(S(C)(=O)=O)cc2)c2cc(F)cc(F)c2)CC1,5.210050849875137
7446,CHEMBL1899721,Nc1c2c(O)nc(O)cc2nn1-c1ccccc1,5.2499317566341945
7447,CHEMBL1362574,CC(=O)Nc1nc(-c2ccccc2)ns1,5.260071387985075
7448,CHEMBL1327783,O=C(c1nnsc1[S+]([O-])c1ccc(Cl)cc1)N1CCOCC1,5.260071387985075
7449,CHEMBL1762530,Cc1ccc(CO)cc1N(C)c1ccnc(Nc2cc(N3CCOCC3)cc(N3CCOCC3)c2)n1,5.290034611362518
7466,CHEMBL13589,Nc1ncnc(Nc2ccccc2)n1,5.390051496458987
7493,CHEMBL1852688,CCN1CCN(c2ccc(Nc3cc(N(C)C(=O)Nc4c(Cl)c(OC)cc(OC)c4Cl)ncn3)cc2)CC1,2.6989700043360187
7494,CHEMBL1809202,COc1cc(N2CCN(C(C)=O)CC2)ccc1Nc1ncc(Cl)c(-c2cnc3c(CO)cccn23)n1,2.6989700043360187
7495,CHEMBL232830,CN(C)C(=O)CN1C(=O)C(NC(=O)c2cc3cc(Cl)sc3[nH]2)Cc2ccccc21,2.845098040014257
7507,CHEMBL381724,COc1cc2c(Nc3cnc(NC(=O)c4ccccc4)nc3)ncnc2cc1OCCCN1CCOCC1,3.5563025007672873
7508,CHEMBL79004,O=C(Nc1cc(Cl)cc2c1[nH]c1cnccc12)c1cccnc1,3.591064607026499
7524,CHEMBL268453,C#CCN(Cc1cc2c(O)nc(C)nc2cc1C)c1ccc(C(=O)NCc2cccc([N+](=O)[O-])c2)c(F)c1,2.0
7525,CHEMBL388853,O=C(NC1CCCC1)c1ccc(-c2cc(-c3cc4c([nH]3)CCNC4=O)ccn2)cc1,2.7781512503836434
7578,CHEMBL49,O=C1CC2(CCCC2)CC(=O)N1CCCCN1CCN(c2ncccn2)CC1,6.159988050381987
7604,CHEMBL363160,CCc1cccc(CC)c1NC(=O)N1Cc2[nH]nc(NC(=O)c3ccc(N4CCN(C)CC4)cc3)c2C1,5.030194785356751
7634,CHEMBL1271394,CN(c1ccnc(Nc2cccc(S(C)(=O)=O)c2)n1)c1cccc2[nH]ncc12,4.1303337684950066
7643,CHEMBL1094168,CS(=O)(=O)c1ccc([C@H](CC2CCCC2)C(=O)Nc2nccs2)cc1,3.7634279935629373
7644,CHEMBL2010838,CN(C(=O)Cc1ccc(-n2cnnn2)cc1)C1CCN(Cc2ccc(C(F)(F)F)cn2)CC1,5.419955748489758
7645,CHEMBL2178947,Cc1nc(C)c(-c2ccc3c(c2)CC[C@]32CC[C@@H](CC(=O)O)CC2)nc1C(N)=O,5.749968083509403
7646,CHEMBL2036762,Cc1ccc(NC(=O)N2CCN(C[C@@H]3CCCN(C4CC4)C3)CC2)cc1Cl,5.7599698575543075
7647,CHEMBL452274,CN(CCO)Cc1ccc(-c2cc(C(N)=O)c(NC(N)=O)s2)cc1,5.880012838366771
7648,CHEMBL188167,COc1cc2ncnc(Nc3cc(NC(=O)c4ccnc(N5CCOCC5)c4)ccc3C)c2cc1OCCN1CCCCC1,5.909983694939844
7649,CHEMBL152676,Cn1cc(C(=O)CCCCOc2ccc(C(=O)O)cc2)cc1C=O,6.080012847107928
7669,CHEMBL514384,COCCS(=O)(=O)N1CCN(c2ccc(Nc3nccc(-c4cnc(C)n4C(C)C)n3)cc2)CC1,4.14921911265538
7670,CHEMBL2010845,CN(C(=O)Cc1ccc(-n2cnnn2)cc1)[C@@H]1CCN(Cc2ccc(C(F)(F)F)cc2)C[C@@H]1F,4.209515014542631
7671,CHEMBL1459582,Clc1ccc(-c2cn3cccnc3n2)cc1,4.301029995663981
7682,CHEMBL1809057,COc1cc(C(CO)CO)ccc1Nc1ncc(Cl)c(-c2cnc3ccccn23)n1,3.832508912706236
7683,CHEMBL1940279,O=C(NCc1ccnc2ccccc12)c1ccc(Oc2ccc(C#C[C@]3(O)CN4CCC3CC4)cc2)cc1,3.9190780923760737
7684,CHEMBL477567,Cc1ncc(-c2ccnc(Nc3ccc(N4CCN(S(C)(=O)=O)CC4)cc3)n2)n1C(C)C,3.949390006644913
7685,CHEMBL1829783,C[C@@H](c1ccc(-c2ccc(F)cc2F)cc1)N1CC[C@@](CCO)(c2ccc(F)cc2)OC1=O,3.716003343634799
7689,CHEMBL1163764,O=C(c1ccc(F)cc1)C1CCN(C(=O)c2ccccc2)CC1,5.299942900022767
7715,CHEMBL2178371,Cc1nc(C)c(-c2ccc(C34CCC(C(=O)O)(CC3)CC4)cc2)nc1C(N)=O,5.279894980011638
7737,CHEMBL91863,Cc1ccccc1Nc1ncnc2ccccc12,5.6200318951262975
7738,CHEMBL455467,Cc1ncc(-c2ccnc(Nc3ccc(C(=O)N4CCN(C)CC4)cc3)n2)n1C(C)C,5.679972694277419
7744,CHEMBL672,CC(C)OC(=O)C(C)(C)Oc1ccc(C(=O)c2ccc(Cl)cc2)cc1,2.9542425094393248
7755,CHEMBL2325742,C[C@@H](NC(=O)C1(N)CCN(c2ncnc3[nH]ccc23)CC1)c1ccc(Cl)cc1,4.889861721258188
7778,CHEMBL2153190,CCCSc1nc(N2CCC[C@H](CC(=O)O)C2)ccc1C(=O)NC1CCCCC1,5.2400497721126476
7805,CHEMBL1545465,COc1ccc(C(=O)C2CCN(C(=O)c3ccco3)CC2)cc1,5.580012112529424
7814,CHEMBL2023496,COc1ccc2c(Oc3cnc(CC(=O)Nc4cn(C)nc4C)c(OC)c3)ccnc2c1,4.17897694729317
7815,CHEMBL186784,O=c1c2ccccc2oc2ccccc12,4.301029995663981
7833,CHEMBL145085,COc1ccc([C@H](CC(=O)O)N2CCN(CCCc3ccc4c(n3)NCCC4)C2=O)cn1,3.3979400086720375
7845,CHEMBL256576,C[C@@H](Oc1cccc2ncnc(Nc3ccc4c(cnn4Cc4ccccn4)c3)c12)C(=O)N1CCOCC1,4.980003371583746
7846,CHEMBL2178372,Cc1nc(C)c(-c2ccc(C34CCC(CC(=O)O)(CC3)CC4)cc2)nc1C(N)=O,5.049992856920142
7847,CHEMBL186174,Clc1ccc(CN(Cc2ccc(Cl)cc2)c2nn[nH]n2)cc1,5.0700378666077555
7848,CHEMBL361546,O=c1c2sccc2n(CC2COc3ccccc3O2)c(=O)n1O,5.07990446766672
7849,CHEMBL215786,COc1cc2ncnc(Nc3ccc(F)c(Cl)c3)c2cc1OCC1CCN(C)CC1,5.07990446766672
7850,CHEMBL1762544,COCCOc1cc(Nc2nccc(N(C)c3cc(CO)ccc3C)n2)cc(N2CCOCC2)c1,5.100025730107863
7851,CHEMBL485240,CCCS(=O)(=O)c1ccc(Nc2nccc(-c3cnc(C)n3C(C)C)n2)cc1,5.139879086401237
7892,CHEMBL2177610,CCCSc1c(C(=O)NC2CCCCC2)cnn1C,6.090011024007147
7898,CHEMBL186791,Cc1ccc(NC(=O)c2cccc(N3CCOCC3)c2)cc1NC(=O)c1ccc(OCc2ccncc2)cc1,2.6989700043360187
7899,CHEMBL315970,CC(C)Cn1c(=O)n(C)c(=O)c2cn(Cc3cccc4ccccc34)cc21,3.0
7900,CHEMBL2023486,CCc1cc(NC(=O)Cc2ccc(Oc3ccnc4cc(OC)ccc34)cc2OC)n[nH]1,3.929418925714293
7901,CHEMBL2036739,O=C(Nc1ccc(N2CCOCC2)cc1)c1nnc(NC(=O)C2(c3ccc(Cl)cc3)CCCC2)o1,3.9395192526186187
7902,CHEMBL196444,O=C1CCC(=O)N1c1cc(Cc2n[nH]c(=O)c3ccccc23)ccc1F,3.9590413923210934
7922,CHEMBL67860,Cn1c(C#N)ccc1-c1ccc2c(c1)C(C)(C)OC(=O)N2,4.12057393120585
7923,CHEMBL2088413,Cc1ccc(CCNC(=O)c2ccc3sc(CO)nc3c2)cc1,4.209515014542631
7924,CHEMBL1809053,COc1cc(N2CCOCC2)ccc1Nc1ncc(Cl)c(-c2cnc3ccccn23)n1,4.209515014542631
7925,CHEMBL1573297,FC(F)(F)c1nnc2ccc(NCn3nnc4ccccc43)nn12,4.260071387985075
7934,CHEMBL1778364,CC(C)Oc1cc(Oc2ccccc2)cc(C(=O)Nc2ccc(C(=O)O)cn2)c1,5.159867847092567
7935,CHEMBL1496507,CC(C)Cn1c2ccccc2c2cc(C(=O)O)ccc21,5.340047317661393
7937,CHEMBL1242297,Cc1cc(-c2ccc(/C=C3\S/C(=N\c4ccc(Cl)c(C(=O)O)c4)NC3=O)o2)c([N+](=O)[O-])cc1C,5.390051496458987
7957,CHEMBL195204,CN1CCC(Oc2cccc3ncnc(Nc4ccc(OCc5cscn5)c(Cl)c4)c23)CC1,3.690196080028514
7958,CHEMBL2086668,C[C@@H]1CN(C(=O)OC(C)(C)C)CCN1c1ncc(OCC2CCN(S(C)(=O)=O)CC2)cn1,3.6989700043360187
7959,CHEMBL1809059,COc1cc(N2CC3CN(CCO)CC(C2)O3)ccc1Nc1ncc(Cl)c(-c2cnc3ccccn23)n1,3.7075701760979363
7972,CHEMBL140365,CN1c2ccccc2C(c2ccccc2F)=NCC1CNC(=O)c1ccc(Cl)cc1,4.089905111439398
7973,CHEMBL250132,C[C@H](CN(C)C(=O)CO)Oc1cccc2ncnc(Nc3ccc(OCc4ccccn4)c(Cl)c3)c12,4.1003705451175625
7974,CHEMBL1762178,CC(=O)Nc1cc(CN2C(=O)N(c3ccc(SC(F)(F)F)cc3)C(=O)C2(C)C)ccn1,4.12057393120585
7975,CHEMBL214849,CCCN(CCO)CCCOc1cc2ncnc(Nc3cc(CC(=O)Nc4cccc(F)c4F)[nH]n3)c2cc1OC,4.17897694729317
7976,CHEMBL454648,Cc1ncc(-c2nc(Nc3ccc(C(=O)N(C)C)c(F)c3)ncc2F)n1C(C)C,4.209515014542631
8008,CHEMBL380005,CCN(C(=O)Cc1ccc(S(C)(=O)=O)cc1)C1CCN(CC[C@@H](c2ccc(F)cc2)c2ccc(S(C)(=O)=O)cc2)CC1,5.449940988773338
8009,CHEMBL182380,CCN(C(=O)NCc1ccc(S(C)(=O)=O)cc1)C1CCN(CCC(c2ccccc2)c2ccccc2)CC1,5.449940988773338
8010,CHEMBL2031173,O=C(N[C@@H](Cc1ccc(OCCc2cccc(NC3CCCC3)n2)cc1)C(=O)O)c1c(Cl)cccc1Cl,5.4699692094999595
8025,CHEMBL2158823,O=C(O)c1cccc(N2CCC(CN3CCC(Oc4ccc(Cl)c(Cl)c4)CC3)CC2)c1,5.150142161848558
8027,CHEMBL98345,O=C(NO)c1ccc(NS(=O)(=O)c2ccccc2)cc1,5.49996186559619
8028,CHEMBL1644358,c1ccc(Nc2ccnc3ccccc23)cc1,5.510008512940234
8029,CHEMBL507202,Nc1nccc(/C=C/c2c(Cl)nc3sccn23)n1,5.510008512940234
8030,CHEMBL2178954,Cc1ncc(-c2ccc([C@H]3CC[C@H](CC(=O)O)CC3)cc2)nc1C(N)=O,5.569958818096594
8031,CHEMBL324875,Cc1ccc(CCOCCNS(=O)(=O)CCCNCCc2ccc(O)c3nc(O)sc23)cc1,5.569958818096594
8032,CHEMBL178457,Cc1c(-c2ccc3c(c2)OCO3)c(=O)n(C[C@H](N)c2ccccc2)c(=O)n1Cc1c(F)cccc1F,5.569958818096594
8033,CHEMBL2030798,CNc1cccc(CCOc2ccc(C[C@H](NC(=O)c3ccccc3Cl)C(=O)O)cc2)n1,5.599992177584098
8034,CHEMBL211866,CCN(C(=O)Cc1ccc(S(C)(=O)=O)cc1)C1CCN(CC[C@@H](c2ccccc2)c2ccc(S(C)(=O)=O)cc2)CC1,5.599992177584098
8035,CHEMBL1916286,Cc1nn(-c2ccccc2)c(NS(=O)(=O)C2CCCCC2)c1C(=O)N[C@@H](C)C(C)(C)C,5.599992177584098
8036,CHEMBL401418,Cc1cc(C)cc(-c2[nH]c3sc(C(C)(C)C(=O)N4C5CCC4CC5)cc3c2CCN2CCN(CC(O)CN3CCNCC3)CC2)c1,5.63002085111341
8037,CHEMBL2104888,O=C(N[C@@H](Cc1ccccc1)[C@@H](O)C(=O)N1C[C@@H](O)[C@@H](O)C1)c1cc2cc(Cl)ccc2[nH]1,5.639984248041588
8038,CHEMBL1951907,CCN(C(=O)Cc1ccc(S(C)(=O)=O)cc1)C1CCN(CCC(c2ccccc2)C2CCN(S(=O)(=O)CC)CC2)CC1,5.660011221289331
8039,CHEMBL2153185,CCCSc1nc(Oc2ccc(CC(=O)O)cc2)ccc1C(=O)NC1CCCCC1,5.73996769675951
8040,CHEMBL430507,CN(C)CC(O)COc1ccc(Nc2nccc(N(CC#N)c3cc(Cl)ccc3Cl)n2)cc1,5.7599698575543075
8041,CHEMBL2164676,N#CCNC(=O)[C@@H]1CCCC[C@H]1C(=O)N1CCN(c2ccccc2)CC1,5.800029359244134
8042,CHEMBL2177608,CC1(c2c(C(=O)NC3C4CC5CC(C4)CC3C5)cnn2-c2ccc(C(=O)O)cc2)CC1,5.820004306808318
8043,CHEMBL216769,COc1cc2c(Nc3cc(CC(=O)Nc4cccc(F)c4)[nH]n3)ncnc2cc1OCCCN1CCC(CO)CC1,5.830010935936118
8044,CHEMBL1386855,c1ccc(-c2cn3cccnc3n2)cc1,5.830010935936118
8045,CHEMBL1623092,NCC(O)(c1ccc(Cl)cc1)c1ccc(Cl)cc1,5.880012838366771
8046,CHEMBL131065,O=C(O)c1c(Cl)c2ccccc2n1Cc1ccc(Cl)c(Cl)c1,5.880012838366771
8047,CHEMBL1532274,O=S(=O)(Nc1ccncc1)c1ccccc1,5.899984562549391
8048,CHEMBL126048,Oc1c2ncc3ccccc3c2nn1-c1ccccc1,5.909983694939844
8049,CHEMBL115125,Cc1cc(NC(=O)c2ccccc2)n[nH]1,5.909983694939844
8050,CHEMBL486504,COc1cc2c(c(OC)c1OC)-c1ccc(O)cc1[C@@H](NC(C)=O)CC2,5.909983694939844
8051,CHEMBL1784350,Cc1noc(C)c1CCC1CCN(S(=O)(=O)CC2(N(O)C=O)CCOC(C)(C)C2)CC1,5.929980590515514
8052,CHEMBL1888988,CNC(=O)CCc1nc(-c2ccc(OC)cc2)no1,5.9599948383284165
8053,CHEMBL193718,CC(C)Oc1cc(OCCc2ccncc2)cc(C(=O)Nc2ccc(C(=O)O)cn2)c1,6.029992175377847
8057,CHEMBL2325701,CS(=O)(=O)Cc1cc(N2CCOCC2)nc(-c2cccc3cc[nH]c23)n1,3.041392685158225
8058,CHEMBL494846,O=C1C(=O)N(Cc2ccc(Br)cc2F)c2c(Cl)cccc21,3.041392685158225
8105,CHEMBL2206788,COCCC(Oc1ncnc2c1cnn2-c1ccccc1C(F)(F)F)C(=O)Nc1ccc(C)cn1,4.889861721258188
8106,CHEMBL2153173,CCCSc1ncccc1C(=O)NC1CCCCC1,4.910090545594068
8122,CHEMBL1214827,CC(C)c1cc(C(=O)N2Cc3ccc(CN4CCN(C)CC4)cc3C2)c(O)cc1O,4.9698816437465
8123,CHEMBL2325987,CC(NC(=O)C1(N)CCN(c2ncnc3[nH]ccc23)CC1)c1ccc(F)cc1,4.980003371583746
8141,CHEMBL1940104,COc1cccc(NC(=O)Cn2cc(Nc3ncnc4cc(OC)c(OC)cc34)cn2)c1,3.6434526764861874
8142,CHEMBL1723476,O=C(c1ccc(F)cc1)C1CCN(C(=O)Nc2ccc(F)cc2)CC1,3.6532125137753435
8170,CHEMBL1415894,c1ccc(Nc2cc(Nc3ccccc3)[nH]n2)cc1,4.1003705451175625
8188,CHEMBL1428,COCCOC(=O)C1=C(C)NC(C)=C(C(=O)OC(C)C)C1c1cccc([N+](=O)[O-])c1,3.4913616938342726
8189,CHEMBL2086650,CC(C)(C)OC(=O)N1CCN(c2ncc(OCc3ccc(S(C)(=O)=O)cc3)cn2)CC1,3.505149978319906
8190,CHEMBL1276308,CC#C[C@]1(O)CC[C@H]2[C@@H]3CCC4=CC(=O)CCC4=C3[C@@H](c3ccc(N(C)C)cc3)C[C@@]21C,3.278753600952829
8191,CHEMBL202721,COc1cc2c(Nc3ccc(NC(=O)c4ccccc4)cc3)ncnc2cc1OCCCN1CCOCC1,3.3979400086720375
8195,CHEMBL1555870,NC(=O)c1sc(-c2ccsc2)cc1NS(=O)(=O)c1ccc(C(F)(F)F)cc1,3.681241237375587
8207,CHEMBL1230609,COc1cc2c(Oc3ccc(NC(=O)C4(C(=O)Nc5ccc(F)cc5)CC4)cc3F)ccnc2cc1OCCCN1CCOCC1,3.0
8232,CHEMBL2031233,Cc1ccc(NC(=O)C2CC2)cc1-n1cnc2ccc(N3CCN(C)CC3)cc2c1=O,6.180011119057718
8233,CHEMBL1721498,O=C(c1ccc(Cl)cc1)C1CCN(C(=O)C2CC2)CC1,5.279894980011638
8234,CHEMBL1499883,Cc1ccc(-c2cn3cccnc3n2)cc1,5.400019635065158
8267,CHEMBL1236772,CS(=O)(=O)c1cccc(Nc2nccc(Nc3cccc4[nH]ncc34)n2)c1,3.832508912706236
8269,CHEMBL1461377,O=C(c1ccc(F)cc1)C1CCN(C(=O)NCc2ccccc2)CC1,4.0
8270,CHEMBL391379,Clc1ccc(COc2ccc(Br)cc2CN2CCOCC2)cc1,3.681241237375587
8272,CHEMBL424638,O=C(O)c1cc2cc(F)ccc2n1Cc1ccc(Cl)c(Cl)c1,5.319938439980309
8308,CHEMBL1234354,COc1ccc(-c2cc3c(C)nc(N)nc3n([C@H]3CC[C@H](OCCO)CC3)c2=O)cn1,3.9395192526186187
8309,CHEMBL2086686,C[C@@H]1CN(C(=O)OC(C)(C)C#N)CCN1c1ncc(OCc2ccncc2C#N)cn1,3.949390006644913
8310,CHEMBL1449836,c1ccc(CSc2nnc(-c3ccco3)c(-c3ccco3)n2)cc1,3.716003343634799
8311,CHEMBL2346974,CC(=O)N1CCN(CCOc2ccc(C3CCN(c4ccc5nnc(C(F)(F)F)n5n4)CC3)cc2)CC1,3.7323937598229686
8312,CHEMBL1951575,CC(C)(C)NC(=O)c1ccc(Oc2cc(F)c(CC(=O)O)cc2Cl)c(NS(=O)(=O)c2ccc(C3CC3)cc2Cl)c1,5.929980590515514
8335,CHEMBL578061,c1ccc(Nc2ccnc(Nc3ccccc3)n2)cc1,4.17897694729317
8353,CHEMBL1343931,Cc1nc(CS(=O)(=O)c2ccc(Cl)cc2)cc(N2CCOCC2)n1,5.35005409357903
8362,CHEMBL180022,CCOc1cc2ncc(C#N)c(Nc3ccc(OCc4ccccn4)c(Cl)c3)c2cc1NC(=O)/C=C/CN(C)C,2.4771212547196626
8365,CHEMBL1576980,COc1ccc(N(C)C(=O)c2ccc3nc(-c4ccccc4)c(-c4ccccc4)nc3c2)cc1,2.845098040014257
8366,CHEMBL1229592,C=CC(=O)Nc1cccc(Oc2nc(Nc3ccc(N4CCN(C)CC4)cc3OC)ncc2Cl)c1,3.0
8391,CHEMBL1809193,COc1cc(N2CCN(C(C)=O)CC2)ccc1Nc1ncc(F)c(-c2cnc3ccccn23)n1,4.161368002234975
8392,CHEMBL2087085,C[C@@H]1CN(c2nc(C3CC3)no2)CCN1c1ncc(OCc2ccncc2C#N)cn1,4.161368002234975
8419,CHEMBL685,COC(=O)Nc1nc2cc(C(=O)c3ccccc3)ccc2[nH]1,3.0
8430,CHEMBL1346,NC(=O)C(c1ccccc1)(c1ccccc1)[C@@H]1CCN(CCc2ccc3c(c2)CCO3)C1,4.889861721258188
8446,CHEMBL384467,C[C@@H]1C[C@H]2[C@@H]3CCC4=CC(=O)C=C[C@]4(C)[C@@]3(F)[C@@H](O)C[C@]2(C)[C@@]1(O)C(=O)CO,5.150142161848558
8447,CHEMBL1824606,O=C(Nc1ccccc1)c1ccc(OCCCN2CCCC2)cc1OCc1ccccc1F,5.150142161848558
8451,CHEMBL572284,COc1ccc(/C=C\c2cc(OC)c(OC)c(OC)c2)cc1NC(=O)[C@@H](N)CO,6.180011119057718
8452,CHEMBL42,CN1CCN(C2=Nc3cc(Cl)ccc3Nc3ccccc32)CC1,5.1801258751640535
8453,CHEMBL2325997,CC(NC(=O)C1(N)CCN(c2ncnc3[nH]ccc23)CC1)c1ccc(Cl)cc1,5.260071387985075
8495,CHEMBL2010843,CN(C(=O)Cc1ccc(-n2cnnn2)cc1)C1CCN(Cc2nc3c(s2)CCCC3)CC1,3.9912260756924947
8502,CHEMBL157101,CC(=O)N1CCN(c2ccc(OCC3COC(Cn4ccnc4)(c4ccc(Cl)cc4Cl)O3)cc2)CC1,3.792391689498254
8507,CHEMBL2030815,O=C(N[C@@H](Cc1ccc(OCCCNc2ccccn2)cc1)C(=O)O)c1c(Cl)cccc1Cl,5.549983611159689
8517,CHEMBL1643542,Cn1[nH]c(CSc2ccc(Cl)cc2)cc1=O,5.6699673699085045
8519,CHEMBL2158470,CCCSc1nc(N2CCOCC2)ccc1C(=O)N[C@H]1C2CC3CC1C[C@](O)(C3)C2,5.679972694277419
8523,CHEMBL2001019,OCCn1cc(-c2cnc3nnn(Cc4ccc5ncccc5c4)c3n2)cn1,3.949390006644913
8538,CHEMBL2171986,COc1ccc(N2CCN(C(=O)[C@@H]3CCCC[C@H]3C(=O)NCC#N)CC2)cc1,5.589949601325708
8542,CHEMBL2164688,COc1ccc2[nH]c3c(c2c1)CN(C(=O)[C@@H]1CCCC[C@H]1C(=O)NC1(C#N)CC1)CC3,5.909983694939844
8545,CHEMBL5416410,Cc1nc(Nc2ncc(C(=O)Nc3c(C)cccc3Cl)s2)cc(N2CCN(CCO)CC2)n1.O,4.079181246047625
8548,CHEMBL1721885,Cc1[nH]c(/C=C2\C(=O)Nc3ccc(F)cc32)c(C)c1C(=O)NC[C@H](O)CN1CCOCC1,4.350248018334163
8549,CHEMBL108,NC(=O)N1c2ccccc2C=Cc2ccccc21,5.889973638403996
8552,CHEMBL2163360,N#CC1(NC(=O)[C@@H]2CCCC[C@H]2C(=O)N2CCc3[nH]c4ncccc4c3C2)CC1,6.180011119057718
8558,CHEMBL1727809,O=C(NCCCCc1ccccc1)c1ccccc1,4.720159303405957
8559,CHEMBL960,Cc1oncc1C(=O)Nc1ccc(C(F)(F)F)cc1,4.8299466959416355
8574,CHEMBL201297,COCCOc1cc2ncnc(Nc3ncc(CC(=O)Nc4cccc(F)c4)s3)c2cc1OC,2.7781512503836434
8575,CHEMBL787,CC(C)(O)c1ccccc1CC[C@@H](SCC1(CC(=O)O)CC1)c1cccc(/C=C/c2ccc3ccc(Cl)cc3n2)c1,2.9542425094393248
8587,CHEMBL2206790,COCC[C@H](Oc1ncnc2c1cnn2-c1ccccc1Cl)C(=O)Nc1ccc(C)cn1,5.0
8588,CHEMBL94191,COc1cc2ncnc(Nc3ccccc3)c2cc1OC,5.0700378666077555
8589,CHEMBL440498,O=C(NO)C1(CS(=O)(=O)c2ccc(Oc3ccc(Cl)cc3)cc2)CCOCC1,5.100025730107863
8590,CHEMBL2164687,N#CC1(NC(=O)[C@@H]2CCCC[C@H]2C(=O)N2CCc3[nH]c4ccc(Cl)cc4c3C2)CC1,5.109915863023793
8617,CHEMBL478442,COc1cc2ncnc(Nc3ccc(C)c(O)c3)c2cc1OC,3.6434526764861874
8631,CHEMBL1429517,COc1ccc(NC(=O)c2cccn(CC=C(C)C)c2=O)cc1,3.8573324964312685
8632,CHEMBL2023491,COc1ccc2c(Oc3ccc(CC(=O)Nc4cnn(C)c4C)c(OC)c3)ccnc2c1,4.02938377768521
8633,CHEMBL2031161,O=C(N[C@@H](Cc1ccc(CCCc2ccc3c(n2)NCCC3)cc1)C(=O)O)c1c(Cl)cccc1Cl,5.569958818096594
8634,CHEMBL1055,NS(=O)(=O)c1cc(C2(O)NC(=O)c3ccccc32)ccc1Cl,5.700011062322113
8635,CHEMBL1081917,Cc1cc(CN(CC(=O)Nc2ccc(Cl)cc2Cl)C2CCCCC2)ccc1OCC(=O)O,5.909983694939844
8636,CHEMBL528154,O=C1CSc2ccccc2N1,5.940018155007663
8654,CHEMBL1418955,c1ccc(-c2nnc(-c3ccccc3)o2)cc1,4.198657086954422
8661,CHEMBL17157,CC(C)(C)c1ccc(C(O)CCCN2CCC(C(O)(c3ccccc3)c3ccccc3)CC2)cc1,3.7323937598229686
8662,CHEMBL1196711,CN(C)CCCN(C)c1nc2cc(Cl)c(Cl)cc2nc1/C=C/c1ccccc1,3.7634279935629373
8663,CHEMBL2057371,CC(C)(C)NS(=O)(=O)c1cncc(-c2ccc3nc(NC(=O)NCC(=O)N4CCCC4)nn3c2)c1,3.8195439355418688
8688,CHEMBL514554,CS(=O)(=O)c1cccc(CNc2nc(Nc3ccc4c(c3)CCC(=O)N4)ncc2C(F)(F)F)c1,2.6989700043360187
8720,CHEMBL486760,c1ccc2c(c1)Cc1ccccc1O2,3.6434526764861874
8735,CHEMBL2158769,N#Cc1ccccc1C[C@@H](C(=O)O)N1CCC(CN2CCC(Oc3ccc(Cl)c(Cl)c3)CC2)CC1,5.459995256047391
8736,CHEMBL98350,O=c1cc(N2CCOCC2)oc2c(-c3ccccc3)cccc12,5.480006942957151
8737,CHEMBL2325731,CN(C)C(=O)CC(NC(=O)C1(N)CCN(c2ncnc3[nH]ccc23)CC1)c1ccc(Cl)cc1,5.599992177584098
8738,CHEMBL568904,Cc1ccc2c(N)c(C(N)=O)sc2n1,5.839980557678342
8739,CHEMBL2030810,CNc1cccc(CCOc2ccc(C[C@H](NC(=O)c3c(C)noc3C)C(=O)O)cc2)n1,6.029992175377847
8744,CHEMBL1951032,COc1c(Nc2ccc(S(C)(=O)=O)nc2C)ncnc1OC1CCN(C(=O)OC(C)C)CC1,4.1702617153949575
8759,CHEMBL2086661,C[C@@H]1CN(c2ncc(OCc3ccc(S(C)(=O)=O)cc3)cn2)CCN1C(=O)OC(C)(C)C,3.5185139398778875
8760,CHEMBL11348,CCn1c(=O)c2nc(-c3ccccc3)[nH]c2n(CC)c1=O,3.322219294733919
8769,CHEMBL218677,COc1cc2ncnc(Nc3cccc(Cl)c3F)c2cc1OC1CCN(CC(N)=O)CC1,3.361727836017593
8778,CHEMBL1233652,O=C(O)CCC[C@@H]1c2ccccc2C[C@H]1NC(=O)c1cc2cc(F)ccc2[nH]1,4.929929560084588
8779,CHEMBL2010849,CN(C(=O)Cc1ccc(-n2cnnn2)cc1)[C@@H]1CCN(Cc2ccc(C(F)(F)F)nc2)C[C@@H]1F,4.980003371583746
8780,CHEMBL397434,c1ccc(CSc2ncnc3[nH]cnc23)cc1,4.980003371583746
8781,CHEMBL278489,CN(C)C(=O)Nc1ccc(Cl)c(Cl)c1,5.119915410257991
8792,CHEMBL2152903,CC#Cc1cncc(-c2cccc([C@@]3(c4cc(C)c(=O)n(CC)c4)N=C(N)c4c(F)cccc43)c2)c1,4.9599948383284165
8806,CHEMBL1868497,O=C(CNC(=O)c1ccc(Cl)cc1)c1ccc(Br)cc1,2.6989700043360187
8809,CHEMBL115022,CC(=O)Nc1ccc2nc(-c3cccc(F)c3)cc(O)c2c1,4.389166084364533
8810,CHEMBL386996,CC(=O)N1CCN(CCOc2cc(OC(C)C)c3c(Nc4c(F)ccc5c4OCO5)ncnc3c2)CC1,4.439332693830263
8811,CHEMBL551813,CN(C)c1nc(Cc2ccc(NC(=O)c3ccc(C(F)(F)F)cc3)cc2)nc(N(C)C)c1CC(=O)O,4.459392487759231
8814,CHEMBL101,CCCCC1C(=O)N(c2ccccc2)N(c2ccccc2)C1=O,6.090011024007147
8820,CHEMBL1081913,CC(C)(C)OC(=O)N1CCC(OCc2nc(-c3ccncc3)no2)CC1,5.4300750555519395
8821,CHEMBL1738748,O=C(NCc1ccncc1)c1ccc(Oc2ccc(C#C[C@]3(O)CN4CCC3CC4)cc2)cc1,5.480006942957151
8823,CHEMBL209410,Cc1csc(NC(=O)c2ccccc2)n1,5.5199591807520685
8826,CHEMBL1409684,COc1ccc(Cc2nnc(N)s2)cc1,5.560026248912893
8834,CHEMBL1373037,Nc1nccc(/C=C/c2ccc(Cl)cc2)n1,3.9395192526186187
8848,CHEMBL542001,CCCNc1nc2ccccc2c(=O)[nH]1,5.729974285699556
8852,CHEMBL1835919,Nc1ncnc2c1C(=O)N(c1ccc([C@H]3CC[C@H](CC(=O)O)CC3)cc1)CCO2,5.880012838366771
8865,CHEMBL1778367,COC[C@H](C)Oc1cc(Oc2ccc(OC)cc2)cc(C(=O)Nc2ccc(C(=O)O)cn2)c1,6.180011119057718
8877,CHEMBL2086680,CC(C)(C)OC(=O)N1CCN(c2ncc(OCc3ccncc3C#N)cn2)CC1,4.510545010206612
8878,CHEMBL211625,COc1ccc(NCc2ccc(C(=O)Nc3ccccc3N)cc2)cc1OC,4.7596678446896306
8890,CHEMBL62193,COc1cc(NS(=O)(=O)c2ccc(N)cc2)nc(OC)n1,6.109983294819893
8891,CHEMBL2030963,CNc1cccc(CCCc2ccc(C[C@H](NC(=O)c3c(Cl)cccc3Cl)C(=O)O)cc2)n1,6.180011119057718
8893,CHEMBL269538,COc1ccc2c(c1)[nH]c1c(C)nccc12,4.740362689494244
8899,CHEMBL2031229,Cc1ccc(NC(=O)c2ccccc2F)cc1-n1cnc2ccc(N3CCN(C)CC3)cc2c1=O,5.970021265828366
8900,CHEMBL172066,Cc1sc(N)nc1-c1ccccc1,5.980003371583746
8957,CHEMBL108922,CCO/N=C/c1ccc(OCCC2CCN(c3ccc(C)nn3)CC2)cc1,3.342422680822206
8958,CHEMBL2023802,CCOc1cc2nccc(Oc3cnc(CC(=O)Nc4n[nH]c(CC)c4C)c(OC)c3)c2cc1OC,3.342422680822206
8959,CHEMBL2086659,C[C@H]1CN(C(=O)OC(C)(C)C)CCN1c1ncc(OCc2ccc(S(C)(=O)=O)cc2)cn1,3.361727836017593
8960,CHEMBL2086654,CC(C)(C)OC(=O)N1CCN(c2ccc(OCc3ccc(S(C)(=O)=O)cc3)cn2)CC1,3.0
8982,CHEMBL477772,Cc1ccc(Nc2nccc(N(C)c3ccc4c(C)n(C)nc4c3)n2)cc1S(N)(=O)=O,3.7403626894942437
8983,CHEMBL1096435,CS(=O)(=O)c1ccc([C@@H](CC2CCCC2)C(=O)Nc2nccs2)cc1,3.7403626894942437
8984,CHEMBL301018,COc1cc2ncnc(Nc3ccc(F)c(Cl)c3)c2cc1OC,3.8573324964312685
8985,CHEMBL325226,Cc1c(NC(=O)N2CCOCC2)ccc2c1c1ccccc1n2C(C)C,3.9190780923760737
8988,CHEMBL401874,CC(C)Cn1c(=O)n(C)c(=O)c2c(-c3ccncc3)n(Cc3cccc4ccccc34)nc21,4.110589710299249
8989,CHEMBL941,Cc1ccc(NC(=O)c2ccc(CN3CCN(C)CC3)cc2)cc1Nc1nccc(-c2cccnc2)n1,4.359835482339888
8994,CHEMBL1684984,CS(=O)(=O)N1CCc2c(-c3cnc(N)nc3)nc(N3CCOCC3)nc21,3.230448921378274
8995,CHEMBL2088095,Cc1cc(CNc2ncc(Br)c(Nc3cc(CCc4ccccc4)[nH]n3)n2)on1,3.230448921378274
8998,CHEMBL2086693,C[C@@H]1CN(c2noc(C(F)(F)F)n2)CCN1c1ncc(OCc2ccncc2C#N)cn1,3.4913616938342726
9023,CHEMBL67,COc1ccc(/C=C\c2cc(OC)c(OC)c(OC)c2)cc1O,5.159867847092567
9036,CHEMBL1511945,c1ccc(-c2nc(-c3ccccc3)c(-c3ccccc3)o2)cc1,3.278753600952829
9037,CHEMBL1796291,O=C(NCc1ccncc1)c1ccc(Oc2ccc([N+](=O)[O-])cc2)cc1,3.3979400086720375
9038,CHEMBL1526526,O=S(=O)(NCc1cc(-c2ccccc2Cl)no1)c1ccc(Cl)cc1,3.4913616938342726
9054,CHEMBL183630,Cc1ccc(NC(=O)c2cccc(N3CCOCC3)c2)cc1NC(=O)c1ccc(OCc2cscn2)cc1,2.6989700043360187
9055,CHEMBL31965,C=CC(=O)Nc1cc2c(Nc3ccc(F)c(Cl)c3)ncnc2cc1OCCCN1CCOCC1,2.9030899869919438
9056,CHEMBL2023492,COc1ccc2c(Oc3ccc(CC(=O)Nc4cnn(C)c4)c(OC)c3)ccnc2c1,3.041392685158225
9060,CHEMBL2035032,NC1(c2ccc(-c3c(-c4ccccc4)ccc4ccnn34)cc2)CCC1,5.2400497721126476
9061,CHEMBL499520,O=C(Nc1ncc(F)s1)[C@H](CC1CCOCC1)c1ccc(S(=O)(=O)C2CC2)cc1,5.330007700872759
9063,CHEMBL1626156,OCCNCc1cc(Br)ccc1OCc1ccc(Cl)cc1,5.3600250891893975
9069,CHEMBL2036756,O=C(Nc1ccc(Cl)c(Cl)c1)N1CCN(C[C@@H]2CCCN(CCCc3ccccc3)C2)CC1,5.159867847092567
9070,CHEMBL2336334,COCC(C)Nc1nc(N2CCOC[C@@H]2C)c2ccc(-c3ccc(OC)c(CO)c3)nc2n1,5.220108088040055
9071,CHEMBL1503904,O=C(Nc1ccccc1)N1CCN(c2ccccn2)CC1,5.229937685907934
9094,CHEMBL1466,O=c1oc2ccccc2c(O)c1Cc1c(O)c2ccccc2oc1=O,4.929929560084588
9121,CHEMBL119385,O=c1ncn2nc(Sc3ccc(F)cc3F)ccc2c1-c1c(Cl)cccc1Cl,4.269512944217916
9143,CHEMBL2030442,CS(=O)(=O)Cc1cc(N2CCOCC2)nc(-c2cccc3[nH]ccc23)n1,4.110589710299249
9153,CHEMBL2086690,CC(C)c1nc(N2CCN(c3ncc(OCc4ccncc4C#N)cn3)[C@H](C)C2)no1,3.7323937598229686
9157,CHEMBL1468325,O=C(c1ccccc1)C1CCN(C(=O)c2c(F)cccc2F)CC1,4.12057393120585
9158,CHEMBL1451129,Cc1cc(=O)oc2cc3c(cc12)CCCN3,4.139879086401237
9187,CHEMBL1570112,CCn1c2ccccc2c2cc(NC(C)=O)ccc21,3.7481880270062002
9188,CHEMBL296419,COc1ccc(CCN2CCC(Nc3nc4ccccc4n3Cc3ccc(F)cc3)CC2)cc1,3.7481880270062002
9217,CHEMBL2336332,COc1ccc(-c2ccc3c(N4CCOC[C@@H]4C)nc(N4CC[C@@H](O)C4)nc3n2)cc1CO,4.110589710299249
9218,CHEMBL272980,Nc1ccccc1NC(=O)c1ccc(CNc2nccc(-c3cccnc3)n2)cc1,4.1303337684950066
9224,CHEMBL2110732,COc1cc2ncnc(Nc3ccc(F)c(Cl)c3)c2cc1NC(=O)/C=C/CN1CCCCC1,3.832508912706236
9228,CHEMBL1478592,Cc1c(C(=O)Nc2ccccc2)sc2ncnc(O)c12,4.350248018334163
9305,CHEMBL2163584,N#CC1(NC(=O)[C@@H]2CCCC[C@H]2C(=O)N2CCc3[nH]c4c(Br)cccc4c3C2)CC1,5.150142161848558
9306,CHEMBL806,CC(C)C(=O)Nc1ccc([N+](=O)[O-])c(C(F)(F)F)c1,4.949877704036875
9349,CHEMBL2177603,CC(C)c1c(C(=O)NC2C3CC4CC(C3)CC2C4)cnn1-c1ccc(C(=O)O)cc1,5.35005409357903
9350,CHEMBL1164165,O=c1[nH]c(-c2ccc([N+](=O)[O-])cc2)nc2ccccc12,3.278753600952829
9352,CHEMBL1400083,CCn1c2ccccc2c2cc(NC(=O)c3cc(C)on3)ccc21,3.3979400086720375
9353,CHEMBL1940110,COCCOc1cc2c(Oc3cnn(CC(=O)Nc4cccc(OC)c4)c3)ncnc2cc1OC,3.4913616938342726
9357,CHEMBL2058533,Cc1ccc(-c2ccc(F)cc2COc2ccc(CCC(=O)O)cc2)cc1,4.0
9358,CHEMBL394527,O=C(N[C@@H]1Cc2ccccc2N(C[C@@H](O)CO)C1=O)c1cc2cc(Cl)sc2[nH]1,4.02938377768521
9366,CHEMBL2036596,O=C(Nc1ccc(N2CCOCC2)nc1)c1nnc(Nc2cccc(Oc3ccccc3)c2)o1,3.3010299956639813
9377,CHEMBL1875812,Cc1cc(C)c(N2C(=O)CC(Sc3ccccc3N)C2=O)c(C)c1,3.9684829485539352
9406,CHEMBL1336,CNC(=O)c1cc(Oc2ccc(NC(=O)Nc3ccc(Cl)c(C(F)(F)F)c3)cc2)ccn1,3.7323937598229686
9407,CHEMBL1608626,CCOc1ccccc1C(=O)N1CCC(C(=O)c2ccc(F)cc2)CC1,3.7634279935629373
9408,CHEMBL1545637,O=C(c1ccc(Cl)cc1)C1CCN(C(=O)c2ccc(F)cc2)CC1,3.8129133566428557
9409,CHEMBL1277620,COc1cc2ncnc(Nc3ccc(Br)cc3F)c2cc1OC,3.832508912706236
9410,CHEMBL222102,O=c1cc(-c2cccc3c2Sc2ccccc2S3)oc(N2CCOCC2)c1,3.8512583487190755
9411,CHEMBL1486359,COC1=C(c2ccccc2)C(=O)c2ccccc2C1=O,3.90848501887865
9423,CHEMBL2178950,Cc1ncc(C(N)=O)nc1-c1ccc([C@H]2CC[C@H](C(=O)O)CC2)cc1,6.090011024007147
9424,CHEMBL1524797,Clc1ccc(-c2nnc(CNC3CC3)o2)cc1,6.090011024007147
9440,CHEMBL1762155,CC1(C)C(=O)N(c2ccc(SC(F)(F)F)cc2)C(=O)N1Cc1ccncc1,4.640481436970422
9441,CHEMBL1573309,CCN(CC)CCn1c2ccccc2c2cnc(N)c(C#N)c21,4.770115294787102
9453,CHEMBL304784,CCCC[C@@H](C=O)NC(=O)[C@H](CC(C)C)NC(=O)[C@H](CC(C)C)NC(C)=O,6.149988456491476
9454,CHEMBL2059009,CCCSc1nc2ccc(NC(=O)CCNC(=O)NCCOc3ccc(CC(C(=O)O)C(=O)O)cc3)cc2s1,6.159988050381987
9479,CHEMBL2164678,N#CC1(NC(=O)[C@@H]2CCCC[C@H]2C(=O)N2CCc3[nH]c4ccc(F)cc4c3C2)CC1,5.719993826367604
9487,CHEMBL118,Cc1ccc(-c2cc(C(F)(F)F)nn2-c2ccc(S(N)(=O)=O)cc2)cc1,3.342422680822206
9488,CHEMBL2023480,COc1cc(Oc2ccnc3cc(F)ccc23)ccc1CC(=O)Nc1noc(C)c1C,3.5440680443502757
9506,CHEMBL1274,CC1(C)NC(=O)N(c2ccc([N+](=O)[O-])c(C(F)(F)F)c2)C1=O,5.369957607346053
9513,CHEMBL2325706,CS(=O)(=O)C1(c2cc(N3CCOCC3)nc(-c3cccc4[nH]ccc34)n2)CCNCC1,5.369957607346053
9523,CHEMBL1726,COC(=O)C1=C(C)NC(C)=C(C(=O)OCC(C)C)C1c1ccccc1[N+](=O)[O-],3.342422680822206
9526,CHEMBL403225,C[C@H](CO)Nc1nc(SCc2cccc(Cl)c2F)nc2[nH]c(=O)sc12,3.0
9530,CHEMBL73303,NS(=O)(=O)c1ccc(Nc2nccc(-c3cnc4ccccn34)n2)cc1,3.8129133566428557
9532,CHEMBL489514,Cc1csc(NC(=O)c2cc(Sc3nncn3C)ccc2N)n1,3.9590413923210934
9533,CHEMBL2087084,CC(C)c1noc(N2CCN(c3ncc(OCc4ccncc4C#N)cn3)[C@H](C)C2)n1,4.079181246047625
9534,CHEMBL2086679,CC(C)(C)OC(=O)N1CCN(c2ncc(OCc3ccncc3F)cn2)CC1,3.7075701760979363
9535,CHEMBL1413389,O=C(NCCSCc1c(F)cccc1Cl)Nc1ccccc1,3.7075701760979363
9536,CHEMBL1907764,COc1cc2c(Nc3ccc(Br)cc3F)ncnc2cc1OC[C@@H]1CCCN(C)C1,5.229937685907934
9542,CHEMBL101253,Clc1ccc(Nc2nnc(Cc3ccncc3)c3ccccc23)cc1,3.146128035678238
9543,CHEMBL517427,COC(=O)C1=C(C#N)NC(C)=C(C(=O)OC(C)C)C1c1cccc([N+](=O)[O-])c1,3.322219294733919
9546,CHEMBL1163879,COc1ccc(C(=O)N2CCC(C(=O)c3ccc(F)cc3)CC2)cc1,4.330413773349191
9547,CHEMBL2064599,COc1ccc(C(=O)Nc2ccccc2)cc1,4.260071387985075
9575,CHEMBL1427458,Cc1ccc(Oc2ccc(C(=O)NCc3ccncc3)cc2)cc1,3.9395192526186187
9587,CHEMBL1323485,COc1ccc(Cl)cc1NC(=O)c1cnccn1,4.079181246047625
9588,CHEMBL2325714,CS(=O)(=O)C1(c2cc(N3CCOCC3)nc(-c3cccc(N)c3)n2)CC1,4.12057393120585
9611,CHEMBL238461,COc1c(C)c2c(c(O)c1C/C=C(\C)CCC(=O)NO)C(=O)OC2,6.0
9617,CHEMBL2010848,CN(C(=O)Cc1ccc(-n2cnnn2)cc1)[C@@H]1CCN(Cc2ccc(C(F)(F)F)cn2)C[C@@H]1F,4.3692158574101425
9618,CHEMBL1940272,CCn1cc(NC(=O)Cc2ccc(Oc3ncnc4cc(OC)c(OC)cc34)cc2)cn1,4.380211241711606
9619,CHEMBL1964629,Nc1nc(Cl)nc(NCc2ccccc2)n1,4.450249108319361
9620,CHEMBL1528627,CN(C)C(=O)c1nnsc1Sc1ccc(Cl)cc1,4.4996870826184034
9623,CHEMBL2086670,C[C@@H]1CN(C(=O)OC(C)(C)C)CCN1c1ncc(OCc2ccc(C#N)cc2)cn1,3.531478917042255
9624,CHEMBL1405,C[C@]12CC[C@@H]3c4ccc(O)cc4CC[C@H]3[C@@H]1CCC2=O,3.5440680443502757
9625,CHEMBL998,CCOC(=O)N1CCC(=C2c3ccc(Cl)cc3CCc3cccnc32)CC1,3.5440680443502757
9626,CHEMBL2086664,C[C@@H]1CN(C(=O)OC(C)(C)C)C[C@H](C)N1c1ncc(OCc2ccc(S(C)(=O)=O)cc2)cn1,3.6127838567197355
9627,CHEMBL1736016,O=C(NC1CCCCC1)C1CCCN(S(=O)(=O)c2cccs2)C1,3.6232492903979003
9633,CHEMBL1547746,CCn1c2ccccc2c2cc(NC(=O)C(C)C)ccc21,3.146128035678238
9634,CHEMBL1375962,Cc1ccnc(NC(c2ccccn2)c2c(C)[nH]c3ccccc23)c1,3.146128035678238
9635,CHEMBL607707,CCOc1cc2ncc(C#N)c(Nc3ccc(F)c(Cl)c3)c2cc1NC(=O)/C=C/CN(C)C,3.1760912590556813
9636,CHEMBL2178393,Nc1nnc(CCSCCc2nnc(NC(=O)Cc3ccccc3)s2)s1,3.1760912590556813
9637,CHEMBL2086663,CC(C)(C)OC(=O)N1CCN(c2ncc(OCc3ccc(S(C)(=O)=O)cc3)cn2)C(C)(C)C1,3.230448921378274
9638,CHEMBL2153174,O=S(=O)(Cc1c(F)cccc1F)N1CCN(c2ncccc2C(F)(F)F)CC1,3.3010299956639813
9639,CHEMBL1533401,O=S(=O)(c1ccc(N2CCC(c3ccc(Cl)cc3)=N2)cc1)N(CCO)CCO,3.342422680822206
9640,CHEMBL165790,CC(C)Oc1ccc2c(=O)c(-c3ccccc3)coc2c1,3.4471580313422194
9641,CHEMBL2086694,C[C@@H]1CN(c2noc(C(F)F)n2)CCN1c1ncc(OCc2ccncc2C#N)cn1,3.4913616938342726
9660,CHEMBL1488010,COc1ccc2[nH]c(=O)c3c(c2c1)OC(C)(C)C=C3,4.940018155007663
9661,CHEMBL84245,CCOC(=O)c1cc2ccccc2[nH]1,4.949877704036875
9662,CHEMBL358325,Cc1sc(N2CCN(C)CC2)nc1CCOc1ccc(C[C@H](Nc2ccccc2C(=O)c2ccccc2)C(=O)O)cc1,4.9898945637187735
9663,CHEMBL2036747,O=C(Nc1nnc(C(=O)Nc2ccc(N3CCOCC3)cc2)o1)c1ccccc1,5.019946681678842
9664,CHEMBL2088093,COCCCc1cc(Nc2nc(NCc3cc(C)no3)ncc2Br)n[nH]1,5.07990446766672
9665,CHEMBL27759,Nc1ccccc1NC(=O)c1ccc(CNC(=O)OCc2cccnc2)cc1,5.100025730107863
9666,CHEMBL1708188,O=C(NCc1ccccc1)c1ccc(=O)oc1,5.130011949671904
9668,CHEMBL223360,Cc1ccc(F)c(NC(=O)Nc2ccc(-c3cccc4[nH]nc(N)c34)cc2)c1,2.7781512503836434
9671,CHEMBL72464,COCCNS(=O)(=O)c1ccc(Nc2ncc(Cl)c(-c3cnc4ccccn34)n2)cc1,2.4771212547196626
9672,CHEMBL208048,COc1cc2ncnc(Nc3cccc(Cl)c3F)c2cc1CN(C(C)C)[C@@H](C)C(N)=O,3.0
9676,CHEMBL91867,CC#CC(=O)Nc1ccc2ncnc(Nc3cccc(Br)c3)c2c1,2.9030899869919438
9677,CHEMBL237830,c1ccc(NCc2ccc(CNc3ccccn3)cc2)nc1,2.9542425094393248
9692,CHEMBL41,CNCCC(Oc1ccc(C(F)(F)F)cc1)c1ccccc1,6.159988050381987
9698,CHEMBL175296,Nc1nc(-c2ccccc2)cs1,5.920018916028915
9705,CHEMBL1360977,COc1ccc(NC(=O)c2ccccn2)cc1,5.830010935936118
9708,CHEMBL104264,O=S(=O)(NCCNC/C=C/c1ccc(Br)cc1)c1cccc2cnccc12,4.790285164033242
9709,CHEMBL2086692,Cc1nc(N2CCN(c3ncc(OCc4ccncc4C#N)cn3)[C@H](C)C2)no1,4.800029359244134
9715,CHEMBL1607077,O=C(NCc1ccncc1)c1ccc(Oc2ccccc2)cc1,4.5301996982030825
9716,CHEMBL259084,O=C(O)c1ccc(Nc2ncc3c(n2)-c2ccc(Cl)cc2C(c2c(F)cccc2F)=NC3)cc1,4.540329474790874
9717,CHEMBL103,CC(=O)[C@H]1CC[C@H]2[C@@H]3CCC4=CC(=O)CC[C@]4(C)[C@H]3CC[C@]12C,4.570542939881897
9734,CHEMBL1796293,N#Cc1ccccc1Oc1ccc(C(=O)NCc2ccncc2)cc1,4.889861721258188
9781,CHEMBL505661,O=C(Nc1ccccc1)Nc1cnns1,5.2499317566341945
9792,CHEMBL841,CN(C)C(=O)C(CCN1CCC(O)(c2ccc(Cl)cc2)CC1)(c1ccccc1)c1ccccc1,3.7481880270062002
9793,CHEMBL1703805,O=C(NCc1ccncc1)c1ccc(OCc2ccccc2)cc1,3.949390006644913
9794,CHEMBL2010852,CN(C(=O)Cc1ccc(S(C)(=O)=O)cc1)[C@@H]1CCN(Cc2nc3ccccc3s2)C[C@@H]1F,3.9590413923210934
9799,CHEMBL580,O=C1Nc2ccc(Cl)cc2C(c2ccccc2Cl)=NC1O,5.2499317566341945
9803,CHEMBL2316349,O=C(CC(c1ccccc1)S(=O)(=O)c1ccccc1)c1ccccc1,3.041392685158225
9807,CHEMBL192894,COc1ccc(-c2c(-c3ccc(O)cc3O)n[nH]c2C)cc1,5.319938439980309
9810,CHEMBL483254,Cc1[nH]c2ccccc2c1CCNCc1ccc(/C=C/C(=O)NO)cc1,6.130011949671904
9872,CHEMBL2163590,CCOc1cccc2c3c([nH]c12)CCN(C(=O)[C@@H]1CCCC[C@H]1C(=O)NC1(C#N)CC1)C3,5.480006942957151
9878,CHEMBL572881,CC1(C)CNc2cc(NC(=O)c3cccnc3NCc3ccncc3)ccc21,4.650307523131937
9879,CHEMBL54,O=C(CCCN1CCC(O)(c2ccc(Cl)cc2)CC1)c1ccc(F)cc1,4.699837725867246
9880,CHEMBL1957266,Cc1sc2c(c1C)C(c1ccc(Cl)cc1)=N[C@@H](CC(=O)OC(C)(C)C)c1nnc(C)n1-2,4.7596678446896306
9888,CHEMBL1289926,CNC(=O)c1ccccc1Sc1ccc2c(/C=C/c3ccccn3)n[nH]c2c1,2.6989700043360187
9889,CHEMBL1306071,COc1ccc(Cl)cc1NC(=O)Nc1cnccn1,2.845098040014257
9906,CHEMBL444810,O=C1NCCc2c1[nH]c1ccccc21,6.099991233544684
9933,CHEMBL102726,c1ccc(CNc2ncnc3ccccc23)cc1,5.0
9934,CHEMBL2171989,N#CCNC(=O)[C@@H]1CCCC[C@H]1C(=O)N1CCN(c2ccc(C#N)cc2)CC1,5.139879086401237
9935,CHEMBL1569048,O=S(=O)(NCc1ccccc1)c1cccc2nonc12,5.150142161848558
9954,CHEMBL1550278,CC(Nc1ncnc2ccccc12)c1ccccc1,5.089905111439398
9988,CHEMBL201307,COc1cc2c(Nc3ncc(CC(=O)Nc4cccc(F)c4)s3)ncnc2cc1OCCCN1CCC(CO)CC1,4.429752280002408
9989,CHEMBL104505,N=C(N)c1ccc2cc(C(=O)Nc3ccccc3)cc(Nc3ncccn3)c2c1,4.450249108319361
9990,CHEMBL1442864,Cc1cc2c(C)cc(=O)oc2c2c1NCCC2,4.489958479424835
9991,CHEMBL1829174,Cc1cc(OCCCS(C)(=O)=O)cc(C)c1-c1cccc(COc2ccc3c(c2)OC[C@H]3CC(=O)O)c1,4.710117365111817
9992,CHEMBL1299619,CSCc1cc(N2CCOCC2)nc(-c2ccccc2)n1,4.740362689494244
9993,CHEMBL587723,CCN1CCN(Cc2ccc(-c3cc4c(N[C@H](C)c5ccccc5)ncnc4[nH]3)cc2)CC1,4.770115294787102
9994,CHEMBL1507844,CC1(C)C=Cc2c(O)nc3ccccc3c2O1,4.8299466959416355
9995,CHEMBL399002,CC(C)CCn1c(Cn2c(=O)n(C3CC3)c(=O)c3ccccc32)nc2cc(CN)ccc21,4.850033257689769
10004,CHEMBL1374274,O=C(Nc1ccccc1)c1cc(-n2cnnc2)ccc1Cl,5.610021024664145
10024,CHEMBL275339,Oc1ccc(-n2ccnc2)cc1,6.099991233544684
10025,CHEMBL3145143,Cc1ccc(SCc2cc(=O)n(C)[nH]2)cc1,6.180011119057718
10032,CHEMBL288441,COc1cc(Nc2c(C#N)cnc3cc(OCCCN4CCN(C)CC4)c(OC)cc23)c(Cl)cc1Cl,3.690196080028514
10067,CHEMBL395955,NC(=O)CN1C(=O)C(NC(=O)c2cc3cc(Cl)sc3[nH]2)Cc2ccccc21,3.716003343634799
10108,CHEMBL2023475,CCn1cc(NC(=O)Cc2ccc(Oc3ccnc4ccc(F)cc34)cc2OC)cn1,4.301029995663981
10167,CHEMBL1328781,Cc1ccccc1C(=O)Nc1ccccc1,5.269979676645324
10173,CHEMBL2011441,COc1nc(Br)cnc1NS(=O)(=O)c1ccc(Cl)s1,5.9500239065233265
10174,CHEMBL2070944,Cc1sc(N2CCN(C(=O)[C@@H]3CCCC[C@H]3C(=O)NC3(C#N)CC3)CC2)nc1C(F)(F)F,6.029992175377847
10183,CHEMBL467399,COc1c(C)cnc(Cn2cnc3c(Cl)nc(N)nc32)c1C,5.00987563371216
10188,CHEMBL2018969,COc1cccc2c1c(NS(=O)(=O)c1ccc(Cl)s1)nn2Cc1cccc(CNC(=O)C(C)(C)O)c1,4.910090545594068
10189,CHEMBL2031220,Cc1ccc(NC(=O)c2ccnc(N3CCOCC3)c2)cc1-n1c(C)nc2ccc(N3CCN(C)CC3)cc2c1=O,5.929980590515514
10193,CHEMBL2035022,NC(=O)c1ccn2c(-c3ccccc3)c(-c3ccc(C4(N)CCC4)cc3)nc2c1,5.049992856920142
10194,CHEMBL1706173,COc1cc(C(=O)NC2CCN(C)CC2)ccc1Nc1ncc2c(n1)N(C1CCCCC1)CCC(=O)N2C,5.139879086401237
10234,CHEMBL97771,COc1cc2ncnc(Nc3ccc(Oc4ccccc4)cc3)c2cc1OC,2.4771212547196626
10242,CHEMBL379738,O=C(CS(=O)(=O)c1ccccc1)c1ccccc1,5.369957607346053
10248,CHEMBL370252,CC1CCc2cc(F)cc3c(=O)c(C(=O)O)cn1c23,5.889973638403996
10273,CHEMBL2178940,Cc1nc(C)c(-c2ccc([C@H]3CC[C@H](Cc4nnn[nH]4)CC3)cc2)nc1C(N)=O,5.4300750555519395
10274,CHEMBL2164683,N#CC1(NC(=O)[C@@H]2CCCC[C@H]2C(=O)N2CCc3[nH]c4c(F)cccc4c3C2)CC1,5.679972694277419
10275,CHEMBL1967560,CCN1C(=O)N(C)c2cnc(Nc3ccc(C(=O)NC4CCN(C)CC4)cc3OC)nc2N1C1CCCC1,5.780029127337339
10276,CHEMBL1498163,Cc1ccc2c(c1)-c1ccccc1S(=O)(=O)N2,5.800029359244134
10277,CHEMBL1778373,COC[C@H](C)Oc1cc(Oc2cc(F)cc(F)c2)cc(C(=O)Nc2ccc(C(=O)O)cn2)c1,5.920018916028915
10293,CHEMBL22586,O=C(O)c1nc2cc(Cl)ccc2[nH]1,4.680335513414564
10295,CHEMBL1867535,O=C1CSc2cc(Cl)ccc2N1,4.780317312140151
10296,CHEMBL190677,O=C(c1ccccc1)C(O)c1ccccc1,4.810232517995084
10317,CHEMBL2010847,CO[C@H]1CN(Cc2ccc(C(F)(F)F)cc2)CC[C@H]1N(C)C(=O)Cc1ccc(-n2cnnn2)cc1,5.419955748489758
10319,CHEMBL299763,COc1cc(OC)cc(-c2cc3cnc(N)nc3nc2NC(=O)NC(C)(C)C)c1,2.6020599913279625
10320,CHEMBL2086669,C[C@@H]1CN(C(=O)OC(C)(C)C)CCN1c1ncc(OCc2ccc(S(=O)(=O)N(C)C)cc2)cn1,2.6989700043360187
10326,CHEMBL1576801,Cc1ccc(C(=O)C2CCN(C(=O)c3ccc(C)cc3)CC2)cc1,3.6720978579357175
10331,CHEMBL258177,CC(C)N1CCN(Cc2cnc(-c3ccc(C(=O)Nc4ccccc4N)cc3)c(C#N)c2)CC1,6.130011949671904
10332,CHEMBL205627,COC[C@H](C)Oc1cc(O[C@@H](C)Cc2ccccc2)cc(C(=O)Nc2ccc(C(=O)O)cn2)c1,6.16999753706657
10398,CHEMBL1371,O=c1[nH]c2cc(Cl)ccc2o1,6.16999753706657
10425,CHEMBL2325622,CN1CC(n2nccc2-c2cc(Cl)ccc2Oc2cc(F)c(S(=O)(=O)Nc3ncns3)cc2F)C1,4.680335513414564
10426,CHEMBL75094,CC1(C)SCCN(S(=O)(=O)c2ccc(Oc3ccncc3)cc2)[C@H]1C(=O)NO,4.8401060944567575
10431,CHEMBL1338338,O=C(c1ccc(F)cc1)C1CCN(C(=O)N2CCOCC2)CC1,6.0600175425316
10432,CHEMBL1475400,Oc1cc(OCc2ccccc2)ccn1,6.090011024007147
10461,CHEMBL378370,COc1cc2ncnc(Nc3cccc(Cl)c3F)c2cc1CN(C)C1CCNC1=O,4.949877704036875
10462,CHEMBL1471078,O=C(c1ccccc1)N1CCc2ccccc21,4.9599948383284165
10463,CHEMBL1681882,CCNC(=O)c1cnc(N2CCN(C3CCN(Cc4ccc(Cl)cc4F)CC3)[C@@H](CC)C2)c(Cl)c1,4.9599948383284165
10464,CHEMBL564131,Cn1nc(C(C)(C)C)cc1C(=O)N[C@@H](Cc1cccc(Cl)c1)C(=O)NCC#N,4.9698816437465
10465,CHEMBL1704514,CC(C(=O)N1CCc2ccccc2C1)N1C(=O)c2ccccc2C1=O,5.109915863023793
10474,CHEMBL294878,O=c1cc(-c2ccc(O)cc2)oc2cc(O)ccc12,3.361727836017593
10477,CHEMBL1574150,O=C(NC1CCCC1)C(c1ccncc1)N(Cc1ccco1)C(=O)c1ccc(-c2ccccc2)[nH]1,3.5440680443502757
10500,CHEMBL395733,O=C(NC1Cc2ccccc2N(CCO)C1=O)c1cc2sc(Cl)c(Cl)c2[nH]1,3.041392685158225
10555,CHEMBL1809052,COc1cc(OC2CNC2)ccc1Nc1ncc(Cl)c(-c2cnc3ccccn23)n1,4.910090545594068
10564,CHEMBL373339,CC(C)Oc1cc(OCCc2ccsc2)cc(C(=O)Nc2ccc(C(=O)O)cn2)c1,4.5301996982030825
10565,CHEMBL270995,Cc1cc2c(F)c(Oc3ncnn4cc(OC[C@@H](C)OC(=O)[C@H](C)N)c(C)c34)ccc2[nH]1,4.570542939881897
10581,CHEMBL1441042,Cc1cnc(NC(=O)c2ccccn2)s1,5.299942900022767
10582,CHEMBL1900948,Oc1ncnc2c1nnn2Cc1ccccc1,5.319938439980309
10583,CHEMBL1824375,O=C(Nc1cccc(O)c1)c1ccc(OCCCN2CCCC2)cc1OCc1cccnc1,5.340047317661393
10584,CHEMBL452,O=C1CN=C(c2ccccc2Cl)c2cc([N+](=O)[O-])ccc2N1,5.380030247967831
10585,CHEMBL601719,C[C@@H](Oc1cc(-c2cnn(C3CCNCC3)c2)cnc1N)c1c(Cl)ccc(F)c1Cl,5.409933123331294
10604,CHEMBL2163586,N#CC1(NC(=O)[C@@H]2CCCC[C@H]2C(=O)N2CCc3[nH]c4c(C(F)(F)F)cccc4c3C2)CC1,5.159867847092567
10612,CHEMBL2164674,N#CCNC(=O)[C@@H]1CCCC[C@H]1C(=O)N1CCc2ccccc2C1,5.560026248912893
10613,CHEMBL588001,CC1(C)N=C(N)N=C(N)N1c1ccc(Oc2ccc(Cl)cc2)c(Cl)c1,5.569958818096594
10615,CHEMBL71,CN(C)CCCN1c2ccccc2Sc2ccc(Cl)cc21,5.610021024664145
10617,CHEMBL89363,Cc1c[nH]c(/C=C2\C(=O)Nc3ccccc32)c1CCC(=O)O,5.650015952471839
10619,CHEMBL2030799,CNc1cccc(CCOc2ccc(C[C@H](NC(=O)c3ccc(F)cc3Cl)C(=O)O)cc2)n1,5.6699673699085045
10621,CHEMBL2177167,CCN(CCN(C)C)S(=O)(=O)c1ccc(-c2cnc(N)c(C(=O)Nc3cccnc3)n2)cc1,5.690018780788695
10623,CHEMBL2177605,O=C(O)c1ccc(-n2ncc(C(=O)NC3C4CC5CC(C4)CC3C5)c2C2CCC2)cc1,5.700011062322113
10625,CHEMBL264666,c1nc(N2CCCCC2)c2nc[nH]c2n1,5.700011062322113
10677,CHEMBL268313,CC12CCC(=O)C=C1CCC1C2CCC2(C)C(O)CCC12,4.60959440922522
10724,CHEMBL179242,O=c1cc(N2CCOCC2)nc2c3ccccc3ccn12,4.650307523131937
10725,CHEMBL1163721,COc1cccc(C(=O)N2CCC(C(=O)c3ccc(F)cc3)CC2)c1,4.770115294787102
10726,CHEMBL1164374,O=C(c1ccc(F)cc1)C1CCN(C(=O)c2ccc(F)cc2)CC1,4.489958479424835
10734,CHEMBL2140153,O=c1oc(-c2ccccc2)cc2ccccc12,4.060697840353612
10750,CHEMBL1796289,O=C(NCc1ccncc1)c1ccc(-c2ccccc2)cc1,4.02938377768521
10751,CHEMBL1270279,Clc1n[nH]c2cccc(Nc3ccnc(Nc4cc(N5CCOCC5)cc(N5CCOCC5)c4)n3)c12,3.7075701760979363
10753,CHEMBL760,O=C1CN2Cc3c(ccc(Cl)c3Cl)N=C2N1,3.7323937598229686
10762,CHEMBL372052,C[C@@H](C(=O)O)c1cccc(C(=O)c2ccccc2)c1,5.489958479424835
10779,CHEMBL2010832,CN(C(=O)Cc1ccc(S(C)(=O)=O)cc1F)C1CCN(Cc2ccc(C(F)(F)F)cc2)CC1,4.869818207979328
10780,CHEMBL2178369,Cc1nc(C)c(-c2ccc3c(c2)CC[C@]32CC[C@@H](Cc3nnn[nH]3)CC2)nc1C(N)=O,4.889861721258188
10783,CHEMBL1498930,O=C(c1ccccc1)C1CCN(C(=O)c2cccs2)CC1,4.899820502427096
10788,CHEMBL2023117,CCn1cc(NC(=O)Cc2ccc(Oc3ccnc4cc(OC)c(OC)cc34)cc2OC)cn1,4.359835482339888
10839,CHEMBL62746,N=C(N)c1ccc(C(=O)N2CCN(S(=O)(=O)c3ccc4cc(Br)ccc4c3)CC2)cc1,4.599883072073688
10840,CHEMBL1270772,CS(=O)(=O)c1cccc(Nc2nccc(Nc3cccc4c3OCC4)n2)c1,4.650307523131937
10841,CHEMBL514690,Cc1ncc(-c2ccnc(Nc3ccc(N4CCOCC4)cc3)n2)n1C(C)C,4.749736315569061
10842,CHEMBL1240967,CC(C)(Cc1cccc(CC(=O)NCc2cccc(-c3ccc(O)cc3)c2)c1)NC[C@H](O)c1ccc(O)c(NS(C)(=O)=O)c1,4.7596678446896306
10843,CHEMBL430854,CN(C)CC(O)COc1ccc(Nc2nccc(Nc3ccc(Cl)cc3)n2)cc1,4.800029359244134
10844,CHEMBL487066,Cc1ncc(-c2ccnc(Nc3ccc(C(=O)NC4CC4)cc3)n2)n1C(C)C,4.850033257689769
10845,CHEMBL369360,COc1cc2c(Nc3c(Cl)ccc4c3OCO4)ncnc2cc1OCCCN1CCOCC1,4.850033257689769
10846,CHEMBL2135534,CCC(=C(CC)c1ccc(O)cc1)c1ccc(O)cc1,4.399673721481038
10847,CHEMBL488256,CNC(=O)c1ccc(Nc2nccc(-c3cnc(C)n3CC3CC3)n2)cc1,4.419955748489758
10848,CHEMBL398648,Cc1cc(C)cc(-c2[nH]c3sc(C(C)(C)C(=O)N4C5CCC4CC5)cc3c2C(=O)CN2CCC(C(=O)N3CCOCC3)CC2)c1,4.859738566197147
10851,CHEMBL235851,COc1cc2ncnc(Nc3ccc(Cl)c(O)c3)c2cc1OC,3.146128035678238
10867,CHEMBL1566485,Oc1ncnc2c1cnn2Cc1ccccc1,5.20002926655377
10868,CHEMBL2069423,COc1ncc(-c2cccc3c2C[C@H](NC(=O)c2ccc(COCC(F)(F)F)nc2)CO3)cn1,5.20002926655377
10869,CHEMBL1643199,Cc1cc(CN2CCc3ccccc3C2C(=O)Nc2ccc(Cl)cc2Cl)ccc1OCC(=O)O,5.220108088040055
10870,CHEMBL301928,COc1cc(C(=O)O)ccc1Cc1cn(C)c2ccc(NC(=O)CC3CCCC3)cc12,5.269979676645324
10873,CHEMBL2325990,CC(NC(=O)C1(N)CCN(c2ncnc3[nH]ccc23)CC1)c1ccc(S(C)(=O)=O)cc1,5.3600250891893975
10875,CHEMBL1381989,CC1(C)CNC(=O)c2sc(N3CCOCC3)nc2C1,5.400019635065158
10888,CHEMBL207584,COc1cc2ncnc(Nc3cccc(Cl)c3F)c2cc1CN1CCC[C@H]1C(N)=O,5.409933123331294
10889,CHEMBL2035040,NC(=O)c1cnc(-c2ccc(C3(N)CCC3)cc2)c(-c2ccccc2)c1,5.419955748489758
10899,CHEMBL432628,CC(C)n1c2ccc(F)cc2c2cc(NC(=O)N3CCOCC3)ccc21,4.540329474790874
10905,CHEMBL1940118,COc1cc2ncnc(Oc3ccc(CC(=O)Nc4ccc(N(C)C)cn4)cc3)c2cc1OC,3.2041199826559246
10906,CHEMBL1423878,Oc1ncnc2c1c(-c1ccccc1)cn2-c1ccc(Br)cc1,3.2041199826559246
10907,CHEMBL1645495,O=c1cc(-c2cccnc2)[nH]c2cc(Cc3ccccc3)ccc12,3.230448921378274
10908,CHEMBL2023494,COc1ccc2c(Oc3ccc(CC(=O)Nc4cc(C)cc(CN(C)C)c4)c(OC)c3)ccnc2c1,3.255272505103306
10909,CHEMBL2023487,COc1cc(Oc2ncnc3cc(OC)c(OC)cc23)ccc1CC(=O)Nc1cn(C)nc1C,3.255272505103306
10910,CHEMBL1809044,COc1cc(N2CCN(C(C)=O)CC2)ccc1Nc1ncc(Cl)c(-c2cnc3ccccn23)n1,3.278753600952829
10911,CHEMBL452824,CCOC(=O)C1CCN(c2ncnc(Oc3ccc(CCC(C)=O)cc3)c2[N+](=O)[O-])CC1,3.278753600952829
10912,CHEMBL1528704,CCN(CC)c1ncnc2c1ncn2Cc1c(Cl)cccc1Cl,3.361727836017593
10913,CHEMBL119247,CCn1c2ccccc2c2cc(NC(=O)N3CCOCC3)ccc21,3.462397997898956
10914,CHEMBL255968,C[C@H](Oc1cccc2ncnc(Nc3ccc(OCc4ccccn4)c(Cl)c3)c12)C(=O)N(C)C,3.462397997898956
10915,CHEMBL2325695,COc1cc(-c2nc(N3CCOCC3)cc(C3(S(C)(=O)=O)CC3)n2)c2cc[nH]c2c1,3.4913616938342726
10916,CHEMBL1669160,CC(C)COc1cc(-c2cccc3c(=O)cc(N4CCOCC4)oc23)ccc1NC(=O)CN1CCOCC1,3.5440680443502757
10917,CHEMBL419951,CC(C)n1c2ccccc2c2cc(NC(=O)N3CCOCC3)ccc21,3.57978359661681
10918,CHEMBL448474,CC(=O)OCCn1c(Sc2nc3cccc(Cl)c3s2)nc2c(N)ncnc21,3.6020599913279625
10919,CHEMBL255376,OC1CCN(CCOc2n[nH]c3ncnc(Nc4ccc(OCc5cccc(F)c5)c(Cl)c4)c23)CC1,3.6532125137753435
10929,CHEMBL1586531,O=C(/C=C/Sc1nc[nH]n1)c1ccc(Cl)cc1,4.550228353055094
10954,CHEMBL1165469,O=C(c1ccc(F)cc1)C1CCN(C(=O)c2ccc(F)c(F)c2)CC1,4.359835482339888
10970,CHEMBL2177601,Cc1c(C(=O)NC2C3CC4CC(C3)CC2C4)cnn1-c1ccc(C(=O)O)cc1,6.080012847107928
10980,CHEMBL232829,CNC(=O)CN1C(=O)C(NC(=O)c2cc3cc(Cl)sc3[nH]2)Cc2ccccc21,3.7323937598229686
11009,CHEMBL319467,NS(=O)(=O)c1ccc(Nc2nc(OCC3CCCCC3)c3nc[nH]c3n2)cc1,3.7634279935629373
11027,CHEMBL461431,CCOC(=O)c1nn(-c2ccccc2)c(=O)c2c(N)scc12,3.792391689498254
11028,CHEMBL1945883,O=C(Nc1ccccc1)c1ccc2cccc(O)c2n1,3.8195439355418688
11029,CHEMBL1456842,CCN1N=C(c2ccccc2)Cn2c1nc1ccccc12,3.838849090737255
11030,CHEMBL2023484,CCc1c[nH]nc1NC(=O)Cc1ccc(Oc2ccnc3cc(OC)ccc23)cc1OC,3.8692317197309762
11031,CHEMBL284536,CCc1cc(OCc2ccc(-c3ccccc3-c3nn[nH]n3)cc2)c2ccccc2n1,3.8920946026904804
11032,CHEMBL397237,C[C@H](CO)Nc1nc(SCc2cccc(F)c2F)nc2nc(N)sc12,3.90848501887865
11033,CHEMBL81,O=C(c1ccc(OCCN2CCCCC2)cc1)c1c(-c2ccc(O)cc2)sc2cc(O)ccc12,3.9590413923210934
11034,CHEMBL2030436,CS(=O)(=O)Cc1cc(N2CCOCC2)nc(-c2ccc3[nH]ccc3c2)n1,3.9684829485539352
11035,CHEMBL289228,Cn1cncc1[C@@](N)(c1ccc(Cl)cc1)c1ccc2c(c1)c(-c1cccc(Cl)c1)cc(=O)n2C,3.9777236052888476
11036,CHEMBL382590,COc1cc2ncnc(Nc3ccc(NC(=O)c4ccccc4)cc3)c2cc1OC,4.0
11051,CHEMBL2,COc1cc2nc(N3CCN(C(=O)c4ccco4)CC3)nc(N)c2cc1OC,4.1702617153949575
11052,CHEMBL192,CCCc1nn(C)c2c(=O)[nH]c(-c3cc(S(=O)(=O)N4CCN(C)CC4)ccc3OCC)nc12,4.301029995663981
11053,CHEMBL2325738,NC1(C(=O)NC(CCO)c2ccc(Cl)cc2)CCN(c2ncnc3[nH]ccc23)CC1,4.309630167425898
11054,CHEMBL1230122,Cn1c(=O)c(Oc2ccc(F)cc2F)cc2cnc(NC3CCOCC3)nc21,4.309630167425898
11062,CHEMBL2346967,N#Cc1ccc(CN2CCN(c3ccc4nnc(C(F)(F)F)n4n3)CC2)cc1,4.060697840353612
11063,CHEMBL2086682,CC(C)(C)OC(=O)N1CCN(c2ncc(OCc3c(F)cncc3F)cn2)CC1,4.060697840353612
11077,CHEMBL19224,COc1ccc(Cc2nccc3cc(OC)c(OC)cc23)cc1OC,4.57978359661681
11078,CHEMBL1762545,COc1cc(Nc2nccc(N(C)c3cc(CO)ccc3C)n2)cc(N2CCOCC2)c1,4.749736315569061
11079,CHEMBL2147317,COc1cnc(-c2cccc(F)c2C(F)(F)CNC(=O)c2ccc(COCC(F)(F)F)nc2)cn1,4.770115294787102
11082,CHEMBL445102,OC1(c2ccc(Cl)cc2)CCN(Cc2c[nH]c3ccccc23)CC1,5.749968083509403
11085,CHEMBL828,c1ccc2c(c1)Nc1ccccc1S2,3.462397997898956
11086,CHEMBL2336318,COc1ccc(-c2ccc3c(N4CCOC[C@@H]4C)nc(-n4ccnc4)nc3n2)cc1CO,4.419955748489758
11090,CHEMBL1078983,COc1ccc(-c2ccc3c(N4CCOCC4)nc(N4C[C@@H](C)O[C@@H](C)C4)nc3n2)cc1CO,3.3979400086720375
11096,CHEMBL1456,COc1c(C)c2c(c(O)c1C/C=C(\C)CCC(=O)OCCN1CCOCC1)C(=O)OC2,4.940018155007663
11097,CHEMBL1213118,CN1CCN(c2nc3ccccc3cc2Cn2nc(-c3ccc4nc(N)sc4c3)c3c(N)ncnc32)CC1,5.0
11104,CHEMBL1170,CCC(=O)O[C@H]1CC[C@H]2[C@@H]3CCC4=CC(=O)CC[C@]4(C)[C@H]3CC[C@]12C,3.3010299956639813
11115,CHEMBL385479,COc1cc2ncnc(Nc3cccc(Cl)c3F)c2cc1OCCCN1CCOCC1,4.899820502427096
11182,CHEMBL406,CC1Cc2ccccc2N1NC(=O)c1ccc(Cl)c(S(N)(=O)=O)c1,5.1801258751640535
11193,CHEMBL1762549,COCCN(c1ccnc(Nc2cc(N3CCOCC3)cc(N3CCOCC3)c2)n1)c1cc(CO)ccc1C,5.480006942957151
11194,CHEMBL2030964,CNc1cccc(CCCc2ccc(C[C@H](NC(=O)c3c(Cl)cccc3Cl)C(=O)O)s2)n1,5.5199591807520685
11195,CHEMBL275224,c1ccc2c(c1)[nH]c1cnccc12,5.529943401658669
11196,CHEMBL2315158,CCCCNc1nc(N)c2[nH]c(=O)n(Cc3ccc(OCCN(C)C)nc3)c2n1,5.610021024664145
11203,CHEMBL2031160,O=C(N[C@@H](Cc1ccc(OCCc2ccc3c(n2)NCCC3)cc1)C(=O)O)c1c(Cl)cccc1Cl,5.030194785356751
11204,CHEMBL1544597,COc1ccc(C(=O)Nc2nccs2)cc1OC,5.119915410257991
11215,CHEMBL1831078,NC(=O)Nc1cc(-c2ccsc2)sc1C(N)=O,4.9599948383284165
11229,CHEMBL426161,COc1ccc(Cl)c(Nc2ncnc3cc(OCC4CCN(C)CC4)c(OC)cc23)c1,5.510008512940234
11230,CHEMBL198752,COc1ccc(Cl)c(Nc2ncnc3cc(OCCCN4CCN(C)CC4)cc(OC(C)C)c23)n1,5.539953841656397
11231,CHEMBL1454596,CCOC(=O)Cc1csc(NS(=O)(=O)c2ccc(Cl)cc2)n1,5.6200318951262975
11232,CHEMBL93,CC(c1cc2ccccc2s1)N(O)C(N)=O,5.639984248041588
11238,CHEMBL402548,CO[C@@H](C(=O)N1Cc2[nH]nc(NC(=O)c3ccc(N4CCN(C)CC4)cc3)c2C1)c1ccccc1,5.290034611362518
11239,CHEMBL61835,CS(=O)(=O)c1ccc(C(=O)Nc2ccc(F)cc2)c[n+]1[O-],5.340047317661393
11247,CHEMBL1513,CCCCC1=NC2(CCCC2)C(=O)N1Cc1ccc(-c2ccccc2-c2nnn[nH]2)cc1,5.9500239065233265
11263,CHEMBL486232,CC(C)C[C@H](NC(=O)N1CCOCC1)C(=O)N[C@H](/C=C/S(=O)(=O)c1ccccc1)CCc1ccccc1,4.230448921378274
11264,CHEMBL1088751,CNC(=O)c1ccc(C)c(-n2c(C)cc(OCc3ccc(F)cc3F)c(Br)c2=O)c1,4.330413773349191
11284,CHEMBL33899,CC/C(=C(\c1ccccc1)c1ccc(/C=C/C(=O)O)cc1)c1ccccc1,3.5185139398778875
11285,CHEMBL121,CN(CCOc1ccc(CC2SC(=O)NC2=O)cc1)c1ccccn1,4.450249108319361
11286,CHEMBL1571801,Nc1nc(-c2ccccn2)nc(N)c1Cc1ccccc1F,5.229937685907934
11287,CHEMBL266094,Nc1ncnc2c1ncn2Cc1ccccc1,5.390051496458987
11289,CHEMBL2325726,CNC(=O)c1cc(-c2nc(N3CCOCC3)cc(C3(S(C)(=O)=O)CC3)n2)c2cc[nH]c2c1,4.670245853074124
11290,CHEMBL113142,Nc1nc(NCCc2ccc(O)cc2)nc2nc(-c3ccco3)nn12,4.720159303405957
11317,CHEMBL1762531,CN(c1ccc(Cl)c(CO)c1)c1ccnc(Nc2cc(N3CCOCC3)cc(N3CCOCC3)c2)n1,3.4913616938342726
11319,CHEMBL1501191,COc1ccc(C(=O)Nc2ccc(N3CCCC3)cc2)cc1OC,3.0791812460476247
11320,CHEMBL1384167,Cc1ccccc1Oc1cc(-n2ncc(Cl)c(Cl)c2=O)ncn1,3.0
11331,CHEMBL2086665,C[C@@H]1CN(c2ncc(OCc3ccc(S(C)(=O)=O)cc3)cn2)[C@@H](C)CN1C(=O)OC(C)(C)C,2.9542425094393248
11334,CHEMBL16223,Cc1ccc2nc(-c3ccccc3)cc(O)c2c1,4.359835482339888
11339,CHEMBL16,O=C1NC(=O)C(c2ccccc2)(c2ccccc2)N1,4.899820502427096
11343,CHEMBL2335885,COCCC(=O)N(C)c1ccc(Nc2ncc3cc(-c4ccncc4)ccc3n2)cc1,4.320146286111054
11346,CHEMBL209689,Cc1ccc2c(c1)c(-c1ccnc3c(C)cccc13)c(C)n2CC(=O)O,5.279894980011638
11371,CHEMBL1809191,CC(=O)N1CCN(c2ccc(Nc3nccc(-c4cnc5ccccn45)n3)cc2)CC1,3.929418925714293
11372,CHEMBL2023489,COc1ccc2c(Oc3ccc(CC(=O)Nc4cn(C)nc4C)c(OC)c3)ccnc2c1,4.02938377768521
11390,CHEMBL1762529,COc1cc(CO)cc(N(C)c2ccnc(Nc3cc(N4CCOCC4)cc(N4CCOCC4)c3)n2)c1,5.290034611362518
11405,CHEMBL570015,COc1cccc(Nc2c(C(N)=O)cnc3c(C)cc(S(=O)(=O)c4cccc(C(=O)N(C)C)c4)cc23)c1,3.041392685158225
11425,CHEMBL458997,CNC(=O)c1ccccc1Nc1nc(Nc2ccc(N3CCOCC3)cc2OC)ncc1Cl,2.6020599913279625
11426,CHEMBL522892,CN1CCN(c2ccc3nc(-c4c(N)c5c(F)cccc5[nH]c4=O)[nH]c3c2)CC1,3.9190780923760737
11430,CHEMBL1783734,CS(=O)(=O)c1ccc([C@@H](C[C@H]2CCC(=O)C2)C(=O)Nc2cnccn2)cc1Cl,6.0600175425316
11462,CHEMBL2086687,C[C@@H]1CN(C(=O)OCC(F)(F)F)CCN1c1ncc(OCc2ccncc2C#N)cn1,4.359835482339888
11472,CHEMBL2153189,CCCSc1nc(N2CCC(C(=O)O)CC2)ccc1C(=O)NC1CCCCC1,5.489958479424835
11473,CHEMBL473,CN(CCOc1ccc(NS(C)(=O)=O)cc1)CCc1ccc(NS(C)(=O)=O)cc1,5.63002085111341
11475,CHEMBL2334971,Cc1ccc2nc(C)c(-c3ccnc(N)n3)n2c1,5.660011221289331
11516,CHEMBL235191,CC(=O)Nc1ccc(C(=O)Nc2ccccc2N)cc1,5.800029359244134
11517,CHEMBL2334590,Cc1nc2ccc(Cl)cn2c1-c1ccnc(N)n1,5.880012838366771
11525,CHEMBL468,O=C1CCC(N2C(=O)c3ccccc3C2=O)C(=O)N1,5.190051417759206
11529,CHEMBL1054,NS(=O)(=O)c1cc2c(cc1Cl)NC(C(Cl)Cl)NS2(=O)=O,5.839980557678342
11538,CHEMBL1886726,CC1CN(C(=O)c2ccccc2)c2ccccc2NC1=O,6.080012847107928
11548,CHEMBL406381,CCCNC(=O)Nc1ccc(Oc2ncnc3cc(OC)c(OC)cc23)cc1Cl,2.3010299956639813
11557,CHEMBL306380,Cc1ccc(-c2nn(C(C)(C)C)c3ncnc(N)c23)cc1,3.9912260756924947
11559,CHEMBL63560,C[C@](O)(CS(=O)(=O)c1ccc(F)cc1)C(=O)Nc1ccc(C#N)c(C(F)(F)F)c1,4.008600171761918
11560,CHEMBL193,COC(=O)C1=C(C)NC(C)=C(C(=O)OC)C1c1ccccc1[N+](=O)[O-],4.320146286111054
11601,CHEMBL513909,CC[C@@H]1C(=O)N(C)c2cnc(Nc3ccc(C(=O)NC4CCN(C)CC4)cc3OC)nc2N1C1CCCC1,4.439332693830263
11602,CHEMBL107367,Cc1oc(-c2ccccc2)nc1CCOc1ccc(C[C@H](Nc2ccccc2C(=O)c2ccccc2)C(=O)O)cc1,4.550228353055094
11603,CHEMBL414139,COc1cc2c(Nc3ccc(Oc4ccccc4)cc3)c(C#N)cnc2cc1OCCCN1CCOCC1,2.9542425094393248
11604,CHEMBL535,CCN(CC)CCNC(=O)c1c(C)[nH]c(/C=C2\C(=O)Nc3ccc(F)cc32)c1C,4.57978359661681
11606,CHEMBL277499,Oc1cc(-c2ccccc2)nc2c(O)cccc12,4.620136054973758
11608,CHEMBL1307677,CC(=O)c1noc(C)c1C(=O)Nc1nccs1,4.670245853074124
11613,CHEMBL1957366,N#Cc1c(-c2ccc(-c3ccccc3OC(F)(F)F)cc2)nc2ccncc2c1O,3.5185139398778875
11624,CHEMBL300138,Cn1cc(C2=C(c3cn(C4CCN(Cc5ccccn5)CC4)c4ccccc34)C(=O)NC2=O)c2ccccc21,2.9030899869919438
11634,CHEMBL378730,Cc1ccc2c(c1)c(-c1ccnc3c(Cl)cccc13)c(C)n2CC(=O)O,6.120014252078067
11635,CHEMBL2030808,CNc1cccc(CCOc2ccc(C[C@H](NC(=O)c3c(Cl)cncc3Cl)C(=O)O)cc2)n1,6.130011949671904
11642,CHEMBL435,NS(=O)(=O)c1cc2c(cc1Cl)NCNS2(=O)=O,5.869994000121742
11646,CHEMBL1940107,COc1cc2ncnc(Oc3cnn(CC(=O)Nc4ccc(N(C)C)cn4)c3)c2cc1OC,3.8195439355418688
11662,CHEMBL472,COc1ccc(Cl)cc1C(=O)NCCc1ccc(S(=O)(=O)NC(=O)NC2CCCCC2)cc1,4.021189299069938
11663,CHEMBL1940273,CCn1cc(NC(=O)Cc2ccc(Oc3ccnc4cc(OC)c(OC)cc34)cc2)cn1,4.02938377768521
11664,CHEMBL2105728,CC1(COc2ccc3c(c2)ncn3-c2ccc3cccc(N4CCC(N)CC4)c3n2)COC1,3.7075701760979363
