,Molecule ChEMBL ID,Smiles,Standard Value
2,CHEMBL1917435,CNC(=O)c1cccc2c1c(Sc1ccc(Cl)cc1)c(C)n2CC(=O)O,-0.89
3,CHEMBL1535688,Cc1ccc(OCC(=O)O)c(-n2nc3ccccc3n2)c1,-0.84
4,CHEMBL2326864,CC(=O)Nc1nc(CCc2ccc(NC(=N)N)cc2)cs1,-0.82
5,CHEMBL1201212,COc1ccc(OC)c(C(O)CNC(=O)CN)c1,-0.71
6,CHEMBL2088121,COc1c(N2CCO[C@@H](CN(C)C)C2)c(F)cc2c(=O)c(C(=O)O)cn(C3CC3)c12,-0.62
7,CHEMBL435859,OB1c2ccccc2N=C(S)N1c1cccnc1,-0.62
8,CHEMBL1917459,CCS(=O)(=O)Nc1cccc2c1c(Oc1ccc(Cl)cc1)c(C)n2CC(=O)O,-0.29
9,CHEMBL1604571,CCOC(=O)C(CCc1ccccc1)NC1CCc2ccccc2N(CC(=O)O)C1=O,-0.2
10,CHEMBL2023265,O=C(O)CSCC(=O)Nc1nc(-c2ccc(F)cc2)cs1,-0.2
11,CHEMBL1374738,O=C1OCCN1N=Cc1ccc([N+](=O)[O-])o1,-0.12
12,CHEMBL2147475,COc1cc(-n2cnc3cc(-c4ccc(Cl)cc4)sc3c2=O)ccc1OC[C@H](OP(=O)(O)O)C1CC1,-0.04
13,CHEMBL1778628,N#Cc1cccc(-c2cc(C(F)(F)F)ccc2OCC(=O)O)c1,0.05
19,CHEMBL1081627,N#Cc1ccc(-c2csc(Nc3ccc(O)cc3)n2)cc1,4.1
20,CHEMBL162203,Cc1cccc(-c2nc3cc(Cl)ccc3[nH]2)n1,4.1
22,CHEMBL1199945,COCC(=O)N1CCC(n2cc(-c3cnc(N)c(-c4nc5ccccc5o4)c3)cn2)CC1,3.4
23,CHEMBL2336326,C[C@H]1COCCN1c1nc(N2CCOC[C@@H]2C)c2ccc(-c3cccc(C(=O)NCCO)c3)nc2n1,2.49
27,CHEMBL1946017,CCN(CC)C(=O)c1ccc(C(=C2CCN(Cc3ccc(F)cc3)CC2)c2cccnc2)cc1,3.65
28,CHEMBL477785,Cc1ncc(-c2ccnc(Nc3ccc(N4CCN(S(=O)(=O)CCN(C)C)CC4)cc3)n2)n1C(C)C,2.52
30,CHEMBL551765,O=C(NCC1CCCCCC1)c1cc(-c2cccnc2N2CCC(C(=O)O)CC2)ccc1Cl,2.53
39,CHEMBL2325695,COc1cc(-c2nc(N3CCOCC3)cc(C3(S(C)(=O)=O)CC3)n2)c2cc[nH]c2c1,2.4
40,CHEMBL1824373,N#Cc1cccc(COc2cc(OCCCN3CCCC3)ccc2C(=O)Nc2cccc(O)c2)c1,2.41
41,CHEMBL394859,O=C([C@@H]1CCCN1)N1CCN(c2nc(NCc3ccc(Cl)cc3Cl)c3cccnc3n2)CC1,2.41
42,CHEMBL457888,Cc1ncc(-c2ccnc(Nc3ccc(S(=O)(=O)CCCN4CCOCC4)cc3)n2)n1C(C)C,2.43
43,CHEMBL250540,COc1ccc2nc(N[C@H]3CCC[C@H](NCc4ccsc4)C3)ccc2c1,2.43
44,CHEMBL250516,COc1ccc2c(C)cc(N[C@H]3CCC[C@H](NCc4ccsc4)C3)nc2c1,2.46
49,CHEMBL338579,COc1ccccc1C(=O)NCC12CC3CC(CC(C3)C1)C2,4.43
70,CHEMBL398894,NS(=O)(=O)c1cccc(Nc2nccc(Nc3cccc4[nH]ncc34)n2)c1,2.6
71,CHEMBL2325713,CS(=O)(=O)C1(c2cc(N3CCOCC3)nc(-c3ccccc3)n2)CC1,2.6
96,CHEMBL233447,O=C(NC1Cc2ccccc2N(CCO)C1=O)c1cc2cc(Cl)sc2[nH]1,3.05
97,CHEMBL218006,C[C@H](NC1=NC(=O)[C@@](C)(C(F)(F)F)S1)c1ccccc1F,3.1
98,CHEMBL507803,Cc1ccc(NC(=O)c2cccc(C(F)(F)F)c2)cc1NC(=O)c1cccnc1,3.11
99,CHEMBL299672,COc1cc2ncnc(Nc3ccc(F)c(Cl)c3)c2cc1OCCCN1CCCC1,3.13
100,CHEMBL1209739,COc1ccc(S(=O)(=O)NCC(c2ccccc2)N2CCCCCC2)cc1,3.13
106,CHEMBL217904,COc1ccc(COC(=O)N2CCC(CNc3ncccn3)CC2)cc1,3.14
110,CHEMBL2171015,O=C(NS(=O)(=O)N1CCC(N2CCC(Oc3ccc(Cl)c(Cl)c3)CC2)CC1)c1ccccc1,2.14
111,CHEMBL1224139,NC(=O)c1cc(F)cc(O[C@H]2C[C@H]3CC[C@@H](C2)N3Cc2ccccc2)c1,2.14
123,CHEMBL1223457,Cc1cc2n[nH]c(=O)n2c2cc(-c3ccccc3CO)ccc12,3.18
124,CHEMBL2012857,Nc1cc2n[nH]c(=O)n2c2cc(-c3ccsc3)ccc12,3.18
136,CHEMBL1630130,O=C(CCN1CCCCC1)Nc1ccc(-c2cccn3c(=O)cc(N4CCOCC4)nc23)c2sc3ccccc3c12,2.9
137,CHEMBL196516,Clc1ccc(-c2c[nH]nn2)cc1,2.97
138,CHEMBL2059867,Cc1nc(-c2ccc(C)c(NC(=O)c3ccc(OCc4ccccn4)cc3)c2)c[nH]1,2.97
139,CHEMBL480200,Cc1ccc(NC(=O)c2cccc(N(C)C)c2)cc1C(=O)Nc1cccnc1,3.01
140,CHEMBL264026,CC[S+]([O-])c1ncccc1C1(O)CCN(CC23CC(c4ccccc42)c2ccccc23)CC1,2.0
141,CHEMBL101473,Cc1cnc(Nc2ccc(OCC(O)CN(C)C)cc2)nc1Nc1ccccc1,2.0
142,CHEMBL300846,COc1cc(C(=O)NS(=O)(=O)c2ccccc2C)ccc1Cc1c[nH]c2ccc(NC(=O)CC3CCCC3)cc12,2.0
143,CHEMBL388337,O=c1[nH]n(Cc2cc3ccccc3s2)c(=O)c2c(=O)c3ccc(Cl)cc3[nH]c12,2.0
144,CHEMBL595122,CCS(=O)(=O)c1ccc(Oc2cc3nc(-c4ccccn4)[nH]c3cc2CN2C(=O)CCC2=O)cc1,2.0
145,CHEMBL2035033,NC1(c2ccc(-c3c(-c4ccccc4)ccn4ccnc34)cc2)CCC1,2.0
146,CHEMBL1916085,Cc1ccc(S(=O)(=O)Nc2c(C(=O)N(C)C3CCCCC3)cnn2-c2ccccc2)cc1,2.01
147,CHEMBL1950857,CN[C@@H](C)C(=O)N[C@H](C(=O)N[C@H]1CCCN(CCc2ccc(C)cc2)C1)C(C)(C)C,2.05
148,CHEMBL1586302,Cc1cc(Nc2ccc(F)cc2)nc(N)n1,2.08
151,CHEMBL1950725,CN[C@@H](C)C(=O)N[C@H](C(=O)N[C@H]1CCN(C(=O)Cc2ccccc2)C1)C1CCCCC1,0.81
160,CHEMBL341876,O=S(=O)(NCCNc1ncccn1)c1cccc2cnccc12,0.61
161,CHEMBL1916264,CCC(CC)NC(=O)c1cnn(-c2ccccc2Cl)c1NS(=O)(=O)c1ccc(C)cc1,0.65
162,CHEMBL1287891,NC(=O)c1cnc(N[C@H]2CCCNC2)c2cc(-c3ccncc3)sc12,0.77
163,CHEMBL2164745,COc1ccc2ncc(=O)n(CCN3CC[C@@H](NCc4cc5c(cn4)OCCO5)[C@@H](O)C3)c2c1,0.78
164,CHEMBL1934417,COCCC(C)n1nc(C)c(C(=O)N[C@@H](C)C(C)(C)C)c1NS(=O)(=O)c1ccc(C)cc1,0.78
165,CHEMBL1916082,CCC(CC)NC(=O)c1cnn(-c2ccccc2)c1NS(=O)(=O)c1ccc(C)cc1,0.79
166,CHEMBL1934420,Cc1ccc(S(=O)(=O)Nc2c(C(=O)N[C@@H](C)C(C)(C)C)c(C)nn2C2CCN(C)CC2)cc1,0.8
167,CHEMBL1199988,Nc1ncc(-c2cnn(C3CCNCC3)c2)cc1-c1nc2ccccc2o1,1.85
172,CHEMBL42,CN1CCN(C2=Nc3cc(Cl)ccc3Nc3ccccc32)CC1,3.08
182,CHEMBL1088,CN1CCCCC1CCN1c2ccccc2Sc2ccc([S+](C)[O-])cc21,1.6
183,CHEMBL837,CCc1c2c(nc3ccc(O)cc13)-c1cc3c(c(=O)n1C2)COC(=O)[C@]3(O)CC,1.6
185,CHEMBL932,OCCN(CCO)c1nc(N2CCCCC2)c2nc(N(CCO)CCO)nc(N3CCCCC3)c2n1,3.97
201,CHEMBL2207599,COc1cc(OC)c(S(=O)(=O)N(c2ccccc2)c2ccccc2)cc1NC(=O)CCC(=O)O,-0.8
202,CHEMBL2087421,COc1cc(C)c(S(=O)(=O)N(C)CCOCC(=O)N2CCN(C3CCN(C)CC3)CC2)c(C)c1,-0.4
211,CHEMBL126519,CCCc1c(O)c(O)c(C(=O)O)c2cc(Cc3ccccc3)c(C)cc12,2.6
212,CHEMBL254129,CC1=C2C[C@H]3[C@@H](CC=C4C[C@@H](O)CC[C@@]43C)[C@@H]2CC[C@]12O[C@@H]1C[C@H](C)CN[C@H]1[C@H]2C,2.63
215,CHEMBL22242,CCN1CCC[C@H]1CNC(=O)c1c(OC)ccc(Br)c1OC,0.05
216,CHEMBL1917446,Cc1ccc2c(c1)c(S(=O)(=O)c1ccc(Cl)cc1)c(C)n2CC(=O)O,0.06
217,CHEMBL1073,Cc1cnc(C(=O)NCCc2ccc(S(=O)(=O)NC(=O)NC3CCCCC3)cc2)cn1,0.31
218,CHEMBL84,CC[C@@]1(O)C(=O)OCc2c1cc1n(c2=O)Cc2cc3c(CN(C)C)c(O)ccc3nc2-1,0.31
232,CHEMBL320876,COc1cc([C@@H]2c3cc4c(cc3C(O[C@@H]3O[C@@H]5CO[C@@H](C)O[C@H]5[C@H](O)[C@H]3O)C3COC(=O)[C@@H]32)OCO4)cc(OC)c1O,0.91
233,CHEMBL1682283,C#Cc1cccc(Nc2nc3cc(C(=O)O)ccc3c3cncnc23)c1,0.92
234,CHEMBL266195,C=CCc1ccccc1OCC(O)CNC(C)C,0.99
235,CHEMBL196444,O=C1CCC(=O)N1c1cc(Cc2n[nH]c(=O)c3ccccc23)ccc1F,1.0
239,CHEMBL1455292,CCCCN1Cc2c(nc3cc(-c4ccco4)nn3c2O)C1=O,0.8
241,CHEMBL2348176,Nc1nccc(-n2ccc3ccccc32)n1,2.71
242,CHEMBL284954,CCOC(=O)[C@H](Cc1ccc([N+](=O)[O-])cc1)NC(=O)c1ccccc1,2.79
247,CHEMBL1764,COc1ccc2c(c1)N(C[C@H](C)CN(C)C)c1ccccc1S2,2.99
248,CHEMBL2086674,C[C@@H]1CN(C(=O)OC(C)(C)C)CCN1c1ncc(OCc2ccc(S(C)(=O)=O)cn2)cn1,3.0
249,CHEMBL210887,O=C(Nc1nc2ccccc2n1CCCO)c1cccc([N+](=O)[O-])c1,3.0
250,CHEMBL1927039,N#Cc1ccc(Nc2nccc(NC3CC3)n2)cc1,3.01
251,CHEMBL327502,COc1ccc(-n2sc3ccccc3c2=O)cc1,3.02
252,CHEMBL2171990,CS(=O)(=O)c1ccc(N2CCN(C(=O)[C@@H]3CCCC[C@H]3C(=O)NCC#N)CC2)cc1,0.67
254,CHEMBL2086684,C[C@@H]1CN(C(=O)OC(C)(C)C)CCN1c1ncc(OCc2ccncc2C#N)cn1,3.33
259,CHEMBL1231683,CC(C)Nc1ccc2cnn(-c3cncc(-n4ccc(CC(=O)O)c4)n3)c2c1,1.24
260,CHEMBL1101,OC(CCN1CCCCC1)(c1ccccc1)C1CC2C=CC1C2,2.49
261,CHEMBL1387125,CCn1c(=O)c2c(=O)cc(O)oc2c2ccccc21,1.13
262,CHEMBL81324,Clc1ccc(C(c2ccccc2)N2CCNCC2)cc1,1.94
263,CHEMBL1571801,Nc1nc(-c2ccccn2)nc(N)c1Cc1ccccc1F,2.12
290,CHEMBL2312487,CCOC(=O)c1coc2ccccc2c1=O,1.81
291,CHEMBL295135,O=C(O)c1[nH]c2cc(Cl)cc(Cl)c2c1/C=C1\CCN(c2ccccc2)C1=O,1.85
292,CHEMBL1917441,Cc1ccc2c(c1)c(Sc1cccc(Cl)c1)c(C)n2CC(=O)O,1.85
293,CHEMBL379738,O=C(CS(=O)(=O)c1ccccc1)c1ccccc1,1.86
294,CHEMBL686,Cc1cccc(Nc2ccccc2C(=O)O)c1C,1.89
295,CHEMBL1946617,O=C(c1ccc(C(=C2CCN(Cc3cscn3)CC2)c2cccc3cccnc23)cc1)N1CCC(O)CC1,1.89
296,CHEMBL1381135,COc1cnc(-c2ccccn2)nc1N(C)C,1.9
299,CHEMBL2171999,Cc1nn(C)c2ccc(N3CCN(C(=O)[C@@H]4CCCC[C@H]4C(=O)NC4(C#N)CC4)[C@H](C)C3)cc12,2.8
300,CHEMBL2024524,CN(C)C(=O)N[C@H]1CC[C@H](CCN2CCN(c3ccc(Cl)cc3)CC2)CC1,2.81
301,CHEMBL1809191,CC(=O)N1CCN(c2ccc(Nc3nccc(-c4cnc5ccccn45)n3)cc2)CC1,2.82
303,CHEMBL2059380,CCNC(=O)c1cc2c(-n3ccc(C(F)(F)F)n3)c(-c3cc(-c4n[nH]c(=O)o4)cnc3OC)cnc2[nH]1,2.91
304,CHEMBL289959,c1ccc(Nc2ncnc3ccccc23)cc1,2.94
305,CHEMBL2036589,O=C(Nc1ccc(N2CCOCC2)nc1)c1nnc(Nc2ccc(F)cc2)o1,3.0
306,CHEMBL1270772,CS(=O)(=O)c1cccc(Nc2nccc(Nc3cccc4c3OCC4)n2)c1,3.0
307,CHEMBL1956334,CC(=O)c1ncccc1NC(=O)[C@H]1CC[C@H](N2C(=O)[C@@H]3[C@@H]4CC[C@@H](C4)[C@@H]3C2=O)CC1,3.01
308,CHEMBL2164683,N#CC1(NC(=O)[C@@H]2CCCC[C@H]2C(=O)N2CCc3[nH]c4c(F)cccc4c3C2)CC1,3.03
309,CHEMBL1442864,Cc1cc2c(C)cc(=O)oc2c2c1NCCC2,2.9
324,CHEMBL2171984,N#CCNC(=O)[C@@H]1CCCC[C@H]1C(=O)N1CCN(c2ccc(F)cc2)CC1,1.92
329,CHEMBL2070936,N#CC1(NC(=O)[C@@H]2CCCC[C@H]2C(=O)N2CCN(c3ccc(F)cc3)CC2)CC1,2.12
330,CHEMBL2018953,O=C([C@H]1CCCCN1)N1CCN(c2nc(NCc3ccc(Cl)cc3Cl)c3cccnc3n2)CC1,2.27
331,CHEMBL1515447,CN1CCCN(C(c2ccccc2)c2ccc(Cl)cc2)CC1,2.36
336,CHEMBL1497909,COc1ccc(C(=O)Nc2cccc(NC(=O)c3ccc(OC)c(OC)c3)n2)cc1OC,3.5
347,CHEMBL496483,Brc1cnc(NCc2ccccc2)nc1Nc1cc(C2CC2)[nH]n1,4.11
348,CHEMBL419763,Cc1ccc(NC(=O)CCC2CCCCC2)cc1NC(=O)c1ccc(O)cc1,4.13
349,CHEMBL401193,Cc1cc(C)cc(-c2[nH]c3sc(C(C)(C)C(=O)N4C5CCC4CC5)cc3c2CCN2CCN(CC(=O)N(C)C)CC2)c1,4.13
350,CHEMBL249790,OCCO[C@H]1C[C@@H](n2nnc3c(N[C@@H]4C[C@H]4c4ccc(F)c(F)c4)nc(SCCC(F)(F)F)nc32)[C@H](O)[C@@H]1O,4.17
351,CHEMBL1592130,c1ccc(-c2nnc(-c3ccccc3)s2)cc1,4.2
352,CHEMBL48616,Cc1cc(C)cc(-c2[nH]c3ccc(C(C)(C)C(=O)N4C5CCC4CC5)cc3c2CCNCCCCc2ccncc2)c1,4.3
353,CHEMBL2087849,Cn1cncc1-c1c2c(=O)n(CC3CC3)c(=O)n(CC3CC3)c2nn1Cc1ccnc2ccc(Cl)cc12,4.33
354,CHEMBL2087622,Cc1cc(C#N)oc1-c1c2c(=O)n(C)c(=O)n(CC3CC3)c2nn1Cc1ccnc2ccc(Cl)cc12,4.34
355,CHEMBL87785,Cc1cc(C)cc(-c2[nH]c3ccc(C(C)(C)C(=O)N4C5CCC4CC5)cc3c2[C@H](C)CNCCc2ccncc2)c1,4.35
356,CHEMBL396043,C[C@H](CO)Nc1nc(SCc2cccc(F)c2F)nc2nc(NC3CC3)sc12,4.37
367,CHEMBL1818381,O=C(O)c1cn(C2CC2)c2cc(N3CCN(C(=O)CC[N+](=O)[O-])CC3)c(F)cc2c1=O,0.22
368,CHEMBL1507581,CC(=O)Nc1ccc(S(=O)(=O)Nc2ccccn2)cc1,0.24
369,CHEMBL2031157,O=C(N[C@@H](Cc1ccc(C#CCCNc2ccccn2)cc1)C(=O)O)c1c(Cl)cccc1Cl,0.27
370,CHEMBL1916285,Cc1nn(-c2ccccc2)c(NS(=O)(=O)c2cccc(CN3CCOCC3)c2)c1C(=O)N[C@@H](C)C(C)(C)C,0.29
372,CHEMBL1978713,COc1ccc(CNC(=O)c2sc3nc(C)cc(C)c3c2N)cc1,3.85
373,CHEMBL1351893,CCCc1c(C(=O)Nc2ccc(F)cc2C)cnn1-c1ccccc1,3.89
374,CHEMBL10188,CC[C@H](NC(=O)c1c(O)c(-c2ccccc2)nc2ccccc12)c1ccccc1,3.91
375,CHEMBL492112,O=C(CC12CC3CC(CC(C3)C1)C2)Nc1ccc2[nH]ncc2c1,4.03
376,CHEMBL1957840,O=c1cc(N2CCOCC2)nc2n(Cc3cccc(Cl)c3Cl)ccn12,3.3
377,CHEMBL2035018,NC1(c2ccc(-c3nn4cccc4cc3-c3ccccc3)cc2)CCC1,3.3
378,CHEMBL394799,C[C@H](CO)Nc1nc(SCc2cccc(Cl)c2)nc2nc(N)sc12,3.31
379,CHEMBL1624252,COc1ccc(-c2csc(N(CCCN3CCOCC3)C(=O)c3ccco3)n2)cc1,3.34
380,CHEMBL2078754,CN1CCC(n2cc(-c3cnc(N)c(-c4nc5ccc(F)cc5o4)c3)cn2)CC1,3.35
381,CHEMBL575492,COc1ccccc1Nc1cc(Oc2cc(C)c(C)nc2-c2ccccn2)ccn1,3.37
382,CHEMBL1870384,COc1ccc(C=NN=Cc2ccc(OC)c(OC)c2)cc1OC,3.38
383,CHEMBL1951908,CCN(C(=O)Cc1ccc(S(C)(=O)=O)cc1)C1CCN(CC[C@@H](c2ccccc2)C2CCN(S(=O)(=O)C(F)(F)F)CC2)CC1,3.39
384,CHEMBL456801,C[C@H](Nc1nc(NC[C@@H](O)CO)c(Cl)c(Nc2cc(C3CC3)[nH]n2)n1)c1ccc(F)cc1,3.39
385,CHEMBL1209587,O=S(=O)(NCC(c1ccccc1)N1CCCCCC1)c1cccc(Cl)c1,3.39
386,CHEMBL319165,CN(C)C(=O)[C@H](Cc1ccccc1)NC(=O)c1cc2ccccc2[nH]1,3.4
387,CHEMBL505610,C(=C/c1c(-c2ccccc2)nc2sccn12)\c1ccncn1,3.4
388,CHEMBL530184,c1ccc(-c2cc(NCCCCNc3cc(-c4ccccc4)nc4ccccc34)c3ccccc3n2)cc1,3.65
413,CHEMBL2208422,N#Cc1cccc(S(=O)(=O)NC[C@@H](O)CN2CCC(Oc3ccc(Cl)c(Cl)c3)CC2)c1,3.42
415,CHEMBL1437137,CC(N)(COP(=O)(O)O)C(=O)O,2.5
416,CHEMBL1774099,COc1ccccc1N1CCN(Cc2c(Br)c(=O)n(-c3ccccc3)n2C)CC1,2.5
417,CHEMBL1682825,O=C1CCOc2nc(CCc3ccccc3)ccc21,2.5
418,CHEMBL1917424,Cc1c(Sc2ccc(Cl)cc2)c2ccc(Cl)cc2n1CC(=O)O,2.51
421,CHEMBL441550,CC(C)n1c(=O)n(C)c(=O)c2c(C(=O)N3CCS(=O)(=O)C3)c(Cc3ccccc3C(F)(F)F)sc21,2.55
422,CHEMBL2151325,CCOc1cc(Nc2nc3c(cc2F)ncn3[C@@H](CO)c2ccc(F)cn2)n[nH]1,2.55
423,CHEMBL282694,CC(C)C(NC(=O)Cn1c(-c2ccccc2)ccc(NS(=O)(=O)NCc2ccccc2)c1=O)C(=O)C(F)(F)F,2.57
424,CHEMBL193610,Cc1ccc(-c2c[nH]nn2)cc1,2.58
425,CHEMBL1682821,O=C(Oc1ccc2c(c1)OCCC2=O)c1ccccc1,3.6
426,CHEMBL385723,COc1cc2c(Nc3c(Cl)ccc4c3OCO4)ncnc2cc1OCCCN1CCCC1,1.62
427,CHEMBL1807860,C[C@H]1O[C@@H](n2cnc3c(N)nc(OCC4CC45CC5)nc32)[C@H](O)[C@H]1Cl,3.68
429,CHEMBL245180,CNc1nc2nc(SCc3cccc(F)c3F)nc(N[C@H](C)CO)c2s1,3.7
430,CHEMBL1429296,COc1ccccc1CN1C(=O)c2ccccc2C1C(=O)NC1CCC(C)CC1,3.74
431,CHEMBL1762536,Cc1ccc(CO)cc1N(C)c1ccnc(Nc2cc(N3CCCC3)cc(N3CCOCC3)c2)n1,3.8
432,CHEMBL380130,COc1ccc2c(c1)C(c1ccccc1)=NC(NC(=O)c1ccccc1OC)C(=O)N2,3.8
433,CHEMBL2147569,C[C@]12Cc3cnn(-c4ccc(F)cc4)c3C=C1CC[C@@]2(O)CCc1ccc(F)cc1C(N)=O,3.8
439,CHEMBL223402,O=C(Nc1ccccc1F)N[C@H]1N=C(c2ccccc2)c2ccccc2NC1=O,4.0
440,CHEMBL516441,CC[C@H](NC(=O)c1c(N)c(-c2cccc(F)c2)nc2ccccc12)c1ccccc1,4.05
442,CHEMBL549344,CCc1nc2c(N)nc3ccccc3c2n1CCCCNS(C)(=O)=O,1.24
443,CHEMBL262956,CC(C)C(NC(=O)Cn1c(-c2cc(F)cc(F)c2)ncc(N)c1=O)C(=O)C(F)(F)F,1.38
445,CHEMBL1180272,CCCCC(c1ccncc1)n1[nH]c(=O)c2nc3cc(Cl)ccc3c(O)c2c1=O,1.4
446,CHEMBL1933594,C[C@H]1O[C@@H](n2cnc3c(N)nc(OCC4CC(F)(F)C4(F)F)nc32)[C@H](O)[C@@H]1O,1.42
449,CHEMBL1807854,C[C@H]1O[C@@H](n2cnc3c(N)nc(Oc4ccccc4)nc32)[C@H](O)[C@@H]1O,1.05
451,CHEMBL472210,CCn1c2nc(=O)n(C)c(=O)c-2cc2ccccc21,1.1
455,CHEMBL325093,O=S(=O)(CCOCc1cccc2ccccc12)NCCCNCCc1ccc(O)c2nc(O)sc12,1.69
456,CHEMBL2335900,C[C@@H](NC(=O)[C@H]1CCCNC1)c1ccc(Nc2ncc3cc(-c4ccncc4)ccc3n2)cc1,1.69
458,CHEMBL1163803,CCN(C(=O)NCc1c(F)cccc1F)C1CCN(CCC(c2ccccc2)c2ccccc2)CC1,4.3
459,CHEMBL426658,Clc1cccc(-c2cnc3ccc(NC4CCOCC4)nn23)c1,4.3
478,CHEMBL2177606,O=C(O)c1ccc(-n2ncc(C(=O)NC3C4CC5CC(C4)CC3C5)c2C2CCCC2)cc1,1.72
484,CHEMBL2030815,O=C(N[C@@H](Cc1ccc(OCCCNc2ccccn2)cc1)C(=O)O)c1c(Cl)cccc1Cl,-0.22
485,CHEMBL2164675,CN1CCN(C(=O)[C@@H]2CCCC[C@H]2C(=O)NCC#N)CC1,-0.1
486,CHEMBL980,COc1ccccc1OCC(O)CO,0.24
498,CHEMBL2030806,CNc1cccc(CCOc2ccc(C[C@H](NC(=O)c3c(C)cc(C)cc3C)C(=O)O)cc2)n1,0.52
499,CHEMBL2321991,OCC[C@]1(c2ccc(Cl)c(Cl)c2)CCCNC1,0.61
503,CHEMBL1607641,Cc1nnsc1C(=O)Nc1ccccc1,0.97
505,CHEMBL888,Nc1ccn([C@@H]2O[C@H](CO)[C@@H](O)C2(F)F)c(=O)n1,-1.5
509,CHEMBL1346,NC(=O)C(c1ccccc1)(c1ccccc1)[C@@H]1CCN(CCc2ccc3c(c2)CCO3)C1,2.79
511,CHEMBL1909734,Clc1ccccc1-c1cnn[nH]1,2.68
512,CHEMBL2031221,Cc1ccc(NC(=O)c2cccc(N3CCOCC3)c2)cc1-n1cnc2ccc(N3CCN(C)CC3)cc2c1=O,2.69
513,CHEMBL480,Cc1c(OCC(F)(F)F)ccnc1C[S+]([O-])c1nc2ccccc2[nH]1,2.7
514,CHEMBL2178935,Cc1nc(C)c(-c2ccc([C@H]3CC[C@H](CC(N)=O)CC3)cc2)nc1C(N)=O,2.7
515,CHEMBL2325995,NC1(C(=O)NC(CCCN2CCOCC2)c2ccc(Cl)cc2)CCN(c2ncnc3[nH]ccc23)CC1,2.7
527,CHEMBL1405,C[C@]12CC[C@@H]3c4ccc(O)cc4CC[C@H]3[C@@H]1CCC2=O,3.4
532,CHEMBL1789941,N#CC[C@H](C1CCCC1)n1cc(-c2ncnc3[nH]ccc23)cn1,2.55
539,CHEMBL378730,Cc1ccc2c(c1)c(-c1ccnc3c(Cl)cccc13)c(C)n2CC(=O)O,1.27
542,CHEMBL7728,CN1C(=O)NC(=O)C(C)(C2=CCCCC2)C1=O,1.5
543,CHEMBL441225,COc1ccccc1CN[C@H]1CCCN[C@H]1c1ccccc1,1.5
544,CHEMBL2035038,NC1(c2ccc(-c3nc4ccccc4c(=O)n3-c3ccccc3)cc2)CCC1,1.5
545,CHEMBL1524763,Fc1ccc(-c2cn3ccccc3n2)cc1,3.1
560,CHEMBL1528704,CCN(CC)c1ncnc2c1ncn2Cc1c(Cl)cccc1Cl,1.25
562,CHEMBL203854,O=c1c(-c2ccc([N+](=O)[O-])cc2)coc2cc(O)cc(O)c12,3.24
563,CHEMBL1449167,Nc1n[nH]c(Nc2ccccc2)n1,1.06
565,CHEMBL2041980,CS(=O)(=O)c1ccc(-c2cnc(N)c(-c3ccc(C(F)(F)F)nc3)c2)cc1,2.4
566,CHEMBL2207276,Cc1cc(Cl)ccc1OC1CCN(C[C@H](O)CNC(=O)c2c[nH]c(=O)c3cc(S(C)(=O)=O)ccc23)CC1,2.42
580,CHEMBL1499,C[C@]12CCC(=O)C=C1CC[C@@H]1[C@@H]2C(=O)C[C@@]2(C)[C@H]1CC[C@]2(O)C(=O)CO,1.4
581,CHEMBL1916539,COc1ccc2ccc(=O)n(CCN3CCC(NCc4cc5c(cn4)OCCO5)CC3)c2c1,1.31
584,CHEMBL1371,O=c1[nH]c2cc(Cl)ccc2o1,2.16
585,CHEMBL2153190,CCCSc1nc(N2CCC[C@H](CC(=O)O)C2)ccc1C(=O)NC1CCCCC1,2.18
586,CHEMBL361795,N#Cc1cccc(-c2nc(-c3ccccn3)no2)c1,2.2
587,CHEMBL1294,C=C[C@H]1CN2CC[C@H]1C[C@@H]2[C@@H](O)c1ccnc2ccc(OC)cc12,2.21
588,CHEMBL1487890,COc1cc(-c2nnc(S)n2-c2cccc(C(F)(F)F)c2)cc(OC)c1OC,2.27
591,CHEMBL2036758,CC(C)N1CCC[C@@H](CN2CCN(C(=O)Nc3ccc(Cl)c(Cl)c3)CC2)C1,1.62
592,CHEMBL1917450,Cc1c(S(=O)(=O)c2ccc(Cl)cc2)c2c(NS(C)(=O)=O)cccc2n1CC(=O)O,-0.83
593,CHEMBL1451838,C1CCC(NC2CCCCC2)CC1,-0.38
607,CHEMBL588,Oc1ccc(C2CNCCc3c2cc(O)c(O)c3Cl)cc1,0.87
608,CHEMBL301359,c1ccc2ncncc2c1,1.0
610,CHEMBL163,CC(C)c1nc(CN(C)C(=O)N[C@H](C(=O)N[C@@H](Cc2ccccc2)C[C@H](O)[C@H](Cc2ccccc2)NC(=O)OCc2cncs2)C(C)C)cs1,4.3
613,CHEMBL193646,c1ccc(CNCCNCc2ccccc2)cc1,0.73
614,CHEMBL589,CCCN(CCC)CCc1cccc2c1CC(=O)N2,0.76
615,CHEMBL511115,COc1ccc([C@]2(C#N)CC[C@@H](C(=O)O)CC2)cc1OC1CCCC1,0.76
623,CHEMBL380947,CC(C)(CO)Nc1nc(SCc2cccc(F)c2F)nc2nc(N)sc12,3.37
624,CHEMBL523058,O=C(c1cc(Cc2n[nH]c(=O)c3ccccc23)ccc1F)N1CCN(c2ccccn2)CC1,2.55
627,CHEMBL1944695,O=c1[nH]c2c(O)ccc([C@@H](O)CNCCc3ccc(CNCCc4ccccc4)cc3)c2s1,1.11
628,CHEMBL259515,Cn1sc(NC(=O)c2ccccc2)nc1=O,1.13
630,CHEMBL1455,CN(C)c1nc(N(C)C)nc(N(C)C)n1,2.44
631,CHEMBL1688458,O=C(O)CCc1ccc(OCc2cccc(Oc3ccccc3)c2)cc1,2.47
639,CHEMBL2326686,Fc1ccc(C2CC=CCNC2)cc1Cl,1.33
643,CHEMBL2151326,COc1cc(Nc2nc3c(cc2F)ncn3[C@@H](CO)c2ccc(F)cn2)n[nH]1,2.18
648,CHEMBL878,Cc1ccccc1N1C(=O)c2cc(S(N)(=O)=O)c(Cl)cc2NC1C,1.64
649,CHEMBL2322001,C1=CCC(c2ccc3ccccc3c2)CNC1,1.64
650,CHEMBL2070951,N#CC1(NC(=O)[C@@H]2CCCC[C@H]2C(=O)N2CCN(c3nc4cnccc4s3)CC2)CC1,1.66
651,CHEMBL2018954,COc1ccc(COc2nc(Br)cnc2NS(=O)(=O)c2ccc(C)cc2)cc1OCCN(C)C,1.68
652,CHEMBL1444,N#Cc1ccc(C(c2ccc(C#N)cc2)n2cncn2)cc1,1.7
653,CHEMBL2164676,N#CCNC(=O)[C@@H]1CCCC[C@H]1C(=O)N1CCN(c2ccccc2)CC1,1.75
665,CHEMBL2088100,Cc1cc(CNc2nccc(Nc3cc(CCc4ccccc4)[nH]n3)n2)on1,3.56
668,CHEMBL2059379,CCNC(=O)c1cc2c(-n3ccc(C(F)(F)F)n3)c(-c3cnc(OC)c(-c4n[nH]c(=O)o4)c3)cnc2[nH]1,2.32
669,CHEMBL129198,CN1CCN(C(=O)c2cc3cc(Cl)ccc3[nH]2)CC1,2.4
672,CHEMBL2207603,COc1cc(OC)c(S(=O)(=O)N2c3ccccc3Oc3ccccc32)cc1NC(=O)CCC(=O)O,-0.53
673,CHEMBL550,CC[C@@H]1C(=O)OC[C@@H]1Cc1cncn1C,-0.37
675,CHEMBL499,CC(C)(C)NC[C@H](O)COc1nsnc1N1CCOCC1,-0.22
676,CHEMBL190,Cn1c(=O)c2[nH]cnc2n(C)c1=O,-0.09
677,CHEMBL75435,C[C@H](C(=O)O)c1cccc(C(=O)c2ccccc2)c1,-0.06
690,CHEMBL1055,NS(=O)(=O)c1cc(C2(O)NC(=O)c3ccccc32)ccc1Cl,0.97
691,CHEMBL1807827,O=c1[nH]c2c(O)ccc([C@@H](O)CNCCSCCCNCCc3cccc(Cl)c3)c2s1,0.98
692,CHEMBL1807870,O=c1[nH]c2c(O)ccc([C@@H](O)CNCCCSCCNCCc3ccccc3Cl)c2s1,0.99
693,CHEMBL2331742,Cc1cn([C@H]2CCCN(S(=O)(=O)c3ccc(C(=O)O)c(Oc4cccc(Cl)c4)c3)C2)c(=O)[nH]c1=O,-1.28
695,CHEMBL2031227,Cc1ccc(NC(=O)c2ccc(C#N)cc2)cc1-n1cnc2ccc(N3CCN(C)CC3)cc2c1=O,2.73
696,CHEMBL1967560,CCN1C(=O)N(C)c2cnc(Nc3ccc(C(=O)NC4CCN(C)CC4)cc3OC)nc2N1C1CCCC1,2.75
698,CHEMBL2142704,CC1CC(=O)Nc2ccccc2N1,0.56
699,CHEMBL2177110,CCCSc1c(C(=O)NC2CCCCC2)cnn1-c1cccc(C(=O)O)c1,0.7
700,CHEMBL1705098,Cc1ccc(Oc2ccc(OCC(=O)Nc3ccncc3)cc2)cc1,4.3
701,CHEMBL2181926,CCOC(=O)C1=C(C)NC(C)=C(C(C)=O)[C@H]1c1cccc2c(=O)cc(C)oc12,2.63
705,CHEMBL1233652,O=C(O)CCC[C@@H]1c2ccccc2C[C@H]1NC(=O)c1cc2cc(F)ccc2[nH]1,1.95
712,CHEMBL1963249,C[C@@H]1CN[C@@H](C2CC2)C(=O)N(C)[C@H](C)C(=O)N[C@H](Cc2ccc(F)cc2)C(=O)NCCCc2ccccc2O1,3.3
713,CHEMBL3545252,CC(=O)O[C@@]12CO[C@@H]1C[C@H](O)[C@@]1(C)C(=O)[C@H](O)C3=C(C)[C@@H](OC(=O)[C@H](O)[C@@H](NC(=O)OC(C)(C)C)c4ccccc4)C[C@@](O)([C@@H](OC(=O)c4ccccc4)[C@H]21)C3(C)C.O.O.O,3.4
714,CHEMBL1834184,CCC(=O)N[C@H]1CC[C@@H](C(=O)N(C)c2ccc(-c3nc4ccccc4o3)cc2)C1,3.4
726,CHEMBL1938680,O=C(Nc1ccc(N2CCNCC2)cc1)c1ccc(-c2ccc(Cl)cc2)o1,2.4
727,CHEMBL2057336,Cc1ccc(-c2ccc(N)nn2)cc1NC(=O)c1ccc(OCc2ccccn2)cc1,2.47
731,CHEMBL1393651,CCN(C(=O)Nc1ccccc1)c1ccccc1,3.1
732,CHEMBL374656,CN(C)C(=O)[C@H](Cc1ccccc1)NC(=O)c1cc2sccc2[nH]1,3.1
733,CHEMBL218712,CN(C)C(=O)[C@H](Cc1ccccc1)NC(=O)c1cc2ccsc2[nH]1,3.1
734,CHEMBL51583,O=C1C(=O)c2cc(-c3ccsc3)ccc2-c2ccccc21,3.1
735,CHEMBL1645108,Nc1nc2ccc(-c3cccc(O)c3)cc2s1,3.1
736,CHEMBL256668,C[C@H](CO)Nc1nc(SCc2cccc(F)c2F)nc2[nH]c(=O)cnc12,3.1
737,CHEMBL448483,C[C@H](NC1=NC(=O)C(C)(C(F)(F)F)S1)c1ccccc1F,3.1
738,CHEMBL336923,CC(O)(C(=O)Nc1ccc(S(=O)(=O)c2ccc(F)cc2)cc1)C(F)(F)F,3.12
739,CHEMBL454648,Cc1ncc(-c2nc(Nc3ccc(C(=O)N(C)C)c(F)c3)ncc2F)n1C(C)C,3.14
740,CHEMBL404057,C[C@H](CO)Nc1nc(SCc2cccc(F)c2F)nc2nccnc12,3.15
742,CHEMBL1829251,CCC(c1nc2ccsc2c(=O)n1Cc1ccc(OC)cc1)N(CCCN)C(=O)c1ccc(C)cc1,2.15
743,CHEMBL207130,COc1cc2ncnc(Nc3cccc(Cl)c3F)c2cc1CN(C)C1(C(N)=O)CCN(C)CC1,2.16
751,CHEMBL2036746,O=C(Nc1ccc(N2CCOCC2)cc1)c1nnc(Nc2ccccc2)o1,3.15
760,CHEMBL1289545,Cc1nc(C(=O)N2CCOC3(CCN(Cc4ccc(Cl)cc4)CC3)C2)cs1,2.17
761,CHEMBL480445,COc1cc2ncc(C(N)=O)c(Nc3ccc(F)cc3F)c2cc1N1CCN(C)CC1,2.18
762,CHEMBL476993,Cc1ncc(-c2nc(Nc3ccc(N4CCN(C(=O)CO)CC4)cc3)ncc2F)n1C(C)C,2.19
763,CHEMBL1952147,NS(=O)(=O)c1ccc(CCNc2ccc3nnc(-c4ccccc4)n3n2)cc1,2.19
764,CHEMBL129814,CNC(=O)C1(N2CCCNC2=O)CCN(CC[C@H](CN(C)C(=O)c2c(OC)c(C#N)cc3ccccc23)c2ccc(Cl)c(Cl)c2)CC1,2.2
765,CHEMBL272705,C[C@H](CO)Nc1nc(SCc2ccco2)nc2[nH]c(=O)sc12,2.21
766,CHEMBL1224215,Cc1cc(C(N)=O)ccc1O[C@H]1C[C@H]2CC[C@@H](C1)N2Cc1ccccc1,2.23
767,CHEMBL412083,CCNC(=O)c1ccc(CN2CCC(c3ccc(C(=O)Nc4ccccc4N)cc3)CC2)cc1,2.24
768,CHEMBL2331753,Cc1cn([C@H]2CCCN(S(=O)(=O)c3ccc(O)c(Oc4cccc(C(F)(F)F)c4)c3)C2)c(=O)[nH]c1=O,2.27
769,CHEMBL15706,COc1cccc2c(O)cc(-c3ccccc3)nc12,2.3
770,CHEMBL181913,CN(C(=O)Cc1ccc(S(N)(=O)=O)cc1)C1CCN(CCC(c2ccccc2)c2ccccc2)CC1,2.3
771,CHEMBL2062555,N#Cc1cnn2c(N)cc(-c3cccs3)nc12,2.3
772,CHEMBL1945778,COC(=O)[C@H]1[C@@H](c2ccc(I)cc2)C[C@@H]2CC[C@H]1N2CCCF,2.3
773,CHEMBL472524,CCNC(=O)Nc1nc2cc(-c3cccnc3)ccc2[nH]1,2.34
774,CHEMBL185328,Cc1ccc(NC(=O)c2ccnc(N3CCOCC3)c2)cc1Nc1ccnc(Cl)n1,3.1
775,CHEMBL291666,COc1ccc(-c2cc(NC(=O)Cc3ccc4ccccc4c3)[nH]n2)cc1OC,3.1
777,CHEMBL306262,CCCCCC[C@H]1OC(=O)CNC(=O)[C@@H]([C@H](C)O)NC(=O)[C@H](CO)NC(=O)[C@H]([C@H](C)CC)NC(=O)[C@H](CC(C)C)N(C)C(=O)[C@@H]1C,3.2
778,CHEMBL1271394,CN(c1ccnc(Nc2cccc(S(C)(=O)=O)c2)n1)c1cccc2[nH]ncc12,3.21
779,CHEMBL575099,COc1cc(Nc2cc(Oc3cc(C)c(C)nc3-c3ccccn3)ccn2)cc(OC)c1OC,3.22
780,CHEMBL521407,CN1CCN(c2ccc3ncc(C(N)=O)c(Nc4ccc(Cl)cc4Cl)c3c2)CC1,3.23
781,CHEMBL1209430,O=S(=O)(Cc1cc(Cl)cc(Cl)c1)NCC(c1ccccc1)N1CCCCCC1,3.23
782,CHEMBL2177155,CN1CCN(S(=O)(=O)c2ccc(-c3cnc(N)c(C(=O)Nc4cccnc4)n3)c(C(F)(F)F)c2)CC1,3.25
783,CHEMBL1917422,Cc1c(Sc2ccc(Cl)cc2)c2cc(Cl)ccc2n1Cc1nnn[nH]1,3.25
784,CHEMBL243978,c1cn(-c2ccc(Oc3nccc(Oc4ccc5c(c4)OCO5)n3)cc2)cn1,3.27
785,CHEMBL1083637,CCc1nc2c(N)nc3ccccc3c2n1Cc1ccccc1,3.29
786,CHEMBL48966,c1ccc2[nH]c(CCc3nc4ccccc4[nH]3)nc2c1,3.3
800,CHEMBL110855,CCN(CCCOCCOCCc1ccccc1)CCc1ccc(O)c2nc(O)sc12,2.45
801,CHEMBL480208,CC1(C)[C@@H]2CC[C@@]1(CS(=O)(=O)N1CCN(c3ccc(C#N)cn3)CC1)C(=O)C2,2.46
802,CHEMBL11098,CC(C)C(NC(=O)Cn1c(-c2ccc(F)cc2)ncc(NC(=O)OCc2ccccc2)c1=O)C(=O)C(F)(F)F,2.47
810,CHEMBL224769,Cc1ccc([N+](=O)[O-])cc1S(=O)(=O)n1ccc(-c2c(C)nc3ccc(Br)cn23)n1,3.52
826,CHEMBL237616,O=C(COc1ccccc1)N1CCOCC1,0.75
827,CHEMBL1916270,CCC(CC)NC(=O)c1cnn(-c2ccccc2)c1NS(=O)(=O)c1ccc(-c2cnco2)cc1,0.8
829,CHEMBL49236,Nc1cccc2c1-c1ccccc1C(=O)C2=O,2.31
830,CHEMBL1650730,C[C@H](Nc1ncc(Cl)c(Nc2cc(N(C)C)[nH]n2)n1)c1ncc(F)cn1,2.33
831,CHEMBL1800658,CC(C)N(CCNCCc1ccc(O)c2[nH]c(=O)sc12)C(=O)CCOCCc1ccccc1,2.33
835,CHEMBL2158819,O=C(O)C(c1ccccc1)N1CCC(CN2CCC(Oc3ccc(Cl)c(Cl)c3)CC2)CC1,2.17
836,CHEMBL1287892,NC(=O)c1cnc(N[C@H]2CCCNC2)c2cc(-c3ccc(F)c(F)c3)sc12,2.17
837,CHEMBL2012881,O=c1[nH]nc2cc(CO)c3ccc(-c4ccc[nH]4)cc3n12,2.19
838,CHEMBL2017259,N#Cc1ccc(C(=O)Nc2ccc(-n3ccnc3)nc2)cc1,2.2
839,CHEMBL1223954,NC(=O)c1cccc(S[C@H]2C[C@H]3CC[C@@H](C2)N3Cc2ccccc2)c1,2.22
840,CHEMBL387125,CON(C)C(=O)c1c(Cn2c(C)nc(Cl)c2Cl)sc2c1c(=O)n(C)c(=O)n2CC(C)C,2.23
841,CHEMBL268263,NCC(O)(c1ccccc1)c1ccccc1,0.9
842,CHEMBL1951902,CCN(C(=O)Cc1ccc(S(C)(=O)=O)cc1)C1CCN(CCC(c2ccccc2)N2CCC(C(C)=O)CC2)CC1,0.9
844,CHEMBL2170985,Nc1ncnc2c1ncn2[C@@H]1O[C@H](CSCCCNC(=O)NCc2ccccc2)[C@@H](O)[C@H]1O,0.9
845,CHEMBL100913,Oc1ccc(-c2ccc(C3(O)CN4CCC3CC4)cc2)cc1,0.95
846,CHEMBL578723,COc1ccc2nc3ccccc3c(N)c2c1,1.0
847,CHEMBL1180250,O=c1[nH]n(C(c2ccccn2)C2CC2)c(=O)c2c(O)c3ccc(Cl)cc3nc12,1.0
848,CHEMBL388336,Cc1cc(Cn2[nH]c(=O)c3[nH]c4cc(Cl)ccc4c(=O)c3c2=O)oc1C,1.0
857,CHEMBL2179274,CCC[C@@H](c1ccc(C(=O)O)c(Oc2cccc(Cl)c2)c1)N1CCC[C@H](n2cc(C)c(=O)[nH]c2=O)C1,0.5
858,CHEMBL2078762,N#Cc1ccc(-c2cc(NC(N)=O)c(C(=O)N[C@H]3CCCNC3)s2)cc1,0.61
859,CHEMBL358816,O=c1ccc(=O)c2ccccc2[nH]1,1.02
860,CHEMBL554169,Cc1ccc(OC(=O)N2CCN3CCC2CC3)cc1,1.02
861,CHEMBL450643,c1cnc2cccnc2c1,0.89
862,CHEMBL492671,O=C(c1cc(Cc2n[nH]c(=O)c3ccccc23)ccc1F)N1CCN(C(=O)C2CCCO2)CC1,0.9
863,CHEMBL1778365,COC[C@H](C)Oc1cc(Oc2ccccc2)cc(C(=O)Nc2ccc(C(=O)O)cn2)c1,0.95
865,CHEMBL471757,CC(C)(C)CNc1nc(C#N)nc(N2CCOCC2)c1N,3.08
872,CHEMBL2325701,CS(=O)(=O)Cc1cc(N2CCOCC2)nc(-c2cccc3cc[nH]c23)n1,2.8
873,CHEMBL520742,COc1cc2ncc(C(N)=O)c(Nc3ccc(F)cc3)c2cc1OC,2.82
874,CHEMBL2336320,COc1ccc(-c2ccc3c(N4CCOC[C@@H]4C)nc(N4CCOC[C@@H]4C)nc3n2)cc1C(N)=O,2.82
875,CHEMBL324983,CC(C)C(NC(=O)Cn1c(-c2ccccc2)ccc(NC(=O)NCc2cccnc2)c1=O)C(=O)C(F)(F)F,2.84
876,CHEMBL182380,CCN(C(=O)NCc1ccc(S(C)(=O)=O)cc1)C1CCN(CCC(c2ccccc2)c2ccccc2)CC1,2.86
877,CHEMBL211677,Cc1ccc2c(c1)c(-c1cc(C)nc3ccccc13)c(C)n2CC(=O)O,2.88
878,CHEMBL1329874,Clc1ccc(-c2nnc3cccc(Cl)n23)c(Cl)c1,2.88
879,CHEMBL2011908,CNc1c(Br)cnc2[nH]c(-c3ccc(S(C)(=O)=O)cc3)nc12,2.88
880,CHEMBL182074,CS(=O)(=O)c1ccc(CC(=O)N(C2CC2)C2CCN(CCC(c3ccccc3)c3ccccc3)CC2)cc1,2.89
882,CHEMBL1682836,CN1CCOc2cc(COC3CCCCC3)cnc21,3.1
883,CHEMBL413558,COc1ccc(C(=O)Nc2cc(NC(=O)c3cccc(N(C)C)c3)ccc2C)cc1OC,3.12
884,CHEMBL467028,O=c1oc2ccc(O)cc2cc1-c1ccccc1,3.12
885,CHEMBL271013,C[C@H](CO)Nc1nc(SCc2ccccc2)nc2nc(N)sc12,3.12
886,CHEMBL2110360,CCN(CC)CCOc1ccc(N(C)C(=O)c2ccc(-c3ccc(C(F)(F)F)cc3)cc2)cc1OC,3.13
895,CHEMBL1222443,Cc1cc2n[nH]c(=O)n2c2cc(-c3ccco3)ccc12,2.07
896,CHEMBL2036779,CCN1CCOC(C(=O)N2CCN(C(=O)Nc3ccc(Cl)c(Cl)c3)CC2)C1,2.1
897,CHEMBL15932,COc1cccc2[nH]ncc12,2.1
911,CHEMBL1778992,COc1cc(F)ccc1-c1cncc(CNC[C@@H]2CCCO2)n1,2.0
912,CHEMBL384536,CC(C)Cn1c(=O)n(C)c(=O)c2c(C(=O)N3C[C@H](O)CO3)c(Cc3c[nH]c4ncccc34)sc21,2.04
913,CHEMBL513412,COc1ccc(N(C(=O)c2occc2C)C(C(=O)NC[C@@H](C)O)c2ccccc2F)c(OC)c1,2.04
914,CHEMBL1689111,O=C(O)COc1ccc(Cl)cc1CN1CCN(S(=O)(=O)Cc2ccccc2)CC1,0.33
915,CHEMBL1956112,CN1CCC[C@H]1CCN1CCCc2cc(NC(=N)c3cccs3)ccc21,0.37
916,CHEMBL49722,O=C(COc1ccc(OCCNCC(O)COc2ccccc2)cc1)NCCO,0.42
922,CHEMBL1835913,CCOC(=O)c1ccc(OCCC2CCN(c3ccc(C)nn3)CC2)cn1,2.63
923,CHEMBL1950849,CN[C@@H](C)C(=O)N[C@H](C(=O)N[C@H]1CCCN(CCc2cccc(F)c2)C1)C1CCCCC1,2.64
924,CHEMBL2177157,CN1CCN(S(=O)(=O)c2ccc(-c3cnc(N)c(C(=O)Nc4cccnc4)n3)cc2F)CC1,2.66
925,CHEMBL1824605,N#Cc1ccccc1COc1cc(OCCCN2CCCC2)ccc1C(=O)Nc1ccccc1,2.66
929,CHEMBL1289466,O=C(COCc1ccncc1)N1CCC(c2ccc(Cl)cc2Cl)CC1,2.63
930,CHEMBL1682950,CC[C@H](NC(=O)c1c([S+](C)[O-])c(-c2ccsc2)nc2ccccc12)c1ccccc1,2.66
943,CHEMBL2169908,Cc1noc2cc(N3CCN(C(=O)[C@@H]4CCCC[C@H]4C(=O)NC4(C#N)CC4)[C@H](C)C3)ccc12,2.67
944,CHEMBL1270279,Clc1n[nH]c2cccc(Nc3ccnc(Nc4cc(N5CCOCC5)cc(N5CCOCC5)c4)n3)c12,2.78
961,CHEMBL173809,CC(C)C(C#N)(CCCN(C)CCc1ccccc1)c1ccccc1,3.6
962,CHEMBL2036595,CCOc1cccc(Nc2nnc(C(=O)Nc3ccc(N4CCOCC4)nc3)o2)c1,3.6
963,CHEMBL1824608,O=C(Nc1ccccc1)c1ccc(OCCCN2CCCC2)cc1OCc1cccc(F)c1,3.67
964,CHEMBL44326,Oc1cccc(-c2nc3ccc(O)cc3s2)c1,3.7
965,CHEMBL2086682,CC(C)(C)OC(=O)N1CCN(c2ncc(OCc3c(F)cncc3F)cn2)CC1,3.7
966,CHEMBL1891338,COc1cccc(CNc2nc(NC(C)C)nc3ccsc23)c1OC,3.7
967,CHEMBL1508646,Cc1ccc(-c2nnc(N3CCN(C(=O)c4ccco4)CC3)c3ccccc23)cc1,3.78
968,CHEMBL1727809,O=C(NCCCCc1ccccc1)c1ccccc1,3.8
970,CHEMBL1223870,CN(C)C(=O)N[C@H]1CC[C@H](CCN2[C@@H]3CC[C@H]2C[C@@H](Oc2cccc(C(N)=O)c2)C3)CC1,0.12
971,CHEMBL75200,O=c1ccnc2ccccn12,0.2
972,CHEMBL2178385,NC(=O)c1cncc(-c2ccc([C@H]3CC[C@H](CC(=O)O)CC3)cc2)c1,0.22
973,CHEMBL1934419,Cc1ccc(S(=O)(=O)Nc2c(C(=O)N[C@@H](C)C(C)(C)C)c(C)nn2C2CCS(=O)(=O)CC2)cc1,0.25
974,CHEMBL334167,Cn1sc(=O)c2cc(S(N)(=O)=O)ccc21,0.3
975,CHEMBL1567984,O=C(O)c1ccc(-c2nnn(Cc3ccccc3F)n2)cc1,0.3
976,CHEMBL1789148,CCC(CCNC)Oc1cc(Cl)ccc1C#N,0.38
977,CHEMBL1916287,Cc1nn(-c2ccc(F)cc2)c(NS(=O)(=O)c2cccnc2)c1C(=O)N[C@@H](C)C(C)(C)C,0.4
978,CHEMBL1807825,CCOc1ccc(CCNCCCSCCNC[C@H](O)c2ccc(O)c3[nH]c(=O)sc23)cc1,0.41
991,CHEMBL381098,CCSc1c(Cc2ccccc2C(F)(F)F)sc2c1c(=O)n(C)c(=O)n2CC(C)C,4.49
992,CHEMBL440335,[O-]c1c2c(nn1-c1ccc(Cl)cc1)c1ccccc1c[n+]2Cc1ccccc1,4.5
993,CHEMBL2059197,CCCNC(=O)c1cc2c(-n3ccc(C(F)(F)F)n3)c(-c3cncc(C(=O)O)c3)cnc2[nH]1,-0.79
994,CHEMBL1951182,COc1cc(OC)c(S(=O)(=O)NCc2ccccc2N2CCCCC2)cc1NC(=O)CCC(=O)O,-0.72
995,CHEMBL2059198,CC(C)NC(=O)c1cc2c(-n3ccc(C(F)(F)F)n3)c(-c3cncc(C(=O)O)c3)cnc2[nH]1,-0.62
996,CHEMBL2179666,Cc1cn([C@H]2CCCN(Cc3ccc(C(=O)O)c(Oc4cccc(Br)c4)c3)C2)c(=O)[nH]c1=O,-0.51
997,CHEMBL1789187,N#Cc1ccc(C(F)(F)F)nc1O[C@H](CCN)c1ccno1,-0.49
998,CHEMBL171951,CCCS(=O)(=O)N1N=Cc2cc(Cl)ccc2B1O,-0.4
999,CHEMBL2031556,O=C(Nc1cccc(-c2nnn[nH]2)c1)c1cccc2[nH]cnc12,-0.05
1004,CHEMBL436511,CN1CCC(Oc2cccc3ncnc(Nc4ccc(OCc5cnccn5)c(Cl)c4)c23)CC1,3.21
1005,CHEMBL1289232,Cc1cc(Cl)ccc1N1CCN(C(=O)COCc2ccncc2)CC1,3.22
1013,CHEMBL1448915,Cc1ccccc1C(=O)N1CCN(c2ccccn2)CC1,2.18
1014,CHEMBL2030393,O=c1[nH]c([C@@H]2CCCN2)nc2c1oc1ccc(Br)cc12,2.19
1015,CHEMBL362902,Cc1ccc(NC(=O)c2ccnc(N3CCOCC3)c2)cc1Nc1ccnc(OCC(C)(C)CN(C)C)n1,2.2
1016,CHEMBL465305,CC(=O)c1ccc(N2CCN(S(=O)(=O)C[C@]34CC[C@H](CC3=O)C4(C)C)CC2)nc1,2.21
1017,CHEMBL100391,CN(C)CC(O)COc1ccc(Nc2ncc(Cl)c(Nc3ccccc3)n2)cc1,2.25
1018,CHEMBL462385,Cc1ncc(-c2nc(Nc3ccc(C(=O)NCCN(C)C)c(F)c3)ncc2F)n1C(C)C,2.26
1019,CHEMBL498404,CS(=O)(=O)Nc1cc(Nc2nccc(Nc3c(Cl)ccc4c3OCO4)n2)cc(C(N)=O)c1,2.28
1020,CHEMBL2153304,CCCN(C)c1nc(N2CCC[C@@H](CC(=O)O)C2)ccc1C(=O)NC1CCCCC1,2.28
1021,CHEMBL495727,O=C(Nc1c[nH]nc1-c1nc2ccc(CN3CCOCC3)cc2[nH]1)NC1CC1,2.3
1022,CHEMBL578235,Cc1cc(Oc2ccnc(Nc3ccc(S(N)(=O)=O)cc3)c2)c(-c2ccccn2)nc1C,2.34
1023,CHEMBL1950843,CN[C@@H](C)C(=O)N[C@H](C(=O)N(C)[C@H]1CCCN(CCc2ccccc2)C1)C1CCCCC1,2.34
1024,CHEMBL1881943,NC(=O)c1ccc(=O)n(Cc2ccc(Cl)cc2Cl)c1,2.36
1025,CHEMBL1624560,COc1cc(CNc2nc3ccccc3[nH]2)cc(OC)c1OC,2.36
1026,CHEMBL379082,CCN(C(=O)Cc1ccc(S(C)(=O)=O)cc1)C1CCN(CC[C@H](c2ccc(S(C)(=O)=O)cc2)c2cccc(Cl)c2)CC1,2.37
1027,CHEMBL113690,CCCCn1c(Cc2cc(OC)c(OC)c(OC)c2)nc2c(N)ncnc21,2.39
1028,CHEMBL2325731,CN(C)C(=O)CC(NC(=O)C1(N)CCN(c2ncnc3[nH]ccc23)CC1)c1ccc(Cl)cc1,2.4
1029,CHEMBL2325732,CC(=O)NCC(NC(=O)C1(N)CCN(c2ncnc3[nH]ccc23)CC1)c1ccc(Cl)cc1,2.4
1060,CHEMBL163711,CC(O)(C(=O)Nc1ccc(S(=O)(=O)Nc2ccccc2)cc1)C(F)(F)F,3.07
1069,CHEMBL322479,CC(C)(CCCCCOCCc1ccccc1)NCCc1ccc(O)c2nc(O)sc12,2.92
1070,CHEMBL225364,CNc1cc(C(=O)Nc2ccc(N3CCOCC3)cc2)nc2c(N3CCN(C)CC3)cc(OC)cc12,2.93
1071,CHEMBL1736016,O=C(NC1CCCCC1)C1CCCN(S(=O)(=O)c2cccs2)C1,2.93
1072,CHEMBL2011910,CNc1c(Br)cnc2[nH]c(-c3cccc(N)c3)nc12,2.96
1073,CHEMBL370552,CCN(C(=O)Cc1ccc(S(C)(=O)=O)cc1)C1CCN(CCC(c2ccccc2)c2ccc(NC(=O)C(C)(C)C)cc2)CC1,2.98
1074,CHEMBL606052,N#Cc1ccc2c(c1)NC(=O)C2c1ncnc2cc(OCCCN3CCOCC3)ccc12,2.99
1075,CHEMBL128782,COc1c(C#N)cc2ccccc2c1C(=O)N(C)C[C@@H](CCN1CCC(N2CCCNC2=O)CC1)c1ccc(Cl)c(Cl)c1,3.0
1076,CHEMBL1221510,CC(C)Cn1c(=O)[nH]c(=O)c2c(C(=O)N3CCC3)c(Cc3ccccc3C(F)(F)F)sc21,3.0
1077,CHEMBL109514,Fc1ccc(C(COCc2cc(C(F)(F)F)cc(C(F)(F)F)c2)N2CCNCC2)cc1,3.0
1078,CHEMBL2158774,Cc1ccc(C[C@@H](C(=O)O)N2CCC(CN3CCC(Oc4ccc(Cl)c(Cl)c4)CC3)CC2)cc1,3.01
1079,CHEMBL1939414,Nc1nc(Nc2cccc(Br)c2)c2nc[nH]c2n1,3.04
1080,CHEMBL473622,COc1cncc(NC(=O)c2cc(NC(=O)c3cccc(C(C)(C)C#N)c3)ccc2C)c1,3.04
1081,CHEMBL1650731,C[C@H](Nc1ncc(F)c(Nc2cc(N(C)C)[nH]n2)n1)c1ncc(F)cn1,1.98
1082,CHEMBL487067,Cc1ncc(-c2ccnc(Nc3ccc(C(=O)NCCO)cc3)n2)n1C(C)C,2.09
1083,CHEMBL2325735,CS(=O)(=O)NCC(NC(=O)C1(N)CCN(c2ncnc3[nH]ccc23)CC1)c1ccc(Cl)cc1,2.1
1084,CHEMBL2010852,CN(C(=O)Cc1ccc(S(C)(=O)=O)cc1)[C@@H]1CCN(Cc2nc3ccccc3s2)C[C@@H]1F,2.1
1085,CHEMBL1399574,CCOc1ccc(NC(=O)CCc2c(C)nc3nc(C)nn3c2C)cc1,2.1
1095,CHEMBL1917431,Cc1c(Sc2ccc(Cl)cc2)c2cc(S(C)(=O)=O)ccc2n1CC(=O)O,0.54
1100,CHEMBL1778623,CCN(CC)S(=O)(=O)c1ccc(-c2cc(C(F)(F)F)ccc2OCC(=O)O)cc1,0.67
1101,CHEMBL1916260,CCC(CC)NC(=O)c1cnn(-c2ccccc2)c1NS(=O)(=O)C1CCCC1,0.69
1102,CHEMBL1789186,N#Cc1cc(F)c(Cl)cc1O[C@H](CCN)c1ccccc1,0.77
1108,CHEMBL1917426,Cc1c(Sc2ccc(Cl)cc2)c2cc(F)ccc2n1CC(=O)O,1.84
1109,CHEMBL505521,CNC1=Nc2ncccc2C(c2ccco2)=NC1c1cccs1,1.85
1111,CHEMBL103482,CCOC(=O)c1cnc2c(N)cccc2c1O,0.9
1112,CHEMBL256322,CCNCc1cnc(-c2ccc(C(=O)Nc3ccccc3N)cc2)s1,0.95
1113,CHEMBL1951081,COc1cc(OC)c(S(=O)(=O)N2c3ccccc3CCC2C)cc1NC(=O)CSc1ccncc1,2.82
1126,CHEMBL550902,O=C(O)c1cncc(-c2ccc(Cl)c(C(=O)NCC34CC5CC(CC(C5)C3)C4)c2)c1,0.85
1129,CHEMBL1240967,CC(C)(Cc1cccc(CC(=O)NCc2cccc(-c3ccc(O)cc3)c2)c1)NC[C@H](O)c1ccc(O)c(NS(C)(=O)=O)c1,1.91
1136,CHEMBL121889,CC(=O)NC[C@H]1CN(c2ccc(N3CCN(c4ccc(C#N)cn4)CC3)c(F)c2)C(=O)O1,1.98
1146,CHEMBL203567,Nc1c(C(=O)c2cccc(OC[C@@H](O)CO)c2)cnn1-c1ccc(F)cc1,1.91
1147,CHEMBL2036751,CCN1CCC[C@@H](CN2CCN(C(=O)Nc3ccc(Cl)c(Cl)c3)CC2)C1,1.94
1148,CHEMBL119489,CN(C)c1cccc2c(S(N)(=O)=O)cccc12,1.95
1149,CHEMBL2331743,Cc1cn([C@H]2CCCN(S(=O)(=O)c3ccc(C(N)=O)c(Oc4cccc(Cl)c4)c3)C2)c(=O)[nH]c1=O,1.96
1150,CHEMBL320777,O=S(=O)(CCCOCCNc1ccccc1)CCNCCc1ccc(O)c2nc(O)sc12,1.98
1154,CHEMBL362962,O=C1O[C@]2(CN3CCC2CC3)CN1c1cccs1,0.9
1155,CHEMBL2179275,Cc1cn([C@H]2CCCN([C@H](CC(C)C)c3ccc(C(=O)O)c(Oc4cccc(Cl)c4)c3)C2)c(=O)[nH]c1=O,0.91
1156,CHEMBL523829,CN1CCN(C(=O)c2cccc(Cc3n[nH]c(=O)c4ccccc34)c2)CC1,0.92
1157,CHEMBL254361,Nc1ccccc1NC(=O)c1ccccn1,1.0
1158,CHEMBL1224065,NC(=O)c1cccc(N[C@H]2C[C@H]3CC[C@@H](C2)N3Cc2ccccc2)c1,1.01
1174,CHEMBL2059860,Cc1ccc(-c2c[nH]cn2)cc1NC(=O)c1ccc(OCc2ccccn2)cc1,2.81
1175,CHEMBL475865,Cc1ccc(NC(=O)c2ccc(Cl)c(C(F)(F)F)c2)cc1C(=O)Nc1cccnc1,2.83
1176,CHEMBL1270569,CS(=O)(=O)c1cccc(Nc2nccc(Nc3cccc4c3OCO4)n2)c1,2.83
1177,CHEMBL2153176,CCCSc1ncccc1C(=O)NC1CCC(F)(F)CC1,2.85
1178,CHEMBL1950860,CN[C@@H](C)C(=O)N[C@H](C(=O)N[C@H]1CCCN(CCc2ccc(C(F)(F)F)cc2)C1)C(C)(C)C,2.85
1191,CHEMBL378094,Cc1ccc2c(-c3ccnc4cc(Cl)ccc34)c(C)n(CC(=O)O)c2c1,2.41
1192,CHEMBL134908,Cc1cc(COc2ccc(NC(=O)[C@@H]3[C@@H](C(=O)NO)CCCN3C)cc2)c2ccccc2n1,2.41
1193,CHEMBL1888044,FC(F)(F)c1nnc2ccc(N3CCCC3)nn12,2.41
1194,CHEMBL1738748,O=C(NCc1ccncc1)c1ccc(Oc2ccc(C#C[C@]3(O)CN4CCC3CC4)cc2)cc1,2.42
1195,CHEMBL110999,CN(CCCOCCOCCc1ccccc1)CCc1ccc(O)c2nc(O)sc12,2.44
1199,CHEMBL2010831,CN(C(=O)Cc1ccc(S(C)(=O)=O)cc1)C1CCN(Cc2ccc(C(F)(F)F)cc2)CC1,2.5
1200,CHEMBL1779012,COc1cc(F)ccc1-c1cncc(CNC(=O)c2cnccn2)c1,2.5
1201,CHEMBL1682832,COC(=O)N1CCOc2cc(COc3ccccc3)cnc21,2.5
1202,CHEMBL236779,Nc1nc(CCc2cccc(Br)c2)cc(=O)[nH]1,2.52
1209,CHEMBL2207660,Cc1c(Cl)ccc(OC2CCN(C[C@H](O)CNC(=O)c3c[nH]nc3C(F)(F)F)CC2)c1Cl,3.66
1219,CHEMBL485618,CCn1c(-c2ccnc(Nc3ccc(S(=O)(=O)NCCOC)cc3)n2)cnc1C,2.44
1221,CHEMBL423026,CN(CCOc1ccc(C[C@H](Nc2ccccc2C(=O)c2ccccc2)C(=O)O)cc1)c1nc2ccccc2o1,2.47
1222,CHEMBL244213,O=C(c1ccc(F)cc1)C(O)c1ccc(F)cc1,2.49
1223,CHEMBL451462,Cc1ncc(-c2nc(Nc3ccc(C(=O)N4CCN(C)CC4)cc3)ncc2F)n1C(C)C,2.49
1225,CHEMBL1171829,C[C@H](Oc1ccc(S(C)(=O)=O)cc1C(=O)N1CCN(c2ncc(C(F)(F)F)cc2F)CC1)C(F)(F)F,3.49
1226,CHEMBL48190,COC(=O)COc1ccc(OCCNCC(O)COc2ccccc2)cc1,1.54
1254,CHEMBL280916,CC(C)C(NC(=O)Cn1c(-c2ccccc2)ccc(NC(=O)OCc2ccc(C(=O)O)cc2)c1=O)C(=O)C(F)(F)F,0.84
1255,CHEMBL61835,CS(=O)(=O)c1ccc(C(=O)Nc2ccc(F)cc2)c[n+]1[O-],0.84
1256,CHEMBL84803,COc1cc(Nc2c(C#N)cnc3cc(OC)c(OC)cc23)cc(OC)c1,3.5
1258,CHEMBL327504,CN(C)C(=O)[C@H](Cc1ccccc1)NC(=O)c1cc2cc(F)ccc2[nH]1,3.5
1259,CHEMBL363462,COc1cc2ncnc(Nc3cc(NC(=O)c4ccnc(N5CCOCC5)c4)ccc3C)c2cc1OCCN(C(C)C)C(C)C,3.5
1260,CHEMBL1783283,CCCNC(=O)c1nnc2c(-c3ccc(OC)cc3OC)c(F)ccc2c1N,3.52
1261,CHEMBL1835907,CCOC(=O)c1ccc(OCCC2(C#N)CCN(c3ccc(C)nn3)CC2)cc1,3.54
1268,CHEMBL1302214,Nc1ccc(S(=O)(=O)N2CCCC2)cc1,0.98
1269,CHEMBL53841,CCCCCC/N=c1\ccn(Cc2ccccc2)c2cc(Cl)ccc12,0.98
1270,CHEMBL1689114,O=C(O)COc1ccc(Cl)cc1CN1CCCN(S(=O)(=O)c2ccccc2)CC1,1.01
1284,CHEMBL2325989,CC(NC(=O)C1(N)CCN(c2ncnc3[nH]ccc23)CC1)c1ccccn1,1.3
1285,CHEMBL1241982,COc1ccc2nc(C)cc(-n3cc(CN4CCN(C(C)=O)CC4)nn3)c2c1,1.3
1286,CHEMBL351811,NC(Cc1ccccc1)c1ccccc1,1.32
1287,CHEMBL1784355,O=CN(O)C1(CS(=O)(=O)N2CCN(c3ccc(F)cc3)CC2)CCC1,1.34
1288,CHEMBL1829270,CCC(c1nc2ccsc2c(=O)n1Cc1ccccc1)N(CCCN)C(=O)c1ccccc1,1.38
1289,CHEMBL1083642,O=C(O)CO[C@@H]1c2ccccc2C[C@H]1NC(=O)c1cc2sc(Cl)c(Cl)c2[nH]1,1.38
1290,CHEMBL1824031,O=C1COc2ccc(CNC3CCN(CCN4C(=O)COc5ccc(Br)cc54)CC3)nc2N1,1.42
1291,CHEMBL1950854,CN[C@@H](C)C(=O)N[C@H](C(=O)N[C@H]1CCCN(CCc2ccc(OC)cc2)C1)C(C)(C)C,1.45
1292,CHEMBL317281,CN(C)CC(O)COc1ccc(Nc2cc(Nc3ccc(F)cc3F)ncn2)cc1,1.48
1324,CHEMBL233035,O=C(CN1C(=O)C(NC(=O)c2cc3cc(Cl)sc3[nH]2)Cc2ccccc21)NCCO,3.05
1325,CHEMBL430381,OCC(CO)Nc1nc(SCc2cccc(F)c2F)nc2nc(NC3CC3)sc12,3.11
1326,CHEMBL290119,CCOC(=O)[C@H](Cc1ccc(O)cc1)NC(=O)c1cccc2ccccc12,3.12
1327,CHEMBL232846,C[C@H](CO)Nc1nc(SCc2ccccc2F)nc2nc(N)sc12,3.12
1328,CHEMBL1682947,CC[C@H](NC(=O)c1c([S+](C)[O-])c(-c2cccc(F)c2)nc2ccccc12)c1ccccc1,3.14
1349,CHEMBL244183,c1cn(-c2ccc(Oc3cc(Oc4ccc5c(c4)OCO5)ncn3)cc2)cn1,3.17
1360,CHEMBL2078812,NC(=O)Nc1sc(-c2cc(F)cc(F)c2)cc1C(=O)N[C@H]1CCCNC1,2.18
1361,CHEMBL2171025,O=C(c1ccc(-c2noc(=O)[nH]2)cc1)N1CCC(N2CCC(Oc3ccc(Cl)c(Cl)c3)CC2)CC1,2.24
1362,CHEMBL409493,Nc1ccccc1NC(=O)c1ccc(C2CCN(Cc3ccc(C(=O)NC4CC4)cc3)CC2)cc1,2.31
1363,CHEMBL1829249,CCC(c1nc2ccsc2c(=O)n1Cc1ccc(Cl)cc1)N(CCCN)C(=O)c1ccc(C)cc1,2.32
1371,CHEMBL426576,CC(=O)NC[C@H]1CN(c2ccc(-n3cnc(C#N)c3)c(F)c2)C(=O)O1,1.51
1372,CHEMBL117711,c1cncc(Nc2ncnc3ccccc23)c1,1.57
1377,CHEMBL1951893,CCN(C(=O)Cc1ccc(S(C)(=O)=O)cc1)C1CCN(CCC(c2ccccc2)N2CCN(c3ccccc3)CC2)CC1,2.67
1378,CHEMBL393384,O=C(NCC12CC3CC(CC(C3)C1)C2)c1cc(OC2CCNCC2)ccc1Cl,1.83
1382,CHEMBL21342,c1ccc(C2Cc3ccccc3CN2)cc1,1.9
1391,CHEMBL453261,Cc1ccc(S(=O)(=O)c2ccccc2)cc1,2.74
1392,CHEMBL208487,CC(C)Cn1c(=O)n(C)c(=O)c2c(C(=O)N3CC[C@@H](O)C3)c(Cc3ccccc3C(F)(F)F)sc21,2.74
1393,CHEMBL214848,CCN(CCO)CCCOc1cc2ncnc(Nc3cc(CC(=O)Nc4cccc(F)c4F)[nH]n3)c2cc1OC,1.94
1397,CHEMBL1079773,Nc1ncnc2sc(-c3c(-c4ccccc4)ncn3Cc3ccccc3N3CCOCC3)nc12,3.58
1407,CHEMBL1682808,Cn1cnc2cc(OC(=O)c3ccccc3)cnc21,2.4
1408,CHEMBL526098,Cc1cccc(NS(=O)(=O)c2ccc(-c3ccc(C#N)cc3)cc2)n1,2.42
1411,CHEMBL585367,Cc1ccc(Oc2ccnc(Nc3ccc(S(N)(=O)=O)cc3)c2)c(C)n1,2.47
1414,CHEMBL402561,CCNC(=O)OC[C@@H](C)N(c1cc(Cl)ccc1CO)S(=O)(=O)c1ccc(Cl)cc1,3.4
1415,CHEMBL2086667,CC(C)(C)OC(=O)N1C[C@@H]2CC[C@H]1CN2c1ncc(OCc2ccc(S(C)(=O)=O)cc2)cn1,3.4
1419,CHEMBL1809044,COc1cc(N2CCN(C(C)=O)CC2)ccc1Nc1ncc(Cl)c(-c2cnc3ccccn23)n1,3.65
1420,CHEMBL1783259,COc1ccc(OC)c(-c2cccc3c(N)c(C(=O)NC(C)C)nnc23)c1,3.65
1426,CHEMBL2331750,Cc1cc(Oc2cc(S(=O)(=O)N3CCC[C@H](n4cc(C)c(=O)[nH]c4=O)C3)ccc2O)ccc1Cl,2.4
1430,CHEMBL184243,COc1cccc(C(=O)NCCCOc2cccc3ccc(N)nc23)c1,2.46
1433,CHEMBL478828,COc1ccc(Nc2nccc(-c3cnc(C)n3C(C)C)n2)cc1,3.43
1434,CHEMBL2335911,CC(=O)N[C@H](C)c1ccc(Nc2ncc3cc(-c4ccncc4)c(C)cc3n2)cc1,3.45
1435,CHEMBL2346968,Fc1ccc(CN2CCN(c3ccc4nnc(C(F)(F)F)n4n3)CC2)cc1,3.46
1437,CHEMBL333685,O=C(Nc1ccc(O)cc1)c1ccc(O)cc1,1.5
1438,CHEMBL1949859,O=c1[nH]cnc2cc(F)c(F)cc12,1.5
1439,CHEMBL1950852,CN[C@@H](C)C(=O)N[C@H](C(=O)N[C@H]1CCCN(CCc2ccccc2OC)C1)C(C)(C)C,1.61
1445,CHEMBL1778624,O=C(O)COc1ccc(C(F)(F)F)cc1-c1ccc(Cl)cc1,0.9
1448,CHEMBL8232,COc1cccc(Oc2cncnc2O)c1,0.59
1449,CHEMBL451286,C[C@@](N)(Cc1ccccc1)c1ccccc1,1.7
1450,CHEMBL2325726,CNC(=O)c1cc(-c2nc(N3CCOCC3)cc(C3(S(C)(=O)=O)CC3)n2)c2cc[nH]c2c1,1.7
1451,CHEMBL1916540,COc1ccc2c(C)cc(=O)n(CCN3CCC(NCc4cc5c(cn4)OCCO5)CC3)c2c1,1.72
1452,CHEMBL402728,Cc1nc(CSc2nc(N[C@H](C)CO)c3sc(=O)[nH]c3n2)cs1,1.73
1453,CHEMBL1916286,Cc1nn(-c2ccccc2)c(NS(=O)(=O)C2CCCCC2)c1C(=O)N[C@@H](C)C(C)(C)C,1.75
1454,CHEMBL562308,O=C(CC12CC3CC(CC(C3)C1)C2)Nc1cccc2nc(NCCNCCO)ccc12,1.79
1455,CHEMBL1083942,O=C(O)C[C@@H]1c2ccccc2C[C@H]1NC(=O)c1cc2cc(Cl)ccc2[nH]1,1.79
1456,CHEMBL1614705,O=C(CO)N1CCC(c2[nH]nc(-c3ccc(Cl)cc3F)c2-c2ccncn2)CC1,1.79
1457,CHEMBL185315,Cc1ccc(NC(=O)c2ccnc(N3CCOCC3)c2)cc1Nc1ccnc(OC2CCN(C)CC2)n1,1.8
1458,CHEMBL1951899,CCN(C(=O)Cc1ccc(S(C)(=O)=O)cc1)C1CCN(CC[C@@H](c2ccccc2)N2CCN(S(=O)(=O)CC(F)(F)F)CC2)CC1,1.8
1466,CHEMBL2164742,N#Cc1ccc2ccc(=O)n(CCN3CC[C@H](NCc4ccc5c(n4)NC(=O)CO5)[C@H](O)C3)c2c1,0.11
1476,CHEMBL1916283,Cc1ccc(S(=O)(=O)Nc2c(C(=O)N[C@H](C)C(C)(C)C)c(C)nn2-c2ccccc2)cc1,1.2
1477,CHEMBL1916276,Cc1ccc(S(=O)(=O)Nc2c(C(=O)NC3CCCCC3C)cnn2-c2ccccc2)cc1,1.34
1481,CHEMBL1438072,O=S(=O)(Nc1cccnc1)c1ccccc1,0.84
1482,CHEMBL47633,Nc1nc(-c2ccccc2)ns1,2.2
1507,CHEMBL232433,C[S+]([O-])CCN1C(=O)C(NC(=O)c2cc3cc(Cl)sc3[nH]2)Cc2ccccc21,3.17
1508,CHEMBL1682938,CC[C@H](NC(=O)c1c([S+](C)[O-])c(-c2ccccc2)nc2ccccc12)c1ccccc1,3.17
1509,CHEMBL294286,CCn1c2ccccc2c2cc(NC(=O)CN(C)C)ccc21,3.2
1510,CHEMBL2058529,O=C(O)CCc1ccc(OCc2cc(Cl)ccc2-c2ccccc2)cc1,3.22
1523,CHEMBL198750,O=c1cc(N2CCOCC2)oc2c(-c3cccc4c5c(sc34)CCCC5)cccc12,4.1
1524,CHEMBL1809228,COc1cc(N2CCN(C(C)=O)CC2)ccc1Nc1ncc(Cl)c(-c2cnc3ccc(N(C)C)cn23)n1,4.1
1525,CHEMBL189181,CC(=O)Nc1ccc(CNc2[nH]nc3cccc(Oc4ccc(F)cc4)c23)cc1,4.28
1528,CHEMBL1770477,CCOc1ccc2oc(C(=O)NC(CCSC)c3nc4ncccc4[nH]3)c(C)c2c1,4.23
1529,CHEMBL222659,O=C(Nc1ccccn1)c1ccc2[nH]c(-c3ccc(NC(=O)C45CC6CC(CC(C6)C4)C5)cc3)nc2c1,4.24
1530,CHEMBL1770475,CSCCC(NC(=O)c1ccccc1)c1nc2ccccc2n1Cc1ccc(C#N)cc1,4.24
1531,CHEMBL1917447,Cc1c(S(=O)(=O)c2ccc(Cl)cc2)c2cc(F)ccc2n1CC(=O)O,-0.16
1532,CHEMBL1857945,CN(C)CCNc1cc(-c2ccccc2)nc2cc(-c3ccc(F)cc3)nn12,4.5
1533,CHEMBL183425,CN1CCN(CCCOc2ccc(-c3cc(-c4ccc(F)cc4)no3)cc2)CC1,3.81
1540,CHEMBL1945040,COc1ccccc1CNCc1ccc(CCNC[C@H](O)c2ccc(O)c3[nH]c(=O)sc23)cc1,0.15
1541,CHEMBL2031563,O=C(Nc1cccc(-c2nnn[nH]2)c1)c1cc(F)cc2[nH]cnc12,0.29
1542,CHEMBL1605804,Cc1ccnc2nc(C(=O)Nc3nccs3)nn12,0.31
1543,CHEMBL2089279,C[C@@H]1N[S@](=O)(c2cccc(-c3cccc(C#N)c3)c2)=NC1=O,0.4
1545,CHEMBL168073,CCN(CC)S(=O)(=O)c1ccc(NC(=O)C(C)(O)C(F)(F)F)cc1,2.63
1546,CHEMBL1620331,CCOc1ccc(-c2cnc3n2CCC3)cc1,2.65
1547,CHEMBL558748,O=C(NCC1CCCCC1)c1c(Cl)ccc2ncccc12,2.65
1550,CHEMBL1944693,COc1ccccc1CCNCc1cccc(CCNC[C@H](O)c2ccc(O)c3[nH]c(=O)sc23)c1,0.82
1559,CHEMBL452273,COCCNCc1ccc(-c2cc(C(N)=O)c(NC(N)=O)s2)cc1,0.87
1560,CHEMBL11403,CC(C)C(NC(=O)Cn1c(-c2ccccc2)ncc(NC(=O)OCc2ccccc2)c1=O)C(=O)C(F)(F)F,2.12
1561,CHEMBL422329,N=C(N)Nc1cc(Cl)nc(-c2ccccc2)n1,2.16
1564,CHEMBL335707,O=C(c1ccc(CCC(COc2ccc(-c3cccc([N+](=O)[O-])c3)cc2)N2C(=O)CCCC2=O)cc1)N1CCCC1,2.31
1570,CHEMBL257659,Cc1cnc2c(N[C@H](C)CO)nc(SCc3cccc(F)c3F)nc2n1,3.55
1571,CHEMBL317410,O=C(N[C@@H](Cc1ccccc1)C(=O)N1CCC(O)CC1)c1cc2cc(Cl)ccc2[nH]1,3.6
1572,CHEMBL105984,CCC[C@@H](CN1CCCC1)N(C)C(=O)Cc1ccc(Cl)c(Cl)c1,2.27
1573,CHEMBL1538857,Cc1cc(Nc2ccccc2)n(CCC#N)n1,2.3
1575,CHEMBL2335880,O=C(NCCN1CCCC1)c1ccc(Nc2ncc3cc(-c4ccncc4)ccc3n2)cc1,2.39
1578,CHEMBL207235,COc1cc2ncnc(Nc3cccc(Cl)c3F)c2cc1CN1C[C@H](OC)C[C@@H]1C(N)=O,3.09
1579,CHEMBL1271081,CS(=O)(=O)c1cccc(Nc2nccc(N(CC#N)c3c(Cl)ccc4c3OCO4)n2)c1,3.16
1585,CHEMBL507722,Cc1ncc(-c2nc(Nc3ccc(C(=O)NC4CCN(C)CC4)cc3)ncc2F)n1C(C)C,2.13
1588,CHEMBL313206,Cc1cc(N)c2cc(NC(=O)CCCCC(=O)Nc3ccc4nc(C)cc(N)c4c3)ccc2n1,0.53
1592,CHEMBL262721,COc1cc(OC2CCN(C)CC2)c2c(Nc3cccc4c3OCCO4)ncnc2c1,2.26
1595,CHEMBL1683038,COc1cc2nnc(C(N)=O)c(Nc3cccc(Cl)c3F)c2cc1N1CCN(C)CC1,2.35
1598,CHEMBL427851,Cc1oc(CN2CCNCC2)cc1C(=O)NCC12CC3CC(CC(C3)C1)C2,1.03
1602,CHEMBL203059,O=C(Nc1cc(-c2ccnc(Nc3ccccc3)c2)ccn1)C1CCOCC1,3.7
1612,CHEMBL2088108,Cc1cc(Nc2ccnc(NCc3cc(C4CC4)no3)n2)n[nH]1,2.5
1613,CHEMBL576257,Cc1cc(Nc2cnc(C#N)c(N[C@@H](C)c3ccc(F)cn3)n2)n[nH]1,2.51
1614,CHEMBL341175,CN(C)C(=O)C1(N2CCCCC2=O)CCN(CC[C@H](CN(C)C(=O)c2cc(C#N)cc3ccccc23)c2ccc(Cl)c(Cl)c2)CC1,2.52
1615,CHEMBL50973,O=C1C(=O)c2ccc([N+](=O)[O-])cc2-c2ccccc21,2.56
1616,CHEMBL2031241,Cc1ccc(C(=O)Nc2nccs2)cc1-n1cnc2ccc(N3CCN(C)CC3)cc2c1=O,2.56
1617,CHEMBL472618,N#Cc1nc(NC2CCCC2)c(N)c(N2CCOCC2)n1,2.59
1618,CHEMBL1630123,CN1CCN(CC(=O)Nc2ccc(-c3cccn4c(=O)cc(N5CCOCC5)nc34)c3sc4ccccc4c23)CC1,2.6
1626,CHEMBL16,O=C1NC(=O)C(c2ccccc2)(c2ccccc2)N1,2.41
1628,CHEMBL2335123,CCOc1ccccc1-c1ccc(-c2nc3ccc(F)cc3c(C(=O)NCCOCCN)c2C)cc1,2.46
1629,CHEMBL114123,CCCCCCN1CC[C@]2(C)c3cc(O)ccc3CC1[C@@H]2C,2.5
1632,CHEMBL2031234,Cc1ccc(NC(=O)c2cccnc2)cc1-n1cnc2ccc(N3CCN(C)CC3)cc2c1=O,1.5
1633,CHEMBL1490317,Cc1cc(C)nc(SCC(=O)Nc2cc(C)on2)n1,1.52
1634,CHEMBL2207665,Cn1cc(C(=O)NC[C@@H](O)CN2CCC(Oc3ccc(Cl)c(Cl)c3)CC2)c(C(F)(F)F)cc1=O,2.76
1635,CHEMBL1778635,N#Cc1ccc(F)c(-c2cc(C(F)(F)F)ccc2OCC(=O)O)c1,-0.16
1636,CHEMBL1829257,CCC(c1nc2ccsc2c(=O)n1Cc1cscn1)N(CCCN)C(=O)c1ccc(C)cc1,0.02
1637,CHEMBL168634,Cc1ccc(S(=O)(=O)N2N=Cc3ccccc3B2O)cc1,0.05
1638,CHEMBL402311,O=C(N[C@@H](Cc1ccc(N2CCN(c3ccccc3)CC2)cc1)C(=O)O)c1c(Cl)cccc1Cl,0.08
1639,CHEMBL2171013,Cc1ccc(S(=O)(=O)N(C)C(=O)N2CCC(N3CCC(Oc4ccc(Cl)c(Cl)c4)CC3)CC2)cc1,4.49
1647,CHEMBL2336318,COc1ccc(-c2ccc3c(N4CCOC[C@@H]4C)nc(-n4ccnc4)nc3n2)cc1CO,2.6
1648,CHEMBL327693,C[C@@](O)(C(=O)Nc1ccc(C(=O)N2CCCCC2)cc1Cl)C(F)(F)F,2.62
1649,CHEMBL2158780,Cc1cc(Cl)ccc1OC1CCN(CC2CCN([C@@H](Cc3ccc(F)cc3)C(=O)O)CC2)CC1,2.53
1650,CHEMBL1650728,COc1cc(Nc2nc(N[C@@H](C)c3ncc(F)cn3)ncc2Br)n[nH]1,2.6
1680,CHEMBL129982,Nc1ccc(Cl)c(C(=O)NCC23CC4CC(CC(C4)C2)C3)c1,3.45
1681,CHEMBL2335912,CC(=O)N[C@H](C)c1ccc(Nc2ncc3cc(-c4ccncc4)cc(C)c3n2)cc1,3.46
1726,CHEMBL559078,CCCCC(CC)CNC(=O)c1cc(-n2ncc(=O)[nH]c2=O)ccc1Cl,2.41
1727,CHEMBL509406,Cc1ncc(-c2nc(Nc3ccc(C(=O)NC4CCN(C)CC4)c(F)c3)ncc2F)n1C(C)C,2.41
1728,CHEMBL114868,CC(=O)Nc1cccc(S(=O)(=O)Nc2ccc(-c3ccccc3)n(CC(=O)NC(C(=O)C(F)(F)F)C(C)C)c2=O)c1,2.43
1729,CHEMBL36643,COC(=O)COc1ccc(C(=O)Nc2ccc(F)cc2)cn1,2.43
1730,CHEMBL272105,COC(=O)c1nc2c(N[C@H](C)CO)nc(SCc3cccc(F)c3F)nc2[nH]c1=O,2.49
1731,CHEMBL317629,CN(C)CC(O)COc1ccc(Nc2nccc(Nc3cccc(Cl)c3)n2)cc1,2.5
1732,CHEMBL251290,COc1ccc2c(C)cc(N[C@H]3CC[C@H](NCc4cn(C)c5ccccc45)C3)nc2c1,2.53
1737,CHEMBL519422,CCn1c(-c2ccnc(Nc3ccc(C(=O)NC)cc3)n2)cnc1C,2.53
1738,CHEMBL1650723,COc1cc(Nc2nc(N[C@@H](C)c3ncc(F)cn3)ncc2Cl)n[nH]1,2.53
1739,CHEMBL510101,COc1ccc(CNCc2ccc(-c3cc(C(N)=O)c(NC(N)=O)s3)cc2)cc1,2.55
1740,CHEMBL413065,CCc1nc2c(N)nc3ccccc3c2n1CC(C)C,2.55
1741,CHEMBL477567,Cc1ncc(-c2ccnc(Nc3ccc(N4CCN(S(C)(=O)=O)CC4)cc3)n2)n1C(C)C,2.57
1743,CHEMBL216105,CN1CCC(COc2cc(OC3CCOCC3)c3c(Nc4c(Cl)ccc5c4OCO5)ncnc3c2)CC1,2.59
1744,CHEMBL2171035,O=C(NS(=O)(=O)c1ccc(Cl)cc1)N1CCC(N2CCC(Oc3ccc(Cl)c(Cl)c3)CC2)CC1,2.59
1745,CHEMBL430854,CN(C)CC(O)COc1ccc(Nc2nccc(Nc3ccc(Cl)cc3)n2)cc1,2.6
1747,CHEMBL1359777,Cc1cc(C(=O)Cn2cc(C(F)(F)F)ccc2=O)c(C)n1Cc1ccccc1,3.46
1748,CHEMBL325226,Cc1c(NC(=O)N2CCOCC2)ccc2c1c1ccccc1n2C(C)C,3.5
1749,CHEMBL2335865,COCCNC(=O)c1ccc(Nc2ncc3cc(-c4ccnc(C)c4)ccc3n2)cc1,3.56
1756,CHEMBL1088913,NCCCCN(Cc1nc2ccccc2[nH]1)C1CCCc2cccnc21,0.83
1757,CHEMBL1784357,O=CN(O)C1(CS(=O)(=O)N2CCN(c3ccc(F)cc3)CC2)CCOCC1,0.85
1758,CHEMBL1917430,Cc1c(Sc2ccc(Cl)cc2)c2ccc(S(C)(=O)=O)cc2n1CC(=O)O,0.79
1759,CHEMBL481231,COc1cc2c(Nc3ccc(F)c(Cl)c3)c(C(N)=O)cnc2cc1OCCCN1CCN(C)CC1,1.2
1765,CHEMBL487066,Cc1ncc(-c2ccnc(Nc3ccc(C(=O)NC4CC4)cc3)n2)n1C(C)C,3.06
1766,CHEMBL253741,COc1cc(Nc2cc(Nc3c(Cl)ccc4c3OCO4)ncn2)cc(OC)c1OC,3.07
1777,CHEMBL2335897,C[C@@H](NC(=O)[C@H]1CCCCN1)c1ccc(Nc2ncc3cc(-c4ccncc4)ccc3n2)cc1,2.15
1778,CHEMBL2206788,COCCC(Oc1ncnc2c1cnn2-c1ccccc1C(F)(F)F)C(=O)Nc1ccc(C)cn1,3.5
1780,CHEMBL1916289,Cc1nn(-c2ccc(F)cc2)c(NS(=O)(=O)c2ccc(C(F)(F)F)cc2)c1C(=O)N[C@@H](C)C(C)(C)C,2.35
1781,CHEMBL1082983,CCCCc1nc2c(N)nc3ccccc3c2n1CC(C)(C)O,2.37
1782,CHEMBL551984,N#Cc1cccc(NCC(=O)Nc2c(Cl)ccc3nc(N4CC[C@@H](O)C4)ccc23)c1,2.39
1783,CHEMBL1223815,Cc1ccc(CN2[C@@H]3CC[C@H]2C[C@@H](Oc2cccc(C(N)=O)c2)C3)s1,2.39
1784,CHEMBL1809061,COc1cc(N2CCNCC2)ccc1Nc1ncc(Cl)c(-c2cnc3ccccn23)n1,2.4
1785,CHEMBL456985,CNC(=O)C[C@H](Nc1ncc(Cl)c(Nc2cc(C3CC3)[nH]n2)n1)c1ccc(F)cc1,2.23
1786,CHEMBL226905,CC(c1ccsc1)n1[nH]c(=O)c2[nH]c3cc(Cl)ccc3c(=O)c2c1=O,0.9
1788,CHEMBL129420,CCN(CC)C(=O)c1ccc(C(c2cccc3cccnc23)N2CCNCC2)cc1,0.7
1789,CHEMBL1779503,O=C(NCCc1ccccc1)c1cc(-n2ncc(=O)[nH]c2=O)ccc1Cl,0.74
1795,CHEMBL213495,Cc1ccc2c(c1)c(-c1ccnc3c(C#N)cccc13)c(C)n2CC(=O)O,0.52
1796,CHEMBL376055,CN(CCCc1ccccc1)S(=O)(=O)c1cc(C(=O)N2CCc3ccc(S(=O)(=O)NCCc4ccccc4)cc3C2)c(O)c(O)c1O,0.75
1807,CHEMBL1778870,CCNCc1cncc(-c2ccc(F)cc2OC)n1,1.18
1808,CHEMBL263655,Cn1sc(NCc2ccccc2)nc1=O,1.2
1809,CHEMBL179128,Cc1cn(C[C@H]2CN(c3ccc(C4=CCS(=O)(=O)CC4)c(F)c3)C(=O)O2)nn1,1.25
1810,CHEMBL214849,CCCN(CCO)CCCOc1cc2ncnc(Nc3cc(CC(=O)Nc4cccc(F)c4F)[nH]n3)c2cc1OC,1.28
1811,CHEMBL559968,O=C(NCCc1ccccc1Cl)c1cc(-n2ncc(=O)[nH]c2=O)ccc1Cl,1.29
1812,CHEMBL1934418,Cc1ccc(S(=O)(=O)Nc2c(C(=O)N[C@@H](C)C(C)(C)C)c(C)nn2C2CCSCC2)cc1,1.29
1813,CHEMBL167151,CCCc1c(OCCCCSCC(=O)O)ccc(C(C)=O)c1O,1.3
1814,CHEMBL1519921,NC(=O)Cc1nc(-c2ccccc2)cs1,1.3
1815,CHEMBL1762527,COc1ccc(C)c(N(C)c2ccnc(Nc3cc(N4CCOCC4)cc(N4CCOCC4)c3)n2)c1,3.18
1816,CHEMBL578194,C[C@H](Nc1nc(Nc2cc(C3CC3)[nH]n2)cnc1C#N)c1ccc(F)cn1,3.18
1817,CHEMBL488238,CNC(=O)c1cc(-c2ccccc2)sc1NC(N)=O,3.19
1818,CHEMBL90531,O=[N+]([O-])c1ccc2c(c1)N(c1cccc[n+]1[O-])CC(C(F)F)(C(F)F)O2,3.2
1819,CHEMBL474102,Cc1nc(-c2ccccn2)nc(N2CCCC2)c1Cl,3.2
1820,CHEMBL186791,Cc1ccc(NC(=O)c2cccc(N3CCOCC3)c2)cc1NC(=O)c1ccc(OCc2ccncc2)cc1,3.2
1821,CHEMBL249295,CN1CCN([C@H]2C[C@@H](c3nc(-c4ccc5ccc(-c6ccccc6)nc5c4)c4c(N)nccn43)C2)CC1,3.2
1822,CHEMBL1785015,Cc1ccc(-c2nn(C(C)C)c3ncnc(N)c23)cc1,3.2
1823,CHEMBL199147,CCN(C(=O)Cc1ccc(S(C)(=O)=O)cc1)C1CCN(CCC(c2ccc(F)cc2)c2ccc(F)cc2)CC1,3.21
1824,CHEMBL482000,COc1cc2ncc(C(N)=O)c(Nc3ccc(F)c(Cl)c3)c2cc1OC,3.22
1825,CHEMBL1625467,Nc1ccc(N=Nc2ccccc2)c(N)n1,3.22
1826,CHEMBL437501,CC(C)C[C@H](N[C@@H](c1ccc(-c2ccc(S(C)(=O)=O)cc2)cc1)C(F)(F)F)C(=O)NCC#N,3.24
1827,CHEMBL2059859,Cc1ccc(-c2nc3ccccc3[nH]2)cc1NC(=O)c1ccc(OCc2ccccn2)cc1,3.24
1828,CHEMBL180368,C[C@H]1CCCN1CCc1cc2cc(-c3ccc(C#N)cc3)ccc2o1,3.25
1829,CHEMBL57759,COc1cc2ncnc(Nc3ccc(F)c(Cl)c3)c2cc1OCCN(C)C,3.26
1830,CHEMBL1783279,CCCNC(=O)c1nnc2c(-c3cnc(OC)nc3OC)cccc2c1N,3.26
1831,CHEMBL1455477,COc1ccccc1CNc1cc(C)ccn1,3.28
1832,CHEMBL11009,Cc1cc(C)cc(-c2[nH]c3ccccc3c2CCNCCCCc2ccncc2)c1,3.3
1833,CHEMBL387545,COc1cc(N2CCN(C)CC2)c2nc(C(=O)Nc3ccc(N4CCOCC4)cc3)cc(N(C)C)c2c1,3.3
1845,CHEMBL344319,Cc1c(CCC(=O)O)c[nH]c1/C=C1\C(=O)Nc2ccccc21,1.05
1846,CHEMBL132293,O=C([C@@H](O)CO)N1CC=C(c2ccc(N3C[C@H](COc4ccon4)OC3=O)cc2F)CC1,1.09
1847,CHEMBL452021,CN(C)CCOc1ccc(-c2cc(C(N)=O)c(NC(N)=O)s2)cc1,1.16
1851,CHEMBL389791,C[C@@H](O)[C@@H](CO)Nc1nc(SCc2cccc(F)c2F)nc2nc(N)sc12,2.83
1854,CHEMBL1631471,Nc1c(C(=O)NC2CC2)nnc2c(-c3ncccn3)cccc12,1.5
1869,CHEMBL2036778,CCN1CCC[C@@H](C(=O)N2CCN(C(=O)Nc3ccc(Cl)c(Cl)c3)CC2)C1,1.6
1870,CHEMBL446519,N#Cc1nc(NC2CCOC2)c(N)c(N2CCOCC2)n1,1.6
1871,CHEMBL1783112,COc1ccc2nc(C)cc(-n3cc(CNC(C)=O)nn3)c2c1,1.6
1872,CHEMBL1950864,CN[C@@H](C)C(=O)N[C@H](C(=O)N[C@H]1C[C@@H]2CC[C@H]1N(CCc1ccccc1)C2)C1CCCCC1,1.64
1873,CHEMBL1172928,C[C@@H]1NC(C)(C)CO[C@@]1(O)c1cccc(Cl)c1,1.69
1874,CHEMBL1398535,N#Cc1cnn(-c2ccccc2)c1NC(=O)c1ccccc1F,1.7
1875,CHEMBL2035034,NC1(c2ccc(-c3c(-c4ccccc4)ncc4nccn34)cc2)CCC1,1.7
1876,CHEMBL1963131,COc1ccc([C@]2(O)CC[C@H](N3CC[C@@H](NC(=O)CNC(=O)c4cccc(C(F)(F)F)c4)C3)CC2)cn1,1.72
1877,CHEMBL114500,COc1ccnc(NC2CCN(C(=O)c3ccc(C#N)cc3)CC2)c1,1.73
1878,CHEMBL198150,CCN(C(=O)Cc1ccc(S(C)(=O)=O)cc1)C1CCN(CCC(c2ccccc2)c2ccc(S(C)(=O)=O)cc2)CC1,1.73
1879,CHEMBL576068,Cc1cc(Nc2nc(N[C@@H](C)c3ccc(F)cn3)cnc2C)n[nH]1,1.73
1880,CHEMBL1923432,Cc1[nH]c(C(=O)NC2CCN(c3cc(C(=O)O)cc(Cl)n3)CC2)c(Cl)c1Cl,1.74
1881,CHEMBL115125,Cc1cc(NC(=O)c2ccccc2)n[nH]1,1.75
1882,CHEMBL356894,Nc1ncnc2[nH]ccc12,1.78
1883,CHEMBL384962,Cc1ccc2c(c1)c(-c1ccnc3ccc(C(F)(F)F)cc13)c(C)n2CC(=O)O,1.78
1884,CHEMBL279250,CNS(=O)(=O)Nc1ccc(-c2ccccc2)n(CC(=O)NC(C(=O)C(F)(F)F)C(C)C)c1=O,1.79
1893,CHEMBL2312933,CCCN(c1cccnc1)P(=O)(c1ccccc1)c1ccccc1,2.6
1894,CHEMBL1779007,COc1cc(F)ccc1-c1cncc(CNC2CCCCC2)c1,2.6
1896,CHEMBL1650734,Cc1cc(Nc2nc(N[C@@H](C)c3ncc(F)cn3)nc(N3CCOCC3)c2Cl)n[nH]1,2.61
1898,CHEMBL1835918,Cc1ccc(N2CC(COc3ccc(-c4noc(C)n4)cc3)C2)nn1,2.62
1899,CHEMBL1917439,Cc1c(Sc2ccc(Cl)cc2)c2cc(-c3ccccc3)ccc2n1CC(=O)O,3.7
1900,CHEMBL1951011,Cc1c(Oc2ccc(S(C)(=O)=O)cc2F)ncnc1OC1CCN(C(=O)OC(C)C)CC1,3.7
1901,CHEMBL2336331,C[C@@H]1CN(c2nc(N3CCOC[C@@H]3C)c3ccc(-c4ccccc4)nc3n2)C[C@H](C)O1,3.75
1902,CHEMBL1779014,COc1cc(F)ccc1-c1cncc(CNC(=O)c2ccccc2)c1,3.76
1903,CHEMBL2086678,COc1cnccc1COc1cnc(N2CCN(C(=O)OC(C)(C)C)CC2)nc1,3.8
1904,CHEMBL64941,Oc1ccc2[nH]c(CN3CCC(Cc4ccc(F)cc4)CC3)nc2c1,3.8
1912,CHEMBL298384,COC(=O)CCCCCCC(=O)Nc1ccc2c(c1)-c1ccccc1C(=O)C2=O,2.6
1913,CHEMBL322640,CN(C)CC(O)COc1ccc(Nc2cc(Nc3cc(Cl)ccc3Cl)ncn2)cc1,2.6
1926,CHEMBL380673,CC(C)Cn1c(=O)n(C)c(=O)c2c(C(=O)N3CCC3)c(Cc3ccccc3C(F)(F)F)sc21,3.46
1927,CHEMBL1094250,Cc1cc2c(C(=O)NC[C@H](C)c3ccccc3)c(O)c(O)cc2c(O)c1-c1c(C)cc2c(C(=O)NC[C@H](C)c3ccccc3)c(O)c(O)cc2c1O,3.48
1938,CHEMBL231835,O=C(N[C@H]1Cc2ccccc2N(C[C@@H](O)CO)C1=O)c1cc2cc(Cl)sc2[nH]1,3.3
1939,CHEMBL1762538,Cc1ccc(CO)cc1N(C)c1ccnc(Nc2cc(N3CCCOCC3)cc(N3CCOCC3)c2)n1,3.3
1940,CHEMBL2010845,CN(C(=O)Cc1ccc(-n2cnnn2)cc1)[C@@H]1CCN(Cc2ccc(C(F)(F)F)cc2)C[C@@H]1F,3.3
1946,CHEMBL2171037,CN(C)c1ccc(S(=O)(=O)NC(=O)N2CCC(N3CCC(Oc4ccc(Cl)c(Cl)c4)CC3)CC2)cc1,1.7
1947,CHEMBL2171023,O=C(O)c1ccccc1C(=O)N1CCC(N2CCC(Oc3ccc(Cl)c(Cl)c3)CC2)CC1,1.73
1948,CHEMBL6412,COc1nc(Cl)cnc1NS(=O)(=O)c1cccc2c(N(C)C)cccc12,1.74
1949,CHEMBL1458783,Nc1nccc(-c2cccs2)n1,1.75
1950,CHEMBL319077,c1ccc(-c2ccc(C3CN4CCC3CC4)cc2)cc1,1.76
1951,CHEMBL1650697,Cc1cc(Nc2nc(N[C@@H](C)c3ncc(F)cn3)ncc2F)n[nH]1,1.79
1955,CHEMBL1762548,Cc1ccc(CO)cc1N(c1ccnc(Nc2cc(N3CCOCC3)cc(N3CCOCC3)c2)n1)C(C)C,3.9
1964,CHEMBL508129,CNC(=O)c1ccc(Nc2nccc(-c3cnc(C)n3C(C)C)n2)cc1,2.69
1965,CHEMBL214798,COc1cc2ncnc(Nc3cccc(Cl)c3F)c2cc1OC1CCN(C)CC1,2.72
1966,CHEMBL184189,COCCOc1ccc(C(=O)Nc2cc(NC(=O)c3cccc(N(C)C)c3)ccc2C)cc1,2.74
1967,CHEMBL507142,CNC(=O)c1ccc(Nc2nccc(-c3cnc(C4CC4)n3C(C)C)n2)cc1,2.77
1968,CHEMBL230641,CC(C)c1ccccc1Nc1nc(SCc2cccs2)n[nH]1,4.21
1969,CHEMBL1289682,Fc1ccc(C2CCN(C(=S)COCc3ccncc3)CC2)c(Cl)c1,4.23
1971,CHEMBL1762528,CN(c1cccc(CO)c1)c1ccnc(Nc2cc(N3CCOCC3)cc(N3CCOCC3)c2)n1,2.6
1972,CHEMBL22183,Cc1ccc(Sc2ccccc2CN(C)C)c(N)c1,2.6
1973,CHEMBL321467,O=S(=O)(CCCNCCc1ccc(O)c2nc(O)sc12)NCCOCCc1cccc(C(F)(F)F)c1,2.62
1981,CHEMBL2336329,CNCc1cccc(-c2ccc3c(N4CCOCC4)nc(N4C[C@@H](C)O[C@@H](C)C4)nc3n2)c1,1.26
1982,CHEMBL591931,N=C(N)c1cc2c(-c3ccccc3)cccc2s1,1.27
1983,CHEMBL452791,COCCOCCOc1ccc(-c2cc(C(N)=O)c(NC(N)=O)s2)cc1,2.21
1984,CHEMBL1527751,Oc1ncnc2scc(-c3ccsc3)c12,2.25
1986,CHEMBL487274,Cc1cc2n[nH]c(=O)n2c2ccccc12,2.35
1997,CHEMBL112880,COc1cc(OC)cc(-c2ccc(NC(=O)OCc3ccccc3)c(=O)n2CC(=O)NC(C(=O)C(F)(F)F)C(C)C)c1,2.26
1998,CHEMBL20969,c1ccc(C2CCNCC2)cc1,0.54
1999,CHEMBL1233655,CC(=O)Nc1nc(C)c(-c2cnc(F)c(NS(=O)(=O)c3sc(C)nc3C)c2)s1,0.55
2000,CHEMBL1180237,CCC(c1cccnc1)n1[nH]c(=O)c2nc3cc(Cl)ccc3c(O)c2c1=O,0.7
2015,CHEMBL507130,O=c1[nH]ccc2nc(-c3ccc(CN4CCC(c5n[nH]c(-c6ccccn6)n5)CC4)cc3)c(-c3ccccc3)cc12,3.9
2016,CHEMBL2323239,O=C(CSc1nc2c(c(=O)n1-c1ccccc1)SCC2)Nc1ncc(-c2ccccc2)s1,3.95
2017,CHEMBL84597,CC(C)n1c(=O)n(C)c(=O)c2cn(Cc3cccc4ccccc34)cc21,3.97
2018,CHEMBL1222330,CC(C)(C)OC(=O)N[C@@H](Cc1ccccc1)C(=O)O,-1.1
2019,CHEMBL568011,COc1cc(C(=O)Nc2ccc(Cl)c(-c3nc4ccccc4[nH]3)c2)cc(OC)c1OC,3.83
2020,CHEMBL481563,Cc1ccc(NC(=O)c2cccc(C(F)(F)F)c2)cc1NC(=O)c1ccc2ncccc2c1,3.87
2021,CHEMBL325475,CCn1c2ccccc2c2cc(NC(=O)CCc3ccncc3)ccc21,3.75
2031,CHEMBL1683037,COc1cc2nnc(C(N)=O)c(Nc3cc(C)ccc3F)c2cc1N1CCN(C)CC1,2.57
2034,CHEMBL1734492,NC(=O)NC(=O)C(Nc1ccc2c(c1)CCC2)c1ccccc1,3.3
2035,CHEMBL403656,C[C@H](CO)Nc1nc(SCc2cccc(F)c2F)nc2[nH]c(=O)c(C#N)cc12,3.32
2036,CHEMBL2036762,Cc1ccc(NC(=O)N2CCN(C[C@@H]3CCCN(C4CC4)C3)CC2)cc1Cl,3.37
2037,CHEMBL1762534,COc1cccc(N(C)c2ccnc(Nc3cc(N4CCOCC4)cc(N4CCOCC4)c3)n2)n1,3.37
2038,CHEMBL234952,O=C(NC1Cc2ccccc2N(C[C@@H](O)CO)C1=O)c1cc2cc(Cl)ccc2[nH]1,3.4
2039,CHEMBL1164070,Cc1cccc(C(=O)N2CCC(C(=O)c3ccc(F)cc3)CC2)c1,3.4
2040,CHEMBL1783286,COc1ncc(C)cc1-c1cccc2c(N)c(C(=O)NC3CC3)nnc12,3.4
2041,CHEMBL521262,COc1cc2c(Nc3cccc(Cl)c3Cl)c(C(N)=O)cnc2cc1NCCN(C)C,3.41
2053,CHEMBL403963,C(=C/c1nn[nH]n1)\c1ccccc1,-0.4
2054,CHEMBL1186433,CC(=N)NCc1ccccc1,-0.28
2058,CHEMBL383723,CNC(=O)Nc1cc(-c2ccccc2)sc1C(N)=O,2.71
2059,CHEMBL450061,CC(C)CNc1nc(C#N)nc(N2CCOCC2)c1N,2.79
2060,CHEMBL1770476,CCOc1ccc2oc(C(=O)NC(CCSC)c3nc4cnccc4[nH]3)c(C)c2c1,4.31
2061,CHEMBL2068760,CN1CCC[C@H]1c1ccccn1,0.44
2069,CHEMBL311862,COc1cc(-c2nn[nH]n2)ccc1Cn1ccc2ccc(NC(=O)OC3CCCC3)cc21,2.7
2070,CHEMBL194102,O=C(O)c1ccc(NC(=O)c2cc(OCc3ccccc3)cc(OCc3ccccc3)c2)nc1,2.7
2071,CHEMBL192307,CCCCc1nc2c(N)nc3ccccc3c2n1CC(C)C,3.82
2072,CHEMBL1631472,Nc1c(C(=O)NC2CC2)nnc2c(-c3ncccn3)c(F)ccc12,1.59
2073,CHEMBL372361,CSc1ccc(OCc2ccccc2)c(C(=O)Nc2ccc(C(=O)O)cn2)c1,1.6
2074,CHEMBL516784,NC(=O)Nc1sc(-c2ccc(F)cc2)cc1C(=O)N[C@H]1CCCNC1,1.76
2089,CHEMBL520003,CNS(=O)(=O)c1ccc(Nc2nccc(-c3cnc4cccnn34)n2)cc1,2.8
2090,CHEMBL108667,Brc1cc(Br)cc(COC[C@H](c2ccccc2)N2CCNCC2)c1,2.8
2091,CHEMBL221118,Nc1cccc(CCc2ccc3cc[nH]c3c2)n1,2.8
2095,CHEMBL2087850,CCn1c(=O)c2c(-c3cncn3C)n(Cc3ccnc4ccc(Cl)cc34)nc2n(CC2CC2)c1=O,2.87
2096,CHEMBL402553,Clc1cc(Nc2ncnc3[nH]nc(OCCN4CCCC4)c23)ccc1OCc1ccccn1,2.87
2097,CHEMBL2335888,CC(=O)N(C)c1ccc(Nc2ncc3cc(-c4ccncc4)ccc3n2)cc1,2.88
2098,CHEMBL450208,COc1cc2ncc(C(N)=O)c(Nc3ccccc3Cl)c2cc1OC,2.89
2099,CHEMBL319118,COc1ccc(OC(F)(F)F)cc1CN[C@H]1CCCN[C@H]1c1ccccc1,2.9
2116,CHEMBL478240,CCCCSc1nc(N)c2ncn(Cc3c(F)ccc(C)c3F)c2n1,3.0
2117,CHEMBL1762541,Cc1ccc(CO)cc1N(C)c1ccnc(Nc2cc(CN3CCOCC3)cc(N3CCOCC3)c2)n1,3.0
2118,CHEMBL1762529,COc1cc(CO)cc(N(C)c2ccnc(Nc3cc(N4CCOCC4)cc(N4CCOCC4)c3)n2)c1,3.0
2119,CHEMBL2325698,CC[C@@H]1COCCN1c1cc(C2(S(C)(=O)=O)CC2)nc(-c2cccc3[nH]ccc23)n1,3.0
2120,CHEMBL1223456,Cc1cc2n[nH]c(=O)n2c2cc(-c3ccc(CO)cc3)ccc12,2.86
2121,CHEMBL1951898,CCN(C(=O)Cc1ccc(S(C)(=O)=O)cc1)C1CCN(CC[C@@H](c2ccccc2)N2CCN(S(=O)(=O)C(F)(F)F)CC2)CC1,2.86
2122,CHEMBL661,Cc1nnc2n1-c1ccc(Cl)cc1C(c1ccccc1)=NC2,1.98
2123,CHEMBL204476,CC(C)Cn1c(=O)n(C)c(=O)c2c(C(=O)N3CC[C@@H](O)C3)c(Cc3cccc4ncccc34)sc21,1.98
2124,CHEMBL264961,CNC(=O)c1ccc(CN2CCC(c3ccc(C(=O)Nc4ccccc4N)cc3)CC2)cc1,1.99
2125,CHEMBL1947153,O=c1[nH]c2c(O)ccc([C@@H](O)CNCCc3cccc(CN4CCC(c5ccccc5)CC4)c3)c2s1,1.99
2126,CHEMBL1079486,CC(=O)NC1CC(C)N(C(=O)c2ccccc2)c2ccccc21,2.0
2127,CHEMBL2158828,O=C(O)COc1ccccc1N1CCC(CN2CCC(Oc3ccc(Cl)c(Cl)c3)CC2)CC1,2.0
2128,CHEMBL474830,CC(C)CNc1nc(C#N)nc(N2CC(O)C2)c1N,2.0
2130,CHEMBL1829246,CCC(c1nc2ccsc2c(=O)n1Cc1ccccc1)N(CCCN)C(=O)c1ccc(C)cc1,1.81
2131,CHEMBL2170989,Nc1ncnc2c1ncn2[C@@H]1O[C@H](CSCCCNC(=O)Nc2ccccc2)[C@@H](O)[C@H]1O,1.9
2132,CHEMBL1087898,Cc1cnc(Nc2cncc(N[C@@H](C)c3ncc(F)cn3)n2)s1,1.91
2137,CHEMBL1224069,NC(=O)c1cccc(O[C@H]2C[C@H]3CC[C@@H](C2)N3Cc2ccccc2)n1,1.71
2138,CHEMBL391565,COc1ccc(NC(=O)c2ccnc(N)n2)cc1,1.72
2139,CHEMBL390191,Cc1nc(CSc2nc(N[C@H](C)CO)c3sc(N)nc3n2)cs1,1.73
2140,CHEMBL226780,CC(C)(C)NC(=O)Nc1cccc(Cn2[nH]c(=O)c3[nH]c4cc(Cl)ccc4c(=O)c3c2=O)c1,1.77
2141,CHEMBL170307,CC(=O)NCc1ccc(CN2CCN(c3ccccc3)CC2)cc1,1.78
2142,CHEMBL418841,CC(=O)Nc1ccc(-c2ccccc2)n(CC(=O)NC(C(=O)C(F)(F)F)C(C)C)c1=O,1.78
2143,CHEMBL130936,O=C(O)c1cc2cc([N+](=O)[O-])ccc2n1Cc1ccc(Cl)c(Cl)c1,1.79
2144,CHEMBL2171034,O=C(NS(=O)(=O)c1ccc(F)cc1)N1CCC(N2CCC(Oc3ccc(Cl)c(Cl)c3)CC2)CC1,1.79
2145,CHEMBL2171048,Cc1ccc(S(=O)(=O)NC(=O)N2CCC(N3CCC(Oc4ccc(Cl)cc4C)CC3)CC2)cc1,1.79
2146,CHEMBL2153185,CCCSc1nc(Oc2ccc(CC(=O)O)cc2)ccc1C(=O)NC1CCCCC1,1.79
2147,CHEMBL22033,COc1cc(C(=O)NS(=O)(=O)c2ccccc2)ccc1Cn1ncc2ccc(NC(=O)OC3CCCC3)cc21,1.8
2148,CHEMBL366080,Cc1ccc(NC(=O)c2ccnc(N3CCOCC3)c2)cc1Nc1ccnc(N(C)C2CCN(C)CC2)n1,1.8
2158,CHEMBL2178371,Cc1nc(C)c(-c2ccc(C34CCC(C(=O)O)(CC3)CC4)cc2)nc1C(N)=O,1.3
2159,CHEMBL1903477,NC(=O)c1ccc(=O)n(Cc2ccc(F)c(F)c2)c1,1.37
2160,CHEMBL1829422,CCC(c1nc2ccoc2c(=O)n1Cc1ccccc1)N(CCCN)C(=O)c1ccc(C)cc1,1.37
2167,CHEMBL1290108,O=C(COCc1ccccn1)N1CCN(c2ccc(Cl)cc2Cl)CC1,3.47
2169,CHEMBL1890574,O=C(Cc1c(C(=O)O)[nH]c2ccccc12)Nc1cccc(C(F)(F)F)c1,1.33
2170,CHEMBL1522360,O=S(=O)(Nc1cccnc1)c1ccc2c(c1)OCCO2,1.34
2171,CHEMBL87266,Cc1cc(N)c2cc(NC(=O)CC(=O)Nc3ccc4nc(C)cc(N)c4c3)ccc2n1,1.35
2187,CHEMBL1287979,COc1cccc(-c2cc3c(N[C@H]4CCCNC4)ncc(C(N)=O)c3s2)c1,1.82
2192,CHEMBL93404,COC(=O)c1c(C)[nH]c(C)c1C(=O)c1ccccc1Cl,2.7
2193,CHEMBL188167,COc1cc2ncnc(Nc3cc(NC(=O)c4ccnc(N5CCOCC5)c4)ccc3C)c2cc1OCCN1CCCCC1,3.35
2200,CHEMBL2094588,O=C(CN1C2=NCCN2c2ccccc21)c1ccc(Cl)cc1,2.62
2201,CHEMBL467148,Cn1cc(S(C)(=O)=O)nc1-c1c2c(=O)n(C)c(=O)n(CC3CC3)c2nn1Cc1ccnc2ccc(Cl)cc12,2.64
2202,CHEMBL574621,COc1cc(Nc2cc(Oc3cccnc3)ccn2)cc(OC)c1OC,2.66
2204,CHEMBL1645493,CNC(=O)c1ccc2c(=O)cc(-c3cccnc3)[nH]c2c1,1.01
2205,CHEMBL238087,CC1(c2ccccc2)CC(=O)NC(N)=N1,0.62
2206,CHEMBL227148,COCCNC(=O)c1cccc(Cn2[nH]c(=O)c3[nH]c4cc(Cl)ccc4c(=O)c3c2=O)c1,1.2
2207,CHEMBL2171027,O=C(O)CCCS(=O)(=O)c1cccc(C(=O)N2CCC(N3CCC(Oc4ccc(Cl)c(Cl)c4)CC3)CC2)c1,0.66
2208,CHEMBL401158,CCCCNc1nc(SCCC)nc2c1nnn2[C@@H]1C[C@H](CO)[C@@H](O)[C@H]1O,3.07
2209,CHEMBL232830,CN(C)C(=O)CN1C(=O)C(NC(=O)c2cc3cc(Cl)sc3[nH]2)Cc2ccccc21,3.07
2210,CHEMBL1934421,Cc1ccc(S(=O)(=O)Nc2c(C(=O)N[C@@H](C)C(C)(C)C)c(C)nn2C2CCN(CC(F)(F)F)CC2)cc1,1.08
2211,CHEMBL1689129,C[C@H]1CN(Cc2cc(Cl)ccc2OCC(=O)O)CCN1C(=O)Cc1ccccc1Cl,1.1
2212,CHEMBL2031559,O=C(Nc1cccc(-c2nnn[nH]2)c1)c1cc(C(F)(F)F)cc2[nH]cnc12,1.1
2213,CHEMBL256985,CCN1CCN(Cc2cnc(-c3ccc(C(=O)Nc4ccccc4N)cc3)c(C#N)c2)CC1,1.14
2214,CHEMBL552512,O=C(CC1CCCCCC1)Nc1cccc2c(=O)n([C@H]3CCNC3)ccc12,1.15
2226,CHEMBL540930,O=C(CC1CCN(Cc2ccn(-c3ccc(C(F)(F)F)cc3)c2)CC1)NC(c1ccc(F)cc1)c1c[nH]c(=O)c(Cl)c1,3.12
2227,CHEMBL2207286,CN(C)S(=O)(=O)c1ccc2c(C(=O)NC[C@@H](O)CN3CCC(Oc4ccc(Cl)c(Cl)c4)CC3)c[nH]c(=O)c2c1,3.13
2229,CHEMBL1779001,COc1ccc(-c2cncc(CNC3CCCC3)n2)c(OC)c1,2.14
2233,CHEMBL1645496,O=c1cc(-c2cccnc2)[nH]c2cc(C(O)c3ccccc3)ccc12,2.27
2236,CHEMBL441479,O=C(NCC12CC3CC(CC(C3)C1)C2)c1cccc(Cl)c1Cl,4.37
2245,CHEMBL444884,NC(=O)c1sc(-c2ccc(Cl)cc2)cc1N,3.3
2246,CHEMBL167176,CCCc1c(OCc2ccc(/C=C/c3nn[nH]n3)cc2)ccc(C(C)=O)c1O,3.3
2247,CHEMBL455429,Cc1ncc(-c2nc(Nc3ccc(C(N)=O)c(F)c3)ncc2F)n1C(C)C,3.14
2248,CHEMBL468297,c1ccc(-c2nnc3ccc(NC4CC4)nn23)cc1,3.15
2252,CHEMBL1712280,c1ccc(N2CC3COc4ccccc4C3=N2)cc1,4.28
2253,CHEMBL1089518,CCCCOc1nc(N)c2[nH]c(=O)n(Cc3cccc(CC(=O)O)c3)c2n1,0.14
2254,CHEMBL1824035,CN(C)S(=O)(=O)c1ccc2c(c1)N(CCN1CCC(NCc3ccc4c(n3)NC(=O)CO4)CC1)C(=O)CO2,0.15
2255,CHEMBL113725,CC(C)C(NC(=O)Cn1c(-c2ccccc2)ccc(NC(=O)Cc2ccc(C(=O)O)cc2)c1=O)C(=O)C(F)(F)F,0.35
2257,CHEMBL474828,COCCNc1nc(C#N)nc(NCC(C)C)c1N,2.8
2258,CHEMBL1957851,Cc1cccc(Cn2ccn3c(=O)cc(N4CCOCC4)nc23)c1,2.8
2269,CHEMBL219098,CC(C)Cn1c(=O)n(C)c(=O)c2c(C(=O)N3CC[C@@H](O)C3)c(Oc3cccc4ccccc34)sc21,2.87
2270,CHEMBL11428,CC(C)C(NC(=O)Cn1c(C2CCCCC2)ncc(NC(=O)OCc2ccccc2)c1=O)C(=O)C(F)(F)F,2.87
2280,CHEMBL1087268,Cc1cnc(Nc2cc(N3CCN(C)CC3)nc(N[C@@H](C)c3ccc(F)cn3)n2)s1,2.9
2281,CHEMBL1240590,CNc1ccc2ncc(-c3cccc(O)c3)n2n1,2.99
2282,CHEMBL1164033,CN(C)CCOc1cc(NS(=O)(=O)c2c(Cl)cc(C(F)(F)F)cc2Cl)ccc1Cl,2.99
2283,CHEMBL2164668,N#CC1(NC(=O)[C@@H]2CCCC[C@H]2C(=O)N2CCc3oc4ccccc4c3C2)CC1,3.01
2284,CHEMBL384260,COc1cc(OC2CCN(C)CC2)c2c(Nc3cccc4c3OCO4)ncnc2c1,3.02
2285,CHEMBL2207659,Cc1cc(Cl)ccc1OC1CCN(C[C@H](O)CNC(=O)c2c[nH]nc2C(F)(F)F)CC1,3.02
2286,CHEMBL554332,O=C(CC1CCN(Cc2ccn(-c3ccc(C(F)(F)F)cc3)c2)CC1)NC(c1ccc(F)cc1)c1ccc(=O)[nH]c1,3.04
2287,CHEMBL1907764,COc1cc2c(Nc3ccc(Br)cc3F)ncnc2cc1OC[C@@H]1CCCN(C)C1,3.05
2288,CHEMBL112866,COc1ccnc(NC2CCN(C(=O)c3ccc(Cl)cc3)CC2)c1,2.82
2291,CHEMBL218762,O=c1[nH]c(S)nc2[nH]cnc12,-1.48
2292,CHEMBL1951080,COc1cc(OC)c(S(=O)(=O)N2c3ccccc3CCC2C)cc1NC(=O)CSCC(=O)O,-1.18
2311,CHEMBL1385161,CC(=O)Nc1nc(N)n(-c2ccccc2)n1,-0.2
2321,CHEMBL2331754,Cc1cn([C@H]2CCCN(S(=O)(=O)c3ccc(CO)c(Oc4cccc(Cl)c4)c3)C2)c(=O)[nH]c1=O,2.69
2323,CHEMBL226855,O=c1[nH]n(Cc2cccs2)c(=O)c2c(=O)c3ccc(Cl)cc3[nH]c12,1.52
2324,CHEMBL213029,COc1ccc2c(c1)c(CC(=O)O)c(C)n2-c1ccnc2cc(Cl)ccc12,1.68
2325,CHEMBL258175,CC(C)N1CCN(Cc2cnc(-c3ccc(C(=O)Nc4ccccc4N)cc3)c(Cl)c2)CC1,1.68
2326,CHEMBL111955,CC(C)C(NC(=O)Cn1c(-c2ccccc2)ccc(NS(C)(=O)=O)c1=O)C(=O)C(F)(F)F,1.77
2327,CHEMBL226781,O=c1[nH]n(CC#Cc2ccccc2)c(=O)c2c(=O)c3ccc(Cl)cc3[nH]c12,1.78
2338,CHEMBL1917457,CC(=O)Nc1cccc2c1c(Oc1ccc(Cl)cc1)c(C)n2CC(=O)O,-1.41
2339,CHEMBL1235242,N[C@@H](Cc1ccc(F)cc1)C(=O)O,-1.06
2340,CHEMBL480818,CC[C@H](NC(=O)c1c(N)c(-c2ccccc2)nc2ccccc12)c1ccccc1,3.89
2341,CHEMBL2087856,C#CCn1c(=O)c2c(-c3cc(C#N)cn3C)n(Cc3ccnc4ccc(Cl)cc34)nc2n(CC2CC2)c1=O,3.96
2342,CHEMBL398295,CCCSc1nc(N[C@@H]2C[C@H]2c2ccccc2)c2nnn([C@@H]3C[C@H](O)[C@@H](O)[C@H]3O)c2n1,3.97
2343,CHEMBL1199987,Nc1ncc(-c2cnn(C3CCOCC3)c2)cc1-c1nc2ccccc2o1,4.0
2344,CHEMBL27364,O=C1c2ccccc2CN1C1CCN(CCC(c2ccccc2)c2ccccc2)CC1,4.1
2345,CHEMBL1944652,CCN(CC)C(=O)c1ccc(C(=C2CCN(Cc3ccc(F)cc3)CC2)c2cccc3cccnc23)cc1,3.86
2346,CHEMBL1094168,CS(=O)(=O)c1ccc([C@H](CC2CCCC2)C(=O)Nc2nccs2)cc1,3.88
2347,CHEMBL569720,Cc1cc(Nc2nc(N[C@@H](C)c3ncc(F)cn3)c(C#N)nc2C)n[nH]1,1.92
2348,CHEMBL511444,CN[C@@H](C)C(=O)N[C@H](C(=O)N1CC[C@H]2CC[C@H](NC(=O)c3cccc4ccccc34)[C@H]21)C(C)(C)C,1.94
2349,CHEMBL128134,CCN1CCN(C(=O)c2cc3ccccc3[nH]2)CC1,1.95
2350,CHEMBL153036,CNCC[C@@H](Oc1ccc(C(F)(F)F)cc1)c1ccccc1,1.96
2351,CHEMBL1288102,NC(=O)c1cnc(N[C@H]2CCCNC2)c2cc(-c3ccc(F)cc3F)sc12,1.97
2352,CHEMBL65511,COC(=O)N1CCN(C(=O)Cc2ccc(Cl)c(Cl)c2)[C@@H](CN2CCCC2)C1,1.97
2353,CHEMBL1779005,COc1cc(F)ccc1-c1cccc(CNC2CCCC2)n1,2.06
2354,CHEMBL167059,CCCc1c(OCc2ccc(C(=O)O)cc2)ccc(C(C)=O)c1O,2.1
2355,CHEMBL1784346,Cc1noc(C)c1CCC1CCN(S(=O)(=O)CC2(N(O)C=O)CCC(F)(F)CC2)CC1,2.1
2394,CHEMBL66520,CC(C)C(NC(=O)Cn1c(-c2ccccc2)ccc(NC=O)c1=O)C(=O)C(F)(F)F,1.84
2395,CHEMBL1934270,Cc1ccc(S(=O)(=O)Nc2c(C(=O)N[C@@H](C)C(C)(C)C)c(C)nn2C(C)(C)C)cc1,1.84
2402,CHEMBL1824832,CCOc1ccc(Oc2ccc(S(=O)(=O)NC(=O)c3cccc(-c4ccc(Cl)c(Cl)c4)c3)cc2)cc1,2.94
2403,CHEMBL479847,COc1cc2ncc(C(N)=O)c(Nc3ccc(F)cc3F)c2cc1OC,2.95
2404,CHEMBL369311,CCN(C(=O)Cc1ccc(S(C)(=O)=O)cc1)C1CCN(CCC(c2ccccc2)c2ccccc2)CC1,3.0
2405,CHEMBL252083,CNC(=O)OC[C@@H](C)N(c1cc(Cl)ccc1CO)S(=O)(=O)c1ccc(Cl)cc1,3.0
2406,CHEMBL1682822,O=C1CCOc2nc(C#CC3CCCC3)ccc21,3.0
2409,CHEMBL32363,COC(=O)C1C(OC(=O)c2ccccc2)CC2CCC1N2C,1.06
2410,CHEMBL1699517,Cc1nc(CS(=O)(=O)c2ccccc2)cc(N2CCOCC2)n1,1.07
2413,CHEMBL179190,O=C1O[C@@H](Cn2nncc2F)CN1c1ccc(C2=CCS(=O)(=O)CC2)c(F)c1,3.54
2426,CHEMBL2163349,CS(=O)(=O)c1ccc2c3c([nH]c2c1)CCN(C(=O)[C@@H]1CCCC[C@H]1C(=O)NC1(C#N)CC1)C3,1.5
2428,CHEMBL1949685,CN[C@@H](C)C(=O)N[C@H](C(=O)N[C@H]1CCCN(CCc2ccccc2)C1)C1CCCCC1,1.65
2432,CHEMBL250124,COc1ccc2c(C)cc(N[C@H]3CCC[C@H](NCc4cccc(OC(F)(F)F)c4)C3)nc2c1,3.61
2433,CHEMBL403569,O=C(CO)N1CCC[C@H]1COc1cccc2ncnc(Nc3ccc(OCc4ccccn4)c(Cl)c3)c12,3.62
2434,CHEMBL1682961,CC[C@H](NC(=O)c1c([S+](C)[O-])c(-c2ccccc2)nc2cc(F)ccc12)c1ccccc1,3.62
2435,CHEMBL233658,O=C(NC1Cc2ccccc2N(CC(CO)CO)C1=O)c1cc2cc(Cl)ccc2[nH]1,3.64
2436,CHEMBL74399,CCN(CC)S(=O)(=O)c1ccc(NC(=O)[C@@](C)(O)C(F)(F)F)c(Cl)c1,3.66
2437,CHEMBL2349318,CCC[C@H](CO)Nc1nc(S[C@@H](C)c2cccc(C#N)c2)nc2[nH]c(=O)sc12,3.7
2440,CHEMBL2087847,C=CCn1c(=O)c2c(-c3cncn3C)n(Cc3ccnc4ccc(Cl)cc34)nc2n(CC2CC2)c1=O,3.62
2441,CHEMBL186995,O=C(NCc1ccccc1Cl)c1cccnc1Oc1ccccc1,3.68
2442,CHEMBL180656,CN(C(=O)Cc1ccc(C#N)cc1)C1CCN(CCC(c2ccccc2)c2ccccc2)CC1,3.7
2443,CHEMBL456381,Oc1ccc(-c2csc(-c3ccc(O)cc3)n2)cc1,3.7
2444,CHEMBL466006,Cc1cccc(NC(=O)c2ccc(-c3ccccc3)c(C#N)c2)n1,3.71
2445,CHEMBL1079590,CC(C)Cn1cnc(-c2ccccc2)c1-c1nc2c(N)ncnc2s1,3.72
2450,CHEMBL1908856,COc1ccc(NC(=O)c2ccc(-c3ccncc3)c(C)c2)cc1N1CCN(C)CC1,2.56
2463,CHEMBL443239,CCCN(CCC)C(=O)c1cccc(C(=O)N[C@@H](Cc2ccccc2)[C@H](O)CNCc2cccc(OC)c2)c1,2.7
2464,CHEMBL2172000,Cc1nn(C)c2cc(N3CCN(C(=O)[C@@H]4CCCC[C@H]4C(=O)NC4(C#N)CC4)[C@H](C)C3)ccc12,2.7
2465,CHEMBL2010851,CN(C(=O)Cc1ccc(S(C)(=O)=O)cc1)[C@@H]1CCN(Cc2ccc(C(F)(F)F)cc2)C[C@@H]1F,2.7
2466,CHEMBL470915,N#Cc1nc(NC2CC3CCC2C3)c(N)c(N2CCOCC2)n1,3.53
2467,CHEMBL2036757,O=C(Nc1ccc(Cl)c(Cl)c1)N1CCN(C[C@@H]2CCCN(C3CC3)C2)CC1,3.57
2468,CHEMBL188504,COc1ccc(Oc2ncccc2C(=O)NCc2ccccc2Cl)cc1,3.59
2469,CHEMBL283334,O=c1c(-c2ccc(F)cc2)coc2cc(O)cc(O)c12,3.6
2476,CHEMBL183293,CN(C(=O)Cc1ccc(Cl)cc1)C1CCN(CCC(c2ccccc2)c2ccccc2)CC1,3.5
2480,CHEMBL1835904,CCOC(=O)c1ccc(COCC2CCN(c3ccc(C)nn3)CC2)cc1,2.68
2481,CHEMBL190243,C[C@@H](C(=O)NCCN1CCCC1)c1ccc(OS(=O)(=O)C(F)(F)F)cc1,1.64
2482,CHEMBL117368,Nc1ccc2cccc(Nc3ncccn3)c2n1,2.7
2483,CHEMBL1289349,O=C(COCc1ccncc1)N1CCC(c2ccc(Cl)cc2)CC1,2.74
2484,CHEMBL1288103,NC(=O)c1cnc(N[C@H]2CCCNC2)c2cc(-c3ccc(Cl)c(F)c3)sc12,2.76
2485,CHEMBL1778653,CCS(=O)(=O)c1ccc(-c2cc(C(F)(F)F)ccc2OCC(N)=O)c(C)c1,2.77
2486,CHEMBL1255978,Cc1c(-c2ccc(O)cc2)c(=O)oc2cc(O)ccc12,2.8
2492,CHEMBL478407,Cc1ncc(-c2ccnc(Nc3ccc(F)cc3)n2)n1C(C)C,3.62
2506,CHEMBL183709,CN(C(=O)Cc1ccc(O)cc1)C1CCN(CCC(c2ccccc2)c2ccccc2)CC1,3.3
2507,CHEMBL1212983,Cc1cc(C)c2c(N)c(C(=O)NCc3ccccc3)sc2n1,3.41
2508,CHEMBL2036733,Cc1cccc(Nc2nnc(C(=O)Nc3ccc(N4CCOCC4)nc3)o2)c1,3.42
2509,CHEMBL1464754,O=C(NC1CCCCC1)N1CCN(c2ccccc2Cl)CC1,3.78
2519,CHEMBL2088120,CC(C)Cn1c(=O)n(C)c(=O)c2c(-c3cncn3C)n(Cc3cccc4ccccc34)nc21,4.1
2520,CHEMBL2206790,COCC[C@H](Oc1ncnc2c1cnn2-c1ccccc1Cl)C(=O)Nc1ccc(C)cn1,3.6
2530,CHEMBL495383,O=C(Nc1cccc(CCO)c1)c1cc2cc(Cl)ccc2[nH]1,3.83
2531,CHEMBL2023475,CCn1cc(NC(=O)Cc2ccc(Oc3ccnc4ccc(F)cc34)cc2OC)cn1,3.88
2532,CHEMBL1875368,O=C(Cc1cccc2ccccc12)Nc1ccccc1,3.9
2533,CHEMBL91023,CC(C)(C)C(=O)NCc1ccc(NC(=O)N2CCCC(O)(c3ccc(Cl)c(Cl)c3)C2)cc1,3.93
2543,CHEMBL354788,NC1=NC(c2ccco2)Nc2c(F)ccc(F)c21,1.2
2544,CHEMBL441083,Cc1cccc(Nc2ncnc3ccccc23)c1,3.21
2545,CHEMBL2012856,Nc1cc2n[nH]c(=O)n2c2cc(-c3cccs3)ccc12,3.26
2546,CHEMBL274737,CC[C@H](CO)Nc1nc(SCc2ccccc2)nc2nc(N)sc12,3.27
2547,CHEMBL555013,Clc1ccc2[nH]ccc2c1,3.28
2550,CHEMBL56942,COc1cc(OC)cc(-c2cc3cnc(N)nc3nc2N)c1,2.14
2551,CHEMBL515311,Cc1ncc(-c2ccnc(Nc3ccc(N4CCN(C(=O)[C@H](C)O)CC4)cc3)n2)n1C(C)C,2.15
2562,CHEMBL469008,Cc1oc(S(C)(=O)=O)cc1-c1c2c(=O)n(C)c(=O)n(CC3CC3)c2nn1Cc1ccnc2ccc(Cl)cc12,3.2
2563,CHEMBL2335904,C[C@@H](NC1=CC(=O)CC1)c1ccc(Nc2ncc3cc(-c4ccncc4)ccc3n2)cc1,3.2
2564,CHEMBL1630742,NCCCCCc1c[nH]c2ccc(F)cc12,0.6
2565,CHEMBL1290078,Cc1nc(C(=O)N2CCCC3(CCN(Cc4ccc(Cl)cc4)CC3)C2)cs1,0.64
2570,CHEMBL550687,N=C(N)Nc1ccc(C(=O)Oc2ccc([N+](=O)[O-])cc2)cc1,0.5
2571,CHEMBL2325706,CS(=O)(=O)C1(c2cc(N3CCOCC3)nc(-c3cccc4[nH]ccc34)n2)CCNCC1,0.7
2572,CHEMBL1738761,N#Cc1ccc(Cl)cc1O[C@H](CCN)c1ccccc1,0.76
2575,CHEMBL1184124,CC(C)CC(c1ccccn1)n1[nH]c(=O)c2nc3cc(Cl)ccc3c(O)c2c1=O,1.83
2576,CHEMBL1089517,COCCOc1nc(N)c2[nH]c(=O)n(Cc3cccc(CC(=O)OC)c3)c2n1,1.86
2577,CHEMBL380005,CCN(C(=O)Cc1ccc(S(C)(=O)=O)cc1)C1CCN(CC[C@@H](c2ccc(F)cc2)c2ccc(S(C)(=O)=O)cc2)CC1,1.88
2578,CHEMBL1934271,CCC(CC)n1nc(C)c(C(=O)N[C@@H](C)C(C)(C)C)c1NS(=O)(=O)c1ccc(C)cc1,1.88
2579,CHEMBL1190521,CCOC(=O)C1(c2cccc(O)c2)CCCN(CC2CC2)C1,1.89
2580,CHEMBL1184126,O=c1[nH]n(C(c2ccccn2)C2CCCC2)c(=O)c2c(O)c3ccc(Cl)cc3nc12,1.9
2588,CHEMBL1619466,COc1ccc(-c2nc3n(c2Br)CCC3)cc1,3.3
2589,CHEMBL2335898,C[C@@H](NC(=O)C1CCCCN1C)c1ccc(Nc2ncc3cc(-c4ccncc4)ccc3n2)cc1,3.34
2590,CHEMBL1609158,CCCC(=O)Nc1ccc(Cl)c(-c2nc3ncccc3o2)c1,3.37
2595,CHEMBL2011931,COc1ccc(-c2nc3c(NCCCNC(=O)C4CC4)c(Br)cnc3[nH]2)cc1,1.71
2596,CHEMBL1448843,O=C(CSc1ccccc1)N1CCN(C(=O)c2ccco2)CC1,1.6
2606,CHEMBL208118,COc1cc2ncnc(Nc3cccc(Cl)c3F)c2cc1CN(C)[C@H](C)C(N)=O,3.44
2607,CHEMBL1835909,CCOC(=O)c1ccc(OCC2CCN(c3ccc(C)nn3)C2)cc1,3.44
2608,CHEMBL390674,Cc1cc(Oc2ccc3c(c2)OCO3)nc(Oc2ccc(-n3ccnc3)cc2)n1,3.47
2609,CHEMBL234950,O=C(NC1Cc2ccccc2N(CCCO)C1=O)c1cc2cc(Cl)sc2[nH]1,3.49
2610,CHEMBL56802,COc1cc2ncnc(Nc3cccc(C)c3)c2cc1OC,3.5
2611,CHEMBL179858,CN(C(=O)Cc1ccc(S(=O)(=O)N(C)C)cc1)C1CCN(CCC(c2ccccc2)c2ccccc2)CC1,3.5
2621,CHEMBL2335504,CC(=O)N[C@@H](C)c1ccc(Nc2ncc3cc(-c4ccncc4)ccc3n2)cc1,3.17
2622,CHEMBL439871,CC(C)Cn1c(=O)n(C)c(=O)c2c(C(=O)N3CC(C)(O)C3)c(Cc3ccccc3C(F)(F)F)sc21,3.18
2623,CHEMBL1779016,COc1cc(F)ccc1-c1cncc(CNC(=O)C2CCC2)c1,3.2
2624,CHEMBL2348651,CNc1nc(C)c(-c2nc(Nc3cccc(N4CCCN(C(C)=O)CC4)c3)ncc2C#N)s1,3.2
2625,CHEMBL1209736,O=S(=O)(NCC(c1ccccc1)N1CCCCCC1)c1ccc(Br)cc1,3.21
2626,CHEMBL1835903,CCOC(=O)c1ccc(OCCC2CN(c3ccc(C)nn3)C2)cc1,3.22
2627,CHEMBL1682944,CC[C@H](NC(=O)c1c(CS(C)(=O)=O)c(-c2ccccc2)nc2ccccc12)c1ccccc1,3.25
2630,CHEMBL1223955,NC(=O)c1cccc([S+]([O-])[C@H]2C[C@H]3CC[C@@H](C2)N3Cc2ccccc2)c1,1.1
2631,CHEMBL404957,CC(C)C[C@H](N)c1nnc(S(=O)(=O)Cc2ccc(F)cc2)o1,1.11
2633,CHEMBL1730736,C#CC(C)(C)NC(=O)c1sccc1Oc1ccc(F)cc1[N+](=O)[O-],3.0
2636,CHEMBL445496,CNC1=Nc2ncccc2C(c2cc[nH]c2)=NC1c1cccs1,1.73
2637,CHEMBL605114,COc1cccc(-c2ccc(/C=C3\SC(=S)N([C@@H](Cc4ccccc4)C(=O)O)C3=O)cn2)c1OC,1.5
2638,CHEMBL562690,O=C(NCC12CC3CC(CC(C3)C1)C2)c1cc(OC2CCNCC2)ncc1Cl,1.56
2639,CHEMBL32066,CNC(=O)c1cccc(S(=O)(=O)Nc2ncc(C)nc2OC)c1-c1ccc(CC(C)C)cc1,1.68
2646,CHEMBL1890087,CC(C)Nc1nc(NCc2ccccc2)c2sccc2n1,3.9
2647,CHEMBL2088118,C=CCn1c(=O)c2c(-c3nc(C#N)cn3C)n(Cc3ccnc4ccc(Cl)cc34)nc2n(CC2CC2)c1=O,3.92
2648,CHEMBL2068881,COc1ccc(-c2cccc3c(N)c4c(nc23)CN(C2CCC2)C4=O)c(C)n1,3.92
2649,CHEMBL1956163,O=C1[C@@H]2[C@@H]3CC[C@@H](C3)[C@@H]2C(=O)N1[C@H]1CC[C@H](C(=O)Nc2cccc3cccnc23)CC1,3.94
2650,CHEMBL1809049,COc1cc(OC2CCN(C(C)=O)CC2)ccc1Nc1ncc(Cl)c(-c2cnc3ccccn23)n1,4.0
2651,CHEMBL602745,CS(=O)(=O)N1CC[C@H](N(Cc2ccccc2Cl)c2ccc(C#N)c(Cl)c2)C1,4.0
2652,CHEMBL2216839,C[C@@H]1CN(Cc2nnc(-c3cc(-c4cccc5[nH]ccc45)cc4[nH]ncc34)o2)C[C@H](C)O1,4.01
2653,CHEMBL2087853,CC(C)n1c(=O)c2c(-c3cncn3C)n(Cc3ccnc4ccc(Cl)cc34)nc2n(CC2CC2)c1=O,4.02
2669,CHEMBL322019,C#CCN(c1ccnc(Nc2ccc(OCC(O)CN(C)C)cc2)n1)c1cc(Cl)ccc1Cl,3.2
2670,CHEMBL2036581,COc1ccc(NC(=O)c2nnc(Nc3ccccc3F)o2)cn1,3.2
2671,CHEMBL1809229,COc1cc(N2CCN(C(C)=O)CC2)ccc1Nc1ncc(Cl)c(-c2cnc3c(F)cc(F)cn23)n1,3.2
2672,CHEMBL1682824,O=C1CCOc2nc(/C=C/c3ccccc3)ccc21,3.2
2673,CHEMBL2349334,CC[C@H](CO)Nc1nc(SCc2ccccc2)nc2[nH]c(=O)sc12,3.22
2674,CHEMBL257006,C[C@H](CO)Nc1nc(SCc2cccc(F)c2F)nc2[nH]c(N)nc12,3.22
2675,CHEMBL574413,Cc1cc(Oc2ccnc(Nc3cccc(N4CCOCC4)c3)c2)c(-c2ccccn2)nc1C,3.27
2681,CHEMBL2171022,O=C(O)COc1cccc(C(=O)N2CCC(N3CCC(Oc4ccc(Cl)c(Cl)c4)CC3)CC2)c1,1.09
2682,CHEMBL475386,CNC1=Nc2ncccc2C(c2ncco2)=NC1c1cccs1,1.14
2683,CHEMBL1700458,COc1ccc(C=C2SC(=O)NC2=O)cc1OC,1.17
2685,CHEMBL1084327,O=C(O)CC(=O)N[C@@H]1c2ccccc2C[C@H]1NC(=O)c1cc2sc(Cl)c(Cl)c2[nH]1,1.18
2686,CHEMBL373974,CC(C)Cn1c(=O)n(C)c(=O)c2c(C(=O)N3C[C@@H](O)[C@@H](O)C3)c(Cc3ccnc4ccccc34)sc21,1.18
2687,CHEMBL452530,NC(=O)Nc1sc(-c2ccc(OCCN3CCCCC3)cc2)cc1C(N)=O,1.2
2688,CHEMBL1165028,O=C(NCCSCc1ccccc1)c1ccccc1,3.3
2701,CHEMBL2010836,CN(C(=O)Cc1ccc(-n2cnnn2)cc1)C1CCN(Cc2ccc(C(F)(F)F)cc2)CC1,3.0
2702,CHEMBL259081,O=c1nc(NCc2ccccc2)sn1Cc1ccccc1,3.01
2703,CHEMBL2335889,CC(=O)Nc1ccc(Nc2ncc3cc(-c4ccncc4)ccc3n2)cc1,3.04
2708,CHEMBL1689128,C[C@H]1CN(Cc2cc(Cl)ccc2OCC(=O)O)CCN1C(=O)Cc1ccc(Cl)cc1,1.21
2709,CHEMBL1800472,CN(CCNC[C@H](O)c1ccc(O)c2[nH]c(=O)sc12)C(=O)CCOCCc1ccccc1,1.21
2710,CHEMBL1224217,NC(=O)c1ccc(O[C@H]2C[C@H]3CC[C@@H](C2)N3Cc2ccccc2)nc1,1.25
2711,CHEMBL109244,O=C(NCCCCCCNCCc1ccc(O)c2nc(O)sc12)Nc1ccccc1,1.26
2712,CHEMBL1779497,O=C(NCC1CCCCC1)c1cc(-n2ncc(=O)[nH]c2=O)ccc1Cl,1.26
2713,CHEMBL346528,Oc1cc(-c2ccccc2)nc2ccnn12,1.3
2714,CHEMBL1789224,CNCC[C@@H](Oc1cc(C(F)(F)F)ccc1C#N)c1ccccc1,1.3
2715,CHEMBL2178948,Cc1nc(C)c(-c2ccc3c(c2)CC[C@]32CC[C@H](C(=O)O)CC2)nc1C(N)=O,1.3
2716,CHEMBL2035025,NC1(c2ccc(-c3ncc4nccn4c3-c3ccccc3)cc2)CCC1,1.3
2717,CHEMBL457887,Cc1ncc(-c2ccnc(Nc3ccc(S(=O)(=O)CCCN(C)C)cc3)n2)n1C(C)C,1.32
2718,CHEMBL168552,NS(=O)(=O)c1nc2ccccc2s1,1.35
2719,CHEMBL1456596,c1ccc(CN(Cc2ccccc2)c2nn[nH]n2)cc1,1.37
2720,CHEMBL1907194,OC1(c2ccccc2)CNCCc2ccccc21,1.38
2721,CHEMBL1643196,Cc1cc(CN2Cc3ccccc3C2C(=O)Nc2ccc(Cl)cc2)ccc1OCC(=O)O,1.38
2722,CHEMBL60066,O=C(Nc1ccc(F)cc1)c1ccc(Cl)[n+]([O-])c1,1.38
2723,CHEMBL1077827,CCOc1ccc(-n2c([C@@H](C)N(CC3CCN(C)CC3)C(=O)Cc3ccc(F)c(C(F)(F)F)c3)nc3ncccc3c2=O)cc1,1.4
2724,CHEMBL1539037,COc1ccc(NC(=O)CCc2c(C)nc3nc(C)nn3c2C)cc1,1.4
2725,CHEMBL2059909,CC(C)(C)NS(=O)(=O)c1cncc(-c2ccc3nc(N)nn3c2)c1,1.41
2726,CHEMBL1933592,C[C@H]1O[C@@H](n2cnc3c(N)nc(OC4CCC(F)(F)CC4)nc32)[C@H](O)[C@@H]1O,1.42
2755,CHEMBL402542,CCN1CCN(Cc2cnc(-c3ccc(C(=O)Nc4ccccc4N)cc3)c(Cl)c2)CC1,1.81
2756,CHEMBL2171042,Cc1cccc(S(=O)(=O)NC(=O)N2CCC(N3CCC(Oc4ccc(Cl)c(Cl)c4)CC3)CC2)c1,1.84
2757,CHEMBL1631466,Nc1c2c(nc3c(-c4ncccn4)cccc13)CN(C1CCC1)C2=O,1.85
2758,CHEMBL2088098,Cc1cc(CNc2nccc(Nc3cc(C)[nH]n3)n2)on1,1.86
2762,CHEMBL1779018,CCCC(=O)NCc1cncc(-c2ccc(F)cc2OC)c1,2.9
2763,CHEMBL556716,CS(=O)(=O)c1ccc(C(CCNC(=O)c2ccc(C#N)cc2)c2ccc(F)cc2)cc1,2.9
2764,CHEMBL1950856,CN[C@@H](C)C(=O)N[C@H](C(=O)N[C@H]1CCCN(CCc2ccc(Br)cc2)C1)C(C)(C)C,2.92
2765,CHEMBL1288221,NC(=O)c1cnc(N[C@H]2CCCNC2)c2cc(-c3ccc(F)c(Cl)c3)sc12,2.94
2766,CHEMBL214665,COc1cc(OC2CCN(C)CC2)c2c(Nc3c(Cl)ccc4c3OCO4)ncnc2c1,2.98
2767,CHEMBL2158790,Cc1c(OC2CCN(CC3CCN([C@@](C)(Cc4ccc(F)cc4)C(=O)O)CC3)CC2)ccc(Cl)c1Cl,2.98
2774,CHEMBL476578,CC(=O)N[C@@H]1CCN(c2ccc(Nc3ncc(F)c(-c4cnc(C)n4C(C)C)n3)cc2)C1,3.3
2775,CHEMBL1957841,O=c1cc(N2CCOCC2)nc2n(Cc3cccc4ccccc34)ccn12,3.3
2776,CHEMBL1258188,COc1ccc(-c2c(C)c3ccc(OC)cc3oc2=O)cc1,3.31
2777,CHEMBL1388277,CSc1ncccc1C(=O)NCCc1ccc(Cl)cc1,3.31
2778,CHEMBL378405,CC(C)Cn1c(=O)n(C)c(=O)c2c(S(=O)(=O)N3CC[C@@H](O)C3)c(Cc3ccccc3C(F)(F)F)sc21,3.32
2779,CHEMBL144960,O=c1ccoc2cc(OCc3ccccc3)ccc12,3.33
2780,CHEMBL234951,O=C(NC1Cc2ccccc2N(C[C@@H](O)CO)C1=O)c1cc2cc(Cl)sc2[nH]1,3.37
2781,CHEMBL1896037,O=C(c1ccccc1)C(O)(CN1CCCCC1)c1ccccc1,3.41
2786,CHEMBL2031235,Cc1ccc(NC(=O)c2ccno2)cc1-n1cnc2ccc(N3CCN(C)CC3)cc2c1=O,1.75
2787,CHEMBL214304,Cc1ccc2c(c1)c(-c1ccnc3cc(C(F)(F)F)ccc13)c(C)n2CC(=O)O,1.78
2788,CHEMBL1824376,O=C(Nc1cccc(O)c1)c1ccc(OCCCN2CCCC2)cc1OCc1ccccn1,1.78
2789,CHEMBL234524,O=C1c2ccc(O)cc2C(=O)N1c1ccc(O)cc1,1.8
2791,CHEMBL2326624,COc1cccc2c1c(NS(=O)(=O)c1ccc(Cl)s1)nn2Cc1cccc(CNC(=O)[C@@H]2COCCN2)c1,1.61
2793,CHEMBL1829250,CCC(c1nc2ccsc2c(=O)n1Cc1ccc(C)cc1)N(CCCN)C(=O)c1ccc(C)cc1,1.69
2800,CHEMBL1703518,CCN(CC)S(=O)(=O)c1ccc(-c2nnc(SCC(=O)N3CCc4ccccc43)o2)cc1,3.9
2801,CHEMBL1289113,O=C(COCc1ccncc1)N1CCN(c2ccc(F)cc2Cl)CC1,2.63
2802,CHEMBL436968,CC(C)Oc1cc(OCCN2CCOCC2)cc2ncnc(Nc3c(Cl)ccc4c3OCO4)c12,3.68
2803,CHEMBL433936,COCCOc1cc2nccc(Nc3cc(O)c(Cl)cc3F)c2cc1OC,2.64
2804,CHEMBL1809196,COc1cc(N2CCN(C(C)=O)CC2)ccc1Nc1ncc(C(F)(F)F)c(-c2cnc3ccccn23)n1,3.7
2805,CHEMBL1762157,CC1(C)C(=O)N(c2ccc(SC(F)(F)F)cc2)C(=O)N1Cc1ccnc(N2CCOCC2)c1,3.73
2806,CHEMBL2171017,COc1ccc(C(=O)NCCN2CCN(Cc3ccc(Cl)c(Cl)c3)CC2)cc1Cl,3.74
2807,CHEMBL65119,Nc1ccc2[nH]c(Cc3ccc(Oc4ccccc4)cc3)nc2c1,3.8
2821,CHEMBL514384,COCCS(=O)(=O)N1CCN(c2ccc(Nc3nccc(-c4cnc(C)n4C(C)C)n3)cc2)CC1,2.75
2822,CHEMBL140453,CC(O)(C(=O)Nc1ccc(S(=O)(=O)c2ccc(O)cc2)cc1)C(F)(F)F,2.78
2823,CHEMBL100945,C#CCN(c1cc(Nc2ccc(OCC(O)CN(C)C)cc2)ncn1)c1cc(Cl)ccc1Cl,2.8
2832,CHEMBL606371,Cc1cc(C)c(C(=O)N[C@@H](Cc2ccc(OCCCNc3ccccn3)cc2)C(=O)O)c(C)c1,0.49
2833,CHEMBL1256487,NC(=O)c1cccc(OC2CCN(CC3CC3)CC2)c1,0.49
2834,CHEMBL1934422,Cc1ccc(S(=O)(=O)Nc2c(C(=O)N[C@@H](C)C(C)(C)C)c(C)nn2C2CCOCC2)cc1,0.5
2835,CHEMBL1180267,CC(c1ccccn1)n1[nH]c(=O)c2nc3cc(Cl)ccc3c(O)c2c1=O,0.51
2836,CHEMBL1417095,O=c1c2ccccc2nc2n1CCO2,0.6
2837,CHEMBL129660,O=C(c1cc2ccccc2[nH]1)N1CCNCC1,0.6
2838,CHEMBL60088,N=C(N)c1cc2c(I)cccc2s1,0.74
2841,CHEMBL2011912,CNc1c(Br)cnc2[nH]c(-c3ccnc(N)c3)nc12,2.83
2851,CHEMBL355236,CCCc1c(OCc2ccc(-c3nn[nH]n3)cc2OC)ccc(C(C)=O)c1O,2.8
2852,CHEMBL2361579,Cc1cc2cc(C)c3nnc(SCC(=O)N4CCN(C(=O)c5ccco5)CC4)n3c2cc1C,2.8
2855,CHEMBL314034,CSc1nc(-c2ccccc2)nn1Cc1ccccc1,3.83
2856,CHEMBL89786,c1ccc(-c2ccc3ccccc3n2)cc1,4.0
2857,CHEMBL1257599,CNc1ncnc2c(CNc3cc(NC(=O)c4ccc5c(c4)OCCO5)ccc3C)cccc12,4.0
2860,CHEMBL2171043,O=C(NS(=O)(=O)c1cccc(Cl)c1)N1CCC(N2CCC(Oc3ccc(Cl)c(Cl)c3)CC2)CC1,2.62
2861,CHEMBL421236,C[C@H](NC(=O)Cc1cc(F)cc(F)c1)C(=O)NC1C(=O)N(C)c2ccccc2-c2ccccc21,3.6
2862,CHEMBL244521,CC(C)c1nc2ccc(-c3ccc(F)cc3)cc2c(=O)n1C[C@H]1CCCN(C(C)C)C1,3.6
2863,CHEMBL218713,Cc1ccc(COC(=O)N2CCC(CNc3ncccn3)CC2)cc1,3.6
2864,CHEMBL2180015,CC#Cc1ccnc(-c2cc(C3(C4CC4)N=C(C)C(N)=N3)ccc2O)c1,3.6
2865,CHEMBL444194,Cc1ncc(-c2ccnc(Nc3ccc(C#N)cc3)n2)n1C(C)C,3.62
2866,CHEMBL2088094,CCCc1cc(Nc2nc(NCc3cc(C)no3)ncc2Br)n[nH]1,3.63
2867,CHEMBL1081772,CC(=O)N(c1ccccc1)C1CC(C)N(S(=O)(=O)c2ccccc2)c2ccccc21,3.68
2868,CHEMBL563886,CCc1cc(C(=O)N[C@@H](Cc2cccc(Cl)c2)C(=O)NCC#N)n(C)n1,2.6
2870,CHEMBL1290746,Cc1ccc(C(=O)Nc2ccon2)cc1NC(=O)c1cnn(-c2ccccc2F)c1N,2.6
2872,CHEMBL11334,CC(C)c1ncc(NC(=O)OCc2ccccc2)c(=O)n1CC(=O)NC(C(=O)C(F)(F)F)C(C)C,2.63
2873,CHEMBL1079772,Nc1ncnc2sc(-c3c(-c4ccccc4)ncn3C[C@H]3CCCO3)nc12,2.65
2879,CHEMBL1556667,CSc1ncccc1C(=O)NCc1ccc(C)cc1,2.71
2884,CHEMBL205465,CC(C)Cn1c(=O)n(C)c(=O)c2c(C(=O)N3CCCCC3)c(Cc3ccccc3C(F)(F)F)sc21,4.07
2900,CHEMBL1951079,COc1cc(OC)c(S(=O)(=O)N2c3ccccc3CCC2C)cc1NC(=O)CCC(=O)O,-0.87
2901,CHEMBL2179667,Cc1cccc(Oc2cc(CN3CCC[C@H](n4cc(C)c(=O)[nH]c4=O)C3)ccc2C(=O)O)c1,-0.82
2902,CHEMBL1778642,CS(=O)(=O)c1ccc(-c2cc(Cl)ccc2OCC(=O)O)c(Cl)c1,-0.75
2903,CHEMBL1778629,CCS(=O)(=O)c1cccc(-c2cc(C(F)(F)F)ccc2OCC(=O)O)c1,-0.66
2904,CHEMBL2031562,Nc1cc(C(=O)Nc2cccc(-c3nnn[nH]3)c2)cc(C(F)(F)F)c1,0.2
2905,CHEMBL1624529,NC1C2CN(c3nc4c(cc3F)c(=O)c(C(=O)O)cn4-c3ccc(F)cc3F)CC12,0.3
2906,CHEMBL1917449,CC(=O)Nc1cccc2c1c(S(=O)(=O)c1ccc(Cl)cc1)c(C)n2CC(=O)O,0.4
2907,CHEMBL1682830,CCN1CCOc2cc(COc3ccccc3)cnc21,3.7
2920,CHEMBL476577,CC(=O)NC1CN(c2ccc(Nc3ncc(F)c(-c4cnc(C)n4C(C)C)n3)cc2)C1,2.76
2921,CHEMBL1631467,CCCNC(=O)c1nnc2c(-c3cncc(C(=O)N4CCC4)c3)cccc2c1N,2.79
2922,CHEMBL1289575,CC1(c2ccc(Cl)cc2)CCN(C(=O)COCc2ccncc2)CC1,2.79
2929,CHEMBL256348,NS(=O)(=O)c1ccc(Nc2nccc(Nc3c(Cl)ccc4c3OCO4)n2)cc1,2.7
2936,CHEMBL578201,Cc1cc(Nc2nc(N[C@@H](C)c3ccc(F)cn3)c(C#N)nc2C)n[nH]1,2.61
2938,CHEMBL190458,Cc1c(CCC(=O)O)c(=O)oc2c(C)c(O)ccc12,-0.3
2939,CHEMBL2031169,O=C(N[C@@H](Cc1ccc(OCCc2ccc3c(n2)NCCO3)cc1)C(=O)O)c1c(Cl)cccc1Cl,-0.18
2940,CHEMBL335759,C1CCc2c(c3c(N4CCCC4)nc(N4CCCC4)nc3n2CCN2CCOCC2)C1,3.6
2941,CHEMBL380936,Nc1nc(NCc2ccccc2)nc2c1nc(O)n2Cc1ccccc1,3.69
2942,CHEMBL249927,O=C(CO)N1CCC[C@@H]1COc1cccc2ncnc(Nc3ccc(OCc4ccccn4)c(Cl)c3)c12,3.71
2943,CHEMBL143305,Cc1cc(CCCOc2c(Cl)cc(C3=NCCO3)cc2Cl)on1,3.72
2946,CHEMBL496929,O=C(Nc1ccc(CCO)cc1)c1cc2cc(Cl)ccc2[nH]1,3.85
2947,CHEMBL91428,COc1cc2ncnc(Nc3cc4ccccc4cn3)c2cc1OC,3.9
2948,CHEMBL1987793,Cc1ccccc1-c1c(C(=O)O)n(CCCOc2cccc3ccccc23)c2ccccc12,3.89
2960,CHEMBL549620,O=C(CC12CC3CC(CC(C3)C1)C2)Nc1c(Cl)ccc2nc(CN3CCN(CCO)CC3)ccc12,2.93
2961,CHEMBL2087865,Cn1cc(C#N)cc1-c1c2c(=O)n(CCO)c(=O)n(CC3CC3)c2nn1Cc1ccnc2ccc(Cl)cc12,3.0
2963,CHEMBL551360,O=C(CC12CC3CC(CC(C3)C1)C2)Nc1cccc2c(=O)n(C(CO)CO)ccc12,2.62
2978,CHEMBL366205,O=C(C(=O)c1cc(Br)ccc1O)c1cc(Br)ccc1O,3.85
2979,CHEMBL1644331,c1ccc(Sc2ccc3ccccc3n2)cc1,3.92
2980,CHEMBL2023474,CCn1cc(NC(=O)Cc2ccc(Oc3ccnc4cc(F)ccc34)cc2OC)cn1,3.93
2981,CHEMBL469007,Cn1c(=O)c2c(-c3oc(S(C)(=O)=O)cc3Cl)n(Cc3ccnc4ccc(Cl)cc34)nc2n(CC2CC2)c1=O,3.97
2982,CHEMBL480370,CCNC1=Nc2ccccc2C(c2ccccc2)=NC1c1cccs1,3.98
2983,CHEMBL249789,OC[C@H]1C[C@@H](n2nnc3c(N[C@@H]4C[C@H]4c4ccc(F)c(F)c4)nc(SCCC(F)(F)F)nc32)[C@H](O)[C@@H]1O,3.99
2984,CHEMBL180184,CCN(C(=O)NCc1ccccc1)C1CCN(CCC(c2ccccc2)c2ccccc2)CC1,4.0
2985,CHEMBL350563,CCO/N=C(\c1ccc(Br)cc1)C1CCN(C2(C)CCN(C(=O)c3c(Cl)cncc3Cl)CC2)CC1,4.0
2986,CHEMBL250389,COC1CCN(C(=O)C2CCN(CCc3c(-c4cc(C)cc(C)c4)[nH]c4sc(C(C)(C)C(=O)N5C6CCC5CC6)cc34)CC2)CC1,4.09
2991,CHEMBL1669154,O=C(CN1CCOCC1)Nc1ccc(-c2cccc3c(=O)cc(N4CCOCC4)oc23)cc1OCC1CC1,3.3
2992,CHEMBL1223455,Cc1cc2n[nH]c(=O)n2c2cc(-c3cccc(CO)c3)ccc12,3.36
2993,CHEMBL485240,CCCS(=O)(=O)c1ccc(Nc2nccc(-c3cnc(C)n3C(C)C)n2)cc1,3.37
2994,CHEMBL176219,N#Cc1cccc(-c2ccc(C3(CNC(=O)Nc4cc(Cl)cc(Cl)c4)CCN(CC4CC4)CC3)cc2)c1,3.37
2995,CHEMBL1783284,COc1ccc(-c2c(F)ccc3c(N)c(C(=O)NC4CC4)nnc23)c(OC)n1,3.37
2996,CHEMBL325486,CS(=O)(=O)n1c2ccccc2c2cc(NC(=O)CCc3ccncc3)ccc21,3.4
2997,CHEMBL327151,O=C(CCc1ccncc1)Nc1ccc(C(=O)c2ccccc2)cc1,3.4
2998,CHEMBL24137,COc1cc2c(Nc3ccc(Cl)cc3F)ncnc2cc1OCCCN1CCOCC1,3.4
2999,CHEMBL187392,Oc1ccc(-c2nc3cc(O)ccc3o2)cc1,3.4
3000,CHEMBL583390,CCOc1ccc2nc(NC(=O)CC)sc2c1,3.4
3001,CHEMBL1669170,O=C(CN1CCOCC1)Nc1ccc(-c2cccc3c(=O)cc(N4CCOCC4)oc23)cc1-c1ccccc1,3.4
3002,CHEMBL1809055,COc1cc(C(=O)N2CCOCC2)ccc1Nc1ncc(Cl)c(-c2cnc3ccccn23)n1,3.4
3003,CHEMBL2023350,Cc1nn(C2CCN(C)CC2)cc1-c1cnc(N)c(-c2nc3ccccc3o2)c1,3.4
3004,CHEMBL560241,Cc1cc(-c2ccc(Cl)c(C(=O)NCC3(O)CCCCCC3)c2)n[nH]1,3.41
3005,CHEMBL207687,COc1cc2ncnc(Nc3cccc(Cl)c3F)c2cc1CN(C)[C@@H](C)C(N)=O,3.42
3028,CHEMBL1306071,COc1ccc(Cl)cc1NC(=O)Nc1cnccn1,3.63
3029,CHEMBL2206523,CN1Cc2ccccc2C(c2ccc(Cl)cc2)C1,3.64
3030,CHEMBL44227,Oc1ccc(-c2nc3ccc(O)cc3s2)cc1,3.65
3032,CHEMBL183843,COc1ccc(C(=O)Nc2cccc(NC(=O)c3cccc(N(C)C)c3)c2)cc1OC,3.67
3034,CHEMBL242541,Nc1ccc2ncnc(Nc3ccc(F)c(Cl)c3)c2c1,2.64
3036,CHEMBL1762543,Cc1ccc(CO)cc1N(C)c1ccnc(Nc2cc(OC3CCOCC3)cc(N3CCOCC3)c2)n1,3.7
3039,CHEMBL178457,Cc1c(-c2ccc3c(c2)OCO3)c(=O)n(C[C@H](N)c2ccccc2)c(=O)n1Cc1c(F)cccc1F,2.67
3041,CHEMBL1289465,O=C(COCc1ccncc1)N1CCC(c2ccc(F)cc2Cl)CC1,2.7
3042,CHEMBL464081,CC1(C)[C@@H]2CC[C@@]1(CS(=O)(=O)N1CCN(c3ccc(C(F)(F)F)cn3)CC1)C(=O)C2,3.8
3043,CHEMBL178397,Cc1nc(-c2ccc(CN3CCC(n4c(=O)[nH]c5ccccc54)CC3)cc2)c(-c2ccccc2)[nH]c1=O,3.8
3050,CHEMBL457016,COCCNS(=O)(=O)c1ccc(Nc2nccc(-c3cnc4cccnn34)n2)cc1,2.8
3055,CHEMBL471578,N#Cc1nc(Nc2ccccc2)c(N)c(N2CCOCC2)n1,2.72
3056,CHEMBL110940,CCCN(CCCOCCOCCc1ccccc1)CCc1ccc(O)c2nc(O)sc12,2.74
3057,CHEMBL91863,Cc1ccccc1Nc1ncnc2ccccc12,2.85
3058,CHEMBL508739,Cc1cc(Nc2ncc(F)c(-c3cnc(C)n3C(C)C)n2)ccc1C(=O)N(C)C,2.86
3059,CHEMBL109205,CC(C)[C@@H](CN1CCCCC1)N(C)C(=O)Cc1ccc(Cl)c(Cl)c1,2.87
3074,CHEMBL2172005,COc1ccc(N2CCN(C(=O)[C@@H]3CCCC[C@H]3C(=O)NC3(C#N)CC3)[C@H](C)C2)cc1OC,1.85
3075,CHEMBL50627,O=C1C(=O)c2cccnc2-c2ccccc21,1.88
3076,CHEMBL290548,COC(=O)N1CCN(c2ccnc(-n3ccnc3)n2)C(CC(=O)NCc2ccc3c(c2)OCO3)C1,1.88
3077,CHEMBL2048863,N[C@H]1CCN(c2c(Cl)cccc2/C=C2\SC(=O)NC2=O)C1,1.89
3078,CHEMBL1951918,CCN(C(=O)Cc1ccc(S(C)(=O)=O)cc1)C1CCN(CC[C@@H](c2cccc(C(F)(F)F)c2)C2CCN(S(C)(=O)=O)CC2)CC1,1.9
3079,CHEMBL1950850,CN[C@@H](C)C(=O)N[C@H](C(=O)N[C@H]1CCCN(CCc2ccc(F)cc2)C1)C1CCCCC1,2.39
3080,CHEMBL453053,NC(=O)Nc1sc(-c2ccc(CNC3CCCC3)cc2)cc1C(N)=O,1.22
3081,CHEMBL339670,N#Cc1c(C(=O)O)n(Cc2ccc(Cl)c(Cl)c2)c2ccccc12,1.26
3093,CHEMBL1784354,CC(C)(CS(=O)(=O)N1CCN(c2ccc(F)cc2)CC1)N(O)C=O,1.07
3094,CHEMBL2178940,Cc1nc(C)c(-c2ccc([C@H]3CC[C@H](Cc4nnn[nH]4)CC3)cc2)nc1C(N)=O,1.4
3095,CHEMBL168899,O=C1Nc2ccccc2B(O)N1c1ccccc1,1.4
3110,CHEMBL126857,CCN(CC)C(=O)c1ccc(C(=C2CCNCC2)c2ccc(Cl)c(Cl)c2)cc1,2.4
3123,CHEMBL381724,COc1cc2c(Nc3cnc(NC(=O)c4ccccc4)nc3)ncnc2cc1OCCCN1CCOCC1,2.7
3124,CHEMBL184659,COc1cc2ncnc(Nc3cc(NC(=O)c4ccnc(N5CCOCC5)c4)ccc3C)c2cc1OCCN1CCCC1,2.7
3125,CHEMBL140689,CCn1c(=O)ccc2cnc(Nc3ccc(OC)c(OC)c3)nc21,2.7
3126,CHEMBL509881,Cc1ncc(-c2nc(Nc3ccc(C(N)=O)cc3)ncc2F)n1C(C)C,2.7
3127,CHEMBL513533,Cn1c(=O)c2c(-c3ccc(S(C)(=O)=O)o3)n(Cc3ccnc4ccc(Cl)cc34)nc2n(CC2CC2)c1=O,2.71
3128,CHEMBL1313164,Cc1nc(CSc2ccc(Cl)cc2)cc(N2CCOCC2)n1,3.38
3130,CHEMBL420055,COc1cc(C(=O)NS(=O)(=O)c2ccccc2)ccc1Cn1cnc2ccc(NC(=O)CC3CCCC3)cc21,0.9
3132,CHEMBL2332935,CC(=O)Nc1ccc(O)cc1OC[C@@H](O)CN1CCC2(CC1)Cc1cc(Cl)ccc1O2,2.76
3138,CHEMBL1962631,N=C(N)NC(=O)c1nc(Cl)c(NCc2ccccn2)nc1N,-0.56
3139,CHEMBL2177758,Nc1nnc(CCSCCc2nnc(N)s2)s1,-0.1
3140,CHEMBL133996,C=CCc1cc(NC(C)=O)ccc1OCCCNC(C)C,-0.01
3143,CHEMBL561339,CCN(CC)C(=O)c1ccc(C2=CC3(CCNCC3)Oc3ccccc32)c(O)c1,0.77
3144,CHEMBL193757,CC(C)Oc1cc(OCCc2cccnc2)cc(C(=O)Nc2ccc(C(=O)O)cn2)c1,0.81
3153,CHEMBL2062577,CC(=O)N(C)c1ccc2ccn(-c3cc(NC4CC4)n4ncc(C#N)c4n3)c2c1,2.9
3154,CHEMBL1682793,O=c1ccnc2cc(C#Cc3ccccc3)ccn12,2.9
3155,CHEMBL1779019,COc1cc(F)ccc1-c1cncc(CNC(=O)C2CC2)c1,2.9
3156,CHEMBL300664,O=C1C(=O)c2cc(-c3ccccc3F)ccc2-c2ccccc21,2.92
3157,CHEMBL1800526,COc1ccnc(CCc2nc3cc(Br)cnc3[nH]2)c1,2.92
3158,CHEMBL1079428,Cn1cnc(-c2ccccc2)c1-c1cc2c(N)ncnc2s1,2.94
3159,CHEMBL1079588,CCn1cnc(-c2ccccc2)c1-c1nc2c(N)ncnc2s1,2.97
3160,CHEMBL168418,O=C(NCc1ccccc1)c1cccnc1Oc1ccccc1,3.0
3161,CHEMBL140642,CC(O)(C(=O)Nc1ccc2c(c1)-c1ccccc1S2(=O)=O)C(F)(F)F,3.0
3162,CHEMBL453655,CNC(=O)c1ccc(Nc2ncc(F)c(-c3cnc(C)n3C(C)C)n2)cc1,3.0
3163,CHEMBL1809060,COc1cc(N2CC3COCC(C2)N3)ccc1Nc1ncc(Cl)c(-c2cnc3ccccn23)n1,3.0
3164,CHEMBL1669161,C=CCOc1cc(-c2cccc3c(=O)cc(N4CCOCC4)oc23)ccc1NC(=O)CN1CCOCC1,3.0
3165,CHEMBL403672,COc1cc(Nc2ncnc(Nc3c(Cl)ccc4c3OCO4)n2)cc(OC)c1OC,3.01
3166,CHEMBL472258,COc1ccc(N(C(=O)c2ccccc2)C(C)C(=O)NC2CCCC2)c(OC)c1,3.02
3167,CHEMBL549635,O=C(CC1CCN(Cc2ccn(-c3ccc(C(F)(F)F)cc3)c2)CC1)N(CCCO)Cc1ccc(F)cc1,3.04
3169,CHEMBL521815,CN1CCN(C(=O)c2cc(Cc3n[nH]c(=O)c4ccccc34)ccc2F)CC1,1.03
3170,CHEMBL2021706,CCC[C@@H](CNC(=O)c1nc(Cl)c(N)nc1N)[N+](C)(C)CCCc1ccc(OC)cc1,0.4
3171,CHEMBL113014,CC(C)C(NC(=O)Cn1c(-c2ccccc2)ccc(NC(=O)NCc2ccccn2)c1=O)C(=O)C(F)(F)F,2.15
3172,CHEMBL475387,CNC1=Nc2ncccc2C(c2ccns2)=NC1c1cccs1,2.15
3174,CHEMBL226960,COC(=O)c1ccc(C(C)n2[nH]c(=O)c3[nH]c4cc(Cl)ccc4c(=O)c3c2=O)cc1,1.3
3176,CHEMBL469728,COc1ccc(N(C(=O)c2occc2Cl)C(C(=O)NC[C@@H](C)O)c2ccccc2F)c(OC)c1,2.18
3177,CHEMBL564535,CN(C)C[C@H](O)Cc1ccc(Cl)c(C(=O)NCC23CC4CC(CC(C4)C2)C3)c1,2.19
3178,CHEMBL2035029,NC1(c2ccc(-c3ncc4cnccc4c3-c3ccccc3)cc2)CCC1,2.2
3179,CHEMBL1224288,Oc1cccc(O[C@H]2C[C@H]3CC[C@@H](C2)N3Cc2ccccc2)c1,2.3
3180,CHEMBL1682827,O=C1CCOc2nc(COc3ccccc3)ccc21,2.3
3181,CHEMBL330366,COc1cc(C(=O)N2CC[C@](CCN3CCC(C(N)=O)(c4ccccc4)CC3)(c3ccc(Cl)c(Cl)c3)C2)cc(OC)c1OC,3.23
3182,CHEMBL1940286,COc1ccc(CNC(=O)c2ccc(Oc3ccc(C#C[C@]4(O)CN5CCC4CC5)cc3)cc2)nc1,3.1
3183,CHEMBL1809064,COc1cc(N2CCN(CCS(C)(=O)=O)CC2)ccc1Nc1ncc(Cl)c(-c2cnc3ccccn23)n1,3.1
3191,CHEMBL341161,O=C1O[C@@H](COc2ccon2)CN1c1ccc(C2=CCOCC2)c(F)c1,2.61
3192,CHEMBL257478,Cc1ccc(Oc2ccc(Nc3ncnc4cccc(O[C@H](C)C(=O)N(C)CCO)c34)cc2C)cn1,3.85
3196,CHEMBL520925,COc1cc2ncc(C(N)=O)c(Nc3cccc(Cl)c3F)c2cc1OC,3.6
3197,CHEMBL202626,O=C(Nc1ccccc1F)NC1N=C(c2ccccc2)c2ccccc2NC1=O,3.8
3214,CHEMBL2088101,Cc1cc(Nc2nc(NCc3ccccn3)ncc2Br)n[nH]1,2.8
3215,CHEMBL1184160,CC(O)C(C)OC(=O)[C@@H]1CC2c3cccc4c3c(cn4C(C)C)CC2N(C)C1,2.8
3227,CHEMBL2059862,Cc1ccc(-c2ncc(C)n2C)cc1NC(=O)c1ccc(OCc2ccccn2)cc1,2.67
3228,CHEMBL326642,O=S(=O)(CCCOCCSc1ccccc1)CCNCCc1ccc(O)c2nc(O)sc12,2.68
3229,CHEMBL382565,NC(=O)c1cc(-c2ccccc2)sc1N,2.7
3230,CHEMBL281066,CCC(CC)CNC(=O)c1ccc2c(c1)c(Cc1ccc(C(=O)NS(=O)(=O)c3ccccc3C)cc1OC)cn2C,2.7
3231,CHEMBL382435,CCN(C(=O)Cc1ccc(S(C)(=O)=O)cc1)C1CCN(CC[C@H](c2ccc(S(C)(=O)=O)cc2)c2cc(F)cc(Cl)c2)CC1,2.71
3232,CHEMBL1223459,Cc1cc2n[nH]c(=O)n2c2cc(-c3cccnc3)ccc12,2.72
3236,CHEMBL1180257,CCC(c1ccncc1)n1[nH]c(=O)c2[nH]c3cc(Cl)ccc3c(=O)c2c1=O,0.6
3237,CHEMBL520902,CS(=O)(=O)c1ccc(-c2cc(C(=O)N[C@H]3CCCNC3)c(NC(N)=O)s2)cc1,0.68
3247,CHEMBL2036587,O=C(Nc1ccc(N2CCOCC2)nc1)c1nnc(Nc2ccccc2)o1,2.9
3248,CHEMBL2059005,CCCSc1nc2ccc(NC(=O)CCNC(N)=O)cc2s1,2.9
3249,CHEMBL1939560,C[C@H](c1nc2ncccc2c(=O)n1-c1ccc(Cl)cc1)N(CC1CCS(=O)(=O)CC1)C(=O)Cc1ccc(C(F)(F)F)c(F)c1,2.9
3250,CHEMBL1236772,CS(=O)(=O)c1cccc(Nc2nccc(Nc3cccc4[nH]ncc34)n2)c1,2.91
3251,CHEMBL2137932,CC(O)(C(=O)c1ccccc1)c1ccccc1,2.92
3252,CHEMBL1576727,COc1ccc(C(=O)C2CCN(C(=O)c3ccc(F)cc3)CC2)cc1,2.92
3253,CHEMBL2086657,CC(C)(C)OC(=O)N1CCN(c2ncc(OCc3ccc(S(C)(=O)=O)cc3)nn2)CC1,2.93
3254,CHEMBL2171045,O=C(NS(=O)(=O)c1cccc(C(F)(F)F)c1)N1CCC(N2CCC(Oc3ccc(Cl)c(Cl)c3)CC2)CC1,2.94
3255,CHEMBL2011916,CNc1c(Br)cnc2[nH]c(-c3ccc(OCCCN4CCOCC4)cc3)nc12,2.96
3256,CHEMBL220346,Nc1ncccc1NCc1cccc(-c2cccnc2)c1,3.0
3257,CHEMBL2010833,CN(C(=O)Cc1ccc(S(C)(=O)=O)c(F)c1)C1CCN(Cc2ccc(C(F)(F)F)cc2)CC1,3.0
3258,CHEMBL2153302,CCCOc1nc(N2CCC[C@@H](CC(=O)O)C2)ccc1C(=O)NC1CCCCC1,2.81
3259,CHEMBL148313,Cc1ccc(S(=O)(=O)Nc2ccc(/C=C/C(=O)Nc3ccccc3N)cc2)cc1,2.82
3260,CHEMBL514690,Cc1ncc(-c2ccnc(Nc3ccc(N4CCOCC4)cc3)n2)n1C(C)C,2.88
3261,CHEMBL2012204,Cc1cc([C@H](O)[C@](C)(OCc2ccc(-c3ccccc3)cc2)C(=O)NO)no1,2.88
3267,CHEMBL1090173,O=C(CO)N1CCC(c2n[nH]c(-c3ccc(Cl)cc3)c2-c2ccncn2)CC1,1.85
3268,CHEMBL1330968,Cc1occc(=O)c1OCc1ccccc1,1.87
3269,CHEMBL424378,CCCc1c(OCc2cccc(NC(=O)c3ccccc3C(=O)O)c2)ccc(C(C)=O)c1O,1.9
3270,CHEMBL99689,CN(C)CC(O)COc1ccc(Nc2nccc(Nc3ccccc3C#N)n2)cc1,1.2
3271,CHEMBL325873,CC(C)C(NC(=O)Cn1c(-c2cccc(C(=O)O)c2)ccc(NC(=O)OCc2ccccc2)c1=O)C(=O)C(F)(F)F,1.2
3272,CHEMBL255244,CCN1CCN(Cc2cnc(-c3ccc(C(=O)Nc4ccccc4N)cc3)c(C)c2)CC1,1.2
3273,CHEMBL1916281,Cc1ccc(S(=O)(=O)Nc2c(C(=O)NC(C)C(C)(C)C)c(C)nn2-c2ccccc2)cc1,1.21
3274,CHEMBL515515,CN(C)CCCNS(=O)(=O)c1ccc(Nc2nccc(-c3cnc4cccnn34)n2)cc1,1.4
3275,CHEMBL254192,Cc1ccc(C(=O)N(CCCN)Cc2nc3cc(Cl)ccc3c(=O)n2Cc2ccccc2)cc1,1.47
3299,CHEMBL572823,COc1cc(Nc2cc(Oc3cccnc3C)ccn2)cc(OC)c1OC,3.19
3300,CHEMBL150606,COc1cc2c(Nc3ccc(Cl)cc3F)ncnc2cc1OCCn1cncn1,3.2
3301,CHEMBL2036738,O=C(Nc1ccc(N2CCOCC2)cc1)c1nnc(NC(=O)C2(c3ccc(Cl)cc3)CCC2)o1,3.2
3302,CHEMBL1630120,COCCN1CCN(CC(=O)Nc2ccc(-c3cccn4c(=O)cc(N5CCOCC5)nc34)c3sc4ccccc4c23)CC1,3.2
3303,CHEMBL1809197,COc1cc(N2CCN(C(C)=O)CC2)ccc1Nc1ncc(OC)c(-c2cnc3ccccn23)n1,3.2
3304,CHEMBL1809199,COc1cc(N2CCN(C(C)=O)CC2)ccc1Nc1ncc(Cl)c(-c2cnc3c(C)cccn23)n1,3.2
3305,CHEMBL1887445,CCCC(=O)N1CCN(c2nnc(-c3ccccc3)c3ccccc23)CC1,3.2
3306,CHEMBL573735,COc1cc(Nc2cc(Oc3ccc(C)nc3)ccn2)cc(OC)c1OC,3.21
3307,CHEMBL250132,C[C@H](CN(C)C(=O)CO)Oc1cccc2ncnc(Nc3ccc(OCc4ccccn4)c(Cl)c3)c12,3.22
3308,CHEMBL475817,Nc1ncc(NC(=O)c2cc(NC(=O)c3cccc(C(F)(F)F)c3)ccc2Cl)cc1Cl,3.26
3309,CHEMBL1683446,C[C@@H](C[C@@](C)(CS(=O)(=O)N1CCN(CCc2ccc(Cl)cc2Cl)CC1)N(O)C=O)c1ncc(F)cn1,3.27
3310,CHEMBL193,COC(=O)C1=C(C)NC(C)=C(C(=O)OC)C1c1ccccc1[N+](=O)[O-],3.29
3311,CHEMBL134194,Nc1cccc(C(=O)NCC23CC4CC(CC(C4)C2)C3)c1Cl,3.29
3312,CHEMBL555033,O=C(CC1CCCCC1)Nc1c(Cl)ccc2nc(NCCCO)ccc12,3.29
3313,CHEMBL1223526,Cc1cc2n[nH]c(=O)n2c2cc(-c3ccc[nH]3)ccc12,3.29
3314,CHEMBL421604,CS(=O)(=O)Nc1ccc(CCOCCCS(=O)(=O)CCNCCc2ccc(O)c3nc(O)sc23)cc1,1.34
3315,CHEMBL577458,Nc1nc(SCc2ccccc2)nc2c1ncn2[C@@H]1O[C@H](CO)[C@@H](O)[C@H]1O,1.24
3322,CHEMBL481312,CC(=O)N(C)c1ccccc1,1.1
3323,CHEMBL1643203,Cc1cc(CN2Cc3cccnc3CC2C(=O)Nc2ccc(Cl)cc2Cl)ccc1OCC(=O)O,1.15
3324,CHEMBL1809207,COc1cc(N2CCN(C(C)=O)CC2)ccc1Nc1ncc(Cl)c(-c2cnc3cc(CO)ccn23)n1,3.1
3325,CHEMBL593300,Cn1c(CN2CCN(c3ccccc3)CC2)nc2ccccc21,3.11
3326,CHEMBL1617016,Nc1c2c(nc3ccc(Br)cc13)N(c1ccccc1)CC2,3.12
3327,CHEMBL1950851,CN[C@@H](C)C(=O)N[C@H](C(=O)N[C@H]1CCCN(CCc2ccc(F)cc2)C1)C(C)(C)C,3.12
3332,CHEMBL1800656,CCN(CCNCCc1ccc(O)c2[nH]c(=O)sc12)C(=O)CCOCCc1ccccc1,1.92
3333,CHEMBL2172001,Cc1nnc(C)c2cc(N3CCN(C(=O)[C@@H]4CCCC[C@H]4C(=O)NC4(C#N)CC4)[C@H](C)C3)ccc12,1.93
3334,CHEMBL1975242,O=C(Nc1nc2c(=O)[nH]cnc2s1)c1ccccc1,1.94
3335,CHEMBL385049,COc1cc2c(Nc3cc(CC(=O)Nc4cccc(F)c4F)[nH]n3)ncnc2cc1OCCCN1CCC[C@@H]1CO,1.96
3336,CHEMBL388473,O=C1c2ccc(O)cc2C(=O)N1c1cccc(O)c1,2.0
3337,CHEMBL2010841,Cc1nc(-c2ccc(CN3CCC(N(C)C(=O)Cc4ccc(-n5cnnn5)cc4)CC3)cc2)no1,2.1
3338,CHEMBL2010848,CN(C(=O)Cc1ccc(-n2cnnn2)cc1)[C@@H]1CCN(Cc2ccc(C(F)(F)F)cn2)C[C@@H]1F,2.1
3365,CHEMBL443809,CS(=O)(=O)n1c2ccccc2c2cc(NC(=O)N3CCOCC3)ccc21,2.7
3372,CHEMBL409494,Nc1ccccc1NC(=O)c1ccc(C2CCN(CCC(=O)Nc3ccccc3F)CC2)cc1,2.76
3373,CHEMBL179242,O=c1cc(N2CCOCC2)nc2c3ccccc3ccn12,2.78
3374,CHEMBL233238,O=C(CN1C(=O)C(NC(=O)c2cc3cc(Cl)sc3[nH]2)Cc2ccccc21)NC(CO)CO,2.61
3375,CHEMBL1762539,Cc1ccc(CO)cc1N(C)c1ccnc(Nc2cc(N3CCOCC3)cc(N3CCN(C)CC3)c2)n1,2.61
3376,CHEMBL393714,Cn1c(-c2ccncc2)cc2onc(-c3ccccc3)c2c1=O,2.61
3381,CHEMBL2171021,Cc1c(Cl)ccc(OC2CCN(C3CCN(C(=O)c4cccc(S(C)(=O)=O)c4)CC3)CC2)c1Cl,3.33
3382,CHEMBL79537,COc1cc(C(=O)NS(=O)(=O)c2ccccc2)ccc1Cn1ccc2ccc(C(=O)NCC3CCCC3)cc21,1.93
3383,CHEMBL1224286,CNC(=O)c1cccc(O[C@H]2C[C@H]3CC[C@@H](C2)N3Cc2ccccc2)c1,1.93
3384,CHEMBL2030440,CS(=O)(=O)Cc1cc(N2CCOCC2)nc(-c2ccccc2)n1,1.94
3385,CHEMBL1560828,CCc1cccc2c(C#N)cn(CC(=O)NCCOC)c12,1.95
3386,CHEMBL238620,COc1ccc(C(=O)CS(=O)(=O)c2ccccc2)cc1,1.96
3387,CHEMBL570002,Cc1cc(Nc2cnc(C#N)c(N[C@@H](C)c3ncc(F)cn3)n2)n[nH]1,1.96
3388,CHEMBL563545,O=C1/C(=N\O)c2ccccc2N1Cc1ccccc1[N+](=O)[O-],2.07
3389,CHEMBL224195,COc1cc(N2CCCN(C)CC2)c2[nH]c(C(=O)Nc3ccc(N4CCOCC4)cc3)cc(=O)c2c1,2.1
3391,CHEMBL2010849,CN(C(=O)Cc1ccc(-n2cnnn2)cc1)[C@@H]1CCN(Cc2ccc(C(F)(F)F)nc2)C[C@@H]1F,1.8
3393,CHEMBL1288009,COc1ccc(-c2cc3c(N[C@H]4CCCNC4)ncc(C(N)=O)c3s2)cc1,1.82
3396,CHEMBL235789,O=C(NCC12CC3CC(CC(C3)C1)C2)c1cc(CN2CCNCC2)ccc1Cl,1.84
3398,CHEMBL13863,CC(C)C(NC(=O)Cn1c(-c2ccccc2)cc2c(O)nc(O)nc2c1=O)C(=O)C(F)(F)F,1.88
3401,CHEMBL246746,Clc1ccc2[nH]ncc2c1,2.44
3403,CHEMBL1950848,CN[C@@H](C)C(=O)N[C@H](C(=O)N[C@H]1CCCN(CCc2ccccc2F)C1)C1CCCCC1,2.51
3404,CHEMBL236859,Cc1sc(CN2CCNCC2)cc1C(=O)NCC12CC3CC(CC(C3)C1)C2,2.55
3405,CHEMBL111732,CN(CCc1ccc(O)c2nc(O)sc12)CCN(C)C(=O)CCOCCc1ccccc1,2.59
3408,CHEMBL275043,CC(C)C(NC(=O)Cn1c(-c2ccccc2)ccc(NC(=O)OCc2ccncc2)c1=O)C(=O)C(F)(F)F,2.41
3409,CHEMBL2062583,CC(=O)Nc1ccc2c(c1)c(-c1cc(NC3CC3)n3ncc(C#N)c3n1)cn2CCCO,2.48
3423,CHEMBL455468,Cc1ncc(-c2ccnc(Nc3ccc(C(=O)NC4CCN(C)CC4)cc3)n2)n1C(C)C,1.87
3432,CHEMBL142715,c1ccc(-c2ccc(COc3ccc4c(c3)CCC(CCN3CCCCC3)C4)cc2)cc1,3.3
3433,CHEMBL2036732,O=C(Nc1ccc(N2CCOCC2)nc1)c1nnc(Nc2cccc(OCc3cccnc3)c2)o1,3.3
3434,CHEMBL1762544,COCCOc1cc(Nc2nccc(N(C)c3cc(CO)ccc3C)n2)cc(N2CCOCC2)c1,3.3
3435,CHEMBL572016,Cc1cnc(-c2cc(NC(=O)c3ccc(C(F)(F)F)nc3C)ccc2Cl)[nH]1,3.3
3436,CHEMBL1955881,N#Cc1c(-c2ccc(-c3ccccc3C(F)(F)F)cc2)nc2ccncc2c1O,3.3
3437,CHEMBL1682823,O=C1CCOc2nc(C#CC3CCCCC3)ccc21,3.3
3438,CHEMBL1681799,CN1CCOc2cc(COc3ccccc3)cnc21,3.3
3439,CHEMBL1345333,c1ccc(Nc2[nH]nnc2-c2ccccc2)cc1,3.37
3451,CHEMBL1682807,Cn1cnc2cc(C#Cc3ccccc3)cnc21,3.5
3452,CHEMBL252956,O=C1CCCc2nc(C#Cc3ccccc3)ccc21,3.53
3453,CHEMBL69023,O=C(N1CCN(c2ccncc2Cl)CC1)N1CCN(S(=O)(=O)c2ccc(C(F)(F)F)cc2)CC1,3.54
3454,CHEMBL1952100,CCN(C(=O)Cc1ccc(S(C)(=O)=O)cc1)C1CCN(CC[C@@H](c2cc(Cl)cc(Cl)c2)C2CCN(S(C)(=O)=O)CC2)CC1,2.6
3455,CHEMBL318021,CC(CCc1cccc(OCc2ccc3ccccc3n2)c1)CC(=O)O,2.4
3456,CHEMBL400883,COc1ccc2nc(N[C@H]3CCC[C@H](NCc4ccsc4)C3)cc(C)c2c1,2.41
3461,CHEMBL248380,CCOc1ccccc1-c1ccc(-c2nc3ccc(F)cc3c(N[C@H](C)C(=O)O)c2C#N)cc1,2.5
3464,CHEMBL1322390,COc1ccc2nc(NC(=O)CCc3ccc(OC)c(OC)c3)sc2c1,3.57
3465,CHEMBL183492,C=CCN(C(=O)Nc1ccccc1)C1CCN(CCC(c2ccccc2)c2ccccc2)CC1,3.6
3493,CHEMBL51478,COc1ccnc(CSc2nc3ccccc3[nH]2)c1,2.89
3494,CHEMBL1461445,Cc1sc2ncnc(SCC(=O)N3CCCC3)c2c1C,2.89
3495,CHEMBL402011,C[C@@H](Oc1cccc2ncnc(Nc3ccc4c(cnn4Cc4ccccn4)c3)c12)C(=O)N(C)C,2.89
3496,CHEMBL2010830,CCN(C(=O)Cc1ccc(S(C)(=O)=O)cc1)C1CCN(Cc2ccc(C(F)(F)F)cc2)CC1,2.9
3497,CHEMBL192666,O=S(=O)(Nc1cc(F)ccc1F)c1ccc(Cl)cc1,2.9
3510,CHEMBL515001,Cc1ncc(-c2nc(Nc3ccc(N4CCOCC4)cc3)ncc2F)n1C(C)C,3.01
3511,CHEMBL1870155,O=C(NC1CCCCC1)c1cccnc1Sc1ccccc1,3.01
3512,CHEMBL1683032,CCOc1cc2nnc(C(N)=O)c(Nc3cc(C)ccc3F)c2cc1N1CCN(C)CC1,3.02
3513,CHEMBL191553,CC(=O)Nc1ccc(CNc2[nH]nc3ccnc(Oc4ccccc4)c23)cc1,3.03
3514,CHEMBL1289574,O=C(COCc1ccncc1)N1CCC(F)(c2ccc(Cl)cc2)CC1,3.03
3515,CHEMBL70824,CN(C)CCCN(C)S(=O)(=O)c1ccc(Nc2nccc(-c3cnc4ccccn34)n2)cc1,2.16
3516,CHEMBL278222,CC(C)C(NC(=O)Cn1c(-c2ccccc2)ccc(NC(=O)NCc2ccncc2)c1=O)C(=O)C(F)(F)F,2.16
3517,CHEMBL1650735,COc1cc(Nc2cc(N3CCOCC3)nc(N[C@@H](C)c3ncc(F)cn3)n2)n[nH]1,2.18
3518,CHEMBL1643195,Cc1cc(CN2Cc3ccccc3C2C(=O)Nc2cc(Cl)ccc2Cl)ccc1OCC(=O)O,2.19
3519,CHEMBL2171047,Cc1ccc(S(=O)(=O)NC(=O)N2CCC(N3CCC(Oc4ccc(Cl)c(C)c4Cl)CC3)CC2)cc1,2.2
3520,CHEMBL1682972,CC[C@H](NC(=O)c1c([S+](C)[O-])c(-c2ccccc2)nc2ccccc12)c1cccnc1,2.2
3521,CHEMBL2346975,CC(=O)N1CCN(CCOc2ccc(C3(O)CCN(c4ccc5nnc(C(F)(F)F)n5n4)CC3)cc2)CC1,2.2
3522,CHEMBL1831079,NC(=O)Nc1cc(-c2cccc(O)c2)sc1C(N)=O,2.21
3523,CHEMBL112994,O=S(=O)(CCOCCCc1ccccc1)NCCNCCc1ccc(O)c2nc(O)sc12,2.22
3524,CHEMBL11144,CC(C)C(NC(=O)Cn1c(-c2ccc(F)cc2)ncc(NC(=O)OCc2ccncc2)c1=O)C(=O)C(F)(F)F,2.22
3525,CHEMBL1762533,COc1ccnc(N(C)c2ccnc(Nc3cc(N4CCOCC4)cc(N4CCOCC4)c3)n2)c1,2.23
3526,CHEMBL1800657,CCCN(CCNCCc1ccc(O)c2[nH]c(=O)sc12)C(=O)CCOCCc1ccccc1,2.23
3527,CHEMBL470916,N#Cc1nc(N2CCCC2)c(N)c(N2CCOCC2)n1,2.25
3528,CHEMBL1323247,CCN1CCN(C(=O)c2cc3cc(F)ccc3[nH]2)CC1,2.28
3529,CHEMBL1223458,Cc1cc2n[nH]c(=O)n2c2cc(-c3ccncc3)ccc12,2.29
3530,CHEMBL276030,O=C1c2ccc(O)cc2C(=O)N1c1ccccc1,2.3
3531,CHEMBL256711,Nc1ccccc1NC(=O)c1ccc(-c2nccs2)cc1,2.3
3532,CHEMBL247366,Fc1ccc2cn[nH]c2c1,2.3
3533,CHEMBL1366397,O=C(COc1ccccc1O)NC1CCCC1,2.31
3534,CHEMBL206266,COc1cc2c(Nc3ncc(NC(=O)c4ccccc4)cn3)ncnc2cc1OCCCN1CCOCC1,2.32
3535,CHEMBL275455,CC(C)C(NC(=O)Cn1c(-c2cccs2)ncc(NC(=O)OCC(F)(F)F)c1=O)C(=O)C(F)(F)F,2.32
3536,CHEMBL1939749,CCOC(=O)Nc1cccc([C@@H](c2ccc(C(=O)N(C)CC)cc2)N2CCN(Cc3nc[nH]c3C)CC2)c1,2.32
3537,CHEMBL1566172,Nc1nnc(Cc2ccc(Cl)cc2)s1,2.34
3538,CHEMBL205807,CC(C)Cn1c(=O)n(C)c(=O)c2c(C(=O)N3CC[C@@H](O)C3)c(Cc3c[nH]c4ccccc34)sc21,2.35
3539,CHEMBL322318,O=S(=O)(CCCOCCc1nccc2ccccc12)CCNCCc1ccc(O)c2nc(O)sc12,2.35
3540,CHEMBL425518,CNC1CCN(c2ccc(NC(=O)c3ccc(-c4ccccc4)cc3)cn2)C1,2.35
3541,CHEMBL460103,Cc1ncc(-c2nc(Nc3ccc(C(=O)N4CC[C@@H](N(C)C)C4)cc3)ncc2F)n1C(C)C,2.36
3542,CHEMBL122695,CC(=O)NC[C@H]1CN(c2ccc(N3CCN(c4cnccn4)CC3)c(F)c2)C(=O)O1,1.49
3543,CHEMBL1779008,COc1cc(F)ccc1-c1cncc(CNC(C)C)c1,1.5
3544,CHEMBL1082811,N#Cc1c(-c2ccccc2)nc(SCc2ccccc2)[nH]c1=O,1.56
3545,CHEMBL426851,CNc1nc2ccccc2n1Cc1sc2c(c1C(=O)N1CC[C@@H](O)C1)c(=O)n(C)c(=O)n2CC(C)C,1.61
3546,CHEMBL1950722,CN[C@@H](C)C(=O)N[C@H](C(=O)N[C@H]1CCN(CCc2ccccc2)C1)C1CCCCC1,1.65
3547,CHEMBL2144949,c1ccc2c(c1)nnn2-c1ccncc1,1.69
3548,CHEMBL1778369,COC[C@H](C)Oc1cc(Oc2ccc(Cl)cc2)cc(C(=O)Nc2ccc(C(=O)O)cn2)c1,1.69
3549,CHEMBL597803,CN(Cc1ccc(Cl)cc1)C(=O)C1(N)CCN(c2ncnc3[nH]ccc23)CC1,2.8
3550,CHEMBL1951022,Cc1nc(S(C)(=O)=O)ccc1Nc1ncnc(OC2CCN(C(=O)OC(C)C)CC2)c1C,2.8
3551,CHEMBL1922267,C[C@@H]1c2c([nH]c3ccc(C(F)(F)F)cc23)C[C@@H]2CCN(CCN3CCOCC3)C[C@H]21,2.87
3554,CHEMBL481596,CN1CCN(c2cc3c(Nc4ccc(F)cc4F)c(C(N)=O)cnc3cc2F)CC1,2.63
3558,CHEMBL524266,Nc1nccc(-c2cc3c([nH]2)[C@@H](CCF)CNC3=O)n1,0.51
3559,CHEMBL451570,Nc1nccc(-c2cc3c([nH]2)[C@H](CCF)CNC3=O)n1,0.51
3560,CHEMBL1934269,Cc1ccc(S(=O)(=O)Nc2c(C(=O)N[C@@H](C)C(C)(C)C)c(C)nn2CC(F)(F)F)cc1,0.93
3561,CHEMBL1934267,Cc1ccc(S(=O)(=O)Nc2c(C(=O)N[C@@H](C)C(C)(C)C)c(C)nn2C(C)C)cc1,0.97
3562,CHEMBL204825,O=C(c1cccc(Cc2nnc(O)c3ccccc23)c1)N1CCOCC1,1.0
3578,CHEMBL2088093,COCCCc1cc(Nc2nc(NCc3cc(C)no3)ncc2Br)n[nH]1,3.07
3579,CHEMBL551707,O=C(NCC12CC3CC(CC(C3)C1)C2)c1c(Cl)ccc2nc(N3CCC[C@H](NCCc4nnn[nH]4)C3)ccc12,3.08
3580,CHEMBL59438,Oc1ccc(-c2ccc3cc(O)ccc3n2)cc1,3.1
3581,CHEMBL2036584,O=C(Nc1ccc(Oc2cccnc2)nc1)c1nnc(Nc2ccccc2F)o1,3.1
3582,CHEMBL2088096,COc1cc(CCc2cc(Nc3ccnc(NCc4cc(C)no4)n3)n[nH]2)cc(OC)c1,3.1
3583,CHEMBL1194608,CN1CC=C(c2cccc(O)c2)CC1,0.53
3584,CHEMBL564885,O=C(NCC12CC3CC(CC(C3)C1)C2)c1ccnc(NCC2CCNCC2)c1Cl,0.6
3591,CHEMBL1223872,CN(C)C(=O)N[C@H]1CC[C@@H](CCN2[C@@H]3CC[C@H]2C[C@@H](Oc2cccc(C(N)=O)c2)C3)CC1,0.22
3592,CHEMBL1916266,CCC(CC)NC(=O)c1cnn(-c2ccccn2)c1NS(=O)(=O)c1ccc(C)cc1,0.27
3606,CHEMBL1320527,Cc1occc(=O)c1OCc1ccc(F)cc1,1.91
3607,CHEMBL2153181,CCCSc1ncccc1C(=O)N1CCCC1c1ccncc1,1.95
3608,CHEMBL388474,O=C1c2ccccc2C(=O)N1c1ccc(O)cc1,2.0
3609,CHEMBL369684,C[Si](C)(C)C#Cc1cn(C[C@H]2CN(c3ccc(C4=CCS(=O)(=O)CC4)c(F)c3)C(=O)O2)nn1,1.26
3610,CHEMBL14516,CC(C)C(NC(=O)Cn1c(-c2ccccc2)ccc(NC(=O)CN2CCOCC2)c1=O)C(=O)C(F)(F)F,2.0
3611,CHEMBL1257698,NC(=O)c1cccc(O[C@@H]2C[C@H]3CC[C@@H](C2)N3CCc2ccccc2)c1,2.0
3612,CHEMBL10975,CC(C)C(NC(=O)Cn1c(-c2cccs2)ncc(NC(=O)OCc2ccccc2)c1=O)C(=O)C(F)(F)F,2.02
3613,CHEMBL1352372,N#Cc1c(N)nc2c(c1N)CC(COc1ccccc1)O2,2.08
3614,CHEMBL563784,O=C(NCC12CC3CC(CC(C3)C1)C2)c1cc(N2CCNCC2)ncc1Cl,2.09
3615,CHEMBL300940,COc1cc(C(=O)O)ccc1Cn1ccc2ccc(NC(=O)OC3CCCC3)cc21,2.1
3616,CHEMBL101468,Cc1ccc(F)c(Nc2ccnc(Nc3ccc(OCC(O)CN(C)C)cc3)n2)c1,2.1
3617,CHEMBL237891,Cn1c(N)nc(CCc2ccc3cc[nH]c3c2)cc1=O,2.1
3618,CHEMBL398149,CC(=O)Nc1cccc(Nc2nc(NC3CC3)n3ncc(C#N)c3n2)c1,2.1
3619,CHEMBL418822,CC(C)C(NC(=O)Cn1c(-c2cccnc2)ccc(NC(=O)OCc2ccccc2)c1=O)C(=O)C(F)(F)F,3.05
3620,CHEMBL1682962,CC[C@H](NC(=O)c1c([S+](C)[O-])c(-c2ccccc2)nc2cc(Cl)ccc12)c1ccccc1,3.07
3621,CHEMBL376291,O=C1C(=O)N(Cc2ccc(Cl)cc2)c2ccccc21,3.1
3622,CHEMBL1180254,O=c1[nH]n(C(c2ccccc2)c2ccncc2)c(=O)c2c(O)c3ccc(Cl)cc3nc12,1.1
3623,CHEMBL1835910,CCOC(=O)c1ccc(OCC2CN(c3ccc(C)nn3)C2)cc1,3.1
3626,CHEMBL521248,COc1cc2ncc(C(N)=O)c(Nc3cc(C)ccc3F)c2cc1OC,3.16
3628,CHEMBL1950724,CN[C@@H](C)C(=O)N[C@H](C(=O)N[C@H]1CCN(C(=O)c2ccccc2)C1)C1CCCCC1,0.82
3629,CHEMBL174310,N#Cc1ccc(C(=O)N2CCC3(CC2)N=C(N)c2c(F)ccc(F)c2N3)cc1,0.86
3630,CHEMBL1807824,CCc1ccc(CCNCCCSCCNC[C@H](O)c2ccc(O)c3[nH]c(=O)sc23)cc1,0.86
3631,CHEMBL131842,O=c1[nH][nH]c(=O)c2c(O)c3c(Cl)cc(Cl)cc3nc12,0.89
3632,CHEMBL2179276,Cc1cn([C@H]2CCCN([C@@H](CC(C)C)c3ccc(C(=O)O)c(Oc4cccc(Cl)c4)c3)C2)c(=O)[nH]c1=O,0.93
3635,CHEMBL325713,CC(C)C(NC(=O)Cn1c(-c2ccccc2)ccc(NC(=O)CN2C(=O)CCC2=O)c1=O)C(=O)C(F)(F)F,0.96
3663,CHEMBL219861,CC(C)Cn1c(=O)n(C)c(=O)c2c(C(=O)N3C[C@H](O)CO3)c(Cc3ccnc4ccccc34)sc21,2.14
3664,CHEMBL247479,CN(C)CCOc1ccc(-c2oc3ncnc(NC[C@@H]4CCCO4)c3c2-c2ccccc2)cc1,3.6
3665,CHEMBL31815,C=CC(=O)Nc1ccc2ncnc(Nc3cccc(C)c3)c2c1,3.7
3666,CHEMBL1089224,CCCCOc1nc(N)c2[nH]c(=O)n(Cc3cccc(CC(=O)OC)c3)c2n1,3.76
3667,CHEMBL1939737,CCN(CC)C(=O)c1ccc([C@H](c2cccc(NC(=O)C3CC3)c2)N2CCN(Cc3ccc(F)cc3)CC2)cc1,3.99
3670,CHEMBL335550,O=C1CCC(=O)N1C(CCc1ccncc1)COc1ccc(-c2cccc([N+](=O)[O-])c2)cc1,3.88
3671,CHEMBL1209657,O=S(=O)(NCC(c1ccccc1)N1CCCCCC1)c1ccc(F)c(Cl)c1,3.98
3672,CHEMBL250961,Cc1ccc(F)cc1S(=O)(=O)N[C@@H]1CCN(Cc2ccc(-c3ccccc3)cc2)C1,4.0
3678,CHEMBL1950853,CN[C@@H](C)C(=O)N[C@H](C(=O)N[C@H]1CCCN(CCc2cccc(OC)c2)C1)C(C)(C)C,1.47
3683,CHEMBL2164747,COc1ccc2ncc(=O)n(CCN3CC[C@@H](NCc4ccc5c(n4)NC(=O)CO5)[C@@H](O)C3)c2c1,0.37
3684,CHEMBL214637,CCCN(CCO)CCCOc1ccc2c(Nc3cc(CC(=O)Nc4cccc(F)c4F)[nH]n3)ncnc2c1,2.19
3685,CHEMBL1910654,N[C@H](CNC(=O)c1cc2c(-c3ccccc3Cc3ccccc3)cccc2[nH]1)C(=O)O,3.25
3686,CHEMBL300791,COc1cc2ncnc(Nc3ccc(F)c(Cl)c3)c2cc1OCCN1CCN(C)CC1,3.3
3687,CHEMBL183406,CN(C(=O)NCc1ccccc1)C1CCN(CCC(c2ccccc2)c2ccccc2)CC1,3.4
3699,CHEMBL235579,O=C(NCC12CC3CC(CC(C3)C1)C2)c1cc(O[C@H]2CCCNC2)ccc1Cl,2.18
3700,CHEMBL98406,Nc1nc2ccc(F)cc2s1,2.2
3701,CHEMBL212689,CCN(C(=O)Cc1ccc(S(C)(=O)=O)cc1)C1CCN(CC[C@H](c2ccc(S(C)(=O)=O)cc2)c2cc(F)cc(F)c2)CC1,2.2
3702,CHEMBL207028,NC(=O)c1sc(-c2ccccc2)cc1N,2.33
3703,CHEMBL1807850,C[C@H]1O[C@@H](n2cnc3c(N)nc(O[C@H]4CC[C@H](C)CC4)nc32)[C@H](O)[C@@H]1O,2.35
3704,CHEMBL513370,COc1ccc(N(C(=O)c2ccoc2Cl)C(C(=O)NC[C@@H](C)O)c2ccccc2F)c(OC)c1,2.36
3705,CHEMBL495497,O=C(c1cccc(Cc2n[nH]c(=O)c3ccccc23)c1)N1CCN(c2ccccn2)CC1,2.36
3709,CHEMBL1951894,CCN(C(=O)Cc1ccc(S(C)(=O)=O)cc1)C1CCN(CCC(c2ccccc2)N2CCN(c3cccc(F)c3)CC2)CC1,3.21
3710,CHEMBL320971,Cc1ncsc1CCOCCCS(=O)(=O)CCNCCc1ccc(O)c2nc(O)sc12,1.44
3711,CHEMBL1779512,COC[C@@H](O)Cn1c(=O)cnn(-c2ccc(Cl)c(C(=O)NCC3(O)CCCCCC3)c2)c1=O,1.44
3728,CHEMBL403813,N#Cc1cc(CN2CCC2)cnc1-c1ccc(C(=O)Nc2ccccc2N)cc1,1.22
3729,CHEMBL2170975,CC(C)(C)OC(=O)NCCCSC[C@H]1O[C@@H](n2cnc3c(N)ncnc32)[C@H](O)[C@@H]1O,1.2
3730,CHEMBL1288306,NC(=O)c1cnc(N[C@H]2CCCNC2)c2cc(Br)sc12,1.08
3731,CHEMBL212761,CC(C)(C)NC(=O)Nc1ccc(-c2c(N)nc(N)nc2COCc2ccccc2)cc1,3.09
3732,CHEMBL26456,COc1cc2c(Nc3ccc(Cl)cc3F)ncnc2cc1OCC1CCNCC1,1.1
3733,CHEMBL96076,COc1ccc(CN2CCc3c([nH]c4ccccc34)C2)cc1OC,3.1
3736,CHEMBL11348,CCn1c(=O)c2nc(-c3ccccc3)[nH]c2n(CC)c1=O,3.3
3738,CHEMBL111660,CCc1ccc(NC(=O)c2ccc3cc(C(=N)N)ccc3c2)cc1,1.1
3741,CHEMBL379828,COc1ccc2c(c1)c(-c1ccnc3cc(Cl)ccc13)c(C)n2CC(=O)O,1.16
3745,CHEMBL515605,CNC1=Nc2ncccc2C(c2ccco2)=NC1c1ccns1,1.44
3748,CHEMBL560423,O=C(NCC1(O)CCCCCC1)c1cc(-n2ncc(=O)[nH]c2=O)ccc1Cl,0.26
3749,CHEMBL1087399,C[C@H](Nc1nc(Nc2ncc(C#N)s2)cc(N2CCOCC2)n1)c1ncc(F)cn1,2.26
3750,CHEMBL324343,CC(C)C(NC(=O)Cn1c(-c2ccccc2)ccc(NC(=O)Cc2ccccc2C(=O)O)c1=O)C(=O)C(F)(F)F,1.14
3752,CHEMBL211631,COc1cccc2c(-c3c(C)n(CC(=O)O)c4ccc(C)cc34)ccnc12,0.49
3753,CHEMBL424620,CC(C)C(NC(=O)Cn1c(-c2ccccc2)ccc(NC(=O)Cc2cccc(C(=O)O)c2)c1=O)C(=O)C(F)(F)F,0.68
3754,CHEMBL427486,CC(=O)NC[C@H]1CN(c2ccc(-n3ccnc3)c(F)c2)C(=O)O1,0.7
3755,CHEMBL1184584,N=C(N)Nc1ccc(C(=O)Oc2ccc(Cl)cc2)cc1,0.7
3756,CHEMBL1934423,Cc1ccc(S(=O)(=O)Nc2c(C(=O)N[C@@H](C)C(C)(C)C)c(C)nn2C2CCOC2)cc1,0.78
3764,CHEMBL377309,CC(C)Cn1c(=O)n(C)c(=O)c2c(SC3CCCCC3)c(Cc3ccccc3C(F)(F)F)sc21,4.14
3765,CHEMBL402507,Cc1ccc(Oc2ccc(Nc3ncnc4cccc(O[C@H](C)C(=O)N5CCOCC5)c34)cc2C)cn1,4.14
3766,CHEMBL341226,COc1cccc(NC(=O)CC23CC4CC(CC(C4)C2)C3)c1C,4.21
3768,CHEMBL214376,CC(C)Oc1cc(OCCCN2CCCC2)cc2ncnc(Nc3c(Cl)ccc4c3OCO4)c12,3.1
3770,CHEMBL383760,CNC(=O)[C@H]1CCCN1Cc1cc2c(Nc3cccc(Cl)c3F)ncnc2cc1OC,3.65
3772,CHEMBL1783281,CCCNC(=O)c1nnc2c(-c3cc(C)ccc3OC)cccc2c1N,3.99
3785,CHEMBL443320,Cc1ccc(NC(=N)N)cc1C,-1.34
3786,CHEMBL1778634,CN(c1ccc(-c2cc(F)ccc2OCC(=O)O)c(Cl)c1)S(C)(=O)=O,-1.17
3787,CHEMBL337962,CNC(=O)c1cccc(NC(=O)Nc2cccc(C#N)c2)c1CN1CCC(Cc2ccc(F)cc2)CC1,3.97
3788,CHEMBL182731,COC(=O)c1ccc(CC(=O)N(C)C2CCN(CCC(c3ccccc3)c3ccccc3)CC2)cc1,4.0
3789,CHEMBL563471,Cn1cc(-c2cccc(C[C@H](NC(=O)c3cc(C(C)(C)C)nn3C)C(=O)NCC#N)c2)cn1,2.6
3792,CHEMBL82663,O=S(=O)(CCCOCCc1ccccc1)CCNCCc1ccc(O)c2nc(O)sc12,2.61
3793,CHEMBL1643194,Cc1cc(CN2Cc3ccccc3C2C(=O)Nc2ccc(Cl)cc2Cl)ccc1OCC(=O)O,2.62
3797,CHEMBL1224285,NC(=O)c1ccc(O[C@H]2C[C@H]3CC[C@@H](C2)N3Cc2ccccc2)cn1,1.51
3798,CHEMBL235619,CCCCCc1cc(=O)[nH]c(N)n1,1.62
3799,CHEMBL1689135,C[C@H]1CN(Cc2cc(Cl)ccc2CC(=O)O)CCN1C(=O)Cc1ccc(Cl)cc1,1.66
3805,CHEMBL455427,Cc1ncc(-c2ccnc(Nc3ccc(C(N)=O)c(F)c3)n2)n1C(C)C,2.8
3806,CHEMBL470897,CCC(C)Nc1nc(C#N)nc(N2CCOCC2)c1N,2.8
3807,CHEMBL1669158,CCOc1cc(-c2cccc3c(=O)cc(N4CCOCC4)oc23)ccc1NC(=O)CN1CCOCC1,2.8
3808,CHEMBL520252,Cc1ccc(NC(=O)c2cccc(OCC(C)C)c2)cc1C(=O)Nc1cccnc1,2.81
3809,CHEMBL2158822,O=C(O)c1ccccc1N1CCC(CN2CCC(Oc3ccc(Cl)c(Cl)c3)CC2)CC1,2.83
3810,CHEMBL1650737,COc1cc(Nc2nc(N[C@@H](C)c3ncc(F)cn3)nc(N3CCOCC3)c2Cl)n[nH]1,2.85
3811,CHEMBL201799,CCCCCSc1nc(O)c2sc(N)nc2n1,2.86
3812,CHEMBL402986,C[C@H](CO)Nc1nc(SCc2ccccc2)nc2[nH]c(=O)sc12,2.86
3813,CHEMBL397192,O=C(NC1Cc2ccccc2N(CC(=O)N2CCC(O)CC2)C1=O)c1cc2cc(Cl)sc2[nH]1,2.86
3814,CHEMBL570192,Cc1cc(Nc2nc(O[C@@H](C)c3ccc(F)cn3)c(C#N)nc2C)n[nH]1,2.86
3815,CHEMBL1209738,N#Cc1ccc(S(=O)(=O)NCC(c2ccccc2)N2CCCCCC2)cc1,2.86
3816,CHEMBL441093,CC(=O)NC[C@H]1CN(c2ccc(N3Cc4cccnc4C3)c(F)c2)C(=O)O1,2.88
3817,CHEMBL562847,CCCCC(NC(=O)CC1CCN(Cc2ccn(-c3ccc(C(F)(F)F)cc3)c2)CC1)c1ccc(=O)[nH]c1,2.89
3818,CHEMBL1164374,O=C(c1ccc(F)cc1)C1CCN(C(=O)c2ccc(F)cc2)CC1,2.9
3834,CHEMBL72548,CN(C)CCNS(=O)(=O)c1ccc(Nc2nccc(-c3cnc4ccccn34)n2)cc1,2.7
3837,CHEMBL365614,Cc1ccc(NC(=O)c2ccnc(N3CCOCC3)c2)cc1Nc1ccnc(OCC2CCCN(C)C2)n1,1.9
3842,CHEMBL519779,COc1cc2ncc(C(N)=O)c(Nc3cccc(Cl)c3Cl)c2cc1OC,3.4
3843,CHEMBL255170,Cc1ccc(Oc2ccc(Nc3ncnc4[nH]nc(OCCN5CCC(O)CC5)c34)cc2Cl)cn1,3.4
3845,CHEMBL2011932,COc1ccc(-c2nc3c(NCCCNC(=O)C4(CN)CC4)c(Br)cnc3[nH]2)cc1,1.9
3846,CHEMBL1916277,Cc1ccc(S(=O)(=O)Nc2c(C(=O)NC3CCCCC3C)c(C)nn2-c2ccccc2)cc1,1.94
3849,CHEMBL2325742,C[C@@H](NC(=O)C1(N)CCN(c2ncnc3[nH]ccc23)CC1)c1ccc(Cl)cc1,3.3
3852,CHEMBL1950727,CN[C@@H](C)C(=O)N[C@H](C(=O)N[C@H]1CCCN(Cc2ccccc2)C1)C1CCCCC1,2.01
3853,CHEMBL169186,COc1cc2c(Nc3c(Cl)ccc4c3OCO4)ncnc2cc1OCCCN1CCCCC1,2.05
3854,CHEMBL360425,CS(=O)(=O)Nc1cccc(NC(=O)CN2CCN(C(=O)C[C@H](N)Cc3ccc(F)c(F)c3)[C@H](Cc3ccccc3)C2)c1,2.06
3855,CHEMBL1800528,COc1ccnc(CCc2nc3c(C)ccnc3[nH]2)c1,2.1
3856,CHEMBL216769,COc1cc2c(Nc3cc(CC(=O)Nc4cccc(F)c4)[nH]n3)ncnc2cc1OCCCN1CCC(CO)CC1,2.11
3858,CHEMBL301928,COc1cc(C(=O)O)ccc1Cc1cn(C)c2ccc(NC(=O)CC3CCCC3)cc12,2.0
3859,CHEMBL2158793,Cc1cc(F)ccc1OC1CCN(CC2CCN([C@@](C)(Cc3ccc(F)cc3)C(=O)O)CC2)CC1,2.0
3860,CHEMBL1770465,Cc1nc(C(=O)[C@@H](C)Oc2ccc(SCCCCCc3ccccc3)cc2)sc1CCCC(=O)O,3.58
3862,CHEMBL181858,C=CCN(C(=O)NCc1ccc(OC)cc1)C1CCN(CCC(c2ccccc2)c2ccccc2)CC1,3.6
3863,CHEMBL385240,COc1ccc(Cl)c(Nc2ncnc3cc(OC)cc(OC4CCN(C)CC4)c23)c1,3.6
3865,CHEMBL480057,COc1cc2ncc(C(N)=O)c(Nc3ccccc3C)c2cc1OC,3.4
3866,CHEMBL384699,COc1cc2ncnc(Nc3cc(Cl)ccc3F)c2cc1OCCCN1CCOCC1,3.4
3874,CHEMBL273235,Fc1ccc(-n2cc(C3CCNCC3)c3cc(Cl)ccc32)cc1,2.4
3875,CHEMBL1682814,CC(=O)N1CCOc2nc(OCc3ccccc3)ccc21,2.4
3876,CHEMBL379866,CC(C)c1nnc2ccc(-c3ocnc3-c3cc(F)ccc3F)cn12,2.44
3894,CHEMBL2205493,Nc1nc(O)cc(-c2ccc(O)cc2)n1,1.05
3898,CHEMBL2326693,OCCN1CC=CC[C@H](c2ccc(Cl)c(Cl)c2)C1,2.37
3900,CHEMBL179877,CCN(C(=O)Cc1ccc(S(N)(=O)=O)cc1)C1CCN(CCC(c2ccccc2)c2ccccc2)CC1,2.4
3901,CHEMBL233034,O=C(CN1C(=O)C(NC(=O)c2cc3cc(Cl)sc3[nH]2)Cc2ccccc21)NO,2.4
3904,CHEMBL1200147,Nc1ncc(-c2cnn(C3CCN(C(=O)CO)CC3)c2)cc1-c1nc2ccccc2o1,3.2
3905,CHEMBL258176,Cc1cc(CN2CCN(C(C)C)CC2)cnc1-c1ccc(C(=O)Nc2ccccc2N)cc1,1.44
3925,CHEMBL1829261,CCC(c1nc2ccsc2c(=O)n1Cc1ccccc1)N(CC1CCNCC1)C(=O)c1ccc(C)cc1,1.33
3926,CHEMBL563379,CNC[C@H](O)c1ccc(Cl)c(C(=O)NCC23CC4CC(CC(C4)C2)C3)c1,1.41
3929,CHEMBL1600648,Cc1nc2ncnn2c(O)c1CCOC(=O)c1c(F)cccc1F,0.16
3930,CHEMBL2030006,O=c1cc(-c2ccc(O)cc2)[nH]c2ccccc12,2.34
3936,CHEMBL560493,NCc1ccc(NC(=O)c2cc(Nc3ncccn3)c3cc(/C(N)=N/O)ccc3c2)cc1,-0.85
3937,CHEMBL2031162,O=C(Cc1ccc2c(n1)NCCC2)Nc1ccc(C[C@H](NC(=O)c2c(Cl)cccc2Cl)C(=O)O)cc1,-0.63
3938,CHEMBL1778633,Cc1cc(N(C)S(C)(=O)=O)ccc1-c1cc(C(F)(F)F)ccc1OCC(=O)O,-0.59
3939,CHEMBL78951,Nc1nc(N)c2nc(CO)cnc2n1,-0.45
3940,CHEMBL1778639,CCS(=O)(=O)c1ccc(-c2cc(C(F)(F)F)ccc2OCC(=O)O)c(C)c1,-0.45
3941,CHEMBL172714,Cc1ccc(S(=O)(=O)N2N=Cc3oc(C)cc3B2O)cc1,-0.28
3942,CHEMBL2030807,CNc1cccc(CCOc2ccc(C[C@H](NC(=O)c3c(Cl)cccc3Cl)C(=O)O)cc2)n1,-0.15
3945,CHEMBL336399,O=C(O)c1cc2ccccc2n1Cc1ccccc1,0.78
3946,CHEMBL175627,CC(=O)NC[C@H]1CN(c2ccc(-n3cc(C#N)nn3)c(F)c2)C(=O)O1,0.8
3949,CHEMBL1809057,COc1cc(C(CO)CO)ccc1Nc1ncc(Cl)c(-c2cnc3ccccn23)n1,3.1
3951,CHEMBL1770733,Nc1cc(-c2ccccc2)ncn1,1.91
3952,CHEMBL2036736,O=C(Nc1nnc(C(=O)Nc2ccc(N3CCOCC3)cc2)o1)c1ccc(Cl)cc1,1.92
3953,CHEMBL218468,CC(C)Cn1c(=O)n(C)c(=O)c2c(C(=O)N3CC[C@@H](O)C3)c(Cc3ccnc4ccc(F)cc34)sc21,1.95
3954,CHEMBL257830,N#Cc1ccc2[nH]c(-c3ccc(F)cc3)c(CCCC(=O)NS(N)(=O)=O)c2c1,1.95
3955,CHEMBL1718354,Cc1cccc(NC(=O)NCC(c2cccnc2)N2CCOCC2)c1,2.0
3956,CHEMBL267144,CC(C)[C@H]1C(=O)N[C@H](CO)Cc2ccccc2N1C,2.03
3957,CHEMBL112747,COc1ccnc(NC2CCN(C(=O)c3ccccc3)CC2)c1,2.06
3958,CHEMBL324875,Cc1ccc(CCOCCNS(=O)(=O)CCCNCCc2ccc(O)c3nc(O)sc23)cc1,2.07
3959,CHEMBL1631470,CCCNC(=O)c1nnc2c(-c3ncccn3)c(F)ccc2c1N,2.07
3960,CHEMBL73048,C[C@@](O)(C(=O)Nc1ccc(S(C)(=O)=O)cc1Cl)C(F)(F)F,2.08
3961,CHEMBL2158792,Cc1cc(OC2CCN(CC3CCN([C@@](C)(Cc4ccc(F)cc4)C(=O)O)CC3)CC2)ccc1Cl,2.08
3962,CHEMBL198497,CCN(C(=O)Cc1ccc(S(C)(=O)=O)cc1)C1CCN(CCC(c2ccccc2)c2ccc(NC(C)=O)cc2)CC1,2.09
3963,CHEMBL101119,CN(C)CC(O)COc1ccc(Nc2cc(N(CC#N)c3cc(Cl)ccc3Cl)ncn2)cc1,2.1
3964,CHEMBL280713,O=C(O)c1ccccc1Cn1nnc(-c2cccc(OCc3ccc4ccccc4n3)c2)n1,2.1
3965,CHEMBL1718768,CCn1c(SCC(=O)Nc2c(C#N)cnn2-c2ccccc2)nnc1-c1cccs1,2.1
3980,CHEMBL190812,C[C@H](NC(=O)c1cccnc1Oc1ccccc1)c1ccccc1,2.91
3981,CHEMBL14121,COc1ccc(Cn2c(=O)[nH]c3c(=O)n(CC(=O)NC(C(=O)C(F)(F)F)C(C)C)c(-c4ccccc4)cc3c2=O)cc1,2.93
4013,CHEMBL2321985,N#Cc1ccc2cccc(O)c2n1,1.81
4014,CHEMBL11336,COC(=O)Nc1cnc(-c2ccc(F)cc2)n(CC(=O)NC(C(=O)C(F)(F)F)C(C)C)c1=O,1.82
4015,CHEMBL1650726,Cc1cc(Nc2nc(O[C@@H](C)c3ncc(F)cn3)ncc2Cl)n[nH]1,1.82
4016,CHEMBL170984,COc1cc2c(Nc3c(Cl)ccc4c3OCO4)ncnc2cc1OCC1CCN(C)CC1,1.83
4017,CHEMBL17771,O=S1NC(Cc2ccc3ccccc3c2)=NO1,1.85
4018,CHEMBL2321998,Clc1ccc(C2CC=CCNC2)cc1Cl,1.86
4019,CHEMBL339898,CCN(CC)C(=O)c1ccc(C(=C2CCNCC2)c2cccc(C(F)(F)F)c2)cc1,1.9
4020,CHEMBL195329,O=C(N[C@H]1CN2CCC1CC2)c1ccc(-c2ccccc2)s1,1.9
4021,CHEMBL51257,CCCC(=O)Nc1ccc2c(c1)C(=O)C(=O)c1ccccc1-2,2.81
4022,CHEMBL1209429,O=S(=O)(Cc1ccccc1)NCC(c1ccccc1)N1CCCCCC1,2.83
4023,CHEMBL108246,Cc1ccccc1CCOCCCS(=O)(=O)CCNCCc1ccc(O)c2nc(O)sc12,2.84
4024,CHEMBL1682959,CC[C@H](NC(=O)c1c([S+](C)[O-])c(-c2ccccc2)nc2c(F)cccc12)c1ccccc1,2.84
4025,CHEMBL1209656,O=S(=O)(NCC(c1ccccc1)N1CCCCCC1)c1ccc(F)c(F)c1,2.84
4026,CHEMBL2158838,O=C(O)[C@H](Cc1ccc(Cl)cc1)N1CCC(CN2CCC(Oc3ccc(Cl)c(Cl)c3)CC2)CC1,2.86
4027,CHEMBL95925,CN(C)CC1CCn2c(c(C3=C(c4cn(C)c5ccccc45)C(=O)NC3=O)c3ccccc32)C1,2.88
4028,CHEMBL182878,CC(=O)Nc1ccc(CC(=O)N(C)C2CCN(CCC(c3ccccc3)c3ccccc3)CC2)cc1,2.9
4036,CHEMBL488881,O=c1cc(N2CCOCC2)oc2c(-c3cccc(-c4ccsc4)c3)cccc12,4.2
4037,CHEMBL383696,CC(C)Cn1c(=O)n(C)c(=O)c2c(SC3CCCC3)c(Cc3ccccc3C(F)(F)F)sc21,4.21
4045,CHEMBL168484,Nc1ccnc(-c2cccnc2)n1,0.44
4050,CHEMBL1778612,O=C(O)COc1ccc([N+](=O)[O-])cc1-c1ccccc1,-0.69
4051,CHEMBL149324,N=C(N)Nc1ccc(C(=O)Oc2ccccc2)cc1,-0.21
4052,CHEMBL1543041,CCN(CC)CC(=O)Nc1c(C#N)cnn1-c1ccccc1,0.4
4054,CHEMBL274009,Nc1ccccc1[N+](=O)[O-],-0.96
4055,CHEMBL1778641,CCS(=O)(=O)c1ccc(-c2cc(Cl)ccc2OCC(=O)O)cc1,-0.78
4056,CHEMBL429682,C[C@H](CO)Nc1nc(SCc2cccc(F)c2F)nc2nc(NS(C)(=O)=O)sc12,0.92
4057,CHEMBL341087,CC1CN(C(=O)c2cc3ccccc3[nH]2)CCN1,0.94
4058,CHEMBL2325642,O=S(=O)(Nc1ncns1)c1cc(F)c(Oc2ccc(Cl)cc2-c2ccnn2C2CNC2)cc1F,1.0
4059,CHEMBL484304,COc1ccccc1CNC(=O)NS(=O)(=O)c1ccc(Cl)cc1,0.87
4069,CHEMBL59956,NC(=O)c1ccccc1OCc1ccccc1,2.5
4070,CHEMBL376632,Cc1cc(N2CCC[C@@H]2C(=O)NCCc2ccc3c(c2)OCO3)nc(-n2ccnc2)n1,2.5
4071,CHEMBL303165,COc1ccc(S(=O)(=O)Nc2ccc(-c3ccccc3)n(CC(=O)NC(C(=O)C(F)(F)F)C(C)C)c2=O)cc1,2.5
4072,CHEMBL235753,Cn1c(N)nc(CCc2cccc(-c3cccnc3)c2)cc1=O,2.5
4073,CHEMBL1809059,COc1cc(N2CC3CN(CCO)CC(C2)O3)ccc1Nc1ncc(Cl)c(-c2cnc3ccccn23)n1,2.5
4074,CHEMBL1835911,CCOC(=O)c1ccc(COC2CN(c3ccc(C)nn3)C2)cc1,2.5
4075,CHEMBL14642,CCCC(=O)C1(c2ccccc2)CCN(C(=O)[C@@H](Cc2ccc(OC)cc2)NC(=O)[C@@H](N)Cc2cncn2C)CC1,2.51
4076,CHEMBL1645495,O=c1cc(-c2cccnc2)[nH]c2cc(Cc3ccccc3)ccc12,3.46
4077,CHEMBL1957374,CCc1ccccc1-c1ccc(-c2nc3ccncc3c(O)c2C#N)cc1,3.5
4078,CHEMBL184052,COc1cc2ncnc(Nc3cc(NC(=O)c4cccc(N5CCOCC5)c4)ccc3C)c2cc1OC,3.6
4079,CHEMBL2087625,Cc1oc(C#N)cc1-c1c2c(=O)n(C)c(=O)n(CC3CC3)c2nn1Cc1ccnc2ccc(Cl)cc12,4.26
4091,CHEMBL276218,O=C1CCCCCN1,-0.08
4092,CHEMBL1258166,NC(=O)c1cccc(O[C@@H]2C[C@H]3CC[C@@H](C2)N3CC2CC2)c1,0.07
4093,CHEMBL1689118,CC1CN(Cc2cc(Cl)ccc2OCC(=O)O)CCN1S(=O)(=O)c1ccccc1,0.31
4094,CHEMBL26894,O=S(=O)(Nc1nccs1)c1ccc(O)cc1,0.36
4100,CHEMBL1778644,CCS(=O)(=O)c1ccc(-c2cc(Cl)ccc2OCC(=O)O)c(F)c1,-0.92
4116,CHEMBL110941,Cc1cc(C)cc(CCOCCS(=O)(=O)NCCNCCc2ccc(O)c3nc(O)sc23)c1,2.45
4117,CHEMBL564607,O=C(O)c1ccc(-c2ccc(Cl)c(C(=O)NCC34CC5CC(CC(C5)C3)C4)c2)cc1,2.48
4118,CHEMBL2011942,NC(=O)c1cnc2[nH]c(-c3ccc(OCCN4CCCCC4)cc3)nc2c1NCCCNC(=O)C1CCC1,2.48
4119,CHEMBL186542,COc1cc(C(=O)Nc2cc(NC(=O)c3cccc(N(C)C)c3)ccc2C)cc(OC)c1OC,2.54
4125,CHEMBL1209820,CCCS(=O)(=O)c1ccc(C(CNS(=O)(=O)c2ccc(C(F)(F)F)cc2)N2CCCCCC2)cc1,3.32
4126,CHEMBL524645,CC(C)Oc1ccc(S(C)(=O)=O)cc1C(=O)N1CCN(c2ccc(C(F)(F)F)cc2)CC1,3.33
4127,CHEMBL1782167,Cc1ccc(C(=O)NC2CC2)cc1-c1ccc(C(=O)NCC2CC2)nc1,3.36
4133,CHEMBL1411716,CSc1ccc(C(=O)C(C)(C)N2CCOCC2)cc1,3.49
4134,CHEMBL550436,C[C@H](CO)n1ccc2c(NC(=O)Cc3ccc(Cl)c(C(F)(F)F)c3)cccc2c1=O,3.49
4135,CHEMBL1373037,Nc1nccc(/C=C/c2ccc(Cl)cc2)n1,3.5
4136,CHEMBL128514,CNC(=O)c1ccc(CCC(COc2ccc(-c3cccc([N+](=O)[O-])c3)cc2)N2C(=O)CSC2=O)cc1,3.5
4137,CHEMBL2069324,N#CC1(NC(=O)[C@@H]2CCCC[C@H]2C(=O)N2CCN(c3nc(-c4ccccc4)cs3)CC2)CC1,3.5
4138,CHEMBL228739,COCCN1CCC(Cc2ccc(C(=O)NCc3cnc(C#N)nc3NCC(C)(C)C)cc2)CC1,3.5
4139,CHEMBL1221551,CC(C)Cn1c(=O)n(C)c(=O)c2c(C(=O)N3CC=CC3)c(Cc3ccccc3C(F)(F)F)sc21,3.53
4140,CHEMBL207584,COc1cc2ncnc(Nc3cccc(Cl)c3F)c2cc1CN1CCC[C@H]1C(N)=O,3.58
4160,CHEMBL1669157,O=C(CN1CCOCC1)Nc1ccc(-c2cccc3c(=O)cc(N4CCOCC4)oc23)cc1O,2.4
4161,CHEMBL281266,O=C1NC(=O)C(Cc2ccc3ccccc3c2)S1,2.41
4162,CHEMBL207100,CC(C)Cn1c(=O)n(C)c(=O)c2c(C(=O)N3CC[C@@H](O)C3)c(Cc3cncc4ccccc34)sc21,1.74
4163,CHEMBL13923,CC(C)C(NC(=O)Cn1c(-c2ccccc2)ccc(N)c1=O)C(=O)C(F)(F)F,1.74
4164,CHEMBL480618,COc1cc2c(Nc3ccc(F)cc3F)c(C(N)=O)cnc2cc1N1CCN(C)CC1,1.75
4165,CHEMBL562698,O=C(NCC12CC3CC(CC(C3)C1)C2)c1ccnc(N2CCNCC2)c1Cl,1.77
4166,CHEMBL218628,CNc1nc2ccccc2n1Cc1sc2c(c1C(=O)N1C[C@H](O)CO1)c(=O)n(C)c(=O)n2CC(C)C,1.77
4167,CHEMBL1807851,C[C@H]1O[C@@H](n2cnc3c(N)nc(OCC4CC45CC5)nc32)[C@H](O)[C@@H]1O,1.78
4168,CHEMBL6549,Nc1nc(N)c2cc(Br)ccc2n1,1.78
4171,CHEMBL2171026,O=C(c1ccc(-c2nn[nH]n2)cc1)N1CCC(N2CCC(Oc3ccc(Cl)c(Cl)c3)CC2)CC1,1.53
4172,CHEMBL260200,CN(C)C(=O)c1ccc(CN2CCC(c3ccc(C(=O)Nc4ccccc4N)cc3)CC2)cc1,1.53
4173,CHEMBL334492,O=c1[nH][nH]c(=O)c2c1[nH]c1cc(Cl)cc(Cl)c12,1.02
4184,CHEMBL1180194,CCC(c1ccccn1)n1[nH]c(=O)c2nc3cc(Cl)ccc3c(O)c2c1=O,0.8
4185,CHEMBL272842,O=C(O)[C@H](Cc1ccccc1)N1CCC(CN2CCC(Oc3ccc(CO)c(Cl)c3)CC2)CC1,0.8
4186,CHEMBL223166,COc1ccccc1O[C@@H](c1ccccc1)[C@@H]1CNCCO1,0.9
4187,CHEMBL62746,N=C(N)c1ccc(C(=O)N2CCN(S(=O)(=O)c3ccc4cc(Br)ccc4c3)CC2)cc1,0.36
4188,CHEMBL47406,COC(=O)COc1ccc(O)cc1,0.92
4197,CHEMBL2151323,CC(C)Oc1cc(-n2cnc3cnc(N[C@@H](C)c4ncc(F)cn4)nc32)n[nH]1,2.41
4198,CHEMBL2031238,Cc1ccc(NC(=O)c2ccoc2)cc1-n1cnc2ccc(N3CCN(C)CC3)cc2c1=O,2.43
4199,CHEMBL2062556,N#Cc1cnn2c(N)cc(-c3ccccc3)nc12,2.48
4200,CHEMBL1270773,CS(=O)(=O)c1cccc(Nc2nccc(Nc3cccc4ncoc34)n2)c1,2.5
4201,CHEMBL130873,COc1cc(C(=O)NS(=O)(=O)c2ccccc2C)ccc1Cc1cn(C)c2ccc(C(=O)NCCc3ccccc3)cc12,2.51
4202,CHEMBL518760,COc1cc2ncc(C(N)=O)c(Nc3ccc(F)cc3F)c2cc1NCCN1CCCCC1,2.52
4203,CHEMBL511782,COc1ccc(N(C(=O)c2ccccc2)C(C(=O)NC[C@@H](C)O)c2ccccc2F)c(OC)c1,2.55
4223,CHEMBL287961,Nc1n[nH]c(N)c1Cc1ccc2c(c1)OCO2,0.47
4224,CHEMBL388335,O=c1[nH]n(Cc2ccoc2)c(=O)c2c(=O)c3ccc(Cl)cc3[nH]c12,0.6
4227,CHEMBL1945041,O=c1[nH]c2c(O)ccc([C@@H](O)CNCCc3cccc(CNCc4ccccc4Cl)c3)c2s1,1.85
4228,CHEMBL274567,CNc1cnc(-c2ccc(F)cc2)n(CC(=O)NC(C(=O)C(F)(F)F)C(C)C)c1=O,1.86
4231,CHEMBL39058,COc1ccc(C(=O)Nc2c(Cl)cncc2Cl)c2cccnc12,2.09
4234,CHEMBL2110579,CN(C)N(C)C(=O)[C@@]1(Cc2ccccc2)CCCN(C(=O)[C@@H](Cc2c[nH]c3ccccc23)NC(=O)C(C)(C)N)C1,2.1
4237,CHEMBL203370,O=c1c2ccc(O)cc2ncn1-c1ccc(O)cc1,1.6
4239,CHEMBL1618762,c1ccc(CCNCc2ccccc2)cc1,1.65
4249,CHEMBL2089275,N#Cc1cccc(-c2cccc(-c3nn[nH]n3)c2)c1,0.7
4266,CHEMBL1916261,CCC(CC)NC(=O)c1nnn(-c2ccccc2)c1NS(=O)(=O)c1ccc(C)cc1,0.46
4267,CHEMBL1650729,Cc1cc(Nc2nc(N[C@@H](C)c3ncc(F)cn3)ncc2Br)n[nH]1,2.39
4268,CHEMBL514805,CC(=O)N1CCN(c2nc(C#N)nc(NCC(C)C)c2N)CC1,2.4
4275,CHEMBL386996,CC(=O)N1CCN(CCOc2cc(OC(C)C)c3c(Nc4c(F)ccc5c4OCO5)ncnc3c2)CC1,3.06
4276,CHEMBL224013,COc1cc2ncnc(Nc3ccc(F)cc3)c2cc1OC,3.1
4278,CHEMBL108200,COc1cccc(C(COCc2cc(C(F)(F)F)cc(C(F)(F)F)c2)N2CCNCC2)c1,3.1
4279,CHEMBL2010846,CO[C@@H]1CN(Cc2ccc(C(F)(F)F)cc2)CC[C@@H]1N(C)C(=O)Cc1ccc(-n2cnnn2)cc1,3.1
4280,CHEMBL1209586,O=S(=O)(NCC(c1ccccc1)N1CCCCCC1)c1cccc(C(F)(F)F)c1,3.12
4281,CHEMBL317462,OC1(C#Cc2ccc(-c3ccccc3)cc2)CN2CCC1CC2,3.14
4303,CHEMBL1778618,N#Cc1ccc(OCC(=O)O)c(-c2ccccc2)c1,-1.08
4304,CHEMBL1944739,CN(C)CCCNC(=O)c1nc(Cl)c(N)nc1N,-1.0
4305,CHEMBL1682957,CC[C@H](NC(=O)c1c([S+]([O-])C(C)C)c(-c2ccccc2)nc2ccccc12)c1ccccc1,3.81
4306,CHEMBL480601,CC1(C)[C@@H]2CC[C@@]1(CS(=O)(=O)NC1CCN(c3ccc(C(F)(F)F)cn3)CC1)C(=O)C2,3.84
4307,CHEMBL224267,COc1cc(C(=O)Nc2ccc(N3CCOCC3)cc2)nc2c(N3CCN(C)CC3)cc(F)cc12,3.85
4308,CHEMBL471412,COc1ccc(N(C(=O)c2ccccc2)C(C(=O)NC2CCCC2)c2ccccc2F)c(OC)c1,3.86
4309,CHEMBL1940279,O=C(NCc1ccnc2ccccc12)c1ccc(Oc2ccc(C#C[C@]3(O)CN4CCC3CC4)cc2)cc1,3.88
4310,CHEMBL1289785,O=C(CCCc1ccncc1)N1CCN(c2ccc(Cl)cc2Cl)CC1,3.93
4311,CHEMBL1868126,COc1cccc2sc(NC(=O)c3ccccc3)nc12,3.96
4312,CHEMBL250687,CCCSc1nc(N[C@@H]2C[C@H]2c2ccccc2)c2nnn([C@@H]3C[C@H](CO)[C@@H](O)[C@H]3O)c2n1,3.99
4313,CHEMBL2036760,O=C(Nc1ccc(C(F)(F)F)c(Cl)c1)N1CCN(C[C@@H]2CCCN(C3CC3)C2)CC1,4.06
4315,CHEMBL2035027,NC1(c2ccc(-c3ncc4ccccc4c3-c3ccccc3)cc2)CCC1,3.6
4316,CHEMBL550904,CC(C)Oc1cc(Oc2ccc(S(C)(=O)=O)cc2)cc(C(=O)Nc2nccs2)c1,3.61
4317,CHEMBL413742,CCCCC(CC)CNC(=O)c1ccc2c(c1)c(Cc1ccc(C(=O)NS(=O)(=O)c3ccccc3C)cc1OC)cn2C,3.66
4319,CHEMBL2349321,CC(C)C[C@H](CO)Nc1nc(SCc2ccccc2)nc2[nH]c(=O)sc12,4.2
4320,CHEMBL1499868,CC(c1ccccc1)C(Cc1nc2ccccc2[nH]1)c1nc2ccccc2[nH]1,4.48
4331,CHEMBL406852,COc1nc(N)nc2c1ncn2[C@@H]1O[C@H](CO)[C@@H](O)[C@H]1O,-0.58
4332,CHEMBL196707,Cc1c(CC(=O)O)c2cc(F)ccc2n1S(=O)(=O)c1ccc(S(C)(=O)=O)cc1,-0.44
4333,CHEMBL1778648,CCS(=O)(=O)c1ccc(-c2cc(C(F)(F)F)ccc2O[C@H](C)C(=O)O)c(C)c1,-0.4
4334,CHEMBL153370,CC(C)C[C@H](NC(=O)N1CCOCC1)C(=O)NCC#N,0.08
4335,CHEMBL1689126,C[C@H]1CN(Cc2cc(Cl)ccc2OCC(=O)O)CCN1C(=O)Cc1ccccc1,0.18
4336,CHEMBL2179271,CC[C@H](c1ccc(C(=O)O)c(Oc2cccc(Cl)c2)c1)N1CCC[C@H](n2cc(C)c(=O)[nH]c2=O)C1,0.22
4337,CHEMBL1290185,Cc1nc(C(=O)N2CCCC3(CCN(Cc4ccccc4)CC3)C2)cs1,0.24
4338,CHEMBL1778650,CCC(Oc1ccc(C(F)(F)F)cc1-c1ccc(S(=O)(=O)CC)cc1C)C(=O)O,0.31
4339,CHEMBL407960,COc1ccc(OC)c(CNc2n[nH]c3ccnc(Oc4ccccc4)c23)c1,4.25
4340,CHEMBL436826,CCOc1ccc(-n2c([C@@H](C)N(Cc3cccnc3)C(=O)Cc3ccc(C(F)(F)F)cc3)nc3ccccc3c2=O)cc1,4.25
4341,CHEMBL1631889,C(#Cc1n[nH]c2ccccc12)c1ccccc1,4.31
4342,CHEMBL2152906,CC#Cc1ccnc(-c2cccc([C@@]3(c4cc(C)c(=O)n(CC)c4)N=C(N)c4c(F)cccc43)c2)c1,4.4
4343,CHEMBL467803,Cc1oc(S(C)(=O)=O)cc1-c1c2c(=O)n(C)c(=O)n(CC3CC3)c2nn1Cc1cn(C)c2ccc(Cl)cc12,4.48
4346,CHEMBL1778645,CCS(=O)(=O)c1ccc(-c2cc(Cl)ccc2OCC(=O)O)c(C)c1,-0.65
4347,CHEMBL1778637,CS(=O)(=O)c1ccc(-c2cc(C(F)(F)F)ccc2OCC(=O)O)c(Cl)c1,-0.52
4348,CHEMBL1374798,COc1cccc(COCC(O)CN2CCC(C(N)=O)CC2)c1,-0.5
4349,CHEMBL213494,Cc1ccc2c(c1)c(-c1ccnc3c(S(C)(=O)=O)cccc13)c(C)n2CC(=O)O,-0.34
4350,CHEMBL564737,O=C(NCC1(O)CCCCCC1)c1cc(-c2ccccc2C(=O)O)ccc1Cl,-0.34
4351,CHEMBL2179285,Cc1cn([C@H]2CCCN([C@H](CC3CCOCC3)c3ccc(C(=O)O)c(Oc4cccc(Cl)c4)c3)C2)c(=O)[nH]c1=O,-0.25
4352,CHEMBL1698932,Oc1cc(-c2ccccc2)nc2ncnn12,-0.21
4354,CHEMBL321590,O=C(NO)C1COC(c2ccc(F)c(C(F)(F)F)c2)=N1,1.53
4355,CHEMBL1829430,CCC(c1nc2snc(C)c2c(=O)n1Cc1ccccc1)N(CCCN)C(=O)c1ccc(C)cc1,1.61
4356,CHEMBL404687,O=C(O)c1ccc(Nc2ncc(Br)c(Nc3ccccc3)n2)cc1,1.65
4372,CHEMBL1807829,O=c1[nH]c2c(O)ccc([C@@H](O)CNCCSCCCNCCc3cccc(Cl)c3Cl)c2s1,2.2
4377,CHEMBL429330,CC(C)[C@H](NC(=O)CCc1ccccc1)C(=O)N1CCCC1,2.49
4378,CHEMBL1575409,COc1ccc(CNC(=O)CSc2nc3cccnc3s2)cc1,2.5
4379,CHEMBL352576,CC(=O)NCc1ccc(CN2CCN(c3ccc(F)cc3F)CC2)cc1,2.5
4380,CHEMBL2158835,O=C(O)[C@H](Cc1ccccc1)N1CCC(CN2CCC(Oc3ccc(Cl)c(Cl)c3)CC2)CC1,2.5
4381,CHEMBL254165,Nc1ccccc1NC(=O)c1ccc(C2CCN(Cc3ccccc3)CC2)cc1,2.51
4382,CHEMBL2158772,Cc1ccccc1C[C@@H](C(=O)O)N1CCC(CN2CCC(Oc3ccc(Cl)c(Cl)c3)CC2)CC1,2.54
4383,CHEMBL385563,Clc1ccc2c(c1Nc1ncnc3cc(OCCN4CCCC4)cc(OC4CCOCC4)c13)OCO2,2.6
4394,CHEMBL1809067,COc1cc(N2CCN(C(N)=O)CC2)ccc1Nc1ncc(Cl)c(-c2cnc3ccccn23)n1,3.3
4395,CHEMBL1809205,COc1cc(N2CCN(C(C)=O)CC2)ccc1Nc1ncc(Cl)c(-c2cnc3cc(C)ccn23)n1,3.3
4396,CHEMBL2003130,O=c1[nH]c(-c2ccccc2)nc2cc(Cl)ccc12,3.31
4397,CHEMBL181326,O=C(NCC(=O)N(CCO)c1ccccc1)c1cc2cc(Cl)ccc2[nH]1,3.37
4398,CHEMBL182682,COc1ccc(CC(=O)N(C)C2CCN(CCC(c3ccccc3)c3ccccc3)CC2)cc1OC,3.4
4399,CHEMBL2086689,C[C@@H]1CN(c2ncc(F)cn2)CCN1c1ncc(OCc2ccncc2C#N)cn1,3.4
4430,CHEMBL370826,CCN(C(=O)Cc1ccc(S(C)(=O)=O)cc1)C1CCN(CCC(c2ccc(NC(C)=O)cc2)c2cccc(F)c2)CC1,2.41
4434,CHEMBL1829423,CCC(c1nc2ccn(C)c2c(=O)n1Cc1ccccc1)N(CCCN)C(=O)c1ccc(C)cc1,1.8
4435,CHEMBL1809050,COc1cc(OC2CCNCC2)ccc1Nc1ncc(Cl)c(-c2cnc3ccccn23)n1,1.8
4443,CHEMBL1221659,Cc1cc(N)nc(CCNC(=O)c2ccc(C#N)cc2)c1,1.62
4444,CHEMBL128637,COc1ccc2[nH]c(C(=O)N3CCN(C)CC3)cc2c1,1.62
4445,CHEMBL1213071,Cc1onc(C(N)=O)c1C(=O)Nc1nccs1,1.63
4446,CHEMBL205092,CC(C)Cn1c(=O)n(C)c(=O)c2c(C(=O)N3CC[C@@H](O)C3)c(Cc3c[nH]c4ncccc34)sc21,1.71
4447,CHEMBL2158834,O=C(O)c1cccnc1N1CCC(CN2CCC(Oc3ccc(Cl)c(Cl)c3)CC2)CC1,1.71
4450,CHEMBL1221607,NC1=NC(c2cccs2)Nc2cccc(F)c21,0.91
4451,CHEMBL452274,CN(CCO)Cc1ccc(-c2cc(C(N)=O)c(NC(N)=O)s2)cc1,0.97
4454,CHEMBL232627,O=C(O)CN1C(=O)C(NC(=O)c2cc3sc(Cl)c(Cl)c3[nH]2)Cc2ccccc21,0.67
4455,CHEMBL1689125,C[C@@H]1CN(Cc2cc(Cl)ccc2OCC(=O)O)C[C@H](C)N1C(=O)Cc1ccccc1,0.7
4456,CHEMBL436281,c1ccc(C2OC3(CCNCC3)c3ccccc32)cc1,0.75
4457,CHEMBL1480954,FC(F)(F)c1nnc2ccc(-n3ccnc3)nn12,0.91
4458,CHEMBL1789328,N#Cc1cc(Cl)ccc1O[C@H](CCN)c1ccccc1,0.91
4459,CHEMBL2011895,CNc1c(Br)cnc2[nH]c(-c3ccc(OCCN4CCCCC4)cc3)nc12,2.56
4467,CHEMBL44245,CC(c1ccccc1)N1Cc2ccccc2C1=O,3.0
4468,CHEMBL1835908,CCOC(=O)c1ccc(CCN2CCN(c3ccc(C)nn3)CC2)cc1,2.58
4469,CHEMBL109405,C1=C(c2cc3ccccc3o2)C2CCN1CC2,2.59
4470,CHEMBL1197102,NC1CCc2cc(OC(=O)c3ccccc3)c(OC(=O)c3ccccc3)cc2C1,2.6
4471,CHEMBL361431,CCCN1CCC(Oc2nccc(Nc3cc(NC(=O)c4cccc(N5CCOCC5)c4)ccc3C)n2)CC1,2.6
4472,CHEMBL1630140,CCN1CCN(CC(=O)Nc2ccc(-c3cccc4c(=O)cc(N5CCOCC5)[nH]c34)c3sc4ccccc4c23)CC1,2.6
4477,CHEMBL360106,CCN(C(=O)Cc1ccc([N+](=O)[O-])cc1)C1CCN(CCC(c2ccccc2)c2ccccc2)CC1,4.1
4478,CHEMBL411799,COc1cc(Nc2ncnc3cccc(O[C@H](C)C(=O)N4CCOCC4)c23)ccc1Oc1ccc(C)nc1,3.6
4479,CHEMBL2171049,Cc1ccc(S(=O)(=O)NC(=O)N2CCC(N3CCC(Oc4ccc(Cl)cc4)CC3)CC2)cc1,1.6
4480,CHEMBL1184268,Cc1cc(C)cc(-c2c(O)nc3cc(Cl)c(C(=O)Nc4ccncn4)cc3c2OCCC2CCCCN2)c1,1.7
4482,CHEMBL44722,CC[C@H](NC(=O)c1c(CN(C)C)c(-c2ccccc2)nc2ccccc12)c1ccccc1,4.18
4483,CHEMBL2349335,CC(C)C[C@H](CO)Nc1nc(SCc2ccccc2)nc2nc(N)sc12,4.2
4484,CHEMBL1809222,COc1cc(N2CCN(C(C)=O)CC2)ccc1Nc1ncc(Cl)c(-c2cnc3cc(Cl)ccn23)n1,4.2
4485,CHEMBL517943,Fc1ccc(CNc2ncc(Br)c(Nc3cc(C4CC4)[nH]n3)n2)cc1,4.28
4498,CHEMBL130590,Cc1ccccc1C(=O)NCC12CC3CC(CC(C3)C1)C2,4.28
4504,CHEMBL455428,CNC(=O)c1ccc(Nc2nccc(-c3cnc(C)n3C(C)C)n2)cc1F,2.95
4505,CHEMBL561426,CSc1nc(N)nc(-c2ccccc2)n1,2.98
4515,CHEMBL1077458,CC(=O)Nc1ccc(-c2ccnc(Nc3ccc(N4CCOCC4)cc3)n2)cc1,2.91
4516,CHEMBL213294,COc1ccc(NC(=O)CSc2nnc(C)n2-c2ccc(C)cc2)cc1,2.94
4517,CHEMBL2010834,CNC(=O)c1ccc(CC(=O)N(C)C2CCN(Cc3ccc(C(F)(F)F)cc3)CC2)cc1,2.8
4518,CHEMBL471584,N#Cc1nc(NC2CCCCC2)c(N)c(N2CCOCC2)n1,2.81
4519,CHEMBL404327,C[C@@H](Oc1cccc2ncnc(Nc3ccc4c(cnn4Cc4cscn4)c3)c12)C(=O)N1CCOCC1,2.81
4520,CHEMBL515839,Cc1ncc(-c2ccnc(Nc3ccc(S(=O)(=O)CC4CCCO4)cc3)n2)n1C(C)C,2.82
4521,CHEMBL2059868,Cc1ccc(-c2[nH]cnc2C)cc1NC(=O)c1ccc(OCc2ccccn2)cc1,2.87
4522,CHEMBL50347,COC(=O)CCCCCCC(=O)Nc1ccc2c(c1)C(=O)C(=O)c1ccccc1-2,2.9
4523,CHEMBL212731,CCN(C(=O)Cc1ccc(S(C)(=O)=O)cc1)C1CCN(CC[C@H](c2ccc(S(C)(=O)=O)cc2)c2cccc(F)c2)CC1,2.9
4524,CHEMBL208330,CC(C)Cn1c(=O)n(C)c(=O)c2c(C(=O)N(C)C)c(Cc3ccccc3C(F)(F)F)sc21,2.9
4531,CHEMBL1938681,O=C(c1ccc(-c2ccc(Cl)cc2)o1)N(Cc1ccccn1)c1ccc(N2CCNCC2)cc1,3.0
4532,CHEMBL2207654,O=C(NC[C@@H](O)CN1CCC(Oc2ccc(Cl)c(Cl)c2)CC1)c1c[nH]c(=O)c2cc(S(=O)(=O)N3CCC3)ccc12,3.02
4535,CHEMBL440405,CS(=O)(=O)NC(=O)CCCc1c(-c2ccc(F)cc2)[nH]c2ccc(C#N)cc12,1.5
4536,CHEMBL1945291,COc1ccccc1CN(C)Cc1cccc(CCNC[C@H](O)c2ccc(O)c3[nH]c(=O)sc23)c1,1.52
4541,CHEMBL1778622,CCSc1ccc(-c2cc(C(F)(F)F)ccc2OCC(=O)O)cc1,1.54
4542,CHEMBL1201391,CCC(C)(C)C(=O)O[C@H]1C[C@@H](C)C=C2C=C[C@H](C)[C@H](CC[C@@H](O)C[C@@H](O)CC(=O)O)[C@H]21,1.55
4543,CHEMBL108249,O=S(=O)(CCCNCCc1ccc(O)c2nc(O)sc12)NCCOCCc1ccc(F)cc1,1.57
4544,CHEMBL1951165,COc1cc(OC)c(S(=O)(=O)N(c2ccccc2)C(C)C)cc1NC(C)=O,1.6
4545,CHEMBL2331748,Cc1cn([C@H]2CCCN(S(=O)(=O)c3ccc(O)c(Oc4cccc(F)c4)c3)C2)c(=O)[nH]c1=O,1.6
4546,CHEMBL1242565,C[C@H](N)C(=O)N[C@H](/C=C/S(=O)(=O)c1ccccc1)CCc1ccccc1,1.66
4547,CHEMBL86276,Nc1nc(-c2ccccc2)nn1Cc1ccccc1,1.91
4548,CHEMBL249966,CC(C)(C)Cn1c(CN2C(=O)CC3(CCNCC3)C2=O)cc2cnc(C#N)nc21,0.75
4549,CHEMBL1950858,CN[C@@H](C)C(=O)N[C@H](C(=O)N[C@H]1CCCN(CCc2ccc(O)cc2)C1)C(C)(C)C,0.77
4550,CHEMBL2030964,CNc1cccc(CCCc2ccc(C[C@H](NC(=O)c3c(Cl)cccc3Cl)C(=O)O)s2)n1,0.78
4568,CHEMBL335749,CC(=O)NC[C@H]1CN(c2ccc(N3Cc4ccncc4C3)c(F)c2)C(=O)O1,3.02
4569,CHEMBL1939752,CCOC(=O)Nc1cccc([C@@H](c2ccc(C(=O)N3CCC3)cc2)N2CCN(Cc3cccnc3)CC2)c1,3.02
4588,CHEMBL1824039,O=C1COc2ccc(CNC3CCN(CCN4C(=O)COc5ccc(OC(F)(F)F)cc54)CC3)nc2N1,1.82
4589,CHEMBL1778995,Fc1cccc(-c2cncc(CNCC3CC3)n2)c1F,1.82
4590,CHEMBL2158827,O=C(O)Cc1ccc(N2CCC(CN3CCC(Oc4ccc(Cl)c(Cl)c4)CC3)CC2)cc1,1.83
4591,CHEMBL198114,CCN(C(=O)Cc1ccc(S(C)(=O)=O)cc1)C1CCN(CCC(c2ccccc2)c2ccc(NS(C)(=O)=O)cc2)CC1,1.84
4592,CHEMBL1824043,O=C1COc2ccc(CNC3CCN(CCN4C(=O)COc5ccc(F)cc54)CC3)nc2N1,0.9
4593,CHEMBL321758,C[C@H]([C@H](O)c1ccc(O)cc1)N1CCC(O)(c2ccccc2)CC1,0.91
4594,CHEMBL1917462,Cc1c(Sc2ccc(Cl)cc2)c2c(Cl)nccc2n1CC(=O)O,0.92
4595,CHEMBL93354,N#C[C@@H]1CCCN1C(=O)CNCCNc1ccc(Cl)cn1,0.99
4596,CHEMBL323443,CC(C)C(NC(=O)Cn1c(-c2ccccc2)ccc(NS(=O)(=O)C(F)(F)F)c1=O)C(=O)C(F)(F)F,1.01
4597,CHEMBL1917444,COc1ccc(Sc2c(C)n(CC(=O)O)c3ccc(C)cc23)cc1,1.01
4598,CHEMBL1689115,O=C(O)COc1ccc(Cl)cc1CN1CCCN(S(=O)(=O)Cc2ccccc2)CC1,1.01
4624,CHEMBL573287,COc1ccc(Nc2cc(Oc3cc(C)c(C)nc3-c3ccccn3)ccn2)cc1,3.51
4625,CHEMBL2087851,Cn1cncc1-c1c2c(=O)n(C3CC3)c(=O)n(CC3CC3)c2nn1Cc1ccnc2ccc(Cl)cc12,3.53
4629,CHEMBL1187646,NCCCC(=O)OCCN1CCN(CCCN2c3ccccc3Sc3ccc(Cl)cc32)CC1,1.5
4630,CHEMBL99737,Nc1cccc(NC(=O)c2ccc(CNC(=O)OCc3cccnc3)cc2)c1,1.6
4639,CHEMBL474484,CC(C)CNc1nc(C#N)nc(N2CCNCC2)c1N,0.7
4666,CHEMBL1084762,O=C(O)C[C@@H]1c2ccccc2C[C@H]1NC(=O)c1cc2sc(Cl)c(Cl)c2[nH]1,2.53
4667,CHEMBL515854,COCCS(=O)(=O)c1ccc(Nc2nccc(-c3cnc(C)n3C(C)C)n2)cc1,2.56
4673,CHEMBL217090,Clc1ccc2c(c1Nc1ncnc3cc(OCCCN4CCCC4)cc(OC4CCOCC4)c13)OCO2,2.3
4674,CHEMBL365903,NC(=O)c1cc(O)cc2nc(-c3ccc(O)cc3)oc12,2.3
4675,CHEMBL1946029,CN(C)C(=O)c1ccc(C(=C2CCN(Cc3cscn3)CC2)c2cccc3cccnc23)cc1,2.3
4692,CHEMBL254370,CC[C@@H](Nc1c(Nc2cccc(C(=O)N(C)C)c2O)c(=O)c1=O)c1ccccc1,2.14
4693,CHEMBL92840,CC(O)(C(=O)Nc1ccc(S(=O)(=O)c2ccncc2)cc1)C(F)(F)F,2.15
4694,CHEMBL460102,Cc1ncc(-c2nc(Nc3ccc(C(=O)N4CC[C@H](N(C)C)C4)cc3)ncc2F)n1C(C)C,2.16
4695,CHEMBL206200,COCCNc1nc(N)c2nc(O)n(Cc3ccccc3)c2n1,2.18
4696,CHEMBL1739708,COc1ccc(-c2nc(N)s[n+]2-c2ccccc2)cc1,2.19
4697,CHEMBL421583,Cc1ccc(N(CC#N)c2cc(Nc3ccc(OCC(O)CN(C)C)cc3)ncn2)c(Br)c1,2.24
4698,CHEMBL507177,NC(=O)Nc1sc(-c2ccccc2)cc1C(=O)N1CCOCC1,2.24
4704,CHEMBL1916288,Cc1nn(-c2ccc(F)cc2)c(NS(=O)(=O)c2ccc(C#N)cc2)c1C(=O)N[C@@H](C)C(C)(C)C,0.45
4705,CHEMBL192943,CC(C)Cc1ccc([C@H](C)C(=O)NS(C)(=O)=O)cc1,0.56
4706,CHEMBL430507,CN(C)CC(O)COc1ccc(Nc2nccc(N(CC#N)c3cc(Cl)ccc3Cl)n2)cc1,2.4
4707,CHEMBL2036572,O=C(Nc1ccc(N2CCOCC2)cn1)c1nnc(Nc2ccccc2F)o1,2.4
4711,CHEMBL1389402,Cc1onc(CO)c1C(=O)Nc1nccs1,1.53
4712,CHEMBL1223816,NC(=O)c1cccc(O[C@H]2C[C@H]3CC[C@@H](C2)N3CC2CCCCC2)c1,1.55
4713,CHEMBL81624,COc1cc(C(=O)NS(=O)(=O)c2ccccc2)ccc1Cn1ncc2ccc(NC(=O)CC3CCCC3)cc21,1.6
4714,CHEMBL2171029,O=C(O)CCCCn1nnc(-c2ccc(C(=O)N3CCC(N4CCC(Oc5ccc(Cl)c(Cl)c5)CC4)CC3)cc2)n1,1.6
4720,CHEMBL2178941,Cc1nc(C)c(-c2ccc([C@H]3CC[C@H](CCC(=O)O)CC3)cc2)nc1C(N)=O,1.6
4721,CHEMBL2089280,Cc1ccc(-c2cccc([S@]3(=O)=NC(=O)[C@H](C)N3)c2)cc1,1.6
4722,CHEMBL205245,Cc1nc(Cl)c(Cl)n1Cc1sc2c(c1C(=O)N1CC[C@@H](O)C1)c(=O)n(C)c(=O)n2CC(C)C,1.61
4723,CHEMBL1778868,COCCNCc1cncc(-c2ccc(F)cc2OC)n1,1.61
4724,CHEMBL272282,Cn1c(=N)n(CC(=O)c2ccc(Cl)cc2)c2ccccc21,1.63
4725,CHEMBL1951907,CCN(C(=O)Cc1ccc(S(C)(=O)=O)cc1)C1CCN(CCC(c2ccccc2)C2CCN(S(=O)(=O)CC)CC2)CC1,1.63
4726,CHEMBL503605,O=C(c1cc2cc(Cl)ccc2[nH]1)N1CCNCC1,1.65
4727,CHEMBL1807852,C[C@H]1O[C@@H](n2cnc3c(N)nc(OC4CC5CC5C4)nc32)[C@H](O)[C@@H]1O,1.66
4728,CHEMBL477786,Cc1ncc(-c2ccnc(Nc3ccc(N4CCN(C(=O)CO)CC4)cc3)n2)n1C(C)C,1.69
4729,CHEMBL2180019,CC1=NC(C)(c2cccc(-c3cccnc3)c2)N=C1N,1.7
4730,CHEMBL1082812,N#Cc1c(-c2ccccc2)nc(SCCc2ccccc2)[nH]c1=O,1.71
4731,CHEMBL1779006,COc1cc(F)ccc1-c1cc(CNC2CCCC2)ccn1,1.71
4732,CHEMBL1467518,OC(c1ccccc1)c1cccnc1,1.72
4733,CHEMBL2153188,CCCSc1nc(N2CCCC(C(=O)O)C2)ccc1C(=O)NC1CCCCC1,1.72
4736,CHEMBL1418512,CC(C)N(c1nnc(N)s1)C(C)C,1.49
4737,CHEMBL1080786,N#C[C@]1(NC(=O)[C@@H](N)Cc2cccs2)C[C@H]1c1ccccc1,1.5
4738,CHEMBL1934413,Cc1ccc(S(=O)(=O)Nc2c(C(=O)N[C@@H](C)C(C)(C)C)c(C)nn2C2CCC2)cc1,1.57
4739,CHEMBL257176,N#Cc1cccnc1-c1ccc(C(=O)Nc2ccccc2N)cc1,1.58
4740,CHEMBL2070950,N#CC1(NC(=O)[C@@H]2CCCC[C@H]2C(=O)N2CCN(c3nc4ccncc4s3)CC2)CC1,1.6
4741,CHEMBL6800,COc1nc(Br)cnc1NS(=O)(=O)c1cccc2c(N(C)C)cccc12,1.9
4742,CHEMBL1407985,N=C(N)Nc1nc2ccccc2o1,1.91
4743,CHEMBL322271,O=S(=O)(CCCNCCc1ccc(O)c2nc(O)sc12)NCCOCCc1cccc(Cl)c1,1.92
4744,CHEMBL124842,CCCCCCCN(CCc1ccc(OC(C)(C)C(=O)O)cc1)C(=O)Nc1ccc(F)cc1F,1.93
4745,CHEMBL2171039,O=C(NS(=O)(=O)c1ccccc1Cl)N1CCC(N2CCC(Oc3ccc(Cl)c(Cl)c3)CC2)CC1,1.93
4746,CHEMBL205133,Nc1c(C(=O)c2cccc(OC[C@H](O)CO)c2)cnn1-c1ccc(F)cc1,1.94
4747,CHEMBL2158829,O=C(O)COc1cccc(N2CCC(CN3CCC(Oc4ccc(Cl)c(Cl)c4)CC3)CC2)c1,1.99
4748,CHEMBL242818,Cc1cc(O)ccc1N1C(=O)c2ccc(O)cc2C1=O,2.0
4776,CHEMBL459236,CCn1c(=O)ccc2cc(COc3cc(F)cc(C4(OC)CCOCC4)c3)ccc21,3.89
4777,CHEMBL1163492,CCN(C(=O)NCc1ccc(F)cc1)C1CCN(CCC(c2ccccc2)c2ccccc2)CC1,3.9
4778,CHEMBL182279,CCN(C(=O)Cc1ccc(C#N)cc1)C1CCN(CCC(c2ccccc2)c2ccccc2)CC1,3.9
4779,CHEMBL2171277,Cc1ccc(NC(=O)[C@H]2CCCN2S(=O)(=O)c2cccc3cccnc23)c(C)c1,3.9
4781,CHEMBL1951074,COc1cc(OC)c(S(=O)(=O)N2c3ccccc3CCC2C)cc1NC(=S)NCC(=O)O,-1.04
4802,CHEMBL1288718,N#CCc1c[nH]c2ccc(OCc3ccccc3)cc12,3.71
4803,CHEMBL1682948,CC[C@H](NC(=O)c1c([S+](C)[O-])c(-c2ccc(F)cc2)nc2ccccc12)c1ccccc1,3.72
4804,CHEMBL514257,OC[C@H](Nc1ncc(Cl)c(Nc2cc(C3CC3)[nH]n2)n1)c1ccc(F)cc1,3.75
4809,CHEMBL1230668,CN(C)c1cccc2c(S(=O)(=O)N(C)CC(=O)O)cccc12,-1.45
4810,CHEMBL169901,N=C(N)N1CCc2ccccc2C1,-1.01
4811,CHEMBL107920,Fc1cc(F)cc(-c2cc(N(CCCN3CCCCCC3)Cc3ccc4c(c3)OCO4)on2)c1,3.84
4812,CHEMBL402934,Clc1ccc2c(c1Nc1ccnc(Nc3ccccc3)n1)OCO2,3.9
4813,CHEMBL204887,CC(C)Cn1c(=O)n(C)c(=O)c2c(SCCCO)c(Cc3ccccc3C(F)(F)F)sc21,4.05
4814,CHEMBL1209583,O=S(=O)(NCC(c1ccccc1)N1CCCCCC1)c1ccccc1OC(F)(F)F,4.09
4827,CHEMBL304087,COc1cc(NC(=O)Nc2cccc(CNC(=O)O[C@H]3CCOC3)c2)ccc1-c1cnco1,3.6
4828,CHEMBL2207285,O=C(NC[C@@H](O)CN1CCC(Oc2ccc(Cl)c(Cl)c2)CC1)c1c[nH]c(=O)c2cc(S(=O)(=O)NC3CC3)ccc12,3.67
4829,CHEMBL1809204,COc1cc(N2CCN(C(C)=O)CC2)ccc1Nc1ncc(Cl)c(-c2cnc3cc(F)ccn23)n1,3.7
4830,CHEMBL188705,COc1ccc(OC)c(CNc2[nH]nc3cccc(Oc4ccc(S(C)(=O)=O)cc4)c23)c1,3.71
4831,CHEMBL1682810,CN1CCOc2nc(C#Cc3ccccc3)ccc21,3.8
4832,CHEMBL1669160,CC(C)COc1cc(-c2cccc3c(=O)cc(N4CCOCC4)oc23)ccc1NC(=O)CN1CCOCC1,3.8
4846,CHEMBL1223952,NC(=O)c1cccc(C[C@H]2C[C@H]3CC[C@@H](C2)N3Cc2ccccc2)c1,1.19
4865,CHEMBL2179277,Cc1cn([C@H]2CCCN([C@H](CC(C)(C)C)c3ccc(C(=O)O)c(Oc4cccc(Br)c4)c3)C2)c(=O)[nH]c1=O,1.09
4866,CHEMBL1194759,CCCC1CCCCC(N)=N1,1.1
4867,CHEMBL226906,Cc1ccsc1Cn1[nH]c(=O)c2[nH]c3cc(Cl)ccc3c(=O)c2c1=O,1.15
4868,CHEMBL1916545,COc1ccc2ccc(=O)n(CCN3CCC(NCc4cc5c(cn4)OCCO5)CC3)c2n1,1.16
4869,CHEMBL190354,O=C1O[C@]2(CN3CCC2CC3)CN1c1ccc(Br)s1,2.0
4870,CHEMBL2088099,COCCCc1cc(Nc2ccnc(NCc3cc(C)no3)n2)n[nH]1,2.04
4871,CHEMBL178835,CC(C)[C@H](NC(=O)C[C@H](NC(=O)/C=C/c1ccccc1)c1ccccc1)C(=O)[C@@H]1C(=O)NC(=O)[C@H]1C,1.91
4876,CHEMBL593196,Cn1c(CN2CCC(c3ccccc3)CC2)nc2ccccc21,3.6
4877,CHEMBL428777,C[C@@H](Oc1cccc2ncnc(Nc3ccc(OCc4ccccn4)c(Cl)c3)c12)C(=O)N(C)C,3.67
4878,CHEMBL2036739,O=C(Nc1ccc(N2CCOCC2)cc1)c1nnc(NC(=O)C2(c3ccc(Cl)cc3)CCCC2)o1,3.72
4879,CHEMBL1835912,CCOC(=O)c1ccc(OCCC2CCN(c3ccc(C)nn3)CC2)nc1,3.76
4880,CHEMBL254359,Nc1ccccc1NC(=O)c1ccc(N2CCOCC2)cc1,1.2
4881,CHEMBL1944692,O=c1[nH]c2c(O)ccc([C@@H](O)CNCCc3ccc(CNCCc4ccccc4F)cc3)c2s1,1.3
4882,CHEMBL1078411,N#C[C@@]1(NC(=O)[C@@H](N)Cc2cccs2)C[C@@H]1c1ccccc1,1.3
4883,CHEMBL2094541,COc1cc(OC)nc(-n2ncc(Cl)c(Cl)c2=O)n1,1.4
4884,CHEMBL550167,O=C(NCC12CC3CC(CC(C3)C1)C2)c1cc(OCCCNCCCO)ccc1Cl,1.41
4885,CHEMBL1916282,Cc1ccc(S(=O)(=O)Nc2c(C(=O)N[C@@H](C)C(C)(C)C)c(C)nn2-c2ccccc2)cc1,1.44
4886,CHEMBL1823817,COC[C@H](O)Cn1c(=O)cnn(-c2ccc(Cl)c(C(=O)NCC3(O)CCCCCC3)c2)c1=O,1.46
4887,CHEMBL1916271,CCN(C(=O)c1cnn(-c2ccccc2)c1NS(=O)(=O)c1ccc(-c2cnco2)cc1)C1CCCCC1,1.46
4888,CHEMBL1950842,CN[C@@H](C)C(=O)N[C@H](C(=O)N[C@H]1CCCN(CCc2ccccc2)C1)C(C)(C)C,1.46
4894,CHEMBL289330,CCN1CCC[C@H]1CNC(=O)c1cc(Br)cc(OC)c1OC,1.2
4916,CHEMBL465955,C[C@@H]1CN(CC2(C(N)=O)CC2)CCN1S(=O)(=O)c1ccc(C(C)(O)C(F)(F)F)cc1,1.03
4917,CHEMBL1807869,O=c1[nH]c2c(O)ccc([C@@H](O)CNCCCSCCNCCc3cccc(Cl)c3)c2s1,1.06
4918,CHEMBL389911,COC(=O)c1cccc(Cn2[nH]c(=O)c3[nH]c4cc(Cl)ccc4c(=O)c3c2=O)c1,1.1
4919,CHEMBL1397672,Cc1[nH]c2nc(NCc3cccc(Br)c3)nn2c(=O)c1Cc1ccccc1,3.68
4920,CHEMBL1718949,Cc1[nH]c2nc(NCc3ccc(Cl)cc3)nn2c(=O)c1Cc1ccccc1,3.7
4921,CHEMBL1783246,CCCNC(=O)c1nnc2c(-c3ccccc3)cccc2c1N,3.8
4922,CHEMBL118973,Cn1c2ccccc2c2cc(NC(=O)CCc3ccncc3)ccc21,3.8
4925,CHEMBL460087,CN[C@H]1CCN(C(=O)c2ccc(Nc3nccc(-c4cnc(C)n4C(C)C)n3)cc2)C1,1.22
4926,CHEMBL1741132,O=C1CN(N=Cc2ccc(-c3ccc([N+](=O)[O-])cc3)o2)C(O)=N1,1.35
4927,CHEMBL1645501,CC(=O)c1ccc2[nH]c(-c3cccnc3)cc(=O)c2c1,1.41
4935,CHEMBL290663,O=C(NCCCN1CCCCC1)C(c1ccccc1)c1ccccc1,1.33
4936,CHEMBL1829409,CCC(c1nc2ccsc2c(=O)n1Cc1ccccc1)N(CCCN)C(=O)c1ccc(OC)cc1,1.39
4960,CHEMBL2059377,CCNC(=O)c1cc2c(-n3ccc(C(F)(F)F)n3)c(-c3cncc(C#N)c3)cnc2[nH]1,2.62
4963,CHEMBL251202,COc1cccc(C(=O)N2CCC(n3c(=O)[nH]c4ccccc43)CC2)c1,2.65
4964,CHEMBL2062581,CC(=O)Nc1ccc2[nH]cc(-c3cc(NC4CC4)n4ncc(C#N)c4n3)c2c1,2.65
4971,CHEMBL51776,COC(=O)CCC(=O)Nc1ccc2c(c1)C(=O)C(=O)c1cc(NC(=O)CCC(=O)OC)ccc1-2,2.67
4972,CHEMBL300663,CCOc1ccccc1-c1ccc2c(c1)C(=O)C(=O)c1ccccc1-2,2.67
4973,CHEMBL216749,COc1cc2c(NC(=O)Nc3c(Cl)cccc3Cl)ncnc2cc1OCC1CCN(C)CC1,2.7
4974,CHEMBL62993,O=C1Nc2ccc(S(=O)(=O)N3CCC[C@H]3COc3ccccc3)cc2C1=O,2.7
4975,CHEMBL376813,COc1cc(N2CC[C@@H](N(C)C)C2)c2[nH]c(C(=O)Nc3ccc(N4CCOCC4)cc3)cc(=O)c2c1,2.7
4976,CHEMBL335744,CC(C)C(=O)Nc1nc(-c2ccccn2)cc2ccccc12,2.7
4977,CHEMBL1412343,Cc1ccccc1NC(=O)CCS(=O)(=O)c1ccc(Br)s1,2.7
4978,CHEMBL1775161,O=C(O)c1cn(Cc2ccccc2)c2ccccc12,1.19
4979,CHEMBL1829408,CCC(c1nc2ccsc2c(=O)n1Cc1ccccc1)N(CCCN)C(=O)c1ccc(C(C)C)cc1,2.72
4980,CHEMBL2062584,COC(=O)CCn1cc(-c2cc(NC3CC3)n3ncc(C#N)c3n2)c2cc(NC(C)=O)ccc21,2.72
4981,CHEMBL2071614,CC(C)(O)c1ccc(Nc2nc3ccc(C#N)cc3[nH]2)cc1,2.73
4982,CHEMBL510436,Cc1ncc(-c2ccnc(Nc3ccc(C(=O)N(C)C)c(F)c3)n2)n1C(C)C,2.74
4983,CHEMBL257027,C[C@H](CO)Nc1nc(SCc2ccccc2)nc2[nH]c(=O)[nH]c12,2.75
4984,CHEMBL1333251,CC(=O)Nc1nc(-c2cccs2)cs1,2.77
4985,CHEMBL1223246,Cc1cc2n[nH]c(=O)n2c2cc(-c3ccc(C(=O)N4CCOCC4)cc3)ccc12,2.77
4986,CHEMBL2036775,CC(C)N1CCO[C@@H](CN2CCN(C(=O)Nc3ccc(Cl)c(Cl)c3)CC2)C1,2.77
4987,CHEMBL339051,CNC(=O)C1(N2CCCCC2=O)CCN(CC[C@H](CN(C)C(=O)c2c(OC)c(C#N)cc3ccccc23)c2ccc(Cl)c(Cl)c2)CC1,2.78
4989,CHEMBL287200,CN1CCc2c1nc1ccccc1c2NC(=O)Cc1ccccc1,2.8
4990,CHEMBL1893999,CC(C)C1NCCc2c1sc1ccccc21,2.8
4991,CHEMBL452464,CC(C)C[C@@H](CO)NS(=O)(=O)c1ccc(Cl)s1,2.8
4994,CHEMBL2335121,CCOc1ccccc1-c1ccc(-c2nc3ccc(F)cc3c(C(=O)O)c2C)cc1,1.18
5001,CHEMBL1944691,O=c1[nH]c2c(O)ccc([C@@H](O)CNCCc3cccc(CNCCc4ccccc4F)c3)c2s1,1.06
5002,CHEMBL1180299,O=c1[nH]n(Cc2ccccn2)c(=O)c2c(=O)c3ccc(Cl)cc3[nH]c12,1.1
5003,CHEMBL598191,N=C(N)c1cc2c(OCc3ccccc3)cccc2s1,1.16
5004,CHEMBL226959,COC(=O)c1ccc(Cn2[nH]c(=O)c3[nH]c4cc(Cl)ccc4c(=O)c3c2=O)cc1,1.17
5005,CHEMBL564366,Cc1ccc2nc(CCNCCCO)ccc2c1NC(=O)CC12CC3CC(CC(C3)C1)C2,1.18
5008,CHEMBL255536,COc1ccc(CC(=O)NC(N/C(=N/C#N)Nc2ccccc2C)C(C)(C)C)cc1OC,2.48
5009,CHEMBL211175,CCN(C(=O)Cc1ccc(S(C)(=O)=O)cc1)C1CCN(CC[C@H](c2ccc(S(C)(=O)=O)cc2)c2cc(F)c(F)c(F)c2)CC1,2.55
5010,CHEMBL492234,COC(=O)c1ccc(C)c(NS(=O)(=O)c2ccc3c(c2)c(=O)sn3C)c1,2.6
5011,CHEMBL212521,CC[C@H](N)C(=O)N[C@H](C#N)Cc1ccc(-c2ccccc2)cc1,2.6
5031,CHEMBL279200,c1ccc2c(OCC3=NCCN3)cccc2c1,0.68
5035,CHEMBL1831130,COc1ccc2nc(C)cc(N3CC(CNC(=O)C4CC4)OC3=O)c2c1,1.55
5036,CHEMBL147405,CC(=O)NC[C@H]1CN(c2ccc(-n3ccc(C#N)c3)c(F)c2)C(=O)O1,1.6
5038,CHEMBL1224142,Cc1c(O[C@H]2C[C@H]3CC[C@@H](C2)N3Cc2ccccc2)cccc1C(N)=O,1.6
5040,CHEMBL403812,Nc1ccccc1NC(=O)c1ccc(-c2ncc(CN3CCC3)cc2F)cc1,1.69
5049,CHEMBL1940307,CNS(=O)(=O)c1ccc(Oc2ccc(C#C[C@]3(O)CN4CCC3CC4)cc2)cc1,2.03
5054,CHEMBL1896341,Cc1ccc(CNC(=O)C2CCCN2S(=O)(=O)c2ccc(F)cc2)cc1,2.9
5055,CHEMBL2036590,O=C(Nc1ccc(N2CCOCC2)nc1)c1nnc(Nc2ccc(F)c(F)c2)o1,2.9
5056,CHEMBL1270874,CS(=O)(=O)c1cccc(Nc2nccc(Nc3cccc4ocnc34)n2)c1,2.9
5057,CHEMBL2107366,Cc1cccc([C@H](C)c2c[nH]c(=S)[nH]2)c1C,2.9
5058,CHEMBL578288,N#CN=C(N)c1sc(Nc2ccccc2)nc1N,2.91
5059,CHEMBL1809192,COc1cc(N2CCN(C(C)=O)CC2)ccc1Nc1nccc(-c2cnc3ccccn23)n1,3.0
5060,CHEMBL256117,Nc1ccccc1NC(=O)c1ccc(-c2ncc(CN3CCCCC3)s2)cc1,2.82
5061,CHEMBL2207672,Cc1c(Cl)ccc(OC2CCN(C[C@H](O)CNC(=O)c3c[nH]c(=O)c4cc(S(C)(=O)=O)ccc34)CC2)c1Cl,2.83
5062,CHEMBL1082704,O=C(O)CC[C@@H]1c2ccccc2C[C@H]1NC(=O)c1cc2sc(Cl)c(Cl)c2[nH]1,2.84
5063,CHEMBL1084863,NS(=O)(=O)c1ccc(Nc2nccc(-c3ccccc3)n2)cc1,2.86
5064,CHEMBL1917419,Cc1c(Sc2ccc(Cl)cc2)c2cc(Cl)ccc2n1CC(=O)O,2.87
5078,CHEMBL2171033,O=C(NS(=O)(=O)c1ccccc1)N1CCC(N2CCC(Oc3ccc(Cl)c(Cl)c3)CC2)CC1,1.5
5079,CHEMBL108939,COc1ccccc1Oc1ccc(N(Cc2cccnc2)S(=O)(=O)CC(F)(F)F)cc1,1.5
5088,CHEMBL2164740,N#Cc1ccc2ccc(=O)n(CCN3CC[C@H](NCc4cc5c(cn4)OCCO5)[C@H](O)C3)c2c1,0.46
5089,CHEMBL1689134,C[C@H]1CN(Cc2cc(Cl)ccc2OC(C)(C)C(=O)O)CCN1S(=O)(=O)c1ccccc1,0.54
5090,CHEMBL1852508,Cc1cc(-c2ccc(Cl)c(C(=O)NCC3(O)CCCCCC3)c2)nn1C[C@H](O)CN,0.57
5091,CHEMBL512607,CC(C)(C)C(=O)N[C@H]1CCCCNC1=O,0.58
5092,CHEMBL184817,O=C(O)CCn1c2ccccc2c2ccccc21,0.6
5093,CHEMBL1934416,COCC(C)n1nc(C)c(C(=O)N[C@@H](C)C(C)(C)C)c1NS(=O)(=O)c1ccc(C)cc1,0.61
5094,CHEMBL1916537,COc1ccc2c(c1)N(CCN1CCC(NCc3ccc4c(n3)NC(=O)CO4)CC1)C(=O)CC2,0.66
5095,CHEMBL260488,CCOC(=O)c1cc(O)c(-c2ccccc2)nn1,0.69
5096,CHEMBL1180288,O=c1[nH]n(C(c2ccncc2)C2CC2)c(=O)c2c(O)c3ccc(Cl)cc3nc12,0.7
5097,CHEMBL487622,CNC(=O)c1ccc(-c2cc(C(=O)N[C@H]3CCCNC3)c(NC(N)=O)s2)cc1,0.7
5098,CHEMBL231450,COc1cc(/C=C2/SC(=O)NC2=O)cc(OC)c1O,0.74
5099,CHEMBL1834385,Nc1nccc(-c2ccccc2)n1,2.0
5100,CHEMBL2171014,Cc1c(Cl)ccc(OC2CCN(C3CCN(C(=O)NS(=O)(=O)c4ccc(N(C)C)cc4)CC3)CC2)c1Cl,2.0
5101,CHEMBL551060,Cc1nc(C)c(C(=O)N[C@@H](Cc2cccc(Cl)c2)C(=O)NCC#N)s1,2.0
5102,CHEMBL1402150,O=C(CSc1nccn(-c2ccc(F)c(F)c2)c1=O)NC1CCCC1,2.0
5103,CHEMBL1934414,Cc1ccc(S(=O)(=O)Nc2c(C(=O)N[C@@H](C)C(C)(C)C)c(C)nn2C2CCCC2)cc1,2.0
5104,CHEMBL133501,O=CN1CC=C(c2c(F)cc(N3C[C@H](COc4ccon4)OC3=O)cc2F)CC1,2.01
5105,CHEMBL2335879,CN1CCCC1CCNC(=O)c1ccc(Nc2ncc3cc(-c4ccncc4)ccc3n2)cc1,2.01
5106,CHEMBL462192,Cc1ncc(-c2nc(Nc3ccc(C(=O)N4CCCN(C)CC4)cc3)ncc2F)n1C(C)C,2.02
5107,CHEMBL215022,O=C(Cc1cc(Nc2ncnc3cc(OCCCN4CCC[C@@H]4CO)ccc23)n[nH]1)Nc1cccc(F)c1F,2.06
5108,CHEMBL306835,C[C@@](O)(C(=O)Nc1ccc(S(=O)(=O)NCCCO)cc1Cl)C(F)(F)F,2.1
5109,CHEMBL1224216,NC(=O)c1ccc(O[C@H]2C[C@H]3CC[C@@H](C2)N3Cc2ccccc2)c(F)c1,2.1
5128,CHEMBL181610,Nc1nc(N)c(C(=O)Nc2ccccn2)nc1Cl,2.67
5129,CHEMBL1610669,CC(C)CCOc1ccc(N)cc1,2.67
5130,CHEMBL1088030,Cc1cnc(Nc2cc(N3CCOCC3)nc(N[C@@H](C)c3ncc(F)cn3)n2)s1,2.68
5131,CHEMBL2062582,CC(=O)Nc1ccc2c(c1)c(-c1cc(NC3CC3)n3ncc(C#N)c3n1)cn2CCO,2.71
5132,CHEMBL51781,COC(=O)CCC(=O)Nc1ccc2c(c1)-c1ccccc1C(=O)C2=O,2.72
5145,CHEMBL359810,Cc1c(-c2ccccc2F)c(=O)n(C[C@H](N)c2ccccc2)c(=O)n1Cc1c(F)cccc1F,2.76
5146,CHEMBL198758,CCN(C(=O)Cc1ccc(S(C)(=O)=O)cc1)C1CCN(CCC(c2ccccc2)c2ccc(C#N)cc2)CC1,2.76
5147,CHEMBL2335876,COCCNC(=O)c1ccc(Nc2ncc3cc(-c4ccncc4)ccc3n2)cc1C,2.78
5166,CHEMBL1079324,C[C@@H]1CN(c2nc(N3CCOCC3)c3ccc(Nc4ccccc4)nc3n2)C[C@H](C)O1,4.12
5167,CHEMBL2036753,O=C(Nc1ccc(Cl)c(Cl)c1)N1CCN(C[C@@H]2CCCN(Cc3ccccc3)C2)CC1,4.26
5168,CHEMBL561771,COc1cccc(NC(=O)c2cccc(Cc3c(C)nn(CCO)c3-c3ccccc3)c2)c1,4.29
5169,CHEMBL1209737,O=S(=O)(NCC(c1ccccc1)N1CCCCCC1)c1ccc(C(F)(F)F)cc1,4.29
5178,CHEMBL322122,CC(C)C(=O)NCCNCC(O)COc1ccc(O)cc1,-0.15
5179,CHEMBL1933588,C[C@H]1O[C@@H](n2cnc3c(N)nc(OC4CCOC4)nc32)[C@H](O)[C@@H]1O,-0.06
5180,CHEMBL1807823,O=c1[nH]c2c(O)ccc([C@@H](O)CNCCSCCCNCCc3ccccc3)c2s1,0.12
5189,CHEMBL1770298,Cc1ccc(C(NC(=O)c2ccccc2O)C(=O)Nc2c(C)cccc2C)s1,4.05
5190,CHEMBL1595582,COc1ccc(Cl)cc1C(=O)Nc1nc2ccccc2[nH]1,4.05
5192,CHEMBL2097971,COc1ccc2nc(C)cc(OCC(=O)Nc3ccccc3OC)c2c1,3.9
5193,CHEMBL424451,COc1ccc(C)c(NC(=O)CC23CC4CC(CC(C4)C2)C3)c1,3.96
5194,CHEMBL1526499,Clc1ccc(-c2cn3ccccc3n2)cc1,4.0
5195,CHEMBL284237,C[C@]12N[C@H](Cc3ccccc31)c1ccccc12,1.6
5196,CHEMBL1090090,NC(=O)c1ccc(N(C(N)=O)c2c(F)cccc2F)nc1-c1ccc(F)cc1F,1.6
5197,CHEMBL95,Nc1c2c(nc3ccccc13)CCCC2,0.38
5200,CHEMBL467399,COc1c(C)cnc(Cn2cnc3c(Cl)nc(N)nc32)c1C,1.67
5201,CHEMBL1916533,COc1ccc2ncc(F)c(CCN3CCC(NCc4ccc5c(n4)NC(=O)CO5)CC3)c2n1,1.78
5203,CHEMBL184,Nc1nc2c(ncn2COCCO)c(=O)[nH]1,-1.42
5205,CHEMBL1529362,Nc1nnc(-c2ccccc2)s1,1.8
5211,CHEMBL128,CNS(=O)(=O)Cc1ccc2[nH]cc(CCN(C)C)c2c1,-0.96
5212,CHEMBL267744,O=C(O)COc1ccc(C(=O)c2cccs2)c(Cl)c1Cl,-0.84
5215,CHEMBL218677,COc1cc2ncnc(Nc3cccc(Cl)c3F)c2cc1OC1CCN(CC(N)=O)CC1,3.1
5216,CHEMBL247471,C[C@H](c1ccc(F)cc1CCCC(=O)O)N(c1cc(F)ccc1F)S(=O)(=O)c1ccc(Cl)cc1,3.1
5223,CHEMBL1773959,O=C(O)CCC(=O)N1CCC(c2nc(-c3cccs3)no2)CC1,-1.27
5224,CHEMBL660,NC12CC3CC(CC(C3)C1)C2,-0.98
5229,CHEMBL1313395,Cc1sc2ncnc(N3CCN(c4ncccn4)CC3)c2c1C,3.66
5230,CHEMBL301018,COc1cc2ncnc(Nc3ccc(F)c(Cl)c3)c2cc1OC,3.67
5245,CHEMBL2349329,CC(C)C[C@H](CO)Nc1nc(SCc2cccc(C#N)c2)nc2nc(N)sc12,3.9
5246,CHEMBL2163589,N#CC1(NC(=O)[C@@H]2CCCC[C@H]2C(=O)N2CCc3[nH]c4c(OC(F)(F)F)cccc4c3C2)CC1,4.01
5247,CHEMBL249584,OC[C@H]1C[C@@H](n2nnc3c(N[C@@H]4C[C@H]4c4ccccc4)nc(SCCC(F)(F)F)nc32)[C@H](O)[C@@H]1O,4.06
5248,CHEMBL2023481,COc1cc(Oc2ccnc3ccc(F)cc23)ccc1CC(=O)Nc1noc(C)c1C,4.06
5253,CHEMBL199118,CCN(C(=O)Cc1ccc(S(C)(=O)=O)cc1)C1CCN(CCC(c2ccccc2)c2ccc(NC(=O)Cc3ccccc3)cc2)CC1,3.61
5254,CHEMBL216053,COc1cc2c(Nc3cc(CC(=O)Nc4cccc(F)c4F)[nH]n3)ncnc2cc1OCCCN(CCO)CC(C)C,3.61
5255,CHEMBL2011924,CNc1c(Cl)cnc2[nH]c(-c3ccc(OCCN4CCOCC4)cc3)nc12,2.63
5258,CHEMBL1076330,Cn1cnc(-c2ccccc2)c1-c1nc2c(N)ncnc2s1,2.69
5259,CHEMBL73189,Cc1nc2ccccn2c1-c1ccnc(Nc2cccc(Cl)c2)n1,2.7
5260,CHEMBL471951,N#Cc1nc(N2CCCCC2)c(N)c(N2CCOCC2)n1,2.71
5261,CHEMBL324465,CN1CCC(C#N)(c2cccc3ccccc23)CC1,2.73
5266,CHEMBL526925,Cn1cnc(-c2ccccc2)c1/C=C/c1ccnc(N)n1,2.61
5272,CHEMBL2164690,CC(C)c1ccc2[nH]c3c(c2c1)CN(C(=O)[C@@H]1CCCC[C@H]1C(=O)NC1(C#N)CC1)CC3,4.1
5273,CHEMBL1829442,CCC(NC(=O)c1ccc(C)cc1)c1nc2ccsc2c(=O)n1Cc1ccccc1,4.14
5274,CHEMBL419742,FC(F)(F)c1cc(COCC(c2cccc(Cl)c2)N2CCNCC2)cc(C(F)(F)F)c1,4.2
5275,CHEMBL100539,O=C(NCC12CC3CC(CC(C3)C1)C2)c1ccccc1,4.21
5276,CHEMBL315970,CC(C)Cn1c(=O)n(C)c(=O)c2cn(Cc3cccc4ccccc34)cc21,4.41
5294,CHEMBL2030798,CNc1cccc(CCOc2ccc(C[C@H](NC(=O)c3ccccc3Cl)C(=O)O)cc2)n1,-0.31
5296,CHEMBL1770471,CSCCC(NC(=O)c1sccc1Cl)c1nc2ccccc2[nH]1,3.69
5297,CHEMBL179993,CCN(C(=O)Cc1ccc(S(=O)(=O)N(C)C)cc1)C1CCN(CCC(c2ccccc2)c2ccccc2)CC1,3.7
5298,CHEMBL383669,CC(C)Cn1c(=O)n(C)c(=O)c2c(C(=O)N3CCCC3)c(Cc3ccccc3C(F)(F)F)sc21,3.8
5299,CHEMBL1089168,O=C(NCCNC(=O)c1cn(-c2ccccc2)nc1C(F)(F)F)c1ccc(Cl)cn1,3.8
5306,CHEMBL2179668,Cc1cn([C@H]2CCCN(Cc3ccc(C(=O)O)c(Oc4cccc(F)c4)c3)C2)c(=O)[nH]c1=O,-1.03
5312,CHEMBL224399,COc1cc(N2CCN(C)CC2)c2[nH]c(C(=O)Nc3ccc(N4CCOCC4)cc3)cc(=O)c2c1,2.7
5317,CHEMBL2059373,O=C(O)c1cncc(-c2cnc3[nH]c(C(=O)NC4CC4)cc3c2-n2ccc(C(F)(F)F)n2)c1,-0.98
5318,CHEMBL2030961,CNc1cccc(CCOc2ccc(C[C@H](NC(=O)c3c(Cl)cccc3Cl)C(=O)O)cc2F)n1,-0.05
5319,CHEMBL1829254,CCC(c1nc2ccsc2c(=O)n1Cc1cccnc1)N(CCCN)C(=O)c1ccc(C)cc1,0.01
5320,CHEMBL2207600,COc1cc(OC)c(S(=O)(=O)N(c2ccc(C)cc2)c2ccc(C)cc2)cc1NC(=O)CCC(=O)O,0.06
5325,CHEMBL1778625,COc1ccc(-c2cc(C(F)(F)F)ccc2OCC(=O)O)cc1,0.29
5326,CHEMBL279416,Fc1ccc(-c2ncn(C3CCNCC3)c2-c2ccncc2)cc1,0.3
5336,CHEMBL560219,O=C(Cc1ccc(Cl)c(C(F)(F)F)c1)Nc1cccc2c(=O)n(CCO)ccc12,3.36
5337,CHEMBL2179289,Cc1ccc(Oc2cccc(CN3CCCC(n4cc(C)c(=O)[nH]c4=O)C3)c2)cc1,3.38
5339,CHEMBL484738,Cc1ncc(-c2ccnc(Nc3ccc(S(N)(=O)=O)cc3)n2)n1C,1.6
5350,CHEMBL2048873,N[C@@H]1CCCN(c2c(/C=C3\SC(=O)NC3=O)cccc2-c2ccncc2)C1,1.56
5351,CHEMBL336619,O=C(NCC12CC3CC(CC(C3)C1)C2)c1ccccc1Cl,4.05
5352,CHEMBL165790,CC(C)Oc1ccc2c(=O)c(-c3ccccc3)coc2c1,4.07
5358,CHEMBL1547746,CCn1c2ccccc2c2cc(NC(=O)C(C)C)ccc21,4.2
5359,CHEMBL850,C[C@@H]1CN(c2c(F)c(N)c3c(=O)c(C(=O)O)cn(C4CC4)c3c2F)C[C@H](C)N1,-0.15
5360,CHEMBL2031168,CN1CCNc2nc(CCOc3ccc(C[C@H](NC(=O)c4c(Cl)cccc4Cl)C(=O)O)cc3)ccc21,0.07
5361,CHEMBL1076211,Cc1ccc(C(=O)C(C)CN2CCCCC2)cc1,1.65
5362,CHEMBL2104196,NS(=O)(=O)c1ccc(NCc2ccccc2)cc1,1.7
5366,CHEMBL1618018,CN1[C@@H]2CC[C@H]1C[C@@H](OC(=O)C(O)c1ccccc1)C2,-1.29
5367,CHEMBL2158779,O=C(O)[C@H](Cc1ccc(F)cc1)N1CCC(CN2CCC(Oc3ccc(Cl)cc3Cl)CC2)CC1,2.6
5368,CHEMBL1567398,Cc1[nH]c2nc(NCc3cccc(Cl)c3)nn2c(=O)c1Cc1ccccc1,3.6
5369,CHEMBL2086660,C[C@@H]1CN(C(=O)OC(C)(C)C)CCN1c1ncc(OCc2ccc(S(C)(=O)=O)cc2)cn1,3.6
5373,CHEMBL2011920,CNc1c(Br)cnc2[nH]c(-c3cnn(C4CCN(C)CC4)c3)nc12,2.5
5374,CHEMBL1236962,COc1ncc(-c2ccc3nccc(-c4ccnnc4)c3c2)cc1NS(=O)(=O)c1ccc(F)cc1F,2.5
5375,CHEMBL2181927,CCOc1ncc(C)c2c1[C@H](c1ccc(C#N)cc1OC)C(C(N)=O)=C(C)N2,2.51
5376,CHEMBL808,Clc1ccc(COC(Cn2ccnc2)c2ccc(Cl)cc2Cl)cc1,2.54
5382,CHEMBL1288960,Cc1nnc(N)s1,-0.4
5384,CHEMBL1762547,CCN(c1ccnc(Nc2cc(N3CCOCC3)cc(N3CCOCC3)c2)n1)c1cc(CO)ccc1C,3.8
5385,CHEMBL2171278,Cc1ccc(NC(=O)[C@@H]2CCCN2S(=O)(=O)c2cccc3cccnc23)c(C)c1,3.8
5389,CHEMBL1807856,C[C@H]1O[C@@H](n2cnc3c(N)nc(OC4CCCC4)nc32)[C@H](O)[C@H]1Cl,3.18
5390,CHEMBL184271,COc1cc2ncnc(Nc3cc(NC(=O)c4ccnc(N5CCOCC5)c4)ccc3C)c2cc1OCCN1CCOCC1,3.19
5391,CHEMBL184721,Cc1ccc(NC(=O)c2cccc(N3CCOCC3)c2)cc1NC(=O)c1ccc(OCc2ccccn2)cc1,3.2
5392,CHEMBL1824364,O=C(Nc1cccc(O)c1)c1ccc(OCCCN2CCCC2)cc1OCc1ccc(F)cc1,3.2
5393,CHEMBL2035020,NC1(c2ccc(-c3nn4ccccc4c3-c3ccccc3)cc2)CCC1,3.2
5396,CHEMBL187368,O=c1c2ccccc2oc2cccc(O)c12,3.8
5409,CHEMBL2324355,Cc1nocc1C(=O)Nc1ccc(-c2ccccc2OC(F)(F)F)c(N)n1,3.7
5410,CHEMBL1557849,COc1ccc(/C=C2/CCc3ccccc3C2=O)cc1CN1CCOCC1,3.8
5412,CHEMBL810,Cn1nnc2c(C(N)=O)ncn2c1=O,-1.08
5413,CHEMBL16687,Nc1nc2ccc(Cl)cc2c2nc(-c3ccco3)nn12,3.98
5422,CHEMBL1428,COCCOC(=O)C1=C(C)NC(C)=C(C(=O)OC(C)C)C1c1cccc([N+](=O)[O-])c1,3.8
5434,CHEMBL1945294,O=c1[nH]c2c(O)ccc([C@@H](O)CNCCc3cccc(CN4CCCC4)c3)c2s1,-0.28
5447,CHEMBL374023,CC(C)N1CCN(C(=O)NCc2ccc(Cl)c(Cl)c2)CC1,2.75
5448,CHEMBL366975,NC(=O)C1CCCCC1,0.9
5453,CHEMBL2030963,CNc1cccc(CCCc2ccc(C[C@H](NC(=O)c3c(Cl)cccc3Cl)C(=O)O)cc2)n1,0.57
5454,CHEMBL98345,O=C(NO)c1ccc(NS(=O)(=O)c2ccccc2)cc1,0.75
5456,CHEMBL217620,CC(C)N(C(=O)C(c1cccnc1)C(CNC(=O)NCc1ccccc1F)c1ccccc1)C(C)C,4.2
5457,CHEMBL2087862,C=CCn1c(=O)c2c(-c3cc(C#N)cn3C)n(Cc3ccnc4ccc(Cl)cc34)nc2n(CC2CC2)c1=O,4.27
5460,CHEMBL479445,COc1cc2ncc(C(N)=O)c(Nc3ccc(F)cc3F)c2cc1NCCN(C)C,1.91
5461,CHEMBL142653,Cc1cc2[nH]c(=O)c(O)cc(=O)c2cc1C,1.99
5462,CHEMBL2179283,CCCC(C)(C)C[C@H](c1ccc(C(=O)O)c(Oc2cccc(Cl)c2)c1)N1CCC[C@H](n2cc(C)c(=O)[nH]c2=O)C1,1.99
5463,CHEMBL2104888,O=C(N[C@@H](Cc1ccccc1)[C@@H](O)C(=O)N1C[C@@H](O)[C@@H](O)C1)c1cc2cc(Cl)ccc2[nH]1,2.8
5464,CHEMBL113187,Cc1cc(COC(=O)Nc2ccc(-c3ccccc3)n(CC(=O)NC(C(=O)C(F)(F)F)C(C)C)c2=O)cc(C)n1,2.38
5465,CHEMBL477568,CC(=O)N1CCN(c2ccc(Nc3nccc(-c4cnc(C)n4C(C)C)n3)cc2)CC1,2.39
5466,CHEMBL22442,CCCc1cc(OCc2ccccc2)cc(=O)n1Cc1ccc(-c2ccccc2-c2nn[nH]n2)cc1,2.4
5467,CHEMBL402501,C[C@H](Cc1cccc(CC(=O)NC23CC4CC(CC(C4)C2)C3)c1)NC[C@H](O)c1ccc(O)c(CO)c1,2.4
5491,CHEMBL1461377,O=C(c1ccc(F)cc1)C1CCN(C(=O)NCc2ccccc2)CC1,3.15
5492,CHEMBL469790,COc1cc(-n2nnc3cc(-c4ccc(Cl)cc4)sc3c2=O)ccc1N1CC[C@@H](O)C1,3.15
5493,CHEMBL184011,COc1ccc(C(=O)Nc2cc(NC(=O)c3cccc(N(C)C)c3)ccc2C)cc1,3.17
5503,CHEMBL1950732,CN[C@@H](C)C(=O)N[C@H](C(=O)N[C@H]1CCCCN(Cc2ccccc2)C1)C1CCCCC1,2.12
5504,CHEMBL1916284,Cc1ccc(S(=O)(=O)Nc2c(C(=O)N[C@@H](C)C(C)(C)C)c(C(F)(F)F)nn2-c2ccccc2)cc1,2.35
5510,CHEMBL85752,CC(C)Cn1c(=O)n(C)c(=O)c2c(SCCCO)n(Cc3cccc4ccccc34)cc21,4.36
5512,CHEMBL405790,O=C(NCC12CC3CC(CC(C3)C1)C2)c1ccccc1Br,4.15
5513,CHEMBL149979,Nc1nc(-c2ccccc2)nc2c1nc(O)n2Cc1ccccc1,4.16
5514,CHEMBL2316381,O=C(NCC1CCOCC1)c1nc(OS(=O)(=O)CCC(F)(F)F)ccc1NC(=O)c1ccc(Cn2ccnn2)c2ccccc12,4.2
5515,CHEMBL1822878,Oc1ccc(Br)c2ccccc12,4.3
5516,CHEMBL206229,CC(C)Cn1c(=O)n(C)c(=O)c2c(SC(C)C)c(Cc3ccccc3C(F)(F)F)sc21,4.42
5517,CHEMBL1951916,CCN(C(=O)Cc1ccc(S(C)(=O)=O)cc1)C1CCN(CC[C@@H](c2cc(C)cc(C)c2)C2CCN(S(C)(=O)=O)CC2)CC1,1.93
5518,CHEMBL453629,Cc1ncc(-c2ccnc(Nc3ccc(C(=O)NCCN(C)C)c(F)c3)n2)n1C(C)C,1.96
5519,CHEMBL1951073,COc1cc(OC)c(S(=O)(=O)N2c3ccccc3CCC2C)cc1NC(C)=O,1.97
5520,CHEMBL1288164,NC(=O)c1cnc(N[C@H]2CCCNC2)c2cc(-c3ccc(F)cc3)sc12,2.01
5521,CHEMBL1502799,FC(F)c1nc2ccccc2[nH]1,2.02
5522,CHEMBL471579,CC(C)Nc1nc(C#N)nc(N2CCOCC2)c1N,2.04
5523,CHEMBL50161,COC(=O)CCCC(=O)Nc1ccc2c(c1)-c1ccccc1C(=O)C2=O,2.96
5524,CHEMBL383235,CC[C@@H](CO)Nc1nc(SCc2ccccc2)nc2nc(N)sc12,2.99
5529,CHEMBL2347762,O=C1C2=Nc3ccccc3CN2c2ccccc21,2.71
5530,CHEMBL1682967,CC[C@H](NC(=O)c1c([S+](C)[O-])c(-c2ccccc2)nc2cc(CN(C)C)ccc12)c1ccccc1,2.75
5531,CHEMBL182266,CN(C(=O)c1ccncc1)C1CCN(CCC(c2ccccc2)c2ccccc2)CC1,2.8
5544,CHEMBL185658,CC(=O)Nc1ccc(CNc2[nH]nc3cccc(Oc4ccc(S(C)(=O)=O)cc4)c23)cc1,2.63
5545,CHEMBL1643199,Cc1cc(CN2CCc3ccccc3C2C(=O)Nc2ccc(Cl)cc2Cl)ccc1OCC(=O)O,2.63
5546,CHEMBL377772,COc1cc2ncnc(Nc3cccc(Cl)c3F)c2cc1CN1CCC[C@H]1CC(N)=O,2.64
5548,CHEMBL503732,CNC1=Nc2ncccc2C(c2cccs2)=NC1c1cccs1,2.63
5549,CHEMBL561652,C[C@@H](CO)Oc1cc(Oc2ccc(S(C)(=O)=O)cc2)cc(C(=O)Nc2nccs2)c1,2.63
5550,CHEMBL179701,C=CCCCCCCCCC(=O)N[C@H]1CCC(=O)NC1=O,2.64
5581,CHEMBL474200,CNC1=Nc2ncccc2C(c2ccccc2)=NC1c1cccs1,2.68
5582,CHEMBL1231626,NC(=O)c1cnc(N[C@H]2CCCNC2)c2cc(-c3ccc(Cl)cc3)sc12,2.78
5588,CHEMBL1945044,COc1cccc(CNCc2cccc(CCNC[C@H](O)c3ccc(O)c4[nH]c(=O)sc34)c2)c1,0.91
5589,CHEMBL2165061,COc1ccc2ncc(=O)n(CCN3CC[C@@H](NCc4ccc5c(n4)NC(=O)CO5)[C@H](OC)C3)c2c1,0.97
5594,CHEMBL287726,C[C@@H]1C2CCCC1(c1cccc(O)c1)CCN2C,0.52
5595,CHEMBL1917432,Cc1c(Sc2ccc(Cl)cc2)c2c(S(C)(=O)=O)cccc2n1CC(=O)O,0.58
5596,CHEMBL367556,N#Cc1ccc(C(=O)N2CCC3(CC2)N=C(N)c2c(F)cccc2N3)cc1,0.66
5597,CHEMBL1916084,Cc1ccc(S(=O)(=O)Nc2c(C(=O)NC3CCCCC3)cnn2-c2ccccc2)cc1,0.8
5598,CHEMBL2070948,CC(C)(C#N)c1cnc(N2CCN(C(=O)[C@@H]3CCCC[C@H]3C(=O)NC3(C#N)CC3)CC2)s1,1.9
5599,CHEMBL329785,Nc1nc2ccccc2s1,2.0
5603,CHEMBL2048500,CN[C@@H](C)C(=O)N[C@H](C(=O)N1CCC[C@H]1C(=O)N[C@H](C(=O)OC)C(c1ccccc1)c1ccccc1)C1CCCCC1,2.42
5604,CHEMBL2153435,CCNC(=O)C[C@H]1N=C(c2ccc(Cl)cc2)c2cc(OC)ccc2-n2c(C)nnc21,2.42
5605,CHEMBL370387,Nc1nc2nc(SCc3cccc(F)c3F)nc(O)c2s1,2.5
5607,CHEMBL496942,Cn1c(=O)n(Cc2ccc(C(=O)O)cc2)c(=O)c2cc(C#CCc3ccccc3)ccc21,2.5
5608,CHEMBL1486517,O=C(C1CCN(c2nnc(-n3cccc3)s2)CC1)N1CCN(Cc2ccc3c(c2)OCO3)CC1,2.5
5609,CHEMBL2035037,Cn1cnc2c(-c3ccc(C4(N)CCC4)cc3)c(-c3ccccc3)ccc21,2.5
5626,CHEMBL1441,CCc1cc(C(N)=S)ccn1,1.52
5627,CHEMBL1720347,Cc1nc2nc(-c3cccnc3)nn2c(O)c1Cc1ccccc1,1.52
5628,CHEMBL92484,CCc1cccc(N(C)C(=N)Nc2cccc3ccccc23)c1,1.57
5631,CHEMBL38182,N#Cc1ccc(NC(=O)Nc2ccccc2Br)c2nn[nH]c12,1.64
5632,CHEMBL107313,CCCc1cc(C2=N[C@@H](C(=O)NO)CO2)cc(OC)c1OC,1.69
5633,CHEMBL61236,Nc1ccc2ccccc2n1,1.7
5634,CHEMBL1409708,CN(C)c1ccnc2sc(C(N)=O)c(N)c12,1.7
5640,CHEMBL44,O=c1c(-c2ccc(O)cc2)coc2cc(O)cc(O)c12,3.06
5641,CHEMBL169473,COc1cccc(Nc2ncnc3cc(OC)c(OC)cc23)c1,3.1
5642,CHEMBL1609717,O=C(CCS(=O)(=O)c1ccc(Br)cc1)NCc1ccc(F)cc1,3.1
5644,CHEMBL1807820,O=c1[nH]c2c(O)ccc([C@@H](O)CNCCCSCCOCCc3cccc4ccccc34)c2s1,3.12
5645,CHEMBL1513816,CCN1CCN(C(=O)c2cc3cc(Cl)ccc3[nH]2)CC1,3.14
5647,CHEMBL191413,CC(C)Cc1ccc([C@@H](C)C(=O)NS(C)(=O)=O)cc1,0.51
5648,CHEMBL2031236,Cc1ccc(NC(=O)c2cscn2)cc1-n1cnc2ccc(N3CCN(C)CC3)cc2c1=O,2.06
5651,CHEMBL147507,Cc1cccc(C)c1OC[C@@H](C)N,0.6
5657,CHEMBL1319232,Cc1ccc(-n2[nH]c(=O)c3cccnc32)cc1,2.1
5658,CHEMBL698,CCCCNc1ccc(C(=O)OCCN(C)C)cc1,2.11
5671,CHEMBL1362574,CC(=O)Nc1nc(-c2ccccc2)ns1,2.8
5683,CHEMBL1945034,O=c1[nH]c2c(O)ccc([C@@H](O)CNCCc3ccc(CNCCc4ccccn4)cc3)c2s1,-0.25
5684,CHEMBL1829429,CCC(c1nc2nccnc2c(=O)n1Cc1ccccc1)N(CCCN)C(=O)c1ccc(C)cc1,-0.14
5686,CHEMBL1829428,CCC(c1nc2ncccc2c(=O)n1Cc1ccccc1)N(CCCN)C(=O)c1ccc(C)cc1,-0.04
5687,CHEMBL1940832,O=CNc1cc([C@@H](O)CNCCc2ccc(NC[C@H](O)c3ccccc3)cc2)ccc1O,0.02
5688,CHEMBL1777822,Cc1ccc(C#N)cc1-c1cc(C(F)(F)F)ccc1OCC(=O)O,0.15
5689,CHEMBL126,CC(=O)NC[C@H]1CN(c2ccc(N3CCOCC3)c(F)c2)C(=O)O1,0.67
5690,CHEMBL2030957,O=C(N[C@@H](Cc1cccc(OCCCNc2ccccn2)c1)C(=O)O)c1c(Cl)cccc1Cl,0.16
5691,CHEMBL1916278,Cc1ccc(S(=O)(=O)Nc2c(C(=O)NC3CCOCC3)c(C)nn2-c2ccccc2)cc1,0.16
5692,CHEMBL1478592,Cc1c(C(=O)Nc2ccccc2)sc2ncnc(O)c12,2.13
5693,CHEMBL1288278,NC(=O)c1ccc(-c2cc3c(N[C@H]4CCCNC4)ncc(C(N)=O)c3s2)cc1,0.28
5695,CHEMBL288524,NC12CCC(c3ccccc3)(CC1)CC2,0.29
5696,CHEMBL17357,NCCc1ccc(O)c2nc(O)sc12,0.33
5697,CHEMBL1689123,CC[C@H]1CN(Cc2cc(Cl)ccc2OCC(=O)O)CCN1S(=O)(=O)c1ccccc1,0.44
5724,CHEMBL1916273,Cc1ccc(S(=O)(=O)Nc2c(C(=O)NC(C)C)c(C)nn2-c2ccccc2)cc1,0.46
5735,CHEMBL2111158,CC(C)NCC(O)COc1nccs1,-0.97
5737,CHEMBL1209658,N#Cc1cc(S(=O)(=O)NCC(c2ccccc2)N2CCCCCC2)ccc1F,2.71
5738,CHEMBL571526,Cc1cc(Nc2nc(O[C@H](C)c3ccc(F)cn3)c(C#N)nc2C)n[nH]1,2.72
5739,CHEMBL1783285,COc1cc(-c2c(F)ccc3c(N)c(C(=O)NC4CC4)nnc23)c(OC)nn1,2.75
5740,CHEMBL515062,CC(C)Oc1cc(Nc2nc(N[C@@H](C)c3ccc(F)cn3)nc(OC(CO)CO)c2Cl)n[nH]1,2.77
5741,CHEMBL98760,CC(C)NC(=O)c1ccc2c(Nc3ccc(Cl)cc3)nc(N3CCOCC3)nc2c1,2.78
5750,CHEMBL1064,CCC(C)(C)C(=O)O[C@H]1C[C@@H](C)C=C2C=C[C@H](C)[C@H](CC[C@@H]3C[C@@H](O)CC(=O)O3)[C@H]21,3.7
5751,CHEMBL442995,Cc1c(-c2ccc(O)cc2)n(C)c2ccc(O)cc12,3.8
5752,CHEMBL1289926,CNC(=O)c1ccccc1Sc1ccc2c(/C=C/c3ccccn3)n[nH]c2c1,3.8
5753,CHEMBL1229592,C=CC(=O)Nc1cccc(Oc2nc(Nc3ccc(N4CCN(C)CC4)cc3OC)ncc2Cl)c1,3.9
5754,CHEMBL1349,CC(C)[C@H](N)C(=O)OCCOCn1cnc2c(=O)nc(N)[nH]c21,-1.3
5755,CHEMBL587723,CCN1CCN(Cc2ccc(-c3cc4c(N[C@H](C)c5ccccc5)ncnc4[nH]3)cc2)CC1,3.97
5757,CHEMBL1900528,C[N+]1(C)[C@@H]2C[C@@H](OC(=O)C(O)(c3cccs3)c3cccs3)C[C@H]1[C@@H]1O[C@@H]12,-0.25
5758,CHEMBL500,CC(C)NCC(O)COc1cccc2[nH]ccc12,-0.12
5759,CHEMBL1824038,CCS(=O)(=O)c1ccc2c(c1)N(CCN1CCC(NCc3ccc4c(n3)NC(=O)CO4)CC1)C(=O)CO2,-0.11
5760,CHEMBL1807872,O=c1[nH]c2c(O)ccc([C@@H](O)CNCCCOCCNCCc3cccc(Cl)c3)c2s1,-0.03
5761,CHEMBL2321993,OCC[C@]1(c2cc3ccccc3o2)CCCNC1,0.12
5771,CHEMBL36,CCc1nc(N)nc(N)c1-c1ccc(Cl)cc1,2.31
5772,CHEMBL2030446,C[C@H]1COCCN1c1cc(CS(C)(=O)=O)nc(-c2ccc3[nH]ccc3c2)n1,2.38
5773,CHEMBL469,O=C(c1ccccc1)c1ccc2n1CCC2C(=O)O,-0.93
5774,CHEMBL4,CC1COc2c(N3CCN(C)CC3)c(F)cc3c(=O)c(C(=O)O)cn1c23,-0.45
5775,CHEMBL235851,COc1cc2ncnc(Nc3ccc(Cl)c(O)c3)c2cc1OC,3.3
5785,CHEMBL134074,Cc1ccc2c(c1)C1(CCN(CCc3nc(-c4ccccc4)oc3C)CC1)OC(=O)N2,4.2
5786,CHEMBL401874,CC(C)Cn1c(=O)n(C)c(=O)c2c(-c3ccncc3)n(Cc3cccc4ccccc34)nc21,4.3
5787,CHEMBL422,CN1CCN(CCCN2c3ccccc3Sc3ccc(C(F)(F)F)cc32)CC1,4.31
5788,CHEMBL103667,Cc1ccc(-n2nc(C(C)(C)C)cc2NC(=O)Nc2ccc(OCCN3CCOCC3)c3ccccc23)cc1,4.49
5789,CHEMBL2349324,CC(C)C[C@H](CO)Nc1nc(SCc2ccccc2F)nc2nc(N)sc12,4.5
5792,CHEMBL1350030,O=C1Nc2ccccc2C1(O)c1ccccc1,1.71
5798,CHEMBL1778646,CCS(=O)(=O)c1ccc(-c2cc(Cl)ccc2OCC(=O)O)c(Cl)c1,-0.43
5800,CHEMBL225363,CN1CCN(c2cc(F)cc3c(=O)cc(C(=O)Nc4ccc(N5CCOCC5)cc4)[nH]c23)CC1,2.7
5801,CHEMBL237889,Cn1c(N)nc(CCc2ccc3ccccc3c2)cc1=O,2.7
5802,CHEMBL472151,CC[C@H](C)[C@@H](CO)NS(=O)(=O)c1ccc(Cl)s1,2.7
5803,CHEMBL2010832,CN(C(=O)Cc1ccc(S(C)(=O)=O)cc1F)C1CCN(Cc2ccc(C(F)(F)F)cc2)CC1,2.7
5804,CHEMBL1939418,Nc1nc(Nc2ccc(F)c(Cl)c2)c2nc[nH]c2n1,2.75
5811,CHEMBL1386638,Cc1cc(NCc2ccccc2)nc2ccccc12,3.69
5819,CHEMBL1950846,CN[C@@H](C)C(=O)N[C@H](C(=O)N[C@H]1CCCN(S(=O)(=O)c2ccccc2)C1)C(C)(C)C,0.9
5829,CHEMBL2104625,O=C(Nc1nnn[nH]1)c1cc(Oc2ccccc2)c2ccccn2c1=O,0.67
5830,CHEMBL368473,Cn1c(=O)c2nc(-c3cccnc3)[nH]c2n(C)c1=O,0.7
5831,CHEMBL524165,O=C(c1cc(Cc2n[nH]c(=O)c3ccccc23)ccc1F)N1CCN(C(=O)C2CCOC2)CC1,0.8
5832,CHEMBL1871428,Oc1ncc(NCc2ccccc2)c(O)n1,0.82
5833,CHEMBL1462105,O=C(NNc1cccc(Cl)c1)c1cccnc1Cl,1.87
5834,CHEMBL451,CNC1=Nc2ccc(Cl)cc2C(c2ccccc2)=[N+]([O-])C1,2.41
5847,CHEMBL127907,COc1cc2ncnc(Nc3cccc(O)c3)c2cc1OC,2.6
5849,CHEMBL1824375,O=C(Nc1cccc(O)c1)c1ccc(OCCCN2CCCC2)cc1OCc1cccnc1,1.59
5851,CHEMBL1947157,O=c1[nH]c2c(O)ccc([C@@H](O)CNCCc3cccc(CNCCc4c(Cl)cccc4Cl)c3)c2s1,3.15
5853,CHEMBL1916542,COc1ccc2ncc(=O)n(CCN3CCC(NCc4cc5c(cn4)OCCO5)CC3)c2c1,0.93
5861,CHEMBL2071098,CC1(C)COCc2sc(N3CCN(C(=O)[C@@H]4CCCC[C@H]4C(=O)NC4(C#N)CC4)CC3)nc21,2.4
5863,CHEMBL2178954,Cc1ncc(-c2ccc([C@H]3CC[C@H](CC(=O)O)CC3)cc2)nc1C(N)=O,1.0
5871,CHEMBL513192,Cn1cc(-c2ccc(O)cc2)c(=O)c2c(O)cc(O)cc21,2.2
5872,CHEMBL2325736,CS(=O)(=O)NCCC(NC(=O)C1(N)CCN(c2ncnc3[nH]ccc23)CC1)c1ccc(Cl)cc1,2.2
5880,CHEMBL2325729,NC1(C(=O)N[C@@H](CCN2CCCCC2)c2ccc(Cl)cc2)CCN(c2ncnc3[nH]ccc23)CC1,2.4
5882,CHEMBL2171169,CC(C)N(CCCNC(=O)Nc1ccc(C(C)(C)C)cc1)C[C@H]1O[C@@H](n2cnc3c(N)ncnc32)[C@H](O)[C@@H]1O,2.2
5883,CHEMBL170,C=C[C@H]1CN2CC[C@H]1C[C@H]2[C@H](O)c1ccnc2ccc(OC)cc12,2.26
5884,CHEMBL1779003,COc1cc(F)ccc1-c1cncc(CNC2CCCC2)c1,2.29
5895,CHEMBL479,CSc1ccc2c(c1)N(CCC1CCCCN1C)c1ccccc1S2,3.76
5896,CHEMBL214957,COc1cc(-n2cnc3cc(-c4ccc(Cl)cc4)sc3c2=O)ccc1OCCN1CCCC1,2.74
5897,CHEMBL1534781,COc1cnc(-c2ccccn2)nc1N(C)c1ccccc1,2.79
5900,CHEMBL1752,Cn1c(=O)c2c(ncn2CC(O)CO)n(C)c1=O,-1.25
5901,CHEMBL2208430,O=C(NC[C@@H](O)CN1CCC(Oc2ccc(Cl)c(Cl)c2)CC1)c1c[nH]c2ccccc12,3.91
5904,CHEMBL306380,Cc1ccc(-c2nn(C(C)(C)C)c3ncnc(N)c23)cc1,4.1
5915,CHEMBL348000,O=C(O)c1cc(-c2ccccc2)nc2ccccc12,-0.7
5916,CHEMBL443,Cc1cc(NS(=O)(=O)c2ccc(N)cc2)no1,-0.56
5917,CHEMBL517,CC(C)N(CCC(C(N)=O)(c1ccccc1)c1ccccn1)C(C)C,-0.54
5918,CHEMBL32800,CC(Cc1ccc(O)cc1)NCC(O)c1cc(O)cc(O)c1,-0.06
5926,CHEMBL1807817,O=c1[nH]c2c(O)ccc([C@@H](O)CNCCSCCCOCCc3ccccc3)c2s1,2.54
5928,CHEMBL494480,CCN(CC)C(=O)c1ccc(C2=CC3(CCNCC3)Oc3cccc(O)c32)cc1,0.54
5929,CHEMBL2030436,CS(=O)(=O)Cc1cc(N2CCOCC2)nc(-c2ccc3[nH]ccc3c2)n1,2.06
5936,CHEMBL1535,CCN(CCO)CCCC(C)Nc1ccnc2cc(Cl)ccc12,0.77
5937,CHEMBL513909,CC[C@@H]1C(=O)N(C)c2cnc(Nc3ccc(C(=O)NC4CCN(C)CC4)cc3OC)nc2N1C1CCCC1,3.14
5938,CHEMBL2207656,O=C(NC[C@@H](O)CN1CCC(Oc2ccc(Cl)c(Cl)c2)CC1)c1c[nH]c(=O)c2c(F)cccc12,3.15
5943,CHEMBL1824030,O=C1COc2ccc(CNC3CCN(CCN4C(=O)COc5ccc(O)cc54)CC3)nc2N1,0.52
5944,CHEMBL580,O=C1Nc2ccc(Cl)cc2C(c2ccccc2Cl)=NC1O,2.38
5945,CHEMBL1555870,NC(=O)c1sc(-c2ccsc2)cc1NS(=O)(=O)c1ccc(C(F)(F)F)cc1,2.39
5946,CHEMBL373250,Cn1ncnc1COc1nn2c(-c3cc(F)ccc3F)nnc2cc1C(C)(C)C,2.4
5950,CHEMBL20210,CCOC(=O)/C=C/[C@H](C[C@@H]1CCNC1=O)NC(=O)[C@@H](CC(=O)[C@@H](NC(=O)c1cc(C)on1)C(C)C)Cc1ccc(F)cc1,2.8
5952,CHEMBL101311,CN(C)CC(O)COc1ccc(Nc2nccc(Nc3cc(Cl)ccc3Cl)n2)cc1,2.9
5961,CHEMBL87543,CC(C)N1CCC(N(C(=O)Cc2ccccc2)c2ccc(Cl)cc2)CC1,2.3
5971,CHEMBL2158840,O=C(O)[C@H](Cc1cccc(F)c1)N1CCC(CN2CCC(Oc3ccc(Cl)c(Cl)c3)CC2)CC1,2.68
5976,CHEMBL813,CCCCc1ncc(/C=C(\Cc2cccs2)C(=O)O)n1Cc1ccc(C(=O)O)cc1,-0.9
5977,CHEMBL1559397,O=C(O)c1cc(-c2ccncc2)nc2ccc(F)cc12,-0.8
5978,CHEMBL2316396,O=C(NCC1CCOCC1)c1ncccc1NC(=O)c1cccc2ccccc12,4.4
5979,CHEMBL628,CC(=O)CCCCn1c(=O)c2c(ncn2C)n(C)c1=O,0.22
5980,CHEMBL222519,NS(=O)(=O)c1cccc2c1c([N+](=O)[O-])cc1nc(O)c(O)nc12,0.36
5983,CHEMBL1372682,O=C(CC12CC3CC(CC(C3)C1)C2)Nc1cccc2ncccc12,3.83
5984,CHEMBL1481,CCC1=C(C)CN(C(=O)NCCc2ccc(S(=O)(=O)NC(=O)N[C@H]3CC[C@H](C)CC3)cc2)C1=O,1.73
5985,CHEMBL86715,OC(CCN1CCCC1)(c1ccccc1)C1CCCCC1,1.78
5986,CHEMBL1796298,O=C(NCc1ccncn1)c1ccc(Oc2ccc(C#C[C@]3(O)CN4CCC3CC4)cc2)cc1,1.78
5987,CHEMBL1784340,Cc1noc(C)c1CCC1CCN(S(=O)(=O)CC2(N(O)C=O)CCOCC2)CC1,0.9
5988,CHEMBL1331627,Nc1[nH]nc2ccccc12,1.0
5990,CHEMBL1463345,C[C@]12CCC(=O)C=C1C=C[C@@H]1[C@@H]2CC[C@@]2(C)[C@H]1CC[C@@]21CCC(=O)O1,3.2
5995,CHEMBL1644,CC1=C(C(=O)O)N2C(=O)[C@@H](NC(=O)[C@H](N)c3ccc(O)cc3)[C@H]2SC1,-0.86
6001,CHEMBL1824034,COC(=O)c1ccc2c(c1)N(CCN1CCC(NCc3ccc4c(n3)NC(=O)CO4)CC1)C(=O)CO2,0.83
6002,CHEMBL1914480,COc1ccc2ncc(=O)n(CCN3CCC(NCc4cc5c(cn4)OCCO5)CC3)c2n1,0.83
6003,CHEMBL1306424,Cc1ccnc(NCc2ccc(Cl)cc2)c1,3.6
6004,CHEMBL29609,Cc1cc(CCCOc2c(C)cc(-c3noc(C(F)(F)F)n3)cc2C)on1,3.63
6005,CHEMBL1536083,CCOC(=O)CN(c1ccccc1C)S(=O)(=O)c1ccc(Cl)cc1,4.03
6007,CHEMBL1818341,CC(C)CNCc1ccc(-c2ccccc2S(=O)(=O)N2CCCC2)cc1,1.9
6011,CHEMBL1502,COc1ccnc(C[S+]([O-])c2nc3cc(OC(F)F)ccc3[nH]2)c1OC,2.0
6012,CHEMBL2177167,CCN(CCN(C)C)S(=O)(=O)c1ccc(-c2cnc(N)c(C(=O)Nc3cccnc3)n2)cc1,2.0
6013,CHEMBL1917423,Cc1c(Sc2ccc(Cl)cc2)c2cccc(Cl)c2n1CC(=O)O,2.0
6014,CHEMBL402548,CO[C@@H](C(=O)N1Cc2[nH]nc(NC(=O)c3ccc(N4CCN(C)CC4)cc3)c2C1)c1ccccc1,2.0
6015,CHEMBL1255781,O=C(OCCN1CCCCC1)c1c[nH]c2ccccc12,2.0
6016,CHEMBL1957460,Cc1nccc(-c2ccc(-c3nc4ccncc4c(O)c3C#N)cc2)c1Cl,2.0
6017,CHEMBL2216830,C=CC(=O)Nc1cccc(CN2C(=O)N(c3c(Cl)c(OC)cc(OC)c3Cl)Cc3cnc(NCCCCN(CC)CC)nc32)c1,2.04
6018,CHEMBL277863,COC(=O)N1CCN(C(=O)Cc2ccc(Cl)c(Cl)c2)[C@H](CN2CCCC2)C1,2.05
6020,CHEMBL11,CN(C)CCCN1c2ccccc2CCc2ccccc21,2.49
6024,CHEMBL2158831,O=C(O)c1ccccc1CN1CCC(CN2CCC(Oc3ccc(Cl)c(Cl)c3)CC2)CC1,2.48
6028,CHEMBL558,Cc1cccc(C)c1OCC(C)N,0.62
6031,CHEMBL408194,COC1=CC(c2cc3ccccc3[nH]2)=N/C1=C\c1[nH]c(C)cc1C,2.55
6034,CHEMBL279261,OC1(c2ccc(-c3ccccc3)cc2)CN2CCC1CC2,1.5
6035,CHEMBL1233689,CCCCSc1nc(N)c2ncn([C@@H]3O[C@H](CO)[C@@H](O)[C@H]3O)c2n1,1.51
6037,CHEMBL567161,CCNc1nc(C#N)nc(Nc2ccccc2)n1,3.11
6039,CHEMBL2165067,COc1ccc2ncc(=O)n(CCN3CC[C@@H](NCc4ccc5c(n4)NC(=O)CO5)[C@@H](F)C3)c2c1,0.83
6040,CHEMBL1945042,O=c1[nH]c2c(O)ccc([C@@H](O)CNCCc3cccc(CNCc4ccccc4F)c3)c2s1,0.69
6047,CHEMBL19224,COc1ccc(Cc2nccc3cc(OC)c(OC)cc23)cc1OC,2.81
6049,CHEMBL1995703,Cc1cnc(Nc2ccc(N3CCN(C)CC3)cc2)nc1Nc1cccc(S(=O)(=O)NC(C)(C)C)c1,2.84
6050,CHEMBL98350,O=c1cc(N2CCOCC2)oc2c(-c3ccccc3)cccc12,2.9
6061,CHEMBL2207662,O=C(NC[C@@H](O)CN1CCC(Oc2ccc(Cl)c(Cl)c2)CC1)c1c[nH]c(=O)cc1C(F)(F)F,2.71
6062,CHEMBL263664,NC1(Cc2ccc(Cl)cc2)CCN(c2ncnc3[nH]ccc23)CC1,2.72
6067,CHEMBL157101,CC(=O)N1CCN(c2ccc(OCC3COC(Cn4ccnc4)(c4ccc(Cl)cc4Cl)O3)cc2)CC1,3.7
6076,CHEMBL484901,NC(Cc1c[nH]c2ccccc12)C(=O)O,-1.17
6077,CHEMBL2153174,O=S(=O)(Cc1c(F)cccc1F)N1CCN(c2ncccc2C(F)(F)F)CC1,3.9
6080,CHEMBL244522,CC(C)(C)c1ccc(-c2n[nH]c(NC(=O)c3ccccc3Cl)c2Br)cc1,4.3
6085,CHEMBL2326690,C1=CCC(c2cc3ccccc3o2)CNC1,1.94
6086,CHEMBL1951072,COc1cc(OC)c(S(=O)(=O)N2c3ccccc3CC2C)cc1NC(C)=O,1.95
6087,CHEMBL2321999,Clc1ccc([C@H]2CC=CCNC2)cc1Cl,1.95
6088,CHEMBL429023,C=C(C)[C@H]1Cc2c(ccc3c2O[C@@H]2COc4cc(OC)c(OC)cc4[C@@H]2C3=O)O1,3.57
6089,CHEMBL2062570,CC(=O)Nc1ccc2ccn(-c3cc(Nc4ccn(C)n4)n4ncc(C#N)c4n3)c2c1,3.57
6091,CHEMBL1945297,CC(Cc1cccc(CNCCc2c(Cl)cccc2Cl)c1)NC[C@H](O)c1ccc(O)c2[nH]c(=O)sc12,2.41
6093,CHEMBL127066,Oc1nc(-c2ccccc2)nc2ccccc12,2.46
6095,CHEMBL2335906,C[C@@H](NC1=CC(=O)CNC1)c1ccc(Nc2ncc3cc(-c4ccncc4)ccc3n2)cc1,2.49
6110,CHEMBL1698358,Nc1ccc2c(c1)C(=O)c1ccccc1-2,2.9
6111,CHEMBL2171215,O=C(NS(=O)(=O)Cc1ccccc1)N1CCC(N2CCC(Oc3ccc(Cl)c(Cl)c3)CC2)CC1,2.13
6112,CHEMBL75821,C[C@@](O)(C(=O)Nc1ccc(S(=O)(=O)NCCN2CCOCC2)cc1Cl)C(F)(F)F,2.14
6115,CHEMBL191528,CCOc1ccc2ccc(=O)oc2c1,2.2
6122,CHEMBL445102,OC1(c2ccc(Cl)cc2)CCN(Cc2c[nH]c3ccccc23)CC1,2.25
6123,CHEMBL535,CCN(CC)CCNC(=O)c1c(C)[nH]c(/C=C2\C(=O)Nc3ccc(F)cc32)c1C,2.26
6124,CHEMBL2030560,Nc1nc2ccc(C(=O)c3ccccc3)cc2[nH]1,2.29
6125,CHEMBL260374,S=C(NC1CCCCC1)N1CCC(c2cnc[nH]2)CC1,2.3
6126,CHEMBL2086688,C[C@@H]1CN(C(=O)OCC(F)F)CCN1c1ncc(OCc2ccncc2C#N)cn1,2.3
6127,CHEMBL2338020,CCc1[nH]c2nc(Sc3cnc4ccc[n+]([O-])c4c3)nc(N3C[C@@H]4[C@@H](N)[C@@H]4C3)c2c1Cl,2.3
6129,CHEMBL2207281,O=C(NC[C@@H](O)CN1CCC(Oc2ccc(Cl)c(Cl)c2)CC1)c1c[nH]c(=O)c2cc(S(=O)(=O)NCCO)ccc12,2.06
6140,CHEMBL407391,CN(C)c1ncnc2nc[nH]c12,0.95
6142,CHEMBL2325990,CC(NC(=O)C1(N)CCN(c2ncnc3[nH]ccc23)CC1)c1ccc(S(C)(=O)=O)cc1,1.0
6144,CHEMBL8,O=C(O)c1cn(C2CC2)c2cc(N3CCNCC3)c(F)cc2c1=O,-0.96
6147,CHEMBL1016,CCOc1nc2cccc(C(=O)O)c2n1Cc1ccc(-c2ccccc2-c2nnn[nH]2)cc1,0.3
6148,CHEMBL1363,COc1ccc(C[C@@H](C)NC[C@H](O)c2ccc(O)c(NC=O)c2)cc1,0.42
6159,CHEMBL261454,c1ccc(-c2n[nH]cc2-c2ccnc3ccccc23)nc1,2.57
6161,CHEMBL1518,CCCc1cc(=O)[nH]c(=S)[nH]1,0.7
6164,CHEMBL2089383,C=CC(=O)Nc1ccc(OC)cc1,1.68
6172,CHEMBL1027,Cc1ccsc1C(=CCCN1CCC[C@@H](C(=O)O)C1)c1sccc1C,1.49
6178,CHEMBL1774056,Cc1cc(Nc2nc(N[C@@H](C)c3ccc(F)cn3)c(C#N)cc2F)n[nH]1,3.11
6179,CHEMBL809,CN[C@H]1CC[C@@H](c2ccc(Cl)c(Cl)c2)c2ccccc21,3.15
6180,CHEMBL1043,Nc1ccc(S(=O)(=O)c2ccc(N)cc2)cc1,0.88
6186,CHEMBL822,CN(C/C=C/C#CC(C)(C)C)Cc1cccc2ccccc12,2.83
6190,CHEMBL2070943,N#CC1(NC(=O)[C@@H]2CCCC[C@H]2C(=O)N2CCN(c3nc(C(F)(F)F)cs3)CC2)CC1,2.4
6191,CHEMBL2325737,NC1(C(=O)NC(CO)c2ccc(Cl)cc2)CCN(c2ncnc3[nH]ccc23)CC1,2.4
6195,CHEMBL1940308,CN1CCC(NC(=O)c2ccc(Oc3ccc(C#C[C@]4(O)CN5CCC4CC5)cc3)cc2)CC1,1.0
6200,CHEMBL2086680,CC(C)(C)OC(=O)N1CCN(c2ncc(OCc3ccncc3C#N)cn2)CC1,2.81
6201,CHEMBL473417,CS(=O)(=O)c1ccc(C(=O)Nc2ccc(Cl)c(-c3ccccn3)c2)c(Cl)c1,2.84
6202,CHEMBL1255834,CC(N)Cc1c[nH]c2ccc(OCc3cccs3)cc12,0.48
6204,CHEMBL559696,O=c1[nH]cnc2scc(-c3cccs3)c12,2.18
6206,CHEMBL1683036,COc1cc2nnc(C(N)=O)c(Nc3ccc(C)cc3F)c2cc1N1CCN(C)CC1,2.36
6209,CHEMBL417727,Nc1ccc2c(c1)C(=O)C(=O)c1ccccc1-2,2.23
6210,CHEMBL2169920,O=C1COc2c(CCNCCN(C(=O)CCNCCc3ccc(Cl)c(Cl)c3)C3CCCCC3)ccc(O)c2N1,2.23
6211,CHEMBL1957850,Cc1ccccc1Cn1ccn2c(=O)cc(N3CCOCC3)nc12,2.3
6212,CHEMBL1721725,Nc1c(-c2ccccc2)c(CN2CCOCC2)nn1-c1ccc(F)cc1,2.33
6213,CHEMBL1419,CC(C)CC(N(C)C)C1(c2ccc(Cl)cc2)CCC1,3.6
6214,CHEMBL2313078,O=C(Nc1ccc(F)cc1F)c1cc(Cl)ccc1O,3.6
6215,CHEMBL2208431,O=C(NC[C@@H](O)CN1CCC(Oc2ccc(Cl)c(Cl)c2)CC1)c1n[nH]c(=O)c2ccccc12,3.69
6217,CHEMBL522460,Cc1ccccc1CN1CCC(N2CCC(n3c(=O)[nH]c4ccccc43)CC2)CC1,2.68
6218,CHEMBL2335907,COc1cc(-c2ccncc2)cc2cnc(Nc3ccc([C@@H](C)NC(C)=O)cc3)nc12,2.73
6219,CHEMBL115523,O=C(Nc1ccccc1)c1ccccc1,2.8
6226,CHEMBL424,O=C(O)c1ccccc1O,-1.36
6235,CHEMBL502684,c1ccc(OCC2CNCCO2)cc1,0.2
6237,CHEMBL2364611,Cc1cccc(-c2nn3c(c2-c2ccnc4ccc(C(N)=O)cc24)CCC3)n1,1.71
6240,CHEMBL1351138,CC(C)C(=O)Nc1ccc2c(c1)C(=O)NC2=O,1.55
6241,CHEMBL1198335,COc1cccc(Nc2nc(NCC3CCCO3)c3ccccc3n2)c1,3.9
6242,CHEMBL2030439,O=S(=O)(Cc1cc(N2CCOCC2)nc(-c2ccccn2)n1)c1ccc(F)cc1,1.59
6244,CHEMBL190270,N#Cc1cccc(C(=O)Nc2cc(-c3ccccc3)nn2-c2ccccc2)c1,3.82
6245,CHEMBL2158773,Cc1cccc(C[C@@H](C(=O)O)N2CCC(CN3CCC(Oc4ccc(Cl)c(Cl)c4)CC3)CC2)c1,2.84
6247,CHEMBL1427458,Cc1ccc(Oc2ccc(C(=O)NCc3ccncc3)cc2)cc1,3.65
6248,CHEMBL2164850,O=C(Nc1cc(-c2ccncc2)c[nH]c1=O)[C@H](Cc1ccccc1)NC1(c2ccccn2)CC1,3.44
6249,CHEMBL976,O=C(C1CCCCC1)N1CC(=O)N2CCc3ccccc3C2C1,2.43
6255,CHEMBL2001019,OCCn1cc(-c2cnc3nnn(Cc4ccc5ncccc5c4)c3n2)cn1,1.7
6256,CHEMBL2177614,CCCSc1c(C(=O)N(C)C2CCCCC2)cnn1-c1ccc(C(=O)O)cc1,0.59
6257,CHEMBL473,CN(CCOc1ccc(NS(C)(=O)=O)cc1)CCc1ccc(NS(C)(=O)=O)cc1,0.6
6258,CHEMBL2321992,OCC[C@@]1(c2ccc(Cl)c(Cl)c2)CCCNC1,0.62
6259,CHEMBL324519,Oc1nc2ccccc2c(O)c1-c1ccccc1,0.73
6260,CHEMBL2164748,COc1ccc2ncc(=O)n(CCN3CC[C@@H](NCc4cc5c(cn4)OCCO5)[C@H](O)C3)c2c1,0.9
6266,CHEMBL1778372,COC[C@H](C)Oc1cc(Oc2ccc(S(C)(=O)=O)cc2)cc(C(=O)Nc2ccc(C(=O)O)cn2)c1,-0.41
6267,CHEMBL484663,O=c1cc(-c2ccc(O)cc2)oc2ccc(O)cc12,3.3
6269,CHEMBL103355,Cc1ccc(F)c(Nc2ccnc(Nc3ccc(S(N)(=O)=O)cc3)n2)c1,3.1
6275,CHEMBL2069421,COc1ncc(-c2cccc3c2C[C@H](NC(=O)c2ccc(OCC(F)(F)F)nc2)CO3)cn1,4.3
6280,CHEMBL217899,CCc1nn(C2CCCC2)c2c1CCn1c(-c3cccs3)nnc1-2,3.6
6281,CHEMBL29838,O=C(COc1ccc(SCCCCCc2ccccc2)cc1)COc1ccc(C(=O)O)cc1,3.63
6288,CHEMBL1917436,CC(=O)Nc1ccc2c(c1)c(Sc1ccc(Cl)cc1)c(C)n2CC(=O)O,0.2
6289,CHEMBL1148,Cc1cccc(Nc2ccncc2S(=O)(=O)NC(=O)NC(C)C)c1,0.3
6290,CHEMBL92401,CC(C)NNC(=O)c1ccncc1,0.33
6291,CHEMBL429405,NC(Cc1ccc(N(CCCl)CCCl)cc1)C(=O)O,0.39
6292,CHEMBL1241590,CS(=O)(=O)c1ccc([C@@H](O)[C@@H](CF)NC(=O)C(Cl)Cl)cc1,0.44
6296,CHEMBL2062585,CC(=O)Nc1ccc2c(c1)c(-c1cc(NC3CC3)n3ncc(C#N)c3n1)cn2CCC(=O)O,-0.87
6297,CHEMBL456,C=C(CC)C(=O)c1ccc(OCC(=O)O)c(Cl)c1Cl,0.02
6298,CHEMBL1180725,CC(C)[N+](C)(CCOC(=O)C1c2ccccc2Oc2ccccc21)C(C)C,0.2
6301,CHEMBL316388,C[C@@H]1CN(C(=O)[C@@](C)(O)C(F)(F)F)[C@@H](C)CN1C(=O)c1ccc(C#N)cc1,1.5
6302,CHEMBL1944690,O=c1[nH]c2c(O)ccc([C@@H](O)CNCCc3cccc(CNCCc4ccccc4Cl)c3)c2s1,1.63
6303,CHEMBL15245,COC(=O)[C@@H]1[C@H]2C[C@H]3c4[nH]c5ccccc5c4CCN3C[C@@H]2CC[C@@H]1O,1.65
6304,CHEMBL383322,CCOCc1nc2c(N)nc3ccccc3c2n1CC(C)(C)O,1.69
6306,CHEMBL1773,CCCCCOC(=O)Nc1nc(=O)n([C@@H]2O[C@H](C)[C@@H](O)[C@H]2O)cc1F,0.67
6312,CHEMBL2326689,CN1CC=CCC(c2cc3ccccc3o2)C1,2.47
6314,CHEMBL1916083,CNC(=O)c1cnn(-c2ccccc2)c1NS(=O)(=O)c1ccc(C)cc1,-0.54
6316,CHEMBL1004,CN(C)CCOC(C)(c1ccccc1)c1ccccn1,-0.2
6317,CHEMBL1796299,O=C(NCc1ccncn1)c1ccc(Oc2ccc(C#C[C@@]3(O)CN4CCC3CC4)cc2)cc1,1.77
6318,CHEMBL1684,NS(=O)(=O)c1cc2c(cc1C(F)(F)F)NC(Cc1ccccc1)NS2(=O)=O,1.78
6319,CHEMBL1201753,O=C(O)C[C@H](O)C[C@H](O)/C=C/c1c(C2CC2)nc2ccccc2c1-c1ccc(F)cc1,0.91
6328,CHEMBL1212988,Cc1cc(C)c2c(N)c(C(=O)NC3CC3)sc2n1,2.53
6329,CHEMBL1222381,O=C(NC1CC1)c1cc(-c2cccs2)on1,2.54
6330,CHEMBL1427554,Cc1ccc(-c2csc3ncnc(O)c23)cc1,2.59
6333,CHEMBL277474,Cc1cc(=O)n(-c2ccccc2)n1C,0.11
6334,CHEMBL1917458,CCS(=O)(=O)c1ccc(Oc2c(C)n(CC(=O)O)c3ccc(C(F)(F)F)cc23)cc1,0.29
6335,CHEMBL347645,NC(=O)Cc1ccccc1,0.3
6338,CHEMBL1909282,O=C(O)Cc1csc(-c2ccc(Cl)cc2)n1,-0.22
6342,CHEMBL1886726,CC1CN(C(=O)c2ccccc2)c2ccccc2NC1=O,1.73
6371,CHEMBL2011918,CNc1c(Br)cnc2[nH]c(-c3ccc(OCCN4CCN(C)CC4)cc3)nc12,2.91
6372,CHEMBL499864,Cn1cnc(-c2ccccc2)c1C#Cc1ccnc(N)n1,2.94
6373,CHEMBL1308863,Cc1cc(NC(=O)Nc2ccc(Cl)cc2)n(C)n1,2.96
6374,CHEMBL123846,CCCc1c(OCCCOc2ccc3c(=O)cc(C(=O)O)oc3c2CCC)ccc(C(C)=O)c1O,3.0
6375,CHEMBL2179287,Cc1cn(C2CCCN(Cc3cccc(Oc4ccccc4)c3)C2)c(=O)[nH]c1=O,3.04
6378,CHEMBL557697,O=C(O)c1cccc(-c2ccc3c(C(=O)NCC45CC6CC(CC(C6)C4)C5)c(Cl)ccc3n2)c1,2.84
6379,CHEMBL67860,Cn1c(C#N)ccc1-c1ccc2c(c1)C(C)(C)OC(=O)N2,2.85
6410,CHEMBL1783271,COc1ccc(OC)c(-c2c(F)ccc3c(N)c(C(=O)NC4CC4)nnc23)c1,3.47
6411,CHEMBL1783119,COc1ccc(C(=O)NCc2cn(-c3cc(C)nc4ccc(OC)cc34)nn2)cc1,3.5
6412,CHEMBL20403,COC1(c2cc(F)cc(OCc3ccc4c(ccc(=O)n4C)c3)c2)CCOCC1,3.52
6413,CHEMBL1384203,CC(NCC(O)c1ccc([N+](=O)[O-])cc1)C12CC3CC(CC(C3)C1)C2,3.53
6414,CHEMBL1213085,Cc1ccccc1-n1c(Cn2nc(-c3ccc(O)c(F)c3)c3c(N)ncnc32)nc2cccc(C)c2c1=O,3.55
6415,CHEMBL244184,Cc1cnc(Oc2ccc(-n3ccnc3)cc2)nc1Oc1ccc2c(c1)OCO2,3.56
6416,CHEMBL258313,C[C@@H](Oc1cccc2ncnc(Nc3ccc(OCc4ccccn4)c(Cl)c3)c12)C(=O)N(C)CCO,3.56
6423,CHEMBL2177607,O=C(O)c1ccc(-n2ncc(C(=O)NC3C4CC5CC(C4)CC3C5)c2C(F)(F)F)cc1,1.5
6424,CHEMBL2178947,Cc1nc(C)c(-c2ccc3c(c2)CC[C@]32CC[C@@H](CC(=O)O)CC2)nc1C(N)=O,1.5
6425,CHEMBL2141746,CCCNC(=O)CSc1ccc(S(=O)(=O)N2CCCC2)cn1,1.55
6426,CHEMBL1917434,CCN(C(C)=O)c1cccc2c1c(Sc1ccc(Cl)cc1)c(C)n2CC(=O)O,1.61
6427,CHEMBL1223873,NC(=O)c1cccc(O[C@H]2C[C@H]3CC[C@@H](C2)N3Cc2ccccc2)c1,1.61
6428,CHEMBL1782927,Oc1ccc(-c2nc3ccccc3nc2-c2ccc(O)cc2)cc1,2.7
6429,CHEMBL459219,CSc1nc(C(N)=O)c(N)s1,1.21
6430,CHEMBL1164652,Cc1ncc(-c2ccnc(Nc3ccccc3)n2)n1C(C)C,3.58
6431,CHEMBL313907,O=S(=O)(Nc1nc(-c2ccccc2)nn1Cc1ccccc1)c1ccccc1,1.25
6450,CHEMBL497854,Cc1cc(CNc2ncc(Br)c(Nc3cc(C4CC4)[nH]n3)n2)on1,3.43
6451,CHEMBL2172003,COc1cc(N2CCN(C(=O)[C@@H]3CCCC[C@H]3C(=O)NC3(C#N)CC3)[C@H](C)C2)ccc1C1CC1,3.49
6452,CHEMBL479446,COc1cc2ncc(C(N)=O)c(Nc3ccc(F)cc3F)c2cc1NCCN1CCOCC1,2.68
6453,CHEMBL453862,Cc1ncc(-c2nc(Nc3ccc(C(=O)N(C)C)cc3)ncc2F)n1C(C)C,2.77
6454,CHEMBL454616,Cc1ccc(NC(=O)c2cccc(N(C)S(C)(=O)=O)c2)cc1NC(=O)c1ccc2ncccc2c1,2.8
6455,CHEMBL402208,Cc1cc(CN2CCC2)cnc1-c1ccc(C(=O)Nc2ccccc2N)cc1,1.18
6456,CHEMBL2312113,COc1cc(O)c(C(CC(=O)N2CC(C)CC(C)C2)c2ccc3c(c2)OCO3)c(OC)c1,4.3
6464,CHEMBL1314022,CCN(c1ccccc1)c1cc(NC)[n+](C)c(C)n1,-0.91
6465,CHEMBL1824036,CS(=O)(=O)c1ccc2c(c1)N(CCN1CCC(NCc3ccc4c(n3)NC(=O)CO4)CC1)C(=O)CO2,-0.51
6467,CHEMBL1945033,O=c1[nH]c2c(O)ccc([C@@H](O)CNCCc3cccc(CNCCc4ccccn4)c3)c2s1,-0.07
6468,CHEMBL1731705,O=S(=O)(Nc1ccccc1-c1ccccc1)c1ccccc1,3.96
6469,CHEMBL381434,CC(C)COc1cc(OC(C)C)cc(C(=O)Nc2ccc(C(=O)O)cn2)c1,1.6
6470,CHEMBL1940316,O=C(NC1CCS(=O)(=O)C1)c1ccc(Oc2ccc(C#C[C@]3(O)CN4CCC3CC4)cc2)cc1,1.64
6471,CHEMBL1312599,O=S(=O)(Nc1ccc2[nH]c(-c3ccc(Br)o3)nc2c1)c1ccccc1,4.38
6472,CHEMBL1813048,CC(=O)Nc1cccc(Nc2ncnc(N3CCC(OCc4ccc(OC(F)(F)F)cc4)CC3)n2)c1C,4.4
6473,CHEMBL2164746,COc1ccc2ncc(=O)n(CCN3CC[C@H](NCc4ccc5c(n4)NC(=O)CO5)[C@H](O)C3)c2c1,0.39
6476,CHEMBL196585,Oc1ccc(C(c2ccc(O)cc2)C(Cl)(Cl)Cl)cc1,3.86
6477,CHEMBL412142,Cc1cnc(-c2cnc(NCCNc3ccc(C#N)cn3)nc2-c2ccc(Cl)cc2Cl)[nH]1,3.86
6479,CHEMBL239513,O=C(COc1ccccc1)c1ccccc1,2.87
6480,CHEMBL1720835,c1ccc(-c2cn3ccccc3n2)cc1,2.9
6483,CHEMBL1562923,Cc1ccc(-n2c(C)cc(C(=O)NS(=O)(=O)c3ccc(C)cc3)c2C)cc1,2.5
6485,CHEMBL325681,COc1cccc(-c2cc(O)c3cc(NC(C)=O)ccc3n2)c1,2.41
6486,CHEMBL241609,O=c1c(-c2ccc(O)c(O)c2)coc2cc(O)cc(O)c12,2.45
6488,CHEMBL227897,O=C(Cc1ccccc1)Nc1nccs1,2.5
6490,CHEMBL246533,Clc1cccc2[nH]ncc12,2.5
6492,CHEMBL2164687,N#CC1(NC(=O)[C@@H]2CCCC[C@H]2C(=O)N2CCc3[nH]c4ccc(Cl)cc4c3C2)CC1,3.65
6510,CHEMBL14762,CC[C@H](CO)Nc1nc(NCc2ccccc2)c2ncn(C(C)C)c2n1,3.63
6513,CHEMBL2035024,NC1(c2ccc(-c3ncc4cccn4c3-c3ccccc3)cc2)CCC1,2.5
6514,CHEMBL16073,CCOc1ccc(NC(C)=O)cc1,1.5
6516,CHEMBL638,C[C@@H](c1ncncc1F)[C@](O)(Cn1cncn1)c1ccc(F)cc1F,1.7
6517,CHEMBL2163591,CS(=O)(=O)c1cccc2c3c([nH]c12)CCN(C(=O)[C@@H]1CCCC[C@H]1C(=O)NC1(C#N)CC1)C3,1.7
6518,CHEMBL373339,CC(C)Oc1cc(OCCc2ccsc2)cc(C(=O)Nc2ccc(C(=O)O)cn2)c1,1.74
6519,CHEMBL1297,CC(C(=O)O)c1cccc(Oc2ccccc2)c1,0.71
6520,CHEMBL563,CC(C(=O)O)c1ccc(-c2ccccc2)c(F)c1,0.85
6521,CHEMBL2164673,N#CCNC(=O)[C@@H]1CCCC[C@H]1C(=O)N1CC=CCC1,0.9
6530,CHEMBL2207669,N#Cc1ccc(OC2CCN(C[C@H](O)CNC(=O)c3c[nH]c(=O)c4ccccc34)CC2)cc1Cl,2.56
6531,CHEMBL1218,CCC(=O)NCC[C@@H]1CCc2ccc3c(c21)CCO3,2.57
6532,CHEMBL631,CCCNCC(O)COc1ccccc1C(=O)CCc1ccccc1,1.72
6533,CHEMBL2338347,CS(=O)(=O)c1ccc([C@@H](CC2CCCC2)C(=O)Nc2cnc([C@H](O)CO)cn2)cc1Cl,2.58
6535,CHEMBL38688,c1ccc(Nc2ccccc2)cc1,3.2
6542,CHEMBL902,NC(N)=Nc1nc(CSCC/C(N)=N/S(N)(=O)=O)cs1,-0.6
6545,CHEMBL2086691,C[C@@H]1CN(c2noc(C3CC3)n2)CCN1c1ncc(OCc2ccncc2C#N)cn1,3.1
6546,CHEMBL2335870,COCCNC(=O)c1ccc(Nc2ncc3cc(-c4cccnc4)ccc3n2)cc1,3.11
6556,CHEMBL2062774,CCOc1noc2cc(OCCC3CCN(c4ccc(C)nn4)CC3)ccc12,4.23
6559,CHEMBL1350196,Cc1c(CCC(=O)O)c(=O)oc2cc(O)ccc12,-0.7
6561,CHEMBL62193,COc1cc(NS(=O)(=O)c2ccc(N)cc2)nc(OC)n1,0.2
6563,CHEMBL1515,Cn1ccnc1S,-0.42
6564,CHEMBL435,NS(=O)(=O)c1cc2c(cc1Cl)NCNS2(=O)=O,-0.09
6566,CHEMBL1077979,COc1cc(O)c2c(c1)/C=C/C[C@H](O)[C@H](O)C(=O)/C=C\C[C@H](C)OC2=O,1.64
6567,CHEMBL1773254,O=C(O)CCc1ccc(OCc2cccc(Br)c2)cc1,1.67
6568,CHEMBL2171986,COc1ccc(N2CCN(C(=O)[C@@H]3CCCC[C@H]3C(=O)NCC#N)CC2)cc1,1.6
6569,CHEMBL1807871,O=c1[nH]c2c(O)ccc([C@@H](O)CNCCCSCCNCCc3cccc(Cl)c3Cl)c2s1,1.74
6570,CHEMBL339059,NC(=O)c1ccc(Br)cc1,1.75
6571,CHEMBL457,Cc1ccc(C)c(OCCCC(C)(C)C(=O)O)c1,0.72
6572,CHEMBL59925,Cc1cc(C)nc(N)c1,0.85
6587,CHEMBL387675,CCCCCCCCCC(=O)N[C@@H](Cc1c[nH]c2ccccc12)C(=O)N[C@@H](CC(N)=O)C(=O)N[C@@H](CC(=O)O)C(=O)N[C@@H]1C(=O)NCC(=O)N[C@@H](CCCN)C(=O)N[C@@H](CC(=O)O)C(=O)N[C@H](C)C(=O)N[C@@H](CC(=O)O)C(=O)NCC(=O)N[C@H](CO)C(=O)N[C@@H]([C@H](C)CC(=O)O)C(=O)N[C@@H](CC(=O)c2ccccc2N)C(=O)O[C@@H]1C,-0.94
6589,CHEMBL1916544,COc1ncc2ncc(=O)n(CCN3CCC(NCc4cc5c(cn4)OCCO5)CC3)c2n1,-0.14
6590,CHEMBL5,CCn1cc(C(=O)O)c(=O)c2ccc(C)nc21,-0.1
6591,CHEMBL1917433,Cc1c(Sc2ccc(Cl)cc2)c2c(NS(C)(=O)=O)cccc2n1CC(=O)O,0.21
6594,CHEMBL1525826,COc1nccnc1NS(=O)(=O)c1ccc(N)cc1,-0.65
6595,CHEMBL1945293,COCCNCc1ccc(CCNC[C@H](O)c2ccc(O)c3[nH]c(=O)sc23)cc1,-0.54
6598,CHEMBL2158826,O=C(O)Cc1cccc(N2CCC(CN3CCC(Oc4ccc(Cl)c(Cl)c4)CC3)CC2)c1,1.58
6599,CHEMBL1271187,c1cc(Nc2ccnc(Nc3cc(N4CCOCC4)cc(N4CCOCC4)c3)n2)c2cn[nH]c2c1,3.05
6600,CHEMBL180155,C=CCN(C(=O)Cc1ccc(S(C)(=O)=O)cc1)C1CCN(CCC(c2ccccc2)c2ccccc2)CC1,3.1
6601,CHEMBL1346348,O=C(c1scc2c1CCCC2)N1CCCCC1,3.16
6610,CHEMBL235763,NC1=NC(c2ccc(Cl)c(Cl)c2)CC(=O)N1,1.46
6616,CHEMBL592956,Cn1c(-c2ccccc2)cc2onc(-c3ccncc3)c2c1=O,3.17
6617,CHEMBL2179291,COc1ccc(Oc2cccc(CN3CCCC(n4cc(C)c(=O)[nH]c4=O)C3)c2)cc1,3.17
6618,CHEMBL139088,Fc1cccc(C(COCc2cc(C(F)(F)F)cc(C(F)(F)F)c2)N2CCNCC2)c1,3.2
6622,CHEMBL228761,O=C1C2CCC(N2)C(=O)N1Cc1ccccc1,2.21
6626,CHEMBL325870,CCNc1ccc(-c2ccccc2)n(CC(=O)NC(C(=O)C(F)(F)F)C(C)C)c1=O,2.37
6627,CHEMBL1886566,COc1ccc(CN2C(=O)CCC2(C)C(=O)NC2CCCCC2)c(OC)c1,2.38
6628,CHEMBL51880,Nc1ccc2c(c1)-c1ccccc1C(=O)C2=O,2.39
6629,CHEMBL488084,Cc1ncc(-c2ccnc(Nc3ccc(C(N)=O)cc3)n2)n1C(C)C,2.39
6631,CHEMBL455651,CNC(=O)c1ccc(Nc2ncc(F)c(-c3cnc(C)n3C(C)C)n2)cc1F,3.31
6632,CHEMBL2147033,O=C1COC2(CCN(S(=O)(=O)c3ccc(-c4ccc5cnccc5c4)cc3)CC2)CN1C1CC1,3.32
6643,CHEMBL1809223,COc1cc(N2CCN(C(C)=O)CC2)ccc1Nc1ncc(Cl)c(-c2cnc3cc(N4CCCC4)ccn23)n1,3.5
6644,CHEMBL561368,CC(C)NC(=O)c1cnc(N2CCC(N3C(=O)OCc4ccccc43)CC2)c(Cl)c1,3.57
6654,CHEMBL1917428,Cc1c(Sc2ccc(Cl)cc2)c2c(C#N)c(Cl)ccc2n1CC(=O)O,1.6
6655,CHEMBL2312185,CNc1nc(C)c(-c2nc(Nc3cccc(N4CCCNCC4)c3)ncc2C#N)s1,1.64
6657,CHEMBL1322675,CCCNC[C@H](O)COc1ccccc1C(=O)CCc1ccccc1,1.69
6658,CHEMBL2331746,Cc1cn([C@H]2CCCN(S(=O)(=O)c3ccc(O)c(Oc4ccccc4)c3)C2)c(=O)[nH]c1=O,1.49
6675,CHEMBL1762550,Cc1ccc(CO)cc1N(C)c1ccnc(Nc2cc(N3CCOCC3)nc(N3CCOCC3)c2)n1,3.44
6676,CHEMBL558752,Cn1c(Nc2ccc(C(F)(F)F)cc2)nc2cc(Oc3ccnc(-c4ncc(C(F)(F)F)[nH]4)c3)ccc21,3.45
6677,CHEMBL833,Clc1ccccc1CN1CCc2sccc2C1,3.46
6678,CHEMBL1486510,CCOC(=O)c1c(C)n(Cc2ccco2)c2ccc(O)cc12,3.5
6679,CHEMBL2023489,COc1ccc2c(Oc3ccc(CC(=O)Nc4cn(C)nc4C)c(OC)c3)ccnc2c1,3.5
6680,CHEMBL2326481,CN(C)C(=O)c1ccc(CN2CCc3cc4nc(N)sc4cc3CC2)cc1,1.72
6681,CHEMBL490,Fc1ccc([C@@H]2CCNC[C@H]2COc2ccc3c(c2)OCO3)cc1,1.78
6682,CHEMBL53366,Cc1nccn1CCC(C(N)=O)(c1ccccc1)c1ccccc1,1.79
6691,CHEMBL101,CCCCC1C(=O)N(c2ccccc2)N(c2ccccc2)C1=O,0.45
6692,CHEMBL1095,CCN1C(=O)NC(c2ccccc2)C1=O,1.0
6693,CHEMBL2325622,CN1CC(n2nccc2-c2cc(Cl)ccc2Oc2cc(F)c(S(=O)(=O)Nc3ncns3)cc2F)C1,1.0
6706,CHEMBL2036745,O=C(O)C[C@H]1CC[C@H](c2ccc(NC(=O)c3nnc(Nc4ccccc4F)o3)cc2)CC1,2.48
6707,CHEMBL941,Cc1ccc(NC(=O)c2ccc(CN3CCN(C)CC3)cc2)cc1Nc1nccc(-c2cccnc2)n1,2.5
6708,CHEMBL186720,CN(C)CCOc1ccccc1Cc1ccccc1,2.53
6709,CHEMBL2036569,Cc1cc(NC(=O)c2nnc(Nc3ccccc3F)o2)ccc1N1CCOCC1,4.0
6710,CHEMBL349803,NS(=O)(=O)c1cc(C(=O)O)cc(N2CCCC2)c1Oc1ccccc1,-0.94
6711,CHEMBL305406,Clc1cccc(Cl)c1/C(=C/n1cncn1)OC1CCCCCC1,4.1
6715,CHEMBL66654,Cc1cccc(C#Cc2ccccc2)n1,3.6
6718,CHEMBL1892245,O=C(O)CSc1c[nH]c2ccccc12,-1.31
6719,CHEMBL1385850,O=C(O)c1ccc2[nH]c(C(F)(F)F)nc2c1,-1.08
6720,CHEMBL779,CN1CC(=O)N2[C@H](c3ccc4c(c3)OCO4)c3[nH]c4ccccc4c3C[C@@H]2C1=O,2.6
6721,CHEMBL2086672,C[C@@H]1CN(C(=O)OC(C)(C)C)CCN1c1ncc(OCc2ccc(S(C)(=O)=O)cc2F)cn1,3.7
6722,CHEMBL258177,CC(C)N1CCN(Cc2cnc(-c3ccc(C(=O)Nc4ccccc4N)cc3)c(C#N)c2)CC1,1.28
6723,CHEMBL1381989,CC1(C)CNC(=O)c2sc(N3CCOCC3)nc2C1,1.29
6726,CHEMBL2036568,O=C(Nc1ccc(N2CCOCC2)c(F)c1)c1nnc(Nc2ccccc2F)o1,3.6
6727,CHEMBL1891277,Cc1ccc(-c2cc(C(=O)N3CCOCC3)c3cc(C)ccc3n2)cc1,3.6
6728,CHEMBL2069929,c1cncc(-c2ccc(-c3nnc(C4CN5CCC4CC5)o3)o2)c1,1.2
6732,CHEMBL139,O=C(O)Cc1ccccc1Nc1c(Cl)cccc1Cl,1.08
6736,CHEMBL559478,O=C(Oc1ccc(Br)cc1)N1CCN2CCC1CC2,1.58
6737,CHEMBL1468936,CCOC(=O)c1c(-c2ccccc2)nc2cc(C)ccn12,3.8
6743,CHEMBL577241,Oc1ccc(CCc2ccc(O)cc2)cc1,3.3
6744,CHEMBL2180037,CC#Cc1cncc(-c2cccc(C3(C4CC4)N=C(C)C(N)=N3)c2)c1,3.3
6745,CHEMBL51085,O=c1c2ccccc2[se]n1-c1ccccc1,3.31
6747,CHEMBL1214827,CC(C)c1cc(C(=O)N2Cc3ccc(CN4CCN(C)CC4)cc3C2)c(O)cc1O,2.5
6767,CHEMBL1824379,CCCOc1cc(OCCCN2CCCC2)ccc1C(=O)Nc1cccc(O)c1,2.46
6769,CHEMBL494505,CCC(=O)N1CCN(C(=O)c2cc(Cc3n[nH]c(=O)c4ccccc34)ccc2F)CC1,1.22
6770,CHEMBL109396,CC(C)C(NC(=O)Cn1c(-c2ccccc2)ccc(NS(N)(=O)=O)c1=O)C(=O)C(F)(F)F,1.17
6781,CHEMBL1796296,O=C(NCc1ccncc1)c1ccc(Oc2ccc(C#CC3(O)CN4CCC3CC4)cc2)cc1,2.48
6786,CHEMBL2182002,Cc1cc(S(=O)(=O)N2CCN(C)CC2)ccc1-c1cnc(N)c(C(=O)Nc2cccnc2)n1,2.6
6787,CHEMBL1957038,Oc1ccc(C2=Cc3ccc(O)cc3OC2)cc1,3.8
6793,CHEMBL1739063,O=C(N[C@@H](c1ccccc1)[C@@H]1CCCCN1)c1cccc(C(F)(F)F)c1Cl,2.61
6794,CHEMBL464552,CNC(=O)c1c(F)cccc1Nc1nc(Nc2cc3c(cc2OC)CCN3C(=O)CN(C)C)nc2[nH]ccc12,2.61
6795,CHEMBL1762537,Cc1ccc(CO)cc1N(C)c1ccnc(Nc2cc(N3CCCCC3)cc(N3CCOCC3)c2)n1,4.2
6796,CHEMBL1392670,O=C(Oc1ccccc1O)c1cccc2ccccc12,4.4
6797,CHEMBL1738840,COc1ccnc(CCc2nc3cccnc3[nH]2)c1,1.69
6806,CHEMBL1789274,CNCC[C@@H](Oc1cc(OC)ccc1C#N)c1ccccc1,0.87
6807,CHEMBL1824044,COc1ccc2c(c1)N(CCN1CCC(NCc3ccc4c(n3)NC(=O)CO4)CC1)C(=O)CO2,0.87
6808,CHEMBL2171040,COc1ccccc1S(=O)(=O)NC(=O)N1CCC(N2CCC(Oc3ccc(Cl)c(Cl)c3)CC2)CC1,0.89
6809,CHEMBL6399,CN(C)c1cccc2c(S(=O)(=O)Nc3cnccn3)cccc12,0.9
6810,CHEMBL2164672,N#CCNC(=O)[C@@H]1CCCC[C@H]1C(=O)N1CCCCC1,0.9
6811,CHEMBL499028,COc1ccccc1-c1nnc(N)[nH]1,0.91
6812,CHEMBL1945299,COc1ccccc1CNCCc1cccc(CCNC[C@H](O)c2ccc(O)c3[nH]c(=O)sc23)c1,0.91
6813,CHEMBL1934268,CCn1nc(C)c(C(=O)N[C@@H](C)C(C)(C)C)c1NS(=O)(=O)c1ccc(C)cc1,0.95
6814,CHEMBL1503415,O=c1cc(O)oc2c1c(=O)n(-c1ccccc1)c1ccccc21,0.96
6815,CHEMBL1689117,O=C(O)COc1ccc(Cl)cc1CN1CCN(S(=O)(=O)c2ccc(F)cc2)CC1,0.99
6816,CHEMBL278078,CCN(CC)C(=O)c1ccc(C(=C2CCNCC2)c2ccccc2OC)cc1,1.0
6817,CHEMBL179043,O=c1cc(N2CCOCC2)nc2ccccn12,1.0
6818,CHEMBL2030443,CS(=O)(=O)Cc1cc(N2CCOCC2)nc(-c2cccc(CO)c2)n1,1.0
6828,CHEMBL425300,Cc1cnc(NC(=O)Cc2ccccc2)s1,2.9
6829,CHEMBL1472189,COc1ccc(CC(=O)Nc2nc3ccccc3[nH]2)cc1,2.9
6830,CHEMBL2331749,Cc1cn([C@H]2CCCN(S(=O)(=O)c3ccc(O)c(Oc4ccc(Cl)cc4)c3)C2)c(=O)[nH]c1=O,2.12
6831,CHEMBL1807858,Nc1nc(OC2CCCC2)nc2c1ncn2[C@@H]1O[C@H](CO)[C@H](Cl)[C@H]1O,2.16
6832,CHEMBL2325730,NC(=O)C(NC(=O)C1(N)CCN(c2ncnc3[nH]ccc23)CC1)c1ccc(Cl)cc1,2.2
6833,CHEMBL2042442,O=c1cc(-c2ccco2)[nH]c2ccccc12,2.21
6834,CHEMBL2062558,N#Cc1cnn2c(N)cc(-c3ccc(F)cc3)nc12,2.23
6835,CHEMBL1345229,CC1CCN(C(=O)c2scc3c2OCCO3)CC1,2.26
6836,CHEMBL528217,c1ccc(-c2cc(NCCCCCCCCNc3cc(-c4ccccc4)nc4ccccc34)c3ccccc3n2)cc1,2.27
6837,CHEMBL1807822,O=c1[nH]c2c(O)ccc([C@@H](O)CNCCCOCCOCCc3cccc4ccccc34)c2s1,2.28
6838,CHEMBL481400,CN1CCN(c2ccc3ncc(C(N)=O)c(Nc4ccc(F)cc4F)c3c2)CC1,2.3
6839,CHEMBL1389370,CCN(CC)CCNc1ncnc2c1sc1nc(N3CCOCC3)c3c(c12)CCCC3,3.3
6845,CHEMBL452529,CN(C)CCCOc1ccc(-c2cc(C(N)=O)c(NC(N)=O)s2)cc1,0.64
6846,CHEMBL2177613,CCCSc1c(C(=O)NC2CCCCC2)cnn1-c1ccc(C(=O)O)cc1,0.64
6848,CHEMBL339851,O=C(O)c1cc2cc(C(F)(F)F)ccc2n1Cc1ccc(Cl)c(Cl)c1,3.07
6849,CHEMBL1472545,Nc1ccc(C2(c3ccc(N)cc3)CCCCC2)cc1,3.2
6850,CHEMBL1500992,O=C(CSc1ccccc1)N1CCN(c2ccccc2)CC1,3.2
6851,CHEMBL481230,COc1cc2c(Nc3ccc(F)c(Cl)c3)c(C(N)=O)cnc2cc1OCCN(C)CCO,3.2
6852,CHEMBL110599,COc1ccc(C(CN2CCCC2)N(C)C(=O)Cc2ccc(Cl)c(Cl)c2)c(OC)c1,3.07
6853,CHEMBL1290331,O=C(COCc1cscn1)N1CCN(c2ccc(Cl)cc2Cl)CC1,3.07
6858,CHEMBL1299619,CSCc1cc(N2CCOCC2)nc(-c2ccccc2)n1,3.26
6859,CHEMBL1783287,COc1ncccc1-c1cccc2c(N)c3c(nc12)CN(C1CCC1)C3=O,3.26
6860,CHEMBL396724,O=C(N[C@H]1Cc2ccccc2N(C[C@H](O)CO)C1=O)c1cc2cc(Cl)sc2[nH]1,3.27
6865,CHEMBL453222,COCCOc1ccc(-c2cc(C(N)=O)c(NC(N)=O)s2)cc1,2.34
6867,CHEMBL1939743,CCN(CC)C(=O)c1ccc([C@H](c2cccc(NC(=O)C3CC3)c2)N2CCN(CCOC)CC2)cc1,2.35
6868,CHEMBL865,Cc1onc(-c2ccccc2)c1-c1ccc(S(N)(=O)=O)cc1,2.37
6873,CHEMBL1950859,CN[C@@H](C)C(=O)N[C@H](C(=O)N[C@H]1CCCN(CCc2ccc([N+](=O)[O-])cc2)C1)C(C)(C)C,1.54
6874,CHEMBL1599290,Nc1nc2ccccc2n1C(=O)c1ccccc1,1.56
6875,CHEMBL1824377,O=C(Nc1cccc(O)c1)c1ccc(OCCCN2CCCC2)cc1OCc1cscn1,1.56
6878,CHEMBL1623850,CC(=O)N1CCN(CC(O)COc2ccc(Br)cc2)CC1,1.6
6879,CHEMBL256998,CC(C)N1CCN(Cc2cnc(-c3ccc(C(=O)Nc4ccccc4N)cc3)c(F)c2)CC1,1.6
6880,CHEMBL2035039,NC1(c2ccc(-n3c(-c4ccccc4)nc4ccccc4c3=O)cc2)CCC1,1.6
6881,CHEMBL1289717,O=c1cc(-c2ccccc2)ccn1-c1ccc2c(cnn2CCN2CCCC2)c1,1.6
6882,CHEMBL1338338,O=C(c1ccc(F)cc1)C1CCN(C(=O)N2CCOCC2)CC1,1.61
6908,CHEMBL1951909,CCN(C(=O)Cc1ccc(S(C)(=O)=O)cc1)C1CCN(CC[C@@H](c2cc(F)cc(F)c2)N2CCN(S(C)(=O)=O)CC2)CC1,1.25
6909,CHEMBL99408,Nc1ccc2ncccc2c1,1.33
6924,CHEMBL322722,Cc1ccc(CCCOCCS(=O)(=O)CCCNCCc2ccc(O)c3nc(O)sc23)s1,2.41
6925,CHEMBL2062579,CS(=O)(=O)Cc1ccc2ccn(-c3cc(NC4CC4)n4ncc(C#N)c4n3)c2c1,2.49
6926,CHEMBL550438,CC1CCC(CC(=O)Nc2cccc3ncccc23)CC1,3.56
6927,CHEMBL208292,COc1cc2ncnc(Nc3cccc(Cl)c3F)c2cc1CN1CCC[C@@H]1C(N)=O,3.58
6928,CHEMBL2147150,C[C@H]1O[C@@H](n2cnc3c(N)nc(OCC45CC6CC(CC(C6)C4)C5)nc32)[C@H](O)[C@@H]1O,3.58
6929,CHEMBL442956,O=C(O)C1Cc2c([nH]c3ccccc23)C(c2ccccc2)N1,0.78
6930,CHEMBL447183,N#Cc1ccc(C(=O)N2CCC3(CC2)N=C(N)c2c(F)ccc(F)c2N3)cn1,0.79
6931,CHEMBL612012,COc1ccc2c3c1OC1C(O)C=CC4C(C2)N(C)CCC341,0.8
6932,CHEMBL2035026,CCn1cnc2cnc(-c3ccc(C4(N)CCC4)cc3)c(-c3ccccc3)c21,2.0
6933,CHEMBL239640,CN1C(=O)CC(C)(CCc2cccc(-c3ccccc3)c2)N=C1N,2.03
6934,CHEMBL150245,Cc1nc(N)c2nc(O)n(Cc3ccccc3)c2n1,2.04
6935,CHEMBL266922,CCCSc1nc(N[C@@H]2C[C@H]2c2ccccc2)c2nnn([C@@H]3C[C@H](C(N)=O)[C@@H](O)[C@H]3O)c2n1,2.05
6936,CHEMBL317378,CN(C)CC(O)COc1ccc(Nc2cc(N(CCC#N)c3cc(Cl)ccc3Cl)ncn2)cc1,2.1
6937,CHEMBL1209509,O=S(=O)(NCC(c1ccccc1)N1CCCCCC1)c1cccnc1,2.1
6938,CHEMBL1806525,COc1cc(N2CCN(C(C)=O)CC2)ccc1Nc1ncc(C#N)c(-c2cnc3ccccn23)n1,2.8
6939,CHEMBL2346972,Fc1ccc(CN2CCN(C3=Nn4c(nnc4C(F)(F)F)CC3)CC2)cc1,2.8
6940,CHEMBL1682834,CC(=O)N1CCOc2cc(COc3ccccc3)cnc21,2.8
6941,CHEMBL442591,COc1cc2ncc(C(N)=O)c(Nc3ccccc3F)c2cc1OC,2.81
6943,CHEMBL271703,C[C@H](CO)Nc1nc(SCc2cccc(F)c2F)nc2nc(N)cnc12,2.89
6944,CHEMBL480825,COc1cc2ncc(C(N)=O)c(Nc3cc(F)ccc3F)c2cc1OC,2.9
6945,CHEMBL1915315,O=c1oc2cc(O)ccc2cc1-c1ccc(O)cc1,2.9
6957,CHEMBL1689122,CC1CN(S(=O)(=O)c2ccccc2)CCN1Cc1cc(Cl)ccc1OCC(=O)O,0.69
6963,CHEMBL2158839,O=C(O)[C@H](Cc1ccccc1F)N1CCC(CN2CCC(Oc3ccc(Cl)c(Cl)c3)CC2)CC1,2.58
6964,CHEMBL1587607,O=C(Nc1ccccc1Cl)c1cc[nH]n1,2.58
6965,CHEMBL575311,Cc1cc(Oc2ccnc(Nc3ccc(N4CCOCC4)cc3)c2)c(-c2ccccn2)nc1C,2.59
6967,CHEMBL2178949,Cc1nc(C)c(-c2ccc3c(c2)CC[C@]32CC[C@@H](C(=O)O)CC2)nc1C(N)=O,1.2
6968,CHEMBL1566034,O=C1CN(C(=O)c2ccco2)c2ccccc2N1,1.21
6969,CHEMBL1631473,CC1CN(C(=O)c2nnc3c(-c4ncccn4)cccc3c2N)C1,1.21
6971,CHEMBL1916534,COc1ccc2c(c1)N(CCN1CCC(NCc3cc4c(cn3)OCCO4)CC1)C(=O)CO2,1.24
6972,CHEMBL1604278,Cc1cc(N)n(-c2ccccc2)n1,1.25
6973,CHEMBL226856,O=c1[nH]n(Cc2ccsc2)c(=O)c2c(=O)c3ccc(Cl)cc3[nH]c12,1.11
6974,CHEMBL1223953,NC(=O)c1cccc(C[C@@H]2C[C@H]3CC[C@@H](C2)N3Cc2ccccc2)c1,1.11
6975,CHEMBL2177603,CC(C)c1c(C(=O)NC2C3CC4CC(C3)CC2C4)cnn1-c1ccc(C(=O)O)cc1,1.15
6990,CHEMBL1682956,CC[C@H](NC(=O)c1c([S+]([O-])CC)c(-c2ccccc2)nc2ccccc12)c1ccccc1,3.45
6991,CHEMBL514980,CN(CCOc1ccccc1-c1cc(C(N)=O)c(NC(N)=O)s1)Cc1ccccc1,3.46
6992,CHEMBL184012,Cc1ccc(NC(=O)c2ccnc(N3CCOCC3)c2)cc1NC(=O)c1ccc(OCc2ccccn2)cc1,3.47
6993,CHEMBL1310086,COc1ccccc1Cn1c(C)nc2ccccc21,3.47
6994,CHEMBL1645135,C[C@H](NC(=O)c1cccc2c1N(Cc1ccc(Cl)cc1)CC2)c1ccc(C(=O)O)cc1,1.47
7004,CHEMBL1689116,O=C(O)COc1ccc(Cl)cc1CN1CCC(S(=O)(=O)c2ccccc2)CC1,0.48
7006,CHEMBL1736763,N#Cc1cnn(-c2ccccc2)c1NC(=O)CN1CCOCC1,0.5
7009,CHEMBL1778647,CCS(=O)(=O)c1ccc(-c2cc(Cl)ccc2OCC(=O)O)c(C(F)(F)F)c1,0.62
7010,CHEMBL2165054,CO[C@H]1CN(CCn2c(=O)ccc3ccc(C#N)cc32)CC[C@H]1NCc1cc2c(cn1)OCCO2,0.63
7011,CHEMBL2165066,N#Cc1ccc2ccc(=O)n(CCN3CC[C@@H](NCc4ccc5c(n4)NC(=O)CO5)[C@@H](F)C3)c2c1,0.66
7012,CHEMBL1916280,CCC(C)NC(=O)c1c(C)nn(-c2ccccc2)c1NS(=O)(=O)c1ccc(C)cc1,0.66
7013,CHEMBL11084,CC(C)C(NC(=O)Cn1c(-c2cccs2)ncc(N)c1=O)C(=O)C(F)(F)F,0.68
7014,CHEMBL1916546,COc1cc2c(ccc(=O)n2CCN2CCC(NCc3cc4c(cn3)OCCO4)CC2)cn1,0.68
7015,CHEMBL1778652,CCS(=O)(=O)c1ccc(-c2cc(C(F)(F)F)ccc2CCC(=O)O)c(C)c1,0.76
7016,CHEMBL339212,CNC(=O)C1(N2CCCCC2=O)CCN(CC[C@H](CN(C)C(=O)c2cc(C#N)cc3ccccc23)c2ccc(Cl)c(Cl)c2)CC1,2.5
7017,CHEMBL2158836,O=C(O)[C@@H](Cc1ccccc1)N1CCC(CN2CCC(Oc3ccc(Cl)c(Cl)c3)CC2)CC1,2.5
7018,CHEMBL213854,Cc1ccc2c(c1)c(-c1ccnc3c(F)cccc13)c(C)n2CC(=O)O,0.53
7022,CHEMBL2031561,O=C(Nc1cccc(-c2nnn[nH]2)c1)c1cc(O)cc(C(F)(F)F)c1,0.8
7030,CHEMBL477772,Cc1ccc(Nc2nccc(N(C)c3ccc4c(C)n(C)nc4c3)n2)cc1S(N)(=O)=O,3.3
7031,CHEMBL1599839,Oc1nc2ccccc2nc1NCc1ccccc1,3.3
7032,CHEMBL521851,CS(=O)(=O)N1CCN(Cc2cc3nc(-c4cccc5[nH]ncc45)nc(N4CCOCC4)c3s2)CC1,3.3
7033,CHEMBL379787,O=C(Nc1nc2ccccc2n1CCN1CCOCC1)c1cccc([N+](=O)[O-])c1,3.3
7039,CHEMBL341324,CCN(CC)C(=O)Cc1csc(NS(=O)(=O)c2cccc(Cl)c2C)n1,1.67
7045,CHEMBL1962616,N=C(N)NC(=O)c1nc(Cl)c(NCc2ccncc2)nc1N,-0.51
7046,CHEMBL1168,CCOC(=O)[C@H](CCc1ccccc1)N[C@@H](C)C(=O)N1[C@H](C(=O)O)C[C@@H]2CCC[C@@H]21,-0.41
7047,CHEMBL2179669,Cc1cn([C@H]2CCCN(Cc3ccc(C(=O)O)c(Oc4cccc(C(F)(F)F)c4)c3)C2)c(=O)[nH]c1=O,-0.38
7052,CHEMBL1779004,COc1cc(F)ccc1-c1cccc(CNC2CCCC2)c1,2.29
7053,CHEMBL331019,O=C(CSc1ccncc1)Nc1ccc(C(=O)c2ccccc2)cc1,3.6
7054,CHEMBL2153177,CCCSc1ncccc1C(=O)N(C)C1CCOCC1,1.63
7055,CHEMBL1916274,Cc1ccc(S(=O)(=O)Nc2c(C(=O)NC3CCCCC3)c(C)nn2-c2ccccc2)cc1,1.68
7056,CHEMBL2178946,Cc1nc(C)c(-c2ccc([C@H]3CC[C@@H](CC(=O)O)CC3)c(Cl)c2)nc1C(N)=O,1.7
7057,CHEMBL256115,CCCNCc1cnc(-c2ccc(C(=O)Nc3ccccc3N)cc2)s1,1.75
7058,CHEMBL141157,C#CC[C@@H](C(=O)N[C@H](/C=C/C(=O)OCC)C[C@@H]1CCNC1=O)n1cccc(NC(=O)c2cc(C)on2)c1=O,1.75
7059,CHEMBL393717,O=C(NCC12CC3CC(CC(C3)C1)C2)c1cc(N2CCNCC2)ccc1Cl,1.77
7066,CHEMBL1232567,Oc1ccnc2ccccc12,0.8
7067,CHEMBL1944694,COc1ccccc1CCNCc1ccc(CCNC[C@H](O)c2ccc(O)c3[nH]c(=O)sc23)cc1,0.8
7068,CHEMBL1945289,COc1ccc(CNCc2cccc(CCNC[C@H](O)c3ccc(O)c4[nH]c(=O)sc34)c2)cc1,0.86
7080,CHEMBL2059872,Cc1ccc(-c2ncc(CN3CCOCC3)s2)cc1NC(=O)c1ccc(OCc2ccccn2)cc1,3.1
7081,CHEMBL2163584,N#CC1(NC(=O)[C@@H]2CCCC[C@H]2C(=O)N2CCc3[nH]c4c(Br)cccc4c3C2)CC1,3.12
7084,CHEMBL443684,CC1(C)CCC(c2ccc(Cl)cc2)=C(CN2CCN(c3ccc(C(=O)NS(=O)(=O)c4ccc(N[C@H](CCN5CCOCC5)CSc5ccccc5)c(S(=O)(=O)C(F)(F)F)c4)cc3)CC2)C1,0.64
7092,CHEMBL256963,Clc1ccc2ncc(-c3cccc(NC4CNC4)n3)n2c1,1.19
7093,CHEMBL1596993,COc1ccc(Nc2ccccc2C(=O)O)cc1,1.2
7094,CHEMBL415521,CCN(CC)C(=O)c1ccc(C(=C2CCNCC2)c2ccccc2)cc1,1.2
7095,CHEMBL340978,CC(C(=O)O)c1ccc2oc(-c3ccc(Cl)cc3)nc2c1,1.3
7096,CHEMBL1574146,Nc1cccc2c1C(=O)N(Cc1cccc(Cl)c1)C2=O,3.18
7097,CHEMBL107,COc1cc2c(c(OC)c1OC)-c1ccc(OC)c(=O)cc1[C@@H](NC(C)=O)CC2,0.82
7102,CHEMBL1945037,O=c1[nH]c2c(O)ccc([C@@H](O)CNCCc3cccc(CNCCCc4ccccc4)c3)c2s1,1.11
7103,CHEMBL652,O=C(NCC1CCCCN1)c1cc(OCC(F)(F)F)ccc1OCC(F)(F)F,1.13
7105,CHEMBL1994944,Cn1ncc2c(=O)[nH]c(-c3ccccc3)nc21,1.61
7106,CHEMBL46,Cc1nccn1CC1CCc2c(c3ccccc3n2C)C1=O,1.67
7125,CHEMBL1468264,COc1cc(OC)c2nc(C)c3c(c2c1)N(c1ccc(O)cc1)CC3,1.5
7126,CHEMBL1321641,N#Cc1nc(N2CCOCC2)nc(N2CCOCC2)n1,1.51
7131,CHEMBL2169919,CC(C)N(CCCNC(=O)Nc1ccc(C(C)(C)C)cc1)C[C@H]1O[C@@H](n2ccc3c(N)ncnc32)[C@H](O)[C@@H]1O,2.4
7132,CHEMBL87563,CCOC(=O)c1ccc(OC(=O)CCCCCNC(=N)N)cc1,2.41
7142,CHEMBL1464,CC(=O)CC(c1ccccc1)c1c(O)c2ccccc2oc1=O,0.86
7145,CHEMBL21731,CNCCCC12CCC(c3ccccc31)c1ccccc12,0.89
7146,CHEMBL1934266,CCC(CC)NC(=O)c1c(C)nn(C(C)C)c1NS(=O)(=O)c1ccc(C)cc1,0.92
7147,CHEMBL1439795,O=S(=O)(c1cccc(-c2cn3cccnc3n2)c1)N1CCOCC1,1.3
7152,CHEMBL440765,CN(C(=O)Cc1ccccc1)[C@H]1CC[C@@]2(CCCO2)C[C@@H]1N1CCCC1,0.99
7157,CHEMBL2172007,C[C@@H]1CN(c2ccccc2)CCN1C(=O)[C@@H]1CCCC[C@H]1C(=O)NC1(C#N)CC1,2.35
7162,CHEMBL2164670,COc1ccccc1C(C#N)NC(=O)[C@@H]1CCCC[C@H]1C(=O)N1CCN(Cc2ccc(F)cc2)CC1,3.57
7163,CHEMBL567,OCCN1CCN(CCCN2c3ccccc3Sc3ccc(Cl)cc32)CC1,3.6
7164,CHEMBL138649,O=c1cc(-c2ccccc2)oc2ccc(O)cc12,3.6
7173,CHEMBL1807826,O=c1[nH]c2c(O)ccc([C@@H](O)CNCCSCCCNCCc3cccc(C(F)(F)F)c3)c2s1,1.21
7174,CHEMBL1000,O=C(O)COCCN1CCN(C(c2ccccc2)c2ccc(Cl)cc2)CC1,1.27
7175,CHEMBL284275,COc1ccc(Cc2c(N)n[nH]c2N)cc1,0.2
7176,CHEMBL347164,COc1ccc(-c2nc(N3CCOCC3)nc(O)c2C#N)cc1,0.2
7188,CHEMBL1778621,CS(=O)(=O)c1ccc(-c2cc(C(F)(F)F)ccc2OCC(=O)O)cc1,-0.87
7189,CHEMBL174107,CSc1ccc(N2C(N)=NC(N)=NC2(C)C)cc1,-0.84
7190,CHEMBL1778627,CN(c1ccc(-c2cc(C(F)(F)F)ccc2OCC(=O)O)cc1)S(C)(=O)=O,-0.81
7191,CHEMBL5315124,C[C@H]1COc2c(N3CCN(C)CC3)c(F)cc3c(=O)c(C(=O)O)cn1c23.C[C@H]1COc2c(N3CCN(C)CC3)c(F)cc3c(=O)c(C(=O)O)cn1c23.O,-0.35
7192,CHEMBL40999,N=C(N)Nc1ccc(Cl)c(Cl)c1,-0.31
7193,CHEMBL2179270,Cc1cn([C@H]2CCCN([C@@H](C)c3ccc(C(=O)O)c(Oc4cccc(Cl)c4)c3)C2)c(=O)[nH]c1=O,-0.26
7194,CHEMBL1778636,N#Cc1cccc(-c2cc(Cl)ccc2OCC(=O)O)c1,-0.25
7195,CHEMBL118755,O=c1[nH]n(Cc2ccncc2)c(=O)c2c(=O)c3ccc(Cl)cc3[nH]c12,-0.16
7196,CHEMBL1778617,O=C(O)COc1ccc(-c2nccs2)cc1-c1ccccc1,-0.16
7197,CHEMBL309222,Cc1cccc(Br)c1C(=O)N[C@@H](Cc1ccc(NC(=O)c2c(Cl)cccc2Cl)cc1)C(=O)O,-0.13
7198,CHEMBL157063,O=C(Nc1ccccc1)Nc1ccccc1C(=O)O,-0.12
7199,CHEMBL152676,Cn1cc(C(=O)CCCCOc2ccc(C(=O)O)cc2)cc1C=O,0.14
7200,CHEMBL1778616,O=C(O)COc1ccc(Br)cc1-c1ccccc1,0.15
7208,CHEMBL273449,CC(C)C(NC(=O)Cn1c(-c2ccccc2)ncc(NC(=O)OCC(F)(F)F)c1=O)C(=O)C(F)(F)F,2.37
7210,CHEMBL1709618,COc1ccc(C(CNC(=O)Nc2ccccc2)N2CCN(C)CC2)cc1,1.5
7211,CHEMBL1625198,Clc1ccc(C2=CSC3=NCCN23)cc1Cl,1.54
7212,CHEMBL235392,O=C(NCC12CC3CC(CC(C3)C1)C2)c1cc(CN2CC3CNCC(C2)O3)ccc1Cl,1.55
7213,CHEMBL102047,CN(C)CC(O)COc1ccc(Nc2nccc(Nc3ccccc3)n2)cc1,1.58
7214,CHEMBL2062578,N#Cc1cnn2c(NC3CC3)cc(-n3ccc4ccc(CO)cc43)nc12,3.09
7215,CHEMBL2178945,Cc1nc(C)c(-c2ccc([C@H]3CC[C@@H](CC(=O)O)CC3)c(F)c2)nc1C(N)=O,1.2
7218,CHEMBL459353,COc1ccc(N(C(=O)c2occc2CO)C(C(=O)NC[C@@H](C)O)c2ccccc2F)c(OC)c1,1.37
7229,CHEMBL2010844,CN(C(=O)Cc1ccc(-n2cnnn2)cc1)[C@H]1CCN(Cc2ccc(C(F)(F)F)cc2)C[C@H]1F,3.3
7230,CHEMBL2017459,CCN(C(=O)c1ccc(-c2ccc(Cl)cc2)o1)c1ccc(N2CCNCC2)cc1,3.3
7238,CHEMBL2011923,CNc1c(C(N)=O)cnc2[nH]c(-c3ccc(OCCN4CCOCC4)cc3)nc12,2.14
7239,CHEMBL100675,Cc1ccc(Cl)c(Nc2cc(Nc3ccc(OCC(O)CN(C)C)cc3)ncn2)c1,2.16
7240,CHEMBL2158823,O=C(O)c1cccc(N2CCC(CN3CCC(Oc4ccc(Cl)c(Cl)c4)CC3)CC2)c1,2.17
7241,CHEMBL2158771,N#Cc1ccc(C[C@@H](C(=O)O)N2CCC(CN3CCC(Oc4ccc(Cl)c(Cl)c4)CC3)CC2)cc1,2.17
7245,CHEMBL519301,Cc1ccc(-c2ccc(S(=O)(=O)N3CCC[C@H]3C(=O)N3CC[C@@H](N)C3)cc2F)o1,1.2
7246,CHEMBL186665,Cc1ccc(NC(=O)c2ccnc(N3CCOCC3)c2)cc1Nc1ccnc(OCCCN(C)C)n1,1.3
7247,CHEMBL2078873,NC(=O)Nc1cc(-c2cccc(F)c2F)sc1C(=O)N[C@H]1CCCNC1,1.32
7248,CHEMBL831,CN1CCN(C2=Nc3ccccc3Oc3ccc(Cl)cc32)CC1,3.24
7260,CHEMBL360227,CCN(CC)CCN1C(=O)[C@@](O)(c2ccccc2Cl)c2c1cc(C(N)=O)cc2C(F)(F)F,2.4
7280,CHEMBL2152076,Nc1nc(Nc2ccc3nc(-c4ccc(F)cc4)cc(N)c3c2)cc(-c2cccc(Cl)c2)n1,2.5
7284,CHEMBL2031225,COc1cccc(C(=O)Nc2ccc(C)c(-n3cnc4ccc(N5CCN(C)CC5)cc4c3=O)c2)c1,3.08
7287,CHEMBL625,c1ccc2[nH]c(-c3cscn3)nc2c1,2.35
7297,CHEMBL637,COc1ccc(C(CN(C)C)C2(O)CCCCC2)cc1,0.99
7298,CHEMBL197536,O=c1cc(N2CCOCC2)oc2cc(O)ccc12,1.0
7308,CHEMBL1481866,NC(=O)c1ccc(Oc2cccc3cccnc23)c([N+](=O)[O-])c1,1.7
7309,CHEMBL2325719,Cc1ccc2[nH]ccc2c1-c1nc(N2CCOCC2)cc(C2(S(C)(=O)=O)CC2)n1,1.7
7312,CHEMBL2171041,CN(C)c1ccccc1S(=O)(=O)NC(=O)N1CCC(N2CCC(Oc3ccc(Cl)c(Cl)c3)CC2)CC1,1.74
7333,CHEMBL1762178,CC(=O)Nc1cc(CN2C(=O)N(c3ccc(SC(F)(F)F)cc3)C(=O)C2(C)C)ccn1,2.93
7334,CHEMBL1762530,Cc1ccc(CO)cc1N(C)c1ccnc(Nc2cc(N3CCOCC3)cc(N3CCOCC3)c2)n1,2.94
7335,CHEMBL1458496,O=C(c1cccc(Cl)c1Cl)N1CCN(c2ccccn2)CC1,2.98
7336,CHEMBL605785,COC1(c2ccc(NC(=O)c3cc(=O)c4cc(F)cc(-c5c(C)nn(C)c5C)c4o3)cn2)CCOCC1,2.98
7337,CHEMBL271012,C[C@H](CO)Nc1nc(SCc2ccccc2F)nc2[nH]c(=O)sc12,3.0
7338,CHEMBL1669159,CC(C)Oc1cc(-c2cccc3c(=O)cc(N4CCOCC4)oc23)ccc1NC(=O)CN1CCOCC1,3.0
7339,CHEMBL370492,CCc1nc2cc(O)ccc2c(Oc2ccc(/C=C/C(=O)O)cc2)c1-c1ccccc1,3.0
7340,CHEMBL113905,CC(C)C(NC(=O)Cn1c(-c2ccccc2)ccc(NC(=O)OCc2ccccn2)c1=O)C(=O)C(F)(F)F,1.91
7341,CHEMBL550496,O=C(O)CNCCNc1ccc(Cl)c(C(=O)NCC23CC4CC(CC(C4)C2)C3)c1,1.94
7349,CHEMBL2036731,O=C(Nc1ccc(N2CCOCC2)nc1)c1nnc(Nc2cccc(OCc3ccccn3)c2)o1,3.1
7352,CHEMBL595134,N#CC1=C2C(=NC1=O)c1cccc3c(N4CCSCC4)ccc2c13,3.22
7354,CHEMBL1916263,CCC(CC)NC(=O)c1cn(-c2ccccc2)nc1NS(=O)(=O)c1ccc(C)cc1,2.51
7355,CHEMBL1946028,O=C(c1ccc(C(=C2CCN(Cc3cscn3)CC2)c2cccc3cccnc23)cc1)N1CCC1,2.52
7356,CHEMBL2036754,O=C(Nc1ccc(Cl)c(Cl)c1)N1CCN(C[C@@H]2CCCN(CC3CC3)C2)CC1,2.54
7357,CHEMBL575073,COc1ccccc1-c1coc2cc(O)ccc2c1=O,2.55
7364,CHEMBL1643200,Cc1cc(CN2Cc3ccccc3C[C@H]2C(=O)Nc2ccc(Cl)cc2Cl)ccc1OCC(=O)O,2.41
7365,CHEMBL433282,O=C1C(=O)c2cc([N+](=O)[O-])ccc2-c2ccccc21,2.42
7366,CHEMBL1257578,Cc1ccc(CN2[C@@H]3CC[C@H]2C[C@H](Oc2cccc(C(N)=O)c2)C3)s1,2.44
7367,CHEMBL258282,CN1CCN(CCOc2n[nH]c3ncnc(Nc4ccc(OCc5ccccn5)c(Cl)c4)c23)CC1,2.45
7368,CHEMBL1704514,CC(C(=O)N1CCc2ccccc2C1)N1C(=O)c2ccccc2C1=O,2.47
7369,CHEMBL2011906,CNc1c(Br)cnc2[nH]c(-c3ccc(O)cc3)nc12,2.47
7370,CHEMBL1950720,CN[C@@H](C)C(=O)N[C@H](C(=O)N1CC[C@H]2CCN(CCc3ccccc3)C[C@H]21)C1CCCCC1,2.47
7371,CHEMBL403877,C[C@H](CO)Nc1nc(SCc2cccc(F)c2F)nc2[nH]c(=O)c(=O)[nH]c12,2.48
7372,CHEMBL2012863,Nc1cc2n[nH]c(=O)n2c2cc(-c3ccco3)ccc12,2.48
7373,CHEMBL517534,O=C(Nc1nccs1)[C@H](CC1CCOCC1)c1ccc(S(=O)(=O)C2CC2)cc1,2.55
7374,CHEMBL1289114,O=C(COCc1ccncc1)N1CCN(c2ccc(Cl)cc2F)CC1,2.55
7375,CHEMBL2062572,CC(=O)Nc1ccc2ccn(-c3cc(NCCCCO)n4ncc(C#N)c4n3)c2c1,2.58
7376,CHEMBL2158816,O=C(O)C(c1ccccc1)N1CCCC(CN2CCC(Oc3ccc(Cl)c(Cl)c3)CC2)C1,2.6
7379,CHEMBL550777,NC1CCN(c2nccc(C(=O)NCC34CC5CC(CC(C5)C3)C4)c2Cl)CC1,1.19
7380,CHEMBL89363,Cc1c[nH]c(/C=C2\C(=O)Nc3ccccc32)c1CCC(=O)O,1.2
7381,CHEMBL2325988,CC(NC(=O)C1(N)CCN(c2ncnc3[nH]ccc23)CC1)c1cccnc1,1.2
7383,CHEMBL1178725,CC(C)Oc1cccc(CC(=O)N2CCC[C@](CC[N+]34CCC(c5ccccc5)(CC3)CC4)(c3ccc(Cl)c(Cl)c3)C2)c1,1.23
7384,CHEMBL1934426,Cc1nn(C2CCOCC2)c(NS(=O)(=O)c2ccc(C3CC3)cc2)c1C(=O)N[C@@H](C)C(C)(C)C,1.23
7392,CHEMBL31,COc1c(N2CCNC(C)C2)c(F)cc2c(=O)c(C(=O)O)cn(C3CC3)c12,-0.82
7393,CHEMBL93484,CC1N=C(N)N=C(N)N1c1ccc(Cl)cc1,-0.8
7394,CHEMBL1895117,Cc1cnc(NS(=O)(=O)c2ccccc2)c(C)n1,-0.03
7398,CHEMBL191083,CN(C)c1ccc2nc3ccc(=[N+](C)C)cc-3sc2c1,-0.88
7399,CHEMBL2179269,Cc1cn([C@H]2CCCN([C@H](C)c3ccc(C(=O)O)c(Oc4cccc(Cl)c4)c3)C2)c(=O)[nH]c1=O,-0.3
7400,CHEMBL2207596,COc1cc(O)c(S(=O)(=O)N2c3ccccc3CCC2C)cc1NC(=O)CCC(=O)O,-0.27
7401,CHEMBL1255840,CC1(C)CCC(NC(=O)[C@@H](N)CCC(=O)O)CC1,-0.27
7402,CHEMBL571,CC(C(=O)O)c1cccc(C(=O)c2ccccc2)c1,-0.12
7403,CHEMBL517712,CN1[C@@H]2CC[C@H]1C[C@@H](OC(=O)C(CO)c1ccccc1)C2,-0.09
7404,CHEMBL1223817,CN(C)C(=O)N[C@H]1CC[C@H](CN2[C@@H]3CC[C@H]2C[C@@H](Oc2cccc(C(N)=O)c2)C3)CC1,-0.07
7405,CHEMBL153064,CC(=O)c1cc2ccc(O)cc2oc1=O,0.87
7406,CHEMBL17,NS(=O)(=O)c1cc(Cl)c(Cl)c(S(N)(=O)=O)c1,0.92
7407,CHEMBL63323,O=C(O)c1cccnc1Nc1cccc(C(F)(F)F)c1,1.0
7408,CHEMBL1170522,O=C(Nc1ccccc1)N1CCOCC1,1.0
7409,CHEMBL1689124,CCC[C@H]1CN(Cc2cc(Cl)ccc2OCC(=O)O)CCN1S(=O)(=O)c1ccccc1,1.02
7422,CHEMBL2086670,C[C@@H]1CN(C(=O)OC(C)(C)C)CCN1c1ncc(OCc2ccc(C#N)cc2)cn1,2.89
7423,CHEMBL1892375,O=C(Nc1ccccc1)c1cc(Cl)ccc1O,2.9
7425,CHEMBL1762549,COCCN(c1ccnc(Nc2cc(N3CCOCC3)cc(N3CCOCC3)c2)n1)c1cc(CO)ccc1C,2.8
7431,CHEMBL14293,CC(C)C(NC(=O)Cn1c(-c2ccccc2)cc2c(=O)n(CCN3CCOCC3)c(=O)[nH]c2c1=O)C(=O)C(F)(F)F,1.91
7437,CHEMBL1707308,O=C(Cn1cnc2ccccc21)c1ccc(Br)cc1,3.22
7438,CHEMBL395955,NC(=O)CN1C(=O)C(NC(=O)c2cc3cc(Cl)sc3[nH]2)Cc2ccccc21,3.22
7439,CHEMBL1483,CCCSc1ccc2[nH]c(NC(=O)OC)nc2c1,3.24
7440,CHEMBL468970,Clc1ccc2c(c1Nc1ccnc(Nc3cc(N4CCOCC4)cc(N4CCOCC4)c3)n1)OCO2,3.25
7441,CHEMBL1078983,COc1ccc(-c2ccc3c(N4CCOCC4)nc(N4C[C@@H](C)O[C@@H](C)C4)nc3n2)cc1CO,3.25
7442,CHEMBL1607077,O=C(NCc1ccncc1)c1ccc(Oc2ccccc2)cc1,3.26
7443,CHEMBL723,COc1ccccc1OCCNCC(O)COc1cccc2[nH]c3ccccc3c12,3.27
7444,CHEMBL298700,CCN(CC)C(=O)c1ccc2[nH]c(-c3cc(C)cc(C)c3)c(CCNCCCCc3ccncc3)c2c1,3.3
7453,CHEMBL1669156,COc1cc(-c2cccc3c(=O)cc(N4CCOCC4)oc23)ccc1NC(=O)CN1CCOCC1,2.3
7454,CHEMBL1809058,COc1cc(N2CC3CNCC(C2)O3)ccc1Nc1ncc(Cl)c(-c2cnc3ccccn23)n1,2.3
7455,CHEMBL2086686,C[C@@H]1CN(C(=O)OC(C)(C)C#N)CCN1c1ncc(OCc2ccncc2C#N)cn1,2.3
7456,CHEMBL1829174,Cc1cc(OCCCS(C)(=O)=O)cc(C)c1-c1cccc(COc2ccc3c(c2)OC[C@H]3CC(=O)O)c1,2.3
7457,CHEMBL1796297,O=C(NCc1ccncc1)c1ccc(Oc2ccc(C#C[C@@]3(O)CN4CCC3CC4)cc2)cc1,2.31
7458,CHEMBL1541257,c1cc2c(cc1-c1cnc3n1CCC3)OCCO2,2.33
7459,CHEMBL646,Cc1nnc2n1-c1ccc(Cl)cc1C(c1ccccc1Cl)=NC2,2.34
7460,CHEMBL224615,CN(C)c1ccnc2sc3c(=O)n(-c4ccccc4)cnc3c12,2.34
7461,CHEMBL516,CN1CCC(=C2c3ccccc3C=Cc3ccccc32)CC1,3.06
7462,CHEMBL1418939,COc1cnc(-c2ccccn2)nc1Oc1ccc(F)cc1F,3.1
7463,CHEMBL12610,CN(C)CCCOc1nn(Cc2ccccc2)c2ccccc12,2.4
7468,CHEMBL8663,C#CCN(C)C(C)Cc1ccccc1,2.16
7469,CHEMBL170,C=C[C@H]1CN2CC[C@H]1C[C@H]2[C@H](O)c1ccnc2ccc(OC)cc12,2.16
7470,CHEMBL1560812,Cc1ccc(S(=O)(=O)N2CCN(C(=O)c3ccco3)CC2)cc1,2.17
7471,CHEMBL1917418,Cc1ccc2c(c1)c(Sc1ccc(Cl)cc1)c(C)n2CC(=O)O,2.18
7472,CHEMBL81642,COc1cc(C(=O)NS(=O)(=O)c2ccccc2)ccc1Cn1ccc2ccc(NC(=O)OC3CCCC3)cc21,2.2
7473,CHEMBL1162395,COc1cc(O)ccc1/C=C1\CCCN=C1c1cccnc1,2.2
7474,CHEMBL2010853,CN(C(=O)Cc1ccc(S(C)(=O)=O)cc1)[C@@H]1CCN(Cc2nc3cc(F)ccc3s2)C[C@@H]1F,2.2
7475,CHEMBL1669155,CC1(COc2cc(-c3cccc4c(=O)cc(N5CCOCC5)oc34)ccc2NC(=O)CN2CCOCC2)COC1,2.2
7476,CHEMBL414017,Nc1nc(N)c2cc(NCc3ccc(Cl)c(Cl)c3)ccc2n1,2.22
7477,CHEMBL1778866,COc1cc(F)ccc1-c1cncc(CNC2CCC2)n1,2.23
7478,CHEMBL1113,Clc1ccc2c(c1)C(N1CCNCC1)=Nc1ccccc1O2,2.28
7498,CHEMBL2048864,O=C1NC(=O)/C(=C/c2cccc(Cl)c2N2CCNCC2)S1,0.68
7499,CHEMBL1796300,O=C(NCc1ccncn1)c1ccc(Oc2ccc(CCC3(O)CN4CCC3CC4)cc2)cc1,0.76
7500,CHEMBL1689130,C[C@H]1CN(Cc2cc(Cl)ccc2OCC(=O)O)CCN1C(=O)Cc1cccc(Cl)c1,0.78
7501,CHEMBL2036737,CC(C)(C(=O)Nc1nnc(C(=O)Nc2ccc(N3CCOCC3)cc2)o1)c1ccc(Cl)cc1,2.96
7502,CHEMBL2151324,CC(C)Oc1cc(Nc2nc3c(cc2F)ncn3[C@@H](CO)c2ccc(F)cn2)n[nH]1,2.97
7509,CHEMBL1559730,Cc1cc(C)c2c(n1)sc1c(N3CCN(C)CC3)ncnc12,3.2
7510,CHEMBL1809062,COc1cc(N2CCN(CCO)CC2)ccc1Nc1ncc(Cl)c(-c2cnc3ccccn23)n1,3.2
7511,CHEMBL2086654,CC(C)(C)OC(=O)N1CCN(c2ccc(OCc3ccc(S(C)(=O)=O)cc3)cn2)CC1,3.2
7526,CHEMBL2165057,COc1ccc2ncc(=O)n(CCN3CC[C@@H](NCc4ccc5c(n4)NC(=O)CO5)[C@@H](OC)C3)c2c1,0.51
7527,CHEMBL463978,Cc1c(Cl)cccc1S(=O)(=O)Nc1nc(CC(=O)N2CCN(C)CC2)cs1,0.57
7528,CHEMBL146855,Cc1cccc(C)c1OC[C@H](C)N,0.6
7529,CHEMBL49739,NC(=O)COc1ccc(OCCNCC(O)COc2ccccc2)cc1,0.63
7545,CHEMBL384684,C[C@H](NC1=NC(=O)[C@](C)(C(F)(F)F)S1)c1ccccc1F,3.1
7546,CHEMBL1824371,O=C(Nc1cccc(O)c1)c1ccc(OCCCN2CCCC2)cc1OCc1cccc(F)c1,3.15
7547,CHEMBL1652588,C#CCn1c(=O)c2c(-c3cncn3C)n(Cc3ccnc4ccc(Cl)cc34)nc2n(CC2CC2)c1=O,3.16
7550,CHEMBL191003,Nc1nc(Nc2ccc(S(N)(=O)=O)cc2)nn1C(=O)c1c(F)cccc1F,1.87
7551,CHEMBL2,COc1cc2nc(N3CCN(C(=O)c4ccco4)CC3)nc(N)c2cc1OC,1.9
7558,CHEMBL110147,O=S(=O)(CCCNCCc1ccc(O)c2nc(O)sc12)NCCOCCSc1ccccc1,1.84
7559,CHEMBL2062576,CC(=O)Nc1ccc2ccn(-c3cc(NCCCN4CCCC4)n4ncc(C#N)c4n3)c2c1,1.87
7561,CHEMBL2088091,Cc1cc(CNc2ncc(Br)c(Nc3cc(C)[nH]n3)n2)on1,2.92
7562,CHEMBL2031224,COc1ccccc1C(=O)Nc1ccc(C)c(-n2cnc3ccc(N4CCN(C)CC4)cc3c2=O)c1,2.93
7563,CHEMBL1477036,CCCCC(CC)COC(=O)CC(C(=O)OCC(CC)CCCC)S(=O)(=O)O,2.93
7564,CHEMBL315985,NC(=O)N1c2ccccc2C[C@H](O)c2ccccc21,0.79
7565,CHEMBL2177610,CCCSc1c(C(=O)NC2CCCCC2)cnn1C,2.99
7566,CHEMBL521809,O=C(c1cccc(Cc2n[nH]c(=O)c3ccccc23)c1)N1CCN(c2ncccn2)CC1,2.13
7567,CHEMBL2035028,NC1(c2ccc(-c3ncc4ncccc4c3-c3ccccc3)cc2)CCC1,2.0
7568,CHEMBL1369722,Oc1ncnc2scc(-c3ccccc3)c12,2.07
7569,CHEMBL273575,CN1Cc2c(N)cccc2C(c2ccccc2)C1,2.08
7570,CHEMBL1502567,O=c1c2ccccc2nc2ccccn12,2.1
7571,CHEMBL2031237,Cc1ccc(NC(=O)c2cncs2)cc1-n1cnc2ccc(N3CCN(C)CC3)cc2c1=O,2.11
7576,CHEMBL587004,CN1CCN(c2nc(NCCNc3ccc([N+](=O)[O-])cc3)c3ccccc3n2)CC1,2.91
7577,CHEMBL31741,O=c1[nH]c2cc(Cl)ccc2c(O)c1-c1cccc(Oc2ccccc2)c1,2.96
7579,CHEMBL13486,O=c1c(-c2ccc(O)c(O)c2)coc2cc(O)ccc12,1.88
7596,CHEMBL1423809,CC(=O)Nc1ccc(S(=O)(=O)Nc2ccc(Cc3ccncc3)cc2)cc1,2.8
7600,CHEMBL1233,CCCC(C)(COC(N)=O)COC(=O)NC(C)C,2.01
7601,CHEMBL2030402,O=c1[nH]c([C@@H]2CCCN2)nc2c1oc1ccc(Cl)cc12,2.01
7605,CHEMBL2036777,CC(C)N1CCN[C@@H](CN2CCN(C(=O)Nc3ccc(Cl)c(Cl)c3)CC2)C1,1.92
7606,CHEMBL2035021,NC1(c2ccc(-c3nc4ccccn4c3-c3ccccc3)cc2)CCC1,2.8
7612,CHEMBL456446,c1ccc(CNc2nc3ccccc3[nH]2)cc1,2.76
7613,CHEMBL1946019,CCN(C)C(=O)c1ccc(C(=C2CCN(Cc3ccc(F)cc3)CC2)c2ccccc2NC(C)=O)cc1,2.79
7614,CHEMBL1458292,CCCCCc1ccc(-c2nnc(N)s2)cc1,4.13
7615,CHEMBL1302851,CC(C)(C)NC(=O)C(c1ccncc1)N(Cc1ccco1)C(=O)c1ccc(-c2ccccc2)[nH]1,4.13
7616,CHEMBL1343875,CC(C(=O)Nc1ccc(Cl)cc1)c1ncc(C(F)(F)F)cc1Cl,4.19
7619,CHEMBL2035023,NC1(c2ccc(-c3nn4ccc(=O)nc4cc3-c3ccccc3)cc2)CCC1,0.2
7620,CHEMBL1373079,COc1ccc(-c2cc(=O)c3ccccc3[nH]2)cc1,2.71
7622,CHEMBL1917443,Cc1ccc2c(c1)c(Sc1ccc(S(C)(=O)=O)cc1)c(C)n2CC(=O)O,-0.08
7626,CHEMBL235581,O=C(NCC12CC3CC(CC(C3)C1)C2)c1cc(CC2CCNCC2)ccc1Cl,1.49
7627,CHEMBL1940306,CS(=O)(=O)c1ccc(Oc2ccc(C#C[C@]3(O)CN4CCC3CC4)cc2)cc1,1.51
7628,CHEMBL2171046,Cc1ccc(S(=O)(=O)NC(=O)N2CCC(N3CCC(Oc4ccc(Cl)cc4Cl)CC3)CC2)cc1,1.52
7629,CHEMBL1916267,CCC(CC)NC(=O)c1cnn(Cc2ccccc2)c1NS(=O)(=O)c1ccc(C)cc1,1.52
7630,CHEMBL1824363,O=C(Nc1cccc(O)c1)c1ccc(OCCCN2CCCC2)cc1OCc1ccccc1,3.07
7631,CHEMBL2158783,Cc1c(Cl)ccc(OC2CCN(CC3CCN([C@@H](Cc4ccc(F)cc4)C(=O)O)CC3)CC2)c1Cl,3.15
7632,CHEMBL1682945,CC[C@H](NC(=O)c1c(CC[S+](C)[O-])c(-c2ccccc2)nc2ccccc12)c1ccccc1,3.15
7637,CHEMBL1950730,CN[C@@H](C)C(=O)N[C@H](C(=O)N[C@H]1CCCN(C(=O)Cc2ccccc2)C1)C1CCCCC1,1.32
7642,CHEMBL392559,O=C(NCC12CC3CC(CC(C3)C1)C2)c1cc(CN2C[C@@H]3C[C@H]2CN3)ccc1Cl,1.45
7651,CHEMBL1164184,O=C(Nc1ncc(F)s1)C(CC1CCOCC1)c1ccc(S(=O)(=O)C2CC2)cc1,3.3
7652,CHEMBL1927251,Nc1n[nH]c2ncc3c(c12)CCCCCC3,2.54
7653,CHEMBL149444,COc1ccc(S(=O)(=O)Nc2ccc(/C=C/C(=O)Nc3ccccc3N)cc2)cc1OC,2.56
7654,CHEMBL570135,Cc1cc(=O)[nH]c2sc(C(=O)c3ccc(Br)cc3)c(N)c12,2.57
7655,CHEMBL99948,Cc1ccc(Cl)c(Nc2ccnc(Nc3ccc(OCC(O)CN(C)C)cc3)n2)c1,2.6
7673,CHEMBL1946615,O=C(c1ccc(C(=C2CCN(Cc3cscn3)CC2)c2cccc3cccnc23)cc1)N1CCOCC1,2.12
7674,CHEMBL2158821,O=C(O)[C@@H](c1ccccc1)N1CCC(CN2CCC(Oc3ccc(Cl)c(Cl)c3)CC2)CC1,2.14
7675,CHEMBL517859,CN1CCN(C(=O)c2cc(-c3ccccc3)sc2NC(N)=O)CC1,2.17
7677,CHEMBL2089276,Cc1ccc(-c2cccc(-c3nn[nH]n3)c2)cc1,1.3
7679,CHEMBL373351,CCc1nc2c(N)nc3ccccc3c2n1CC(C)(C)O,1.38
7680,CHEMBL387658,CC(C#Cc1ccccc1)n1[nH]c(=O)c2[nH]c3cc(Cl)ccc3c(=O)c2c1=O,1.4
7681,CHEMBL469230,Cn1cc(S(C)(=O)=O)cc1-c1c2c(=O)n(C)c(=O)n(CC3CC3)c2nn1Cc1ccnc2ccc(Cl)cc12,3.18
7688,CHEMBL2079220,NC(=O)Nc1cc(-c2ccccc2)sc1C(=O)N[C@H]1CCCNC1,1.04
7690,CHEMBL397162,CC1(c2ccc(Cl)c(Cl)c2)CC(=O)NC(N)=N1,1.59
7691,CHEMBL104298,Oc1nc2cc(Cl)cc(Cl)c2c(O)c1-c1ccccc1,1.6
7692,CHEMBL1957381,Cc1cc(-c2ccc(-c3nc4ccncc4c(O)c3C#N)cc2)ccn1,1.6
7693,CHEMBL205742,CC(C)Cn1c(=O)n(C)c(=O)c2c(C(=O)N3CC[C@@H](O)C3)c(Cc3ccnc4ccccc34)sc21,1.65
7694,CHEMBL1689133,C[C@H](Oc1ccc(Cl)cc1CN1CCN(C(=O)Cc2ccc(Cl)cc2)[C@@H](C)C1)C(=O)O,1.66
7695,CHEMBL1181881,O=C(N[C@@H]1CN2CCC1CC2)c1ccc(-c2ccccc2)s1,1.77
7699,CHEMBL1946024,CCN(CC)C(=O)c1ccc(C(=C2CCN(Cc3ccc(F)cc3)CC2)c2ccc(NC(=O)OC)cc2)cc1,4.01
7700,CHEMBL2087844,Cn1ncnc1-c1c2c(=O)n(C)c(=O)n(CC3CC3)c2nn1Cc1ccnc2ccc(Cl)cc12,3.8
7705,CHEMBL1201373,CC[C@H](C)C(=O)O[C@H]1C[C@@H](C)C=C2C=C[C@H](C)[C@H](CC[C@@H](O)C[C@@H](O)CC(=O)O)[C@H]21,1.07
7706,CHEMBL206956,NC(=O)c1cc2ccccc2nc1N,1.07
7707,CHEMBL227198,CN(C)C(=O)Nc1ccc(Cn2[nH]c(=O)c3[nH]c4cc(Cl)ccc4c(=O)c3c2=O)cc1,1.1
7708,CHEMBL2177608,CC1(c2c(C(=O)NC3C4CC5CC(C4)CC3C5)cnn2-c2ccc(C(=O)O)cc2)CC1,1.11
7709,CHEMBL1689137,C[C@H]1CN(Cc2cc(Cl)ccc2CC(=O)O)CCN1S(=O)(=O)Cc1ccccc1,1.12
7710,CHEMBL112924,CC(C)C(NC(=O)Cn1c(-c2ccccc2)ccc(NC(=O)NCc2cc[n+]([O-])cc2)c1=O)C(=O)C(F)(F)F,1.13
7711,CHEMBL1431859,NC(=O)c1cccnc1Oc1ccccc1,1.13
7712,CHEMBL294209,O=S(=O)(Nc1nccs1)c1cc(Cl)ccc1Cl,1.14
7720,CHEMBL1087398,C[C@H](Nc1nc(Nc2ncc(C#N)s2)cc(N2CCOCC2)n1)c1ccc(F)cn1,3.45
7721,CHEMBL130902,COc1c(C#N)cc2ccccc2c1C(=O)N(C)C[C@@H](CCN1CCC(c2ccc(O)cc2[S+](C)[O-])CC1)c1ccc(Cl)c(Cl)c1,3.5
7722,CHEMBL2171020,O=C(c1c[nH]c(=O)c2ccccc12)N1CCC(N2CCC(Oc3ccc(Cl)c(Cl)c3)CC2)CC1,3.51
7723,CHEMBL1682949,CC[C@H](NC(=O)c1c([S+](C)[O-])c(-c2cccs2)nc2ccccc12)c1ccccc1,3.56
7724,CHEMBL314566,Oc1cc(Cl)cc(Cl)c1,3.58
7733,CHEMBL1682833,CS(=O)(=O)N1CCOc2cc(COc3ccccc3)cnc21,2.4
7734,CHEMBL1951904,CCN(C(=O)Cc1ccc(S(C)(=O)=O)cc1)C1CCN(CCC(c2ccccc2)C2CCN(Cc3ccccc3)CC2)CC1,2.41
7735,CHEMBL211265,Nc1nc(N)c(-c2ccc(NC(=O)C3CC3)cc2)c(COCc2ccccc2)n1,2.46
7736,CHEMBL1800660,CCCCN(CCNC[C@H](O)c1ccc(O)c2[nH]c(=O)sc12)C(=O)CCOCCc1ccccc1,2.51
7739,CHEMBL371888,COc1cc2ncnc(Nc3ccc(OCc4ccccn4)c(C)c3)c2cc1OC,3.6
7741,CHEMBL1454,c1ccc([C@H]2CN3CCSC3=N2)cc1,0.81
7751,CHEMBL2208428,CS(=O)(=O)c1ccccc1C(=O)NC[C@@H](O)CN1CCC(Oc2ccc(Cl)c(Cl)c2)CC1,2.34
7752,CHEMBL1430414,Fc1cc2[nH]cnc2cc1Cl,2.35
7753,CHEMBL1652621,Cc1c(CN(C)C(=O)/C=C/c2cnc3c(c2)CCC(=O)N3)oc2ccccc12,2.36
7758,CHEMBL1927707,O=C(CCc1ccccc1O)Nc1ccccc1,2.71
7759,CHEMBL73151,CCN(CC)C(=O)N[C@H]1C[C@@H]2c3cccc4[nH]cc(c34)C[C@H]2N(C)C1,2.73
7760,CHEMBL119385,O=c1ncn2nc(Sc3ccc(F)cc3F)ccc2c1-c1c(Cl)cccc1Cl,2.74
7761,CHEMBL2164677,N#CCNC(=O)[C@@H]1CCCC[C@H]1C(=O)N1CCc2[nH]c3ccc(F)cc3c2C1,2.77
7762,CHEMBL2023801,CCc1[nH]nc(NC(=O)Cc2ncc(Oc3ccnc4cc(OC)c(OC)cc34)cc2OC)c1C,2.79
7763,CHEMBL1300982,COc1ccc(-c2coc3cc(O)cc(O)c3c2=O)cc1OC,2.8
7764,CHEMBL380979,O=[N+]([O-])c1ccc2[nH]c(-c3ccccn3)nc2c1,2.8
7766,CHEMBL1373,NC(=O)C[S+]([O-])C(c1ccccc1)c1ccccc1,1.12
7768,CHEMBL274056,O=C1C=CC(=O)c2c(O)ccc(O)c21,1.91
7769,CHEMBL565079,Cc1cccc(C[C@H](NC(=O)c2cc(C(C)(C)C)nn2C)C(=O)NCC#N)c1,3.1
7770,CHEMBL2207664,Cc1c(Cl)ccc(OC2CCN(C[C@H](O)CNC(=O)c3c[nH]c(=O)cc3C(F)(F)F)CC2)c1Cl,3.14
7786,CHEMBL103,CC(=O)[C@H]1CC[C@H]2[C@@H]3CCC4=CC(=O)CC[C@]4(C)[C@H]3CC[C@]12C,3.94
7787,CHEMBL1524929,COc1ccccc1C(=O)Nc1nc2ccccc2s1,3.61
7788,CHEMBL1809194,COc1cc(N2CCN(C(C)=O)CC2)ccc1Nc1ncc(Br)c(-c2cnc3ccccn23)n1,3.7
7789,CHEMBL1852688,CCN1CCN(c2ccc(Nc3cc(N(C)C(=O)Nc4c(Cl)c(OC)cc(OC)c4Cl)ncn3)cc2)CC1,3.7
7794,CHEMBL2208437,CS(=O)(=O)c1ccccc1C(=O)NCC(O)CNC1CCN(Cc2ccc(Cl)c(Cl)c2)CC1,1.21
7796,CHEMBL1442709,O=c1c2cnn(-c3ccccc3)c2nc(-c2ccco2)n1-c1ccccc1,3.29
7799,CHEMBL2029359,CS(=O)(=O)Cc1cc(N2CCOCC2)nc(-c2cnc3[nH]ccc3c2)n1,1.92
7800,CHEMBL1957377,N#Cc1c(-c2ccc(-c3ccccc3CN3CCOCC3)cc2)nc2ccncc2c1O,2.0
7813,CHEMBL855,Cc1ccc(/C(=C\CN2CCCC2)c2ccccn2)cc1,1.88
7819,CHEMBL1703687,O=C(c1ccc(F)cc1)C1CCN(C(=S)Nc2ccc(F)cc2)CC1,3.4
7823,CHEMBL33227,COC(=O)[C@H](Cc1ccc([N+](=O)[O-])cc1)NC(=O)c1cccc2ccccc12,3.58
7824,CHEMBL550637,Cc1ccc(C(=O)N2CC3CNCC(C2)O3)cc1NC(=O)CC12CC3CC(CC(C3)C1)C2,2.12
7825,CHEMBL2325986,CC(NC(=O)C1(N)CCN(c2ncnc3[nH]ccc23)CC1)c1ccccc1,2.17
7826,CHEMBL282625,N=C(N)c1cc2c(/C=C/c3ccc4c(c3)OCO4)cccc2s1,2.2
7827,CHEMBL50608,Nc1cc(-c2ccccc2)nc2ccccc12,2.2
7828,CHEMBL1807832,O=c1[nH]c2c(O)ccc([C@@H](O)CNCCOCCCNCCc3cccc(Cl)c3)c2s1,0.83
7829,CHEMBL2030449,CS(=O)(=O)Cc1cc(N2CCOCC2)nc(-c2ccc(NS(C)(=O)=O)cc2)n1,0.85
7830,CHEMBL1897032,OC(CN1CCOCC1)c1ccccc1,1.0
7838,CHEMBL486504,COc1cc2c(c(OC)c1OC)-c1ccc(O)cc1[C@@H](NC(C)=O)CC2,1.81
7839,CHEMBL1934415,Cc1ccc(S(=O)(=O)Nc2c(C(=O)N[C@@H](C)C(C)(C)C)c(C)nn2C2CCCCC2)cc1,1.97
7840,CHEMBL1683033,CCOc1cc2nnc(C(N)=O)c(Nc3cccc(Cl)c3F)c2cc1N1CCN(C)CC1,1.99
7841,CHEMBL1940296,CNC(=O)c1ccc(Oc2ccc(C#C[C@]3(O)CN4CCC3CC4)cc2)cc1,1.99
7842,CHEMBL226804,CC(c1cc2ccccc2o1)n1[nH]c(=O)c2[nH]c3cc(Cl)ccc3c(=O)c2c1=O,2.1
7843,CHEMBL551170,O=C(NCC12CC3CC(CC(C3)C1)C2)c1cc(-n2ncc(=O)[nH]c2=O)ccc1Cl,2.1
7844,CHEMBL455467,Cc1ncc(-c2ccnc(Nc3ccc(C(=O)N4CCN(C)CC4)cc3)n2)n1C(C)C,2.1
7856,CHEMBL1732699,FC(F)(F)c1nnc2ccc(N3CCCCC3)nn12,3.0
7864,CHEMBL1479463,COc1cc(O)cc2occ(-c3ccc(O)cc3)c(=O)c12,2.0
7865,CHEMBL237888,Cn1c(N)nc(CCc2ccccc2)cc1=O,2.0
7876,CHEMBL1223528,Cc1cc2n[nH]c(=O)n2c2cc(-c3cn[nH]c3)ccc12,2.13
7877,CHEMBL1672434,C[C@H]1C[C@@H](NS(=O)(=O)c2cc(Br)ccc2Br)CN1C#N,2.13
7878,CHEMBL1356763,Cc1nc2nc(NC(=O)c3ccc(F)cc3)nn2c(O)c1Cc1ccccc1,2.2
7879,CHEMBL1311211,N#Cc1cnn(-c2ccccc2)c1NC(=O)CN1CCN(c2ccccc2)CC1,2.3
7880,CHEMBL2012861,Nc1cc2n[nH]c(=O)n2c2cc(-c3ccc[nH]3)ccc12,2.3
7881,CHEMBL1308362,Cc1ccc2cc(C)c3nnc(SCC(=O)N4CCN(C(=O)c5ccco5)CC4)n3c2c1,2.3
7882,CHEMBL447426,CC(C)[C@@H](CO)NS(=O)(=O)c1ccc(Cl)s1,2.3
7883,CHEMBL2152918,CO[C@H]1CC[C@]2(CC1)Cc1ccc(-c3cncc(Br)c3)cc1C21N=C(C)C(N)=N1,3.4
7884,CHEMBL1868114,COCCNc1nc(NCc2ccccc2F)c2sccc2n1,3.4
7885,CHEMBL2086690,CC(C)c1nc(N2CCN(c3ncc(OCc4ccncc4C#N)cn3)[C@H](C)C2)no1,3.3
7886,CHEMBL1209655,O=S(=O)(NCC(c1ccccc1)N1CCCCCC1)c1cc(Cl)cc(Cl)c1,3.36
7887,CHEMBL1809201,COc1cc(N2CCN(C(C)=O)CC2)ccc1Nc1ncc(Cl)c(-c2cnc3c(N)cccn23)n1,3.4
7888,CHEMBL73243,COCCCNS(=O)(=O)c1ccc(Nc2nccc(-c3cnc4ccccn34)n2)cc1,3.41
7889,CHEMBL1702519,Cc1ccc(-c2nnc(O)c3ccccc23)c(C)c1,3.41
7890,CHEMBL1576801,Cc1ccc(C(=O)C2CCN(C(=O)c3ccc(C)cc3)CC2)cc1,3.43
7894,CHEMBL1082410,CNC(=O)c1ccc(N2C(=S)N(c3ccc(C#N)c(C(F)(F)F)c3)C(=O)C23CCC3)cc1F,3.3
7895,CHEMBL257269,C[C@H](CO)Nc1nc(SCc2cccc(F)c2F)nc2[nH]c(=O)ccc12,3.36
7896,CHEMBL2153175,CCCSc1ncccc1C(=O)N(C)C1CCCCC1,3.36
7903,CHEMBL2059195,O=C(O)/C=C/c1cccc(-c2cnc3[nH]ccc3c2)c1,0.58
7905,CHEMBL2110791,CCN(CC)CCCNCc1cc(Cl)c2cccnc2c1O,0.72
7906,CHEMBL365472,Cc1ccc(NC(=O)c2cccc(N(C)C)c2)cc1NC(=O)c1ccc(OC(C)C)cc1,3.1
7907,CHEMBL1610495,CNC(=O)c1cc(C(=O)c2ccc(Cl)cc2)c(Br)[nH]1,3.1
7912,CHEMBL1683689,CC(C)[C@@H]1N=C(c2ccccc2)c2ccccc2NC1=O,3.05
7913,CHEMBL2005730,COC(=O)c1ccc(NC(=O)c2cc(OC)c(OC)c(OC)c2)cc1,3.2
7914,CHEMBL74582,C=CCNS(=O)(=O)c1ccc(NC(=O)[C@@](C)(O)C(F)(F)F)c(Cl)c1,3.07
7915,CHEMBL1645105,COc1ccc(-c2ccc3nc(N)sc3c2)cn1,3.2
7916,CHEMBL407848,Cn1c(C#N)ccc1-c1cc(F)c2c(c1)C(C)(C)C(=O)N2,3.21
7917,CHEMBL1269858,CN(c1ccnc(Nc2cc(N3CCOCC3)cc(N3CCOCC3)c2)n1)c1cccc2[nH]ncc12,3.23
7918,CHEMBL1809202,COc1cc(N2CCN(C(C)=O)CC2)ccc1Nc1ncc(Cl)c(-c2cnc3c(CO)cccn23)n1,3.1
7919,CHEMBL445162,CS(=O)(=O)c1cccc(Nc2nccc(Nc3c(Cl)ccc4c3OCO4)n2)c1,3.13
7920,CHEMBL2011943,COc1ccc(-c2nc3c(NCCCNC(=O)C4CCCC4)c(C(N)=O)cnc3[nH]2)cc1,3.13
7921,CHEMBL2207661,O=C(NC[C@@H](O)CN1CCC(Oc2ccc(Cl)c(Cl)c2)CC1)c1c[nH]nc1C1CC1,3.15
7926,CHEMBL2147032,O=C1COC2(CCN(S(=O)(=O)c3ccc(-c4ccc5cccnc5c4)cc3)CC2)CN1C1CC1,3.24
7927,CHEMBL1612749,Cc1cc(NC(=O)c2ccc(Cl)cc2)n(-c2ccccc2)n1,3.25
7928,CHEMBL1080151,Cc1cnc(Nc2nc(N[C@@H](C)c3ncc(F)cn3)nc(N3CCOCC3)c2F)s1,3.27
7929,CHEMBL57758,COc1cc2ncnc(Nc3ccc(F)c(Cl)c3)c2cc1OCCN1CCCC1,3.28
7930,CHEMBL2208435,O=C(NC[C@@H](O)CN1CCC(Oc2ccc(Cl)c(Cl)c2)CC1)c1cnnc2ccccc12,3.28
7931,CHEMBL2011928,COc1ccc(-c2nc3c(NCCCNC(C)=O)c(Br)cnc3[nH]2)cc1,3.28
7932,CHEMBL291514,COc1cc2ncnc(Nc3ccc(F)c(Cl)c3)c2cc1OCCCN1CCCCC1,3.3
7933,CHEMBL1730860,Oc1ccc(-c2cnc3ccccc3n2)cc1,3.3
7936,CHEMBL109614,C[C@@H](COCCCS(=O)(=O)CCNCCc1ccc(O)c2nc(O)sc12)c1ccccc1,2.32
7938,CHEMBL209522,Nc1ncnc2c1nc(Sc1nc3cccc(Cl)c3s1)n2CCO,2.37
7939,CHEMBL139347,Nc1nc(N)nc(-c2cccc(C(F)(F)F)c2)n1,2.4
7940,CHEMBL2164688,COc1ccc2[nH]c3c(c2c1)CN(C(=O)[C@@H]1CCCC[C@H]1C(=O)NC1(C#N)CC1)CC3,2.4
7942,CHEMBL44793,O=C(/C=C/c1c(C(=O)O)[nH]c2cc(Cl)cc(Cl)c12)Nc1ccccc1,1.52
7943,CHEMBL1689136,C[C@H]1CN(Cc2cc(Cl)ccc2CCC(=O)O)CCN1C(=O)Cc1ccccc1,1.52
7946,CHEMBL393348,O=C(NCC12CC3CC(CC(C3)C1)C2)c1cc(C2CCNCC2)ccc1Cl,1.58
7947,CHEMBL56261,CC(C)CCCC(C)/N=c1\ccn(Cc2ccccc2)c2cc(Cl)ccc12,1.58
7948,CHEMBL1945035,O=c1[nH]c2c(O)ccc([C@@H](O)CNCCc3ccccc3CNCCc3ccccc3F)c2s1,1.58
7950,CHEMBL1184060,CC(C)CC(c1ccncc1)n1[nH]c(=O)c2nc3cc(Cl)ccc3c(O)c2c1=O,1.64
7951,CHEMBL340450,COc1ccc2c(c1)cc(C(=O)O)n2Cc1ccc(Cl)c(Cl)c1,1.66
7952,CHEMBL107955,CCOC(=O)N1CCN(C(=O)[C@H](Cc2cccc(C(=N)N)c2)NS(=O)(=O)c2c(C(C)C)cc(C(C)C)cc2C(C)C)CC1,1.67
7963,CHEMBL1951181,COc1cc(OC)c(S(=O)(=O)NCc2ccccc2N2CCC(CO)CC2)cc1NC(C)=O,1.03
7964,CHEMBL2165058,CO[C@H]1CN(CCn2c(=O)ccc3ccc(C#N)cc32)CC[C@@H]1NCc1cc2c(cn1)OCCO2,1.05
7965,CHEMBL520734,NC(=O)Nc1sc(-c2ccsc2)cc1C(=O)N[C@H]1CCCNC1,1.06
7966,CHEMBL1807821,O=c1[nH]c2c(O)ccc([C@@H](O)CNCCCOCCOCCc3ccccc3)c2s1,1.09
7967,CHEMBL1224138,NC(=O)c1cncc(O[C@H]2C[C@H]3CC[C@@H](C2)N3Cc2ccccc2)n1,1.1
7968,CHEMBL1779009,COc1cc(F)ccc1-c1cncc(C2CCCN2)c1,1.1
7977,CHEMBL1789155,N#Cc1ccc(Cl)cc1S[C@H](CCN)c1ccccc1,1.26
7978,CHEMBL2362258,O=[N+]([O-])c1ccc(C=NO)o1,1.31
7979,CHEMBL552513,O=C(Cc1ccc(F)c(C(F)(F)F)c1)Nc1cccc2c(=O)n([C@@H]3CNC[C@H]3O)ccc12,1.33
7980,CHEMBL2153187,CCCSc1nc(N2CCCCC2C(=O)O)ccc1C(=O)NC1CCCCC1,1.36
7981,CHEMBL211866,CCN(C(=O)Cc1ccc(S(C)(=O)=O)cc1)C1CCN(CC[C@@H](c2ccccc2)c2ccc(S(C)(=O)=O)cc2)CC1,1.38
7982,CHEMBL1778630,O=C(O)COc1ccc(C(F)(F)F)cc1-c1ccccc1-c1ccccc1,1.38
7983,CHEMBL2171036,COc1ccc(S(=O)(=O)NC(=O)N2CCC(N3CCC(Oc4ccc(Cl)c(Cl)c4)CC3)CC2)cc1,1.39
7984,CHEMBL1542764,CSc1ncccc1C(=O)Nc1nccs1,1.43
7985,CHEMBL1784338,Cc1cc(CCC2CCN(S(=O)(=O)CC3(N(O)C=O)CCOCC3)CC2)c(C)cn1,1.43
7986,CHEMBL1951912,CCN(C(=O)Cc1ccc(S(C)(=O)=O)cc1)C1CCN(CC[C@@H](c2cccc(F)c2)C2CCN(S(C)(=O)=O)CC2)CC1,1.44
7993,CHEMBL488085,Cc1ncc(-c2ccnc(Nc3ccc(C(=O)N(C)C)cc3)n2)n1C(C)C,2.45
7994,CHEMBL229948,O=C(Nc1ccccc1O)c1cc([N+](=O)[O-])ccc1Cl,2.49
7995,CHEMBL2170994,Nc1ncnc2c1ncn2[C@@H]1O[C@H](CSCCCNC(=O)Nc2ccc(Cl)cc2)[C@@H](O)[C@H]1O,2.5
7996,CHEMBL2036577,CC(=O)N1CCN(c2ccc(NC(=O)c3nnc(Nc4ccccc4F)o3)cc2)CC1,2.51
7997,CHEMBL184347,COc1ccc(C(=O)Nc2cc(NC(=O)c3cccc(N(C)C)c3)ccc2Br)cc1OC,3.49
7998,CHEMBL517544,COc1cc2ncc(C(N)=O)c(Nc3cccc(Cl)c3)c2cc1OC,3.5
8011,CHEMBL93173,COc1cc2ncnc(NCc3cccc(C)c3)c2cc1OC,3.5
8012,CHEMBL107367,Cc1oc(-c2ccccc2)nc1CCOc1ccc(C[C@H](Nc2ccccc2C(=O)c2ccccc2)C(=O)O)cc1,3.5
8013,CHEMBL2164680,C[C@@H](C#N)NC(=O)[C@@H]1CCCC[C@H]1C(=O)N1CCc2[nH]c3ccc(F)cc3c2C1,3.5
8014,CHEMBL2346970,OC1(c2ccc(F)cc2)CCN(c2ccc3nnc(C(F)(F)F)n3n2)CC1,3.5
8015,CHEMBL476518,Cc1ncc(-c2ccnc(Nc3ccc(N(C)C)cc3)n2)n1C(C)C,3.51
8016,CHEMBL1632052,Nc1sc2c(c1C(=O)NCc1ccccc1)CCCC2,3.52
8017,CHEMBL87388,COc1ccc(Cn2cc3c(=O)n(C)c(=O)n(CC(C)C)c3c2)cc1,3.52
8018,CHEMBL190747,COc1ccc(OC)c(CNC(=O)c2cccnc2Oc2ccccc2)c1,3.52
8019,CHEMBL1209511,O=S(=O)(NCC(c1ccccc1)N1CCCCCC1)c1ccc(Br)s1,3.52
8020,CHEMBL419951,CC(C)n1c2ccccc2c2cc(NC(=O)N3CCOCC3)ccc21,3.55
8021,CHEMBL397688,O=C(NC1Cc2ccccc2N(CC(CO)CO)C1=O)c1cc2cc(Cl)sc2[nH]1,3.56
8022,CHEMBL1917421,Cc1c(Sc2ccc(Cl)cc2)c2cc(Cl)ccc2n1C(C)C(=O)O,3.56
8023,CHEMBL187845,O=C(NCc1ccccc1Cl)c1ccccc1Oc1ccccc1,3.58
8024,CHEMBL2177601,Cc1c(C(=O)NC2C3CC4CC(C3)CC2C4)cnn1-c1ccc(C(=O)O)cc1,0.8
8026,CHEMBL126048,Oc1c2ncc3ccccc3c2nn1-c1ccccc1,0.8
8059,CHEMBL1807855,Nc1nc(OCc2nccs2)nc2c1ncn2[C@@H]1O[C@H](CF)[C@@H](O)[C@H]1O,0.47
8060,CHEMBL1519083,Cc1nc2c(C#N)cnn2c(O)c1Cc1ccccc1,0.68
8061,CHEMBL1950847,CN[C@@H](C)C(=O)N[C@H](C(=O)N[C@H]1CCCN(S(=O)(=O)Cc2ccccc2)C1)C(C)(C)C,0.78
8062,CHEMBL1631468,CCCNC(=O)c1nnc2c(-c3ncccn3)cccc2c1N,1.86
8063,CHEMBL71044,CN(C)CCCNS(=O)(=O)c1ccc(Nc2nccc(-c3cnc4ccccn34)n2)cc1,1.9
8064,CHEMBL1916086,Cc1ccc(S(=O)(=O)Nc2c(C(=O)NCc3ccccc3)cnn2-c2ccccc2)cc1,1.9
8065,CHEMBL1491421,CC(C)(C)c1cc2nc3c(c(O)n2n1)CN(Cc1ccccc1)C3=O,1.9
8066,CHEMBL2010838,CN(C(=O)Cc1ccc(-n2cnnn2)cc1)C1CCN(Cc2ccc(C(F)(F)F)cn2)CC1,1.9
8067,CHEMBL1950723,CN[C@@H](C)C(=O)N[C@H](C(=O)N[C@H]1CCN(CCCc2ccccc2)C1)C1CCCCC1,1.9
8068,CHEMBL2164674,N#CCNC(=O)[C@@H]1CCCC[C@H]1C(=O)N1CCc2ccccc2C1,1.91
8069,CHEMBL1946616,CN1CCN(C(=O)c2ccc(C(=C3CCN(Cc4cscn4)CC3)c3cccc4cccnc34)cc2)CC1,1.98
8070,CHEMBL469727,COCc1ccoc1C(=O)N(c1ccc(OC)cc1OC)C(C(=O)NC[C@@H](C)O)c1ccccc1F,1.98
8071,CHEMBL233227,Cc1cc(-c2ccc(N3C[C@H](Cn4ccnn4)OC3=O)cc2F)on1,1.99
8072,CHEMBL2035022,NC(=O)c1ccn2c(-c3ccccc3)c(-c3ccc(C4(N)CCC4)cc3)nc2c1,2.0
8073,CHEMBL1770464,Cc1nc(C(=O)[C@H](C)Oc2ccc(SCCCCCc3ccccc3)cc2)sc1CCCC(=O)O,2.03
8074,CHEMBL451496,O=C1c2ccc(O)cc2C(=O)N1c1ccc(O)cc1F,2.1
8075,CHEMBL2086658,CC(C)(C)OC(=O)N1CCC(c2ncc(OCc3ccc(S(C)(=O)=O)cc3)cn2)CC1,2.8
8076,CHEMBL450470,COc1ccc(N(C(C)=O)C(C(=O)NC2CCCC2)c2ccccc2F)c(OC)c1,2.81
8077,CHEMBL387265,COc1cc2ncnc(Nc3cccc(Cl)c3F)c2cc1OC1CCN(S(C)(=O)=O)CC1,2.82
8078,CHEMBL482192,COc1cc2ncc(C(N)=O)c(Nc3cccc(F)c3F)c2cc1OC,2.82
8079,CHEMBL256576,C[C@@H](Oc1cccc2ncnc(Nc3ccc4c(cnn4Cc4ccccn4)c3)c12)C(=O)N1CCOCC1,2.82
8080,CHEMBL420857,O=S(=O)(CCCOCCc1cc2ccccc2o1)CCNCCc1ccc(O)c2nc(O)sc12,2.86
8081,CHEMBL1741329,Cc1ccn2c(NC(=O)c3ccccc3)c(-c3cccs3)nc2c1,2.87
8082,CHEMBL389792,CC(CO)(CO)Nc1nc(SCc2cccc(F)c2F)nc2nc(N)sc12,2.87
8084,CHEMBL486894,O=c1oc2ccc(O)cc2cc1-c1ccc(O)cc1,2.9
8092,CHEMBL1917425,Cc1c(Sc2ccc(Cl)cc2)c2c(Cl)cccc2n1CC(=O)O,2.15
8093,CHEMBL1628227,CN(C)CCC=C1c2ccccc2COc2ccccc21,2.15
8094,CHEMBL7568,CCN(CC)CCCC(C)Nc1c2ccc(Cl)cc2nc2ccc(OC)cc12,2.17
8095,CHEMBL49,O=C1CC2(CCCC2)CC(=O)N1CCCCN1CCN(c2ncccn2)CC1,2.19
8096,CHEMBL1414985,O=C(Cc1ccccn1)c1ccc(Cl)cc1,2.96
8097,CHEMBL201307,COc1cc2c(Nc3ncc(CC(=O)Nc4cccc(F)c4)s3)ncnc2cc1OCCCN1CCC(CO)CC1,2.89
8098,CHEMBL1917455,Cc1c(Oc2ccc(Cl)cc2)c2cc(C(F)(F)F)ccc2n1CC(=O)O,2.28
8103,CHEMBL2086478,C=CC(=O)Nc1ccc(C)cc1,2.25
8111,CHEMBL2325697,C[C@@H]1COCCN1c1cc(C2(S(C)(=O)=O)CC2)nc(-c2cccc3[nH]ccc23)n1,2.7
8129,CHEMBL454,C=CCC1(CC(C)C)C(=O)NC(=O)NC1=O,1.48
8135,CHEMBL25539,CCC(CO)NCCNC(CC)CO,-1.42
8137,CHEMBL27006,FC(F)(F)c1cc(CO[C@H]2CCCN[C@H]2c2ccccc2)cc(C(F)(F)F)c1,3.6
8138,CHEMBL2346969,Fc1cccc(CN2CCN(c3ccc4nnc(C(F)(F)F)n4n3)CC2)c1F,3.6
8139,CHEMBL1766081,Cc1ncccc1Oc1ncnc(OC2CCN(C(=O)OC(C)C)CC2)c1C,3.8
8144,CHEMBL275742,CC(C)NC[C@@H](O)COc1cccc2ccccc12,1.13
8145,CHEMBL2048866,N[C@@H]1CCCN(c2c(Cl)cccc2/C=C2\SC(=O)NC2=O)C1,1.97
8162,CHEMBL1957366,N#Cc1c(-c2ccc(-c3ccccc3OC(F)(F)F)cc2)nc2ccncc2c1O,3.45
8176,CHEMBL2326478,Nc1nc2cc3c(cc2s1)CCN(Cc1cccc(F)c1)CC3,3.3
8177,CHEMBL10,C[S+]([O-])c1ccc(-c2nc(-c3ccc(F)cc3)c(-c3ccncc3)[nH]2)cc1,3.34
8179,CHEMBL1729,COc1cc(N)c(Cl)cc1C(=O)NC1CCN(CCCOc2ccc(F)cc2)CC1OC,3.56
8180,CHEMBL1276946,Cc1c2c(=O)n(-c3ccccc3Cl)[nH]c2cc(=O)n1Cc1ccccn1,0.2
8181,CHEMBL289832,O=c1[nH]c2cc(Cl)c(Cl)c([N+](=O)[O-])c2[nH]c1=O,0.21
8185,CHEMBL421,O=C(O)c1cc(/N=N/c2ccc(S(=O)(=O)Nc3ccccn3)cc2)ccc1O,-0.58
8186,CHEMBL64,NNC(=O)c1ccncc1,-0.57
8187,CHEMBL1950861,CN[C@@H](C)C(=O)N[C@H](C(=O)N[C@H]1CCCN(CCc2ccccn2)C1)C(C)(C)C,-0.55
8192,CHEMBL1907763,COc1cc2c(Nc3ccc(Cl)cc3F)ncnc2cc1OC[C@@H]1CCCN(C)C1,2.9
8197,CHEMBL1197051,CC(COc1ccccc1)NC(C)C(O)c1ccc(O)cc1,0.56
8198,CHEMBL277522,O=C(O)CCC(=O)c1ccc(-c2ccccc2)cc1,0.58
8199,CHEMBL1201256,COc1cc(C(=O)NCc2ccc(OCCN(C)C)cc2)cc(OC)c1OC,0.74
8203,CHEMBL2058280,Nc1scc2c(C(=O)NC3CC3)nn(-c3ccc(F)cc3)c(=O)c12,2.8
8210,CHEMBL2086694,C[C@@H]1CN(c2noc(C(F)F)n2)CCN1c1ncc(OCc2ccncc2C#N)cn1,2.85
8211,CHEMBL1459468,COc1ccccc1C(=O)Nc1nc2ccccc2[nH]1,2.9
8212,CHEMBL1706173,COc1cc(C(=O)NC2CCN(C)CC2)ccc1Nc1ncc2c(n1)N(C1CCCCC1)CCC(=O)N2C,2.87
8213,CHEMBL2314504,Cn1c(C(=O)O)c(CCCOc2cccc3ccccc23)c2ccccc21,2.99
8214,CHEMBL71271,O=c1oc2ccccc2cc1-c1ccc(O)cc1,3.0
8215,CHEMBL1489611,Cc1cc(C)cc(-c2nnc(SCC(=O)N3CCN(C(=O)c4ccco4)CC3)o2)c1,3.0
8216,CHEMBL509,Cc1ccc(Cl)c(Nc2ccccc2C(=O)O)c1Cl,2.33
8220,CHEMBL2334575,Cc1ccn2c(-c3ccnc(N)n3)c(C)nc2c1,2.39
8223,CHEMBL570015,COc1cccc(Nc2c(C(N)=O)cnc3c(C)cc(S(=O)(=O)c4cccc(C(=O)N(C)C)c4)cc23)c1,2.69
8224,CHEMBL429,CC(CCc1ccccc1)NCC(O)c1ccc(O)c(C(N)=O)c1,1.06
8225,CHEMBL182150,CN(C)c1nc(N[C@H]2CC[C@@H](NC(=O)c3ccc(F)c(F)c3)CC2)nc2ccccc12,3.13
8228,CHEMBL101779,COc1ccc(Nc2cc(Nc3ccc(OCC(O)CN(C)C)cc3)ncn2)cc1,1.5
8229,CHEMBL13902,COC(Cn1c(=O)[nH]c2c(=O)n(CC(=O)NC(C(=O)C(F)(F)F)C(C)C)c(-c3ccccc3)cc2c1=O)OC,1.56
8230,CHEMBL1788268,CCCNC[C@@H](O)COc1ccccc1C(=O)CCc1ccccc1,1.56
8240,CHEMBL1688537,CCc1c(C)nc2sc(C(N)=O)c(N)c2c1C,2.62
8241,CHEMBL1951906,CCN(C(=O)Cc1ccc(S(C)(=O)=O)cc1)C1CCN(CC[C@@H](c2ccccc2)C2CCN(S(C)(=O)=O)CC2)CC1,1.05
8242,CHEMBL1946027,CCN(C)C(=O)c1ccc(C(=C2CCN(Cc3cscn3)CC2)c2cccc3cccnc23)cc1,2.65
8245,CHEMBL2158832,O=C(O)c1cccc(CN2CCC(CN3CCC(Oc4ccc(Cl)c(Cl)c4)CC3)CC2)c1,1.26
8247,CHEMBL2164679,C[C@H](C#N)NC(=O)[C@@H]1CCCC[C@H]1C(=O)N1CCc2[nH]c3ccc(F)cc3c2C1,3.1
8248,CHEMBL1682826,O=C1CCOc2nc(OCc3ccccc3)ccc21,3.1
8249,CHEMBL188369,C[C@@H](NC(=O)c1cccnc1Oc1ccccc1)c1ccccc1,3.14
8250,CHEMBL218573,CC(C)Cn1c(=O)n(C)c(=O)c2c(C(=O)N3C[C@H](O)CO3)c(Cc3ccccc3C(F)(F)F)sc21,3.15
8251,CHEMBL1020,Cc1ccc(C(=O)c2ccc(CC(=O)O)n2C)cc1,-1.02
8252,CHEMBL1096435,CS(=O)(=O)c1ccc([C@@H](CC2CCCC2)C(=O)Nc2nccs2)cc1,3.86
8253,CHEMBL329672,Clc1cccc(Nc2ncnc3ccccc23)c1,3.9
8255,CHEMBL1549615,COc1cc2cc(-c3ccc(O)cc3O)nc(C)c2cc1OC,3.9
8256,CHEMBL204772,Cc1nc2ccccc2n1Cc1sc2c(c1C(=O)N1CC[C@@H](O)C1)c(=O)n(C)c(=O)n2CC(C)C,1.34
8257,CHEMBL2207805,O=C(NCc1ccco1)c1ccc2[nH]c(COc3ccc(C45CC6CC(CC(C6)C4)C5)cc3)nc2c1,4.0
8258,CHEMBL578061,c1ccc(Nc2ccnc(Nc3ccccc3)n2)cc1,4.06
8261,CHEMBL361546,O=c1c2sccc2n(CC2COc3ccccc3O2)c(=O)n1O,1.44
8262,CHEMBL2171024,O=C(O)c1cccc(C(=O)N2CCC(N3CCC(Oc4ccc(Cl)c(Cl)c4)CC3)CC2)c1,1.23
8264,CHEMBL2179279,CCC(C)(C)C[C@H](c1ccc(C(=O)O)c(Oc2cccc(Cl)c2)c1)N1CCC[C@H](n2cc(C)c(=O)[nH]c2=O)C1,1.37
8265,CHEMBL325503,CC(C)C(NC(=O)Cn1c(-c2ccccc2)ccc(NC(=O)NCc2ccc[n+]([O-])c2)c1=O)C(=O)C(F)(F)F,1.48
8266,CHEMBL119247,CCn1c2ccccc2c2cc(NC(=O)N3CCOCC3)ccc21,3.2
8268,CHEMBL317935,C[C@H](NC(=O)/C=C/c1ccccc1)c1cccc(N2CCOCC2)c1,3.24
8271,CHEMBL304354,CC(C)C(NC(=O)Cn1c(-c2ccccc2)ccc(NS(=O)(=O)c2ccccc2)c1=O)C(=O)C(F)(F)F,2.26
8273,CHEMBL2335875,COCCNC(=O)c1cccc(Nc2ncc3cc(-c4ccncc4)ccc3n2)c1,3.21
8274,CHEMBL2086650,CC(C)(C)OC(=O)N1CCN(c2ncc(OCc3ccc(S(C)(=O)=O)cc3)cn2)CC1,3.27
8275,CHEMBL1229059,N=C(N)SCc1ccc(Cl)c(Cl)c1,1.28
8276,CHEMBL478241,Cc1ncc(-c2ccnc(Nc3ccc(N4CCN(C(=O)CN(C)C)CC4)cc3)n2)n1C(C)C,3.31
8277,CHEMBL2087858,Cn1cc(C#N)cc1-c1c2c(=O)n(CC#N)c(=O)n(CC3CC3)c2nn1Cc1ccnc2ccc(Cl)cc12,3.33
8278,CHEMBL516601,COc1cc2ncc(C(N)=O)c(Nc3ccc(C)cc3F)c2cc1OC,3.34
8279,CHEMBL365458,Oc1cccc2nc(-c3ccccc3)cc(O)c12,3.37
8280,CHEMBL8953,COc1cc(C(=O)c2cc(Cl)ccc2N)cc(OC)c1OC,3.38
8281,CHEMBL1443631,CCOc1ccccc1N1CCN(Cc2c[nH]nc2-c2ccc(F)cc2)CC1,3.38
8282,CHEMBL2177906,NC1=NC(c2cccc(-c3cncnc3)c2)(c2ccnc(C(F)(F)F)c2)c2cccc(F)c21,3.4
8283,CHEMBL1485846,Oc1nc(-c2ccccc2)c(-c2ccccc2)o1,3.42
8295,CHEMBL2087855,Cn1cc(C#N)cc1-c1c2c(=O)n(CC#CCn3cncn3)c(=O)n(CC3CC3)c2nn1Cc1ccnc2ccc(Cl)cc12,3.43
8298,CHEMBL591023,O=c1c(-c2ccc3c(c2)OCO3)coc2cc(O)cc(O)c12,3.5
8299,CHEMBL403702,Cc1cnc2nc(SCc3cccc(F)c3F)nc(N[C@H](C)CO)c2n1,3.5
8300,CHEMBL2325710,O=S(=O)(C1CCNCC1)C1(c2cc(N3CCOCC3)nc(-c3cccc4[nH]ccc34)n2)CC1,1.1
8301,CHEMBL1194666,CCN(CC)C(C)C(=O)c1ccccc1,1.18
8303,CHEMBL2335886,COCCOc1ccc(Nc2ncc3cc(-c4ccncc4)ccc3n2)cc1,3.1
8326,CHEMBL2086681,CC(C)(C)OC(=O)N1CCN(c2ncc(OCc3ccncc3S(C)(=O)=O)cn2)CC1,2.4
8327,CHEMBL1956129,C[C@@](CCc1ccc(-c2ccc(Cl)cc2)cc1)(C(=O)NO)S(C)(=O)=O,2.4
8328,CHEMBL2170992,CC(C)c1ccc(NC(=O)NCCCSC[C@H]2O[C@@H](n3cnc4c(N)ncnc43)[C@H](O)[C@@H]2O)cc1,2.5
8333,CHEMBL1933593,C[C@H]1O[C@@H](n2cnc3c(N)nc(OC(C4CC4)C(F)(F)F)nc32)[C@H](O)[C@@H]1O,1.83
8334,CHEMBL424414,Cc1cc(=O)[nH]c2ccccc12,1.9
8337,CHEMBL415,CN(C)CCCN1c2ccccc2CCc2ccc(Cl)cc21,3.36
8338,CHEMBL192894,COc1ccc(-c2c(-c3ccc(O)cc3O)n[nH]c2C)cc1,3.37
8339,CHEMBL2158470,CCCSc1nc(N2CCOCC2)ccc1C(=O)N[C@H]1C2CC3CC1C[C@](O)(C3)C2,3.2
8343,CHEMBL601719,C[C@@H](Oc1cc(-c2cnn(C3CCNCC3)c2)cnc1N)c1c(Cl)ccc(F)c1Cl,2.33
8346,CHEMBL292303,N[C@H](Cc1c[nH]c2ccccc12)C(=O)O,-0.92
8347,CHEMBL832,O=C1C(CC[S+]([O-])c2ccccc2)C(=O)N(c2ccccc2)N1c1ccccc1,-0.51
8348,CHEMBL1200558,CC[C@H](C)[C@H](N)C1=N[C@H](C(=O)N[C@@H](CC(C)C)C(=O)N[C@H](CCC(=O)O)C(=O)N[C@H](C(=O)N[C@H]2CCCCNC(=O)[C@H](CC(N)=O)NC(=O)[C@@H](CC(=O)O)NC(=O)[C@H](Cc3cnc[nH]3)NC(=O)[C@@H](Cc3ccccc3)NC(=O)[C@H]([C@@H](C)CC)NC(=O)[C@@H](CCCN)NC2=O)[C@@H](C)CC)CS1,-0.46
8349,CHEMBL1303766,CCN(CC)c1ccc2cc(C(=O)O)c(=O)oc2c1,-0.2
8350,CHEMBL1762,Cc1cccc(C)c1NC(=O)C(C)N,-0.15
8358,CHEMBL2110732,COc1cc2ncnc(Nc3ccc(F)c(Cl)c3)c2cc1NC(=O)/C=C/CN1CCCCC1,4.1
8359,CHEMBL13485,CCN(CC)CCNC(=O)c1c(C)[nH]c(/C=C2\C(=O)Nc3ccc(Cl)cc32)c1C,2.75
8360,CHEMBL2207671,CS(=O)(=O)c1ccc2c(C(=O)NC[C@@H](O)CN3CCC(Oc4ccc(Cl)c(Cl)c4)CC3)c[nH]c(=O)c2c1,2.63
8367,CHEMBL422648,Cc1oc(=O)oc1CN1CCN(c2cc3c(cc2F)c(=O)c(C(=O)O)c2n3C(C)S2)CC1,0.47
8368,CHEMBL117869,COC(=O)c1c(O)cccc1OC/C=C/c1ccc(F)c(-c2cc(C(=O)O)no2)c1,0.66
8369,CHEMBL1881806,NC(=O)c1nnn(-c2ccccc2)c1N,0.74
8370,CHEMBL802,Nc1cc(N2CCCCC2)nc(N)[n+]1[O-],0.77
8371,CHEMBL2172782,CC(C)Cc1ccc(C(C)C(=O)NS(C)(=O)=O)cc1,0.78
8372,CHEMBL2165059,CO[C@@H]1CN(CCn2c(=O)ccc3ccc(C#N)cc32)CC[C@H]1NCc1ccc2c(n1)NC(=O)CO2,0.81
8373,CHEMBL1945292,COCCNCc1cccc(CCNC[C@H](O)c2ccc(O)c3[nH]c(=O)sc23)c1,0.01
8374,CHEMBL1916543,COc1ncc2ccc(=O)n(CCN3CCC(NCc4cc5c(cn4)OCCO5)CC3)c2n1,0.2
8375,CHEMBL1824041,N#Cc1ccc2c(c1)N(CCN1CCC(NCc3ccc4c(n3)NC(=O)CO4)CC1)C(=O)CO2,0.23
8376,CHEMBL1916541,COc1ccc2c(C)nc(=O)n(CCN3CCC(NCc4cc5c(cn4)OCCO5)CC3)c2c1,0.29
8377,CHEMBL2165055,CO[C@H]1CN(CCn2c(=O)ccc3ccc(C#N)cc32)CC[C@H]1NCc1ccc2c(n1)NC(=O)CO2,0.32
8378,CHEMBL1916269,CCC(CC)NC(=O)c1cnn(C)c1NS(=O)(=O)c1ccc(C)cc1,0.36
8379,CHEMBL1351571,Nc1ccc(OCc2ccccc2)cc1,2.2
8380,CHEMBL1378202,CNC(=O)c1[nH]cnc1C(=O)Nc1ccc(OC)cc1,2.2
8381,CHEMBL2035030,NC1(c2ccc(-c3ncc4ccncc4c3-c3ccccc3)cc2)CCC1,2.2
8382,CHEMBL2031464,Cc1ccc(C(=O)NC2CCC2)cc1-n1cnc2ccc(N3CCN(C)CC3)cc2c1=O,2.25
8383,CHEMBL2153178,CCCSc1ncccc1C(=O)N[C@@H]1[C@@H]2CC3C[C@H]1C[C@@](O)(C3)C2,2.27
8384,CHEMBL2335878,CN(C)CCNC(=O)c1ccc(Nc2ncc3cc(-c4ccncc4)ccc3n2)cc1,2.29
8385,CHEMBL1831078,NC(=O)Nc1cc(-c2ccsc2)sc1C(N)=O,2.3
8386,CHEMBL489514,Cc1csc(NC(=O)c2cc(Sc3nncn3C)ccc2N)n1,2.3
8387,CHEMBL1944689,O=c1[nH]c2c(O)ccc([C@@H](O)CNCCc3ccc(CNCCc4c(Cl)cccc4Cl)cc3)c2s1,2.3
8388,CHEMBL2177173,CN1CCN(S(=O)(=O)c2ccc(-c3cnc(N)c(C(=O)Nc4cnccc4CN4CCCC4)n3)cc2)CC1,3.28
8389,CHEMBL1426965,FC(F)(F)c1nnc2ccc(N3CCCCCC3)nn12,3.29
8390,CHEMBL16293,c1ccc2ccccc2c1,3.29
8394,CHEMBL135400,CN1CCN(C(=O)OC2c3nccnc3C(=O)N2c2ccc(Cl)cn2)CC1,1.1
8395,CHEMBL1972466,Cc1cc(C(C)Nc2ccccc2)c2nc(N3CCOCC3)cc(=O)n2c1,3.6
8396,CHEMBL1231,CCN(CC)CC#CCOC(=O)C(O)(c1ccccc1)C1CCCCC1,3.65
8399,CHEMBL103771,C/N=C(\S)n1nc(-c2ccc(Cl)cc2)nc1N,4.12
8401,CHEMBL605846,COc1ccc(CC(C)(C)NC[C@H](O)c2cc(O)cc3c2OCC(=O)N3)cc1,0.79
8406,CHEMBL1017,CCCc1nc2c(C)cc(-c3nc4ccccc4n3C)cc2n1Cc1ccc(-c2ccccc2C(=O)O)cc1,2.21
8407,CHEMBL2333993,COc1cc2ncnc(Nc3ccncc3)c2cc1OC,2.22
8408,CHEMBL2158815,O=C(O)C(c1ccccc1)N1CCC(N2CCC(Oc3ccc(Cl)c(Cl)c3)CC2)CC1,2.23
8409,CHEMBL1917427,Cc1c(F)ccc2c1c(Sc1ccc(Cl)cc1)c(C)n2CC(=O)O,2.23
8410,CHEMBL180966,CN(CC[C@@H](Oc1ccc(-c2ccccc2)cc1)c1ccc(F)cc1)CC(=O)O,2.86
8411,CHEMBL1364572,NC(=O)c1sc2nccc(Nc3ccccc3)c2c1N,2.91
8414,CHEMBL2331738,Cc1cn([C@H]2CCCN(S(=O)(=O)c3cccc(Oc4ccccc4)c3)C2)c(=O)[nH]c1=O,2.32
8416,CHEMBL2153303,CCCNc1nc(N2CCC[C@@H](CC(=O)O)C2)ccc1C(=O)NC1CCCCC1,2.33
8420,CHEMBL1916538,COc1ccc2c(c1)N(CCN1CCC(NCc3ccc4c(n3)NC(=O)CO4)CC1)C(=O)OC2,0.5
8424,CHEMBL1231533,O=C1NC(=O)/C(=C/c2ccc3c(c2)OC(F)(F)O3)S1,2.8
8427,CHEMBL654,CN1CCN2c3ncccc3Cc3ccccc3C2C1,2.82
8428,CHEMBL2325740,COCCC(NC(=O)C1(N)CCN(c2ncnc3[nH]ccc23)CC1)c1ccc(Cl)cc1,2.95
8434,CHEMBL73303,NS(=O)(=O)c1ccc(Nc2nccc(-c3cnc4ccccn34)n2)cc1,2.7
8438,CHEMBL2348642,CNc1nc(C)c(-c2nc(Nc3cccc(N4CCNCC4)c3)ncc2C#N)s1,1.9
8439,CHEMBL416,COc1c2occc2cc2ccc(=O)oc12,1.97
8440,CHEMBL2158534,CC1(c2nc(N3CCOCC3)ncc2C(=O)N[C@H]2C3CC4CC2C[C@](O)(C4)C3)CC1,2.0
8441,CHEMBL384304,COc1ccc(F)c(F)c1C(=O)c1cnc(NC2CCN(S(C)(=O)=O)CC2)nc1N,2.08
8448,CHEMBL894,CC(NC(C)(C)C)C(=O)c1cccc(Cl)c1,2.12
8459,CHEMBL1917438,Cc1c(Sc2ccc(Cl)cc2)c2c(-c3ccccc3)cccc2n1CC(=O)O,2.61
8460,CHEMBL2153184,CCCSc1nc(NC[C@H]2CC[C@H](C(=O)O)CC2)ccc1C(=O)NC1CCCCC1,2.61
8462,CHEMBL573214,Oc1ccc2c3c1O[C@H]1c4[nH]c5c(c4C[C@@]4(O)[C@@H](C2)N(CC2CC2)CC[C@]314)C[C@@]1(O)[C@H]2Cc3ccc(O)c4c3[C@@]1(CCN2CC1CC1)[C@H]5O4,1.41
8467,CHEMBL2086656,CC(C)(C)OC(=O)N1CCN(c2ccc(OCc3ccc(S(C)(=O)=O)cc3)cc2)CC1,3.9
8468,CHEMBL2023483,COc1ccc2c(Oc3ccc(CC(=O)Nc4n[nH]c(C)c4C)c(OC)c3)ccnc2c1,3.78
8469,CHEMBL1347379,Cc1ccc(C(=O)N2CCC(C(=O)c3ccc(Cl)cc3)CC2)cc1,3.79
8471,CHEMBL294878,O=c1cc(-c2ccc(O)cc2)oc2cc(O)ccc12,3.2
8472,CHEMBL1605684,CC(=O)c1cn(Cc2ccccc2)c(=O)n(Cc2ccc(F)cc2)c1=O,3.2
8473,CHEMBL2335883,CN(C)CCNCc1ccc(Nc2ncc3cc(-c4ccncc4)ccc3n2)cc1,1.4
8477,CHEMBL437526,CCO[C@@H]1OC(=O)C[C@@H]1NC(=O)[C@@H]1CCCN2C(=O)CC[C@H](NC(=O)c3nccc4ccccc34)C(=O)N12,1.16
8481,CHEMBL1586839,Cc1ccc(CN2C(=O)CCSc3ccc(Cl)cc32)cc1,3.7
8482,CHEMBL315708,c1ccc(-c2[nH]nc3ccccc23)cc1,3.79
8488,CHEMBL2086679,CC(C)(C)OC(=O)N1CCN(c2ncc(OCc3ccncc3F)cn2)CC1,3.6
8493,CHEMBL1762551,Cc1ccc(CO)cc1N(C)c1ccnc(Nc2cc(N3CCOCC3)nc(N3CCOCC3)n2)n1,3.9
8494,CHEMBL572629,Cc1nc(-c2ccccc2)c(-c2ccc(CN3CCC(n4c(=O)[nH]c5ccccc54)CC3)cc2)[nH]c1=O,3.9
8496,CHEMBL1571558,Nc1[nH]ncc1S(=O)(=O)c1ccccc1,1.1
8520,CHEMBL502,COc1cc2c(cc1OC)C(=O)C(CC1CCN(Cc3ccccc3)CC1)C2,2.41
8521,CHEMBL90846,O=C(Nc1nccs1)c1ccccc1,2.43
8522,CHEMBL960,Cc1oncc1C(=O)Nc1ccc(C(F)(F)F)cc1,3.9
8524,CHEMBL2153180,CCCSc1ncccc1C(=O)N(C)[C@H]1[C@@H]2CC3C[C@H]1C[C@@](O)(C3)C2,2.48
8527,CHEMBL1557436,CN(C)c1ccnc2sc(C(=O)NCc3ccccc3)c(N)c12,3.62
8528,CHEMBL257600,Cn1cc(C#N)cc1-c1c2c(=O)n(C)c(=O)n(CC3CC3)c2nn1Cc1ccnc2ccc(Cl)cc12,3.67
8529,CHEMBL1475,Cc1cc2cc3c(C)cc(=O)oc3c(C)c2o1,3.47
8530,CHEMBL1951032,COc1c(Nc2ccc(S(C)(=O)=O)nc2C)ncnc1OC1CCN(C(=O)OC(C)C)CC1,2.4
8536,CHEMBL567508,NC(=O)c1c(N)sc2c1CCCC2,1.84
8540,CHEMBL86795,c1ccc2[nH]ncc2c1,1.9
8544,CHEMBL327027,c1ccc(-c2c[nH]c(-c3ccccc3)n2)cc1,3.8
8560,CHEMBL187007,COc1cc2ncnc(Nc3cc(NC(=O)c4cccc(N(C)C)c4)ccc3Cl)c2cc1OC,4.26
8566,CHEMBL1626,CN1CCC[C@@H]1CCO[C@](C)(c1ccccc1)c1ccc(Cl)cc1,3.04
8567,CHEMBL242341,COc1ccc(-c2coc3cc(O)ccc3c2=O)cc1,3.05
8568,CHEMBL2062574,CC(=O)Nc1ccc2ccn(-c3cc(NCCN4CCCC4)n4ncc(C#N)c4n3)c2c1,2.24
8569,CHEMBL92172,O=C(Nc1nccs1)c1cccnc1,2.25
8570,CHEMBL1498995,CNc1ncc(C(=O)c2ccccc2)s1,2.36
8576,CHEMBL2325743,C[C@H](NC(=O)C1(N)CCN(c2ncnc3[nH]ccc23)CC1)c1ccc(Cl)cc1,2.67
8577,CHEMBL1490,OC(CCN1CCCCC1)(c1ccccc1)C1CCCCC1,2.68
8597,CHEMBL1940315,O=C(NC1CCCS(=O)(=O)C1)c1ccc(Oc2ccc(C#C[C@]3(O)CN4CCC3CC4)cc2)cc1,1.4
8599,CHEMBL1191,Cc1nnc(NS(=O)(=O)c2ccc(N)cc2)s1,-1.33
8600,CHEMBL26,CCN1CCCC1CNC(=O)c1cc(S(N)(=O)=O)ccc1OC,-1.2
8601,CHEMBL33899,CC/C(=C(\c1ccccc1)c1ccc(/C=C/C(=O)O)cc1)c1ccccc1,3.89
8602,CHEMBL187709,CCN(CC)CCOc1ccc(C(O)(Cc2ccc(Cl)cc2)c2ccc(C)cc2)cc1,3.98
8603,CHEMBL2314383,CC(C)c1ccc(Sc2cnc(O)c(C(=O)NCc3ccccc3)c2)cc1,3.7
8604,CHEMBL1123,CCN(CC)CCOC(=O)C1(C2CCCCC2)CCCCC1,3.72
8605,CHEMBL490512,O=C(CCc1ccccc1)c1ccccc1,3.77
8606,CHEMBL190044,CCC(COC(=O)c1cc(OC)c(OC)c(OC)c1)(c1ccccc1)N(C)C,3.77
8607,CHEMBL399539,COC(=O)C1=C(C)NC(C)=C(C(=O)OC(C)C)[C@@H]1c1cccc2nonc12,3.77
8619,CHEMBL1779013,COc1cc(F)ccc1-c1cncc(CNC(=O)c2ccccn2)c1,3.2
8620,CHEMBL71936,CSc1nc2cc(Cl)ccc2[nH]1,3.22
8621,CHEMBL2070938,N#CC1(NC(=O)[C@@H]2CCCC[C@H]2C(=O)N2CCN(c3nccs3)CC2)CC1,1.3
8622,CHEMBL473967,CC1(C)Oc2ncnc(N)c2N=C1c1ccc([C@H]2CC[C@H](CC(=O)O)CC2)cc1,1.32
8623,CHEMBL1289110,CN1c2ccccc2C(NCCCCCCC(=O)O)c2ccc(Cl)cc2S1(=O)=O,1.33
8627,CHEMBL2331843,CCc1[nH]c2nc(Sc3cnc4ccc[n+]([O-])c4c3)nc(N3CC[C@@H](N)C3)c2c1Cl,2.0
8628,CHEMBL260091,C[C@@H](O)[C@H](NC(=O)c1ccc(C#Cc2ccc(CN3CCOCC3)cc2)cc1)C(=O)NO,2.03
8629,CHEMBL1201,CN1CCN(CC/C=C2/c3ccccc3Sc3ccc(S(=O)(=O)N(C)C)cc32)CC1,3.16
8630,CHEMBL2325987,CC(NC(=O)C1(N)CCN(c2ncnc3[nH]ccc23)CC1)c1ccc(F)cc1,2.4
8647,CHEMBL244936,Cc1nc2ccc(-c3ccc(Cl)cc3)cc2c(=O)n1C[C@H]1CCCN(C(C)C)C1,3.3
8649,CHEMBL13589,Nc1ncnc(Nc2ccccc2)n1,1.4
8650,CHEMBL1916279,Cc1ccc(S(=O)(=O)Nc2c(C(=O)NCC(C)(C)C)c(C)nn2-c2ccccc2)cc1,1.46
8651,CHEMBL2207284,CNS(=O)(=O)c1ccc2c(C(=O)NC[C@@H](O)CN3CCC(Oc4ccc(Cl)c(Cl)c4)CC3)c[nH]c(=O)c2c1,2.77
8652,CHEMBL128613,CN1CCN(C(=O)c2cc3cc(Br)ccc3[nH]2)CC1,2.79
8653,CHEMBL1777848,O=c1oc2c(O)cccc2cc1-c1ccc(O)cc1,2.8
8655,CHEMBL641,CNCC[C@@H](Oc1ccccc1C)c1ccccc1,1.2
8656,CHEMBL404108,Cc1ccc(Nc2c(F)cccc2Cl)c(CC(=O)O)c1,1.02
8657,CHEMBL2326472,Cn1cc(CN2CCc3cc4nc(N)sc4cc3CC2)cn1,1.06
8658,CHEMBL87,COc1cc2c(c(OC)c1OC)-c1ccc(OC)c(=O)cc1C(NC(C)=O)CC2,1.12
8659,CHEMBL14690,N=C(NCc1ccc(Cl)cc1)SCCCc1c[nH]cn1,1.13
8665,CHEMBL570,CN(C)CCCN1c2ccccc2Sc2ccc(C(F)(F)F)cc21,3.59
8667,CHEMBL235191,CC(=O)Nc1ccc(C(=O)Nc2ccccc2N)cc1,0.82
8672,CHEMBL2086687,C[C@@H]1CN(C(=O)OCC(F)(F)F)CCN1c1ncc(OCc2ccncc2C#N)cn1,3.0
8673,CHEMBL1682820,O=C1CCOc2cc(COc3ccccc3)ccc21,3.0
8676,CHEMBL1088751,CNC(=O)c1ccc(C)c(-n2c(C)cc(OCc3ccc(F)cc3F)c(Br)c2=O)c1,2.8
8679,CHEMBL2207663,Cc1cc(Cl)ccc1OC1CCN(C[C@H](O)CNC(=O)c2c[nH]c(=O)cc2C(F)(F)F)CC1,2.37
8680,CHEMBL968,CCN(CC)CCN1C(=O)CN=C(c2ccccc2F)c2cc(Cl)ccc21,2.38
8682,CHEMBL415247,CC(C)[C@@H](CN1CC[C@@](C)(c2cccc(O)c2)[C@@H](C)C1)NC(=O)[C@H]1Cc2ccc(O)cc2CN1,2.39
8684,CHEMBL2062559,N#Cc1cnn2c(NC3CC3)cc(-c3cccs3)nc12,2.88
8685,CHEMBL370152,O=C(O)c1c(Sc2ccccc2)c2cc(Cl)ccc2n1Cc1ccc(Cl)cc1,2.96
8686,CHEMBL573108,CC(C)(C(N)=O)C(=O)NCCCNc1nc(Nc2cccc(NC(=O)N3CCCC3)c2)ncc1Br,2.32
8692,CHEMBL1923435,CONC(=O)c1cnc(N2CCC(NC(=O)c3[nH]c(C)c(Cl)c3Cl)CC2)s1,3.1
8711,CHEMBL186526,Cc1ccc(NC(=O)c2cccc(N(C)C)c2)cc1NC(=O)c1ccc(O)cc1,2.65
8718,CHEMBL47361,Oc1ccc2nc(-c3ccccc3)sc2c1,3.99
8719,CHEMBL186513,N#Cc1cc(O)cc2nc(-c3ccc(O)cc3)oc12,3.6
8723,CHEMBL261713,O=C(NO)[C@@H](Cc1ccc2ccccc2c1)NS(=O)(=O)c1ccc2ccccc2c1,3.23
8724,CHEMBL2325707,CN1CCC(c2cc(N3CCOCC3)nc(-c3cccc4[nH]ccc34)n2)(S(C)(=O)=O)CC1,1.9
8727,CHEMBL407,CCOC(=O)c1ncn2c1CN(C)C(=O)c1cc(F)ccc1-2,1.1
8728,CHEMBL934,CC(C)(C(=O)c1cccnc1)c1cccnc1,1.45
8731,CHEMBL1831214,NC(=O)Nc1cc(-c2ccccc2)sc1C(N)=O,2.43
8733,CHEMBL2325705,CS(=O)(=O)C1(c2cc(N3CCOCC3)nc(-c3cccc4[nH]ccc34)n2)CCOCC1,2.4
8734,CHEMBL115022,CC(=O)Nc1ccc2nc(-c3cccc(F)c3)cc(O)c2c1,2.41
8741,CHEMBL2208434,O=C(NC[C@@H](O)CN1CCC(Oc2ccc(Cl)c(Cl)c2)CC1)c1cc(=O)[nH]c2ccccc12,3.48
8746,CHEMBL2207658,O=C(NC[C@@H](O)CN1CCC(Oc2ccc(Cl)c(Cl)c2)CC1)c1c[nH]nc1C(F)(F)F,3.34
8747,CHEMBL1606366,Cn1c(SCc2c(Cl)cccc2Cl)nnc1-c1ccc2nonc2c1,3.35
8750,CHEMBL2163582,N#CC1(NC(=O)[C@@H]2CCCC[C@H]2C(=O)N2CCc3[nH]c4c(Cl)cccc4c3C2)CC1,3.59
8751,CHEMBL2178950,Cc1ncc(C(N)=O)nc1-c1ccc([C@H]2CC[C@H](C(=O)O)CC2)cc1,0.22
8757,CHEMBL2139925,CCc1nc2ccc(C(=O)NCc3ccc4c(c3)OCO4)cn2c1N(C)Cc1cccs1,4.1
8758,CHEMBL1364,Cc1ncc(CO)c(CO)c1O,-0.58
8761,CHEMBL2086652,CC(C)(C)OC(=O)N1CCN(c2ccc(OCc3ccc(S(C)(=O)=O)cc3)nn2)CC1,2.8
8762,CHEMBL2152252,CNC(=O)c1nc(-c2ccc(Cl)c(S(=O)(=O)Nc3cccc(F)c3F)c2)cnc1N,2.8
8763,CHEMBL2070944,Cc1sc(N2CCN(C(=O)[C@@H]3CCCC[C@H]3C(=O)NC3(C#N)CC3)CC2)nc1C(F)(F)F,2.87
8764,CHEMBL682,CCN(CC)Cc1cc(Nc2ccnc3cc(Cl)ccc23)ccc1O,2.9
8765,CHEMBL57990,COc1cc2ncnc(Nc3ccc(F)c(Cl)c3)c2cc1OCCCN(C)C,2.9
8766,CHEMBL685,COC(=O)Nc1nc2cc(C(=O)c3ccccc3)ccc2[nH]1,2.9
8767,CHEMBL109937,FC(F)(F)c1cc(COCC(c2ccccc2)N2CCNCC2)cc(C(F)(F)F)c1,2.9
8774,CHEMBL1650732,Cc1cc(Nc2cc(N3CCOCC3)nc(N[C@@H](C)c3ncc(F)cn3)n2)n[nH]1,1.91
8775,CHEMBL1333961,Nc1[nH]nc2cccc(Cl)c12,1.92
8776,CHEMBL1307677,CC(=O)c1noc(C)c1C(=O)Nc1nccs1,1.94
8789,CHEMBL789,NC(Cc1cc(I)c(Oc2ccc(O)c(I)c2)c(I)c1)C(=O)O,0.97
8790,CHEMBL2011441,COc1nc(Br)cnc1NS(=O)(=O)c1ccc(Cl)s1,0.99
8791,CHEMBL269538,COc1ccc2c(c1)[nH]c1c(C)nccc12,2.9
8796,CHEMBL1762542,Cc1ccc(CO)cc1N(C)c1ccnc(Nc2cc(C(=O)N3CCOCC3)cc(N3CCOCC3)c2)n1,2.2
8797,CHEMBL1575581,Cc1ccc2c(N)c(C#N)sc2n1,2.23
8798,CHEMBL1779045,Cc1cccc(N(Cc2cc(F)c(F)cc2F)C(=O)O[C@H]2CN3CCC2CC3)c1,2.24
8799,CHEMBL2177159,COCCNS(=O)(=O)c1ccc(-c2cnc(N)c(C(=O)Nc3cccnc3)n2)cc1,2.26
8801,CHEMBL167226,CCCc1c(OCc2ccc(C(=O)O)c(Br)c2)ccc(C(C)=O)c1O,2.3
8807,CHEMBL379350,CCN(CC)c1ccc2cc(C(C)=O)c(=O)oc2c1,2.0
8808,CHEMBL2018969,COc1cccc2c1c(NS(=O)(=O)c1ccc(Cl)s1)nn2Cc1cccc(CNC(=O)C(C)(C)O)c1,2.09
8816,CHEMBL1623,Cc1cccc(CN2CCN(C(c3ccccc3)c3ccc(Cl)cc3)CC2)c1,3.39
8833,CHEMBL1282,CC(C)Cn1cnc2c(N)nc3ccccc3c21,2.52
8835,CHEMBL1232461,CCNC(=O)C[C@@H]1N=C(c2ccc(Cl)cc2)c2cc(OC)ccc2-n2c(C)nnc21,2.46
8836,CHEMBL1650698,C[C@H](Nc1ncc(F)c(Nc2cc(C3CC3)[nH]n2)n1)c1ncc(F)cn1,2.47
8837,CHEMBL1289779,CCc1cc2c(s1)-n1c(C)nnc1CN=C2c1ccccc1Cl,2.52
8838,CHEMBL193200,O=C(Cc1ccc(O)cc1)c1ccc(O)cc1O,2.54
8839,CHEMBL1235773,COc1ccc2ncc(C#N)c(CCN3CCC(NCc4cc5c(cn4)OCS5)CC3)c2c1,2.55
8840,CHEMBL1829416,CCC(c1nc2ccsc2c(=O)n1Cc1ccccc1)N(CCCN)C(=O)c1ccc(C)nc1,2.56
8842,CHEMBL363160,CCc1cccc(CC)c1NC(=O)N1Cc2[nH]nc(NC(=O)c3ccc(N4CCN(C)CC4)cc3)c2C1,3.31
8843,CHEMBL1600099,O=C1CN(C(=O)c2ccccc2)C(c2ccccc2)c2cc(Cl)ccc2N1,3.31
8844,CHEMBL2208425,O=C(NC[C@@H](O)CN1CCC(Oc2ccc(Cl)c(Cl)c2)CC1)c1cn2cc(F)ccc2n1,3.33
8845,CHEMBL556667,O=C(Nc1cccc(Cl)c1)c1ccccn1,3.4
8846,CHEMBL1631095,NC(=O)c1cc(C(N)=O)n(-c2cccc(-c3cc(C(F)(F)F)ccc3C(F)(F)F)c2)n1,3.4
8847,CHEMBL90125,CN(C)CC/C=C1\c2ccccc2Sc2ccc(Cl)cc21,3.42
8849,CHEMBL259084,O=C(O)c1ccc(Nc2ncc3c(n2)-c2ccc(Cl)cc2C(c2c(F)cccc2F)=NC3)cc1,2.58
8853,CHEMBL1783275,COc1ccc(OC)c(-c2c(F)ccc3c(N)c(C(=O)NC(C)C)nnc23)c1,3.77
8854,CHEMBL2208432,O=C(NC[C@@H](O)CN1CCC(Oc2ccc(Cl)c(Cl)c2)CC1)n1c(=O)[nH]c2ccccc21,4.46
8866,CHEMBL2170837,CCn1c(C)c(C(=O)O)c(-c2cccc(N3CCN(c4ccc(NS(=O)(=O)c5ccc(N[C@H](CCN6CCC(O)CC6)CSc6ccccc6)c(S(=O)(=O)C(F)(F)F)c5)cc4)CC3)c2)c1-c1ccc(Cl)cc1,4.2
8867,CHEMBL2349312,CC(C)C[C@H](CO)Nc1nc(S[C@@H](C)c2ccccc2)nc2[nH]c(=O)sc12,4.3
8868,CHEMBL340983,COc1ccc(Cl)c(C(=O)NCC23CC4CC(CC(C4)C2)C3)c1,4.39
8869,CHEMBL1783264,COc1ccc(OC)c(-c2cccc3c(N)c(C(=O)NC4(C)CCC4)nnc23)c1,4.48
8870,CHEMBL62136,O=S(=O)(c1ccccc1)N(CC(F)(F)F)c1ccc(C(O)(C(F)(F)F)C(F)(F)F)cc1,4.5
8873,CHEMBL1650736,COc1cc(Nc2nc(N[C@@H](C)c3ncc(F)cn3)nc(N3CCOCC3)c2F)n[nH]1,2.64
8879,CHEMBL212777,Cc1ccc2c(c1)c(-c1ccnc3cc(Cl)ccc13)c(C)n2CC(=O)O,1.59
8892,CHEMBL1477,COCc1c(C(C)C)nc(C(C)C)c(/C=C/[C@@H](O)C[C@@H](O)CC(=O)O)c1-c1ccc(F)cc1,1.72
8897,CHEMBL1465276,O=C(C1CCN(c2nnc(-n3cccc3)s2)CC1)N1CCc2ccccc2C1,3.7
8898,CHEMBL2086677,Cc1cnccc1COc1cnc(N2CCN(C(=O)OC(C)(C)C)CC2)nc1,3.8
8904,CHEMBL1170,CCC(=O)O[C@H]1CC[C@H]2[C@@H]3CCC4=CC(=O)CC[C@]4(C)[C@H]3CC[C@]12C,3.3
8905,CHEMBL744,Nc1nc2ccc(OC(F)(F)F)cc2s1,3.34
8906,CHEMBL1517664,Cc1ccnc(NCc2ccccc2O)c1,3.35
8907,CHEMBL1269076,CC1=C(C2=C(C)C(=O)c3c(cc(O)c(O)c3CCc3ccc(C)cc3)C2=O)C(=O)c2cc(O)c(O)c(CCc3ccc(C)cc3)c2C1=O,3.36
8908,CHEMBL1329237,CCN(CC)c1ccc(-c2nn3c(-c4[nH]nc5c4CCC5)nnc3s2)cc1,3.37
8913,CHEMBL267936,CNC1(C)C2CCC(C2)C1(C)C,-0.84
8922,CHEMBL74355,COc1cccc([C@H](O)C2CCN(CCc3ccc(F)cc3)CC2)c1OC,1.7
8923,CHEMBL2035031,NC1(c2ccc(-c3ncc4cccnc4c3-c3ccccc3)cc2)CCC1,1.7
8924,CHEMBL1343931,Cc1nc(CS(=O)(=O)c2ccc(Cl)cc2)cc(N2CCOCC2)n1,1.8
8935,CHEMBL2036588,O=C(Nc1ccc(N2CCOCC2)nc1)c1nnc(Nc2cccc(F)c2)o1,3.2
8936,CHEMBL2098183,COc1ccc2nc(C)cc(OCC(=O)NCc3ccccc3)c2c1,3.2
8937,CHEMBL1946016,CCN(CC)C(=O)c1ccc(C(=C2CCN(Cc3ccc(F)cc3)CC2)c2ccccn2)cc1,3.28
8938,CHEMBL562310,O=C(Nc1cccc2cccnc12)c1ccc(N2C(=O)[C@@H]3[C@H](C2=O)[C@@H]2C=C[C@H]3C2)cc1,3.28
8940,CHEMBL268313,CC12CCC(=O)C=C1CCC1C2CCC2(C)C(O)CCC12,3.3
8941,CHEMBL187673,Oc1ccc(-c2nc3ccc(O)cc3o2)cc1,3.3
8951,CHEMBL1096,CC(C)c1ccc2oc3nc(N)c(C(=O)O)cc3c(=O)c2c1,1.1
8961,CHEMBL2059000,CCCSc1nc2ccc(NC(=O)CCC(=O)O)cc2s1,0.5
8962,CHEMBL17860,CC(Oc1c(Cl)cccc1Cl)C1=NCCN1,0.48
8963,CHEMBL594707,Nc1ccc2cn[nH]c2c1,0.52
8964,CHEMBL186422,O=c1ccc2ccccc2[nH]1,1.32
8965,CHEMBL2011926,COc1ccc(-c2nc3c(NCC4CCNCC4)c(Br)cnc3[nH]2)cc1,1.36
8966,CHEMBL2057371,CC(C)(C)NS(=O)(=O)c1cncc(-c2ccc3nc(NC(=O)NCC(=O)N4CCCC4)nn3c2)c1,1.37
8967,CHEMBL741,Nc1nnc(-c2cccc(Cl)c2Cl)c(N)n1,1.38
8968,CHEMBL1649771,Nc1ncc(-c2ccc(F)cc2)[nH]1,1.39
8969,CHEMBL13817,CC(C)(N)C(=O)N[C@H](COCc1ccccc1)C(=O)N1CCC2(CC1)CN(S(C)(=O)=O)c1ccccc12,1.4
8970,CHEMBL1916532,COc1ccc2ncc(F)c(CCN3CCC(NCc4cc5c(cn4)OCCO5)CC3)c2n1,1.46
8971,CHEMBL2031467,CCNC(=O)c1ccc(C)c(-n2cnc3ccc(N4CCN(C)CC4)cc3c2=O)c1,1.47
8972,CHEMBL1172,Clc1ccc2c(c1)CCc1cccnc1C2=C1CCNCC1,1.48
8999,CHEMBL2036782,CC(C)N1CCN[C@@H](C(=O)N2CCN(C(=O)Nc3ccc(Cl)c(Cl)c3)CC2)C1,2.21
9000,CHEMBL255044,CCOC(=O)Nc1ccc(NCc2ccc(F)cc2)nc1N,2.22
9002,CHEMBL2158770,N#Cc1cccc(C[C@@H](C(=O)O)N2CCC(CN3CCC(Oc4ccc(Cl)c(Cl)c4)CC3)CC2)c1,2.26
9003,CHEMBL216981,CC[C@@H](Nc1c(Nc2cccc(C(=O)N(C)C)c2O)c(=O)c1=O)c1ccc(C)o1,2.32
9004,CHEMBL1466,O=c1oc2ccccc2c(O)c1Cc1c(O)c2ccccc2oc1=O,1.22
9005,CHEMBL2165060,COc1ccc2ncc(=O)n(CCN3CC[C@H](NCc4cc5c(cn4)OCCO5)[C@@H](OC)C3)c2c1,1.25
9006,CHEMBL1324,Cc1ccc(C(=O)c2cc(O)c(O)c([N+](=O)[O-])c2)cc1,0.74
9007,CHEMBL205627,COC[C@H](C)Oc1cc(O[C@@H](C)Cc2ccccc2)cc(C(=O)Nc2ccc(C(=O)O)cn2)c1,1.5
9008,CHEMBL2152074,Nc1nc(Nc2ccc3nc(-c4ccc(F)cc4)cc(N)c3c2)cc(-c2ccc(C(F)(F)F)cc2)n1,1.54
9010,CHEMBL596271,Cn1c(CN2CCN(c3ccc(Cl)cc3)CC2)nc2ccccc21,3.54
9011,CHEMBL93124,CNc1ccc(-c2nc3ccc(O)cc3s2)cc1,3.5
9018,CHEMBL1683934,O=C(Nc1ccccc1-c1ccccc1)OC1CCN(CCCCCCCCCNC[C@H](O)c2ccc(O)c3[nH]c(=O)ccc23)CC1,2.16
9021,CHEMBL1947155,C[C@@H](NCc1ccccc1-c1ccc(CCNC[C@H](O)c2ccc(O)c3[nH]c(=O)sc23)cc1)c1ccccc1,2.28
9022,CHEMBL1809221,COc1cc(N2CCN(C(C)=O)CC2)ccc1Nc1ncc(Cl)c(-c2cnc3cc(C#N)ccn23)n1,2.3
9024,CHEMBL342357,O=C1NC(=O)c2cc(OCc3ccccc3)ccc21,3.1
9029,CHEMBL2163360,N#CC1(NC(=O)[C@@H]2CCCC[C@H]2C(=O)N2CCc3[nH]c4ncccc4c3C2)CC1,2.13
9030,CHEMBL78535,CCO/N=C(\c1ccc(Br)cc1)C1CCN(C2(C)CCN(C(=O)c3c(C)cc[n+]([O-])c3C)CC2)CC1,2.14
9033,CHEMBL611,COc1cc2nc(N3CCN(C(=O)C4CCCO4)CC3)nc(N)c2cc1OC,0.9
9034,CHEMBL2177602,CCc1c(C(=O)NC2C3CC4CC(C3)CC2C4)cnn1-c1ccc(C(=O)O)cc1,0.9
9035,CHEMBL2059004,Cc1nc2ccc(NC(=O)CCNC(N)=O)cc2s1,0.9
9039,CHEMBL2031233,Cc1ccc(NC(=O)C2CC2)cc1-n1cnc2ccc(N3CCN(C)CC3)cc2c1=O,2.17
9044,CHEMBL2140607,CCn1c(-c2nonc2N)nc2c(C#CC(C)(C)O)ncc(OCC3CCCNC3)c21,0.6
9045,CHEMBL423,CC(C)NCC(O)COc1ccc(CCOCC2CC2)cc1,0.63
9046,CHEMBL1981679,CC(=O)O[C@H]1CC[C@]2(C=O)[C@H]3CC[C@]4(C)[C@@H](C5=CC(=O)OC5)CC[C@]4(O)[C@@H]3CC[C@]2(O)C1,0.64
9047,CHEMBL797,CN1C(=O)CC(c2ccccc2)C1=O,0.68
9052,CHEMBL177611,O=C(N[C@H]1CN2CCC1CC2)c1ccc(Cl)cc1,0.6
9053,CHEMBL12132,CC(=O)Nc1ccccn1,0.5
9057,CHEMBL106,OC(Cn1cncn1)(Cn1cncn1)c1ccc(F)cc1F,0.48
9062,CHEMBL1292,CC(C)/N=c1\cc2n(-c3ccc(Cl)cc3)c3ccccc3nc-2cc1Nc1ccc(Cl)cc1,3.17
9065,CHEMBL2062571,CC(=O)Nc1ccc2ccn(-c3cc(NC4COC4)n4ncc(C#N)c4n3)c2c1,2.24
9066,CHEMBL1480987,CC1CC(OC(=O)C(O)c2ccccc2)CC(C)(C)C1,2.31
9073,CHEMBL1701081,Cn1c(=O)n(Cc2ccc(Br)cc2)c2ccccc21,2.81
9079,CHEMBL1778865,COc1cc(F)ccc1-c1cncc(CNCC2CC2)n1,1.8
9080,CHEMBL2171044,N#Cc1cccc(S(=O)(=O)NC(=O)N2CCC(N3CCC(Oc4ccc(Cl)c(Cl)c4)CC3)CC2)c1,1.81
9081,CHEMBL2158781,Cc1cc(F)ccc1OC1CCN(CC2CCN([C@@H](Cc3ccc(F)cc3)C(=O)O)CC2)CC1,1.81
9085,CHEMBL2179282,CCC(C)(CC)C[C@H](c1ccc(C(=O)O)c(Oc2cccc(Br)c2)c1)N1CCC[C@H](n2cc(C)c(=O)[nH]c2=O)C1,1.97
9086,CHEMBL2178369,Cc1nc(C)c(-c2ccc3c(c2)CC[C@]32CC[C@@H](Cc3nnn[nH]3)CC2)nc1C(N)=O,2.0
9087,CHEMBL1289283,O=c1cc(OCc2ccccc2)ccn1-c1ccc2c(cnn2CCN2CCCC2)c1,2.0
9088,CHEMBL2178393,Nc1nnc(CCSCCc2nnc(NC(=O)Cc3ccccc3)s2)s1,2.0
9089,CHEMBL1880028,O=C(Cc1ccc(Oc2ccccc2)cc1)NO,2.03
9090,CHEMBL2165615,Cc1cnc(NC(=O)c2cc(Oc3cnc(C(=O)N(C)C)nc3)c3cc(C)oc3c2)cn1,2.1
9102,CHEMBL2325696,C[C@H]1COCCN1c1cc(C2(S(C)(=O)=O)CC2)nc(-c2cccc3[nH]ccc23)n1,2.8
9103,CHEMBL669,CN(C)CCC=C1c2ccccc2C=Cc2ccccc21,2.83
9105,CHEMBL1526762,Cc1cc(C)nc(SCC(N)=O)n1,0.23
9106,CHEMBL2031160,O=C(N[C@@H](Cc1ccc(OCCc2ccc3c(n2)NCCC3)cc1)C(=O)O)c1c(Cl)cccc1Cl,0.33
9108,CHEMBL86,CCN(CC)CCNC(=O)c1cc(Cl)c(N)cc1OC,0.34
9109,CHEMBL914,CC(C)(C(=O)O)c1ccc(C(O)CCCN2CCC(C(O)(c3ccccc3)c3ccccc3)CC2)cc1,0.42
9117,CHEMBL2017974,Nc1cc(C(F)(F)F)c(-c2cc(N3CCOCC3)nc(N3CCOCC3)n2)cn1,2.7
9118,CHEMBL2151319,C[C@H](Nc1ccc2ncn(-c3cc(C4CC4)[nH]n3)c2n1)c1ncc(F)cn1,2.74
9119,CHEMBL2325994,NC1(C(=O)NC(CCCN2CCCC2)c2ccc(Cl)cc2)CCN(c2ncnc3[nH]ccc23)CC1,1.3
9120,CHEMBL2331745,COc1ccc(S(=O)(=O)N2CCC[C@H](n3cc(C)c(=O)[nH]c3=O)C2)cc1Oc1cccc(Cl)c1,2.73
9124,CHEMBL1241,CN(C)CCN(Cc1ccccc1)c1ccccn1,1.28
9127,CHEMBL2171992,COc1ccc(N2CCN(C(=O)[C@@H]3CCCC[C@H]3C(=O)NC3(C#N)CC3)CC2)cc1,1.74
9128,CHEMBL268362,COc1ccccc1CNC(=O)c1ccc2cnccc2n1,1.8
9129,CHEMBL2325991,COc1ccc(C(C)NC(=O)C2(N)CCN(c3ncnc4[nH]ccc34)CC2)cc1OC,1.8
9140,CHEMBL1545637,O=C(c1ccc(Cl)cc1)C1CCN(C(=O)c2ccc(F)cc2)CC1,3.49
9146,CHEMBL428462,Clc1ccc(C2(c3ccc(-c4cn[nH]c4)cc3)CCNCC2)cc1,1.51
9147,CHEMBL2070121,COc1cnc(-c2ccccn2)nc1N1CCOCC1,1.52
9148,CHEMBL549,CN(C)CCCC1(c2ccc(F)cc2)OCc2cc(C#N)ccc21,1.56
9149,CHEMBL12315,c1ccc2cnccc2c1,1.6
9150,CHEMBL108,NC(=O)N1c2ccccc2C=Cc2ccccc21,1.65
9151,CHEMBL199237,O=C(NCc1ccccn1)c1ccc(Oc2ccccc2)cc1,2.7
9155,CHEMBL151592,Cc1cccc(C(N)=O)c1NC(=O)c1ccccc1,1.09
9156,CHEMBL483254,Cc1[nH]c2ccccc2c1CCNCc1ccc(/C=C/C(=O)NO)cc1,1.1
9173,CHEMBL1574150,O=C(NC1CCCC1)C(c1ccncc1)N(Cc1ccco1)C(=O)c1ccc(-c2ccccc2)[nH]1,4.36
9177,CHEMBL93884,Nc1ccc(-c2nc3ccc(O)cc3s2)cc1,3.2
9183,CHEMBL371064,CCCN1CCN(c2ccc(C(=O)NC3(C(=O)NCC#N)CCCCC3)cc2)CC1,1.33
9184,CHEMBL1783734,CS(=O)(=O)c1ccc([C@@H](C[C@H]2CCC(=O)C2)C(=O)Nc2cnccn2)cc1Cl,1.39
9207,CHEMBL5483011,CC(C)(C)NC(=O)[C@@H]1CN(Cc2cccnc2)CCN1C[C@@H](O)C[C@@H](Cc1ccccc1)C(=O)N[C@H]1c2ccccc2C[C@H]1O.O,2.9
9208,CHEMBL2335892,COCCC(=O)NC(C)c1ccc(Nc2ncc3cc(-c4ccncc4)ccc3n2)cc1,2.98
9209,CHEMBL292376,COc1cccc([C@@H](C)NCCCc2ccccc2Cl)c1,3.0
9210,CHEMBL2207657,Cc1cc(Cl)ccc1OC1CCN(C[C@H](O)CNC(=O)c2c[nH]c(=O)c3c(F)cccc23)CC1,3.0
9211,CHEMBL2336327,COc1ccc(-c2ccc3c(N4CCOCC4)nc(N4C[C@@H](C)O[C@@H](C)C4)nc3n2)cc1CNCCO,1.31
9212,CHEMBL2177390,CC(C)NC[C@@H](C(=O)N1CCN(c2ncnc3c2[C@H](C)C[C@H]3O)CC1)c1ccc(Cl)cc1,1.3
9213,CHEMBL73234,CCN(CC)CCOCCOC(=O)C1(c2ccccc2)CCCC1,1.33
9214,CHEMBL1916272,CCC(CC)NC(=O)c1c(C)nn(-c2ccccc2)c1NS(=O)(=O)c1ccc(C)cc1,1.35
9216,CHEMBL66761,O=c1[nH]nc(Cc2ccccc2)c2ccccc12,2.8
9222,CHEMBL1945031,Cc1cccc2c(CCNCc3cccc(CCNC[C@H](O)c4ccc(O)c5[nH]c(=O)sc45)c3)c[nH]c12,1.13
9223,CHEMBL1523918,O=S(=O)(Nc1nnc(-c2ccccc2)s1)c1ccc(Cl)cc1,1.14
9227,CHEMBL1939739,O=C(Nc1cccc([C@@H](c2ccc(C(=O)N3CCC3)cc2)N2CCN(Cc3ccc(F)cc3)CC2)c1)C1CC1,3.58
9236,CHEMBL2059869,Cc1ccc(-c2cn(C)c(C)n2)cc1NC(=O)c1ccc(OCc2ccccn2)cc1,2.71
9237,CHEMBL2326476,Nc1nc2cc3c(cc2s1)CCN(Cc1ccccc1)CC3,2.66
9238,CHEMBL135,C[C@]12CC[C@@H]3c4ccc(O)cc4CC[C@H]3[C@@H]1CC[C@@H]2O,3.72
9239,CHEMBL1299863,CCc1c(C)nc(SCC(=O)Nc2nc(-c3ccc(OC)cc3)cs2)nc1O,3.78
9240,CHEMBL2152915,CO[C@H]1CC[C@]2(CC1)Cc1ccc(-c3cc(Cl)cc(C#N)c3)cc1C21N=C(C)C(N)=N1,3.8
9244,CHEMBL1716201,Cc1cc(NC(=O)Nc2ccc(Cl)cc2)n(-c2ccccc2)n1,4.15
9245,CHEMBL32,COc1c(N2C[C@@H]3CCCN[C@@H]3C2)c(F)cc2c(=O)c(C(=O)O)cn(C3CC3)c12,-0.18
9246,CHEMBL202314,O=C(NS(=O)(=O)c1ccc(NCCSc2ccccc2)c([N+](=O)[O-])c1)c1ccc(N2CCNCC2)cc1,-0.04
9247,CHEMBL154,COc1ccc2cc([C@H](C)C(=O)O)ccc2c1,0.13
9248,CHEMBL1923434,Cc1[nH]c(C(=O)NC2CCN(c3nc(C(=O)O)cs3)CC2)c(Cl)c1Cl,0.14
9249,CHEMBL389348,N=C(N)NCCC[C@H](NC(=O)COCC(c1ccccc1)c1ccccc1)C(=O)O,0.18
9250,CHEMBL1917461,Cc1ccc2c(n1)c(Sc1ccc(Cl)cc1)c(C)n2CC(=O)O,0.35
9263,CHEMBL1628691,Clc1cccc(-n2nnnc2NCc2ccccc2Oc2ccccn2)c1Cl,3.62
9264,CHEMBL101253,Clc1ccc(Nc2nnc(Cc3ccncc3)c3ccccc23)cc1,3.7
9265,CHEMBL452,O=C1CN=C(c2ccccc2Cl)c2cc([N+](=O)[O-])ccc2N1,3.72
9285,CHEMBL2031229,Cc1ccc(NC(=O)c2ccccc2F)cc1-n1cnc2ccc(N3CCN(C)CC3)cc2c1=O,2.75
9287,CHEMBL2325503,CS(=O)(=O)c1ccc(-c2nnc(/C=C/c3nnc(-c4ccc(C#N)cc4)o3)n2-c2ccccc2Cl)nc1,2.66
9291,CHEMBL2062561,COc1ccc(-c2cc(Nc3ccn(C)n3)n3ncc(C#N)c3n2)cc1,2.97
9292,CHEMBL2164684,N#CC1(NC(=O)[C@@H]2CCCC[C@H]2C(=O)N2CCc3[nH]c4cc(F)ccc4c3C2)CC1,2.99
9293,CHEMBL1775179,CC(C)OC(=O)N1CCC(Oc2ncnc3c2cnn3-c2ccc(S(C)(=O)=O)cc2F)CC1,3.0
9302,CHEMBL66953,O=c1c(O)cccc2cc(O)c(O)c(O)c12,2.03
9303,CHEMBL1889452,CC1C(=O)Nc2ccccc2N1C(=O)c1ccccc1,2.11
9309,CHEMBL1508448,CC(C)(C)c1cc(O)n2nc(N)nc2n1,-0.2
9310,CHEMBL1946026,O=C(c1ccc(C(=C2CCN(Cc3cscn3)CC2)c2cccc3cccnc23)cc1)N1CCCC1,2.75
9311,CHEMBL2158775,COc1ccccc1C[C@@H](C(=O)O)N1CCC(CN2CCC(Oc3ccc(Cl)c(Cl)c3)CC2)CC1,2.77
9312,CHEMBL1644358,c1ccc(Nc2ccnc3ccccc23)cc1,2.78
9313,CHEMBL488937,Cc1c(N)cccc1Cn1ccc(OCCc2cccs2)cc1=O,2.78
9314,CHEMBL778,Cc1cccc([C@H](C)c2c[nH]cn2)c1C,2.79
9315,CHEMBL81,O=C(c1ccc(OCCN2CCCCC2)cc1)c1c(-c2ccc(O)cc2)sc2cc(O)ccc12,4.13
9316,CHEMBL2087861,CCn1c(=O)c2c(-c3cc(C#N)cn3C)n(Cc3ccnc4ccc(Cl)cc34)nc2n(CC2CC2)c1=O,4.13
9317,CHEMBL1539253,Cc1ccnc(NCc2c(O)ccc3ccccc23)c1,4.24
9318,CHEMBL298019,CCOC(=O)c1ccc(OCCC2CCN(c3ccc(C)nn3)CC2)cc1,4.42
9320,CHEMBL2089277,N#Cc1cccc(-c2cccc(C(=O)O)c2)c1,0.3
9321,CHEMBL303714,NCc1nc2ccccc2[nH]1,0.4
9328,CHEMBL438,Cc1ccnc(NS(=O)(=O)c2ccc(N)cc2)n1,-0.51
9329,CHEMBL142703,N#C[C@@H]1CCCN1C(=O)CNC12CC3CC(CC(O)(C3)C1)C2,-0.48
9330,CHEMBL696,CCC1(C)CC(=O)NC1=O,0.23
9332,CHEMBL2360367,CCOc1ccc(-n2c(CC)nc3ccccc3c2=O)cc1,3.27
9333,CHEMBL325245,COc1cc2ncnc(NCc3ccccc3)c2cc1OC,3.29
9334,CHEMBL31354,COc1ccccc1N1CCN(CCN(C(=O)C2CCCCC2)c2ccccn2)CC1,3.0
9337,CHEMBL1200374,C=C1C[C@@H]2[C@H](CC[C@]3(C)C(=O)CC[C@@H]23)[C@@]2(C)C=CC(=O)C=C12,2.98
9338,CHEMBL1054,NS(=O)(=O)c1cc2c(cc1Cl)NC(C(Cl)Cl)NS2(=O)=O,0.37
9339,CHEMBL2144138,NC(=O)C1CCN(CC(=O)Nc2ccc3c(c2)OCO3)CC1,0.4
9340,CHEMBL2335901,C[C@@H](NC(=O)C1CCNCC1)c1ccc(Nc2ncc3cc(-c4ccncc4)ccc3n2)cc1,0.4
9341,CHEMBL600780,NNc1nc2ccccc2[nH]c1=O,0.44
9347,CHEMBL2057372,CC(C)(C)NS(=O)(=O)c1cncc(-c2ccc3nc(NC(=O)NCC(=O)N4CCOCC4)nn3c2)c1,0.96
9359,CHEMBL2163590,CCOc1cccc2c3c([nH]c12)CCN(C(=O)[C@@H]1CCCC[C@H]1C(=O)NC1(C#N)CC1)C3,3.1
9360,CHEMBL2335908,COc1cc2nc(Nc3ccc([C@@H](C)NC(C)=O)cc3)ncc2cc1-c1ccncc1,3.11
9365,CHEMBL1382733,Cn1c(-c2ccc(O)nc2)nc2ccccc21,1.2
9367,CHEMBL209689,Cc1ccc2c(c1)c(-c1ccnc3c(C)cccc13)c(C)n2CC(=O)O,1.29
9368,CHEMBL1454596,CCOC(=O)Cc1csc(NS(=O)(=O)c2ccc(Cl)cc2)n1,1.32
9369,CHEMBL1824042,O=C1COc2ccc(CNC3CCN(CCN4C(=O)COc5ccc(Cl)cc54)CC3)nc2N1,1.33
9370,CHEMBL533154,Cc1cc(N)c2cc(NC(=O)CCC(=O)Nc3ccc4nc(C)cc(N)c4c3)ccc2n1,1.39
9371,CHEMBL607,CCOC(=O)C1(c2ccccc2)CCN(C)CC1,1.4
9375,CHEMBL1762545,COc1cc(Nc2nccc(N(C)c3cc(CO)ccc3C)n2)cc(N2CCOCC2)c1,3.9
9380,CHEMBL94191,COc1cc2ncnc(Nc3ccccc3)c2cc1OC,3.04
9382,CHEMBL1800659,CCCCN(CCNCCc1ccc(O)c2[nH]c(=O)sc12)C(=O)CCOCCc1ccccc1,3.0
9384,CHEMBL2153173,CCCSc1ncccc1C(=O)NC1CCCCC1,3.24
9385,CHEMBL397237,C[C@H](CO)Nc1nc(SCc2cccc(F)c2F)nc2nc(N)sc12,3.29
9386,CHEMBL2023802,CCOc1cc2nccc(Oc3cnc(CC(=O)Nc4n[nH]c(CC)c4C)c(OC)c3)c2cc1OC,3.29
9395,CHEMBL2335896,CC(=O)N[C@H](C)c1ccc(Nc2ncc3cc(-c4ccncc4)ccc3n2)cc1,3.18
9396,CHEMBL2177605,O=C(O)c1ccc(-n2ncc(C(=O)NC3C4CC5CC(C4)CC3C5)c2C2CCC2)cc1,1.33
9397,CHEMBL2177611,CCCSc1c(C(=O)NC2CCCCC2)cnn1[C@H]1CC[C@@H](C(=O)O)CC1,1.39
9398,CHEMBL51594,c1ccc2c(c1)CCN(c1ccncc1)C2,1.4
9399,CHEMBL2207670,CS(=O)(=O)c1ccc2c(C(=O)NC[C@@H](O)CN3CCC(Oc4ccc(C#N)c(Cl)c4)CC3)c[nH]c(=O)c2c1,1.41
9400,CHEMBL255130,COc1ccc(/C=C2\SC(=S)NC2=O)cc1OC,1.42
9401,CHEMBL551813,CN(C)c1nc(Cc2ccc(NC(=O)c3ccc(C(F)(F)F)cc3)cc2)nc(N(C)C)c1CC(=O)O,1.46
9402,CHEMBL1078979,c1ccc(-c2n[nH]c(-c3ccncc3)n2)nc1,1.48
9413,CHEMBL2164678,N#CC1(NC(=O)[C@@H]2CCCC[C@H]2C(=O)N2CCc3[nH]c4ccc(F)cc4c3C2)CC1,3.0
9414,CHEMBL2335905,C[C@@H](NC1=CC(=O)NCC1)c1ccc(Nc2ncc3cc(-c4ccncc4)ccc3n2)cc1,3.02
9418,CHEMBL21640,c1ccc(CC2NCCc3ccccc32)cc1,1.89
9434,CHEMBL51931,O=C1C(=O)c2ccccc2-c2ccccc21,2.6
9435,CHEMBL2153179,CCCSc1ncccc1C(=O)N(C)[C@@H]1[C@@H]2CC3C[C@H]1C[C@@](O)(C3)C2,2.49
9436,CHEMBL806,CC(C)C(=O)Nc1ccc([N+](=O)[O-])c(C(F)(F)F)c1,3.46
9437,CHEMBL2088259,COc1cc(CCc2cc(Nc3ccnc(NCc4ccccn4)n3)n[nH]2)cc(OC)c1,3.5
9439,CHEMBL25710,CCCc1c(OCCCSc2ccc(CC(=O)O)cc2Cl)ccc(C(=O)CC)c1O,3.57
9442,CHEMBL1312533,CC(=O)NC1CC2CCCC(C1)N2C(=O)Nc1ccc(Cl)c(C(F)(F)F)c1,2.79
9443,CHEMBL595,CCc1ccc(CCOc2ccc(CC3SC(=O)NC3=O)cc2)nc1,2.8
9444,CHEMBL2036594,COc1cccc(Nc2nnc(C(=O)Nc3ccc(N4CCOCC4)nc3)o2)c1,2.8
9445,CHEMBL1257457,NC(=O)c1cccc(OC2CCN(Cc3ccccc3)CC2)c1,1.92
9448,CHEMBL121,CN(CCOc1ccc(CC2SC(=O)NC2=O)cc1)c1ccccn1,2.5
9460,CHEMBL2179290,Cc1cn(C2CCCN(Cc3cccc(Oc4ccc(Cl)cc4)c3)C2)c(=O)[nH]c1=O,3.38
9463,CHEMBL2010843,CN(C(=O)Cc1ccc(-n2cnnn2)cc1)C1CCN(Cc2nc3c(s2)CCCC3)CC1,2.5
9465,CHEMBL1088752,Cc1c(F)cc(C(=O)NC2CC2)cc1-c1ccc(C(=O)NCC(C)(C)C)cn1,3.5
9468,CHEMBL2059871,Cc1ccc(-c2cc(C(F)(F)F)n[nH]2)cc1NC(=O)c1ccc(OCc2ccccn2)cc1,2.44
9470,CHEMBL62,CN1CCc2cc(Cl)c(O)cc2[C@@H](c2ccccc2)C1,2.5
9471,CHEMBL2325738,NC1(C(=O)NC(CCO)c2ccc(Cl)cc2)CCN(c2ncnc3[nH]ccc23)CC1,2.5
9472,CHEMBL1079175,NC1(c2ccc(-c3nc4ccn5c(=O)[nH]nc5c4cc3-c3ccccc3)cc2)CCC1,2.5
9474,CHEMBL2048869,CCOc1cccc(/C=C2\SC(=O)NC2=O)c1N1CCC[C@@H](N)C1,1.86
9475,CHEMBL1092926,Fc1cc(-c2cccc3ncc(-c4cnn(C5CCNCC5)c4)nc23)cc(F)c1CN1CCOCC1,1.86
9476,CHEMBL2023117,CCn1cc(NC(=O)Cc2ccc(Oc3ccnc4cc(OC)c(OC)cc34)cc2OC)cn1,3.42
9480,CHEMBL51483,Cc1cc2c(C(C)C)c(O)c(O)c(C=O)c2c(O)c1-c1c(C)cc2c(C(C)C)c(O)c(O)c(C=O)c2c1O,2.75
9489,CHEMBL2031164,O=C(N[C@@H](Cc1ccc(OCCNc2nc3ccccc3[nH]2)cc1)C(=O)O)c1c(Cl)cccc1Cl,0.6
9494,CHEMBL2158785,Cc1c(OC2CCN(CC3CCN([C@@H](Cc4ccc(F)cc4)C(=O)O)CC3)CC2)ccc(C#N)c1Cl,2.19
9495,CHEMBL1824045,O=C1COc2ccc(CNC3CCN(CCN4C(=O)COc5ccc(-c6ccco6)cc54)CC3)nc2N1,2.19
9496,CHEMBL1234354,COc1ccc(-c2cc3c(C)nc(N)nc3n([C@H]3CC[C@H](OCCO)CC3)c2=O)cn1,2.2
9497,CHEMBL2036576,CN1CCN(c2ccc(NC(=O)c3nnc(Nc4ccccc4F)o3)cn2)CC1,2.36
9510,CHEMBL1626156,OCCNCc1cc(Br)ccc1OCc1ccc(Cl)cc1,2.98
9511,CHEMBL1401353,Cc1cccc(NS(=O)(=O)c2cccc3nonc23)c1,3.0
9517,CHEMBL1454839,c1ccc2sc(C3CCCNC3)nc2c1,1.0
9520,CHEMBL1086377,CCN1CCN(CC(=O)Nc2ccc(-c3cccc4c(=O)cc(N5CCOCC5)oc34)c3sc4ccccc4c23)CC1,3.05
9521,CHEMBL1075,CCOC(=O)Nc1ccc2c(c1)N(C(=O)CCN1CCOCC1)c1ccccc1S2,3.1
9524,CHEMBL575448,C[C@@]1(C(=O)Nc2ccc(F)nc2)CCCN1c1nc(Nc2cc(C3CC3)n[nH]2)c2cccn2n1,3.16
9527,CHEMBL515,O=C(O)CCCc1ccc(N(CCCl)CCCl)cc1,1.47
9531,CHEMBL1939741,CCN(C)C(=O)c1ccc([C@H](c2cccc(NC(=O)C3CCC3)c2)N2CCN(Cc3cccnc3)CC2)cc1,3.27
9537,CHEMBL15770,CC1=C(CC(=O)O)c2cc(F)ccc2/C1=C\c1ccc([S+](C)[O-])cc1,-0.01
9538,CHEMBL1471720,CN1CCN(CC(=O)Nc2c(C#N)cnn2-c2ccccc2)CC1,0.0
9539,CHEMBL817,Cc1ccc(S(=O)(=O)NC(=O)NN2CCCCCC2)cc1,0.01
9540,CHEMBL487273,NC(=O)Nc1sc(-c2ccccc2)cc1C(=O)N[C@H]1CCCNC1,1.27
9541,CHEMBL1513,CCCCC1=NC2(CCCC2)C(=O)N1Cc1ccc(-c2ccccc2-c2nnn[nH]2)cc1,1.29
9544,CHEMBL2158833,O=C(O)c1ccc(CN2CCC(CN3CCC(Oc4ccc(Cl)c(Cl)c4)CC3)CC2)cc1,1.1
9545,CHEMBL1951164,COc1cc(OC)c(S(=O)(=O)N(C)c2ccccc2)cc1NC(C)=O,1.1
9556,CHEMBL295467,CNCCC(Oc1ccccc1OC)c1ccccc1,0.22
9557,CHEMBL112,CC(=O)Nc1ccc(O)cc1,0.25
9558,CHEMBL1824029,CC(O)c1ccc2c(c1)N(CCN1CCC(NCc3ccc4c(n3)NC(=O)CO4)CC1)C(=O)CO2,0.25
9559,CHEMBL2030960,CNc1cccc(CCOc2ccc(C[C@H](NC(=O)c3c(Cl)cccc3Cl)C(=O)O)cc2C)n1,0.34
9560,CHEMBL1201117,COc1ccccc1OCC(O)COC(N)=O,0.36
9571,CHEMBL2335885,COCCC(=O)N(C)c1ccc(Nc2ncc3cc(-c4ccncc4)ccc3n2)cc1,3.23
9572,CHEMBL365123,Cc1cn(Cc2ccccc2)c(=O)[nH]c1=O,1.19
9579,CHEMBL2208429,O=C(NC[C@@H](O)CN1CCC(Oc2ccc(Cl)c(Cl)c2)CC1)c1n[nH]c2ccccc12,2.95
9580,CHEMBL1441229,Cc1cc(C)n(-c2cccc(Cl)c2C#N)n1,3.0
9582,CHEMBL957,COc1ccccc1Oc1c(NS(=O)(=O)c2ccc(C(C)(C)C)cc2)nc(-c2ncccn2)nc1OCCO,1.03
9583,CHEMBL27577,NC(=O)c1ccccc1O,1.09
9584,CHEMBL8809,CCN1CCC[C@H]1CNC(=O)c1c(O)c(Cl)cc(Cl)c1OC,1.09
9585,CHEMBL1945290,CCOc1ccccc1CNCc1cccc(CCNC[C@H](O)c2ccc(O)c3[nH]c(=O)sc23)c1,1.13
9586,CHEMBL585,Nc1nc(N)c2nc(-c3ccccc3)c(N)nc2n1,1.16
9593,CHEMBL102726,c1ccc(CNc2ncnc3ccccc23)cc1,3.21
9594,CHEMBL2158466,CCCSc1nc(NC)ccc1C(=O)N[C@H]1C2CC3CC1C[C@](O)(C3)C2,3.27
9612,CHEMBL70972,CC1=C(C)C(=O)C(C(CCCCCC(=O)O)c2ccccc2)=C(C)C1=O,2.48
9613,CHEMBL72683,c1ccc(-c2nc3ccccc3[nH]2)nc1,2.5
9614,CHEMBL253969,NC(=O)c1c(OCc2c(F)cc(Br)cc2F)nsc1NC(=O)NCCCCN1CCCC1,2.5
9615,CHEMBL1213376,COc1ccc(CCN2CN=C(SCc3ccc(Cl)cc3)NC2)cc1OC,2.41
9616,CHEMBL2062557,COc1ccc(-c2cc(N)n3ncc(C#N)c3n2)cc1,2.42
9621,CHEMBL75880,C1CCC(C(CC2CCCCN2)C2CCCCC2)CC1,3.02
9628,CHEMBL249697,Cc1ccc2nc(NCCN)c3ncc(C)n3c2c1,0.88
9629,CHEMBL36994,COc1ccc(C(=O)N2CCCC2=O)cc1,0.93
9630,CHEMBL245908,O=C(O)COc1ccc(Cl)cc1C1CCCCC1,0.93
9631,CHEMBL1568309,CC(=O)Nc1ccccc1C,1.0
9642,CHEMBL1922094,Cc1c(CN2CCN(C(=O)[C@H](C)O)CC2)sc2c(N3CCOCC3)nc(-c3cnc(N)nc3)nc12,1.9
9643,CHEMBL1340091,O=S(=O)(Nc1ccc(S(=O)(=O)Nc2nccs2)cc1)c1ccc2c(c1)OCCO2,1.97
9644,CHEMBL2171050,Cc1ccc(S(=O)(=O)NC(=O)N2CCC(N3CCC(Oc4ccc(F)c(F)c4)CC3)CC2)cc1,0.75
9645,CHEMBL2164744,COc1ccc2ncc(=O)n(CCN3CC[C@H](NCc4cc5c(cn4)OCCO5)[C@H](O)C3)c2c1,0.77
9646,CHEMBL1807815,Nc1nc(OC2CCCC2)nc2c1ncn2[C@@H]1O[C@H](CO)[C@@H](O)[C@H]1O,0.79
9647,CHEMBL1359240,O=c1c2ccccc2nc2n1CCS2(=O)=O,0.8
9648,CHEMBL189963,CC(=O)c1c(C)c2cnc(Nc3ccc(N4CCNCC4)cn3)nc2n(C2CCCC2)c1=O,0.8
9678,CHEMBL225510,O=S(=O)(Nc1cccnc1)c1cccs1,0.54
9679,CHEMBL750,NS(=O)(=O)Cc1noc2ccccc12,0.55
9680,CHEMBL898,O=C(O)c1cc(-c2ccc(F)cc2F)ccc1O,0.59
9681,CHEMBL2179273,CCC[C@H](c1ccc(C(=O)O)c(Oc2cccc(Cl)c2)c1)N1CCC[C@H](n2cc(C)c(=O)[nH]c2=O)C1,0.6
9682,CHEMBL528724,Cc1cc2nc(NC(=N)N)nc(C)c2cc1C,0.7
9683,CHEMBL74380,COC1/C=C/OC2(C)Oc3c(C)c(O)c4c(c3C2=O)C(=O)C=C(NC(=O)/C(C)=C\C=C\C(C)C(O)C(C)C(O)C(C)C(OC(C)=O)C1C)C4=O,0.7
9684,CHEMBL1457701,O=c1cc(O)oc2c1c(=O)n(Cc1ccccc1)c1ccccc21,1.97
9685,CHEMBL1721722,Oc1ncnc2onc(-c3ccc(F)cc3)c12,1.97
9686,CHEMBL2105728,CC1(COc2ccc3c(c2)ncn3-c2ccc3cccc(N4CCC(N)CC4)c3n2)COC1,1.99
9687,CHEMBL93,CC(c1cc2ccccc2s1)N(O)C(N)=O,2.05
9688,CHEMBL1486187,FC(F)(F)c1nnc2ccc(NCc3cccnc3)nn12,2.06
9689,CHEMBL1951076,COc1cc(OC)c(S(=O)(=O)N2c3ccccc3CCC2C)cc1NC(=O)COC(C)=O,2.07
9693,CHEMBL2181928,C[C@@H]1CN(c2ccc3c(n2)NC(=O)CO3)[C@H](c2ccccc2)CO1,2.75
9694,CHEMBL2151322,CC(C)Oc1cc(-n2cnc3ccc(N[C@@H](CO)c4ccc(F)cn4)nc32)n[nH]1,2.79
9695,CHEMBL2070947,CS(=O)(=O)c1ccc2nc(N3CCN(C(=O)[C@@H]4CCCC[C@H]4C(=O)NC4(C#N)CC4)CC3)sc2c1,1.49
9696,CHEMBL2010839,CN(C(=O)Cc1ccc(-n2cnnn2)cc1)C1CCN(Cc2ccc(C(F)(F)F)nc2)CC1,1.8
9699,CHEMBL2059861,Cc1ccc(-c2nccn2C)cc1NC(=O)c1ccc(OCc2ccccn2)cc1,2.83
9700,CHEMBL2062565,CC(=O)Nc1cnc2ccn(-c3cc(NC4CC4)n4ncc(C#N)c4n3)c2c1,2.69
9702,CHEMBL567175,Oc1ccc2c3c1O[C@H]1c4[nH]c5ccccc5c4C[C@@]4(O)[C@@H](C2)N(CC2CC2)CC[C@]314,2.7
9703,CHEMBL2325997,CC(NC(=O)C1(N)CCN(c2ncnc3[nH]ccc23)CC1)c1ccc(Cl)cc1,2.7
9704,CHEMBL1532611,Nc1ccc(OCCc2ccccc2)cc1,2.71
9720,CHEMBL1493,Cc1c(-c2ccccc2)oc2c(C(=O)OCCN3CCCCC3)cccc2c1=O,3.42
9721,CHEMBL118,Cc1ccc(-c2cc(C(F)(F)F)nn2-c2ccc(S(N)(=O)=O)cc2)cc1,3.42
9735,CHEMBL2216870,CC[C@H](Nc1ncnc2[nH]cnc12)c1nc2cccc(F)c2c(=O)n1-c1ccccc1,2.72
9736,CHEMBL1269107,CC1=C(C2=C(C)C(=O)c3c(cc(O)c(O)c3Cc3ccccc3)C2=O)C(=O)c2cc(O)c(O)c(Cc3ccccc3)c2C1=O,2.73
9737,CHEMBL186174,Clc1ccc(CN(Cc2ccc(Cl)cc2)c2nn[nH]n2)cc1,2.74
9738,CHEMBL481717,CCOc1cc2ncc(C(N)=O)c(Nc3ccc(F)cc3F)c2cc1N1CCC(O)CC1,2.74
9739,CHEMBL172066,Cc1sc(N)nc1-c1ccccc1,2.75
9741,CHEMBL1368601,O=C(O)c1ccc2cccc(O)c2n1,3.3
9742,CHEMBL1682829,CN1CCOc2cc(OC(=O)c3ccccc3)cnc21,3.3
9743,CHEMBL2036774,O=C(Nc1ccc(Cl)c(Cl)c1)N1CCN(C[C@H]2CN(C3CC3)CCO2)CC1,3.32
9744,CHEMBL320882,CN(C(=O)Cc1ccc(Cl)c(Cl)c1)C(CN1CCCC1)c1ccccc1,3.38
9746,CHEMBL1550278,CC(Nc1ncnc2ccccc12)c1ccccc1,3.4
9747,CHEMBL2086692,Cc1nc(N2CCN(c3ncc(OCc4ccncc4C#N)cn3)[C@H](C)C2)no1,2.6
9748,CHEMBL2086675,CC(C)(C)OC(=O)N1CCN(c2ncc(OCc3ccncc3)cn2)CC1,3.4
9749,CHEMBL2164377,O=C(NCc1ccc(OC(F)(F)F)cc1)C1c2ccccc2C(=O)N1CC1CC(F)(F)C1,3.9
9750,CHEMBL279053,CCCc1c(OCCCSc2ccc(CC(=O)O)cc2Cl)ccc2c(CC)noc12,3.92
9755,CHEMBL2070946,N#Cc1cnc(N2CCN(C(=O)[C@@H]3CCCC[C@H]3C(=O)NC3(C#N)CC3)CC2)s1,1.2
9756,CHEMBL2177621,CSc1c(C(=O)NC2C3CC4CC(C3)CC2C4)cnn1-c1ccc(C(=O)O)cc1,1.2
9757,CHEMBL1598315,CNC(=O)c1snnc1-c1ccccc1,1.23
9758,CHEMBL1257015,COc1ccc(C(=O)NCc2cccnc2)cc1C(=O)NCc1cccnc1,1.23
9759,CHEMBL214350,Cc1ccc2c(c1)c(-c1ccnc3c(C(F)(F)F)cccc13)c(C)n2CC(=O)O,1.27
9778,CHEMBL2036567,O=C(Nc1ccc(N2CCOCC2)cc1)c1nnc(Nc2ccccc2F)o1,3.05
9780,CHEMBL1381233,O=C(Nc1ccncc1)c1cccc2ccccc12,3.1
9784,CHEMBL3,CN1CCC[C@H]1c1cccnc1,0.5
9788,CHEMBL2087084,CC(C)c1noc(N2CCN(c3ncc(OCc4ccncc4C#N)cn3)[C@H](C)C2)n1,3.1
9795,CHEMBL1467,Oc1ncnc2[nH]ncc12,-0.42
9796,CHEMBL137,Cc1ncc([N+](=O)[O-])n1CCO,-0.11
9797,CHEMBL1612837,CC(C)(C)c1ccc(C2=NC(=O)C(CC(=O)O)S2)cc1,-0.1
9800,CHEMBL2177612,CCCSc1c(C(=O)NC2CCCCC2)cnn1[C@H]1CC[C@H](C(=O)O)CC1,1.03
9801,CHEMBL72,CNCCCN1c2ccccc2CCc2ccccc21,1.24
9802,CHEMBL130,O=C(N[C@H](CO)[C@H](O)c1ccc([N+](=O)[O-])cc1)C(Cl)Cl,1.15
9804,CHEMBL1362558,Cn1sc(NC(=O)c2cccc(Cl)c2)nc1=O,0.87
9811,CHEMBL643,CC(CN1c2ccccc2Sc2ccccc21)N(C)C,2.67
9820,CHEMBL2036773,CCN1CCO[C@@H](CN2CCN(C(=O)Nc3ccc(Cl)c(Cl)c3)CC2)C1,2.68
9821,CHEMBL1550191,O=C1NC(c2ccc(Br)cc2)Nc2ccccc21,2.68
9822,CHEMBL1451129,Cc1cc(=O)oc2cc3c(cc12)CCCN3,2.7
9823,CHEMBL82301,COC[C@@H](c1ccc(C(F)(F)F)cc1)N1CCN(C2(C)CCN(C(=O)c3c(C)ncnc3C)CC2)C[C@@H]1C,2.7
9825,CHEMBL1668935,CS(=O)(=O)N1CCC(NC(=O)NC23CC4CC(CC(C4)C2)C3)CC1,2.7
9833,CHEMBL1824606,O=C(Nc1ccccc1)c1ccc(OCCCN2CCCC2)cc1OCc1ccccc1F,3.85
9836,CHEMBL584991,Nc1nonc1/C(=N/O)Nc1ccc(F)c(Cl)c1,2.7
9837,CHEMBL2036763,O=C(Nc1cccc(Cl)c1)N1CCN(C[C@@H]2CCCN(C3CC3)C2)CC1,2.74
9838,CHEMBL2314198,O=C(O)c1[nH]c2ccccc2c1CCCOc1cccc2ccccc12,2.75
9845,CHEMBL345937,CC1Sc2c(C(=O)O)c(=O)c3cc(F)c(N4CCNCC4)cc3n21,-1.1
9847,CHEMBL2059196,CCNC(=O)c1cc2c(-n3ccc(C(F)(F)F)n3)c(-c3cncc(C(=O)O)c3)cnc2[nH]1,-0.99
9848,CHEMBL243001,Cc1nc2ccc(Oc3ccc(F)cc3)cc2c(=O)n1C[C@H]1CCCN(C(C)C)C1,2.4
9850,CHEMBL2059374,CCNC(=O)c1cc2c(-n3nc(C(F)(F)F)cc3C)c(-c3cncc(C(=O)O)c3)cnc2[nH]1,-0.88
9851,CHEMBL2331740,Cc1cn([C@H]2CCCN(S(=O)(=O)c3ccc(C(=O)O)c(Oc4ccc(Cl)c(Cl)c4)c3)C2)c(=O)[nH]c1=O,-0.87
9852,CHEMBL267044,CCN1CCC[C@H]1CNC(=O)c1cc(S(N)(=O)=O)ccc1OC,-0.84
9853,CHEMBL20,CC(=O)Nc1nnc(S(N)(=O)=O)s1,-0.78
9854,CHEMBL2207606,COc1cc(OC)c(S(=O)(=O)N2c3ccccc3Oc3ccccc32)cc1NC(=O)/C=C/C(=O)O,-0.71
9855,CHEMBL517712,CN1[C@@H]2CC[C@H]1C[C@@H](OC(=O)C(CO)c1ccccc1)C2,-0.66
9856,CHEMBL2179665,Cc1cn([C@H]2CCCN(Cc3ccc(C(=O)O)c(Oc4cccc(Cl)c4)c3)C2)c(=O)[nH]c1=O,-0.55
9857,CHEMBL9967,CN1CCN(CC(=O)N2c3ccccc3C(=O)Nc3cccnc32)CC1,-0.49
9858,CHEMBL2030800,CNc1cccc(CCOc2ccc(C[C@H](NC(=O)c3c(F)cccc3Cl)C(=O)O)cc2)n1,-0.42
9859,CHEMBL437,Nc1ccc(S(=O)(=O)Nc2nccs2)cc1,-0.37
9860,CHEMBL173706,CC(C)(C)NCC(O)COc1nsnc1N1CCOCC1,-0.35
9861,CHEMBL642,CCCC(=O)Nc1ccc(OCC(O)CNC(C)C)c(C(C)=O)c1,-0.27
9862,CHEMBL2030799,CNc1cccc(CCOc2ccc(C[C@H](NC(=O)c3ccc(F)cc3Cl)C(=O)O)cc2)n1,-0.04
9863,CHEMBL700,Nc1ccc(S(=O)(=O)Nc2ccccn2)cc1,-0.01
9864,CHEMBL807,CC12CC3CC(C)(C1)CC(N)(C3)C2,0.06
9865,CHEMBL380648,O=C(c1cc(Cc2n[nH]c(=O)c3ccccc23)ccc1F)N1CCCNCC1,0.1
9868,CHEMBL2088097,Cc1cc(CNc2ncc(Cl)c(Nc3cc(C)[nH]n3)n2)on1,2.68
9874,CHEMBL841,CN(C)C(=O)C(CCN1CCC(O)(c2ccc(Cl)cc2)CC1)(c1ccccc1)c1ccccc1,3.47
9876,CHEMBL54429,O=C(Cc1ccc(OCc2ccccc2)cc1)NO,1.92
9884,CHEMBL2335882,COCCN(C)Cc1ccc(Nc2ncc3cc(-c4ccncc4)ccc3n2)cc1,2.65
9885,CHEMBL1448393,CCOC(=O)c1ccccc1-c1csc(NS(=O)(=O)c2ccc(Cl)cc2)n1,2.43
9891,CHEMBL1278,CNS(=O)(=O)CCc1ccc2[nH]cc(C3CCN(C)CC3)c2c1,0.48
9896,CHEMBL1399152,O=[N+]([O-])c1ccc2c(c1)nc1n2CCCCC1,2.58
9897,CHEMBL32571,O=C1CC(c2ccc(O)cc2)Oc2cc(O)cc(O)c21,2.6
9900,CHEMBL2107729,O=C(Nc1ccc(S(=O)(=O)N2CCOCC2)cc1)c1cc(Cl)ccc1NS(=O)(=O)c1ccc(Cl)s1,3.02
9908,CHEMBL2010842,CN(C(=O)Cc1ccc(-n2cnnn2)cc1)C1CCN(Cc2nc3cc(F)ccc3s2)CC1,2.85
9915,CHEMBL1508,CN(C)CCC[C@@]1(c2ccc(F)cc2)OCc2cc(C#N)ccc21,1.48
9916,CHEMBL460,CCc1c(C)[nH]c2c1C(=O)C(CN1CCOCC1)CC2,1.54
9917,CHEMBL2031466,Cc1ccc(C(=O)NC(C)C)cc1-n1cnc2ccc(N3CCN(C)CC3)cc2c1=O,1.56
9918,CHEMBL1531981,Cc1oc(-c2ccccc2)cc1C(=O)Nc1cccc(C(=O)O)c1,1.63
9919,CHEMBL1172929,C[C@H]1NC(C)(C)CO[C@]1(O)c1cccc(Cl)c1,1.69
9924,CHEMBL2171991,N#CC1(NC(=O)[C@@H]2CCCC[C@H]2C(=O)N2CCN(c3ccccc3)CC2)CC1,1.99
9925,CHEMBL1327979,Nc1nc2nc(-c3cccs3)cc(C(F)(F)F)n2n1,2.01
9926,CHEMBL57531,Nc1ncc2cc(-c3c(Br)cccc3Br)c(N)nc2n1,2.06
9927,CHEMBL2023704,COc1ccc(-c2ccnc(N)n2)cc1,2.08
9928,CHEMBL1428115,CC(CC(=O)NCc1ccccc1)C1CCCO1,2.1
9929,CHEMBL61593,NS(=O)(=O)c1cc2c(cc1Cl)NC(C1CC3C=CC1C3)NS2(=O)=O,2.12
9938,CHEMBL124660,COc1cc2c(N3CCN(C(=O)Nc4ccc(OC(C)C)cc4)CC3)ncnc2cc1OCCCN1CCCCC1,2.6
9940,CHEMBL1430943,CCCS(=O)(=O)N1CCCC(C(=O)N2CCC(Cc3ccccc3)CC2)C1,3.44
9944,CHEMBL175296,Nc1nc(-c2ccccc2)cs1,2.43
9946,CHEMBL2207225,COc1cc(OC)c(S(=O)(=O)N2c3ccccc3CCC2C)cc1NC(=O)Cc1ccnc(F)c1,2.49
9952,CHEMBL1682817,N#Cc1cccc(COc2ccc3c(c2)OCCC3=O)c1,2.8
9953,CHEMBL2335881,COCCNCc1ccc(Nc2ncc3cc(-c4ccncc4)ccc3n2)cc1,1.86
9956,CHEMBL1169388,CNCC[C@H](Oc1ccc(C(F)(F)F)cc1)c1ccccc1,1.89
9978,CHEMBL2346967,N#Cc1ccc(CN2CCN(c3ccc4nnc(C(F)(F)F)n4n3)CC2)cc1,2.9
9979,CHEMBL2216902,CC(C)c1nc2ccccc2n1-c1nc(N2CCOCC2)c2nc(OC3CN(C4CCS(=O)(=O)CC4)C3)n(C)c2n1,2.9
9980,CHEMBL1479580,CSc1ncccc1C(=O)NCC1CCCCC1,2.93
9981,CHEMBL17370,CSc1ccc(-c2nc(-c3ccc(F)cc3)c(-c3ccncc3)[nH]2)cc1,2.97
9982,CHEMBL2158841,O=C(O)[C@H](Cc1ccc(F)cc1)N1CCC(CN2CCC(Oc3ccc(Cl)c(Cl)c3)CC2)CC1,2.98
9983,CHEMBL1431112,O=C1CN(C(=O)c2ccco2)C(c2ccccc2)c2cc(Cl)ccc2N1,3.0
9984,CHEMBL2010847,CO[C@H]1CN(Cc2ccc(C(F)(F)F)cc2)CC[C@H]1N(C)C(=O)Cc1ccc(-n2cnnn2)cc1,3.0
9985,CHEMBL264666,c1nc(N2CCCCC2)c2nc[nH]c2n1,1.84
9997,CHEMBL261237,N#C/C(=C(/N)Sc1ccc(N)cc1)c1ccccc1C(F)(F)F,3.3
9998,CHEMBL1650273,Nc1nc(-c2ccc(Cl)cc2)cs1,3.31
10002,CHEMBL2152917,CO[C@H]1CC[C@]2(CC1)Cc1ccc(OCC(C)C)cc1C21N=C(C)C(N)=N1,3.4
10003,CHEMBL2062569,CC(=O)Nc1cc2c(ccn2-c2cc(NC3CC3)n3ncc(C#N)c3n2)cc1C,2.66
10005,CHEMBL191802,CSc1ccc(OCc2ccccc2)c(/C=C/c2ccc(C(=O)O)cn2)c1,2.45
10006,CHEMBL366947,CC(C)(C)OC(=O)c1ncn2c1[C@@H]1CCCN1C(=O)c1c(Br)cccc1-2,2.48
10007,CHEMBL2087854,C#CC(C)n1c(=O)c2c(-c3cncn3C)n(Cc3ccnc4ccc(Cl)cc34)nc2n(CC2CC2)c1=O,3.59
10009,CHEMBL2178372,Cc1nc(C)c(-c2ccc(C34CCC(CC(=O)O)(CC3)CC4)cc2)nc1C(N)=O,1.6
10010,CHEMBL2059378,CCNC(=O)c1cc2c(-n3ccc(C(F)(F)F)n3)c(-c3cncc(-c4n[nH]c(=O)o4)c3)cnc2[nH]1,1.65
10011,CHEMBL48082,Nc1nccc(-c2c[nH]c3ccccc23)n1,1.68
10016,CHEMBL2059375,CCNC(=O)c1cc2c(-n3ccc(C(F)(F)F)n3)c(-c3cncc(C(N)=O)c3)cnc2[nH]1,1.81
10017,CHEMBL2158051,CN[C@@H](C)C(=O)N[C@H]1CN(C(=O)CC(C)C)CC[C@H]2CC[C@@H](C(=O)NC(c3ccccc3)c3ccccc3)N2C1=O,1.82
10018,CHEMBL2036752,CCN1CCC[C@H](CN2CCN(C(=O)Nc3ccc(Cl)c(Cl)c3)CC2)C1,1.86
10019,CHEMBL2031461,Cc1ccc(C(=O)Nc2ccon2)cc1-n1cnc2ccc(N3CCN(C)CC3)cc2c1=O,1.87
10020,CHEMBL412119,NS(=O)(=O)c1ccc2c(c1)C1C=CCC1C(c1cccc3ccccc13)N2,1.9
10021,CHEMBL6966,COc1ccc(CCN(C)CCCC(C#N)(c2ccc(OC)c(OC)c2)C(C)C)cc1OC,2.61
10033,CHEMBL488,CCC1(c2ccc(N)cc2)CCC(=O)NC1=O,0.6
10037,CHEMBL897,CCCN(CCC)S(=O)(=O)c1ccc(C(=O)O)cc1,0.03
10038,CHEMBL1917445,Cc1ccc2c(c1)c([S+]([O-])c1ccc(Cl)cc1)c(C)n2CC(=O)O,0.05
10039,CHEMBL2321994,OCC[C@@]1(c2cc3ccccc3o2)CCCNC1,0.06
10049,CHEMBL375166,Cc1n[nH]c(C)c1Cc1sc2c(c1C(=O)N1C[C@H](O)CO1)c(=O)n(C)c(=O)n2CC(C)C,1.07
10060,CHEMBL278623,CC(C)(N)C(=O)N[C@H](Cc1c[nH]c2ccccc12)C(=O)N[C@H](Cc1c[nH]c2ccccc12)NC=O,1.0
10062,CHEMBL1972934,Nc1ncnc2sccc12,1.19
10069,CHEMBL1715438,CN(C)C(=O)N1CCC(C(=O)NCc2cccs2)CC1,1.1
10070,CHEMBL2179278,Cc1cn([C@H]2CCCN([C@@H](CC(C)(C)C)c3ccc(C(=O)O)c(Oc4cccc(Br)c4)c3)C2)c(=O)[nH]c1=O,1.12
10071,CHEMBL2324776,O=S(=O)(Nc1nncs1)c1cc(Cl)c(Oc2ccc(C(F)(F)F)cc2-c2ccnnc2)cc1F,1.15
10078,CHEMBL1790041,CNC(=C[N+](=O)[O-])NCCSCc1ccc(CN(C)C)o1,-0.95
10079,CHEMBL13030,CN1C2CC(OC(=O)C(CO)c3ccccc3)CC1C1OC12,0.17
10080,CHEMBL546,C=CCOc1ccccc1OCC(O)CNC(C)C,0.2
10095,CHEMBL2325985,NC1(C(=O)NC(Cc2ccccc2)c2ccc(Cl)cc2)CCN(c2ncnc3[nH]ccc23)CC1,4.1
10097,CHEMBL1835906,CCOC(=O)c1ccc(OCCC2CN(c3ccc(C)nn3)CCO2)cc1,2.7
10099,CHEMBL158766,Cc1ccc(O)c(O)c1,1.37
10101,CHEMBL1784366,Cc1nsc(C)c1CCC1CCN(S(=O)(=O)CC2(N(O)C=O)CCOCC2)CC1,1.5
10106,CHEMBL2323303,O=S(=O)(Nc1ncc(Cl)s1)c1cc(F)c(Oc2ccc(F)cc2-c2cn[nH]c2)cc1F,2.7
10107,CHEMBL2062162,Clc1ccccc1CNC[C@H]1CC[C@H](CNCc2ccccc2Cl)CC1,2.74
10115,CHEMBL442137,CC12NC(Cc3ccccc31)c1ccccc12,1.7
10116,CHEMBL266128,Nc1ncnc2ccccc12,1.26
10122,CHEMBL1726,COC(=O)C1=C(C)NC(C)=C(C(=O)OCC(C)C)C1c1ccccc1[N+](=O)[O-],3.59
10123,CHEMBL1762521,CN(c1ccccc1)c1ccnc(Nc2cc(N3CCOCC3)cc(N3CCOCC3)c2)n1,3.47
10124,CHEMBL71917,CC(C)OC(=O)c1cn(Cc2c(F)cccc2F)c2sc(-c3ccc(NC(=O)C(C)C)cc3)c(CN(C)Cc3ccccc3)c2c1=O,3.5
10125,CHEMBL202721,COc1cc2c(Nc3ccc(NC(=O)c4ccccc4)cc3)ncnc2cc1OCCCN1CCOCC1,3.5
10126,CHEMBL2086659,C[C@H]1CN(C(=O)OC(C)(C)C)CCN1c1ncc(OCc2ccc(S(C)(=O)=O)cc2)cn1,3.5
10130,CHEMBL87277,Cn1nc(C(C)(C)C)cc1NC(=O)Nc1ccc(Cl)cc1,3.97
10131,CHEMBL1923430,Cc1ccc(C(=O)NC2CCN(c3cc(C(N)=O)cc(Cl)n3)CC2)[nH]1,2.64
10132,CHEMBL2325601,Nc1n[nH]cc1-c1cc(C(F)(F)F)ccc1Oc1cc(F)c(S(=O)(=O)Nc2cscn2)cc1Cl,2.65
10134,CHEMBL296572,COc1cccc(-c2c[nH]c(-c3ccccc3)n2)c1,3.8
10135,CHEMBL726,OCCN1CCN(CCCN2c3ccccc3Sc3ccc(C(F)(F)F)cc32)CC1,3.8
10136,CHEMBL1415894,c1ccc(Nc2cc(Nc3ccccc3)[nH]n2)cc1,3.8
10137,CHEMBL393501,Cn1c(N)nc(CCc2cccc(-c3ccccc3)c2)cc1=O,3.8
10138,CHEMBL1289233,O=C(COCc1ccncc1)N1CCN(c2ccc(Cl)cc2Cl)CC1,3.38
10139,CHEMBL655,Cc1ncc2n1-c1ccc(Cl)cc1C(c1ccccc1F)=NC2,3.4
10140,CHEMBL2088115,C#CCn1c(=O)c2c(-c3nc(C#N)cn3C)n(Cc3ccnc4ccc(Cl)cc34)nc2n(CC2CC2)c1=O,3.4
10152,CHEMBL1201236,C[C@@](Cc1ccc(O)c(O)c1)(NN)C(=O)O,-0.7
10153,CHEMBL1219,COCCCOc1ccnc(C[S+]([O-])c2nc3ccccc3[nH]2)c1C,-0.69
10160,CHEMBL1951075,COc1cc(OC)c(S(=O)(=O)N2c3ccccc3CCC2C)cc1NC(=O)NCC(=O)O,-1.02
10161,CHEMBL193233,COc1ccc(-c2ccccc2)cc1N1CC(=O)NS1(=O)=O,-1.01
10162,CHEMBL602365,Cc1nc(NC(=N)N)nc2ccccc12,-0.49
10163,CHEMBL2030813,O=C(N[C@@H](Cc1ccc(OCCNc2ccccn2)cc1)C(=O)O)c1c(Cl)cccc1Cl,-0.48
10164,CHEMBL1917448,COc1cccc(S(=O)(=O)c2c(C)n(CC(=O)O)c3ccc(C)cc23)c1,-0.42
10165,CHEMBL2207607,COc1cc(OC)c(S(=O)(=O)N2c3ccccc3CCC2C)cc1NC(=O)CCc1nn[nH]n1,-0.34
10166,CHEMBL91485,COc1cccc(OC)c1-c1ccc(C[C@H](NC(=O)c2c(Cl)cccc2Cl)C(=O)O)cc1,-0.27
10171,CHEMBL565755,CCOc1ccc2nc(N)sc2c1,2.4
10176,CHEMBL14323,COc1ccc(-c2cc(O)c3cc(Cl)ccc3n2)cc1,2.7
10190,CHEMBL1224140,Cc1cc(O[C@H]2C[C@H]3CC[C@@H](C2)N3Cc2ccccc2)cc(C(N)=O)c1,2.08
10195,CHEMBL403296,CCCCC(O)c1[nH]c2cc(C)c(C(=O)O)cc2c1CCc1ccccc1,2.59
10198,CHEMBL277148,Oc1cc(-c2ccccc2)nc2ccccc12,2.54
10200,CHEMBL481205,COCCOc1cc2ncc(C(N)=O)c(Nc3ccc(C)cc3F)c2cc1N1CCN(C)CC1,2.24
10203,CHEMBL2158782,Cc1cc(OC2CCN(CC3CCN([C@@H](Cc4ccc(F)cc4)C(=O)O)CC3)CC2)ccc1Cl,2.54
10204,CHEMBL2087846,Cn1cncc1-c1c2c(=O)n(CC#CCO)c(=O)n(CC3CC3)c2nn1Cc1ccnc2ccc(Cl)cc12,2.55
10207,CHEMBL278172,CCOC(=O)c1ccc(N)cc1,1.83
10208,CHEMBL384467,C[C@@H]1C[C@H]2[C@@H]3CCC4=CC(=O)C=C[C@]4(C)[C@@]3(F)[C@@H](O)C[C@]2(C)[C@@]1(O)C(=O)CO,1.87
10210,CHEMBL1760039,COc1cc(Nc2nccc(Oc3cnc4ccccc4c3)n2)cc(OC)c1OC,3.41
10219,CHEMBL639,CN1CCCC(n2nc(Cc3ccc(Cl)cc3)c3ccccc3c2=O)CC1,2.46
10221,CHEMBL122617,Oc1cccc2ccccc12,2.5
10223,CHEMBL1538897,COc1ccc(Cl)cc1NC(=O)CCS(=O)(=O)c1ccc(Br)cc1,3.4
10224,CHEMBL2325983,NC1(C(=O)NC(c2ccc(Cl)cc2)C2CC2)CCN(c2ncnc3[nH]ccc23)CC1,3.4
10228,CHEMBL1456,COc1c(C)c2c(c(O)c1C/C=C(\C)CCC(=O)OCCN1CCOCC1)C(=O)OC2,2.26
10230,CHEMBL5416410,Cc1nc(Nc2ncc(C(=O)Nc3c(C)cccc3Cl)s2)cc(N2CCN(CCO)CC2)n1.O,3.41
10233,CHEMBL1201295,Cc1ccc(C(=O)Oc2ccc(C(O)CNC(C)(C)C)cc2OC(=O)c2ccc(C)cc2)cc1,3.57
10238,CHEMBL1570112,CCn1c2ccccc2c2cc(NC(C)=O)ccc21,3.5
10241,CHEMBL2048868,COc1cccc(/C=C2\SC(=O)NC2=O)c1N1CCC[C@@H](N)C1,1.27
10244,CHEMBL1084546,CN(c1ncccc1CNc1nc(Nc2ccc3c(c2)CC(=O)N3)ncc1C(F)(F)F)S(C)(=O)=O,2.63
10245,CHEMBL1200600,CC(=O)[C@@]1(O)CC[C@H]2[C@@H]3C[C@H](C)C4=CC(=O)C=C[C@]4(C)[C@@]3(F)[C@@H](O)C[C@@]21C,2.65
10246,CHEMBL2164682,N#CC1(NC(=O)[C@@H]2CCCC[C@H]2C(=O)N2CCc3[nH]c4ccccc4c3C2)CC1,2.66
10247,CHEMBL2335884,c1cc(-c2ccc3nc(Nc4ccc(OCCN5CCCC5)cc4)ncc3c2)ccn1,2.66
10257,CHEMBL1623092,NCC(O)(c1ccc(Cl)cc1)c1ccc(Cl)cc1,2.69
10258,CHEMBL2087620,Cn1cncc1-c1c2c(=O)n(C)c(=O)n(CC3CC3)c2nn1Cc1ccnc2ccc(Cl)cc12,2.69
10259,CHEMBL1721498,O=C(c1ccc(Cl)cc1)C1CCN(C(=O)C2CC2)CC1,2.72
10267,CHEMBL597424,O=C1NC(=O)C(Cc2cccc(Oc3ccccc3)c2)S1,2.84
10268,CHEMBL63560,C[C@](O)(CS(=O)(=O)c1ccc(F)cc1)C(=O)Nc1ccc(C#N)c(C(F)(F)F)c1,2.87
10269,CHEMBL2178284,CCc1cc(O)c(Oc2ccc(C(N)=O)cc2F)cc1F,2.87
10270,CHEMBL598194,NC1(C(=O)NCc2ccc(Cl)cc2)CCN(c2ncnc3[nH]ccc23)CC1,2.88
10271,CHEMBL51,O=C(c1ccc(F)cc1)C1CCN(CCn2c(=O)[nH]c3ccccc3c2=O)CC1,2.9
10272,CHEMBL304784,CCCC[C@@H](C=O)NC(=O)[C@H](CC(C)C)NC(=O)[C@H](CC(C)C)NC(C)=O,2.6
10280,CHEMBL1718800,c1ccc2[nH]c(CCCc3nc4ccccc4[nH]3)nc2c1,3.5
10281,CHEMBL2086668,C[C@@H]1CN(C(=O)OC(C)(C)C)CCN1c1ncc(OCC2CCN(S(C)(=O)=O)CC2)cn1,3.5
10282,CHEMBL435582,CC(CNS(=O)(=O)C(C)C)c1ccc(-c2ccc(C#N)cc2)cc1,3.5
10283,CHEMBL1270671,CS(=O)(=O)c1cccc(Nc2nccc(Nc3cccc4ccoc34)n2)c1,3.52
10291,CHEMBL1545465,COc1ccc(C(=O)C2CCN(C(=O)c3ccco3)CC2)cc1,2.42
10292,CHEMBL358325,Cc1sc(N2CCN(C)CC2)nc1CCOc1ccc(C[C@H](Nc2ccccc2C(=O)c2ccccc2)C(=O)O)cc1,2.58
10297,CHEMBL1796293,N#Cc1ccccc1Oc1ccc(C(=O)NCc2ccncc2)cc1,2.57
10311,CHEMBL2178735,Nc1ccc(C(=O)Nc2cccc(-c3nc(N4CCOCC4)c4oc5ncccc5c4n3)c2)cn1,3.44
10312,CHEMBL1477550,O=C(Nc1ccccc1)c1cc2ccccc2o1,3.44
10313,CHEMBL2062564,CC(=O)Nc1ccc2cnn(-c3cc(NC4CC4)n4ncc(C#N)c4n3)c2c1,3.44
10325,CHEMBL2031158,O=C(N[C@@H](Cc1ccc(CCCCNc2ccccn2)cc1)C(=O)O)c1c(Cl)cccc1Cl,0.51
10339,CHEMBL366255,Cc1ccc(NC(=O)c2cccc(N(C)C)c2)cc1NC(=O)c1ccc(OCc2ccccn2)cc1,2.83
10340,CHEMBL2177165,Nc1ncc(-c2ccc(S(=O)(=O)N3CCOCC3)cc2)nc1C(=O)Nc1cccnc1,2.83
10344,CHEMBL1201203,CN1[C@@H]2CC[C@H]1C[C@@H](OC(c1ccccc1)c1ccccc1)C2,1.49
10345,CHEMBL14130,O=[N+]([O-])c1ccc(O)cc1,1.5
10346,CHEMBL2036743,O=C(O)Cc1ccc(-c2ccc(NC(=O)c3nnc(Nc4ccccc4F)o3)cc2)cc1,1.5
10347,CHEMBL266094,Nc1ncnc2c1ncn2Cc1ccccc1,1.53
10348,CHEMBL2011927,COc1ccc(-c2nc3c(OCC4CCNCC4)c(Br)cnc3[nH]2)cc1,1.55
10349,CHEMBL445,CNCCC=C1c2ccccc2CCc2ccccc21,1.58
10350,CHEMBL2059910,CNC(=O)Nc1nc2ccc(-c3cncc(S(=O)(=O)NC(C)(C)C)c3)cn2n1,1.58
10351,CHEMBL447983,C[C@](N)(Cc1ccccc1)c1ccccc1,1.7
10352,CHEMBL2094354,Nc1ccc2c(c1)C(=O)C(=O)c1cc(N)ccc1-2,1.72
10353,CHEMBL111350,O=S(=O)(CCCNCCc1ccc(O)c2nc(O)sc12)NCCSCCc1ccccc1,1.77
10354,CHEMBL178737,O=C1NC(=O)C(c2cnc3ccccn23)=C1c1cn2c3c(cccc13)CN(C(=O)N1CCOCC1)CC2,1.79
10356,CHEMBL2325702,Cn1ccc2c(-c3nc(CS(C)(=O)=O)cc(N4CCOCC4)n3)cccc21,2.0
10359,CHEMBL1809195,COc1cc(N2CCN(C(C)=O)CC2)ccc1Nc1ncc(C)c(-c2cnc3ccccn23)n1,2.9
10360,CHEMBL2179284,Cc1cn([C@H]2CCCN([C@H](CC3CCCCC3)c3ccc(C(=O)O)c(Oc4cccc(Cl)c4)c3)C2)c(=O)[nH]c1=O,1.83
10361,CHEMBL760,O=C1CN2Cc3c(ccc(Cl)c3Cl)N=C2N1,1.86
10362,CHEMBL1945298,O=c1[nH]c2c(O)ccc([C@@H](O)CNCCOc3cccc(CNCCc4ccccc4F)c3)c2s1,1.86
10363,CHEMBL259850,COc1ccc(CNC(=O)Nc2ncc([N+](=O)[O-])s2)cc1,2.9
10364,CHEMBL2349309,CC(C)C[C@H](CO)Nc1nc(SCc2ccncc2)nc2nc(N)sc12,2.9
10368,CHEMBL1542,Cn1cnc([N+](=O)[O-])c1Sc1ncnc2[nH]cnc12,0.19
10371,CHEMBL2325703,CC(C)(c1cc(N2CCOCC2)nc(-c2cccc3[nH]ccc23)n1)S(C)(=O)=O,2.65
10372,CHEMBL54,O=C(CCCN1CCC(O)(c2ccc(Cl)cc2)CC1)c1ccc(F)cc1,2.67
10373,CHEMBL621,O=c1n(CCCN2CCN(c3cccc(Cl)c3)CC2)nc2ccccn12,2.67
10379,CHEMBL101892,NC(=O)c1cn([C@@H]2O[C@H](CO)[C@@H](O)[C@H]2O)c2ncnc(N)c12,-0.87
10380,CHEMBL1144,CC[C@H](C)C(=O)O[C@H]1C[C@H](O)C=C2C=C[C@H](C)[C@H](CC[C@@H](O)C[C@@H](O)CC(=O)O)[C@H]21,-0.76
10381,CHEMBL498,CCCNC(=O)NS(=O)(=O)c1ccc(Cl)cc1,-0.33
10382,CHEMBL1072,CCCCNc1cc(C(=O)O)cc(S(N)(=O)=O)c1Oc1ccccc1,-0.3
10383,CHEMBL12952,COc1ccc2cc(C(C)C(=O)O)ccc2c1,0.23
10384,CHEMBL1422,N[C@@H](CC(=O)N1CCn2c(nnc2C(F)(F)F)C1)Cc1cc(F)c(F)cc1F,0.31
10385,CHEMBL1824040,CC(=O)c1ccc2c(c1)N(CCN1CCC(NCc3ccc4c(n3)NC(=O)CO4)CC1)C(=O)CO2,0.37
10386,CHEMBL24850,O=C(O)c1cc2cc(OCc3ccccc3)ccc2[nH]1,0.4
10388,CHEMBL211456,CN[C@@H](C)[C@H](O)c1ccccc1,-1.15
10389,CHEMBL117,O=c1cc(-c2ccccc2)oc2cc(O)cc(O)c12,3.83
10400,CHEMBL2325699,CS(=O)(=O)C1(c2cc(N3CC4CCC(C3)O4)nc(-c3cccc4[nH]ccc34)n2)CC1,2.6
10403,CHEMBL1715893,CC1CC(CN)CC(CO)C1,-1.4
10404,CHEMBL308538,Fc1ncccc1OC[C@@H]1CCN1,-1.2
10405,CHEMBL2179272,CC[C@@H](c1ccc(C(=O)O)c(Oc2cccc(Cl)c2)c1)N1CCC[C@H](n2cc(C)c(=O)[nH]c2=O)C1,0.22
10406,CHEMBL2011937,COc1ccc(-c2nc3c(NCCCNC(=O)c4ccccc4)c(Br)cnc3[nH]2)cc1,0.25
10407,CHEMBL218490,CCN[C@H]1C[C@H](C)S(=O)(=O)c2sc(S(N)(=O)=O)cc21,0.27
10408,CHEMBL2087433,COc1cc(C)c(S(=O)(=O)N(C)CCOCC(=O)N2CCC(C3CCN(C)CC3)CC2)c(C)c1,0.3
10409,CHEMBL151445,OCC(O)CN1CCN(c2ccccc2)CC1,0.4
10410,CHEMBL1689110,O=C(O)COc1ccc(C(F)(F)F)cc1CN1CCN(S(=O)(=O)c2ccccc2)CC1,0.4
10411,CHEMBL782,CCCCNC(=O)NS(=O)(=O)c1ccc(C)cc1,0.44
10412,CHEMBL581893,COc1ccc2c(C)nc(NC(=N)N)nc2c1,-0.51
10413,CHEMBL1835919,Nc1ncnc2c1C(=O)N(c1ccc([C@H]3CC[C@H](CC(=O)O)CC3)cc1)CCO2,-0.5
10414,CHEMBL1089,NNCCc1ccccc1,-0.01
10415,CHEMBL13976,Cc1[nH]c(/C=C2\C(=O)Nc3ccc(F)cc32)c(C)c1C(=O)NCCN(C)C,1.75
10416,CHEMBL1223951,NC(=O)c1cccc(O[C@@H]2C[C@H]3CC[C@@H](C2)N3Cc2ccccc2)c1,1.76
10417,CHEMBL2171989,N#CCNC(=O)[C@@H]1CCCC[C@H]1C(=O)N1CCN(c2ccc(C#N)cc2)CC1,1.79
10418,CHEMBL1340633,COc1cc(-c2ccc(Nc3ccccc3C(=O)O)c(OC)c2)ccc1Nc1ccccc1C(=O)O,1.8
10421,CHEMBL2086673,C[C@@H]1CN(C(=O)OC(C)(C)C)CCN1c1ncc(OCc2ccc(S(C)(=O)=O)cc2C#N)cn1,3.3
10422,CHEMBL1939738,CN(CCO)C(=O)c1ccc([C@H](c2cccc(NC(=O)C3CC3)c2)N2CCN(Cc3ccc(F)cc3)CC2)cc1,3.38
10423,CHEMBL1682816,O=C1CCOc2cc(OCc3cccc(F)c3)ccc21,3.4
10424,CHEMBL2177777,CC(C)OC(=O)N1CCC(Oc2ncnc3c2CCN3c2ccc(S(C)(=O)=O)cc2F)CC1,3.4
10427,CHEMBL62083,Nc1nccc2ccccc12,1.5
10428,CHEMBL1090089,Cn1c(=O)c(Oc2ccc(F)cc2F)cc2cnc(NC(CCO)CCO)nc21,1.5
10429,CHEMBL2153189,CCCSc1nc(N2CCC(C(=O)O)CC2)ccc1C(=O)NC1CCCCC1,1.6
10430,CHEMBL2062575,CC(=O)Nc1ccc2ccn(-c3cc(NCCCN(C)C)n4ncc(C#N)c4n3)c2c1,1.62
10447,CHEMBL2208423,N#Cc1cccc(C(=O)NC[C@@H](O)CN2CCC(Oc3ccc(Cl)c(Cl)c3)CC2)c1,3.48
10448,CHEMBL1626,CN1CCC[C@@H]1CCO[C@](C)(c1ccccc1)c1ccc(Cl)cc1,3.48
10449,CHEMBL131921,COc1ccc(-c2coc3cc(O)cc(O)c3c2=O)cc1,3.5
10450,CHEMBL2036748,CN1CCCC(CN2CCN(C(=O)Nc3ccc(Cl)c(Cl)c3)CC2)C1,1.98
10453,CHEMBL1809200,COc1cc(N2CCN(C(C)=O)CC2)ccc1Nc1ncc(Cl)c(-c2cnc3c(OC)cccn23)n1,3.5
10454,CHEMBL1809198,COc1cc(N2CCN(C(C)=O)CC2)ccc1Nc1ncc(Cl)c(-c2cnc3c(F)cccn23)n1,3.5
10458,CHEMBL592374,Clc1ccc([C@]23CNC[C@H]2C3)cc1Cl,1.96
10459,CHEMBL1548889,Nc1ccc(Cl)c(-c2nc3ncccc3o2)c1,1.97
10482,CHEMBL650,C[C@H]1C[C@@H]2[C@H]([C@@H](O)C[C@@]3(C)[C@H]2CC[C@]3(O)C(=O)CO)[C@@]2(C)C=CC(=O)C=C12,2.12
10483,CHEMBL190677,O=C(c1ccccc1)C(O)c1ccccc1,2.13
10484,CHEMBL1575541,CC1(C(=O)NC2CCCCC2)CCC(=O)N1Cc1cccs1,2.15
10485,CHEMBL320714,Oc1nc2c(O)ccc(CCNCCCCCCOCCc3ccccc3)c2s1,2.21
10488,CHEMBL272980,Nc1ccccc1NC(=O)c1ccc(CNc2nccc(-c3cccnc3)n2)cc1,2.28
10489,CHEMBL1807818,O=c1[nH]c2c(O)ccc([C@@H](O)CNCCCSCCOCCc3ccccc3)c2s1,2.3
10493,CHEMBL499520,O=C(Nc1ncc(F)s1)[C@H](CC1CCOCC1)c1ccc(S(=O)(=O)C2CC2)cc1,3.19
10494,CHEMBL270995,Cc1cc2c(F)c(Oc3ncnn4cc(OC[C@@H](C)OC(=O)[C@H](C)N)c(C)c34)ccc2[nH]1,3.19
10495,CHEMBL2059864,Cc1cnc(-c2ccc(C)c(NC(=O)c3ccc(OCc4ccccn4)cc3)c2)[nH]1,3.19
10501,CHEMBL1689109,O=C(O)COc1ccc(Cl)cc1CN1CCN(S(=O)(=O)c2ccccc2)CC1,0.49
10502,CHEMBL1614709,Cc1cc(Nc2ncc(F)c(N[C@H]3[C@@H](C(N)=O)[C@@H]4C=C[C@H]3C4)n2)ccc1N1CCN(C)CC1,2.9
10503,CHEMBL370252,CC1CCc2cc(F)cc3c(=O)c(C(=O)O)cn1c23,0.74
10506,CHEMBL1478435,CC1(C)CC(=O)c2c(nc3ccccc3c2N)C1,3.0
10507,CHEMBL2068817,COc1ccccc1CN(C(C)=O)c1cnccc1Oc1ccccc1,3.0
10508,CHEMBL586702,FC(F)c1nc2ccccc2n1-c1nc(N2CCOCC2)nc(N2CCOCC2)n1,3.04
10510,CHEMBL1940107,COc1cc2ncnc(Oc3cnn(CC(=O)Nc4ccc(N(C)C)cn4)c3)c2cc1OC,2.36
10511,CHEMBL1683035,COc1cc2nnc(C(N)=O)c(Nc3ccc(F)cc3F)c2cc1N1CCN(C)CC1,2.36
10512,CHEMBL448474,CC(=O)OCCn1c(Sc2nc3cccc(Cl)c3s2)nc2c(N)ncnc21,3.16
10513,CHEMBL1907830,O=C1Nc2ccc(S(=O)(=O)N3CCC[C@H]3CNc3ccccc3)cc2C1=O,2.4
10524,CHEMBL53966,O=C(COCc1ccccc1)Nc1ccc2c(c1)C(=O)C(=O)c1ccccc1-2,3.21
10547,CHEMBL2158778,O=C(O)[C@H](Cc1ccc(F)cc1)N1CCC(CN2CCC(Oc3ccc(Cl)cc3)CC2)CC1,1.9
10548,CHEMBL2010835,CC(=O)Nc1ccc(CC(=O)N(C)C2CCN(Cc3ccc(C(F)(F)F)cc3)CC2)cc1,2.9
10549,CHEMBL1934123,CC(=O)N[C@@H]1CC2(CCN(Cc3ccc4[nH]c5ccccc5c4c3)CC2)c2ccccc21,2.96
10551,CHEMBL14474,c1ccc2ncccc2c1,2.09
10552,CHEMBL139250,Nc1nc(N)nc(-c2ccc(Cl)cc2)n1,2.12
10558,CHEMBL12,CN1C(=O)CN=C(c2ccccc2)c2cc(Cl)ccc21,2.69
10572,CHEMBL1230122,Cn1c(=O)c(Oc2ccc(F)cc2F)cc2cnc(NC3CCOCC3)nc21,2.76
10574,CHEMBL1433131,Clc1cccc(Cl)c1-c1nnc2cccc(Cl)n12,2.66
10576,CHEMBL129529,CCCCN(CCCC)CCCOC(=O)c1ccc(N)cc1,1.93
10577,CHEMBL85,Cc1nc2n(c(=O)c1CCN1CCC(c3noc4cc(F)ccc34)CC1)CCCC2,2.05
10578,CHEMBL2332936,CC(=O)Nc1ccc(O)cc1OC[C@@H](O)CN1CCC2(CC1)Cc1cc(F)ccc1O2,2.1
10579,CHEMBL2070940,CCc1csc(N2CCN(C(=O)[C@@H]3CCCC[C@H]3C(=O)NC3(C#N)CC3)CC2)n1,2.1
10580,CHEMBL1580660,O=S(=O)(Nc1nc(-c2sccc2Cl)cs1)c1cc(Cl)ccc1Cl,2.11
10586,CHEMBL2335894,COCCC(=O)N[C@@H](C)c1ccc(Nc2ncc3cc(-c4ccncc4)ccc3n2)cc1,3.05
10587,CHEMBL300982,CC1(C)Cc2c(-c3ccccc3)c(-c3ccc(Cl)cc3)c(CC(=O)O)n2C1,3.07
10588,CHEMBL1762482,Cc1ccnc(NCc2ccccc2)c1,3.08
10589,CHEMBL1900501,O=C(Cc1ccccc1)c1ccc(O)cc1O,3.09
10590,CHEMBL2335895,CC(=O)NC(C)c1ccc(Nc2ncc3cc(-c4ccncc4)ccc3n2)cc1,3.1
10591,CHEMBL2208427,COc1cc(C(=O)NC[C@@H](O)CN2CCC(Oc3ccc(Cl)c(Cl)c3)CC2)ccc1N,3.12
10592,CHEMBL2335866,COCCNC(=O)c1ccc(Nc2ncc3cc(-c4ccncc4OC)ccc3n2)cc1,3.14
10593,CHEMBL2144380,COc1ccc(-c2csc(NC(=O)c3c(C)noc3C)n2)cc1OC,3.16
10609,CHEMBL1573297,FC(F)(F)c1nnc2ccc(NCn3nnc4ccccc43)nn12,2.34
10610,CHEMBL2331752,Cc1cn([C@H]2CCCN(S(=O)(=O)c3ccc(O)c(Oc4cc(F)cc(Cl)c4)c3)C2)c(=O)[nH]c1=O,2.35
10611,CHEMBL1086580,Oc1nc(-c2ccc(C(F)(F)F)cc2)nc2c1CSCC2,3.07
10614,CHEMBL165372,O=[N+]([O-])c1ccc2[nH]ncc2c1,2.2
10616,CHEMBL377136,O=C(Nc1ccccn1)c1ccccc1,2.2
10618,CHEMBL2325733,NC1(C(=O)NC(CS(N)(=O)=O)c2ccc(Cl)cc2)CCN(c2ncnc3[nH]ccc23)CC1,2.2
10620,CHEMBL495841,N#Cc1ccc(-c2ccc(S(=O)(=O)Nc3cccc(N)n3)cc2)cc1,2.2
10622,CHEMBL1431736,CC(NC(=O)c1cc(O)nc2ccccc12)c1ccccc1,2.2
10624,CHEMBL2059376,CCNC(=O)c1cc2c(-n3ccc(C(F)(F)F)n3)c(-c3cncc(C(=O)NC)c3)cnc2[nH]1,2.21
10626,CHEMBL193093,NC(=O)c1sc(-c2ccsc2)cc1N,2.23
10627,CHEMBL1964629,Nc1nc(Cl)nc(NCc2ccccc2)n1,2.26
10628,CHEMBL210884,COCCOc1nc(N)c2[nH]c(=O)n(Cc3ccccc3)c2n1,2.26
10629,CHEMBL61946,CCN(CC)CCOC(=O)C1(c2ccccc2)CCCC1,2.3
10630,CHEMBL2172002,COc1ccc(N2CCN(C(=O)[C@@H]3CCCC[C@H]3C(=O)NC3(C#N)CC3)[C@H](C)C2)nc1OC,2.3
10631,CHEMBL1947156,O=c1[nH]c2c(O)ccc([C@@H](O)CNCCc3cccc(-c4cccc(CNCc5ccccc5)c4)c3)c2s1,2.32
10636,CHEMBL2158769,N#Cc1ccccc1C[C@@H](C(=O)O)N1CCC(CN2CCC(Oc3ccc(Cl)c(Cl)c3)CC2)CC1,2.12
10679,CHEMBL66089,Nc1ncnc2nc(-c3ccc(N4CCOCC4)nc3)cc(-c3cccc(Br)c3)c12,3.2
10680,CHEMBL2068839,Cc1ccc(COC(=O)N2CC[C@H](CNc3ncccn3)[C@H](F)C2)cc1,3.21
10681,CHEMBL510349,O=c1oc2ccccc2cc1-c1ccccc1,3.22
10682,CHEMBL1405928,c1ccc(CSc2nc3cccnc3[nH]2)cc1,3.22
10688,CHEMBL1086473,CCCCc1nc2c(N)nc3ccccc3c2n1Cc1ccccc1,4.17
10693,CHEMBL640,CCN(CC)CCNC(=O)c1ccc(N)cc1,-0.92
10694,CHEMBL84158,CCN(CC)CCNC(=O)c1cc(S(C)(=O)=O)ccc1OC,-0.9
10695,CHEMBL1916547,COc1ccc2nnc(=O)n(CCN3CCC(NCc4ccc5c(n4)NC(=O)CO5)CC3)c2c1,-0.65
10696,CHEMBL2326470,Nc1nc2cc3c(cc2s1)CCN(Cc1cnc[nH]1)CC3,-0.12
10697,CHEMBL40,CCC1(c2ccccc2)C(=O)NC(=O)NC1=O,0.05
10698,CHEMBL1539,COc1ncnc(NS(=O)(=O)c2ccc(N)cc2)c1OC,-0.73
10710,CHEMBL2178370,Cc1nc(C)c(-c2ccc3c(c2)CC[C@]32CC[C@@H](c3nnn[nH]3)CC2)nc1C(N)=O,1.4
10711,CHEMBL644,CC(CN(C)C)CN1c2ccccc2CCc2ccccc21,2.95
10713,CHEMBL1081913,CC(C)(C)OC(=O)N1CCC(OCc2nc(-c3ccncc3)no2)CC1,3.0
10722,CHEMBL2036747,O=C(Nc1nnc(C(=O)Nc2ccc(N3CCOCC3)cc2)o1)c1ccccc1,1.02
10735,CHEMBL514201,C[C@@H]1CN(Cc2ccc(F)cc2)[C@@H](C)CN1C(=O)c1cc2c(C(=O)C(=O)N(C)C)cn(C)c2cc1Cl,3.6
10737,CHEMBL2035017,NC1(c2ccc(-c3nc4ccccc4cc3-c3ccccc3)cc2)CCC1,3.6
10743,CHEMBL2140153,O=c1oc(-c2ccccc2)cc2ccccc12,3.84
10744,CHEMBL54976,N[C@@H](Cc1c[nH]c2ccccc12)C(=O)O,-1.08
10745,CHEMBL1957266,Cc1sc2c(c1C)C(c1ccc(Cl)cc1)=N[C@@H](CC(=O)OC(C)(C)C)c1nnc(C)n1-2,3.82
10746,CHEMBL193240,O=C(Nc1c(Cl)cncc1Cl)c1ccc(OC(F)F)c(OCC2CC2)c1,3.95
10747,CHEMBL1430654,O=C(Nc1cccc(NC(=O)c2ccccc2)n1)c1ccccc1,4.02
10748,CHEMBL954,CCN(CC)CCOc1ccc(/C(=C(/Cl)c2ccccc2)c2ccccc2)cc1,4.09
10749,CHEMBL512901,CCCc1nc2c(N)nc3ccccc3c2s1,4.09
10752,CHEMBL2071097,N#CC1(NC(=O)[C@@H]2CCCC[C@H]2C(=O)N2CCN(c3nc4c(s3)COCC4)CC2)CC1,1.42
10755,CHEMBL533,CCCCCCCN(CC)CCCC(O)c1ccc(NS(C)(=O)=O)cc1,1.2
10757,CHEMBL181,CC1=Nc2ccc(Cl)cc2S(=O)(=O)N1,1.05
10763,CHEMBL2087848,CC#CCn1c(=O)c2c(-c3cncn3C)n(Cc3ccnc4ccc(Cl)cc34)nc2n(CC2CC2)c1=O,3.61
10768,CHEMBL1995326,O=C(Nc1ccc(Nc2ccc(NC(=O)c3ccccc3)c3c2C(=O)c2ccccc2C3=O)c2c1C(=O)c1ccccc1C2=O)c1ccccc1,2.63
10774,CHEMBL1950728,CN[C@@H](C)C(=O)N[C@H](C(=O)N[C@H]1CCCN(CCCc2ccccc2)C1)C1CCCCC1,2.6
10775,CHEMBL2179280,CCC(CC)C[C@H](c1ccc(C(=O)O)c(Oc2cccc(Cl)c2)c1)N1CCC[C@H](n2cc(C)c(=O)[nH]c2=O)C1,1.68
10776,CHEMBL1475400,Oc1cc(OCc2ccccc2)ccn1,1.69
10777,CHEMBL1916275,Cc1ccc(S(=O)(=O)Nc2c(C(=O)N(C)C3CCCCC3)c(C)nn2-c2ccccc2)cc1,1.69
10778,CHEMBL2179281,CCCCC[C@H](c1ccc(C(=O)O)c(Oc2cccc(Br)c2)c1)N1CCC[C@H](n2cc(C)c(=O)[nH]c2=O)C1,1.69
10781,CHEMBL479447,COc1cc2c(Nc3ccc(F)cc3F)c(C(N)=O)cnc2cc1NCCN(C)C,1.71
10782,CHEMBL1933596,C[C@H]1O[C@@H](n2cnc3c(N)nc(OCC4CCC(F)(F)CC4)nc32)[C@H](O)[C@@H]1O,1.72
10784,CHEMBL507700,NC(=O)Nc1sc(-c2ccc(CN3CCCCC3)cc2)cc1C(N)=O,1.75
10785,CHEMBL1916536,COc1ccc2c(c1)N(CCN1CCC(NCc3cc4c(cn3)OCCO4)CC1)C(=O)CS2,1.78
10786,CHEMBL2178943,Cc1nc(C)c(-c2ccc([C@H]3CC[C@H](CC(=O)O)CC3)c(Cl)c2)nc1C(N)=O,1.8
10836,CHEMBL1650725,Cc1cc(Nc2nc(N[C@@H](C)c3ncc(F)cn3)ncc2C)n[nH]1,1.75
10856,CHEMBL1950721,CN[C@@H](C)C(=O)N[C@H](C(=O)N[C@H]1CCN(Cc2ccccc2)C1)C1CCCCC1,1.49
10857,CHEMBL2163581,CS(=O)(=O)c1ccc2[nH]c3c(c2c1)CN(C(=O)[C@@H]1CCCC[C@H]1C(=O)NC1(C#N)CC1)CC3,1.5
10858,CHEMBL445565,Oc1c2ncc3ccccc3c2nn1-c1ccc(Cl)cc1,1.52
10863,CHEMBL11032,CC(C)C(NC(=O)Cn1c(-c2cccnc2)ncc(NC(=O)OCc2ccccc2)c1=O)C(=O)C(F)(F)F,2.15
10864,CHEMBL1422545,COc1ccc(S(=O)(=O)Nc2ccccn2)cc1,0.87
10865,CHEMBL1950729,CN[C@@H](C)C(=O)N[C@H](C(=O)N[C@H]1CCCN(C(=O)c2ccccc2)C1)C1CCCCC1,0.87
10866,CHEMBL1904754,Cc1nc2ncnn2c(O)c1CCOC(=O)c1ccccc1F,0.99
10871,CHEMBL474829,CC(C)CNc1nc(C#N)nc(NC2CCS(=O)(=O)C2)c1N,2.3
10872,CHEMBL2331751,Cc1cn([C@H]2CCCN(S(=O)(=O)c3ccc(O)c(Oc4cccc(Br)c4)c3)C2)c(=O)[nH]c1=O,2.3
10874,CHEMBL247367,Clc1cccc2cn[nH]c12,2.33
10876,CHEMBL1824369,N#Cc1ccccc1COc1cc(OCCCN2CCCC2)ccc1C(=O)Nc1cccc(O)c1,2.34
10891,CHEMBL1735467,CC(=O)Nc1cccc(OCc2cnc(Cl)s2)c1,2.38
10894,CHEMBL1682940,CC[C@H](NC(=O)c1c(S(C)(=O)=O)c(-c2ccccc2)nc2ccccc12)c1ccccc1,3.17
10896,CHEMBL1682965,CC[C@H](NC(=O)c1c([S+](C)[O-])c(-c2ccccc2)nc2cc(Br)ccc12)c1ccccc1,3.18
10897,CHEMBL1471868,O=C(Nc1ccc(F)cc1)c1cccnc1Oc1ccccc1,3.19
10898,CHEMBL181502,CN(C(=O)C1CCC1)C1CCN(CCC(c2ccccc2)c2ccccc2)CC1,3.2
10900,CHEMBL418226,CCc1cc(OCc2ccc(-c3ccccc3-c3nn[nH]n3)cc2)c2c(n1)CCCC2,1.7
10901,CHEMBL1527495,O=S(=O)(Nc1cccc2[nH]ncc12)c1cccs1,1.7
10902,CHEMBL2171038,Cc1ccccc1S(=O)(=O)NC(=O)N1CCC(N2CCC(Oc3ccc(Cl)c(Cl)c3)CC2)CC1,1.71
10903,CHEMBL128506,CN1CCN(C(=O)c2cc3ccccc3n2C)CC1,1.71
10930,CHEMBL1829424,CCC(c1nc2sccc2c(=O)n1Cc1ccccc1)N(CCCN)C(=O)c1ccc(C)cc1,2.06
10931,CHEMBL586906,C=CC12CCN(CC1)C(C(O)c1ccnc3ccc(OC)cc13)C2,2.08
10932,CHEMBL139557,CC(O)(C(=O)Nc1ccc(S(=O)(=O)c2cccnc2)cc1)C(F)(F)F,2.08
10933,CHEMBL1927345,Cc1ccc(/C=C(\C#N)C(N)=O)cc1,2.09
10934,CHEMBL149434,CCc1c(C(=O)C(N)=O)c2c(OCC(N)=O)cccc2n1Cc1ccccc1,2.1
10935,CHEMBL1939750,CCOC(=O)Nc1cccc([C@@H](c2ccc(C(=O)N(C)CC)cc2)N2CCN(Cc3c[nH]c(C)n3)CC2)c1,2.11
10936,CHEMBL215275,CCN(CCO)CCCOc1cc2ncnc(Nc3cc(CC(=O)Nc4cccc(F)c4)[nH]n3)c2cc1OC,2.12
10941,CHEMBL1762546,Cc1ccc(CO)cc1N(C)c1ccnc(Nc2cc(N3CCOCC3)cc(S(C)(=O)=O)c2)n1,2.9
10945,CHEMBL2062580,CC(=O)Nc1ccc2c(c1)c(-c1cc(NC3CC3)n3ncc(C#N)c3n1)cn2C,2.94
10947,CHEMBL167471,CCCc1c(OCc2cccc(NC(=O)Cc3ccccc3C(=O)O)c2)ccc(C(C)=O)c1O,2.95
10948,CHEMBL52047,Nc1cccc2c1C(=O)C(=O)c1ccccc1-2,2.95
10949,CHEMBL257553,NS(=O)(=O)c1cccc(Nc2nccc(Nc3c(Cl)ccc4c3OCO4)n2)c1,2.97
10950,CHEMBL2163583,Cc1cccc2c3c([nH]c12)CCN(C(=O)[C@@H]1CCCC[C@H]1C(=O)NC1(C#N)CC1)C3,2.99
10951,CHEMBL1088029,COc1cc(Nc2ncc(C)s2)nc(N[C@@H](C)c2ncc(F)cn2)n1,2.99
10952,CHEMBL373364,O=C(O)c1ccc(NC(=O)c2cc(OCc3ccccc3F)cc(OCc3ccccc3F)c2)nc1,3.0
10953,CHEMBL1609658,CCOc1ccc(-c2cnc3n2CCCCC3)cc1,3.01
10966,CHEMBL2035032,NC1(c2ccc(-c3c(-c4ccccc4)ccc4ccnn34)cc2)CCC1,2.9
10967,CHEMBL1163879,COc1ccc(C(=O)N2CCC(C(=O)c3ccc(F)cc3)CC2)cc1,2.92
10969,CHEMBL489340,Cc1oc2cc(O)ccc2c(=O)c1-c1ccccc1,2.95
10972,CHEMBL2334381,CCCN(CCC)C(=O)c1cccc(C(=O)N[C@@H](Cc2ccccc2)[C@H](O)CNC2Cc3ccccc3C2)c1,3.3
10973,CHEMBL2062566,CC(=O)Nc1ccc2c(c1)N(c1cc(NC3CC3)n3ncc(C#N)c3n1)CC2,3.3
10982,CHEMBL364069,O=C(N[C@H]1CN2CCC1CC2)c1ccc(-c2ccccn2)s1,0.7
10983,CHEMBL472455,COc1ccc(N(C(=O)c2ccco2)C(C(=O)NC2CCCC2)c2ccccc2F)c(OC)c1,3.09
10984,CHEMBL167597,CCCc1c(OCc2ccc(-c3nn[nH]n3)cc2)ccc(C(C)=O)c1O,3.1
10985,CHEMBL1511829,Nc1ncnc2oc(-c3ccoc3)c(-c3ccco3)c12,3.1
10986,CHEMBL2024676,CN(C)C(=O)N[C@H]1CC[C@H](CCN2CCN(c3ccc(Cl)c(Cl)c3)CC2)CC1,3.15
10987,CHEMBL402146,O=C(Nc1ccc(Cl)nc1)c1ccc(F)c(F)c1,3.31
10988,CHEMBL2207226,COc1cc(OC)c(S(=O)(=O)N2c3ccccc3Oc3ccccc32)cc1NC(=O)Cc1ccnc(F)c1,3.37
10992,CHEMBL1683030,CCOc1cc2nnc(C(N)=O)c(Nc3ccc(F)cc3F)c2cc1N1CCN(C)CC1,2.63
10997,CHEMBL274713,CCCSc1nc(N[C@@H]2C[C@H]2c2ccccc2)c2nnn([C@@H]3C[C@H](OCCO)[C@@H](O)[C@H]3O)c2n1,3.87
10998,CHEMBL239767,O=C(Nc1ccc([N+](=O)[O-])cc1O)Nc1ccccc1Br,3.9
11010,CHEMBL1230165,O=C(O)c1ccc2c(c1)nc(Nc1cccc(Cl)c1)c1ccncc12,1.29
11011,CHEMBL2028019,CN(C)C(=O)N[C@H]1CC[C@H](CCN2CCN(c3cccc(Cl)c3Cl)CC2)CC1,3.6
11012,CHEMBL1008,CC(C)COCC(CN(Cc1ccccc1)c1ccccc1)N1CCCC1,3.66
11013,CHEMBL1071,O=C(O)CCc1nc(-c2ccccc2)c(-c2ccccc2)o1,1.2
11014,CHEMBL155103,CCOC(=O)c1cc2ccc(O)cc2oc1=O,1.2
11015,CHEMBL1332736,O=C(Oc1ccccc1)N1CCOCC1,1.3
11016,CHEMBL1529080,Cn1sc(=O)c2cc(S(=O)(=O)NC3CC3)ccc21,1.3
11017,CHEMBL217665,CN1CCN(c2ccc(Nc3ccnc4ccccc34)cc2)CC1,1.3
11018,CHEMBL2178942,Cc1nc(C)c(-c2ccc([C@H]3CC[C@H](CC(=O)O)CC3)c(F)c2)nc1C(N)=O,1.3
11019,CHEMBL235821,Nc1nc(CCc2ccccc2)cc(=O)[nH]1,1.4
11020,CHEMBL1412475,Cc1cc(O)nc(-n2nc(C)c(Oc3ccccc3O)c2C)n1,1.4
11023,CHEMBL1771,COC(=O)[C@H](c1ccccc1Cl)N1CCc2sccc2C1,3.69
11024,CHEMBL1565348,CCCc1c(C(=O)Nc2cc(C)on2)cnn1-c1ccccc1,3.7
11025,CHEMBL1270670,CS(=O)(=O)c1cccc(Nc2nccc(Nc3c(Cl)ccc4ccoc34)n2)c1,3.7
11026,CHEMBL1173655,CN(C)C/C=C/C(=O)Nc1cc2c(Nc3ccc(F)c(Cl)c3)ncnc2cc1O[C@H]1CCOC1,3.7
11037,CHEMBL2086676,Cc1cc(COc2cnc(N3CCN(C(=O)OC(C)(C)C)CC3)nc2)ccn1,3.7
11038,CHEMBL381055,O=C(c1ccc(F)cc1)N1CCC[C@H](c2nc(-c3ccc(F)cc3)no2)C1,3.73
11039,CHEMBL1440652,Cn1c(CN2CCN(c3cccc(Cl)c3)CC2)nc2ccccc21,3.75
11040,CHEMBL135386,CC(C)(C)C(O)/C(=C\c1ccc(Cl)cc1Cl)n1cncn1,3.8
11047,CHEMBL2035040,NC(=O)c1cnc(-c2ccc(C3(N)CCC3)cc2)c(-c2ccccc2)c1,1.3
11048,CHEMBL1778373,COC[C@H](C)Oc1cc(Oc2cc(F)cc(F)c2)cc(C(=O)Nc2ccc(C(=O)O)cn2)c1,1.36
11049,CHEMBL511,COc1ccc(CN(CCN(C)C)c2ccccn2)cc1,1.39
11050,CHEMBL437765,CO[C@H]1/C=C/O[C@@]2(C)Oc3c(C)c(O)c4c(O)c(cc(O)c4c3C2=O)NC(=O)/C(C)=C\C=C\[C@H](C)[C@H](O)[C@@H](C)[C@@H](O)[C@@H](C)[C@H](OC(C)=O)[C@@H]1C,1.19
11064,CHEMBL1980161,Nc1n[nH]c2c(Cl)cccc12,1.7
11065,CHEMBL2035035,NC1(c2ccc(-c3c(-c4ccccc4)ccn4ncnc34)cc2)CCC1,1.7
11066,CHEMBL2158817,O=C(O)C(c1ccccc1)N1CCO[C@@H](CN2CCC(Oc3ccc(Cl)c(Cl)c3)CC2)C1,1.71
11067,CHEMBL1420171,Cc1ccc2c(c1)c(Sc1ccccc1)c(CC(=O)O)n2C,1.74
11073,CHEMBL2321995,CN1CC=CCC(c2ccc(Cl)c(Cl)c2)C1,3.32
11074,CHEMBL2325711,O=S(=O)(c1ccccc1)C1(c2cc(N3CCOCC3)nc(-c3cccc4[nH]ccc34)n2)CC1,3.4
11075,CHEMBL539163,Cn1c(C#N)ccc1-c1ccc2c(c1)C(C)(C)OC(=S)N2,3.4
11076,CHEMBL2207666,O=C(NC[C@@H](O)CN1CCC(Oc2ccc(Cl)c(Cl)c2)CC1)c1c[nH]c(=O)c2ccccc12,3.42
11080,CHEMBL1438047,Cc1oc(-c2ccc(Cl)cc2)cc1C(=O)O,1.67
11081,CHEMBL351231,C[C@@H]1CCCN1CCc1cc2cc(-c3ccc(C#N)cc3)ccc2o1,3.51
11091,CHEMBL452861,CC(C)NC[C@H](O)COc1cccc2ccccc12,0.99
11116,CHEMBL1214185,CC[C@H]1OC(=O)[C@H](C)[C@@H](O[C@H]2C[C@@](C)(OC)[C@@H](O)[C@H](C)O2)[C@H](C)[C@@H](O[C@@H]2O[C@H](C)C[C@H](N(C)C)[C@H]2O)[C@](C)(O)C[C@@H](C)/C(=N\OCOCCOC)[C@H](C)[C@@H](O)[C@]1(C)O,1.8
11122,CHEMBL404422,CCCCC1(CC)C(=O)NC(=O)NC1=O,1.5
11133,CHEMBL481611,CC(C)(F)C[C@H](N[C@@H](c1ccc(-c2ccc(S(C)(=O)=O)cc2)cc1)C(F)(F)F)C(=O)NC1(C#N)CC1,2.9
11134,CHEMBL126224,CN(C)CCCn1c2c(c3ccccc31)CCCCCC2,2.96
11135,CHEMBL1957361,CCOc1ccccc1-c1ccc(-c2nc3ccncc3c(O)c2C#N)cc1,3.0
11136,CHEMBL273575,CN1Cc2c(N)cccc2C(c2ccccc2)C1,2.11
11138,CHEMBL13097,COc1ccc(-c2coc3cc(OC)cc(OC)c3c2=O)cc1,3.05
11139,CHEMBL2086655,CC(C)(C)OC(=O)N1CCN(c2ccc(OCc3ccc(S(C)(=O)=O)cc3)nc2)CC1,3.1
11140,CHEMBL457393,C[C@H](Nc1ncc(F)c(Nc2cc(C3CC3)[nH]n2)n1)c1ccc(F)cn1,3.14
11141,CHEMBL301265,CCCN[C@H]1CCc2nc(N)sc2C1,3.15
11173,CHEMBL2062563,CC(=O)Nc1ccc2ccn(-c3cc(NC4CC4)n4ncc(C#N)c4n3)c2c1,3.29
11186,CHEMBL2207282,NS(=O)(=O)c1ccc2c(C(=O)NC[C@@H](O)CN3CCC(Oc4ccc(Cl)c(Cl)c4)CC3)c[nH]c(=O)c2c1,2.17
11187,CHEMBL86754,Oc1c(I)cc(I)c2cccnc12,2.19
11189,CHEMBL1526668,O=C(c1csc2c1CCCC2)N1CCCCC1,3.2
11190,CHEMBL2347404,Fc1cccc(COc2ccc(Nc3ncnc4ccc(-c5cccc(N6CCOCC6)c5)cc34)cc2Cl)c1,3.2
11192,CHEMBL1201173,CC(=O)[C@H]1CC[C@H]2[C@@H]3C[C@H](C)C4=CC(=O)CC[C@]4(C)[C@H]3[C@@H](O)C[C@]12C,3.25
11199,CHEMBL2030442,CS(=O)(=O)Cc1cc(N2CCOCC2)nc(-c2cccc3[nH]ccc23)n1,1.7
11205,CHEMBL1175,CNCC[C@H](Oc1cccc2ccccc12)c1cccs1,2.09
11206,CHEMBL1977402,Cc1cc(S(=O)(=O)Nc2nc(Nc3ccc(Cl)cc3)n[nH]2)c(S)cc1Cl,2.09
11207,CHEMBL13280,CN1C(=O)CN=C(c2ccccc2F)c2cc([N+](=O)[O-])ccc21,2.1
11208,CHEMBL207881,O=C(O)CCc1ccc(NCc2cccc(Oc3ccccc3)c2)cc1,2.1
11209,CHEMBL69863,Oc1cc(O)cc(/C=C/c2ccc(O)c(O)c2)c1,2.11
11210,CHEMBL1287853,Cc1cnc(Nc2ccc(OCCN3CCCC3)cc2)nc1Nc1cccc(S(=O)(=O)NC(C)(C)C)c1,2.11
11211,CHEMBL426161,COc1ccc(Cl)c(Nc2ncnc3cc(OCC4CCN(C)CC4)c(OC)cc23)c1,2.0
11227,CHEMBL8145,O=c1c(-c2ccc(O)cc2)coc2cc(O)ccc12,2.46
11235,CHEMBL1621884,COCCCCC(=NOCCN)c1ccc(C(F)(F)F)cc1,1.55
11240,CHEMBL1272,CCOc1cc(CC(=O)N[C@@H](CC(C)C)c2ccccc2N2CCCCC2)ccc1C(=O)O,2.31
11241,CHEMBL1078178,N#CCNC(=O)c1ccc(-c2ccnc(Nc3ccc(N4CCOCC4)cc3)n2)cc1,2.37
11243,CHEMBL2335893,COCCC(=O)N[C@H](C)c1ccc(Nc2ncc3cc(-c4ccncc4)ccc3n2)cc1,3.08
11244,CHEMBL622,CCc1cccc2c3c([nH]c12)C(CC)(CC(=O)O)OCC3,0.49
11245,CHEMBL399510,CCN(CC)CCNC(=O)c1cc(Br)c(N)cc1OC,0.54
11251,CHEMBL51314,CC(C)(C)C(=O)Nc1ccc2c(c1)C(=O)C(=O)c1ccccc1-2,2.83
11252,CHEMBL1783280,CCCNC(=O)c1nnc2c(-c3cnccc3OC)cccc2c1N,2.83
11259,CHEMBL219916,O=c1[nH]c2ccccc2n1CCCN1CCC(n2c(=O)[nH]c3cc(Cl)ccc32)CC1,3.45
11260,CHEMBL787,CC(C)(O)c1ccccc1CC[C@@H](SCC1(CC(=O)O)CC1)c1cccc(/C=C/c2ccc3ccc(Cl)cc3n2)c1,3.45
11261,CHEMBL404609,NC(=O)Nc1sc(-c2ccccc2)cc1C(N)=O,2.42
11262,CHEMBL1164165,O=c1[nH]c(-c2ccc([N+](=O)[O-])cc2)nc2ccccc12,2.5
11267,CHEMBL27759,Nc1ccccc1NC(=O)c1ccc(CNC(=O)OCc2cccnc2)cc1,1.26
11268,CHEMBL1070,COc1ccc2cc(CCC(C)=O)ccc2c1,3.06
11269,CHEMBL715,Cc1cc2c(s1)Nc1ccccc1N=C2N1CCN(C)CC1,2.19
11270,CHEMBL472,COc1ccc(Cl)cc1C(=O)NCCc1ccc(S(=O)(=O)NC(=O)NC2CCCCC2)cc1,2.23
11271,CHEMBL271939,O=C1CC(c2ccc(O)cc2)Oc2cc(O)ccc21,2.4
11273,CHEMBL219445,COc1cc2ncnc(N3CC[C@@H](Oc4cnc5ccccc5n4)C3)c2cc1OC,4.04
11274,CHEMBL2046684,O=C(Nc1ccc(Cl)nc1)c1ccc(F)c(Cl)c1,3.64
11275,CHEMBL1425658,c1csc(Cn2nnnc2CN2CCN(c3nc4ccccc4s3)CC2)c1,3.65
11276,CHEMBL2179296,Cc1cn([C@H]2CCCN(Cc3cccc(Oc4cccc(Br)c4)c3)C2)c(=O)[nH]c1=O,3.68
11277,CHEMBL2042558,O=[N+]([O-])c1cccc2ccc(C(Cl)(Cl)Cl)nc12,3.7
11278,CHEMBL1459983,COc1ccc(-n2cnc3cc(NS(=O)(=O)c4ccccc4)ccc32)cc1,3.7
11279,CHEMBL2163586,N#CC1(NC(=O)[C@@H]2CCCC[C@H]2C(=O)N2CCc3[nH]c4c(C(F)(F)F)cccc4c3C2)CC1,3.75
11280,CHEMBL2349339,CCC[C@H](CO)Nc1nc(SCc2ccccc2)nc2nc(N)sc12,3.8
11281,CHEMBL1608462,Cc1cc(C)c(CNC(=O)c2cc(C3CC3)nc3c2cnn3C(C)C)c(O)n1,3.8
11291,CHEMBL129199,CN1CCN(C(=O)c2cc3ccccc3[nH]2)CC1,1.7
11292,CHEMBL1201016,COCC1=C(C(=O)OC(C)OC(=O)OC(C)C)N2C(=O)[C@@H](NC(=O)/C(=N\OC)c3csc(N)n3)[C@H]2SC1,1.7
11296,CHEMBL1274,CC1(C)NC(=O)N(c2ccc([N+](=O)[O-])c(C(F)(F)F)c2)C1=O,1.74
11306,CHEMBL35,NS(=O)(=O)c1cc(C(=O)O)c(NCc2ccco2)cc1Cl,-0.9
11307,CHEMBL9,CCn1cc(C(=O)O)c(=O)c2cc(F)c(N3CCNCC3)cc21,-0.87
11308,CHEMBL1589,CC(=O)c1ccc(S(=O)(=O)NC(=O)NC2CCCCC2)cc1,-0.49
11310,CHEMBL191974,Oc1ccc(-c2ccc3cc(O)ccc3c2)cc1,4.0
11311,CHEMBL645,CC(C)NCC(O)COc1ccc(COCCOC(C)C)cc1,0.1
11312,CHEMBL1698351,Cc1cnc(NC(=O)C2C(=O)c3ccccc3S(=O)(=O)N2C)s1,0.3
11321,CHEMBL13698,c1ccc2nc(C3=NCCN3)ccc2c1,0.6
11322,CHEMBL139725,O=Cc1ccccc1B(O)O,0.83
11323,CHEMBL561,CCn1cc(C(=O)O)c(=O)c2cc(F)c(N3CCNC(C)C3)c(F)c21,-1.1
11324,CHEMBL2086693,C[C@@H]1CN(c2noc(C(F)(F)F)n2)CCN1c1ncc(OCc2ccncc2C#N)cn1,3.95
11327,CHEMBL586058,C=CCNC(=O)c1cc([N+](=O)[O-])cc2c(=O)[nH]c(Nc3ccc(Cl)c(Cl)c3)nc12,2.7
11328,CHEMBL2325984,NC1(C(=O)NC(c2ccccc2)c2ccc(Cl)cc2)CCN(c2ncnc3[nH]ccc23)CC1,4.1
11330,CHEMBL2164689,N#CC1(NC(=O)[C@@H]2CCCC[C@H]2C(=O)N2CCc3[nH]c4ccc(C(F)(F)F)cc4c3C2)CC1,4.2
11332,CHEMBL2164741,N#Cc1ccc2ccc(=O)n(CCN3CC[C@@H](NCc4cc5c(cn4)OCCO5)[C@@H](O)C3)c2c1,0.45
11335,CHEMBL288470,Cc1c(N(C)C)c(=O)n(-c2ccccc2)n1C,0.78
11341,CHEMBL23,COc1ccc([C@@H]2Sc3ccccc3N(CCN(C)C)C(=O)[C@@H]2OC(C)=O)cc1,1.99
11342,CHEMBL143181,CC(O)(C(=O)Nc1ccc(S(=O)(=O)c2ccccc2)cc1)C(F)(F)F,2.98
11348,CHEMBL71,CN(C)CCCN1c2ccccc2Sc2ccc(Cl)cc21,3.37
11349,CHEMBL388525,O=c1c2ccccc2oc2cc(O)cc(O)c12,3.39
11350,CHEMBL2218940,N#C/C(=C(\N)Sc1ccc(N)cc1)c1ccccc1C(F)(F)F,3.4
11351,CHEMBL2086653,CC(C)(C)OC(=O)N1CCN(c2cnc(OCc3ccc(S(C)(=O)=O)cc3)cn2)CC1,3.4
11352,CHEMBL38576,CN(C(=O)Cc1ccc(Cl)c(Cl)c1)[C@H](CN1CCCC1)c1ccccc1,3.42
11354,CHEMBL2059866,Cc1ccc(-c2cn(C)cn2)cc1NC(=O)c1ccc(OCc2ccccn2)cc1,2.54
11355,CHEMBL1213082,Cc1ccccc1-n1c(Cn2cnc3c(N)ncnc32)nc2cccc(C)c2c1=O,2.6
11356,CHEMBL2178579,O=C(Nc1ccc(Cl)c(S(=O)(=O)N2CCNCC2)c1O)Nc1cccc(F)c1Cl,2.6
11361,CHEMBL1760962,Cn1nnc(-c2ccc(-c3ccc(N4C[C@H](COc5ccon5)OC4=O)cc3F)cn2)n1,1.24
11362,CHEMBL1917454,Cc1c(Oc2ccc(Cl)cc2)c2cc(F)ccc2n1CC(=O)O,1.26
11363,CHEMBL1083943,O=C(O)C[C@@H]1c2ccccc2C[C@H]1NC(=O)c1cc2cc(F)ccc2[nH]1,1.26
11366,CHEMBL1807816,Nc1nc(OC2CCCC2)nc2c1ncn2[C@@H]1O[C@H](CF)[C@@H](O)[C@H]1O,1.5
11367,CHEMBL2022881,COc1ccc(-c2cc(O)nc(N)n2)cc1,1.52
11368,CHEMBL861,CCC1(c2ccccc2)NC(=O)N(C)C1=O,1.59
11369,CHEMBL2325993,CN(C)CCCC(NC(=O)C1(N)CCN(c2ncnc3[nH]ccc23)CC1)c1ccc(Cl)cc1,1.4
11373,CHEMBL201800,Nc1nc2nc(SCc3ccccc3)nc(N)c2s1,3.1
11374,CHEMBL2087086,C[C@@H]1CN(c2nc(C(F)(F)F)no2)CCN1c1ncc(OCc2ccncc2C#N)cn1,3.1
11375,CHEMBL1766082,Cc1ncccc1Oc1ncnc(OC2C3COCC2CN(C(=O)OC(C)C)C3)c1C,3.1
11391,CHEMBL1068,NC(=O)N1c2ccccc2CC(=O)c2ccccc21,1.28
11392,CHEMBL2164685,N#CC1(NC(=O)[C@@H]2CCCC[C@H]2C(=O)N2CCc3[nH]c4cccc(F)c4c3C2)CC1,3.2
11395,CHEMBL41,CNCCC(Oc1ccc(C(F)(F)F)cc1)c1ccccc1,1.92
11396,CHEMBL400964,CN1Cc2c(N)cccc2[C@@H](c2ccccc2)C1,2.11
11397,CHEMBL1164729,Cc1nc(-c2ccc(OCC(C)C)c(C#N)c2)sc1C(=O)O,0.94
11406,CHEMBL436381,CN1CCN(C(=O)c2cc3cc(F)ccc3[nH]2)CC1,1.97
11415,CHEMBL406,CC1Cc2ccccc2N1NC(=O)c1ccc(Cl)c(S(N)(=O)=O)c1,1.83
11416,CHEMBL2208426,CS(=O)(=O)c1ccc(C(=O)NC[C@@H](O)CN2CCC(Oc3ccc(Cl)c(Cl)c3)CC2)s1,2.86
11418,CHEMBL486232,CC(C)C[C@H](NC(=O)N1CCOCC1)C(=O)N[C@H](/C=C/S(=O)(=O)c1ccccc1)CCc1ccccc1,3.4
11422,CHEMBL522892,CN1CCN(c2ccc3nc(-c4c(N)c5c(F)cccc5[nH]c4=O)[nH]c3c2)CC1,3.45
11423,CHEMBL572878,Cc1cc(Nc2cc(N3CCN(C)CC3)nc(Sc3ccc(NC(=O)C4CC4)cc3)n2)n[nH]1,3.47
11427,CHEMBL2325714,CS(=O)(=O)C1(c2cc(N3CCOCC3)nc(-c3cccc(N)c3)n2)CC1,1.35
11428,CHEMBL1173055,CNCc1ccc(-c2[nH]c3cc(F)cc4c3c2CCNC4=O)cc1,1.17
11432,CHEMBL2153183,CCCSc1nc(N[C@H]2CC[C@H](C(=O)O)CC2)ccc1C(=O)NC1CCCCC1,2.02
11440,CHEMBL2325704,CS(=O)(=O)C1(c2cc(N3CCOCC3)nc(-c3cccc4[nH]ccc34)n2)CC1,2.2
11441,CHEMBL128088,Cc1ccc2[nH]c(C(=O)N3CCN(C)CC3)cc2c1,2.22
11442,CHEMBL1721885,Cc1[nH]c(/C=C2\C(=O)Nc3ccc(F)cc32)c(C)c1C(=O)NC[C@H](O)CN1CCOCC1,2.22
11443,CHEMBL261849,COc1ccc(COc2ccc(Cc3cnc(N)nc3N)cc2OC)cc1,2.27
11444,CHEMBL1643349,CC1(C)C(=O)Nc2ccccc21,2.3
11458,CHEMBL2334590,Cc1nc2ccc(Cl)cn2c1-c1ccnc(N)n1,2.49
11459,CHEMBL434063,CN(CCOc1ccc(C[C@H](Nc2ccccc2C(=O)c2ccccc2)C(=O)O)cc1)c1ccccn1,2.15
11460,CHEMBL2325014,Nc1[nH]ncc1-c1cc(Cl)ccc1Oc1cc(F)c(S(=O)(=O)Nc2cscn2)cc1Cl,2.3
11461,CHEMBL2158824,O=C(O)c1ccc(N2CCC(CN3CCC(Oc4ccc(Cl)c(Cl)c4)CC3)CC2)cc1,2.31
11465,CHEMBL1917442,Cc1ccc2c(c1)c(Sc1ccccc1Cl)c(C)n2CC(=O)O,1.71
11466,CHEMBL336546,O=C(Nc1cc(C(F)(F)F)cc(C(F)(F)F)c1)c1cnc(Cl)nc1C(F)(F)F,1.8
11480,CHEMBL553,C#Cc1cccc(Nc2ncnc3cc(OCCOC)c(OCCOC)cc23)c1,3.35
11481,CHEMBL1684984,CS(=O)(=O)N1CCc2c(-c3cnc(N)nc3)nc(N3CCOCC3)nc21,1.2
11482,CHEMBL50149,O=C1C(=O)c2cccc([N+](=O)[O-])c2-c2ccccc21,2.6
11483,CHEMBL260135,Nc1n[nH]c2nnc(-c3ccccc3)c(-c3ccccc3)c12,2.6
11489,CHEMBL900,Cc1ccccc1C(OCCN(C)C)c1ccccc1,1.47
11490,CHEMBL728,CN1CCN(CCCN2c3ccccc3Sc3ccc(Cl)cc32)CC1,3.92
11491,CHEMBL2207280,O=C(NC[C@@H](O)CN1CCC(Oc2ccc(Cl)c(Cl)c2)CC1)c1c[nH]c(=O)c2ccc(F)cc12,3.93
11492,CHEMBL17157,CC(C)(C)c1ccc(C(O)CCCN2CCC(C(O)(c3ccccc3)c3ccccc3)CC2)cc1,3.99
11495,CHEMBL1231206,Cc1ccc(-c2ccc3c(ccc4sc5c(c43)NC[C@@H](C)NC5=O)n2)cn1,3.6
11496,CHEMBL1489473,O=C(Nc1nc(-c2ccccc2)cs1)c1cccnc1,3.62
11497,CHEMBL1448605,CCNc1nc(N)c(C(=O)c2ccc(Cl)s2)s1,3.63
11498,CHEMBL397983,CCOc1ccc(-n2c([C@@H](C)N(Cc3cccnc3)C(=O)Cc3ccc(OC(F)(F)F)cc3)nc3ncccc3c2=O)cc1,3.7
11499,CHEMBL2364624,O=C(O)C[C@H]1CC[C@H](c2ccc(-c3ccc(Nc4ccc(C(F)(F)F)nc4)cn3)cc2)CC1,3.8
11511,CHEMBL1917456,Cc1c(Oc2ccc(Cl)cc2)c2c(NS(C)(=O)=O)cccc2n1CC(=O)O,-0.98
11513,CHEMBL12980,O=C(OC1CN2CCC1CC2)C(O)(c1ccccc1)c1ccccc1,1.19
11524,CHEMBL2058533,Cc1ccc(-c2ccc(F)cc2COc2ccc(CCC(=O)O)cc2)cc1,3.24
11526,CHEMBL896,OCCOCCN1CCN(C(c2ccccc2)c2ccc(Cl)cc2)CC1,3.08
11527,CHEMBL2017291,COc1cc2c(cc1-c1c(C)noc1C)ncc1[nH]c(=O)n([C@H](C)c3ccccn3)c12,3.15
11530,CHEMBL2326523,Cc1ccc(C(=O)N(CCCN)[C@H](c2nc3cc(Cl)ccc3c(=O)n2Cc2ccccc2)C(C)C)cc1,2.88
11533,CHEMBL2207655,CC1(O)CN(S(=O)(=O)c2ccc3c(C(=O)NC[C@@H](O)CN4CCC(Oc5ccc(Cl)c(Cl)c5)CC4)c[nH]c(=O)c3c2)C1,2.54
11534,CHEMBL274642,NC1=NN(c2cccc(C(F)(F)F)c2)CC1,2.55
11535,CHEMBL564,CN(C)CCCN1c2ccccc2Sc2ccccc21,2.56
11536,CHEMBL826,CCn1cc(C(=O)O)c(=O)c2cc(F)c(N3CCNCC3)nc21,-0.83
11539,CHEMBL47875,Oc1ccc(-c2nc3ccccc3s2)cc1,4.1
11540,CHEMBL113,Cn1c(=O)c2c(ncn2C)n(C)c1=O,-0.03
11541,CHEMBL1057,O=C1OC2(c3ccc(O)cc3Oc3cc(O)ccc32)c2ccccc21,0.0
11542,CHEMBL569,CCN(CC)CCOC(=O)c1ccc(N)cc1,0.0
11543,CHEMBL1923433,Cc1[nH]c(C(=O)NC2CCN(c3ncc(C(=O)O)s3)CC2)c(Cl)c1Cl,0.02
11544,CHEMBL1917440,Cc1c(Sc2ccc(Cl)cc2)c2c(-c3cnccn3)cccc2n1CC(=O)O,0.03
11551,CHEMBL217354,CC(C)c1ccccc1Cc1cc(C(=O)Nc2ccc(S(=O)(=O)c3ccccc3C(C)(C)C)cc2)c(O)c(O)c1O,3.44
11553,CHEMBL1079,Clc1ccc2nsnc2c1NC1=NCCN1,0.71
11562,CHEMBL13311,O=c1ccoc2ccccc12,1.4
11563,CHEMBL1460615,O=S1(=O)CC(O)C(N2CCC(c3ccccc3)CC2)C1,1.4
11564,CHEMBL517140,CNC(=O)c1ccc(Oc2ccc3c(c2)CCN(C2CCC2)CC3)nc1,1.45
11566,CHEMBL428848,CC(C)C(NC(=O)Cn1c(-c2ccc(F)cc2)ncc(N)c1=O)C(=O)C(F)(F)F,1.05
11569,CHEMBL2216859,CC(C)N1CCN(Cc2cnc(-c3cc(-c4cccc5[nH]ccc45)cc4[nH]ncc34)o2)CC1,3.49
11570,CHEMBL146095,O=C(OCC(O)CO)c1ccccc1Nc1ccnc2cc(Cl)ccc12,3.5
11571,CHEMBL288441,COc1cc(Nc2c(C#N)cnc3cc(OCCCN4CCN(C)CC4)c(OC)cc23)c(Cl)cc1Cl,3.5
11572,CHEMBL403225,C[C@H](CO)Nc1nc(SCc2cccc(Cl)c2F)nc2[nH]c(=O)sc12,3.53
11573,CHEMBL25236,COc1ccccc1N1CCN(CCCCNC(=O)c2ccc3ccccc3c2)CC1,3.53
11574,CHEMBL319136,CN(C)C(=O)[C@H](O)[C@H](Cc1ccccc1)NC(=O)c1cc2cc(Cl)ccc2[nH]1,3.6
11577,CHEMBL588001,CC1(C)N=C(N)N=C(N)N1c1ccc(Oc2ccc(Cl)cc2)c(Cl)c1,0.79
11578,CHEMBL1437065,NC(=O)c1cc([N+](=O)[O-])cc([N+](=O)[O-])c1,0.81
11581,CHEMBL271023,[O-][S+](c1ccccc1)c1ccc2nnnn2n1,0.79
11583,CHEMBL2315158,CCCCNc1nc(N)c2[nH]c(=O)n(Cc3ccc(OCCN(C)C)nc3)c2n1,1.9
11584,CHEMBL232656,C[C@@H]1CN(Cc2ccc(F)cc2)CCN1C(=O)COc1ccc(Cl)cc1NC(N)=O,1.91
11586,CHEMBL23588,O=C(O)c1ccccc1Nc1cccc(C(F)(F)F)c1,2.01
11587,CHEMBL578675,COc1cnc(-c2ccccn2)nc1NC(C)C,2.01
11588,CHEMBL2107486,C[C@@H](O)[C@H]1C(=O)N2C(C(=O)OCOC(=O)C(C)(C)C)=C(SC3CN(C4=NCCS4)C3)[C@H](C)[C@H]12,2.1
11607,CHEMBL2335903,C[C@@H](NC1=CC(=O)CCC1)c1ccc(Nc2ncc3cc(-c4ccncc4)ccc3n2)cc1,3.17
11609,CHEMBL2069623,Nc1ncnc2c1c(COc1cccc(Cl)c1)nn2C1CCOCC1,3.17
11615,CHEMBL474432,COc1cc2ncn(-c3cc(OCc4ccccc4C(F)(F)F)c(C(=O)O)s3)c2cc1OC,0.84
11623,CHEMBL2207217,O=C(NCCCNc1nc(Nc2cccc(NC(=O)N3CCCC3)c2)ncc1Br)c1cccs1,4.13
11625,CHEMBL314437,CCC1(c2cccc(O)c2)CCCCN(C)C1,0.8
11626,CHEMBL2333941,C[C@@]1(c2cc(-c3cncnc3)c(F)cc2F)CCSC(N)=N1,0.8
11628,CHEMBL14638,O=C(c1ccc(OCCCc2c[nH]cn2)cc1)C1CC1,2.68
11629,CHEMBL1573309,CCN(CC)CCn1c2ccccc2c2cnc(N)c(C#N)c21,2.7
11630,CHEMBL1458025,Cc1sc2ncnc(SCC(=O)N3CCN(C(=O)c4ccco4)CC3)c2c1C,2.7
11631,CHEMBL2335887,COCCC(=O)Nc1ccc(Nc2ncc3cc(-c4ccncc4)ccc3n2)cc1,2.78
11632,CHEMBL28636,COc1ccc(-c2cc(C(F)F)nn2-c2ccc(S(N)(=O)=O)cc2)cc1F,2.8
11633,CHEMBL192,CCCc1nn(C)c2c(=O)[nH]c(-c3cc(S(=O)(=O)N4CCN(C)CC4)ccc3OCC)nc12,2.8
11637,CHEMBL2219422,Cn1ncc(Cl)c1-c1cc(C(=O)N[C@H](CN)Cc2cccc(F)c2)sc1Cl,2.99
11639,CHEMBL2059865,Cc1ccc(-c2ncc[nH]2)cc1NC(=O)c1ccc(OCc2ccccn2)cc1,3.01
11641,CHEMBL22,COc1cc(Cc2cnc(N)nc2N)cc(OC)c1OC,0.63
11654,CHEMBL225519,O=C1NCCc2[nH]c(-c3ccncc3)cc21,1.49
11655,CHEMBL1312643,O=S(=O)(Cc1cc(N2CCOCC2)nc(-c2ccccn2)n1)c1ccccc1,1.34
11656,CHEMBL2208436,N#Cc1cccc(OC[C@@H](O)CNC2CCN(Cc3ccc(Cl)c(Cl)c3)CC2)c1,3.09
11657,CHEMBL1213118,CN1CCN(c2nc3ccccc3cc2Cn2nc(-c3ccc4nc(N)sc4c3)c3c(N)ncnc32)CC1,3.09
11658,CHEMBL2071095,N#CC1(NC(=O)[C@@H]2CCCC[C@H]2C(=O)N2CCN(c3nc4ncccc4s3)CC2)CC1,1.4
11659,CHEMBL2171993,COc1ccc(N2CCN(C(=O)[C@@H]3CCCC[C@H]3C(=O)NC3(C#N)CC3)CC2)cc1OC,1.4
11660,CHEMBL1818328,O=S(=O)(c1ccccc1-c1ccc(CNC2CCOCC2)cc1)N1CCCC1,1.4
11668,CHEMBL1916535,O=C1COc2ccccc2N1CCN1CCC(NCc2cc3c(cn2)OCCO3)CC1,1.04
11669,CHEMBL1586531,O=C(/C=C/Sc1nc[nH]n1)c1ccc(Cl)cc1,3.1
11670,CHEMBL1337984,Nc1ccc2nc(-c3ccc(O)cc3)sc2c1,3.1
11672,CHEMBL1940108,COc1cccc(NC(=O)Cn2cc(Oc3ncnc4cc(OC)c(OC)cc34)cn2)c1,3.11
11685,CHEMBL2346974,CC(=O)N1CCN(CCOc2ccc(C3CCN(c4ccc5nnc(C(F)(F)F)n5n4)CC3)cc2)CC1,3.2
11686,CHEMBL394527,O=C(N[C@@H]1Cc2ccccc2N(C[C@@H](O)CO)C1=O)c1cc2cc(Cl)sc2[nH]1,3.27
